t_s,x,y,x_left,y_left,x_right,y_right
0.02,-0.6553449999999984,-0.327679999999995,-1.3107,0.0,1.0000000003174e-05,-0.65535999999999
0.04,-0.983025,-1.310715,-1.3107,-1.31071,-0.65535,-1.31072
0.06,-0.6553449999999984,-1.310715,-1.3107,-1.31071,1.0000000003174e-05,-1.31072
0.08,2.2937600000000002,0.65536,-0.65534,-1.31072,5.24286,2.62144
0.1,-8.84758,9.83042,-7.20915,9.17505,-10.48601,10.48579
0.12,-6.55378,12.124199999999998,-7.20914,11.79652,-5.89842,12.45188
0.14,-6.55377,12.77957,-7.20913,12.45189,-5.89841,13.10725
0.16,-6.226084999999999,12.779575000000001,-6.55376,12.45189,-5.89841,13.10726
0.18,-6.88142,13.762635,-6.55374,13.76263,-7.2091,13.76264
0.2,-7.86445,14.74569,-8.51981,14.41801,-7.20909,15.07337
0.22,-8.847475,15.728745,-9.17515,15.72874,-8.5198,15.72875
0.24,-9.830515,15.40107,-10.48587,15.72875,-9.17516,15.07339
0.26,-9.830505,16.711805,-10.48587,16.38412,-9.17514,17.03949
0.28,-9.1751,18.350230000000003,-9.83047,17.69487,-8.51973,19.00559
0.3,-8.84737,22.610105,-7.86433,20.31634,-9.83041,24.90387
0.32,-10.15807,23.26549,-13.10721,24.24853,-7.20893,22.28245
0.34,-2.949015,25.559260000000002,-3.93208,26.21461,-1.96595,24.90391
0.36,-4.25959,20.644095,-3.93194,21.62713,-4.58724,19.66106
0.38,-8.84697,18.022685,-7.86396,18.35036,-9.82998,17.69501
0.4,-15.728069999999999,17.695014999999998,-15.07275,17.69502,-16.38339,17.69501
0.42,-19.332425,17.367325,-19.00476,17.69501,-19.66009,17.03964
0.44,-20.643095000000002,17.03963,-20.97077,17.03964,-20.31542,17.03962
0.46,-17.03865,18.35031,-19.00471,17.69496,-15.07259,19.00566
0.48,-11.468129999999999,21.95478,-13.10652,20.97174,-9.82974,22.93782
0.5,-9.174365,24.903895,-9.82972,24.9039,-8.51901,24.90389
0.52,-11.795765,25.559265,-9.8297,25.55926,-13.76183,25.55927
0.54,1.6394000000000002,25.231625,-5.24193,24.90394,8.52073,25.55931
0.56,1.639395,26.87004,1.96709,26.87004,1.3117,26.87004
0.58,0.6563350000000008,28.18076,0.0009900000000016,27.5254,1.31168,28.83612
0.6,1.63935,29.163795,0.65632,28.83612,2.62238,29.49147
0.62,4.58845,29.49148,3.27774,29.49148,5.89916,29.49148
0.64,8.19293,29.819164999999998,6.55453,29.49148,9.83133,30.14685
0.66,12.452774999999999,29.491495,11.14206,29.4915,13.76349,29.49149
0.68,13.763485,29.491495,13.10813,29.4915,14.41884,29.49149
0.7,12.780439999999999,28.83613,12.45277,28.83613,13.10811,28.83613
0.72,24.904604999999997,28.836105,10.48667,28.83612,39.32254,28.83609
0.74,65.864855,28.83609,63.57108,28.83609,68.15863,28.83609
0.76,65.20946,29.491445,64.88179,29.49145,65.53713,29.49144
0.78,65.864825,28.180705,65.53715,28.83607,66.1925,27.52534
0.8,66.19254,24.903905,66.19254,25.55926,66.19254,24.24855
0.82,66.84795,22.937845000000003,66.19258,22.93784,67.50332,22.93785
0.84,68.81410500000001,23.92092,68.15873,23.59323,69.46948,24.24861
0.86,70.45257000000001,27.19777,69.46952,26.21472,71.43562,28.18082
0.88,73.07406499999999,32.11304,72.09102,30.8023,74.05711,33.42378
0.9,74.712515,36.04527,74.05715,35.3899,75.36788,36.70064
0.92,75.36791,38.01138,74.71255,38.01138,76.02327,38.01138
0.94,77.00633,38.339065,76.67865,38.66674,77.33401,38.01139
0.96,76.67865,36.37299,76.67865,36.70067,76.67865,36.04531
0.98,78.97241500000001,35.062275,77.33401,35.38995,80.61082,34.7346
1.0,91.096705,32.76853,89.13062,33.42389,93.06279,32.11317
1.02,91.42435499999999,30.474764999999998,91.0967,31.45781,91.75201,29.49172
1.04,91.0966,25.231834999999997,90.44127,26.87025,91.75193,23.59342
1.06,90.44113,17.69512,90.44116,19.66122,90.4411,15.72902
1.08,89.45799500000001,12.1245,89.13034,14.41828,89.78565,9.83072
1.1,88.147155,2.2940000000000014,87.81951,4.58779,88.4748,0.0002100000000027
1.12,95.68379999999999,-4.91505,93.71772,-3.27664,97.64988,-6.55346
1.14,95.68374,-7.8642,96.33913,-7.20883,95.02835,-8.51957
1.16,94.045265,-10.15799,94.37296,-9.8303,93.71757,-10.48568
1.18,94.04526,-11.14103,93.71758,-11.14104,94.37294,-11.14102
1.2,94.372955,-11.468689999999999,93.7176,-11.14101,95.02831,-11.79637
1.22,95.028335,-11.79637,94.37298,-11.79636,95.68369,-11.79638
1.24,95.356015,-12.45175,95.02834,-11.79638,95.68369,-13.10712
1.26,94.37295,-13.762495,93.7176,-13.10713,95.0283,-14.41786
1.28,94.37294,-15.073245,94.37295,-15.07324,94.37293,-15.07325
1.3,107.48031,-15.728615000000001,100.92662,-15.07326,114.034,-16.38397
1.32,115.34474499999999,-15.400920000000001,115.34476,-16.38397,115.34473,-14.41787
1.34,115.67242,-11.796405,115.34474,-12.45177,116.0001,-11.14104
1.36,115.017065,-11.141024999999999,114.68939,-10.48567,115.34474,-11.79638
1.38,113.706305,-10.81335,114.03401,-10.48566,113.3786,-11.14104
1.4,110.42943500000001,-16.38397,110.75714,-15.07323,110.10173,-17.69471
1.42,108.790955,-19.98852,108.13562,-19.66083,109.44629,-20.31621
1.44,110.756995,-20.316225000000003,108.79092,-20.31622,112.72307,-20.31623
1.46,135.33335,-20.64389,127.14123,-20.97159,143.52547,-20.31619
1.48,144.836225,-14.74553,144.83622,-15.7286,144.83623,-13.76246
1.5,145.49165499999998,-14.09008,144.83628,-13.76241,146.14703,-14.41775
1.52,145.81935,-17.039175,145.49168,-15.72845,146.14702,-18.3499
1.54,144.508605,-22.60978,144.18094,-20.97137,144.83627,-24.24819
1.56,143.52553,-25.88636,143.52554,-25.55892,143.52552,-26.2138
1.58,142.21478,-26.214295,142.21479,-26.21429,142.21477,-26.2143
1.6,140.90403,-25.231279999999998,140.90404,-25.55896,140.90402,-24.9036
1.62,140.904025,-24.57592,140.90403,-24.24824,140.90402,-24.9036
1.64,140.57632999999998,-25.231285,140.24866,-24.9036,140.904,-25.55897
1.66,139.26559,-26.542029999999997,140.90402,-25.55898,137.62716,-27.52508
1.68,82.576255,-44.23686,106.16949,-38.0109,58.98302,-50.46282
1.7,39.321975,-48.82442,36.04518,-51.11819,42.59877,-46.53065
1.72,45.547929999999994,-46.202965,45.87562,-45.87528,45.22024,-46.53065
1.74,43.254155,-44.892255,42.5988,-45.21993,43.90951,-44.56458
1.76,42.926469999999995,-44.2369,42.5988,-44.56458,43.25414,-43.90922
1.78,42.598775,-44.23691,42.59878,-43.90923,42.59877,-44.56459
1.8,42.92644,-44.23692,42.59877,-43.90924,43.25411,-44.5646
1.82,43.581805,-44.89228,43.25413,-44.5646,43.90948,-45.21996
1.84,40.960350000000005,-46.203,42.59877,-45.21996,39.32193,-47.18604
1.86,-16.056245,-50.79051,-8.51953,-49.80747,-23.59296,-51.77355
1.88,-19.988415,-47.841364999999996,-20.97146,-48.49673,-19.00537,-47.186
1.9,-21.626820000000002,-46.530645,-21.62681,-46.53064,-21.62683,-46.53065
1.92,-21.626825,-45.21993,-22.28218,-45.21993,-20.97147,-45.21993
1.94,-22.93755,-43.909215,-22.93754,-43.90921,-22.93756,-43.90922
1.96,-24.575975,-43.909234999999995,-24.90365,-43.90923,-24.2483,-43.90924
1.98,-24.903665,-43.909245,-24.90365,-43.90924,-24.90368,-43.90925
2.0,-26.2144,-43.25389,-27.52512,-43.25389,-24.90368,-43.25389
2.02,-25.55907,-41.615455,-26.86975,-41.94315,-24.24839,-41.28776
2.04,-24.576034999999997,-38.666295000000005,-24.90373,-39.32166,-24.24834,-38.01093
2.06,-25.55905,-37.683234999999996,-25.55904,-37.35555,-25.55906,-38.01092
2.08,-26.542085,-38.338595,-26.2144,-38.01091,-26.86977,-38.66628
2.1,-27.52513,-38.993965,-27.52512,-38.66628,-27.52514,-39.32165
2.12,-27.852815,-38.993970000000004,-28.18048,-38.66628,-27.52515,-39.32166
2.14,-29.163545,-38.993975,-29.49122,-38.6663,-28.83587,-39.32165
2.16,-29.16355,-38.99398,-29.49122,-38.6663,-28.83588,-39.32166
2.18,-29.818905,-38.66629,-30.14658,-38.66629,-29.49123,-38.66629
2.2,-30.146585,-38.3386,-30.80194,-38.01092,-29.49123,-38.66628
2.22,-31.129615,-39.649325000000005,-30.80193,-39.32164,-31.4573,-39.97701
2.24,-21.299174999999998,-41.615415,-31.4573,-40.63237,-11.14105,-42.59846
2.26,28.50842,-45.54759,26.21466,-45.21991,30.80218,-45.87527
2.28,28.836075,-45.547585,28.18072,-45.2199,29.49143,-45.87527
2.3,29.49143,-46.85832,28.83608,-46.53064,30.14678,-47.186
2.32,29.819110000000002,-47.51368,29.49144,-47.186,30.14678,-47.84136
2.34,30.146795,-47.84136,29.49144,-47.84136,30.80215,-47.84136
2.36,30.474474999999998,-49.15208,29.49144,-48.49672,31.45751,-49.80744
2.38,30.14679,-49.80744,30.1468,-49.15208,30.14678,-50.4628
2.4,30.474465000000002,-50.790485000000004,30.14679,-50.4628,30.80214,-51.11817
2.42,30.80214,-52.10121,30.80215,-51.77353,30.80213,-52.42889
2.44,46.203225,-52.428895,36.04504,-52.4289,56.36141,-52.42889
2.46,71.762585,-54.72265,71.43492,-55.05033,72.09025,-54.39497
2.48,70.124155,-52.101195000000004,70.12416,-51.77351,70.12415,-52.42888
2.5,70.12416,-51.118175,69.46881,-51.11817,70.77951,-51.11818
2.52,70.451835,-50.135135000000005,70.12416,-49.80745,70.77951,-50.46282
2.54,70.779515,-49.80746,70.12416,-49.80746,71.43487,-49.80746
2.56,71.107205,-50.135144999999994,70.77953,-49.80746,71.43488,-50.46283
2.58,71.107195,-50.135149999999996,70.77952,-49.80747,71.43487,-50.46283
2.6,74.056345,-50.462835,70.77953,-50.46284,77.33316,-50.46283
2.62,93.06204,-50.135130000000004,89.12984,-49.80745,96.99424,-50.46281
2.64,95.028145,-48.496719999999996,94.37279,-49.15208,95.6835,-47.84136
2.66,94.70045999999999,-47.84137,94.37279,-47.84136,95.02813,-47.84138
2.68,94.700455,-47.841385,94.37278,-47.84138,95.02813,-47.84139
2.7,95.35582,-47.841395,95.02814,-47.84139,95.6835,-47.8414
2.72,96.0112,-47.841405,95.02816,-47.8414,96.99424,-47.84141
2.74,96.01121,-47.513735,95.68354,-47.18605,96.33888,-47.84142
2.76,99.615745,-48.49641,95.68355,-47.84068,103.54794,-49.15214
2.78,116.3277,-50.46285,113.37856,-50.46285,119.27684,-50.46285
2.8,117.63841,-48.16908,117.31074,-48.49676,117.96608,-47.8414
2.82,116.65536,-47.18604,116.65537,-47.18604,116.65535,-47.18604
2.84,117.310705,-46.203,116.65535,-46.53068,117.96606,-45.87532
2.86,116.983005,-45.87532,116.65533,-45.87532,117.31068,-45.87532
2.88,116.983,-45.875325000000004,116.65533,-45.87532,117.31067,-45.87533
2.9,116.98298,-45.547645,116.65531,-45.21997,117.31065,-45.87532
2.92,121.898245,-45.875315,118.6214,-45.87532,125.17509,-45.87531
2.94,126.48584500000001,-45.219935,127.14122,-45.21994,125.83047,-45.21993
2.96,126.15814,-44.23689,125.83046,-43.90921,126.48582,-44.56457
2.98,127.796535,-44.89226,127.14118,-44.56458,128.45189,-45.21994
3.0,128.124205,-45.54762,127.79653,-45.21994,128.45188,-45.8753
3.02,128.45187,-46.20299,127.79652,-45.87531,129.10722,-46.53067
3.04,128.779555,-45.87531,128.45188,-45.87531,129.10723,-45.87531
3.06,128.77955,-45.21994,128.45187,-45.21994,129.10723,-45.21994
3.08,129.43491,-45.21994,129.10724,-45.21994,129.76258,-45.21994
3.1,129.4349,-46.202985,129.10723,-45.21994,129.76257,-47.18603
3.12,97.649525,-59.31028499999999,114.68911,-53.08432,80.60994,-65.53625
3.14,49.80769,-71.762225,51.11845,-72.74527,48.49693,-70.77918
3.16,54.395219999999995,-66.51931,53.73986,-66.84699,55.05058,-66.19163
3.18,52.429125,-64.8809,51.77377,-65.53626,53.08448,-64.22554
3.2,53.412090000000006,-62.91482,53.08449,-62.91482,53.73969,-62.91482
3.22,52.7568,-63.242504999999994,52.42913,-62.91482,53.08447,-63.57019
3.24,52.756795,-63.5702,52.42912,-63.5702,53.08447,-63.5702
3.26,53.41215,-63.89788,53.08448,-63.5702,53.73982,-64.22556
3.28,53.084465,-63.570205,52.42911,-63.5702,53.73982,-63.57021
3.3,50.79069,-63.5702,52.42911,-63.5702,49.15227,-63.5702
3.32,3.9321900000000003,-63.897845,15.72874,-64.22554,-7.86436,-63.57015
3.34,1.3107600000000013,-58.98259,3.0000000002417e-05,-60.29332,2.62149,-57.67186
3.36,1.966145,-56.361115,1.31079,-56.36112,2.6215,-56.36111
3.38,2.94921,-54.395025000000004,2.62153,-54.39503,3.27689,-54.39502
3.4,2.62154,-53.73966,2.62154,-53.73966,2.62154,-53.73966
3.42,1.6385049999999999,-53.0843,0.65547,-53.0843,2.62154,-53.0843
3.44,1.96619,-52.75662,1.31084,-52.42894,2.62154,-53.0843
3.46,1.96619,-52.75662,1.31084,-53.0843,2.62154,-52.42894
3.48,1.966195,-52.75662,1.31084,-52.42894,2.62155,-53.0843
3.5,-14.09018,-54.722705,-1.31059,-53.0843,-26.86977,-56.36111
3.52,-28.835895,-56.033424999999994,-30.14664,-57.01647,-27.52515,-55.05038
3.54,-27.19745,-54.067325,-27.52512,-53.73964,-26.86978,-54.39501
3.56,-26.869765,-52.756605,-27.52512,-53.08429,-26.21441,-52.42892
3.58,-26.542085,-51.77356,-26.86976,-51.77356,-26.21441,-51.77356
3.6,-26.54208,-50.79052,-26.86976,-51.1182,-26.2144,-50.46284
3.62,-26.214399999999998,-49.807485,-26.86975,-49.80748,-25.55905,-49.80749
3.64,-26.21439,-49.479805,-26.21438,-49.80748,-26.2144,-49.15213
3.66,-26.214395,-48.49677,-26.86975,-48.49677,-25.55904,-48.49677
3.68,-26.542065,-47.8414,-27.5251,-47.8414,-25.55903,-47.8414
3.7,-26.214375,-48.16909,-26.86973,-47.84141,-25.55902,-48.49677
3.72,-23.920625,-48.824455,-26.21438,-48.49677,-21.62687,-49.15214
3.74,42.598745,-50.135165,30.80214,-49.15213,54.39535,-51.1182
3.76,57.672185,-50.79052,58.32757,-51.77356,57.0168,-49.80748
3.78,56.361445,-50.135165,56.36145,-49.80748,56.36144,-50.46285
3.8,55.706075,-50.462855000000005,55.70608,-50.46285,55.70607,-50.46286
3.82,55.3784,-50.46286,55.05072,-50.46286,55.70608,-50.46286
3.84,55.378405,-49.8075,55.05073,-49.8075,55.70608,-49.8075
3.86,56.033770000000004,-49.807505000000006,55.7061,-49.15214,56.36144,-50.46287
3.88,55.70608,-50.790549999999996,55.05073,-50.46286,56.36143,-51.11824
3.9,55.050709999999995,-52.10128,55.05072,-51.7736,55.0507,-52.42896
3.92,55.37838,-52.75664,55.0507,-52.42896,55.70606,-53.08432
3.94,54.395345,-52.756654999999995,54.39535,-52.42897,54.39534,-53.08434
3.96,41.615674999999996,-55.050405,47.18631,-54.39505,36.04504,-55.70576
3.98,38.011155,-54.06736,36.70043,-54.39504,39.32188,-53.73968
4.0,38.338835,-53.411995000000005,38.01116,-53.08431,38.66651,-53.73968
4.02,38.33883,-53.411995000000005,38.01116,-53.08431,38.6665,-53.73968
4.04,38.01114,-53.73968,37.35579,-53.73968,38.66649,-53.73968
4.06,38.338815,-53.739685,38.01114,-53.73968,38.66649,-53.73969
4.08,38.666485,-54.395055,38.01113,-54.39505,39.32184,-54.39506
4.1,39.321845,-53.084334999999996,38.66649,-53.08433,39.9772,-53.08434
4.12,39.649525,-52.428975,39.32185,-52.42897,39.9772,-52.42898
4.14,39.977205,-51.773615,39.97721,-51.77361,39.9772,-51.77362
4.16,40.304885,-51.773624999999996,39.97721,-51.77362,40.63256,-51.77363
4.18,39.977205,-51.773624999999996,39.97721,-51.77362,39.9772,-51.77363
4.2,40.304885,-51.773624999999996,39.32185,-51.77362,41.28792,-51.77363
4.22,40.960245,-51.11827,40.63257,-51.11827,41.28792,-51.11827
4.24,46.203165,-51.445949999999996,40.63257,-51.11827,51.77376,-51.77363
4.26,76.677785,-52.75666,72.09022,-52.42898,81.26535,-53.08434
4.28,78.64386999999999,-50.46289,78.64388,-51.11825,78.64386,-49.80753
4.3,78.643875,-49.80753,77.98852,-49.80753,79.29923,-49.80753
4.32,78.971555,-49.15218,78.64388,-49.15218,79.29923,-49.15218
4.34,78.97156,-48.496815,78.64389,-48.49681,79.29923,-48.49682
4.36,79.299245,-47.84145,78.64389,-47.84145,79.9546,-47.84145
4.38,79.29925,-47.841454999999996,78.6439,-47.18609,79.9546,-48.49682
4.4,79.95462,-47.84146,79.29926,-47.84146,80.60998,-47.84146
4.42,79.95462,-48.49682,79.95463,-48.49682,79.95461,-48.49682
4.44,91.42356000000001,-50.135225,83.88682,-49.15219,98.9603,-51.11826
4.46,105.84169,-51.44594,106.16939,-51.77362,105.51399,-51.11826
4.48,104.85862,-49.807535,104.20326,-49.80753,105.51398,-49.80754
4.5,104.530945,-49.15219,104.20327,-49.15219,104.85862,-49.15219
4.52,104.858625,-48.824515,104.85863,-49.15219,104.85862,-48.49684
4.54,104.203265,-48.82452,104.20327,-48.49684,104.20326,-49.1522
4.56,104.203265,-48.824535,104.20327,-48.49685,104.20326,-49.15222
4.58,103.875575,-49.15222,103.5479,-49.15222,104.20325,-49.15222
4.6,103.547895,-49.479895,102.89254,-49.15221,104.20325,-49.80758
4.62,104.20324500000001,-50.790625000000006,103.5479,-50.46294,104.85859,-51.11831
4.64,105.186265,-52.429035,104.20323,-51.77367,106.1693,-53.0844
4.66,114.68908,-56.361205,107.48004,-54.39512,121.89812,-58.32729
4.68,140.90388000000002,-61.931765,138.93779,-61.60409,142.86997,-62.25944
4.7,140.24847,-60.29335,140.24848,-60.29335,140.24846,-60.29335
4.72,140.57614999999998,-59.63799,140.24848,-59.63799,140.90382,-59.63799
4.74,140.576135,-58.32727,140.24846,-58.32727,140.90381,-58.32727
4.76,140.24845,-58.654955,139.5931,-58.32727,140.9038,-58.98264
4.78,140.57611500000002,-59.638005,140.24845,-59.638,140.90378,-59.63801
4.8,140.5761,-60.29337,140.24843,-60.29337,140.90377,-60.29337
4.82,140.576095,-60.29338,140.24842,-60.29338,140.90377,-60.29338
4.84,140.576085,-60.94874,140.24841,-60.94874,140.90376,-60.94874
4.86,140.576085,-60.62106,140.24841,-60.29338,140.90376,-60.94874
4.88,139.920705,-62.914845,140.90377,-60.94875,138.93764,-64.88094
4.9,113.705995,-74.711455,121.24274,-73.40071,106.16925,-76.0222
4.92,108.13534999999999,-70.779285,106.16926,-71.43465,110.10144,-70.12392
4.94,109.11840000000001,-70.4516,108.79073,-70.12392,109.44607,-70.77928
4.96,108.790715,-70.123935,108.13536,-70.12393,109.44607,-70.12394
4.98,109.118385,-69.796265,108.79071,-69.46858,109.44606,-70.12395
5.0,109.773745,-70.12395,109.44607,-70.12395,110.10142,-70.12395
5.02,110.10142,-70.12396,109.44607,-70.12396,110.75677,-70.12396
5.04,110.75677,-70.451645,110.10142,-70.12396,111.41212,-70.77933
5.06,111.41213,-71.107025,110.75678,-70.77934,112.06748,-71.43471
5.08,112.067475,-72.41776,111.41212,-72.09008,112.72283,-72.74544
5.1,97.977075,-77.00531000000001,109.44602,-73.40081,86.50813,-80.60981
5.12,29.163629999999998,-90.11254,45.22006,-89.78487,13.1072,-90.44021
5.14,20.97157,-82.90350000000001,17.69475,-84.54192,24.24839,-81.26508
5.16,21.626965,-78.64360500000001,21.62697,-79.29897,21.62696,-77.98824
5.18,21.95466,-74.056055,21.62698,-74.71142,22.28234,-73.40069
5.2,21.626984999999998,-72.089965,21.62699,-72.74533,21.62698,-71.4346
5.22,20.971625,-70.779245,20.31627,-70.77924,21.62698,-70.77925
5.24,21.299305,-70.451565,20.97163,-70.77924,21.62698,-70.12389
5.26,21.62699,-70.123885,21.627,-70.12388,21.62698,-70.12389
5.28,21.299315,-69.46853,21.627,-70.12389,20.97163,-68.81317
5.3,5.5706,-67.174735,6.55366,-67.50242,4.58754,-66.84705
5.32,6.225975,-65.864,5.24294,-66.19168,7.20901,-65.53632
5.34,6.553655,-65.53632,5.8983,-65.53632,7.20901,-65.53632
5.36,6.553660000000001,-64.553285,5.89831,-64.2256,7.20901,-64.88097
5.38,6.225975,-64.88097,5.8983,-64.88097,6.55365,-64.88097
5.4,6.881335,-64.55330000000001,6.55366,-64.22562,7.20901,-64.88098
5.42,7.209015,-63.897940000000006,6.55366,-63.57026,7.86437,-64.22562
5.44,7.864374999999999,-63.57027,7.20902,-63.57027,8.51973,-63.57027
5.46,16.384095,-64.55331,8.51974,-63.57027,24.24845,-65.53635
5.48,40.960274999999996,-64.880965,39.32187,-64.88097,42.59868,-64.88096
5.5,40.96028,-63.570245,40.63261,-64.2256,41.28795,-62.91489
5.52,40.632595,-63.570255,39.97724,-63.57025,41.28795,-63.57026
5.54,41.28794499999999,-64.55330000000001,40.6326,-64.22562,41.94329,-64.88098
5.56,42.270975,-65.53635,41.9433,-65.53635,42.59865,-65.53635
5.58,42.59865,-66.84708499999999,41.9433,-66.19172,43.254,-67.50245
5.6,43.254000000000005,-67.830135,42.59865,-67.50245,43.90935,-68.15782
5.62,42.926315,-68.813185,42.59864,-68.81318,43.25399,-68.81319
5.64,58.65510499999999,-69.468545,49.15228,-68.81319,68.15793,-70.1239
5.66,76.35004,-68.48548,76.02238,-68.81316,76.6777,-68.1578
5.68,75.69463999999999,-66.84708499999999,75.36696,-66.84708,76.02232,-66.84709
5.7,75.36696,-67.50245,74.71161,-67.50245,76.02231,-67.50245
5.72,75.366955,-67.502465,74.7116,-67.50246,76.02231,-67.50247
5.74,76.022315,-67.83015,75.36696,-67.50247,76.67767,-68.15783
5.76,76.022315,-68.157845,75.36696,-68.15784,76.67767,-68.15785
5.78,76.34998,-68.485525,76.02231,-68.15784,76.67765,-68.81321
5.8,76.349985,-68.48553,76.02231,-68.15785,76.67766,-68.81321
5.82,77.005345,-68.81322,76.67767,-68.81322,77.33302,-68.81322
5.84,76.67766,-69.1409,76.67767,-68.81322,76.67765,-69.46858
5.86,77.005335,-69.79626999999999,76.67766,-69.46858,77.33301,-70.12396
5.88,77.33301,-70.45164,76.67766,-70.12396,77.98836,-70.77932
5.9,77.333,-70.779325,76.67765,-70.77932,77.98835,-70.77933
5.92,84.214355,-71.43469,81.2652,-70.77933,87.16351,-72.09005
5.94,87.16351499999999,-70.779325,87.16353,-70.77932,87.1635,-70.77933
5.96,87.163515,-70.12397,86.50816,-70.12397,87.81887,-70.12397
5.98,87.818875,-70.123975,87.16352,-70.12397,88.47423,-70.12398
6.0,88.146545,-71.762395,87.81888,-70.77935,88.47421,-72.74544
6.02,88.47421,-73.7285,87.81886,-73.40081,89.12956,-74.05619
6.04,88.801875,-73.073145,88.4742,-73.40083,89.12955,-72.74546
6.06,90.44029,-72.41778,88.47421,-72.74546,92.40637,-72.0901
6.08,118.29348,-75.69455500000001,107.47986,-74.05616,129.1071,-77.33295
6.1,137.62686000000002,-76.02221,137.6269,-77.9883,137.62682,-74.05612
6.12,137.29914000000002,-72.09003,136.3161,-72.09002,138.28218,-72.09004
6.14,137.95449000000002,-72.41773,137.62682,-72.09004,138.28216,-72.74542
6.16,138.93752,-74.38384500000001,138.28217,-73.40079,139.59287,-75.3669
6.18,140.24823500000002,-77.66069999999999,139.59288,-76.67765,140.90359,-78.64375
6.2,140.57592,-77.660715,140.24824,-77.98839,140.9036,-77.33304
6.22,139.92057499999999,-76.35,139.5929,-76.67768,140.24825,-76.02232
6.24,140.575955,-76.349995,140.24828,-76.02231,140.90363,-76.67768
6.26,152.044905,-78.316075,145.49121,-77.33303,158.5986,-79.29912
6.28,160.56472000000002,-77.660695,161.22011,-78.64374,159.90933,-76.67765
6.3,159.581645,-75.03925,159.25397,-75.36693,159.90932,-74.71157
6.32,159.581645,-74.056205,159.25397,-74.0562,159.90932,-74.05621
6.34,158.92626,-73.07317,158.59859,-72.74549,159.25393,-73.40085
6.36,158.926255,-72.74548,158.59858,-72.74548,159.25393,-72.74548
6.38,158.92624,-71.76244,158.59857,-72.09012,159.25391,-71.43476
6.4,159.253915,-71.43476,159.25392,-71.43476,159.25391,-71.43476
6.42,158.92622999999998,-70.7794,158.59856,-70.7794,159.2539,-70.7794
6.44,156.96012,-71.76245,158.59855,-70.7794,155.32169,-72.7455
6.46,99.615445,-89.12960000000001,123.86406,-81.26524,75.36683,-96.99396
6.48,40.960094999999995,-98.96008499999999,39.97707,-101.58154,41.94312,-96.33863
6.5,51.11821,-93.06181000000001,51.11821,-92.40645,51.11821,-93.71717
6.52,49.807485,-92.734125,49.15213,-93.06181,50.46284,-92.40644
6.54,50.79052,-91.751085,50.46284,-91.75108,51.1182,-91.75109
6.56,51.118205,-91.423415,50.46285,-91.75109,51.77356,-91.09574
6.58,51.44588,-91.42342,51.11821,-91.09574,51.77355,-91.7511
6.6,51.445885000000004,-91.09574,51.11821,-91.09574,51.77356,-91.09574
6.62,51.77356,-90.76806,51.77357,-91.09574,51.77355,-90.44038
6.64,52.101235,-90.768065,51.77356,-90.44038,52.42891,-91.09575
6.66,52.10122,-91.095755,51.77355,-91.09575,52.42889,-91.09576
6.68,52.428905,-91.423435,51.77355,-91.09575,53.08426,-91.75112
6.7,53.08426,-91.423435,52.42891,-91.75111,53.73961,-91.09576
6.72,53.41194,-90.768075,53.08427,-90.44039,53.73961,-91.09576
6.74,53.739615,-90.11270999999999,53.08426,-90.44039,54.39497,-89.78503
6.76,54.0673,-89.45734,53.73963,-89.78502,54.39497,-89.12966
6.78,74.71134,-83.23130499999999,64.88082,-84.54207,84.54186,-81.92054
6.8,95.0278,-78.643675,95.0278,-79.95441,95.0278,-77.33294
6.82,93.38938,-75.039175,93.0617,-74.71149,93.71706,-75.36686
6.84,93.061705,-74.7115,92.40635,-74.7115,93.71706,-74.7115
6.86,93.389385,-74.711505,93.06171,-74.7115,93.71706,-74.71151
6.88,93.38939,-74.383825,93.06171,-74.05614,93.71707,-74.71151
6.9,93.061715,-74.71151,92.40636,-74.71151,93.71707,-74.71151
6.92,92.73403,-74.38383999999999,92.40636,-74.05616,93.0617,-74.71152
6.94,92.73403,-75.039205,92.40636,-74.71152,93.0617,-75.36689
6.96,97.32160999999999,-76.022245,91.751,-75.36689,102.89222,-76.6776
6.98,120.58723499999999,-78.97132,118.62114,-78.64364,122.55333,-79.299
7.0,120.91489,-77.33291,120.58722,-77.98827,121.24256,-76.67755
7.02,119.604175,-76.34988,119.2765,-76.67756,119.93185,-76.0222
7.04,119.2765,-75.694525,119.2765,-75.36684,119.2765,-76.02221
7.06,119.604185,-75.366845,119.27651,-75.36684,119.93186,-75.36685
7.08,119.276505,-75.039175,118.62115,-75.36685,119.93186,-74.7115
7.1,118.94883,-74.711495,118.62116,-74.71149,119.2765,-74.7115
7.12,118.948825,-74.7115,118.62115,-74.7115,119.2765,-74.7115
7.14,118.62115,-74.711505,118.62116,-74.7115,118.62114,-74.71151
7.16,104.53073499999999,-76.67760000000001,114.68895,-74.71151,94.37252,-78.64369
7.18,65.208655,-80.93746,66.19171,-81.9205,64.2256,-79.95442
7.2,69.79622499999999,-76.677595,69.46855,-76.67759,70.1239,-76.6776
7.22,68.485505,-75.366875,68.15783,-76.02223,68.81318,-74.71152
7.24,68.485505,-74.05616,68.15783,-74.05616,68.81318,-74.05616
7.26,67.830135,-73.07313,67.50246,-72.74545,68.15781,-73.40081
7.28,67.50246,-72.74545,67.50247,-72.74545,67.50245,-72.74545
7.3,67.830135,-72.745465,67.50246,-72.0901,68.15781,-73.40083
7.32,68.157805,-73.72852499999999,67.50245,-73.40084,68.81316,-74.05621
7.34,67.502445,-73.40084999999999,67.50245,-72.74549,67.50244,-74.05621
7.36,67.502445,-73.400855,66.84709,-74.05621,68.1578,-72.7455
7.38,68.157805,-73.40085,68.15781,-73.40085,68.1578,-73.40085
7.4,68.157805,-73.07317499999999,67.50245,-72.74549,68.81316,-73.40086
7.42,69.14085,-73.728535,68.81318,-73.40085,69.46852,-74.05622
7.44,67.17473,-74.3839,69.46852,-74.05622,64.88094,-74.71158
7.46,60.29338,-74.71156500000001,58.98265,-74.71157,61.60411,-74.71156
7.48,61.931799999999996,-74.38387,61.60413,-74.05619,62.25947,-74.71155
7.5,6.553874999999998,-74.711555,-48.49636,-74.71155,61.60411,-74.71156
7.52,61.276425,-75.6946,60.94875,-75.36692,61.6041,-76.02228
7.54,62.259479999999996,-75.69461,61.60412,-75.36693,62.91484,-76.02229
7.56,62.914845,-75.6946,62.25949,-75.36692,63.5702,-76.02228
7.58,57.67191,-77.66068999999999,61.60412,-76.02228,53.7397,-79.2991
7.6,42.598465000000004,-78.643725,41.28774,-79.29909,43.90919,-77.98836
7.62,45.21995,-77.005295,45.21995,-76.67761,45.21995,-77.33298
7.64,44.236905,-76.34994,43.25387,-76.67762,45.21994,-76.02226
7.66,44.564589999999995,-75.694575,43.90923,-75.36689,45.21995,-76.02226
7.68,44.236909999999995,-74.71153,44.5646,-74.71153,43.90922,-74.71153
7.7,43.910505,-75.366885,43.25387,-75.36688,44.56714,-75.36689
7.72,43.909235,-74.71152,43.25388,-74.71152,44.56459,-74.71152
7.74,43.253875,-75.0392,43.25388,-74.71152,43.25387,-75.36688
7.76,43.253875,-74.71152,42.59852,-74.71152,43.90923,-74.71152
7.78,42.926204999999996,-75.0392,42.59853,-74.71152,43.25388,-75.36688
7.8,42.92621,-75.0392,42.59853,-74.71152,43.25389,-75.36688
7.82,45.219989999999996,-74.71152,41.94318,-74.71152,48.4968,-74.71152
7.84,70.77932999999999,-75.69452,65.53638,-76.02221,76.02228,-75.36683
7.86,73.40080499999999,-73.07306,73.40082,-73.40074,73.40079,-72.74538
7.88,73.073125,-72.417705,72.74545,-72.09002,73.4008,-72.74539
7.9,72.41776,-71.762345,72.09009,-71.43466,72.74543,-72.09003
7.92,72.74545,-71.76235,72.0901,-71.43467,73.4008,-72.09003
7.94,72.417775,-71.43467,72.0901,-71.43467,72.74545,-71.43467
7.96,72.417775,-71.43467,72.0901,-71.43467,72.74545,-71.43467
7.98,72.417775,-71.434675,72.0901,-71.43467,72.74545,-71.43468
8.0,72.745455,-71.434675,72.0901,-71.43468,73.40081,-71.43467
8.02,72.745455,-71.76236,72.0901,-72.09004,73.40081,-71.43468
8.04,72.41778,-71.762365,72.0901,-71.43468,72.74546,-72.09005
8.06,72.417785,-72.09005,72.09011,-72.09005,72.74546,-72.09005
8.08,72.41779,-71.76237499999999,72.09012,-71.43469,72.74546,-72.09006
8.1,72.417785,-72.090055,72.09011,-72.09005,72.74546,-72.09006
8.12,79.954515,-72.09005,77.33304,-72.09005,82.57599,-72.09005
8.14,81.92063,-71.43468,81.92064,-71.43468,81.92062,-71.43468
8.16,81.592945,-71.107,81.26527,-70.77932,81.92062,-71.43468
8.18,81.592955,-70.77933,81.26528,-70.77933,81.92063,-70.77933
8.2,81.265275,-70.451645,81.26528,-70.12396,81.26527,-70.77933
8.22,81.592955,-70.45165,81.26528,-70.12397,81.92063,-70.77933
8.24,81.920635,-71.107015,81.26528,-70.77933,82.57599,-71.4347
8.26,81.92062,-72.09006500000001,81.26527,-71.4347,82.57597,-72.74543
8.28,87.491235,-73.400785,81.92062,-72.74543,93.06185,-74.05614
8.3,106.16926000000001,-76.349885,104.20317,-76.02221,108.13535,-76.67756
8.32,107.152295,-75.366845,106.82462,-75.36684,107.47997,-75.36685
8.34,107.152295,-75.36685,106.16926,-75.36685,108.13533,-75.36685
8.36,107.80766,-74.38381,107.47999,-74.71149,108.13533,-74.05613
8.38,108.46302,-74.05613,108.13535,-74.05613,108.79069,-74.05613
8.4,108.463015,-74.056135,108.13534,-74.05613,108.79069,-74.05614
8.42,109.11837,-74.383825,108.7907,-74.05614,109.44604,-74.71151
8.44,109.118365,-75.366875,108.79069,-75.36687,109.44604,-75.36688
8.46,109.446045,-75.366875,108.79069,-75.36687,110.1014,-75.36688
8.48,109.773715,-75.36688,109.44604,-75.36688,110.10139,-75.36688
8.5,113.378225,-76.349915,109.44604,-75.36688,117.31041,-77.33295
8.52,135.660775,-78.971345,131.72858,-78.64367,139.59297,-79.29902
8.54,137.29916500000002,-77.00525,136.9715,-77.33293,137.62683,-76.67757
8.56,136.97147999999999,-77.33293499999999,136.97149,-77.33293,136.97147,-77.33294
8.58,136.97147,-77.33294,136.31612,-77.33294,137.62682,-77.33294
8.6,136.97146500000002,-77.33294,136.97147,-77.33294,136.97146,-77.33294
8.62,137.299145,-77.00525999999999,136.97147,-76.67758,137.62682,-77.33294
8.64,136.64378,-76.67758,136.31611,-76.67758,136.97145,-76.67758
8.66,137.62681500000002,-76.02222499999999,136.97146,-76.02222,138.28217,-76.02223
8.68,137.62681500000002,-75.694545,136.97146,-75.36687,138.28217,-76.02222
8.7,137.95449000000002,-75.69454999999999,137.62682,-75.36687,138.28216,-76.02223
8.72,137.29913,-75.36688,137.62682,-75.36688,136.97144,-75.36688
8.74,137.954485,-75.694565,137.62681,-76.02224,138.28216,-75.36689
8.76,137.626805,-75.366885,136.97145,-75.36688,138.28216,-75.36689
8.78,137.95448,-75.36688,137.6268,-75.36688,138.28216,-75.36688
8.8,138.28216,-75.039205,137.62681,-75.36689,138.93751,-74.71152
8.82,137.95448,-75.039205,137.62681,-74.71152,138.28215,-75.36689
8.84,138.28216500000002,-75.366885,137.62681,-75.36688,138.93752,-75.36689
8.86,139.592895,-75.039215,138.28217,-74.71153,140.90362,-75.3669
8.88,141.23133,-75.36689,140.90366,-75.36689,141.559,-75.36689
8.9,140.90364499999998,-75.039215,140.90365,-74.71153,140.90364,-75.3669
8.92,140.90364,-74.711535,140.90365,-74.71153,140.90363,-74.71154
8.94,140.903635,-74.38386,140.24828,-74.05618,141.55899,-74.71154
8.96,140.90364,-74.056185,140.24828,-74.05618,141.559,-74.05619
8.98,141.23131999999998,-74.056185,140.90365,-74.05618,141.55899,-74.05619
9.0,140.90364499999998,-73.40083,140.24829,-72.74547,141.559,-74.05619
9.02,141.231315,-73.40083,140.90364,-73.40083,141.55899,-73.40083
9.04,140.90364,-73.728515,140.24829,-73.40083,141.55899,-74.0562
9.06,141.88666999999998,-73.728515,141.559,-73.40083,142.21434,-74.0562
9.08,142.214335,-75.039245,141.55898,-74.71156,142.86969,-75.36693
9.1,142.86969,-75.694605,142.21434,-75.36692,143.52504,-76.02229
9.12,143.197365,-77.005335,142.86969,-76.67765,143.52504,-77.33302
9.14,148.767985,-78.643735,144.18041,-77.98838,153.35556,-79.29909
9.16,155.64938,-78.643705,155.97708,-79.29907,155.32168,-77.98834
9.18,154.33864,-76.02225,153.3556,-76.02225,155.32168,-76.02225
9.2,154.994,-76.34993,154.66633,-76.02225,155.32167,-76.67761
9.22,154.99399,-76.02225,154.66632,-76.02225,155.32166,-76.02225
9.24,154.6663,-76.34994,154.01095,-76.02226,155.32165,-76.67762
9.26,154.99398000000002,-76.677615,154.6663,-76.67761,155.32166,-76.67762
9.28,154.666295,-76.34993,154.6663,-76.02225,154.66629,-76.67761
9.3,154.66630500000002,-76.34993,154.01095,-76.67761,155.32166,-76.02225
9.32,154.993975,-76.022245,154.01094,-75.36688,155.97701,-76.67761
9.34,154.6663,-76.67761,154.66631,-76.67761,154.66629,-76.67761
9.36,154.666295,-76.34993,154.01094,-76.02225,155.32165,-76.67761
9.38,154.338615,-76.67761,154.01094,-76.67761,154.66629,-76.67761
9.4,154.33861000000002,-77.005295,154.01094,-76.67761,154.66628,-77.33298
9.42,154.33861000000002,-77.66065499999999,154.01094,-77.98834,154.66628,-77.33297
9.44,154.33861000000002,-77.332975,154.01093,-77.33297,154.66629,-77.33298
9.46,154.01093500000002,-77.988345,154.01094,-77.98834,154.01093,-77.98835
9.48,135.66064,-83.88664,149.42337,-79.29908,121.89791,-88.4742
9.5,59.63807,-100.27077,76.02225,-99.6154,43.25389,-100.92614
9.52,46.858355,-91.09567000000001,43.25386,-93.06176,50.46285,-89.12958
9.54,47.841435000000004,-87.49116000000001,48.4968,-87.81884,47.18607,-87.16348
9.56,46.8584,-84.86971,46.53072,-85.19739,47.18608,-84.54203
9.58,46.530735,-83.886665,45.87538,-83.88666,47.18609,-83.88667
9.6,46.530730000000005,-83.558995,46.53074,-83.23131,46.53072,-83.88668
9.62,46.85841,-84.21436,45.87537,-83.88668,47.84145,-84.54204
9.64,37.355625,-82.24825000000001,45.22001,-82.57595,29.49124,-81.92055
9.66,8.84727,-79.95446,9.17496,-80.60982,8.51958,-79.2991
9.68,10.158014999999999,-77.66069,9.83034,-77.33301,10.48569,-77.98837
9.7,9.502659999999999,-77.988375,9.17499,-77.98837,9.83033,-77.98838
9.72,9.830345,-77.6607,9.17498,-77.98838,10.48571,-77.33302
9.74,10.158024999999999,-77.988385,9.83035,-77.98838,10.4857,-77.98839
9.76,11.468755000000002,-77.988395,11.14108,-77.98839,11.79643,-77.9884
9.78,11.141075,-77.988405,10.48572,-77.9884,11.79643,-77.98841
9.8,12.124120000000001,-77.988405,11.79645,-77.9884,12.45179,-77.98841
9.82,11.796435,-78.316095,11.14108,-77.98841,12.45179,-78.64378
9.84,13.10716,-78.3161,12.4518,-77.98842,13.76252,-78.64378
9.86,13.434845,-78.64378,13.10717,-78.64378,13.76252,-78.64378
9.88,14.745565,-78.3161,13.76253,-77.98842,15.7286,-78.64378
9.9,14.41789,-78.64378,15.07326,-78.64378,13.76252,-78.64378
9.92,12.451805,-77.9884,11.79644,-77.9884,13.10717,-77.9884
9.94,12.779499999999999,-77.9884,12.45183,-77.9884,13.10717,-77.9884
9.96,13.10719,-77.33304,12.45184,-77.33304,13.76254,-77.33304
9.98,13.10719,-78.643765,12.45184,-77.9884,13.76254,-79.29913
10.0,13.76253,-79.626825,13.10718,-79.29914,14.41788,-79.95451
10.02,13.76252,-80.93755,13.10717,-80.60987,14.41787,-81.26523
10.04,14.41787,-81.59291999999999,13.76252,-81.26524,15.07322,-81.9206
10.06,14.745545,-82.575965,14.41787,-82.57596,15.07322,-82.57597
10.08,14.74554,-83.231325,14.41787,-82.57596,15.07321,-83.88669
10.1,15.073225,-83.23133,14.41787,-83.23133,15.72858,-83.23133
10.12,14.745539999999998,-83.231335,14.41786,-83.23133,15.07322,-83.23134
10.14,32.44033,-85.19741,18.35003,-84.54206,46.53063,-85.85276
10.16,64.55325500000001,-86.83578,62.91484,-86.5081,66.19167,-87.16346
10.18,64.553245,-85.85273,64.22557,-85.85273,64.88092,-85.85273
10.2,63.897885,-85.852735,63.57021,-85.85273,64.22556,-85.85274
10.22,63.897885,-85.19738,63.57021,-85.19738,64.22556,-85.19738
10.24,63.897890000000004,-84.54202,63.57022,-84.54202,64.22556,-84.54202
10.26,63.897895000000005,-84.542025,63.57022,-84.54202,64.22557,-84.54203
10.28,63.897895000000005,-84.542025,63.57022,-84.54202,64.22557,-84.54203
10.3,63.897885,-84.54203,63.57021,-83.88667,64.22556,-85.19739
10.32,63.897890000000004,-84.86971,63.57022,-84.54203,64.22556,-85.19739
10.34,63.24253,-85.852755,62.91486,-85.85275,63.5702,-85.85276
10.36,77.66059,-87.49115,70.77922,-86.50811,84.54196,-88.47419
10.38,89.45723000000001,-88.146495,89.12957,-88.47418,89.78489,-87.81881
10.4,89.457215,-86.18041,89.12954,-86.50808,89.78489,-85.85274
10.42,89.7849,-85.52506,89.12955,-85.85274,90.44025,-85.19738
10.44,89.784895,-84.54202,89.7849,-84.54202,89.78489,-84.54202
10.46,89.457215,-84.21433999999999,89.12954,-83.88666,89.78489,-84.54202
10.48,89.78489,-84.542025,89.12954,-84.54202,90.44024,-84.54203
10.5,90.112565,-84.869715,89.78489,-84.54203,90.44024,-85.1974
10.52,89.784885,-84.54204,89.12953,-84.54204,90.44024,-84.54204
10.54,90.112565,-84.54204,89.78489,-84.54204,90.44024,-84.54204
10.56,90.767925,-84.54205,90.44025,-84.54205,91.0956,-84.54205
10.58,90.440245,-84.214375,89.78489,-83.88669,91.0956,-84.54206
10.6,90.440245,-84.54206,90.44025,-84.54206,90.44024,-84.54206
10.62,90.76792,-84.54206,90.44024,-84.54206,91.0956,-84.54206
10.64,90.11256,-84.54206,90.44025,-84.54206,89.78487,-84.54206
10.66,89.12951,-84.86975,88.47415,-85.19743,89.78487,-84.54207
10.68,89.78488,-84.214385,89.78489,-83.8867,89.78487,-84.54207
10.7,89.45719,-84.54207,89.12951,-84.54207,89.78487,-84.54207
10.72,89.457185,-84.214395,89.12951,-83.88671,89.78486,-84.54208
10.74,89.45719,-83.55904,89.12952,-83.23136,89.78486,-83.88672
10.76,89.457195,-83.23136,89.12952,-83.23136,89.78487,-83.23136
10.78,90.112545,-83.23136,89.78487,-83.23136,90.44022,-83.23136
10.8,89.457185,-83.23136,89.12951,-83.23136,89.78486,-83.23136
10.82,100.92614,-84.869745,95.02781,-83.88671,106.82447,-85.85278
10.84,109.118255,-85.197415,108.79059,-85.85278,109.44592,-84.54205
10.86,108.13521,-83.231325,107.47985,-83.23132,108.79057,-83.23133
10.88,108.462885,-82.90366,108.13521,-82.57598,108.79056,-83.23134
10.9,108.13521,-82.90366,107.47985,-83.23134,108.79057,-82.57598
10.92,108.135215,-82.57536999999999,107.47986,-82.57598,108.79057,-82.57476
10.94,108.13521,-82.90367,108.13522,-82.57599,108.1352,-83.23135
10.96,108.1352,-83.559035,107.47985,-83.23135,108.79055,-83.88672
10.98,108.790555,-84.86976,108.1352,-83.88672,109.44591,-85.8528
11.0,115.6719,-87.1635,111.41201,-86.50815,119.93179,-87.81885
11.02,122.225595,-88.47421,122.55329,-89.12957,121.8979,-87.81885
11.04,121.89790500000001,-87.491165,121.89791,-87.16348,121.8979,-87.81885
11.06,121.897905,-87.81885,121.24255,-87.81885,122.55326,-87.81885
11.08,121.89791,-87.818855,121.24256,-87.81885,122.55326,-87.81886
11.1,122.55327,-87.81886,121.89792,-87.1635,123.20862,-88.47422
11.12,122.22557499999999,-87.818865,121.24254,-87.1635,123.20861,-88.47423
11.14,121.570205,-88.80192,121.8979,-88.47424,121.24251,-89.1296
11.16,106.16908000000001,-90.44034500000001,108.79057,-89.78498,103.54759,-91.09571
11.18,104.530665,-89.78498,103.54763,-89.78498,105.5137,-89.78498
11.2,105.186025,-89.784995,104.85835,-89.78499,105.5137,-89.785
11.22,105.18602,-89.129645,104.85835,-89.12964,105.51369,-89.12965
11.24,104.53065000000001,-90.44038499999999,104.20298,-89.78502,104.85832,-91.09575
11.26,104.53063,-90.76809,104.20296,-90.4404,104.8583,-91.09578
11.28,104.530625,-92.07881499999999,104.20295,-91.75113,104.8583,-92.4065
11.3,101.58148,-93.061875,103.54759,-92.40651,99.61537,-93.71724
11.32,76.02213,-96.66636,81.92045,-96.33868,70.12381,-96.99404
11.34,72.7453,-94.04491,70.77921,-95.02795,74.71139,-93.06187
11.36,72.74531,-92.4065,72.74532,-92.4065,72.7453,-92.4065
11.38,72.08995,-90.768095,72.08995,-90.44041,72.08995,-91.09578
11.4,71.762275,-90.112745,71.4346,-89.78506,72.08995,-90.44043
11.42,70.779225,-89.785075,70.77923,-89.78507,70.77922,-89.78508
11.44,71.106915,-89.78508,70.77924,-89.78508,71.43459,-89.78508
11.46,70.45154,-90.112765,70.77923,-89.78508,70.12385,-90.44045
11.48,63.24252,-90.11277,66.19168,-89.78509,60.29336,-90.44045
11.5,59.638,-89.129715,58.32727,-89.78508,60.94873,-88.47435
11.52,59.638009999999994,-88.474355,59.63802,-88.47435,59.638,-88.47436
11.54,58.654965000000004,-88.47436,58.32729,-88.47436,58.98264,-88.47436
11.56,59.31033,-88.14668,58.98266,-87.819,59.638,-88.47436
11.58,58.654975,-88.47437,58.3273,-88.47437,58.98265,-88.47437
11.6,58.98265000000001,-87.819005,58.98266,-87.819,58.98264,-87.81901
11.62,59.31033,-87.16365,58.98265,-87.16365,59.63801,-87.16365
11.64,59.310325,-87.163655,58.98265,-87.16366,59.638,-87.16365
11.66,59.31033,-87.163655,58.32729,-87.16365,60.29337,-87.16366
11.68,59.310335,-86.83597,58.98266,-86.50829,59.63801,-87.16365
11.7,58.654965000000004,-87.163655,58.32729,-87.16365,58.98264,-87.16366
11.72,58.98265,-87.163645,58.3273,-87.16364,59.638,-87.16365
11.74,58.982645,-87.16365,58.32729,-87.16365,59.638,-87.16365
11.76,49.807525,-93.38961,57.01656,-89.12974,42.59849,-97.64948
11.78,17.0393,-102.56472500000001,13.10713,-103.54777,20.97147,-101.58168
11.8,27.19742,-99.615575,27.52511,-98.96021,26.86973,-100.27094
11.82,25.88669,-99.94325,24.90366,-100.27093,26.86972,-99.61557
11.84,26.542045,-100.59861000000001,26.21437,-100.27093,26.86972,-100.92629
11.86,26.21436,-101.253975,26.21437,-100.92629,26.21435,-101.58166
11.88,26.214350000000003,-101.909335,25.559,-101.58165,26.8697,-102.23702
11.9,26.21435,-101.90934,24.90363,-101.58166,27.52507,-102.23702
11.92,27.525064999999998,-104.20312000000001,26.86972,-102.89239,28.18041,-105.51385
11.94,15.40085,-105.18617,24.90361,-105.51386,5.89809,-104.85848
11.96,2.293585,-103.547735,0.65517,-104.2031,3.932,-102.89237
11.98,3.276655,-102.56468,3.27666,-102.237,3.27665,-102.89236
12.0,3.276665,-102.23699500000001,2.62131,-102.23699,3.93202,-102.237
12.02,3.27667,-101.581635,2.62131,-101.58164,3.93203,-101.58163
12.04,3.932035,-100.926265,3.93204,-100.92627,3.93203,-100.92626
12.06,3.932035,-100.27091,3.27668,-100.27091,4.58739,-100.27091
12.08,4.9150849999999995,-99.61554,4.58741,-99.61554,5.24276,-99.61554
12.1,5.242765,-99.28786,4.58741,-98.96018,5.89812,-99.61554
12.12,5.57045,-99.28786,5.24277,-98.96018,5.89813,-99.61554
12.14,7.20885,-100.270905,5.24277,-99.61554,9.17493,-100.92627
12.16,52.756615,-102.56463500000001,44.56452,-102.23697,60.94871,-102.8923
12.18,60.948715,-100.270855,61.6041,-100.92622,60.29333,-99.61549
12.2,60.62103,-98.632455,60.29335,-98.96013,60.94871,-98.30478
12.22,59.96567,-96.994055,59.638,-96.99405,60.29334,-96.99406
12.24,59.965665,-96.99406,59.63799,-96.99406,60.29334,-96.99406
12.26,60.293355,-96.338705,60.29336,-96.3387,60.29335,-96.33871
12.28,59.637985,-95.683355,59.63799,-95.68335,59.63798,-95.68336
12.3,59.3103,-95.683365,58.98262,-95.68336,59.63798,-95.68337
12.32,59.965665,-95.028015,58.98263,-95.02801,60.9487,-95.02802
12.34,58.654939999999996,-95.02802,58.32727,-95.02802,58.98261,-95.02802
12.36,59.3103,-95.02803,58.98263,-95.02803,59.63797,-95.02803
12.38,22.2822,-98.30485999999999,44.56458,-96.99413,-0.0001800000000002,-99.61559
12.4,-1.9662599999999997,-98.63254,-5.24309,-100.27095,1.31057,-96.99413
12.42,0.655220000000001,-96.0111,1.31059,-95.68341,-0.0001499999999978,-96.33879
12.44,-0.0001399999999982,-94.700395,-0.0001299999999986,-95.02807,-0.0001499999999978,-94.37272
12.46,-0.32782499999999887,-93.71736,-0.6555,-93.71736,-0.0001499999999978,-93.71736
12.48,-0.32782499999999887,-92.40664,-0.6555,-92.40664,-0.0001499999999978,-92.40664
12.5,-0.00014500000000000624,-91.751285,-0.6555,-91.75128,0.65521,-91.75129
12.52,-0.00014500000000000624,-90.768255,-0.6555,-91.09593,0.65521,-90.44058
12.54,-0.00014999999999785,-90.440575,-0.0001399999999947,-90.44058,-0.000160000000001,-90.44057
12.56,0.32752,-90.1129,-0.65552,-90.44058,1.31056,-89.78522
12.58,0.3275150000000011,-89.785215,-0.0001499999999978,-89.78521,0.65518,-89.78522
12.6,-0.00019499999999500472,-90.44058,-0.65553999999999,-90.44058,0.65515,-90.44058
12.62,0.6551250000000006,-90.44059,-0.0002199999999987,-90.44059,1.31047,-90.44059
12.64,1.63814,-90.768265,1.31047,-90.44059,1.96581,-91.09594
12.66,-23.265575,-91.09594,1.31044,-91.09594,-47.84159,-91.09594
12.68,0.9827049999999999,-91.42362,0.65504,-91.09594,1.31037,-91.7513
12.7,6.225565,-91.751295,0.655,-91.7513,11.79613,-91.75129
12.72,57.671645,-95.02804499999999,50.4626,-95.02805,64.88069,-95.02804
12.74,63.56991000000001,-92.734265,64.2253,-93.71731,62.91452,-91.75122
12.76,62.914519999999996,-91.095865,62.25917,-91.09586,63.56987,-91.09587
12.78,62.586805,-91.09588,62.25914,-91.09588,62.91447,-91.09588
12.8,62.586765,-92.078925,62.2591,-91.75124,62.91443,-92.40661
12.82,62.91442,-92.734295,62.91443,-92.40661,62.91441,-93.06198
12.84,62.91439,-93.06198499999999,62.9144,-93.06198,62.91438,-93.06199
12.86,62.914355,-92.40662,62.25901,-91.75126,63.5697,-93.06198
12.88,63.242005000000006,-92.734305,62.91434,-92.40662,63.56967,-93.06199
12.9,63.241975,-93.061995,62.91431,-92.40663,63.56964,-93.71736
12.92,62.914265,-93.71736,62.25892,-93.71736,63.56961,-93.71736
12.94,63.56959500000001,-93.71736,62.91425,-93.71736,64.22494,-93.71736
12.96,86.17972499999999,-95.68342,78.64298,-95.02807,93.71647,-96.33877
12.98,93.06106,-94.70036,93.71646,-95.6834,92.40566,-93.71732
13.0,92.733345,-93.061955,92.40567,-93.06195,93.06102,-93.06196
13.02,92.73332500000001,-92.4066,92.40566,-92.4066,93.06099,-92.4066
13.04,92.40562,-91.095885,91.75027,-91.09588,93.06097,-91.09589
13.06,92.73327,-91.423575,92.4056,-91.09589,93.06094,-91.75126
13.08,92.73324500000001,-91.423575,92.40558,-91.75125,93.06091,-91.0959
13.1,92.07786,-91.751265,91.75019,-91.75126,92.40553,-91.75127
13.12,91.75016,-91.42359,91.09481,-91.09591,92.40551,-91.75127
13.14,91.750135,-92.07895500000001,91.75015,-91.75127,91.75012,-92.40664
13.16,67.501555,-95.68343,77.33208,-93.71735,57.67103,-97.64951
13.18,57.015665,-94.37269,54.39421,-95.68342,59.63712,-93.06196
13.2,59.309425000000005,-93.061965,59.63712,-92.4066,58.98173,-93.71733
13.22,58.65405,-92.07893,58.32638,-92.40661,58.98172,-91.75125
13.24,58.981719999999996,-91.09589,58.32637,-91.09589,59.63707,-91.09589
13.26,58.326345,-91.423575,58.32636,-91.09589,58.32633,-91.75126
13.28,58.32634,-90.440535,57.67099,-90.44053,58.98169,-90.44054
13.3,58.32633,-90.44054,58.32634,-90.44054,58.32632,-90.44054
13.32,58.654005,-89.78518,58.32633,-89.78518,58.98168,-89.78518
13.34,58.326315,-89.78518,57.67096,-89.78518,58.98167,-89.78518
13.36,59.63704,-90.112865,58.32632,-89.78518,60.94776,-90.44055
13.38,61.930835,-89.78518,61.60316,-89.78518,62.25851,-89.78518
13.4,61.930825,-89.4575,61.60315,-89.78518,62.2585,-89.12982
13.42,61.603139999999996,-90.11287,60.94779,-89.78519,62.25849,-90.44055
13.44,62.258494999999996,-90.76823,61.60314,-90.44055,62.91385,-91.09591
13.46,62.58616,-91.75128000000001,62.25849,-91.09592,62.91383,-92.40664
13.48,63.241515,-94.045045,62.91384,-93.71736,63.56919,-94.37273
13.5,62.913835,-94.70041,62.25848,-94.37273,63.56919,-95.02809
13.52,62.913830000000004,-95.35578,62.25848,-95.0281,63.56918,-95.68346
13.54,63.241515,-95.35578,62.91384,-95.68346,63.56919,-95.0281
13.56,63.24152,-95.355775,62.91384,-95.02809,63.5692,-95.68346
13.58,63.56919499999999,-95.35578,62.91384,-95.0281,64.22455,-95.68346
13.6,64.22456,-95.35578,62.91384,-95.0281,65.53528,-95.68346
13.62,91.422285,-98.960235,81.91943,-97.64952,100.92514,-100.27095
13.64,102.56356,-99.28791,102.89127,-100.27095,102.23585,-98.30487
13.66,102.23586,-96.666475,101.5805,-96.99415,102.89122,-96.3388
13.68,102.563545,-96.99416,102.23587,-96.99416,102.89122,-96.99416
13.7,102.891235,-96.3388,102.23588,-96.3388,103.54659,-96.3388
13.72,102.891235,-96.338815,102.23588,-96.33881,103.54659,-96.33882
13.74,103.54659,-96.994185,102.89124,-96.99418,104.20194,-96.99419
13.76,103.546585,-97.97723500000001,102.89123,-97.64955,104.20194,-98.30492
13.78,103.874275,-98.632605,103.5466,-98.30492,104.20195,-98.96029
13.8,103.21891,-99.28797,102.89124,-98.96029,103.54658,-99.61565
13.82,113.377095,-99.61563000000001,106.82341,-98.96029,119.93078,-100.27097
13.84,125.173745,-99.94327,125.17376,-100.92631,125.17373,-98.96023
13.86,124.84605,-97.32182,124.51837,-97.6495,125.17373,-96.99414
13.88,124.846055,-96.994145,124.51838,-96.99414,125.17373,-96.99415
13.9,124.84604999999999,-97.321825,125.17374,-96.99414,124.51836,-97.64951
13.92,125.17373,-97.64952,124.51837,-97.64952,125.82909,-97.64952
13.94,124.84604999999999,-97.64952,124.51838,-97.64952,125.17372,-97.64952
13.96,125.50140999999999,-96.99416,125.17373,-96.99416,125.82909,-96.99416
13.98,124.518375,-96.666485,123.86302,-96.3388,125.17373,-96.99417
14.0,128.778235,-97.321835,125.17374,-96.99416,132.38273,-97.64951
14.02,144.507105,-98.304845,142.8687,-98.30485,146.14551,-98.30484
14.04,144.507085,-96.66644,144.17941,-96.99412,144.83476,-96.33876
14.06,144.50708,-95.6834,144.17941,-95.6834,144.83475,-95.6834
14.08,144.507075,-95.68341,144.1794,-95.68341,144.83475,-95.68341
14.1,144.179395,-96.01109,143.52404,-96.33877,144.83475,-95.68341
14.12,144.179395,-96.0111,144.1794,-95.68342,144.17939,-96.33878
14.14,143.52404,-96.0111,142.86869,-95.68342,144.17939,-96.33878
14.16,143.52403500000003,-95.683425,143.52404,-95.68342,143.52403,-95.68343
14.18,143.196355,-96.01111,142.86868,-95.68343,143.52403,-96.33879
14.2,143.19635,-96.01111,142.86867,-96.33879,143.52403,-95.68343
14.22,142.54099000000002,-96.011115,142.21332,-96.33879,142.86866,-95.68344
14.24,142.213305,-96.3388,141.55795,-96.3388,142.86866,-96.3388
14.26,156.303745,-99.28792,150.73309,-98.30489,161.8744,-100.27095
14.28,162.20207,-99.28790000000001,162.52978,-99.61558,161.87436,-98.96022
14.3,161.87435499999998,-99.287915,161.219,-98.96023,162.52971,-99.6156
14.32,161.546655,-100.598645,161.21899,-100.27096,161.87432,-100.92633
14.34,160.563585,-103.2201,160.5636,-102.23706,160.56357,-104.20314
14.36,160.891255,-104.858515,159.90822,-104.20315,161.87429,-105.51388
14.38,160.56356499999998,-106.169245,160.56358,-105.51388,160.56355,-106.82461
14.4,132.71044,-112.722875,150.73305,-108.79069,114.68783,-116.65506
14.42,38.665485000000004,-132.383015,66.19064,-126.48388,11.14033,-138.28215
14.44,14.417135,-167.118435,5.89746,-157.94325,22.93681,-176.29362
14.46,22.281455,-173.672165,24.24754,-175.63828,20.31537,-171.70605
14.48,18.021615,-165.48005,18.3493,-167.11848,17.69393,-163.84162
14.5,16.055535,-157.94331,16.38322,-159.25405,15.72785,-156.63257
14.52,14.417135,-151.061965,14.41714,-152.70038,14.41713,-149.42355
14.54,13.106415,-146.14670999999998,13.76178,-147.45744,12.45105,-144.83598
14.56,11.140335,-143.52525500000002,11.14034,-144.18062,11.14033,-142.86989
14.58,10.812655,-140.903785,9.82962,-141.55915,11.79569,-140.24842
14.6,15.400175,-140.24841500000002,11.14034,-139.59305,19.66001,-140.90378
14.62,26.213614999999997,-139.593035,26.21362,-140.24841,26.21361,-138.93766
14.64,23.592174999999997,-136.64388000000002,23.59218,-136.97156,23.59217,-136.3162
14.66,23.592175,-134.677795,22.93682,-135.00548,24.24753,-134.35011
14.68,22.936815000000003,-132.38402,22.93682,-132.38402,22.93681,-132.38402
14.7,23.592174999999997,-131.40096499999999,22.28146,-131.72865,24.90289,-131.07328
14.72,24.902895,-130.090245,24.9029,-130.41792,24.90289,-129.76257
14.74,23.919855,-129.43489,23.59218,-129.76257,24.24753,-129.10721
14.76,22.281455,-129.434885,22.28146,-129.1072,22.28145,-129.76257
14.78,21.298415,-129.76257500000003,20.97074,-129.76257,21.62609,-129.76258
14.8,47.840495000000004,-132.71167,33.42258,-131.07329,62.25841,-134.35005
14.82,81.91929999999999,-135.33307000000002,80.60858,-135.00539,83.23002,-135.66075
14.84,80.936235,-132.38394,80.60856,-133.0393,81.26391,-131.72858
14.86,80.280885,-132.056265,79.95321,-131.72858,80.60856,-132.38395
14.88,79.62550999999999,-131.40091,79.29784,-131.07323,79.95318,-131.72859
14.9,78.97015,-131.07323,78.64248,-131.07323,79.29782,-131.07323
14.92,78.64246,-130.41787499999998,78.64246,-130.41787,78.64246,-130.41788
14.94,77.65941000000001,-130.090195,77.33174,-130.41787,77.98708,-129.76252
14.96,77.6594,-129.762515,77.33173,-129.76251,77.98707,-129.76252
14.98,77.331725,-129.43484,76.67637,-129.76252,77.98708,-129.10716
15.0,76.34868,-129.43484,76.02101,-129.10716,76.67635,-129.76252
15.02,75.6933,-129.76252,75.36563,-129.76252,76.02097,-129.76252
15.04,76.02097499999999,-130.41788,76.02098,-130.41788,76.02097,-130.41788
15.06,75.693295,-131.40093000000002,75.36562,-131.07325,76.02097,-131.72861
15.08,68.48433499999999,-134.35005,70.7781,-133.03933,66.19057,-135.66077
15.1,65.862895,-134.677725,64.87986,-135.00541,66.84593,-134.35004
15.12,66.190575,-134.35004,66.19058,-134.35004,66.19057,-134.35004
15.14,65.535215,-134.022355,64.87986,-134.35003,66.19057,-133.69468
15.16,66.190575,-133.36700000000002,66.19058,-133.03932,66.19057,-133.69468
15.18,66.518255,-133.36700000000002,66.19058,-133.03932,66.84593,-133.69468
15.2,65.862895,-134.02236,65.53522,-133.69468,66.19057,-134.35004
15.22,65.862895,-134.67773,65.53522,-134.35004,66.19057,-135.00542
15.24,80.280865,-136.971475,69.46738,-135.66077,91.09435,-138.28218
15.26,122.22440499999999,-140.2482,116.65379,-140.24821,127.79502,-140.24819
15.28,125.173505,-135.988325,125.17352,-136.97137,125.17349,-135.00528
15.3,125.50119000000001,-134.677615,125.17352,-135.00529,125.82886,-134.34994
15.32,126.15655,-133.366895,125.82888,-133.69457,126.48422,-133.03922
15.34,126.15655,-132.711545,125.82887,-133.03922,126.48423,-132.38387
15.36,126.156545,-132.05619000000002,125.82887,-132.38387,126.48422,-131.72851
15.38,126.156555,-131.72851500000002,125.82888,-131.72851,126.48423,-131.72852
15.4,126.81191,-131.400835,125.82888,-131.72852,127.79494,-131.07315
15.42,127.467275,-130.417795,127.1396,-130.41779,127.79495,-130.4178
15.44,127.467275,-129.43475999999998,127.1396,-129.76244,127.79495,-129.10708
15.46,127.467285,-129.10708499999998,127.13961,-129.10708,127.79496,-129.10709
15.48,131.72714000000002,-131.07318,127.79497,-129.76246,135.65931,-132.3839
15.5,157.61427500000002,-135.00530500000002,152.04363,-134.34996,163.18492,-135.66065
15.52,161.21877,-131.72848,161.21879,-132.38384,161.21875,-131.07312
15.54,162.20181000000002,-129.7624,161.87414,-129.7624,162.52948,-129.7624
15.56,162.52948500000002,-129.107045,161.87413,-129.10704,163.18484,-129.10705
15.58,162.85716000000002,-127.79633,162.52949,-127.79633,163.18483,-127.79633
15.6,162.857165,-126.81328,162.52949,-127.14096,163.18484,-126.4856
15.62,162.2018,-125.83024,161.87412,-125.83024,162.52948,-125.83024
15.64,162.201795,-125.17488,161.87412,-125.17488,162.52947,-125.17488
15.66,162.529475,-124.519525,161.87412,-124.51952,163.18483,-124.51953
15.68,162.52947,-123.86416,161.87412,-123.86416,163.18482,-123.86416
15.7,128.778055,-133.36695500000002,148.11139,-129.10708,109.44472,-137.62683
15.72,73.72723500000001,-137.29917,75.36566,-138.93757,72.08881,-135.66077
15.74,78.9701,-131.72859499999998,77.98706,-131.7286,79.95314,-131.72859
15.76,77.659375,-130.74556,77.3317,-131.07324,77.98705,-130.41788
15.78,77.987055,-130.090205,77.3317,-129.76252,78.64241,-130.41789
15.8,15.072495,-131.40095,77.98706,-130.4179,-47.84207,-132.384
15.82,78.970095,-134.022415,78.64242,-133.69473,79.29777,-134.3501
15.84,79.297775,-136.31621,78.64242,-135.66084,79.95313,-136.97158
15.86,79.953135,-139.59305,79.29778,-138.28231,80.60849,-140.90379
15.88,52.428015,-160.56477999999998,69.46738,-150.0789,35.38865,-171.05066
15.9,36.371695,-203.81914999999998,23.59218,-194.64396,49.15121,-212.99434
15.92,65.535215,-228.06781,62.25842,-228.0678,68.81201,-228.06782
15.94,59.964655,-217.58197,62.91378,-220.8588,57.01553,-214.30514
15.96,50.134254999999996,-206.440705,51.1173,-209.06218,49.15121,-203.81923
15.98,41.286895,-197.265515,43.90834,-198.57627,38.66545,-195.95476
16.0,32.111855,-190.711795,32.76722,-192.02254,31.45649,-189.40105
16.02,29.490415,-186.45188000000002,29.49042,-187.43493,29.49041,-185.46883
16.04,28.179695000000002,-182.84737,28.1797,-183.50274,28.17969,-182.192
16.06,13.434095,-182.84734500000002,17.03858,-182.84735,9.82961,-182.84734
16.08,9.829615,-179.24282499999998,9.17426,-180.88124,10.48497,-177.60441
16.1,9.174255,-175.96598,9.82962,-176.29366,8.51889,-175.6383
16.12,8.191215,-173.99988000000002,7.86354,-174.32756,8.51889,-173.6722
16.14,7.863535000000001,-171.706095,7.20818,-172.36146,8.51889,-171.05073
16.16,7.535855,-170.06768,7.20818,-170.39536,7.86353,-169.74
16.18,7.535855,-168.10159,7.20818,-168.42927,7.86353,-167.77391
16.2,7.535855,-167.11854,7.20818,-167.11854,7.86353,-167.11854
16.22,7.208175,-165.480135,7.20818,-165.80782,7.20817,-165.15245
16.24,6.880495,-164.497085,6.55282,-164.49708,7.20817,-164.49709
16.26,41.286895,-164.497055,22.93682,-164.49707,59.63697,-164.49704
16.28,64.552175,-162.858615,64.87986,-163.1863,64.22449,-162.53093
16.3,63.896815000000004,-163.514,63.56914,-161.87558,64.22449,-165.15242
16.32,64.224495,-165.4801,63.56914,-165.80778,64.87985,-165.15242
16.34,64.87985499999999,-163.18633,64.87986,-163.18633,64.87985,-163.18633
16.36,64.224495,-161.8756,64.2245,-161.8756,64.22449,-161.8756
16.38,64.552175,-159.90951,64.2245,-160.56487,64.87985,-159.25415
16.4,63.569135,-159.25414,62.91378,-159.25414,64.22449,-159.25414
16.42,63.896815000000004,-158.2711,63.56914,-158.59878,64.22449,-157.94342
16.44,63.241455,-157.28805499999999,62.91378,-157.28805,63.56913,-157.28806
16.46,64.87985499999999,-156.96037,62.91378,-157.28805,66.84593,-156.63269
16.48,84.868335,-156.304955,79.29778,-155.97729,90.43889,-156.63262
16.5,91.42193499999999,-154.33884999999998,91.74962,-154.66653,91.09425,-154.01117
16.52,90.766575,-153.02812999999998,90.4389,-152.70045,91.09425,-153.35581
16.54,90.111215,-152.37277999999998,89.78354,-152.70046,90.43889,-152.0451
16.56,90.438895,-152.045115,89.78354,-152.04511,91.09425,-152.04512
16.58,91.094255,-151.717435,90.4389,-151.38975,91.74961,-152.04512
16.6,90.766575,-152.04512499999998,90.4389,-152.04512,91.09425,-152.04513
16.62,91.094255,-152.04512499999998,90.4389,-151.38976,91.74961,-152.70049
16.64,92.07729499999999,-153.028175,91.74962,-152.70049,92.40497,-153.35586
16.66,92.07729499999999,-154.338905,91.74962,-154.01122,92.40497,-154.66659
16.68,92.404975,-155.649635,91.74962,-155.32195,93.06033,-155.97732
16.7,107.80597499999999,-159.254095,98.30322,-157.94339,117.30873,-160.5648
16.72,125.17317,-158.926365,125.82856,-159.90941,124.51778,-157.94332
16.74,124.1901,-155.32187,123.86242,-155.32187,124.51778,-155.32187
16.76,124.51779,-154.66652,123.86244,-154.66652,125.17314,-154.66652
16.78,124.51779,-154.33884,123.86243,-154.01116,125.17315,-154.66652
16.8,124.517795,-154.666515,123.86244,-154.01115,125.17315,-155.32188
16.82,123.86243,-154.99419999999998,123.86243,-154.66652,123.86243,-155.32188
16.84,123.862425,-154.66652,123.20707,-154.66652,124.51778,-154.66652
16.86,124.190115,-154.01115,123.86244,-154.01115,124.51779,-154.01115
16.88,124.190125,-154.33882999999997,123.86245,-154.01115,124.5178,-154.66651
16.9,123.534765,-154.011145,123.20709,-154.01115,123.86244,-154.01114
16.92,123.534765,-153.355785,123.20709,-152.70042,123.86244,-154.01115
16.94,123.53476,-154.011145,123.20709,-154.01114,123.86243,-154.01115
16.96,123.53476,-153.68346000000003,123.20709,-154.01114,123.86243,-153.35578
16.98,123.53476,-154.011145,123.20709,-154.01114,123.86243,-154.01115
17.0,123.207075,-152.70042,123.20708,-152.70042,123.20707,-152.70042
17.02,123.862435,-153.0281,123.20708,-152.70042,124.51779,-153.35578
17.04,128.45001,-152.045025,127.79465,-152.70039,129.10537,-151.38966
17.06,127.466965,-149.751245,127.13929,-150.07893,127.79464,-149.42356
17.08,127.79466,-148.44052,127.79467,-148.7682,127.79465,-148.11284
17.1,126.81162499999999,-147.12977999999998,126.48395,-147.45746,127.1393,-146.8021
17.12,126.81162499999999,-146.474425,126.48395,-146.14674,127.1393,-146.80211
17.14,125.82856,-140.576135,126.48395,-146.14675,125.17317,-135.00552
17.16,113.04897,-100.59865500000001,117.30879,-112.06761,108.78915,-89.1297
17.18,106.16781,-71.76246,106.16779,-76.02233,106.16783,-67.50259
17.2,104.201765,-62.58734,104.20177,-63.57039,104.20176,-61.60429
17.22,104.201775,-59.31052,103.54642,-59.6382,104.85713,-58.98284
17.24,103.874095,-58.32748,103.54642,-58.32748,104.20177,-58.32748
17.26,103.546415,-57.9998,102.89106,-58.32748,104.20177,-57.67212
17.28,102.89106,-57.999795000000006,102.23571,-57.67211,103.54641,-58.32748
17.3,103.87409,-61.932005000000004,102.89106,-59.63822,104.85712,-64.22579
17.32,108.789185,-89.12976499999999,107.47853,-76.67777,110.09984,-101.58176
17.34,82.57457500000001,-152.372655,95.68178,-137.62692,69.46737,-167.11839
17.36,37.682415,-155.977265,36.69938,-165.80773,38.66545,-146.1468
17.38,25.558255,-124.519635,30.14578,-129.7626,20.97073,-119.27667
17.4,14.744815,-101.58171999999999,15.72786,-106.82467,13.76177,-96.33877
17.42,10.812655,-81.59300999999999,11.7957,-85.85289,9.82961,-77.33313
17.44,5.242095,-66.84725,6.55282,-69.46872,3.93137,-64.22578
17.46,1.309935,-58.655155,1.30994,-60.29357,1.30993,-57.01674
17.48,0.32689499999999905,-55.050619999999995,0.65458,-55.70599,-0.000790000000002,-54.39525
17.5,-2.294545,-51.773795,-2.62222,-51.7738,-1.96687,-51.77379
17.52,-2.294545,-50.790735,-2.62222,-51.11842,-1.96687,-50.46305
17.54,22.936815000000003,-43.909375,11.7957,-46.53085,34.07793,-41.2879
17.56,35.716335,-36.37263,36.04402,-38.01104,35.38865,-34.73422
17.58,34.077935,-33.42349,34.07794,-33.42349,34.07793,-33.42349
17.6,33.094895,-33.423485,32.76722,-33.42349,33.42257,-33.42348
17.62,33.094895,-33.42348,32.76722,-33.42348,33.42257,-33.42348
17.64,33.422575,-33.095795,32.76722,-33.42347,34.07793,-32.76812
17.66,33.094895,-33.423485,32.76722,-33.42348,33.42257,-33.42349
17.68,31.784174999999998,-34.734210000000004,32.11186,-34.07885,31.45649,-35.38957
17.7,-13.107985,-38.011025000000004,-5.89902,-37.35567,-20.31695,-38.66638
17.72,-19.989265,-35.06188,-21.62766,-36.04493,-18.35087,-34.07883
17.74,-19.989265,-35.38955,-20.31694,-35.38955,-19.66159,-35.38955
17.76,-19.333905,-34.078835,-19.66158,-34.07883,-19.00623,-34.07884
17.78,-19.333905,-34.07883,-19.66158,-34.07883,-19.00623,-34.07883
17.8,-19.661585,-33.42346,-20.31694,-33.42346,-19.00623,-33.42346
17.82,-19.333905,-33.42346,-19.66158,-33.42346,-19.00623,-33.42346
17.84,-19.333905,-33.42346,-19.66158,-33.42346,-19.00623,-33.42346
17.86,-19.989265,-33.751145,-20.31694,-33.42346,-19.66159,-34.07883
17.88,-16.712464999999998,-34.078824999999995,-20.31694,-33.42346,-13.10799,-34.73419
17.9,56.687965,-35.38955,39.97618,-34.73419,73.39975,-36.04491
17.92,80.28111,-34.07882,81.26419,-36.04491,79.29803,-32.11273
17.94,78.642685,-29.491275,77.98732,-30.14663,79.29805,-28.83592
17.96,78.970375,-27.85287,78.6427,-28.18055,79.29805,-27.52519
17.98,78.970375,-26.54215,78.6427,-26.86983,79.29805,-26.21447
18.0,78.315015,-25.886789999999998,77.98734,-25.55911,78.64269,-26.21447
18.02,77.659665,-25.886789999999998,77.33199,-26.21447,77.98734,-25.55911
18.04,77.33199,-26.21447,76.67663,-26.21447,77.98735,-26.21447
18.06,77.331995,-25.55912,76.67664,-25.55912,77.98735,-25.55912
18.08,75.365905,-25.55912,76.67664,-24.90376,74.05517,-26.21448
18.1,57.99865,-29.16361,60.29245,-28.83593,55.70485,-29.49129
18.12,57.998670000000004,-26.21447,57.01563,-26.21447,58.98171,-26.21447
18.14,57.343305,-26.54216,57.01563,-26.86984,57.67098,-26.21448
18.16,57.34331,-25.55912,57.01564,-25.55912,57.67098,-25.55912
18.18,57.670995,-25.231445,57.01564,-24.90376,58.32635,-25.55913
18.2,56.68795,-25.231450000000002,56.36028,-24.90377,57.01562,-25.55913
18.22,57.015640000000005,-24.90377,56.36028,-24.90377,57.671,-24.90377
18.24,57.343325,-24.248415,57.01565,-24.24841,57.671,-24.24842
18.26,57.015645,-23.920740000000002,56.36029,-23.59306,57.671,-24.24842
18.28,57.343325,-24.24843,57.01565,-24.24843,57.671,-24.24843
18.3,57.998689999999996,-23.920749999999998,57.01565,-23.59307,58.98173,-24.24843
18.32,77.987405,-25.55914,72.74446,-25.55915,83.23035,-25.55913
18.34,80.60887,-22.937669999999997,80.60888,-23.59303,80.60886,-22.28231
18.36,79.953495,-22.93768,79.95351,-22.28232,79.95348,-23.59304
18.38,54.721875,-29.163605,65.53542,-26.86984,43.90833,-31.45737
18.4,40.959215,-29.163600000000002,38.66546,-30.14665,43.25297,-28.18055
18.42,43.252975,-27.52519,43.25298,-27.52519,43.25297,-27.52519
18.44,43.580655,-26.86983,43.25298,-26.86983,43.90833,-26.86983
18.46,44.236015,-26.214460000000003,43.25298,-26.86982,45.21905,-25.5591
18.48,44.891375,-25.88678,44.5637,-25.5591,45.21905,-26.21446
18.5,44.891375,-25.886785,44.5637,-25.5591,45.21905,-26.21447
18.52,45.219055,-26.54215,45.21906,-26.21447,45.21905,-26.86983
18.54,44.236015,-26.869835000000002,43.90834,-26.21447,44.56369,-27.5252
18.56,30.473455,-29.81896,36.04402,-29.49128,24.90289,-30.14664
18.58,28.835055,-27.852865,26.86898,-28.18055,30.80113,-27.52518
18.6,29.490415,-27.52518,28.83506,-27.52518,30.14577,-27.52518
18.62,29.490415,-26.54214,28.83506,-26.21446,30.14577,-26.86982
18.64,29.162734999999998,-26.542144999999998,28.83506,-26.21446,29.49041,-26.86983
18.66,28.835054999999997,-27.525190000000002,28.83506,-26.86983,28.83505,-28.18055
18.68,29.818095,-27.852874999999997,28.83506,-27.52519,30.80113,-28.18056
18.7,30.473455,-28.835925000000003,30.14578,-28.83592,30.80113,-28.83593
18.72,28.835055,-29.163605,30.80114,-28.83592,26.86897,-29.49129
18.74,-17.367825,-31.785035,-13.10798,-31.45736,-21.62767,-32.11271
18.76,-19.333905,-27.852845000000002,-20.31694,-28.83589,-18.35087,-26.8698
18.78,-19.661585,-26.21444,-20.31694,-26.21444,-19.00623,-26.21444
18.8,-20.316944999999997,-25.55908,-20.31694,-25.55908,-20.31695,-25.55908
18.82,-20.316945,-24.576045,-20.9723,-24.24836,-19.66159,-24.90373
18.84,-19.989265,-24.24837,-20.31694,-24.24837,-19.66159,-24.24837
18.86,-19.333905,-23.26533,-19.66158,-22.93765,-19.00623,-23.59301
18.88,-19.661585,-22.937645,-20.31694,-22.93765,-19.00623,-22.93764
18.9,-4.260625,-21.954605,-19.66158,-21.62693,11.14033,-22.28228
18.92,67.82927000000001,-22.28227,55.70497,-22.28228,79.95357,-22.28226
18.94,79.29819499999999,-18.67775,79.95359,-20.31616,78.6428,-17.03934
18.96,77.65978,-15.07327,77.3321,-15.07327,77.98746,-15.07327
18.98,77.004415,-15.07328,76.67674,-15.07328,77.33209,-15.07328
19.0,77.004415,-14.090245,76.67674,-14.41792,77.33209,-13.76257
19.02,77.004415,-14.090254999999999,76.67674,-13.76257,77.33209,-14.41794
19.04,76.676735,-13.76258,76.02138,-13.76258,77.33209,-13.76258
19.06,75.69369,-14.417945,75.36602,-14.41794,76.02136,-14.41795
19.08,76.34905499999999,-14.745640000000002,76.02138,-14.41796,76.67673,-15.07332
19.1,76.34905499999999,-15.07332,76.67675,-15.07332,76.02136,-15.07332
19.12,59.96487,-20.971600000000002,63.56941,-20.31623,56.36033,-21.62697
19.14,58.981809999999996,-19.005515000000003,57.67109,-19.00552,60.29253,-19.00551
19.16,58.981815,-19.005515000000003,58.32646,-19.00551,59.63717,-19.00552
19.18,59.3095,-19.333195,58.98182,-19.00551,59.63718,-19.66088
19.2,58.98182,-19.66088,58.32646,-19.66088,59.63718,-19.66088
19.22,59.309495,-19.988565,58.98182,-19.66088,59.63717,-20.31625
19.24,59.96485,-20.643929999999997,58.98182,-20.31625,60.94788,-20.97161
19.26,60.6202,-21.954655000000002,60.29253,-21.62697,60.94787,-22.28234
19.28,60.947875,-23.593055,60.29252,-22.93769,61.60323,-24.24842
19.3,50.789685,-28.180585,57.67104,-26.21451,43.90833,-30.14666
19.32,38.337775,-29.818975000000002,36.04402,-30.80202,40.63153,-28.83593
19.34,40.959215,-27.85288,40.63154,-27.5252,41.28689,-28.18056
19.36,41.614575,-27.19752,41.2869,-26.86984,41.94225,-27.5252
19.38,41.614575,-26.86984,41.2869,-26.86984,41.94225,-26.86984
19.4,41.614575,-27.5252,41.2869,-27.5252,41.94225,-27.5252
19.42,41.942255,-28.180565,41.2869,-28.18056,42.59761,-28.18057
19.44,42.269935000000004,-27.52521,41.94226,-27.52521,42.59761,-27.52521
19.46,42.269935000000004,-26.869844999999998,41.94226,-26.86985,42.59761,-26.86984
19.48,41.942255,-26.54217,41.2869,-26.21449,42.59761,-26.86985
19.5,59.309425000000005,-26.214495,46.52978,-24.90377,72.08907,-27.52522
19.52,98.303845,-28.18056,96.99312,-29.49129,99.61457,-26.86983
19.54,96.6654,-22.609965,96.33772,-22.93764,96.99308,-22.28229
19.56,96.337725,-21.954605,95.68238,-22.28228,96.99307,-21.62693
19.58,96.010035,-21.954615,95.68236,-21.62693,96.33771,-22.2823
19.6,96.010035,-21.62694,95.68236,-21.62694,96.33771,-21.62694
19.62,96.337725,-21.29926,95.68237,-20.97158,96.99308,-21.62694
19.64,95.682355,-20.971584999999997,95.027,-20.97158,96.33771,-20.97159
19.66,96.010045,-20.643905,95.68237,-20.31622,96.33772,-20.97159
19.68,96.993085,-20.643909999999998,96.33773,-20.31623,97.64844,-20.97159
19.7,96.337725,-21.29928,95.68237,-20.9716,96.99308,-21.62696
19.72,106.82364000000001,-23.26536,100.26994,-22.28232,113.37734,-24.2484
19.74,115.671125,-23.593025,116.6542,-24.24839,114.68805,-22.93766
19.76,114.36037999999999,-21.299255000000002,114.0327,-20.97157,114.68806,-21.62694
19.78,114.36037999999999,-20.643909999999998,114.03271,-20.97159,114.68805,-20.31623
19.8,115.015745,-20.31622,114.68807,-19.66086,115.34342,-20.97158
19.82,115.343425,-20.316235,114.68807,-20.31623,115.99878,-20.31624
19.84,115.015745,-20.9716,114.68807,-20.9716,115.34342,-20.9716
19.86,114.68805499999999,-20.316245000000002,114.68806,-20.31624,114.68805,-20.31625
19.88,127.795415,-22.937685000000002,118.62025,-21.62696,136.97058,-24.24841
19.9,144.17964,-23.265345,144.83504,-24.24839,143.52424,-22.2823
19.92,142.213515,-19.98853,141.55815,-20.31621,142.86888,-19.66085
19.94,142.5412,-19.333170000000003,142.21353,-19.66085,142.86887,-19.00549
19.96,142.5412,-18.350135,142.21352,-18.35013,142.86888,-18.35014
19.98,142.541195,-18.350135,142.21352,-18.35013,142.86887,-18.35014
20.0,141.885835,-17.367095,141.55816,-17.69477,142.21351,-17.03942
20.02,141.88583,-16.38405,141.55816,-16.38405,142.2135,-16.38405
20.04,141.88583,-15.07333,141.55815,-15.07333,142.21351,-15.07333
20.06,141.558155,-15.401019999999999,141.55816,-15.07334,141.55815,-15.7287
20.08,96.010085,-29.49134,118.62029,-22.28235,73.39988,-36.70033
20.1,17.693935,-42.92627,28.83506,-44.56468,6.55281,-41.28786
20.12,20.643055,-35.061904999999996,20.31538,-34.73423,20.97073,-35.38958
20.14,15.727855,-35.061904999999996,15.72786,-35.38959,15.72785,-34.73422
20.16,16.055535,-33.42349,15.72786,-33.42349,16.38321,-33.42349
20.18,16.055535,-33.423485,15.72786,-33.42348,16.38321,-33.42349
20.2,16.055535,-34.406530000000004,15.0725,-34.07885,17.03857,-34.73421
20.22,16.383215,-35.71725,15.72786,-35.38957,17.03857,-36.04493
20.24,16.383215,-36.372614999999996,17.03858,-36.04493,15.72785,-36.7003
20.26,18.021615,-36.700295,16.38322,-36.04493,19.66001,-37.35566
20.28,-17.367825,-42.270875000000004,1.9653,-39.97711,-36.70095,-44.56464
20.3,-38.667024999999995,-43.253905,-41.28846,-44.56463,-36.04559,-41.94318
20.32,-36.373265,-41.615494999999996,-36.70094,-41.28781,-36.04559,-41.94318
20.34,-35.717905,-41.6155,-36.04558,-41.28782,-35.39023,-41.94318
20.36,-35.717905,-41.6155,-36.04558,-41.28782,-35.39023,-41.94318
20.38,-36.045585,-41.6155,-36.04558,-41.28782,-36.04559,-41.94318
20.4,-35.390225,-41.28782,-36.04558,-41.28782,-34.73487,-41.28782
20.42,-36.373265,-41.287825,-36.70094,-41.28782,-36.04559,-41.28783
20.44,-35.717905,-41.28782,-36.04558,-41.28782,-35.39023,-41.28782
20.46,-36.373265,-41.287825,-37.3563,-41.28782,-35.39023,-41.28783
20.48,-35.717905,-40.96014,-36.04558,-40.63246,-35.39023,-41.28782
20.5,-35.717905,-40.960145,-36.04558,-40.63246,-35.39023,-41.28783
20.52,-26.215184999999998,-40.304784999999995,-35.39022,-41.28783,-17.04015,-39.32174
20.54,14.089455000000001,-38.66636,11.14034,-38.66636,17.03857,-38.66636
20.56,15.072495,-37.68331,14.41714,-37.35563,15.72785,-38.01099
20.58,16.383215,-38.01099,15.72786,-38.01099,17.03857,-38.01099
20.6,16.710895,-38.01099,16.38322,-38.01099,17.03857,-38.01099
20.62,17.366255000000002,-38.338674999999995,17.03858,-38.01099,17.69393,-38.66636
20.64,18.349295,-38.99403,17.69394,-38.66635,19.00465,-39.32171
20.66,19.332335,-39.321715,19.00466,-39.32171,19.66001,-39.32172
20.68,19.987695000000002,-39.6494,19.66002,-39.32172,20.31537,-39.97708
20.7,19.987695000000002,-39.6494,19.66002,-39.97708,20.31537,-39.32172
20.72,20.315375,-39.32172,19.66002,-39.32172,20.97073,-39.32172
20.74,19.987695000000002,-39.321725,19.66002,-38.66636,20.31537,-39.97709
20.76,20.315375000000003,-39.649405,19.00466,-39.32172,21.62609,-39.97709
20.78,52.428135,-41.287819999999996,40.63154,-40.63246,64.22473,-41.94318
20.8,74.71061499999999,-41.287805000000006,75.366,-41.94317,74.05523,-40.63244
20.82,73.072175,-38.66636,72.7445,-38.66636,73.39985,-38.66636
20.84,73.07218,-38.33869,72.74451,-38.66637,73.39985,-38.01101
20.86,72.41681,-38.01101,72.08914,-38.01101,72.74448,-38.01101
20.88,71.76145,-37.35566,71.43378,-37.35566,72.08912,-37.35566
20.9,71.761445,-37.02798,71.43377,-36.7003,72.08912,-37.35566
20.92,71.761445,-37.027985,71.43377,-36.7003,72.08912,-37.35567
20.94,71.10608500000001,-37.02799,70.77841,-37.35567,71.43376,-36.70031
20.96,71.76145,-37.02799,71.43377,-36.70031,72.08913,-37.35567
20.98,71.10608500000001,-37.027995000000004,70.77841,-36.70031,71.43376,-37.35568
21.0,71.433765,-36.372640000000004,70.77841,-36.04496,72.08912,-36.70032
21.02,72.08911499999999,-37.683375,71.43377,-37.35569,72.74446,-38.01106
21.04,72.089095,-38.994105000000005,71.43375,-38.66642,72.74444,-39.32179
21.06,72.416765,-40.30483,71.43373,-39.97715,73.3998,-40.63251
21.08,94.699255,-43.909315,81.26419,-41.94323,108.13432,-45.8754
21.1,122.55246,-46.530744999999996,123.20786,-47.84147,121.89706,-45.22002
21.12,120.258635,-41.943195,119.27559,-41.9432,121.24168,-41.94319
21.14,120.914,-40.63248,120.58633,-40.63248,121.24167,-40.63248
21.16,120.913995,-38.99407,120.58632,-39.32175,121.24167,-38.66639
21.18,120.586315,-38.66638,119.93096,-38.66638,121.24167,-38.66638
21.2,120.58631,-38.01102,119.93096,-38.01102,121.24166,-38.01102
21.22,120.913985,-37.68333,120.58631,-38.01101,121.24166,-37.35565
21.24,120.913985,-36.3726,120.58631,-36.04492,121.24166,-36.70028
21.26,120.91399,-36.04492,120.58631,-36.04492,121.24167,-36.04492
21.28,120.58631,-35.06187,120.58632,-35.38955,120.5863,-34.73419
21.3,120.913995,-34.07883,120.58632,-34.07883,121.24167,-34.07883
21.32,120.586315,-33.423465,120.58632,-33.42346,120.58631,-33.42347
21.34,120.58631,-32.44043,120.58632,-32.11275,120.5863,-32.76811
21.36,121.569355,-32.440435,119.93095,-32.11275,123.20776,-32.76812
21.38,131.072225,-32.768100000000004,129.76149,-33.42346,132.38296,-32.11274
21.4,130.74453499999998,-30.47432,131.07222,-30.802,130.41685,-30.14664
21.42,131.07222,-29.49128,130.41687,-29.49128,131.72757,-29.49128
21.44,131.3999,-28.180555,131.07223,-28.18055,131.72757,-28.18056
21.46,130.41685,-28.50824,129.7615,-28.83592,131.0722,-28.18056
21.48,131.39989,-27.85288,131.07222,-27.5252,131.72756,-28.18056
21.5,131.0722,-28.180565,130.41685,-28.18056,131.72755,-28.18057
21.52,130.416835,-27.5252,129.76148,-27.5252,131.07219,-27.5252
21.54,130.744515,-27.852885,130.41684,-27.5252,131.07219,-28.18057
21.56,123.863155,-29.81899,130.41684,-28.18057,117.30947,-31.45741
21.58,62.58628,-45.8754,80.60887,-42.59858,44.56369,-49.15222
21.6,43.252975,-42.59859,39.32082,-45.22004,47.18513,-39.97714
21.62,46.857455,-39.649455,47.18514,-39.97714,46.52977,-39.32177
21.64,47.185135,-38.011055,46.52978,-38.66641,47.84049,-37.3557
21.66,48.823535,-37.355695,47.8405,-37.35569,49.80657,-37.3557
21.68,49.806575,-36.70034,49.15122,-36.70034,50.46193,-36.70034
21.7,50.461935,-36.700345,49.80658,-36.04498,51.11729,-37.35571
21.72,51.444975,-37.028035,51.1173,-36.70035,51.77265,-37.35572
21.74,51.772655,-37.683405,51.1173,-37.35572,52.42801,-38.01109
21.76,52.755695,-38.011089999999996,52.42802,-37.35573,53.08337,-38.66645
21.78,52.428015,-39.977175,53.08338,-39.32181,51.77265,-40.63254
21.8,31.456495000000004,-48.49689,38.66546,-46.5308,24.24753,-50.46298
21.82,31.456495,-48.496875,28.83506,-49.15224,34.07793,-47.84151
21.84,32.439535,-48.824555000000004,32.11186,-48.49687,32.76721,-49.15224
21.86,33.75153,-48.496875,32.76977,-48.49687,34.73329,-48.49688
21.88,34.405615,-48.49688,34.07794,-48.49688,34.73329,-48.49688
21.9,34.077935,-48.82456,33.42258,-48.49688,34.73329,-49.15224
21.92,34.733295,-48.496885000000006,34.7333,-47.84152,34.73329,-49.15225
21.94,33.422575,-49.80762,32.76722,-49.80761,34.07793,-49.80763
21.96,33.750255,-51.446039999999996,33.42258,-50.46299,34.07793,-52.42909
21.98,-7.865105,-58.655035,3.93138,-57.01663,-19.66159,-60.29344
22.0,-14.418705,-58.327344999999994,-17.04014,-58.98271,-11.79727,-57.67198
22.02,-12.780304999999998,-56.68894,-13.10798,-56.36126,-12.45263,-57.01662
22.04,-12.780304999999998,-56.361255,-13.10798,-56.36125,-12.45263,-56.36126
22.06,-12.452625,-56.361265,-13.10798,-56.36126,-11.79727,-56.36127
22.08,-12.780304999999998,-56.36127,-13.10798,-56.36127,-12.45263,-56.36127
22.1,-12.124945,-56.68895,-12.45262,-56.36127,-11.79727,-57.01663
22.12,-12.124945,-57.01664,-13.10798,-57.01664,-11.14191,-57.01664
22.14,-11.469584999999999,-57.344319999999996,-11.79726,-57.01664,-11.14191,-57.672
22.16,-10.486545,-57.344319999999996,-11.1419,-57.672,-9.83119,-57.01664
22.18,-9.503505,-57.01664,-9.83118,-57.01664,-9.17583,-57.01664
22.2,-6.882065,-56.36128,-10.48654,-56.36128,-3.27759,-56.36128
22.22,51.77269,-55.050520000000006,39.32082,-55.05053,64.22456,-55.05051
22.24,73.073305,-54.067454999999995,73.39974,-55.0505,72.74687,-53.08441
22.26,70.45054999999999,-51.77369,70.12287,-51.77369,70.77823,-51.77369
22.28,70.122875,-51.11834,70.12288,-51.11834,70.12287,-51.11834
22.3,69.7952,-50.135295,69.46752,-50.46297,70.12288,-49.80762
22.32,69.795195,-49.80762,69.46752,-49.80762,70.12287,-49.80762
22.34,69.795195,-49.152255,69.46752,-49.15225,70.12287,-49.15226
22.36,69.13983999999999,-48.82458,68.81217,-48.4969,69.46751,-49.15226
22.38,69.139845,-48.82458,68.81217,-48.4969,69.46752,-49.15226
22.4,69.46753,-48.4969,69.46753,-48.4969,69.46753,-48.4969
22.42,68.484415,-48.49691,68.15666,-48.49691,68.81217,-48.49691
22.44,68.4845,-49.479955000000004,68.81219,-49.15227,68.15681,-49.80764
22.46,67.50145,-49.47996,66.84609,-49.80764,68.15681,-49.15228
22.48,67.173775,-49.479965,66.8461,-49.15228,67.50145,-49.80765
22.5,68.156815,-49.479965,67.50146,-49.80764,68.81217,-49.15229
22.52,74.382815,-50.463015,68.15683,-49.80765,80.6088,-51.11838
22.54,96.66538,-53.412125,95.02697,-53.73981,98.30379,-53.08444
22.56,96.33767,-51.11836,95.68231,-51.11836,96.99303,-51.11836
22.58,96.00999,-50.463004999999995,95.68232,-50.463,96.33766,-50.46301
22.6,96.009985,-50.46301,95.68231,-50.46301,96.33766,-50.46301
22.62,97.3207,-50.463015,96.99303,-50.46301,97.64837,-50.46302
22.64,97.97605,-51.118385,97.64838,-50.46302,98.30372,-51.77375
22.66,97.976045,-52.756795,97.64837,-52.42911,98.30372,-53.08448
22.68,98.6314,-53.412155,98.30372,-53.08447,98.95908,-53.73984
22.7,25.231075,-53.739845,98.30372,-53.08448,-47.84157,-54.39521
22.72,98.6314,-53.739845,98.30372,-53.08448,98.95908,-54.39521
22.74,98.631405,-53.41216,98.30373,-53.08448,98.95908,-53.73984
22.76,99.286765,-54.06753,98.95909,-53.73985,99.61444,-54.39521
22.78,99.286745,-54.395215,98.95907,-54.39521,99.61442,-54.39522
22.8,99.286745,-54.722899999999996,98.95907,-54.39522,99.61442,-55.05058
22.82,99.9421,-55.050585,99.61443,-55.05058,100.26977,-55.05059
22.84,99.942095,-55.05059,99.61442,-55.05059,100.26977,-55.05059
22.86,100.269775,-54.39523,99.61442,-54.39523,100.92513,-54.39523
22.88,115.01556,-57.344325,106.16808,-55.70593,123.86304,-58.98272
22.9,130.74441000000002,-58.655035,131.07212,-58.98272,130.4167,-58.32735
22.92,130.74437999999998,-56.36126,130.4167,-56.36126,131.07206,-56.36126
22.94,130.74439,-56.36126,130.41672,-56.36126,131.07206,-56.36126
22.96,130.744385,-55.7059,129.76135,-55.7059,131.72742,-55.7059
22.98,131.72744,-55.050545,131.07208,-55.05054,132.3828,-55.05055
23.0,131.727445,-54.72286,131.72745,-55.05054,131.72744,-54.39518
23.02,132.055125,-53.41214,131.72745,-53.73982,132.3828,-53.08446
23.04,132.71048000000002,-53.084465,132.38281,-53.08446,133.03815,-53.08447
23.06,132.710485,-54.067515,132.38281,-54.39519,133.03816,-53.73984
23.08,118.292395,-59.31044,129.76134,-55.05057,106.82345,-63.57031
23.1,59.30937,-74.38380000000001,68.15681,-73.40075,50.46193,-75.36685
23.12,57.015535,-67.17479,55.04946,-68.8132,58.98161,-65.53638
23.14,56.360175,-64.225635,57.01554,-64.881,55.70481,-63.57027
23.16,52.755714999999995,-61.604175,53.0834,-62.25954,52.42803,-60.94881
23.18,52.100365,-59.63807,51.77269,-60.29343,52.42804,-58.98271
23.2,53.41109,-57.999674999999996,52.42806,-58.32736,54.39412,-57.67199
23.22,55.049495,-57.01663,54.39414,-57.01663,55.70485,-57.01663
23.24,55.37717,-56.36128,55.0495,-56.36128,55.70484,-56.36128
23.26,53.738749999999996,-57.672015,55.04949,-56.36129,52.42801,-58.98274
23.28,20.315375,-60.948825,30.80114,-60.29346,9.82961,-61.60419
23.3,13.434095,-57.67201,11.7957,-58.32737,15.07249,-57.01665
23.32,14.089455000000001,-56.688964999999996,13.76178,-56.36128,14.41713,-57.01665
23.34,-17.040145,-56.3613,13.76178,-56.3613,-47.84207,-56.3613
23.36,14.089455000000001,-56.361315000000005,14.41714,-56.36131,13.76177,-56.36132
23.38,13.434095,-55.70596,13.10642,-55.70596,13.76177,-55.70596
23.4,14.744815,-55.0506,13.76178,-55.0506,15.72785,-55.0506
23.42,14.089455000000001,-54.39524,13.76178,-54.39524,14.41713,-54.39524
23.44,14.089455000000001,-54.39524,13.76178,-53.73988,14.41713,-55.0506
23.46,14.417135,-54.39525,13.76178,-54.39525,15.07249,-54.39525
23.48,2.948335,-56.36134,8.5189,-55.70598,-2.62223,-57.0167
23.5,-2.622225,-55.705965,-3.93294,-55.70597,-1.31151,-55.70596
23.52,-2.6222250000000003,-56.03364,-2.62222,-55.70596,-2.62223,-56.36132
23.54,-1.9668649999999999,-56.361325,-2.62222,-56.36132,-1.31151,-56.36133
23.56,-1.9668649999999999,-57.999735,-2.62222,-57.67205,-1.31151,-58.32742
23.58,-1.639185,-58.6551,-1.96686,-58.32742,-1.31151,-58.98278
23.6,-1.639185,-59.31046,-2.62222,-58.98278,-0.65615,-59.63814
23.62,-0.9838250000000001,-59.310455,-1.3115,-58.98278,-0.65615,-59.63813
23.64,-0.6561450000000011,-59.31045,-1.3115,-59.63813,-0.000790000000002,-58.98277
23.66,15.727855,-59.965805,0.65458,-59.63813,30.80113,-60.29348
23.68,57.670975,-59.30995,53.08341,-58.98274,62.25854,-59.63716
23.7,61.603165000000004,-57.99968,61.60318,-58.32736,61.60315,-57.672
23.72,61.275490000000005,-57.672005,60.94782,-57.672,61.60316,-57.67201
23.74,61.60317,-57.016645,60.94781,-57.01664,62.25853,-57.01665
23.76,61.60317,-56.68896,60.94781,-57.01664,62.25853,-56.36128
23.78,62.58622,-56.688955,62.25855,-56.36127,62.91389,-57.01664
23.8,61.930855,-57.344319999999996,61.60318,-57.01664,62.25853,-57.672
23.82,62.258535,-57.016655,62.25854,-57.01665,62.25853,-57.01666
23.84,62.58621,-57.672015,62.25854,-57.67201,62.91388,-57.67202
23.86,62.58621,-58.655065,62.25854,-58.32738,62.91388,-58.98275
23.88,61.93084,-58.982755,61.60317,-58.98275,62.25851,-58.98276
23.9,61.930825,-60.293485000000004,61.60315,-59.63812,62.2585,-60.94885
23.92,61.930825,-60.948855,61.60315,-60.94885,62.2585,-60.94886
23.94,61.603135,-61.604225,60.94778,-61.60422,62.25849,-61.60423
23.96,61.603135,-62.587275000000005,61.60314,-62.25959,61.60313,-62.91496
23.98,61.27545,-63.89801,60.94778,-63.57033,61.60312,-64.22569
24.0,59.637035,-64.55338499999999,60.29241,-64.2257,58.98166,-64.88107
24.02,58.653985,-64.881065,58.32631,-64.88106,58.98166,-64.88107
24.04,58.653985000000006,-65.208745,58.32632,-64.88106,58.98165,-65.53643
24.06,58.653985,-64.88107,58.32631,-64.88107,58.98166,-64.88107
24.08,57.998625000000004,-65.86411,57.67095,-65.53643,58.3263,-66.19179
24.1,57.998625000000004,-66.191785,57.67095,-66.19178,58.3263,-66.19179
24.12,57.99862,-66.847145,57.67094,-66.19179,58.3263,-67.5025
24.14,57.670935,-67.174825,57.67094,-66.84714,57.67093,-67.50251
24.16,68.81219,-68.48555,63.56924,-68.15787,74.05514,-68.81323
24.18,75.693565,-67.830175,75.3659,-68.15786,76.02123,-67.50249
24.2,75.0382,-66.84713500000001,74.71052,-66.84713,75.36588,-66.84714
24.22,75.365885,-65.86409,74.71053,-66.19177,76.02124,-65.53641
24.24,75.36588,-65.536415,75.36589,-65.53641,75.36587,-65.53642
24.26,74.710505,-66.19178500000001,74.71051,-65.53642,74.7105,-66.84715
24.28,74.382815,-66.847155,74.05514,-66.84715,74.71049,-66.84716
24.3,73.72745,-67.174845,73.39978,-66.84716,74.05512,-67.50253
24.32,73.39977,-66.84716,72.74441,-66.84716,74.05513,-66.84716
24.34,72.416735,-68.157885,72.08906,-67.50252,72.74441,-68.81325
24.36,72.744415,-68.48557,72.08906,-68.15789,73.39977,-68.81325
24.38,72.744415,-70.779345,72.08906,-70.12398,73.39977,-71.43471
24.4,76.34893500000001,-73.07312,72.08907,-72.74544,80.6088,-73.4008
24.42,104.52982499999999,-76.022215,99.61456,-75.36686,109.44509,-76.67757
24.44,107.806635,-73.72843499999999,107.47896,-74.71148,108.13431,-72.74539
24.46,109.11740499999999,-71.10699,108.78972,-71.43467,109.44509,-70.77931
24.48,110.10047,-69.79626,109.44511,-70.12394,110.75583,-69.46858
24.5,111.411215,-68.485545,110.75586,-68.15786,112.06657,-68.81323
24.52,111.7389,-68.15787,111.41122,-68.15787,112.06658,-68.15787
24.54,112.066575,-68.15787,112.06658,-68.15787,112.06657,-68.15787
24.56,112.066565,-68.15787,111.41122,-68.15787,112.72191,-68.15787
24.58,113.70495500000001,-69.14090999999999,111.41119,-68.15787,115.99872,-70.12395
24.6,129.106115,-71.762345,125.82929,-71.43467,132.38294,-72.09002
24.62,130.744485,-69.796255,130.41682,-70.12393,131.07215,-69.46858
24.64,130.41679,-70.12394499999999,130.4168,-70.12394,130.41678,-70.12395
24.66,130.416775,-70.779315,129.76143,-70.77931,131.07212,-70.77932
24.68,131.07212,-71.107005,130.41677,-70.77932,131.72747,-71.43469
24.7,131.39979,-71.107005,130.41676,-71.43468,132.38282,-70.77933
24.72,48.16906,-70.451645,-36.04469,-70.77932,132.38281,-70.12397
24.74,132.38282500000003,-69.79628,131.72747,-70.12396,133.03818,-69.4686
24.76,132.710505,-69.14092,132.38283,-68.81324,133.03818,-69.4686
24.78,132.71050000000002,-69.468605,132.38283,-68.81324,133.03817,-70.12397
24.8,133.693535,-70.451655,131.72745,-70.12397,135.65962,-70.77934
24.82,145.8179,-72.745405,144.17949,-72.74541,147.45631,-72.7454
24.84,145.162515,-70.451625,144.83484,-70.77931,145.49019,-70.12394
24.86,145.16251999999997,-69.46858,144.17949,-69.46858,146.14555,-69.46858
24.88,145.49020000000002,-68.15786,145.49021,-68.15786,145.49019,-68.15786
24.9,144.834835,-67.830175,144.17948,-67.50249,145.49019,-68.15786
24.92,145.162515,-67.830185,144.83484,-67.5025,145.49019,-68.15787
24.94,144.50715000000002,-68.48555,144.17948,-68.15787,144.83482,-68.81323
24.96,144.83482,-68.15787,144.17946,-68.15787,145.49018,-68.15787
24.98,144.17946,-68.81323499999999,144.83484,-68.15787,143.52408,-69.4686
25.0,97.64838,-82.575905,118.62015,-75.3669,76.67661,-89.78491
25.02,43.252975,-91.42334,43.25298,-93.71711,43.25297,-89.12957
25.04,50.134254999999996,-85.85274,50.46194,-85.85274,49.80657,-85.85274
25.06,48.168175,-85.19736,47.8405,-85.85272,48.49585,-84.542
25.08,48.168175,-83.558975,47.8405,-83.23129,48.49585,-83.88666
25.1,49.151215,-84.542025,48.49586,-84.54202,49.80657,-84.54203
25.12,49.151215,-85.52508,48.49586,-85.19739,49.80657,-85.85277
25.14,50.789615,-87.163495,49.80658,-86.50813,51.77265,-87.81886
25.16,39.976175,-87.818865,48.49586,-88.47423,31.45649,-87.1635
25.18,11.140335,-85.197405,11.14034,-85.85277,11.14033,-84.54204
25.2,14.417135,-82.57596,14.41714,-82.57596,14.41713,-82.57596
25.22,13.106415,-82.248285,13.10642,-82.57596,13.10641,-81.92061
25.24,13.434095,-82.903655,12.45106,-82.57597,14.41713,-83.23134
25.26,13.106415,-83.55902499999999,13.10642,-83.23134,13.10641,-83.88671
25.28,13.761775,-84.542075,13.10642,-84.54208,14.41713,-84.54207
25.3,14.417135,-84.54208,13.76178,-84.54208,15.07249,-84.54208
25.32,15.400175,-84.214405,15.0725,-84.54208,15.72785,-83.88673
25.34,14.744815,-84.542085,14.41714,-84.54208,15.07249,-84.54209
25.36,16.383215,-84.21442,15.72786,-83.88674,17.03857,-84.5421
25.38,16.055535,-84.86978500000001,15.72786,-84.5421,16.38321,-85.19747
25.4,16.055535,-85.52514500000001,15.72786,-85.19746,16.38321,-85.85283
25.42,17.693935,-85.852835,17.03858,-85.85283,18.34929,-85.85284
25.44,17.366255000000002,-85.852835,17.03858,-85.85283,17.69393,-85.85284
25.46,18.021615,-85.85284,17.03858,-85.85284,19.00465,-85.85284
25.48,18.349295,-85.525155,17.69394,-85.19747,19.00465,-85.85284
25.5,19.660015,-85.52516,19.00466,-85.19748,20.31537,-85.85284
25.52,19.332335,-85.197485,19.00466,-85.19748,19.66001,-85.19749
25.54,34.077935,-86.835885,22.28146,-85.85285,45.87441,-87.81892
25.56,64.22449499999999,-87.81891,62.25842,-87.81891,66.19057,-87.81891
25.58,64.224495,-85.52514,63.56914,-85.85282,64.87985,-85.19746
25.6,64.224495,-85.19746,64.2245,-85.19746,64.22449,-85.19746
25.62,64.552175,-84.5421,64.2245,-84.5421,64.87985,-84.5421
25.64,64.879855,-84.21442,64.2245,-83.88674,65.53521,-84.5421
25.66,64.87985499999999,-83.55907,64.87986,-83.88675,64.87985,-83.23139
25.68,64.879865,-84.21443,64.87987,-83.88675,64.87986,-84.54211
25.7,64.55217999999999,-84.21443500000001,64.22451,-83.88675,64.87985,-84.54212
25.72,64.552185,-84.21443500000001,64.22451,-83.88675,64.87986,-84.54212
25.74,64.879875,-84.214445,64.22452,-83.88676,65.53523,-84.54213
25.76,67.829015,-84.21444,64.87988,-83.88676,70.77815,-84.54212
25.78,86.834705,-84.21442,83.23019,-83.88674,90.43922,-84.5421
25.8,89.12848,-83.559055,88.47313,-83.88674,89.78383,-83.23137
25.82,89.128485,-82.903705,88.47313,-82.57602,89.78384,-83.23139
25.84,89.456165,-83.55908,89.12849,-83.2314,89.78384,-83.88676
25.86,90.111525,-84.214445,89.12849,-83.88676,91.09456,-84.54213
25.88,90.76689,-85.52518,90.43921,-85.1975,91.09457,-85.85286
25.9,90.76689999999999,-86.180545,90.43922,-85.85286,91.09458,-86.50823
25.92,91.42227,-86.508225,91.09459,-86.50822,91.74995,-86.50823
25.94,92.07766,-86.835905,91.74998,-86.50822,92.40534,-87.16359
25.96,91.75,-86.8359,91.75,-86.50822,91.75,-87.16358
25.98,91.750025,-86.8359,91.09466,-86.50822,92.40539,-87.16358
26.0,91.42237,-87.49127,91.09469,-87.16359,91.75005,-87.81895
26.02,91.422395,-88.146635,91.09472,-87.81895,91.75007,-88.47432
26.04,90.76706,-88.47432,90.43938,-88.47431,91.09474,-88.47433
26.06,91.42246,-88.47432,90.43941,-88.47432,92.40551,-88.47432
26.08,91.4225,-88.47432,91.09482,-88.47432,91.75018,-88.47432
26.1,91.094865,-88.14664,90.4395,-87.81896,91.75023,-88.47432
26.12,91.75028,-88.14664,91.75027,-87.81896,91.75029,-88.47432
26.14,92.078015,-88.474325,91.09496,-88.47433,93.06107,-88.47432
26.16,102.23628500000001,-89.785025,97.6487,-89.12967,106.82387,-90.44038
26.18,108.13465,-90.11269,108.13466,-90.44037,108.13464,-89.78501
26.2,108.134695,-88.801965,107.47933,-88.47428,108.79006,-89.12965
26.22,108.13474500000001,-88.14661,107.47938,-88.47429,108.79011,-87.81893
26.24,108.1348,-88.80198,107.47944,-88.4743,108.79016,-89.12966
26.26,109.44557,-88.4743,108.7902,-88.4743,110.10094,-88.4743
26.28,109.7733,-87.818935,109.44561,-87.81893,110.10099,-87.81894
26.3,109.773345,-87.491255,109.44566,-87.16357,110.10103,-87.81894
26.32,109.77338,-87.81894,109.4457,-87.81894,110.10106,-87.81894
26.34,109.773415,-88.801985,109.44573,-88.4743,110.1011,-89.12967
26.36,109.773455,-89.785035,109.44577,-89.12967,110.10114,-90.4404
26.38,108.79042000000001,-92.07882000000001,109.4458,-91.09577,108.13504,-93.06187
26.4,70.451485,-107.15220500000001,84.54188,-102.89233,56.36109,-111.41208
26.42,53.739630000000005,-109.77369999999999,49.80745,-110.75674,57.67181,-108.79066
26.44,57.9995,-109.77372,58.32719,-109.44603,57.67181,-110.10141
26.46,57.67182,-109.446055,57.01646,-109.44605,58.32718,-109.44606
26.48,57.016475,-108.463025,57.01648,-108.7907,57.01647,-108.13535
26.5,55.705749999999995,-108.13535,55.70576,-108.13535,55.70574,-108.13535
26.52,56.033435,-108.135355,55.70576,-108.13535,56.36111,-108.13536
26.54,55.378075,-107.47999,55.0504,-107.47999,55.70575,-107.47999
26.56,56.033445,-106.82462,55.70577,-106.82462,56.36112,-106.82462
26.58,36.70018,-107.47996499999999,50.46285,-107.47998,22.93751,-107.47995
26.6,10.813295,-104.858485,7.20879,-106.16922,14.4178,-103.54775
26.62,14.090145,-101.909325,14.41783,-102.23701,13.76246,-101.58164
26.64,13.43479,-100.92626,13.10711,-100.92626,13.76247,-100.92626
26.66,12.124085000000001,-100.27089,11.79641,-100.27089,12.45176,-100.27089
26.68,9.830335,-100.59856,9.83034,-100.27088,9.83033,-100.92624
26.7,8.519615,-101.25392500000001,8.51962,-100.92624,8.51961,-101.58161
26.72,6.225849999999999,-103.22,5.89818,-102.89232,6.55352,-103.54768
26.74,6.881205,-104.53072,5.89817,-104.20304,7.86424,-104.8584
26.76,7.864245,-105.513755,7.20889,-104.8584,8.5196,-106.16911
26.78,8.191925000000001,-106.49679,7.86425,-106.16911,8.5196,-106.82447
26.8,8.847285,-106.824465,8.51961,-106.16911,9.17496,-107.47982
26.82,9.50265,-107.479815,9.17497,-107.47982,9.83033,-107.47981
26.84,9.174975,-107.15212,8.51962,-106.82444,9.83033,-107.4798
26.86,8.8473,-106.49676,8.51962,-106.16908,9.17498,-106.82444
26.88,9.174975,-106.49675500000001,9.17498,-106.16907,9.17497,-106.82444
26.9,10.15802,-106.82443,7.86426,-106.82443,12.45178,-106.82443
26.92,44.23695,-108.1351,37.35559,-107.47976,51.11831,-108.79044
26.94,51.445994999999996,-107.479705,51.77369,-108.13507,51.1183,-106.82434
26.96,50.790635,-106.16897,50.46296,-106.16897,51.11831,-106.16897
26.98,49.807595,-105.513615,49.15224,-105.51361,50.46295,-105.51362
27.0,48.496875,-105.185935,48.49688,-104.85825,48.49687,-105.51362
27.02,47.513845,-104.202895,47.18617,-104.2029,47.84152,-104.20289
27.04,45.875445,-104.85826,45.87545,-104.85826,45.87544,-104.85826
27.06,45.54777,-104.202905,45.2201,-104.2029,45.87544,-104.20291
27.08,45.220085,-104.85827499999999,45.22009,-104.85827,45.22008,-104.85828
27.1,44.892405,-104.85828,44.56473,-104.85828,45.22008,-104.85828
27.12,45.22009,-104.85828,44.56473,-104.85828,45.87545,-104.85828
27.14,46.858495,-104.53059,46.53082,-104.20291,47.18617,-104.85827
27.16,56.033615,-104.858265,48.49691,-104.20291,63.57032,-105.51362
27.18,79.62686,-106.82433,77.33309,-106.82433,81.92063,-106.82433
27.2,80.282205,-105.84128,79.95453,-106.16896,80.60988,-105.5136
27.22,79.95453,-105.513605,79.29917,-105.5136,80.60989,-105.51361
27.24,80.28220999999999,-104.85825,79.95454,-104.85825,80.60988,-104.85825
27.26,80.282205,-104.858245,79.95453,-104.85824,80.60988,-104.85825
27.28,79.95453,-104.53057,79.95454,-104.20289,79.95452,-104.85825
27.3,79.626845,-104.530575,79.29917,-104.20289,79.95452,-104.85826
27.32,78.971475,-104.53058,78.6438,-104.2029,79.29915,-104.85826
27.34,78.97148,-104.20289,78.64381,-104.20289,79.29915,-104.20289
27.36,78.31612,-104.202885,77.98845,-104.20288,78.64379,-104.20289
27.38,77.660755,-104.202895,77.98845,-104.20289,77.33306,-104.2029
27.4,57.67205,-106.496655,62.25965,-106.16898,53.08445,-106.82433
27.42,55.705955,-104.20288500000001,54.39523,-104.85825,57.01668,-103.54752
27.44,55.378275,-104.202875,55.0506,-104.20287,55.70595,-104.20288
27.46,55.378275,-103.547515,55.0506,-103.54751,55.70595,-103.54752
27.48,54.72292,-103.21984,54.39524,-103.54752,55.0506,-102.89216
27.5,54.39524,-102.89216,53.73989,-102.89216,55.05059,-102.89216
27.52,54.39524,-101.909115,53.73989,-101.58143,55.05059,-102.2368
27.54,54.395235,-102.236805,53.73988,-102.2368,55.05059,-102.23681
27.56,54.06756,-102.2368,53.73989,-102.2368,54.39523,-102.2368
27.58,53.73988,-102.236815,53.08452,-102.23681,54.39524,-102.23682
27.6,54.067555,-102.236815,53.73988,-102.23681,54.39523,-102.23682
27.62,53.084505,-102.564495,53.08452,-102.23681,53.08449,-102.89218
27.64,38.666435,-103.54752500000001,39.97718,-103.54753,37.35569,-103.54752
27.66,-3.9319500000000005,-102.236795,-48.49642,-102.2368,40.63252,-102.23679
27.68,39.64947,-102.89216,39.3218,-102.89216,39.97714,-102.89216
27.7,38.9941,-103.87521,38.66643,-103.54753,39.32177,-104.20289
27.72,38.994095,-104.85826,38.66642,-104.85826,39.32177,-104.85826
27.74,38.666415,-105.51362,38.66642,-105.51362,38.66641,-105.51362
27.76,38.66643,-105.18594,38.01107,-104.85826,39.32179,-105.51362
27.78,38.994115,-105.18594,38.66644,-105.51362,39.32179,-104.85826
27.8,38.99412,-105.185935,38.66644,-104.85825,39.3218,-105.51362
27.82,38.33876,-105.185935,38.01109,-104.85825,38.66643,-105.51362
27.84,39.321805,-105.185945,38.66645,-104.85826,39.97716,-105.51363
27.86,38.666435,-106.16899,38.01108,-106.16899,39.32179,-106.16899
27.88,38.666435,-106.16899,38.01108,-106.16899,39.32179,-106.16899
27.9,38.338765,-105.51363,38.01109,-105.51363,38.66644,-105.51363
27.92,38.338765,-105.18594999999999,38.01109,-104.85826,38.66644,-105.51364
27.94,38.33876,-105.51364,38.01109,-105.51364,38.66643,-105.51364
27.96,38.994125,-105.513635,38.01109,-104.85827,39.97716,-106.169
27.98,69.468705,-106.49665,55.70596,-106.16898,83.23145,-106.82432
28.0,93.389675,-105.513575,94.37276,-106.8243,92.40659,-104.20285
28.02,91.423535,-102.23676,91.09585,-102.23675,91.75122,-102.23677
28.04,92.40659,-101.25372,91.75124,-101.5814,93.06194,-100.92604
28.06,93.061955,-100.92604,92.4066,-100.92604,93.71731,-100.92604
28.08,94.37268,-101.253725,93.71732,-100.92604,95.02804,-101.58141
28.1,95.02804499999999,-102.56446,95.02805,-102.23678,95.02804,-102.89214
28.12,95.02804,-103.21982,94.37268,-102.89214,95.6834,-103.5475
28.14,97.32183,-104.20286,95.02806,-103.5475,99.6156,-104.85822
28.16,116.32756,-109.77342999999999,112.06767,-108.79039,120.58745,-110.75647
28.18,121.57046,-107.151975,120.58743,-107.47966,122.55349,-106.82429
28.2,122.22583,-105.51357,121.89815,-105.51357,122.55351,-105.51357
28.22,123.53655499999999,-105.513575,123.20888,-105.51357,123.86423,-105.51358
28.24,123.864235,-105.51358,123.20888,-105.51358,124.51959,-105.51358
28.26,124.191915,-105.513585,123.20888,-105.51358,125.17495,-105.51359
28.28,124.847265,-105.185915,124.51959,-104.85823,125.17494,-105.5136
28.3,130.4179,-103.87516,126.48569,-104.20285,134.35011,-103.54747
28.32,137.62696,-103.21978,137.62698,-103.54746,137.62694,-102.8921
28.34,137.29926,-101.58137500000001,136.97159,-101.58137,137.62693,-101.58138
28.36,136.971575,-101.2537,136.97158,-100.92602,136.97157,-101.58138
28.38,137.95461999999998,-100.92603,137.62694,-100.92603,138.2823,-100.92603
28.4,137.62694499999998,-100.59835,136.97159,-100.27067,138.2823,-100.92603
28.42,138.282305,-100.92603,137.62695,-100.27067,138.93766,-101.58139
28.44,138.2823,-101.909075,137.62695,-101.58139,138.93765,-102.23676
28.46,133.367025,-103.54749000000001,138.28229,-102.89212,128.45176,-104.20286
28.48,121.57039499999999,-104.85821,120.58735,-104.85821,122.55344,-104.85821
28.5,124.19185999999999,-104.53053,123.86419,-104.20285,124.51953,-104.85821
28.52,123.86417,-104.858215,123.20882,-104.85821,124.51952,-104.85822
28.54,124.847205,-104.85822,124.51953,-104.85822,125.17488,-104.85822
28.56,124.519525,-104.20286,123.86417,-104.20286,125.17488,-104.20286
28.58,126.15792,-104.202865,125.83024,-104.20286,126.4856,-104.20287
28.6,126.15792,-104.20288,125.83025,-104.20288,126.48559,-104.20288
28.62,130.41778499999998,-105.185915,126.48559,-104.20288,134.34998,-106.16895
28.64,144.83591,-107.151975,142.86982,-107.47966,146.802,-106.82429
28.66,146.146615,-105.185885,145.49126,-105.51356,146.80197,-104.85821
28.68,146.80198000000001,-104.858215,146.14662,-104.85821,147.45734,-104.85822
28.7,147.12965,-105.84127000000001,146.80198,-105.51358,147.45732,-106.16896
28.72,148.112665,-107.47969,147.45732,-106.82432,148.76801,-108.13506
28.74,148.76800500000002,-110.75654,148.11266,-110.10117,149.42335,-111.41191
28.76,148.767955,-115.01642000000001,148.76798,-114.03337,148.76793,-115.99947
28.78,106.824425,-130.745215,126.48546,-123.20851,87.16339,-138.28192
28.8,63.242425,-143.1972,61.60405,-143.52487,64.8808,-142.86953
28.82,70.123685,-142.21419,70.77905,-142.21419,69.46832,-142.21419
28.84,67.502225,-140.90347500000001,66.84687,-141.55883,68.15758,-140.24812
28.86,67.50222,-139.265075,66.84687,-139.59275,68.15757,-138.9374
28.88,67.502205,-138.28205,67.50221,-138.28205,67.5022,-138.28205
28.9,67.174525,-136.31596,66.84685,-136.97132,67.5022,-135.6606
28.92,67.5022,-135.98827999999997,66.84685,-136.31596,68.15755,-135.6606
28.94,68.15758,-134.34987,67.50222,-134.34987,68.81294,-134.34987
28.96,69.46831,-133.03913,68.81295,-133.69449,70.12367,-132.38377
28.98,57.67173,-129.762305,66.84687,-131.07304,48.49659,-128.45157
29.0,-0.6556649999999951,-122.88094000000001,0.65508000000001,-123.864,-1.96641,-121.89788
29.02,2.6212,-118.293375,1.96583,-118.62106,3.27657,-117.96569
29.04,2.948905,-116.654955,2.62122,-117.31032,3.27659,-115.99959
29.06,3.60428,-114.68887,3.2766,-114.68887,3.93196,-114.68887
29.08,4.915015,-113.70583,4.58734,-114.03351,5.24269,-113.37815
29.1,4.2596549999999995,-112.72278,3.93198,-112.72278,4.58733,-112.72278
29.12,4.587339999999999,-112.067425,3.93199,-112.06742,5.24269,-112.06743
29.14,5.24271,-111.084385,4.58735,-111.41206,5.89807,-110.75671
29.16,5.5703949999999995,-110.756705,5.24272,-110.75671,5.89807,-110.7567
29.18,5.570405,-110.101345,5.24273,-110.10134,5.89808,-110.10135
29.2,6.553455,-109.773675,5.24274,-109.44599,7.86417,-110.10136
29.22,44.236850000000004,-112.722775,36.70013,-112.06742,51.77357,-113.37813
29.24,54.722719999999995,-113.05044,55.05041,-113.37812,54.39503,-112.72276
29.26,54.06735,-112.72277,53.73967,-112.72277,54.39503,-112.72277
29.28,55.050385,-113.378135,54.39503,-113.37813,55.70574,-113.37814
29.3,55.378060000000005,-113.70582,55.05039,-113.37814,55.70573,-114.0335
29.32,55.050375,-114.361185,54.39502,-114.0335,55.70573,-114.68887
29.34,54.722695,-115.344225,54.39502,-115.34422,55.05037,-115.34423
29.36,55.37805,-115.01655,55.05037,-114.68887,55.70573,-115.34423
29.38,56.688779999999994,-115.344225,55.05038,-115.34422,58.32718,-115.34423
29.4,87.49103,-116.98258,76.02207,-115.99956,98.95999,-117.9656
29.42,103.54756,-117.310235,104.20296,-117.96559,102.89216,-116.65488
29.44,101.90912,-115.999515,101.58144,-115.99951,102.2368,-115.99952
29.46,101.909115,-116.32720499999999,101.58144,-115.99952,102.23679,-116.65489
29.48,102.236805,-115.99953,101.58145,-115.99953,102.89216,-115.99953
29.5,102.56448,-115.34417,102.23681,-115.34417,102.89215,-115.34417
29.52,103.21984499999999,-115.01649499999999,102.89217,-114.68881,103.54752,-115.34418
29.54,103.21985000000001,-115.34417,102.89218,-115.34417,103.54752,-115.34417
29.56,103.21984499999999,-115.344175,102.89217,-115.34417,103.54752,-115.34418
29.58,103.21984499999999,-115.34418,102.89217,-115.34418,103.54752,-115.34418
29.6,102.56448,-115.344185,102.23681,-115.34418,102.89215,-115.34419
29.62,101.58143,-115.671865,101.58144,-115.34418,101.58142,-115.99955
29.64,101.581425,-115.34419,101.58143,-115.34419,101.58142,-115.34419
29.66,100.926065,-115.34419,100.92607,-115.34419,100.92606,-115.34419
29.68,100.926065,-114.688835,100.92607,-114.68884,100.92606,-114.68883
29.7,101.909115,-115.016515,100.92608,-114.68883,102.89215,-115.3442
29.72,125.50234,-121.242425,116.65486,-119.93171,134.34982,-122.55314
29.74,135.00517000000002,-120.25936,135.0052,-121.2424,135.00514,-119.27632
29.76,135.33283999999998,-118.62096,134.3498,-118.62095,136.31588,-118.62097
29.78,136.31588499999998,-118.620965,135.66053,-118.62096,136.97124,-118.62097
29.8,136.971245,-117.637925,136.31589,-117.96561,137.6266,-117.31024
29.82,137.954295,-117.31025,137.62662,-117.31025,138.28197,-117.31025
29.84,137.62661500000002,-116.65489,137.62662,-116.65489,137.62661,-116.65489
29.86,138.281965,-116.327215,137.62661,-115.99953,138.93732,-116.6549
29.88,138.93733500000002,-116.327215,138.93734,-115.99953,138.93733,-116.6549
29.9,139.26501000000002,-116.327225,138.93734,-115.99955,139.59268,-116.6549
29.92,139.92037,-115.344185,139.5927,-115.34418,140.24804,-115.34419
29.94,139.592695,-115.01650000000001,139.5927,-115.34418,139.59269,-114.68882
29.96,139.920375,-114.68882500000001,139.5927,-114.68882,140.24805,-114.68883
