t_s,x,y,x_left,y_left,x_right,y_right
0.24,0.98302,0.9830599999999949,0.65534,1.31074,1.3107,0.65537999999999
0.26,0.98302,1.310745,0.65534,1.31075,1.3107,1.31074
0.28,0.98302,1.966105,0.65534,1.96611,1.3107,1.9661
0.3,0.98302,1.96611,0.65534,1.96611,1.3107,1.96611
0.32,0.98302,2.29379,0.65534,2.62147,1.3107,1.96611
0.34,1.3107,2.949155,1.3107,3.27684,1.3107,2.62147
0.36,0.98302,2.94916,0.65534,3.27684,1.3107,2.62148
0.38,0.983015,3.27684,0.65533,3.27684,1.3107,3.27684
0.4,0.9830099999999999,3.60452,0.65533,3.9322,1.31069,3.27684
0.42,0.98302,3.6045249999999998,0.65534,3.93221,1.3107,3.27684
0.44,0.98302,3.9322049999999997,0.65534,3.93221,1.3107,3.9322
0.46,1.310695,4.58757,1.31069,4.58757,1.3107,4.58757
0.48,1.3106900000000001,4.587575,0.65533,4.58758,1.96605,4.58757
0.5,1.638375,5.242935,1.31069,5.24294,1.96606,5.24293
0.52,1.3106900000000001,5.242945000000001,0.65533,5.24295,1.96605,5.24294
0.54,1.638375,5.57062,1.31069,5.24294,1.96606,5.8983
0.56,1.63838,6.22598,1.3107,6.55366,1.96606,5.8983
0.58,1.638375,6.55366,1.3107,6.55366,1.96605,6.55366
0.6,0.983015,7.5367049999999995,0.65534,7.86439,1.31069,7.20902
0.62,1.31069,7.5367049999999995,1.31069,7.86439,1.31069,7.20902
0.64,1.31069,8.192070000000001,1.31069,7.86439,1.31069,8.51975
0.66,0.9830099999999999,8.51975,0.65533,8.51975,1.31069,8.51975
0.68,0.983005,8.519755,0.65533,8.51976,1.31068,8.51975
0.7,0.9830000000000001,8.51975,0.65532,8.51975,1.31068,8.51975
0.72,0.9830000000000001,8.847435,0.65532,9.17512,1.31068,8.51975
0.74,0.9830099999999999,9.17512,0.65533,9.17512,1.31069,9.17512
0.76,0.983005,9.83049,0.65533,9.83049,1.31068,9.83049
0.78,1.31068,9.830485,0.65532,9.83049,1.96604,9.83048
0.8,1.63836,9.830485,1.31068,9.83049,1.96604,9.83048
0.82,2.29371,9.830485,1.96603,9.83049,2.62139,9.83048
0.84,2.2937149999999997,9.830485,1.96603,9.83049,2.6214,9.83048
0.86,2.9490749999999997,10.15817,2.62139,10.48586,3.27676,9.83048
0.88,2.9490749999999997,10.158169999999998,2.62139,10.48585,3.27676,9.83049
0.9,13.762715,7.864420000000001,9.17511,8.51978,18.35032,7.20906
0.92,17.694960000000002,8.51977,18.35034,7.86441,17.03958,9.17513
0.94,15.728845,10.48588,15.72884,10.48588,15.72885,10.48588
0.96,16.056525,10.813569999999999,15.72885,10.48589,16.3842,11.14125
0.98,16.05652,10.813569999999999,15.72884,11.14125,16.3842,10.48589
1.0,16.05652,11.468935,15.72884,11.79662,16.3842,11.14125
1.02,16.05652,11.14125,15.72884,11.14125,16.3842,11.14125
1.04,16.05652,11.46893,15.72884,11.79661,16.3842,11.14125
1.06,16.05652,11.796615,15.72884,11.79662,16.3842,11.79661
1.08,16.05652,11.796615,15.72884,11.79662,16.3842,11.79661
1.1,15.72884,12.124295,15.72884,12.45198,15.72884,11.79661
1.12,15.72884,12.124300000000002,15.72884,12.45198,15.72884,11.79662
1.14,15.40116,12.124295,15.07348,12.45198,15.72884,11.79661
1.16,8.192129999999999,11.141224999999999,11.79666,11.7966,4.5876,10.48585
1.18,4.915274999999999,11.468924999999999,3.93222,11.14124,5.89833,11.79661
1.2,4.9153,13.10734,4.58762,13.10734,5.24298,13.10734
1.22,4.58762,13.76271,4.58762,13.76271,4.58762,13.76271
1.24,4.25995,14.09039,3.93227,14.41807,4.58763,13.76271
1.26,3.604585,14.09039,3.2769,14.41807,3.93227,13.76271
1.28,3.276905,14.090395000000001,3.27691,14.41808,3.2769,13.76271
1.3,2.94922,13.762715,2.62154,14.41808,3.2769,13.10735
1.32,2.62154,13.107355,2.62154,13.10736,2.62154,13.10735
1.34,2.29386,12.77967,1.96618,13.10735,2.62154,12.45199
1.36,2.29386,12.124305,1.96618,12.45199,2.62154,11.79662
1.38,2.62154,12.124305,1.96618,12.45199,3.2769,11.79662
1.4,2.62154,11.468935,1.96618,11.79662,3.2769,11.14125
1.42,-0.9829950000000001,11.468914999999999,1.96617,11.79661,-3.93216,11.14122
1.44,-4.915235,11.14124,-6.55366,11.14124,-3.27681,11.14124
1.46,-2.29374,11.79662,-2.62142,11.79662,-1.96606,11.79662
1.48,-2.29374,12.451985,-2.62142,12.45199,-1.96606,12.45198
1.5,-1.9660600000000001,12.124305,-2.62142,12.45199,-1.3107,11.79662
1.52,-1.63837,12.124305,-1.96605,12.45199,-1.31069,11.79662
1.54,-1.63838,12.124300000000002,-1.96606,12.45198,-1.3107,11.79662
1.56,-1.63838,12.124295,-1.96606,12.45198,-1.3107,11.79661
1.58,-1.638375,12.45198,-1.96606,12.45198,-1.31069,12.45198
1.6,-1.638375,12.124295,-1.96606,12.45198,-1.31069,11.79661
1.62,-1.3106900000000001,11.796615,-1.96605,12.45198,-0.65533,11.14125
1.64,-0.9830099999999999,11.468924999999999,-1.31069,11.79661,-0.65533,11.14124
1.66,3.6045799999999995,10.48589,3.9999999998486e-05,11.14125,7.20912,9.83053
1.68,13.1075,9.502849999999999,12.45213,9.17517,13.76287,9.83053
1.7,11.470365000000001,11.14128,11.14396,11.14128,11.79677,11.14128
1.72,11.469100000000001,12.45201,11.14142,12.45201,11.79678,12.45201
1.74,11.14142,12.45201,11.14142,12.45201,11.14142,12.45201
1.76,11.14142,12.452005,11.14142,12.45201,11.14142,12.452
1.78,10.81374,11.796645,10.48606,11.79665,11.14142,11.79664
1.8,10.81374,11.796635,10.48606,11.79664,11.14142,11.79663
1.82,10.81374,11.468955000000001,10.48606,11.79664,11.14142,11.14127
1.84,10.813735000000001,11.46895,10.48605,11.79663,11.14142,11.14127
1.86,10.81374,10.813590000000001,10.48606,11.14127,11.14142,10.48591
1.88,10.158380000000001,10.813585,9.8307,11.14127,10.48606,10.4859
1.9,9.8307,10.813585,9.8307,11.14127,9.8307,10.4859
1.92,10.158375,10.4859,9.8307,10.4859,10.48605,10.4859
1.94,10.48605,10.158215,9.83069,10.4859,11.14141,9.83053
1.96,10.48605,10.15822,9.83069,10.4859,11.14141,9.83054
1.98,11.141405,10.158215,10.48605,10.4859,11.79676,9.83053
2.0,11.469080000000002,10.158215,11.1414,10.4859,11.79676,9.83053
2.02,16.05667,9.175184999999999,11.79676,9.83054,20.31658,8.51983
2.04,28.836485,8.19257,27.52573,8.52066,30.14724,7.86448
2.06,29.491864999999997,9.175215,29.49187,9.17521,29.49186,9.17522
2.08,29.164189999999998,9.830585,28.83651,9.83059,29.49187,9.83058
2.1,29.81954,9.5029,29.49186,9.83058,30.14722,9.17522
2.12,29.49186,9.83058,29.49186,9.83058,29.49186,9.83058
2.14,29.819535000000002,9.5029,29.49186,9.83058,30.14721,9.17522
2.16,29.491855,9.502894999999999,28.8365,9.83058,30.14721,9.17521
2.18,30.147215000000003,9.502894999999999,30.14721,9.83058,30.14722,9.17521
2.2,30.14721,9.175215,29.49185,9.17522,30.80257,9.17521
2.22,30.474890000000002,9.175205,30.14721,9.17521,30.80257,9.1752
2.24,29.81953,8.847525000000001,29.49185,9.17521,30.14721,8.51984
2.26,29.819525,8.847529999999999,29.49185,9.17521,30.1472,8.51985
2.28,29.49184,8.847525000000001,29.49184,9.17521,29.49184,8.51984
2.3,31.130275,7.86448,28.83648,8.51984,33.42407,7.20912
2.32,40.96093,6.226095,39.3225,6.55378,42.59936,5.89841
2.34,42.271665,6.88146,41.94399,7.20914,42.59934,6.55378
2.36,41.94399,7.2091449999999995,41.28863,7.20915,42.59935,7.20914
2.38,41.94399,7.53683,41.94399,7.86451,41.94399,7.20915
2.4,41.61631,7.536825,41.28863,7.86451,41.94399,7.20914
2.42,-5.897295,7.864515,-53.73857,7.86452,41.94398,7.86451
2.44,41.6163,8.19219,41.28862,8.51987,41.94398,7.86451
2.46,41.616305,7.53683,41.28863,7.86451,41.94398,7.20915
2.48,41.6163,7.864515,41.28862,7.86452,41.94398,7.86451
2.5,42.27166,7.2091449999999995,41.94398,7.20915,42.59934,7.20914
2.52,42.92702,7.53683,42.59934,7.86451,43.2547,7.20915
2.54,42.92702,7.536825,42.59934,7.86451,43.2547,7.20914
2.56,43.254695,7.536835,43.2547,7.86452,43.25469,7.20915
2.58,43.2547,7.53683,43.2547,7.86451,43.2547,7.20915
2.6,42.927015,7.536835,42.59933,7.86452,43.2547,7.20915
2.62,42.927009999999996,7.53683,42.59933,7.86451,43.25469,7.20915
2.64,42.927009999999996,7.20915,42.59933,7.20915,43.25469,7.20915
2.66,42.927009999999996,7.53683,42.59933,7.86451,43.25469,7.20915
2.68,42.27165,7.53683,41.94397,7.86451,42.59933,7.20915
2.7,44.237755,6.881475,42.59933,7.20915,45.87618,6.5538
2.72,48.170024999999995,7.20917,47.84234,7.20917,48.49771,7.20917
2.74,47.514665,7.86454,47.18698,7.86454,47.84235,7.86454
2.76,47.84235,8.519905,47.84235,8.51991,47.84235,8.5199
2.78,47.842349999999996,8.519905,47.18699,8.51991,48.49771,8.5199
2.8,47.842345,8.51991,47.84234,8.51991,47.84235,8.51991
2.82,47.514665,8.84759,47.18699,9.17527,47.84234,8.51991
2.84,47.186975000000004,8.847595,47.18697,9.17528,47.18698,8.51991
2.86,46.8593,9.175275,46.53162,9.17528,47.18698,9.17527
2.88,47.186975000000004,8.84759,46.53161,9.17527,47.84234,8.51991
2.9,54.06841,7.536885,52.42998,7.86457,55.70684,7.2092
2.92,54.723775,8.19225,55.05146,7.86457,54.39609,8.51993
2.94,54.06841,8.84762,53.74073,9.1753,54.39609,8.51994
2.96,53.740725,9.175305,53.74073,9.17531,53.74072,9.1753
2.98,53.74072,9.502984999999999,53.74072,9.83067,53.74072,9.1753
3.0,53.74071,9.175305,53.74071,9.17531,53.74071,9.1753
3.02,53.413025,9.175305,53.08535,9.17531,53.7407,9.1753
3.04,53.41302,9.175305,53.08534,9.17531,53.7407,9.1753
3.06,53.74069,8.847625,53.08533,9.17531,54.39605,8.51994
3.08,54.06837,9.17531,53.74069,9.17531,54.39605,9.17531
3.1,54.06836,9.502994999999999,53.74068,9.83068,54.39604,9.17531
3.12,54.06836,9.175315,53.74068,9.17532,54.39604,9.17531
3.14,54.06836,9.175315,53.74068,9.17532,54.39604,9.17531
3.16,54.06836,9.502994999999999,53.74068,9.83068,54.39604,9.17531
3.18,53.413,9.17531,53.08532,9.17531,53.74068,9.17531
3.2,53.413,8.847629999999999,53.08532,9.17531,53.74068,8.51995
3.22,53.74068,8.847625,53.74068,9.17531,53.74068,8.51994
3.24,53.741955,8.847625,53.74068,9.17531,53.74323,8.51994
3.26,53.413,8.847625,53.08532,9.17531,53.74068,8.51994
3.28,54.39605,8.192264999999999,53.08532,8.51994,55.70678,7.86459
3.3,55.706815,8.51996,55.70682,8.51996,55.70681,8.51996
3.32,55.37913,9.175325,55.05145,9.17533,55.70681,9.17532
3.34,55.37913,9.175325,55.05145,9.17533,55.70681,9.17532
3.36,55.37913,9.503005,55.05145,9.83069,55.70681,9.17532
3.38,55.05145,9.175325,55.05145,9.17533,55.05145,9.17532
3.4,54.72377,9.503005,54.39609,9.83069,55.05145,9.17532
3.42,54.72377,9.175325,54.39609,9.17533,55.05145,9.17532
3.44,54.72377,9.175325,54.39609,9.17533,55.05145,9.17532
3.46,54.723765,9.17532,54.39608,9.17532,55.05145,9.17532
3.48,54.72377,9.830684999999999,54.39609,9.83069,55.05145,9.83068
3.5,54.72377,9.502994999999999,54.39609,9.83068,55.05145,9.17531
3.52,54.723765,9.175315,54.39609,9.83068,55.05144,8.51995
3.54,54.723765,8.847635,54.39609,9.17532,55.05144,8.51995
3.56,58.328289999999996,7.209225,55.05144,8.51994,61.60514,5.89851
3.58,74.05732,2.949355,70.78043,3.93242,77.33421,1.96629
3.6,76.678845,3.9323949999999996,76.67885,3.27702,76.67884,4.58777
3.62,76.678865,5.898515,76.0235,5.89852,77.33423,5.89851
3.64,77.00655,7.20925,76.67887,7.20925,77.33423,7.20925
3.66,77.00655,7.864625,76.67887,7.86463,77.33423,7.86462
3.68,77.33423,8.192315,77.33423,8.52,77.33423,7.86463
3.7,77.66191,8.519995,77.33423,8.52,77.98959,8.51999
3.72,77.00655,8.519995,76.67887,8.52,77.33423,8.51999
3.74,77.66192,8.192309999999999,77.33424,8.51999,77.9896,7.86463
3.76,74.71274500000001,10.486095,75.36812,9.83073,74.05737,11.14146
3.78,73.07434,12.12453,72.74666,12.45221,73.40202,11.79685
3.8,73.07434,13.10758,72.74666,13.10758,73.40202,13.10758
3.82,73.402025,12.779905,72.74667,13.10759,74.05738,12.45222
3.84,73.7297,12.779905,73.40202,13.10759,74.05738,12.45222
3.86,74.05739,12.779905,73.40203,13.10759,74.71275,12.45222
3.88,74.385065,12.779900000000001,74.05738,13.10758,74.71275,12.45222
3.9,74.385065,12.779900000000001,74.05738,13.10758,74.71275,12.45222
3.92,74.71274,12.779900000000001,74.05738,13.10758,75.3681,12.45222
3.94,74.385065,12.779900000000001,74.05738,13.10758,74.71275,12.45222
3.96,75.04042,12.779900000000001,74.71274,13.10758,75.3681,12.45222
3.98,75.04043,12.779900000000001,74.71275,13.10758,75.36811,12.45222
4.0,75.04043,12.124535,74.71275,12.45222,75.36811,11.79685
4.02,75.69579,12.12453,75.36811,12.45222,76.02347,11.79684
4.04,63.243735,9.830684999999999,73.40201,11.14147,53.08546,8.5199
4.06,8.1925,2.29386,19.00617,3.93228,-2.62117,0.65544
4.08,-5.5703949999999995,3.276935,-6.55345,1.9662,-4.58734,4.58767
4.1,-3.931965,6.55378,-4.58732,6.55378,-3.27661,6.55378
4.12,-3.6043,8.51988,-3.93198,8.51988,-3.27662,8.51988
4.14,-2.94895,9.17524,-3.27663,9.17524,-2.62127,9.17524
4.16,-2.621275,9.502925000000001,-3.27663,9.83061,-1.96592,9.17524
4.18,-2.293605,10.158290000000001,-2.62128,10.48597,-1.96593,9.83061
4.2,-1.63825,10.485965,-1.96593,10.48597,-1.31057,10.48596
4.22,-0.98289,10.485965,-1.31057,10.48597,-0.65521,10.48596
4.24,-0.6552150000000011,10.158275,-1.31058,10.48596,0.0001499999999978,9.83059
4.26,-3.93205,10.48596,-1.31058,10.48596,-6.55352,10.48596
4.28,-9.502695,12.124395,-9.83038,11.79671,-9.17501,12.45208
4.3,-8.84732,13.10746,-9.175,13.10746,-8.51964,13.10746
4.32,-8.84732,14.090505,-9.175,14.41819,-8.51964,13.76282
4.34,-8.51964,13.762825,-8.51964,13.76283,-8.51964,13.76282
4.36,-7.864275,14.090505,-7.86427,14.41819,-7.86428,13.76282
4.38,-7.5366,13.762825,-7.86428,13.76283,-7.20892,13.76282
4.4,-7.86428,13.762825,-7.86428,13.76283,-7.86428,13.76282
4.42,-7.5366,13.435134999999999,-7.86428,13.76282,-7.20892,13.10745
4.44,-7.5366,13.435134999999999,-7.86428,13.76282,-7.20892,13.10745
4.46,-7.5366,12.779775,-7.86428,13.10746,-7.20892,12.45209
4.48,-7.20892,13.107455,-7.20892,13.10746,-7.20892,13.10745
4.5,-6.88124,12.779775,-7.20892,13.10746,-6.55356,12.45209
4.52,-6.881245,12.779775,-7.20893,13.10746,-6.55356,12.45209
4.54,-6.55357,12.779775,-6.55357,13.10746,-6.55357,12.45209
4.56,-6.55357,12.124405,-6.55357,12.45209,-6.55357,11.79672
4.58,-10.813465,12.452085,-10.48577,12.45208,-11.14116,12.45209
4.6,-9.502735000000001,12.779775,-9.83042,13.10746,-9.17505,12.45209
4.62,-9.50273,13.107465,-9.83041,13.76283,-9.17505,12.4521
4.64,-9.17505,13.10746,-9.17505,13.10746,-9.17505,13.10746
4.66,-8.847370000000002,13.10746,-9.17505,13.10746,-8.51969,13.10746
4.68,-9.175055,13.10746,-9.17505,13.10746,-9.17506,13.10746
4.7,-8.847380000000001,13.107455,-9.17506,13.10746,-8.5197,13.10745
4.72,-8.847380000000001,13.107455,-9.17506,13.10746,-8.5197,13.10745
4.74,-8.847380000000001,13.107455,-9.17506,13.10746,-8.5197,13.10745
4.76,-8.519705,13.435125,-9.17506,13.76281,-7.86435,13.10744
4.78,-8.192029999999999,13.107445,-8.51971,13.10745,-7.86435,13.10744
4.8,-7.53667,13.762805,-7.86435,13.76281,-7.20899,13.7628
4.82,-5.242875,12.77977,-7.86435,13.76281,-2.6214,11.79673
4.84,7.864599999999999,11.141385,5.89848,11.14139,9.83072,11.14138
4.86,8.519965,12.779795,8.51997,12.45211,8.51996,13.10748
4.88,8.192285,13.10748,7.8646,13.10748,8.51997,13.10748
4.9,8.51996,13.435155,8.51996,13.10748,8.51996,13.76283
4.92,8.51996,13.435155,8.51996,13.76284,8.51996,13.10747
4.94,8.847639999999998,13.435155,8.51996,13.76284,9.17532,13.10747
4.96,8.51995,13.435155,7.86459,13.76284,9.17531,13.10747
4.98,8.847629999999999,12.77979,8.51995,13.10748,9.17531,12.4521
5.0,8.847629999999999,12.779785,8.51995,13.10747,9.17531,12.4521
5.02,8.847625,12.779775,8.51995,13.10746,9.1753,12.45209
5.04,8.847629999999999,12.779775,8.51995,13.10746,9.17531,12.45209
5.06,9.175305,12.779775,9.17531,13.10746,9.1753,12.45209
5.08,9.175305,12.77977,9.17531,13.10745,9.1753,12.45209
5.1,8.84762,12.77977,8.51994,13.10745,9.1753,12.45209
5.12,8.84762,12.452085,8.51994,12.45209,9.1753,12.45208
5.14,9.1753,12.452085,9.1753,12.45209,9.1753,12.45208
5.16,8.84762,12.779765000000001,8.51994,13.10745,9.1753,12.45208
5.18,9.1753,12.779755000000002,9.1753,13.10744,9.1753,12.45207
5.2,9.175295,12.452075,9.1753,12.45208,9.17529,12.45207
5.22,8.84761,12.452069999999999,8.51993,12.45208,9.17529,12.45206
5.24,8.84761,12.45207,8.51993,12.45207,9.17529,12.45207
5.26,8.84761,12.124385,8.51993,12.45207,9.17529,11.7967
5.28,8.84761,12.779745,8.51993,13.10743,9.17529,12.45206
5.3,8.847605000000001,12.452065000000001,8.51992,12.45207,9.17529,12.45206
5.32,9.502960000000002,12.779745,9.17528,13.10743,9.83064,12.45206
5.34,9.83064,12.45206,9.83064,12.45206,9.83064,12.45206
5.36,10.158315,13.107425,9.83063,13.10743,10.486,13.10742
5.38,10.15831,12.779745,9.83063,13.10743,10.48599,12.45206
5.4,10.48599,12.779745,10.48599,13.10743,10.48599,12.45206
5.42,13.435144999999999,12.12439,10.48599,13.10743,16.3843,11.14135
5.44,26.214915,10.15831,24.90416,9.83064,27.52567,10.48598
5.46,26.214925,11.79672,26.21493,11.79671,26.21492,11.79673
5.48,25.88725,12.45209,25.55957,12.45209,26.21493,12.45209
5.5,26.21492,12.779775,26.21492,13.10746,26.21492,12.45209
5.52,26.21492,12.779775,26.21492,13.10746,26.21492,12.45209
5.54,26.214914999999998,12.779775,26.21491,13.10746,26.21492,12.45209
5.56,26.214914999999998,12.77977,26.21491,13.10745,26.21492,12.45209
5.58,26.21491,12.45209,26.21491,12.4521,26.21491,12.45208
5.6,26.21491,12.779775,26.21491,13.10746,26.21491,12.45209
5.62,25.887230000000002,12.779765000000001,25.55955,13.10745,26.21491,12.45208
5.64,25.23187,12.779765000000001,24.90419,13.10745,25.55955,12.45208
5.66,25.23187,12.779765000000001,24.90419,13.10745,25.55955,12.45208
5.68,25.23187,12.779765000000001,24.90419,13.10745,25.55955,12.45208
5.7,25.231865,12.779765000000001,24.90419,13.10745,25.55954,12.45208
5.72,25.231859999999998,12.779765000000001,24.90418,13.10745,25.55954,12.45208
5.74,34.407115,10.486015,30.80253,11.14138,38.0117,9.83065
5.76,39.977810000000005,10.48601,39.97782,10.48601,39.9778,10.48601
5.78,38.99476,11.469059999999999,38.66708,11.79674,39.32244,11.14138
5.8,38.99476,12.12443,38.66708,12.45211,39.32244,11.79675
5.82,38.66708,11.79675,38.66708,11.79675,38.66708,11.79675
5.84,38.33939,12.452105,38.01171,12.45211,38.66707,12.4521
5.86,38.33939,12.452105,38.01171,12.45211,38.66707,12.4521
5.88,38.011705,12.45211,38.01171,12.45211,38.0117,12.45211
5.9,38.33938,12.452105,38.0117,12.45211,38.66706,12.4521
5.92,38.99474,12.452105,38.66706,12.45211,39.32242,12.4521
5.94,39.32242,12.12442,38.66706,12.4521,39.97778,11.79674
5.96,38.994730000000004,12.124424999999999,38.66705,12.45211,39.32241,11.79674
5.98,39.650095,12.124424999999999,39.32242,12.45211,39.97777,11.79674
6.0,39.32241500000001,11.796745,38.66705,11.79675,39.97778,11.79674
6.02,39.6501,11.469059999999999,39.32242,11.79675,39.97778,11.14137
6.04,39.65009,11.469059999999999,39.32241,11.79675,39.97777,11.14137
6.06,39.65009,11.469055,39.32241,11.79674,39.97777,11.14137
6.08,39.97777,11.469055,39.97777,11.79674,39.97777,11.14137
6.1,39.97777,11.469059999999999,39.97777,11.79674,39.97777,11.14138
6.12,40.30545,11.79674,39.97777,11.79674,40.63313,11.79674
6.14,39.97777,11.469055,39.32241,11.79674,40.63313,11.14137
6.16,48.16994,8.847615,43.91,9.83066,52.42988,7.86457
6.18,56.034445,8.192260000000001,55.70677,7.86458,56.36212,8.51994
6.2,55.379075,9.502994999999999,55.05139,9.83068,55.70676,9.17531
6.22,55.379075,9.83068,55.0514,9.83068,55.70675,9.83068
6.24,55.37907,10.158359999999998,55.05139,10.48604,55.70675,9.83068
6.26,54.7237,10.158365,54.39602,10.48605,55.05138,9.83068
6.28,54.7237,10.48604,54.39602,10.48604,55.05138,10.48604
6.3,54.39602,10.813715,54.39602,11.1414,54.39602,10.48603
6.32,54.7237,10.486035,54.39602,10.48604,55.05138,10.48603
6.34,54.7237,10.486035,54.39602,10.48604,55.05138,10.48603
6.36,54.39601,10.158355,54.39601,10.48604,54.39601,9.83067
6.38,54.723695,10.158355,54.39602,10.48604,55.05137,9.83067
6.4,54.06833,10.158349999999999,53.74065,10.48603,54.39601,9.83067
6.42,54.7237,9.83067,53.74065,10.48603,55.70675,9.17531
6.44,61.60512,7.864595,60.94974,7.8646,62.2605,7.86459
6.46,60.94975,8.51996,60.94975,8.51996,60.94975,8.51996
6.48,60.94976,9.175325,60.2944,9.17533,61.60512,9.17532
6.5,60.94975,9.175325,60.29439,9.17533,61.60511,9.17532
6.52,61.60511,8.847639999999998,61.60511,9.17532,61.60511,8.51996
6.54,61.932785,8.847639999999998,61.60511,9.17532,62.26046,8.51996
6.56,61.932784999999996,9.175325,61.6051,9.17533,62.26047,9.17532
6.58,61.93278,9.175325,61.6051,9.17533,62.26046,9.17532
6.6,61.93278,9.17533,61.6051,9.17533,62.26046,9.17533
6.62,61.93278,9.17533,61.6051,9.17533,62.26046,9.17533
6.64,61.93278,8.847645,61.6051,9.17533,62.26046,8.51996
6.66,63.571205000000006,8.19229,61.6051,9.17533,65.53731,7.20925
6.68,69.469585,7.5369399999999995,68.81421,7.20926,70.12496,7.86462
6.7,69.79727,8.51999,69.46959,8.51999,70.12495,8.51999
6.72,69.46959,9.17536,69.46959,9.17536,69.46959,9.17536
6.74,69.14191,9.175365,68.81423,9.17537,69.46959,9.17536
6.76,69.46959,9.175365,68.81423,9.17537,70.12495,9.17536
6.78,69.46958,9.503045,69.46958,9.83073,69.46958,9.17536
6.8,69.141905,9.50305,68.81423,9.83073,69.46958,9.17537
6.82,69.14189999999999,10.15841,68.81422,10.48609,69.46958,9.83073
6.84,68.15885,10.15841,68.81422,10.4861,67.50348,9.83072
6.86,62.260485,10.48607,62.91586,10.48607,61.60511,10.48607
6.88,60.949754999999996,10.813765,60.94975,10.48609,60.94976,11.14144
6.9,60.949754999999996,11.14145,60.29439,11.14145,61.60512,11.14145
6.92,61.27744,11.141455,60.94976,11.14146,61.60512,11.14145
6.94,61.27744,11.796815,60.94976,11.79682,61.60512,11.79681
6.96,60.949754999999996,11.469135000000001,60.29439,11.79682,61.60512,11.14145
6.98,61.27744,11.469135000000001,60.94976,11.79682,61.60512,11.14145
7.0,61.277435,11.469135000000001,60.94975,11.79682,61.60512,11.14145
7.02,61.27744,11.469135000000001,60.94976,11.79682,61.60512,11.14145
7.04,61.27744,11.469135000000001,60.94976,11.79682,61.60512,11.14145
7.06,61.27744,11.469135000000001,60.94976,11.79682,61.60512,11.14145
7.08,61.277435,11.14145,60.94976,11.79681,61.60511,10.48609
7.1,68.48657,9.17539,65.53737,9.83075,71.43577,8.52003
7.12,72.418835,9.503074999999999,72.09117,9.1754,72.7465,9.83075
7.14,72.746505,10.158435,72.09114,10.48612,73.40187,9.83075
7.16,73.074185,10.48612,72.74651,10.48612,73.40186,10.48612
7.18,73.07418,10.813804999999999,72.7465,11.14149,73.40186,10.48612
7.2,73.72954,11.141485,73.40186,11.14149,74.05722,11.14148
7.22,73.72954,10.813804999999999,73.40186,11.14149,74.05722,10.48612
7.24,73.729545,11.141485,73.40186,11.14149,74.05723,11.14148
7.26,74.05723,11.469165,73.40187,11.79685,74.71259,11.14148
7.28,74.38490999999999,10.813794999999999,74.05722,11.14148,74.7126,10.48611
7.3,73.401835,9.830725000000001,74.71259,10.48611,72.09108,9.17534
7.32,34.07956,3.27693,49.15313,5.89842,19.00599,0.65544
7.34,-9.175044999999999,-2.2937,-3.27669,-1.96602,-15.0734,-2.62138
7.36,-14.09033,1.3108350000000017,-15.72876,0.0001000000000033,-12.4519,2.62157
7.38,-11.141145,6.55378,-11.79651,5.89841,-10.48578,7.20915
7.4,-31.78499,10.485985,-10.48579,9.83062,-53.08419,11.14135
7.42,-9.502749999999999,12.45209,-9.83043,11.79673,-9.17507,13.10745
7.44,-9.502749999999999,13.76282,-9.83043,13.76282,-9.17507,13.76282
7.46,-9.502749999999999,14.418185,-9.83043,14.41819,-9.17507,14.41818
7.48,-9.502749999999999,15.07355,-9.83043,15.07355,-9.17507,15.07355
7.5,-6.8812549999999995,17.039659999999998,-9.17506,16.38428,-4.58745,17.69504
7.52,-4.587415,20.316505,-4.58741,19.66114,-4.58742,20.97187
7.54,-4.9151,21.954929999999997,-5.24278,21.62725,-4.58742,22.28261
7.56,-5.57046,22.610295,-5.89814,22.93798,-5.24278,22.28261
7.58,-4.9151,22.610295,-5.24278,22.93798,-4.58742,22.28261
7.6,-4.9151,22.61029,-5.24278,22.93797,-4.58742,22.28261
7.62,-4.9151,21.95492,-5.24278,22.28261,-4.58742,21.62723
7.64,-4.9151,21.627229999999997,-5.24278,22.2826,-4.58742,20.97186
7.66,-4.9151,21.299545000000002,-5.24278,21.62723,-4.58742,20.97186
7.68,-4.913825,20.64418,-5.24023,20.97187,-4.58742,20.31649
7.7,-4.91511,19.988815000000002,-5.24279,20.3165,-4.58743,19.66113
7.72,-4.25975,19.333444999999998,-4.58743,19.66113,-3.93207,19.00576
7.74,-1.31059,18.3504,-3.93207,19.00576,1.31089,17.69504
7.76,5.57083,17.03968,5.24315,17.03969,5.89851,17.03967
7.78,5.898505,17.367359999999998,5.8985,17.69504,5.89851,17.03968
7.8,5.89851,17.367365,5.89851,17.69505,5.89851,17.03968
7.82,6.22619,16.711995,5.89851,17.03968,6.55387,16.38431
7.84,5.89851,16.056625,5.89851,16.38431,5.89851,15.72894
7.86,5.8985,15.728945,5.8985,15.72895,5.8985,15.72894
7.88,5.898505,15.401264999999999,5.8985,15.72895,5.89851,15.07358
7.9,5.57082,15.401254999999999,5.24314,15.72894,5.8985,15.07357
7.92,5.57082,14.745895,5.24314,15.07358,5.8985,14.41821
7.94,5.8985,14.745885000000001,5.8985,15.07357,5.8985,14.4182
7.96,5.8985,14.090520000000001,5.8985,14.4182,5.8985,13.76284
7.98,5.57082,13.762834999999999,5.24314,13.76284,5.8985,13.76283
8.0,5.57082,13.762834999999999,5.24314,13.76284,5.8985,13.76283
8.02,5.57082,13.435155,5.24314,13.76284,5.8985,13.10747
8.04,5.57082,13.435155,5.24314,13.10748,5.8985,13.76283
8.06,5.570815,13.107465,5.24314,13.76283,5.89849,12.4521
8.08,11.469145000000001,11.79675,7.20923,12.45211,15.72906,11.14139
8.1,22.282835,10.813704999999999,21.62746,11.14139,22.93821,10.48602
8.12,22.610505,12.45212,22.28282,12.45212,22.93819,12.45212
8.14,22.938200000000002,12.452125,22.28284,12.45213,23.59356,12.45212
8.16,22.93819,12.779810000000001,22.93819,13.10749,22.93819,12.45213
8.18,23.265864999999998,12.779805,22.93819,13.10749,23.59354,12.45212
8.2,23.593539999999997,12.452125,22.93818,12.45213,24.2489,12.45212
8.22,23.593539999999997,12.124435,22.93818,12.45212,24.2489,11.79675
8.24,23.921219999999998,12.124424999999999,23.59354,12.45211,24.2489,11.79674
8.26,24.2489,12.124424999999999,23.59354,12.45211,24.90426,11.79674
8.28,24.90426,11.469065,24.2489,11.79675,25.55962,11.14138
8.3,25.8873,10.813695,25.55962,11.14138,26.21498,10.48601
8.32,26.214979999999997,10.813695,25.55962,11.14138,26.87034,10.48601
8.34,26.870335,10.813685,26.21497,11.14137,27.5257,10.486
8.36,27.19801,11.14137,26.87033,11.14137,27.52569,11.14137
8.38,27.19801,10.813685,26.87033,11.14137,27.52569,10.486
8.4,27.853369999999998,11.141365,27.52569,11.14137,28.18105,11.14136
8.42,37.02859,8.19225,30.80254,9.83065,43.25464,6.55385
8.44,50.136105,6.88152,49.15306,6.55384,51.11915,7.2092
8.46,50.136089999999996,8.192260000000001,49.80841,8.51994,50.46377,7.86458
8.48,50.1361,8.84762,49.80842,9.1753,50.46378,8.51994
8.5,50.791455,8.847625,50.46377,9.17531,51.11914,8.51994
8.52,50.79146,8.51994,50.46378,8.51994,51.11914,8.51994
8.54,51.44682,8.84762,51.11914,9.1753,51.7745,8.51994
8.56,51.119135,8.84762,50.46378,9.1753,51.77449,8.51994
8.58,51.44681,8.84762,51.11913,9.1753,51.77449,8.51994
8.6,50.791455,9.502984999999999,50.46378,9.83067,51.11913,9.1753
8.62,51.44681,8.84762,51.11913,9.1753,51.77449,8.51994
8.64,51.11913,8.847615000000001,51.11913,9.1753,51.11913,8.51993
8.66,50.79145,8.847615000000001,50.46377,9.1753,51.11913,8.51993
8.68,51.11914,8.847615000000001,51.11914,9.1753,51.11914,8.51993
8.7,51.11914,8.847615000000001,50.46378,9.1753,51.7745,8.51993
8.72,-1.309660000000001,9.175295,-53.73846,9.1753,51.11914,9.17529
8.74,50.79146,8.847615000000001,50.46378,9.1753,51.11914,8.51993
8.76,50.79146,8.84761,50.46378,9.17529,51.11914,8.51993
8.78,50.79146,8.847605000000001,50.46378,9.17529,51.11914,8.51992
8.8,51.44682,8.847605000000001,51.11914,9.17529,51.7745,8.51992
8.82,50.79146,8.519925,50.46378,8.51993,51.11914,8.51992
8.84,51.11914,8.8476,50.46378,9.17528,51.7745,8.51992
8.86,51.44683,8.519915000000001,51.11915,8.51992,51.77451,8.51991
8.88,51.119145,8.192235,51.11915,8.51992,51.11914,7.86455
8.9,49.480689999999996,6.5538,48.49764,7.20916,50.46374,5.89844
8.92,52.102180000000004,6.8815,51.7745,6.55382,52.42986,7.20918
8.94,52.42984,7.536865000000001,51.77446,7.86455,53.08522,7.20918
8.96,52.75754,7.536865000000001,52.42986,7.86455,53.08522,7.20918
8.98,52.75754,8.519915000000001,52.42986,8.51992,53.08522,8.51991
9.0,52.75754,8.19223,52.42986,8.51991,53.08522,7.86455
9.02,52.75754,8.519915000000001,52.42986,8.51992,53.08522,8.51991
9.04,52.75754,8.519915000000001,52.42986,8.51992,53.08522,8.51991
9.06,53.08522,8.84759,53.08522,9.17527,53.08522,8.51991
9.08,52.75754,8.51991,52.42986,8.51991,53.08522,8.51991
9.1,52.75754,8.84759,52.42986,9.17527,53.08522,8.51991
9.12,52.75754,8.847595,52.42986,9.17528,53.08522,8.51991
9.14,53.08522,8.84759,52.42986,9.17527,53.74058,8.51991
9.16,53.4129,8.84759,53.08522,9.17527,53.74058,8.51991
9.18,53.4129,8.847595,53.08522,9.17528,53.74058,8.51991
9.2,53.4129,9.175275,53.08522,9.17528,53.74058,9.17527
9.22,53.08522,9.175275,52.42986,9.17528,53.74058,9.17527
9.24,53.08522,8.847595,53.08522,9.17528,53.08522,8.51991
9.26,53.4129,8.84759,53.08522,9.17527,53.74058,8.51991
9.28,52.75754,8.847584999999999,52.42986,9.17527,53.08522,8.5199
9.3,54.723645000000005,7.86454,53.08522,8.5199,56.36207,7.20918
9.32,68.81421499999999,4.91545,65.53732,5.24313,72.09111,4.58777
9.34,71.76342,6.88154,72.09112,6.55386,71.43572,7.20922
9.36,70.780355,7.8646,70.78035,7.8646,70.78036,7.8646
9.38,71.108025,8.19228,70.78035,7.8646,71.4357,8.51996
9.4,8.848824999999998,7.8646,-53.73805,7.8646,71.4357,7.8646
9.42,70.78034,8.192285,70.12498,8.51997,71.4357,7.8646
9.44,71.108015,8.192274999999999,70.78034,8.51996,71.43569,7.86459
9.46,71.10801000000001,7.864595,70.78033,7.8646,71.43569,7.86459
9.48,71.10801000000001,7.5369150000000005,70.78033,7.8646,71.43569,7.20923
9.5,71.763365,7.536905,71.43568,7.86459,72.09105,7.20922
9.52,72.41872000000001,7.209225,72.09104,7.20923,72.7464,7.20922
9.54,72.7464,7.209225,72.7464,7.20923,72.7464,7.20922
9.56,73.07408,7.209225,72.7464,7.20923,73.40176,7.20922
9.58,79.955565,4.587785,76.67867,5.24315,83.23246,3.93242
9.6,84.5432,4.260105,84.54321,3.93242,84.54319,4.58779
9.62,83.56015,4.587795,83.23246,4.5878,83.88784,4.58779
9.64,83.56015,4.915475,83.23247,5.24316,83.88783,4.58779
9.66,83.560155,5.243155,83.23248,5.24316,83.88783,5.24315
9.68,83.887835,5.243155,83.23248,5.24316,84.54319,5.24315
9.7,84.215515,4.915475,83.88783,5.24316,84.5432,4.58779
9.72,84.21552,4.915475,83.88784,5.24316,84.5432,4.58779
9.74,84.21552,4.915475,83.88784,5.24316,84.5432,4.58779
9.76,84.543195,4.915475,84.5432,5.24316,84.54319,4.58779
9.78,84.87087,4.91547,84.54319,5.24315,85.19855,4.58779
9.8,84.543195,4.915475,84.54319,5.24316,84.5432,4.58779
9.82,85.19856,4.587785,85.19856,4.58779,85.19856,4.58778
9.84,89.45848000000001,2.94939,87.82006,3.27708,91.0969,2.6217
9.86,90.44152,3.60475,90.44152,3.93243,90.44152,3.27707
9.88,89.78617,3.932435,89.13081,3.93244,90.44153,3.93243
9.9,90.11385,4.260115,89.78617,4.5878,90.44153,3.93243
9.92,90.113845,4.260115,89.78616,4.5878,90.44153,3.93243
9.94,89.78617,4.260115,89.78617,4.5878,89.78617,3.93243
9.96,89.78617,4.260115,89.13081,4.5878,90.44153,3.93243
9.98,89.45849,4.26012,89.13081,4.5878,89.78617,3.93244
10.0,90.11385,4.260115,89.78617,4.5878,90.44153,3.93243
10.02,89.78618,3.932435,89.78618,3.93244,89.78618,3.93243
10.04,90.113855,4.26011,89.78618,4.58779,90.44153,3.93243
10.06,90.44153,3.60474,90.44153,3.93243,90.44153,3.27705
10.08,87.164695,2.94936,86.50934,3.27704,87.82005,2.62168
10.1,87.82006,3.27706,87.1647,3.27706,88.47542,3.27706
10.12,88.14774,3.93242,87.82006,3.93242,88.47542,3.93242
10.14,88.14774,3.93242,87.82006,3.93242,88.47542,3.93242
10.16,87.82006,3.93242,87.82006,3.93242,87.82006,3.93242
10.18,87.820065,3.93242,87.1647,3.93243,88.47543,3.93241
10.2,87.492385,3.9324149999999998,87.1647,3.93242,87.82007,3.93241
10.22,87.49239,3.93242,87.16471,3.93243,87.82007,3.93241
10.24,87.49239,3.9324149999999998,87.16471,3.93242,87.82007,3.93241
10.26,86.83703,3.93242,86.50935,3.93242,87.16471,3.93242
10.28,86.83703,3.93242,86.50935,3.93242,87.16471,3.93242
10.3,86.83703,3.604735,86.50935,3.93242,87.16471,3.27705
10.32,87.16471,3.27705,87.16471,3.27705,87.16471,3.27705
10.34,87.164715,2.94937,87.16472,3.27706,87.16471,2.62168
10.36,77.00643500000001,2.2939599999999998,79.95565,2.62165,74.05722,1.96627
10.38,71.76341500000001,2.621645,71.43573,2.62164,72.0911,2.62165
10.4,71.76343,3.6046950000000004,71.43575,3.93238,72.09111,3.27701
10.42,71.763425,3.6046950000000004,71.43574,3.93238,72.09111,3.27701
10.44,71.763425,3.6046950000000004,71.43575,3.93238,72.0911,3.27701
10.46,71.76342,3.6046950000000004,71.43574,3.93238,72.0911,3.27701
10.48,71.763425,3.6047000000000002,71.43574,3.93238,72.09111,3.27702
10.5,71.76343,3.6046950000000004,71.43575,3.93238,72.09111,3.27701
10.52,72.09111,3.6046950000000004,71.43575,3.93238,72.74647,3.27701
10.54,72.4188,3.6046950000000004,72.09112,3.93238,72.74648,3.27701
10.56,72.41880499999999,3.6046950000000004,72.09112,3.93238,72.74649,3.27701
10.58,72.09113,3.6046950000000004,72.09113,3.93238,72.09113,3.27701
10.6,72.41881000000001,3.6046950000000004,72.09113,3.93238,72.74649,3.27701
10.62,72.09113500000001,3.60469,72.09114,3.93237,72.09113,3.27701
10.64,72.418815,3.604685,72.09113,3.93237,72.7465,3.277
10.66,69.79732,2.949305,72.7465,3.27701,66.84814,2.6216
10.68,57.345255,1.96622,57.67296,1.96622,57.01755,1.96622
10.7,58.000614999999996,2.94928,57.67293,2.6216,58.3283,3.27696
10.72,58.328289999999996,3.276975,57.67293,3.27698,58.98365,3.27697
10.74,58.655969999999996,3.276975,58.32829,3.27698,58.98365,3.27697
10.76,58.98365,3.276975,58.32829,3.27698,59.63901,3.27697
10.78,59.639,3.604735,59.639,3.93234,59.639,3.27713
10.8,59.639005,3.60466,59.63901,3.93234,59.639,3.27698
10.82,59.96668,3.604655,59.639,3.93234,60.29436,3.27697
10.84,59.96668,3.932335,59.639,3.93234,60.29436,3.93233
10.86,59.96668,3.932335,59.639,3.93234,60.29436,3.93233
10.88,66.19271499999999,1.9662600000000001,63.57122,2.62162,68.81421,1.3109
10.9,69.797265,1.966265,69.46959,1.96627,70.12494,1.96626
10.92,69.79726,2.29395,69.46958,2.62163,70.12494,1.96627
10.94,69.46958000000001,2.6216350000000004,68.81422,2.62164,70.12494,2.62163
10.96,69.797255,2.6216350000000004,69.46957,2.62164,70.12494,2.62163
10.98,69.79725,2.6216350000000004,69.46957,2.62164,70.12493,2.62163
11.0,69.79725,2.62163,69.46957,2.62163,70.12493,2.62163
11.02,69.14189,2.6216350000000004,68.81421,2.62164,69.46957,2.62163
11.04,69.14189,2.6216350000000004,68.81421,2.62164,69.46957,2.62163
11.06,69.797245,2.94931,69.46957,3.27699,70.12492,2.62163
11.08,69.46956,2.62163,69.46956,3.27699,69.46956,1.96627
11.1,69.14188,2.29395,68.8142,2.62163,69.46956,1.96627
11.12,69.14315500000001,2.29395,68.81675,2.62163,69.46956,1.96627
11.14,69.14188,2.29395,68.8142,2.62163,69.46956,1.96627
11.16,69.141875,2.293945,68.81419,2.62163,69.46956,1.96626
11.18,68.814195,2.293945,68.8142,2.62163,68.81419,1.96626
11.2,69.14187,2.293945,68.81419,2.62163,69.46955,1.96626
11.22,68.81419,2.29394,68.81419,2.62162,68.81419,1.96626
11.24,69.141865,1.638575,68.81419,1.96626,69.46954,1.31089
11.26,74.71256500000001,0.00019000000000002348,70.12492,1.3109,79.30021,-1.31052
11.28,86.83707000000001,-1.31051,85.85402,-1.31051,87.82012,-1.31051
11.3,86.838265,0.0002199999999987,86.50937,0.0002199999999987,87.16716,0.0002199999999987
11.32,87.492405,0.65559,87.16473,0.65559,87.82008,0.65559
11.34,88.14776,0.9832700000000001,87.82008,1.31095,88.47544,0.65559
11.36,88.14776,1.966315,87.82008,1.96632,88.47544,1.96631
11.38,87.82007,1.9663249999999999,87.82007,1.96633,87.82007,1.96632
11.4,87.82008,2.2940050000000003,87.82008,2.62169,87.82008,1.96632
11.42,87.164715,2.62169,87.16471,2.62169,87.16472,2.62169
11.44,86.83704,2.621695,86.50936,2.6217,87.16472,2.62169
11.46,86.18168,2.621695,85.854,2.6217,86.50936,2.62169
11.48,85.52632,3.277055,85.19864,3.27706,85.854,3.27705
11.5,85.19865,3.604735,85.19865,3.93242,85.19865,3.27705
11.52,84.87097,3.93242,84.54329,3.93242,85.19865,3.93242
11.54,84.21561,3.932415,83.88793,4.58778,84.54329,3.27705
11.56,84.21562,3.604735,83.88794,3.93242,84.5433,3.27705
11.58,84.21562,3.604735,83.88794,3.93242,84.5433,3.27705
11.6,83.232565,2.9493549999999997,83.88794,3.27705,82.57719,2.62166
11.62,58.328385,-2.29369,68.15897,-0.65524,48.4978,-3.93214
11.64,19.006085,-4.915195,25.55982,-4.58752,12.45235,-5.24287
11.66,6.55401,-3.604445,7.20938,-3.93213,5.89864,-3.27676
11.68,5.24327,-2.293705,5.24327,-2.62139,5.24327,-1.96602
11.7,5.24326,-0.65529,4.5879,-0.65529,5.89862,-0.65529
11.72,5.57094,-0.32761499999999955,5.24326,7.0000000000903e-05,5.89862,-0.6553
11.74,6.2263,-0.32761499999999955,5.89862,7.0000000000903e-05,6.55398,-0.6553
11.76,5.8986149999999995,6.49999999993155e-05,5.89861,6.0000000004834e-05,5.89862,6.9999999993797e-05
11.78,5.24326,0.65543,5.24326,0.65543,5.24326,0.65543
11.8,4.587895,0.983115,4.58789,1.3108,4.5879,0.65543
11.82,-1.6380800000000002,0.32773999999999726,3.27718,0.65543,-6.55334,4.9999999994554e-05
11.84,-15.400839999999999,-0.65531,-15.72851,-0.65531,-15.07317,-0.65531
11.86,-14.41778,0.9831099999999999,-14.41778,0.65543,-14.41778,1.31079
11.88,-15.7285,1.96616,-15.7285,1.96616,-15.7285,1.96616
11.9,-16.38386,2.293835,-16.38386,2.62152,-16.38386,1.96615
11.92,-17.69457,2.6215149999999996,-17.69457,2.62152,-17.69457,2.62151
11.94,-18.34993,2.949195,-18.34993,2.62152,-18.34993,3.27687
11.96,-19.332965,3.9322350000000004,-19.66065,3.93224,-19.00528,3.93223
11.98,-20.316004999999997,4.587585,-20.31601,4.58759,-20.316,4.58758
12.0,-20.971345,5.242940000000001,-20.97135,5.24295,-20.97134,5.24293
12.02,-22.93741,6.55366,-22.93741,6.55366,-22.93741,6.55366
12.04,-24.248115,7.5367,-24.24812,7.86439,-24.24811,7.20901
12.06,-25.558815000000003,7.864375,-25.55882,7.86438,-25.55881,7.86437
12.08,-26.869504999999997,8.519735,-26.86951,8.51974,-26.8695,8.51973
12.1,-28.507894999999998,9.502765,-28.18022,9.17509,-28.83557,9.83044
12.12,-30.473955,10.15812,-30.14628,9.83044,-30.80163,10.4858
12.14,-31.784655,10.4858,-31.45698,10.4858,-32.11233,10.4858
12.16,-34.406065,11.796524999999999,-34.07839,11.79653,-34.73374,11.79652
12.18,-36.044435,12.451875,-36.04444,12.45188,-36.04443,12.45187
12.2,-37.68281,12.779554999999998,-37.35514,13.10724,-38.01048,12.45187
12.22,-38.33813,13.434905,-38.66582,13.76259,-38.01044,13.10722
12.24,-38.66578,13.107225,-38.66579,13.10723,-38.66577,13.10722
12.26,-39.321115,12.779535,-39.32112,13.10722,-39.32111,12.45185
12.28,-40.631815,12.77954,-40.63182,13.10722,-40.63181,12.45186
12.3,-41.287165,12.779535,-41.28717,13.10722,-41.28716,12.45185
12.32,-42.27019,12.779535,-42.59787,13.10722,-41.94251,12.45185
12.34,-43.253215,12.45185,-43.25322,12.45185,-43.25321,12.45185
12.36,-43.58089,12.779525,-43.90857,13.10721,-43.25321,12.45184
12.38,-43.90857,12.779520000000002,-43.90857,13.1072,-43.90857,12.45184
12.4,-44.236245,12.779515,-44.56393,13.1072,-43.90856,12.45183
12.42,-44.23624,12.779515,-44.56392,13.1072,-43.90856,12.45183
12.44,-44.8916,12.779509999999998,-45.21928,13.10719,-44.56392,12.45183
12.46,-44.8916,12.451825,-45.21928,12.45183,-44.56392,12.45182
12.48,-45.21927,12.124144999999999,-45.21927,12.45183,-45.21927,11.79646
12.5,-42.270105,10.81342,-45.87463,11.79646,-38.66558,9.83038
12.52,-28.507275,9.17502,-30.14571,9.83039,-26.86884,8.51965
12.54,-29.16263,10.158065,-28.83494,9.83038,-29.49032,10.48575
12.56,-29.49031,10.813435,-30.14567,11.14112,-28.83495,10.48575
12.58,-28.834955,11.141105,-28.83495,11.14111,-28.83496,11.1411
12.6,-28.507289999999998,11.468785,-28.83497,11.79647,-28.17961,11.1411
12.62,-28.179615,11.141105,-28.83497,11.14111,-27.52426,11.1411
12.64,-28.17962,11.141095,-28.17962,11.1411,-28.17962,11.14109
12.66,-27.851950000000002,11.1411,-28.17963,11.1411,-27.52427,11.1411
12.68,-27.851955,10.813414999999999,-28.17963,11.1411,-27.52428,10.48573
12.7,-27.85196,11.141095,-28.17964,11.1411,-27.52428,11.14109
12.72,-27.85196,10.813414999999999,-28.17964,11.1411,-27.52428,10.48573
12.74,-27.851975,10.813414999999999,-28.17965,11.1411,-27.5243,10.48573
12.76,-27.524305,10.813414999999999,-27.5243,11.1411,-27.52431,10.48573
12.78,-27.851995000000002,11.14109,-28.17967,11.14109,-27.52432,11.14109
12.8,-27.196640000000002,10.813405,-27.52432,11.14109,-26.86896,10.48572
12.82,-27.85201,10.813405,-28.17969,11.14109,-27.52433,10.48572
12.84,-27.196649999999998,10.813395,-27.52433,11.14108,-26.86897,10.48571
12.86,-27.19666,10.813400000000001,-27.52434,11.14108,-26.86898,10.48572
12.88,-26.86898,10.813395,-26.86898,11.14108,-26.86898,10.48571
12.9,-26.5413,10.813395,-27.52434,11.14108,-25.55826,10.48571
12.92,-16.055349999999997,9.502680000000002,-19.00454,9.83036,-13.10616,9.175
12.94,-12.450795,10.485714999999999,-12.45079,10.48571,-12.4508,10.48572
12.96,-12.12313,11.46877,-12.45081,11.79645,-11.79545,11.14109
12.98,-11.140085,11.46877,-11.79544,11.79645,-10.48473,11.14109
13.0,-10.81241,12.124130000000001,-11.14009,12.45181,-10.48473,11.79645
13.02,-10.157050000000002,11.79645,-10.48473,11.79645,-9.82937,11.79645
13.04,-9.82937,11.796445,-10.48473,11.79645,-9.17401,11.79644
13.06,-9.82937,11.796445,-10.48473,11.79645,-9.17401,11.79644
13.08,-9.5017,12.124120000000001,-9.82938,12.4518,-9.17402,11.79644
13.1,-9.17402,12.124125,-9.82938,12.45181,-8.51866,11.79644
13.12,-8.846340000000001,12.124125,-9.17402,12.45181,-8.51866,11.79644
13.14,-8.518655,11.468765000000001,-9.17402,11.79645,-7.86329,11.14108
13.16,0.32886000000000015,9.830359999999999,-1.96494,9.83037,2.62266,9.83035
13.18,2.2949800000000002,10.48572,1.9673,10.48572,2.62266,10.48572
13.2,2.2949800000000002,10.48573,1.9673,10.48573,2.62266,10.48573
13.22,2.950335,10.485735,2.62266,10.48574,3.27801,10.48573
13.24,3.60569,10.158045000000001,3.27801,10.48573,3.93337,9.83036
13.26,4.26104,9.502685,3.93336,9.83037,4.58872,9.175
13.28,4.261025,9.502695,3.93335,9.83038,4.5887,9.17501
13.3,4.2610149999999996,9.502690000000001,3.93334,9.83037,4.58869,9.17501
13.32,4.261,9.502695,3.93332,9.83038,4.58868,9.17501
13.34,4.261,8.847335000000001,3.93332,9.17502,4.58868,8.51965
13.36,4.91636,8.191975,4.58868,8.51966,5.24404,7.86429
13.38,-3.9311200000000004,7.5365850000000005,0.65647,7.86428,-8.51871,7.20889
13.4,-7.863375,6.88123,-9.1741,7.20891,-6.55265,6.55355
13.42,-6.8803149999999995,7.536605,-7.20799,7.86429,-6.55264,7.20892
13.44,-6.22497,7.53661,-6.55265,7.86429,-5.89729,7.20893
13.46,-5.56961,7.536614999999999,-5.89729,7.8643,-5.24193,7.20893
13.48,-4.91426,7.20893,-5.24194,7.20893,-4.58658,7.20893
13.5,-4.2589,6.881245,-4.58658,7.20893,-3.93122,6.55356
13.52,-4.25891,6.881245,-4.58659,7.20893,-3.93123,6.55356
13.54,-4.25891,6.225885,-4.58659,6.55357,-3.93123,5.8982
13.56,-4.258915,5.898205,-4.58659,5.89821,-3.93124,5.8982
13.58,-3.60356,5.570525,-3.93124,5.89821,-3.27588,5.24284
13.6,-3.60356,5.570525,-3.93124,5.89821,-3.27588,5.24284
13.62,-3.60356,4.91516,-3.93124,5.24284,-3.27588,4.58748
13.64,-3.27588,4.915165,-3.27588,5.24285,-3.27588,4.58748
13.66,-3.2758849999999997,4.915155,-3.93124,5.24284,-2.62053,4.58747
13.68,-0.982105,3.932115,-3.27589,4.58748,1.31168,3.27675
13.7,15.72992,1.96606,12.45303,1.96606,19.00681,1.96606
13.72,19.989855,3.276795,20.31755,3.27679,19.66216,3.2768
13.74,19.989845000000003,3.9321650000000004,19.66216,3.93217,20.31753,3.93216
13.76,20.6452,4.259855,20.31752,4.58754,20.97288,3.93217
13.78,20.6452,4.587535,20.31752,4.58754,20.97288,4.58753
13.8,21.30055,4.587535,20.97287,4.58754,21.62823,4.58753
13.82,21.95591,4.259855,21.62823,4.58754,22.28359,3.93217
13.84,21.9559,4.587535,21.62822,4.58754,22.28358,4.58753
13.86,22.938935,4.587535,22.28358,5.2429,23.59429,3.93217
13.88,29.16496,2.9491449999999997,26.21579,3.93219,32.11413,1.9661
13.9,32.11413,2.62146,32.11414,2.62146,32.11412,2.62146
13.92,32.4418,3.2768249999999997,32.11412,3.27683,32.76948,3.27682
13.94,32.4418,3.27683,32.11412,3.27683,32.76948,3.27683
13.96,32.441795,3.60451,32.11412,3.9322,32.76947,3.27682
13.98,33.09715,3.60451,32.76947,3.93219,33.42483,3.27683
14.0,33.09715,2.9491449999999997,32.76947,3.27683,33.42483,2.62146
14.02,33.097145,2.9491449999999997,32.76947,3.27683,33.42482,2.62146
14.04,33.42482,3.27682,33.42482,3.27682,33.42482,3.27682
14.06,33.7525,3.2768249999999997,33.42482,3.27683,34.08018,3.27682
14.08,34.08018,3.604495,33.42482,3.93218,34.73554,3.27681
14.1,34.40786,3.276815,34.08018,3.27682,34.73554,3.27681
14.12,35.06322,3.276815,34.73554,3.27682,35.3909,3.27681
14.14,35.06321,3.604495,34.73553,3.93218,35.39089,3.27681
14.16,35.718565,3.276815,35.39089,3.27682,36.04624,3.27681
14.18,35.718555,2.949135,35.39088,3.27682,36.04623,2.62145
14.2,36.04623,2.29377,36.04623,2.62145,36.04623,1.96609
14.22,36.37391,1.638415,36.04623,1.9661,36.70159,1.31073
14.24,36.70159,1.966095,36.70159,1.9661,36.70159,1.96609
14.26,37.02926,1.310735,36.70158,1.31074,37.35694,1.31073
14.28,37.029255,0.983055,36.70158,1.31074,37.35693,0.65537
14.3,37.029245,0.655375,36.70157,0.65538,37.35692,0.65537
14.32,40.96146,-0.3276600000000004,39.32303,1.9999999999243e-05,42.59989,-0.65534
14.34,42.59989,-0.3276549999999988,42.59989,3.0000000002417e-05,42.59989,-0.65534
14.36,42.927565,-0.32764500000000574,42.59989,3.9999999998486e-05,43.25524,-0.65533000000001
14.38,43.255235,3.9999999998486e-05,42.59988,3.9999999998486e-05,43.91059,3.9999999998486e-05
14.4,43.5829,-0.32764000000000076,43.25522,3.9999999998486e-05,43.91058,-0.65532
14.42,43.910579999999996,-0.32764500000000574,43.25522,3.9999999998486e-05,44.56594,-0.65533000000001
14.44,45.221289999999996,-0.655325000000005,44.56593,-0.65532,45.87665,-0.65533000000001
14.46,46.204319999999996,-0.9830049999999999,45.87664,-0.65532,46.532,-1.31069
14.48,46.859674999999996,-0.9830000000000001,46.532,-0.65532,47.18735,-1.31068
14.5,46.85967,-0.9829950000000001,46.53199,-0.65531,47.18735,-1.31068
14.52,47.515029999999996,-0.98299,47.18735,-0.65531,47.84271,-1.31067
14.54,47.8427,-0.9829950000000001,47.8427,-0.65531,47.8427,-1.31068
14.56,41.616685000000004,-1.9660700000000002,43.91049,-1.3107,39.32288,-2.62144
14.58,40.961295,-1.9660549999999999,39.97824,-1.96606,41.94435,-1.96605
14.6,41.616665,-0.983005,41.28899,-0.65533,41.94434,-1.31068
14.62,42.27202,-0.655315,41.94434,-0.65531,42.5997,-0.65532
14.64,42.92738,-0.9830000000000001,42.5997,-0.65532,43.25506,-1.31068
14.66,43.58273,-0.9829950000000001,43.25505,-0.65531,43.91041,-1.31068
14.68,43.91041,-0.9830000000000001,43.25505,-0.65532,44.56577,-1.31068
14.7,44.23808,-1.638365,43.9104,-1.31068,44.56576,-1.96605
14.72,44.893435,-1.3106849999999999,44.56576,-1.31068,45.22111,-1.31069
14.74,45.54879,-1.3106849999999999,45.22111,-1.31068,45.87647,-1.31069
14.76,46.20414,-1.3106849999999999,45.87646,-1.31068,46.53182,-1.31069
14.78,47.51486,-1.31068,47.18718,-1.31068,47.84254,-1.31068
14.8,47.84254,-1.3106849999999999,47.18718,-1.31068,48.4979,-1.31069
14.82,47.842535,-1.3106849999999999,47.84253,-1.31068,47.84254,-1.31069
14.84,48.17021,-1.638365,47.84253,-1.31068,48.49789,-1.96605
14.86,48.17021,-1.638365,47.84253,-1.31068,48.49789,-1.96605
14.88,48.825565,-1.966045,48.49789,-1.96604,49.15324,-1.96605
14.9,48.825559999999996,-1.966045,48.49788,-1.96604,49.15324,-1.96605
14.92,48.825559999999996,-1.966045,48.49788,-1.96604,49.15324,-1.96605
14.94,48.825555,-1.966045,48.49788,-1.96604,49.15323,-1.96605
14.96,48.825555,-1.966045,48.49788,-1.96604,49.15323,-1.96605
14.98,49.808589999999995,-2.29373,49.15323,-1.96605,50.46395,-2.62141
15.0,50.13626,-2.2937250000000002,49.80858,-1.96604,50.46394,-2.62141
15.02,51.119299999999996,-2.293735,50.46394,-1.96605,51.77466,-2.62142
15.04,51.446975,-2.293735,51.1193,-1.96605,51.77465,-2.62142
15.06,43.254845,-2.62145,45.87634,-1.96608,40.63335,-3.27682
15.08,43.58252,-2.62143,41.94408,-2.62144,45.22096,-2.62142
15.1,45.548675,-1.966045,45.221,-1.96604,45.87635,-1.96605
15.12,45.54866,-1.638365,45.22098,-1.31068,45.87634,-1.96605
15.14,45.54866,-1.638365,45.22098,-1.31068,45.87634,-1.96605
15.16,46.204015,-1.3106849999999999,45.87634,-1.31068,46.53169,-1.31069
15.18,46.20402,-1.3106849999999999,45.87634,-1.31068,46.5317,-1.31069
15.2,46.204015,-1.638365,45.87634,-1.31068,46.53169,-1.96605
15.22,46.20401,-1.63837,45.87633,-1.31068,46.53169,-1.96606
15.24,46.531695,-1.63837,46.53169,-1.31069,46.5317,-1.96605
15.26,46.85937,-1.63837,46.53169,-1.31069,47.18705,-1.96605
15.28,46.85937,19.988509999999998,46.53169,41.94307,47.18705,-1.96605
15.3,46.859365,-1.638365,46.53168,-1.31068,47.18705,-1.96605
15.32,46.85936,-1.63837,47.18704,-1.31069,46.53168,-1.96605
15.34,46.85936,-1.31069,46.53168,-1.31069,47.18704,-1.31069
15.36,47.18704,-1.63837,47.18704,-1.31069,47.18704,-1.96605
15.38,47.51472,-1.96605,47.18704,-1.96605,47.8424,-1.96605
15.4,47.18704,-1.966045,47.18704,-1.96604,47.18704,-1.96605
15.42,47.51472,-1.96605,47.18704,-1.96605,47.8424,-1.96605
15.44,47.51472,-1.96605,47.18704,-1.96604,47.8424,-1.96606
15.46,47.514715,-1.9660549999999999,47.18704,-1.96605,47.84239,-1.96606
15.48,47.514714999999995,-2.29373,47.18703,-1.96605,47.8424,-2.62141
15.5,47.84239,-2.293735,47.18703,-1.96605,48.49775,-2.62142
15.52,48.17007,-2.293735,47.84239,-1.96605,48.49775,-2.62142
15.54,48.49775,-2.949095,48.49775,-2.62141,48.49775,-3.27678
15.56,48.82543,-2.293735,48.49775,-1.96605,49.15311,-2.62142
15.58,48.825425,-2.9491050000000003,48.49775,-2.62142,49.1531,-3.27679
15.6,49.80846,-2.9491050000000003,49.1531,-2.62142,50.46382,-3.27679
15.62,50.13613,-3.2767850000000003,49.80845,-3.27678,50.46381,-3.27679
15.64,50.4638,-3.2767850000000003,49.80844,-3.27678,51.11916,-3.27679
15.66,50.4638,-3.2767850000000003,50.4638,-3.27678,50.4638,-3.27679
15.68,50.13612,-3.60446,49.80844,-3.27678,50.4638,-3.93214
15.7,50.136105,-3.27678,49.80843,-3.27678,50.46378,-3.27678
15.72,50.136105,-3.6044549999999997,49.80843,-3.27677,50.46378,-3.93214
15.74,49.48074,-3.27678,49.15306,-3.27678,49.80842,-3.27678
15.76,49.480734999999996,-3.2767749999999998,49.15305,-3.27677,49.80842,-3.27678
15.78,49.153055,-2.949095,49.15305,-2.62141,49.15306,-3.27678
15.8,49.15306,-2.94909,49.15306,-2.62141,49.15306,-3.27677
15.82,49.48074,-2.949095,49.15306,-2.62141,49.80842,-3.27678
15.84,49.153059999999996,-2.949095,48.4977,-2.62141,49.80842,-3.27678
15.86,49.15306,-2.949095,49.15306,-2.62141,49.15306,-3.27678
15.88,48.82538,-2.94909,48.4977,-2.62141,49.15306,-3.27677
15.9,48.82538,-3.276765,48.4977,-3.27676,49.15306,-3.27677
15.92,48.82538,-3.276765,48.4977,-3.27676,49.15306,-3.27677
15.94,49.153059999999996,-3.604445,48.4977,-3.27676,49.80842,-3.93213
15.96,49.48074,-3.932125,49.15306,-3.93212,49.80842,-3.93213
15.98,49.154335,-3.932125,49.15306,-3.93212,49.15561,-3.93213
16.0,49.153055,-3.604445,48.4977,-3.27676,49.80841,-3.93213
16.02,49.15305,-3.932125,48.49769,-3.93212,49.80841,-3.93213
16.04,49.15305,-3.60444,49.15305,-3.27676,49.15305,-3.93212
16.06,51.446844999999996,-4.91516,49.15305,-3.93212,53.74064,-5.8982
16.08,58.655964999999995,-6.553570000000001,58.32828,-6.55356,58.98365,-6.55358
16.1,55.70679,-4.915165,56.36216,-5.24285,55.05142,-4.58748
16.12,54.39607,-4.587465,53.74071,-4.58746,55.05143,-4.58747
16.14,54.72374,-3.9320950000000003,54.39606,-3.93209,55.05142,-3.9321
16.16,54.72374,-3.6044150000000004,54.39606,-3.27673,55.05142,-3.9321
16.18,54.72373,-3.6044150000000004,54.39605,-3.27673,55.05141,-3.9321
16.2,55.379085,-3.93209,55.05141,-3.93209,55.70676,-3.93209
16.22,55.37908,-3.60441,55.0514,-3.27673,55.70676,-3.93209
16.24,55.37908,-3.276725,55.0514,-3.27672,55.70676,-3.27673
16.26,55.37908,-2.949045,55.0514,-2.62136,55.70676,-3.27673
16.28,0.9842049999999993,-3.276725,55.0514,-3.27672,-53.08299,-3.27673
16.3,55.37908,-2.94904,55.0514,-2.62136,55.70676,-3.27672
16.32,55.379085,-3.27672,55.05141,-3.27672,55.70676,-3.27672
16.34,55.379085,-3.27672,55.05141,-3.27672,55.70676,-3.27672
16.36,55.37909,-3.276725,55.05141,-3.27672,55.70677,-3.27673
16.38,57.345209999999994,-3.60439,55.70677,-3.27672,58.98365,-3.93206
16.4,58.328295,-2.62133,58.3283,-2.62133,58.32829,-2.62133
16.42,58.000614999999996,-1.638275,57.67293,-1.31059,58.3283,-1.96596
16.44,57.67293,-1.638275,57.01757,-1.31059,58.32829,-1.96596
16.46,58.00061,-1.63827,57.67293,-1.31059,58.32829,-1.96595
16.48,58.00061,-1.63827,57.67293,-1.31059,58.32829,-1.96595
16.5,58.00062,-0.9829049999999999,57.67294,-0.65522,58.3283,-1.31059
16.52,58.000614999999996,-1.310595,57.67294,-1.31059,58.32829,-1.3106
16.54,58.00061,-1.310595,57.67293,-1.31059,58.32829,-1.3106
16.56,58.000614999999996,-0.982915,57.67293,-0.65523,58.3283,-1.3106
16.58,58.00061,-0.982915,57.67293,-0.65523,58.32829,-1.3106
16.6,58.00061,-0.982915,57.67293,-0.65523,58.32829,-1.3106
16.62,58.00061,-0.982915,57.67293,-0.65523,58.32829,-1.3106
16.64,58.00061,-0.982915,57.67293,-0.65523,58.32829,-1.3106
16.66,58.0006,-0.982915,57.67292,-0.65523,58.32828,-1.3106
16.68,58.0006,-0.6552450000000001,57.67292,-0.65524,58.32828,-0.65525
16.7,58.0006,-0.982925,57.67292,-0.65524,58.32828,-1.31061
16.72,61.27744,-2.949005,58.32827,-1.96597,64.22661,-3.93204
16.74,73.07423,-5.242749999999999,71.43578,-4.58738,74.71268,-5.89812
16.76,73.401905,-3.93203,73.40192,-3.93203,73.40189,-3.93203
16.78,73.72958,-3.276655,73.4019,-3.27665,74.05726,-3.27666
16.8,73.72958,-2.948975,73.4019,-2.62129,74.05726,-3.27666
16.82,74.05725,-2.62128,74.05725,-2.62128,74.05725,-2.62128
16.84,10.487329999999996,-2.2936,74.05725,-1.96592,-53.08259,-2.62128
16.86,74.05725,-2.62128,74.05725,-2.62128,74.05725,-2.62128
16.88,74.05725,-2.293605,74.05725,-1.96592,74.05725,-2.62129
16.9,73.72957,-2.2936,73.40189,-1.96592,74.05725,-2.62128
16.92,74.05725,-2.6212850000000003,74.05725,-2.62128,74.05725,-2.62129
16.94,74.057255,-2.6212850000000003,74.05725,-2.62128,74.05726,-2.62129
16.96,73.729575,-2.94897,73.40189,-2.62129,74.05726,-3.27665
16.98,73.729575,-2.94897,73.40189,-2.62128,74.05726,-3.27666
17.0,73.729575,-2.621295,73.40189,-2.62129,74.05726,-2.6213
17.02,73.72958,-2.94897,73.4019,-2.62129,74.05726,-3.27665
17.04,74.384935,-2.94898,74.05726,-2.62129,74.71261,-3.27667
17.06,74.05725,-4.25971,74.05725,-3.93202,74.05725,-4.5874
17.08,74.38493,-4.259725,74.05725,-3.93204,74.71261,-4.58741
17.1,74.38492,-5.242775,74.05724,-4.58741,74.7126,-5.89814
17.12,81.594075,-7.86421,78.64487,-7.20885,84.54328,-8.51957
17.14,86.5094,-8.191905,86.50941,-8.51958,86.50939,-7.86423
17.16,85.52634499999999,-6.881165,85.19866,-6.55349,85.85403,-7.20884
17.18,84.870995,-6.55347,84.54332,-6.55347,85.19867,-6.55347
17.2,84.54331,-5.898105,84.54331,-5.8981,84.54331,-5.89811
17.22,84.87099,-5.8981,84.54331,-5.8981,85.19867,-5.8981
17.24,84.87098,-5.898095,84.5433,-5.89809,85.19866,-5.8981
17.26,84.215625,-5.57041,83.88795,-5.24273,84.5433,-5.89809
17.28,84.21562,-5.57041,83.88794,-5.24273,84.5433,-5.89809
17.3,84.21562,-5.242725,83.88794,-5.24272,84.5433,-5.24273
17.32,84.5433,-5.242725,84.5433,-5.24272,84.5433,-5.24273
17.34,84.21562,-4.91504,83.88794,-4.58736,84.5433,-5.24272
17.36,84.87097,-5.24272,84.54329,-5.24272,85.19865,-5.24272
17.38,85.52633,-5.570405,85.19865,-5.24272,85.85401,-5.89809
17.4,85.854005,-5.2427150000000005,85.19865,-5.24271,86.50936,-5.24272
17.42,86.18168,-5.2427150000000005,85.854,-5.24271,86.50936,-5.24272
17.44,80.61102,-6.225805,85.854,-5.24272,75.36804,-7.20889
17.46,25.887515,-12.779595,41.94413,-10.48581,9.8309,-15.07338
17.48,-5.8980999999999995,-16.384085,-5.89808,-15.72873,-5.89812,-17.03944
17.5,-4.259705,-14.41798,-4.58738,-15.07334,-3.93203,-13.76262
17.52,-3.604355,-12.45188,-3.93203,-12.45188,-3.27668,-12.45188
17.54,-3.276685,-11.14115,-3.93204,-11.14115,-2.62133,-11.14115
17.56,-2.62133,-9.830425,-3.27669,-9.83042,-1.96597,-9.83043
17.58,-2.293655,-9.502745,-2.62133,-9.83042,-1.96598,-9.17507
17.6,-1.96598,-9.175065,-2.62134,-9.17506,-1.31062,-9.17507
17.62,-1.6383,-9.175065,-1.96598,-9.17506,-1.31062,-9.17507
17.64,-1.6383,-8.5197,-1.96598,-8.5197,-1.31062,-8.5197
17.66,-1.96599,-8.192015,-1.96599,-7.86433,-1.96599,-8.5197
17.68,-2.29367,-7.536655,-2.62135,-7.20897,-1.96599,-7.86434
17.7,-1.63831,-7.536655,-1.96599,-7.20897,-1.31063,-7.86434
17.72,-6.88126,-8.51971,-5.24283,-7.86434,-8.51969,-9.17508
17.74,-6.8812750000000005,-9.17506,-7.20896,-9.17506,-6.55359,-9.17506
17.76,-6.88127,-8.19201,-7.20895,-7.86433,-6.55359,-8.51969
17.78,-6.88127,-8.19201,-7.20895,-7.86433,-6.55359,-8.51969
17.8,-6.88127,-8.192005,-7.20895,-7.86432,-6.55359,-8.51969
17.82,-6.8812750000000005,-8.192005,-7.20896,-7.86432,-6.55359,-8.51969
17.84,-7.20895,-8.192,-7.20895,-7.86432,-7.20895,-8.51968
17.86,-6.88128,-8.191994999999999,-7.20896,-7.86431,-6.5536,-8.51968
17.88,-7.53664,-8.192005,-7.86432,-7.86432,-7.20896,-8.51969
17.9,-7.536635,-8.519675,-7.86432,-8.51967,-7.20895,-8.51968
17.92,-7.20896,-8.519675,-7.86432,-8.51967,-6.5536,-8.51968
17.94,-7.53664,-8.519675,-7.86432,-8.51967,-7.20896,-8.51968
17.96,-3.604425,-9.830400000000001,-6.55359,-9.17504,-0.65526,-10.48576
17.98,1.310855,-9.8304,1.31086,-9.8304,1.31085,-9.8304
18.0,0.6554899999999994,-9.50271,0.0001299999999986,-9.17503,1.31085,-9.83039
18.02,0.983164999999995,-9.17502,0.65548999999999,-9.17502,1.31084,-9.17502
18.04,0.98316,-9.175025,0.65548,-9.17502,1.31084,-9.17503
18.06,0.65548,-9.17502,0.65548,-9.17502,0.65548,-9.17502
18.08,0.98316,-9.17502,0.65548,-9.17502,1.31084,-9.17502
18.1,0.98316,-8.847339999999999,0.65548,-8.51966,1.31084,-9.17502
18.12,1.31084,-8.51966,1.31084,-8.51966,1.31084,-8.51966
18.14,0.98316,-8.847335000000001,0.65548,-8.51965,1.31084,-9.17502
18.16,1.63852,-8.847339999999999,1.31084,-8.51966,1.9662,-9.17502
18.18,-5.570535,-9.830404999999999,-1.31063,-9.17503,-9.83044,-10.48578
18.2,-9.830455,-10.813455000000001,-11.79656,-11.14114,-7.86435,-10.48577
18.22,-6.553595,-9.17503,-7.20896,-9.17503,-5.89823,-9.17503
18.24,-6.22592,-8.847339999999999,-6.5536,-8.51966,-5.89824,-9.17502
18.26,-6.22592,-8.519665,-6.5536,-8.51966,-5.89824,-8.51967
18.28,-5.89824,-8.519665,-5.89824,-8.51966,-5.89824,-8.51967
18.3,-5.57056,-8.519665,-5.89824,-8.51966,-5.24288,-8.51967
18.32,-5.57056,-8.191984999999999,-5.89824,-7.8643,-5.24288,-8.51967
18.34,-5.24288,-7.864305,-5.24288,-7.8643,-5.24288,-7.86431
18.36,-5.242875,-7.86431,-5.24288,-7.86431,-5.24287,-7.86431
18.38,-5.24288,-8.191984999999999,-5.24288,-7.8643,-5.24288,-8.51967
18.4,-5.2428799999999995,-7.864305,-5.89824,-7.8643,-4.58752,-7.86431
18.42,-4.9152000000000005,-8.191994999999999,-5.24288,-7.86431,-4.58752,-8.51968
18.44,-4.915205,-8.19199,-5.24289,-7.8643,-4.58752,-8.51968
18.46,-4.9152000000000005,-8.191994999999999,-5.24288,-7.86431,-4.58752,-8.51968
18.48,-5.242885,-7.8643149999999995,-5.24288,-7.86431,-5.24289,-7.86432
18.5,-0.32758999999999994,-8.19199,-2.6214,-7.86431,1.96622,-8.51967
18.52,2.6215849999999996,-6.22589,2.62159,-6.55357,2.62158,-5.89821
18.54,2.62159,-4.91515,1.96623,-4.58747,3.27695,-5.24283
18.56,3.2769399999999997,-4.587465,2.62158,-4.58746,3.9323,-4.58747
18.58,3.276935,-4.587465,2.62158,-4.58746,3.93229,-4.58747
18.6,3.60461,-4.259785,3.27693,-3.9321,3.93229,-4.58747
18.62,3.60461,-4.259785,3.27693,-3.9321,3.93229,-4.58747
18.64,3.27693,-4.587465,3.27693,-4.58746,3.27693,-4.58747
18.66,2.94925,-4.58747,2.62157,-4.58747,3.27693,-4.58747
18.68,4.91536,-4.915155,2.62157,-3.93211,7.20915,-5.8982
18.7,17.69516,-5.89818,15.72904,-5.89818,19.66128,-5.89818
18.72,19.0059,-4.58745,19.00591,-4.58745,19.00589,-4.58745
18.74,19.333579999999998,-4.587445,19.0059,-4.58744,19.66126,-4.58745
18.76,19.333575,-4.587455,19.0059,-4.58745,19.66125,-4.58746
18.78,19.988934999999998,-4.587455,19.66126,-4.58745,20.31661,-4.58746
18.8,19.98893,-4.259775,19.66125,-3.93209,20.31661,-4.58746
18.82,19.66124,-4.915145,19.66124,-4.58746,19.66124,-5.24283
18.84,19.98892,-4.915145,19.66124,-4.58746,20.3166,-5.24283
18.86,19.66124,-4.915145,19.66124,-4.58746,19.66124,-5.24283
18.88,19.33356,-5.570515,19.00588,-5.24283,19.66124,-5.8982
18.9,19.005879999999998,-5.898194999999999,18.35052,-5.89819,19.66124,-5.8982
18.92,19.33356,-5.898205,19.00588,-5.24284,19.66124,-6.55357
18.94,19.00588,-6.225885,19.00588,-5.8982,19.00588,-6.55357
18.96,18.678205,-6.55357,18.35053,-6.55357,19.00588,-6.55357
18.98,18.6782,-6.8812549999999995,18.35052,-6.55357,19.00588,-7.20894
19.0,18.35052,-6.553575,18.35052,-6.55357,18.35052,-6.55358
19.02,18.022845,-6.8812549999999995,17.69517,-6.55357,18.35052,-7.20894
19.04,18.022845,-6.8812549999999995,17.69516,-6.55357,18.35053,-7.20894
19.06,18.679475,-6.88126,18.35307,-6.55358,19.00588,-7.20894
19.08,18.67821,-6.553585,18.35053,-6.55358,19.00589,-6.55359
19.1,18.6782,-6.881265,18.35052,-6.55358,19.00588,-7.20895
19.12,19.33356,-6.881265,19.00588,-6.55358,19.66124,-7.20895
19.14,19.33356,-6.553585,19.00588,-6.55358,19.66124,-6.55359
19.16,19.66124,-6.225905,19.66124,-5.89822,19.66124,-6.55359
19.18,19.661234999999998,-6.55359,19.66124,-6.55359,19.66123,-6.55359
19.2,19.333550000000002,-6.22591,19.00587,-5.89823,19.66123,-6.55359
19.22,19.333550000000002,-5.89823,19.00587,-5.89823,19.66123,-5.89823
19.24,19.333550000000002,-6.22591,19.00587,-5.89823,19.66123,-6.55359
19.26,19.98891,-6.22591,19.66123,-5.89823,20.31659,-6.55359
19.28,16.384385,-6.55361,16.38439,-6.55361,16.38438,-6.55361
19.3,-18.022,-6.2259150000000005,17.03976,-6.5536,-53.08376,-5.89823
19.32,17.367440000000002,-5.57055,17.03976,-5.24287,17.69512,-5.89823
19.34,18.022795000000002,-5.570545,17.69512,-5.24286,18.35047,-5.89823
19.36,18.0228,-5.570545,17.69512,-5.24286,18.35048,-5.89823
19.38,18.022795000000002,-5.242865,17.69511,-5.24286,18.35048,-5.24287
19.4,17.69511,-5.242865,17.03975,-5.24286,18.35047,-5.24287
19.42,17.69511,-5.242865,17.03975,-5.24286,18.35047,-5.24287
19.44,17.69511,-4.915185,17.69511,-4.5875,17.69511,-5.24287
19.46,17.69511,-4.915185,17.69511,-4.5875,17.69511,-5.24287
19.48,17.36743,-5.24286,17.03975,-5.24286,17.69511,-5.24286
19.5,17.367440000000002,-5.242865,17.03976,-5.24286,17.69512,-5.24287
19.52,17.03976,-4.915185,17.03976,-4.5875,17.03976,-5.24287
19.54,16.3844,-5.570545,16.3844,-5.24286,16.3844,-5.89823
19.56,16.3844,-5.898235,16.3844,-5.89823,16.3844,-5.89824
19.58,18.02282,-6.88128,16.3844,-5.89824,19.66124,-7.86432
19.6,34.07946,-10.1581,30.80259,-9.17504,37.35633,-11.14116
19.62,35.7179,-8.847380000000001,36.04559,-9.17507,35.39021,-8.51969
19.64,35.062535,-7.8643149999999995,34.73486,-7.86431,35.39021,-7.86432
19.66,35.39021,-7.8643149999999995,35.39021,-7.86431,35.39021,-7.86432
19.68,36.045565,-7.864325,35.39021,-7.86432,36.70092,-7.86433
19.7,37.0286,-7.53664,36.70092,-7.20895,37.35628,-7.86433
19.72,37.0286,-7.864325,36.70092,-7.86432,37.35628,-7.86433
19.74,37.683955,-7.20896,37.35628,-7.20896,38.01163,-7.20896
19.76,38.01164,-6.88128,37.35628,-6.5536,38.667,-7.20896
19.78,37.68396,-7.208955,37.35628,-7.20895,38.01164,-7.20896
19.8,38.01164,-6.8812750000000005,38.01164,-6.55359,38.01164,-7.20896
19.82,38.01164,-6.553595,37.35628,-6.55359,38.667,-6.5536
19.84,37.68396,-6.553595,37.35628,-6.55359,38.01164,-6.5536
19.86,38.01164,-6.88128,38.01164,-6.5536,38.01164,-7.20896
19.88,37.68396,-6.5536,37.35628,-6.5536,38.01164,-6.5536
19.9,37.683955,-6.881285,37.35628,-6.5536,38.01163,-7.20897
19.92,38.01164,-6.553605,38.01164,-6.5536,38.01164,-6.55361
19.94,38.339315,-6.5536,38.01163,-6.5536,38.667,-6.5536
19.96,38.01164,-6.553595,38.01164,-6.55359,38.01164,-6.5536
19.98,38.011635,-6.22592,38.01163,-5.89823,38.01164,-6.55361
20.0,38.33931,-6.553605,38.01163,-6.5536,38.66699,-6.55361
20.02,38.33931,-6.553605,38.01163,-6.5536,38.66699,-6.55361
20.04,38.01163,-6.55361,38.01163,-6.5536,38.01163,-6.55362
20.06,38.011624999999995,-6.553615,37.35626,-6.55361,38.66699,-6.55362
20.08,37.68394,-6.881295,37.35626,-6.55361,38.01162,-7.20898
20.1,37.683945,-6.881295,37.35627,-6.55361,38.01162,-7.20898
20.12,37.35626,-6.881304999999999,37.35626,-6.55362,37.35626,-7.20899
20.14,37.02858,-6.881304999999999,36.7009,-6.55362,37.35626,-7.20899
20.16,37.357535,-7.208995,37.35626,-7.20899,37.35881,-7.209
20.18,45.548395,-8.519695,40.6331,-7.86434,50.46369,-9.17505
20.2,55.051355,-9.175055,55.05136,-9.17505,55.05135,-9.17506
20.22,53.08523,-8.19201,53.08523,-7.86433,53.08523,-8.51969
20.24,53.08523,-7.8643149999999995,53.08523,-7.86431,53.08523,-7.86432
20.26,53.41291,-7.536635,53.08523,-7.20895,53.74059,-7.86432
20.28,53.74058,-7.864319999999999,53.08522,-7.86431,54.39594,-7.86433
20.3,54.06826,-8.192,53.74058,-7.86432,54.39594,-8.51968
20.32,54.723615,-8.192,54.39594,-7.86432,55.05129,-8.51968
20.34,54.723615,-8.191994999999999,54.39594,-7.86431,55.05129,-8.51968
20.36,55.05129,-8.192,55.05129,-7.86432,55.05129,-8.51968
20.38,54.723614999999995,-8.192005,54.39593,-7.86432,55.0513,-8.51969
20.4,55.051294999999996,-8.192005,55.05129,-7.86432,55.0513,-8.51969
20.42,55.37897,-8.192005,55.05129,-7.86432,55.70665,-8.51969
20.44,55.378975,-8.519684999999999,55.05129,-8.51968,55.70666,-8.51969
20.46,55.0513,-8.847370000000002,54.39594,-8.51969,55.70666,-9.17505
20.48,54.723615,-8.847370000000002,54.39594,-8.51969,55.05129,-9.17505
20.5,59.31121,-10.485765,55.70666,-9.17505,62.91576,-11.79648
20.52,68.15877,-11.796485,67.5034,-11.79648,68.81414,-11.79649
20.54,68.158765,-11.79648,68.15877,-11.79648,68.15876,-11.79648
20.56,67.83108,-11.14112,67.5034,-11.14112,68.15876,-11.14112
20.58,67.83108,-11.141115,67.5034,-11.14111,68.15876,-11.14112
20.6,67.5034,-11.14112,67.5034,-11.14112,67.5034,-11.14112
20.62,67.5034,-11.141115,67.5034,-11.14111,67.5034,-11.14112
20.64,67.5034,-11.14112,66.84804,-11.14112,68.15876,-11.14112
20.66,67.5034,-11.468795,67.5034,-11.14111,67.5034,-11.79648
20.68,67.5034,-11.141125,67.5034,-11.14112,67.5034,-11.14113
20.7,67.17572,-11.468805,66.84804,-11.14112,67.5034,-11.79649
20.72,67.503405,-12.124165000000001,67.50341,-11.79648,67.5034,-12.45185
20.74,67.5034,-12.45185,67.5034,-11.79648,67.5034,-13.10722
20.76,53.08529,-15.728745,64.88193,-13.10724,41.28865,-18.35025
20.78,-1.6381249999999996,-23.92088,6.55405,-22.28247,-9.8303,-25.55929
20.8,-7.864229999999999,-23.59317,-9.83034,-24.24854,-5.89812,-22.9378
20.82,-4.915065,-20.9717,-5.24274,-20.9717,-4.58739,-20.9717
20.84,-4.259715,-19.333285,-4.58739,-19.66096,-3.93204,-19.00561
20.86,-3.60436,-18.35023,-3.93204,-18.35023,-3.27668,-18.35023
20.88,-2.94901,-17.367185,-3.27669,-17.0395,-2.62133,-17.69487
20.9,-2.62134,-17.0395,-3.2767,-17.0395,-1.96598,-17.0395
20.92,-1.9659900000000001,-16.71182,-2.62135,-16.38414,-1.31063,-17.0395
20.94,-1.63831,-16.38414,-1.96599,-16.38414,-1.31063,-16.38414
20.96,-0.9829600000000001,-15.728775,-1.31064,-15.72877,-0.65528,-15.72878
20.98,-0.9829600000000001,-15.40109,-1.31064,-15.07341,-0.65528,-15.72877
21.0,-0.9829600000000001,-15.07341,-1.31064,-15.07341,-0.65528,-15.07341
21.02,-1.31064,-14.418045,-1.31064,-14.41804,-1.31064,-14.41805
21.04,-1.3093650000000001,-14.418045,-1.30809,-14.41804,-1.31064,-14.41805
21.06,-1.63832,-14.418045,-1.966,-14.41804,-1.31064,-14.41805
21.08,-1.63832,-14.090364999999998,-1.966,-13.76268,-1.31064,-14.41805
21.1,-1.63832,-14.09036,-1.966,-13.76268,-1.31064,-14.41804
21.12,-1.31064,-14.09036,-1.966,-13.76268,-0.65528,-14.41804
21.14,-0.982955,-14.09036,-1.31063,-13.76268,-0.65528,-14.41804
21.16,-0.32758999999999994,-14.09036,-0.65527,-13.76268,9.0000000000146e-05,-14.41804
21.18,-0.3275949999999999,-14.090354999999999,-0.65528,-13.76267,9.0000000000146e-05,-14.41804
21.2,8.999999999997899e-05,-14.090345,-0.65527,-13.76266,0.65545,-14.41803
21.22,0.32777000000000006,-14.090345,9.0000000000146e-05,-13.76266,0.65545,-14.41803
21.24,0.6554500000000001,-13.762665,9.0000000000146e-05,-13.76266,1.31081,-13.76267
21.26,0.983129999999995,-14.090345,0.65544999999999,-13.76266,1.31081,-14.41803
21.28,0.983134999999995,-14.090345,0.65544999999999,-13.76266,1.31082,-14.41803
21.3,1.6385,-14.090354999999999,1.31082,-13.76267,1.96618,-14.41804
21.32,-0.655295,-14.74572,1.31081,-14.41803,-2.6214,-15.07341
21.34,-2.2937250000000002,-14.09035,-3.27678,-13.76267,-1.31067,-14.41803
21.36,-1.6383450000000002,-13.76266,-1.96602,-13.76266,-1.31067,-13.76266
21.38,-1.6383450000000002,-13.434975000000001,-1.96602,-13.10729,-1.31067,-13.76266
21.4,-1.31067,-13.107295,-1.96603,-13.10729,-0.65531,-13.1073
21.42,-1.310665,-13.434975000000001,-1.31067,-13.10729,-1.31066,-13.76266
21.44,-0.98299,-13.1073,-1.31067,-13.1073,-0.65531,-13.1073
21.46,-0.98299,-13.1073,-1.31067,-13.1073,-0.65531,-13.1073
21.48,-1.31067,-12.779615,-1.96603,-12.45193,-0.65531,-13.1073
21.5,-0.65532,-13.1073,-0.65532,-13.10729,-0.65532,-13.10731
21.52,-0.32764000000000076,-13.434985000000001,-0.65532,-13.1073,3.9999999998486e-05,-13.76267
21.54,0.32771999999999923,-13.1073,3.9999999998486e-05,-13.1073,0.6554,-13.1073
21.56,0.32771499999999926,-12.779620000000001,3.9999999998486e-05,-12.45194,0.65539,-13.1073
21.58,0.32771999999999923,-12.779615,3.9999999998486e-05,-12.45193,0.6554,-13.1073
21.6,0.32771999999999923,-12.451935,3.9999999998486e-05,-12.45193,0.6554,-12.45194
21.62,0.32771999999999923,-12.451945,3.9999999998486e-05,-12.45194,0.6554,-12.45195
21.64,3.9999999998486e-05,-12.45194,3.9999999998486e-05,-12.45194,3.9999999998486e-05,-12.45194
21.66,3.4999999996899e-05,-12.45194,2.9999999995312e-05,-12.45194,3.9999999998486e-05,-12.45194
21.68,0.32771499999999765,-12.124265000000001,2.9999999995312e-05,-11.79658,0.6554,-12.45195
21.7,3.4999999996899e-05,-11.796585,3.9999999998486e-05,-11.79658,2.9999999995312e-05,-11.79659
21.72,-0.3276500000000073,-12.124265000000001,-0.65533000000001,-11.79658,2.9999999995312e-05,-12.45195
21.74,7.20911,-13.1073,3.27688,-13.1073,11.14134,-13.1073
21.76,13.107475,-12.12426,13.76285,-12.45194,12.4521,-11.79658
21.78,11.79674,-10.813514999999999,11.14138,-10.48584,12.4521,-11.14119
21.8,11.796735,-9.830465,11.79674,-9.83046,11.79673,-9.83047
21.82,11.46905,-9.83046,11.14137,-9.83046,11.79673,-9.83046
21.84,11.46905,-9.502775,11.14137,-9.17509,11.79673,-9.83046
21.86,11.46904,-9.502780000000001,11.14136,-9.1751,11.79672,-9.83046
21.88,11.469035,-9.830465,11.14136,-9.83046,11.79671,-9.83047
21.9,11.46904,-9.502780000000001,11.14136,-9.1751,11.79672,-9.83046
21.92,11.46903,-9.502785,11.14135,-9.1751,11.79671,-9.83047
21.94,16.384315,-10.813505,13.10746,-10.48582,19.66117,-11.14119
21.96,20.64424,-11.1412,20.31657,-11.14119,20.97191,-11.14121
21.98,20.31655,-10.813514999999999,20.31655,-10.48583,20.31655,-11.1412
22.0,19.98887,-11.141195,19.66119,-11.14119,20.31655,-11.1412
22.02,19.98887,-11.468875,19.66119,-11.14119,20.31655,-11.79656
22.04,19.98887,-11.468879999999999,19.66119,-11.1412,20.31655,-11.79656
22.06,19.66118,-11.79656,19.66118,-11.79656,19.66118,-11.79656
22.08,19.988860000000003,-11.468879999999999,19.66118,-11.79656,20.31654,-11.1412
22.1,19.988855,-11.796565,19.66117,-11.79656,20.31654,-11.79657
22.12,20.64421,-11.796565,20.31653,-11.79656,20.97189,-11.79657
22.14,20.971885,-12.12425,20.97188,-11.79657,20.97189,-12.45193
22.16,20.64421,-12.124245,20.31653,-11.79656,20.97189,-12.45193
22.18,20.64421,-12.124245,20.31653,-11.79656,20.97189,-12.45193
22.2,20.97189,-12.124245,20.97189,-11.79656,20.97189,-12.45193
22.22,21.29957,-12.451935,20.97189,-12.45193,21.62725,-12.45194
22.24,20.971895,-12.451935,20.97189,-12.45193,20.9719,-12.45194
22.26,21.29958,-12.779615,20.9719,-12.45193,21.62726,-13.1073
22.28,20.971895,-12.124265000000001,20.31653,-11.79658,21.62726,-12.45195
22.3,20.64422,-12.779085,20.31654,-12.45194,20.9719,-13.10623
22.32,20.64422,-12.45194,20.31654,-12.45194,20.9719,-12.45194
22.34,20.644225,-12.779625,20.31654,-12.45194,20.97191,-13.10731
22.36,20.644225,-12.779625,20.31655,-12.45194,20.9719,-13.10731
22.38,20.644225,-12.779625,20.31655,-12.45194,20.9719,-13.10731
22.4,20.644225,-12.779634999999999,20.31655,-12.45195,20.9719,-13.10732
22.42,20.9719,-13.107315,20.9719,-13.10731,20.9719,-13.10732
22.44,27.19793,-15.073395,23.59338,-14.41803,30.80248,-15.72876
22.46,32.11323,-15.40109,32.11324,-15.72877,32.11322,-15.07341
22.48,31.130184999999997,-14.745719999999999,30.8025,-14.41804,31.45787,-15.0734
22.5,31.785539999999997,-14.418045,31.45786,-14.41804,32.11322,-14.41805
22.52,31.78555,-14.418035,31.45787,-14.41803,32.11323,-14.41804
22.54,31.78555,-14.41804,31.45787,-14.41804,32.11323,-14.41804
22.56,31.45787,-14.745725,31.45787,-14.41804,31.45787,-15.07341
22.58,31.78555,-14.090364999999998,31.45787,-13.76268,32.11323,-14.41805
22.6,31.45787,-14.74573,31.45787,-14.41805,31.45787,-15.07341
22.62,34.407035,-15.40109,31.45787,-14.41805,37.3562,-16.38413
22.64,44.892995,-16.38413,43.25458,-16.38412,46.53141,-16.38414
22.66,46.203739999999996,-15.72877,45.87606,-15.72877,46.53142,-15.72877
22.68,45.54838,-15.0734,45.2207,-14.41804,45.87606,-15.72876
22.7,45.548375,-15.073405000000001,45.2207,-15.0734,45.87605,-15.07341
22.72,45.876014999999995,-15.073405000000001,45.22062,-15.0734,46.53141,-15.07341
22.74,46.20373,-15.728765,45.87605,-15.72876,46.53141,-15.72877
22.76,46.85909,-15.72877,46.53141,-15.72877,47.18677,-15.72877
22.78,46.85909,-16.056449999999998,46.53141,-15.72877,47.18677,-16.38413
22.8,47.186769999999996,-16.056445,46.53141,-15.72876,47.84213,-16.38413
22.82,47.51445,-16.056449999999998,47.18677,-15.72876,47.84213,-16.38414
22.84,47.51445,-16.38413,47.18677,-16.38412,47.84213,-16.38414
22.86,47.18677,-16.38413,47.18677,-16.38413,47.18677,-16.38413
22.88,46.8591,-16.711815,46.53142,-16.38413,47.18678,-17.0395
22.9,46.859094999999996,-16.711815,46.53142,-16.38413,47.18677,-17.0395
22.92,46.531414999999996,-16.711815,46.53141,-16.38413,46.53142,-17.0395
22.94,46.859105,-17.039495,45.87606,-16.38413,47.84215,-17.69486
22.96,50.791345,-17.694854999999997,50.46366,-17.69485,51.11903,-17.69486
22.98,50.79134,-17.36717,50.46366,-17.03949,51.11902,-17.69485
23.0,50.79135,-17.36717,50.46367,-17.03949,51.11903,-17.69485
23.02,50.463665,-17.039485,50.46367,-17.03948,50.46366,-17.03949
23.04,50.46366,-17.039485,50.46366,-17.03948,50.46366,-17.03949
23.06,50.13598,-17.039485,49.8083,-17.03948,50.46366,-17.03949
23.08,50.13598,-17.039485,49.8083,-17.03948,50.46366,-17.03949
23.1,50.135985000000005,-17.03949,49.8083,-17.03949,50.46367,-17.03949
23.12,49.8083,-17.039485,49.8083,-17.03948,49.8083,-17.03949
23.14,49.80831,-17.039485,49.80831,-17.03948,49.80831,-17.03949
23.16,49.80831,-17.367165,49.80831,-17.03948,49.80831,-17.69485
23.18,49.480635,-16.711805,49.15295,-17.03948,49.80832,-16.38413
23.2,48.82527,-17.039485,48.49759,-17.03948,49.15295,-17.03949
23.22,49.15295,-16.711805,49.15295,-16.38412,49.15295,-17.03949
23.24,48.82528,-16.7118,48.4976,-16.38412,49.15296,-17.03948
23.26,48.825275000000005,-17.039485,48.49759,-17.03948,49.15296,-17.03949
23.28,48.4976,-17.367165,48.4976,-17.03948,48.4976,-17.69485
23.3,42.271615,-17.69487,47.18687,-17.03949,37.35636,-18.35025
23.32,33.751805000000004,-18.67792,32.76876,-18.35024,34.73485,-19.0056
23.34,34.407175,-18.350234999999998,34.0795,-18.35023,34.73485,-18.35024
23.36,35.06253,-18.35023,34.73485,-18.35023,35.39021,-18.35023
23.38,35.71789,-18.022555,35.39021,-17.69487,36.04557,-18.35024
23.4,36.373245,-17.69487,36.04557,-17.69487,36.70092,-17.69487
23.42,36.37324,-17.69487,36.04556,-17.69487,36.70092,-17.69487
23.44,36.700915,-18.022550000000003,36.70092,-17.69487,36.70091,-18.35023
23.46,37.0286,-18.022555,36.70092,-17.69487,37.35628,-18.35024
23.48,37.0286,-18.022555,36.70092,-17.69487,37.35628,-18.35024
23.5,36.70092,-18.35023,36.70092,-18.35023,36.70092,-18.35023
23.52,36.37324,-18.677915,36.04556,-18.35023,36.70092,-19.0056
23.54,36.37324,-18.350234999999998,36.04556,-18.35023,36.70092,-18.35024
23.56,36.700919999999996,-19.0056,36.04556,-18.35023,37.35628,-19.66097
23.58,55.706689999999995,-23.265435,48.49756,-21.62703,62.91582,-24.90384
23.6,68.15882500000001,-24.576169999999998,69.46956,-25.55921,66.84809,-23.59313
23.62,62.588184999999996,-20.97164,62.2605,-20.97165,62.91587,-20.97163
23.64,62.588195,-19.66089,62.26052,-19.66089,62.91587,-19.66089
23.66,62.91586,-19.005525,62.91586,-19.00552,62.91586,-19.00553
23.68,62.91586,-18.350164999999997,62.91586,-18.35016,62.91586,-18.35017
23.7,63.24353,-18.350155,62.91585,-18.35015,63.57121,-18.35016
23.72,62.588165000000004,-18.35016,62.26049,-18.35016,62.91584,-18.35016
23.74,62.588155,-18.350164999999997,62.26048,-18.35016,62.91583,-18.35017
23.76,62.26048,-18.67785,61.60512,-18.35016,62.91584,-19.00554
23.78,62.588155,-18.677855,62.26048,-18.35017,62.91583,-19.00554
23.8,62.58815,-19.00554,62.26047,-19.00553,62.91583,-19.00555
23.82,62.91583,-19.333225,62.91583,-19.00554,62.91583,-19.66091
23.84,62.91583,-19.66091,62.26047,-19.66091,63.57119,-19.66091
23.86,63.24351,-19.660905,62.91583,-19.6609,63.57119,-19.66091
23.88,62.58815,-19.66091,62.26047,-19.66091,62.91583,-19.66091
23.9,62.58815,-19.660905,62.26047,-19.6609,62.91583,-19.66091
23.92,62.91583,-19.988595,62.91583,-19.66091,62.91583,-20.31628
23.94,62.914784999999995,-19.660915000000003,62.91583,-19.66091,62.91374,-19.66092
23.96,62.91583,-19.988595,62.26047,-19.66091,63.57119,-20.31628
23.98,63.2435,-20.31628,62.91582,-20.31627,63.57118,-20.31629
24.0,63.2435,-20.316285,62.91582,-20.31628,63.57118,-20.31629
24.02,63.898849999999996,-20.643965,63.57117,-20.31628,64.22653,-20.97165
24.04,63.89883999999999,-20.643965,63.57116,-20.31628,64.22652,-20.97165
24.06,63.898835000000005,-20.316285,63.57116,-20.31628,64.22651,-20.31629
24.08,63.24347,-20.643965,62.91579,-20.31628,63.57115,-20.97165
24.1,65.20958,-21.299325,62.91578,-20.31629,67.50338,-22.28236
24.12,79.300205,-23.593045,76.67868,-22.93768,81.92173,-24.24841
24.14,81.26634,-22.282325,81.26636,-22.93769,81.26632,-21.62696
24.16,80.28329,-21.626955000000002,79.95561,-21.62695,80.61097,-21.62696
24.18,80.283285,-21.29927,79.95561,-20.97159,80.61096,-21.62695
24.2,80.28328,-20.971595,79.9556,-20.97159,80.61096,-20.9716
24.22,80.28328,-20.971595,79.9556,-20.97159,80.61096,-20.9716
24.24,80.28328,-20.643915,79.9556,-20.31623,80.61096,-20.9716
24.26,80.61096,-20.31624,79.9556,-20.31624,81.26632,-20.31624
24.28,80.61096,-20.643915,80.61096,-20.31623,80.61096,-20.9716
24.3,80.61096,-20.315710000000003,80.61096,-20.31518,80.61096,-20.31624
24.32,80.28328,-20.31624,79.9556,-20.31624,80.61096,-20.31624
24.34,80.28327,-20.316245000000002,79.95559,-20.31624,80.61095,-20.31625
24.36,80.28327,-20.64392,79.95559,-20.31624,80.61095,-20.9716
24.38,88.475465,-22.937675,85.1986,-22.28231,91.75233,-23.59304
24.4,92.40768,-22.282310000000003,92.40769,-22.93767,92.40767,-21.62695
24.42,92.079985,-21.62694,91.7523,-21.62694,92.40767,-21.62694
24.44,19.335020000000004,-20.643884999999997,91.7523,-20.3162,-53.08226,-20.97157
24.46,91.7523,-20.316205,91.7523,-20.3162,91.7523,-20.31621
24.48,92.07998,-19.98852,91.7523,-19.66084,92.40766,-20.3162
24.5,91.7523,-19.988515,91.7523,-19.66083,91.7523,-20.3162
24.52,91.7523,-19.660835,91.7523,-19.66083,91.7523,-19.66084
24.54,91.42462,-19.66083,91.09694,-19.66083,91.7523,-19.66083
24.56,91.424615,-19.988515,91.09694,-19.66083,91.75229,-20.3162
24.58,92.07997,-19.660835,91.75229,-19.66083,92.40765,-19.66084
24.6,92.735325,-19.988509999999998,92.40764,-19.66083,93.06301,-20.31619
24.62,92.73532,-19.660825000000003,92.40764,-19.66082,93.063,-19.66083
24.64,92.73532,-19.00546,92.40764,-19.00546,93.063,-19.00546
24.66,92.73532,-19.005454999999998,92.40764,-19.00545,93.063,-19.00546
24.68,92.735315,-19.005454999999998,92.40764,-19.00545,93.06299,-19.00546
24.7,92.73531,-19.005454999999998,92.40763,-19.00545,93.06299,-19.00546
24.72,92.73531,-19.333135,92.40763,-19.00545,93.06299,-19.66082
24.74,92.73531,-19.005454999999998,92.40763,-19.00545,93.06299,-19.00546
24.76,92.7353,-19.00545,92.40762,-19.00545,93.06298,-19.00545
24.78,92.7353,-18.677770000000002,92.40762,-19.00545,93.06298,-18.35009
24.8,92.7353,-18.677765,92.40762,-18.35008,93.06298,-19.00545
24.82,92.7353,-18.350085,92.40762,-18.35008,93.06298,-18.35009
24.84,92.7353,-18.022399999999998,92.40762,-17.69472,93.06298,-18.35008
24.86,92.7353,-18.350074999999997,92.40762,-18.35007,93.06298,-18.35008
24.88,92.73529,-17.694715000000002,92.40761,-17.69471,93.06297,-17.69472
24.9,93.718335,-18.34959,93.06297,-17.69471,94.3737,-19.00447
24.92,100.27204,-19.988464999999998,98.9613,-19.66078,101.58278,-20.31615
24.94,99.944355,-18.677735,100.27204,-19.00542,99.61667,-18.35005
24.96,99.944355,-18.022370000000002,99.61667,-17.69469,100.27204,-18.35005
24.98,99.94435,-17.694685,99.61667,-17.69468,100.27203,-17.69469
25.0,23.267229999999998,-17.367005,99.61667,-17.03932,-53.08221,-17.69469
25.02,99.28899,-17.367005,98.96131,-17.03932,99.61667,-17.69469
25.04,99.61668,-18.022370000000002,99.61668,-17.69469,99.61668,-18.35005
25.06,92.73533499999999,-18.677785,99.61667,-17.69469,85.854,-19.66088
25.08,30.80282,-24.24854,49.15321,-22.9378,12.45243,-25.55928
25.1,-8.519480000000001,-25.886935,-8.51946,-26.21462,-8.5195,-25.55925
25.12,-4.58729,-23.265459999999997,-5.24265,-23.59314,-3.93193,-22.93778
25.14,-3.931945,-21.29936,-4.5873,-21.62704,-3.27659,-20.97168
25.16,-2.621235,-20.316315000000003,-3.27659,-20.31631,-1.96588,-20.31632
25.18,-1.3105250000000002,-19.66095,-1.96588,-19.66095,-0.65517,-19.66095
25.2,-0.6551749999999998,-18.677905000000003,-1.31053,-18.35022,0.0001800000000002,-19.00559
25.22,-0.6551799999999999,-18.677905000000003,-1.31054,-18.35022,0.0001800000000002,-19.00559
25.24,0.32784999999999853,-18.350225000000002,0.0001699999999971,-18.35022,0.65553,-18.35023
25.26,0.32784999999999853,-18.677915,0.0001699999999971,-18.35023,0.65553,-19.0056
25.28,0.32784999999999853,-18.67791,0.0001699999999971,-18.35022,0.65553,-19.0056
25.3,0.32784999999999853,-18.677915,0.0001699999999971,-18.35023,0.65553,-19.0056
25.32,0.65553,-18.35023,0.65553,-18.35023,0.65553,-18.35023
25.34,0.65553,-18.022555,0.65553,-17.69487,0.65553,-18.35024
25.36,0.32784999999999853,-18.022545,0.0001699999999971,-17.69486,0.65553,-18.35023
25.38,0.32784999999999853,-18.022545,0.0001699999999971,-17.69486,0.65553,-18.35023
25.4,0.32784999999999853,-18.35023,0.0001699999999971,-18.35023,0.65553,-18.35023
25.42,0.32784999999999853,-18.35023,0.0001699999999971,-18.35023,0.65553,-18.35023
25.44,0.98448,-18.677905000000003,0.65552,-18.35022,1.31344,-19.00559
25.46,0.98321,-18.677915,0.65553,-18.35023,1.31089,-19.0056
25.48,0.98321,-18.677915,0.65553,-18.35023,1.31089,-19.0056
25.5,0.6555299999999986,-19.005595,0.0001699999999971,-18.35023,1.31089,-19.66096
25.52,0.32784999999999853,-19.005595,0.0001699999999971,-19.00559,0.65553,-19.0056
25.54,0.32784999999999853,-19.333280000000002,0.0001699999999971,-19.0056,0.65553,-19.66096
25.56,-26.21423,-19.005595,-53.73935,-19.00559,1.31089,-19.0056
25.58,0.98321,-19.0056,0.65553,-19.00559,1.31089,-19.00561
25.6,0.65553,-19.333285,0.65553,-19.0056,0.65553,-19.66097
25.62,0.65553,-19.333285,0.65553,-19.0056,0.65553,-19.66097
25.64,0.98321,-19.988644999999998,0.65553,-19.66096,1.31089,-20.31633
25.66,-18.677370000000003,-21.627045,-53.73922,-20.97168,16.38448,-22.28241
25.68,17.039855000000003,-21.299374999999998,17.03987,-21.62706,17.03984,-20.97169
25.7,16.0568,-20.31631,15.72912,-20.31631,16.38448,-20.31631
25.72,16.712155,-19.660944999999998,16.38448,-19.66094,17.03983,-19.66095
25.74,17.039825,-19.333264999999997,16.38447,-19.00558,17.69518,-19.66095
25.76,18.022219999999997,-19.66095,17.6939,-19.00559,18.35054,-20.31631
25.78,18.67822,-19.333264999999997,18.35054,-19.00558,19.0059,-19.66095
25.8,18.678215,-19.005585,18.35054,-19.00558,19.00589,-19.00559
25.82,18.67821,-19.333264999999997,18.35053,-19.00558,19.00589,-19.66095
25.84,19.33357,-18.677905000000003,19.00589,-18.35022,19.66125,-19.00559
25.86,19.33357,-19.333264999999997,19.00589,-19.00558,19.66125,-19.66095
25.88,19.00589,-19.333264999999997,18.35053,-19.00558,19.66125,-19.66095
25.9,19.661250000000003,-19.660955,19.00589,-19.66095,20.31661,-19.66096
25.92,19.98893,-19.988635000000002,19.66125,-19.66095,20.31661,-20.31632
25.94,19.988925000000002,-19.66096,19.66125,-19.66096,20.3166,-19.66096
25.96,19.988925000000002,-19.660955,19.66125,-19.66095,20.3166,-19.66096
25.98,21.299655,-20.316325,19.66124,-19.66096,22.93807,-20.97169
26.0,35.390155,-22.937765,32.11329,-22.2824,38.66702,-23.59313
26.02,39.650065,-21.954725,39.32239,-22.2824,39.97774,-21.62705
26.04,39.322379999999995,-20.971674999999998,38.66702,-20.97167,39.97774,-20.97168
26.06,39.650059999999996,-21.299355,39.32238,-20.97167,39.97774,-21.62704
26.08,39.97773,-21.299365,39.97773,-20.97168,39.97773,-21.62705
26.1,39.65005,-21.627045000000003,39.32237,-21.62704,39.97773,-21.62705
26.12,38.99469,-21.299365,39.32237,-20.97168,38.66701,-21.62705
26.14,38.011645,-20.971685,38.01165,-20.97168,38.01164,-20.97169
26.16,37.0286,-20.316325,36.70092,-20.31632,37.35628,-20.31633
26.18,36.37324,-20.316325,36.04556,-20.31632,36.70092,-20.31633
26.2,36.37324,-19.98865,36.04556,-19.66096,36.70092,-20.31634
26.22,36.37325,-19.988655,36.04557,-19.66097,36.70093,-20.31634
26.24,36.37325,-19.988655,36.04557,-19.66097,36.70093,-20.31634
26.26,36.37325,-19.660975,36.04557,-19.66097,36.70093,-19.66098
26.28,36.37325,-19.660975,36.04557,-19.66097,36.70093,-19.66098
26.3,36.37325,-19.333285,36.04557,-19.0056,36.70093,-19.66097
26.32,37.028605,-19.988655,36.70093,-19.66097,37.35628,-20.31634
26.34,37.35628,-20.316335000000002,36.70092,-20.31633,38.01164,-20.31634
26.36,38.33931,-20.316335000000002,38.01163,-20.31633,38.66699,-20.31634
26.38,38.33931,-19.98866,38.01163,-19.66098,38.66699,-20.31634
26.4,38.66699,-19.988664999999997,38.01163,-19.66098,39.32235,-20.31635
26.42,42.92689,-21.627065,39.32236,-20.31634,46.53142,-22.93779
26.44,50.791354999999996,-21.954745,50.46368,-22.28242,51.11903,-21.62707
26.46,50.135985000000005,-20.64401,49.8083,-20.31633,50.46367,-20.97169
26.48,50.13599,-20.316335000000002,49.80831,-20.31633,50.46367,-20.31634
26.5,50.13598,-19.988664999999997,49.8083,-19.66098,50.46366,-20.31635
26.52,49.8083,-19.988664999999997,49.8083,-19.66098,49.8083,-20.31635
26.54,49.15293,-20.31635,49.15293,-20.31634,49.15293,-20.31636
26.56,49.15292,-20.31637,48.49756,-19.661,49.80828,-20.97174
26.58,48.82524,-21.299425,48.49756,-20.97174,49.15292,-21.62711
26.6,48.49755,-20.644064999999998,48.49755,-20.31638,48.49755,-20.97175
26.62,55.37896,-23.2655,50.46366,-21.6271,60.29426,-24.9039
26.64,63.243475000000004,-24.57624,63.57117,-24.90392,62.91578,-24.24856
26.66,61.605035,-23.2655,61.60503,-22.93782,61.60504,-23.59318
26.68,61.932715,-22.937815,61.60504,-22.93781,62.26039,-22.93782
26.7,61.932705,-22.610135,61.60503,-22.28245,62.26038,-22.93782
26.72,61.9327,-22.610125,61.60502,-22.28244,62.26038,-22.93781
26.74,61.9327,-22.610125,61.60502,-22.28244,62.26038,-22.93781
26.76,61.9327,-22.282445000000003,61.60502,-22.28244,62.26038,-22.28245
26.78,61.9327,-22.28244,61.60502,-22.28244,62.26038,-22.28244
26.8,61.93271,-21.627074999999998,61.60503,-21.62707,62.26039,-21.62708
26.82,61.93271,-21.62708,61.60503,-20.97172,62.26039,-22.28244
26.84,62.260400000000004,-21.954755,61.60504,-21.62707,62.91576,-22.28244
26.86,62.2604,-21.627085,62.2604,-21.62708,62.2604,-21.62709
26.88,62.91576499999999,-21.62708,62.2604,-21.62708,63.57113,-21.62708
26.9,63.24344,-21.954765000000002,62.91576,-21.62708,63.57112,-22.28245
26.92,63.898804999999996,-22.282445000000003,63.57112,-22.28244,64.22649,-22.28245
26.94,64.55416,-22.28244,64.22648,-22.28244,64.88184,-22.28244
26.96,64.55416,-21.95476,64.22648,-21.62708,64.88184,-22.28244
26.98,64.88185,-21.95476,64.22649,-21.62708,65.53721,-22.28244
27.0,65.209525,-21.95476,64.88184,-21.62708,65.53721,-22.28244
27.02,65.20953,-22.282445000000003,64.88185,-22.28244,65.53721,-22.28245
27.04,65.20953,-22.610120000000002,64.88185,-22.28244,65.53721,-22.9378
27.06,65.20952,-22.28244,64.88184,-22.28244,65.5372,-22.28244
27.08,65.20952,-22.610125,64.88184,-22.28244,65.5372,-22.93781
27.1,65.5372,-22.28244,65.5372,-22.28244,65.5372,-22.28244
27.12,65.537195,-22.282445000000003,65.53719,-22.28244,65.5372,-22.28245
27.14,65.864875,-22.282445000000003,65.5372,-22.28244,66.19255,-22.28245
27.16,65.86487,-22.282445000000003,65.53719,-22.28244,66.19255,-22.28245
27.18,65.864875,-22.610135,65.5372,-22.28245,66.19255,-22.93782
27.2,69.14171999999999,-23.265484999999998,66.19255,-22.28245,72.09089,-24.24852
27.22,78.317025,-23.593145,77.33396,-23.59314,79.30009,-23.59315
27.24,77.661645,-22.282404999999997,77.33397,-22.28241,77.98932,-22.2824
27.26,77.98933,-21.954720000000002,77.33397,-21.62704,78.64469,-22.2824
27.28,77.66164,-21.299355,77.33396,-20.97167,77.98932,-21.62704
27.3,77.98932,-21.299355,77.98932,-20.97167,77.98932,-21.62704
27.32,77.66163,-21.299355,77.33395,-20.97167,77.98931,-21.62704
27.34,77.661625,-20.971674999999998,77.33394,-20.97167,77.98931,-20.97168
27.36,77.661625,-20.643995,77.33395,-20.31631,77.9893,-20.97168
27.38,77.66162,-20.971674999999998,77.33394,-20.97167,77.9893,-20.97168
27.4,77.66162499999999,-20.971675,76.67857,-20.31631,78.64468,-21.62704
27.42,87.492365,-23.265414999999997,84.54318,-22.93773,90.44155,-23.5931
27.44,90.11385999999999,-22.609495000000003,90.44156,-22.93662,89.78616,-22.28237
27.46,89.45849,-21.299315,89.13081,-20.97163,89.78617,-21.627
27.48,89.458485,-21.29931,89.13081,-20.97163,89.78616,-21.62699
27.5,89.78616,-20.97163,89.1308,-20.97163,90.44152,-20.97163
27.52,90.113835,-20.64395,89.78615,-20.31627,90.44152,-20.97163
27.54,90.441505,-20.97163,89.78615,-20.97163,91.09686,-20.97163
27.56,90.11382,-20.643945000000002,89.78614,-20.31626,90.4415,-20.97163
27.58,90.76918,-20.64394,90.4415,-20.31626,91.09686,-20.97162
27.6,90.76918,-20.64394,90.4415,-20.31626,91.09686,-20.97162
27.62,90.76918,-20.64394,90.4415,-20.31626,91.09686,-20.97162
27.64,90.769185,-20.643945000000002,90.44151,-20.31626,91.09686,-20.97163
27.66,90.76918,-20.643945000000002,90.4415,-20.31626,91.09686,-20.97163
27.68,90.76918,-20.316265,90.4415,-20.31626,91.09686,-20.31627
27.7,90.76918,-20.643945000000002,90.4415,-20.31626,91.09686,-20.97163
27.72,90.76918,-20.643945000000002,90.4415,-20.31626,91.09686,-20.97163
27.74,86.83696,-21.95471,90.4415,-20.97163,83.23242,-22.93779
27.76,36.37339,-28.836174999999997,52.42997,-26.87007,20.31681,-30.80228
27.78,8.520035,-31.12993,7.86468,-31.45762,9.17539,-30.80224
27.8,10.158449999999998,-28.50846,9.83077,-28.83614,10.48613,-28.18078
27.82,10.48611,-27.85309,9.83075,-28.18077,11.14147,-27.52541
27.84,11.469145000000001,-26.870044999999998,11.14147,-26.87004,11.79682,-26.87005
27.86,12.124500000000001,-26.542360000000002,11.79682,-26.21468,12.45218,-26.87004
27.88,12.779855000000001,-25.887,12.45218,-25.55932,13.10753,-26.21468
27.9,12.77985,-25.559325,12.45217,-25.55932,13.10753,-25.55933
27.92,13.10753,-24.90396,13.10753,-24.90396,13.10753,-24.90396
27.94,13.435199999999998,-24.90396,13.10752,-24.90396,13.76288,-24.90396
27.96,13.435199999999998,-24.57628,13.10752,-24.2486,13.76288,-24.90396
27.98,13.76288,-24.903955,13.76288,-24.90395,13.76288,-24.90396
28.0,3.9323650000000003,-25.88702,11.14141,-24.90396,-3.27668,-26.87008
28.02,-11.46883,-27.853115,-11.7965,-27.52544,-11.14116,-28.18079
28.04,-9.50274,-26.54238,-9.83042,-26.87006,-9.17506,-26.2147
28.06,-8.847380000000001,-25.88701,-9.17506,-25.55933,-8.5197,-26.21469
28.08,-8.847380000000001,-25.55932,-9.17506,-25.55932,-8.5197,-25.55932
28.1,-7.86435,-25.231634999999997,-8.51971,-24.90395,-7.20899,-25.55932
28.12,-6.881315,-25.231634999999997,-7.20899,-24.90395,-6.55364,-25.55932
28.14,-6.55364,-24.903955,-7.209,-24.90395,-5.89828,-24.90396
28.16,-5.5706,-24.57627,-5.89828,-24.24859,-5.24292,-24.90395
28.18,-5.5706,-24.24858,-5.89828,-24.24858,-5.24292,-24.24858
28.2,-5.24292,-23.9209,-5.24292,-23.59322,-5.24292,-24.24858
28.22,-4.91524,-24.248575000000002,-5.24292,-24.24857,-4.58756,-24.24858
28.24,-4.91524,-23.920895,-5.24292,-23.59321,-4.58756,-24.24858
28.26,-4.91524,-23.920895,-5.24292,-23.59321,-4.58756,-24.24858
28.28,-4.9152450000000005,-23.92089,-5.24292,-23.59321,-4.58757,-24.24857
28.3,-4.9152450000000005,-23.593204999999998,-5.24293,-23.5932,-4.58756,-23.59321
28.32,-4.91525,-23.59321,-5.24293,-23.59321,-4.58757,-23.59321
28.34,-4.9152450000000005,-23.92089,-5.24293,-23.59321,-4.58756,-24.24857
28.36,-4.259885,-23.920895,-4.58756,-23.59321,-3.93221,-24.24858
28.38,-4.259885000000001,-23.920895,-4.58757,-23.59321,-3.9322,-24.24858
28.4,-4.25988,-23.593215,-4.58756,-23.59321,-3.9322,-23.59322
28.42,-3.9322049999999997,-23.920895,-3.9322,-23.59321,-3.93221,-24.24858
28.44,-3.60453,-23.59322,-3.93221,-23.59322,-3.27685,-23.59322
28.46,-3.93221,-23.920904999999998,-3.93221,-23.59322,-3.93221,-24.24859
28.48,-3.60453,-23.9209,-3.93221,-23.59322,-3.27685,-24.24858
28.5,-3.60453,-23.920904999999998,-3.93221,-23.59322,-3.27685,-24.24859
28.52,-3.60453,-24.248585,-3.93221,-24.24858,-3.27685,-24.24859
28.54,3.60455,-25.231625,-1.31074,-24.90395,8.51984,-25.5593
28.56,16.05664,-25.23162,14.41822,-24.90394,17.69506,-25.5593
28.58,17.36738,-24.24857,17.0397,-24.24857,17.69506,-24.24857
28.6,17.367375,-23.920885,17.0397,-23.5932,17.69505,-24.24857
28.62,17.36737,-23.920885,17.03969,-23.5932,17.69505,-24.24857
28.64,17.695045,-23.920885,17.03969,-23.5932,18.3504,-24.24857
28.66,17.69504,-23.920885,17.69504,-23.5932,17.69504,-24.24857
28.68,17.695034999999997,-23.92089,17.69504,-23.59321,17.69503,-24.24857
28.7,17.695030000000003,-24.248575000000002,17.03967,-24.24857,18.35039,-24.24858
28.72,18.678065,-23.920895,18.35039,-23.59321,19.00574,-24.24858
28.74,18.678060000000002,-24.576255,18.35038,-24.24857,19.00574,-24.90394
28.76,19.33342,-24.576259999999998,19.00574,-24.24857,19.6611,-24.90395
28.78,19.333415000000002,-24.248575000000002,19.00573,-24.24857,19.6611,-24.24858
28.8,19.66109,-24.24857,19.66109,-24.24857,19.66109,-24.24857
28.82,19.33341,-24.24858,19.00573,-24.24858,19.66109,-24.24858
28.84,19.988770000000002,-24.576259999999998,19.66109,-24.24858,20.31645,-24.90394
28.86,19.66109,-24.576265,19.66109,-24.24858,19.66109,-24.90395
28.88,23.593294999999998,-26.214669999999998,19.66108,-24.90395,27.52551,-27.52539
28.9,38.994555000000005,-28.836145000000002,37.35613,-28.83613,40.63298,-28.83616
28.92,39.32222,-27.52542,39.32223,-27.52542,39.32221,-27.52542
28.94,38.994535,-26.870055,38.66686,-26.87005,39.32221,-26.87006
28.96,39.32221,-27.19774,39.32221,-26.87006,39.32221,-27.52542
28.98,38.99453,-26.87006,38.66685,-26.87006,39.32221,-26.87006
29.0,39.649885,-26.542385,39.32221,-26.2147,39.97756,-26.87007
29.02,39.649885,-26.87006,39.32221,-26.87006,39.97756,-26.87006
29.04,39.97756,-26.870064999999997,39.3222,-26.87006,40.63292,-26.87007
29.06,40.30524,-27.197744999999998,39.97756,-26.87006,40.63292,-27.52543
29.08,40.30525,-27.197755,39.97757,-26.87007,40.63293,-27.52544
29.1,40.30525,-27.197755,39.97757,-26.87007,40.63293,-27.52544
29.12,40.63293,-27.197760000000002,40.63293,-26.87008,40.63293,-27.52544
29.14,40.30525,-27.52544,39.97757,-27.52544,40.63293,-27.52544
29.16,40.30525,-27.525444999999998,39.97757,-27.52544,40.63293,-27.52545
29.18,47.84202,-28.83616,44.56516,-28.1808,51.11888,-29.49152
29.2,51.774249999999995,-28.508475,51.77426,-28.83615,51.77424,-28.1808
29.22,51.446565,-27.85311,51.11888,-27.52543,51.77425,-28.18079
29.24,51.446565,-27.85311,51.11889,-27.52542,51.77424,-28.1808
29.26,51.447845,-27.85311,51.12144,-27.52543,51.77425,-28.18079
29.28,51.44656,-27.52543,51.11888,-27.52543,51.77424,-27.52543
29.3,51.77424,-27.85311,51.11888,-27.52543,52.4296,-28.18079
29.32,52.101915,-27.525435,51.77424,-27.52543,52.42959,-27.52544
29.34,56.6895,-29.163829999999997,53.08496,-28.18079,60.29404,-30.14687
29.36,63.898605,-29.163825,63.57093,-29.4915,64.22628,-28.83615
29.38,63.24322,-28.83614,62.91554,-28.83614,63.5709,-28.83614
29.4,63.57091,-28.50846,63.57091,-28.18078,63.57091,-28.83614
29.42,63.898585,-28.18078,63.57091,-27.52542,64.22626,-28.83614
29.44,63.898585,-28.180785,63.5709,-28.18078,64.22627,-28.18079
29.46,63.898579999999995,-28.180785,63.5709,-28.18078,64.22626,-28.18079
29.48,63.898585,-28.508465,63.57091,-28.18078,64.22626,-28.83615
29.5,63.898579999999995,-28.180785,63.5709,-28.18078,64.22626,-28.18079
29.52,63.898579999999995,-28.180785,63.5709,-28.18078,64.22626,-28.18079
29.54,63.898579999999995,-28.180785,63.5709,-28.18078,64.22626,-28.18079
29.56,64.226265,-28.18079,64.22626,-28.18079,64.22627,-28.18079
29.58,63.898585,-28.508465,63.57091,-28.18078,64.22626,-28.83615
29.6,63.89859,-27.853105,63.57091,-27.52542,64.22627,-28.18079
29.62,63.57091,-28.18079,63.57091,-28.18079,63.57091,-28.18079
29.64,63.89859,-28.18079,63.57091,-28.18079,64.22627,-28.18079
29.66,63.57091,-28.180795,63.57091,-28.18079,63.57091,-28.1808
29.68,63.243235,-27.85311,62.91555,-27.52543,63.57092,-28.18079
29.7,63.24323,-27.853115000000003,62.91555,-27.52543,63.57091,-28.1808
29.72,63.24324,-27.853115000000003,62.91556,-27.52543,63.57092,-28.1808
29.74,63.24323,-27.853115000000003,62.91555,-27.52543,63.57091,-28.1808
29.76,62.915555,-27.85311,62.26019,-27.52543,63.57092,-28.18079
29.78,62.58787,-27.85311,62.26019,-27.52543,62.91555,-28.18079
29.8,62.2602,-27.853115000000003,61.60484,-27.52543,62.91556,-28.1808
29.82,62.260194999999996,-27.85311,62.26019,-27.52543,62.2602,-28.18079
29.84,61.932514999999995,-27.52543,61.60483,-27.52543,62.2602,-27.52543
29.86,62.2602,-27.19775,62.2602,-26.87007,62.2602,-27.52543
29.88,61.93252,-27.19775,61.60484,-26.87007,62.2602,-27.52543
29.9,62.587875,-27.525435,62.26019,-26.87007,62.91556,-28.1808
29.92,62.58787,-27.853115000000003,62.26019,-27.52543,62.91555,-28.1808
29.94,63.24323,-27.525435,62.91555,-27.52543,63.57091,-27.52544
29.96,63.898585,-27.853115000000003,63.57091,-27.52543,64.22626,-28.1808
29.98,64.22626,-27.52543,64.22626,-27.52543,64.22626,-27.52543
30.0,64.22626,-26.870075,63.5709,-26.87007,64.88162,-26.87008
30.02,63.898574999999994,-26.870064999999997,63.5709,-26.87006,64.22625,-26.87007
30.04,64.226255,-26.870064999999997,64.22626,-26.87006,64.22625,-26.87007
30.06,64.22625,-26.87007,64.22625,-26.87007,64.22625,-26.87007
30.08,64.22625,-26.542385,64.22625,-26.2147,64.22625,-26.87007
30.1,64.226245,-26.214705000000002,63.57089,-26.2147,64.8816,-26.21471
30.12,64.22624,-25.887025,63.57088,-25.55934,64.8816,-26.21471
30.14,64.22624,-25.887025,63.57088,-25.55934,64.8816,-26.21471
30.16,64.55392,-25.88703,64.22624,-25.55935,64.8816,-26.21471
30.18,64.55392,-26.214705000000002,64.22624,-26.2147,64.8816,-26.21471
30.2,64.55392,-25.88703,64.22624,-25.55935,64.8816,-26.21471
30.22,61.932445,-25.23167,64.22624,-26.21471,59.63865,-24.24863
30.24,40.305305000000004,-18.678005,45.22058,-20.31644,35.39003,-17.03957
30.26,28.836365,-12.45197,28.83636,-13.10734,28.83637,-11.7966
30.28,29.16404,-10.158180000000002,28.83636,-9.8305,29.49172,-10.48586
30.3,29.164035,-10.158175,28.83636,-9.83049,29.49171,-10.48586
30.32,29.491715,-9.830494999999999,28.83636,-9.83049,30.14707,-9.8305
30.34,29.491709999999998,-9.502804999999999,28.83635,-9.17512,30.14707,-9.83049
30.36,29.491709999999998,-9.502804999999999,28.83635,-9.17512,30.14707,-9.83049
30.38,29.819395,-9.17513,29.49172,-8.51977,30.14707,-9.83049
30.4,29.16403,-9.17513,28.83635,-9.17513,29.49171,-9.17513
30.42,29.16403,-8.847449999999998,28.83635,-8.51977,29.49171,-9.17513
30.44,29.164035,-9.175135000000001,28.83635,-9.17513,29.49172,-9.17514
30.46,29.16404,-9.83051,28.83636,-9.17514,29.49172,-10.48588
30.48,29.819409999999998,-13.762730000000001,28.83637,-11.79662,30.80245,-15.72884
30.5,32.768555,-24.904020000000003,31.45782,-20.9718,34.07929,-28.83624
30.52,38.99456,-43.90975,37.35613,-38.66679,40.63299,-49.15271
30.54,41.616085,-60.949375,41.94377,-57.67252,41.2884,-64.22623
30.56,32.768589999999996,-67.50309,35.39008,-66.84772,30.1471,-68.15846
30.58,30.47479,-67.50309,28.83637,-68.15846,32.11321,-66.84772
30.6,31.457855000000002,-60.62171,32.11323,-62.26014,30.80248,-58.98328
30.62,28.836365,-53.08495,28.83637,-54.39569,28.83636,-51.77421
30.64,27.853295,-48.49736,27.52563,-49.80809,28.18096,-47.18663
30.66,26.870235,-44.565135,26.87024,-45.2205,26.87023,-43.90977
30.68,25.559495,-40.960615000000004,25.5595,-41.2883,25.55949,-40.63293
30.7,24.248755000000003,-38.338364999999996,24.24876,-38.66682,24.24875,-38.00991
30.72,23.92106,-36.373025,23.59338,-36.70071,24.24874,-36.04534
30.74,23.921055,-35.06227,23.59338,-35.38995,24.24873,-34.73459
30.76,23.26569,-33.096165,22.93801,-33.42385,23.59337,-32.76848
30.78,23.265684999999998,-31.45774,22.93801,-31.45774,23.59336,-31.45774
30.8,23.92105,-30.802365,23.59337,-30.80237,24.24873,-30.80236
30.82,23.26569,-29.49163,22.93801,-29.49163,23.59337,-29.49163
30.84,23.26568,-28.836255,22.938,-28.83626,23.59336,-28.83625
30.86,22.61032,-27.525525000000002,22.28264,-27.52552,22.938,-27.52553
30.88,22.61032,-26.54247,22.28264,-26.21479,22.938,-26.87015
30.9,22.28264,-25.55942,22.28264,-25.55942,22.28264,-25.55942
30.92,14.090555,-27.197845,20.31655,-25.55941,7.86456,-28.83628
30.94,-3.60443,-31.785429999999998,-3.93209,-31.45775,-3.27677,-32.11311
30.96,-2.6214,-29.819315,-2.6214,-30.147,-2.6214,-29.49163
30.98,-2.2937250000000002,-27.853225000000002,-2.6214,-28.1809,-1.96605,-27.52555
31.0,-2.2937250000000002,-27.197850000000003,-2.6214,-27.52553,-1.96605,-26.87017
31.02,-1.638375,-26.214805,-1.96605,-26.2148,-1.3107,-26.21481
31.04,-1.96605,-25.55944,-2.62141,-25.55944,-1.31069,-25.55944
31.06,-1.63837,-25.231749999999998,-1.96605,-24.90407,-1.31069,-25.55943
31.08,-2.29373,-24.90407,-2.62141,-24.90407,-1.96605,-24.90407
31.1,-1.96605,-24.57638,-1.96605,-24.2487,-1.96605,-24.90406
31.12,-1.96605,-24.2487,-2.62141,-24.2487,-1.31069,-24.2487
31.14,-1.9660549999999999,-24.248694999999998,-2.62141,-24.24869,-1.3107,-24.2487
31.16,-1.63838,-23.92102,-1.96606,-23.59334,-1.3107,-24.2487
31.18,-1.3107,-24.248694999999998,-1.96606,-24.24869,-0.65534,-24.2487
31.2,-0.98302,-24.2487,-1.3107,-24.2487,-0.65534,-24.2487
31.22,-0.3276600000000004,-23.59333,-0.65534,-23.59333,1.9999999999243e-05,-23.59333
31.24,0.3276999999999996,-23.26565,1.9999999999243e-05,-22.93797,0.65538,-23.59333
31.26,0.3276999999999996,-22.937965,1.9999999999243e-05,-22.93796,0.65538,-22.93797
31.28,0.3276999999999996,-22.610284999999998,1.9999999999243e-05,-22.2826,0.65538,-22.93797
31.3,0.32768999999999804,-22.610284999999998,9.9999999960687e-06,-22.2826,0.65537,-22.93797
31.32,0.6553799999999996,-22.937965,1.9999999999243e-05,-22.93796,1.31074,-22.93797
31.34,0.98305,-23.59333,0.65537,-22.93797,1.31073,-24.24869
31.36,-17.039545,-43.909710000000004,-8.51976,-33.42384,-25.55933,-54.39558
31.38,-34.734525000000005,-67.83062000000001,-35.38987,-66.84756,-34.07918,-68.81368
31.4,-32.113095,-65.209165,-32.11309,-65.53684,-32.1131,-64.88149
31.42,-32.11311,-64.5538,-32.76847,-64.88148,-31.45775,-64.22612
31.44,-31.13008,-63.570755,-31.45776,-63.57075,-30.8024,-63.57076
31.46,-30.474735,-63.24307,-30.80241,-62.91539,-30.14706,-63.57075
31.48,-29.819380000000002,-62.58771,-30.14706,-62.26003,-29.4917,-62.91539
31.5,-30.14707,-62.587705,-30.14707,-62.26002,-30.14707,-62.91539
31.52,-29.81939,-62.587705,-30.14707,-62.26002,-29.49171,-62.91539
31.54,-29.819395,-62.58771,-30.14707,-62.26003,-29.49172,-62.91539
31.56,-29.49172,-62.91539,-30.14708,-62.91539,-28.83636,-62.91539
31.58,-29.164035,-62.587715,-29.49171,-62.26003,-28.83636,-62.9154
31.6,-28.83636,-62.58771,-29.49172,-62.26003,-28.181,-62.91539
31.62,-31.457815,-64.22613,-29.49172,-62.91539,-33.42391,-65.53687
31.64,-32.768555000000006,-66.8476,-33.42392,-66.8476,-32.11319,-66.8476
31.66,-32.768555,-65.86454499999999,-32.76855,-65.53686,-32.76856,-66.19223
31.68,-32.76856,-65.86454,-32.76856,-65.53686,-32.76856,-66.19222
31.7,-33.096235,-65.864535,-33.42392,-65.53685,-32.76855,-66.19222
31.72,-32.76856,-65.86453,-33.42392,-65.53685,-32.1132,-66.19221
31.74,-32.440875000000005,-65.864525,-32.76856,-65.53684,-32.11319,-66.19221
31.76,-32.44088,-66.192205,-32.76856,-66.1922,-32.1132,-66.19221
31.78,-31.785525,-66.192205,-32.1132,-66.1922,-31.45785,-66.19221
31.8,-31.13016,-66.519885,-31.45784,-66.1922,-30.80248,-66.84757
31.82,-30.802475,-66.51988,-30.80248,-66.1922,-30.80247,-66.84756
31.84,-30.474795,-66.519875,-30.80247,-66.19219,-30.14712,-66.84756
31.86,-30.474800000000002,-66.51987,-30.80248,-66.19219,-30.14712,-66.84755
31.88,-30.474795,-66.192185,-30.80247,-66.19218,-30.14712,-66.19219
31.9,-30.474795,-66.519865,-30.80248,-66.19218,-30.14711,-66.84755
31.92,-30.147115,-66.847545,-30.80247,-66.84754,-29.49176,-66.84755
31.94,-30.47479,-65.86450500000001,-30.80247,-65.53682,-30.14711,-66.19219
31.96,-29.49174,-67.83060499999999,-30.1471,-66.84755,-28.83638,-68.81366
31.98,-27.85332,-74.3843,-28.83637,-71.43513,-26.87027,-77.33347
32.0,-23.593365,-93.06234,-25.5595,-87.16401,-21.62723,-98.96067
32.02,-1.6383550000000007,-105.84204,-11.79662,-106.16973,8.51991,-105.51435
32.04,27.853505,-90.768535,22.9382,-96.99454,32.76881,-84.54253
32.06,34.407235,-71.435135,34.73495,-74.71198,34.07952,-68.15829
32.08,31.130315000000003,-58.32775,31.45802,-61.60459,30.80261,-55.05091
32.1,29.81953,-49.152575,29.49186,-50.46331,30.1472,-47.84184
32.12,30.47485,-44.237305,30.14718,-45.22036,30.80252,-43.25425
32.14,30.802505,-39.97741,30.14715,-40.63278,31.45786,-39.32204
32.16,31.785539999999997,-37.02825,31.45786,-37.35593,32.11322,-36.70057
32.18,31.785539999999997,-34.406785,31.45786,-34.73447,32.11322,-34.0791
32.2,33.09626,-33.42372,32.76858,-33.42372,33.42394,-33.42372
32.22,33.75163,-32.44066,33.42395,-32.11298,34.07931,-32.76834
32.24,34.406994999999995,-31.785285,34.07931,-31.4576,34.73468,-32.11297
32.26,36.045410000000004,-31.78528,35.39004,-31.45759,36.70078,-32.11297
32.28,45.875965,-36.700515,38.66688,-32.76832,53.08505,-40.63271
32.3,66.84792999999999,-44.56492,64.88181,-45.22028,68.81405,-43.90956
32.32,67.50329500000001,-40.632715000000005,67.5033,-41.28808,67.50329,-39.97735
32.34,68.81403499999999,-38.66661,68.15867,-38.66661,69.4694,-38.66661
32.36,69.797095,-36.7005,69.46941,-36.7005,70.12478,-36.7005
32.38,70.78015500000001,-35.06207,70.12479,-35.38975,71.43552,-34.73439
32.4,71.763205,-33.75132,71.43552,-34.079,72.09089,-33.42364
32.42,72.41858,-31.45754,72.0909,-31.45754,72.74626,-31.45754
32.44,72.41859,-30.80216,72.09091,-30.80216,72.74627,-30.80216
32.46,72.418605,-30.802165000000002,72.09092,-30.80216,72.74629,-30.80217
32.48,67.17566500000001,-25.559235,72.74629,-30.1468,61.60504,-20.97167
32.5,35.71933,0.6555550000000001,41.94658,-4.58741,29.49208,5.89852
32.52,24.90451,15.729055,24.90451,13.76294,24.90451,17.69517
32.54,23.595075,22.28275,23.5938,21.62739,23.59635,22.93811
32.56,23.921475,23.59349,23.5938,23.59349,24.24915,23.59349
32.58,23.266105,24.576535,22.93843,24.24886,23.59378,24.90421
32.6,23.26609,25.55958,22.93841,25.55958,23.59377,25.55958
32.62,22.610715,26.214945,22.28304,26.21495,22.93839,26.21494
32.64,22.283025000000002,26.21495,22.28303,26.21495,22.28302,26.21495
32.66,21.299965,26.870305000000002,20.97229,26.87031,21.62764,26.8703
32.68,8.847965,28.180999999999997,17.04008,27.52566,0.65585,28.83634
32.7,-11.46854,29.164025000000002,-11.14083,29.4917,-11.79625,28.83635
32.72,-13.434675,29.164045,-13.10698,29.49173,-13.76237,28.83636
32.74,-16.711565,27.853324999999998,-16.38386,28.83637,-17.03927,26.87028
32.76,-19.988464999999998,25.887235,-19.66076,26.87028,-20.31617,24.90419
32.78,-23.593045,24.248825,-22.93766,24.90419,-24.24843,23.59346
32.8,-27.525305,22.9381,-26.86992,22.93811,-28.18069,22.93809
32.82,-32.11291,21.95505,-31.45753,22.28274,-32.76829,21.62736
32.84,-35.062095,20.971995,-34.7344,21.62736,-35.38979,20.31663
32.86,-37.355900000000005,20.6443,-37.35589,20.97199,-37.35591,20.31661
32.88,-38.66666,19.661245,-38.66665,20.31661,-38.66667,19.00588
32.9,-39.977419999999995,18.67819,-39.97741,19.00588,-39.97743,18.3505
32.92,-40.960494999999995,18.678185,-40.63281,19.00587,-41.28818,18.3505
32.94,-42.598929999999996,18.02281,-42.59892,18.3505,-42.59894,17.69512
32.96,-43.909679999999994,17.367435,-43.90967,17.69512,-43.90969,17.03975
32.98,-45.54812,15.401335,-45.22043,16.38439,-45.87581,14.41828
33.0,-46.5312,11.469115,-46.53119,13.10754,-46.53121,9.83069
33.02,-47.1866,4.587725,-47.84195,6.55384,-46.53125,2.62161
33.04,-46.531255,-2.9490400000000005,-47.18662,0.0001299999999986,-45.87589,-5.89821
33.06,-33.423645,-35.389855,-41.94356,-20.97173,-24.90373,-49.80798
33.08,-11.14,-108.13543000000001,-9.17429,-87.81927,-13.10571,-128.45159
33.1,-21.952440000000003,-142.868495,-19.65885,-144.17961,-24.24603,-141.55738
33.12,-33.09304,-135.33096,-30.79934,-137.6248,-35.38674,-133.03712
33.14,-46.200005000000004,-128.449585,-42.59555,-130.41566,-49.80446,-126.48351
33.16,-53.408895,-121.56830500000001,-53.73658,-123.2067,-53.08121,-119.92991
33.18,-53.40892,-113.048625,-53.7366,-115.34238,-53.08124,-110.75487
33.2,-53.408945,-106.167345,-53.73662,-106.8227,-53.08127,-105.51199
33.22,-53.40908,-100.596785,-53.73673,-101.57982,-53.08143,-99.61375
33.24,-53.40912,-95.026225,-53.73677,-96.33694,-53.08147,-93.71551
33.26,-53.409245,-85.85118499999999,-53.73685,-89.12798,-53.08164,-82.57439
33.28,-53.40947,-75.36542499999999,-53.73709,-77.98686,-53.08185,-72.74399
33.3,-53.40963,-66.845745,-53.7373,-68.15646,-53.08196,-65.53503
33.32,-53.409755,-59.309105,-53.73741,-60.9475,-53.0821,-57.67071
33.34,-53.409774999999996,-56.687664999999996,-53.73745,-56.35998,-53.0821,-57.01535
33.36,-53.40978,-57.015344999999996,-53.73744,-57.6707,-53.08212,-56.35999
33.38,-53.409795,-59.309105,-53.7375,-57.01534,-53.08209,-61.60287
33.4,-53.409745,-65.207345,-53.73745,-63.56894,-53.08204,-66.84575
33.42,-53.40965,-71.10558499999999,-53.73735,-70.12254,-53.08195,-72.08863
33.44,-53.40958,-76.02078499999999,-53.73728,-73.39934,-53.08188,-78.64223
33.46,-53.409495,-83.22974500000001,-53.73718,-82.57438,-53.08181,-83.88511
33.48,-53.409455,-86.178865,-53.73717,-84.54046,-53.08174,-87.81727
33.5,-53.409365,-89.455665,-53.73704,-89.12798,-53.08169,-89.78335
33.52,-53.409335,-91.749425,-53.73705,-90.4387,-53.08162,-93.06015
33.54,-53.409265000000005,-96.336945,-53.73696,-95.02622,-53.08157,-97.64767
33.56,-53.40914,-103.545905,-53.73687,-100.92446,-53.08141,-106.16735
33.58,-53.408975,-111.73790500000001,-53.73669,-110.0995,-53.08126,-113.37631
33.6,-53.081125,-119.27454499999999,-53.73653,-117.30846,-52.42572,-121.24063
33.62,-47.838145,-126.155825,-49.1489,-124.51742,-46.52739,-127.79423
33.64,-43.25053,-131.398705,-44.56126,-129.7603,-41.9398,-133.03711
33.66,-39.31828,-135.33086500000002,-40.62902,-133.69246,-38.00754,-136.96927
33.68,-35.386044999999996,-140.246065,-36.69678,-138.27998,-34.07531,-142.21215
33.7,-30.143085,-145.816625,-31.45383,-144.83358,-28.83234,-146.79967
33.72,-24.24475,-152.370225,-26.21086,-150.07646,-22.27864,-154.66399
33.74,-11.465125,-161.87294500000002,-16.38035,-159.2515,-6.5499,-164.49439
33.76,12.12785,-176.61885,4.59123,-171.70351,19.66447,-181.53419
33.78,45.87879,-193.658815,36.7038,-190.05417,55.05378,-197.26346
33.8,78.318865,-199.229995,70.78228,-199.88521,85.85545,-198.57478
33.82,99.61791,-186.45096,95.03041,-191.36606,104.20541,-181.53586
33.84,117.312565,-157.943015,112.72506,-166.46269,121.90007,-149.42334
33.86,131.075095,-123.536565,126.48757,-131.72859,135.66262,-115.34454
33.88,147.13135999999997,-96.01132,143.52691,-101.58192,150.73581,-90.44072
33.9,155.97861,-77.00571,154.01255,-80.61023,157.94467,-73.40119
33.92,161.22141499999998,-65.536785,159.91071,-67.50289,162.53212,-63.57068
33.94,164.49817,-58.327725,163.18746,-59.63846,165.80888,-57.01699
33.96,166.136545,-54.067825,165.15351,-55.05087,167.11958,-53.08478
33.98,168.102605,-51.118665,167.77493,-51.77403,168.43028,-50.4633
34.0,169.08564,-48.824875000000006,168.43028,-49.15256,169.741,-48.49719
34.02,170.068665,-47.18645,169.08563,-47.18645,171.0517,-47.18645
34.04,169.08562,-46.203419999999994,171.0517,-46.53109,167.11954,-45.87575
34.06,102.56584000000001,-42.27127,127.14215,-45.87578,77.98953,-38.66676
34.08,23.593655,-26.214714999999998,37.35646,-30.14694,9.83085,-22.28249
34.1,3.932465,-9.50281,2.62174,-12.45196,5.24319,-6.55366
34.12,5.570875,-1.638400000000005,5.2432,-2.62145,5.89855,-0.65535000000001
34.14,5.89854,1.966105,5.24318,1.31075,6.5539,2.62146
34.16,6.881575,3.9322,6.55389,3.9322,7.20926,3.9322
34.18,7.864610000000001,4.9152450000000005,7.20925,5.24293,8.51997,4.58756
34.2,8.19229,5.89828,7.86461,5.89828,8.51997,5.89828
34.22,8.19229,6.88133,7.86461,6.55365,8.51997,7.20901
34.24,7.864605,7.864375,7.86461,7.86438,7.8646,7.86437
34.26,8.192285,7.53669,7.8646,7.86438,8.51997,7.209
34.28,8.192285,6.553635,7.8646,6.55364,8.51997,6.55363
34.3,8.19229,7.209004999999999,7.86461,7.20901,8.51997,7.209
34.32,8.51997,8.192039999999999,8.51997,8.51972,8.51997,7.86436
34.34,8.847650000000002,8.19205,8.51997,8.51973,9.17533,7.86437
34.36,1.6386250000000002,7.864355,8.51997,8.51973,-5.24272,7.20898
34.38,-45.54791,6.225955,-38.01111,6.55362,-53.08471,5.89829
34.4,-52.757075,8.19209,-53.74013,7.20904,-51.77402,9.17514
34.42,-51.774015,10.48587,-52.42937,10.48587,-51.11866,10.48587
34.44,-50.790985,11.141235,-51.11866,11.14124,-50.46331,11.14123
34.46,-50.13563,12.124279999999999,-50.46331,11.7966,-49.80795,12.45196
34.48,-49.48027,13.435015,-49.80795,13.10734,-49.15259,13.76269
34.5,-48.82492,14.41806,-49.1526,14.41806,-48.49724,14.41806
34.52,-48.82492,15.07343,-49.1526,15.07343,-48.49724,15.07343
34.54,-48.497240000000005,15.72879,-49.1526,15.72879,-47.84188,15.72879
34.56,-48.169560000000004,16.384155,-48.49724,16.38416,-47.84188,16.38415
34.58,-48.169560000000004,17.039515,-48.49724,17.03952,-47.84188,17.03951
34.6,-48.169560000000004,18.02256,-48.49724,17.69488,-47.84188,18.35024
34.62,-48.16957,19.005605,-48.49725,18.35025,-47.84189,19.66096
34.64,-48.824934999999996,19.66097,-49.15261,19.66097,-48.49726,19.66097
34.66,-48.82494,20.316335000000002,-49.15262,20.31634,-48.49726,20.31633
34.68,-49.15262,21.627055,-49.15262,21.62706,-49.15262,21.62705
34.7,-49.807995,22.28242,-49.80799,22.28242,-49.808,22.28242
34.72,-51.446415,22.93778,-51.11873,22.93778,-51.7741,22.93778
34.74,-53.412525,23.920835,-53.7402,23.59316,-53.08485,24.24851
34.76,-53.412565,24.248514999999998,-53.74023,24.24852,-53.0849,24.24851
34.78,-53.41135,24.90389,-53.73774,24.90389,-53.08496,24.90389
34.8,-53.41266,25.55926,-53.74034,25.55926,-53.08498,25.55926
34.82,-53.41266,26.21464,-53.74034,26.21464,-53.08498,26.21464
34.84,-53.41266,26.21465,-53.74034,26.21465,-53.08498,26.21465
34.86,-53.41266,25.886975,-53.74034,26.21466,-53.08498,25.55929
34.88,-53.41266,24.903935,-53.74034,25.5593,-53.08498,24.24857
34.9,-53.41266,21.627105,-53.74034,24.24857,-53.08498,19.00564
34.92,-39.977575,2.293685,-53.74034,9.17507,-26.21481,-4.5877
34.94,8.847495,-19.66123,-1.31072,-15.07364,19.00571,-24.24882
34.96,24.90401,-23.59347,25.5594,-25.55957,24.24862,-21.62737
34.98,22.610155,-18.022845,22.28249,-18.35053,22.93782,-17.69516
35.0,21.62708,-15.40137,21.62709,-15.72905,21.62707,-15.07369
35.02,21.627055,-14.09063,21.62706,-14.41831,21.62705,-13.76295
35.04,21.954720000000002,-12.45222,21.62704,-12.45222,22.2824,-12.45222
35.06,22.61007,-11.79685,22.28239,-11.79685,22.93775,-11.79685
35.08,22.61006,-11.14149,22.28238,-11.14149,22.93774,-11.14149
35.1,23.26542,-11.141485,22.93774,-11.14148,23.5931,-11.14149
35.12,23.26542,-10.8138,22.93774,-10.48612,23.5931,-11.14148
35.14,23.92079,-10.813804999999999,23.59311,-10.48612,24.24847,-11.14149
35.16,23.92078,-10.8138,23.5931,-10.48612,24.24846,-11.14148
35.18,23.593105,-10.486125,23.5931,-10.48612,23.59311,-10.48613
35.2,23.92079,-10.813804999999999,23.59311,-10.48612,24.24847,-11.14149
35.22,23.265435,-10.486125,22.93775,-10.48612,23.59312,-10.48613
35.24,23.265439999999998,-10.486125,22.93776,-10.48612,23.59312,-10.48613
35.26,23.265439999999998,-10.486115,22.93776,-10.48611,23.59312,-10.48612
35.28,23.265439999999998,15.400605,22.93776,-10.48611,23.59312,41.28732
35.3,22.93777,-10.15843,22.93777,-9.83075,22.93777,-10.48611
35.32,22.93777,-10.486115,22.28241,-10.48611,23.59313,-10.48612
35.34,22.93777,-10.15843,22.93777,-9.83075,22.93777,-10.48611
35.36,22.93777,-10.15843,22.28241,-9.83075,23.59313,-10.48611
35.38,22.93777,-10.486115,22.28241,-10.48611,23.59313,-10.48612
35.4,23.265455,-10.158435,22.93777,-9.83075,23.59314,-10.48612
35.42,23.265459999999997,-9.83075,22.93778,-9.83075,23.59314,-9.83075
35.44,22.937775000000002,-9.830745,22.93778,-9.83074,22.93777,-9.83075
35.46,23.265459999999997,-9.830745,22.93778,-9.83074,23.59314,-9.83075
35.48,23.92082,-9.503060000000001,23.59314,-9.17538,24.2485,-9.83074
35.5,16.711795000000002,-8.8477,22.93778,-9.83074,10.48581,-7.86466
35.52,-53.41239,7.208855000000001,-53.73984,1.96587,-53.08494,12.45184
35.54,-53.41266,30.80223,-53.74034,23.59318,-53.08498,38.01128
35.56,-53.41266,41.61596,-53.74034,41.9436,-53.08498,41.28832
35.58,-53.41266,41.616045,-53.74034,41.94372,-53.08498,41.28837
35.6,-53.41266,41.616065,-53.74034,41.94375,-53.08498,41.28838
35.62,-53.41266,41.61607,-53.74034,41.94375,-53.08498,41.28839
35.64,-53.41266,41.616074999999995,-53.74034,41.94376,-53.08498,41.28839
35.66,-53.41266,41.616085,-53.74034,41.94377,-53.08498,41.2884
35.68,-53.41266,41.61609,-53.74034,41.94377,-53.08498,41.28841
35.7,-53.41266,41.61609,-53.74034,41.94377,-53.08498,41.28841
35.72,-53.41266,41.61609,-53.74034,41.94377,-53.08498,41.28841
35.74,-53.41266,41.616085,-53.74034,41.94377,-53.08498,41.2884
35.76,-53.41266,41.616074999999995,-53.74034,41.94376,-53.08498,41.28839
35.78,-53.41266,41.616074999999995,-53.74034,41.94376,-53.08498,41.28839
35.8,-53.41266,41.61606999999999,-53.74034,41.94376,-53.08498,41.28838
35.82,-53.41266,41.616060000000004,-53.74034,41.94375,-53.08498,41.28837
35.84,-53.41266,41.616045,-53.74034,41.94373,-53.08498,41.28836
35.86,-53.41266,41.616,-53.74034,41.94371,-53.08498,41.28829
35.88,-43.90969,41.615849999999995,-53.74032,41.94356,-34.07906,41.28814
35.9,-19.66084,41.615809999999996,-20.97158,41.94348,-18.3501,41.28814
35.92,-19.660829999999997,41.615854999999996,-20.31619,41.94353,-19.00547,41.28818
35.94,-19.00546,41.61586,-19.66082,41.94354,-18.3501,41.28818
35.96,-18.02243,41.615865,-18.35011,41.94355,-17.69475,41.28818
35.98,-18.02243,41.615875,-18.35011,41.94356,-17.69475,41.28819
36.0,-17.36707,41.615880000000004,-17.69475,41.94357,-17.03939,41.28819
36.02,-17.36707,41.615885000000006,-17.69475,41.94357,-17.03939,41.2882
36.04,-17.36707,41.615885000000006,-17.69475,41.94357,-17.03939,41.2882
36.06,-17.039389999999997,41.61589,-17.69475,41.94357,-16.38403,41.28821
36.08,-16.71171,41.61589,-17.03939,41.94357,-16.38403,41.28821
36.1,-16.384035,41.615885000000006,-17.03939,41.94357,-15.72868,41.2882
36.12,-15.401,41.615885000000006,-15.72868,41.94357,-15.07332,41.2882
36.14,-14.090275,41.615875,-14.41796,41.94356,-13.76259,41.28819
36.16,-13.76259,41.615875,-14.41795,41.94356,-13.10723,41.28819
36.18,-28.836059999999996,41.615845,-17.03943,41.94354,-40.63269,41.28815
36.2,-53.412645,41.615905,-53.74031,41.94356,-53.08498,41.28825
36.22,-53.41266,41.61604,-53.74034,41.9437,-53.08498,41.28838
36.24,-53.41266,41.616095,-53.74034,41.94377,-53.08498,41.28842
36.26,-53.41266,41.616105000000005,-53.74034,41.94379,-53.08498,41.28842
36.28,-53.41266,41.61611,-53.74034,41.94379,-53.08498,41.28843
36.3,-53.41266,41.61612,-53.74034,41.9438,-53.08498,41.28844
36.32,-53.41266,41.616125,-53.74034,41.94381,-53.08498,41.28844
36.34,-53.41266,41.61612,-53.74034,41.9438,-53.08498,41.28844
36.36,-53.41266,41.616115,-53.74034,41.9438,-53.08498,41.28843
36.38,-53.41266,41.616115,-53.74034,41.9438,-53.08498,41.28843
36.4,-53.41266,41.6161,-53.74034,41.94379,-53.08498,41.28841
36.42,-53.41266,41.616,-53.74034,41.94376,-53.08498,41.28824
36.44,-32.113095,12.779615,-53.08492,23.59322,-11.14127,1.96601
36.46,29.49163,-19.00583,20.31646,-15.07361,38.6668,-22.93805
36.48,42.926649999999995,-20.644264999999997,42.599,-20.97195,43.2543,-20.31658
36.5,42.598910000000004,-18.35048,41.94355,-18.35048,43.25427,-18.35048
36.52,43.254255,-17.367425,42.5989,-17.6951,43.90961,-17.03975
36.54,44.23728,-16.712055,43.9096,-17.03973,44.56496,-16.38438
36.56,44.564949999999996,-16.384375,43.90959,-16.38437,45.22031,-16.38438
36.58,45.87567,-16.712055,45.22031,-16.38437,46.53103,-17.03974
36.6,46.20335,-17.367424999999997,45.87567,-17.03974,46.53103,-17.69511
36.62,46.20335,-17.69511,45.87567,-17.6951,46.53103,-17.69512
36.64,46.85871,-18.350475,46.53103,-17.69511,47.18639,-19.00584
36.66,46.53103,-18.678155,46.53103,-18.35047,46.53103,-19.00584
36.68,-3.276325,-18.678165,46.53103,-18.35048,-53.08368,-19.00585
36.7,46.85871,-19.333525,46.53103,-19.00584,47.18639,-19.66121
36.72,46.85871,-19.988895,46.53103,-19.66121,47.18639,-20.31658
36.74,47.841750000000005,-20.644255,47.18639,-20.31657,48.49711,-20.97194
36.76,48.16943,-20.644255,47.84175,-20.31657,48.49711,-20.97194
36.78,48.16943,-20.64426,47.84175,-20.31658,48.49711,-20.97194
36.8,48.16943,-20.971935000000002,47.84175,-20.97193,48.49711,-20.97194
36.82,47.84176,-21.299615000000003,47.1864,-20.97193,48.49712,-21.6273
36.84,48.16944,-21.954985,47.84176,-21.6273,48.49712,-22.28267
36.86,48.169444999999996,-22.610355,47.84176,-22.28267,48.49713,-22.93804
36.88,48.16946,-23.265725,47.84178,-22.93804,48.49714,-23.59341
36.9,48.16946,-23.921095,47.84178,-23.59341,48.49714,-24.24878
36.92,48.169470000000004,-24.576465,47.84179,-24.24878,48.49715,-24.90415
36.94,48.169470000000004,-24.90415,47.84179,-24.90415,48.49715,-24.90415
36.96,48.49716,-25.887205,48.49716,-25.55952,48.49716,-26.21489
36.98,48.82484,-26.870260000000002,48.49716,-26.21489,49.15252,-27.52563
37.0,24.576285,-48.16970499999999,34.73449,-38.01152,14.41808,-58.32789
37.02,1.6383649999999998,-73.0737,1.3107,-70.7799,1.96603,-75.3675
37.04,5.2428349999999995,-73.40139500000001,4.58748,-73.40139,5.89819,-73.4014
37.06,5.89818,-73.40139500000001,5.24282,-73.40139,6.55354,-73.4014
37.08,6.88121,-73.401405,6.55353,-73.4014,7.20889,-73.40141
37.1,7.53656,-73.401405,7.20888,-73.4014,7.86424,-73.40141
37.12,8.19191,-73.729085,7.86423,-73.4014,8.51959,-74.05677
37.14,8.847259999999999,-73.729095,8.51958,-73.40141,9.17494,-74.05678
37.16,9.830295,-74.384465,9.17494,-74.05678,10.48565,-74.71215
37.18,10.157969999999999,-74.05678,9.83029,-74.05677,10.48565,-74.05679
37.2,10.81333,-74.055745,10.48565,-74.0547,11.14101,-74.05679
37.22,11.468689999999999,-74.38447500000001,11.14101,-74.05679,11.79637,-74.71216
37.24,12.12404,-74.71216,11.79636,-74.71216,12.45172,-74.71216
37.26,12.12404,-74.712165,11.79636,-74.71216,12.45172,-74.71217
37.28,12.779399999999999,-75.03985,12.45172,-74.71217,13.10708,-75.36753
37.3,8.847215,-77.00595,12.45172,-75.36753,5.24271,-78.64437
37.32,-23.265725,-88.80255,-17.69508,-86.50877,-28.83637,-91.09633
37.34,-27.19799,-90.11328,-28.8364,-90.44096,-25.55958,-89.7856
37.36,-25.231904999999998,-89.78559,-25.55958,-89.13022,-24.90423,-90.44096
37.38,-24.57656,-89.457915,-24.90424,-89.13023,-24.24888,-89.7856
37.4,-23.26585,-89.78559999999999,-23.59353,-89.13023,-22.93817,-90.44097
37.42,-22.610495,-89.785595,-22.93817,-89.78559,-22.28282,-89.7856
37.44,-21.62746,-89.7856,-22.28282,-89.7856,-20.9721,-89.7856
37.46,-21.29978,-89.7856,-21.62746,-89.7856,-20.9721,-89.7856
37.48,-20.972105,-89.7856,-20.97211,-89.7856,-20.9721,-89.7856
37.5,-20.64443,-90.11328,-20.97211,-89.78559,-20.31675,-90.44097
37.52,-21.29979,-91.09633,-20.31674,-90.44096,-22.28284,-91.7517
37.54,-30.802605,-95.35621499999999,-30.80259,-94.37317,-30.80262,-96.33926
37.56,-28.83652,-95.35621,-29.49188,-95.68389,-28.18116,-95.02853
37.58,-28.508845,-95.028535,-28.83653,-95.02853,-28.18116,-95.02854
37.6,-28.18117,-95.35622000000001,-28.83653,-95.02854,-27.52581,-95.6839
37.62,-27.853485,-95.68390500000001,-28.18117,-95.02854,-27.5258,-96.33927
37.64,-27.19813,-96.011585,-27.52581,-95.6839,-26.87045,-96.33927
37.66,-26.54277,-96.339275,-26.87045,-96.33927,-26.21509,-96.33928
37.68,-25.887405,-96.339285,-26.21508,-96.33928,-25.55973,-96.33929
37.7,-25.887405,-96.666965,-26.21509,-96.33928,-25.55972,-96.99465
37.72,-25.232045,-96.99464499999999,-25.55973,-96.99464,-24.90436,-96.99465
37.74,-25.23205,-96.99465,-25.55973,-96.99465,-24.90437,-96.99465
37.76,-25.23205,-96.99465000000001,-25.55973,-96.99464,-24.90437,-96.99466
37.78,-24.90437,-97.322335,-24.90437,-96.99465,-24.90437,-97.65002
37.8,-25.23205,-97.650015,-25.55973,-97.65001,-24.90437,-97.65002
37.82,-25.232055,-97.977705,-25.55973,-97.65002,-24.90438,-98.30539
37.84,-25.559739999999998,-98.305385,-26.2151,-97.65002,-24.90438,-98.96075
37.86,-25.232055,-98.96074999999999,-26.2151,-98.96074,-24.24901,-98.96076
37.88,-3.2772,-91.751705,-12.45238,-94.37318,5.89798,-89.13023
37.9,12.77942,-82.90423000000001,12.45174,-83.88728,13.1071,-81.92118
37.92,12.77939,-80.610435,12.45171,-80.61043,13.10707,-80.61044
37.94,13.434750000000001,-80.938125,13.10707,-80.61044,13.76243,-81.26581
37.96,13.76243,-81.59349,13.10707,-81.26581,14.41779,-81.92117
37.98,14.0901,-81.92117,13.76242,-81.92117,14.41778,-81.92117
38.0,14.090105000000001,-81.593495,13.76243,-81.26581,14.41778,-81.92118
38.02,14.0901,-81.5935,13.76242,-81.26582,14.41778,-81.92118
38.04,14.090105000000001,-81.59349,13.76243,-81.26581,14.41778,-81.92117
38.06,14.745460000000001,-81.26581,14.41778,-81.26581,15.07314,-81.26581
38.08,15.400825000000001,-81.265815,15.07315,-80.61045,15.7285,-81.92118
38.1,16.056185,-81.26582,15.72851,-81.26582,16.38386,-81.26582
38.12,16.711545,-80.938135,16.38386,-80.61045,17.03923,-81.26582
38.14,17.039230000000003,-81.265815,16.38387,-81.26581,17.69459,-81.26582
38.16,15.4008,-70.124575,16.38386,-77.98899,14.41774,-62.26016
38.18,-7.864660000000003,-27.853255,-0.0002900000000067,-38.66686,-15.72903,-17.03965
38.2,-30.147025,5.242955,-28.18094,0.0,-32.11311,10.48591
38.22,-33.751490000000004,19.66106,-33.42382,17.69496,-34.07916,21.62716
38.24,-35.38988,24.90399,-35.38988,24.24863,-35.38988,25.55935
38.26,-35.38988,27.19777,-35.38988,26.87009,-35.38988,27.52545
38.28,-35.062195,28.18083,-35.38988,28.18083,-34.73451,28.18083
38.3,-35.062185,28.836195,-35.38987,28.8362,-34.7345,28.83619
38.32,-34.73449,29.16388,-34.73449,28.8362,-34.73449,29.49156
38.34,-33.751445000000004,29.49156,-34.07913,29.49156,-33.42376,29.49156
38.36,-33.75144,29.81924,-34.07912,30.14692,-33.42376,29.49156
38.38,-33.75143,30.14693,-34.07911,30.14693,-33.42375,30.14693
38.4,-33.751425,31.45766,-34.07911,31.45766,-33.42374,31.45766
38.42,-33.42374,32.440704999999994,-33.42374,32.11302,-33.42374,32.76839
38.44,-33.751414999999994,34.07912,-34.0791,34.07912,-33.42373,34.07912
38.46,-33.751414999999994,34.406805000000006,-34.0791,34.73449,-33.42373,34.07912
38.48,-45.875685000000004,38.666695000000004,-38.66664,36.04522,-53.08473,41.28817
38.5,-53.412639999999996,41.61598,-53.7403,41.94363,-53.08498,41.28833
38.52,-53.41266,41.61607,-53.74034,41.94374,-53.08498,41.2884
38.54,-53.41266,41.6161,-53.74034,41.94378,-53.08498,41.28842
38.56,-53.41266,41.616105000000005,-53.74034,41.94379,-53.08498,41.28842
38.58,-53.41266,41.616115,-53.74034,41.9438,-53.08498,41.28843
38.6,-53.41266,41.616115,-53.74034,41.9438,-53.08498,41.28843
38.62,-53.41266,41.61612,-53.74034,41.9438,-53.08498,41.28844
38.64,-53.41266,41.61612,-53.74034,41.9438,-53.08498,41.28844
38.66,-53.41266,41.616125,-53.74034,41.94381,-53.08498,41.28844
38.68,-53.41266,41.61612,-53.74034,41.9438,-53.08498,41.28844
38.7,-53.41266,41.616125,-53.74034,41.94381,-53.08498,41.28844
38.72,-53.41266,41.616125,-53.74034,41.94381,-53.08498,41.28844
38.74,-53.41266,41.61612,-53.74034,41.9438,-53.08498,41.28844
38.76,-53.41266,41.616115,-53.74034,41.9438,-53.08498,41.28843
38.78,-53.41266,41.616125,-53.74034,41.9438,-53.08498,41.28845
38.8,-53.41266,41.616155,-53.74034,41.94383,-53.08498,41.28848
38.82,-53.41266,41.61617,-53.74034,41.94385,-53.08498,41.28849
38.84,-53.41266,41.61617,-53.74034,41.94385,-53.08498,41.28849
38.86,-53.41266,41.616175,-53.74034,41.94386,-53.08498,41.28849
38.88,-53.41266,41.616175,-53.74034,41.94386,-53.08498,41.28849
38.9,-53.41266,41.61618,-53.74034,41.94386,-53.08498,41.2885
38.92,-53.41266,41.616175,-53.74034,41.94386,-53.08498,41.28849
38.94,-53.41266,41.61618,-53.74034,41.94386,-53.08498,41.2885
38.96,-53.41266,41.616175,-53.74034,41.94386,-53.08498,41.28849
38.98,-53.41266,41.616175,-53.74034,41.94386,-53.08498,41.28849
39.0,-53.41266,41.616175,-53.74034,41.94386,-53.08498,41.28849
39.02,-53.41266,41.616175,-53.74034,41.94386,-53.08498,41.28849
39.04,-53.41266,41.616175,-53.74034,41.94386,-53.08498,41.28849
39.06,-53.41266,41.616175,-53.74034,41.94386,-53.08498,41.28849
39.08,-53.41266,41.616175,-53.74034,41.94386,-53.08498,41.28849
39.1,-53.41266,41.616164999999995,-53.74034,41.94385,-53.08498,41.28848
39.12,-53.41266,41.616164999999995,-53.74034,41.94385,-53.08498,41.28848
39.14,-53.41266,41.616155,-53.74034,41.94384,-53.08498,41.28847
39.16,-53.41266,41.616145,-53.74034,41.94383,-53.08498,41.28846
39.18,-53.41266,41.616125,-53.74034,41.94381,-53.08498,41.28844
39.2,-53.412595,41.61609,-53.74034,41.9438,-53.08485,41.28838
39.22,-19.98833,41.615975,-32.76811,41.94368,-7.20855,41.28827
39.24,4.58822,41.615970000000004,3.93285,41.94364,5.24359,41.2883
39.26,3.60517,41.61601,3.27749,41.94369,3.93285,41.28833
39.28,4.260529999999999,41.61602,3.93286,41.9437,4.5882,41.28834
39.3,4.260515,41.61603,3.93284,41.94371,4.58819,41.28835
39.32,4.588185,41.616035,3.93283,41.94372,5.24354,41.28835
39.34,5.24354,41.61604,4.58818,41.94372,5.8989,41.28836
39.36,5.89889,41.616045,5.24353,41.94373,6.55425,41.28836
39.38,6.881935,41.616045,6.55426,41.94373,7.20961,41.28836
39.4,6.881935,41.616045,6.55425,41.94373,7.20962,41.28836
39.42,6.88194,41.616045,6.55426,41.94373,7.20962,41.28836
39.44,7.5373,41.616035,7.20962,41.94372,7.86498,41.28835
39.46,-2.9486,41.616,6.55425,41.94371,-12.45145,41.28829
39.48,-52.757000000000005,41.615984999999995,-52.42902,41.94365,-53.08498,41.28832
39.5,-53.41266,41.61607,-53.74034,41.94374,-53.08498,41.2884
39.52,-53.41266,41.616115,-53.74034,41.94379,-53.08498,41.28844
39.54,-53.41266,41.61613,-53.74034,41.94381,-53.08498,41.28845
39.56,-53.41266,41.61613,-53.74034,41.94381,-53.08498,41.28845
39.58,-53.41266,41.61614,-53.74034,41.94382,-53.08498,41.28846
39.6,-53.41266,41.616145,-53.74034,41.94383,-53.08498,41.28846
39.62,-53.41266,41.61615,-53.74034,41.94383,-53.08498,41.28847
39.64,-53.41266,41.616150000000005,-53.74034,41.94384,-53.08498,41.28846
39.66,-53.41266,41.616145,-53.74034,41.94383,-53.08498,41.28846
39.68,-53.41266,41.616145,-53.74034,41.94383,-53.08498,41.28846
39.7,-53.41266,41.616145,-53.74034,41.94383,-53.08498,41.28846
39.72,-53.41266,41.616135,-53.74034,41.94382,-53.08498,41.28845
39.74,-53.41266,41.616135,-53.74034,41.94382,-53.08498,41.28845
39.76,-53.41266,41.61614,-53.74034,41.94382,-53.08498,41.28846
39.78,-53.41266,41.61615,-53.74034,41.94383,-53.08498,41.28847
39.8,-53.41266,41.61616,-53.74034,41.94384,-53.08498,41.28848
39.82,-53.41266,41.616155,-53.74034,41.94384,-53.08498,41.28847
39.84,-53.41266,41.616155,-53.74034,41.94384,-53.08498,41.28847
39.86,-53.41266,41.616155,-53.74034,41.94384,-53.08498,41.28847
39.88,-53.41266,41.616155,-53.74034,41.94384,-53.08498,41.28847
39.9,-53.41266,41.616155,-53.74034,41.94384,-53.08498,41.28847
39.92,-53.41266,41.616245,-53.74034,41.94402,-53.08498,41.28847
39.94,-53.41266,41.61617,-53.74034,41.94385,-53.08498,41.28849
39.96,-53.41266,41.616175,-53.74034,41.94386,-53.08498,41.28849
