t_s,x,y,x_left,y_left,x_right,y_right
0.0,0.0,0.0,0.18442926004719193,0.7410463472224067,0.18285349076125304,0.7390104849408271
0.02,-0.327679999999995,-5.000000001587e-06,0.18442926004719193,0.7410463472224067,0.1799963858948758,0.7390104430213529
0.04,-0.65535999999999,-0.3276850000000016,0.18154743949082686,0.7382915452767606,0.1799963858948758,0.7390104430213529
0.06,-0.65535,-0.3276850000000016,0.18154748346391877,0.7382915452767606,0.17999642949083625,0.7390104430213529
0.08,-0.65535,-0.3276850000000016,0.18154748346391877,0.7382915452767606,0.17999642949083625,0.7390104430213529
0.1,-0.65535,-0.3276900000000016,0.18154748346391877,0.7382915032418188,0.17999642949083625,0.7390104430213529
0.12,-0.65534,-5.000000001587e-06,0.18154752743701075,0.7410463472224067,0.1799964730867967,0.7390104430213529
0.14,-1.310705,-0.3276850000000016,0.17866570688064562,0.7382915452767606,0.17713932462445894,0.7390104430213529
0.16,-1.3107,-5.000000001587e-06,0.17866570688064562,0.7410463472224067,0.17713936822041945,0.7390104430213529
0.18,-1.3107,-0.3276900000000016,0.17866570688064562,0.7382915032418188,0.17713936822041945,0.7390104430213529
0.2,-0.98302,-0.3276900000000016,0.17866570688064562,0.7382915032418188,0.1799964730867967,0.7390104430213529
0.22,-1.3107,-0.327685,0.17866570688064562,0.7382915032418188,0.17713936822041945,0.7390104849408271
0.24,-1.3107,-1.0000000003174e-05,0.17866570688064562,0.741046305187465,0.17713936822041945,0.7390104430213529
0.26,-1.31069,-1.0000000003174e-05,0.1786657508537376,0.741046305187465,0.1771394118163799,0.7390104430213529
0.28,-1.31069,-5.000000001587e-06,0.1786657508537376,0.7410463472224067,0.1771394118163799,0.7390104430213529
0.3,-1.63837,-0.3276850000000016,0.1786657508537376,0.7382915452767606,0.1742823069500026,0.7390104430213529
0.32,-1.966045,-0.3276900000000016,0.17578397427046444,0.7382915032418188,0.1742823069500026,0.7390104430213529
0.34,-1.63836,0.3276699999999984,0.1786657948268296,0.741046305187465,0.1742823505459631,0.7417576776879532
0.36,-1.96604,-1.0000000003174e-05,0.17578397427046444,0.741046305187465,0.1742823505459631,0.7390104430213529
0.38,-1.31068,-5.000000000032756e-06,0.1786657948268296,0.7382915452767606,0.1771394554123404,0.7417576776879532
0.4,-1.63836,-1.5000000001208501e-05,0.1786657948268296,0.741046305187465,0.1742823505459631,0.7390104011018785
0.42,-1.96604,-1.5000000001208501e-05,0.17578397427046444,0.741046305187465,0.1742823505459631,0.7390104011018785
0.44,-1.96604,-1.0000000003174e-05,0.17578397427046444,0.741046305187465,0.1742823505459631,0.7390104430213529
0.46,-1.96604,-1.0000000003174e-05,0.17578397427046444,0.741046305187465,0.1742823505459631,0.7390104430213529
0.48,-2.29372,-0.3276949999999996,0.17578397427046444,0.7382915032418188,0.1714252456795858,0.7390104011018785
0.5,-1.96604,-1.5000000001208501e-05,0.17578397427046444,0.741046305187465,0.1742823505459631,0.7390104011018785
0.52,-1.9660549999999999,-0.655375,0.17578393029737244,0.7382915032418188,0.17428226335404215,0.7362631664352781
0.54,-0.98302,-1.310745,0.17866570688064562,0.7355366592612308,0.1799964730867967,0.7335158898492035
0.56,-0.6553450000000001,-0.9830700000000001,0.18154752743701075,0.735536617226289,0.17999642949083625,0.7362631245158039
0.58,-0.3276699999999984,-0.983075,0.18442930402028393,0.735536617226289,0.17999642949083625,0.7362630825963297
0.6,-0.983025,-0.9830700000000001,0.18154752743701075,0.735536617226289,0.17713932462445894,0.7362631245158039
0.62,-0.9830300000000001,-0.9830700000000001,0.18154748346391877,0.735536617226289,0.17713932462445894,0.7362631245158039
0.64,-1.31071,-0.9830650000000001,0.17866566290755362,0.7355366592612308,0.17713932462445894,0.7362631245158039
0.66,-1.63838,-0.9830700000000001,0.17866570688064562,0.735536617226289,0.17428226335404215,0.7362631245158039
0.68,-1.9660549999999999,-0.983075,0.17578388632428046,0.735536617226289,0.1742823069500026,0.7362630825963297
0.7,6.22611,-1.31076,0.20172079900867063,0.7355365751913473,0.21999690032720948,0.7335158479297292
0.72,7.536885,0.32764499999999996,0.21901220605087338,0.7382913771369934,0.2142826905944549,0.744504828515605
0.74,6.88152,1.9660600000000001,0.21613034152141625,0.7465558670438154,0.2114255857280776,0.74999933976828
0.76,6.553834999999999,2.9491050000000003,0.2132485209650511,0.7520655129700494,0.21142554213211712,0.7527465744348805
0.78,6.553845,2.62142,0.2132485209650511,0.7520654709351077,0.21142562932403808,0.74999933976828
0.8,5.8985,1.9660600000000001,0.2103667883548699,0.7493107110244033,0.20856856805362128,0.7472520631822054
0.82,6.22619,1.310695,0.21324865288432707,0.7465558670438154,0.20856861164958176,0.744504828515605
0.84,5.89851,0.983015,0.2103668323279619,0.7438010650981692,0.20856861164958176,0.744504828515605
0.86,-18.022125,-2.50000000043825e-05,0.2103668323279619,0.7410462631525231,0.0,0.7390103591824042
0.88,5.243155,-0.655385,0.20748505574468876,0.7382914612068769,0.20571150678320446,0.7362631245158039
0.9,7.5369649999999995,-0.6554,0.20460323518832357,0.7382914191719352,0.22856878167382763,0.7362630406768553
0.92,31.78564,-0.983095,0.30546840577313933,0.7355365331564055,0.33999752810904044,0.7362629987573811
0.94,34.40715,0.6553149999999972,0.3371690475164438,0.7410461790826395,0.33142621350990864,0.7445047446766564
0.96,34.07947,0.655315,0.3342872269600786,0.7438009810282856,0.33142621350990864,0.7417575100100561
0.98,34.07947,0.98299,0.3342872269600786,0.7438009389933438,0.33142621350990864,0.7445047446766564
1.0,34.079485,1.31067,0.3342872709331706,0.7465557409389899,0.33142630070182955,0.7445047446766564
1.02,34.07949,1.31067,0.3342873149062626,0.7465557409389899,0.33142630070182955,0.7445047446766564
1.04,34.07949,1.6383450000000002,0.3342873149062626,0.7465557409389899,0.33142630070182955,0.7472519374237825
1.06,34.40717,0.98298,0.3371691354626278,0.7438008969584021,0.33142630070182955,0.7445047027571823
1.08,34.079495,0.655305,0.3342873149062626,0.7438009389933438,0.33142634429779005,0.7417574680905819
1.1,34.40718,0.655295,0.3342873588793546,0.7438008969584021,0.3342834491641673,0.7417574261711075
1.12,34.734865,0.32760999999999957,0.3371691794357197,0.7410460529778141,0.3342834927601278,0.7417574261711075
1.14,34.40719,-0.32775000000000043,0.33428740285244657,0.738291251032168,0.3342834927601278,0.7390101915045072
1.16,34.73488,-0.327755000000002,0.33716926738190367,0.738291251032168,0.3342835363560883,0.7390101495850329
1.18,34.73489,-0.983115,0.33716931135499567,0.7355364490865219,0.33428357995204877,0.7362629149184325
1.2,34.73489,-1.310805,0.33716931135499567,0.7355364070515801,0.33428357995204877,0.7335156383323578
1.22,55.378924999999995,-1.966175,0.39192434165685336,0.7327815630709922,0.45999745835550365,0.7307683617462831
1.24,74.05694,-3.6046050000000003,0.510080479552952,0.7245170311292284,0.5057118773488686,0.7252737666546596
1.26,73.07389,-2.29388,0.5071986589965869,0.7300266350205207,0.49999758042419307,0.7307682779073347
1.28,72.41852,-2.621555,0.5043167944671297,0.7300266770554624,0.4971404319618553,0.7280210432407342
1.3,72.74619,-2.62156,0.5043167504940378,0.7300266350205207,0.4999974932322721,0.7280210432407342
1.32,72.41851,-2.621555,0.5043167504940378,0.7300266770554624,0.4971403883658948,0.7280210432407342
1.34,72.090835,-2.62155,0.5014349299376726,0.7272718751098164,0.4971404319618553,0.7307683198268088
1.36,71.763155,-2.62155,0.4985531093813074,0.7300266770554624,0.4971404319618553,0.7280210851602085
1.38,72.09084,-2.29387,0.5014349739107646,0.7300266770554624,0.4971404319618553,0.7307683198268088
1.4,72.09084,-2.29387,0.5014349739107646,0.7300266770554624,0.4971404319618553,0.7307683198268088
1.42,72.09084,-2.621555,0.5014349739107646,0.7300266770554624,0.4971404319618553,0.7280210432407342
1.44,81.593705,-1.966185,0.5187261610875074,0.7300266770554624,0.5628548465956241,0.7335155964128836
1.46,89.785855,-1.31082,0.5821272686817484,0.7327815210360503,0.5714264227705189,0.7362628310794839
1.48,88.475135,-0.65545,0.5734817630395609,0.7382911669622844,0.5685693615001021,0.7362628729989582
1.5,88.147465,-1.31082,0.5734818070126528,0.7355363229816965,0.5657123002296853,0.7335155964128836
1.52,88.147475,-1.310815,0.5706000304293797,0.7355363650166382,0.5685694486920231,0.7335155964128836
1.54,87.8198,-0.9831350000000001,0.5706000744024717,0.7355363650166382,0.5657123438256458,0.7362628310794839
1.56,87.8198,-0.655455,0.5706000744024717,0.7382911669622844,0.5657123438256458,0.7362628310794839
1.58,87.8198,-0.655455,0.5706000744024717,0.7382911669622844,0.5657123438256458,0.7362628310794839
1.6,87.8198,-0.9831300000000001,0.5706000744024717,0.7355363650166382,0.5657123438256458,0.7362628729989582
1.62,87.49212,-0.9831350000000001,0.5677182538461065,0.7355363650166382,0.5657123438256458,0.7362628310794839
1.64,98.96107,-0.6554550000000017,0.5936549026919449,0.7355363650166382,0.6399981166545069,0.7390100657460843
1.66,108.13629,-0.6554550000000017,0.662819827291284,0.7355363650166382,0.6514268848877001,0.7390100657460843
1.68,107.48091,0.6552699999999999,0.6570560542592778,0.7410459689079305,0.6514268412917396,0.7445045769987594
1.7,107.153235,0.982955,0.6541742337029126,0.7438008128885185,0.6514268848877001,0.7445045769987594
1.72,107.48091,0.982955,0.6570560542592778,0.7438008128885185,0.6514268412917396,0.7445045769987594
1.74,107.153235,1.310635,0.6570560982323697,0.7465556148341647,0.6485697364253623,0.7445045769987594
1.76,107.15324,1.63832,0.6570560982323697,0.7465556148341647,0.6485697800213227,0.747251853584834
1.78,106.82556,1.965995,0.6541742776760047,0.7493104167798108,0.6485697800213227,0.7472518116653597
1.8,95.02893,-7.499999999993623e-05,0.6455287720338172,0.7465556568691064,0.5542840551480182,0.7335156802518321
1.82,28.50909,-11.79657,0.39768895017760736,0.7052335436145308,0.21999903652927325,0.6758237103337499
1.84,-14.089815,-16.711755,0.1267947837359363,0.6639115564647807,0.11714186626895524,0.6758237941726984
1.86,-13.76213,-12.77956,0.12391291920647918,0.6831953382240709,0.12285616319363081,0.6895600932641233
1.88,-14.089794999999999,-11.468845,0.12391296317957116,0.6887049421153632,0.11999914551917447,0.6950545206778497
1.9,-14.41746,-9.830435,0.12103123056939,0.6969693899872432,0.11999918911513498,0.7005490319305246
1.92,-14.41746,-8.192029999999999,0.12103123056939,0.7052337958241817,0.11999918911513498,0.7060435431831997
1.94,-13.762115,-6.8812999999999995,0.12391300715266315,0.7107434417504157,0.12285620678959129,0.7115380544358748
1.96,-12.779115000000001,-5.89825,0.12679469578975233,0.7134982857310036,0.12857019854254342,0.7170325656885499
1.98,-11.140755,-5.89824,0.13543993759338785,0.7162531297115916,0.13428427748741656,0.7142853729414238
2.0,-11.140785000000001,-5.24287,0.1354398056741119,0.7162531717465332,0.1342841466995351,0.7197798841940988
2.02,-10.485430000000001,-2.621425,0.1354397617010199,0.7217627756378255,0.1399983564322897,0.7362633341131753
2.04,-8.519335,3.276865,0.1469670878995725,0.752065807214642,0.14571265335696523,0.7554941863767494
2.06,-8.519335,3.60456,0.1469671318726645,0.7548206932301718,0.14571260976100475,0.7554942282962237
2.08,-8.191655,3.604555,0.14984895242902962,0.7548206932301718,0.14571260976100475,0.7554941863767494
2.1,-8.51933,2.9491949999999996,0.1469671318726645,0.7548206932301718,0.14571265335696523,0.7499997170435486
2.12,-8.847005,1.966155,0.1469671318726645,0.7493110893388795,0.14285559208654844,0.7472524823769482
2.14,-8.51933,1.638465,0.1469671318726645,0.7465562453582916,0.14571265335696523,0.747252440457474
2.16,-8.519325,1.96615,0.1469671318726645,0.7493110473039377,0.14571269695292574,0.7472524823769482
2.18,-8.847000000000001,1.310785,0.14408535528939131,0.7465562453582916,0.14571269695292574,0.7445052057908735
2.2,-8.847010000000001,0.6554150000000001,0.14408531131629934,0.7438014013777036,0.14571265335696523,0.7417579292047989
2.22,-0.327175,-1.310675,0.158494633963585,0.7382917554514696,0.205712989045861,0.7307689486189232
2.24,15.401715,-3.93215,0.24783256629603218,0.7245176196184135,0.25428446930964266,0.7225270769412249
2.26,15.7294,-2.9491050000000003,0.25359629535494643,0.7272724215640597,0.2514273208473049,0.7280215881938998
2.28,15.401715,-2.9491050000000003,0.2507144747985813,0.7272724215640597,0.25142727725134445,0.7280215881938998
2.3,15.401720000000001,-3.276795,0.25359629535494643,0.7272723795291178,0.24857021598092766,0.7252743116078252
2.32,15.07404,-2.949115,0.2507144747985813,0.7272723795291178,0.24857021598092766,0.7280215462744256
2.34,14.418685,-2.949115,0.2478326982153081,0.7272723795291178,0.24571311111455035,0.7280215462744256
2.36,14.41868,-2.94912,0.24783265424221615,0.7272723374941761,0.24571311111455035,0.7280215462744256
2.38,13.763325,-3.276805,0.24495083368585097,0.7272723374941761,0.24285604984413356,0.7252742696883508
2.4,13.435645000000001,-3.604485,0.24495083368585097,0.7245175355485299,0.23999894497775626,0.7252742696883508
2.42,13.76333,-3.9321650000000004,0.24495087765894294,0.7245175355485299,0.24285604984413356,0.7225270350217505
2.44,3.9328200000000004,-3.9321649999999995,0.22189609334256186,0.7217627336028838,0.17999900165250488,0.7252742696883508
2.46,-1.96549,-3.93215,0.17578639279052363,0.7245175775834717,0.1742847483237898,0.7225271188606991
2.48,-1.6378,-3.6044650000000003,0.1786682573199808,0.7245176196184135,0.1742847919197503,0.7252743535272995
2.5,-1.964205,-3.604475,0.17578643676361563,0.7245175775834717,0.17429590888967408,0.7252743116078252
2.52,-1.96547,-3.6044650000000003,0.1757864807367076,0.7245176196184135,0.17428483551571075,0.7252743535272995
2.54,-1.63779,-3.60447,0.17866830129307276,0.7245175775834717,0.17428483551571075,0.7252743535272995
2.56,-1.31011,-3.27679,0.17866830129307276,0.7272724215640597,0.17714194038208805,0.7252743116078252
2.58,-1.96547,-3.60447,0.1757864807367076,0.7245175775834717,0.17428483551571075,0.7252743535272995
2.6,-1.63779,-3.276795,0.17866830129307276,0.7245175775834717,0.17428483551571075,0.7280215462744256
2.62,-1.63778,-3.604475,0.1757865247097996,0.7245175775834717,0.17714198397804856,0.7252743116078252
2.64,16.38483,-1.310715,0.22189613731565383,0.7327819413854683,0.2885704252415379,0.736263292193701
2.66,32.76903,-2.293775,0.32852481709392395,0.7300270974048804,0.32571322446404766,0.7307686971020774
2.68,32.769014999999996,-1.310735,0.32852477312083195,0.7355367012961727,0.32571313727212664,0.7335159317686778
2.7,32.76901,-1.63792,0.32852472914773995,0.7327860608097645,0.32571313727212664,0.7335159317686778
2.72,33.42437,-1.31074,0.3314065497041051,0.7355366592612308,0.32857024213850394,0.7335159317686778
2.74,33.09669,-1.9661,0.3314065497041051,0.7327818573155847,0.32571313727212664,0.7307686971020774
2.76,32.76901,-1.966105,0.32852472914773995,0.7327818573155847,0.32571313727212664,0.7307686551826031
2.78,33.09669,-2.6214649999999997,0.32852472914773995,0.7300270553699385,0.32857024213850394,0.7280214205160028
2.8,32.76901,-2.29379,0.32852472914773995,0.7300270133349969,0.32571313727212664,0.7307686551826031
2.82,32.769005,-2.62147,0.32852472914773995,0.7300270553699385,0.32571309367616613,0.7280213785965285
2.84,45.87634,-2.62148,0.3602250191063085,0.730026971300055,0.4085700503162778,0.7280213785965285
2.86,54.39614,-2.621485,0.42362590683508955,0.730026971300055,0.41999868776158933,0.7280213366770543
2.88,53.740775,-2.621485,0.4207440862787244,0.730026971300055,0.4171415392992516,0.7280213366770543
2.9,53.413095,-2.62149,0.4207440423056324,0.7272721273194671,0.4142844780288348,0.7307685713436546
2.92,53.74077,-2.62149,0.4207440423056324,0.7272721273194671,0.4171415392992516,0.7307685713436546
2.94,53.41309,-2.293815,0.4207440423056324,0.7300269292651133,0.4142844344328743,0.7307685294241804
2.96,52.75773,-2.293815,0.41498040119290214,0.7300269292651133,0.4142844344328743,0.7307685294241804
2.98,52.75773,-2.293815,0.4178622217492673,0.7300269292651133,0.411427329566497,0.7307685294241804
3.0,52.43005,-1.966135,0.41498040119290214,0.7327817312107594,0.411427329566497,0.7307685294241804
3.02,58.000665,-0.9830900000000008,0.4178622217492673,0.7327817312107594,0.45714148698409895,0.7390102753434556
3.04,74.05723,-4.999999999999449e-05,0.5043180257137053,0.7382913771369934,0.5114274385563983,0.7417574680905819
3.06,75.04029,0.98299,0.5158455278046259,0.7438009389933438,0.5085702900940605,0.7445047446766564
3.08,74.38493,1.310675,0.5129637072482607,0.7465557829739318,0.5057131852276832,0.7445047446766564
3.1,74.05725,1.638355,0.5100818866918956,0.7465557829739318,0.5057131852276832,0.7472519793432568
3.12,74.71261,1.638355,0.5129637072482607,0.7465557829739318,0.5085702900940605,0.7472519793432568
3.14,74.38493,1.63836,0.5129637072482607,0.7465557829739318,0.5057131852276832,0.747252021262731
3.16,74.38493,2.2937149999999997,0.5129637072482607,0.7493105849195779,0.5057131852276832,0.7499992140098571
3.18,74.05725,2.2937149999999997,0.5100818866918956,0.7493105849195779,0.5057131852276832,0.7499992140098571
3.2,74.05725,2.94908,0.5100818866918956,0.7520653868652241,0.5057131852276832,0.7527464905959319
3.22,74.057245,2.94908,0.5100818866918956,0.7520653868652241,0.5057131416317227,0.7527464905959319
3.24,78.31711999999999,2.949085,0.5129636632751687,0.7520654289001658,0.539998748795934,0.7527464905959319
3.26,94.37367499999999,2.6214,0.5907738736512355,0.7520654289001658,0.6028560585633256,0.7499992140098571
3.28,95.356725,3.27676,0.6051831962985211,0.7520653868652241,0.5971417180426896,0.7554937252625322
3.3,95.35671500000001,3.932125,0.6051831523254291,0.7575750327914581,0.597141674446729,0.7554937252625322
3.32,95.02903,3.27676,0.6023012877959719,0.7548201888108702,0.597141674446729,0.7527464905959319
3.34,95.02903,3.2767549999999996,0.6023012877959719,0.7548201888108702,0.597141674446729,0.7527464486764576
3.36,94.70135,2.29371,0.6023012877959719,0.7520653868652241,0.5942845695803518,0.7472519374237825
3.38,65.53743,-2.621495,0.5417822206235561,0.7382913351020517,0.3999987793131064,0.7197795907577788
3.4,-1.31006,-14.74567,0.23342372735275832,0.6859500560998334,0.12285655555727518,0.6703292829200234
3.42,-16.711195,-14.745650000000001,0.10950403629011336,0.6749308903521906,0.11142800530388454,0.6813183473448478
3.44,-15.728155000000001,-12.124195,0.11526772137593565,0.6859501822046588,0.11428506657430135,0.6923073279307236
3.46,-15.728165,-10.813469999999999,0.11526767740284365,0.6914597860959509,0.11428502297834088,0.6978018391833986
3.48,-15.72818,-9.17506,0.11526758945665969,0.6997242339678311,0.11428497938238037,0.7032963504360736
3.5,-15.728185,-7.86434,0.11526758945665969,0.7052338378591234,0.1142849357864199,0.7087908197692744
3.52,-15.40051,-7.208975,0.11814936603993285,0.7079886818397114,0.1142849357864199,0.7115380544358748
3.54,-15.7282,-6.225935,0.11526750151047571,0.7134982857310036,0.11428489219045941,0.7142852891024751
3.56,-15.72821,-5.898255,0.11526745753738372,0.7134982857310036,0.11428484859449893,0.7170325237690756
3.58,-15.72821,-5.570575,0.11526745753738372,0.7162530876766497,0.11428484859449893,0.7170325237690756
3.6,-8.519155,-3.2768,0.13544042129739972,0.721762691567942,0.1571420319336051,0.7307688228605003
3.62,-5.897665,-2.94911,0.15849542547924075,0.7272723795291178,0.1571420319336051,0.7280215881938998
3.64,-6.22535,-2.621435,0.15849538150614878,0.730027181474764,0.1542849270672278,0.7280215462744256
3.66,-5.89767,-3.276795,0.15849538150614878,0.7272723795291178,0.1571420319336051,0.7252743116078252
3.68,-5.89767,-3.2768,0.15849538150614878,0.7272723374941761,0.1571420319336051,0.7252743116078252
3.7,-5.89767,-3.9321650000000004,0.15849538150614878,0.7245175355485299,0.1571420319336051,0.7225270350217505
3.72,-5.897665,-3.932175,0.15849538150614878,0.7245174935135881,0.15714207552956558,0.7225269931022763
3.74,-5.2423,-4.587535,0.1613772460356059,0.721762691567942,0.15999918039594288,0.719779758435676
3.76,-5.2423,-4.587535,0.1613772460356059,0.721762691567942,0.15999918039594288,0.719779758435676
3.78,-5.2423,-4.9152249999999995,0.1613772460356059,0.7190078475873541,0.15999918039594288,0.7197797165162017
3.8,-5.2423,-5.898275,0.1613772460356059,0.7162530036067661,0.15999918039594288,0.7142852052635266
3.82,-12.451365,-6.225944999999999,0.14120423830249793,0.71349820166112,0.1171419534608762,0.7142852891024751
3.84,-14.089805,-7.536665,0.12103109865011402,0.7079886398047696,0.12285620678959129,0.7087907778498002
3.86,-12.451415,-6.88131,0.1296765603192095,0.7107434417504157,0.1285703293304249,0.7115379705969263
3.88,-11.468375,-7.208995,0.13255838087557462,0.7107433997154738,0.13428453906317947,0.7087907359303258
3.9,-11.796065,-7.53668,0.13255833690248264,0.707988555734886,0.13142739060084171,0.7087907359303258
3.92,-11.14071,-7.864364999999999,0.13544011348575583,0.707988555734886,0.134284495467219,0.7060434593442512
3.94,-11.14071,-7.53668,0.13544011348575583,0.707988555734886,0.134284495467219,0.7087907359303258
3.96,-11.46839,-7.53668,0.13255829292939064,0.707988555734886,0.134284495467219,0.7087907359303258
3.98,-11.46839,-7.536685,0.13255829292939064,0.707988555734886,0.134284495467219,0.7087906940108515
4.0,6.554214999999999,-7.209015,0.16137680630468604,0.7079885136999441,0.2628556967168536,0.7115378867579776
4.02,41.61644,-6.88136,0.36022484321394055,0.7107432315757066,0.37142733828568913,0.7115377609995548
4.04,42.271834999999996,-4.915285,0.371752521197229,0.7190075533427615,0.36571304136101357,0.7197795069188302
4.06,41.944145,-4.5876,0.36887065666777186,0.7217623973233493,0.36571299776505306,0.7197795069188302
4.08,41.28878,-4.915285,0.36598879213831476,0.7190075953777032,0.36285589289867576,0.7197794649993559
4.1,41.28877,-4.587605,0.36598874816522275,0.7217623973233493,0.36285584930271525,0.7197794649993559
4.12,41.61645,-4.5876149999999996,0.3688705687215879,0.7217623552884076,0.36285584930271525,0.7197794230798817
4.14,41.28877,-4.587619999999999,0.36598874816522275,0.7217623552884076,0.36285584930271525,0.7197793811604074
4.16,41.944125,-4.259945,0.3688705687215879,0.7217623132534658,0.36571291057313204,0.7225266158270078
4.18,41.28876,-4.587625,0.36598870419213086,0.7217623132534658,0.36285580570675485,0.7197793811604074
4.2,41.288765,-4.58763,0.36598874816522275,0.7217622712185241,0.36285580570675485,0.7197793811604074
4.22,43.582535,-4.915315,0.3688705247484959,0.719007469272878,0.3799985656929001,0.7197793392409331
4.24,65.53738,-6.226050000000001,0.4582080173500232,0.71625262529229,0.4828557795491785,0.7115375514021833
4.26,68.486555,-5.8983799999999995,0.48702675059077855,0.7134977392767602,0.47999863108684077,0.7170320207353841
4.28,67.17583,-4.915335,0.4812630655049563,0.7190073852029943,0.47428442135408616,0.7197792554019845
4.3,66.849425,-5.570695,0.47839245808704745,0.7162525832573482,0.47428442135408616,0.7170320207353841
4.32,66.84815,-5.24302,0.47838124494859113,0.7190073431680525,0.47428442135408616,0.7170320207353841
4.34,66.84815,-4.915335,0.47838124494859113,0.7190073852029943,0.47428442135408616,0.7197792554019845
4.36,66.84815,-4.915335,0.47838124494859113,0.7190073852029943,0.47428442135408616,0.7197792554019845
4.38,66.52047,-4.25998,0.47838124494859113,0.7217621451136986,0.47142731648770886,0.7225264900685849
4.4,65.86511,-4.587655,0.475499424392226,0.7217621871486405,0.46857021162133156,0.7197792554019845
4.42,66.19279,-4.915335,0.475499424392226,0.7190073852029943,0.47142731648770886,0.7197792554019845
4.44,65.53743,-4.587655,0.4726176038358608,0.7217621871486405,0.46857021162133156,0.7197792554019845
4.46,66.192785,-4.915335,0.4726176038358608,0.7190073852029943,0.47428437775812565,0.7197792554019845
4.48,66.848135,-5.243024999999999,0.47838120097549913,0.7190073431680525,0.47428433416216514,0.7170319788159099
4.5,66.848135,-5.570705,0.47838115700240713,0.7162525412224063,0.47428437775812565,0.7170319788159099
4.52,66.848135,-5.570705,0.47838120097549913,0.7162525412224063,0.47428433416216514,0.7170319788159099
4.54,67.17582,-5.243024999999999,0.4812630215318643,0.7190073431680525,0.47428437775812565,0.7170319788159099
4.56,66.848135,-4.91534,0.47838120097549913,0.7190073431680525,0.47428433416216514,0.7197792554019845
4.58,66.84814,-4.915345,0.47838120097549913,0.7190073431680525,0.47428437775812565,0.7197792134825102
4.6,67.50351,-4.915345,0.475499380419134,0.7190073431680525,0.4828557795491785,0.7197792134825102
4.62,85.526175,-3.9323,0.538900224174823,0.7245169470593448,0.5771417659982462,0.7225264900685849
4.64,91.42453499999999,-3.604625,0.5878921410410541,0.7245169470593448,0.5799989580565444,0.725273682815711
4.66,90.44149,-2.949255,0.582128455955232,0.7272717910399328,0.5771418531901671,0.7280209594017857
4.68,90.113805,-3.27694,0.582128455955232,0.7272717490049909,0.5742847047278293,0.7252737247351853
4.7,90.44149,-3.60462,0.582128455955232,0.7245169470593448,0.5771418531901671,0.7252737247351853
4.72,90.44148,-3.604625,0.5821284119821399,0.7245169470593448,0.5771418095942066,0.725273682815711
4.74,90.441485,-3.604625,0.582128455955232,0.7245169470593448,0.5771418095942066,0.725273682815711
4.76,90.44148,-3.276945,0.5821284119821399,0.7272717490049909,0.5771418095942066,0.725273682815711
4.78,89.78612,-3.6046300000000002,0.5792465914257748,0.724516905024403,0.5742847047278293,0.725273682815711
4.8,89.786125,-3.932315,0.5792465914257748,0.724516905024403,0.5742847483237898,0.7225264062296363
4.82,91.752225,-3.93231,0.5792465914257748,0.7217621030787569,0.5914275519058955,0.725273682815711
4.84,105.84270000000001,-4.259985,0.6397657465443746,0.7245169470593448,0.6542849924611686,0.7197792134825102
4.86,109.119545,-3.93231,0.6657025712825808,0.7217621030787569,0.6571420537315853,0.725273682815711
4.88,108.46418,-2.94927,0.6599388861967586,0.7272717069700491,0.6571420537315853,0.7280209174823113
4.9,108.136495,-2.949265,0.6599388861967586,0.7272717490049909,0.6542849052692475,0.7280209174823113
4.92,108.13649,-2.62158,0.6599388422236665,0.7300265509506371,0.6542849052692475,0.7280209594017857
4.94,108.13649,-2.2939,0.6599388422236665,0.7300265509506371,0.6542849052692475,0.7307681940683861
4.96,107.80881,-1.638535,0.6599388422236665,0.732781394931225,0.6514278004028703,0.7335154287349864
4.98,92.07996,-3.27692,0.6397658784636506,0.7327814369661668,0.5342848878308634,0.7197793392409331
5.0,26.870815,-11.46889,0.3861622396023425,0.6997238976882968,0.2171424548144218,0.6840654562530253
5.02,-14.08962,-15.073335,0.12679561922468405,0.6721760463716027,0.11714273818816495,0.6813183473448478
5.04,-13.761949999999999,-9.83042,0.1239137546952269,0.6942146300765388,0.12285690432495905,0.7032963504360736
5.06,-13.761975,-7.20896,0.12391362277595096,0.7079887238746532,0.12285681713303807,0.7115381382748234
5.08,-13.434315000000002,-5.242885,0.12391353482976697,0.7162531297115916,0.1257138348074944,0.7197798003551502
5.1,-13.434335,-3.27679,0.12679526743994815,0.7245175775834717,0.12285664274919614,0.7280215881938998
5.12,-13.762025,-0.9830300000000001,0.12391340291049102,0.7355367853660563,0.12285659915323566,0.736263292193701
5.14,-14.41739,-0.327665000000002,0.12103153838103389,0.7382916293466442,0.11999949428685837,0.7390105268603014
5.16,-14.089715,0.3276949999999996,0.12391335893739903,0.7410464312922903,0.11999945069089787,0.7417577615269018
5.18,-13.76204,0.6553749999999949,0.12391331496430706,0.7438012332379363,0.12285655555727518,0.7417577615269018
5.2,-14.08972,0.32768999999999804,0.12391331496430706,0.7410463892573486,0.11999945069089787,0.7417577615269018
5.22,-13.762045,0.32768499999999806,0.12391327099121506,0.7410463892573486,0.12285655555727518,0.7417577196074275
5.24,-13.76205,0.655365,0.12391327099121506,0.7438011912029947,0.12285651196131467,0.7417577196074275
5.26,-14.41742,0.6553599999999951,0.12103140646175793,0.7438011491680528,0.11999936349897691,0.7417577196074275
5.28,-14.41742,-5.000000001587e-06,0.12103140646175793,0.7410463472224067,0.11999936349897691,0.7390104430213529
5.3,-14.41743,-0.983055,0.12103136248866594,0.7355367012961727,0.11999931990301642,0.7362631664352781
5.32,-5.569975,-1.966105,0.12967691210394536,0.7355366592612308,0.18857057782739967,0.7280214205160028
5.34,7.5374,-2.94916,0.21613262812219947,0.7272722113893507,0.2171420624507774,0.7280213366770543
5.36,7.209715,-2.621485,0.21613262812219947,0.730026971300055,0.21428491398843966,0.7280213366770543
5.38,6.55435,-3.27685,0.21325076359274234,0.7272721273194671,0.21142780912206235,0.7252741020104538
5.4,6.8820250000000005,-3.6045350000000003,0.2161325841491075,0.724517325373821,0.2114277655261019,0.7252740600909795
5.42,6.55434,-3.9322150000000002,0.21325071961965034,0.724517325373821,0.2114277655261019,0.7225268254243792
5.44,6.882015,-4.587585,0.2161325401760155,0.721762481393233,0.2114277219301414,0.7197795488383045
5.46,6.55433,-4.91527,0.2132506756465584,0.721762481393233,0.2114277219301414,0.7170322722522298
5.48,6.554325,-5.570635,0.2132506756465584,0.7162528354669989,0.21142767833418089,0.7170322722522298
5.5,16.712490000000003,-4.9152949999999995,0.2132506756465584,0.7162527513971154,0.2999986703232052,0.722526657746482
5.52,64.2267,-5.57069,0.42938950397472786,0.7245171151991119,0.49999906268684957,0.7087902328966343
5.54,76.35114,-7.8645,0.521609784540644,0.7052331653000546,0.5142850229783408,0.7087901490576859
5.56,75.368065,-6.5537600000000005,0.5158459675355457,0.7107428532612304,0.5114277873240821,0.7142847022298352
5.58,75.695735,-5.8984,0.5158459235624537,0.7134976552068766,0.514284848594499,0.7170319368964355
5.6,76.023405,-5.57072,0.5187277001457269,0.7162524571525227,0.5142848049985385,0.7170319368964355
5.62,77.006435,-5.89841,0.521609476729,0.7162524571525227,0.5199989711353326,0.7142846183908866
5.64,77.661775,-6.881460000000001,0.5244912093391813,0.7107428112262888,0.5228559888097888,0.711537341804812
5.66,77.98944,-6.881475,0.5273729419493625,0.7107427271564052,0.5228559452138284,0.7115372998853378
5.68,78.317115,-7.209155,0.5273729419493625,0.7107427271564052,0.5257130064842451,0.7087900652187373
5.7,78.318385,-7.20916,0.5302659316710919,0.7107426851214633,0.5228559016178679,0.7087900652187373
5.72,78.31711,-8.19221,0.5273728979762704,0.705233081230171,0.5257130064842451,0.7060427467131883
5.74,92.735225,-3.6046449999999997,0.5677188254963023,0.7190071750282853,0.6114274167584179,0.7307681521489118
5.76,105.18729,-3.27696,0.6455293876571049,0.7272717069700491,0.6428561370360545,0.7252735989767624
5.78,105.187275,-2.293915,0.645529343684013,0.7300265089156952,0.6428560498441335,0.7307681102294374
5.8,105.51495,-2.621595,0.6484111202672862,0.7300265089156952,0.6428560498441335,0.7280208755628371
5.82,105.84263,-2.621595,0.6512929408236512,0.7300265089156952,0.6428560498441335,0.7280208755628371
5.84,105.84263,-2.6216,0.6512929408236512,0.7300265089156952,0.6428560498441335,0.7280208336433628
5.86,106.17031,-2.9492849999999997,0.6512929408236512,0.7272716649351073,0.6457131547105108,0.7280208336433628
5.88,106.17031,-3.9323249999999996,0.6512929408236512,0.7245168629894612,0.6457131547105108,0.722526364310162
5.9,106.49798,-4.587705,0.6541747174069243,0.7217619769739314,0.6457131111145503,0.7197790458046132
5.92,106.825665,-5.57075,0.6541747174069243,0.7190071750282853,0.6485702595768881,0.7142845345519381
5.94,92.407545,-10.158285,0.6397654387327307,0.707987925210759,0.5371416003335964,0.6868121040469858
5.96,34.079785,-20.971735,0.38904379632015584,0.6611562080648912,0.2771420057760288,0.6428563493813797
5.98,19.989395000000002,-19.988664999999997,0.2708879222626091,0.6501370423172484,0.27142770885135326,0.6620872016449538
6.0,20.97242,-16.711840000000002,0.2766514754291554,0.6666660221308924,0.27428477012177005,0.6730761822308295
6.02,20.972414999999998,-13.435025,0.2766514754291554,0.6804400738940649,0.2742847265258096,0.68681243940278
6.04,20.644725,-10.813565,0.2766514314560634,0.6914594077814747,0.2714275780634718,0.6978014199886557
6.06,20.31704,-9.17515,0.2737695669266063,0.6997238556533549,0.2714275780634718,0.703295973160805
6.08,19.989359999999998,-7.536745,0.2737695669266063,0.7079883035252352,0.2685704731970945,0.7087904424940059
6.1,22.283144999999998,-4.25993,0.2737695669266063,0.7134979074165275,0.2885704252415379,0.7307684455852317
6.12,26.21537,-0.3277250000000008,0.2997063476917205,0.7382913771369934,0.29714191422451175,0.7390102753434556
6.14,26.215365,0.6553199999999972,0.2997063476917205,0.7410461790826395,0.2971418706285513,0.7445047865961307
6.16,26.215365,-4.50000000036255e-05,0.2997063476917205,0.7410461790826395,0.2971418706285513,0.7390102753434556
6.18,26.215365,-0.6554150000000001,0.2997063476917205,0.7382913351020517,0.2971418706285513,0.7362629987573811
6.2,26.870714999999997,-1.310785,0.30258812427499365,0.7355364911214637,0.2999989318989681,0.7335157221713065
6.22,27.198385000000002,-1.638475,0.30546990085826686,0.7355364490865219,0.2999988883030076,0.7307684455852317
6.24,27.52606,-2.949205,0.30546985688517486,0.7272720012146416,0.3028559931693849,0.728021168999157
6.26,27.526055,-3.6045749999999996,0.30546985688517486,0.7272719591796999,0.30285594957342443,0.722526657746482
6.28,36.045825,-5.2429950000000005,0.3112334979979052,0.7217623132534658,0.3714272510937682,0.7142848279882581
6.3,52.75775,-7.208545,0.4149804451659941,0.7079881774204098,0.41428456522075574,0.7115421625443545
6.32,52.43007,-6.226055000000001,0.4149804891390861,0.713497781311702,0.411427416758418,0.7142847860687838
6.34,52.43007,-5.898375,0.4149804891390861,0.7162525832573482,0.411427416758418,0.7142847860687838
6.36,52.43007,-5.89838,0.4149804891390861,0.7162525412224063,0.411427416758418,0.7142847860687838
6.38,52.43007,-5.5707,0.4149804891390861,0.7162525412224063,0.411427416758418,0.7170320207353841
6.4,52.43007,-5.5707,0.4149804891390861,0.7162525412224063,0.411427416758418,0.7170320207353841
6.42,51.77471,-5.5707,0.41209866858272093,0.7162525412224063,0.4085703118920407,0.7170320207353841
6.44,53.7408,-6.226065,0.4149804891390861,0.7134977392767602,0.42285592341584816,0.7142847441493094
6.46,70.4527,-5.570705,0.48126315345114024,0.7162525412224063,0.5028559931693849,0.7170319788159099
6.48,74.384925,-5.570715,0.5129637072482607,0.7162524991874646,0.5057131416317227,0.7170319368964355
6.5,74.05724,-4.915355,0.5100818427188035,0.7190073011331107,0.5057131416317227,0.719779171563036
6.52,74.05724,-5.24304,0.5100818427188035,0.7190072590981689,0.5057131416317227,0.7170319368964355
6.54,74.38492,-5.898405,0.5129636632751687,0.7162524571525227,0.5057131416317227,0.7142846603103609
6.56,74.05724,-6.226084999999999,0.5100818427188035,0.7134976552068766,0.5057131416317227,0.7142846603103609
6.58,74.05724,-6.22609,0.5100818427188035,0.7134976131719349,0.5057131416317227,0.7142846603103609
6.6,74.05724,-6.881455,0.5100818427188035,0.7134976131719349,0.5057131416317227,0.7087901490576859
6.62,77.661755,-6.226095,0.5100818427188035,0.7134976131719349,0.5371416003335964,0.7142846183908866
6.64,95.02906,-6.55377,0.5936557821537845,0.7134976552068766,0.6057132942175844,0.7115373837242863
6.66,96.012125,-5.898415,0.6080651927472542,0.7134975711369931,0.5999989972929087,0.7170318949769613
6.68,95.684445,-5.243045,0.6051833721908889,0.7190072590981689,0.5999989972929087,0.7170318949769613
6.7,95.684445,-5.570735,0.6051833721908889,0.716252415117581,0.5999989972929087,0.7170318530574871
6.72,95.35677,-5.243055,0.6051833721908889,0.7190072170632271,0.597141936022492,0.7170318530574871
6.74,95.02909,-4.91537,0.6023015516345239,0.7190072170632271,0.597141936022492,0.7197791296435616
6.76,95.02909,-4.915375,0.6023015516345239,0.7190072170632271,0.597141936022492,0.7197790877240874
6.78,95.029085,-4.5876850000000005,0.6023015516345239,0.721762061043815,0.5971418924265315,0.7197791296435616
6.8,93.71834999999999,-5.24305,0.6023015076614318,0.7190072170632271,0.5857133857691014,0.7170318949769613
6.82,55.706975,-13.435055,0.5014364689958921,0.6969688014980581,0.3542848834712673,0.6703288637252807
6.84,3.605245,-22.61008,0.22766021815930398,0.6446276065657234,0.17142812301297786,0.6456038355648258
6.86,-1.310035,-19.33325,0.1757868325214435,0.6556469404531333,0.17999935042018878,0.6620873693228508
6.88,-0.982375,-16.38412,0.1815503856879898,0.6694209922163058,0.1771421583618905,0.6730763499087267
6.9,-1.3100749999999999,-14.09035,0.17866847718544068,0.6804402420338321,0.17714207116996952,0.6813180958280022
6.92,-1.9654449999999999,-11.79658,0.17578661265598355,0.6887046899057122,0.17428492270763177,0.6923070764138779
6.94,-2.29313,-10.158165,0.17578656868289158,0.6969691798125343,0.17142781784125447,0.6978015876665529
6.96,-2.293125,-8.847445,0.17578661265598355,0.7024787837038265,0.17142781784125447,0.7032960569997537
6.98,-1.9654449999999999,-8.847445,0.17578656868289158,0.7024787837038265,0.17428496630359222,0.7032960569997537
7.0,-1.96545,-8.519765,0.17578656868289158,0.7052335856494727,0.17428492270763177,0.7032960569997537
7.02,-1.9654449999999999,-8.192095,0.17578661265598355,0.7052335436145308,0.17428492270763177,0.7060432497468798
7.04,-1.96544,-8.847455,0.17578661265598355,0.7024787416688847,0.17428496630359222,0.7032960150802794
7.06,-1.96545,-8.847455,0.17578656868289158,0.7024787416688847,0.17428492270763177,0.7032960150802794
7.08,-1.96545,-9.175139999999999,0.17578656868289158,0.7024787416688847,0.17428492270763177,0.7005487384942047
7.1,-1.96545,-9.830505,0.17578656868289158,0.6997238976882968,0.17428492270763177,0.6978015038276043
7.12,-1.637775,-10.158190000000001,0.1786683892392567,0.6969690537077088,0.17428487911167126,0.6978015038276043
7.14,-8.519134999999999,-9.50282,0.15561356094978362,0.6997238976882968,0.13714207988916163,0.700548780413679
7.16,-10.812940000000001,-10.158180000000002,0.1354405092435837,0.6969690957426506,0.13714199269724064,0.6978015457470786
7.18,-10.485255,-10.158180000000002,0.13832232979994882,0.6969690957426506,0.13714203629320112,0.6978015457470786
7.2,-10.48525,-10.485865,0.1383223737730408,0.6969690957426506,0.13714203629320112,0.695054269161004
7.22,-10.485244999999999,-10.485865,0.1383223737730408,0.6969690957426506,0.13714207988916163,0.695054269161004
7.24,-10.48524,-10.813545000000001,0.1383224177461328,0.6942142937970045,0.13714207988916163,0.695054269161004
7.26,-10.48524,-11.141225,0.1383224177461328,0.6942142937970045,0.13714207988916163,0.6923070344944036
7.28,-10.48524,-11.468910000000001,0.1383224177461328,0.6914594498164166,0.13714207988916163,0.6923070344944036
7.3,-10.48524,-11.796595,0.1383224177461328,0.6914594498164166,0.13714207988916163,0.6895597579083289
7.32,-10.485235,-12.124275,0.1383224177461328,0.6887046478707705,0.1371421234851221,0.6895597579083289
7.34,-10.48523,-12.451955,0.13832246171922477,0.6887046478707705,0.1371421234851221,0.6868125232417285
7.36,-10.157554999999999,-12.779634999999999,0.1383224177461328,0.6859498459251243,0.13999922835149942,0.6868125232417285
7.38,-10.15755,-13.107325,0.14120428227558993,0.6859498038901826,0.1371421234851221,0.6840652466556539
7.4,-9.502185,-13.76269,0.13832246171922477,0.6831950019445364,0.14571348168021447,0.6813179700695793
7.42,15.0741,-14.418075,0.2190142727861967,0.6804400738940649,0.2799990670464456,0.6785706515640303
7.44,30.475265,-14.745775,0.3169974908953714,0.6776851878785352,0.31714190986491575,0.6785705677250816
7.46,30.147585,-14.090409999999999,0.31699753486846327,0.6804399898241813,0.31428476140257794,0.6813178443111564
7.48,30.147565,-15.07346,0.3169974469222794,0.6776851878785352,0.3142846742106569,0.675823291139007
7.5,30.80292,-15.073465,0.31987922350555253,0.6776851458435933,0.3171417790770342,0.675823291139007
7.52,30.47523,-15.073465,0.3169973589760954,0.6776851458435933,0.3171417354810738,0.675823291139007
7.54,30.14754,-14.74579,0.31699731500300343,0.6776851038086517,0.314284587018736,0.6785705258056074
7.56,30.14754,-14.7458,0.31699731500300343,0.6776850617737098,0.314284587018736,0.6785704838861332
7.58,30.14754,-15.073475,0.31699731500300343,0.6776851038086517,0.314284587018736,0.6758232492195329
7.6,30.14754,-15.401155,0.31699731500300343,0.6749303018630055,0.314284587018736,0.6758232492195329
7.62,29.81986,-15.40116,0.31699731500300343,0.6749302598280637,0.3114274821523587,0.6758232492195329
7.64,30.475225000000002,-15.401164999999999,0.3141154944466383,0.6749302598280637,0.319998840347451,0.6758232073000585
7.66,50.46396,-14.745805,0.3803981147856004,0.6776850617737098,0.4285703075324446,0.6785704419666589
7.68,59.639155,-14.745815,0.4466810869092985,0.677685019738768,0.44285609344009397,0.6785704000471846
7.7,59.31147,-14.74582,0.44668104293620653,0.6804398216844142,0.43999898857371667,0.67582312346111
7.72,59.31147,-15.073505,0.4437992223798414,0.6776849777038262,0.44285609344009397,0.67582312346111
7.74,59.311465,-15.401185,0.44668104293620653,0.67493017575818,0.43999894497775627,0.67582312346111
7.76,59.63914,-15.401185,0.44668099896311453,0.67493017575818,0.4428560498441335,0.67582312346111
7.78,59.63914,-15.72887,0.44668099896311453,0.6749301337232383,0.4428560498441335,0.6730758887945095
7.8,59.63913,-16.71192,0.4466809549900226,0.669420529831946,0.44285600624817306,0.6703285702889605
7.82,63.899015000000006,-16.384245,0.4466809549900226,0.6694204877970041,0.47999876187472224,0.673075804955561
7.84,21.300890000000003,-16.056565,0.0,0.6749300916882964,0.5514275606250876,0.6703285702889605
7.86,83.560125,-16.38425,0.5533098986068445,0.6694204457620624,0.5457133072963725,0.673075804955561
7.88,83.56012,-16.056565,0.5533098546337526,0.6721752897426503,0.5457133072963725,0.673075804955561
7.9,83.56012,-16.384245,0.5533098546337526,0.6721752897426503,0.5457133072963725,0.6703285702889605
7.92,83.887795,-16.711930000000002,0.5533098106606605,0.6694204457620624,0.5485704121627498,0.6703285702889605
7.94,83.8878,-16.711935,0.5533098546337526,0.6694204457620624,0.5485704121627498,0.6703285283694863
7.96,83.887795,-17.039614999999998,0.5533098546337526,0.6694204457620624,0.5485703685667893,0.667581293702886
7.98,83.8878,-17.694975,0.5533098546337526,0.6666656438164162,0.5485704121627498,0.6648340590362855
8.0,59.96687,-23.26553,0.5100820625842635,0.6528916761231275,0.3828562809027241,0.631867243037081
8.02,2.6222,-33.09591,0.24206949683349765,0.6088148870277311,0.14857106610215712,0.5934060834630986
8.04,-8.51904,-33.751255,0.1412047220065098,0.5950409193344424,0.1514281709685344,0.6016478713018483
8.06,-7.2083200000000005,-31.457479999999997,0.15273209217815437,0.6060602111869103,0.15142808377661343,0.6098896172211237
8.08,-6.552975,-30.474435,0.15561382478833552,0.6115698571131445,0.15428514504703023,0.6126368518877241
8.1,-5.24228,-29.819074999999998,0.16137737795488188,0.6143246590587906,0.15999922399190336,0.6153840865543244
8.12,-4.586935,-28.836035,0.16425911056506304,0.6170794610044367,0.16285628526232016,0.6208785558875253
8.14,-4.58694,-28.508355,0.16425906659197106,0.6198342629500828,0.16285628526232016,0.6208785558875253
8.16,-5.24231,-27.852985,0.1613772020625139,0.6225891069306708,0.1599991367999824,0.6236258324735999
8.18,-4.91463,-27.197625000000002,0.16425902261887906,0.6253439088763169,0.1599991367999824,0.6263730671402002
8.2,-5.24231,-27.852985,0.1613772020625139,0.6225891069306708,0.1599991367999824,0.6236258324735999
8.22,-7.86377,-28.18067,0.1613772460356059,0.6225891069306708,0.13714207988916163,0.6208785558875253
8.24,-12.77902,-30.14676,0.12679504757448823,0.6143246170238488,0.12857067809810876,0.6126368518877241
8.26,-11.79598,-29.819074999999998,0.13255868868721854,0.6143246590587906,0.13142778296448607,0.6153840865543244
8.28,-12.77901,-30.14676,0.12967691210394536,0.6143246170238488,0.12571361682769197,0.6126368518877241
8.3,-12.77901,-30.47444,0.12967691210394536,0.6115698150782026,0.12571361682769197,0.6126368518877241
8.32,-13.10669,-30.474445,0.1267950915475802,0.6115698150782026,0.12571361682769197,0.6126368099682498
8.34,-13.10669,-31.12981,0.1267950915475802,0.6088149710976147,0.12571361682769197,0.6098895753016494
8.36,-13.10669,-30.802135,0.1267950915475802,0.6115697730432609,0.12571361682769197,0.6098895333821751
8.38,-13.10669,-31.129815,0.1267950915475802,0.6088149710976147,0.12571361682769197,0.6098895333821751
8.4,-12.77901,-31.129820000000002,0.1267950915475802,0.6088149290626729,0.12857072169406927,0.6098895333821751
8.42,-12.45133,-31.4575,0.12967691210394536,0.6088149290626729,0.12857072169406927,0.6071422987155747
8.44,-12.45133,-31.4575,0.12967691210394536,0.6088149290626729,0.12857072169406927,0.6071422987155747
8.46,-12.45191,-32.112865,0.12967181122527505,0.6060601271170267,0.12857072169406927,0.6043950221295
8.48,-12.45133,-31.785185,0.12967691210394536,0.6060601271170267,0.12857072169406927,0.6071422567961006
8.5,-12.12364,-31.785185,0.1325587766334025,0.6060601271170267,0.12857076529002975,0.6071422567961006
8.52,-0.6547200000000002,-31.129835,0.14408614680504706,0.6060600850820851,0.21714197525885645,0.6126366842098269
8.54,23.266255,-30.80217,0.2795335158509805,0.6115696469384354,0.29142783527963867,0.609889365704278
8.56,23.921635000000002,-30.47449,0.29106101794190103,0.6115696049034937,0.28571358195092356,0.6126366422903528
8.58,23.266275,-29.819135,0.2852973768291707,0.6143244068491398,0.28571358195092356,0.6153838350374788
8.6,23.266275,-29.819135,0.2852973328560788,0.6143244068491398,0.28571362554688406,0.6153838350374788
8.62,23.266275,-29.819135,0.2881791534124439,0.6143244068491398,0.28285652068050676,0.6153838350374788
8.64,22.93859,-29.819135,0.2852973328560788,0.6143244068491398,0.2828564770845463,0.6153838350374788
8.66,22.93859,-29.819145,0.2852973328560788,0.614324364814198,0.2828564770845463,0.6153837931180045
8.68,22.93859,-29.491464999999998,0.2852973328560788,0.6170791667598442,0.2828564770845463,0.6153837931180045
8.7,22.93859,-30.146825,0.2852973328560788,0.614324364814198,0.2828564770845463,0.6126365584514041
8.72,23.921619999999997,-30.474510000000002,0.2881791534124439,0.6115695628685519,0.2885705996253799,0.6126365165319299
8.74,24.576965,-30.474515,0.2910608860226251,0.61156952083361,0.2914276608957967,0.6126365165319299
8.76,25.232315,-31.457565000000002,0.29394266260589824,0.6088146768530222,0.2942847221662135,0.6071420052792548
8.78,25.559995,-31.785255,0.2968244831622634,0.6060598328724341,0.2942847221662135,0.6071419633597804
8.8,25.559984999999998,-31.457565000000002,0.2968244391891714,0.6088146768530222,0.29428467857025303,0.6071420052792548
8.82,24.904625000000003,-31.129885,0.29394261863280624,0.6088146768530222,0.29142757370387573,0.6098892399458551
8.84,24.90462,-31.785255,0.2939425746597143,0.6060598328724341,0.29142757370387573,0.6071419633597804
8.86,30.147545,-31.785265000000003,0.2968243952160794,0.6033049888918462,0.33428453906317945,0.6098891561069065
8.88,52.430094999999994,-31.129925,0.40057125443798436,0.6088145087132549,0.42571328985798834,0.6098890722679581
8.9,55.05159,-30.80225,0.4265081231492825,0.6088144666783132,0.42285618499161104,0.6126363069345584
8.92,55.051585,-30.474565,0.4265081231492825,0.6115693106589011,0.42285614139565053,0.6126363069345584
8.94,55.051585,-30.146885,0.4265081231492825,0.6115693106589011,0.42285614139565053,0.6153835416011587
8.96,55.051575,-30.47457,0.42650807917619055,0.6115693106589011,0.42285609779969,0.6126362650150842
8.98,55.05157,-30.474575,0.42650803520309855,0.6115692686239592,0.42285609779969,0.6126362650150842
9.0,55.05157,-30.802255000000002,0.42650803520309855,0.6115692686239592,0.42285609779969,0.6098890303484837
9.02,55.05157,-31.129939999999998,0.42650803520309855,0.6088144246433714,0.42285609779969,0.6098890303484837
9.04,55.05156,-30.802255000000002,0.4265079912300066,0.6115692686239592,0.42285605420372957,0.6098890303484837
9.06,55.05156,-30.802255000000002,0.4265079912300066,0.6115692686239592,0.42285605420372957,0.6098890303484837
9.08,55.05156,-30.802255000000002,0.4265079912300066,0.6115692686239592,0.42285605420372957,0.6098890303484837
9.1,55.379239999999996,-31.129939999999998,0.4265079912300066,0.6088144246433714,0.4257131590701068,0.6098890303484837
9.12,55.051565,-30.80226,0.42650803520309855,0.6115692265890176,0.42285605420372957,0.6098890303484837
9.14,55.05156,-30.802265,0.4265079912300066,0.6115692265890176,0.42285605420372957,0.6098889884290095
9.16,55.379239999999996,-31.129945,0.4265079912300066,0.6088144246433714,0.4257131590701068,0.6098889884290095
9.18,55.051565,-31.129945,0.4265079912300066,0.6088144246433714,0.42285609779969,0.6098889884290095
9.2,57.673019999999994,-31.129945,0.4293898117863717,0.6088144246433714,0.44285596265221255,0.6098889884290095
9.22,84.543145,-28.83618,0.5244910334468132,0.6170788304803098,0.5828561501148426,0.6208779690148852
9.24,96.667535,-28.508505,0.6109472331690793,0.6198336324259558,0.6028563201390885,0.620877927095411
9.26,96.01216,-27.19778,0.605183504110165,0.6253432363172481,0.602856276543128,0.626372438348086
9.28,96.01216,-27.52546,0.605183504110165,0.6253432363172481,0.602856276543128,0.6236252036814856
9.3,95.68448,-27.197775,0.605183504110165,0.62534327835219,0.5999991716767508,0.626372438348086
9.32,96.01215,-27.52546,0.6051834601370729,0.6253432363172481,0.6028562329471676,0.6236252036814856
9.34,96.339825,-27.19778,0.6080652806934382,0.6253432363172481,0.6028561893512071,0.626372438348086
9.36,96.339825,-27.197785,0.6080652806934382,0.6253432363172481,0.6028561893512071,0.6263723964286116
9.38,96.01215,-27.525464999999997,0.6080652806934382,0.6253432363172481,0.5999991280807903,0.6236251617620113
9.4,96.339825,-27.525464999999997,0.6080652806934382,0.6253432363172481,0.6028561893512071,0.6236251617620113
9.42,96.6675,-28.18083,0.6080652367203461,0.6225884343716019,0.6057132942175844,0.6208778851759367
9.44,97.32284,-28.508515,0.6109469693305274,0.6198335903910142,0.6085703118920407,0.6208778851759367
9.46,97.65051,-28.508515,0.6138287459138005,0.6198335903910142,0.6085702682960802,0.6208778851759367
9.48,105.18723,-27.52548,0.6195923870265309,0.6225883503017184,0.6685701680253711,0.6263723545091374
9.5,128.452875,-26.54243,0.7406306093175464,0.6308528402085404,0.7514276478170085,0.6263723545091374
9.52,129.10826,-26.214750000000002,0.7521582433277431,0.6280979962279524,0.7457133072963724,0.6318668657618124
9.54,128.78057,-25.887075,0.7492763348251937,0.6308527981735985,0.7457133072963724,0.6318668238423382
9.56,129.108245,-26.542434999999998,0.7521581553815591,0.6280979962279524,0.745713263700412,0.6291195891757378
9.58,129.108245,-25.887075,0.7521581553815591,0.6308527981735985,0.745713263700412,0.6318668238423382
9.6,129.10823,-25.887075,0.752158067435375,0.6308527981735985,0.7457132201044515,0.6318668238423382
9.62,129.10823,-25.559395000000002,0.752158067435375,0.6336076001192447,0.7457132201044515,0.6318668238423382
9.64,128.78055,-26.214754999999997,0.752158067435375,0.6308527981735985,0.7428561152380742,0.6291195891757378
9.66,123.209915,-28.508515000000003,0.7492762468790097,0.6253431522473645,0.6971417834366302,0.6153834577622103
9.68,67.503625,-40.632670000000005,0.5648373567246731,0.5840211230626725,0.39428500553995666,0.5549443370164762
9.7,6.55447,-49.15231,0.250715354260421,0.5344348982157512,0.17428557664703903,0.532966585442096
9.72,-0.3269149999999966,-45.875479999999996,0.18155082541890968,0.5426994301575151,0.18285680405424998,0.5521973538667214
9.74,0.3284150000000022,-43.254035,0.18731433461236402,0.5564734819206875,0.1828566732663685,0.5604390578665226
9.76,0.6560750000000051,-40.632585,0.18731424666618007,0.5674927317382138,0.18571369094082482,0.5714280384523984
9.78,0.656065000000005,-38.6665,0.1873142026930881,0.5757571375751521,0.18571364734486429,0.5796697843716739
9.8,0.656055,-36.372730000000004,0.18731415871999607,0.5840215854470323,0.18571360374890383,0.5906587649575497
9.82,0.32836000000000126,-34.406639999999996,0.18443225021744697,0.5950408352645586,0.18571356015294332,0.5961532762102247
9.84,0.0006800000000026,-33.423595,0.18443225021744697,0.5977956792451466,0.18285645528656605,0.6016477455434255
9.86,0.0006800000000026,-32.440545,0.18443225021744697,0.6033053251713807,0.18285645528656605,0.6043950221295
9.88,-0.6546849999999986,-32.440545,0.18443225021744697,0.6033053251713807,0.177142201957851,0.6043950221295
9.9,-4.91458,-30.80213,0.16137742192797383,0.6115697730432609,0.1628564596461621,0.6098895753016494
9.92,-4.259215,-30.802125,0.16425924248433899,0.6088150131325565,0.16571360810849986,0.6126368099682498
9.94,-4.25921,-30.802124999999997,0.164259286457431,0.6115698150782026,0.16571360810849986,0.6098895753016494
9.96,-3.93152,-31.12981,0.16714115098688812,0.6088149710976147,0.16571365170446037,0.6098895753016494
9.98,-4.58688,-31.129804999999998,0.16425933043052296,0.6088150131325565,0.16285654683808307,0.6098895753016494
10.0,-4.58687,-31.457495,0.16425937440361496,0.6088149710976147,0.16285659043404357,0.6071422987155747
10.02,-4.58687,-32.112854999999996,0.16425937440361496,0.6060601691519686,0.16285659043404357,0.6043950640489745
10.04,-4.58687,-32.76822,0.16425937440361496,0.6033053251713807,0.16285659043404357,0.6016478293823739
10.06,-3.27615,-33.423585,0.17002301551634524,0.6005505232257344,0.16857080016679812,0.5989005527962994
10.08,-1.637745,-33.751279999999994,0.16714115098688812,0.5977956792451466,0.18571351655698287,0.5989004689573508
10.1,28.181485000000002,-32.76826,0.27376961089969826,0.6033051990665553,0.3399991411595784,0.6016476197850026
10.12,40.30586,-33.095955000000004,0.36310749925905345,0.6005503130510256,0.35714220631744703,0.6016475778655282
10.14,39.32281,-32.440595,0.35734381417323113,0.6033051149966717,0.3542850578551092,0.6043948125321287
10.16,39.322805,-32.768275,0.35734381417323113,0.6033051149966717,0.3542850142591487,0.6016475778655282
10.18,38.66744,-32.4406,0.35446194964377403,0.6033050729617299,0.35142790939277146,0.6043948125321287
10.2,39.32279,-32.4406,0.3573437262270472,0.6033050729617299,0.35428497066318826,0.6043948125321287
10.22,39.32279,-32.440605,0.3573437262270472,0.6033050729617299,0.35428497066318826,0.6043947706126543
10.24,39.32279,-32.440605,0.3573437262270472,0.6033050729617299,0.35428497066318826,0.6043947706126543
10.26,39.32278,-32.440615,0.35734368225395524,0.603305030926788,0.3542849270672278,0.6043947286931801
10.28,39.32278,-32.768305,0.35734368225395524,0.6033049888918462,0.3542849270672278,0.6016474521071054
10.3,39.65046,-33.095985,0.3602255028103204,0.6005501869462002,0.3542849270672278,0.6016474521071054
10.32,39.650455,-33.423665,0.35734368225395524,0.6005501869462002,0.3571419883376446,0.5989002174405051
10.34,39.97813,-33.75135,0.3602254588372284,0.5977953429656123,0.3571419883376446,0.5989002174405051
10.36,40.305814999999996,-33.751355000000004,0.3602254588372284,0.5977953429656123,0.35999913679998236,0.5989001755210308
10.38,62.58834,-32.768315,0.42362621464673345,0.6033049468569045,0.49142774808771766,0.6016474101876312
10.4,75.368115,-33.423695,0.5187280079573708,0.5977952588957286,0.5085709004375072,0.6016473263486827
10.42,74.712735,-32.440645,0.5129642788984565,0.6033049048219626,0.5085708132455862,0.6043946029347573
10.44,74.71273,-32.44064,0.5129642349253645,0.6033049048219626,0.5085708132455862,0.6043946448542314
10.46,75.04041,-32.112965,0.5158460554817297,0.6060597067676089,0.5085708132455862,0.6043946029347573
10.48,75.0404,-31.785285000000002,0.5158460115086377,0.6060597067676089,0.5085707696496259,0.6071418376013576
10.5,75.0404,-31.78528,0.5158460115086377,0.6060597067676089,0.5085707696496259,0.607141879520832
10.52,75.36808,-31.785285000000002,0.5158460115086377,0.6060597067676089,0.5114278745160031,0.6071418376013576
10.54,75.368075,-31.457605,0.5158460115086377,0.6088145087132549,0.5114278309200426,0.6071418376013576
10.56,75.0404,-31.129925,0.5129641909522725,0.6088145087132549,0.5114278745160031,0.6098890722679581
10.58,75.368075,-31.785294999999998,0.5158460115086377,0.6088144666783132,0.5114278309200426,0.604394561015283
10.6,75.36808,-32.76834,0.5158460115086377,0.6033048207520791,0.5114278745160031,0.6016473263486827
10.62,87.164695,-33.09603,0.5302552462097394,0.6005499767714911,0.5999991716767508,0.6016472844292083
10.64,108.13656499999999,-32.44067,0.6570572415327613,0.6033047787171373,0.6571424460952298,0.6043945190958087
10.66,107.808885,-31.785305,0.6570573734520373,0.6060596226977253,0.6542852104409709,0.6071417537624091
10.68,108.464225,-31.457625,0.6599391060622185,0.6088144246433714,0.6571422281154272,0.6071417537624091
10.7,109.774925,-32.112989999999996,0.6657026592287648,0.6060596226977253,0.6628563506562608,0.6043944771763344
10.72,111.08563,-33.09604,0.6714662123953111,0.6033047787171373,0.6685705167930549,0.5988999659236593
10.74,111.4133,-34.734449999999995,0.6743479889785843,0.5950403308452571,0.6685704731970945,0.5934054546709844
10.76,112.06865,-36.700545,0.6772297655618575,0.5867758409384352,0.6714275344675114,0.585163708751709
10.78,103.54887,-41.28807,0.6772297215887655,0.578511393066555,0.5971419796184525,0.5549441274191048
10.8,47.51491,-54.395255,0.46685427053477446,0.5234153541536323,0.3171423022285601,0.49999955984552
10.82,6.88214,-61.931885,0.21901493238257647,0.4793386491281197,0.20857114021528994,0.48076887525984313
10.84,7.53749,-60.293475,0.21613306785311934,0.4848482950543537,0.21714241121846134,0.48901062117911853
10.86,7.86515,-59.310435,0.21901480046330052,0.49035789894564596,0.21714232402654035,0.4917578558457189
10.88,7.865135,-57.672035,0.21901471251711654,0.4958675028369382,0.21714228043057987,0.49999955984552
10.9,8.52048,-56.688990000000004,0.22189644512729773,0.5013771067282304,0.21999934170099666,0.5027468364315947
10.92,8.520465,-56.688995,0.22189640115420575,0.5013771067282304,0.2199992545090757,0.5027467945121203
10.94,8.192779999999999,-56.689005,0.2190145366247486,0.5013770646932887,0.2199992545090757,0.5027467525926461
10.96,8.520455,-56.033645,0.22189635718111375,0.5041318666389348,0.21999921091311522,0.5054939872592464
10.98,8.84814,-57.01669,0.22189635718111375,0.5013770646932887,0.22285635937545298,0.49999947600657146
11.0,-3.93153,-58.327385,0.1959597083352755,0.4958675028369382,0.1371421670810826,0.49450517435126784
11.02,-18.021945000000002,-59.310395,0.10374030723119908,0.49035806708541313,0.10571362118728803,0.49175802352361603
11.04,-16.383555,-58.65503,0.11238572492720256,0.4931128690310593,0.11142778732408212,0.49450530010969074
11.06,-16.71123,-58.32735,0.11238572492720256,0.4958676709767054,0.10857072605366531,0.49450530010969074
11.08,-16.71123,-57.999674999999996,0.11238572492720256,0.4958676709767054,0.10857072605366531,0.49725249285681683
11.1,-16.38355,-57.671995,0.11238572492720256,0.4958676709767054,0.1114278309200426,0.4999997275234172
11.12,-16.711235000000002,-57.344315,0.11238572492720256,0.49862247292235157,0.10857068245770482,0.4999997275234172
11.14,-17.366590000000002,-57.016635,0.10662208381447226,0.5013772748679977,0.10857072605366531,0.4999997275234172
11.16,-17.03891,-56.688955,0.1095039043708374,0.5013772748679977,0.10857072605366531,0.5027469621900176
11.18,-17.366595,-56.688955,0.10950386039774541,0.5013772748679977,0.10571362118728803,0.5027469621900176
11.2,-17.69427,-56.36128,0.10662208381447226,0.504132034778702,0.10571362118728803,0.5027469621900176
11.22,-18.349625000000003,-56.033605,0.1037402632581071,0.504132034778702,0.10285655991687122,0.5054941549371437
11.24,-8.51911,-55.705935,0.11526763342975167,0.5041319927437602,0.177142201957851,0.5082413476842698
11.26,17.040309999999998,-54.39523,0.2478332698655039,0.5123963565457568,0.2685709963486203,0.5109884985119215
11.28,18.351065,-53.73988,0.2651245889615227,0.5123962724758732,0.26285669942394474,0.5164829678451224
11.3,18.023375,-53.084509999999995,0.2622427244320656,0.5179059604370491,0.2628566558279843,0.5164829678451224
11.32,18.023365,-53.412195,0.26512450101533874,0.5151511164564612,0.25999950736564653,0.5164829678451224
11.34,18.351045,-53.084514999999996,0.26512450101533874,0.5179059184021073,0.26285661223202383,0.5164829678451224
11.36,18.35104,-52.756845,0.26512445704224674,0.5179058763671655,0.26285661223202383,0.5192301605922484
11.38,18.35104,-52.756845,0.26512445704224674,0.5179058763671655,0.26285661223202383,0.5192301605922484
11.4,19.0064,-53.412215,0.2680062775986119,0.5151510323865776,0.2657137170984011,0.5164828840061737
11.42,19.989425,-54.395264999999995,0.27088805418188505,0.5123961884059895,0.2714278396392347,0.5109883727534987
11.44,20.64478,-54.722944999999996,0.2737698307651582,0.5096413864603434,0.274284944505612,0.5109883727534987
11.46,20.972455,-55.378315,0.27665165132152336,0.5068865424797555,0.2742849009096515,0.5082410961674241
11.48,20.97245,-55.37832,0.27665160734843136,0.5068865004448138,0.2742849009096515,0.5082410961674241
11.5,20.97245,-55.706,0.27665160734843136,0.5068865004448138,0.2742849009096515,0.5054938615008236
11.52,20.97245,-55.378325000000004,0.27665160734843136,0.5068865004448138,0.2742849009096515,0.5082410542479499
11.54,20.97245,-56.361365,0.27665160734843136,0.5041316984991676,0.2742849009096515,0.502746584914749
11.56,30.475265,-56.033699999999996,0.2910607980764411,0.5013768545185797,0.34285615883403475,0.5082409704090012
11.58,44.23804,-56.3614,0.3775166460139712,0.5041315723943423,0.3771420711699695,0.5027464172368519
11.6,44.565715,-55.70604,0.3803985105434283,0.5041315303594004,0.37714198397804855,0.508240928489527
11.62,44.56571,-56.03372,0.3803984665703364,0.5041315303594004,0.37714198397804855,0.5054936938229265
11.64,44.565705,-56.03372,0.3803984665703364,0.5041315303594004,0.37714194038208804,0.5054936938229265
11.66,44.5657,-56.689085,0.3803984225972444,0.5013767284137542,0.37714194038208804,0.5027464172368519
11.68,44.5657,-56.689085,0.3803984225972444,0.5013767284137542,0.37714194038208804,0.5027464172368519
11.7,44.56569,-57.344454999999996,0.3803983786241524,0.49862188443316635,0.3771418967861276,0.4999991406507772
11.72,44.56569,-57.672135,0.3803983786241524,0.49862188443316635,0.3771418967861276,0.49725190598417685
11.74,44.565685,-57.344454999999996,0.3803983346510604,0.49862188443316635,0.3771418967861276,0.4999991406507772
11.76,44.56569,-57.672135,0.3803983786241524,0.49862188443316635,0.3771418967861276,0.49725190598417685
11.78,44.56569,-57.999815,0.3803983786241524,0.49586708248752026,0.3771418967861276,0.49725190598417685
11.8,44.56569,-58.327495,0.3803983786241524,0.49586708248752026,0.3771418967861276,0.49450467131757647
11.82,44.56569,-57.999815,0.3803983786241524,0.49586708248752026,0.3771418967861276,0.49725190598417685
11.84,44.56569,-57.999815,0.3803983786241524,0.49586708248752026,0.3771418967861276,0.49725190598417685
11.86,44.56569,-57.999815,0.3803983786241524,0.49586708248752026,0.3771418967861276,0.49725190598417685
11.88,44.56569,-58.327495,0.3803983786241524,0.49586708248752026,0.3771418967861276,0.49450467131757647
11.9,52.43011,-57.01678,0.3890439282394318,0.49862184239822455,0.43714188370733936,0.5027463753173775
11.92,66.19288499999999,-56.689099999999996,0.47261795562059666,0.5013766443438707,0.47428490090965153,0.5027463753173775
11.94,66.192885,-56.03374,0.4754998641231458,0.5041314462895168,0.4714277088513532,0.505493609983978
11.96,66.52056,-55.378375,0.4754998201500538,0.5068862902701048,0.4742848137177305,0.5082408446505783
11.98,66.52056,-55.706055,0.478381640706419,0.5068862902701048,0.4714277088513532,0.505493609983978
12.0,66.192875,-55.706055,0.4754998201500538,0.5068862902701048,0.4714276652553927,0.505493609983978
12.02,65.865195,-57.67215,0.4754998201500538,0.5013766443438707,0.4685705603890154,0.4945045874786279
12.04,64.882155,-63.242760000000004,0.47261799959368866,0.48209286258458056,0.4628563506562608,0.46703198929577844
12.06,64.55443,-74.71166,0.46397249395150125,0.4380156951747081,0.46857021162133156,0.4148340275966798
12.08,73.40182999999999,-88.47433000000001,0.495672168286782,0.38567391175318827,0.5142845870187359,0.3516472529896026
12.1,84.5433,-104.53065,0.5475465653057582,0.31680365293732604,0.5599997035474688,0.285713830588565
12.12,81.26678,-113.377735,0.5475477965523338,0.2699729446300614,0.5314298755705893,0.25824286726521245
12.14,77.33479,-119.27563,0.5273759760927094,0.242426396396563,0.5171449179861892,0.2362664151945351
12.16,73.402645,-123.86295,0.5072034080905213,0.22314391772046863,0.5028593500583424,0.21703631748149813
12.18,73.73027,-126.15673,0.5100849648083345,0.21212466790294232,0.5028591320785398,0.20879448772327414
12.2,71.436465,-128.778205,0.5014394151930551,0.20110546012035777,0.4914304074413073,0.19780525562055265
12.22,69.79795,-130.744545,0.495675334349405,0.1845758497825869,0.48285852609468916,0.19780387227790133
12.24,65.210385,-127.14044,0.4668567770010176,0.20110293802384996,0.47143006303321944,0.21153862034877755
12.26,66.19323,-116.32718,0.4783833996300984,0.2396692404941762,0.46857191186379055,0.2637354921415448
12.28,63.243935,-108.462925,0.4639735053326169,0.27823608941874584,0.4571427512669531,0.29120767112965146
12.3,60.294650000000004,-103.54772,0.4524454315915006,0.30302930692956104,0.44285657299565934,0.30769112104872803
12.32,58.00078,-100.59859,0.44091762168893617,0.3140485567470873,0.43428482243692257,0.3214273363012042
12.34,56.690005,-98.30483,0.43515371673765396,0.32506776452967184,0.42857039472436564,0.32966904030100536
12.36,56.0346,-96.33874,0.43227167631582886,0.33333221240155203,0.42571311547414636,0.3379107862202807
12.38,55.70689,-95.028015,0.42938972384018775,0.3388418583277861,0.42571298468626495,0.3434052555534815
12.4,55.379185,-94.044965,0.42650777136454665,0.3443515042540201,0.42571289749434393,0.3461525321395561
12.42,55.05149,-93.3896,0.4265076834183627,0.34710630619966626,0.4228557490320062,0.3488998087256308
12.44,55.05148,-92.73423,0.4265076394452707,0.3498611501802542,0.42285570543604567,0.35164708531170547
12.46,60.949765,-89.78510499999999,0.43515310111436617,0.3553707540715465,0.4657126707953494,0.3708777698973824
12.48,67.50344,-86.835955,0.48126280166640434,0.3746545358308366,0.47714117745277956,0.3763723230695317
12.5,68.15877499999999,-85.19754,0.4841444903034935,0.3801641817570706,0.47999819512723585,0.3846141109082814
12.52,67.83109,-84.214495,0.4812626257740364,0.3856738276833047,0.47999819512723585,0.3873613455748818
12.54,68.15877,-83.88680500000001,0.48414444633040155,0.3856738276833047,0.47999819512723585,0.3901086640804307
12.56,68.15877,-83.559125,0.48414444633040155,0.38842867166389267,0.47999819512723585,0.3901086221609565
12.58,68.814125,-82.576085,0.48702626688676676,0.39118343157459695,0.4828552563976527,0.39560313341363146
12.6,68.48644,-82.248405,0.48702622291367476,0.39393827555518485,0.4799981515312754,0.3956030914941572
12.62,68.48644,-81.593035,0.48702622291367476,0.3966931195357728,0.4799981515312754,0.3983503680802319
12.64,68.15876,-81.26536,0.4841444023573096,0.396693077500831,0.4799981515312754,0.40109760274683226
12.66,67.83108,-81.593045,0.4841444023573096,0.39944787944647714,0.4771410466648981,0.3956030914941572
12.68,66.84804,-82.903775,0.47838076124457923,0.39118343157459695,0.4742839417985208,0.3928558149080826
12.7,67.175705,-82.576095,0.47838071727148723,0.3939382335202431,0.4771409594729772,0.3928558149080826
12.72,67.503365,-82.903775,0.4812624498816685,0.39118343157459695,0.4771408722810562,0.3928558149080826
12.74,68.158715,-82.24842,0.48414422646494165,0.3939381914853013,0.479997933551473,0.39560304957468295
12.76,68.48639,-81.59305499999999,0.48414418249184965,0.3966930354658892,0.4828550384178503,0.3983502842412833
12.78,68.814075,-81.26538,0.4870260030482148,0.39669299343094744,0.4828550820138108,0.40109751890788364
12.8,68.81407,-80.61001,0.4870260030482148,0.4022026393571815,0.4828550384178503,0.401097560827358
12.82,69.46943,-79.95464,0.48990782360457996,0.4022026813921233,0.48571214328422757,0.406592072080033
12.84,70.12479,-79.626965,0.4927896441609451,0.40495748333776943,0.4885692481506049,0.4065920301605587
12.86,70.12479,-79.95464,0.4927896441609451,0.40495748333776943,0.4885692481506049,0.40384483741343263
12.88,70.780135,-80.61,0.49567142074421827,0.4022026813921233,0.4914262658250612,0.40109760274683226
12.9,70.780135,-80.93768,0.49567142074421827,0.39944787944647714,0.4914262658250612,0.40109760274683226
12.92,70.780125,-80.28231,0.49567137677112627,0.4022027234270651,0.4914262222291007,0.4038448793329069
12.94,70.780125,-80.282295,0.49567133279803427,0.40220280749694864,0.4914262658250612,0.4038449212523812
12.96,70.78013,-79.95461,0.49567137677112627,0.4049576094425948,0.4914262658250612,0.4038449631718555
12.98,71.4355,-79.954605,0.4985532413005834,0.40220284953189045,0.49428341428739897,0.40659219783845585
13.0,71.43551,-79.62692,0.4985532852736754,0.4049576514775366,0.49428345788335937,0.40659223975793013
13.02,71.10784,-78.971545,0.4956715086904022,0.4077125374930663,0.4942835014793199,0.4093395163440048
13.04,71.435525,-78.64386,0.4985533292467674,0.41046733943871244,0.4942835450752804,0.40933955826347906
13.06,71.43553,-78.643855,0.4985533732198594,0.41046738147365425,0.4942835450752804,0.40933955826347906
13.08,71.43554,-78.316165,0.4985534171929514,0.41046742350859605,0.4942835886712409,0.4120868348495537
13.1,71.76323,-78.31616,0.5014352817224085,0.41046742350859605,0.49428363226720134,0.41208687676902805
13.12,71.435545,-77.00543,0.4985534171929514,0.4159770694348301,0.49428363226720134,0.417581388021703
13.14,72.09091,-76.35006,0.5014352817224085,0.41873191341541804,0.49714073713357865,0.42032866460777774
13.16,72.090915,-76.022375,0.5014352817224085,0.421486757396006,0.49714078072953916,0.42032866460777774
13.18,72.4186,-75.694695,0.5014353256955004,0.421486757396006,0.49999788559591646,0.4230758992743781
13.2,73.07396,-75.03933,0.5043171462518656,0.42424155934165214,0.5028549904622938,0.42582317586045276
13.22,73.40164,-74.383965,0.5071989668082307,0.42699640332224,0.5028549904622938,0.42857041052705314
13.24,73.401645,-74.38396,0.5071990107813228,0.42699640332224,0.5028549904622938,0.4285704524465274
13.26,73.073965,-73.40092,0.5071989668082307,0.4297512052678861,0.49999792919187697,0.43406492177972816
13.28,73.40164,-73.073235,0.5071989668082307,0.4325060492484741,0.5028549904622938,0.43406492177972816
13.3,73.40164,-73.07324,0.5071989668082307,0.4325060072135323,0.5028549904622938,0.43406492177972816
13.32,74.05701,-73.07324,0.5100808313376879,0.4325060072135323,0.5057121389246315,0.43406492177972816
13.34,74.057015,-72.745555,0.5100808313376879,0.4325060492484741,0.5057121825205919,0.4368121564463286
13.36,74.384695,-71.762505,0.5100808753107798,0.4380156951747081,0.5085692437910089,0.4395594330324032
13.38,72.74623,-70.451765,0.5158444284773263,0.435260893229062,0.4885690301708024,0.45329577404330224
13.4,40.305465,-56.033665,0.4149791699463265,0.4958671665574038,0.3057119645407896,0.5137358170174705
13.42,12.78002,-53.08446,0.24494973435855133,0.5123964826505822,0.23428351455810809,0.521977730614643
13.44,12.45232,-46.85849,0.23918600529963707,0.5371899103361064,0.2371405322325644,0.5494502868780182
13.46,12.45229,-42.270939999999996,0.23918587338036112,0.5592284940410425,0.23714040144468293,0.565933778716569
13.48,12.452259999999999,-38.994114999999994,0.23918574146108515,0.5730025878391568,0.23714027065680146,0.5796700778079938
13.5,13.107605,-36.04497,0.24206747407126633,0.5867767236722128,0.23999733192721828,0.5906591003133439
13.52,13.43527,-33.751189999999994,0.24206738612508238,0.5950412135790348,0.24285439319763508,0.6016481228186941
13.54,13.762935,-31.45741,0.24494916270835554,0.6060605054315029,0.24285430600571414,0.6098899106574437
13.56,13.76293,-29.49132,0.24494911873526354,0.6143249533033831,0.24285430600571414,0.6181316565767191
13.58,14.41828,-27.525219999999997,0.2478308953185367,0.6225894432102052,0.24571136727613094,0.6263734444154688
13.6,14.418275,-25.886815,0.2478308953185367,0.6308538910820852,0.24571132368017043,0.6318679137486696
13.62,14.41827,-25.88681,0.24783085134544472,0.6336086930277314,0.24571132368017043,0.6291207210015434
13.64,16.71207,-15.40099,0.25647635698763216,0.6473827027559621,0.257140048317403,0.703296560033445
13.66,14.418385,4.260015,0.2507131556058217,0.75206622756406,0.24285474196531898,0.7637363934102419
13.68,12.779979999999998,8.847584999999999,0.24206769393672625,0.7741048953388798,0.23714048863660392,0.7802199690877414
13.7,12.452304999999999,10.158315,0.23918587338036112,0.7823693852457018,0.2371405322325644,0.7829672037543416
13.72,13.10767,10.485985,0.24206773790981825,0.7823693432107599,0.23999763709894167,0.7857143965014677
13.74,12.780000000000001,10.81367,0.2391859613265451,0.7851241871913479,0.23999768069490218,0.7857143965014677
13.76,12.780005,10.485985,0.24206778188291025,0.785124145156406,0.23714061942448533,0.7829671618348675
13.78,13.107695,10.48598,0.2420678258560022,0.7851241031214644,0.23999776788682314,0.7829671618348675
13.8,12.780024999999998,10.158294999999999,0.2420678698290942,0.7823693011758183,0.23714070661640635,0.7829671199153931
13.82,12.780035000000002,10.158294999999999,0.24206791380218617,0.7823693011758183,0.2371407502123668,0.7829671199153931
13.84,12.780045000000001,10.158290000000001,0.24206795777527818,0.7823693011758183,0.2371407938083273,0.7829670779959188
13.86,12.452375,10.158285,0.23918618119200502,0.7823692591408764,0.2371408374042878,0.7829670779959188
13.88,12.45239,9.830605,0.239186269138189,0.7823692591408764,0.23714088100024827,0.7802198433293185
13.9,36.37328,8.847555,0.2737685555454906,0.7796144151602885,0.4114260216876825,0.7747253320766434
13.92,79.9553,6.881460000000001,0.5187261171144154,0.7685951653427622,0.5485693222637377,0.7692307789044941
13.94,81.593795,9.83059,0.5446633376104495,0.7768595711797005,0.5371409027982285,0.7857142707430449
13.96,79.62771000000001,11.796685,0.536017831968262,0.7878788630321687,0.5285695881990967,0.79120878199572
13.98,78.97236,12.124369999999999,0.5331360553849889,0.7906336649778148,0.5257125269286798,0.7912088239151943
14.0,78.31701,12.45205,0.5302542788017157,0.7906336649778148,0.522855465658263,0.7939560585817945
14.02,77.333975,12.77973,0.5244906376889854,0.7933884669234609,0.5199984043878462,0.7939560585817945
14.04,76.678625,12.452045,0.5216088611057123,0.7933884669234609,0.5171413431174293,0.79120878199572
14.06,76.02327,12.124355000000001,0.5187270845224391,0.7906336229428731,0.5142842382510521,0.7912087400762458
14.08,76.02327,11.796655,0.5187270845224391,0.7906335388729895,0.5142842382510521,0.7884614215706968
14.1,75.69559,11.141285,0.5187270845224391,0.7878786948924015,0.5114271333846748,0.7857141449846221
14.12,75.04024,11.468955000000001,0.5158453079391659,0.7878786528574597,0.508570072114258,0.7884613377317481
14.14,74.71257,11.468955000000001,0.5129635313558928,0.7878786528574597,0.5085701157102185,0.7884613377317481
14.16,74.712575,11.141265,0.5129635313558928,0.7878786108225179,0.508570159306179,0.7857140611456734
14.18,74.05721,11.141265,0.5100817107995276,0.7878786108225179,0.5057130108438411,0.7857140611456734
14.2,73.40186,10.15822,0.5071999342162544,0.7823689648962838,0.5028559495734244,0.7829668264790731
14.22,73.07418,11.46894,0.5071999342162544,0.787878568787576,0.4999988447070471,0.7884612958122739
14.24,62.260625000000005,11.796625,0.4870270144293305,0.7878786108225179,0.42571328985798834,0.7912085304788742
14.26,51.119389999999996,12.779685,0.40921697994563166,0.7933882567487519,0.40571342500546587,0.7939558909038975
14.28,51.119395,13.762745,0.4120988884481808,0.7961431847992235,0.40285627654312806,0.7994504021565726
14.3,49.480985000000004,15.07347,0.40345338280599335,0.8016527886905158,0.39714202321441294,0.8049449134092476
14.32,47.842575,15.401155,0.3976896977201711,0.8044076326711036,0.38857066501932064,0.8049449134092476
14.34,46.531845000000004,14.418105,0.3890441920779837,0.8044076326711036,0.3857135165569829,0.7967031255704979
14.36,46.20415,5.570665,0.38616232754852653,0.7796142049855794,0.3857134293650619,0.747252440457474
14.38,48.825554999999994,-18.02251,0.3919257927688889,0.6969693479523014,0.4028559277754442,0.6318675783928752
14.4,59.638909999999996,-44.237175,0.43227097274635706,0.5812665312917354,0.4571404842770079,0.5274715711557295
14.42,82.576905,-65.536465,0.5014355455609604,0.48760259258069827,0.5885698802920318,0.44230721265216927
14.44,105.18757500000001,-80.937065,0.6253573473320206,0.4049595010149757,0.6628576585350754,0.3956062773742027
14.46,116.65674999999999,-82.247265,0.6916411549444664,0.3939426471891318,0.697144268406378,0.3956082895089683
14.48,116.00161,-83.88525,0.7060514889728677,0.3939445807964545,0.6771452318771047,0.38187366719651483
14.5,109.44799,-88.144975,0.6743514188797591,0.37466159770105856,0.6514311572918275,0.36539059455270684
14.52,100.600465,-95.02630500000001,0.6368873558891844,0.3498685062950688,0.6114306428594939,0.3324232336003366
14.54,90.114345,-108.13397,0.5907765560098465,0.3002805159805919,0.5657154827348008,0.2719817234445685
14.56,76.679305,-114.36053000000001,0.5389028185872501,0.2589557965596249,0.5000016348485181,0.2609901019318128
14.58,72.41933,-108.79037,0.5014388875159513,0.26721814268441524,0.500000719333348,0.2994500877605154
14.6,70.45295999999999,-96.33867000000001,0.4985557477668266,0.32506814284414803,0.485713974314568,0.34615274173692756
14.62,66.84825000000001,-89.129695,0.481263725101336,0.3608805681375477,0.47142753446751134,0.3708779794947538
14.64,64.55436,-83.55910499999999,0.46973573930640367,0.3829191098075422,0.4628557839087746,0.3956032172525801
14.66,63.571245000000005,-78.97154499999999,0.4639717464089375,0.4049576935124784,0.4599983738706739,0.41208679293007944
14.68,63.24351,-75.039365,0.46397148257038556,0.4214865892562388,0.4571410510244941,0.4285702847686303
14.7,62.915805,-72.417895,0.4610895300947445,0.43250592314364866,0.4571409638325732,0.4395593491934547
14.72,62.26044,-70.12412,0.45820766556528736,0.44352521499611675,0.45428385896619594,0.44780109511273003
14.74,62.26044,-68.158015,0.45820766556528736,0.4517897049029388,0.45428385896619594,0.45604292487095405
14.76,62.260414999999995,-67.17496,0.45820762159219536,0.45729939286411464,0.45428368458235396,0.4587902014570287
14.78,62.58806,-66.191925,0.4582074456998274,0.4600541948097608,0.4571406586608498,0.4642846288707552
14.8,62.915684999999996,-64.55351999999999,0.4610890463907326,0.4655637987010531,0.45714039708508686,0.47252637479003057
14.82,62.587959999999995,-62.587445,0.4610888265252727,0.47658300648363755,0.45428311783486763,0.4780208022037571
14.84,61.932559999999995,-61.60441,0.4582068300765396,0.4793377663943419,0.4514258385846484,0.48351527153695784
14.86,61.604855,-60.621365,0.4553248776008985,0.48484741232057593,0.4514257513927274,0.4862625062035582
14.88,61.60483,-59.638329999999996,0.45532478965471457,0.4876021722312803,0.451425620604846,0.491756975536759
14.9,61.60481,-57.016885,0.45532465773543856,0.4986214220488066,0.4514255770088855,0.5027459142031605
14.92,61.277114999999995,-54.723119999999994,0.45532461376234656,0.506885827885745,0.4485683849505872,0.5137348947890362
14.94,60.62175,-52.101685,0.4524427492328894,0.5179050356683295,0.44571128008420996,0.5247237915359635
14.96,59.966390000000004,-49.807925,0.44956092867652425,0.528924243450914,0.44285417521783266,0.5329654955357647
14.98,58.983355,-48.824895,0.443797287563794,0.5344338053072645,0.43999711394741586,0.5357126882828908
15.0,58.32801,-51.44636,0.4409155549536128,0.5289241173460886,0.437140052676999,0.5192291545248656
15.02,58.00034,-55.706239999999994,0.43803377837033963,0.5123951795673864,0.4371400962729595,0.4999983022612916
15.04,57.672664999999995,-61.93222,0.43803377837033963,0.4876017098469205,0.4342830350025427,0.4725257040784421
15.06,57.01731,-75.039535,0.4351520017870665,0.4435245004021062,0.4314259301361654,0.4065914852073931
15.08,60.621825,-90.768315,0.43803395426270764,0.3718990192911799,0.4599971531837803,0.34615177758901905
15.1,82.904415,-104.53091,0.5100802596874922,0.31955744604436903,0.582854929427949,0.28296542217668463
15.12,112.72413,-105.18596,0.6512932046622032,0.28925550737603933,0.7028569086845551,0.30769225287453367
15.14,131.07471500000003,-95.35504,0.7492776979910454,0.3278248363621751,0.7657150467751959,0.35165027119175096
15.16,143.19912499999998,-85.85206500000001,0.8011516992521936,0.37190326482030145,0.8200009983474951,0.3873648668107215
15.18,150.08049499999998,-83.55839,0.8386160260813205,0.3911868364048826,0.8428579680663948,0.38736419609913303
15.2,158.27246,-80.93736,0.8760794294755154,0.39118523907709424,0.8771431828669618,0.4093402289750676
15.22,160.565995,-64.225905,0.8876061840238723,0.443525172961175,0.8857130587993978,0.49725115143363974
15.24,162.53178,-48.824920000000006,0.8962501066347482,0.5234144293849128,0.8942833270954779,0.546701585029818
15.26,165.808465,-38.666754999999995,0.910658637766378,0.5674915967947852,0.9085684154677595,0.5879104823040922
15.28,167.11914000000002,-27.197875000000003,0.9164219710674645,0.6143235661503038,0.914282538008593,0.6373610416586932
15.3,168.10217999999998,-17.039715,0.9250674327365599,0.6584007335601763,0.914282538008593,0.6785698970134931
15.32,166.46380499999998,-7.20924,0.9193038795700136,0.6997230569894608,0.9057113541973427,0.7197787523682931
15.34,163.84238499999998,0.9828349999999999,0.9048948647343719,0.7355358185623949,0.8971401267901318,0.7527458618038176
15.36,161.54863,10.157945,0.8962494470383684,0.7741033400460333,0.8857117073246226,0.7912074405725429
15.38,159.254885,17.69465,0.8876040293423649,0.8071612576383794,0.8742833750510344,0.8214272734219928
15.4,156.961135,23.92062,0.8760767910899965,0.8347094872695497,0.8657121040478631,0.8461525950187676
15.42,167.11944,35.061865,0.8933681541591071,0.8705222068075421,0.9371412515659123,0.9038452775679126
15.44,185.14242000000002,52.429175,0.9884708709046761,0.9449030363183579,1.0,0.9752744688058538
15.46,184.159555,61.932010000000005,0.9999993843767122,0.9999997477903493,0.9800005711070823,0.9999998742415772
15.48,180.555105,61.932050000000004,0.9798267724014321,0.9999999579650584,0.9685722824294546,1.0
15.5,179.24441000000002,61.932055,0.9740632192348858,1.0,0.9628582034845815,1.0
15.52,178.916745,61.932045,0.9711814866247048,0.9999999579650584,0.962858247080542,0.9999999580805257
15.54,178.916775,61.932035,0.9711816185439807,0.9999999159301164,0.9628583778684233,0.9999999161610515
15.56,179.24446999999998,61.932035,0.9711817064901647,0.9999999159301164,0.9657155263307612,0.9999999161610515
15.58,179.57216499999998,61.93203,0.9740635710196218,0.9999998738951746,0.9657156135226822,0.9999999161610515
15.6,180.882905,61.932035,0.9798273000785361,0.9999999159301164,0.9714299104473577,0.9999999161610515
15.62,181.53827,61.93203,0.9798273440516281,0.9999999159301164,0.9771441201801123,0.9999998742415772
15.64,183.17667,61.932019999999994,0.9884728057207234,0.9999998738951746,0.9828583299128668,0.999999832322103
15.66,184.15970499999997,61.931995,0.9913546262770887,0.999999789825291,0.9885724960496609,0.9999997065636801
15.68,180.55506,53.73983,1.0,0.9999994955806986,0.9485716764456039,0.9313177499923392
15.7,137.628175,-39.97744,0.8559053663881999,0.7024780270748742,0.717142738188165,0.4423062065847865
15.72,77.662825,-136.643645,0.564840742652756,0.23691330360510154,0.4828616650038441,0.09615275221679612
15.74,74.71389500000001,-166.462625,0.5014421415247583,0.0358120890138653,0.5200042462465512,0.046702360540092226
15.76,81.26739,-162.53051499999998,0.5360235924433121,0.05234073254797488,0.5428605620260437,0.06318551702284876
15.78,85.527145,-159.25374,0.5561958966069483,0.06886941811702628,0.5600028860525842,0.0741743718503017
15.8,88.80387999999999,-157.28768,0.5706047355502222,0.07713373988408107,0.5742881052127472,0.08241599201115428
15.82,91.75294,-155.649295,0.585013530520404,0.08539806165113585,0.5857163066984539,0.08791041942488075
15.84,93.39131,-155.32163,0.5936588602702235,0.08539801961619405,0.5914303856433271,0.09065757025253254
15.86,95.357355,-154.338595,0.602304146046951,0.0909075814725445,0.6000015694545775,0.09340480491913293
15.88,96.668055,-154.66628500000002,0.6080676992134973,0.08815273749195655,0.6057156919954111,0.09340476299965864
15.9,97.323395,-154.66629,0.6109494318236787,0.09090749740266088,0.6085727096698674,0.09065752833305825
15.92,98.30643,-154.338615,0.6167130289633168,0.09090749740266088,0.6114298145362447,0.09340472108018434
15.94,99.28946,-154.01094,0.61959480554659,0.09641710129395316,0.6171439806730388,0.09065744449410966
15.96,100.272485,-154.993985,0.6253584026862284,0.08815265342207294,0.6200009983474951,0.09065744449410966
15.98,83.88821,-144.8358,0.5850122113276445,0.11294612314253892,0.5171435229154537,0.1510972359514322
16.0,67.83160000000001,-135.988345,0.48126495634791167,0.16804275054464665,0.4800003313292997,0.17032808821500628
16.02,69.46993,-135.66067500000003,0.4899100662322712,0.170797510455351,0.4857142794862913,0.17032804629553197
16.04,70.12528,-136.31605,0.4927917988424524,0.16804266647476315,0.4885713843526686,0.16758072778998312
16.06,70.78064,-136.97141499999998,0.49567361939881754,0.1652878224941752,0.4914284892190459,0.16483349312338275
16.08,70.780635,-137.2991,0.49567361939881754,0.16253297851358728,0.4914284456230854,0.16483349312338275
16.1,71.10832,-137.62678,0.49567361939881754,0.16253297851358728,0.4942855940854232,0.16208625845678235
16.12,71.436,-137.62678499999998,0.4985554399551827,0.16253297851358728,0.4942855940854232,0.16208621653730806
16.14,71.76368,-137.62678,0.5014372605115478,0.16253297851358728,0.4942855940854232,0.16208625845678235
16.16,71.76368500000001,-137.62678499999998,0.4985554399551827,0.16253297851358728,0.49714274254776103,0.16208621653730806
16.18,71.76368,-137.299105,0.4985554399551827,0.16253297851358728,0.4971426989518005,0.16483345120390844
16.2,72.09136,-137.62678499999998,0.5014372605115478,0.16253297851358728,0.4971426989518005,0.16208621653730806
16.22,72.41904,-137.299105,0.5014372605115478,0.16253297851358728,0.4999998038181778,0.16483345120390844
16.24,72.09136,-137.2991,0.5014372605115478,0.16253297851358728,0.4971426989518005,0.16483349312338275
16.26,72.746715,-136.64373999999998,0.504319081067913,0.1652877804592334,0.4999997602222173,0.16758072778998312
16.28,73.074395,-135.988375,0.5072009016242781,0.16804262443982135,0.4999997602222173,0.17032796245658352
16.3,73.074395,-135.005325,0.504319037094821,0.1735522703660553,0.5028569086845551,0.1730752390426582
16.32,73.074405,-135.33301,0.5072009455973702,0.16804262443982135,0.4999998038181778,0.17582247370925846
16.34,63.571465,-110.10145,0.4783821683835228,0.2314035315740421,0.4457134598822342,0.32417436137043315
16.36,54.396085,-61.932115,0.43227141247727696,0.42699602500776385,0.4114268500109317,0.5329657889720846
16.38,46.203955,-23.920904999999998,0.3919250891994171,0.6198337585307813,0.37999839130905805,0.6593397573809819
16.4,44.23783,-11.141275,0.38039763108158864,0.6831947917698274,0.37428396359650107,0.7032958474023822
16.42,43.254774999999995,-4.259945,0.3746339020226743,0.7162526673272318,0.3714268151341633,0.7280211270796827
16.44,43.25477,0.6552950000000001,0.3746338580495823,0.738291251032168,0.3714268151341633,0.7472519374237825
16.46,42.271725,5.2428550000000005,0.3717519935201252,0.7575750327914581,0.3657126054014087,0.7664827477678824
16.48,41.28868,10.158100000000001,0.36887017296376007,0.7768588145507482,0.3599983520726936,0.7884608346980568
16.5,39.97796,13.43495,0.36022471129466466,0.793387836399334,0.35714124720631635,0.7994499829618298
16.52,38.66723,17.367169999999998,0.3573428467652075,0.8071620983372154,0.34856988901122404,0.8186808771448781
16.54,37.68417,20.644015,0.3515791177062932,0.8236911201858012,0.3457126969529257,0.8296699834891766
16.56,37.35648,22.937800000000003,0.34869725317683603,0.8347104540732111,0.3457126533569652,0.8379117713279265
16.58,36.373435,24.903889999999997,0.34581543262047093,0.8429749019450913,0.33999840002825016,0.8461535172472018
16.6,35.390405,26.542295,0.3400517915077406,0.8512393498169715,0.3371413823537938,0.8516479865804025
16.62,34.40736,28.18069,0.33716997095137546,0.8567489116733219,0.3314271290250788,0.8598896905802037
16.64,33.42433,28.836045,0.33140637381173715,0.8622585155646142,0.3285700677546619,0.8598896486607294
16.66,34.079695,28.836035000000003,0.3342881943681023,0.8622584735296724,0.3314272162169997,0.8598896067412551
16.68,34.07971,28.508345,0.33428828231428626,0.8622584314947306,0.33142725981296023,0.8571423301551804
16.7,34.73508,28.508335000000002,0.3371701468437434,0.8595035875141427,0.33428440827529804,0.8598895229023067
16.72,34.73508,28.50833,0.3371701468437434,0.8595035875141427,0.33428440827529804,0.8598894809828322
16.74,35.39044,28.180645,0.34005196740010857,0.8595035454792009,0.33714151314167534,0.8571422463162319
16.76,35.39044,27.525275,0.34005196740010857,0.856748701498613,0.33714151314167534,0.8543949697301573
16.78,35.39044,26.542225000000002,0.34005196740010857,0.853993857518025,0.33714151314167534,0.8489004584774822
16.8,35.39043,25.559175000000003,0.34005192342701657,0.848484211591791,0.33714146954571483,0.8461531818914075
16.82,35.390425,24.903805,0.34005192342701657,0.845729367611203,0.3371414259497543,0.8434059053053329
16.84,35.39042,23.920749999999998,0.34005187945392457,0.8429745236306151,0.3371414259497543,0.8379113521331836
16.86,36.37345,21.95465,0.3429336560371977,0.8347100337237932,0.3428555920865484,0.8296695642944338
16.88,37.02881,19.660865,0.3458154765935629,0.8264455438169711,0.3457126969529257,0.8186804998696096
16.9,39.32257,13.107205,0.35446093826265834,0.8044069180770931,0.35714111641843493,0.785713390434085
16.92,19.989245,6.2258700000000005,0.3141150107426264,0.7658393545585129,0.22857004595668176,0.7664826220094595
16.94,-6.2255199999999995,15.073329999999999,0.18154946225305812,0.7906328663139207,0.1314270854291183,0.8159333909614319
16.96,-15.07298,23.265405,0.11814870644355306,0.8319552738130889,0.1171413867133899,0.8434059891442814
16.98,-14.745305,26.86992,0.11814870644355306,0.8512390976073207,0.1199984479838067,0.8543950116496316
17.0,-15.07299,29.163695,0.11814866247046107,0.8595035454792009,0.11714134311742942,0.8653840341549816
17.02,-15.400670000000002,31.45747,0.11814866247046107,0.870522837331669,0.11428423825105213,0.8736257800742571
17.04,-15.728355,33.095885,0.11526684191409593,0.8787873272384911,0.11428419465509164,0.8791202913269321
17.06,-16.056035,34.734300000000005,0.11238502135773078,0.884296973164725,0.11428419465509164,0.8873620791656818
17.08,-16.056035,35.061975000000004,0.11238502135773078,0.8870517751103711,0.11428419465509164,0.8873620372462074
17.1,-16.056035,35.71734,0.11238502135773078,0.8898065770560173,0.11428419465509164,0.8901093138322821
17.12,-15.400670000000002,34.40661,0.11526684191409593,0.8898065770560173,0.11714134311742942,0.8791202913269321
17.14,-12.12387,22.282339999999998,0.12391230358319137,0.8567486594636712,0.13714107718207047,0.8104387958698084
17.16,5.5708400000000005,-8.51988,0.17866685018103723,0.7520650926206315,0.23713970390931516,0.6565922292780616
17.18,37.028475,-52.4293,0.2997039731447533,0.5592275692723231,0.39142580806747607,0.48076807878983174
17.2,56.690005,-91.423135,0.4293891521899919,0.3911843143083747,0.43428551997229037,0.3214295161138669
17.22,51.119960000000006,-119.275565,0.42362828138205677,0.25620065833444444,0.39143069081505044,0.22253053529785316
17.24,44.56658,-133.69335999999998,0.38040211633697113,0.19835086834942067,0.3771459512104527,0.15934413796604444
17.26,49.154335,-154.992885,0.39193023405117944,0.10744135326955336,0.4057182205611192,0.07143095185586108
17.28,57.674400000000006,-166.78977,0.4265137956781487,0.046833944997782984,0.4457193453368998,0.03296803166395874
17.3,64.55578,-175.309775,0.4610965657894622,0.008265204500832462,0.4714332455383349,0.0
17.32,73.07531,-174.98225,0.4956777528694642,0.0,0.5114320597282097,0.010988435632710106
17.34,80.284155,-170.067125,0.5302590718687421,0.022038037250692803,0.5400026288364173,0.030218826782067026
17.36,85.19924499999999,-166.134995,0.5561949731720166,0.035811920874098055,0.5571447784791156,0.04944934368984684
17.38,88.14829,-162.20285,0.5706037241691065,0.055095408388795584,0.5685728927729015,0.06318551702284876
17.4,89.78663,-158.926045,0.579248878026558,0.06886946015196808,0.5742868845258535,0.07692169035585068
17.42,90.44196,-158.27069,0.5821305666636472,0.07437902200831854,0.5771438586043495,0.07692169035585068
17.44,90.769615,-157.61533,0.5821304347443713,0.07713386598890638,0.5800008762788058,0.07966888310297678
17.46,91.752625,-156.632295,0.5878939439378256,0.07988862589961071,0.5828578503573015,0.08516335243617743
17.48,91.42493,-155.97693500000003,0.5878938559916418,0.08539822979090297,0.5800007018949638,0.08516335243617743
17.5,91.42492,-155.64925,0.5878938120185496,0.08539822979090297,0.5800006582990033,0.08791062902225211
17.52,91.097235,-155.649255,0.5850119914621846,0.08539822979090297,0.5800006147030428,0.08791058710277781
17.54,90.441865,-154.66621500000002,0.5821301269327275,0.08815303173654912,0.5771434662407051,0.09340505643597859
17.56,90.441855,-152.70013,0.5821300829596354,0.09641743757348753,0.5771434226447446,0.10164680235525404
17.58,91.097205,-151.38941,0.5850118595429086,0.10192704146477981,0.5800004839151615,0.1071412716884548
17.6,91.75257,-150.40636,0.5878936800992738,0.10743668739101389,0.5828576323774992,0.10988854827452949
17.62,92.080255,-150.07867,0.5878936800992738,0.11019157340654354,0.5857147808398369,0.10988854827452949
17.64,93.0633,-150.07866,0.5936573651850959,0.10743677146089751,0.5885718857062142,0.11263586678007835
17.66,93.390975,-149.095615,0.5936573651850959,0.11294641738713147,0.591428946976631,0.11538310144667874
17.68,94.37401,-150.07864,0.5994209623247344,0.11019165747642715,0.5942860518430083,0.10988871595242655
17.7,94.701695,-151.38935500000002,0.5994209623247344,0.10468209562007669,0.5971432003053461,0.10439424661922579
17.72,95.029395,-152.70006,0.6023028708272834,0.09917253376372623,0.5971432874972671,0.0988998611249736
17.74,94.701725,-152.0447,0.5994210942440102,0.09917253376372623,0.5971433310932276,0.10439433045817438
17.76,95.029395,-150.733975,0.6023029148003755,0.10468217968996031,0.5971432439013066,0.10988879979137516
17.78,96.01242500000001,-148.767895,0.6051846913836486,0.11294658552689872,0.6028574100381007,0.1181305037911763
17.8,96.66777,-148.76789,0.610948244550195,0.11570138747254485,0.6028573664421402,0.11538331104405021
17.82,96.99545499999999,-148.440205,0.6109482885232869,0.1184562314531328,0.6057144713085175,0.11538331104405021
17.84,96.99545499999999,-150.07860499999998,0.6109482885232869,0.1101918256161944,0.6057144713085175,0.10988884171084945
17.86,96.99545,-149.09555999999998,0.610948244550195,0.11294662756184053,0.6057144713085175,0.11538335296352452
17.88,97.32314,-147.457155,0.6109482885232869,0.11845627348807462,0.6085716197708553,0.12362505696332567
17.9,103.22144499999999,-135.988295,0.6311212522833028,0.15151402294065347,0.6400001220686893,0.18681183157040285
17.92,104.85983999999999,-129.434655,0.6455304430113127,0.19559114831558422,0.639999991280808,0.19780081215627868
17.94,105.51519,-128.779305,0.6484121756214938,0.19834590822628856,0.6428570961471852,0.20054800490340477
17.96,105.515205,-128.45163,0.6484122195945858,0.20110066813699287,0.6428571833391061,0.20054800490340477
17.98,105.18753,-127.79627,0.6455304430113127,0.20385547008263896,0.6428571833391061,0.2032952395700051
18.0,105.51522,-127.4686,0.6484123075407698,0.20385542804769718,0.6428572269350666,0.20604243231713124
18.02,105.515225,-127.468605,0.6484123515138617,0.20385542804769718,0.6428572269350666,0.20604239039765695
18.04,105.18755,-127.468605,0.6484123515138617,0.20385542804769718,0.6400001656646498,0.20604239039765695
18.06,104.85987,-127.79629,0.6455305309574967,0.20385538601275538,0.6400001656646498,0.20329515573105655
18.08,104.204515,-128.123975,0.6426487104011314,0.20110058406710926,0.637143104394233,0.20329511381158227
18.1,104.20452,-128.45165500000002,0.6426487543742234,0.20110058406710926,0.637143104394233,0.20054787914498187
18.12,103.54916,-128.45165,0.6397669338178582,0.20110058406710926,0.6342859995278557,0.20054792106445618
18.14,103.54917,-128.123975,0.6397669777909503,0.20110058406710926,0.6342860431238162,0.20329511381158227
18.16,103.876855,-128.45165500000002,0.6426487983473154,0.20110058406710926,0.6342860867197767,0.20054787914498187
18.18,31.132969999999997,-128.779335,2.8142778870625333e-06,0.19834578212146312,0.6371525647176584,0.20054787914498187
18.2,103.87686,-129.107015,0.6397670217640422,0.19834578212146312,0.637143191586154,0.1978006444783815
18.22,103.876865,-128.77933000000002,0.6397670657371342,0.19834578212146312,0.637143191586154,0.20054792106445618
18.24,104.20455,-129.434695,0.6426488862934994,0.19559098017581697,0.6371432351821145,0.1978006444783815
18.26,104.20455,-128.77933000000002,0.6426488862934994,0.19834578212146312,0.6371432351821145,0.20054792106445618
18.28,104.20455,-128.779325,0.6426488862934994,0.19834582415640492,0.6371432351821145,0.20054792106445618
18.3,104.53223,-128.45165500000002,0.6426488862934994,0.19834578212146312,0.6400003400484918,0.20329511381158227
18.32,104.85991,-128.12396999999999,0.6455307068498645,0.20110058406710926,0.6400003400484918,0.20329515573105655
18.34,104.859905,-127.79629,0.6455306628767725,0.20385538601275538,0.6400003400484918,0.20329515573105655
18.36,104.85991,-128.123975,0.6455307068498645,0.20110058406710926,0.6400003400484918,0.20329511381158227
18.38,104.85991,-128.45166,0.6455307068498645,0.20110058406710926,0.6400003400484918,0.2005478372255076
18.4,105.18758,-129.76239,0.6455306628767725,0.19559093814087516,0.6428574013189086,0.1950533259728325
18.42,105.187575,-130.417755,0.6455306628767725,0.1928360941602872,0.642857357722948,0.19230609130623225
18.44,105.187565,-130.090075,0.6484124394600457,0.1928360941602872,0.6400002092606103,0.1950533259728325
18.46,104.532195,-130.090075,0.6426487543742234,0.19559089610593336,0.6400001656646498,0.19230609130623225
18.48,104.85987,-129.7624,0.6455305309574967,0.19559085407099155,0.6400001656646498,0.1950533259728325
18.5,105.515245,-130.41776499999997,0.6484123954869538,0.19283605212534552,0.642857357722948,0.19230604938675797
18.52,106.498305,-130.09008,0.6512943039895028,0.19283605212534552,0.6485716546476237,0.1950533259728325
18.54,108.13671500000001,-129.43472500000001,0.6570579890753251,0.19559085407099155,0.6571430128427159,0.1978005187199587
18.56,109.77514500000001,-129.43472500000001,0.6657035826636964,0.19559085407099155,0.662857353363352,0.1978005187199587
18.58,111.085885,-129.43472000000003,0.6714673117226108,0.19559085407099155,0.6685716502880277,0.1978005606394329
18.6,112.06893,-129.10704,0.677230996808433,0.19559085407099155,0.6714287551544048,0.20054779530603328
18.62,112.06893,-129.43471,0.677230996808433,0.19559089610593336,0.6714287551544048,0.1978006025589072
18.64,112.724285,-129.762385,0.6801128173647982,0.19559093814087516,0.6742858164248217,0.19505336789230682
18.66,112.3966,-130.41774500000002,0.6772309528353411,0.19283613619522902,0.6742858164248217,0.19230613322570642
18.68,112.3966,-130.74542000000002,0.6772309528353411,0.1900813342495829,0.6742858164248217,0.19230617514518072
18.7,112.72428,-131.72846,0.6801127733917062,0.18732653230393675,0.6742858164248217,0.18681170581197995
18.72,113.05196,-131.40078,0.6829945939480714,0.18732653230393675,0.6742858164248217,0.18955894047858032
18.74,101.91071500000001,-131.073055,0.6657035386906046,0.18732661637382036,0.5942859210551269,0.1923064685815008
18.76,70.45303,-128.779215,0.5158469349435694,0.19834628654076472,0.468571693883988,0.20054838217867332
18.78,66.848475,-127.796185,0.47550087550426146,0.20110104645146906,0.47714292129119895,0.2060428095923998
18.8,68.15919,-127.14084,0.4841462932002649,0.20661060830781952,0.4800000261575762,0.2060427257534512
18.82,68.15918,-126.813165,0.484146249227173,0.20661056627287772,0.47999998256161586,0.20878996042005157
18.84,68.48686000000001,-126.157815,0.484146249227173,0.20936532618358203,0.48285708742799305,0.21153715316717767
18.86,68.814535,-126.157815,0.48702802581044613,0.20936532618358203,0.48285708742799305,0.21153715316717767
18.88,68.81453,-125.502465,0.48702802581044613,0.21212008609428637,0.48285704383203265,0.21428434591430376
18.9,69.46989,-125.174785,0.4899098463668113,0.21212008609428637,0.48571414869840995,0.21703158058090413
18.92,70.12526,-124.19175,0.4927917108962684,0.21762964795063683,0.4885712971607476,0.21977881524750453
18.94,70.12526,-123.536395,0.4927917108962684,0.21762964795063683,0.4885712971607476,0.225273242661231
18.96,70.452945,-123.53639,0.49567353145263354,0.22038444989628295,0.4885713407567081,0.2225260499141049
18.98,71.1083,-122.22566499999999,0.49567353145263354,0.225894095822517,0.4942855068935022,0.22802051924730568
19.0,71.435985,-121.57031,0.4985553520089987,0.22864885573322138,0.4942855504894627,0.230767753913906
19.02,71.43599,-121.570305,0.4985553959820907,0.22864889776816313,0.4942855504894627,0.230767753913906
19.04,72.41902999999999,-121.57031,0.5014372165384559,0.22864889776816313,0.4999997602222173,0.23076771199443177
19.06,73.402065,-121.57032,0.5072008576511862,0.22864881369827955,0.5028568214926341,0.23076771199443177
19.08,73.72975,-121.57032,0.5072008576511862,0.22864881369827955,0.5057139699549719,0.23076771199443177
19.1,74.057425,-120.914955,0.5100826342344593,0.23140365767886745,0.5057139699549719,0.2335149466610321
19.12,74.71279,-120.914955,0.5129644987639165,0.23140365767886745,0.5085710748213492,0.2335149466610321
19.14,74.05743,-120.587275,0.5100826782075513,0.2341584596245136,0.5057139699549719,0.2335149466610321
19.16,74.05744,-120.25959,0.5100827221806433,0.2341584596245136,0.5057140135509324,0.23626222324710677
19.18,74.38512,-119.93191,0.5129645427370084,0.2341584596245136,0.5057140135509324,0.23900945791370717
19.2,75.04048,-118.948875,0.5129645427370084,0.23966806351580586,0.511428223283687,0.24175665066083327
19.22,75.36816,-118.62119,0.5158463632933736,0.23966806351580586,0.511428223283687,0.24450392724690795
19.24,75.36816,-117.63813999999999,0.5158463632933736,0.24517770944203995,0.511428223283687,0.24725120383298255
19.26,75.36816,-117.63813999999999,0.5158463632933736,0.24517770944203995,0.511428223283687,0.24725120383298255
19.28,76.02352,-116.98278,0.5187281838497387,0.25068731333333216,0.5142853281500643,0.24725120383298255
19.3,76.02352,-117.31046,0.5187281838497387,0.24517770944203995,0.5142853281500643,0.24999843849958295
19.32,76.02352,-116.98278,0.5187281838497387,0.24793251138768602,0.5142853281500643,0.24999843849958295
19.34,76.02352,-116.6551,0.5187281838497387,0.24793251138768602,0.5142853281500643,0.25274567316618335
19.36,76.02352,-115.672055,0.5187281838497387,0.25619695925956626,0.5142853281500643,0.25274567316618335
19.38,76.3512,-115.67205,0.5187281838497387,0.2534421573139201,0.5171424330164416,0.255492949752258
19.4,76.02352,-115.672045,0.5187281838497387,0.2534421993488619,0.5142853281500643,0.255492949752258
19.42,76.02352,-115.672045,0.5187281838497387,0.2534421993488619,0.5142853281500643,0.255492949752258
19.44,76.023525,-115.344365,0.5187281838497387,0.2534421993488619,0.5142853717460247,0.2582401844188584
19.46,76.023525,-115.34436,0.5187282278228307,0.2534421993488619,0.5142853281500643,0.2582402263383327
19.48,75.36816,-115.01667,0.5158463632933736,0.2561970433294498,0.511428223283687,0.25824026825780694
19.5,74.712805,-115.016665,0.5129645867101005,0.2561970853643916,0.5085711184173097,0.25824026825780694
19.52,74.712805,-115.344345,0.5129645427370084,0.2561970853643916,0.5085711620132702,0.25549303359120656
19.54,74.38513,-115.34434,0.5129645867101005,0.2561970853643916,0.5057140571468929,0.25549307551068084
19.56,76.35123,-114.68898,0.5100827661537353,0.2534422834187455,0.5257139655953759,0.263734779510482
19.58,97.32299499999999,-106.49693500000001,0.5936564417501643,0.2837452309256783,0.625713900201435,0.302196316359733
19.6,102.23826,-102.564745,0.6340025451625643,0.3085386586112025,0.6285709614718519,0.3104380622790084
19.62,102.56592,-102.564745,0.6340024132432882,0.3085386586112025,0.6314280227422688,0.3104380622790084
19.64,102.8936,-102.892425,0.6368842337996534,0.3085386586112025,0.6314280227422688,0.307690827612408
19.66,103.22127,-102.564745,0.6368841898265614,0.3085386586112025,0.6342850840126856,0.3104380622790084
19.68,103.876625,-102.564745,0.6397660103829266,0.3085386586112025,0.6371421452831024,0.3104380622790084
19.7,104.53198,-103.220105,0.6426477869661997,0.30578385666555635,0.6399992501494797,0.307690827612408
19.72,105.51501,-103.22011,0.6484113841058381,0.30578381463061455,0.6428563114198965,0.307690827612408
19.74,106.49804,-103.220105,0.6512931606891113,0.30578385666555635,0.6485704775566906,0.307690827612408
19.76,106.82571,-102.56474,0.6541749372723844,0.3085386586112025,0.6485704339607301,0.31043810419848267
19.78,106.8257,-102.23706,0.6541748932992923,0.31129346055684864,0.6485703903647696,0.31043810419848267
19.8,106.8257,-102.23705,0.6541748932992923,0.31129350259179045,0.6485703903647696,0.31043814611795695
19.82,107.153375,-102.237055,0.6570567138556576,0.31129350259179045,0.6485703467688091,0.31043810419848267
19.84,107.48105,-102.56474,0.6570566698825655,0.3085386586112025,0.6514274516351863,0.31043810419848267
19.86,107.48105,-102.237055,0.6570566698825655,0.3085387006461443,0.6514274516351863,0.31318533886508304
19.88,107.48105,-102.237045,0.6570566698825655,0.31129354462673225,0.6514274516351863,0.31043814611795695
19.9,107.48104,-102.23705,0.6570566259094736,0.31129350259179045,0.6514274080392258,0.31043814611795695
19.92,107.808715,-101.90935999999999,0.6599384464658387,0.31129354462673225,0.6514273644432654,0.3131854227040316
19.94,107.48103499999999,-101.90935999999999,0.6570565819363815,0.31129354462673225,0.6514274080392258,0.3131854227040316
19.96,107.48104,-101.909365,0.6570566259094736,0.31129354462673225,0.6514274080392258,0.3131853807845574
