t_s,x,y,x_left,y_left,x_right,y_right
0.02,-0.32767499999999844,1.9661,1.0000000003174e-05,2.62146,-0.65536,1.31074
0.04,-1.310715,2.29379,-1.31071,3.27683,-1.31072,1.31075
0.06,-1.63839,3.276845,-1.31071,3.93221,-1.96607,2.62148
0.08,-2.293745,4.259905,-1.96606,4.58759,-2.62143,3.93222
0.1,-2.9491,4.5876,-2.62142,5.24296,-3.27678,3.93224
0.12,-3.27678,5.570645,-3.27677,5.89833,-3.27679,5.24296
0.14,-2.29375,6.88137,-2.62142,7.20906,-1.96608,6.55368
0.16,-1.9660799999999998,7.536735,-1.96607,7.86442,-1.96609,7.20905
0.18,-1.3107250000000001,8.192105,-1.31072,9.17515,-1.31073,7.20906
0.2,-7.53671,8.847470000000001,-1.96608,9.17515,-13.10734,8.51979
0.22,-31.129960000000004,11.141265,-28.1808,11.14126,-34.07912,11.14127
0.24,-33.09605,13.435055,-33.42373,13.76274,-32.76837,13.10737
0.26,-32.76836,15.07347,-32.76836,15.72883,-32.76836,14.41811
0.28,-32.440675,16.384195000000002,-32.76835,17.03956,-32.113,15.72883
0.3,-32.112995,17.367240000000002,-32.11299,17.69492,-32.113,17.03956
0.32,-32.76835,18.677965,-32.76834,19.00565,-32.76836,18.35028
0.34,-32.76835,19.988695,-32.76835,20.31638,-32.76835,19.66101
0.36,-33.096014999999994,21.954794999999997,-32.76833,22.28248,-33.4237,21.62711
0.38,-33.423694999999995,23.593205,-33.42369,24.24857,-33.4237,22.93784
0.4,-34.079055,25.559305000000002,-34.07905,25.55931,-34.07906,25.5593
0.42,-34.406735,27.197715000000002,-34.07905,27.5254,-34.73442,26.87003
0.44,-34.079045,28.83613,-34.07904,28.83614,-34.07905,28.83612
0.46,-35.062084999999996,29.819184999999997,-34.7344,30.14687,-35.38977,29.4915
0.48,-35.389755,30.146875,-35.38975,30.80224,-35.38976,29.49151
0.5,-35.389755,30.802239999999998,-35.38975,31.45761,-35.38976,30.14687
0.52,-36.045105,31.457605,-36.0451,32.11297,-36.04511,30.80224
0.54,-36.045095,31.457605,-36.04509,32.11297,-36.0451,30.80224
0.56,-36.045095,32.112970000000004,-36.04509,32.76834,-36.0451,31.4576
0.58,-36.700445,32.440655,-36.70044,33.4237,-36.70045,31.45761
0.6,-36.70044,32.44066,-36.70044,33.42371,-36.70044,31.45761
0.62,-36.372755,32.112975,-36.70043,32.76834,-36.04508,31.45761
0.64,-36.372755,31.457610000000003,-36.70043,32.11298,-36.04508,30.80224
0.66,-36.045075,30.80225,-36.04507,31.45762,-36.04508,30.14688
0.68,-36.045065,30.474565,-36.04506,31.45761,-36.04507,29.49152
0.7,-36.04506000000001,30.146880000000003,-36.04505,30.80225,-36.04507,29.49151
0.72,-36.045055000000005,29.819195,-36.04505,30.80224,-36.04506,28.83615
0.74,-36.04505,29.491515,-36.04505,30.14688,-36.04505,28.83615
0.76,-25.55919,28.836154999999998,-33.42359,29.49152,-17.69479,28.18079
0.78,-5.89813,29.16384,-7.20887,29.49153,-4.58739,28.83615
0.8,-4.25971,30.146880000000003,-4.58738,30.80225,-3.93204,29.49151
0.82,-3.27669,30.146880000000003,-3.27668,30.80225,-3.2767,29.49151
0.84,-2.949015,30.474555000000002,-3.27669,30.80224,-2.62134,30.14687
0.86,-2.94902,30.802235,-3.27669,31.4576,-2.62135,30.14687
0.88,-2.949025,29.819195,-3.2767,30.80224,-2.62135,28.83615
0.9,-3.27671,30.146875,-3.2767,30.80224,-3.27672,29.49151
0.92,-3.2767150000000003,29.491515,-3.27671,30.14688,-3.27672,28.83615
0.94,-3.604405,29.491509999999998,-3.93208,30.14688,-3.27673,28.83614
0.96,-3.276725,29.163829999999997,-3.27672,30.14688,-3.27673,28.18078
0.98,-3.60441,28.836145000000002,-3.93208,29.49152,-3.27674,28.18077
1.0,-3.276725,28.83614,-3.27672,29.49151,-3.27673,28.18077
1.02,-3.276725,28.508454999999998,-3.27672,29.4915,-3.27673,27.52541
1.04,-3.6044,27.85309,-3.93207,28.83614,-3.27673,26.87004
1.06,-3.2767150000000003,27.52541,-3.27671,28.18078,-3.27672,26.87004
1.08,-3.276725,27.19773,-3.27672,28.18078,-3.27673,26.21468
1.1,-3.276725,26.870045,-3.27672,27.52541,-3.27673,26.21468
1.12,-3.276725,26.870045,-3.27672,27.52541,-3.27673,26.21468
1.14,-2.62136,26.542365,-2.62136,27.52541,-2.62136,25.55932
1.16,-2.9490350000000003,26.542365,-3.27671,27.52541,-2.62136,25.55932
1.18,2.62161,26.542365,-0.65524,26.87005,5.89846,26.21468
1.2,10.486085,26.870055,9.83072,27.52542,11.14145,26.21469
1.22,10.15841,26.870065,10.4861,27.52543,9.83072,26.2147
1.24,10.486105,26.870065,10.48611,27.52543,10.4861,26.2147
1.26,10.486115,26.54238,10.48612,27.52543,10.48611,25.55933
1.28,10.158435,26.214695,9.83076,26.87006,10.48611,25.55933
1.3,10.158439999999999,25.887014999999998,9.83077,26.87006,10.48611,24.90397
1.32,17.695205,24.903975,14.41835,25.55934,20.97206,24.24861
1.34,22.282835,24.5763,22.28285,24.90398,22.28282,24.24862
1.36,22.282835,25.231665,22.28284,26.21471,22.28283,24.24862
1.38,21.62747,24.903979999999997,21.62748,25.55935,21.62746,24.24861
1.4,21.299795,24.5763,20.97212,25.55935,21.62747,23.59325
1.42,21.627474999999997,23.920935,21.62748,24.90398,21.62747,22.93789
1.44,21.299805,23.920935,20.97213,24.24862,21.62748,23.59325
1.46,21.299799999999998,23.59326,20.97213,24.24863,21.62747,22.93789
1.48,22.938185,23.92093,22.28283,24.90398,23.59354,22.93788
1.5,23.921210000000002,23.920925,23.59354,24.90397,24.24888,22.93788
1.52,24.248885,23.920925,24.24889,24.90397,24.24888,22.93788
1.54,24.248885,24.248605,24.24889,24.90397,24.24888,23.59324
1.56,24.576565000000002,23.920920000000002,24.24889,24.90397,24.90424,22.93787
1.58,24.57657,23.920925,24.2489,24.24861,24.90424,23.59324
1.6,32.768679999999996,24.5763,26.87035,24.90397,38.66701,24.24863
1.62,56.034364999999994,25.55939,53.08519,26.21475,58.98354,24.90403
1.64,58.655855,26.54244,58.98355,27.52549,58.32816,25.55939
1.66,58.32817,26.870125,58.32818,27.52549,58.32816,26.21476
1.68,58.32816,26.542435,58.32817,27.52548,58.32815,25.55939
1.7,58.328165,26.870115,58.32817,27.52548,58.32816,26.21475
1.72,58.000479999999996,27.197795,57.67281,27.52548,58.32815,26.87011
1.74,58.32816,27.52548,58.32817,28.18085,58.32815,26.87011
1.76,58.98352,27.525485,58.32816,28.18085,59.63888,26.87012
1.78,67.175645,27.525495,65.53722,28.18086,68.81407,26.87013
1.8,69.46945,27.525505,69.46946,28.18087,69.46944,26.87014
1.82,69.46944500000001,28.18087,69.46945,28.83624,69.46944,27.5255
1.84,68.814085,28.18087,68.81409,28.83624,68.81408,27.5255
1.86,68.4864,27.525509999999997,68.15873,28.18088,68.81407,26.87014
1.88,68.81407999999999,27.525505,68.81409,28.18087,68.81407,26.87014
1.9,68.15999500000001,26.870145,68.15873,27.52551,68.16126,26.21478
1.92,68.15872,26.870145,68.15873,27.52551,68.15871,26.21478
1.94,67.503365,27.197825,67.50337,28.18087,67.50336,26.21478
1.96,67.831045,27.525505,67.50337,28.18087,68.15872,26.87014
1.98,74.384735,26.870175,68.81411,27.52552,79.95536,26.21483
2.0,98.305755,27.853279999999998,95.02891,28.18096,101.5826,27.5256
2.02,100.92725,28.83633,100.92726,29.4917,100.92724,28.18096
2.04,100.271885,28.836335,100.27189,29.4917,100.27188,28.18097
2.06,99.944205,28.508650000000003,100.27189,29.4917,99.61652,27.5256
2.08,99.28884,28.180970000000002,99.61653,28.83634,98.96115,27.5256
2.1,98.96116,28.180975,98.96117,28.83634,98.96115,27.52561
2.12,98.63348500000001,27.853295,98.96117,28.83634,98.3058,26.87025
2.14,98.305805,27.525615000000002,97.65045,28.18098,98.96116,26.87025
2.16,98.96116,28.180975,98.30581,28.83634,99.61651,27.52561
2.18,100.27186499999999,28.180975,100.27188,28.83634,100.27185,27.52561
2.2,101.254895,28.50865,100.92722,29.49169,101.58257,27.52561
2.22,101.254895,28.83633,100.92722,29.4917,101.58257,28.18096
2.24,101.58257,28.836335,101.58258,29.4917,101.58256,28.18097
2.26,101.254885,28.836335,101.58257,29.4917,100.9272,28.18097
2.28,76.67856499999999,29.491675,90.44133,30.14706,62.9158,28.83629
2.3,14.4184,26.870165,29.49193,28.1809,-0.65513,25.55943
2.32,-14.090219999999999,28.836244999999998,-14.4179,28.83624,-13.76254,28.83625
2.34,-13.10715,31.457704999999997,-13.10714,31.45771,-13.10716,31.4577
2.36,-12.779465,33.096115,-13.10714,33.4238,-12.45179,32.76843
2.38,-12.124115,33.75147,-12.45179,34.07916,-11.79644,33.42378
2.4,-12.451785000000001,34.079155,-12.45178,34.73452,-12.45179,33.42379
2.42,-12.451785000000001,34.40683,-12.45178,35.38988,-12.45179,33.42378
2.44,-12.451785000000001,34.734515,-12.45178,35.38988,-12.45179,34.07915
2.46,-12.451785000000001,34.734505,-12.45178,35.38987,-12.45179,34.07914
2.48,-12.451785000000001,35.06219,-12.45178,36.04524,-12.45179,34.07914
2.5,-17.039355,35.71755,-12.45178,36.04523,-21.62693,35.38987
2.52,-33.0959,36.045244999999994,-32.11283,36.70061,-34.07897,35.38988
2.54,-33.75127,36.045244999999994,-34.07895,36.70061,-33.42359,35.38988
2.56,-33.75126,36.04524,-34.07893,36.70061,-33.42359,35.38987
2.58,-33.42357,36.045235000000005,-33.42357,36.7006,-33.42357,35.38987
2.6,-33.423564999999996,35.38987,-33.42356,36.04524,-33.42357,34.7345
2.62,-33.423555,35.389865,-33.42355,36.04523,-33.42356,34.7345
2.64,-33.751235,34.7345,-34.07891,35.38987,-33.42356,34.07913
2.66,-33.423550000000006,33.751455,-33.42354,34.73451,-33.42356,32.7684
2.68,-33.751235,33.423770000000005,-34.07891,34.07914,-33.42356,32.7684
2.7,-33.423550000000006,33.09608,-33.42354,34.07913,-33.42356,32.11303
2.72,-33.423550000000006,32.44072,-33.42354,33.42377,-33.42356,31.45767
2.74,-33.423550000000006,31.78535,-33.42354,32.7684,-33.42356,30.8023
2.76,-33.095865,31.457665,-33.42354,32.11303,-32.76819,30.8023
2.78,-32.768175,30.47462,-32.76817,31.45767,-32.76818,29.49157
2.8,-33.09585,30.14694,-32.76817,30.80231,-33.42353,29.49157
2.82,-32.768164999999996,29.491570000000003,-32.76816,30.14694,-32.76817,28.8362
2.84,-33.095839999999995,28.836199999999998,-33.42351,30.14693,-32.76817,27.52547
2.86,-32.768155,27.52547,-32.76815,28.18084,-32.76816,26.8701
2.88,-32.768155,26.8701,-33.42351,27.52547,-32.1128,26.21473
2.9,-32.44048,25.887055,-32.76815,26.8701,-32.11281,24.90401
2.92,-31.12978,25.887045,-31.45745,26.87009,-30.80211,24.904
2.94,-30.802115,25.231679999999997,-30.80211,26.21473,-30.80212,24.24863
2.96,-30.474445,24.90399,-30.80212,25.55936,-30.14677,24.24862
2.98,-29.819090000000003,23.92094,-30.14676,24.90399,-29.49142,22.93789
3.0,-18.022455,22.937905,-24.24847,24.24863,-11.79644,21.62718
3.02,-2.94891,22.282545,-3.93196,22.93791,-1.96586,21.62718
3.04,-2.29354,22.61023,-2.62121,23.59328,-1.96587,21.62718
3.06,-1.9658600000000002,22.28255,-1.96585,22.93792,-1.96587,21.62718
3.08,-1.6381899999999998,22.282539999999997,-1.96586,22.93791,-1.31052,21.62717
3.1,-1.3105099999999998,22.282535,-1.3105,22.9379,-1.31052,21.62717
3.12,-1.310515,21.62717,-1.31051,22.28254,-1.31052,20.9718
3.14,-1.310515,21.299485,-1.31051,22.28253,-1.31052,20.31644
3.16,0.65559,20.971805,-1.3105,21.62717,2.62168,20.31644
3.18,21.627465,21.954875,16.3845,22.28255,26.87043,21.6272
3.2,30.147305000000003,22.610245,30.14731,23.59329,30.1473,21.6272
3.22,29.819625000000002,22.93808,29.49195,23.59359,30.1473,22.28257
3.24,30.802664999999998,22.610245,30.80267,23.59329,30.80266,21.6272
3.26,31.130345,22.28256,30.80267,22.93793,31.45802,21.62719
3.28,31.45802,21.627195,31.45803,22.28256,31.45801,20.97183
3.3,31.45802,21.299509999999998,31.45803,22.28256,31.45801,20.31646
3.32,31.13034,20.971825,30.80267,21.62719,31.45801,20.31646
3.34,31.45802,20.644145,31.45803,21.62719,31.45801,19.6611
3.36,31.45802,19.988770000000002,31.45803,20.97182,31.45801,19.00572
3.38,19.661375,20.64413,25.55971,20.97182,13.76304,20.31644
3.4,10.813870000000001,20.316450000000003,10.48619,20.97181,11.14155,19.66109
3.42,11.469245,20.31645,11.14157,20.97182,11.79692,19.66108
3.44,11.469245,19.988770000000002,11.79693,20.97182,11.14156,19.00572
3.46,11.14157,19.988770000000002,11.14158,20.97182,11.14156,19.00572
3.48,11.141575,19.661095,11.14158,20.31646,11.14157,19.00573
3.5,11.141580000000001,19.988775,11.14159,20.97182,11.14157,19.00573
3.52,11.141585,19.98878,11.14159,20.97183,11.14158,19.00573
3.54,10.486225000000001,19.661105,10.48623,20.31647,10.48622,19.00574
3.56,10.486235,19.661105,10.48624,20.31647,10.48623,19.00574
3.58,10.48624,19.661115,10.48624,20.31648,10.48624,19.00575
3.6,10.486245,19.661115,10.48625,20.31648,10.48624,19.00575
3.62,10.48625,19.333440000000003,10.48626,20.31649,10.48624,18.35039
3.64,10.81393,19.005755,10.48626,19.66112,11.1416,18.35039
3.66,17.367585,17.695025,12.45233,19.00575,22.28284,16.3843
3.68,43.58238,16.711994999999998,38.01174,17.69504,49.15302,15.72895
3.7,51.446830000000006,16.38432,51.77452,17.69505,51.11914,15.07359
3.72,51.774505000000005,15.07359,51.77451,15.72896,51.7745,14.41822
3.74,51.774505000000005,14.418225,51.77451,15.07359,51.7745,13.76286
3.76,51.774505000000005,14.09054,51.77451,15.07359,51.7745,13.10749
3.78,51.774505000000005,13.76286,51.77451,14.41823,51.7745,13.10749
3.8,51.7745,14.41822,51.77451,15.07359,51.77449,13.76285
3.82,51.44682,14.418215,51.11915,15.07358,51.77449,13.76285
3.84,51.7745,14.418215,51.77451,15.07358,51.77449,13.76285
3.86,51.7745,15.401254999999999,51.77451,16.3843,51.77449,14.41821
3.88,51.774495,15.72894,51.7745,16.38431,51.77449,15.07357
3.9,51.44682,16.056615,51.77451,16.3843,51.11913,15.72893
3.92,51.11913,16.384305,51.11914,17.03967,51.11912,15.72894
3.94,51.446805,16.711985,51.77449,17.69503,51.11912,15.72894
3.96,49.15303,17.03967,51.11914,17.69503,47.18692,16.38431
3.98,27.525844999999997,17.695030000000003,32.76882,18.3504,22.28287,17.03966
4.0,18.02297,18.350395,18.35065,19.00576,17.69529,17.69503
4.02,18.35067,19.005755,18.35068,19.66112,18.35066,18.35039
4.04,17.69531,19.005755,17.69531,19.66112,17.69531,18.35039
4.06,17.695324999999997,19.005760000000002,17.69533,19.66113,17.69532,18.35039
4.08,17.695324999999997,19.005755,17.69533,19.66112,17.69532,18.35039
4.1,17.367649999999998,18.678075,17.03998,19.66112,17.69532,17.69503
4.12,17.695335,18.0227,17.69534,19.00575,17.69533,17.03965
4.14,17.695335,17.69502,17.69534,18.35039,17.69533,17.03965
4.16,17.695345000000003,17.69502,17.69535,18.35039,17.69534,17.03965
4.18,38.0118,17.039679999999997,26.87052,17.69503,49.15308,16.38433
4.2,71.76339,16.712040000000002,68.81422,17.03972,74.71256,16.38436
4.22,73.72952000000001,18.022775000000003,74.05721,18.35046,73.40183,17.69509
4.24,73.40183999999999,18.350455,73.40185,19.00582,73.40183,17.69509
4.26,73.07416,18.022765,72.74649,19.00581,73.40183,17.03972
4.28,72.746475,18.022765,72.74648,19.00582,72.74647,17.03971
4.3,73.72951,18.35044,73.40184,19.00581,74.05718,17.69507
4.32,74.38486,18.35044,74.05719,19.00581,74.71253,17.69507
4.34,75.367885,18.350435,75.36789,19.0058,75.36788,17.69507
4.36,75.69556,18.350430000000003,75.36789,19.0058,76.02323,17.69506
4.38,75.695555,18.67811,75.36788,19.66116,76.02323,17.69506
4.4,75.695555,18.678105000000002,75.36788,19.66115,76.02323,17.69506
4.42,87.49219500000001,19.98888,83.23229,20.31655,91.7521,19.66121
4.44,94.70129,21.29963,95.02898,21.62732,94.3736,20.97194
4.46,94.3736,21.627305,94.37361,22.28267,94.37359,20.97194
4.48,94.701275,21.627305,94.3736,22.28267,95.02895,20.97194
4.5,94.70128,21.299619999999997,94.37361,22.28267,95.02895,20.31657
4.52,94.37359000000001,20.971935000000002,94.3736,21.6273,94.37358,20.31657
4.54,94.373595,20.971935000000002,94.3736,21.6273,94.37359,20.31657
4.56,94.37359000000001,20.97193,94.3736,21.6273,94.37358,20.31656
4.58,94.045905,21.627295,93.71823,22.28266,94.37358,20.97193
4.6,93.71822,21.299605,93.71823,22.28266,93.71821,20.31655
4.62,65.53734,18.022734999999997,81.92159,19.66117,49.15309,16.3843
4.64,-0.3273999999999999,13.43515,13.1077,14.4182,-13.7625,12.4521
4.66,-19.333115,13.76281,-20.31617,13.76281,-18.35006,13.76281
4.68,-18.350035,16.05658,-18.35003,16.38427,-18.35004,15.72889
4.7,-18.022345,17.039615,-18.35002,17.69498,-17.69467,16.38425
4.72,-17.366979999999998,17.694975,-17.69465,18.35034,-17.03931,17.03961
4.74,-17.69466,18.350335,-17.69465,19.0057,-17.69467,17.69497
4.76,-34.73402,18.67801,-17.69465,19.66106,-51.77339,17.69496
4.78,-17.694654999999997,19.00569,-17.69465,19.66106,-17.69466,18.35032
4.8,-18.02234,18.678005,-18.35001,19.66105,-17.69467,17.69496
4.82,-17.694654999999997,18.678005,-17.69465,19.66105,-17.69466,17.69496
4.84,-17.366975,18.350324999999998,-17.69465,19.00569,-17.0393,17.69496
4.86,-19.333064999999998,17.367275,-17.69464,18.35032,-20.97149,16.38423
4.88,-34.40656,16.384225,-32.11275,17.03959,-36.70037,15.72886
4.9,-37.02803,17.36728,-37.35571,17.69497,-36.70035,17.03959
4.92,-37.355705,17.367269999999998,-37.3557,18.35032,-37.35571,16.38422
4.94,-37.028025,17.039595,-36.70034,17.69496,-37.35571,16.38423
4.96,-36.372655,17.039589999999997,-36.70033,17.69496,-36.04498,16.38422
4.98,-35.389624999999995,16.711905,-36.04497,17.03959,-34.73428,16.38422
5.0,-33.751239999999996,17.039569999999998,-34.07891,17.69494,-33.42357,16.3842
5.02,-32.768209999999996,16.711885,-32.7682,17.69493,-32.76822,15.72884
5.04,-33.0959,16.3842,-33.42357,17.03957,-32.76823,15.72883
5.06,-32.44054,16.05652,-32.76821,17.03957,-32.11287,15.07347
5.08,-32.112865,15.728835,-32.11286,16.3842,-32.11287,15.07347
5.1,-32.44054,15.401150000000001,-32.76821,16.3842,-32.11287,14.4181
5.12,-32.112865,15.401150000000001,-32.11286,16.3842,-32.11287,14.4181
5.14,-31.785195,15.401145,-32.11287,16.38419,-31.45752,14.4181
5.16,-31.45751,14.74578,-31.4575,15.72883,-31.45752,13.76273
5.18,-31.129835,14.41809,-31.45751,15.07346,-30.80216,13.76272
5.2,-15.07329,14.418105,-20.97162,15.07347,-9.17496,13.76274
5.22,-5.898075,14.745795000000001,-5.89807,15.72884,-5.89808,13.76275
5.24,-5.89808,14.745795000000001,-5.89807,15.72884,-5.89809,13.76275
5.26,-5.89808,14.41811,-5.89807,15.07348,-5.89809,13.76274
5.28,-5.898095,14.09042,-5.89809,15.07347,-5.8981,13.10737
5.3,-6.22578,13.435055,-6.55345,14.4181,-5.89811,12.45201
5.32,-5.898095,13.43505,-5.89809,14.4181,-5.8981,12.452
5.34,-5.8980999999999995,13.10737,-5.89809,13.76274,-5.89811,12.452
5.36,-5.898095,13.10736,-5.89809,13.76273,-5.8981,12.45199
5.38,-5.898095,12.779679999999999,-5.89809,13.76273,-5.8981,11.79663
5.4,-6.2257750000000005,12.451995,-6.55345,13.76272,-5.8981,11.14127
5.42,-6.225770000000001,12.124315,-5.89808,13.10736,-6.55346,11.14127
5.44,-1.6381949999999998,11.468955000000001,-6.55345,12.452,3.27706,10.48591
5.46,21.2998,11.141295,17.69526,11.79666,24.90434,10.48593
5.48,23.59363,11.46898,23.59364,11.79667,23.59362,11.14129
5.5,24.248995,11.141305,24.249,11.79667,24.24899,10.48594
5.52,23.593635,11.468985,23.59364,12.45203,23.59363,10.48594
5.54,23.59364,11.141305,23.59365,12.45203,23.59363,9.83058
5.56,22.938274999999997,10.81362,22.93828,11.79667,22.93827,9.83057
5.58,22.938274999999997,10.485935,22.93828,11.1413,22.93827,9.83057
5.6,22.610599999999998,10.158255,22.93829,11.1413,22.28291,9.17521
5.62,22.610605,10.158255,22.28293,11.1413,22.93828,9.17521
5.64,22.28293,9.83057,22.28293,10.48594,22.28293,9.1752
5.66,22.93828,9.830565,22.93829,10.48593,22.93827,9.1752
5.68,17.03994,10.158245,18.3507,10.48593,15.72918,9.83056
5.7,16.056849999999997,10.81361,15.72918,11.79666,16.38452,9.83056
5.72,16.384520000000002,10.813600000000001,16.38453,11.79665,16.38451,9.83055
5.74,16.384515,10.48592,16.38452,11.14129,16.38451,9.83055
5.76,16.712184999999998,10.485915,17.03987,11.14128,16.3845,9.83055
5.78,16.38451,10.15823,16.38452,11.14128,16.3845,9.17518
5.8,16.384504999999997,10.48591,16.38451,11.14128,16.3845,9.83054
5.82,16.38451,10.485904999999999,16.38452,11.14127,16.3845,9.83054
5.84,17.039865,10.485904999999999,17.03987,11.14127,17.03986,9.83054
5.86,21.62744,9.502865,17.03987,10.48591,26.21501,8.51982
5.88,47.842245000000005,9.17521,43.91002,9.83057,51.77447,8.51985
5.9,51.119119999999995,9.830575,51.77449,10.48594,50.46375,9.17521
5.92,51.119119999999995,9.830575,51.11913,11.14131,51.11911,8.51984
5.94,50.791430000000005,9.502885,50.46376,10.48593,51.1191,8.51984
5.96,50.79142,9.830565,50.46375,10.48593,51.11909,9.1752
5.98,50.791425000000004,9.175195,50.46375,9.83056,51.1191,8.51983
6.0,50.79142,9.1752,50.46375,9.83057,51.11909,8.51983
6.02,51.119095,9.50287,51.1191,10.48592,51.11909,8.51982
6.04,50.79142,9.17519,51.11911,9.83056,50.46373,8.51982
6.06,50.791415,8.84751,50.46374,9.83055,51.11909,7.86447
6.08,50.46374,8.847505,50.46375,9.83055,50.46373,7.86446
6.1,55.378995,8.519835,51.1191,9.17519,59.63889,7.86448
6.12,79.6277,9.502925000000001,76.02316,9.8306,83.23224,9.17525
6.14,84.87068,9.830625,85.19837,10.48599,84.54299,9.17526
6.16,84.54299,10.485990000000001,84.543,11.14136,84.54298,9.83062
6.18,84.542995,9.83062,84.543,10.48599,84.54299,9.17525
6.2,84.543,9.502939999999999,84.543,10.48599,84.543,8.51989
6.22,83.88764499999999,9.502935,83.88765,10.48598,83.88764,8.51989
6.24,83.88764499999999,9.502935,83.88765,9.83062,83.88764,9.17525
6.26,83.232285,9.502935,83.23229,10.48598,83.23228,8.51989
6.28,83.23229,9.502939999999999,83.2323,9.83063,83.23228,9.17525
6.3,82.904605,9.502939999999999,82.57693,10.48599,83.23228,8.51989
6.32,84.215345,8.847574999999999,82.57694,9.83062,85.85375,7.86453
6.34,102.56568,7.8645700000000005,97.65042,8.51993,107.48094,7.20921
6.36,109.44703999999999,8.192255,109.44706,8.51994,109.44702,7.86457
6.38,109.77469500000001,8.84761,109.44703,9.1753,110.10236,8.51992
6.4,110.10236499999999,8.519935,110.10237,9.1753,110.10236,7.86457
6.42,110.10236,8.51993,110.10237,9.1753,110.10235,7.86456
6.44,110.43003,8.847605,110.10236,9.83065,110.7577,7.86456
6.46,110.75771,8.519925,110.75772,9.17529,110.7577,7.86456
6.48,110.757715,8.847605,110.75772,9.83065,110.75771,7.86456
6.5,111.41307499999999,8.847605,111.41308,9.83065,111.41307,7.86456
6.52,112.723785,8.847605000000001,112.06843,9.17529,113.37914,8.51992
6.54,113.05145999999999,8.84761,112.72379,9.83066,113.37913,7.86456
6.56,92.40735000000001,7.536865000000001,106.1701,8.51993,78.6446,6.5538
6.58,26.215030000000002,5.5707450000000005,42.59929,6.55379,9.83077,4.5877
6.6,-12.77949,9.175245,-11.14106,8.51989,-14.41792,9.8306
6.62,-14.090215,15.073515,-13.76252,14.41815,-14.41791,15.72888
6.64,-15.400945,19.005715000000002,-15.07326,19.00571,-15.72863,19.00572
6.66,-16.383995,21.299509999999998,-16.38399,20.97183,-16.384,21.62719
6.68,-17.367044999999997,23.920975,-17.03935,24.24866,-17.69474,23.59329
6.7,-18.350085,25.887075,-18.35008,26.21476,-18.35009,25.55939
6.72,-18.35007,26.870125,-18.35007,27.52549,-18.35007,26.21476
6.74,-18.022370000000002,27.525489999999998,-18.35005,28.18086,-17.69469,26.87012
6.76,-17.366995000000003,27.1978,-17.03931,28.18085,-17.69468,26.21475
6.78,-31.785095000000002,26.54242,-28.18054,27.52547,-35.38965,25.55937
6.8,-35.717335000000006,26.21474,-36.04502,26.87011,-35.38965,25.55937
6.82,-34.734265,25.887045,-34.73426,26.87009,-34.73427,24.904
6.84,-33.751205,25.23167,-34.07888,26.21472,-33.42353,24.24862
6.86,-32.768155,24.576304999999998,-33.42351,25.55935,-32.1128,23.59326
6.88,-32.112785,24.248625,-32.11278,25.55936,-32.11279,22.93789
6.9,-31.457414999999997,23.92093,-31.45741,24.90398,-31.45742,22.93788
6.92,-31.129725,23.26557,-31.4574,24.24862,-30.80205,22.28252
6.94,-30.802035,21.954839999999997,-30.80203,22.93789,-30.80204,20.97179
6.96,-30.474345,21.627155000000002,-30.80202,22.28252,-30.14667,20.97179
6.98,-29.49131,21.62715,-30.14666,22.28252,-28.83596,20.97178
7.0,-30.146700000000003,21.627145,-29.49132,22.28251,-30.80208,20.97178
7.02,-30.146720000000002,21.62715,-30.80207,22.28252,-29.49137,20.97178
7.04,-29.491365000000002,21.62715,-29.49136,22.28252,-29.49137,20.97178
7.06,-29.819045,21.627145,-30.14672,22.28251,-29.49137,20.97178
7.08,-30.146715,21.29947,-30.14671,22.28252,-30.14672,20.31642
7.1,-30.802065,21.29947,-30.80206,22.28252,-30.80207,20.31642
7.12,-31.457414999999997,21.299475,-31.45741,21.62716,-31.45742,20.97179
7.14,-31.457414999999997,22.282519999999998,-31.45741,22.93789,-31.45742,21.62715
7.16,-32.112775,21.954845,-32.11277,22.93789,-32.11278,20.9718
7.18,-32.112764999999996,21.299485,-32.11276,22.28253,-32.11277,20.31644
7.2,-32.11276,20.9718,-31.45739,21.62717,-32.76813,20.31643
7.22,-36.700345,20.971795,-36.70033,21.62716,-36.70036,20.31643
7.24,-36.04499,20.97179,-36.04498,21.62716,-36.045,20.31642
7.26,-35.061945,20.316425,-35.38962,20.97179,-34.73427,19.66106
7.28,-34.734265,19.98874,-34.73426,20.97179,-34.73427,19.00569
7.3,-34.406585,19.66106,-34.73426,20.31643,-34.07891,19.00569
7.32,-34.078900000000004,19.333370000000002,-34.07889,20.31642,-34.07891,18.35032
7.34,-34.078895,19.333370000000002,-34.07889,20.31642,-34.0789,18.35032
7.36,-20.31615,18.350324999999998,-27.52521,19.00569,-13.10709,17.69496
7.38,-1.3103849999999997,18.678015000000002,-2.62113,19.0057,0.0003600000000005,18.35033
7.4,-0.654985000000005,18.67802,-0.65498,19.66107,-0.65499000000001,17.69497
7.42,-0.3273000000000017,18.02265,-0.65497,19.0057,0.0003699999999966,17.0396
7.44,-0.654980000000005,16.711915,-0.65497,17.69497,-0.65499000000001,15.72886
7.46,-2.2934,16.384225,-1.96571,17.03959,-2.62109,15.72886
7.48,-4.2595,16.384225,-3.93181,17.03959,-4.58719,15.72886
7.5,-4.91489,16.38423,-4.58719,17.0396,-5.24259,15.72886
7.52,-4.914935,15.40118,-5.2426,16.38423,-4.58727,14.41813
7.54,-3.931925,14.418135,-4.58727,15.72886,-3.27658,13.10741
7.56,-26.86956,13.435089999999999,-1.96587,14.41814,-51.77325,12.45204
7.58,0.32786000000000004,13.43507,-0.65517,14.41812,1.31089,12.45202
7.6,12.45213,13.10738,8.51992,13.76275,16.38434,12.45201
7.62,17.039704999999998,13.762735,17.03972,14.4181,17.03969,13.10737
7.64,17.039685,14.418095000000001,17.03969,15.07346,17.03968,13.76273
7.66,18.022725,14.09041,17.69505,14.4181,18.3504,13.76272
7.68,18.678095,13.762730000000001,19.00578,14.4181,18.35041,13.10736
7.7,18.35042,13.762725,18.35042,14.41809,18.35042,13.10736
7.72,18.350434999999997,14.090405,18.35044,15.07345,18.35043,13.10736
7.74,18.022765,13.762725,18.35045,14.41809,17.69508,13.10736
7.76,18.022775,13.76272,17.6951,14.41809,18.35045,13.10735
7.78,18.022785,14.090395000000001,17.69511,15.07344,18.35046,13.10735
7.8,17.69511,13.435035,17.69511,14.41808,17.69511,12.45199
7.82,29.819475,13.10737,25.55957,13.76273,34.07938,12.45201
7.84,35.39014,12.7797,35.39015,13.76275,35.39013,11.79665
7.86,36.045505,12.124335,35.39015,13.10739,36.70086,11.14128
7.88,36.373185,11.46896,36.04551,12.45201,36.70086,10.48591
7.9,36.37319,10.48591,36.04552,11.14128,36.70086,9.83054
7.92,36.700874999999996,10.158225,36.70088,11.14127,36.70087,9.17518
7.94,37.028565,9.50286,36.70089,10.48591,37.35624,8.51981
7.96,37.028565,9.17517,37.35625,9.83054,36.70088,8.5198
7.98,36.700895,9.175165,36.7009,9.83053,36.70089,8.5198
8.0,36.37322,9.17516,36.04554,9.83053,36.7009,8.51979
8.02,36.70091,9.17516,36.70091,9.83053,36.70091,8.51979
8.04,50.791354999999996,9.175175,44.56534,9.83053,57.01737,8.51982
8.06,63.89879,9.830555,63.5711,10.48592,64.22648,9.17519
8.08,63.243430000000004,9.830555,62.91576,10.48592,63.5711,9.17519
8.1,62.915760000000006,9.502875,62.91577,10.48592,62.91575,8.51983
8.12,62.26039,9.17519,62.2604,9.83056,62.26038,8.51982
8.14,62.260395,8.519825,62.2604,9.17519,62.26039,7.86446
8.16,61.93272,7.86446,61.60505,8.51983,62.26039,7.20909
8.18,62.260400000000004,7.53677,61.60505,8.51982,62.91575,6.55372
8.2,63.5711,7.209085,62.91575,7.86445,64.22645,6.55372
8.22,64.554125,6.881399999999999,64.22645,7.86445,64.8818,5.89835
8.24,64.88179,7.209075,64.8818,7.86444,64.88178,6.55371
8.26,64.88177999999999,6.88139,64.88179,7.86444,64.88177,5.89834
8.28,64.226415,6.22603,64.22642,7.20908,64.22641,5.24298
8.3,63.898714999999996,5.898350000000001,64.22641,6.55372,63.57102,5.24298
8.32,72.09081499999999,4.915315,65.53713,5.89835,78.6445,3.93228
8.34,97.65023500000001,5.24304,94.37338,5.8984,100.92709,4.58768
8.36,100.59940499999999,5.57072,100.9271,6.55377,100.27171,4.58767
8.38,100.271715,5.243040000000001,100.27172,5.89841,100.27171,4.58767
8.4,101.25475,4.91535,100.92708,5.8984,101.58242,3.9323
8.42,101.254745,4.259975,101.58243,5.24302,100.92706,3.27693
8.44,101.25475,3.60461,100.92708,3.9323,101.58242,3.27692
8.46,100.927075,4.58765,100.92708,5.24302,100.92707,3.93228
8.48,100.927075,4.587645,100.92708,5.24301,100.92707,3.93228
8.5,100.59939,5.243005,100.27172,5.89837,100.92706,4.58764
8.52,100.59939,5.243005,100.92708,5.89837,100.2717,4.58764
8.54,100.927075,5.243005,100.92708,5.89837,100.92707,4.58764
8.56,100.59939,5.243005,100.27172,5.89837,100.92706,4.58764
8.58,100.92707,5.24301,100.92708,5.89838,100.92706,4.58764
8.6,100.27171,5.24301,100.27172,5.89837,100.2717,4.58765
8.62,100.27171,5.570695000000001,100.27172,5.89838,100.2717,5.24301
8.64,106.170025,5.243035,102.23781,5.89839,110.10224,4.58768
8.66,116.65594,5.243065,116.00058,5.89843,117.3113,4.5877
8.68,116.328255,5.570755,116.00058,6.5538,116.65593,4.58771
8.7,116.00058,5.2430699999999995,116.00059,5.89844,116.00057,4.5877
8.72,116.000575,5.24307,116.00058,5.89843,116.00057,4.58771
8.74,115.345215,4.915385000000001,115.34522,5.89843,115.34521,3.93234
8.76,115.34521000000001,4.260025000000001,115.34522,5.24307,115.3452,3.27698
8.78,115.01753,4.5877,114.68986,5.24307,115.3452,3.93233
8.8,115.34647000000001,4.587695,114.69239,5.24307,116.00055,3.93232
8.82,109.44685999999999,2.293895,116.00056,3.93232,102.89316,0.65547
8.84,51.11891,-4.259805,70.12467,-1.31066,32.11315,-7.20895
8.86,-8.51979,-9.50273,-0.65533,-8.51968,-16.38425,-10.48578
8.88,-16.38425,-10.15811,-17.03962,-9.83042,-15.72888,-10.4858
8.9,-16.056555,-8.84739,-16.38423,-8.5197,-15.72888,-9.17508
8.92,-15.40119,-7.86435,-15.72886,-7.20898,-15.07352,-8.51972
8.94,-14.74583,-7.209,-15.0735,-6.55363,-14.41816,-7.86437
8.96,-14.090475000000001,-6.55364,-14.41815,-5.89827,-13.7628,-7.20901
8.98,-14.090475000000001,-5.898285,-14.41815,-5.24292,-13.7628,-6.55365
9.0,-14.41817,-5.242925,-14.41816,-4.58756,-14.41818,-5.89829
9.02,-14.418165,-4.9152450000000005,-14.41816,-4.58756,-14.41817,-5.24293
9.04,-14.090489999999999,-4.587565,-14.41816,-3.9322,-13.76282,-5.24293
9.06,-20.644185,-4.25988,-17.03964,-3.9322,-24.24873,-4.58756
9.08,-25.2318,-3.6045049999999996,-25.55948,-3.27682,-24.90412,-3.93219
9.1,-24.576430000000002,-2.6214649999999997,-24.9041,-1.9661,-24.24876,-3.27683
9.12,-24.24875,-2.6214649999999997,-24.24874,-1.9661,-24.24876,-3.27683
9.14,-23.921065,-2.62147,-24.24874,-1.9661,-23.59339,-3.27684
9.16,-24.248745,-2.62147,-24.24874,-1.9661,-24.24875,-3.27684
9.18,-24.248739999999998,-2.62147,-24.24873,-1.96611,-24.24875,-3.27683
9.2,-24.248735,-2.6214649999999997,-24.24873,-1.9661,-24.24874,-3.27683
9.22,-24.576414999999997,-2.62147,-24.24873,-1.9661,-24.9041,-3.27684
9.24,-24.57641,-2.62147,-24.90409,-1.9661,-24.24873,-3.27684
9.26,-24.576405,-2.9491449999999997,-24.90408,-1.9661,-24.24873,-3.93219
9.28,-24.904075,-3.60451,-24.90407,-2.62146,-24.90408,-4.58756
9.3,-17.039645,-3.60451,-22.93797,-3.27683,-11.14132,-3.93219
9.32,3.933555,-3.9321650000000004,1.96616,-2.62144,5.90095,-5.24289
9.34,4.26,-5.242900000000001,4.58769,-3.93217,3.93231,-6.55363
9.36,4.25999,-10.813495,3.93232,-7.20899,4.58766,-14.418
9.38,15.401145,-42.59868,9.83055,-27.52531,20.97174,-57.67205
9.4,38.011465,-110.75655,32.76836,-90.44023,43.25457,-131.07287
9.42,57.01769,-160.564155,54.39618,-157.94271,59.6392,-163.1856
9.44,53.740674999999996,-145.4909,55.7069,-150.73378,51.77445,-140.24802
9.46,43.58222,-120.259495,45.87607,-125.1747,41.28837,-115.34429
9.48,37.683769999999996,-99.287875,38.66685,-103.54774,36.70069,-95.02801
9.5,34.406859999999995,-84.21450999999999,35.38993,-86.50828,33.42379,-81.92074
9.52,31.785335,-72.090235,32.11304,-74.05634,31.45763,-70.12413
9.54,29.163825000000003,-60.62132,29.49153,-62.9151,28.83612,-58.32754
9.56,27.525370000000002,-50.46316,27.52539,-51.77389,27.52535,-49.15243
9.58,26.54229,-42.92646,26.86998,-43.90951,26.2146,-41.94341
9.6,25.55922,-36.372820000000004,25.55923,-37.35586,25.55921,-35.38978
9.62,24.90384,-30.802225,24.90385,-30.80223,24.90383,-30.80222
9.64,23.92079,-27.19771,24.24848,-27.52539,23.5931,-26.87003
9.66,22.937739999999998,-24.576245,22.93775,-24.24857,22.93773,-24.90392
9.68,25.231524999999998,-22.610145,22.28238,-22.28247,28.18067,-22.93782
9.7,48.82485,-19.66097,42.59883,-19.66097,55.05087,-19.66097
9.72,63.24303999999999,-16.71181,62.91535,-16.38413,63.57073,-17.03949
9.74,62.587675,-14.745715,62.26,-14.41803,62.91535,-15.0734
9.76,5.243680000000001,-13.762665,62.26001,-13.1073,-51.77265,-14.41803
9.78,61.604645000000005,-13.107305,61.60465,-12.45194,61.60464,-13.76267
9.8,61.276965000000004,-13.1073,61.60465,-12.45193,60.94928,-13.76267
9.82,60.949285,-12.451945,60.94929,-11.79658,60.94928,-13.10731
9.84,60.293925,-12.45194,60.29393,-11.79657,60.29392,-13.10731
9.86,59.310885,-12.124255,59.63857,-11.14121,58.9832,-13.1073
9.88,58.983215,-12.124255,58.98322,-11.14121,58.98321,-13.1073
9.9,55.706379999999996,-11.796565000000001,58.32786,-11.1412,53.0849,-12.45193
9.92,42.2713,-11.79656,43.25437,-11.14119,41.28823,-12.45193
9.94,41.288245,-10.813514999999999,41.28825,-10.48583,41.28824,-11.1412
9.96,41.28826,-10.485835,41.28826,-9.83047,41.28826,-11.1412
9.98,41.288264999999996,-10.485835,41.28827,-9.83047,41.28826,-11.1412
10.0,41.288275,-10.48583,41.28828,-9.83046,41.28827,-11.1412
10.02,40.960605,-9.830455,40.63293,-9.17509,41.28828,-10.48582
10.04,39.977565,-9.502765,39.97757,-8.51972,39.97756,-10.48581
10.06,39.977575,-9.175085,39.97758,-8.51972,39.97757,-9.83045
10.08,41.288295000000005,-8.847405,39.97758,-8.51972,42.59901,-9.17509
10.1,65.20926,-8.192015000000001,56.36177,-7.86434,74.05675,-8.51969
10.12,83.559635,-6.553575,83.23196,-6.55357,83.88731,-6.55358
10.14,82.904265,-5.24286,82.57659,-4.58749,83.23194,-5.89823
10.16,83.559625,-5.2428550000000005,83.88731,-4.58749,83.23194,-5.89822
10.18,83.887295,-4.5875,83.8873,-3.93213,83.88729,-5.24287
10.2,83.559615,-4.259815,83.23194,-3.27677,83.88729,-5.24286
10.22,84.214975,-3.93214,83.8873,-3.27677,84.54265,-4.58751
10.24,84.542645,-3.60446,84.54265,-3.27677,84.54264,-3.93215
10.26,84.870325,-3.2767749999999998,84.54265,-2.62141,85.198,-3.93214
10.28,72.4183,-4.915195,82.57654,-3.27678,62.26006,-6.55361
10.3,13.43498,-8.5197,28.83619,-7.20898,-1.96623,-9.83042
10.32,-18.022815,-6.88129,-17.69513,-6.55361,-18.3505,-7.20897
10.34,-17.039735,-4.259835,-17.03973,-3.93215,-17.03974,-4.58752
10.36,-17.039724999999997,-2.293755,-17.03972,-1.96607,-17.03973,-2.62144
10.38,-16.712035,-2.293765,-17.03971,-1.31071,-16.38436,-3.27682
10.4,-16.38435,-3.27682,-16.38434,-2.62145,-16.38436,-3.93219
10.42,-17.039704999999998,-1.638415,-17.0397,-1.31073,-17.03971,-1.9661
10.44,-18.022734999999997,0.3276700000000004,-17.69505,0.65536,-18.35042,-1.9999999999243e-05
10.46,-19.333444999999998,1.638395,-19.00576,1.96608,-19.66113,1.31071
10.48,-19.988795,2.621445,-19.66111,3.27681,-20.31648,1.96608
10.5,-20.316465,2.949135,-20.31646,3.27682,-20.31647,2.62145
10.52,-20.316454999999998,3.932175,-20.31645,4.58754,-20.31646,3.27681
10.54,-20.316454999999998,4.259855,-20.31645,5.2429,-20.31646,3.27681
10.56,-20.31644,4.587535,-20.31644,5.2429,-20.31644,3.93217
10.58,-20.316435,4.587540000000001,-20.31643,5.24291,-20.31644,3.93217
10.6,-20.644105,4.587545,-20.97178,5.24291,-20.31643,3.93218
10.62,-24.57631,3.604505,-22.2825,4.58755,-26.87012,2.62146
10.64,-29.491585,3.2768249999999997,-29.49158,3.93219,-29.49159,2.62146
10.66,-29.491574999999997,2.94915,-29.49157,3.9322,-29.49158,1.9661
10.68,-29.491574999999997,2.29379,-29.49157,3.27684,-29.49158,1.31074
10.7,-29.49157,1.63842,-29.49156,2.62147,-29.49158,0.65537
10.72,-28.508544999999998,1.31074,-28.83622,1.96611,-28.18087,0.65537
10.74,-27.19783,0.98305,-27.5255,1.9661,-26.87016,0.0
10.76,-27.525515,0.6553599999999984,-27.52551,1.31073,-27.52552,-1.0000000003174e-05
10.78,-26.87016,0.6553599999999984,-26.87015,1.31073,-26.87017,-1.0000000003174e-05
10.8,-26.870154999999997,0.32767999999999997,-26.87015,1.31073,-26.87016,-0.65537
10.82,-26.870154999999997,-0.65537,-26.87015,0.0,-26.87016,-1.31074
10.84,-26.870154999999997,-0.9830550000000016,-26.87015,-1.0000000003174e-05,-26.87016,-1.9661
10.86,-23.265635,-1.310735,-26.87015,-0.65537,-19.66112,-1.9661
10.88,-1.3106849999999999,-0.65536,-5.89828,0.0,3.27691,-1.31072
10.9,3.604635,4.999999999977245e-06,3.93233,0.65537,3.27694,-0.65536
10.92,3.276955,4.999999999977245e-06,3.27696,0.65537,3.27695,-0.65536
10.94,3.276955,0.0,3.27696,0.65537,3.27695,-0.65537
10.96,3.2769500000000003,-0.32768499999999995,3.27696,0.65536,3.27694,-1.31073
10.98,3.276945,-0.9830550000000016,3.27695,-1.0000000003174e-05,3.27694,-1.9661
11.0,3.276955,-0.9830600000000016,3.27696,-1.0000000003174e-05,3.27695,-1.96611
11.02,3.6046300000000002,-0.9830600000000016,3.27696,-1.0000000003174e-05,3.9323,-1.96611
11.04,3.27695,-1.310745,3.27695,-0.65538,3.27695,-1.96611
11.06,3.604635,-1.638425,3.27696,-0.65538,3.93231,-2.62147
11.08,3.604635,-1.96611,3.27696,-1.31074,3.93231,-2.62148
11.1,3.60464,-1.966115,3.27697,-1.31075,3.93231,-2.62148
11.12,3.27696,-2.62148,3.27697,-1.96611,3.27695,-3.27685
11.14,6.553795,-3.2768450000000002,3.27697,-1.96612,9.83062,-4.58757
11.16,37.356175,-3.932185,29.49173,-3.27682,45.22062,-4.58755
11.18,46.859094999999996,-4.259855,47.84215,-3.27681,45.87604,-5.2429
11.2,45.876045000000005,-4.25986,45.87605,-3.27681,45.87604,-5.24291
11.22,45.548370000000006,-4.587545,45.87606,-3.93217,45.22068,-5.24292
11.24,44.893005,-5.24291,44.56533,-4.58754,45.22068,-5.89828
11.26,44.23765,-5.89828,44.56534,-5.24291,43.90996,-6.55365
11.28,44.23765,-6.225965,43.90998,-5.24292,44.56532,-7.20901
11.3,44.237645,-6.881325,44.56533,-6.55364,43.90996,-7.20901
11.32,44.56532,-7.209009999999999,44.56533,-6.55364,44.56531,-7.86438
11.34,45.54835,-7.209020000000001,45.22068,-6.55365,45.87602,-7.86439
11.36,46.203689999999995,-7.536709999999999,45.87602,-6.55366,46.53136,-8.51976
11.38,46.531369999999995,-7.864395,46.53138,-7.20903,46.53136,-8.51976
11.4,45.54831,-7.864395,46.53137,-7.20903,44.56525,-8.51976
11.42,38.994614999999996,-7.864395,39.32231,-7.20903,38.66692,-8.51976
11.44,39.3223,-7.864395,39.32231,-7.20903,39.32229,-8.51976
11.46,39.322289999999995,-7.8644,39.3223,-7.20903,39.32228,-8.51977
11.48,39.97765,-8.192084999999999,39.97766,-7.20904,39.97764,-9.17513
11.5,39.977644999999995,-8.519765,39.97765,-7.8644,39.97764,-9.17513
11.52,39.977644999999995,-9.175135000000001,39.97765,-8.51977,39.97764,-9.8305
11.54,39.977639999999994,-9.50281,39.97765,-8.51976,39.97763,-10.48586
11.56,39.977639999999994,-9.830494999999999,39.97765,-9.17513,39.97763,-10.48586
11.58,39.977635,-9.8305,39.97764,-9.17513,39.97763,-10.48587
11.6,51.1189,-10.485845,42.59911,-9.83049,59.63869,-11.1412
11.62,79.299825,-9.83045,76.67834,-9.17509,81.92131,-10.48581
11.64,80.93827,-9.502765,81.26596,-8.51972,80.61058,-10.48581
11.66,80.938265,-9.50277,80.61059,-8.51972,81.26594,-10.48582
11.68,81.265945,-9.830455,81.26595,-9.17509,81.26594,-10.48582
11.7,80.93827,-10.48582,80.6106,-9.83045,81.26594,-11.14119
11.72,80.938265,-11.141185,80.61059,-10.48582,81.26594,-11.79655
11.74,80.61059,-11.468869999999999,80.6106,-10.48582,80.61058,-12.45192
11.76,80.61059,-12.12423,80.6106,-11.14118,80.61058,-13.10728
11.78,80.93827,-12.451915,80.61059,-11.79655,81.26595,-13.10728
11.8,80.610595,-12.779605,80.6106,-11.79656,80.61059,-13.76265
11.82,80.938275,-13.43496,80.6106,-12.45191,81.26595,-14.41801
11.84,76.35069999999999,-13.43497,78.6445,-12.45192,74.0569,-14.41802
11.86,73.729225,-14.09033,73.40155,-13.10728,74.0569,-15.07338
11.88,73.401545,-14.090335,73.40155,-13.10729,73.40154,-15.07338
11.9,73.40155,-14.745705000000001,73.40156,-13.76266,73.40154,-15.72875
11.92,73.729235,-15.401060000000001,74.05692,-14.41801,73.40155,-16.38411
11.94,74.056915,-15.728745,74.05692,-15.07338,74.05691,-16.38411
11.96,75.36762,-16.05643,75.36763,-15.07338,75.36761,-17.03948
11.98,76.02297,-16.056440000000002,76.02298,-15.07339,76.02296,-17.03949
12.0,76.67832,-17.03949,76.67833,-16.38412,76.67831,-17.69486
12.02,77.005985,-17.36717,76.67831,-16.38412,77.33366,-18.35022
12.04,77.005985,-17.367175,76.67831,-16.38413,77.33366,-18.35022
12.06,76.678305,-18.02254,76.67831,-17.03949,76.6783,-19.00559
12.08,77.33366000000001,-18.35022,77.33367,-17.69485,77.33365,-19.00559
12.1,77.66134,-18.677905,77.33367,-17.69486,77.98901,-19.66095
12.12,77.661325,-19.333275,77.33365,-18.35023,77.989,-20.31632
12.14,77.661325,-19.98864,77.98902,-19.00559,77.33363,-20.97169
12.16,77.661315,-20.644,77.33364,-19.66095,77.98899,-21.62705
12.18,82.90426500000001,-20.971670000000003,78.64438,-20.31631,87.16415,-21.62703
12.2,94.700935,-20.316295,94.37325,-19.66093,95.02862,-20.97166
12.22,95.028615,-20.316290000000002,94.37326,-19.66092,95.68397,-20.97166
12.24,95.02861,-20.316290000000002,95.02862,-19.66092,95.0286,-20.97166
12.26,95.683965,-20.971655,95.68397,-20.31629,95.68396,-21.62702
12.28,95.028605,-20.971655,95.02861,-20.31629,95.0286,-21.62702
12.3,95.0286,-20.97166,95.02861,-20.31629,95.02859,-21.62703
12.32,95.028605,-20.971665,95.02861,-20.3163,95.0286,-21.62703
12.34,95.0286,-21.29934,95.0286,-20.31629,95.0286,-22.28239
12.36,101.90997999999999,-21.95469,98.96082,-20.97165,104.85914,-22.93773
12.38,106.497565,-21.626995,106.16989,-20.97163,106.82524,-22.28236
12.4,106.49756500000001,-21.299315,106.82525,-20.31627,106.16988,-22.28236
12.42,106.169885,-21.299315,106.16989,-20.31627,106.16988,-22.28236
12.44,106.169885,-21.626995,106.16989,-20.97163,106.16988,-22.28236
12.46,106.169885,-21.954675,106.16989,-20.97163,106.16988,-22.93772
12.48,105.51452499999999,-21.954675,105.51453,-20.97163,105.51452,-22.93772
12.5,104.859165,-21.954675,104.85917,-20.97163,104.85916,-22.93772
12.52,104.85917,-21.626995,104.85918,-20.97163,104.85916,-22.28236
12.54,104.20381,-21.62699,104.20382,-20.97162,104.2038,-22.28236
12.56,115.01738,-21.954639999999998,108.79137,-20.97161,121.24339,-22.93767
12.58,133.04007000000001,-21.626910000000002,131.72933,-20.97155,134.35081,-22.28227
12.6,133.04008,-20.643864999999998,133.04009,-20.31618,133.04007,-20.97155
12.62,133.69543,-19.988505,133.69544,-19.66082,133.69542,-20.31619
12.64,134.0231,-19.660825,133.04007,-19.00546,135.00613,-20.31619
12.66,134.67844000000002,-19.005465,134.35077,-18.3501,135.00611,-19.66083
12.68,135.0061,-19.005470000000003,135.00611,-18.3501,135.00609,-19.66084
12.7,135.00609,-18.677785,135.0061,-17.69474,135.00608,-19.66083
12.72,135.00608,-18.35011,135.00609,-17.69474,135.00607,-19.00548
12.74,134.35071499999998,-18.350105,134.35072,-17.69474,134.35071,-19.00547
12.76,134.678395,-17.367065,134.35073,-17.03938,135.00606,-17.69475
12.78,134.02302,-17.36707,135.00608,-16.38402,133.03996,-18.35012
12.8,94.37317,-19.660885,112.72354,-17.69478,76.0228,-21.62699
12.82,20.31635,-22.610025,36.70059,-22.28235,3.93211,-22.9377
12.84,-8.192245,-19.66089,-8.51993,-19.66089,-7.86456,-19.66089
12.86,-7.209185,-17.367115,-7.20918,-17.03943,-7.20919,-17.6948
12.88,-7.20918,-16.05639,-7.20917,-15.7287,-7.20919,-16.38408
12.9,-6.881505,-15.401035,-7.20918,-14.41799,-6.55383,-16.38408
12.92,-6.881505,-15.073360000000001,-7.20918,-14.41799,-6.55383,-15.72873
12.94,-6.553825,-15.40105,-6.55382,-14.418,-6.55383,-16.3841
12.96,-6.2261500000000005,-15.401045,-6.55382,-15.07336,-5.89848,-15.72873
12.98,-6.226135,-15.401055,-6.55381,-14.41801,-5.89846,-16.3841
13.0,-5.89845,-15.728735,-5.89845,-15.07337,-5.89845,-16.3841
13.02,-13.76289,-16.711785,-10.48603,-15.72873,-17.03975,-17.69484
13.04,-18.022804999999998,-16.711785,-18.35049,-15.72874,-17.69512,-17.69483
13.06,-18.350475000000003,-16.384095,-18.35047,-15.72873,-18.35048,-17.03946
13.08,-18.350465,-16.056420000000003,-18.35046,-15.07337,-18.35047,-17.03947
13.1,-18.678130000000003,-16.3841,-19.0058,-15.72873,-18.35046,-17.03947
13.12,-18.350445,-16.384105,-18.35045,-15.72874,-18.35044,-17.03947
13.14,-18.678115,-16.056420000000003,-18.35043,-15.07337,-19.0058,-17.03947
13.16,-18.678115,-16.056425,-18.35043,-15.72874,-19.0058,-16.38411
13.18,-19.005785000000003,-15.728745,-19.00578,-15.07338,-19.00579,-16.38411
13.2,-14.090505,-16.384095,-19.00577,-15.72873,-9.17524,-17.03946
13.22,20.97183,-16.711765,13.10739,-16.38408,28.83627,-17.03945
13.24,32.768535,-15.728705000000001,33.4239,-15.07334,32.11317,-16.38407
13.26,31.457815,-16.05639,31.45782,-15.07334,31.45781,-17.03944
13.28,31.457819999999998,-16.384075,31.45783,-15.72871,31.45781,-17.03944
13.3,32.44085,-17.039445,32.11318,-16.38407,32.76852,-17.69482
13.32,33.75156,-17.367135,33.42389,-16.38409,34.07923,-18.35018
13.34,34.406909999999996,-17.69482,34.07924,-17.03945,34.73458,-18.35019
13.36,35.062259999999995,-17.69483,34.73459,-17.03946,35.38993,-18.3502
13.38,35.389935,-18.350195,35.38994,-17.69483,35.38993,-19.00556
13.4,36.045294999999996,-18.677880000000002,36.0453,-17.69483,36.04529,-19.66093
13.42,36.045294999999996,-19.333244999999998,36.0453,-18.3502,36.04529,-20.31629
13.44,37.02833,-19.660919999999997,36.70066,-19.00555,37.356,-20.31629
13.46,37.35601,-19.66093,37.35602,-19.00556,37.356,-20.3163
13.48,37.683695,-19.988615,37.35602,-19.00557,38.01137,-20.97166
13.5,38.33905,-20.64398,38.01138,-19.66093,38.66672,-21.62703
13.52,38.33906,-20.64398,38.01138,-19.66093,38.66674,-21.62703
13.54,38.339065,-20.97166,38.01139,-20.31629,38.66674,-21.62703
13.56,38.666745,-20.971665,38.66675,-20.3163,38.66674,-21.62703
13.58,38.666740000000004,-21.95471,38.66675,-20.97166,38.66673,-22.93776
13.6,47.514205000000004,-22.282380000000003,40.63284,-21.62702,54.39557,-22.93774
13.62,74.384405,-20.97162,70.1245,-20.31626,78.64431,-21.62698
13.64,77.98897,-20.97161,77.98898,-20.31624,77.98896,-21.62698
13.66,78.31665,-21.299300000000002,77.98897,-20.31625,78.64433,-22.28235
13.68,78.316655,-21.954665,77.98898,-20.97162,78.64433,-22.93771
13.7,78.316655,-22.28235,77.98898,-21.62698,78.64433,-22.93772
13.72,77.988975,-22.282355,77.98898,-21.62699,77.98897,-22.93772
13.74,78.31666,-22.610035,77.98898,-21.62699,78.64434,-23.59308
13.76,78.316665,-22.93772,77.98899,-22.28235,78.64434,-23.59309
13.78,77.988985,-23.265405,77.98899,-22.28236,77.98898,-24.24845
13.8,78.316665,-23.59309,77.98899,-22.93772,78.64434,-24.24846
13.82,77.988985,-23.92077,77.98899,-23.59308,77.98898,-24.24846
13.84,77.988995,-23.59309,77.989,-22.93772,77.98899,-24.24846
13.86,77.988995,-23.920769999999997,77.989,-22.93772,77.98899,-24.90382
13.88,66.52005,-24.57613,75.36754,-23.59309,57.67256,-25.55917
13.9,22.282595,-24.248435,31.45778,-24.24844,13.10741,-24.24843
13.92,-22.60977,-21.29928,6.55374,-20.97159,-51.77328,-21.62697
13.94,7.8645,-20.316245,7.86451,-19.66088,7.86449,-20.97161
13.96,8.51986,-19.33321,8.51987,-18.35016,8.51985,-20.31626
13.98,10.158249999999999,-19.00554,9.83058,-18.35017,10.48592,-19.66091
14.0,10.813600000000001,-19.00555,10.48593,-18.35018,11.14127,-19.66092
14.02,11.141285,-18.677880000000002,11.14129,-17.69483,11.14128,-19.66093
14.04,11.796635,-18.677875,11.79664,-17.69483,11.79663,-19.66092
14.06,12.124324999999999,-18.3502,11.79665,-17.69483,12.452,-19.00557
14.08,12.124324999999999,-18.022515,11.79665,-17.03947,12.452,-19.00556
14.1,12.124324999999999,-18.350205,11.79665,-17.69484,12.452,-19.00557
14.12,12.45201,-18.022525,12.45201,-17.03948,12.45201,-19.00557
14.14,12.452015,-18.02253,12.45202,-17.03948,12.45201,-19.00558
14.16,12.45202,-18.350209999999997,12.45202,-17.69484,12.45202,-19.00558
14.18,12.779705,-17.694850000000002,13.10739,-17.03948,12.45202,-18.35022
14.2,13.107389999999999,-18.02253,13.1074,-17.03948,13.10738,-19.00558
14.22,13.1074,-18.02253,13.10741,-17.03948,13.10739,-19.00558
14.24,13.435085,-18.350215,13.10741,-17.69485,13.76276,-19.00558
14.26,14.41813,-18.350215,14.41814,-17.69485,14.41812,-19.00558
14.28,14.09046,-18.022534999999998,13.76278,-17.03949,14.41814,-19.00558
14.3,11.796675,-18.350209999999997,15.07352,-17.69485,8.51983,-19.00557
14.32,-12.12433,-17.039455,-7.20903,-16.38409,-17.03963,-17.69482
14.34,-17.03961,-16.056404999999998,-17.69498,-15.72872,-16.38424,-16.38409
14.36,-16.384234999999997,-15.72872,-16.38423,-15.07335,-16.38424,-16.38409
14.38,-16.384234999999997,-15.073364999999999,-16.38423,-14.418,-16.38424,-15.72873
14.4,-16.384225,-15.401045,-16.38422,-14.418,-16.38423,-16.38409
14.42,-16.384214999999998,-15.073360000000001,-16.38421,-14.41799,-16.38422,-15.72873
14.44,-16.384214999999998,-15.073360000000001,-16.38421,-14.41799,-16.38422,-15.72873
14.46,-16.38421,-15.073355,-16.38421,-14.41799,-16.38421,-15.72872
14.48,-16.056525,-14.745674999999999,-16.3842,-13.76263,-15.72885,-15.72872
14.5,10.8136,-15.7287,-5.24294,-15.07334,26.87014,-16.38406
14.52,72.418415,-13.107195,60.94943,-13.10721,83.8874,-13.10718
14.54,91.7519,-10.485705,92.40727,-9.83034,91.09653,-11.14107
14.56,90.441165,-9.83034,89.78581,-9.17497,91.09652,-10.48571
14.58,91.75189,-9.830355,91.09654,-9.17498,92.40724,-10.48573
14.6,92.734915,-9.83037,92.40725,-9.175,93.06258,-10.48574
14.62,94.37331,-9.5027,94.37332,-9.17501,94.3733,-9.83039
14.64,94.37331,-9.17503,94.37332,-8.51966,94.3733,-9.8304
14.66,95.02867499999999,-9.17504,95.02868,-8.51967,95.02867,-9.83041
14.68,92.407195,-9.502725,95.68404,-8.51968,89.13035,-10.48577
14.7,48.49745,-9.830415,63.57097,-9.17505,33.42393,-10.48578
14.72,15.07357,-8.192,15.72894,-7.86431,14.4182,-8.51969
14.74,15.073595000000001,-7.208970000000001,15.0736,-6.5536,15.07359,-7.86434
14.76,15.401275,-6.5536200000000004,15.0736,-5.89825,15.72895,-7.20899
14.78,16.056625,-6.881304999999999,15.72895,-5.89825,16.3843,-7.86436
14.8,15.728955,-7.536675,15.72896,-6.55363,15.72895,-8.51972
14.82,16.056635,-7.209,15.72896,-6.55363,16.38431,-7.86437
14.84,16.71199,-7.209004999999999,16.38432,-6.55364,17.03966,-7.86437
14.86,-17.694415,-7.53669,16.38431,-6.55364,-51.77314,-8.51974
14.88,24.90407,-8.847415,17.69504,-7.86437,32.1131,-9.83046
14.9,74.384465,-8.519680000000001,60.29401,-8.51969,88.47492,-8.51967
14.92,111.08522500000001,-7.53657,107.48069,-7.20889,114.68976,-7.86425
14.94,112.395985,-6.55353,112.72368,-5.89816,112.06829,-7.2089
14.96,112.0683,-6.881209999999999,112.06831,-5.89816,112.06829,-7.86426
14.98,111.41293,-7.53659,111.41294,-6.55354,111.41292,-8.51964
15.0,111.74061,-7.5366,112.0683,-6.55355,111.41292,-8.51965
15.02,111.412925,-8.191965,111.41293,-7.20891,111.41292,-9.17502
15.04,111.085245,-9.175025,110.75757,-7.86429,111.41292,-10.48576
15.06,111.412925,-10.15807,111.41293,-9.17502,111.41292,-11.14112
15.08,106.82535,-9.830404999999999,110.75757,-9.17503,102.89313,-10.48578
15.1,96.994815,-9.50273,96.99482,-9.17505,96.99481,-9.83041
15.12,96.99481499999999,-9.830415,96.99483,-9.17505,96.9948,-10.48578
15.14,96.66713999999999,-10.158095,96.99483,-9.17505,96.33945,-11.14114
15.16,96.339455,-10.158095,96.33946,-9.17505,96.33945,-11.14114
15.18,96.339455,-10.485775,96.33946,-9.83041,96.33945,-11.14114
15.2,95.684095,-10.813455000000001,95.6841,-9.83041,95.68409,-11.7965
15.22,96.667135,-11.14114,96.33946,-10.48577,96.99481,-11.79651
15.24,98.30552,-10.813469999999999,97.65017,-10.48578,98.96087,-11.14116
15.26,99.28855,-10.813469999999999,98.96088,-9.83042,99.61622,-11.79652
15.28,90.441065,-10.813469999999999,96.33939,-10.48579,84.54274,-11.14115
15.3,76.350605,-10.48579,76.6783,-9.83042,76.02291,-11.14116
15.32,76.022925,-10.48579,76.02293,-9.83042,76.02292,-11.14116
15.34,76.3506,-10.485800000000001,76.02293,-9.83043,76.67827,-11.14117
15.36,76.67828,-10.485805,76.67829,-9.83044,76.67827,-11.14117
15.38,76.678275,-10.485805,76.67828,-9.83044,76.67827,-11.14117
15.4,77.005955,-10.48581,76.67828,-9.83044,77.33363,-11.14118
15.42,77.661305,-10.48581,77.33363,-9.83044,77.98898,-11.14118
15.44,87.81949499999999,-11.141155,79.95508,-9.83044,95.68391,-12.45187
15.46,116.98347,-11.46877,111.41283,-11.1411,122.55411,-11.79644
15.48,124.19255,-9.502659999999999,124.52024,-9.17497,123.86486,-9.83035
15.5,123.53718,-9.17498,123.20951,-8.51961,123.86485,-9.83035
15.52,123.53718,-9.17498,123.86487,-8.51961,123.20949,-9.83035
15.54,123.537175,-8.8473,123.2095,-7.86425,123.86485,-9.83035
15.56,123.20949,-9.174985,123.2095,-8.51962,123.20948,-9.83035
15.58,122.881815,-9.174990000000001,123.2095,-8.51962,122.55413,-9.83036
15.6,122.554135,-9.50267,122.55414,-8.51962,122.55413,-10.48572
15.62,98.96083,-13.762574999999998,113.37899,-11.1411,84.54267,-16.38405
15.64,25.887065,-18.677825,44.56511,-18.35015,7.20902,-19.0055
15.66,-19.98883,-17.367085,-17.69503,-17.0394,-22.28263,-17.69477
15.68,-21.299545000000002,-15.728684999999999,-20.97186,-15.07332,-21.62723,-16.38405
15.7,-21.627215,-14.745650000000001,-21.62721,-13.7626,-21.62722,-15.7287
15.72,-21.29953,-14.41798,-21.62721,-13.76261,-20.97185,-15.07335
15.74,-21.299525,-14.417985,-21.6272,-13.76262,-20.97185,-15.07335
15.76,-21.627205,-13.762625,-21.6272,-13.10726,-21.62721,-14.41799
15.78,-21.627205,-14.090309999999999,-21.6272,-13.10726,-21.62721,-15.07336
15.8,-22.282564999999998,-14.417995,-22.28256,-13.76263,-22.28257,-15.07336
15.82,-25.887085,-14.090309999999999,-22.28256,-13.76263,-29.49161,-14.41799
15.84,-36.0453,-13.76262,-36.04529,-13.10726,-36.04531,-14.41798
15.86,-35.717615,-13.43493,-36.04529,-12.45188,-35.38994,-14.41798
15.88,-34.734575,-13.10726,-34.73457,-12.45189,-34.73458,-13.76263
15.9,-33.423865000000006,-13.10727,-34.07921,-12.4519,-32.76852,-13.76264
15.92,-32.768515,-13.10728,-32.76851,-12.45191,-32.76852,-13.76265
15.94,-32.768519999999995,-13.107285000000001,-32.76851,-12.45192,-32.76853,-13.76265
15.96,-32.440844999999996,-13.107289999999999,-32.76852,-12.45192,-32.11317,-13.76266
15.98,-32.113164999999995,-13.107289999999999,-32.11316,-12.45192,-32.11317,-13.76266
16.0,-30.14707,-13.434975000000001,-32.11316,-12.45193,-28.18098,-14.41802
16.02,0.3276500000000002,-12.779595,-10.48598,-12.45191,11.14128,-13.10728
16.04,19.333444999999998,-12.4519,19.66113,-11.79653,19.00576,-13.10727
16.06,18.350395,-12.45191,17.69504,-11.79654,19.00575,-13.10728
16.08,19.005755,-13.107275,19.00576,-12.45191,19.00575,-13.76264
16.1,18.678069999999998,-13.434965,18.3504,-12.45192,19.00574,-14.41801
16.12,18.350385000000003,-13.434965,18.35039,-12.45192,18.35038,-14.41801
16.14,18.678065,-13.76265,18.35039,-13.10728,19.00574,-14.41802
16.16,19.333425,-14.090335,19.00575,-13.10729,19.6611,-15.07338
16.18,19.005735,-14.418015,19.00574,-13.76265,19.00573,-15.07338
16.2,19.005735,-14.745705000000001,19.00574,-13.76266,19.00573,-15.72875
16.22,19.333415000000002,-15.073385,19.00574,-14.41802,19.66109,-15.72875
16.24,6.8814150000000005,-16.056425,13.10744,-15.07338,0.65539,-17.03947
16.26,-5.242979999999999,-16.711785,-5.24297,-16.3841,-5.24299,-17.03947
16.28,-5.24296,-16.71178,-5.24295,-15.72873,-5.24297,-17.69483
16.3,-5.242955,-16.38411,-5.24295,-15.72874,-5.24296,-17.03948
16.32,-5.242945000000001,-16.71179,-5.24294,-15.72875,-5.24295,-17.69483
16.34,-5.242935,-17.039475,-5.24293,-16.38411,-5.24294,-17.69484
16.36,-5.570615,-17.03947,-5.89829,-16.3841,-5.24294,-17.69484
16.38,-5.24293,-17.367155,-5.24293,-16.38411,-5.24293,-18.3502
16.4,-5.5706050000000005,-17.36716,-5.24292,-16.38411,-5.89829,-18.35021
16.42,-5.89828,-17.367165,-5.89828,-16.38412,-5.89828,-18.35021
16.44,4.25994,-17.69484,-3.93217,-17.03948,12.45205,-18.3502
16.46,40.305305000000004,-17.039445,33.42391,-16.38408,47.1867,-17.69481
16.48,49.808225,-16.711759999999998,50.4636,-16.38407,49.15285,-17.03945
16.5,48.825175,-17.039445,49.15286,-16.38408,48.49749,-17.69481
16.52,49.152855,-17.039455,49.15287,-16.38409,49.15284,-17.69482
16.54,50.13588,-17.69482,49.80821,-17.03945,50.46355,-18.35019
16.56,50.46356,-17.367155,50.46357,-17.03947,50.46355,-17.69484
16.58,51.446585,-17.039479999999998,51.11891,-16.38411,51.77426,-17.69485
16.6,51.77426,-17.039479999999998,51.77427,-16.38411,51.77425,-17.69485
16.62,51.774255,-17.039485,51.77426,-16.38412,51.77425,-17.69485
16.64,52.101935,-16.7118,51.77426,-15.72875,52.42961,-17.69485
16.66,52.429615,-16.7118,52.42962,-15.72875,52.42961,-17.69485
16.68,52.429615,-17.039485,52.42962,-16.38412,52.42961,-17.69485
16.7,53.084975,-17.039485,53.08498,-16.38412,53.08497,-17.69485
16.72,53.084975,-17.03949,52.42962,-15.72876,53.74033,-18.35022
16.74,54.068020000000004,-17.694850000000002,53.74035,-17.03948,54.39569,-18.35022
16.76,54.068015,-17.694850000000002,53.74034,-17.03948,54.39569,-18.35022
16.78,54.395695,-18.350209999999997,54.3957,-17.69484,54.39569,-19.00558
16.8,47.514335,-18.350215,53.08497,-17.69485,41.9437,-19.00558
16.82,28.180925000000002,-18.022525,30.14705,-17.03948,26.2148,-19.00557
16.84,26.542505,-17.367165,26.21483,-16.38412,26.87018,-18.35021
16.86,26.5425,-17.367165,26.21482,-16.38412,26.87018,-18.35021
16.88,26.542505,-18.350205,26.21483,-17.69484,26.87018,-19.00557
16.9,27.197875,-18.350215,26.8702,-17.69485,27.52555,-19.00558
16.92,27.853234999999998,-19.005575,27.52556,-17.69485,28.18091,-20.3163
16.94,28.180915,-19.988619999999997,28.18092,-19.00557,28.18091,-20.97167
16.96,28.508605,-20.643985,28.18093,-19.66094,28.83628,-21.62703
16.98,29.163965,-22.282395,28.83629,-20.97166,29.49164,-23.59313
17.0,29.819325,-24.90386,29.49165,-23.59313,30.147,-26.21459
17.02,30.474690000000002,-26.542270000000002,30.14702,-25.55922,30.80236,-27.52532
17.04,30.802374999999998,-27.853,30.80238,-26.86995,30.80237,-28.83605
17.06,30.802374999999998,-28.508364999999998,30.80238,-27.52532,30.80237,-29.49141
17.08,30.80238,-28.508364999999998,30.80239,-27.52532,30.80237,-29.49141
17.1,29.491664999999998,-28.180675,29.49167,-27.52531,29.49166,-28.83604
17.12,29.491664999999998,-28.180680000000002,29.49167,-27.52531,29.49166,-28.83605
17.14,31.45776,-29.163739999999997,29.49167,-28.18068,33.42385,-30.1468
17.16,54.3957,-30.47448,47.842,-29.49143,60.9494,-31.45753
17.18,63.57091,-30.80218,63.57092,-30.14681,63.5709,-31.45755
17.2,64.553945,-30.146855000000002,64.22627,-29.49148,64.88162,-30.80223
17.22,66.192345,-30.14689,66.19235,-29.49152,66.19234,-30.80226
17.24,66.84772,-29.49154,66.84772,-28.83617,66.84772,-30.14691
17.26,67.175405,-28.836190000000002,66.84773,-28.18082,67.50308,-29.49156
17.28,66.847735,-28.836185,66.84774,-28.18082,66.84773,-29.49155
17.3,66.520065,-28.180819999999997,66.19239,-27.52546,66.84774,-28.83618
17.32,66.19238,-27.85313,66.19239,-27.52544,66.19237,-28.18082
17.34,65.53702,-27.525455,66.19239,-26.87009,64.88165,-28.18082
17.36,64.881655,-28.83617,64.88166,-27.52544,64.88165,-30.1469
17.38,65.20933,-32.76836,64.88166,-30.80226,65.537,-34.73446
17.4,66.192365,-36.04519,66.19237,-34.73446,66.19236,-37.35592
17.42,65.537,-38.994325,65.53701,-38.01127,65.53699,-39.97738
17.44,66.19235,-38.994330000000005,66.19236,-38.66664,66.19234,-39.32202
17.46,72.41834,-40.305045,69.46918,-39.322,75.3675,-41.28809
17.48,77.333625,-39.649685000000005,77.33364,-39.322,77.33361,-39.97737
17.5,77.66129000000001,-38.666635,77.98898,-38.66663,77.3336,-38.66664
17.52,77.66129000000001,-37.683585,77.33362,-37.3559,77.98896,-38.01127
17.54,77.988975,-37.02822,77.98898,-36.70054,77.98897,-37.3559
17.56,77.6613,-35.71749,77.33363,-35.38981,77.98897,-36.04517
17.58,77.333625,-34.73444,77.33363,-34.07908,77.33362,-35.3898
17.6,77.005955,-34.079075,76.67828,-33.42371,77.33363,-34.73444
17.62,76.350605,-33.751374999999996,76.67829,-32.76833,76.02292,-34.73442
17.64,75.695245,-33.09601,76.02293,-32.76833,75.36756,-33.42369
17.66,75.367585,-32.44063,75.36759,-32.11295,75.36758,-32.76831
17.68,75.0399,-31.1299,75.36759,-30.80222,74.71221,-31.45758
17.7,74.05687,-29.491485,74.05688,-28.83612,74.05686,-30.14685
17.72,73.401505,-29.163795,73.40151,-28.18075,73.4015,-30.14684
17.74,72.74615,-28.508425,72.74616,-27.52538,72.74614,-29.49147
17.76,72.090795,-28.50842,72.0908,-27.52538,72.09079,-29.49146
17.78,72.090795,-28.180735,72.0908,-27.52537,72.09079,-28.8361
17.8,72.41847,-27.853045,72.0908,-27.52536,72.74614,-28.18073
17.82,72.74614,-26.870005,72.74615,-26.21464,72.74613,-27.52537
17.84,73.729165,-26.214635,73.40149,-25.55927,74.05684,-26.87
17.86,74.05684500000001,-25.559275,74.05686,-24.90391,74.05683,-26.21464
17.88,74.056845,-24.903915,74.05685,-24.24855,74.05684,-25.55928
17.9,74.056845,-24.248545,74.05685,-23.59318,74.05684,-24.90391
17.92,74.056845,-23.920865,74.05685,-23.59318,74.05684,-24.24855
17.94,74.05684,-23.59318,74.05684,-22.93781,74.05684,-24.24855
17.96,74.05684,-23.59319,74.05685,-22.93782,74.05683,-24.24856
17.98,74.05682999999999,-23.59319,74.05684,-22.93782,74.05682,-24.24856
18.0,74.05682999999999,-23.59319,74.05684,-22.93782,74.05682,-24.24856
18.02,74.05682999999999,-23.920875000000002,74.05684,-22.93783,74.05682,-24.90392
18.04,73.72915,-24.57624,73.40148,-23.59319,74.05682,-25.55929
18.06,74.056825,-25.2316,74.05683,-24.24855,74.05682,-26.21465
18.08,74.05682,-25.559295,74.05683,-24.90393,74.05681,-26.21466
18.1,74.056815,-26.214655,74.05682,-25.55929,74.05681,-26.87002
18.12,74.384495,-26.87002,74.05682,-26.21465,74.71217,-27.52539
18.14,74.05681,-27.52539,74.05682,-26.87002,74.0568,-28.18076
18.16,74.056815,-28.50844,74.05682,-27.52539,74.05681,-29.49149
18.18,74.05682,-28.83612,74.05683,-28.18075,74.05681,-29.49149
18.2,74.056825,-29.81917,74.05683,-28.83612,74.05682,-30.80222
18.22,74.384505,-31.1299,74.05683,-30.14685,74.71218,-32.11295
18.24,61.604835,-20.64403,71.43535,-26.87002,51.77432,-14.41804
18.26,19.33365,2.6215450000000002,28.18112,-1.96603,10.48618,7.20912
18.28,0.0002949999999949937,17.695,0.65567,16.38427,-0.65508000000001,19.00573
18.3,-0.32737500000000214,23.26559,-0.65505,22.93791,0.0002999999999957,23.59327
18.32,-0.3273650000000005,24.904,-0.65504,25.55937,0.0003099999999989,24.24863
18.34,-0.655035,26.542395,-0.65503,26.87008,-0.65504,26.21471
18.36,-26.214075,27.853135,-51.77311,28.18082,-0.65504,27.52545
18.38,-0.982715,29.16386,-1.31039,29.49154,-0.65504,28.83618
18.4,-2.948805,32.11301,-1.31038,31.45764,-4.58723,32.76838
18.42,-24.24828,38.33901,-17.69458,38.01133,-30.80198,38.66669
18.44,-33.751165,39.322109999999995,-34.7342,39.97746,-32.76813,38.66676
18.46,-33.09581,39.322135,-33.42348,39.9775,-32.76814,38.66677
18.48,-33.09582,39.322145000000006,-33.42349,39.97751,-32.76815,38.66678
18.5,-33.09582,39.322154999999995,-33.42349,39.97752,-32.76815,38.66679
18.52,-33.42223,39.32216,-33.4235,39.97753,-33.42096,38.66679
18.54,-33.751185,39.322165,-33.4235,39.97753,-34.07887,38.6668
18.56,-33.423505,39.322165,-33.4235,39.97753,-33.42351,38.6668
18.58,-33.423505,39.322175,-33.4235,39.97754,-33.42351,38.66681
18.6,-35.389605,39.322175,-33.4235,39.97754,-37.35571,38.66681
18.62,-48.16925,39.322215,-45.87546,39.97758,-50.46304,38.66685
18.64,-51.1184,39.322225,-51.1184,39.97759,-51.1184,38.66686
18.66,-50.790710000000004,39.322225,-51.11838,39.97759,-50.46304,38.66686
18.68,-51.118390000000005,39.322225,-51.11838,39.97759,-51.1184,38.66686
18.7,-51.118395,39.322225,-51.11839,39.97759,-51.1184,38.66686
18.72,-51.118390000000005,39.322225,-51.11838,39.97759,-51.1184,38.66686
18.74,-51.446075,39.322225,-51.11839,39.97759,-51.77376,38.66686
18.76,-51.77375,39.322225,-51.77374,39.97759,-51.77376,38.66686
18.78,-20.97155,39.322225,-36.70038,39.97759,-5.24272,38.66686
18.8,23.593695,39.322225,19.66144,39.97759,27.52595,38.66686
18.82,26.215245,39.322225,26.87062,39.97759,25.55987,38.66686
18.84,25.559885,39.322225,25.55989,39.97759,25.55988,38.66686
18.86,25.55988,39.322225,25.55989,39.97759,25.55987,38.66686
18.88,24.904525,39.322225,24.90453,39.97759,24.90452,38.66686
18.9,24.904525,39.322225,24.90453,39.97759,24.90452,38.66686
18.92,24.904519999999998,39.322225,24.90453,39.97759,24.90451,38.66686
18.94,24.904519999999998,39.322225,24.90453,39.97759,24.90451,38.66686
18.96,24.24916,39.322225,24.90453,39.97759,23.59379,38.66686
18.98,12.12482,39.322225,15.07401,39.97759,9.17563,38.66686
19.0,8.84795,39.322225,8.52027,39.97759,9.17563,38.66686
19.02,8.847954999999999,39.322225,8.52028,39.97759,9.17563,38.66686
19.04,8.192595,39.322225,8.52028,39.97759,7.86491,38.66686
19.06,8.520285,39.322225,8.52029,39.97759,8.52028,38.66686
19.08,8.847954999999999,39.322225,8.52028,39.97759,9.17563,38.66686
19.1,10.158660000000001,39.322225,9.83099,39.97759,10.48633,38.66686
19.12,10.814005,39.322225,10.48634,39.97759,11.14167,38.66686
19.14,11.141675,39.322225,11.14168,39.97759,11.14167,38.66686
19.16,11.14167,39.322225,11.14168,39.97759,11.14166,38.66686
19.18,7.537129999999999,39.322225,10.4863,39.97759,4.58796,38.66686
19.2,0.983415,39.322225,0.65574,39.97759,1.31109,38.66686
19.22,1.31109,39.322225,1.3111,39.97759,1.31108,38.66686
19.24,1.63877,39.322225,1.3111,39.97759,1.96644,38.66686
19.26,1.966445,39.322225,1.96645,39.97759,1.96644,38.66686
19.28,2.621805,39.322225,2.62181,39.97759,2.6218,38.66686
19.3,2.6218,39.322225,2.6218,39.97759,2.6218,38.66686
19.32,2.6218,39.322215,2.62181,39.97759,2.62179,38.66684
19.34,3.277155,39.32213,2.6218,39.97754,3.93251,38.66672
19.36,17.03982,-2.9489800000000006,10.48615,19.00572,23.59349,-24.90368
19.38,58.00049,-108.79011,41.94386,-84.5416,74.05712,-133.03862
19.4,91.424885,-141.23068,91.09717,-148.76731,91.7526,-133.69405
19.42,87.16462,-104.53049,88.47545,-112.06716,85.85379,-96.99382
19.44,82.249185,-73.400735,83.88762,-79.29902,80.61075,-67.50245
19.46,78.972285,-48.82452,79.3,-53.73977,78.64457,-43.90927
19.48,77.006115,-29.491235000000003,77.33381,-32.76805,76.67842,-26.21442
19.5,74.71231,-15.7286,75.36768,-17.69469,74.05694,-13.76251
19.52,72.74619999999999,-5.57045,72.74622,-7.20886,72.74618,-3.93204
19.54,71.43547000000001,2.2939249999999998,71.43548,1.31088,71.43546,3.27697
19.56,69.46938,9.17526,70.12475,8.5199,68.81401,9.83062
19.58,67.83098000000001,14.745875,68.15867,14.41819,67.50329,15.07356
19.6,61.605,20.31648,66.19259,19.66112,57.01741,20.97184
19.62,26.87038,26.87013,35.39021,25.5594,18.35055,28.18086
19.64,10.486135,34.73454,10.48613,33.42381,10.48614,36.04527
19.66,10.15848,39.32212,10.48617,39.97748,9.83079,38.66676
19.68,9.830805,39.32215,9.83081,39.97751,9.8308,38.66679
19.7,9.176725,39.322165,9.17546,39.97753,9.17799,38.6668
19.72,8.5201,39.322175,8.52011,39.97754,8.52009,38.66681
19.74,8.520105000000001,39.32219,8.52011,39.97755,8.5201,38.66683
19.76,8.520105000000001,39.32219,8.52011,39.97756,8.5201,38.66682
19.78,9.175460000000001,39.322185000000005,8.52011,39.97755,9.83081,38.66682
19.8,10.15848,39.322185000000005,9.83081,39.97755,10.48615,38.66682
19.82,26.542695000000002,39.322215,15.7291,39.97757,37.35629,38.66686
19.84,68.15874,39.322225,61.60503,39.97759,74.71245,38.66686
19.86,75.040165,39.322225,75.36786,39.97759,74.71247,38.66686
19.88,74.384795,39.322225,74.05712,39.97759,74.71247,38.66686
19.9,74.3848,39.322225,74.05713,39.97759,74.71247,38.66686
19.92,75.36784,39.322225,75.36785,39.97759,75.36783,38.66686
19.94,75.367835,39.322225,75.36784,39.97759,75.36783,38.66686
19.96,76.35088,39.322225,76.02321,39.97759,76.67855,38.66686
19.98,76.350875,39.322225,76.67857,39.97759,76.02318,38.66686
20.0,76.67856,39.322225,76.67857,39.97759,76.67855,38.66686
20.02,76.67856499999999,39.322225,76.67857,39.97759,76.67856,38.66686
20.04,76.67856,39.322225,76.67857,39.97759,76.67855,38.66686
20.06,77.66159999999999,39.322225,77.33393,39.97759,77.98927,38.66686
20.08,86.509085,39.322225,83.23224,39.97759,89.78593,38.66686
20.1,89.785935,39.322225,89.78595,39.97759,89.78592,38.66686
20.12,89.78593,39.322225,89.78593,39.97759,89.78593,38.66686
20.14,89.785935,39.322225,89.78594,39.97759,89.78593,38.66686
20.16,89.785935,39.322225,89.78594,39.97759,89.78593,38.66686
20.18,89.785935,39.322225,89.78594,39.97759,89.78593,38.66686
20.2,89.45825500000001,39.322225,89.78594,39.97759,89.13057,38.66686
20.22,89.130575,39.322225,89.13058,39.97759,89.13057,38.66686
20.24,89.13058000000001,39.322225,89.13059,39.97759,89.13057,38.66686
20.26,88.475225,39.322225,88.47523,39.97759,88.47522,38.66686
20.28,88.80291,39.322225,89.1306,39.97759,88.47522,38.66686
20.3,88.475235,39.322225,88.47524,39.97759,88.47523,38.66686
20.32,86.50914,39.322225,88.47524,39.97759,84.54304,38.66686
20.34,43.254725,39.322225,61.60512,39.97759,24.90433,38.66686
20.36,-19.98853,39.322225,-9.83031,39.97759,-30.14675,38.66686
20.38,-31.12977,39.322225,-32.11282,39.97759,-30.14672,38.66686
20.4,-30.474384999999998,39.322225,-30.80206,39.97759,-30.14671,38.66686
20.42,-29.49133,39.322225,-29.49133,39.97759,-29.49133,38.66686
20.44,-29.491315,39.322225,-30.14667,39.97759,-28.83596,38.66686
20.46,-28.508265,39.322225,-28.83594,39.97759,-28.18059,38.66686
20.48,-27.852915,39.322225,-28.18059,39.97759,-27.52524,38.66686
20.5,-25.886845,39.322225,-26.21452,39.97759,-25.55917,38.66686
20.52,-24.90381,39.322225,-25.55916,39.97759,-24.24846,38.66686
20.54,-24.248455,39.322225,-24.24845,39.97759,-24.24846,38.66686
20.56,-23.5931,39.322225,-23.59309,39.97759,-23.59311,38.66686
20.58,-23.265415,39.322225,-23.59309,39.97759,-22.93774,38.66686
20.6,-22.610055,39.322225,-22.93773,39.97759,-22.28238,38.66686
20.62,-21.954684999999998,39.322225,-22.28236,39.97759,-21.62701,38.66686
20.64,-21.299315,39.322225,-21.62699,39.97759,-20.97164,38.66686
20.66,-20.971635,39.322225,-20.97163,39.97759,-20.97164,38.66686
20.68,-20.64395,39.322225,-20.97163,39.97759,-20.31627,38.66686
20.7,-8.51966,39.322225,-18.35017,39.97759,1.31085,38.66686
20.72,45.548395,39.322225,34.73475,39.97759,56.36204,38.66686
20.74,57.67285,39.322225,58.32823,39.97759,57.01747,38.66686
20.76,57.345165,39.322225,57.01749,39.97759,57.67284,38.66686
20.78,57.672844999999995,39.322225,57.67285,39.97759,57.67284,38.66686
20.8,58.32821,39.322225,58.32822,39.97759,58.3282,38.66686
20.82,58.32822,39.322225,58.32822,39.97759,58.32822,38.66686
20.84,58.983585000000005,39.322225,58.98359,39.97759,58.98358,38.66686
20.86,58.983585000000005,39.322225,58.98359,39.97759,58.98358,38.66686
20.88,59.638949999999994,39.322225,59.63896,39.97759,59.63894,38.66686
20.9,60.294315,39.322225,60.29432,39.97759,60.29431,38.66686
20.92,60.294325,39.322225,60.29433,39.97759,60.29432,38.66686
20.94,60.949685,39.322225,60.94969,39.97759,60.94968,38.66686
20.96,61.605055,39.322225,61.60506,39.97759,61.60505,38.66686
20.98,61.932725,39.322225,61.60505,39.97759,62.2604,38.66686
21.0,61.605055,39.322225,61.60506,39.97759,61.60505,38.66686
21.02,61.93273,39.322225,61.60506,39.97759,62.2604,38.66686
21.04,62.588085,39.322225,62.26041,39.97759,62.91576,38.66686
21.06,63.243465,39.322225,62.91579,39.97759,63.57114,38.66686
21.08,63.89883999999999,39.322225,63.57116,39.97759,64.22652,38.66686
21.1,65.20957,39.322225,64.88189,39.97759,65.53725,38.66686
21.12,66.52030500000001,39.322225,66.19263,39.97759,66.84798,38.66686
21.14,68.814055,39.322225,68.1587,39.97759,69.46941,38.66686
21.16,70.124755,39.322225,70.12477,39.97759,70.12474,38.66686
21.18,70.78009499999999,39.322225,70.78011,39.97759,70.78008,38.66686
21.2,70.78006500000001,39.322225,70.78008,39.97759,70.78005,38.66686
21.22,70.45236,39.322225,70.78005,39.97759,70.12467,38.66686
21.24,69.796975,39.322225,70.12467,39.97759,69.46928,38.66686
21.26,68.486235,39.322225,68.81393,39.97759,68.15854,38.66686
21.28,66.19245000000001,39.322225,66.19246,39.97759,66.19244,38.66686
21.3,64.88171,39.322225,65.53708,39.97759,64.22634,38.66686
21.32,63.243300000000005,39.322225,63.57099,39.97759,62.91561,38.66686
21.34,62.58793,39.322165,62.26026,39.97758,62.9156,38.66675
21.36,66.192375,13.762715,64.88169,22.93788,67.50306,4.58755
21.38,67.83069499999999,-1.966145,68.15839,-0.65541,67.503,-3.27688
21.4,67.17532,-3.2769,67.503,-2.62153,66.84764,-3.93227
21.42,66.847645,-3.27692,66.84765,-2.62155,66.84764,-3.93229
21.44,66.84765,-2.621555,66.84765,-1.96619,66.84765,-3.27692
21.46,66.51998499999999,-2.621555,66.84767,-1.96619,66.1923,-3.27692
21.48,66.84767,-1.9661950000000001,66.84768,-1.31082,66.84766,-2.62157
21.5,67.50304,-1.9662000000000002,67.50305,-1.31083,67.50303,-2.62157
21.52,67.830725,-2.29388,67.50305,-1.31083,68.1584,-3.27693
21.54,68.158415,-2.62157,68.15842,-1.9662,68.15841,-3.27694
21.56,68.486095,-2.949255,68.15842,-1.96621,68.81377,-3.9323
21.58,68.81378000000001,-3.9323050000000004,68.81379,-3.27694,68.81377,-4.58767
21.6,69.46913,-4.587675,69.46914,-3.93231,69.46912,-5.24304
21.62,69.46913,-5.57072,69.46914,-4.58767,69.46912,-6.55377
21.64,69.469125,-6.881444999999999,69.46913,-5.8984,69.46912,-7.86449
21.66,69.469115,-7.209135,69.46912,-6.55377,69.46911,-7.8645
21.68,64.226185,-7.53681,68.81377,-6.55377,59.6386,-8.51985
21.7,38.01139499999999,-7.8644750000000005,42.599,-7.20911,33.42379,-8.51984
21.72,31.785375,-8.192145,31.45769,-7.20909,32.11306,-9.1752
21.74,31.785384999999998,-8.192155,31.45771,-7.20911,32.11306,-9.1752
21.76,32.440745,-8.84752,32.11307,-7.86447,32.76842,-9.83057
21.78,34.079139999999995,-9.175215,33.42379,-8.51985,34.73449,-9.83058
21.8,35.717524999999995,-9.502905,35.38986,-8.51986,36.04519,-10.48595
21.82,36.045195,-9.83059,36.0452,-9.17522,36.04519,-10.48596
21.84,36.37287,-10.158280000000001,36.0452,-9.17523,36.70054,-11.14133
21.86,37.028225,-11.141325,36.70055,-10.48596,37.3559,-11.79669
21.88,37.355900000000005,-11.469014999999999,37.35591,-10.48597,37.35589,-12.45206
21.9,37.68358,-11.796700000000001,37.35591,-11.14133,38.01125,-12.45207
21.92,37.68358,-12.12438,37.35591,-11.14133,38.01125,-13.10743
21.94,38.338935,-12.77975,38.01126,-11.7967,38.66661,-13.7628
21.96,38.666610000000006,-12.452075,38.66662,-11.79671,38.6666,-13.10744
21.98,38.338930000000005,-13.10744,38.01126,-12.45207,38.6666,-13.76281
22.0,38.666610000000006,-13.10744,38.66662,-12.45207,38.6666,-13.76281
22.02,38.666610000000006,-13.762805,38.66662,-13.10743,38.6666,-14.41818
22.04,38.994285,-13.76281,38.66661,-13.10744,39.32196,-14.41818
22.06,39.649655,-13.762815,39.32198,-13.10745,39.97733,-14.41818
22.08,39.64966,-13.762815,39.32199,-13.10745,39.97733,-14.41818
22.1,39.977335,-13.435134999999999,39.97734,-12.45209,39.97733,-14.41818
22.12,39.649655,-13.435130000000001,39.32198,-12.45208,39.97733,-14.41818
22.14,39.321975,-13.10745,39.32198,-12.45208,39.32197,-13.76282
22.16,38.666605000000004,-13.435125,38.66661,-12.45208,38.6666,-14.41817
22.18,38.6666,-13.435125,38.66661,-12.45208,38.66659,-14.41817
22.2,38.338925,-13.435120000000001,38.66661,-12.45207,38.01124,-14.41817
22.22,37.683565,-13.762795,37.35589,-13.10743,38.01124,-14.41816
22.24,37.355895000000004,-13.435115,37.3559,-12.45207,37.35589,-14.41816
22.26,37.355895000000004,-13.762795,37.3559,-13.10743,37.35589,-14.41816
22.28,37.355905,-13.435115,37.35591,-13.10743,37.3559,-13.7628
22.3,36.70055,-13.107425,36.70056,-12.45206,36.70054,-13.76279
22.32,36.700555,-13.762785000000001,36.70056,-13.10742,36.70055,-14.41815
22.34,36.372879999999995,-13.762775,36.70057,-13.10741,36.04519,-14.41814
22.36,36.045199999999994,-13.762775,36.04521,-13.10741,36.04519,-14.41814
22.38,36.045199999999994,-14.090454999999999,36.04521,-13.10741,36.04519,-15.0735
22.4,36.045190000000005,-13.76277,36.0452,-13.1074,36.04518,-14.41814
22.42,36.70053,-13.107415,36.70054,-12.45205,36.70052,-13.76278
22.44,37.0282,-13.107415,36.70053,-12.45205,37.35587,-13.76278
22.46,36.372825000000006,-13.10741,36.70051,-12.45204,36.04514,-13.76278
22.48,35.389775,-13.10741,35.38979,-12.45204,35.38976,-13.76278
22.5,34.079035,-13.107405,34.73441,-12.45204,33.42366,-13.76277
22.52,32.768299999999996,-12.779715,32.76831,-12.45203,32.76829,-13.1074
22.54,31.12988,-12.779715,31.45757,-11.79667,30.80219,-13.76276
22.56,29.49146,-12.779715,29.49147,-11.79667,29.49145,-13.76276
22.58,27.85304,-12.779715,28.18073,-11.79667,27.52535,-13.76276
22.6,26.542295000000003,-12.452035,26.86999,-11.79667,26.2146,-13.1074
22.62,24.248514999999998,-13.76276,24.24853,-12.45203,24.2485,-15.07349
22.64,22.61009,-15.728855,22.93778,-15.07349,22.2824,-16.38422
22.66,22.282365,-19.988725,22.28239,-16.38422,22.28234,-23.59323
22.68,34.07882,-55.37837999999999,26.21448,-36.70054,41.94316,-74.05622
22.7,71.107265,-144.507825,58.32752,-119.27639,83.88701,-169.73926
22.72,97.322375,-198.24689,92.40708,-195.95331,102.23767,-200.54047
22.74,113.37907,-181.53526499999998,110.75757,-189.39942,116.00057,-173.67111
22.76,118.294275,-150.40608500000002,118.62207,-157.28729,117.96648,-143.52488
22.78,111.74028,-119.604215,112.7234,-125.17478,110.75716,-114.03365
22.8,109.11874,-99.61565999999999,110.10179,-102.89247,108.13569,-96.33885
22.82,105.84189,-86.50837999999999,106.16959,-88.47447,105.51419,-84.54229
22.84,103.875765,-75.694845,104.20347,-77.33326,103.54806,-74.05643
22.86,101.58196000000001,-67.50275500000001,102.23734,-68.81349,100.92658,-66.19202
22.88,100.271215,-60.621430000000004,100.27123,-61.60447,100.2712,-59.63839
22.9,99.28815499999999,-56.033875,99.61585,-56.36155,98.96046,-55.7062
22.92,98.305105,-51.44633,98.30511,-51.77401,98.3051,-51.11865
22.94,96.99438,-47.841815,96.99439,-47.84181,96.99437,-47.84182
22.96,96.33901,-45.548045,96.33902,-45.22036,96.339,-45.87573
22.98,74.05645,-56.033905000000004,87.81924,-49.15255,60.29366,-62.91526
23.0,16.056060000000002,-80.93787499999999,28.18044,-74.71188,3.93168,-87.16387
23.02,-0.0005600000000050009,-87.163925,-0.65592,-87.16393,0.65479999999999,-87.16392
23.04,1.6378499999999998,-86.180885,1.31018,-85.8532,1.96552,-86.50857
23.06,2.94856,-86.18090000000001,2.62089,-85.19785,3.27623,-87.16395
23.08,3.93159,-86.180915,3.9316,-85.19786,3.93158,-87.16397
23.1,4.586945,-86.83628999999999,4.58695,-85.85324,4.58694,-87.81934
23.12,4.914625,-87.163985,4.58695,-86.50862,5.2423,-87.81935
23.14,4.9146350000000005,-87.819355,4.58696,-87.16398,5.24231,-88.47473
23.16,5.5699950000000005,-88.80241000000001,5.24232,-87.81936,5.89767,-89.78546
23.18,5.897675,-89.45778,5.89768,-88.47473,5.89767,-90.44083
23.2,6.22536,-90.11316,5.89768,-89.13011,6.55304,-91.09621
23.22,7.208405,-91.09621000000001,7.20841,-89.78548,7.2084,-92.40694
23.24,7.863775,-91.751585,7.20842,-91.09622,8.51913,-92.40695
23.26,8.19146,-92.734635,7.86378,-91.75159,8.51914,-93.71768
23.28,8.519145,-93.39,8.51915,-92.40695,8.51914,-94.37305
23.3,9.502195,-94.04536999999999,9.17452,-93.06232,9.82987,-95.02842
23.32,9.82988,-95.02842000000001,9.82989,-94.37305,9.82987,-95.68379
23.34,9.82988,-95.683785,9.82989,-95.02842,9.82987,-96.33915
23.36,10.485240000000001,-96.01147499999999,10.48525,-95.02843,10.48523,-96.99452
23.38,10.485235,-96.011465,10.48524,-95.02842,10.48523,-96.99451
23.4,17.03893,-100.271345,13.10671,-97.64988,20.97115,-102.89281
23.42,24.248015000000002,-104.20355,24.24803,-103.54818,24.248,-104.85892
23.44,25.23103,-103.875865,24.90336,-102.89282,25.5587,-104.85891
23.46,25.88639,-104.20354,25.55871,-103.54817,26.21407,-104.85891
23.48,26.54175,-104.531225,26.21408,-104.20354,26.86942,-104.85891
23.5,27.197105,-104.85891000000001,26.86943,-104.20354,27.52478,-105.51428
23.52,27.852465000000002,-105.18659,27.52479,-104.20354,28.18014,-106.16964
23.54,27.852465000000002,-105.51427000000001,27.52479,-104.8589,28.18014,-106.16964
23.56,27.52479,-105.18659,27.5248,-104.20355,27.52478,-106.16963
23.58,27.52479,-105.514265,27.5248,-104.8589,27.52478,-106.16963
23.6,27.85247,-105.18658500000001,28.18016,-104.8589,27.52478,-105.51427
23.62,28.180155,-104.85889499999999,28.18016,-104.20353,28.18015,-105.51426
23.64,16.711205,-97.97752,26.21406,-101.58206,7.20835,-94.37298
23.66,-25.887435000000004,-76.350305,-15.72935,-81.92095,-36.04552,-70.77966
23.68,-50.135755,-52.42934,-48.49735,-55.70618,-51.77416,-49.1525
23.7,-50.791115,-43.581905,-51.11879,-43.90959,-50.46344,-43.25422
23.72,-49.808075,-40.960445,-50.46343,-40.63276,-49.15272,-41.28813
23.74,-48.825035,-39.649730000000005,-49.15271,-39.32204,-48.49736,-39.97742
23.76,-48.497355,-38.666685,-48.49735,-38.01132,-48.49736,-39.32205
23.78,-48.825035,-38.339,-48.49735,-38.01132,-49.15272,-38.66668
23.8,-49.152715,-37.028275,-49.15271,-36.70059,-49.15272,-37.35596
23.82,-49.480395,-36.372905,-49.80807,-36.04522,-49.15272,-36.70059
23.84,-49.808075,-35.389865,-49.80807,-34.7345,-49.80808,-36.04523
23.86,-50.135755,-34.734494999999995,-49.80807,-34.07913,-50.46344,-35.38986
23.88,-50.463435000000004,-34.079134999999994,-50.46343,-33.42377,-50.46344,-34.7345
23.9,-51.446475,-33.751455,-51.11879,-33.42377,-51.77416,-34.07914
23.92,-51.774155,-32.768405,-51.77415,-32.11304,-51.77416,-33.42377
23.94,-49.480395,-22.9379,-51.11879,-29.49157,-47.842,-16.38423
23.96,-50.135755,5.898275,-48.49735,-0.6554,-51.77416,12.45195
23.98,-51.774155,27.525399999999998,-51.77415,26.21466,-51.77416,28.83614
24.0,-51.774155,33.42369,-51.77415,33.42369,-51.77416,33.42369
24.02,-51.774155,36.372834999999995,-51.77415,36.70052,-51.77416,36.04515
24.04,-51.774155,37.68357,-51.77415,38.01125,-51.77416,37.35589
24.06,-51.774155,38.9943,-51.77415,39.32198,-51.77416,38.66662
24.08,-51.774155,39.32199,-51.77415,39.97735,-51.77416,38.66663
24.1,-51.774155,39.322005000000004,-51.77415,39.97737,-51.77416,38.66664
24.12,-51.774155,39.32201499999999,-51.77415,39.97738,-51.77416,38.66665
24.14,-51.774155,39.322025,-51.77415,39.97739,-51.77416,38.66666
24.16,-51.774155,39.322025,-51.77415,39.97739,-51.77416,38.66666
24.18,-51.774155,39.32201,-51.77415,39.97738,-51.77416,38.66664
24.2,-51.774155,39.32199,-51.77415,39.97736,-51.77416,38.66662
24.22,-51.774155,39.321965,-51.77415,39.97734,-51.77416,38.66659
24.24,-51.774155,39.32195,-51.77415,39.97732,-51.77416,38.66658
24.26,-51.774155,39.321934999999996,-51.77415,39.97731,-51.77416,38.66656
24.28,-51.774155,39.321920000000006,-51.77415,39.97729,-51.77416,38.66655
24.3,-51.774155,39.32191,-51.77415,39.97728,-51.77416,38.66654
24.32,-51.774155,39.32191,-51.77415,39.97728,-51.77416,38.66654
24.34,-51.774155,39.321905,-51.77415,39.97727,-51.77416,38.66654
24.36,-51.774155,38.994225,-51.77415,39.97728,-51.77416,38.01117
24.38,-47.514269999999996,20.97166,-51.77415,32.76826,-43.25439,9.17506
24.4,-6.22613,-44.237325,-18.3504,-22.93791,5.89814,-65.53674
24.42,26.542185,-121.57065499999999,22.28229,-108.79097,30.80208,-134.35034
24.44,32.76811,-130.418155,32.11277,-129.76279,33.42345,-131.07352
24.46,34.0788,-130.090485,34.07881,-129.7628,34.07879,-130.41817
24.48,34.734134999999995,-129.435135,34.73415,-128.45208,34.73412,-130.41819
24.5,35.061800000000005,-129.43516499999998,34.73413,-128.45211,35.38947,-130.41822
24.52,36.044825,-129.435185,36.04483,-128.45213,36.04482,-130.41824
24.54,36.372495,-130.09055999999998,36.04482,-129.10751,36.70017,-131.07361
24.56,36.700175,-130.74593,36.70018,-129.76288,36.70017,-131.72898
24.58,37.027845,-131.07362,36.70017,-130.41825,37.35552,-131.72899
24.6,37.355525,-131.07363,37.35553,-130.41826,37.35552,-131.729
24.62,37.683215000000004,-131.401315,37.35554,-131.07363,38.01089,-131.729
24.64,38.338575000000006,-131.07363500000002,38.66626,-130.41827,38.01089,-131.729
24.66,38.666264999999996,-130.745955,38.66627,-129.76291,38.66626,-131.729
24.68,39.321625,-131.07363500000002,39.32163,-130.41827,39.32162,-131.729
24.7,38.993955,-131.073625,38.66628,-130.41825,39.32163,-131.729
24.72,38.99396,-130.41826,38.66629,-129.10753,39.32163,-131.72899
24.74,39.649315,-131.073625,39.32164,-130.41826,39.97699,-131.72899
24.76,39.977,-132.38434,39.977,-131.07361,39.977,-133.69507
24.78,41.615415,-136.316525,41.28774,-134.35043,41.94309,-138.28262
24.8,44.2369,-147.130045,43.25385,-142.21481,45.21995,-152.04528
24.82,49.4799,-168.75711,47.18611,-162.53113,51.77369,-174.98309
24.84,64.881265,-197.920785,60.94892,-186.77963,68.81361,-209.06194
24.86,91.752085,-234.29249,83.23224,-227.41162,100.27193,-241.17336
24.88,121.89931,-250.67469499999999,115.34554,-249.03641,128.45308,-252.31298
24.9,135.99,-252.968335,135.66226,-251.65761,136.31774,-254.27906
24.92,143.19912499999998,-249.03617500000001,140.25,-251.00225,146.14825,-247.0701
24.94,149.424875,-231.01425,148.76962,-234.61825,150.08013,-227.41025
24.96,148.441555,-207.42279000000002,146.80321,-212.99312,150.0799,-201.85246
24.98,154.99501,-184.813395,153.35667,-188.74549,156.63335,-180.8813
25.0,158.927,-170.723255,158.59937,-173.01701,159.25463,-168.4295
25.02,159.58222999999998,-160.89283,159.25457,-161.87587,159.90989,-159.90979
25.04,160.89291500000002,-154.66688,160.56525,-155.32224,161.22058,-154.01152
25.06,160.892875,-149.09627999999998,160.56521,-149.42396,161.22054,-148.7686
25.08,161.22054,-145.491765,161.22055,-145.49176,161.22053,-145.49177
25.1,161.220525,-142.542615,161.22054,-142.8703,161.22051,-142.21493
25.12,160.89283,-140.24882,161.22052,-140.24882,160.56514,-140.24882
25.14,160.56513,-137.955035,160.56514,-137.62735,160.56512,-138.28272
25.16,159.58207,-136.97198,159.90976,-136.31662,159.25438,-137.62734
25.18,159.58206,-135.66123499999998,159.90975,-135.66123,159.25437,-135.66124
25.2,159.25436,-134.02282000000002,159.25437,-133.69514,159.25435,-134.3505
25.22,159.25435,-132.05671999999998,159.25436,-131.72904,159.25434,-132.3844
25.24,158.598985,-130.41830499999998,158.59899,-130.4183,158.59898,-130.41831
25.26,158.27130499999998,-128.779885,158.59899,-128.4522,157.94362,-129.10757
25.28,158.2713,-128.124515,158.59899,-127.79683,157.94361,-128.4522
25.3,158.271295,-127.46914,157.94362,-127.14146,158.59897,-127.79682
25.32,157.94361,-126.15841499999999,157.94362,-125.17537,157.9436,-127.14146
25.34,157.615935,-126.158405,157.94362,-125.17536,157.28825,-127.14145
25.36,142.21474,-127.46915000000001,149.42384,-126.48609,135.00564,-128.45221
25.38,117.31063499999999,-128.77988,119.93212,-128.45219,114.68915,-129.10757
25.4,115.016845,-127.469155,114.68917,-127.14147,115.34452,-127.79684
25.42,114.68916,-126.486115,114.68916,-125.83075,114.68916,-127.14148
25.44,114.689165,-125.83075,114.68917,-125.17539,114.68916,-126.48611
25.46,114.689165,-125.83074500000001,114.68917,-125.17538,114.68916,-126.48611
25.48,114.689165,-125.17537999999999,114.68917,-124.52001,114.68916,-125.83075
25.5,114.03381,-124.8477,114.03382,-123.86465,114.0338,-125.83075
25.52,113.706125,-124.84770499999999,114.03381,-123.86466,113.37844,-125.83075
25.54,30.475400000000004,-124.520015,-51.77227,-123.86465,112.72307,-125.17538
25.56,112.72307,-124.192335,112.72308,-123.20929,112.72306,-125.17538
25.58,113.05074,-124.19234499999999,112.72307,-123.2093,113.37841,-125.17539
25.6,113.70609,-124.19235,113.37842,-123.2093,114.03376,-125.1754
25.62,114.68912,-123.86467999999999,114.68913,-123.20931,114.68911,-124.52005
25.64,115.0168,-123.536995,114.68913,-123.20931,115.34447,-123.86468
25.66,114.689115,-123.209315,114.68912,-122.55395,114.68911,-123.86468
25.68,115.016785,-122.553945,114.68911,-121.89858,115.34446,-123.20931
25.7,114.6891,-121.57089500000001,114.68911,-121.24321,114.68909,-121.89858
25.72,114.68909,-121.24321499999999,114.6891,-120.58785,114.68908,-121.89858
25.74,115.01677000000001,-120.58785,114.6891,-119.93248,115.34444,-121.24322
25.76,115.01676499999999,-120.58785499999999,115.34445,-119.93249,114.68908,-121.24322
25.78,115.34443999999999,-119.277125,115.34445,-118.62176,115.34443,-119.93249
25.8,115.672115,-119.277125,115.34444,-118.62176,115.99979,-119.93249
25.82,115.344435,-118.621745,115.34444,-117.96638,115.34443,-119.27711
25.84,115.016755,-118.29406,115.34444,-117.96637,114.68907,-118.62175
25.86,115.344435,-117.966375,115.34444,-117.31101,115.34443,-118.62174
25.88,114.68907,-117.63869,114.68908,-117.31101,114.68906,-117.96637
25.9,114.68907,-117.31099499999999,114.68908,-116.65563,114.68906,-117.96636
25.92,114.033715,-116.983315,114.03372,-116.00027,114.03371,-117.96636
25.94,113.378355,-116.655625,113.37836,-116.00026,113.37835,-117.31099
25.96,113.37836,-116.655615,113.37837,-116.00025,113.37835,-117.31098
25.98,113.050685,-116.9833,112.72301,-116.00025,113.37836,-117.96635
26.0,113.378365,-117.31098,113.37837,-116.65561,113.37836,-117.96635
26.02,113.706055,-118.62170499999999,113.37838,-117.31097,114.03373,-119.93244
26.04,115.01680999999999,-125.503055,114.03376,-121.89854,115.99986,-129.10757
26.06,119.60444,-146.147075,117.96601,-138.93806,121.24287,-153.35609
26.08,126.813575,-172.689345,124.51977,-165.15266,129.10738,-180.22603
26.1,133.039775,-201.85297500000001,131.72895,-193.33327,134.3506,-210.37268
26.12,128.124775,-222.82420000000002,133.03996,-218.23679,123.20959,-227.41161
26.14,116.983645,-233.964635,118.62207,-231.99875,115.34522,-235.93052
26.16,110.75764,-238.22381000000001,112.72375,-236.58552,108.79153,-239.8621
26.18,104.53163,-242.155595,106.17006,-239.8619,102.8932,-244.44929
26.2,101.9101,-243.46647000000002,102.23781,-243.79399,101.58239,-243.13895
26.22,98.30555000000001,-240.19049,99.61628,-239.20724,96.99482,-241.17374
26.24,97.65023,-235.931295,97.65021,-236.58653,97.65025,-235.27606
26.26,102.893175,-228.39498,100.9271,-230.03331,104.85925,-226.75665
26.28,108.791325,-220.53084,108.13601,-221.51385,109.44664,-219.54783
26.3,110.101945,-213.97731,109.44661,-214.96033,110.75728,-212.99429
26.32,110.75721,-206.768385,110.10188,-207.75141,111.41254,-205.78536
26.34,111.740175,-201.19783,111.41252,-201.85319,112.06783,-200.54247
26.36,112.39544000000001,-195.29957,112.06779,-195.95493,112.72309,-194.64421
26.38,113.05073,-190.712015,112.72307,-191.36738,113.37839,-190.05665
26.4,113.05068,-185.141425,113.37837,-186.12447,112.72299,-184.15838
26.42,112.722965,-180.22619,112.72298,-180.88155,112.72295,-179.57083
26.44,112.067575,-174.655595,112.06759,-175.63864,112.06756,-173.67255
26.46,118.62124,-165.48046499999998,114.68903,-169.08498,122.55345,-161.87595
26.48,125.83030500000001,-152.37312,125.83032,-153.35617,125.83029,-151.39007
26.5,124.847235,-146.14714,124.51957,-146.80251,125.1749,-145.49177
26.52,124.19185999999999,-143.19797999999997,124.51955,-142.8703,123.86417,-143.52566
26.54,124.519545,-141.559555,124.51955,-140.90419,124.51954,-142.21492
26.56,123.86417,-139.921135,123.86418,-139.59346,123.86416,-140.24881
26.58,123.86417,-138.610395,123.86418,-138.28271,123.86416,-138.93808
26.6,123.20881,-137.29966000000002,123.20882,-136.97198,123.2088,-137.62734
26.62,122.22577,-135.988925,122.55346,-135.66124,121.89808,-136.31661
26.64,122.553445,-135.333555,122.55345,-135.00587,122.55344,-135.66124
26.66,121.57041000000001,-133.695135,121.8981,-133.03977,121.24272,-134.3505
26.68,121.24273,-133.367445,121.24274,-133.03976,121.24272,-133.69513
26.7,119.932015,-131.72903,120.58738,-131.72903,119.27665,-131.72903
26.72,119.60433499999999,-130.418295,119.93202,-129.76293,119.27665,-131.07366
26.74,119.27665999999999,-129.76291500000002,119.27667,-129.10755,119.27665,-130.41828
26.76,118.29362,-128.77985999999999,118.62131,-128.45218,117.96593,-129.10754
26.78,117.310575,-128.12448999999998,117.31058,-127.79681,117.31057,-128.45217
26.8,117.310575,-127.796805,117.31058,-127.14144,117.31057,-128.45217
26.82,116.982895,-127.796795,117.31058,-127.14143,116.65521,-128.45216
26.84,116.655215,-127.796785,116.65522,-127.14142,116.65521,-128.45215
26.86,116.327535,-127.141415,115.99986,-126.48605,116.65521,-127.79678
26.88,115.99986,-126.81371999999999,115.99986,-125.83067,115.99986,-127.79677
26.9,115.999865,-126.158345,115.99987,-125.83066,115.99986,-126.48603
26.92,115.016835,-125.83066,114.68916,-125.1753,115.34451,-126.48602
26.94,115.344525,-125.83064999999999,115.34453,-125.17528,115.34452,-126.48602
26.96,115.01685,-125.830645,115.34454,-125.17528,114.68916,-126.48601
26.98,115.01685499999999,-125.83063999999999,114.68918,-125.17527,115.34453,-126.48601
27.0,115.67221,-125.830645,115.34454,-125.17528,115.99988,-126.48601
27.02,116.32756,-125.83064999999999,116.65525,-125.17528,115.99987,-126.48602
27.04,116.982915,-125.83065500000001,116.65524,-125.17529,117.31059,-126.48602
27.06,117.96594999999999,-125.83065500000001,117.96596,-125.17529,117.96594,-126.48602
27.08,117.638265,-126.15834000000001,117.31059,-125.17529,117.96594,-127.14139
27.1,98.304895,-126.48601,110.10154,-125.83065,86.50825,-127.14137
27.12,53.084325,-124.84756999999999,61.60416,-125.17526,44.56449,-124.51988
27.14,36.372355,-122.22609,36.04468,-121.8984,36.70003,-122.55378
27.16,37.355410000000006,-121.24305000000001,37.35542,-120.58768,37.3554,-121.89842
27.18,37.683095,-121.57074,37.35542,-120.58769,38.01077,-122.55379
27.2,38.666135,-121.898435,38.66614,-121.24307,38.66613,-122.5538
27.22,38.66614,-121.89844,38.66615,-121.24307,38.66613,-122.55381
27.24,38.993825,-122.55381,38.66615,-121.89844,39.3215,-123.20918
27.26,39.976865000000004,-123.20918,39.97687,-122.55381,39.97686,-123.86455
27.28,40.30455,-123.53687,39.97687,-123.20918,40.63223,-123.86456
27.3,40.632235,-124.19224,40.63224,-123.20919,40.63223,-125.17529
27.32,40.304565,-124.51992,39.97689,-123.86455,40.63224,-125.17529
27.34,40.304575,-124.84761499999999,39.9769,-123.86457,40.63225,-125.83066
27.36,40.63227,-125.83066500000001,40.63227,-125.17529,40.63227,-126.48604
27.38,39.976935,-127.1414,39.97693,-126.48603,39.97694,-127.79677
27.4,40.960015,-130.090555,40.63233,-128.45214,41.2877,-131.72897
27.42,42.270785000000004,-137.299595,41.9431,-135.00581,42.59847,-139.59338
27.44,43.25389,-142.870205,43.25388,-140.24874,43.2539,-145.49167
27.46,48.16923,-172.36165,44.56468,-155.9775,51.77378,-188.7458
27.48,68.15811,-242.48578,62.91513,-226.75703,73.40109,-258.21453
27.5,75.039665,-272.96025,75.36733,-270.01111,74.712,-275.90939
27.52,75.039675,-276.237085,74.71201,-275.25403,75.36734,-277.22014
27.54,74.056615,-275.58174499999996,74.05662,-274.59869,74.05661,-276.5648
27.56,74.05660499999999,-275.90944,74.05662,-275.25407,74.05659,-276.56481
27.58,74.38427,-275.25409,74.05661,-274.59872,74.71193,-275.90946
27.6,74.71192500000001,-274.271065,74.71194,-273.94338,74.71191,-274.59875
27.62,74.711905,-267.389745,74.71192,-273.28803,74.71189,-261.49146
27.64,73.07343499999999,-223.480145,72.74577,-235.93214,73.4011,-211.02815
27.66,71.43496,-171.050775,72.74572,-182.84737,70.1242,-159.25418
27.68,69.14107999999999,-139.92088,68.81343,-142.87,69.46873,-136.97176
27.7,69.796355,-127.469,70.12406,-129.10741,69.46865,-125.83059
27.72,69.46861999999999,-120.26,69.46864,-120.58768,69.4686,-119.93232
27.74,68.81322,-115.01707999999999,68.81323,-115.34476,68.81321,-114.6894
27.76,67.83015,-110.757205,68.15784,-110.75721,67.50246,-110.7572
27.78,66.84709000000001,-107.80806,66.8471,-108.13574,66.84708,-107.48038
27.8,66.191705,-104.20354,66.19172,-104.20354,66.19169,-104.20354
27.82,65.53632,-100.27134,65.53633,-100.27134,65.53631,-100.27134
27.84,65.53631,-97.64987,65.53632,-97.64987,65.5363,-97.64987
27.86,64.55324999999999,-95.02841,64.88094,-95.02841,64.22556,-95.02841
27.88,63.897885,-92.734625,64.22557,-92.40694,63.5702,-93.06231
27.9,63.242509999999996,-90.76851500000001,63.5702,-90.44083,62.91482,-91.0962
27.92,62.587149999999994,-88.80242,62.91484,-88.47474,62.25946,-89.1301
27.94,60.94873,-86.83632,60.94874,-86.50864,60.94872,-87.164
27.96,59.965680000000006,-83.5595,60.29337,-83.23182,59.63799,-83.88718
27.98,58.98263,-81.593405,58.98264,-81.26572,58.98262,-81.92109
28.0,58.327259999999995,-79.29963,58.32727,-79.29963,58.32725,-79.29963
28.02,57.344215,-77.98889,57.01654,-77.98889,57.67189,-77.98889
28.04,47.84138,-70.45217,55.70581,-74.71207,39.97695,-66.19227
28.06,8.191565,-48.82499,16.38369,-53.74026,-0.0005600000000001,-43.90972
28.08,-10.486415000000001,-31.457735,-10.48641,-32.76847,-10.48642,-30.147
28.1,-11.469435,-22.937995,-11.14175,-22.938,-11.79712,-22.93799
28.12,-12.124785,-19.988844999999998,-11.79711,-19.66116,-12.45246,-20.31653
28.14,-12.45245,-18.350435,-12.45245,-17.69507,-12.45245,-19.0058
28.16,-13.107795,-17.039705,-13.10779,-16.38434,-13.1078,-17.69507
28.18,-13.435475,-17.039705,-13.76315,-16.38434,-13.1078,-17.69507
28.2,-13.763145,-16.384335,-13.76314,-15.72897,-13.76315,-17.0397
28.22,-14.746175000000001,-16.384335,-14.41849,-15.72897,-15.07386,-17.0397
28.24,-14.746165000000001,-16.056645,-14.41848,-15.0736,-15.07385,-17.03969
28.26,-15.7292,-16.384325,-15.7292,-15.72896,-15.7292,-17.03969
28.28,-15.729185,-16.056639999999998,-15.72918,-15.72895,-15.72919,-16.38433
28.3,-17.039895,-15.401275,-17.03989,-15.07359,-17.0399,-15.72896
28.32,-17.367559999999997,-15.073585,-17.69523,-14.41822,-17.03989,-15.72895
28.34,-17.367555,-15.073585,-17.69523,-14.41822,-17.03988,-15.72895
28.36,-16.384525,-14.418230000000001,-17.03988,-13.76286,-15.72917,-15.0736
28.38,-15.401495,-13.76287,-15.72916,-13.1075,-15.07383,-14.41824
28.4,-15.07382,-13.762865,-15.07381,-13.1075,-15.07383,-14.41823
28.42,-15.729185,-12.779824999999999,-15.72918,-11.79678,-15.72919,-13.76287
28.44,-16.384545000000003,-12.452135,-16.38454,-11.79677,-16.38455,-13.1075
28.46,-17.039904999999997,-12.124455000000001,-17.0399,-11.79677,-17.03991,-12.45214
28.48,-17.69526,-11.469085,-17.69526,-11.1414,-17.69526,-11.79677
28.5,-18.350625,-10.48604,-18.35062,-10.48604,-18.35063,-10.48604
28.52,-19.0059,8.847299999999999,-19.66131,1.31056,-18.35049,16.38404
28.54,-13.10738,37.6836,-14.41816,36.70045,-11.7966,38.66675
28.56,-5.89818,39.322225,-7.86431,39.97759,-3.93205,38.66686
28.58,-3.60435,39.322225,-3.27666,39.97759,-3.93204,38.66686
28.6,-4.259705,39.322225,-3.93202,39.97759,-4.58739,38.66686
28.62,-4.91507,39.322225,-5.24274,39.97759,-4.5874,38.66686
28.64,-4.915075,39.322225,-4.58739,39.97759,-5.24276,38.66686
28.66,-5.242755,39.322225,-5.24275,39.97759,-5.24276,38.66686
28.68,-5.898115,39.322225,-5.89811,39.97759,-5.89812,38.66686
28.7,-6.553465,39.322225,-6.55346,39.97759,-6.55347,38.66686
28.72,-6.225785,39.322225,-6.55346,39.97759,-5.89811,38.66686
28.74,-6.553455,39.322225,-6.55345,39.97759,-6.55346,38.66686
28.76,-6.55345,39.322225,-6.55345,39.97759,-6.55345,38.66686
28.78,-6.55344,39.322225,-6.55344,39.97759,-6.55344,38.66686
28.8,-6.553435,39.322225,-6.55343,39.97759,-6.55344,38.66686
28.82,-6.55342,39.322225,-6.55341,39.97759,-6.55343,38.66686
28.84,-7.208775,39.322225,-7.20877,39.97759,-7.20878,38.66686
28.86,-7.864125,39.322225,-7.86412,39.97759,-7.86413,38.66686
28.88,-7.864115,39.322225,-7.86411,39.97759,-7.86412,38.66686
28.9,-8.51947,39.322225,-8.51946,39.97759,-8.51948,38.66686
28.92,-8.519455,39.322225,-8.51945,39.97759,-8.51946,38.66686
28.94,-9.174805,39.322225,-9.1748,39.97759,-9.17481,38.66686
28.96,-10.48553,39.322225,-9.83016,39.97759,-11.1409,38.66686
28.98,-41.287875,39.322225,-30.8019,39.97759,-51.77385,38.66686
29.0,-51.774155,39.322225,-51.77415,39.97759,-51.77416,38.66686
29.02,-51.774155,39.322225,-51.77415,39.97759,-51.77416,38.66686
29.04,-51.774155,39.322225,-51.77415,39.97759,-51.77416,38.66686
29.06,-51.774155,39.322225,-51.77415,39.97759,-51.77416,38.66686
29.08,-51.774155,39.322225,-51.77415,39.97759,-51.77416,38.66686
29.1,-51.774155,39.322225,-51.77415,39.97759,-51.77416,38.66686
29.12,-51.774155,39.322225,-51.77415,39.97759,-51.77416,38.66686
29.14,-51.774155,39.322225,-51.77415,39.97759,-51.77416,38.66686
29.16,-51.774155,39.322225,-51.77415,39.97759,-51.77416,38.66686
29.18,-51.774155,39.322225,-51.77415,39.97759,-51.77416,38.66686
29.2,-51.774155,39.322225,-51.77415,39.97759,-51.77416,38.66686
29.22,-51.774155,39.322225,-51.77415,39.97759,-51.77416,38.66686
29.24,-51.774155,39.322225,-51.77415,39.97759,-51.77416,38.66686
29.26,-51.774155,39.322225,-51.77415,39.97759,-51.77416,38.66686
29.28,-51.774155,39.322225,-51.77415,39.97759,-51.77416,38.66686
29.3,-51.774155,39.322225,-51.77415,39.97759,-51.77416,38.66686
29.32,-51.774155,39.322225,-51.77415,39.97759,-51.77416,38.66686
29.34,-51.774155,39.322225,-51.77415,39.97759,-51.77416,38.66686
29.36,-51.774155,39.322225,-51.77415,39.97759,-51.77416,38.66686
29.38,-51.774155,39.322225,-51.77415,39.97759,-51.77416,38.66686
29.4,-51.774155,39.322225,-51.77415,39.97759,-51.77416,38.66686
29.42,-51.774155,39.322165,-51.77415,39.97759,-51.77416,38.66674
29.44,-51.774155,-4.587435,-51.77415,9.83064,-51.77416,-19.00551
29.46,-51.774155,-28.180709999999998,-51.77415,-27.52535,-51.77416,-28.83607
29.48,-51.774155,-28.836085,-51.77415,-28.18071,-51.77416,-29.49146
29.5,-51.774155,-29.819155,-51.77415,-28.8361,-51.77416,-30.80221
29.52,-51.774155,-30.80223,-51.77415,-30.14686,-51.77416,-31.4576
29.54,-51.774155,-32.768335,-51.77415,-31.4576,-51.77416,-34.07907
29.56,-51.774155,-34.079095,-51.77415,-32.76836,-51.77416,-35.38983
29.58,-51.774155,-37.355945000000006,-51.77415,-35.38985,-51.77416,-39.32204
29.6,-51.774155,-41.28815,-51.77415,-39.32205,-51.77416,-43.25425
29.62,-51.774155,-46.858775,-51.77415,-44.56499,-51.77416,-49.15256
29.64,-51.774155,-51.446355,-51.77415,-49.80794,-51.77416,-53.08477
29.66,-51.774155,-54.7232,-51.77415,-52.42942,-51.77416,-57.01698
29.68,-51.774155,-60.293815,-51.77415,-58.32771,-51.77416,-62.25992
29.7,-51.774155,-68.485895,-51.77415,-64.88138,-51.77416,-72.09041
29.72,-49.480395,-79.627125,-50.46343,-76.67797,-48.49736,-82.57628
29.74,-38.99336,-96.011275,-47.18408,-87.81921,-30.80264,-104.20334
29.76,24.57573,-133.36716,5.24229,-124.51971,43.90917,-142.21461
29.78,58.327465000000004,-147.785275,58.98284,-147.45758,57.67209,-148.11297
29.8,57.67203,-146.802255,57.01668,-146.14688,58.32738,-147.45763
29.82,58.98272,-145.81923,58.98274,-145.49154,58.9827,-146.14692
29.84,59.63805,-144.50851999999998,58.9827,-144.18083,60.2934,-144.83621
29.86,60.621065,-143.52549499999998,60.2934,-142.87013,60.94873,-144.18086
29.88,60.29336,-141.887085,60.29337,-141.5594,60.29335,-142.21477
29.9,60.293350000000004,-140.57637,60.29336,-140.24868,60.29334,-140.90406
29.92,60.29333,-139.92101000000002,60.29334,-139.59332,60.29332,-140.2487
29.94,60.621005,-140.904065,60.29333,-139.59333,60.94868,-142.2148
29.96,60.948675,-140.90407499999998,60.94868,-140.24871,60.94867,-141.55944
