t_s,x,y,x_left,y_left,x_right,y_right
0.18,-1.63841,0.655355,-1.31073,0.65535,-1.96609,0.65536
0.2,-1.6384050000000001,1.31072,-1.31073,1.31072,-1.96608,1.31072
0.22,2.6214850000000016,3.276805,1.0000000003174e-05,1.96607,5.24296,4.58754
0.24,6.226045,6.88131,7.20909,6.55363,5.243,7.20899
0.26,5.57068,7.20899,5.89836,7.20899,5.243,7.20899
0.28,5.243,6.881305,5.89836,7.20898,4.58764,6.55363
0.3,4.915315,6.5540199999999995,5.24299,6.55362,4.58764,6.55442
0.32,4.91532,7.208985,5.243,7.20898,4.58764,7.20899
0.34,4.25996,7.208985,4.58764,7.20898,3.93228,7.20899
0.36,-3.93211,8.8474,-0.65528,8.51971,-7.20894,9.17509
0.38,-6.553570000000001,9.83045,-6.55358,9.83045,-6.55356,9.83045
0.4,-6.55356,10.48581,-5.8982,10.4858,-7.20892,10.48582
0.42,-6.88124,10.813490000000002,-6.55356,11.14117,-7.20892,10.48581
0.44,-7.536595,10.813485,-7.20892,11.14116,-7.86427,10.48581
0.46,-7.208915,10.813485,-6.55356,11.14116,-7.86427,10.48581
0.48,-8.19195,10.813485,-7.86427,11.14116,-8.51963,10.48581
0.5,-8.519635,10.813490000000002,-7.86428,11.14117,-9.17499,10.48581
0.52,-8.84731,10.15812,-8.51963,10.4858,-9.17499,9.83044
0.54,-9.502669999999998,9.830435,-9.17499,9.83043,-9.83035,9.83044
0.56,-9.502680000000002,9.17508,-9.175,9.17508,-9.83036,9.17508
0.58,-9.175015,8.519725,-9.17501,8.51972,-9.17502,8.51973
0.6,-8.847349999999999,7.536675,-8.51967,7.86435,-9.17503,7.209
0.62,-8.847365,7.208995,-8.51968,7.20899,-9.17505,7.209
0.64,-8.5197,6.225955,-7.86434,6.55363,-9.17506,5.89828
0.66,-9.175065,5.570595,-8.5197,5.89827,-9.83043,5.24292
0.68,-9.502749999999999,5.570595,-9.17507,5.89827,-9.83043,5.24292
0.7,-6.2259199999999995,6.225944999999999,-9.17508,5.89827,-3.27676,6.55362
0.72,0.9831600000000013,7.20898,1.9662,7.20898,0.0001200000000025,7.20898
0.74,-0.65525,7.536665,-0.65525,7.86434,-0.65525,7.20899
0.76,-1.31061,7.864345,-0.65525,7.86434,-1.96597,7.86435
0.78,-1.96597,7.864345,-1.31061,7.86434,-2.62133,7.86435
0.8,-2.949015,8.192029999999999,-2.62134,8.51971,-3.27669,7.86435
0.82,-2.94902,7.864345,-2.62134,7.86434,-3.2767,7.86435
0.84,-3.60438,8.519705,-3.2767,8.5197,-3.93206,8.51971
0.86,-3.60438,8.5197,-3.2767,8.5197,-3.93206,8.5197
0.88,-3.60438,8.5197,-3.2767,8.5197,-3.93206,8.5197
0.9,-3.93206,8.519705,-3.2767,8.5197,-4.58742,8.51971
0.92,-3.93206,7.86434,-3.2767,7.86434,-4.58742,7.86434
0.94,-4.25973,8.19202,-3.93205,8.5197,-4.58741,7.86434
0.96,1.9662650000000002,8.519695,0.65552,8.51969,3.27701,8.5197
0.98,2.9493349999999996,8.847365,3.27702,8.51968,2.62165,9.17505
1.0,2.94934,9.17505,3.27702,9.17505,2.62166,9.17505
1.02,2.62166,9.175045,2.62166,9.17504,2.62166,9.17505
1.04,2.29399,9.175045,2.62167,9.17504,1.96631,9.17505
1.06,2.29399,8.847365,2.62167,9.17504,1.96631,8.51969
1.08,1.63863,9.175045,1.96631,9.17504,1.31095,9.17505
1.1,1.6386349999999998,9.175045,1.96631,9.17504,1.31096,9.17505
1.12,0.9832799999999999,9.175045,1.31096,9.17504,0.6556,9.17505
1.14,0.9832799999999999,9.17504,1.31096,9.17503,0.6556,9.17505
1.16,0.9832799999999999,9.175045,1.31096,9.17504,0.6556,9.17505
1.18,1.310965,8.847370000000002,1.31097,9.17505,1.31096,8.51969
1.2,2.293995,8.19201,2.62168,8.51969,1.96631,7.86433
1.22,2.94935,7.208965,3.27703,7.20896,2.62167,7.20897
1.24,2.9493349999999996,6.88128,3.27702,7.20896,2.62165,6.5536
1.26,2.94933,6.88129,3.27701,7.20897,2.62165,6.55361
1.28,2.293965,7.208975000000001,2.62164,7.20897,1.96629,7.20898
1.3,2.6216500000000003,7.208975000000001,3.27701,7.20897,1.96629,7.20898
1.32,2.6216549999999996,7.208975000000001,2.62165,7.20897,2.62166,7.20898
1.34,7.8646,7.536655,7.20922,7.86433,8.51998,7.20898
1.36,7.53693,7.864330000000001,7.86461,7.86432,7.20925,7.86434
1.38,7.20925,7.8643350000000005,7.20925,7.86433,7.20925,7.86434
1.4,6.88157,8.192015,7.20925,7.86433,6.55389,8.5197
1.42,6.22621,8.19202,6.55389,8.5197,5.89853,7.86434
1.44,6.22621,8.519695,6.55389,8.51969,5.89853,8.5197
1.46,6.22621,8.519695,6.55389,8.51969,5.89853,8.5197
1.48,5.89853,8.519695,5.89853,8.51969,5.89853,8.5197
1.5,6.22621,8.519695,6.55389,8.51969,5.89853,8.5197
1.52,6.22621,8.519695,6.55389,8.51969,5.89853,8.5197
1.54,5.57085,8.519695,5.89853,8.51969,5.24317,8.5197
1.56,7.2092600000000004,8.847370000000002,5.89853,8.51969,8.51999,9.17505
1.58,28.181085000000003,10.15808,25.55957,10.48576,30.8026,9.8304
1.6,27.198079999999997,11.141110000000001,28.18113,11.1411,26.21503,11.14112
1.62,27.19807,10.813424999999999,27.52575,11.1411,26.87039,10.48575
1.64,27.19807,10.813414999999999,27.52575,11.14109,26.87039,10.48574
1.66,27.19807,10.813414999999999,27.52575,11.14109,26.87039,10.48574
1.68,27.198065,10.48573,27.52574,10.48573,26.87039,10.48573
1.7,26.870385,10.48573,26.87039,10.48573,26.87038,10.48573
1.72,26.870379999999997,10.485735,27.52574,10.48573,26.21502,10.48574
1.74,26.87037,10.48573,26.87037,10.48573,26.87037,10.48573
1.76,27.198050000000002,10.15805,27.52573,10.48573,26.87037,9.83037
1.78,26.870375000000003,9.830365,26.87038,9.83036,26.87037,9.83037
1.8,27.198055,9.830365,27.52574,9.83036,26.87037,9.83037
1.82,27.198050000000002,9.83036,27.52573,9.83036,26.87037,9.83036
1.84,28.18108,8.847315,28.18108,9.17499,28.18108,8.51964
1.86,29.491795000000003,8.519635000000001,29.4918,8.51963,29.49179,8.51964
1.88,30.474825000000003,7.536595,30.80251,7.86427,30.14714,7.20892
1.9,31.13018,7.864275,31.45786,7.86427,30.8025,7.86428
1.92,31.13017,7.536595,31.45785,7.86427,30.80249,7.20892
1.94,31.457855000000002,7.864275,31.45786,7.86427,31.45785,7.86428
1.96,31.78553,7.864275,32.11321,7.86427,31.45785,7.86428
1.98,31.78553,7.864275,32.11321,7.86427,31.45785,7.86428
2.0,31.785539999999997,7.208915,32.11322,7.20891,31.45786,7.20892
2.02,33.096265,7.208915,32.11322,7.20891,34.07931,7.20892
2.04,46.20367,10.158055000000001,44.56522,9.83037,47.84212,10.48574
2.06,46.859065,11.141095,47.18675,11.14109,46.53138,11.1411
2.08,46.859055,11.1411,47.18674,11.1411,46.53137,11.1411
2.1,46.859055,11.1411,47.18674,11.1411,46.53137,11.1411
2.12,46.859055,10.81342,47.18673,11.1411,46.53138,10.48574
2.14,47.186735,10.158055000000001,47.18674,10.48573,47.18673,9.83038
2.16,46.859044999999995,9.830375,47.18673,9.83037,46.53136,9.83038
2.18,46.859044999999995,9.83037,47.18673,9.83036,46.53136,9.83038
2.2,46.859045,9.502695,47.18672,9.83037,46.53137,9.17502
2.22,46.859045,9.83037,47.18672,9.83037,46.53137,9.83037
2.24,46.859045,9.502690000000001,47.18672,9.83037,46.53137,9.17501
2.26,46.859049999999996,9.502685,47.18673,9.83036,46.53137,9.17501
2.28,46.859049999999996,9.175,47.18673,9.175,46.53137,9.175
2.3,46.859055,9.502685,47.18673,9.83036,46.53138,9.17501
2.32,46.20369,9.175,46.53137,9.175,45.87601,9.175
2.34,45.87601,9.175,46.53137,9.175,45.22065,9.175
2.36,45.54833,8.519645,45.87601,8.51964,45.22065,8.51965
2.38,44.89297,8.51964,45.22065,8.51964,44.56529,8.51964
2.4,44.237610000000004,8.51964,45.22065,8.51964,43.25457,8.51964
2.42,43.90993,8.51964,44.56529,8.51964,43.25457,8.51964
2.44,43.25457,8.51964,43.90993,8.51964,42.59921,8.51964
2.46,42.9269,8.519635000000001,43.25458,8.51963,42.59922,8.51964
2.48,42.27154,8.519635000000001,42.59922,8.51963,41.94386,8.51964
2.5,41.94386,7.864285,41.94386,7.86428,41.94386,7.86429
2.52,43.254585,7.5366,43.25459,7.86428,43.25458,7.20892
2.54,43.90993,7.208915,43.90993,7.20891,43.90993,7.20892
2.56,44.565285,6.881235,44.56529,7.20891,44.56528,6.55356
2.58,44.56528,6.55356,44.56528,6.55356,44.56528,6.55356
2.6,44.565285,6.55356,45.22065,6.55356,43.90992,6.55356
2.62,43.58225,6.88124,43.90993,7.20892,43.25457,6.55356
2.64,43.58225,6.881245,43.90993,7.20892,43.25457,6.55357
2.66,43.58225,6.55356,43.90993,6.55356,43.25457,6.55356
2.68,42.92689,6.225875,43.25457,6.55355,42.59921,5.8982
2.7,42.92689,6.225875,43.25457,6.55355,42.59921,5.8982
2.72,42.92689,6.225875,43.25457,6.55355,42.59921,5.8982
2.74,41.94385,6.553555,42.59921,6.55355,41.28849,6.55356
2.76,45.2207,7.208925,44.56532,7.20892,45.87608,7.20893
2.78,45.54839,7.208915,45.87607,7.20891,45.22071,7.20892
2.8,44.893029999999996,7.208925,45.22071,7.20892,44.56535,7.20893
2.82,45.22071,6.881235,45.87607,7.20891,44.56535,6.55356
2.84,45.54839,6.553555,45.87607,6.55355,45.22071,6.55356
2.86,45.548395,5.89819,45.87607,5.89819,45.22072,5.89819
2.88,45.876075,5.898194999999999,46.53144,5.89819,45.22071,5.8982
2.9,0.9839149999999997,5.89819,-43.25289,5.89819,45.22072,5.89819
2.92,45.22072,5.898194999999999,45.87608,5.89819,44.56536,5.8982
2.94,45.220725,5.89819,45.87608,5.89818,44.56537,5.8982
2.96,44.89304,5.898185,45.22072,5.89818,44.56536,5.89819
2.98,46.531465,6.225875,45.22072,5.89819,47.84221,6.55356
3.0,48.49759,6.55355,49.15295,6.55355,47.84223,6.55355
3.02,47.51454,7.208915,47.84222,7.20891,47.18686,7.20892
3.04,47.51454,6.553555,47.84222,6.55355,47.18686,6.55356
3.06,47.514534999999995,6.553555,47.84222,6.55355,47.18685,6.55356
3.08,46.859175,6.553555,47.18685,6.55355,46.5315,6.55356
3.1,46.859175,6.55355,47.18685,6.55355,46.5315,6.55355
3.12,46.531485,6.225865,47.18684,6.55354,45.87613,5.89819
3.14,46.531490000000005,5.898185,47.18685,5.89818,45.87613,5.89819
3.16,46.203805,5.570505,46.53148,5.89818,45.87613,5.24283
3.18,46.203805,5.24282,46.53148,5.24282,45.87613,5.24282
3.2,46.531485,4.259774999999999,46.53149,4.58745,46.53148,3.9321
3.22,47.51451,3.6044150000000004,47.18683,3.93209,47.84219,3.27674
3.24,52.102059999999994,3.27672,48.49755,3.27672,55.70657,3.27672
3.26,67.50325000000001,2.94903,67.50324,3.27671,67.50326,2.62135
3.28,65.86483,2.949025,66.19251,3.2767,65.53715,2.62135
3.3,66.52018,3.2767049999999998,66.84786,3.2767,66.1925,3.27671
3.32,66.84786,2.62134,66.84786,2.62134,66.84786,2.62134
3.34,66.847865,2.293655,66.84786,2.62133,66.84787,1.96598
3.36,67.83091,1.96597,68.15859,1.96597,67.50323,1.96597
3.38,68.486265,1.63829,68.81394,1.96597,68.15859,1.31061
3.4,68.81395,0.982925,69.46931,1.3106,68.15859,0.65525
3.42,69.14163500000001,0.98292,69.46932,1.3106,68.81395,0.65524
3.44,69.14162999999999,0.98292,69.46931,1.3106,68.81395,0.65524
3.46,69.14162999999999,0.65524,69.46931,0.65524,68.81395,0.65524
3.48,69.141635,0.982915,69.46931,1.31059,68.81396,0.65524
3.5,69.14162999999999,0.655235,69.46931,0.65523,68.81395,0.65524
3.52,69.14162999999999,0.655235,69.46931,0.65523,68.81395,0.65524
3.54,69.14162999999999,0.655235,69.46931,0.65523,68.81395,0.65524
3.56,69.141635,1.310595,69.46931,1.31059,68.81396,1.3106
3.58,69.796995,1.310595,70.12467,1.31059,69.46932,1.3106
3.6,69.14164,1.6382750000000001,69.46932,1.96595,68.81396,1.3106
3.62,69.797,1.9659550000000001,70.12468,1.96595,69.46932,1.96596
3.64,69.14164,1.9659550000000001,69.46932,1.96595,68.81396,1.96596
3.66,68.81396000000001,1.9659550000000001,69.46932,1.96595,68.1586,1.96596
3.68,68.81396000000001,1.9659550000000001,69.46932,1.96595,68.1586,1.96596
3.7,68.1586,2.62132,68.81396,2.62131,67.50324,2.62133
3.72,68.1586,2.621315,68.1586,2.62131,68.1586,2.62132
3.74,67.83092,2.621315,68.1586,2.62131,67.50324,2.62132
3.76,67.50324,2.948995,68.1586,2.62131,66.84788,3.27668
3.78,67.83092,2.948995,68.1586,3.27667,67.50324,2.62132
3.8,67.50324,3.276675,68.1586,3.27667,66.84788,3.27668
3.82,69.797035,4.58741,68.81397,3.93204,70.7801,5.24278
3.84,70.78012000000001,5.242775,71.43549,5.24277,70.12475,5.24278
3.86,70.78011,5.89814,70.78011,5.89814,70.78011,5.89814
3.88,71.43547,5.898135,71.43547,5.89813,71.43547,5.89814
3.9,72.4185,5.898135,72.09082,5.89813,72.74618,5.89814
3.92,73.07385,5.898135,73.40153,5.89813,72.74617,5.89814
3.94,73.073835,5.242775,73.40152,5.24277,72.74615,5.24278
3.96,73.073835,5.89814,73.40151,5.89813,72.74616,5.89815
3.98,72.74615,6.225825,73.40151,6.5535,72.09079,5.89815
4.0,72.74615,6.553495,73.40151,6.55349,72.09079,6.5535
4.02,72.41847,6.5535,72.74615,6.5535,72.09079,6.5535
4.04,71.76311,6.881175,72.09079,7.20885,71.43543,6.5535
4.06,71.763105,6.5535049999999995,72.09079,6.5535,71.43542,6.55351
4.08,70.780055,7.20886,71.43542,7.20886,70.12469,7.20886
4.1,69.79701,6.881185,70.12469,6.5535,69.46933,7.20887
4.12,69.141645,7.53655,69.46933,7.86423,68.81396,7.20887
4.14,68.81396000000001,7.20887,69.46932,7.20887,68.1586,7.20887
4.16,68.48628,7.208869999999999,68.81396,7.20886,68.1586,7.20888
4.18,67.83092,7.208875,68.1586,7.20887,67.50324,7.20888
4.2,67.83092,7.208875,67.50324,7.20887,68.1586,7.20888
4.22,74.38462999999999,8.847285,74.05693,8.5196,74.71233,9.17497
4.24,73.401595,9.174965,74.05696,9.17496,72.74623,9.17497
4.26,73.073915,9.502645000000001,73.40159,9.83032,72.74624,9.17497
4.28,73.07392,9.830325,73.4016,9.83032,72.74624,9.83033
4.3,72.41856,10.485685,72.74624,10.48568,72.09088,10.48569
4.32,72.746235,10.813365000000001,73.4016,10.48568,72.09087,11.14105
4.34,72.418555,10.813365000000001,72.74624,10.48568,72.09087,11.14105
4.36,71.763185,11.141055,72.09087,11.14105,71.4355,11.14106
4.38,70.78013,12.12411,71.4355,11.79642,70.12476,12.4518
4.4,70.12474499999999,12.45181,70.78011,12.4518,69.46938,12.45182
4.42,82.57674499999999,14.09023,76.6784,13.76254,88.47509,14.41792
4.44,90.113535,14.745595,91.75194,14.41791,88.47513,15.07328
4.46,88.8028,14.7456,88.47512,15.07328,89.13048,14.41792
4.48,90.4412,14.090235,90.4412,14.41791,90.4412,13.76256
4.5,91.75191,13.43487,91.75191,13.76255,91.75191,13.10719
4.52,92.734945,13.762545,93.06263,13.76254,92.40726,13.76255
4.54,93.062625,13.434864999999999,93.71799,13.76254,92.40726,13.10719
4.56,93.39029,13.10718,93.71797,13.10718,93.06261,13.10718
4.58,93.39029500000001,13.43486,93.71798,13.76254,93.06261,13.10718
4.6,93.390295,13.107175,93.71797,13.10717,93.06262,13.10718
4.62,93.71798,13.107175,93.71798,13.10717,93.71798,13.10718
4.64,93.71799,12.779485000000001,94.37335,13.10716,93.06263,12.45181
4.66,93.717985,12.77948,93.71798,12.4518,93.71799,13.10716
4.68,93.390305,12.45179,93.71798,12.45179,93.06263,12.45179
4.7,93.39031,12.779475000000001,93.71799,13.10715,93.06263,12.4518
4.72,92.734945,12.124115,93.06262,12.45179,92.40727,11.79644
4.74,92.73495,12.124115,93.71799,12.45179,91.75191,11.79644
4.76,92.73495,11.79643,93.06263,12.45179,92.40727,11.14107
4.78,93.39031,11.46874,93.71799,11.79642,93.06263,11.14106
4.8,93.06264,11.46873,93.06264,11.79641,93.06264,11.14105
4.82,93.39032,11.141055,93.718,11.14105,93.06264,11.14106
4.84,92.07958500000001,11.141055,93.718,11.14105,90.44117,11.14106
4.86,87.492015,11.468744999999998,87.81969,11.79642,87.16434,11.14107
4.88,87.49203,11.796415,87.81971,11.79641,87.16435,11.79642
4.9,87.8197,11.79642,87.8197,11.79642,87.8197,11.79642
4.92,88.14739,11.796415,88.47507,11.79641,87.81971,11.79642
4.94,88.14739,11.468734999999999,88.47507,11.79641,87.81971,11.14106
4.96,87.49203,11.141055,87.81971,11.14105,87.16435,11.14106
4.98,87.164345,11.468734999999999,87.81971,11.79641,86.50898,11.14106
5.0,86.836665,11.796415,87.16434,11.79641,86.50899,11.79642
5.02,86.18131,11.79642,86.50899,11.79642,85.85363,11.79642
5.04,86.1813,11.79642,86.50898,11.79642,85.85362,11.79642
5.06,86.18130500000001,11.79642,86.50899,11.79642,85.85362,11.79642
5.08,86.18130500000001,11.468734999999999,86.50899,11.79641,85.85362,11.14106
5.1,87.49201,11.14106,87.81969,11.14106,87.16433,11.14106
5.12,88.80272,11.141055,89.1304,11.14105,88.47504,11.14106
5.14,88.80271,10.485695,89.13039,10.48569,88.47503,10.4857
5.16,89.45806,10.485695,89.78574,10.48569,89.13038,10.4857
5.18,89.458055,10.485695,89.78574,10.48569,89.13037,10.4857
5.2,89.45805,10.485695,89.78573,10.48569,89.13037,10.4857
5.22,89.45805,10.485695,89.78573,10.48569,89.13037,10.4857
5.24,23.26669,10.158014999999999,-43.25235,10.48569,89.78573,9.83034
5.26,90.11341,10.15801,90.44109,10.48569,89.78573,9.83033
5.28,90.11341,10.158005,90.44109,10.48568,89.78573,9.83033
5.3,90.11341,9.83032,90.44109,9.83032,89.78573,9.83032
5.32,90.11341,9.502635000000001,90.44109,9.83031,89.78573,9.17496
5.34,90.113405,8.847275,90.44108,9.17495,89.78573,8.5196
5.36,90.11341,8.847275,90.44109,9.17495,89.78573,8.5196
5.38,90.113405,8.519585,90.44109,8.51958,89.78572,8.51959
5.4,90.1134,8.19191,90.44108,8.51959,89.78572,7.86423
5.42,90.1134,7.86423,90.44108,7.86423,89.78572,7.86423
5.44,89.78572,7.864235,90.44108,7.86423,89.13036,7.86424
5.46,89.78571,7.864225,90.44107,7.86422,89.13035,7.86423
5.48,89.458035,7.86423,89.78571,7.86423,89.13036,7.86423
5.5,89.45803000000001,7.86423,89.78571,7.86423,89.13035,7.86423
5.52,89.45803000000001,8.19191,89.78571,8.51959,89.13035,7.86423
5.54,89.13034999999999,7.864225,89.78571,7.86422,88.47499,7.86423
5.56,88.802675,7.536545,89.13035,7.86422,88.475,7.20887
5.58,88.80267,7.5365400000000005,89.13035,7.86422,88.47499,7.20886
5.6,93.39025,7.208864999999999,91.75182,7.20886,95.02868,7.20887
5.62,94.045635,7.5365400000000005,94.37332,7.20886,93.71795,7.86422
5.64,94.373315,8.51959,94.37331,8.51959,94.37332,8.51959
5.66,95.02868,9.50263,95.02868,9.17495,95.02868,9.83031
5.68,95.684045,10.485665000000001,95.68405,10.48566,95.68404,10.48567
5.7,96.66709,11.46871,96.99477,11.14102,96.33941,11.7964
5.72,96.66709,12.124075000000001,96.99477,12.45175,96.33941,11.7964
5.74,96.99477,11.468715,96.99477,11.79639,96.99477,11.14104
5.76,98.960835,11.14103,98.96084,11.14103,98.96083,11.14103
5.78,99.288505,10.813355000000001,99.61619,11.14103,98.96082,10.48568
5.8,99.61618,10.485675,100.27154,10.48567,98.96082,10.48568
5.82,99.288495,10.485675,99.61618,11.14103,98.96081,9.83032
5.84,99.288495,9.830315,99.61617,9.83031,98.96082,9.83032
5.86,99.28849,9.830315,99.61617,9.83031,98.96081,9.83032
5.88,98.96081,10.158000000000001,99.61617,10.48568,98.30545,9.83032
5.9,99.28849,9.830315,99.61617,9.83031,98.96081,9.83032
5.92,98.63313,10.158005,98.96081,10.48568,98.30545,9.83033
5.94,98.63312,9.830315,98.9608,9.83031,98.30544,9.83032
5.96,98.63312,10.81336,98.9608,10.48568,98.30544,11.14104
5.98,97.97776,11.141045,98.30544,11.14104,97.65008,11.14105
6.0,97.977755,10.813365000000001,98.30544,11.14104,97.65007,10.48569
6.02,98.633115,10.48568,98.9608,10.48568,98.30543,10.48568
6.04,98.633115,9.830315,98.9608,9.83031,98.30543,9.83032
6.06,98.63311,9.502635000000001,98.96079,9.83031,98.30543,9.17496
6.08,98.30543,9.17495,98.30543,9.17495,98.30543,9.17495
6.1,97.97775,9.830315,98.30543,9.83031,97.65007,9.83032
6.12,98.63311,9.830315,98.96079,9.83031,98.30543,9.83032
6.14,98.30543,9.50263,98.30543,9.83031,98.30543,9.17495
6.16,98.63311,9.174945000000001,98.96079,9.17494,98.30543,9.17495
6.18,98.96079,8.847265,98.96079,9.17494,98.96079,8.51959
6.2,97.32238,8.191905,99.61616,8.51958,95.0286,7.86423
6.22,55.05116,7.536605,71.43536,7.2089,38.66696,7.86431
6.24,13.43532,9.17509,17.6952,8.51972,9.17544,9.83046
6.26,10.813865,12.451895,10.48618,11.79653,11.14155,13.10726
6.28,11.46922,14.090295000000001,11.7969,13.76261,11.14154,14.41798
6.3,12.452255000000001,15.073335,12.45225,15.07333,12.45226,15.07334
6.32,12.77994,15.72869,13.10762,15.72869,12.45226,15.72869
6.34,13.435300000000002,16.384045,13.76298,16.38404,13.10762,16.38405
6.36,13.435300000000002,16.056355,13.76298,16.38403,13.10762,15.72868
6.38,14.090665000000001,16.056355,14.41834,16.38403,13.76299,15.72868
6.4,14.41835,15.400995,14.41835,15.72867,14.41835,15.07332
6.42,16.05675,15.07331,15.72907,15.07331,16.38443,15.07331
6.44,17.03979,14.09027,17.03979,14.41795,17.03979,13.76259
6.46,12.779895,13.43492,18.35051,13.76258,7.20928,13.10726
6.48,-12.45175,12.779595,-7.20882,12.4519,-17.69468,13.10729
6.5,-19.98846,13.76266,-20.31615,13.76266,-19.66077,13.76266
6.52,-18.677725000000002,14.090330000000002,-18.35004,14.41801,-19.00541,13.76265
6.54,-18.02236,14.090325,-17.69468,14.418,-18.35004,13.76265
6.56,-17.039315000000002,13.76264,-17.03932,13.76264,-17.03931,13.76264
6.58,-16.383944999999997,13.762635,-16.38395,13.76263,-16.38394,13.76264
6.6,-15.72858,13.762635,-15.72858,13.76263,-15.72858,13.76264
6.62,-17.366999999999997,14.418009999999999,-15.07322,13.76263,-19.66078,15.07339
6.64,-26.21443,16.7118,-25.55907,17.03948,-26.86979,16.38412
6.66,-24.9037,16.7118,-24.9037,16.38412,-24.9037,17.03948
6.68,-24.903695,16.711795000000002,-24.9037,17.03947,-24.90369,16.38412
6.7,-23.920650000000002,16.05643,-23.59297,16.38411,-24.24833,15.72875
6.72,-23.592965,15.401065,-23.59297,15.72874,-23.59296,15.07339
6.74,-22.609925,15.07338,-22.28225,15.07338,-22.9376,15.07338
6.76,-22.609920000000002,15.07338,-22.28224,15.07337,-22.9376,15.07339
6.78,-22.28224,14.745695000000001,-21.62688,15.07337,-22.9376,14.41802
6.8,-21.954549999999998,14.418015,-21.62687,14.41801,-22.28223,14.41802
6.82,-21.954555,14.418015,-21.62687,14.41801,-22.28224,14.41802
6.84,-21.95456,14.418015,-21.62688,14.41801,-22.28224,14.41802
6.86,-21.95456,14.090335,-21.62688,14.41801,-22.28224,13.76266
6.88,-21.954555,13.762655,-21.62687,13.76265,-22.28224,13.76266
6.9,-22.28224,13.76265,-21.62688,13.76265,-22.9376,13.76265
6.92,-22.609920000000002,13.107295,-22.28224,13.10729,-22.9376,13.1073
6.94,-22.609920000000002,13.434975000000001,-22.28224,13.10729,-22.9376,13.76266
6.96,-26.54212,13.434975000000001,-24.90371,13.10729,-28.18053,13.76266
6.98,-27.197485,13.762655,-26.86981,13.76265,-27.52516,13.76266
7.0,-27.52516,13.434975000000001,-26.8698,13.76265,-28.18052,13.1073
7.02,-27.85284,13.434975000000001,-27.52516,13.76265,-28.18052,13.1073
7.04,-27.525165,12.779615,-27.52516,13.10729,-27.52517,12.45194
7.06,-26.542135000000002,12.124244999999998,-26.21445,12.45192,-26.86982,11.79657
7.08,-26.214464999999997,11.141205,-26.21446,11.1412,-26.21447,11.14121
7.1,-25.886789999999998,11.468885,-25.55911,11.79656,-26.21447,11.14121
7.12,-26.54216,10.813524999999998,-26.21448,11.1412,-26.86984,10.48585
7.14,-27.19752,11.141205,-26.86984,11.1412,-27.5252,11.14121
7.16,-27.852890000000002,10.48585,-27.52521,10.48585,-28.18057,10.48585
7.18,-29.16361,10.813535,-28.83593,11.14121,-29.49129,10.48586
7.2,-29.49129,10.485845,-28.83593,10.48584,-30.14665,10.48585
7.22,-20.971515,11.1412,-26.21447,11.1412,-15.72856,11.1412
7.24,-13.10706,10.813505,-11.79633,10.48582,-14.41779,11.14119
7.26,-14.74548,11.141195,-14.4178,11.14119,-15.07316,11.1412
7.28,-15.07316,10.81351,-14.4178,11.14119,-15.72852,10.48583
7.3,-15.400849999999998,10.813505,-15.07317,10.48582,-15.72853,11.14119
7.32,-15.400855,10.15814,-15.07317,10.48582,-15.72854,9.83046
7.34,-15.400860000000002,9.830465,-15.07318,9.83046,-15.72854,9.83047
7.36,-16.05623,9.502780000000001,-15.72855,9.83046,-16.38391,9.1751
7.38,-16.056235,8.847415000000002,-15.72855,9.17509,-16.38392,8.51974
7.4,-16.38392,8.847415000000002,-15.72856,9.17509,-17.03928,8.51974
7.42,-16.7116,8.519735,-16.38392,8.51973,-17.03928,8.51974
7.44,-16.7116,8.519735,-16.38392,8.51973,-17.03928,8.51974
7.46,-17.039279999999998,8.51973,-16.38392,8.51973,-17.69464,8.51973
7.48,-17.36696,7.86437,-17.03928,7.86437,-17.69464,7.86437
7.5,-17.36696,7.86437,-17.03928,7.86437,-17.69464,7.86437
7.52,-18.35,7.864364999999999,-17.69464,7.86436,-19.00536,7.86437
7.54,-18.677675,7.536685,-18.35,7.86436,-19.00535,7.20901
7.56,-19.333035000000002,7.53668,-19.00536,7.86436,-19.66071,7.209
7.58,-19.005355,7.209,-18.34999,7.209,-19.66072,7.209
7.6,-19.66071,7.209,-19.00535,7.209,-20.31607,7.209
7.62,-18.677655,8.19205,-19.66071,7.86436,-17.6946,8.51974
7.64,-17.694585,8.519725,-17.03922,8.51972,-18.34995,8.51973
7.66,-18.022285,8.192055,-17.6946,8.51973,-18.34997,7.86438
7.68,-17.366934999999998,7.536695,-17.03925,7.86437,-17.69462,7.20902
7.7,-16.711579999999998,7.536695,-16.3839,7.86437,-17.03926,7.20902
7.72,-16.383915000000002,6.88133,-15.72855,7.209,-17.03928,6.55366
7.74,-16.383924999999998,7.209004999999999,-16.38392,7.209,-16.38393,7.20901
7.76,-16.056245,6.881335,-15.72856,7.20901,-16.38393,6.55366
7.78,-16.05624,6.553649999999999,-15.72856,6.55364,-16.38392,6.55366
7.8,-16.056245,6.22597,-15.72857,6.55365,-16.38392,5.89829
7.82,-16.383924999999998,6.225965,-16.38392,6.55364,-16.38393,5.89829
7.84,-16.05625,6.5536449999999995,-15.72857,6.55364,-16.38393,6.55365
7.86,-16.05625,6.5536449999999995,-15.72857,6.55364,-16.38393,6.55365
7.88,-16.05625,6.88133,-15.72857,6.55365,-16.38393,7.20901
7.9,-16.71161,7.209015,-16.38393,7.20901,-17.03929,7.20902
7.92,-16.38393,6.881335,-15.72857,7.20901,-17.03929,6.55366
7.94,-16.05625,7.20901,-15.72857,7.20901,-16.38393,7.20901
7.96,-16.05625,7.209004999999999,-15.72857,7.209,-16.38393,7.20901
7.98,-15.728575,7.864369999999999,-15.72857,7.86436,-15.72858,7.86438
8.0,-15.72858,8.520115,-15.72858,8.51973,-15.72858,8.5205
8.02,-16.056259999999998,9.175095,-15.72858,9.17509,-16.38394,9.1751
8.04,-16.056259999999998,9.83046,-15.72858,9.83046,-16.38394,9.83046
8.06,-16.056265,11.141185,-15.72858,11.14118,-16.38395,11.14119
8.08,-16.056269999999998,12.124225,-15.72859,11.79654,-16.38395,12.45191
8.1,-16.056269999999998,13.107275,-15.72859,13.10727,-16.38395,13.10728
8.12,-16.38395,13.762635,-16.38395,13.76263,-16.38395,13.76264
8.14,-16.056275,14.745674999999999,-15.7286,14.41799,-16.38395,15.07336
8.16,-16.711635,15.073360000000001,-16.38395,15.07335,-17.03932,15.07337
8.18,-17.03932,15.72872,-16.38396,15.72872,-17.69468,15.72872
8.2,-16.71164,16.384085,-16.38396,16.38408,-17.03932,16.38409
8.22,-17.367005,16.384085,-17.03932,16.38408,-17.69469,16.38409
8.24,-17.367005,17.03945,-17.03933,17.03945,-17.69468,17.03945
8.26,-17.039325,17.039445,-16.38397,17.03944,-17.69468,17.03945
8.28,-16.05628,17.367134999999998,-17.03933,17.03945,-15.07323,17.69482
8.3,-10.485655,19.00553,-9.8303,19.00553,-11.14101,19.00553
8.32,-11.141035,19.660890000000002,-11.14103,19.66088,-11.14104,19.6609
8.34,-10.158000000000001,20.31625,-9.83032,20.31625,-10.48568,20.31625
8.36,-10.15673,19.660895,-9.83032,19.66089,-10.48314,19.6609
8.38,-10.15801,20.316254999999998,-9.83033,20.31625,-10.48569,20.31626
8.4,-10.158014999999999,20.971625000000003,-9.83034,20.97162,-10.48569,20.97163
8.42,-9.83033,20.971625000000003,-9.83033,20.97162,-9.83033,20.97163
8.44,-10.15801,20.97162,-9.83033,20.97162,-10.48569,20.97162
8.46,-10.15801,20.64394,-9.83033,20.97162,-10.48569,20.31626
8.48,-9.83033,20.316254999999998,-9.83033,20.31625,-9.83033,20.31626
8.5,-10.15801,20.316265,-9.83033,20.31626,-10.48569,20.31627
8.52,-10.15801,20.316265,-9.83033,20.31626,-10.48569,20.31627
8.54,-10.15801,19.98858,-9.83033,20.31626,-10.48569,19.6609
8.56,-9.50265,19.661254999999997,-9.17497,19.66089,-9.83033,19.66162
8.58,-9.50265,18.677855,-9.17497,19.00553,-9.83033,18.35018
8.6,-9.50265,18.022485,-9.17497,18.35016,-9.83033,17.69481
8.62,-9.502645000000001,17.36713,-9.17497,17.69481,-9.83032,17.03945
8.64,-9.50265,17.03944,-9.17497,17.03944,-9.83033,17.03944
8.66,-9.50264,16.711759999999998,-9.17496,17.03944,-9.83032,16.38408
8.68,-10.15801,16.38408,-9.83033,16.38408,-10.48569,16.38408
8.7,-10.15801,15.728715,-9.83033,15.72871,-10.48569,15.72872
8.72,-10.813369999999999,15.401405,-10.48569,15.72871,-11.14105,15.0741
8.74,-11.141055,15.401035,-11.14106,15.07335,-11.14105,15.72872
8.76,5.898535,18.022485000000003,1.31092,17.69479,10.48615,18.35018
8.78,8.84775,18.67784,10.48616,18.35015,7.20934,19.00553
8.8,7.8647,18.67785,7.8647,19.00553,7.8647,18.35017
8.82,7.864700000000001,18.67784,8.52006,19.00552,7.20934,18.35016
8.84,7.53702,18.022845,7.8647,18.35015,7.20934,17.69554
8.86,7.20934,17.36711,7.20934,17.69479,7.20934,17.03943
8.88,6.88165,16.71174,7.20933,17.03942,6.55397,16.38406
8.9,6.88165,16.38406,7.20933,16.38406,6.55397,16.38406
8.92,6.88165,15.728695,7.20933,15.72869,6.55397,15.7287
8.94,6.88165,15.401005000000001,7.20933,15.72868,6.55397,15.07333
8.96,6.88165,14.745645,7.20933,15.07332,6.55397,14.41797
8.98,7.864695,14.090275,7.8647,14.41795,7.86469,13.7626
9.0,8.520045,13.107624999999999,8.52005,13.76259,8.52004,12.45266
9.02,10.158439999999999,12.451865,10.48612,12.45186,9.83076,12.45187
9.04,10.48611,11.468824999999999,10.48611,11.7965,10.48611,11.14115
9.06,10.15842,11.14114,10.4861,11.14114,9.83074,11.14114
9.08,10.4861,11.141145,11.14146,11.14114,9.83074,11.14115
9.1,10.15842,10.813465,10.4861,11.14114,9.83074,10.48579
9.12,10.15842,10.48578,10.4861,10.48578,9.83074,10.48578
9.14,10.486105,10.158095,11.14146,10.48577,9.83075,9.83042
9.16,10.15843,10.158095,10.48611,10.48577,9.83075,9.83042
9.18,9.50306,9.830415,10.48611,9.83041,8.52001,9.83042
9.2,7.209265,9.830415,7.20926,9.83041,7.20927,9.83042
9.22,7.53696,9.83042,7.86464,9.83042,7.20928,9.83042
9.24,7.53696,9.830415,7.86464,9.83041,7.20928,9.83042
9.26,7.53696,9.830415,7.86464,9.83041,7.20928,9.83042
9.28,7.86465,9.83041,7.86465,9.83041,7.86465,9.83041
9.3,8.192325,9.175049999999999,8.52001,9.17504,7.86464,9.17506
9.32,8.19233,9.17505,8.52001,9.17505,7.86465,9.17505
9.34,8.19233,9.502735000000001,8.52001,9.17505,7.86465,9.83042
9.36,8.19233,9.502725,8.52001,9.8304,7.86465,9.17505
9.38,8.19233,9.502735000000001,8.52001,9.83041,7.86465,9.17506
9.4,7.864655,9.175055,7.86465,9.17505,7.86466,9.17506
9.42,8.19234,9.502735000000001,8.52002,9.83041,7.86466,9.17506
9.44,7.864660000000001,9.175055,8.52002,9.17505,7.2093,9.17506
9.46,7.8646650000000005,8.51969,8.52003,8.51969,7.2093,8.51969
9.48,8.192345,8.51969,7.86466,8.51969,8.52003,8.51969
9.5,22.938155000000002,8.847355,19.66129,9.17504,26.21502,8.51967
9.52,27.525765,8.847339999999999,28.18113,8.51965,26.8704,9.17503
9.54,27.52576,8.51967,27.52576,8.51967,27.52576,8.51967
9.56,27.853450000000002,8.519665,28.18113,8.51966,27.52577,8.51967
9.58,27.853450000000002,8.519665,28.18113,8.51966,27.52577,8.51967
9.6,27.853450000000002,8.519665,28.18113,8.51966,27.52577,8.51967
9.62,27.198085,8.519665,27.52576,8.51966,26.87041,8.51967
9.64,27.198085,8.191984999999999,27.52577,8.51966,26.8704,7.86431
9.66,27.52576,7.864305,27.52576,7.8643,27.52576,7.86431
9.68,28.181115,7.8643,28.18112,7.8643,28.18111,7.8643
9.7,29.49182,7.536625,29.49182,7.8643,29.49182,7.20895
9.72,29.819490000000002,7.208945,30.14717,7.20894,29.49181,7.20895
9.74,30.14717,7.536625,30.14717,7.8643,30.14717,7.20895
9.76,30.14717,7.53662,30.14717,7.8643,30.14717,7.20894
9.78,30.47486,7.20894,30.80254,7.20894,30.14718,7.20894
9.8,33.7517,7.536619999999999,31.45791,7.20893,36.04549,7.86431
9.82,37.356245,8.191984999999999,38.01161,7.8643,36.70088,8.51967
9.84,37.02857,8.847345,37.35625,9.17502,36.70089,8.51967
9.86,37.02857,8.51966,37.35625,8.51966,36.70089,8.51966
9.88,37.02857,8.519665,37.35625,8.51966,36.70089,8.51967
9.9,37.027860000000004,8.191984999999999,37.35483,8.51966,36.70089,7.86431
9.92,37.35625,7.86431,37.35625,7.8643,37.35625,7.86432
9.94,37.029845,7.864305,37.3588,7.8643,36.70089,7.86431
9.96,37.02857,7.536625,37.35625,7.8643,36.70089,7.20895
9.98,37.02857,7.208945,37.35625,7.20894,36.70089,7.20895
10.0,36.70089,7.208945,36.70089,7.20894,36.70089,7.20895
10.02,36.37321,7.208945,36.70089,7.20894,36.04553,7.20895
10.04,35.71784,6.881265,36.04552,7.20894,35.39016,6.55359
10.06,35.062484999999995,6.881265,35.39017,7.20894,34.7348,6.55359
10.08,35.06248,6.553585,35.39016,6.55358,34.7348,6.55359
10.1,35.06249,6.55359,35.39017,6.55359,34.73481,6.55359
10.12,34.40713,6.553585,34.73481,6.55358,34.07945,6.55359
10.14,34.40713,6.55358,34.73481,6.55358,34.07945,6.55358
10.16,33.751774999999995,5.898215,34.07946,5.89821,33.42409,5.89822
10.18,35.062515,6.2259,34.07946,5.89822,36.04557,6.55358
10.2,36.70095,6.553575,37.35631,6.55358,36.04559,6.55357
10.22,36.37327,6.553575,36.70095,6.55357,36.04559,6.55358
10.24,36.37327,6.553575,36.70095,6.55357,36.04559,6.55358
10.26,36.37327,6.553575,36.70095,6.55357,36.04559,6.55358
10.28,36.70095,5.570535,36.70095,5.89821,36.70095,5.24286
10.3,37.3563,5.242845,37.3563,5.8982,37.3563,4.58749
10.32,38.339330000000004,4.58749,38.66701,4.58749,38.01165,4.58749
10.34,38.339315,4.259805,38.667,4.58748,38.01163,3.93213
10.36,38.33931,4.5874950000000005,38.66699,4.58749,38.01163,4.5875
10.38,38.33931,4.915175,38.66699,5.24285,38.01163,4.5875
10.4,38.339315,5.89822,38.66699,5.89822,38.01164,5.89822
10.42,38.33932,6.553585,38.667,6.55358,38.01164,6.55359
10.44,37.683965,7.208945,38.01165,7.20894,37.35628,7.20895
10.46,37.68396,8.191984999999999,38.01164,8.51966,37.35628,7.86431
10.48,37.35628,7.8643149999999995,38.01164,7.86431,36.70092,7.86432
10.5,36.37324,8.519675,36.70092,8.51967,36.04556,8.51968
10.52,39.322395,9.830400000000001,38.01165,9.83039,40.63314,9.83041
10.54,40.30547,10.813445000000002,40.63315,10.48576,39.97779,11.14113
10.56,39.6501,11.796495,39.97778,11.79649,39.32242,11.7965
10.58,39.32242,12.451855,39.32242,12.45185,39.32242,12.45186
10.6,39.32243,12.451855,39.97779,12.45185,38.66707,12.45186
10.62,38.66706,12.451855,39.32242,12.45185,38.0117,12.45186
10.64,38.33939,13.107225,38.66707,13.10722,38.01171,13.10723
10.66,38.01171,13.107225,38.66707,13.10722,37.35635,13.10723
10.68,37.35635,13.434905,38.01171,13.76258,36.70099,13.10723
10.7,37.35635,13.762595000000001,38.01171,13.76259,36.70099,13.7626
10.72,37.028675,13.762585,37.35635,13.76258,36.701,13.76259
10.74,37.02868,13.762585,37.35636,13.76258,36.701,13.76259
10.76,36.701005,13.762585,37.35636,13.76258,36.04565,13.76259
10.78,37.0287,14.09026,37.35638,14.41794,36.70102,13.76258
10.8,36.70102,13.762575,36.70102,13.76257,36.70102,13.76258
10.82,36.37334,13.10722,36.70102,13.10722,36.04566,13.10722
10.84,36.373345,13.434895000000001,36.70102,13.10721,36.04567,13.76258
10.86,36.37335,12.779535,36.70103,13.10721,36.04567,12.45186
10.88,37.35639,12.12417,37.35639,12.45185,37.35639,11.79649
10.9,40.960885000000005,11.468805,38.01174,11.79648,43.91003,11.14113
10.92,56.36206,11.14112,55.05131,11.14112,57.67281,11.14112
10.94,56.689745,11.4688,57.01743,11.79647,56.36206,11.14113
10.96,57.3451,11.141125,57.67278,11.14112,57.01742,11.14113
10.98,57.34509,11.141125,57.67277,11.14112,57.01741,11.14113
11.0,57.34509,10.813435,57.67277,11.14111,57.01741,10.48576
11.02,58.000455,10.813435,58.32813,11.14111,57.67278,10.48576
11.04,58.00045,10.158075,58.32813,10.48575,57.67277,9.8304
11.06,58.00045,9.83039,58.32813,9.83039,57.67277,9.83039
11.08,57.345085,9.830385,57.67276,9.83038,57.01741,9.83039
11.1,56.68972,9.502704999999999,57.0174,9.83038,56.36204,9.17503
11.12,56.36204,9.175025,56.36204,9.17502,56.36204,9.17503
11.14,56.36204,8.847339999999999,57.0174,9.17502,55.70668,8.51966
11.16,56.034355,8.847339999999999,56.36203,9.17502,55.70668,8.51966
11.18,56.03436,8.19197,56.36204,8.51965,55.70668,7.86429
11.2,59.96658,8.191965,60.29425,8.51964,59.63891,7.86429
11.22,58.983545,8.191965,58.98355,8.51964,58.98354,7.86429
11.24,58.65587,8.519645,58.98355,8.51964,58.32819,8.51965
11.26,58.655874999999995,8.51964,58.98356,8.51964,58.32819,8.51964
11.28,58.00053,7.864275,58.32821,7.86427,57.67285,7.86428
11.3,57.34519,8.519635000000001,57.67287,8.51963,57.01751,8.51964
11.32,57.672895,8.519635000000001,57.67289,8.51963,57.6729,8.51964
11.34,58.32828000000001,8.84731,58.32827,8.51963,58.32829,9.17499
11.36,58.655985,9.830355,58.98366,9.83035,58.32831,9.83036
11.38,59.966735,9.830345,60.29441,9.83034,59.63906,9.83035
11.4,60.622125,10.485705,60.9498,10.4857,60.29445,10.48571
11.42,60.622135,10.485705,60.94981,10.4857,60.29446,10.48571
11.44,60.294470000000004,10.485705,60.94983,10.4857,59.63911,10.48571
11.46,59.31142,10.813395,60.29446,11.14107,58.32838,10.48572
11.48,58.65605,10.158045000000001,58.98374,10.48572,58.32836,9.83037
11.5,58.328345,9.830375,58.32835,9.83037,58.32834,9.83038
11.52,58.656015,9.830375,58.9837,9.83037,58.32833,9.83038
11.54,58.32833,9.830375,58.32833,9.83037,58.32833,9.83038
11.56,58.65601,10.158055000000001,58.98369,9.83037,58.32833,10.48574
11.58,59.31138,10.485735,59.63906,10.48573,58.9837,10.48574
11.6,59.31139,10.15805,59.63907,10.48573,58.98371,9.83037
11.62,59.31138,10.485735,58.9837,10.48573,59.63906,10.48574
11.64,70.780345,11.141095,67.50348,11.14109,74.05721,11.1411
11.66,73.72952000000001,11.141085,74.71257,11.14108,72.74647,11.14109
11.68,73.07414,10.813410000000001,73.40182,11.14109,72.74646,10.48573
11.7,72.41877,10.485725,72.74645,10.48572,72.09109,10.48573
11.72,72.74644,10.158045000000001,72.74644,10.48572,72.74644,9.83037
11.74,73.729485,10.48572,73.4018,10.48572,74.05717,10.48572
11.76,74.712535,10.48572,74.71253,10.48572,74.71254,10.48572
11.78,75.69558,10.158035,76.02326,10.48571,75.3679,9.83036
11.8,76.35095,9.830355,76.67863,9.83035,76.02327,9.83036
11.82,76.67863,10.485714999999999,76.67863,10.48571,76.67863,10.48572
11.84,76.35095,9.830355,76.67863,9.83035,76.02327,9.83036
11.86,76.678625,9.83036,77.33398,9.83036,76.02327,9.83036
11.88,76.35094,9.830355,76.67862,9.83035,76.02326,9.83036
11.9,75.69557,9.502675,76.02325,9.83035,75.36789,9.175
11.92,75.69558,9.502669999999998,76.02326,9.83035,75.3679,9.17499
11.94,76.35094,9.502675,76.67862,9.83035,76.02326,9.175
11.96,76.35094,9.502669999999998,76.67862,9.83035,76.02326,9.17499
11.98,76.35094,9.830345,76.67862,9.83034,76.02326,9.83035
12.0,75.69558,9.830345,76.02326,9.83034,75.3679,9.83035
12.02,75.367895,9.830345,76.02326,9.83034,74.71253,9.83035
12.04,74.38485,9.502659999999999,74.71253,9.83034,74.05717,9.17498
12.06,74.05716,9.174985,74.05716,9.17498,74.05716,9.17499
12.08,74.05715,8.847304999999999,74.05715,9.17498,74.05715,8.51963
12.1,75.040175,8.51962,74.7125,8.51962,75.36785,8.51962
12.12,75.695525,8.519615,76.02321,8.51961,75.36784,8.51962
12.14,76.02319,7.864255,76.02319,7.86425,76.02319,7.86426
12.16,76.350855,7.864265,76.67854,7.86426,76.02317,7.86427
12.18,76.350855,7.864265,76.67854,7.86426,76.02317,7.86427
12.2,76.35084499999999,7.86426,76.67852,7.86426,76.02317,7.86426
12.22,76.67852500000001,7.86426,76.67852,7.86425,76.67853,7.86427
12.24,77.006205,7.536575,77.33389,7.86425,76.67852,7.2089
12.26,76.678515,7.208895,76.67852,7.20889,76.67851,7.2089
12.28,77.00619499999999,6.881215,77.33388,7.20889,76.67851,6.55354
12.3,77.00619,7.208895,77.33387,7.20889,76.67851,7.2089
12.32,76.678505,7.208895,77.33386,7.20889,76.02315,7.2089
12.34,77.00619,7.208895,77.33387,7.20889,76.67851,7.2089
12.36,77.333865,7.208895,77.33386,7.20889,77.33387,7.2089
12.38,77.66155,7.20889,77.98923,7.20889,77.33387,7.20889
12.4,77.98923,7.20889,77.98923,7.20889,77.98923,7.20889
12.42,78.31691000000001,7.864245,78.64459,7.86424,77.98923,7.86425
12.44,78.97227,7.86425,79.29995,7.86425,78.64459,7.86425
12.46,78.97227,7.864245,79.29995,7.86424,78.64459,7.86425
12.48,78.64459,8.19193,79.29995,8.51961,77.98923,7.86425
12.5,78.97227,7.864245,79.29995,7.86424,78.64459,7.86425
12.52,80.93837500000001,7.864245,79.29995,7.86424,82.5768,7.86425
12.54,83.559875,8.51961,84.54292,8.51961,82.57683,8.51961
12.56,82.9045,8.519615,83.23218,8.51961,82.57682,8.51962
12.58,82.904505,8.519615,83.23219,8.51961,82.57682,8.51962
12.6,82.24914,8.51961,82.57682,8.51961,81.92146,8.51961
12.62,81.2661,8.191925000000001,81.92146,8.5196,80.61074,7.86425
12.64,80.938415,7.53657,81.26609,7.86425,80.61074,7.20889
12.66,80.283055,7.20889,80.61074,7.20889,79.95537,7.20889
12.68,79.62769,7.208895,79.95537,7.20889,79.30001,7.2089
12.7,78.972335,6.553535,79.30001,6.55353,78.64466,6.55354
12.72,79.62769,6.22585,79.95537,6.55353,79.30001,5.89817
12.74,80.61073,5.570485,80.61073,5.89816,80.61073,5.24281
12.76,80.938405,5.570485,81.26608,5.89817,80.61073,5.2428
12.78,81.921445,5.242805000000001,81.92144,5.2428,81.92145,5.24281
12.8,82.24913,5.242805000000001,82.57681,5.2428,81.92145,5.24281
12.82,82.24913,5.2428,82.57681,5.2428,81.92145,5.2428
12.84,82.576815,5.2428,82.57681,5.2428,82.57682,5.2428
12.86,83.23219,4.91512,83.23219,5.2428,83.23219,4.58744
12.88,83.55987,4.91511,83.88755,5.24279,83.23219,4.58743
12.9,83.559875,4.915115,83.88755,5.24279,83.2322,4.58744
12.92,84.21523,4.58743,84.54291,4.58743,83.88755,4.58743
12.94,83.88755499999999,4.91511,83.88756,5.24279,83.88755,4.58743
12.96,83.88755,4.58743,83.88755,4.58743,83.88755,4.58743
12.98,83.88755,4.587435,83.88755,4.58743,83.88755,4.58744
13.0,85.853655,4.91511,84.54291,5.24278,87.1644,4.58744
13.02,88.14745500000001,5.2428,89.1305,5.2428,87.16441,5.2428
13.04,87.49209,5.570485,87.81977,5.89816,87.16441,5.24281
13.06,87.81977,6.225845,87.81977,6.55352,87.81977,5.89817
13.08,87.49209,6.55353,87.81977,6.55353,87.16441,6.55353
13.1,87.16441,6.55353,87.16441,6.55353,87.16441,6.55353
13.12,86.83673,6.5535250000000005,87.16441,6.55352,86.50905,6.55353
13.14,86.181365,6.55353,86.50904,6.55352,85.85369,6.55354
13.16,86.18137,6.225845,86.50905,6.55352,85.85369,5.89817
13.18,86.50905,4.587435,86.50905,5.24279,86.50905,3.93208
13.2,87.81977499999999,1.3106150000000003,87.81977,2.62134,87.81978,-0.0001099999999993
13.22,89.78586,-2.29389,89.78586,-1.96621,89.78586,-2.62157
13.24,91.09659500000001,-3.27693,91.09659,-3.27693,91.0966,-3.27693
13.26,91.75197,-3.932295,91.75197,-3.9323,91.75197,-3.93229
13.28,84.21525,-3.6046,92.40733,-3.27694,76.02317,-3.93226
13.3,23.26608,-5.242934999999999,39.32259,-4.58759,7.20957,-5.89828
13.32,-4.58703,-3.932185,-5.2424,-5.24291,-3.93166,-2.62146
13.34,-0.9825250000000001,-3.0000000000030003e-05,-1.3102,-0.65539,-0.65485,0.65533
13.36,0.3282000000000008,2.293735,0.0005200000000016,1.96605,0.65588,2.62142
13.38,1.63893,3.9321349999999997,1.31125,3.93213,1.96661,3.93214
13.4,3.277335,4.5874950000000005,3.27734,4.58749,3.27733,4.5875
13.42,5.2446850000000005,4.915175,5.24341,5.24285,5.24596,4.5875
13.44,6.881805,5.570525,6.55413,5.24284,7.20948,5.89821
13.46,8.19252,5.898205,8.5202,5.8982,7.86484,5.89821
13.48,8.19252,6.88125,8.5202,7.20893,7.86484,6.55357
13.5,8.19251,7.8643,9.17556,7.20893,7.20946,8.51967
13.52,-11.468480000000001,13.107254999999999,-5.89787,11.79652,-17.03909,14.41799
13.54,-21.298965,17.039455,-20.97129,16.38409,-21.62664,17.69482
13.56,-20.315905,20.97161,-20.31591,20.31625,-20.3159,21.62697
13.58,-19.33286,21.62697,-19.66054,21.62697,-19.00518,21.62697
13.6,-18.677500000000002,22.610010000000003,-18.34982,22.93769,-19.00518,22.28233
13.62,-18.34982,22.610010000000003,-18.34982,22.93769,-18.34982,22.28233
13.64,-18.02214,22.610005,-17.69446,22.93768,-18.34982,22.28233
13.66,-18.02215,22.61,-17.69447,22.93768,-18.34983,22.28232
13.68,-17.69447,22.61,-17.69447,22.93768,-17.69447,22.28232
13.7,-17.36679,22.609994999999998,-17.03911,22.93767,-17.69447,22.28232
13.72,-17.03911,22.61,-16.38375,22.93768,-17.69447,22.28232
13.74,-16.38374,22.937685000000002,-16.38374,22.93768,-16.38374,22.93769
13.76,-15.728375,23.265365000000003,-15.72838,22.93768,-15.72837,23.59305
13.78,-14.74533,23.920724999999997,-14.41765,23.59304,-15.07301,24.24841
13.8,-15.40069,23.593045,-14.41765,23.59304,-16.38373,23.59305
13.82,-27.852655,22.610025,-24.9035,22.9377,-30.80181,22.28235
13.84,-30.14644,22.93771,-30.14645,22.93771,-30.14643,22.93771
13.86,-29.818755,22.61002,-29.49108,22.28234,-30.14643,22.9377
13.88,-29.49107,22.61002,-29.49107,22.9377,-29.49107,22.28234
13.9,-29.491065,22.282335000000003,-29.49107,22.28233,-29.49106,22.28234
13.92,-29.16339,22.282335000000003,-28.83571,22.28233,-29.49107,22.28234
13.94,-28.835700000000003,21.95465,-28.18034,22.28233,-29.49106,21.62697
13.96,-28.508020000000002,21.954645,-28.18034,22.28232,-28.8357,21.62697
13.98,-28.18034,21.954645,-27.52498,22.28232,-28.8357,21.62697
14.0,-28.18034,21.62696,-27.52498,21.62696,-28.8357,21.62696
14.02,-28.508025,21.29928,-28.18035,21.62695,-28.8357,20.97161
14.04,-28.83571,20.971595,-28.83571,20.97159,-28.83571,20.9716
14.06,-28.508029999999998,20.64392,-28.18035,20.9716,-28.83571,20.31624
14.08,-27.525,19.988554999999998,-27.525,20.31623,-27.525,19.66088
14.1,-26.214284999999997,19.333195,-26.21428,19.66087,-26.21429,19.00552
14.12,-25.23125,19.00551,-24.90357,19.00551,-25.55893,19.00551
14.14,-24.57589,18.67783,-24.24821,19.00551,-24.90357,18.35015
14.16,-23.92053,18.677825,-23.59285,19.0055,-24.24821,18.35015
14.18,-23.92053,18.350144999999998,-23.59285,18.35014,-24.24821,18.35015
14.2,-23.592844999999997,18.022465,-23.59285,17.69478,-23.59284,18.35015
14.22,-23.26516,18.35014,-22.93748,18.35014,-23.59284,18.35014
14.24,-22.93748,18.350135,-22.93748,18.35013,-22.93748,18.35014
14.26,-22.609795,17.694775,-22.28212,17.69477,-22.93747,17.69478
14.28,-26.21431,17.69478,-22.93748,17.69477,-29.49114,17.69479
14.3,-31.129559999999998,17.694795,-31.45725,17.69479,-30.80187,17.6948
14.32,-29.818825,18.35015,-29.49115,18.35015,-30.1465,18.35015
14.34,-29.49114,18.022465,-29.49114,18.35014,-29.49114,17.69479
14.36,-28.83578,17.694785000000003,-28.83578,17.69478,-28.83578,17.69479
14.38,-28.508095,17.367095,-28.18042,17.69477,-28.83577,17.03942
14.4,-27.852735,17.039414999999998,-27.52506,17.03941,-28.18041,17.03942
14.42,-27.85273,16.384055,-27.52505,16.38405,-28.18041,16.38406
14.44,-27.52505,16.38405,-27.52505,16.38405,-27.52505,16.38405
14.46,-27.19737,16.384055,-26.86969,16.38405,-27.52505,16.38406
14.48,-27.197364999999998,16.056365,-26.86969,16.38404,-27.52504,15.72869
14.5,-26.869685,16.056365,-26.21433,16.38404,-27.52504,15.72869
14.52,-26.542,16.056365,-26.21432,15.72868,-26.86968,16.38405
14.54,-26.542,16.056365,-26.21432,16.38404,-26.86968,15.72869
14.56,-26.542,15.401,-26.21432,15.72868,-26.86968,15.07332
14.58,-27.197355,18.022465,-26.21432,17.03941,-28.18039,19.00552
14.6,-27.52502,18.02247,-27.52502,18.35015,-27.52502,17.69479
14.62,-27.197345,18.02247,-26.86967,18.35015,-27.52502,17.69479
14.64,-27.19735,18.022465,-26.86967,18.35014,-27.52503,17.69479
14.66,-27.197345,17.694785000000003,-26.86966,17.69478,-27.52503,17.69479
14.68,-27.19735,17.69478,-26.86967,17.69478,-27.52503,17.69478
14.7,-27.19735,17.69478,-26.86967,17.69478,-27.52503,17.69478
14.72,-27.197355,17.367095,-27.52503,17.69477,-26.86968,17.03942
14.74,-25.886645,17.039414999999998,-25.55896,17.03941,-26.21433,17.03942
14.76,-25.88666,16.38405,-25.55898,16.38405,-26.21434,16.38405
14.78,-25.231299999999997,17.03941,-25.55898,16.38404,-24.90362,17.69478
14.8,-23.265185000000002,18.67783,-22.93751,19.00551,-23.59286,18.35015
14.82,-23.26519,18.350144999999998,-22.93751,18.35014,-23.59287,18.35015
14.84,-22.93751,18.022460000000002,-22.93751,18.35014,-22.93751,17.69478
14.86,-23.265195,17.367095,-22.93751,17.69477,-23.59288,17.03942
14.88,-23.2652,16.711735,-22.93752,17.03941,-23.59288,16.38406
14.9,-23.920560000000002,16.384055,-23.59288,16.38405,-24.24824,16.38406
14.92,-24.57593,16.384055,-24.24825,16.38405,-24.90361,16.38406
14.94,-24.90361,16.056375,-24.24825,16.38405,-25.55897,15.7287
14.96,-25.23129,16.711735,-24.90361,17.03941,-25.55897,16.38406
14.98,-24.575935,16.38405,-24.24826,16.38405,-24.90361,16.38405
15.0,-27.19738,19.005525,-25.55897,17.69478,-28.83579,20.31627
15.02,-28.508105,19.98857,-28.83579,20.31625,-28.18042,19.66089
15.04,-27.85275,19.988575,-27.52507,20.31625,-28.18043,19.6609
15.06,-28.18043,19.33321,-27.52507,19.66089,-28.83579,19.00553
15.08,-27.85276,19.00553,-27.52508,19.00553,-28.18044,19.00553
15.1,-28.508119999999998,19.005525,-28.18044,19.00552,-28.8358,19.00553
15.12,-28.8358,18.67784,-28.18044,19.00552,-29.49116,18.35016
15.14,-28.8358,18.02248,-28.18044,18.35016,-29.49116,17.6948
15.16,-29.163485,18.350155,-28.8358,18.35015,-29.49117,18.35016
15.18,-29.16348,17.694795,-28.8358,17.69479,-29.49116,17.6948
15.2,-29.16348,18.022475,-28.8358,18.35015,-29.49116,17.6948
15.22,-29.163475,18.350155,-28.8358,18.35015,-29.49115,18.35016
15.24,-29.16348,18.350155,-28.8358,18.35015,-29.49116,18.35016
15.26,-29.818835,18.02247,-29.49115,18.35015,-30.14652,17.69479
15.28,-30.47419,17.694785000000003,-30.14651,17.69478,-30.80187,17.69479
15.3,-30.47419,17.694785000000003,-30.14651,17.69478,-30.80187,17.69479
15.32,-30.146515,17.039425,-30.14651,17.03942,-30.14652,17.03943
15.34,-29.16348,16.711745,-28.8358,17.03942,-29.49116,16.38407
15.36,-28.83581,16.384065,-28.83581,16.38406,-28.83581,16.38407
15.38,-28.83581,16.05638,-28.83581,16.38406,-28.83581,15.7287
15.4,-29.163494999999998,16.056385,-28.83582,15.7287,-29.49117,16.38407
15.42,-29.16349,16.056385,-28.83581,16.38406,-29.49117,15.72871
15.44,-29.16349,16.05638,-28.83581,16.38406,-29.49117,15.7287
15.46,-29.818855,15.401015000000001,-29.49118,15.72869,-30.14653,15.07334
15.48,-29.818849999999998,15.401015000000001,-29.49117,15.72869,-30.14653,15.07334
15.5,-30.474215,15.073335,-30.14653,15.07333,-30.8019,15.07334
15.52,-30.47421,14.745650000000001,-30.14653,15.07333,-30.80189,14.41797
15.54,-30.14653,14.09029,-30.8019,13.76261,-29.49116,14.41797
15.56,-20.64367,15.401015000000001,-21.62674,15.72869,-19.6606,15.07334
15.58,-20.971335,14.745655,-20.31597,15.07333,-21.6267,14.41798
15.6,-20.971335,14.09029,-20.97133,14.41797,-20.97134,13.76261
15.62,-20.97134,12.77956,-20.97134,13.10724,-20.97134,12.45188
15.64,-21.29902,12.124195,-20.97134,12.45187,-21.6267,11.79652
15.66,-21.29902,12.124195,-20.97134,12.45187,-21.6267,11.79652
15.68,-21.95438,11.468834999999999,-21.6267,11.79651,-22.28206,11.14116
15.7,-21.95438,11.14116,-21.6267,11.14115,-22.28206,11.14117
15.72,-22.60973,11.14116,-22.28205,11.14116,-22.93741,11.14116
15.74,-22.60973,11.468845,-22.28205,11.79652,-22.93741,11.14117
15.76,-22.282040000000002,11.141165,-22.93741,11.14116,-21.62667,11.14117
15.78,-18.34982,11.796524999999999,-17.69446,11.79652,-19.00518,11.79653
15.8,-19.332864999999998,11.796515,-19.00518,11.79651,-19.66055,11.79652
15.82,-19.332864999999998,11.796515,-19.00519,11.79651,-19.66054,11.79652
15.84,-19.66055,11.79652,-19.66055,11.79652,-19.66055,11.79652
15.86,-19.98823,11.468845,-19.66055,11.79652,-20.31591,11.14117
15.88,-19.332864999999998,11.796515,-19.00519,11.79651,-19.66054,11.79652
15.9,-19.66054,12.124195,-19.66054,12.45187,-19.66054,11.79652
15.92,-19.33287,11.796515,-19.00519,11.79651,-19.66055,11.79652
15.94,-18.349835,11.468834999999999,-18.34983,11.79651,-18.34984,11.14116
15.96,-17.366805,11.468834999999999,-17.03912,11.79651,-17.69449,11.14116
15.98,-17.366815000000003,11.141155,-17.03913,11.14115,-17.6945,11.14116
16.0,-16.711460000000002,11.141155,-16.38378,11.14115,-17.03914,11.14116
16.02,-16.711460000000002,11.46884,-16.38378,11.79652,-17.03914,11.14116
16.04,-16.711460000000002,11.468834999999999,-16.38378,11.79651,-17.03914,11.14116
16.06,-16.71147,11.796515,-16.38379,11.79651,-17.03915,11.79652
16.08,-16.38378,11.79651,-16.38378,11.79651,-16.38378,11.79651
16.1,-16.056105000000002,11.796515,-15.72843,11.79651,-16.38378,11.79652
16.12,-16.056105000000002,11.796515,-15.72842,11.79651,-16.38379,11.79652
16.14,-16.054834999999997,12.124185,-15.72843,12.45186,-16.38124,11.79651
16.16,-16.056115,11.796505,-15.72843,11.7965,-16.3838,11.79651
16.18,-16.05611,11.468834999999999,-15.72843,11.79651,-16.38379,11.14116
16.2,-16.056115,11.468834999999999,-15.72843,11.79651,-16.3838,11.14116
16.22,-16.056115000000002,11.14115,-15.72844,11.14115,-16.38379,11.14115
16.24,-13.762345,11.796505,-15.07308,11.79651,-12.45161,11.7965
16.26,-4.2594899999999996,12.124189999999999,-3.93182,12.45187,-4.58716,11.79651
16.28,-5.57022,12.451865,-5.24254,12.45186,-5.8979,12.45187
16.3,-4.587175,12.451865,-4.58718,12.45186,-4.58717,12.45187
16.32,-4.2595,12.124185,-3.93182,12.45186,-4.58718,11.79651
16.34,-4.2595,12.45186,-3.93182,12.45186,-4.58718,12.45186
16.36,-4.259505,11.796495,-3.93183,11.79649,-4.58718,11.7965
16.38,-4.91487,12.124179999999999,-4.58719,12.45186,-5.24255,11.7965
16.4,-5.242554999999999,11.468815,-4.58719,11.79649,-5.89792,11.14114
16.42,-5.57024,11.141135,-5.24256,11.14113,-5.89792,11.14114
16.44,8.52017,11.79649,1.96647,11.79649,15.07387,11.79649
16.46,15.72927,12.124155,17.04,11.79647,14.41854,12.45184
16.48,14.41853,13.107215,14.41853,13.10721,14.41853,13.10722
16.5,15.40157,13.107205,15.72925,13.1072,15.07389,13.10721
16.52,15.07388,13.107205,15.07388,13.1072,15.07388,13.10721
16.54,16.056915,12.779520000000002,16.3846,13.1072,15.72923,12.45184
16.56,17.695304999999998,12.12416,17.69531,12.45184,17.6953,11.79648
16.58,19.00601,11.468795,19.00601,11.79647,19.00601,11.14112
16.6,19.989035,10.81343,20.31672,11.14111,19.66135,10.48575
16.62,20.64439,10.485745,20.97207,10.48574,20.31671,10.48575
16.64,20.64439,9.830385,20.97207,9.83038,20.31671,9.83039
16.66,21.29974,9.502695,21.62742,9.83037,20.97206,9.17502
16.68,20.97206,9.502695,20.97206,9.17501,20.97206,9.83038
16.7,16.712165,9.175015,19.00595,9.17501,14.41838,9.17502
16.72,15.729105,9.175015,15.7291,9.17501,15.72911,9.17502
16.74,15.401425,8.847325000000001,15.72911,9.175,15.07374,8.51965
16.76,15.07374,8.51964,15.07374,8.51964,15.07374,8.51964
16.78,14.74606,7.536595,15.07374,7.86427,14.41838,7.20892
16.8,14.74606,7.536595,15.07374,7.86427,14.41838,7.20892
16.82,14.418379999999999,6.881235,15.07374,7.20891,13.76302,6.55356
16.84,14.74606,7.20891,15.07374,7.20891,14.41838,7.20891
16.86,14.418385,6.55355,14.41838,6.55355,14.41839,6.55355
16.88,14.418379999999999,6.2258700000000005,15.07374,6.55355,13.76302,5.89819
16.9,14.0907,5.898185,14.41838,5.89818,13.76302,5.89819
16.92,14.0907,5.24283,14.41838,5.24283,13.76302,5.24283
16.94,14.0907,4.91515,14.41838,5.24283,13.76302,4.58747
16.96,14.090705,4.58747,14.41838,4.58747,13.76303,4.58747
16.98,13.435345,4.5874749999999995,13.76302,4.58747,13.10767,4.58748
17.0,13.76303,4.915145,13.76303,5.24282,13.76303,4.58747
17.02,13.76303,4.259785,13.76303,4.58746,13.76303,3.93211
17.04,18.67829,4.259785,13.76303,3.9321,23.59355,4.58747
17.06,40.305505,5.570495,39.32243,5.24282,41.28858,5.89817
17.08,38.667114999999995,6.553535,39.32248,6.55353,38.01175,6.55354
17.1,38.994794999999996,6.55354,39.32248,6.55354,38.66711,6.55354
17.12,38.667115,5.89818,39.32247,5.89818,38.01176,5.89818
17.14,38.99479,5.898175,39.32247,5.89817,38.66711,5.89818
17.16,38.339425000000006,5.242815,38.66711,5.24281,38.01174,5.24282
17.18,38.011745000000005,5.242815,38.01175,5.24281,38.01174,5.24282
17.2,38.339415,4.915135,38.01174,5.24281,38.66709,4.58746
17.22,38.66708,4.259774999999999,38.66708,4.58745,38.66708,3.9321
17.24,39.65011,3.6044150000000004,39.97779,3.93209,39.32243,3.27674
17.26,39.977774999999994,3.2767350000000004,40.63314,3.27673,39.32241,3.27674
17.28,43.909975,3.9321,40.63313,3.27674,47.18682,4.58746
17.3,48.825265,4.58746,49.80831,4.58746,47.84222,4.58746
17.32,48.169895,4.915145,48.49757,5.24282,47.84222,4.58747
17.34,49.152945,4.58745,49.15294,4.58745,49.15295,4.58745
17.36,49.480635,4.58745,49.80831,4.58745,49.15296,4.58745
17.38,49.15296,4.587445,49.80832,5.2428,48.4976,3.93209
17.4,49.15296,4.587445,49.80832,4.58744,48.4976,4.58745
17.42,48.169915,4.58745,48.4976,4.58745,47.84223,4.58745
17.44,47.84223,5.242815,48.49759,5.24281,47.18687,5.24282
17.46,47.186865,5.242815,47.84223,5.24281,46.5315,5.24282
17.48,46.859175,5.242815,47.18686,5.24281,46.53149,5.24282
17.5,46.53148,4.587455,47.18684,4.58745,45.87612,4.58746
17.52,46.203784999999996,4.587455,46.53147,4.58745,45.8761,4.58746
17.54,45.22074,3.9320950000000003,45.8761,3.93209,44.56538,3.9321
17.56,44.56537,3.9320950000000003,45.22073,3.93209,43.91001,3.9321
17.58,43.91001,4.259775,44.56537,3.93209,43.25465,4.58746
17.6,43.91001,4.58745,43.91001,4.58745,43.91001,4.58745
17.62,43.91002,4.9151299999999996,44.56538,5.24281,43.25466,4.58745
17.64,43.58234,4.587445,43.91002,4.58744,43.25466,4.58745
17.66,43.91002,4.587445,43.91002,4.58744,43.91002,4.58745
17.68,43.58234,4.58744,43.91002,4.58744,43.25466,4.58744
17.7,43.58234,4.587435,43.91002,4.58743,43.25466,4.58744
17.72,43.254670000000004,4.587435,43.91003,4.58743,42.59931,4.58744
17.74,42.926985,4.587435,43.25466,4.58743,42.59931,4.58744
17.76,43.25467,4.91512,43.25467,4.58744,43.25467,5.2428
17.78,43.582355,4.91512,43.91003,5.2428,43.25468,4.58744
17.8,42.927,5.242805000000001,43.25468,5.2428,42.59932,5.24281
17.82,43.25468,5.2428,43.91004,5.2428,42.59932,5.2428
17.84,43.582364999999996,5.242800000000001,43.91004,5.24279,43.25469,5.24281
17.86,43.254684999999995,4.915115,43.25468,5.24279,43.25469,4.58744
17.88,44.237725,4.58744,44.56541,4.58744,43.91004,4.58744
17.9,45.87612,3.93208,45.87612,3.93208,45.87612,3.93208
17.92,47.18683,3.932075,47.18683,3.93207,47.18683,3.93208
17.94,47.51451,3.932075,47.84219,3.93207,47.18683,3.93208
17.96,48.169875,3.932075,48.49755,3.93207,47.8422,3.93208
17.98,48.16987,4.259755,48.49755,4.58743,47.84219,3.93208
18.0,48.16988,4.259755,48.49756,4.58743,47.8422,3.93208
18.02,48.16988,4.587435,48.49756,4.58743,47.8422,4.58744
18.04,48.169885,4.587435,48.49757,4.58743,47.8422,4.58744
18.06,48.16988,4.259755,48.49756,4.58743,47.8422,3.93208
18.08,47.8422,4.259755,48.49756,4.58743,47.18684,3.93208
18.1,47.51452,3.932075,47.8422,3.93207,47.18684,3.93208
18.12,47.51451,3.932075,47.84219,3.93207,47.18683,3.93208
18.14,47.84219,3.2767150000000003,47.84219,3.27671,47.84219,3.27672
18.16,48.16988,4.587445,48.49756,4.58744,47.8422,4.58745
18.18,48.169885,4.58744,48.49757,4.58744,47.8422,4.58744
18.2,48.16988,4.58744,48.49756,4.58744,47.8422,4.58744
18.22,48.169875000000005,3.932075,48.49756,3.93207,47.84219,3.93208
18.24,47.84219,3.6044,48.49755,3.93208,47.18683,3.27672
18.26,47.8422,3.6044,48.49756,3.93208,47.18684,3.27672
18.28,48.497565,3.2767150000000003,48.49756,3.27671,48.49757,3.27672
18.3,48.49757,3.6043950000000002,48.49757,3.93207,48.49757,3.27672
18.32,48.16989,3.604845,48.49757,3.93297,47.84221,3.27672
18.34,47.84221,3.2767150000000003,48.49757,3.27671,47.18685,3.27672
18.36,47.18685,3.2767150000000003,47.84221,3.27671,46.53149,3.27672
18.38,46.531490000000005,3.2767150000000003,47.18685,3.27671,45.87613,3.27672
18.4,46.860445,3.604405,47.1894,3.93208,46.53149,3.27673
18.42,46.859175,4.259755,46.53149,3.93207,47.18686,4.58744
18.44,51.446775,5.242805000000001,51.77445,5.2428,51.1191,5.24281
18.46,50.46373,5.89817,51.11909,5.89817,49.80837,5.89817
18.48,50.79141,5.89817,51.11909,5.89816,50.46373,5.89818
18.5,50.791394999999994,5.898175,51.11908,5.89817,50.46371,5.89818
18.52,51.446745,5.898175,51.11907,5.89817,51.77442,5.89818
18.54,52.102090000000004,5.57049,52.42977,5.89817,51.77441,5.24281
18.56,52.429765,5.570495,52.42977,5.89817,52.42976,5.24282
18.58,52.10208,5.898175,52.42976,5.89817,51.7744,5.89818
18.6,52.10208,5.89817,52.42976,5.89817,51.7744,5.89817
18.62,52.75744,5.89817,53.08512,5.89817,52.42976,5.89817
18.64,52.757445000000004,5.8981650000000005,53.08512,5.89816,52.42977,5.89817
18.66,52.757445000000004,5.8981650000000005,53.08512,5.89816,52.42977,5.89817
18.68,52.75744,5.898160000000001,53.08512,5.89815,52.42976,5.89817
18.7,52.75744,5.8981650000000005,53.08512,5.89816,52.42976,5.89817
18.72,52.42976,5.570475,53.08512,5.89815,51.7744,5.2428
18.74,52.42976,5.2428,52.42976,5.2428,52.42976,5.2428
18.76,52.75744,5.242795,53.08512,5.24279,52.42976,5.2428
18.78,53.08512,5.24279,53.74048,5.24279,52.42976,5.24279
18.8,51.119020000000006,5.57047,53.08512,5.24278,49.15292,5.89816
18.82,47.842175,6.225845,47.84217,6.55352,47.84218,5.89817
18.84,48.497550000000004,6.225845,49.15291,5.89816,47.84219,6.55353
18.86,48.16987,6.225845,48.49755,6.55352,47.84219,5.89817
18.88,48.16987,6.5535250000000005,48.49755,6.55352,47.84219,6.55353
18.9,48.49755,6.225845,48.49755,6.55352,48.49755,5.89817
18.92,48.16987,6.2262900000000005,48.49755,5.89816,47.84219,6.55442
18.94,48.82523,6.5535250000000005,49.15291,6.55352,48.49755,6.55353
18.96,48.82523,6.881215,49.15291,6.55353,48.49755,7.2089
18.98,49.15291,7.208895,49.15291,7.20889,49.15291,7.2089
19.0,48.82523,7.864255,49.15291,7.86425,48.49755,7.86426
19.02,48.497555,7.864255,49.15291,7.86425,47.8422,7.86426
19.04,48.16988,8.191935,48.49756,8.51961,47.8422,7.86426
19.06,48.16988,8.191935,48.49756,8.51961,47.8422,7.86426
19.08,48.16988,8.191935,48.49756,8.51961,47.8422,7.86426
19.1,48.49756,8.19193,48.49756,8.51961,48.49756,7.86425
19.12,49.808275,7.53657,49.80828,7.86425,49.80827,7.20889
19.14,50.791309999999996,7.208885,51.11899,7.20888,50.46363,7.20889
19.16,51.11898,7.208885,51.11898,7.20888,51.11898,7.20889
19.18,50.7913,7.208885,51.11898,7.20888,50.46362,7.20889
19.2,50.7913,7.20889,51.11898,7.20889,50.46362,7.20889
19.22,50.7913,7.5365649999999995,51.11898,7.86424,50.46362,7.20889
19.24,51.44666,7.53657,51.77434,7.86425,51.11898,7.20889
19.26,50.7913,7.5365649999999995,51.11898,7.86424,50.46362,7.20889
19.28,50.791305,7.5365649999999995,51.11898,7.86424,50.46363,7.20889
19.3,50.791309999999996,7.86425,51.11899,7.86425,50.46363,7.86425
19.32,50.46362,8.191925,51.11898,7.86424,49.80826,8.51961
19.34,50.463625,8.519615,50.46363,8.51961,50.46362,8.51962
19.36,50.463625,8.191935,51.11898,8.51961,49.80827,7.86426
19.38,51.118984999999995,8.19193,51.11899,8.51961,51.11898,7.86425
19.4,50.791309999999996,8.191925000000001,51.11899,8.5196,50.46363,7.86425
19.42,47.842155000000005,8.847294999999999,51.11898,8.51961,44.56533,9.17498
19.44,42.271525,9.830345,42.5992,9.83034,41.94385,9.83035
19.46,42.9269,10.485705,43.25458,10.4857,42.59922,10.48571
19.48,42.926895,10.48571,43.25458,10.48571,42.59921,10.48571
19.5,42.599215,10.158024999999999,43.25458,10.4857,41.94385,9.83035
19.52,42.9269,10.15802,43.25458,10.4857,42.59922,9.83034
19.54,42.9269,10.485705,43.25458,10.4857,42.59922,10.48571
19.56,42.9269,10.485705,43.25458,10.4857,42.59922,10.48571
19.58,42.9269,10.813385,43.25458,11.14106,42.59922,10.48571
19.6,42.926905,10.485705,43.25458,10.4857,42.59923,10.48571
19.62,42.59922,10.4857,43.25458,10.4857,41.94386,10.4857
19.64,42.271545,10.485705,42.59922,10.4857,41.94387,10.48571
19.66,42.92691,10.4857,43.25459,10.4857,42.59923,10.4857
19.68,42.92691,9.830335,43.25459,9.83033,42.59923,9.83034
19.7,43.254595,9.502655,43.25459,9.83033,43.2546,9.17498
19.72,43.909955,8.847290000000001,43.90996,9.17496,43.90995,8.51962
19.74,45.22067,8.519605,45.22067,8.5196,45.22067,8.51961
19.76,46.531385,8.519605,46.53139,8.5196,46.53138,8.51961
19.78,47.51442,9.17496,47.8421,9.17496,47.18674,9.17496
19.8,48.49745,9.830315,48.49745,9.83031,48.49745,9.83032
19.82,49.48049,9.17495,49.80817,9.83031,49.15281,8.51959
19.84,51.118894999999995,1.6382649999999999,50.46353,5.24276,51.77426,-1.96623
19.86,60.293965,-21.29942,57.6725,-13.10741,62.91543,-29.49143
19.88,71.107585,-47.51383,67.50306,-43.25399,74.71211,-51.77367
19.9,79.95510999999999,-49.807555,83.23191,-52.42901,76.67831,-47.1861
19.92,67.50322,-38.666399999999996,70.12467,-41.28785,64.88177,-36.04495
19.94,62.91565,-30.80209,64.22639,-32.11281,61.60491,-29.49137
19.96,59.966454999999996,-26.214575,60.94951,-26.86994,58.9834,-25.55921
19.98,58.32801,-22.610095,58.98338,-23.59314,57.67264,-21.62705
20.0,57.017255000000006,-19.660975,57.67262,-20.31634,56.36189,-19.00561
20.02,56.689565,-17.367215,57.01725,-17.6949,56.36188,-17.03953
20.04,55.70651,-16.38417,56.36187,-16.38417,55.05115,-16.38417
20.06,55.051135,-15.728815,55.7065,-15.72882,54.39577,-15.72881
20.08,54.068095,-14.74577,54.39578,-15.07345,53.74041,-14.41809
20.1,53.740404999999996,-13.762735,54.39577,-13.76274,53.08504,-13.76273
20.12,53.085035000000005,-13.43505,53.08504,-13.76273,53.08503,-13.10737
20.14,52.42967,-13.10737,53.08503,-13.10737,51.77431,-13.10737
20.16,52.10199,-12.779695,52.42967,-13.10738,51.77431,-12.45201
20.18,51.44663,-11.796655,51.77431,-11.79666,51.11895,-11.79665
20.2,50.79127,-11.14129,51.11895,-11.14129,50.46359,-11.14129
20.22,54.06812,-11.141295,52.42969,-11.1413,55.70655,-11.14129
20.24,54.723505,-10.158255,55.70655,-10.48594,53.74046,-9.83057
20.26,53.412774999999996,-9.502395,53.74045,-9.83057,53.0851,-9.17422
20.28,53.41278,-8.847529999999999,53.74046,-9.17522,53.0851,-8.51984
20.3,52.757415,-7.864485,53.08509,-7.86449,52.42974,-7.86448
20.32,52.102055,-7.536805,52.42974,-7.20913,51.77437,-7.86448
20.34,51.11901,-7.864485,51.77437,-7.86449,50.46365,-7.86448
20.36,50.79132,-7.864485,51.119,-7.86449,50.46364,-7.86448
20.38,50.135954999999996,-7.864485,50.46364,-7.86449,49.80827,-7.86448
20.4,50.135945,-8.192155,50.46363,-7.86448,49.80826,-8.51983
20.42,51.11898,-8.519845,51.11898,-8.51985,51.11898,-8.51984
20.44,51.44665,-7.86448,51.77433,-7.86449,51.11897,-7.86447
20.46,52.10201,-7.536795,52.42969,-7.20912,51.77433,-7.86447
20.48,52.103275,-7.53679,52.43223,-7.20912,51.77432,-7.86446
20.5,52.102000000000004,-7.209105,52.42968,-7.20911,51.77432,-7.2091
20.52,52.429685,-7.20911,52.42968,-7.20911,52.42969,-7.20911
20.54,56.68958000000001,-6.226065,56.36189,-6.55375,57.01727,-5.89838
20.56,56.689585,-5.570705,57.01727,-5.89839,56.3619,-5.24302
20.58,56.689585,-5.243024999999999,57.01726,-5.24303,56.36191,-5.24302
20.6,56.689585,-4.915345,57.01727,-4.58767,56.3619,-5.24302
20.62,56.3619,-4.915345,57.01726,-4.58767,55.70654,-5.24302
20.64,56.3619,-4.587664999999999,56.3619,-4.58767,56.3619,-4.58766
20.66,56.68958,-4.58767,57.01726,-4.58767,56.3619,-4.58767
20.68,56.68958,-4.587664999999999,57.01726,-4.58767,56.3619,-4.58766
20.7,56.689575000000005,-4.58767,57.01726,-4.58767,56.36189,-4.58767
20.72,56.68957,-4.58767,57.01725,-4.58767,56.36189,-4.58767
20.74,56.68957,-4.58767,57.01725,-4.58767,56.36189,-4.58767
20.76,57.017250000000004,-3.9323050000000004,57.67261,-3.93231,56.36189,-3.9323
20.78,56.68958,-3.9323050000000004,57.01726,-3.93231,56.3619,-3.9323
20.8,56.03422,-3.9323050000000004,56.3619,-3.93231,55.70654,-3.9323
20.82,56.68958,-3.93231,57.01726,-3.93231,56.3619,-3.93231
20.84,56.68959,-3.6046300000000002,57.01727,-3.27695,56.36191,-3.93231
20.86,56.36191,-3.604635,57.01727,-3.27696,55.70655,-3.93231
20.88,56.03423,-3.2769500000000003,56.36191,-3.27696,55.70655,-3.27694
20.9,56.034235,-3.276955,56.36191,-3.27696,55.70656,-3.27695
20.92,55.706554999999994,-3.276955,56.36192,-3.27696,55.05119,-3.27695
20.94,55.37888,-3.276955,55.70656,-3.27696,55.0512,-3.27695
20.96,55.378885,-2.62159,55.70656,-2.62159,55.05121,-2.62159
20.98,55.05121,-2.29391,55.70657,-2.6216,54.39585,-1.96622
21.0,55.05121,-1.9662250000000001,55.70657,-1.96623,54.39585,-1.96622
21.02,54.723535,-1.6385450000000001,55.05121,-1.31087,54.39586,-1.96622
21.04,54.72353,-1.9662250000000001,55.05121,-1.96623,54.39585,-1.96622
21.06,55.70657,-1.9662250000000001,55.70657,-1.96623,55.70657,-1.96622
21.08,57.017285,-2.2939049999999996,57.01729,-1.96623,57.01728,-2.62158
21.1,57.672635,-1.9662250000000001,57.67264,-1.96623,57.67263,-1.96622
21.12,58.00032,-1.96622,58.328,-1.96622,57.67264,-1.96622
21.14,58.00032,-1.9662250000000001,58.328,-1.96623,57.67264,-1.96622
21.16,58.000325000000004,-1.966215,58.328,-1.96622,57.67265,-1.96621
21.18,58.328005000000005,-1.96622,58.32801,-1.96622,58.328,-1.96622
21.2,58.65569,-1.6385399999999999,58.98337,-1.31086,58.32801,-1.96622
21.22,58.00033,-1.96622,58.32801,-1.96622,57.67265,-1.96622
21.24,58.000325000000004,-1.9662250000000001,58.32801,-1.96623,57.67264,-1.96622
21.26,58.00033,-2.621585,58.32801,-1.96623,57.67265,-3.27694
21.28,58.00033,-4.25999,58.32801,-3.93231,57.67265,-4.58767
21.3,58.983374999999995,-7.53681,58.98338,-6.55377,58.98337,-8.51985
21.32,58.655699999999996,-8.847535,58.98338,-8.51986,58.32802,-9.17521
21.34,59.31106,-9.175225000000001,59.63874,-9.17523,58.98338,-9.17522
21.36,58.983385,-9.175225000000001,58.98338,-9.17523,58.98339,-9.17522
21.38,58.65571,-9.175215,58.98339,-9.17522,58.32803,-9.17521
21.4,58.983385,-8.847539999999999,58.98338,-9.17522,58.98339,-8.51986
21.42,58.98338,-8.847539999999999,59.63874,-9.17522,58.32802,-8.51986
21.44,59.31107,-8.847045,59.63875,-8.51987,58.98339,-9.17422
21.46,59.31107,-9.175225000000001,59.63875,-9.17523,58.98339,-9.17522
21.48,58.98339,-9.175225000000001,59.63875,-9.17523,58.32803,-9.17522
21.5,58.98339,-8.847545,59.63875,-9.17523,58.32803,-8.51986
21.52,58.98339,-8.519865,58.98339,-8.51987,58.98339,-8.51986
21.54,58.65572,-8.519865,58.9834,-8.51987,58.32804,-8.51986
21.56,58.9834,-8.51986,58.9834,-8.51986,58.9834,-8.51986
21.58,58.65572,-8.519865,58.9834,-8.51987,58.32804,-8.51986
21.6,58.65572,-7.864504999999999,58.9834,-7.86451,58.32804,-7.8645
21.62,58.32804,-7.864504999999999,58.9834,-7.86451,57.67268,-7.8645
21.64,58.32804,-8.192185,58.32804,-7.86451,58.32804,-8.51986
21.66,58.655725000000004,-7.864504999999999,58.9834,-7.86451,58.32805,-7.8645
21.68,58.65572,-7.864504999999999,58.9834,-7.86451,58.32804,-7.8645
21.7,59.311080000000004,-8.19219,58.9834,-7.86451,59.63876,-8.51987
21.72,60.294105,-8.519874999999999,60.29411,-8.51988,60.2941,-8.51987
21.74,63.89861,-8.19219,60.94946,-8.51988,66.84776,-7.8645
21.76,78.316745,-7.20913,77.33367,-7.20914,79.29982,-7.20912
21.78,77.989075,-5.898415,78.64444,-5.89842,77.33371,-5.89841
21.8,78.31676,-5.24305,78.64444,-5.24305,77.98908,-5.24305
21.82,78.31676,-4.58769,78.64444,-4.58769,77.98908,-4.58769
21.84,77.98908,-3.6046449999999997,78.64444,-3.93233,77.33372,-3.27696
21.86,77.6614,-3.27696,77.98908,-3.27697,77.33372,-3.27695
21.88,77.006035,-2.6216,77.33371,-2.6216,76.67836,-2.6216
21.9,76.35067,-2.293915,76.67835,-2.6216,76.02299,-1.96623
21.92,75.36762999999999,-2.293915,76.02299,-2.6216,74.71227,-1.96623
21.94,74.71227,-1.966235,74.71227,-1.96624,74.71227,-1.96623
21.96,74.38459,-1.638555,74.71227,-1.31088,74.05691,-1.96623
21.98,74.384595,-1.966235,74.71227,-1.96624,74.05692,-1.96623
22.0,73.72923,-1.96624,74.05691,-1.96624,73.40155,-1.96624
22.02,73.72924,-1.966235,74.05692,-1.96624,73.40156,-1.96623
22.04,73.07388,-1.310875,73.40156,-1.31088,72.7462,-1.31087
22.06,73.07389,-1.310875,73.40157,-1.31088,72.74621,-1.31087
22.08,73.073895,-1.310875,73.40157,-1.31088,72.74622,-1.31087
22.1,72.09087,-0.983195,72.74623,-0.65552,71.43551,-1.31087
22.12,72.09087,-0.6555150000000001,72.74623,-0.65552,71.43551,-0.65551
22.14,71.107835,-0.32783500000000054,71.43551,-0.000160000000001,70.78016,-0.65551
22.16,70.780155,-0.00014499999999625002,71.43551,-0.0001499999999978,70.1248,-0.0001399999999947
22.18,70.78015500000001,-0.00014499999999625002,71.43552,-0.0001499999999978,70.12479,-0.0001399999999947
22.2,69.797115,-0.00014499999999625002,70.12479,-0.0001499999999978,69.46944,-0.0001399999999947
22.22,69.141755,0.32753500000000263,69.46944,0.65521,68.81407,-0.0001399999999947
22.24,68.486395,-0.00014499999999625002,68.81407,-0.0001499999999978,68.15872,-0.0001399999999947
22.26,67.83104,0.00034000000000135,68.15872,0.0008100000000013,67.50336,-0.0001299999999986
22.28,67.50336,0.3275450000000007,68.15872,0.65522,66.848,-0.0001299999999986
22.3,68.158715,0.3275450000000007,68.15872,0.65522,68.15871,-0.0001299999999986
22.32,68.814065,-0.0001350000000002,68.81407,-0.0001400000000018,68.81406,-0.0001299999999986
22.34,69.141735,21.299065,69.46942,-0.0001400000000018,68.81405,42.59827
22.36,69.14173,-0.3278099999999993,69.46941,-0.65549,68.81405,-0.0001299999999986
22.38,69.14172500000001,-0.3278049999999993,69.46941,-0.0001299999999986,68.81404,-0.65548
22.4,68.48636,-0.00012499999999700002,68.81404,-0.0001299999999986,68.15868,-0.0001199999999954
22.42,74.38467,0.3275550000000007,70.12477,-0.0001299999999986,78.64457,0.65524
22.44,87.1644,0.982915,87.16439,0.65523,87.16441,1.3106
22.46,85.853675,1.6382750000000001,85.85367,1.96595,85.85368,1.3106
22.48,86.509035,1.9659550000000001,86.50904,1.96595,86.50903,1.96596
22.5,86.18135,1.9659550000000001,86.50903,1.96595,85.85367,1.96596
22.52,85.853665,1.9659550000000001,86.50903,1.96595,85.1983,1.96596
22.54,86.18134,1.9659550000000001,86.50902,1.96595,85.85366,1.96596
22.56,86.18134,2.293635,86.50902,2.62131,85.85366,1.96596
22.58,86.181335,1.96595,86.50902,1.96595,85.85365,1.96595
22.6,86.50902,1.9659550000000001,86.50902,1.96595,86.50902,1.96596
22.62,86.50902,1.9659550000000001,86.50902,1.96595,86.50902,1.96596
22.64,86.181335,1.96596,86.50901,1.96596,85.85366,1.96596
22.66,86.18133,2.2936449999999997,86.50901,2.62132,85.85365,1.96597
22.68,85.52597,2.293635,85.85365,2.62131,85.19829,1.96596
22.7,85.52597,2.293635,85.85365,2.62131,85.19829,1.96596
22.72,85.198295,1.9659550000000001,85.19829,1.96595,85.1983,1.96596
22.74,87.492075,2.293635,86.50901,1.96595,88.47514,2.62132
22.76,89.78589,3.2766849999999996,90.44125,3.27668,89.13053,3.27669
22.78,89.45820499999999,3.2766849999999996,89.78588,3.27668,89.13053,3.27669
22.8,89.45821,3.2766849999999996,89.78589,3.27668,89.13053,3.27669
22.82,89.45821,3.2766849999999996,89.78589,3.27668,89.13053,3.27669
22.84,89.13054,3.2766849999999996,89.7859,3.27668,88.47518,3.27669
22.86,89.130535,3.2766849999999996,89.13053,3.27668,89.13054,3.27669
22.88,89.7859,2.62132,89.7859,2.62132,89.7859,2.62132
22.9,91.096605,2.29364,91.09661,2.62132,91.0966,1.96596
22.92,92.080905,1.9659550000000001,92.40986,1.96595,91.75195,1.96596
22.94,92.07963,1.96596,92.40731,1.96596,91.75195,1.96596
22.96,92.40730500000001,1.965965,92.4073,1.96596,92.40731,1.96597
22.98,92.07963,1.965965,92.40731,1.96596,91.75195,1.96597
23.0,92.07963,1.9659550000000001,92.40731,1.96595,91.75195,1.96596
23.02,91.75195,1.96596,92.40731,1.96596,91.09659,1.96596
23.04,92.079625,1.965965,92.40731,1.96596,91.75194,1.96597
23.06,92.07962,1.9659550000000001,92.4073,1.96595,91.75194,1.96596
23.08,92.07962,1.965965,92.4073,1.96596,91.75194,1.96597
23.1,91.42426,1.638285,91.75194,1.96596,91.09658,1.31061
23.12,91.42425,1.965965,91.75193,1.96596,91.09657,1.96597
23.14,91.42425,1.638285,91.75193,1.96596,91.09657,1.31061
23.16,91.424255,1.9659550000000001,91.75193,1.96595,91.09658,1.96596
23.18,91.096575,1.6382750000000001,91.75194,1.96595,90.44121,1.3106
23.2,91.424255,0.982915,91.75194,1.31059,91.09657,0.65524
23.22,91.751935,0.982915,92.40729,1.31059,91.09658,0.65524
23.24,91.09657,0.65523,91.75193,0.65523,90.44121,0.65523
23.26,91.424255,0.3275450000000007,91.75193,0.65522,91.09658,-0.0001299999999986
23.28,91.09658,-0.0001350000000002,91.09658,-0.0001400000000018,91.09658,-0.0001299999999986
23.3,92.079635,-0.0001350000000002,91.09658,-0.0001400000000018,93.06269,-0.0001299999999986
23.32,98.96101999999999,-0.00011999999999895,98.96101,-0.0001200000000025,98.96103,-0.0001199999999954
23.34,98.63335000000001,0.6552450000000001,98.96103,0.65524,98.30567,0.65525
23.36,98.96104,0.6552450000000001,98.96104,0.65524,98.96104,0.65525
23.38,99.61641,-0.3278000000000012,99.61641,-0.0001200000000025,99.61641,-0.65548
23.4,100.271775,-0.655485,100.27177,-0.65549,100.27178,-0.65548
23.42,100.92714,-0.655485,100.92714,-0.65549,100.92714,-0.65548
23.44,100.59946,-2.29389,101.58251,-1.31085,99.61641,-3.27693
23.46,77.66158,-7.20908,86.50905,-5.243,68.81411,-9.17516
23.48,56.03443,-12.45195,58.32821,-11.7966,53.74065,-13.1073
23.5,53.740635,-10.485845,53.74064,-11.14121,53.74063,-9.83048
23.52,56.689725,-6.881365000000001,56.36205,-7.20905,57.0174,-6.55368
23.54,59.31112,-5.570645,58.98345,-5.89833,59.63879,-5.24296
23.56,60.29412000000001,-3.932245,60.29413,-3.93225,60.29411,-3.93224
23.58,60.29409,-3.60457,60.94946,-3.27689,59.63872,-3.93225
23.6,60.294095,0.3276300000000001,60.29408,-1.96616,60.29411,2.62142
23.62,60.294155,5.89825,60.94951,5.24288,59.6388,6.55362
23.64,59.31112,9.17506,59.6388,8.51969,58.98344,9.83043
23.66,58.65576,10.485785,58.98344,10.48578,58.32808,10.48579
23.68,59.31112,10.485785,59.6388,10.48578,58.98344,10.48579
23.7,59.311135,10.813469999999999,59.63881,11.14115,58.98346,10.48579
23.72,59.31115,11.141155,59.63883,11.14115,58.98347,11.14116
23.74,60.294205,11.79651,60.2942,11.79651,60.29421,11.79651
23.76,61.277275,12.451875,60.94959,12.45187,61.60496,12.45188
23.78,63.243385,13.107235,62.9157,13.10723,63.57107,13.10724
23.8,65.53717499999999,13.762595000000001,64.8818,13.76259,66.19255,13.7626
23.82,67.83098000000001,13.762605,67.50329,13.7626,68.15867,13.76261
23.84,69.797105,14.41797,69.46942,14.41797,70.12479,14.41797
23.86,71.76322,15.073335,72.09089,15.07333,71.43555,15.07334
23.88,72.746295,14.0903,72.74629,14.41798,72.7463,13.76262
23.9,73.72936,14.41798,73.40167,14.41798,74.05705,14.41798
23.92,74.71243,14.417985,74.71242,14.41798,74.71244,14.41799
23.94,76.02318,14.0903,76.02317,14.41798,76.02319,13.76262
23.96,77.33392,14.090295000000001,77.33391,14.41797,77.33393,13.76262
23.98,78.97236000000001,13.762615,78.64467,13.76261,79.30005,13.76262
24.0,80.28311500000001,14.09029,79.95543,14.41797,80.6108,13.76261
24.02,81.921535,13.434925,81.92153,13.7626,81.92154,13.10725
24.04,83.23227,13.107245,83.23227,13.7626,83.23227,12.45189
24.06,83.232275,12.124205,83.88764,12.45188,82.57691,11.79653
24.08,45.548655,8.51976,61.60517,9.83047,29.49214,7.20905
24.1,1.311335,6.553744999999999,6.55427,6.55373,-3.9316,6.55376
24.12,-2.293195,6.226075,-2.62088,6.55375,-1.96551,5.8984
24.14,-1.9655399999999998,5.898385,-1.31017,5.89838,-2.62091,5.89839
24.16,-2.293235,5.570705,-1.96555,5.89838,-2.62092,5.24303
24.18,-2.62093,5.243024999999999,-1.96557,5.24302,-3.27629,5.24303
24.2,-3.60399,4.915345,-3.27631,5.24302,-3.93167,4.58767
24.22,-5.242414999999999,5.243035,-4.58705,5.24303,-5.89778,5.24304
24.24,-6.553155,5.243035,-5.89779,5.24303,-7.20852,5.24304
24.26,-8.191575,5.243035,-7.86389,5.24303,-8.51926,5.24304
24.28,-8.84694,5.243024999999999,-8.51926,5.24302,-9.17462,5.24303
24.3,-9.502295,3.9322999999999997,-8.51926,4.58766,-10.48533,3.27694
24.32,-12.123715,1.31085,-11.14068,1.96621,-13.10675,0.65549
24.34,-14.417455,-0.6552550000000003,-13.7621,0.0001099999999993,-15.07281,-1.31062
24.36,-15.400465,-1.638315,-15.07279,-1.31063,-15.72814,-1.966
24.38,-17.03886,-2.621365,-15.07277,-2.62137,-19.00495,-2.62136
24.4,-21.29875,-1.638325,-21.62643,-1.96601,-20.97107,-1.31064
24.42,-18.02194,7.0000000000903e-05,-18.34962,7.0000000000903e-05,-17.69426,7.0000000000903e-05
24.44,-15.72817,0.6554249999999999,-15.72817,0.65542,-15.72817,0.65543
24.46,-13.43441,1.31078,-13.76209,1.31078,-13.10673,1.31078
24.48,-11.468330000000002,1.96614,-11.79601,1.96614,-11.14065,1.96614
24.5,-10.15761,2.6214950000000004,-10.48529,2.62149,-9.82993,2.6215
24.52,-8.846885,2.621485,-8.51921,2.62148,-9.17456,2.62149
24.54,-8.846879999999999,2.621485,-8.5192,2.62148,-9.17456,2.62149
24.56,-8.191510000000001,2.621485,-7.86383,2.62148,-8.51919,2.62149
24.58,-8.191505,2.949165,-7.86383,3.27684,-8.51918,2.62149
24.6,-8.51918,2.94916,-7.86382,3.27684,-9.17454,2.62148
24.62,-11.14063,3.2772300000000003,-9.17454,3.27684,-13.10672,3.27762
24.64,-15.400475,2.29382,-14.41743,2.6215,-16.38352,1.96614
24.66,-17.03888,1.310775,-16.38352,1.96613,-17.69424,0.65542
24.68,-18.349600000000002,0.983095,-17.69424,1.31077,-19.00496,0.65542
24.7,-18.67728,0.6554150000000001,-18.3496,0.65541,-19.00496,0.65542
24.72,-18.02192,0.983095,-18.3496,0.65541,-17.69424,1.31078
24.74,-15.07281,2.293815,-15.72817,1.96613,-14.41745,2.6215
24.76,-13.106735,2.9491750000000003,-13.10673,2.62149,-13.10674,3.27686
24.78,-11.79602,3.6045350000000003,-11.79602,3.27685,-11.79602,3.93222
24.8,-11.14067,4.259895,-11.14067,4.58757,-11.14067,3.93222
24.82,-11.46836,4.587585,-10.48531,3.93221,-12.45141,5.24296
24.84,-14.417495,5.570635,-14.4175,5.89831,-14.41749,5.24296
24.86,-13.76213,5.898315,-13.76213,5.89831,-13.76213,5.89832
24.88,-14.08982,5.570635,-13.76214,5.89831,-14.4175,5.24296
24.9,-14.08982,4.915275,-13.76214,5.24295,-14.4175,4.5876
24.92,-14.417505,4.915265,-13.76214,5.24294,-15.07287,4.58759
24.94,-14.745190000000001,3.604545,-14.41751,3.93222,-15.07287,3.27687
24.96,-15.400549999999999,3.27686,-15.07287,3.27686,-15.72823,3.27686
24.98,-15.400549999999999,3.2768550000000003,-15.07287,3.27685,-15.72823,3.27686
25.0,-15.07288,2.94918,-15.07288,3.27686,-15.07288,2.6215
25.02,-14.7452,3.2768550000000003,-14.41752,3.27685,-15.07288,3.27686
25.04,-14.089835,3.2768550000000003,-13.76216,3.27685,-14.41751,3.27686
25.06,-14.089839999999999,3.2768550000000003,-13.76216,3.27685,-14.41752,3.27686
25.08,-13.762165,3.2768550000000003,-13.10681,3.27685,-14.41752,3.27686
25.1,-14.089839999999999,3.2768550000000003,-13.76216,3.27685,-14.41752,3.27686
25.12,-14.089839999999999,3.2768550000000003,-13.76216,3.27685,-14.41752,3.27686
25.14,-14.089839999999999,3.2768550000000003,-13.76216,3.27685,-14.41752,3.27686
25.16,-14.7452,3.2768550000000003,-14.41752,3.27685,-15.07288,3.27686
25.18,-14.74521,3.2768550000000003,-14.41753,3.27685,-15.07289,3.27686
25.2,-15.072885,3.27686,-15.07289,3.27686,-15.07288,3.27686
25.22,-15.40057,3.60454,-14.41753,3.27685,-16.38361,3.93223
25.24,-18.34971,4.58759,-17.69435,4.58759,-19.00507,4.58759
25.26,-17.69435,4.587595,-17.03899,4.58759,-18.34971,4.5876
25.28,-18.02203,4.25991,-17.69435,4.58759,-18.34971,3.93223
25.3,-18.022025,4.2599149999999995,-17.69434,4.58759,-18.34971,3.93224
25.32,-17.36667,4.2599149999999995,-17.03899,4.58759,-17.69435,3.93224
25.34,-16.383634999999998,3.604545,-16.38363,3.93222,-16.38364,3.27687
25.36,-15.400604999999999,3.27686,-15.07292,3.27686,-15.72829,3.27686
25.38,-14.745255,3.27686,-14.41757,3.27686,-15.07294,3.27686
25.4,-14.41758,2.9491750000000003,-14.41758,3.27685,-14.41758,2.6215
25.42,-14.41758,3.276865,-14.41758,3.27686,-14.41758,3.27687
25.44,-14.0899,2.94918,-13.76222,3.27686,-14.41758,2.6215
25.46,-14.0899,2.9491750000000003,-13.76222,3.27685,-14.41758,2.6215
25.48,-13.434539999999998,2.6214950000000004,-13.10686,2.62149,-13.76222,2.6215
25.5,-13.434539999999998,2.29381,-13.10686,2.62149,-13.76222,1.96613
25.52,-13.434550000000002,1.96613,-13.10687,1.96613,-13.76223,1.96613
25.54,-13.434550000000002,1.966135,-13.10687,1.96613,-13.76223,1.96614
25.56,-13.434550000000002,1.638455,-13.10687,1.96613,-13.76223,1.31078
25.58,-13.434550000000002,1.63845,-13.10687,1.96613,-13.76223,1.31077
25.6,-13.434550000000002,0.98308,-13.10687,1.31076,-13.76223,0.6554
25.62,-13.434550000000002,0.6554,-13.10687,0.6554,-13.76223,0.6554
25.64,-12.77919,0.6554,-12.45151,0.65539,-13.10687,0.65541
25.66,-12.451515,-0.3276449999999988,-12.45151,3.0000000002417e-05,-12.45152,-0.65532
25.68,-12.779195000000001,-0.6553249999999999,-12.45151,-0.65533,-13.10688,-0.65532
25.7,-12.45152,-0.98301,-12.45152,-0.65534,-12.45152,-1.31068
25.72,-12.7792,-1.31069,-12.45152,-1.31069,-13.10688,-1.31069
25.74,-12.779205000000001,-1.638375,-12.45152,-1.3107,-13.10689,-1.96605
25.76,-12.779205000000001,-1.96606,-12.45152,-1.96606,-13.10689,-1.96606
25.78,-12.779205000000001,-1.966065,-12.45153,-1.96607,-13.10688,-1.96606
25.8,-12.451525,-2.6214250000000003,-11.79616,-2.62143,-13.10689,-2.62142
25.82,-12.7792,-2.6214250000000003,-12.45152,-2.62143,-13.10688,-2.62142
25.84,-12.779205000000001,-2.9491050000000003,-12.45152,-2.62143,-13.10689,-3.27678
25.86,-12.779205000000001,-2.94911,-12.45153,-2.62144,-13.10688,-3.27678
25.88,-12.7792,-2.949115,-12.45152,-2.62144,-13.10688,-3.27679
25.9,-12.779195000000001,-3.604475,-12.45151,-3.2768,-13.10688,-3.93215
25.92,-15.072985,-3.9321450000000002,-13.76225,-3.93215,-16.38372,-3.93214
25.94,-14.417635,-3.93214,-14.41764,-3.93214,-14.41763,-3.93214
25.96,-13.434605000000001,-4.259825,-13.10692,-3.93215,-13.76229,-4.5875
25.98,-12.779245,-4.5875,-12.45156,-4.58751,-13.10693,-4.58749
26.0,-12.451575,-4.5875,-12.45157,-4.5875,-12.45158,-4.5875
26.02,-12.12389,-4.587505,-11.79621,-4.58751,-12.45157,-4.5875
26.04,-11.79622,-4.5875,-11.14086,-4.58751,-12.45158,-4.58749
26.06,-11.46854,-4.587505,-11.14086,-4.58751,-11.79622,-4.5875
26.08,-11.46854,-5.242865,-11.14086,-5.24287,-11.79622,-5.24286
26.1,-10.813175000000001,-5.24287,-10.48549,-5.24287,-11.14086,-5.24287
26.12,-11.14086,-5.570545,-11.14086,-5.24287,-11.14086,-5.89822
26.14,-11.14086,-5.242865,-10.4855,-5.24287,-11.79622,-5.24286
26.16,-5.242565,-4.58751,-9.83014,-5.24287,-0.65499,-3.93215
26.18,7.864839999999999,-3.604485,8.52019,-3.93216,7.20949,-3.27681
26.2,6.22643,-3.6044799999999997,6.55411,-3.27681,5.89875,-3.93215
26.22,6.22643,-3.276805,6.55411,-3.27681,5.89875,-3.2768
26.24,6.226425,-2.9491199999999997,6.55411,-3.27681,5.89874,-2.62143
26.26,5.89873,-3.2767999999999997,5.89873,-3.27681,5.89873,-3.27679
26.28,5.57104,-2.62144,5.89872,-2.62144,5.24336,-2.62144
26.3,4.91568,-3.276795,5.24336,-3.2768,4.588,-3.27679
26.32,4.915675,-2.62144,5.24336,-1.96608,4.58799,-3.2768
26.34,4.915675,-3.2768,5.24336,-3.2768,4.58799,-3.2768
26.36,4.587995,-2.949125,5.24336,-2.62145,3.93263,-3.2768
26.38,4.260315,-3.276805,4.588,-3.27681,3.93263,-3.2768
26.4,3.9326299999999996,-2.949125,4.58799,-3.27681,3.27727,-2.62144
26.42,3.60495,-3.276805,3.93263,-3.27681,3.27727,-3.2768
26.44,3.27727,-3.60449,3.93263,-3.27681,2.62191,-3.93217
26.46,2.94959,-3.604485,3.27727,-3.27681,2.62191,-3.93216
26.48,2.94959,-3.93217,3.27727,-3.93217,2.62191,-3.93217
26.5,2.94959,-3.93217,3.27727,-3.93217,2.62191,-3.93217
26.52,2.29423,-4.25985,2.62191,-3.93217,1.96655,-4.58753
26.54,2.62191,-4.915205,2.62191,-4.58753,2.62191,-5.24288
26.56,3.932615,-5.570575,3.93262,-5.2429,3.93261,-5.89825
26.58,4.58797,-6.2255199999999995,4.58797,-5.89743,4.58797,-6.55361
26.6,5.24332,-6.225935,5.24332,-5.89826,5.24332,-6.55361
26.62,5.57099,-6.553615,5.89867,-5.89826,5.24331,-7.20897
26.64,6.226345,-6.553615,6.55403,-6.55362,5.89866,-6.55361
26.66,6.22635,-6.553615,6.55403,-6.55362,5.89867,-6.55361
26.68,6.22634,-7.20898,6.55402,-7.20898,5.89866,-7.20898
26.7,6.22634,-7.20898,6.55402,-7.20898,5.89866,-7.20898
26.72,6.8817,-7.208985,7.20938,-7.20899,6.55402,-7.20898
26.74,6.88169,-7.20898,7.20937,-7.20898,6.55401,-7.20898
26.76,6.88169,-7.864345,7.20937,-7.86435,6.55401,-7.86434
26.78,6.881690000000001,-7.536665,7.86474,-7.20899,5.89864,-7.86434
26.8,-9.174795,-7.8643149999999995,-5.24259,-7.86432,-13.107,-7.86431
26.82,-12.123955,-7.86431,-12.45165,-7.86431,-11.79626,-7.86431
26.84,-11.14091,-7.20896,-11.14091,-7.20896,-11.14091,-7.20896
26.86,-10.81323,-7.864325,-10.48555,-7.86433,-11.14091,-7.86432
26.88,-10.48555,-7.536645,-10.48555,-7.20897,-10.48555,-7.86432
26.9,-10.157879999999999,-8.192005,-9.8302,-7.86433,-10.48556,-8.51968
26.92,-9.8302,-7.86433,-9.8302,-7.86433,-9.8302,-7.86433
26.94,-9.50252,-7.86433,-9.17484,-7.86433,-9.8302,-7.86433
26.96,-9.50252,-7.536645,-9.17484,-7.20897,-9.8302,-7.86432
26.98,-9.502510000000001,-7.208965,-9.17483,-7.20897,-9.83019,-7.20896
27.0,-9.83019,-6.55361,-9.17483,-6.55361,-10.48555,-6.55361
27.02,-9.83019,-6.553605,-9.17483,-6.55361,-10.48555,-6.5536
27.04,-10.157869999999999,-6.553605,-9.83019,-6.55361,-10.48555,-6.5536
27.06,-10.813225,-6.553605,-10.48555,-6.55361,-11.1409,-6.5536
27.08,-10.813225,-6.553605,-10.48554,-6.55361,-11.14091,-6.5536
27.1,-11.14091,-6.881285,-10.48555,-6.55361,-11.79627,-7.20896
27.12,-11.46858,-7.208965,-11.1409,-7.20897,-11.79626,-7.20896
27.14,-12.123940000000001,-6.881285,-11.79626,-6.55361,-12.45162,-7.20896
27.16,-12.123935,-7.208965,-11.79626,-7.20897,-12.45161,-7.20896
27.18,-12.779295000000001,-6.881285,-12.45161,-6.55361,-13.10698,-7.20896
27.2,-12.451615,-7.86433,-12.45162,-7.86433,-12.45161,-7.86433
27.22,-9.17479,-7.536645,-9.17479,-7.20897,-9.17479,-7.86432
27.24,-8.84712,-7.864330000000001,-8.51944,-7.86434,-9.1748,-7.86432
27.26,-8.51944,-7.864325,-7.86408,-7.86433,-9.1748,-7.86432
27.28,-8.19177,-7.864325,-7.86409,-7.86433,-8.51945,-7.86432
27.3,-8.51945,-7.53664,-8.51945,-7.20896,-8.51945,-7.86432
27.32,-8.519455,-7.864325,-8.51946,-7.86433,-8.51945,-7.86432
27.34,-8.51945,-7.864325,-7.86409,-7.86433,-9.17481,-7.86432
27.36,-8.51945,-7.536645,-8.51945,-7.20897,-8.51945,-7.86432
27.38,-8.51945,-7.864325,-7.86409,-7.86433,-9.17481,-7.86432
27.4,-13.762385,-6.225910000000001,-12.45165,-6.5536,-15.07312,-5.89822
27.42,-14.417745,-6.225905,-14.41775,-6.55359,-14.41774,-5.89822
27.44,-14.41774,-5.570545,-13.76238,-5.24287,-15.0731,-5.89822
27.46,-14.41774,-5.898225,-14.41774,-5.89823,-14.41774,-5.89822
27.48,-14.09007,-5.570545,-13.76239,-5.24287,-14.41775,-5.89822
27.5,-13.76239,-5.89823,-13.10703,-5.89823,-14.41775,-5.89823
27.52,-13.434709999999999,-5.89823,-13.10703,-5.89823,-13.76239,-5.89823
27.54,-13.76239,-5.570545,-13.10703,-5.89823,-14.41775,-5.24286
27.56,-13.76239,-5.57055,-13.76239,-5.24287,-13.76239,-5.89823
27.58,-13.434715,-5.24287,-13.10704,-5.24287,-13.76239,-5.24287
27.6,-13.76239,-5.242865,-13.76239,-5.24287,-13.76239,-5.24286
27.62,-13.434705000000001,-5.24287,-13.10703,-5.24287,-13.76238,-5.24287
27.64,-13.76238,-5.242875,-13.76238,-5.24288,-13.76238,-5.24287
27.66,-14.090060000000001,-5.242875,-13.76238,-5.24288,-14.41774,-5.24287
27.68,-14.090060000000001,-4.915195000000001,-13.76238,-5.24288,-14.41774,-4.58751
27.7,-14.41774,-4.9152000000000005,-13.76238,-4.58752,-15.0731,-5.24288
27.72,-14.74542,-4.9152000000000005,-14.41774,-4.58752,-15.0731,-5.24288
27.74,-14.745415000000001,-5.24288,-14.41774,-5.24288,-15.07309,-5.24288
27.76,-14.74541,-5.242885,-14.41773,-5.24289,-15.07309,-5.24288
27.78,-14.74541,-5.242885,-14.41773,-5.24289,-15.07309,-5.24288
27.8,-14.745405,-5.57057,-14.41773,-5.24289,-15.07308,-5.89825
27.82,-14.745405,-6.5536200000000004,-14.41773,-5.89826,-15.07308,-7.20898
27.84,-14.417725,-9.830435,-14.41772,-9.17507,-14.41773,-10.4858
27.86,-14.090045,-11.79653,-13.76236,-11.79653,-14.41773,-11.79653
27.88,-13.43469,-12.124210000000001,-13.10701,-11.79653,-13.76237,-12.45189
27.9,-12.45166,-13.10725,-12.45166,-13.10725,-12.45166,-13.10725
27.92,-11.468625,-13.434935,-11.14094,-13.10726,-11.79631,-13.76261
27.94,-11.468630000000001,-13.762615,-11.14095,-13.76262,-11.79631,-13.76261
27.96,-11.468634999999999,-14.090295000000001,-11.14095,-14.41798,-11.79632,-13.76261
27.98,-5.242655,-13.107255,-7.86413,-13.10726,-2.62118,-13.10725
28.0,-3.931895,-12.124205,-3.27653,-12.45189,-4.58726,-11.79652
28.02,-4.25958,-11.46885,-3.9319,-11.79653,-4.58726,-11.14117
28.04,-4.25958,-11.141165,-3.9319,-11.14117,-4.58726,-11.14116
28.06,-4.25958,-11.79653,-3.9319,-11.79653,-4.58726,-11.79653
28.08,-4.58726,-11.79653,-4.58726,-11.79653,-4.58726,-11.79653
28.1,-5.242625,-11.796524999999999,-4.58726,-11.79653,-5.89799,-11.79652
28.12,-5.570304999999999,-11.14117,-5.24262,-11.14117,-5.89799,-11.14117
28.14,-5.89799,-11.14117,-5.89799,-11.14117,-5.89799,-11.14117
28.16,-5.570315,-11.14117,-5.24263,-11.14117,-5.898,-11.14117
28.18,-5.57031,-11.141165,-5.24263,-11.14117,-5.89799,-11.14116
28.2,-5.570315,-11.141175,-5.24264,-11.14118,-5.89799,-11.14117
28.22,-5.242635,-11.141175,-5.24264,-11.14118,-5.24263,-11.14117
28.24,-4.58727,-11.141175,-4.58727,-11.14118,-4.58727,-11.14117
28.26,-4.25959,-10.813500000000001,-3.93191,-10.48583,-4.58727,-11.14117
28.28,-4.25959,-11.141185,-3.93191,-11.14119,-4.58727,-11.14118
28.3,-4.58726,-10.813505,-3.9319,-10.48583,-5.24262,-11.14118
28.32,-4.58726,-10.813505,-4.58726,-10.48583,-4.58726,-11.14118
28.34,-4.91494,-10.158145000000001,-4.58726,-9.83047,-5.24262,-10.48582
28.36,-4.91494,-10.485825,-4.58726,-10.48583,-5.24262,-10.48582
28.38,-5.24262,-10.485825,-4.58726,-10.48583,-5.89798,-10.48582
28.4,-5.5703,-10.15815,-5.24262,-10.48583,-5.89798,-9.83047
28.42,-5.5703,-9.83047,-5.24262,-9.83047,-5.89798,-9.83047
28.44,-5.89798,-9.83047,-5.89798,-9.83047,-5.89798,-9.83047
28.46,-5.242615,-10.158155,-5.89798,-10.48583,-4.58725,-9.83048
28.48,5.243275,-8.519755,3.93252,-8.51976,6.55403,-8.51975
28.5,6.881705,-8.192085,7.20939,-7.86441,6.55402,-8.51976
28.52,7.864735,-8.51976,7.86474,-8.51976,7.86473,-8.51976
28.54,8.520075,-8.847445,8.52008,-8.51977,8.52007,-9.17512
28.56,9.175425,-9.5028,9.17543,-9.17512,9.17542,-9.83048
28.58,9.5031,-9.175125,9.83078,-9.17513,9.17542,-9.17512
28.6,9.50309,-9.17512,9.83077,-9.17512,9.17541,-9.17512
28.62,9.50309,-8.519765,9.83077,-8.51977,9.17541,-8.51976
28.64,9.50309,-8.519765,9.83077,-8.51977,9.17541,-8.51976
28.66,9.50309,-8.519765,9.83077,-8.51977,9.17541,-8.51976
28.68,9.50309,-8.51977,9.83077,-8.51977,9.17541,-8.51977
28.7,9.50309,-8.51977,9.83077,-8.51977,9.17541,-8.51977
28.72,8.847725,-8.519765,9.17541,-8.51977,8.52004,-8.51976
28.74,8.19237,-8.847445,8.52005,-8.51977,7.86469,-9.17512
28.76,8.520045,-8.847449999999998,8.52004,-8.51977,8.52005,-9.17513
28.78,8.847729999999999,-9.502815,9.17541,-9.17514,8.52005,-9.83049
28.8,8.520045,-9.175135000000001,8.52005,-9.17514,8.52004,-9.17513
28.82,8.847719999999999,-9.502815,9.1754,-9.17514,8.52004,-9.83049
28.84,8.52004,-9.502815,9.1754,-9.17514,7.86468,-9.83049
28.86,8.19236,-9.175135000000001,8.52004,-9.17514,7.86468,-9.17513
28.88,8.192364999999999,-8.51977,8.52005,-8.51977,7.86468,-8.51977
28.9,7.864685,-8.847455,8.52004,-8.51978,7.20933,-9.17513
28.92,7.53701,-8.519775,7.86469,-8.51978,7.20933,-8.51977
28.94,7.53701,-7.536735,7.86469,-7.86442,7.20933,-7.20905
28.96,7.537015,-6.553685,7.86469,-6.55369,7.20934,-6.55368
28.98,7.53702,-6.881375,7.8647,-6.5537,7.20934,-7.20905
29.0,7.209345,-7.209055,7.8647,-7.20906,6.55399,-7.20905
29.02,6.553985,-6.553694999999999,7.20934,-6.5537,5.89863,-6.55369
29.04,10.15852,-6.226015,9.17546,-6.5537,11.14158,-5.89833
29.06,10.81391,-5.2429749999999995,11.79695,-5.24298,9.83087,-5.24297
29.08,10.81391,-4.587605,11.14159,-4.58761,10.48623,-4.5876
29.1,10.81391,-3.932245,11.14159,-3.93225,10.48623,-3.93224
29.12,11.79694,-3.60456,11.79694,-3.93224,11.79694,-3.27688
29.14,13.10765,-3.276885,13.10765,-3.27689,13.10765,-3.27688
29.16,14.090679999999999,-2.621525,14.41836,-2.62153,13.763,-2.62152
29.18,14.09067,-2.6215149999999996,14.41835,-2.62152,13.76299,-2.62151
29.2,14.09067,-1.966155,14.41835,-1.96616,13.76299,-1.96615
29.22,14.09067,-1.966155,14.41835,-1.96616,13.76299,-1.96615
29.24,14.090675000000001,-2.6215149999999996,14.41835,-2.62152,13.763,-2.62151
29.26,13.763,-2.9492,13.763,-2.62152,13.763,-3.27688
29.28,13.43532,-3.27688,13.763,-3.27688,13.10764,-3.27688
29.3,12.779955000000001,-3.60456,13.10763,-3.27688,12.45228,-3.93224
29.32,12.452275,-3.604555,13.10763,-3.27688,11.79692,-3.93223
29.34,11.79692,-2.9491899999999998,12.45228,-3.27688,11.14156,-2.6215
29.36,11.469235000000001,-0.9831049999999999,11.79692,-1.31079,11.14155,-0.65542
29.38,11.46923,0.32763000000000075,11.79691,0.6553,11.14155,-3.9999999998486e-05
29.4,11.46923,0.655305,11.79691,0.6553,11.14155,0.65531
29.42,11.79691,1.638345,11.79691,1.31066,11.79691,1.96603
29.44,12.45227,2.293705,12.45227,2.62138,12.45227,1.96603
29.46,10.486175,1.96603,13.763,1.96602,7.20935,1.96604
29.48,0.65567,2.621405,0.65566,2.6214,0.65568,2.62141
29.5,3.27717,3.27677,3.27717,3.27677,3.27717,3.27677
29.52,2.9494949999999998,2.949085,3.27717,3.27676,2.62182,2.62141
29.54,3.2771749999999997,2.6214,3.93253,2.6214,2.62182,2.6214
29.56,3.60486,2.6213949999999997,3.93254,2.62139,3.27718,2.6214
29.58,3.6048549999999997,2.9490749999999997,3.93253,3.27675,3.27718,2.6214
29.6,3.60486,1.966035,3.93254,1.96603,3.27718,1.96604
29.62,3.2771850000000002,1.63835,3.27718,1.96603,3.27719,1.31067
29.64,3.2771850000000002,1.310665,3.27718,1.31066,3.27719,1.31067
29.66,2.94951,0.655305,3.27719,0.6553,2.62183,0.65531
29.68,3.277195,0.98299,3.93255,1.31067,2.62184,0.65531
29.7,2.94951,0.3276250000000027,3.27719,0.6553,2.62183,-4.9999999994554e-05
29.72,3.932545,-0.3277349999999989,3.93255,-5.9999999997729e-05,3.93254,-0.65541
29.74,5.24326,-0.9831,5.24326,-0.65543,5.24326,-1.31077
29.76,5.570935,-1.310785,5.89861,-1.31079,5.24326,-1.31078
29.78,5.89862,-1.63846,6.55398,-1.96615,5.24326,-1.31077
29.8,5.570935,-1.31078,5.89861,-1.31078,5.24326,-1.31078
29.82,5.24326,-1.310785,5.89862,-1.31079,4.5879,-1.31078
29.84,7.2093549999999995,-0.9831049999999999,5.24325,-1.31079,9.17546,-0.65542
29.86,14.090755000000001,-0.65543,15.07379,-0.65543,13.10772,-0.65543
29.88,12.124669999999998,0.982985,12.45235,1.31066,11.79699,0.65531
29.9,11.79699,1.638345,12.45235,1.31066,11.14163,1.96603
29.92,10.813949999999998,1.6383450000000002,11.14163,1.96602,10.48627,1.31067
29.94,10.15859,1.638355,10.48627,1.96603,9.83091,1.31068
29.96,9.503229999999999,1.966035,9.83091,1.96603,9.17555,1.96604
29.98,9.503229999999999,1.96604,9.83091,1.96604,9.17555,1.96604
30.0,9.17555,1.966035,9.17555,1.96603,9.17555,1.96604
30.02,9.175545,1.966045,9.17555,1.96604,9.17554,1.96605
30.04,8.84786,2.2937250000000002,9.17554,2.6214,8.52018,1.96605
30.06,8.84786,2.621405,9.17554,2.6214,8.52018,2.62141
30.08,8.52018,2.6214,8.52018,2.6214,8.52018,2.6214
30.1,8.84787,3.27676,9.17555,3.27676,8.52019,3.27676
30.12,8.520195000000001,3.2767549999999996,8.52019,3.27675,8.5202,3.27676
30.14,6.226414999999999,4.587490000000001,7.20946,4.58748,5.24337,4.5875
30.16,5.57106,5.2428550000000005,5.89874,5.24285,5.24338,5.24286
30.18,5.243375,5.898225,5.89873,5.89822,4.58802,5.89823
30.2,4.2603349999999995,6.55359,4.58801,6.55358,3.93266,6.5536
30.22,4.26034,7.208955,4.58802,7.20895,3.93266,7.20896
30.24,3.60498,7.208955,3.93266,7.20895,3.2773,7.20896
30.26,3.60498,7.536635,3.93266,7.86431,3.2773,7.20896
30.28,3.604985,7.8643149999999995,3.93266,7.86431,3.27731,7.86432
30.3,3.60499,7.8643149999999995,3.93267,7.86431,3.27731,7.86432
30.32,3.932665,7.53664,3.93267,7.86432,3.93266,7.20896
30.34,5.243375,6.8812750000000005,5.24338,7.20895,5.24337,6.5536
30.36,5.89873,6.553595,5.89873,6.55359,5.89873,6.5536
30.38,6.2264,6.22592,6.55408,6.5536,5.89872,5.89824
30.4,6.55407,5.898235,6.55407,5.89823,6.55407,5.89824
30.42,6.88175,5.898235,7.20943,5.89823,6.55407,5.89824
30.44,6.88175,5.898235,7.20943,5.89823,6.55407,5.89824
30.46,6.88175,5.89823,7.20943,5.89823,6.55407,5.89823
30.48,9.8309,5.898235,7.86479,5.89823,11.79701,5.89824
30.5,17.039975,6.22591,17.69533,6.55359,16.38462,5.89823
30.52,16.384605,6.553595,17.03996,6.55359,15.72925,6.5536
30.54,16.384605,6.2259150000000005,17.03996,6.55359,15.72925,5.89824
30.56,16.38461,6.2259150000000005,16.38461,6.55359,16.38461,5.89824
30.58,17.03996,5.570545,17.03996,5.89822,17.03996,5.24287
30.6,17.367645,5.570555000000001,17.69532,5.89823,17.03997,5.24288
30.62,18.02301,5.242865,18.35069,5.24286,17.69533,5.24287
30.64,18.023,5.242865,18.35068,5.24286,17.69532,5.24287
30.66,18.350685,5.242865,18.35069,5.24286,18.35068,5.24287
30.68,18.678359999999998,5.242865,19.00604,5.24286,18.35068,5.24287
30.7,18.67837,5.57054,19.00605,5.89822,18.35069,5.24286
30.72,18.678365,5.2428550000000005,19.00604,5.24285,18.35069,5.24286
30.74,18.678365,5.2428550000000005,19.00605,5.24285,18.35068,5.24286
30.76,19.006045,4.91518,19.00604,5.24286,19.00605,4.5875
30.78,18.678359999999998,4.915175,19.00604,5.24285,18.35068,4.5875
30.8,18.678359999999998,4.915175,19.00604,5.24285,18.35068,4.5875
30.82,24.248995,4.915165,22.28288,5.24284,26.21511,4.58749
30.84,26.870485,4.915155,27.52585,5.24283,26.21512,4.58748
30.86,26.87048,4.2598,27.52584,4.58748,26.21512,3.93212
30.88,26.215125,3.932115,26.21512,3.93211,26.21513,3.93212
30.9,25.887445,3.2767549999999996,26.21513,3.27675,25.55976,3.27676
30.92,26.542805,2.9490749999999997,26.87049,3.27675,26.21512,2.6214
30.94,27.19815,2.293705,27.52583,2.62138,26.87047,1.96603
30.96,27.85351,1.6383450000000002,28.18119,1.96602,27.52583,1.31067
30.98,27.8535,1.6383450000000002,28.18118,1.96602,27.52582,1.31067
31.0,27.8535,0.982985,28.18118,1.31066,27.52582,0.65531
31.02,27.52582,0.655305,27.52582,0.6553,27.52582,0.65531
31.04,27.198135,0.6553,27.52582,0.6553,26.87045,0.6553
31.06,26.54278,0.32762000000000113,26.87046,0.6553,26.2151,-5.9999999997729e-05
31.08,26.2151,0.32761500000000116,26.87046,0.65529,25.55974,-5.9999999997729e-05
31.1,25.88742,-0.32773999999999887,26.2151,-5.9999999997729e-05,25.55974,-0.65542
31.12,26.215110000000003,-0.6554249999999999,25.55974,-0.65543,26.87048,-0.65542
31.14,30.147334999999998,-0.6554249999999999,30.80269,-0.65543,29.49198,-0.65542
31.16,29.16429,-0.32774500000000045,29.49197,-7.0000000000903e-05,28.83661,-0.65542
31.18,29.16429,-0.6554249999999999,29.49197,-0.65543,28.83661,-0.65542
31.2,28.508924999999998,-1.310785,28.8366,-1.31079,28.18125,-1.31078
31.22,28.50892,-1.638465,28.8366,-1.31079,28.18124,-1.96614
31.24,28.50892,-1.966145,28.8366,-1.96615,28.18124,-1.96614
31.26,28.50892,-1.966145,28.8366,-1.96615,28.18124,-1.96614
31.28,28.181244999999997,-1.96615,28.18124,-1.96615,28.18125,-1.96615
31.3,27.853565,-2.29383,28.18124,-1.96615,27.52589,-2.62151
31.32,27.525889999999997,-2.6215149999999996,28.18125,-2.62152,26.87053,-2.62151
31.34,27.19821,-2.62151,27.52589,-2.62151,26.87053,-2.62151
31.36,27.19821,-2.29383,27.52589,-1.96615,26.87053,-2.62151
31.38,26.542859999999997,-2.6215149999999996,26.87054,-2.62152,26.21518,-2.62151
31.4,25.887495,-2.949195,26.21517,-2.62152,25.55982,-3.27687
31.42,25.559820000000002,-2.949195,26.21518,-2.62152,24.90446,-3.27687
31.44,25.23214,-3.276875,25.55982,-3.27688,24.90446,-3.27687
31.46,24.904465000000002,-3.276875,25.55983,-3.27688,24.2491,-3.27687
31.48,25.55982,-3.27688,25.55982,-3.27688,25.55982,-3.27688
31.5,38.339505,-2.949205,34.73497,-2.62153,41.94404,-3.27688
31.52,42.27172,-2.94921,42.59941,-2.62154,41.94403,-3.27688
31.54,42.59939,-3.276885,42.59939,-3.27689,42.59939,-3.27688
31.56,43.254745,-3.27689,43.25475,-3.27689,43.25474,-3.27689
31.58,43.254735,-3.27689,43.25474,-3.27689,43.25473,-3.27689
31.6,43.25473,-3.6045749999999996,43.25473,-3.2769,43.25473,-3.93225
31.62,43.582409999999996,-3.93225,43.91009,-3.93225,43.25473,-3.93225
31.64,43.91009,-3.60458,43.91009,-3.2769,43.91009,-3.93226
31.66,44.23777,-4.25994,44.56545,-3.93226,43.91009,-4.58762
31.68,44.23777,-4.25994,44.56545,-3.93226,43.91009,-4.58762
31.7,44.23777,-4.259945,44.56545,-3.93227,43.91009,-4.58762
31.72,44.23777,-4.587625,44.56545,-4.58763,43.91009,-4.58762
31.74,44.23777,-4.587625,44.56545,-4.58763,43.91009,-4.58762
31.76,44.56545,-5.242985,44.56545,-5.24299,44.56545,-5.24298
31.78,44.89313,-4.915305,45.22081,-4.58763,44.56545,-5.24298
31.8,44.89314,-4.915305,45.22082,-4.58763,44.56546,-5.24298
31.82,43.254715000000004,-4.587625,44.56545,-4.58763,41.94398,-4.58762
31.84,42.27167,-4.587625,42.59935,-4.58763,41.94399,-4.58762
31.86,42.27167,-3.932265,42.59935,-3.93227,41.94399,-3.93226
31.88,42.27167,-4.259945,42.59935,-3.93227,41.94399,-4.58762
31.9,42.271675,-4.587625,42.59935,-4.58763,41.944,-4.58762
31.92,42.599355,-4.587625,42.59935,-4.58763,42.59936,-4.58762
31.94,42.27167,-4.587625,42.59935,-4.58763,41.94399,-4.58762
31.96,41.944,-4.91531,42.59936,-4.58763,41.28864,-5.24299
31.98,42.271675,-4.58763,42.59935,-4.58763,41.944,-4.58763
32.0,55.05138,-3.276905,49.15303,-3.27691,60.94973,-3.2769
32.02,64.88197,-2.293875,65.53733,-2.62156,64.22661,-1.96619
32.04,64.226605,-2.62155,64.22661,-2.62155,64.2266,-2.62155
32.06,65.864995,-2.62156,66.19268,-2.62156,65.53731,-2.62156
32.08,67.50338500000001,-3.2769250000000003,67.50339,-3.27693,67.50338,-3.27692
32.1,68.15873,-3.6046050000000003,68.15873,-3.27693,68.15873,-3.93228
32.12,68.48640499999999,-4.587645,68.81409,-4.58765,68.15872,-4.58764
32.14,69.14176,-3.9322850000000003,69.46944,-3.93229,68.81408,-3.93228
32.16,69.14175,-3.6046050000000003,69.46943,-3.27693,68.81407,-3.93228
32.18,69.46943,-3.93229,69.46943,-3.93229,69.46943,-3.93229
32.2,70.12479,-3.60461,70.12479,-3.93229,70.12479,-3.27693
32.22,68.15869,-3.27692,70.78015,-3.27693,65.53723,-3.27691
32.24,46.203875,-2.621525,50.46377,-2.62153,41.94398,-2.62152
32.26,42.271675,-1.96615,41.94399,-1.96615,42.59936,-1.96615
32.28,42.59935,-1.310795,43.25471,-1.3108,41.94399,-1.31079
32.3,42.59934,-1.3108,42.59934,-1.3108,42.59934,-1.3108
32.32,43.2547,-1.96617,43.2547,-1.96617,43.2547,-1.96617
32.34,43.58237,-1.966175,43.91005,-1.96618,43.25469,-1.96617
32.36,43.910055,-1.966165,43.91005,-1.96617,43.91006,-1.96616
32.38,44.565415,-2.2938549999999998,44.56542,-1.96618,44.56541,-2.62153
32.4,44.56542,-2.62154,44.56542,-2.62154,44.56542,-2.62154
32.42,44.23774,-1.966175,44.56542,-1.96618,43.91006,-1.96617
32.44,44.56542,-2.2938549999999998,44.56542,-1.96618,44.56542,-2.62153
32.46,44.566685,-2.62154,45.22077,-2.62154,43.9126,-2.62154
32.48,44.237735,-2.2938549999999998,44.56542,-2.62154,43.91005,-1.96617
32.5,44.56541,-1.96618,44.56541,-1.96618,44.56541,-1.96618
32.52,44.237735,-1.966175,44.56542,-1.96618,43.91005,-1.96617
32.54,43.910055,-1.966175,44.56542,-1.96618,43.25469,-1.96617
32.56,43.910055,-1.966175,43.91005,-1.96618,43.91006,-1.96617
32.58,43.582375,-1.966175,43.91006,-1.96618,43.25469,-1.96617
32.6,43.2547,-1.96617,43.91006,-1.96617,42.59934,-1.96617
32.62,42.927009999999996,-1.310815,43.25469,-1.31082,42.59933,-1.31081
32.64,47.186895,-0.655445,45.87615,-0.65546,48.49764,-0.65543
32.66,49.152995000000004,-8.49999999985585e-05,49.153,-9.0000000000146e-05,49.15299,-7.9999999996971e-05
32.68,49.808345,0.655285,49.80834,0.65528,49.80835,0.65529
32.7,50.4637,1.310645,50.4637,1.31064,50.4637,1.31065
32.72,50.791375,2.62137,51.11906,2.62137,50.46369,2.62137
32.74,50.79137,2.621375,51.11905,2.62137,50.46369,2.62138
32.76,52.42978,3.27673,51.11905,3.27673,53.74051,3.27673
32.78,71.763195,1.965975,68.81401,2.62134,74.71238,1.31061
32.8,73.40164,2.9490049999999997,74.05701,2.62131,72.74627,3.2767
32.82,73.07394500000001,3.604375,73.40163,3.27669,72.74626,3.93206
32.84,73.073935,4.25973,73.40162,4.58741,72.74625,3.93205
32.86,72.418565,4.915089999999999,72.74625,5.24276,72.09088,4.58742
32.88,71.763195,4.587415,72.09088,4.58741,71.43551,4.58742
32.9,69.797095,8.19192,72.09087,5.89813,67.50332,10.48571
32.92,65.209565,12.779495,65.53724,12.45181,64.88189,13.10718
32.94,65.537245,14.090205000000001,65.53725,13.76252,65.53724,14.41789
32.96,65.53723,14.090209999999999,65.53723,14.41789,65.53723,13.76253
32.98,66.19258500000001,13.434840000000001,66.19259,13.76252,66.19258,13.10716
33.0,66.52027,12.779475000000001,66.84795,13.10715,66.19259,12.4518
33.02,66.84794500000001,11.796425,67.50331,11.79642,66.19258,11.79643
33.04,67.175625,10.813375,67.5033,11.14105,66.84795,10.4857
33.06,67.17563,10.158014999999999,67.50331,10.48569,66.84795,9.83034
33.08,67.83099,9.502645000000001,68.15867,9.83032,67.50331,9.17497
33.1,68.15867,8.847280000000001,68.81403,9.17496,67.50331,8.5196
33.12,67.83099,7.86424,68.15867,7.86424,67.50331,7.86424
33.14,67.83099,7.208875,68.15867,7.20887,67.50331,7.20888
33.16,67.831,6.88119,68.15868,7.20887,67.50332,6.55351
33.18,67.831,6.22583,68.15868,6.55351,67.50332,5.89815
33.2,68.15869,5.8981449999999995,68.15869,5.89814,68.15869,5.89815
33.22,68.48637,6.5535049999999995,68.81405,6.5535,68.15869,6.55351
33.24,68.48637,6.553495,68.81405,6.55349,68.15869,6.5535
33.26,68.48637,6.22582,68.81405,6.5535,68.15869,5.89814
33.28,68.486375,6.225815,68.81405,6.55349,68.1587,5.89814
33.3,66.19259,5.242775,68.15869,5.24277,64.22649,5.24278
33.32,65.864885,4.91509,65.5372,5.24277,66.19257,4.58741
33.34,67.1756,4.259735,67.50328,4.58741,66.84792,3.93206
33.36,67.83096,3.932055,68.15864,4.58741,67.50328,3.2767
33.38,68.15863999999999,3.604375,68.814,3.93205,67.50328,3.2767
33.4,68.48631,4.25973,68.81399,3.93205,68.15863,4.58741
33.42,69.14168,5.242775,69.46936,5.24277,68.814,5.24278
33.44,69.797035,5.898135,70.12472,5.89813,69.46935,5.89814
33.46,70.124715,6.881175,70.12472,6.55349,70.12471,7.20886
33.48,70.452395,7.208855,70.78008,7.20885,70.12471,7.20886
33.5,70.45239,7.208855,70.78007,7.20885,70.12471,7.20886
33.52,70.45239,6.881175,70.78007,7.20885,70.12471,6.5535
33.54,69.79703,6.88118,70.12471,7.20886,69.46935,6.5535
33.56,70.124715,5.898135,70.12472,5.89813,70.12471,5.89814
33.58,70.4524,5.898135,70.78008,5.89813,70.12472,5.89814
33.6,70.4524,5.570455,70.78008,5.89813,70.12472,5.24278
33.62,70.4524,5.242775,70.78008,5.24277,70.12472,5.24278
33.64,70.452405,5.242775,70.78008,5.24277,70.12473,5.24278
33.66,70.452405,5.242775,70.78008,5.24277,70.12473,5.24278
33.68,70.452405,5.24278,70.78008,5.24278,70.12473,5.24278
33.7,70.452405,5.242775,70.78009,5.24277,70.12472,5.24278
33.72,71.10777,4.91509,71.43545,5.24277,70.78009,4.58741
33.74,71.10777,5.24277,71.43545,5.24277,70.78009,5.24277
33.76,71.10778,5.242765,71.43546,5.24276,70.7801,5.24277
33.78,70.78009,4.91509,71.43545,5.24277,70.12473,4.58741
33.8,70.452415,5.242765,70.7801,5.24276,70.12473,5.24277
33.82,70.45241,5.242765,70.78009,5.24276,70.12473,5.24277
33.84,70.124735,5.242765,70.7801,5.24276,69.46937,5.24277
33.86,69.79706,5.24277,70.12474,5.24276,69.46938,5.24278
33.88,69.1417,5.24277,69.46938,5.24277,68.81402,5.24277
33.9,69.1417,5.24276,69.46938,5.24276,68.81402,5.24276
33.92,69.14171,5.570444999999999,69.46939,5.89812,68.81403,5.24277
33.94,69.1417,5.242765,69.46938,5.24276,68.81402,5.24277
33.96,68.814025,5.242765,69.46939,5.24276,68.15866,5.24277
33.98,68.486345,5.242765,68.81402,5.24276,68.15867,5.24277
34.0,68.486345,5.570435,68.81402,5.89811,68.15867,5.24276
34.02,69.46938,5.242755,69.46938,5.24275,69.46938,5.24276
34.04,70.78009,4.587395,70.78009,4.58739,70.78009,4.5874
34.06,71.76312,4.915075,72.0908,5.24275,71.43544,4.5874
34.08,72.746155,4.587395,72.74616,4.58739,72.74615,4.5874
34.1,73.07383,4.259715,73.40151,4.58739,72.74615,3.93204
34.12,73.729195,4.25971,74.05687,4.58739,73.40152,3.93203
34.14,73.72919,4.25971,74.05687,4.58739,73.40151,3.93203
34.16,73.729195,4.259705,74.05687,4.58738,73.40152,3.93203
34.18,73.7292,3.9320250000000003,74.05688,3.93202,73.40152,3.93203
34.2,74.05688,4.58739,74.71224,4.58739,73.40152,4.58739
34.22,74.05687,4.259705,74.71223,4.58738,73.40151,3.93203
34.24,73.40151,4.259705,74.05687,4.58738,72.74615,3.93203
34.26,69.14162999999999,6.55349,69.46931,6.55349,68.81395,6.55349
34.28,69.79699,6.55349,70.12467,6.55349,69.46931,6.55349
34.3,69.79699,7.208845,70.12467,7.20884,69.46931,7.20885
34.32,69.796985,6.881165,70.12467,7.20884,69.4693,6.55349
34.34,69.79699,6.88117,70.12467,6.55349,69.46931,7.20885
34.36,69.46931,7.20885,69.46931,7.20884,69.46931,7.20886
34.38,69.469305,7.208855,70.12466,7.20885,68.81395,7.20886
34.4,69.141625,7.536535,69.4693,7.86421,68.81395,7.20886
34.42,68.48626,7.536545,68.81394,7.86422,68.15858,7.20887
34.44,68.48626,7.86422,68.81394,7.86422,68.15858,7.86422
34.46,68.15858,7.864225,68.81394,7.86422,67.50322,7.86423
34.48,67.8309,8.191905,68.15858,8.51958,67.50322,7.86423
34.5,67.503225,7.864225,68.15859,7.86422,66.84786,7.86423
34.52,67.17554,7.864224999999999,67.50322,8.51958,66.84786,7.20887
34.54,66.84786,7.864225,67.50322,7.86422,66.1925,7.86423
34.56,66.520185,7.536545,66.84786,7.86422,66.19251,7.20887
34.58,66.520185,7.864225,66.84786,7.86422,66.19251,7.86423
34.6,65.86482,7.864225,66.1925,7.86422,65.53714,7.86423
34.62,65.20946,7.208864999999999,65.53714,7.20886,64.88178,7.20887
34.64,65.209465,7.20886,65.53714,7.20886,64.88179,7.20886
34.66,65.20947,6.22582,65.53715,6.5535,64.88179,5.89814
34.68,65.20946,6.225815,65.53714,6.55349,64.88178,5.89814
34.7,65.864815,5.24277,65.53714,5.89813,66.19249,4.58741
34.72,66.847845,4.58741,66.84785,4.58741,66.84784,4.58741
34.74,67.17552,4.587405,67.5032,4.5874,66.84784,4.58741
34.76,66.84783,4.25973,67.50319,4.58741,66.19247,3.93205
34.78,66.84783,4.259735,67.50319,4.58741,66.19247,3.93206
34.8,67.17551,4.25973,67.50319,4.58741,66.84783,3.93205
34.82,67.17551,4.2597249999999995,67.50319,4.5874,66.84783,3.93205
34.84,66.84783,4.2597249999999995,66.84783,4.5874,66.84783,3.93205
34.86,66.52015,3.27669,66.84783,3.27669,66.19247,3.27669
34.88,66.52015,3.27669,66.84783,3.27669,66.19247,3.27669
34.9,65.86479,2.9490049999999997,66.19247,3.27668,65.53711,2.62133
34.92,65.53711,2.62133,66.19247,2.62133,64.88175,2.62133
34.94,65.86479,2.62132,66.19247,2.62132,65.53711,2.62132
34.96,65.86479,2.62132,66.19247,2.62132,65.53711,2.62132
34.98,65.8648,2.62132,66.19248,2.62132,65.53712,2.62132
35.0,66.19247,2.2936449999999997,66.19247,2.62132,66.19247,1.96597
35.02,66.52015,2.6213249999999997,66.84783,2.62132,66.19247,2.62133
35.04,65.86479,3.2766849999999996,66.19247,3.27668,65.53711,3.27669
35.06,65.537115,3.27669,66.19248,3.27668,64.88175,3.2767
35.08,65.20944,3.276695,65.53712,3.27669,64.88176,3.2767
35.1,65.20944,3.932045,65.53712,3.93204,64.88176,3.93205
35.12,65.20944,3.932055,65.53712,3.93205,64.88176,3.93206
35.14,64.554085,4.259735,64.88176,3.93205,64.22641,4.58742
35.16,64.22641,4.58742,64.88177,4.58742,63.57105,4.58742
35.18,64.22641,4.915095,64.22641,5.24277,64.22641,4.58742
35.2,63.898725,4.915095,64.2264,5.24277,63.57105,4.58742
35.22,63.89873,4.915095,64.22641,4.58741,63.57105,5.24278
35.24,63.89873,5.242785,64.22641,5.24278,63.57105,5.24279
35.26,63.243375,5.24278,63.57105,5.24278,62.9157,5.24278
35.28,63.24338,5.242785,63.57106,5.24278,62.9157,5.24279
35.3,63.24338,5.570455,63.57106,5.89813,62.9157,5.24278
35.32,63.57106,4.9151,63.57106,5.24278,63.57106,4.58742
35.34,64.55409,4.259735,64.22641,4.58741,64.88177,3.93206
35.36,65.864805,4.587415,66.19249,4.58741,65.53712,4.58742
35.38,66.52016,4.25974,66.84784,4.58741,66.19248,3.93207
35.4,66.520155,4.58742,66.84784,4.58741,66.19247,4.58743
35.42,66.52015,5.242785,66.84783,5.24278,66.19247,5.24279
35.44,65.537115,5.570475,66.19248,5.24279,64.88175,5.89816
35.46,62.587965,6.55352,62.91564,6.55352,62.26029,6.55352
35.48,62.91565,7.536575,63.57101,7.86425,62.26029,7.2089
35.5,62.58797,8.191925000000001,62.91565,8.5196,62.26029,7.86425
35.52,61.93261,7.536575,62.26029,7.86425,61.60493,7.2089
35.54,61.604925,7.536575,62.26028,7.86425,60.94957,7.2089
35.56,61.277245,6.88122,61.60493,7.2089,60.94956,6.55354
35.58,60.94957,6.22586,60.94957,6.55354,60.94957,5.89818
35.6,61.27725,5.89818,61.60493,5.89817,60.94957,5.89819
35.62,61.277255,5.5705,61.60493,5.89818,60.94958,5.24282
35.64,61.27725,4.915135,61.60493,5.24281,60.94957,4.58746
35.66,60.94957,4.587455,61.60493,4.58745,60.29421,4.58746
35.68,62.91567500000001,4.259775,60.94957,3.93209,64.88178,4.58746
35.7,65.86486,3.9321,66.84791,3.9321,64.88181,3.9321
35.72,64.88181,4.259774999999999,65.53717,4.58745,64.22645,3.9321
35.74,64.22645,3.9320950000000003,64.88181,3.93209,63.57109,3.9321
35.76,63.57109,3.27673,64.22645,3.27673,62.91573,3.27673
35.78,63.24342,3.2767350000000004,63.5711,3.27673,62.91574,3.27674
35.8,62.91574,3.6044150000000004,63.5711,3.93209,62.26038,3.27674
35.82,62.588065,3.93209,62.91575,3.93209,62.26038,3.93209
35.84,61.93271,3.9320950000000003,62.26039,3.93209,61.60503,3.9321
35.86,61.27734,3.6044150000000004,61.60502,3.93209,60.94966,3.27674
35.88,60.2943,3.93209,60.2943,3.93209,60.2943,3.93209
35.9,59.96662,3.9320950000000003,60.2943,3.93209,59.63894,3.9321
35.92,59.311265,4.587455,59.63894,4.58745,58.98359,4.58746
35.94,59.96663,4.58745,60.29431,4.58745,59.63895,4.58745
35.96,60.29432,4.25977,60.29432,4.58745,60.29432,3.93209
35.98,61.605035,3.93208,61.60503,3.93208,61.60504,3.93208
36.0,62.58807,3.6044,62.91575,3.93208,62.26039,3.27672
36.02,63.24342,3.27672,63.5711,3.27672,62.91574,3.27672
36.04,63.243415,3.27672,63.57109,3.27672,62.91574,3.27672
36.06,63.243415,3.6044,62.91573,3.27671,63.5711,3.93209
36.08,65.864915,6.225865,66.84795,6.55354,64.88188,5.89819
36.1,64.55419,6.225855,64.88187,6.55353,64.22651,5.89818
36.12,64.88186999999999,6.553535,65.53723,6.55353,64.22651,6.55354
36.14,64.554185,5.898175,64.88187,5.89817,64.2265,5.89818
36.16,64.554185,5.570495,64.88186,5.89817,64.22651,5.24282
36.18,64.226505,5.242815,64.88187,5.24281,63.57114,5.24282
36.2,63.57113,4.9151299999999996,64.22649,5.24281,62.91577,4.58745
36.22,62.915775,4.9151299999999996,63.57113,5.24281,62.26042,4.58745
36.24,63.24346,4.587445,63.57114,4.58744,62.91578,4.58745
36.26,63.243465,4.25976,63.57115,4.58744,62.91578,3.93208
36.28,63.57115,3.932085,63.57115,3.93208,63.57115,3.93209
36.3,63.243465,3.604405,63.57114,3.93208,62.91579,3.27673
36.32,63.243465,3.93209,63.57115,3.93209,62.91578,3.93209
36.34,62.91579,3.6044,63.57115,3.93208,62.26043,3.27672
36.36,62.58811,3.2767150000000003,62.91579,3.27671,62.26043,3.27672
36.38,62.588115,3.2767150000000003,62.91579,3.27671,62.26044,3.27672
36.4,62.58811,3.2767150000000003,62.91579,3.27671,62.26043,3.27672
36.42,61.93276,2.9490350000000003,62.26044,3.27671,61.60508,2.62136
36.44,61.60508,2.94903,62.26044,3.27671,60.94972,2.62135
36.46,61.2774,2.29367,61.60508,2.62135,60.94972,1.96599
36.48,64.22656,2.9490350000000003,62.26044,3.27671,66.19268,2.62136
36.5,67.503435,3.2767150000000003,68.1588,3.27672,66.84807,3.27671
36.52,66.84806,3.27671,66.84806,3.27671,66.84806,3.27671
36.54,67.17575,3.2767049999999998,67.50343,3.2767,66.84807,3.27671
36.56,67.175755,2.94902,67.50343,3.2767,66.84808,2.62134
36.58,67.50344,2.949015,67.50344,3.27669,67.50344,2.62134
36.6,68.486475,2.293655,68.15879,2.62133,68.81416,1.96598
36.62,70.124875,1.6382949999999998,70.12488,1.96597,70.12487,1.31062
36.64,71.435585,0.982925,71.43559,1.3106,71.43558,0.65525
36.66,71.763255,0.6552450000000001,72.09093,0.65524,71.43558,0.65525
36.68,72.09094,0.3275650000000004,72.09094,0.65524,72.09094,-0.0001099999999993
36.7,72.090935,0.6552450000000001,72.09093,0.65524,72.09094,0.65525
36.72,71.76326,0.3275649999999988,72.09094,-0.0001200000000025,71.43558,0.65525
36.74,71.763265,-0.00012499999999700002,72.09094,-0.0001299999999986,71.43559,-0.0001199999999954
36.76,72.090945,-0.00011999999999895,72.09094,-0.0001200000000025,72.09095,-0.0001199999999954
36.78,71.76326,-0.00012499999999700002,72.09094,-0.0001299999999986,71.43558,-0.0001199999999954
36.8,71.76327,-0.00012499999999700002,72.09095,-0.0001299999999986,71.43559,-0.0001199999999954
36.82,74.057065,0.3275550000000023,72.74632,0.65523,75.36781,-0.0001199999999954
36.84,75.04013499999999,0.655235,75.36782,0.65523,74.71245,0.65524
36.86,75.04013,0.3275550000000023,75.36781,0.65523,74.71245,-0.0001199999999954
36.88,75.36782,0.3275550000000023,75.36782,0.65523,75.36782,-0.0001199999999954
36.9,75.36780999999999,0.3275550000000023,76.02317,0.65523,74.71245,-0.0001199999999954
36.92,75.69549,-0.00012499999999700002,76.02317,-0.0001299999999986,75.36781,-0.0001199999999954
36.94,75.695495,-0.00012499999999700002,76.02317,-0.0001299999999986,75.36782,-0.0001199999999954
36.96,76.023175,0.655235,76.02317,0.65523,76.02318,0.65524
36.98,76.35086,0.65523,76.67854,0.65523,76.02318,0.65523
37.0,76.350865,0.65523,76.67854,0.65523,76.02319,0.65523
37.02,77.00623,0.655225,77.33391,0.65522,76.67855,0.65523
37.04,76.67855,0.655225,76.67855,0.65522,76.67855,0.65523
37.06,76.35087,0.65522,76.67855,0.65522,76.02319,0.65522
37.08,76.35087,-0.00014499999999625002,76.67855,-0.0001499999999978,76.02319,-0.0001399999999947
37.1,76.35087,-0.00014499999999625002,76.67855,-0.0001499999999978,76.02319,-0.0001399999999947
37.12,76.35087,-0.32782499999999887,76.67855,-0.0001499999999978,76.02319,-0.6555
37.14,75.695505,-0.32782499999999887,76.02318,-0.0001499999999978,75.36783,-0.6555
37.16,75.69551,-0.00014499999999625002,76.02319,-0.0001499999999978,75.36783,-0.0001399999999947
37.18,76.0232,-0.65551,76.67856,-0.65551,75.36784,-0.65551
37.2,75.69552,-0.32782499999999887,76.0232,-0.0001499999999978,75.36784,-0.6555
37.22,76.67855,-0.983195,76.67855,-0.65552,76.67855,-1.31087
37.24,77.333905,-1.638565,77.33391,-1.31089,77.3339,-1.96624
37.26,78.644615,-1.966245,78.64462,-1.96625,78.64461,-1.96624
37.28,79.95533,-2.2939249999999998,79.95533,-1.96625,79.95533,-2.6216
37.3,80.283005,-2.62161,80.61068,-2.62161,79.95533,-2.62161
37.32,80.283,-2.62161,80.61068,-2.62161,79.95532,-2.62161
37.34,80.61068,-2.94929,80.61068,-2.62161,80.61068,-3.27697
37.36,80.61069,-3.276975,81.26605,-3.27698,79.95533,-3.27697
37.38,80.610685,-3.276975,81.26605,-3.27698,79.95532,-3.27697
37.4,80.610685,-4.260015,80.61068,-3.93234,80.61069,-4.58769
37.42,80.93837,-3.93234,81.26605,-3.93234,80.61069,-3.93234
37.44,79.95532,-4.260025,80.61068,-3.93235,79.29996,-4.5877
37.46,80.283005,-4.5877,80.61069,-4.5877,79.95532,-4.5877
37.48,80.61068,-4.915385000000001,80.61068,-4.58771,80.61068,-5.24306
37.5,80.93836,-4.91539,81.26604,-5.24307,80.61068,-4.58771
37.52,80.938355,-5.2430699999999995,81.26604,-5.24308,80.61067,-5.24306
37.54,80.93836,-5.24307,81.26604,-5.24307,80.61068,-5.24307
37.56,81.59372,-4.5877099999999995,81.9214,-4.58772,81.26604,-4.5877
37.58,81.26604,-4.587705,81.26604,-4.58771,81.26604,-4.5877
37.6,81.26604,-4.587705,81.9214,-4.58771,80.61068,-4.5877
37.62,80.93836,-3.9323449999999998,81.26604,-3.93235,80.61068,-3.93234
37.64,80.93836,-3.276985,81.26604,-3.27699,80.61068,-3.27698
37.66,80.93836,-3.27698,81.26604,-3.27699,80.61068,-3.27697
37.68,80.93836,-3.276975,81.26604,-3.27698,80.61068,-3.27697
37.7,80.61068,-2.6216150000000003,81.26604,-2.62162,79.95532,-2.62161
37.72,80.283,-2.62161,80.61068,-2.62162,79.95532,-2.6216
37.74,79.95533,-1.9662549999999999,80.61069,-1.96626,79.29997,-1.96625
37.76,79.62765,-1.638565,79.95533,-1.96625,79.29997,-1.31088
37.78,79.29997,-1.310885,79.95533,-1.31089,78.64461,-1.31088
37.8,79.62892500000001,-1.310885,79.95533,-1.31089,79.30252,-1.31088
37.82,79.62765,-1.638565,79.95533,-1.31089,79.29997,-1.96624
37.84,80.93836,-1.638565,81.26604,-1.31089,80.61068,-1.96624
37.86,81.59371,-1.966245,81.92139,-1.96625,81.26603,-1.96624
37.88,81.26603,-1.966245,81.92139,-1.96625,80.61067,-1.96624
37.9,81.59371,-1.966245,81.92139,-1.96625,81.26603,-1.96624
37.92,81.59371,-1.966245,81.92139,-1.96625,81.26603,-1.96624
37.94,81.59371,-1.96624,81.92139,-1.96624,81.26603,-1.96624
37.96,80.93835,-1.966245,81.26603,-1.96625,80.61067,-1.96624
37.98,81.593715,-1.96625,81.9214,-1.96625,81.26603,-1.96625
38.0,80.93835,-1.9662549999999999,81.26603,-1.96626,80.61067,-1.96625
38.02,80.938345,-1.96625,81.26603,-1.96625,80.61066,-1.96625
38.04,81.921405,-1.9662549999999999,80.61067,-1.96626,83.23214,-1.96625
38.06,94.70111,-1.638565,93.71804,-1.31089,95.68418,-1.96624
38.08,93.718075,-1.310885,94.37344,-1.31089,93.06271,-1.31088
38.1,93.71807,-1.31089,93.71807,-1.31089,93.71807,-1.31089
38.12,94.045745,-1.310895,94.37343,-1.3109,93.71806,-1.31089
38.14,94.045745,-1.638575,94.37342,-1.3109,93.71807,-1.96625
38.16,93.39038,-1.638575,93.71806,-1.3109,93.0627,-1.96625
38.18,93.39038,-1.638575,93.71806,-1.3109,93.0627,-1.96625
38.2,93.39038,-1.310895,93.71806,-1.3109,93.0627,-1.31089
38.22,93.0627,-1.3109,93.0627,-1.3109,93.0627,-1.3109
38.24,93.0627,-1.63858,93.71806,-1.3109,92.40734,-1.96626
38.26,92.407345,-1.3109,93.0627,-1.3109,91.75199,-1.3109
38.28,92.07966,-1.3109,92.40734,-1.3109,91.75198,-1.3109
38.3,91.424295,-1.310895,91.75198,-1.3109,91.09661,-1.31089
38.32,90.76894,-1.63858,91.09662,-1.3109,90.44126,-1.96626
38.34,90.11358,-1.96626,90.44126,-1.96626,89.7859,-1.96626
38.36,89.7859,-1.966265,90.44126,-1.96627,89.13054,-1.96626
38.38,89.785905,-1.638575,90.44126,-1.3109,89.13055,-1.96625
38.4,90.441265,-1.966265,90.44127,-1.96627,90.44126,-1.96626
38.42,91.09662,-2.62163,91.09662,-2.62163,91.09662,-2.62163
38.44,92.73502,-2.62163,92.40734,-2.62164,93.0627,-2.62162
38.46,98.63334,-1.96625,98.30565,-1.96626,98.96103,-1.96624
38.48,98.63334,-1.966245,98.96103,-1.96625,98.30565,-1.96624
38.5,98.63334,-1.63857,98.96102,-1.31089,98.30566,-1.96625
38.52,99.288695,-1.96625,99.61637,-1.96625,98.96102,-1.96625
38.54,98.96102,-2.949295,98.96102,-2.62162,98.96102,-3.27697
38.56,99.616375,-3.93234,99.61637,-3.27698,99.61638,-4.5877
38.58,99.28869,-4.58771,99.61637,-3.93235,98.96101,-5.24307
38.6,99.944045,-6.226125,100.27173,-5.89844,99.61636,-6.55381
38.62,99.944045,-6.881485,100.27173,-6.55381,99.61636,-7.20916
38.64,106.17004,-6.226125,100.92709,-7.20918,111.41299,-5.24307
38.66,119.605155,-4.915385000000001,120.5882,-5.24306,118.62211,-4.58771
38.68,116.655995,-3.9323449999999998,116.656,-3.93235,116.65599,-3.93234
38.7,117.96672,-3.9323449999999998,117.96672,-3.93235,117.96672,-3.93234
38.72,118.29438999999999,-3.9323449999999998,118.62207,-3.93235,117.96671,-3.93234
38.74,117.966705,-3.9323449999999998,117.96671,-3.93235,117.9667,-3.93234
38.76,118.29438,-3.6046750000000003,118.62206,-3.93236,117.9667,-3.27699
38.78,118.29437,-3.93235,118.62205,-3.93235,117.96669,-3.93235
38.8,118.29437,-3.6046750000000003,118.62205,-3.277,117.96669,-3.93235
38.82,118.29437,-3.9323550000000003,118.62205,-3.93236,117.96669,-3.93235
38.84,118.29437,-3.6046750000000003,118.62205,-3.93236,117.96669,-3.27699
38.86,118.29437,-3.60468,118.62205,-3.277,117.96669,-3.93236
38.88,117.63901,-3.932365,117.96669,-3.93237,117.31133,-3.93236
38.9,117.63901,-3.932365,117.96669,-3.93237,117.31133,-3.93236
38.92,116.98365,-3.932365,117.31133,-3.93237,116.65597,-3.93236
38.94,116.98365,-3.93236,117.31133,-3.93236,116.65597,-3.93236
38.96,115.01755,-3.932365,116.65597,-3.93237,113.37913,-3.93236
38.98,113.37913,-4.260045,113.37913,-3.93237,113.37913,-4.58772
39.0,114.689845,-4.915405,114.68985,-4.58773,114.68984,-5.24308
39.02,115.017515,-5.5707699999999996,115.3452,-5.24309,114.68983,-5.89845
39.04,115.67287,-6.553815,116.00055,-5.89846,115.34519,-7.20917
39.06,116.000545,-7.864535,116.65591,-7.20918,115.34518,-8.51989
39.08,116.00054,-8.847574999999999,116.00054,-8.5199,116.00054,-9.17525
39.1,115.67286,-9.502935,116.00054,-9.17526,115.34518,-9.83061
39.12,115.67286,-10.1583,116.00054,-9.83062,115.34518,-10.48598
39.14,115.672865,-10.813665,116.00054,-10.48599,115.34519,-11.14134
39.16,115.67286,-11.469024999999998,116.00054,-11.79671,115.34518,-11.14134
39.18,116.00055,-12.12439,116.00055,-11.79671,116.00055,-12.45207
39.2,116.000545,-12.12439,116.00054,-11.79671,116.00055,-12.45207
39.22,116.32823,-13.107435,116.65591,-13.10744,116.00055,-13.10743
39.24,116.65591,-14.09048,116.65591,-13.7628,116.65591,-14.41816
39.26,117.63895,-15.073525,117.96663,-15.07353,117.31127,-15.07352
39.28,116.983585,-15.073525,117.96664,-15.07353,116.00053,-15.07352
39.3,81.921415,-13.76275,95.02877,-14.41813,68.81406,-13.10737
39.32,53.412940000000006,-9.17516,55.05134,-10.48589,51.77454,-7.86443
39.34,53.085285,-3.60459,53.08529,-4.58763,53.08528,-2.62155
39.36,53.085265,-0.00010499999999502574,53.08527,-0.65547,53.08526,0.65526000000001
39.38,54.0683,1.965975,54.39598,1.31061,53.74062,2.62134
39.4,54.068285,3.9320749999999998,54.39597,3.2767,53.7406,4.58745
39.42,53.740570000000005,6.225849999999999,54.39594,5.89816,53.0852,6.55354
39.44,53.412859999999995,8.191939999999999,53.74055,7.86426,53.08517,8.51962
39.46,53.414109999999994,8.847304999999999,53.74052,8.51962,53.0877,9.17499
39.48,52.757464999999996,10.158045000000001,53.08515,9.83036,52.42978,10.48573
39.5,52.42977,10.485735,52.42977,10.48573,52.42977,10.48574
39.52,52.102090000000004,10.48573,52.42977,10.48572,51.77441,10.48574
39.54,52.102095,10.158055000000001,52.42977,10.48573,51.77442,9.83038
39.56,52.102105,10.158055000000001,52.42978,10.48573,51.77443,9.83038
39.58,52.75748,9.502690000000001,53.08516,9.83037,52.4298,9.17501
39.6,54.39588,8.84732,54.39588,9.175,54.39588,8.51964
39.62,56.03429,8.51963,55.7066,8.51963,56.36198,8.51963
39.64,66.19257999999999,5.8981650000000005,63.57107,7.20889,68.81409,4.58744
39.66,66.520405,1.6382600000000012,68.15879,3.27667,64.88202,-0.0001499999999978
39.68,64.226725,-2.949315,64.88207,-1.96627,63.57138,-3.93236
39.7,64.22677999999999,-5.243095,64.22677,-5.2431,64.22679,-5.24309
39.72,67.17593,-4.26004,66.19289,-4.58773,68.15897,-3.93235
39.74,71.10810000000001,-2.9493,70.78042,-3.27699,71.43578,-2.62161
39.76,74.38487,-0.9832000000000001,74.0572,-1.31089,74.71254,-0.65551
39.78,76.35089500000001,-0.6555150000000001,76.02323,-0.65552,76.67856,-0.65551
39.8,77.661575,-0.3278299999999989,77.98926,-0.0001499999999978,77.33389,-0.65551
39.82,77.66155499999999,-0.32783500000000054,77.98924,-0.000160000000001,77.33387,-0.65551
39.84,78.316895,-0.32783500000000054,78.64458,-0.000160000000001,77.98921,-0.65551
39.86,78.31688,-0.0001549999999994,78.64456,-0.000160000000001,77.9892,-0.0001499999999978
39.88,78.644555,-0.00014999999999785,79.29992,-0.000160000000001,77.98919,-0.0001399999999947
39.9,53.08523,-0.9831499999999993,68.15868,-0.0001299999999986,38.01178,-1.96617
39.92,2.294255,-1.6384400000000001,9.83097,-1.96614,-5.24246,-1.31074
39.94,-5.897830000000001,-2.49999999972775e-05,-6.5532,-1.9999999999243e-05,-5.24246,-2.9999999995312e-05
39.96,-3.2763850000000003,0.65532,-3.27638,0.65532,-3.27639,0.65532
