t_s,x,y,x_left,y_left,x_right,y_right
0.0,0.0,0.0,0.25882119644609636,0.7547190445508472,0.25882038053923845,0.8363096982975409
0.02,0.3276850000000016,-0.65537,0.262742718846004,0.7520235933925274,0.2588204403769681,0.8333334771406533
0.04,0.65537,-0.655365,0.26274277868368706,0.7520235933925274,0.2627419658273906,0.8333335225534912
0.06,0.65538,-0.655365,0.26274283852137015,0.7520235933925274,0.2627420256651203,0.8333335225534912
0.08,1.5000000001208501e-05,-0.32768,0.2588212562837795,0.7520236345212205,0.25882050021469777,0.8363096982975409
0.1,-0.32765500000000036,-0.32767499999999844,0.2588213161214626,0.7520236345212205,0.2548990346020049,0.8363097437103787
0.12,-0.65533,5.000000001587e-06,0.25489985355923817,0.7547190445508472,0.2548990346020049,0.8363097437103787
0.14,-0.6553249999999999,-0.3276699999999984,0.2548999133969212,0.7520236756499136,0.2548990346020049,0.8363097437103787
0.16,-0.32764500000000074,-0.655355,0.25489985355923817,0.7520236345212205,0.25882061989015703,0.8333335679663291
0.18,3.50000000004515e-05,-0.65536,0.2588213759591457,0.7520236345212205,0.25882061989015703,0.8333335225534912
0.2,0.983075,-0.9830400000000001,0.2627429581967364,0.7493282244915939,0.26666361095327246,0.8333335225534912
0.22,1.31075,-1.31073,0.2666644207589608,0.7493281833629007,0.26666361095327246,0.8303573013966037
0.24,1.310745,-1.966095,0.2666644207589608,0.7466327733332742,0.26666355111554285,0.8273810802397161
0.26,1.966105,-2.29377,0.2705859431588684,0.7439373633036475,0.2705850765659653,0.8273811256525541
0.28,1.310735,-1.63841,0.2666643010835946,0.7466327733332742,0.26666355111554285,0.8303573013966037
0.3,0.983055,-1.63842,0.2666643010835946,0.746632732204581,0.2627420256651203,0.8303572559837658
0.32,0.9830650000000001,-1.96611,0.2666643609212777,0.746632691075888,0.26274208550284994,0.8273810348268784
0.34,0.655385,-2.62147,0.26274289835905323,0.7439372810462613,0.2627420256651203,0.8244048590828288
0.36,0.3276949999999996,-1.96611,0.26274277868368706,0.7439372810462613,0.25882050021469777,0.8303572105709278
0.38,0.3276900000000016,-1.310745,0.26274277868368706,0.7493281011055146,0.2588204403769681,0.8303572559837658
0.4,0.65536,-1.96611,0.262742718846004,0.746632691075888,0.262741905989661,0.8273810348268784
0.42,0.9830300000000001,-1.63843,0.2666641814082284,0.746632691075888,0.2627418461519313,0.8303572105709278
0.44,0.983025,-0.9830650000000001,0.2666641215705453,0.7493281011055146,0.2627418461519313,0.8333334317278154
0.46,0.65535,-0.327694999999998,0.26274265900832083,0.7520235522638343,0.2627418461519313,0.8363096528847029
0.48,0.65535,0.65535,0.26274265900832083,0.7574144134517807,0.2627418461519313,0.8392858286287526
0.5,0.65535,1.6384050000000001,0.26274265900832083,0.7601098646101004,0.2627418461519313,0.8452382709425276
0.52,0.3276699999999984,2.29377,0.26274265900832083,0.7628053157684201,0.2588203207015088,0.8482144466865772
0.54,-0.3276850000000016,3.27682,0.25882113660841327,0.7681961769563664,0.25489885508881593,0.8511906678434646
0.56,-0.65537,3.9321900000000003,0.2548996142085057,0.7681962180850596,0.2548987952510863,0.8571430647444017
0.58,-1.310735,4.259875,0.25097809180859815,0.7708916692433793,0.2509772099629341,0.8571430647444017
0.6,-0.983055,4.91523,0.2548995543708226,0.7735870381443128,0.25097726980066376,0.8601192404884513
0.62,-0.9830650000000001,5.5706,0.25097803197091506,0.7762824893026326,0.254898675575627,0.8630954616453389
0.64,-0.3277100000000012,5.570595,0.25489949453313954,0.7762824481739395,0.25882020102604947,0.8630954616453389
0.66,-3.50000000004515e-05,5.89828,0.25882101693304704,0.7789778993322592,0.25882014118831986,0.8630954616453389
0.68,-3.0000000002417e-05,6.881325,0.25882101693304704,0.7816733093618858,0.25882020102604947,0.8690478585462761
0.7,-3.0000000002417e-05,7.209015,0.25882101693304704,0.7843687605202057,0.25882020102604947,0.8690479039591139
0.72,-3.0000000002417e-05,7.209015,0.25882101693304704,0.7843687605202057,0.25882020102604947,0.8690479039591139
0.74,-2.00000000027955e-05,7.536695,0.25882101693304704,0.7843687605202057,0.2588203207015088,0.8720240797031635
0.76,-0.3276900000000016,8.192065,0.25882113660841327,0.7870642116785254,0.2548987952510863,0.875000300860051
0.78,-0.65537,8.192070000000001,0.2548996142085057,0.7870642528072184,0.2548987952510863,0.875000300860051
0.8,-0.65537,8.192074999999999,0.2548996142085057,0.7870642528072184,0.2548987952510863,0.8750003462728889
0.82,-0.98305,8.51975,0.2548996142085057,0.789759662836845,0.25097726980066376,0.875000300860051
0.84,-0.98305,8.519755,0.2548996142085057,0.789759662836845,0.25097726980066376,0.8750003462728889
0.86,-0.3277100000000012,7.86439,0.25489949453313954,0.7870642528072184,0.25882020102604947,0.8720241251160015
0.88,0.6553199999999999,6.55365,0.2627425393329546,0.781673350490579,0.2627416068010127,0.8660716828022265
0.9,0.655315,6.881315,0.2627424794952716,0.7816732682331928,0.2627416068010127,0.8690478131334382
0.92,0.32762999999999914,7.53669,0.26274241965758843,0.7843687605202057,0.2588200813505902,0.8720240342903257
0.94,-0.65542,8.19206,0.2548993150200902,0.7870642116785254,0.25489849606243803,0.8750002554472132
0.96,-1.31078,8.84742,0.2509777926201826,0.7897596217081521,0.2509769706120155,0.8779764311912627
0.98,-1.63845,8.84742,0.25097785245786575,0.7897596217081521,0.24705550499932263,0.8779764311912627
1.0,-1.96613,9.1751,0.24705633005795818,0.7924550317377786,0.24705550499932263,0.8779764311912627
1.02,-1.966125,9.502780000000001,0.24705633005795818,0.7924550317377786,0.24705556483705227,0.8809526069353123
1.04,-1.310765,10.15814,0.25097785245786575,0.7951504417674052,0.2509770902874748,0.8839287826793619
1.06,-1.31076,10.48582,0.25097791229554883,0.7978458517970318,0.2509770902874748,0.8839287826793619
1.08,-1.31076,10.158135000000001,0.25097791229554883,0.7951504417674052,0.2509770902874748,0.8839287372665242
1.1,-0.3277150000000012,9.830455,0.2548994346954564,0.7951504006387122,0.25882020102604947,0.8809526069353123
1.12,-3.50000000004515e-05,8.51972,0.25882101693304704,0.7897595394507658,0.25882014118831986,0.8750001646215374
1.14,0.655315,7.86435,0.2627424794952716,0.7870640882924461,0.2627416068010127,0.8720239434646498
1.16,0.65531,8.192029999999999,0.26274241965758843,0.7870640882924461,0.2627416068010127,0.8750001192086995
1.18,0.655295,7.20898,0.2627423598199053,0.7843686371341264,0.26274148712555345,0.8690477223077624
1.2,10.48578,7.864330000000001,0.28235003165712624,0.7843685960054333,0.360780580789791,0.8750000283830237
1.22,23.265439999999998,9.50274,0.3999970200833814,0.7924548672230063,0.39607466886997167,0.8809524252839608
1.24,22.28238,10.158100000000001,0.39215379577051696,0.795150277252633,0.3921530835818195,0.8839286010280104
1.26,23.5931,9.502735000000001,0.3999968405703321,0.7924548672230063,0.3999961344826646,0.880952379871123
1.28,23.92078,8.519684999999999,0.3999968405703321,0.7897593749359935,0.4039176599330871,0.8750000283830237
1.3,24.576140000000002,8.847355,0.40391836297023964,0.7897593749359935,0.40783918538350955,0.8779761133013975
1.32,24.90382,8.19199,0.40783988537014726,0.7870639237776738,0.40783918538350955,0.8749999375573478
1.34,24.576140000000002,8.519665,0.40783988537014726,0.7897592926786073,0.4039176599330871,0.8749999375573478
1.36,23.92078,8.51967,0.40391836297023964,0.7897593338073003,0.3999961344826646,0.8749999375573478
1.38,22.61006,8.519665,0.3960753181704245,0.7897592926786073,0.3921530835818195,0.8749999375573478
1.4,21.62702,8.51967,0.3882322733706094,0.7897593338073003,0.3882315581313969,0.8749999375573478
1.42,27.19765,8.847335000000001,0.4117616471207872,0.7897592515499143,0.43136893646334123,0.8779760678885595
1.44,27.525355,10.158065,0.4274480957465161,0.7951501127378606,0.41960430027434403,0.8839284647894967
1.46,26.21462,9.502704999999999,0.4156834088714272,0.7951501538665536,0.4156827149861918,0.8779760678885595
1.48,26.21462,8.519655,0.4156834088714272,0.7897592926786073,0.4156827149861918,0.8749998467316722
1.5,26.54229,7.864275,0.4156833490337441,0.7870638003915946,0.41960418059888466,0.8720235801619467
1.52,26.86997,7.53659,0.41960487143365166,0.7843683492332748,0.41960418059888466,0.8720235801619467
1.54,26.86997,7.5365850000000005,0.41960487143365166,0.7843683081045817,0.41960418059888466,0.8720235801619467
1.56,26.542279999999998,7.86426,0.4196048115959685,0.7870637181342084,0.41568259531073254,0.8720235347491089
1.58,26.214599999999997,8.519625,0.4196048115959685,0.7897591281638351,0.41176106986031,0.8749997559059963
1.6,25.88692,7.86426,0.41568328919606096,0.7870637181342084,0.41176106986031,0.8720235347491089
1.62,26.214605,8.19193,0.4078402443962458,0.7870636770055153,0.4235257060493072,0.8749996650803206
1.64,38.994335,10.813375,0.47450702275992096,0.7978453171240218,0.5098008815773033,0.886904413469357
1.66,41.288125,11.14105,0.5098013825736032,0.8005407271536485,0.5019575314878101,0.8869043680565191
1.68,40.960425,11.14105,0.5019580984230556,0.8005407271536485,0.5058790569382327,0.8869043680565191
1.7,41.943455,9.83032,0.5098011432228707,0.7951498659657021,0.5098004627131958,0.8809519711555819
1.72,41.943455,9.83031,0.5098011432228707,0.795149824837009,0.5098004627131958,0.880951925742744
1.74,42.598815,9.17495,0.5137226057850952,0.7924544148073824,0.513722048001348,0.8779757499986943
1.76,42.598805,8.847275,0.5137226057850952,0.7897590047777557,0.5137219283258887,0.8779757954115323
1.78,42.5988,9.83032,0.5137225459474121,0.7951498659657021,0.5137219283258887,0.8809519711555819
1.8,42.5988,9.50264,0.5137225459474121,0.7924544559360756,0.5137219283258887,0.8809519711555819
1.82,42.5988,9.17497,0.5137225459474121,0.7924544970647686,0.5137219283258887,0.8779758408243702
1.84,42.27111,9.50265,0.513722486109729,0.7951499070943953,0.5098003430377365,0.8779758408243702
1.86,42.271105000000006,9.17497,0.513722486109729,0.7924544970647686,0.5098002832000069,0.8779758408243702
1.88,42.59878,8.51961,0.5137224262720459,0.789759087035142,0.5137218086504294,0.8749996650803206
1.9,42.271100000000004,8.519615,0.5137224262720459,0.789759087035142,0.5098002832000069,0.8749997104931585
1.92,42.271100000000004,8.519615,0.5137224262720459,0.789759087035142,0.5098002832000069,0.8749997104931585
1.94,42.27111,8.519615,0.5098009637098214,0.789759087035142,0.513721868488159,0.8749997104931585
1.96,42.271115,7.53657,0.513722486109729,0.7843682669758887,0.5098004028754661,0.8720234893362709
1.98,42.271119999999996,6.881205,0.5137225459474121,0.7843682669758887,0.5098004028754661,0.8660710924353338
2.0,41.94344,4.587425,0.5098010235475046,0.7762819546296227,0.5098004028754661,0.8541662986334596
2.02,41.94345,1.3106050000000022,0.5098010235475046,0.7655002322537299,0.5098005225509255,0.8363091533434862
2.04,41.615790000000004,-5.898415,0.5098011432228707,0.7412413363436247,0.5058791167759623,0.797618550780976
2.06,41.288165,-21.299500000000002,0.5058799200113787,0.687332683335468,0.5058794758023402,0.7172611699119059
2.08,41.61592,-39.649685,0.5058802790374773,0.6145561601199246,0.5098015397923296,0.6309516192060882
2.1,42.59936,-91.751065,0.51372481977937,0.45283085915454385,0.5137263563178829,0.33630863109585035
2.12,45.54927,-154.01067999999998,0.5333372187935562,0.16442005293591838,0.5294171254624859,0.08928440947756841
2.14,43.58377,-178.25903499999998,0.5176549588056446,0.03503987796952255,0.5215771861235826,0.01190406719646793
2.16,39.324275,-183.82947000000001,0.4980496804757479,0.0,0.49020677765209186,0.0
2.18,39.979675,-181.53571,0.4902075332411792,2.879008516445224e-07,0.5058924605896745,0.020832912318482003
2.2,45.877385000000004,-164.49644999999998,0.5254991405214388,0.0458216826028014,0.541181941164672,0.12499879088319116
2.22,41.61676,-128.12374,0.5215727712691998,0.18598366220247609,0.49411908809214816,0.30059452216725496
2.24,36.045535,-80.28213,0.4862747015191651,0.3719683937509722,0.46274329422498894,0.5297614622570498
2.26,37.68357,-42.92648,0.4745073817860196,0.5579524261116859,0.4941138822096685,0.6636897340419855
2.28,42.926375,-29.81926,0.5098005448460396,0.6091652166745922,0.5215642013362483,0.7261896063183789
2.3,43.581644999999995,-13.435134999999999,0.5254859762311558,0.6927235033947212,0.5137207315712956,0.7827374449965384
2.32,39.97713,-11.46905,0.5019566623186611,0.7035052257706139,0.49411286496826445,0.7886897510717997
2.34,37.028014999999996,-6.553834999999999,0.48234899048144025,0.7223731371066935,0.4784268828420336,0.8124992478498724
2.36,33.75122,-5.570785,0.46666296071949304,0.7277639982946399,0.4548977301394985,0.8154754690067599
2.38,30.802120000000002,-5.24309,0.44705546839532145,0.7331549006112794,0.4392117480132677,0.8124993386755482
2.4,29.491395,-7.20919,0.43921236375782324,0.7250685882650132,0.4313686971124226,0.8035707206177236
2.42,26.542275,-7.86455,0.4196048115959685,0.7223731782353866,0.4156825354730029,0.800594544873674
2.44,24.576185000000002,-7.53686,0.40784018455856275,0.7196777682057599,0.4039178992840056,0.806546987187449
2.46,23.92081,-8.8476,0.3999970200833814,0.7250686705223994,0.403917839446276,0.788689660246124
2.48,24.903815,-8.84763,0.40783994520783035,0.7115912502160284,0.4078390657080503,0.8035706752048857
2.5,23.920769999999997,-4.58772,0.40391830313255656,0.7331549006112794,0.3999960746449349,0.8184517809893231
2.52,23.593075,-2.949305,0.3999966610572828,0.7412412129575454,0.3999960148072052,0.8244041778902603
2.54,23.92076,-1.310885,0.39999672089496585,0.7466321152741848,0.40391754025762777,0.833332795948085
2.56,24.24844,0.655220000000001,0.4039182432948734,0.754718427620451,0.40391754025762777,0.8422614594187474
2.58,23.59308,2.2936449999999997,0.39999672089496585,0.7628047810954101,0.3999960148072052,0.8482139017325224
2.6,23.265405,3.2767049999999998,0.39999672089496585,0.765500273382423,0.39607454919451235,0.8541663440462975
2.62,20.971635,4.91512,0.3882321536952432,0.773586585728689,0.380388327717363,0.8601187409472345
2.64,-0.9831399999999997,0.9829699999999996,0.3019581223581289,0.7628049867388755,0.20391764796554113,0.8363093804076757
2.66,-17.695140000000002,2.94913,0.14901599622831116,0.7601097823527143,0.15685826548133708,0.8571431101572397
2.68,-13.762905,7.209055,0.17646713172912895,0.7789781049757246,0.17646631159755727,0.8750004370985647
2.7,-14.090585,8.847475,0.17254560932922136,0.7897598273516173,0.17646631159755727,0.8779767036682902
2.72,-13.762885,9.502845,0.17646725140449515,0.7951506885395637,0.1764664312730166,0.877976749081128
2.74,-13.435189999999999,8.19212,0.17646731124217824,0.7897598684803104,0.1803880763988984,0.8720243521801909
2.76,-13.107495,5.898325,0.180388953317452,0.7816735150053512,0.18038813623662805,0.8601194675526409
2.78,-13.762834999999999,3.9322299999999997,0.17646755059291067,0.7735872026590852,0.17646673046166483,0.8511908949076541
2.8,-13.76283,1.966135,0.17646761043059375,0.7628054802831924,0.17646673046166483,0.845238498006717
2.82,-14.74587,1.966135,0.17254608803068622,0.7628054802831924,0.16862367956081978,0.845238498006717
2.84,-16.056595,2.621505,0.1647030432308711,0.7655009314415122,0.16078056882224506,0.8482147191636045
2.86,-16.711975000000002,2.62152,0.1607814011555973,0.7628055625405786,0.15685892369636323,0.85119098573333
2.88,-15.073554999999999,6.22604,0.16470292355550487,0.7735873260451643,0.17254526484897195,0.8720244430058667
2.9,-14.418175,9.830555,0.17254620770605242,0.7924554018960164,0.17254526484897195,0.8839292368077408
2.92,-14.090515,10.158245,0.17254608803068622,0.7978463042126558,0.17646667062393517,0.8809530610636912
2.94,-12.779815,9.175175,0.18038901315513511,0.7924553607673233,0.18430960184932094,0.877976749081128
2.96,-12.452155,8.192115,0.18431041587967648,0.7897598684803104,0.18430948217386162,0.872024306767353
2.98,-11.796795,6.55368,0.18823193827958404,0.7816735150053512,0.18823100762428416,0.8660717736279022
3.0,-11.141435,5.57062,0.1921534008418085,0.7762825715600188,0.19215259291243633,0.8630955524710148
3.02,-11.14143,6.5536650000000005,0.1921534606794916,0.7789779815896454,0.19215259291243633,0.8690479493719518
3.04,-10.813735000000001,6.55367,0.1921535205171747,0.7816734327479652,0.19607423803831817,0.8660717736279022
3.06,-10.48604,6.553675,0.1960751625924485,0.7816734327479652,0.1960742978760478,0.86607181904074
3.08,-10.486025,7.864415000000001,0.1960752224301316,0.7843689250349779,0.19607441755150712,0.8750004370985647
3.1,-9.83066,7.536745,0.19607528226781465,0.784368966163671,0.20391746845235217,0.872024306767353
3.12,-9.175305,7.86443,0.2039183270676298,0.7870644173219907,0.20391740861462254,0.872024306767353
3.14,-9.175315,7.86443,0.2039182672299467,0.7870644173219907,0.20391734877689285,0.872024306767353
3.16,-9.17533,7.53674,0.2039181475545805,0.784368966163671,0.2039172889391632,0.872024261354515
3.18,-9.175345,7.53673,0.2039180877168974,0.7843689250349779,0.2039171692637039,0.8720242159416771
3.2,-9.175345,7.20904,0.2039180877168974,0.7843688839062848,0.2039171692637039,0.8690479947847897
3.22,-9.503029999999999,7.536715,0.1999965054793067,0.7843688427775918,0.2039171692637039,0.8720241705288393
3.24,-9.83071,8.19208,0.1999965054793067,0.7870642939359115,0.19999564381328142,0.8750003462728889
3.26,-9.830705,8.192070000000001,0.19999656531698984,0.7870642528072184,0.19999564381328142,0.875000300860051
3.28,-9.830705,8.192074999999999,0.1999965054793067,0.7870642939359115,0.19999570365101102,0.875000300860051
3.3,-10.48604,8.19206,0.19607504291708225,0.7870642528072184,0.19607441755150712,0.8750002100343753
3.32,-8.519784999999999,8.519705,0.19999758255760258,0.7897594983220727,0.21568312188275346,0.8750000737958615
3.34,-8.847465,9.17507,0.207840806870467,0.7924548672230063,0.2039183660182969,0.877976340365587
3.36,-8.192105,8.519715,0.207840806870467,0.7897595394507658,0.211761416919142,0.8750001192086995
3.38,-8.51979,8.5197,0.20784074703278393,0.7897594571933797,0.20783989146871945,0.8750000737958615
3.4,-8.847470000000001,7.86434,0.20784074703278393,0.787064047163753,0.2039183660182969,0.8720238980518119
3.42,-9.502825000000001,6.88129,0.2039192844705595,0.7843685960054333,0.1999968405678744,0.8660715011508748
3.44,-10.48586,6.22593,0.19607623967074433,0.7816731859758066,0.19607537495518151,0.8630953254068252
3.46,-11.468889999999998,5.24288,0.1921547771085199,0.7762823247878603,0.18823238389206615,0.8601191042499378
3.48,-12.779599999999999,4.58752,0.18431179214638785,0.7735869147582337,0.18038939282895072,0.8571429285058881
3.5,-13.434944999999999,3.932155,0.1803903295841634,0.7708914635999139,0.1764679870539875,0.8541667527618385
3.52,-14.090305,3.276795,0.17646880718425584,0.7681960535702873,0.172546461603565,0.8511905770177889
3.54,-15.07334,2.62143,0.1686258222221238,0.7655006435406606,0.16862493615314245,0.8482143558609014
3.56,-10.813435,1.96605,0.18039056893489583,0.7628051512536478,0.20784078903466421,0.8452380892911759
3.58,-8.84732,1.96605,0.2078417044357136,0.7628051512536478,0.20391920374651204,0.8452380892911759
3.6,-9.83037,1.96605,0.19999853996053224,0.7628051512536478,0.1999976782960895,0.8452380892911759
3.62,-9.17501,0.6553249999999999,0.20392006236043983,0.7574143311943945,0.20391920374651204,0.8392856923902389
3.64,-9.17501,-0.655395,0.20392006236043983,0.7520235111351412,0.20391920374651204,0.8333333409021397
3.66,-8.51965,-0.6554,0.2078415847603474,0.7520234700064482,0.20784072919693458,0.8333333409021397
3.68,-8.519645,-1.310765,0.20784164459803048,0.7493280188481285,0.20784072919693458,0.8303571651580901
3.7,-8.519645,-1.31077,0.2078415847603474,0.7493280188481285,0.20784078903466421,0.8303571197452522
3.72,-6.553545000000001,-1.966135,0.2039201221981229,0.7466326088185018,0.23529164670081085,0.8273808985883646
3.74,16.05659,-0.6554599999999997,0.33725302071095903,0.7493278543333561,0.3725464735711109,0.836309198756324
3.76,17.695,0.32758000000000037,0.3686255589363182,0.7547185921352233,0.36078165786892474,0.8392854653260494
3.78,18.022669999999998,0.65528,0.36470391686104436,0.7574141255509291,0.36862470876976977,0.8392855107388874
3.8,18.022660000000002,0.655275,0.3647038570233613,0.7574140844222361,0.36862464893204017,0.8392855107388874
3.82,19.00569,-0.65545,0.3725468419854933,0.7520232643629828,0.372546114544733,0.8333331138379502
3.84,19.98872,-0.32777999999999813,0.37646830454771774,0.7520232232342897,0.3803891056078484,0.8363092441691619
3.86,20.64407,-0.0001099999999993,0.3803897671099422,0.7547185921352233,0.3843105712205413,0.836309198756324
3.88,21.29943,-0.32778999999999964,0.3843112895098497,0.7520231821055966,0.3882320966709638,0.836309198756324
3.9,21.62711,-0.00011499999999735,0.38823281190975734,0.7547185510065303,0.3882320966709638,0.836309198756324
3.92,21.95479,0.32757000000000036,0.3921543343096649,0.7547185921352233,0.3882320966709638,0.8392853745003737
3.94,22.28247,1.310615,0.3921543343096649,0.7574140021648499,0.3921536221213863,0.8452377714013107
3.96,22.28247,1.638305,0.3921543343096649,0.7601094533231696,0.3921536221213863,0.8452378168141487
3.98,22.28247,1.9659849999999999,0.3921543343096649,0.7628048633527963,0.3921536221213863,0.8452378168141487
4.0,22.610145,1.31062,0.3921543343096649,0.7601094533231696,0.39607508773407923,0.8422615956572611
4.02,22.93781,0.65526,0.39607573703420623,0.757414043293543,0.3960750278963496,0.8392854199132115
4.04,29.81917,0.32756000000000235,0.4156834687091103,0.7547185510065303,0.4588202728313251,0.8392853290875357
4.06,37.355940000000004,1.63827,0.48235054626120094,0.7601093299370903,0.48234978456023814,0.845237635162797
4.08,36.700565,2.94901,0.47842884434824406,0.7655002322537299,0.4784282591098156,0.851190077476572
4.1,36.70057,2.94901,0.4784289041859272,0.7655002322537299,0.4784282591098156,0.851190077476572
4.12,37.02825,3.60437,0.4784289041859272,0.7681956422833565,0.48234978456023814,0.8541662532206217
4.14,36.700575,3.604375,0.4784289041859272,0.7681956422833565,0.4784283189475453,0.8541662986334596
4.16,36.70058,3.932055,0.4784289640236103,0.7708910523129832,0.4784283189475453,0.8541662986334596
4.18,36.70058,4.259745000000001,0.4784289640236103,0.7708910934416763,0.4784283189475453,0.8571425197903472
4.2,36.70058,4.259745,0.4784289640236103,0.7735865034713029,0.4784283189475453,0.8541663440462975
4.22,36.70058,3.276695,0.4784289640236103,0.7681956834120496,0.4784283189475453,0.851190077476572
4.24,36.70058,3.276695,0.4784289640236103,0.7681956834120496,0.4784283189475453,0.851190077476572
4.26,41.615845,3.604365,0.4901936508986991,0.7681956422833565,0.5254872825676418,0.8541662078077839
4.28,46.203455,4.587405,0.5372528172628365,0.77089101118429,0.5333305129816758,0.8601186047087209
4.3,45.54808,5.24277,0.5294095929499719,0.7762818723722364,0.5333305129816758,0.8601186047087209
4.32,46.53113,5.242765,0.5372526975874702,0.7762818723722364,0.537252098269828,0.8601185592958831
4.34,1.9666500000000013,5.570444999999999,0.5411742199873778,0.7762818312435433,3.111561941873332e-06,0.8630947804527705
4.36,47.51417,5.898125,0.5411742199873778,0.77897724127317,0.545095149170673,0.8630947804527705
4.38,47.841854999999995,5.89812,0.5450957423872854,0.77897724127317,0.5450952090084026,0.8630947350399327
4.4,48.16954,5.898115,0.5450958022249685,0.7789772001444769,0.5490167344588252,0.8630947350399327
4.42,48.497215,5.570435,0.5490173246248761,0.7762818312435433,0.5490166746210956,0.8630946896270948
4.44,48.824889999999996,5.57043,0.5490172647871929,0.7762817901148502,0.5529382000715181,0.8630946896270948
4.46,58.32776,7.2088149999999995,0.5843114450878258,0.7816725279167174,0.6313700255100209,0.8720231714464057
4.48,64.2261,9.174904999999999,0.6470568805646426,0.7897587991342904,0.6392131960863252,0.8809517440913925
4.5,63.24305,9.83027,0.6352921936895538,0.7951496603222368,0.6392131960863252,0.8809517440913925
4.52,63.89841,9.502590000000001,0.6431352384893689,0.7924542502926102,0.6392131960863252,0.8809517440913925
4.54,63.57073,9.502590000000001,0.6392137160894614,0.7924542502926102,0.6392131960863252,0.8809517440913925
4.56,64.226095,9.830265,0.6431352983270521,0.7924542091639171,0.6431347215367478,0.8839279198354422
4.58,64.2261,9.83026,0.6431352983270521,0.7951496191935438,0.6431347813744774,0.8809516986785546
4.6,64.88145,9.502569999999999,0.6470567608892765,0.792454168035224,0.6470562469871703,0.8809516532657167
4.62,65.5368,9.83025,0.650978223451501,0.7951495780648506,0.6509777125998631,0.8809516532657167
4.64,65.5368,9.830245,0.650978223451501,0.7951495369361575,0.6509777125998631,0.8809516532657167
4.66,65.536795,9.830245,0.650978223451501,0.7951495369361575,0.6509776527621335,0.8809516532657167
4.68,66.19215,9.83024,0.6548996860137254,0.7951495369361575,0.654899178212556,0.8809516078528787
4.7,66.19214,9.502559999999999,0.6548996261760424,0.7924541269065308,0.6548991183748264,0.8809516078528787
4.72,66.19213,9.83024,0.6548995663383592,0.7951495369361575,0.6548990585370967,0.8809516078528787
4.74,66.192125,9.83024,0.6548995663383592,0.7951495369361575,0.6548989986993671,0.8809516078528787
4.76,77.66109,11.79631,0.6941152092012166,0.8005403158667177,0.7529386907409011,0.8928562654162393
4.78,85.52555000000001,13.107015,0.776468675541353,0.805931094797278,0.7647034466053577,0.8988085260786628
4.8,84.2148,13.434705000000001,0.7607822867533072,0.8086265048269046,0.7647033867676281,0.8988086169043386
4.82,85.19784,12.779340000000001,0.7686253315531223,0.805931094797278,0.7686249122180506,0.8958323957474511
4.84,85.197835,13.10702,0.7686252717154392,0.805931094797278,0.7686249122180506,0.8988085714915007
4.86,85.8532,13.762395,0.7725468539530298,0.8086265459555977,0.7725464376684731,0.901784838061226
4.88,85.853195,15.400805,0.7725468539530298,0.8167128171731706,0.7725463778307434,0.9077372349621632
4.9,85.853195,16.383854999999997,0.7725468539530298,0.822103678361117,0.7725463778307434,0.9107134561190506
4.92,85.8532,16.71154,0.7725468539530298,0.8221037194898101,0.7725464376684731,0.9136896318631003
4.94,85.853195,17.69459,0.7725467941153468,0.8274945806777565,0.7725464376684731,0.9166658530199878
4.96,85.19784,18.349955,0.7686253315531223,0.8301899907073831,0.7686249122180506,0.9196420741768754
4.98,85.19784,19.00532,0.7686253315531223,0.8328854418657029,0.7686249122180506,0.922618249920925
5.0,86.18089499999999,19.66068,0.7686253315531223,0.8328854418657029,0.7803896680825072,0.928570601409024
5.02,91.751565,22.282145,0.8078412736043952,0.8436671642415956,0.8078409446127613,0.9404754406237362
5.04,91.423865,22.937514999999998,0.807841213766712,0.8490580254295419,0.8039192396491499,0.9404754860365742
5.06,91.42386,23.265195,0.8078411539290291,0.849058066558235,0.8039192396491499,0.9434516163677859
5.08,91.09618,22.609835,0.8039196315291215,0.8463626565286084,0.8039192396491499,0.9404754406237362
5.1,91.096175,22.28216,0.8039195716914384,0.8463626565286084,0.8039192396491499,0.9374993102925245
5.12,90.44082,21.626795,0.7999981091292139,0.8436672464989817,0.7999977141987272,0.934523089135637
5.14,90.440815,20.971435,0.7999980492915308,0.840971795340662,0.7999977141987272,0.9315469588044253
5.16,90.113135,20.971445000000003,0.7999980492915308,0.840971836469355,0.7960761887483049,0.9315470042172632
5.18,90.11314,21.29948,0.7999981091292139,0.8409747566065637,0.7960761887483049,0.9345231799613128
5.2,90.44082,20.97145,0.7999981091292139,0.8409718775980481,0.7999977141987272,0.9315470042172632
5.22,90.44083,20.97145,0.799998168966897,0.8409718775980481,0.7999977740364571,0.9315470042172632
5.24,90.11315,20.971455,0.7960766465669895,0.8409718775980481,0.7999977740364571,0.9315470496301012
5.26,89.457795,21.29914,0.7921551241670819,0.8409719187267413,0.7960763084237642,0.9345232253741508
5.28,90.11316,21.95451,0.79999822880458,0.843667369885061,0.7960763084237642,0.9374994465310382
5.3,89.78549,21.954504999999997,0.7960767662423556,0.843667328756368,0.7960763682614937,0.9374994465310382
5.32,89.78549,21.954515,0.7960767662423556,0.843667369885061,0.7960763682614937,0.937499491943876
5.34,89.45782,22.2822,0.7921553036801311,0.8463628210433807,0.7960764280992234,0.937499491943876
5.36,89.45782,22.282204999999998,0.7921553036801311,0.8463628621720737,0.7960764280992234,0.937499491943876
5.38,89.13015,22.28221,0.7921553635178142,0.8463628621720737,0.7921549624865305,0.937499537356714
5.4,89.78551,21.95453,0.7960768859177217,0.8436674521424471,0.7960764879369531,0.937499537356714
5.42,89.78551,21.62684,0.7960768859177217,0.843667411013754,0.7960764879369531,0.9345233161998265
5.44,90.44086,21.62684,0.7999983484799462,0.843667411013754,0.799997953549646,0.9345233161998265
5.46,90.44085,21.62683,0.7999982886422631,0.843667369885061,0.7999978937119162,0.9345232707869886
5.48,90.44085,21.29915,0.7999982886422631,0.8409719598554344,0.7999978937119162,0.9345232707869886
5.5,90.44084,21.62683,0.79999822880458,0.843667369885061,0.7999978338741865,0.9345232707869886
5.52,90.44084,21.62682,0.79999822880458,0.843667328756368,0.7999978338741865,0.9345232253741508
5.54,93.06233,22.282185,0.8078413932797613,0.843667328756368,0.823527465278559,0.9404756222750877
5.56,94.045395,23.26524,0.8235278419054902,0.8490582310730073,0.8196058799904068,0.9434518434319753
5.58,93.717705,23.59292,0.8196061998302164,0.851753641102634,0.8196058799904068,0.9434518434319753
5.6,94.373065,22.937555000000003,0.8235277820678071,0.8490582310730073,0.8235273456030997,0.9404756222750877
5.62,94.37306,22.609855,0.823527722230124,0.8463627387859946,0.8235273456030997,0.9404755314494121
5.64,94.045375,22.282175000000002,0.823527662392441,0.8463627387859946,0.8196058201526771,0.9374993557053625
5.66,94.04538,21.62681,0.8196061998302164,0.8436672876276748,0.8235273456030997,0.9345231799613128
5.68,94.37306,21.299129999999998,0.823527722230124,0.8409718775980481,0.8235273456030997,0.9345231799613128
5.7,94.045385,20.97144,0.823527722230124,0.840971836469355,0.8196058799904068,0.9315469588044253
5.72,94.37306,20.64375,0.823527722230124,0.840971795340662,0.8235273456030997,0.9285707376475378
5.74,94.373065,19.988390000000003,0.823527722230124,0.8355809752814087,0.8235274054408294,0.9285707376475378
5.76,94.37306,19.660705,0.823527722230124,0.8355809752814087,0.8235273456030997,0.9255945164906503
5.78,94.37306,18.34997,0.823527722230124,0.8328854829943959,0.8235273456030997,0.9166659438456636
5.8,94.37307,16.711555,0.8235277820678071,0.8247992117768229,0.8235274054408294,0.9107135015318886
5.82,94.70075,15.073135,0.8274493044677147,0.8167128994305568,0.8235274054408294,0.9047610592181136
5.84,94.37307,13.107035,0.8235277820678071,0.8113219971139173,0.8235274054408294,0.8928562654162393
5.86,94.70075,10.813255,0.8235277820678071,0.8005402747380247,0.8274489308912518,0.8839276473584147
5.88,94.70075,9.83021,0.8274493044677147,0.7951494135500783,0.8235274054408294,0.880951471614365
5.9,95.028435,9.502524999999999,0.8274493643053978,0.7924539623917585,0.8274489308912518,0.880951471614365
5.92,94.70203000000001,8.847165,0.8274645630769063,0.7924539623917585,0.823527465278559,0.8749991201262658
5.94,94.37307,8.519485,0.8235277820678071,0.7897585523621319,0.8235274054408294,0.8749991201262658
5.96,94.373075,8.847169999999998,0.8235278419054902,0.789758593490825,0.8235274054408294,0.8779752958703154
5.98,94.373075,9.174855,0.8235277820678071,0.789758593490825,0.823527465278559,0.880951517027203
6.0,94.37308,9.502535,0.8235278419054902,0.7924540035204516,0.823527465278559,0.880951517027203
6.02,94.37308,9.83022,0.8235278419054902,0.7951494546787713,0.823527465278559,0.880951517027203
6.04,83.23183,5.89806,0.8117632148680844,0.789758634619518,0.7019586803722194,0.8511897595867068
6.06,28.836215,-5.898429999999999,0.5137235033503418,0.7385457617992257,0.3490166028158199,0.8005947719378634
6.08,-19.660705,-5.242985,0.28235074970932345,0.7277643684528776,4.188641075639598e-07,0.8184523259433779
6.1,8.192135,-1.9661300000000002,0.30980188521014124,0.7439371987888752,0.3058794039970646,0.8303571197452522
6.12,8.19211,-1.310765,0.3058801234595013,0.7466326088185018,0.30980086960975745,0.8333333409021397
6.14,8.847470000000001,-0.3277150000000012,0.3137231682593164,0.7520234700064482,0.30980086960975745,0.8363095620590271
6.16,9.502825000000001,0.6553400000000004,0.3137231682593164,0.7547189622934609,0.31764386067287287,0.8422619589599643
6.18,-16.71158,0.98302,0.3176446308215409,0.7574143723230876,2.991886482235279e-07,0.8422619589599643
6.2,11.14121,1.63838,0.3254876157836729,0.7601097823527143,0.3254868517359883,0.8452381347040139
6.22,11.1412,1.96606,0.32548755594598977,0.7628051923823409,0.3254867918982586,0.8452381347040139
6.24,11.79656,2.293745,0.32940907834589733,0.7628051923823409,0.32940831734868115,0.8482143558609014
6.26,-2.2938,-0.983065,0.2823505701962742,0.7574143723230876,0.2078398316309898,0.8244048590828288
6.28,-11.796685,-3.276845,0.1843110142565075,0.7385463376009288,0.19215325112746248,0.8244048590828288
6.3,-9.50289,-1.63841,0.20391886560677774,0.7466327733332742,0.1999964815414965,0.8303573013966037
6.32,-9.83059,-1.96609,0.19999722353150395,0.7466327733332742,0.1999963618660372,0.8273811256525541
6.34,-9.17523,-2.94914,0.20391874593141154,0.7439373221749543,0.20391788731645974,0.8214287287516171
6.36,-9.5029,-3.932195,0.1999972833691871,0.738546460987008,0.2039179471541894,0.8184524621818916
6.38,-9.17522,-4.259865,0.20391880576909463,0.7358510509573815,0.2039179471541894,0.8184525530075675
6.4,-9.17521,-4.25987,0.20391886560677774,0.7358510509573815,0.20391800699191903,0.8184525075947295
6.42,-9.17521,-3.6045049999999996,0.20391886560677774,0.738546460987008,0.20391800699191903,0.8214287287516171
6.44,-8.51985,-3.27682,0.2078403880066853,0.7412419121453279,0.20783953244234157,0.8214287287516171
6.46,-8.519845,-3.27682,0.2078404478443684,0.7412419121453279,0.20783953244234157,0.8214287287516171
6.48,-9.502905,-3.60449,0.20391892544446086,0.7385465432443942,0.1999962421905779,0.8214287741644548
6.5,-10.81367,-2.621435,0.19215387954327334,0.7439374044323406,0.19607465690242573,0.8244050407341803
6.52,-9.83061,-2.293745,0.19999710385613775,0.7439374455610336,0.1999962421905779,0.8273812618910678
6.54,-10.158290000000001,-2.6214250000000003,0.19999710385613775,0.7439374866897267,0.19607471674015536,0.8244050407341803
6.56,-9.830605,-2.29375,0.19999710385613775,0.7439374455610336,0.1999963020283075,0.8273812164782298
6.58,-9.8306,-2.62143,0.1999971636938209,0.7439374455610336,0.1999963020283075,0.8244050407341803
6.6,-9.830595,-2.62143,0.1999971636938209,0.7439374455610336,0.1999963618660372,0.8244050407341803
6.62,-9.830595,-3.2768,0.1999971636938209,0.7412419944027139,0.1999963618660372,0.8214288195772927
6.64,-9.83059,-3.932155,0.19999722353150395,0.7385465843730873,0.1999963618660372,0.818452689246081
6.66,-9.830585,-5.242885,0.1999972833691871,0.7331557643138339,0.1999963618660372,0.812500246932306
6.68,-9.83058,-5.24288,0.1999972833691871,0.7331557643138339,0.19999642170376686,0.8125002923451439
6.7,-9.830585,-5.57056,0.19999722353150395,0.7304603542842074,0.19999642170376686,0.8125002923451439
6.72,-9.830575,-5.24287,0.19999734320687018,0.733155805442527,0.19999642170376686,0.8125003377579818
6.74,-10.158249999999999,-4.5875,0.19999734320687018,0.7358512566008468,0.196074956091074,0.8154765589148693
6.76,-10.485925,-5.24286,0.1960758208069626,0.7331558465712201,0.1960750159288036,0.8125003831708196
6.78,-6.881345,-4.2598400000000005,0.19999758255760258,0.7358512154721537,0.23529122783670328,0.8184525984204052
6.8,2.621555,-4.259865,0.2745080040979239,0.7358510920860746,0.2745071405559547,0.8184525075947295
6.82,1.638485,-3.604495,0.26666471994737634,0.7385465021157012,0.2705854954300729,0.8214287741644548
6.84,2.621525,-3.27682,0.27450782458487455,0.7412419121453279,0.27450696104276573,0.8214287287516171
6.86,2.62151,-3.93219,0.2745077049095084,0.738546460987008,0.2745069012050361,0.8184525075947295
6.88,2.622775,-4.25987,0.27450764507182523,0.7358510509573815,0.2745220999883675,0.8184525075947295
6.9,2.29381,-3.932195,0.27450758523414215,0.738546419858315,0.2705852560791543,0.8184525075947295
6.92,1.96613,-3.9322,0.2705860628342346,0.738546419858315,0.2705852560791543,0.8184524621818916
6.94,1.31077,-3.932195,0.266664540434327,0.738546460987008,0.2666637306287318,0.8184524621818916
6.96,1.31077,-3.604515,0.266664540434327,0.738546419858315,0.2666637306287318,0.8214286833387792
6.98,0.65541,-3.9322,0.26274301803441946,0.738546419858315,0.26274220517830926,0.8184524621818916
7.0,0.65541,-4.58757,0.26274301803441946,0.7358509686999952,0.26274220517830926,0.815476241025004
7.02,0.983085,-4.58757,0.266664540434327,0.7358509686999952,0.2627421453405796,0.815476241025004
7.04,1.31076,-4.25989,0.26666448059664394,0.7358509686999952,0.2666636707910021,0.8184524167690537
7.06,0.655395,-3.276835,0.2627429581967364,0.7412418298879416,0.26274208550284994,0.8214286833387792
7.08,0.3277100000000012,-2.94915,0.26274289835905323,0.7412418710166347,0.25882056005242743,0.8244048590828288
7.1,3.0000000002417e-05,-2.29378,0.2588213759591457,0.7439373221749543,0.25882056005242743,0.8273810802397161
7.12,3.0000000002417e-05,-1.63841,0.2588213759591457,0.7466327733332742,0.25882056005242743,0.8303573013966037
7.14,3.0000000002417e-05,-0.983045,0.2588213759591457,0.7493281833629007,0.25882056005242743,0.8333335225534912
7.16,3.0000000002417e-05,-0.655365,0.2588213759591457,0.7520236345212205,0.25882056005242743,0.8333334771406533
7.18,3.0000000002417e-05,-0.983045,0.2588213759591457,0.7493281833629007,0.25882056005242743,0.8333335225534912
7.2,2.5000000000830002e-05,-0.9830400000000001,0.2588213759591457,0.7520236345212205,0.25882050021469777,0.8303573468094416
7.22,2.5000000000830002e-05,-1.3107250000000001,0.2588213759591457,0.7493281833629007,0.25882050021469777,0.8303573468094416
7.24,0.3277050000000012,-1.3107250000000001,0.26274283852137015,0.7493281833629007,0.25882056005242743,0.8303573468094416
7.26,0.32770499999999964,-1.3107250000000001,0.2588213161214626,0.7493281833629007,0.26274208550284994,0.8303573468094416
7.28,3.0000000002417e-05,-0.9830400000000001,0.2588213759591457,0.7493282244915939,0.25882056005242743,0.8333335225534912
7.3,2.5000000000830002e-05,-0.9830400000000001,0.2588213161214626,0.7493282244915939,0.25882056005242743,0.8333335225534912
7.32,2.5000000000830002e-05,-0.655355,0.2588213759591457,0.7520236345212205,0.25882050021469777,0.8333335679663291
7.34,3.0000000002417e-05,-0.9830400000000001,0.2588213759591457,0.7493282244915939,0.25882056005242743,0.8333335225534912
7.36,3.0000000002417e-05,-0.9830350000000001,0.2588213759591457,0.7493282244915939,0.25882056005242743,0.8333335679663291
7.38,0.3277100000000012,-1.638395,0.26274289835905323,0.7466328144619672,0.25882056005242743,0.8303573922222794
7.4,3.0000000002417e-05,-1.6384,0.2588213759591457,0.7466328144619672,0.25882056005242743,0.8303573468094416
7.42,3.0000000002417e-05,-1.31072,0.2588213759591457,0.7493282244915939,0.25882056005242743,0.8303573468094416
7.44,3.0000000002417e-05,-1.638395,0.2588213759591457,0.7466328144619672,0.25882056005242743,0.8303573922222794
7.46,3.50000000004515e-05,-1.6384,0.2588213759591457,0.7466328144619672,0.25882061989015703,0.8303573468094416
7.48,3.0000000002417e-05,-1.96608,0.2588213759591457,0.7466328144619672,0.25882056005242743,0.827381171065392
7.5,3.50000000004515e-05,-1.966075,0.2588214357968288,0.7466328555906603,0.25882056005242743,0.827381171065392
7.52,0.3277100000000012,-1.96608,0.2588213759591457,0.7466328144619672,0.26274208550284994,0.827381171065392
7.54,0.65538,-1.31072,0.26274283852137015,0.7493282244915939,0.2627420256651203,0.8303573468094416
7.56,0.655375,-1.6384050000000001,0.26274277868368706,0.7466328144619672,0.2627420256651203,0.8303573013966037
7.58,0.65537,-0.9830400000000001,0.26274277868368706,0.7493282244915939,0.2627419658273906,0.8333335225534912
7.6,0.65537,-0.65536,0.26274277868368706,0.7520236345212205,0.2627419658273906,0.8333335225534912
7.62,3.932205,0.32768,0.27058588332118527,0.7520236345212205,0.29411452845714875,0.8422620497856401
7.64,6.881360000000001,1.31072,0.3019584813842275,0.7574144545804737,0.29803605390757126,0.8452382255296897
7.66,6.55367,1.6384050000000001,0.29803683930895375,0.7601098646101004,0.29803605390757126,0.8452382709425276
7.68,7.20903,1.31072,0.3019583617088613,0.7601098646101004,0.3019575793579938,0.8422620497856401
7.7,7.20903,0.9830400000000001,0.3019583617088613,0.7574144545804737,0.3019575793579938,0.8422620497856401
7.72,7.2090250000000005,1.31071,0.3019583617088613,0.7601098234814073,0.3019575195202642,0.8422620043728022
7.74,6.881345,1.63839,0.3019583018711782,0.7601098234814073,0.29803605390757126,0.8452381801168518
7.76,6.55367,1.638395,0.29803683930895375,0.7601098234814073,0.29803605390757126,0.8452382255296897
7.78,6.88135,1.6384,0.29803683930895375,0.7601098646101004,0.3019575793579938,0.8452382255296897
7.8,6.55367,1.6384,0.29803683930895375,0.7601098646101004,0.29803605390757126,0.8452382255296897
7.82,6.88135,1.310715,0.3019583617088613,0.7601098646101004,0.29803605390757126,0.8422620043728022
7.84,18.677935,2.949115,0.33725230265876177,0.762805233511034,0.4039182583103835,0.8541667527618385
7.86,29.819184999999997,3.60447,0.4392130818100205,0.7681960535702873,0.4352908209401417,0.8541667073490007
7.88,29.491495,3.93215,0.43529143973474677,0.7708914635999139,0.4352908209401417,0.8541667073490007
7.9,29.4915,3.932155,0.4352914995724298,0.7708914635999139,0.4352908209401417,0.8541667527618385
7.92,29.49149,3.604475,0.43529143973474677,0.7681960946989804,0.435290761102412,0.8541667073490007
7.94,29.49149,3.27679,0.43529143973474677,0.7681960535702873,0.435290761102412,0.8511905316049511
7.96,29.491495,3.60447,0.4352914995724298,0.7681960535702873,0.435290761102412,0.8541667073490007
7.98,29.49149,3.604475,0.43529143973474677,0.7681960535702873,0.435290761102412,0.8541667527618385
8.0,29.49149,3.932155,0.43529143973474677,0.7708914635999139,0.435290761102412,0.8541667527618385
8.02,29.49149,3.60448,0.43529143973474677,0.7681960946989804,0.435290761102412,0.8541667527618385
8.04,29.163809999999998,4.25984,0.4313699173348392,0.770891504728607,0.435290761102412,0.8571429285058881
8.06,28.83613,3.93216,0.4313699173348392,0.770891504728607,0.4313692356519895,0.8541667527618385
8.08,28.836135,4.25984,0.4313699173348392,0.770891504728607,0.43136929548971914,0.8571429285058881
8.1,28.83614,3.93216,0.4313699771725223,0.770891504728607,0.43136929548971914,0.8541667527618385
8.12,28.83614,3.93216,0.4313699771725223,0.770891504728607,0.43136929548971914,0.8541667527618385
8.14,28.83614,3.2768,0.4313699771725223,0.7681960946989804,0.43136929548971914,0.8511905770177889
8.16,28.83614,3.60448,0.4313699771725223,0.7681960946989804,0.43136929548971914,0.8541667527618385
8.18,28.83614,3.276805,0.4313699771725223,0.7681960946989804,0.43136929548971914,0.8511906224306268
8.2,28.18078,3.276805,0.4274484547726147,0.7681960946989804,0.4274477700392966,0.8511906224306268
8.22,28.18079,2.62144,0.42744851461029776,0.7655006846693537,0.4274478298770263,0.8482144012737393
8.24,28.180785,2.62145,0.4274484547726147,0.7655007257980468,0.4274478298770263,0.8482144466865772
8.26,32.113005,3.6044849999999995,0.4313700370102053,0.7655007257980468,0.4705852680467002,0.8571429285058881
8.28,44.2374,6.553605,0.5176451454256155,0.7789777348174869,0.5294093465576312,0.8690476768949245
8.3,43.582025,7.208975000000001,0.5215667276632062,0.7843685960054333,0.5176445308554449,0.8690477223077624
8.32,43.909705,6.55361,0.5215667276632062,0.7816731859758066,0.5215660563058675,0.8660715011508748
8.34,43.9097,5.89825,0.5215666678255231,0.77897777594618,0.5215660563058675,0.8630953254068252
8.36,43.9097,5.89824,0.5215666678255231,0.7789777348174869,0.5215660563058675,0.8630952799939873
8.38,43.9097,5.570565,0.5215666678255231,0.7762823659165533,0.5215660563058675,0.8630952799939873
8.4,44.23738,5.89824,0.5215666678255231,0.7789777348174869,0.5254875817562901,0.8630952799939873
8.42,44.23737,5.57056,0.5215666079878399,0.7762823247878603,0.5254875219185604,0.8630952799939873
8.44,45.220405,5.57055,0.5294096527876551,0.7762822836591673,0.5294089875312532,0.8630952345811496
8.46,45.87576,5.89823,0.5333311153498795,0.7789776936887939,0.5333305129816758,0.8630952345811496
8.48,45.548069999999996,5.57054,0.5333310555121964,0.7762822425304742,0.5294089276935235,0.8630951891683116
8.5,45.87575,5.570545,0.5333310555121964,0.7762822425304742,0.5333304531439461,0.8630952345811496
8.52,45.87575,5.89822,0.5333310555121964,0.7789776525601008,0.5333304531439461,0.8630951891683116
8.54,48.16956,6.55357,0.5372526975874702,0.7789776114314078,0.5568600845483185,0.8690474952435729
8.56,50.135679999999994,7.536619999999999,0.5607823106883805,0.784368431490661,0.5568600845483185,0.8720237618132982
8.58,50.135665,7.864305,0.5568606087754235,0.7870639237776738,0.560781609998741,0.8720237164004605
8.6,50.463345000000004,7.208935,0.5607821910130142,0.7843684726193542,0.5607815501610114,0.8690474952435729
8.62,50.46334,7.208935,0.5607821311753312,0.784368431490661,0.5607815501610114,0.8690475406564109
8.64,50.463335,6.55357,0.5607821311753312,0.7816730214610343,0.5607814903232817,0.8660713194995233
8.66,50.46333,6.553565,0.560782071337648,0.7816729803323412,0.5607814903232817,0.8660713194995233
8.68,49.80797,5.8982,0.5568605489377404,0.7789775703027146,0.5568599648728592,0.8630950983426358
8.7,49.807975,5.24283,0.5568605489377404,0.7762821191443949,0.5568600247105888,0.8601188771857483
8.72,49.80797,4.587465,0.5568605489377404,0.7735867091147682,0.5568599648728592,0.8571426560288607
8.74,49.80797,3.9321,0.5568605489377404,0.7708912579564485,0.5568599648728592,0.8541664802848111
8.76,49.15261,3.27673,0.5529390265378329,0.7681958067981287,0.5529384394224366,0.8511902591279236
8.78,49.48029,2.94905,0.5529390265378329,0.7681958067981287,0.5568599648728592,0.848214083383874
8.8,49.15261,2.62137,0.5529390265378329,0.7655003967685022,0.5529384394224366,0.848214083383874
8.82,49.15263,1.966005,0.5529391462131991,0.7628049456101825,0.552938559097896,0.8452379076398244
8.84,49.15263,1.966,0.5529391462131991,0.7628049456101825,0.552938559097896,0.8452378622269866
8.86,49.152635000000004,1.966005,0.5529392060508822,0.7628049456101825,0.552938559097896,0.8452379076398244
8.88,48.824960000000004,1.31064,0.5529392060508822,0.7601095355805558,0.5490170934852031,0.842261686482937
8.9,49.15264,1.310635,0.5529392060508822,0.7601094944518627,0.5529386189356257,0.842261686482937
8.92,49.15264,0.98295,0.5529392060508822,0.7601094944518627,0.5529386189356257,0.8392854653260494
8.94,48.169605000000004,-0.32777000000000006,0.5529392658885653,0.7547186743926094,0.541174042584358,0.8333331138379502
8.96,44.56507,-1.310835,0.5254882500631137,0.7466323620463433,0.5254876415940197,0.8333329775994365
8.98,45.54812,-1.310825,0.5294098323007045,0.7493277720759699,0.5333307523325943,0.8303568926810626
9.0,45.54812,-0.98315,0.5294098323007045,0.7493277720759699,0.5333307523325943,0.8333330230122744
9.02,45.875805,-1.310825,0.533331354700612,0.749327813204663,0.5333308121703241,0.8303568472682248
9.04,45.87581,-1.638505,0.5333314145382951,0.7466323620463433,0.5333308121703241,0.8303568926810626
9.06,45.875815,-1.310825,0.5333314145382951,0.7493277720759699,0.5333308720080536,0.8303568926810626
9.08,45.87581,-1.96619,0.5333314145382951,0.7466323620463433,0.5333308121703241,0.8273806715241752
9.1,45.875815,-1.96619,0.5333314145382951,0.7466323620463433,0.5333308720080536,0.8273806715241752
9.12,45.87581,-2.621555,0.5333314145382951,0.7439369520167166,0.5333308121703241,0.8244044503672877
9.14,45.875815,-3.27692,0.5333314145382951,0.741241500858397,0.5333308720080536,0.8214282746232381
9.16,53.41258,-2.29389,0.5647040724390204,0.7439368697593306,0.5921547710057956,0.8273805806984994
9.18,56.68943,-1.310845,0.5999984322527027,0.7466322797889572,0.5960762366184885,0.8333329775994365
9.2,56.36174,-1.310835,0.5960767901774289,0.7493277309472769,0.5960762366184885,0.8303568472682248
9.22,57.0171,-1.9662,0.5999983125773365,0.7466323209176503,0.599997762068911,0.8273806261113373
9.24,57.344775,-2.6215650000000004,0.5999983125773365,0.7439368697593306,0.6039192276816039,0.8244044503672877
9.26,58.00012,-2.62157,0.6039197153018778,0.7439368697593306,0.6078406932942968,0.8244044049544498
9.28,58.32779,-2.62157,0.6078411778641023,0.7439368697593306,0.6078406334565671,0.8244044049544498
9.3,58.32778,-2.293895,0.6078411180264192,0.7439368286306375,0.6078405736188375,0.8273805806984994
9.32,58.65546,-1.96622,0.6117626404263267,0.7466322386602642,0.6078405736188375,0.8273805352856616
9.34,58.32778,-2.62159,0.6078411180264192,0.7439367875019444,0.6078405736188375,0.824404314128774
9.36,58.32778,-2.29391,0.6078411180264192,0.7439367875019444,0.6078405736188375,0.8273804898728236
9.38,58.32778,-2.29391,0.6078411180264192,0.7439367875019444,0.6078405736188375,0.8273804898728236
9.4,58.327785,-2.62159,0.6078411778641023,0.7439367875019444,0.6078405736188375,0.824404314128774
9.42,58.000105,-2.29391,0.6078411180264192,0.7439367875019444,0.6039191080061447,0.8273804898728236
9.44,57.672425000000004,-2.62159,0.6039195956265115,0.7439367875019444,0.6039191080061447,0.824404314128774
9.46,57.34474,-1.96623,0.6039195956265115,0.7466321975315711,0.5999975227179924,0.8273804898728236
9.48,57.34474,-2.293905,0.6039195956265115,0.7439367875019444,0.5999975227179924,0.8273805352856616
9.5,57.01706,-2.62158,0.599998073226604,0.7439368286306375,0.5999975227179924,0.824404359541612
9.52,57.01706,-2.2939,0.599998073226604,0.7439368286306375,0.5999975227179924,0.8273805352856616
9.54,57.344735,-1.63853,0.6039195956265115,0.7466322797889572,0.5999974628802628,0.830356756442549
9.56,57.01705,-1.63853,0.5999980133889209,0.7466322797889572,0.5999974628802628,0.830356756442549
9.58,65.536845,0.655215,0.6196058049015081,0.7520230587195175,0.6823506940937288,0.8452375443371213
9.6,73.72900999999999,2.62127,0.7058809133169182,0.7628045754519448,0.6941156294713743,0.8511898049995448
9.62,72.418245,3.276655,0.6901944048535061,0.7681954777685841,0.6941155097959151,0.8511899412380584
9.64,73.401275,2.948975,0.6980374496533214,0.7655000677389575,0.6980369155708782,0.8511899412380584
9.66,73.401265,3.93202,0.6980373299779551,0.7708908877982108,0.6980369155708782,0.8541661623949459
9.68,74.05662,3.93202,0.7019588523778627,0.7708909289269039,0.7019583811835711,0.854166116982108
9.7,73.07357999999999,3.93203,0.6980373299779551,0.7708909700555969,0.6941153302827261,0.8541661623949459
9.72,73.07357999999999,3.93203,0.6980373299779551,0.7708909700555969,0.6941153302827261,0.8541661623949459
9.74,73.07357999999999,3.93203,0.6980373299779551,0.7708909700555969,0.6941153302827261,0.8541661623949459
9.76,72.41822,3.93203,0.6941158075780477,0.7708909700555969,0.6901938048323036,0.8541661623949459
9.78,72.09054,4.25971,0.6901942851781401,0.7708909700555969,0.6901938048323036,0.8571423381389955
9.8,72.09054,4.25971,0.6901942851781401,0.7708909700555969,0.6901938048323036,0.8571423381389955
9.82,71.762865,4.58739,0.6901942851781401,0.7735863800852236,0.6862723392196107,0.8571423381389955
9.84,71.435185,4.91508,0.6862728226159156,0.7735864212139167,0.6862722793818811,0.8601185592958831
9.86,70.779825,5.57044,0.682351240378325,0.7762818312435433,0.6823508137691882,0.8630947350399327
9.88,70.77983,5.898125,0.6823513002160081,0.77897724127317,0.6823508137691882,0.8630947804527705
9.9,70.779845,6.881175000000001,0.6784297778161005,0.7789772824018631,0.6862725187327996,0.8720233530977572
9.92,71.435235,8.51959,0.6862731218043311,0.7897590047777557,0.6862725785705294,0.8749995742546447
9.94,71.10754,8.847275,0.6823514797290573,0.7897590047777557,0.6862725187327996,0.8779757954115323
9.96,71.10754,8.847280000000001,0.6862730021289648,0.7897590459064489,0.6823509932823771,0.8779757954115323
9.98,70.779865,8.519595,0.6823514797290573,0.7897590047777557,0.6823510531201068,0.8749996196674826
10.0,71.43522,8.519595,0.6862730021289648,0.7897590047777557,0.6862725187327996,0.8749996196674826
10.02,71.43521,8.51959,0.6862729422912818,0.7897590047777557,0.6862724588950699,0.8749995742546447
10.04,71.43521,9.17495,0.6862729422912818,0.7924544148073824,0.6862724588950699,0.8779757499986943
10.06,71.76289,8.847270000000002,0.6901944646911893,0.7897590047777557,0.6862724588950699,0.8779757499986943
10.08,71.43521,9.50262,0.6862729422912818,0.7924543736786893,0.6862724588950699,0.8809518803299061
10.1,71.76289,9.502625,0.6862729422912818,0.7924543736786893,0.6901939843454925,0.880951925742744
10.12,72.09056,10.157979999999998,0.6901944048535061,0.795149783708316,0.6901939245077628,0.8839280560739557
10.14,71.76288,10.157979999999998,0.6901944048535061,0.795149783708316,0.6862723990573403,0.8839280560739557
10.16,72.09056,10.157985,0.6901944048535061,0.795149824837009,0.6901939245077628,0.8839280560739557
10.18,71.76288,10.485665000000001,0.6862728824535986,0.7978451937379426,0.6901939245077628,0.8839281014867936
10.2,71.76286999999999,10.157979999999998,0.6862728226159156,0.795149783708316,0.6901938646700332,0.8839280560739557
10.22,72.09055,10.48566,0.6901943450158231,0.7978451937379426,0.6901938646700332,0.8839280560739557
10.24,72.09055,10.485665000000001,0.6901943450158231,0.7978451937379426,0.6901938646700332,0.8839281014867936
10.26,72.09055,10.813345,0.6901943450158231,0.7978451937379426,0.6901938646700332,0.8869042772308432
10.28,72.09055,10.81335,0.6901943450158231,0.7978452348666357,0.6901938646700332,0.8869042772308432
10.3,72.09055,11.141024999999999,0.6901943450158231,0.8005406037675693,0.6901938646700332,0.8869042772308432
10.32,72.09054,11.468710000000002,0.6901942851781401,0.8005406448962623,0.6901938048323036,0.8898804529748928
10.34,71.76286,11.468710000000002,0.6901942851781401,0.8005406448962623,0.6862722793818811,0.8898804529748928
10.36,71.43518,11.468710000000002,0.6862727627782326,0.8005406448962623,0.6862722793818811,0.8898804529748928
10.38,71.43518,11.79639,0.6862727627782326,0.803236054925889,0.6862722793818811,0.8898804529748928
10.4,71.43518,12.12407,0.6862727627782326,0.803236054925889,0.6862722793818811,0.8928566287189424
10.42,71.435185,12.45175,0.6862727627782326,0.8059314649555157,0.6862723392196107,0.8928566287189424
10.44,71.435185,12.45175,0.6862727627782326,0.8059314649555157,0.6862723392196107,0.8928566287189424
10.46,71.43518,12.779430000000001,0.6862727627782326,0.8086268749851423,0.6862722793818811,0.8928566287189424
10.48,71.1075,12.779430000000001,0.6862727627782326,0.8059314649555157,0.6823507539314585,0.8958328044629921
10.5,71.10749,12.45175,0.6823511805406418,0.8059314649555157,0.6862722195441514,0.8928566287189424
10.52,70.77902,12.451755,0.6823511805406418,0.8059315060842087,0.6823412397324439,0.8928566287189424
10.54,70.452125,11.796385,0.6823511805406418,0.8032360137971959,0.6784291088055767,0.8898804529748928
10.56,74.38434000000001,12.12406,0.6862727029405494,0.803236054925889,0.7215665469752507,0.8928565378932667
10.58,85.19798,13.43477,0.7647045870430952,0.8086267927277562,0.7725473352344179,0.8988088893813659
10.6,84.21491499999999,14.090135,0.764704527205412,0.8113222027573828,0.7607825195322317,0.9017851105382534
10.62,84.21492,14.41782,0.7607830048055044,0.8140176539157025,0.7647041048203839,0.9017851105382534
10.64,84.54259,14.41782,0.7647044673677289,0.8140176539157025,0.7647040449826542,0.9017851105382534
10.66,84.54259,14.41782,0.7647044673677289,0.8140176539157025,0.7647040449826542,0.9017851105382534
10.68,84.54257,14.745495,0.7647043476923626,0.8140176539157025,0.7647039253071949,0.9047612408694652
10.7,84.54257,15.07317,0.7647043476923626,0.816713022816636,0.7647039253071949,0.9047612408694652
10.72,84.54257,14.74549,0.7647043476923626,0.8140176127870095,0.7647039253071949,0.9047612408694652
10.74,84.542565,15.07317,0.7647043476923626,0.816713022816636,0.7647038654694652,0.9047612408694652
10.76,84.21488,15.07317,0.7647042878546795,0.816713022816636,0.7607823400190428,0.9047612408694652
10.78,83.8872,15.400849999999998,0.7607827654547721,0.816713022816636,0.7607823400190428,0.9077374166135148
10.8,85.19794,16.383895,0.7607827654547721,0.8194084328462627,0.7764686811716514,0.9136898135144519
10.82,87.49175,18.677685,0.7843123785556823,0.8301901963508485,0.7803903262975335,0.9226184769851143
10.84,86.83637,19.005364999999998,0.7764691542428178,0.8328856063804752,0.7803902664598036,0.9226184769851143
10.86,87.164045,18.677685,0.7803906766427254,0.8301902374795416,0.780390206622074,0.9226184315722764
10.88,86.508685,18.35001,0.7764691542428178,0.8301902374795416,0.7764686811716514,0.9196423012410647
10.9,86.181,18.35001,0.7764690944051348,0.8301902374795416,0.772547155721229,0.9196423012410647
10.92,86.50868,18.35001,0.7764690944051348,0.8301902374795416,0.7764686811716514,0.9196423012410647
10.94,86.508675,18.67769,0.7764690944051348,0.8301902374795416,0.7764686213339219,0.9226184769851143
10.96,86.50868,19.00537,0.7764690944051348,0.8328856475091683,0.7764686811716514,0.9226184769851143
10.98,86.50868,18.677695,0.7764690944051348,0.8301902374795416,0.7764686811716514,0.9226185223979523
11.0,86.508675,19.00538,0.7764690944051348,0.8328856886378613,0.7764686213339219,0.9226185223979523
11.02,86.50867,18.67769,0.7764690345674516,0.8301902374795416,0.7764686213339219,0.9226184769851143
11.04,87.491735,18.022334999999998,0.7764690944051348,0.8301902786082347,0.7882334370361079,0.9166661254970151
11.06,89.130165,17.694655,0.7921554831931805,0.8247994174202883,0.7921550223242602,0.9196423466539027
11.08,88.4748,19.00538,0.7882339009555898,0.8328856886378613,0.7882334968738377,0.9226185223979523
11.1,89.13016,18.022334999999998,0.7921554233554974,0.8301902786082347,0.7921550223242602,0.9166661254970151
11.12,86.83639,15.073195,0.7882339607932729,0.8221039662619686,0.7686256901085361,0.8988089802070417
11.14,44.565135,0.3275199999999998,0.6274496275912035,0.7735863389565305,0.42352696264162987,0.8184518264021611
11.16,-4.915155,-5.898385,0.24313552571024788,0.7250688350371718,0.21568372026004998,0.8154759231351388
11.18,-2.293675,-2.949185,0.24313558554793094,0.7412417065018624,0.24705634272753776,0.8244047228443151
11.2,-3.2767350000000004,-1.63846,0.2392140033103403,0.7466325676898088,0.23921311231350373,0.8303570743324142
11.22,-2.2936900000000002,-1.966145,0.24313552571024788,0.7466325265611157,0.24705622305207847,0.8273808985883646
11.24,-1.96602,-1.96614,0.24705698827247233,0.7466325676898088,0.24705616321434878,0.8273808985883646
11.26,-1.63834,-1.966135,0.24705698827247233,0.7466325676898088,0.2509776886647713,0.8273809440012025
11.28,-0.98299,-1.966135,0.2509784508346968,0.7466325676898088,0.2548991542774642,0.8273809440012025
11.3,-0.65532,-1.966135,0.2548999133969212,0.7466326088185018,0.2548990944397345,0.8273808985883646
11.32,-0.65533,-1.638455,0.25489985355923817,0.7466325676898088,0.2548990346020049,0.8303571197452522
11.34,-11.468875,-4.2599,0.21176286780952253,0.7412417887592485,0.16862445745130525,0.8124999744552787
11.36,-16.38418,-3.9322049999999997,0.1568604771325208,0.7358509275713021,0.16470275248769375,0.8214286833387792
11.38,-14.745764999999999,-2.94914,0.17254674624520036,0.7412419121453279,0.16862427793811627,0.8244049044956665
11.4,-14.74577,-2.62146,0.16862516400760968,0.7439373221749543,0.1725458033885388,0.8244049044956665
11.42,-14.41809,-2.62146,0.17254668640751725,0.7439373221749543,0.1725458033885388,0.8244049044956665
11.44,-14.41809,-1.63841,0.17254668640751725,0.7466327733332742,0.1725458033885388,0.8303573013966037
11.46,-13.762735,-0.9830400000000001,0.1764682088074248,0.7493282244915939,0.1764672690012317,0.8333335225534912
11.48,-13.762735,-0.32768,0.1764681489697417,0.7520236345212205,0.17646732883896135,0.8363096982975409
11.5,-14.090409999999999,-0.32767499999999844,0.1764682088074248,0.7520236345212205,0.1725458033885388,0.8363097437103787
11.52,-14.090420000000002,0.32769500000000157,0.17254662656983413,0.7547190856795403,0.1764672690012317,0.8392859648672663
11.54,-14.090409999999999,1.638425,0.17254668640751725,0.7601099468674867,0.17646732883896135,0.8452383617682033
11.56,-14.090420000000002,2.94916,0.17254662656983413,0.7655008080554329,0.1764672690012317,0.8511908040819783
11.58,-13.76274,4.58758,0.1764681489697417,0.7708917103720724,0.1764672690012317,0.860119422139803
11.6,-13.76274,6.226,0.1764681489697417,0.7789780227183385,0.1764672690012317,0.866071864453578
11.62,-13.76274,7.209055,0.1764681489697417,0.7843689250349779,0.1764672690012317,0.8690480856104654
11.64,-14.090420000000002,7.86442,0.17254662656983413,0.7870643761932976,0.1764672690012317,0.872024261354515
11.66,-14.4181,7.53674,0.17254662656983413,0.784368966163671,0.17254574355080915,0.872024261354515
11.68,-15.073455,8.19211,0.16862510416992657,0.7870644173219907,0.16862427793811627,0.8750004825114026
11.7,-16.0565,8.19211,0.164703581770019,0.7870644173219907,0.16078116719954158,0.8750004825114026
11.72,-16.71185,7.864435,0.16078211920779456,0.7870644173219907,0.15685970158684873,0.8720243521801909
11.74,-15.40108,8.519785,0.156860596807887,0.7870644173219907,0.17646792721625784,0.8779766128426143
11.76,-6.88125,9.17512,0.2156846295601625,0.7924551139951648,0.21960530554820215,0.8779765220169385
11.78,-7.8643,9.830485,0.21176304732257184,0.7951505240247914,0.21176219480962744,0.880952743173826
11.8,-7.8643,9.17513,0.21176304732257184,0.7924551551238579,0.21176219480962744,0.8779765674297764
11.82,-7.53662,8.519765,0.21568456972247943,0.7897597039655381,0.21176219480962744,0.8750003916857267
11.84,-7.20893,8.192074999999999,0.2156846295601625,0.7870642528072184,0.2156837800977796,0.8750003462728889
11.86,-6.8812549999999995,7.209035,0.2156846295601625,0.7843688839062848,0.21960524571047252,0.8690479493719518
11.88,-6.225905,7.20902,0.21960609212238694,0.7843688016488988,0.2235267113231654,0.8690479039591139
11.9,-5.898235,6.55365,0.22352755468461144,0.781673350490579,0.2235266514854357,0.8660716828022265
11.92,-5.89824,6.22596,0.22352749484692833,0.7789778993322592,0.2235266514854357,0.8660716373893885
11.94,-5.89824,6.22596,0.22352749484692833,0.7789778993322592,0.2235266514854357,0.8660716373893885
11.96,-5.89824,5.89827,0.22352749484692833,0.7789778582035661,0.2235266514854357,0.863095416232501
11.98,-6.2262450000000005,6.88131,0.22352749484692833,0.7816732682331928,0.2196012365825859,0.8690477677206002
12.0,-6.553595,6.55363,0.21960597244702074,0.7816732682331928,0.21960518587274286,0.8660715919765506
12.02,-6.553595,7.20899,0.21960597244702074,0.7843686782628194,0.21960518587274286,0.8690477677206002
12.04,-4.915179999999999,6.88131,0.21960603228470388,0.7816732682331928,0.23921293280031478,0.8690477677206002
12.06,-1.3106550000000001,7.53666,0.25097857051006295,0.7843686371341264,0.2509776886647713,0.8720238980518119
12.08,-1.96603,8.192029999999999,0.24705692843478924,0.7870640882924461,0.24705610337661912,0.8750001192086995
12.1,-1.96603,7.86435,0.24705692843478924,0.7870640882924461,0.24705610337661912,0.8720239434646498
12.12,-1.9660250000000001,7.536665,0.24705692843478924,0.7843686782628194,0.24705616321434878,0.8720238980518119
12.14,-1.63835,7.864345,0.2509784508346968,0.7870640882924461,0.24705610337661912,0.8720238980518119
12.16,-1.638355,8.19202,0.2509783909970137,0.787064047163753,0.24705610337661912,0.8750000737958615
12.18,-1.31067,7.86434,0.2509784508346968,0.787064047163753,0.25097762882704167,0.8720238980518119
12.2,-1.310675,7.8643350000000005,0.2509784508346968,0.787064047163753,0.250977568989312,0.8720238526389741
12.22,-0.9830000000000001,8.192015,0.2509783909970137,0.7870640060350599,0.2548990944397345,0.8750000737958615
12.24,-0.9829950000000001,7.536655,0.2509784508346968,0.7843685960054333,0.2548990944397345,0.8720238980518119
12.26,-0.65532,7.53665,0.2548999133969212,0.7843685960054333,0.2548990944397345,0.8720238526389741
12.28,-0.65532,7.53665,0.2548999133969212,0.7843685960054333,0.2548990944397345,0.8720238526389741
12.3,-0.65532,7.20897,0.2548999133969212,0.7843685960054333,0.2548990944397345,0.8690476768949245
12.32,-0.32764000000000076,7.208965,0.2588214357968288,0.7843685960054333,0.2548990944397345,0.8690476314820865
12.34,-0.65532,6.5536,0.2548999133969212,0.7816731448471135,0.2548990944397345,0.8660714557380369
12.36,3.9999999998486e-05,6.553605,0.2588214357968288,0.7816731448471135,0.25882061989015703,0.8660715011508748
12.38,3.9999999998486e-05,6.5536,0.2588214357968288,0.7816731448471135,0.25882061989015703,0.8660714557380369
12.4,3.9999999998486e-05,6.2259150000000005,0.2588214357968288,0.7789777348174869,0.25882061989015703,0.866071410325199
12.42,1.3107649999999993,6.22591,0.2588214357968288,0.7789776936887939,0.2745067815295768,0.866071410325199
12.44,11.796635,7.86431,0.3176448103345902,0.7870639237776738,0.34117349207724523,0.8720237618132982
12.46,12.779675000000001,8.191984999999999,0.3372526018471773,0.7870638826489806,0.3333302616632112,0.8749999375573478
12.48,12.779679999999999,7.86431,0.33333107944726975,0.7870639237776738,0.3372518469513634,0.8720237618132982
12.5,13.10735,7.208945,0.3372525420094942,0.7843684726193542,0.33725178711363374,0.8690475860692486
12.52,13.435035,7.20894,0.3372525420094942,0.7843684726193542,0.34117337240178597,0.8690475406564109
12.54,14.09039,7.20894,0.34117406440940173,0.7843684726193542,0.3450948380144788,0.8690475406564109
12.56,14.418075,6.8812549999999995,0.3450956466469924,0.7843684726193542,0.3450948380144788,0.8660713194995233
12.58,15.07343,6.55357,0.3450955868093093,0.7816730214610343,0.3529378889153239,0.8660713194995233
12.6,27.197725,7.20891,0.4039189015093876,0.7843683492332748,0.4392125857414828,0.8690474044178971
12.62,31.129935000000003,8.191939999999999,0.447056365960568,0.7870637181342084,0.443133991516446,0.8749997104931585
12.64,30.80224,8.84731,0.4431346640476112,0.7897591692925281,0.443133991516446,0.877975931650046
12.66,30.802235000000003,8.8473,0.4431346640476112,0.7897591281638351,0.44313393167871634,0.8779758862372081
12.68,30.80223,8.847294999999999,0.44313460420992806,0.789759087035142,0.44313393167871634,0.8779758862372081
12.7,30.80222,9.17498,0.4431345443722449,0.7924545381934617,0.4431338718409867,0.8779758862372081
12.72,30.802214999999997,8.8473,0.4431345443722449,0.7897591281638351,0.4431338120032571,0.8779758862372081
12.74,30.14685,9.17498,0.43921296213465433,0.7924545381934617,0.43921228655283456,0.8779758862372081
12.76,29.81916,8.519615,0.4392129022969712,0.7897591281638351,0.43529070126468233,0.8749996650803206
12.78,29.819155000000002,8.51962,0.4392129022969712,0.7897591281638351,0.4352906414269528,0.8749997104931585
12.8,29.49147,8.51962,0.4352913200593805,0.7897591281638351,0.4352906414269528,0.8749997104931585
12.82,29.16379,8.8473,0.4313697976594729,0.7897591281638351,0.4352906414269528,0.8779758862372081
12.84,29.49147,9.17498,0.4352913200593805,0.7924545381934617,0.4352906414269528,0.8779758862372081
12.86,29.163800000000002,9.174985,0.4352913798970636,0.7924545381934617,0.4313691758142599,0.877975931650046
12.88,29.163800000000002,9.174985,0.43136985749715606,0.7924545381934617,0.43529070126468233,0.877975931650046
12.9,29.163800000000002,8.8473,0.4352913798970636,0.7897591281638351,0.4313691758142599,0.8779758862372081
12.92,28.836115,8.51962,0.4313697976594729,0.7897591281638351,0.4313691758142599,0.8749997104931585
12.94,32.112965,9.502655,0.43136985749715606,0.7897591281638351,0.47058496885805196,0.8839281923124694
12.96,48.49727,12.45177,0.5372528172628365,0.8032361371832752,0.5607818493496596,0.8958328952886679
12.98,48.824955,12.779444999999999,0.5529392060508822,0.8086269161138354,0.5490170336474735,0.8928567195446183
13.0,48.49727,12.45177,0.5490176238132916,0.8059315472129018,0.5490170336474735,0.8928567195446183
13.02,2.623355,10.48567,0.5490329422601663,0.8005406448962623,3.5304260493947746e-06,0.880951925742744
13.04,49.152635000000004,9.830305,0.5529392060508822,0.795149783708316,0.552938559097896,0.880951925742744
13.06,48.49727,10.157990000000002,0.5490176238132916,0.795149824837009,0.5490170336474735,0.8839281014867936
13.08,48.82495,10.48567,0.5529391462131991,0.7978452348666357,0.5490170336474735,0.8839281014867936
13.1,49.15263,10.48567,0.5529391462131991,0.7978452348666357,0.552938559097896,0.8839281014867936
13.12,49.15263,10.485675,0.5529391462131991,0.7978452348666357,0.552938559097896,0.8839281468996315
13.14,49.15263,10.81336,0.5529391462131991,0.7978452759953288,0.552938559097896,0.8869043226436811
13.16,48.82495,10.813355000000001,0.5529391462131991,0.7978452759953288,0.5490170336474735,0.8869042772308432
13.18,54.067904999999996,11.14103,0.5725469975634694,0.8005406448962623,0.5921544718171473,0.8869042772308432
13.2,54.723285000000004,12.12407,0.5882334461891983,0.803236054925889,0.5843113012408431,0.8928566287189424
13.22,54.395595,12.45176,0.5843118041139245,0.8059315060842087,0.5843113012408431,0.8928566741317804
13.24,54.06792,12.45175,0.5843118639516076,0.8059314649555157,0.5803897757904205,0.8928566287189424
13.26,54.06792,11.79639,0.5803903415517,0.803236054925889,0.5843113012408431,0.8898804529748928
13.28,53.74024,12.124075000000001,0.5803903415517,0.803236054925889,0.5803897757904205,0.8928566741317804
13.3,53.740245,11.796395,0.5803903415517,0.803236054925889,0.5803898356281502,0.8898804983877308
13.32,53.740255000000005,11.468710000000002,0.5803904013893831,0.8005406448962623,0.5803898954658797,0.8898804529748928
13.34,53.0849,11.468710000000002,0.5764689388271587,0.8005406448962623,0.5764683700154573,0.8898804529748928
13.36,53.0849,11.14103,0.5764689388271587,0.8005406448962623,0.5764683700154573,0.8869042772308432
13.38,53.0849,11.14103,0.5764689388271587,0.8005406448962623,0.5764683700154573,0.8869042772308432
13.4,53.0849,10.48567,0.5764689388271587,0.7978452348666357,0.5764683700154573,0.8839281014867936
13.42,53.412575000000004,10.485665000000001,0.5764689388271587,0.7978452348666357,0.5803898356281502,0.8839280560739557
13.44,53.74024,10.157979999999998,0.5803903415517,0.795149783708316,0.5803897757904205,0.8839280560739557
13.46,53.74024,10.157969999999999,0.5803903415517,0.7978451526092495,0.5803897757904205,0.8809518349170682
13.48,54.067915,9.83028,0.5843118639516076,0.7951497014509298,0.5803897159526908,0.8809517895042303
13.5,53.740224999999995,9.83028,0.580390281714017,0.7951497014509298,0.5803896561149613,0.8809517895042303
13.52,53.740224999999995,9.83028,0.580390281714017,0.7951497014509298,0.5803896561149613,0.8809517895042303
13.54,54.06791,9.830275,0.5803902218763338,0.7924542914213033,0.5843113012408431,0.8839279198354422
13.56,57.672444999999996,10.813324999999999,0.6039197153018778,0.8005405215101831,0.6039192276816039,0.8839280106611178
13.58,57.34475,11.141,0.6039196554641947,0.8005405215101831,0.5999975825557221,0.8869041409923295
13.6,57.67243,11.141,0.6039196554641947,0.8005405215101831,0.6039191080061447,0.8869041409923295
13.62,57.67242,11.141,0.6039195956265115,0.8005405215101831,0.603919048168415,0.8869041409923295
13.64,57.672425000000004,11.141,0.6039196554641947,0.8005405215101831,0.603919048168415,0.8869041409923295
13.66,57.672425000000004,10.813310000000001,0.6039195956265115,0.80054048038149,0.6039191080061447,0.8839279198354422
13.68,57.672425000000004,10.485635,0.6039195956265115,0.7978451114805565,0.6039191080061447,0.8839279198354422
13.7,58.0001,10.15795,0.6078411180264192,0.7951496603222368,0.603919048168415,0.8839279198354422
13.72,58.0001,10.15794,0.6039195956265115,0.7951496191935438,0.6078405736188375,0.8839278744226042
13.74,58.32778,9.830255000000001,0.6078411180264192,0.7951495780648506,0.6078405736188375,0.8809516986785546
13.76,58.65546,9.83026,0.6078411180264192,0.7951496191935438,0.61176209906926,0.8809516986785546
13.78,58.98313,9.83025,0.6117625805886435,0.7951495780648506,0.6117620392315304,0.8809516532657167
13.8,58.98313,9.83025,0.6117625805886435,0.7951495780648506,0.6117620392315304,0.8809516532657167
13.82,58.98313,9.83025,0.6117625805886435,0.7951495780648506,0.6117620392315304,0.8809516532657167
13.84,58.983135000000004,9.83025,0.6117625805886435,0.7951495780648506,0.61176209906926,0.8809516532657167
13.86,58.98244,10.15793,0.6117543229883753,0.7951495780648506,0.6117620392315304,0.8839278290097663
13.88,58.98314,10.157935,0.6117626404263267,0.7978449880944772,0.61176209906926,0.8809516986785546
13.9,58.983135000000004,10.15793,0.6117625805886435,0.7951495780648506,0.61176209906926,0.8839278290097663
13.92,58.98314,10.157935,0.6117626404263267,0.7951495780648506,0.61176209906926,0.8839278744226042
13.94,58.655455,10.157935,0.6117626404263267,0.7978449880944772,0.6078405137811078,0.8809516986785546
13.96,57.344715,10.15793,0.5999978937135547,0.7951495369361575,0.6039189284929556,0.8839278744226042
13.98,57.67241,9.83026,0.6039195357888284,0.7951496191935438,0.6039189883306852,0.8809516986785546
14.0,57.672405,9.83026,0.6039194759511454,0.7951496191935438,0.6039189883306852,0.8809516986785546
14.02,57.67241,8.84721,0.6039195357888284,0.7897587580055974,0.6039189883306852,0.877975477521667
14.04,57.67241,8.51953,0.6039195357888284,0.7897587580055974,0.6039189883306852,0.8749993017776174
14.06,57.67241,8.51953,0.6039195357888284,0.7897587580055974,0.6039189883306852,0.8749993017776174
14.08,57.34473,8.191845,0.6039195357888284,0.7870633068472775,0.5999974628802628,0.8749993017776174
14.1,57.67241,7.86416,0.6039195357888284,0.7870633068472775,0.6039189883306852,0.8720230806207299
14.12,57.67241,7.53648,0.6039195357888284,0.784367896817651,0.6039189883306852,0.8720230806207299
14.14,57.67241,7.86416,0.6039195357888284,0.7870633068472775,0.6039189883306852,0.8720230806207299
14.16,57.67241,7.86416,0.6039195357888284,0.7870633068472775,0.6039189883306852,0.8720230806207299
14.18,57.67241,7.53648,0.6039195357888284,0.7870633068472775,0.6039189883306852,0.8690469048766803
14.2,57.67241,7.536474999999999,0.6039195357888284,0.7843678556889578,0.6039189883306852,0.8720230806207299
14.22,57.672405,7.53648,0.6039195357888284,0.784367896817651,0.6039189284929556,0.8720230806207299
14.24,58.00009,7.53647,0.6039195357888284,0.7843678556889578,0.6078405137811078,0.872023035207892
14.26,62.915369999999996,7.864135,0.63137055161428,0.7870632245898914,0.6392133157617845,0.8720229443822162
14.28,62.587680000000006,8.191815,0.6352921936895538,0.7870631834611983,0.6313700255100209,0.8749991655391037
14.3,62.25999,8.5195,0.63137055161428,0.789758634619518,0.6313700255100209,0.8749991655391037
14.32,62.58766,9.17485,0.6352920141765045,0.7924540035204516,0.6313699656722912,0.8779752958703154
14.34,61.932294999999996,8.51949,0.6313704917765969,0.789758593490825,0.6274483803841391,0.8749991201262658
14.36,61.604605,8.847169999999998,0.6274489095390062,0.789758593490825,0.6274483205464093,0.8779752958703154
14.38,61.276920000000004,9.17485,0.6235273273014157,0.7924540035204516,0.6274483205464093,0.8779752958703154
14.4,61.60459,9.50253,0.6274487898636402,0.7924540035204516,0.6274482607086798,0.880951471614365
14.42,61.60459,9.502535,0.6274487898636402,0.7924540446491447,0.6274482607086798,0.880951471614365
14.44,61.2769,9.174855,0.6235272076260494,0.7924540035204516,0.6274482008709501,0.8779753412831534
14.46,61.60458,9.174845,0.627448730025957,0.7924539623917585,0.6274482008709501,0.8779752958703154
14.48,61.27689,8.51948,0.6274486701882739,0.7897585523621319,0.623526615582798,0.8749990747134279
14.5,61.604575,7.86412,0.6274486701882739,0.7870631423325052,0.6274482008709501,0.8720228989693785
14.52,61.60457,7.86412,0.6274486701882739,0.7870631423325052,0.6274481410332206,0.8720228989693785
14.54,61.93226,7.208755,0.627448730025957,0.7843677323028787,0.6313697263213727,0.8690466778124909
14.56,61.932255,6.55339,0.6274486701882739,0.7816722811445589,0.6313697263213727,0.8660705020684413
14.58,62.259935,6.225705,0.6313701925881814,0.7816722811445589,0.6313697263213727,0.8630942809115537
14.6,61.604575,5.57034,0.6274486701882739,0.7789768299862392,0.6274482008709501,0.8601181051675041
14.62,62.25994,5.24266,0.6313702524258645,0.7762814199566126,0.6313697263213727,0.8601181051675041
14.64,62.25994,5.242665000000001,0.6313702524258645,0.7762814199566126,0.6313697263213727,0.860118150580342
14.66,62.25994,5.242655,0.6313702524258645,0.7762813788279195,0.6313697263213727,0.8601181051675041
14.68,62.25995,4.914975,0.6313703122635477,0.7735859687982928,0.6313697861591023,0.8601181051675041
14.7,62.587630000000004,5.24266,0.6352918346634552,0.7762814199566126,0.6313697861591023,0.8601181051675041
14.72,62.587630000000004,5.24266,0.6352918346634552,0.7762814199566126,0.6313697861591023,0.8601181051675041
14.74,62.91531,4.5873,0.6352918346634552,0.7735860099269859,0.6352913116095248,0.8571419294234545
14.76,62.91531,4.25962,0.6352918346634552,0.7708905998973592,0.6352913116095248,0.8571419294234545
14.78,62.587630000000004,2.9489,0.6352918346634552,0.7681951898677326,0.6313697861591023,0.8482134021913057
14.8,61.60459,0.655129999999999,0.6274487898636402,0.7601089186501595,0.6274482607086798,0.8363086538022694
14.82,9.17707,-0.6555949999999999,0.6274640484728315,0.7520226885612797,4.248478805224779e-06,0.8333324326453818
14.84,73.0736,-2.62171,0.6745078963900942,0.7439362939576274,0.7176450215248281,0.8244037691747192
14.86,76.678135,-1.9663500000000003,0.7215670029165484,0.7439362939576274,0.7137233165612167,0.8303561206628185
14.88,76.35044,-1.638665,0.7137237786036841,0.7493271551455738,0.7176448420116391,0.8273799449187689
14.9,76.678125,-2.949395,0.7176453010035917,0.7439362939576274,0.7176449018493688,0.8214275480178318
14.92,76.67813,-3.60477,0.7176453608412746,0.7412408016706147,0.7176449018493688,0.8184513268609444
14.94,77.33349,-3.60477,0.7215668832411822,0.7385453916409881,0.7215664272997913,0.821427502604994
14.96,77.33349,-3.27709,0.7215668832411822,0.7412408016706147,0.7215664272997913,0.821427502604994
14.98,77.33349,-3.60477,0.7215668832411822,0.7385453916409881,0.7215664272997913,0.821427502604994
15.0,17.04037,-2.94941,0.7215668832411822,0.7412408016706147,5.744422046512488e-06,0.8244036783490435
15.02,77.66116,-3.27709,0.7215668832411822,0.7412408016706147,0.7254878330747545,0.821427502604994
15.04,77.98883,-2.62173,0.7254882859657236,0.7439362117002413,0.7254878330747545,0.8244036783490435
15.06,78.31651,-2.294055,0.7294098083656311,0.7439361705715483,0.7254878330747545,0.8273798540930931
15.08,78.64418,-1.96637,0.7294097485279482,0.7466316217298679,0.7294092986874474,0.8273798540930931
15.1,78.64418,-1.31101,0.7294097485279482,0.7466316217298679,0.7294092986874474,0.8333322055811924
15.12,78.644175,-0.32796499999999823,0.7294097485279482,0.7520224417891211,0.7294092388497178,0.8363084267380798
15.14,79.954915,0.9827600000000017,0.7254881662903575,0.754717892947441,0.7490171652904787,0.8452369539702287
15.16,95.35616,4.259575,0.8117631550304014,0.7681949430955741,0.8470572163583907,0.8601179689289904
15.18,98.30533,6.881025,0.8509790970816743,0.7816720755010935,0.8431355712325087,0.8690464961611393
15.2,97.97763,7.20871,0.8431358727688099,0.7843675266594132,0.8470570368452017,0.8690464961611393
15.22,97.649945,6.88104,0.8470573951687174,0.7843675677881063,0.839213926106627,0.8660703658299276
15.24,95.68386,5.57031,0.8352927681313116,0.7789767066001599,0.8274493497553593,0.8601179689289904
15.26,94.04546,3.604235,0.823528200931589,0.7708905176399731,0.8196062988545145,0.8511894416968415
15.28,92.734745,2.293515,0.815685215969457,0.7654996564520268,0.8117632479536694,0.8452371356215803
15.3,92.07938,2.29351,0.8117636337318662,0.7628042464224002,0.8078417225032467,0.848213265952792
15.32,92.40706,2.94887,0.8117636337318662,0.7654996564520268,0.8117632479536694,0.8511894416968415
15.34,92.40706,3.604235,0.8117636337318662,0.7681950664816534,0.8117632479536694,0.8541656628537291
15.36,92.40706,3.931915,0.8117636337318662,0.77089047651128,0.8117632479536694,0.8541656628537291
15.38,92.734745,4.58728,0.8117636337318662,0.7735859276695998,0.8156848332418216,0.8571418385977787
15.4,93.39010999999999,4.91495,0.815685215969457,0.7735858865409067,0.819606358692244,0.8601179689289904
15.42,93.71778499999999,4.914955,0.8196066785316815,0.7735858865409067,0.819606358692244,0.8601180143418283
15.44,94.37315,5.24264,0.823528260769272,0.7762813376992264,0.8235278841426665,0.8601180143418283
15.46,94.700835,5.898,0.823528260769272,0.7789767477288531,0.8274494694308188,0.863094190085878
15.48,95.3562,5.898,0.8313713654067703,0.7789767477288531,0.8274494694308188,0.863094190085878
15.5,95.68387,5.8980049999999995,0.8313713055690871,0.7789767477288531,0.8313709350435116,0.8630942354987159
15.52,96.339235,6.225685,0.8352928279689946,0.7789767888575461,0.8352925203316638,0.8660703658299276
15.54,96.9946,6.22568,0.8392144102065854,0.7789767477288531,0.8392140457820864,0.8660703658299276
15.56,97.32228,6.22568,0.8392144102065854,0.7789767477288531,0.8431355712325087,0.8660703658299276
15.58,97.32228,6.225675,0.8392144102065854,0.7789767066001599,0.8431355712325087,0.8660703658299276
15.6,97.32227499999999,6.553364999999999,0.8431359326064929,0.7816721577584796,0.8392139859443567,0.8660704112427655
15.62,92.40701,6.88105,0.8156849167810414,0.7816721988871728,0.8078413634768689,0.869046586986815
15.64,92.734695,6.88106,0.8117633345434506,0.7816722400158659,0.8156845340531733,0.869046632399653
15.66,92.40701,6.88106,0.8117633345434506,0.7816722400158659,0.8117629487650211,0.869046632399653
15.68,92.734695,6.55338,0.8117633345434506,0.7816722400158659,0.8156845340531733,0.8660704566556033
15.7,93.06237,6.2257,0.8156848569433582,0.7789768299862392,0.8156844742154435,0.8660704566556033
15.72,93.71773,6.55337,0.8196063793432659,0.7816721988871728,0.8196059996658661,0.8660704112427655
15.74,93.717725,6.88105,0.8196063793432659,0.7816721988871728,0.8196059398281365,0.869046586986815
15.76,94.045395,7.536415,0.8235278419054902,0.7843676089167994,0.8196058799904068,0.8720228081437026
15.78,94.045395,7.86409,0.8235278419054902,0.787063018946426,0.8196058799904068,0.8720227627308647
15.8,94.37307,8.191775,0.8235277820678071,0.7870630600751192,0.8235274054408294,0.8749989384749143
15.82,96.994565,8.519445,0.8235278419054902,0.787063018946426,0.854900207421506,0.8779750688061261
15.84,102.237545,9.174805,0.8705870082696276,0.7897583878473596,0.8705866084118443,0.8809512899630135
15.86,101.582165,10.15786,0.8666653063566707,0.795149290163999,0.8666650231236923,0.8839275111199011
15.88,101.254475,10.485535,0.8666653063566707,0.7978447001936256,0.8627433779978104,0.8839274657070632
15.9,101.25447,10.485535,0.8666652465189876,0.7978446590649326,0.8627433779978104,0.8839275111199011
15.92,101.58215,10.485535,0.8666652465189876,0.7978446590649326,0.8666649034482329,0.8839275111199011
15.94,100.92679,10.48554,0.86274372411908,0.7978447001936256,0.8627433779978104,0.8839275111199011
15.96,101.25447,10.48554,0.8666652465189876,0.7978447001936256,0.8627433779978104,0.8839275111199011
15.98,101.58215,10.813220000000001,0.8666652465189876,0.7978447001936256,0.8666649034482329,0.8869036868639506
16.0,96.01153,9.174800000000001,0.8588221418814894,0.795149249035306,0.8078413634768689,0.8749988476492385
16.02,90.440875,8.847115,0.7960768260800387,0.7897583055899734,0.8039196585132574,0.8779751142189639
16.04,92.40699,9.502490000000002,0.8117632148680844,0.7924538390056793,0.8117628290895618,0.8809512899630135
16.06,92.0793,10.15786,0.8078416326304939,0.795149290163999,0.811762769251832,0.8839275111199011
16.08,92.73466,10.157855000000001,0.815684677430309,0.795149249035306,0.811762769251832,0.8839275111199011
16.1,92.73466,9.83018,0.815684677430309,0.795149290163999,0.811762769251832,0.8809513353758515
16.12,93.06234,9.830175,0.815684677430309,0.795149249035306,0.8156842947022548,0.8809513353758515
16.14,93.06234,9.83018,0.815684677430309,0.795149249035306,0.8156842947022548,0.8809513807886893
16.16,92.734665,10.15786,0.815684677430309,0.795149290163999,0.8117628290895618,0.8839275111199011
16.18,92.73467,9.83018,0.815684737267992,0.795149290163999,0.8117628290895618,0.8809513353758515
16.2,92.73467,9.83018,0.8117632148680844,0.795149290163999,0.8156843545399842,0.8809513353758515
16.22,92.73467,9.83018,0.815684737267992,0.795149290163999,0.8117628290895618,0.8809513353758515
16.24,95.35616999999999,9.83017,0.8156848569433582,0.795149249035306,0.8431356310702386,0.8809512899630135
16.26,98.63302999999999,10.157855000000001,0.8509792167570404,0.795149249035306,0.8470572163583907,0.8839275111199011
16.28,98.306615,10.813220000000001,0.8470728332909582,0.7978447001936256,0.8470572163583907,0.8869036868639506
16.3,98.30534,10.48554,0.8470575746817668,0.7978447001936256,0.8470572163583907,0.8839275111199011
16.32,98.305345,10.48554,0.8470575746817668,0.7978447001936256,0.8470572761961203,0.8839275111199011
16.34,98.305345,10.48554,0.8470575746817668,0.7978447001936256,0.8470572761961203,0.8839275111199011
16.36,98.305345,10.48554,0.8470575746817668,0.7978447001936256,0.8470572761961203,0.8839275111199011
16.38,98.30535,10.81323,0.8470576345194498,0.7978447413223188,0.8470572761961203,0.8869037322767885
16.4,98.30535,10.81323,0.8470576345194498,0.7978447413223188,0.8470572761961203,0.8869037322767885
16.42,98.63303,10.813225,0.8470576345194498,0.7978447001936256,0.8509788016465429,0.8869037322767885
16.44,99.288385,10.813225,0.8509791569193574,0.7978447001936256,0.8549002672592358,0.8869037322767885
16.46,98.96069,11.1409,0.8509790372439912,0.8005401102232523,0.8509786819710836,0.8869036868639506
16.48,98.96069,11.46858,0.8509790372439912,0.8005401102232523,0.8509786819710836,0.8898798626080002
16.5,98.96069,11.46858,0.8509790372439912,0.8005401102232523,0.8509786819710836,0.8898798626080002
16.52,98.96069,11.46858,0.8509790372439912,0.8005401102232523,0.8509786819710836,0.8898798626080002
16.54,98.63301,11.79626,0.8509790372439912,0.8032355202528789,0.8470571565206609,0.8898798626080002
16.56,100.271425,12.123935,0.8509790372439912,0.8032355202528789,0.8666649632859627,0.8928559929392119
16.58,106.82515000000001,12.123940000000001,0.8941165615328548,0.8032355202528789,0.9019594103925211,0.8928560383520499
16.6,106.16977,12.451615,0.8941165016951717,0.8059308891538125,0.894116179978487,0.8928560383520499
16.62,106.169775,12.45162,0.8941165016951717,0.8059309302825056,0.8941162398162169,0.8928560383520499
16.64,105.84209,12.45162,0.8941165016951717,0.8059309302825056,0.8901946545280647,0.8928560383520499
16.66,105.84209,12.451615,0.8941165016951717,0.8059308891538125,0.8901946545280647,0.8928560383520499
16.68,106.16977,12.45162,0.8941165016951717,0.8059309302825056,0.894116179978487,0.8928560383520499
16.7,105.84209,12.779305,0.8941165016951717,0.8059309302825056,0.8901946545280647,0.8958322595089373
16.72,106.16977,12.451625,0.8941165016951717,0.8059309302825056,0.894116179978487,0.8928560837648877
16.74,106.16978,12.451625,0.8941165615328548,0.8059309714111986,0.8941162398162169,0.8928560383520499
16.76,106.169775,12.779305,0.8941165016951717,0.8059309302825056,0.8941162398162169,0.8958322595089373
16.78,105.842095,13.106985,0.8941165016951717,0.8086263403121322,0.8901947143657942,0.8958322595089373
16.8,105.842095,13.10699,0.8941165016951717,0.8086263814408253,0.8901947143657942,0.8958322595089373
16.82,105.51442,13.10699,0.8901950391329472,0.8086263814408253,0.8901947143657942,0.8958322595089373
16.84,105.51442,12.45163,0.8901950391329472,0.8059309714111986,0.8901947143657942,0.8928560837648877
16.86,105.514415,12.45163,0.890194979295264,0.8059309714111986,0.8901947143657942,0.8928560837648877
16.88,105.8421,11.79627,0.8901950391329472,0.803235561381572,0.8941162398162169,0.8898799080208382
16.9,106.16978,11.796265,0.8941165615328548,0.8032355202528789,0.8941162398162169,0.8898799080208382
16.92,105.8421,12.12395,0.8901950391329472,0.803235561381572,0.8941162398162169,0.8928560837648877
16.94,106.16978,11.468589999999999,0.8941165615328548,0.8005401513519453,0.8941162398162169,0.8898799080208382
16.96,105.842105,11.796275,0.8901950391329472,0.803235561381572,0.8941162996539463,0.889879953433676
16.98,106.169785,11.79627,0.8941165615328548,0.803235561381572,0.8941162996539463,0.8898799080208382
17.0,96.99464,6.881055,0.8901950391329472,0.7978447413223188,0.7882338559002156,0.8511894871096795
17.02,42.598985,-10.813735,0.6078415368902008,0.7250683414928548,0.4196050781648295,0.7708324695433126
17.04,9.830525,-14.090465,0.32156633273449775,0.6900281756224808,0.3137224548979096,0.7797614509038403
17.06,12.124310000000001,-10.485925,0.32940949720967905,0.7088963748594119,0.3333302616632112,0.7916663355313904
17.08,13.10734,-9.1752,0.3372524821718111,0.7142872360473582,0.33725172727590413,0.7976186870194897
17.1,14.41806,-8.192160000000001,0.34509552697162627,0.7196780561066116,0.34509477817674916,0.8005948627635392
17.12,15.401095000000002,-8.192155,0.3490169895338507,0.7196780561066116,0.3529378290775942,0.800594908176377
17.14,16.38414,-7.86447,0.3568600941713489,0.7223735072649312,0.35685935452801676,0.800594908176377
17.16,17.0395,-7.53679,0.36078161657125646,0.7223735072649312,0.3607808799784393,0.8035710839204266
17.18,17.69486,-6.553735,0.364703138971164,0.7250689584232509,0.3647024054288618,0.8095235262342018
17.2,15.401085,-3.6045749999999996,0.3686246613710716,0.7358507219278368,0.3333300223122926,0.8244046320186392
17.22,-8.519775000000001,-0.3277,0.22744871805842035,0.7466326499471949,0.18823208470341787,0.8422620497856401
17.24,-10.813575,7.20903,0.1882329555201968,0.7762825304313257,0.19999672089241513,0.8779765674297764
17.26,-9.502865,13.107325,0.20391904511982706,0.8032368774997506,0.19999660121695578,0.9017862004463628
17.28,-9.83056,17.367205,0.1999974030445533,0.8221049533506025,0.19999654137922615,0.919643391149174
17.3,-9.83056,20.644035000000002,0.1999974030445533,0.8355821268848149,0.19999654137922615,0.9345244061079359
17.32,-10.158235000000001,22.937825,0.1999974030445533,0.8463638903894006,0.19607507576653324,0.9434530695785983
17.34,-10.158225000000002,24.903930000000003,0.19999746288223638,0.8544502027356669,0.19607513560426293,0.952381733049261
17.36,-10.4859,25.886985000000003,0.19607600032001193,0.8598411050523063,0.19607513560426293,0.9553579542061484
17.38,-10.15821,26.542344999999997,0.19607606015769505,0.862536515081933,0.19999672089241513,0.958334129950198
17.4,-11.468935,30.802239999999998,0.19215447792010434,0.8787091809031582,0.1882321445411475,0.9791676326355726
17.42,-11.79661,32.112985,0.1882330153578799,0.8867955343781173,0.1882321445411475,0.982143899205298
17.44,-10.48589,32.768365,0.19607606015769505,0.8894910266651301,0.1960751954419926,0.9851201657750235
17.46,-10.813565,31.78532,0.19215453775778749,0.8867956166355034,0.19607525527972222,0.9791677688740863
17.48,-10.813559999999999,31.45764,0.19607611999537813,0.8841002066058768,0.19215372982929974,0.9791677688740863
17.5,-11.14124,31.129955000000002,0.19215459759547054,0.8841002066058768,0.19215372982929974,0.9761915477171988
17.52,-11.14123,30.47459,0.19215465743315369,0.8814047554475571,0.19215378966702934,0.9732153719731492
17.54,-10.485875,29.49154,0.19607611999537813,0.8760138942596108,0.19607531511745188,0.9702391508162617
17.56,-10.485865,28.83617,0.19607623967074433,0.873318443101291,0.19607531511745188,0.9672629296593742
17.58,-10.48586,28.18081,0.19607623967074433,0.8706230330716644,0.19607537495518151,0.9642867539153246
17.6,-10.48586,28.18081,0.19607623967074433,0.8706230330716644,0.19607537495518151,0.9642867539153246
17.62,-10.48586,27.197765,0.19607623967074433,0.8652322130124112,0.19607537495518151,0.9613105327584371
17.64,-11.468914999999999,24.576305,0.19607623967074433,0.8598413518244648,0.184310619090725,0.9434533420556258
17.66,-12.124310000000001,24.903975,0.18431137328260613,0.8544503672504392,0.1882320248656882,0.9523819601134503
17.68,-11.796615,26.542405000000002,0.1882330153578799,0.8625367618540913,0.18823208470341787,0.9583344024272253
17.7,-11.796615,27.197775,0.1882329555201968,0.8652322130124112,0.1882321445411475,0.9613106235841129
17.72,-11.79661,27.853135,0.1882330153578799,0.8679276230420377,0.1882321445411475,0.9642867993281625
17.74,-11.468924999999999,28.50851,0.1882330153578799,0.8706231153290505,0.19215372982929974,0.96726302048505
17.76,-11.46892,28.508515000000003,0.19215459759547054,0.8706231153290505,0.1882322043788772,0.9672630658978878
17.78,-11.14124,28.18083,0.19215459759547054,0.8706231153290505,0.19215372982929974,0.9642868447410005
17.8,-11.14123,27.197785,0.19215465743315369,0.867927705299424,0.19215378966702934,0.9583344478400633
17.82,-11.14123,25.887045,0.19215465743315369,0.8625368029827845,0.19215378966702934,0.9523820055262883
17.84,-10.48587,24.57631,0.19607617983306125,0.8571459006661449,0.19607531511745188,0.9464296086253511
17.86,-10.48587,22.9379,0.19607617983306125,0.8490596294485719,0.19607531511745188,0.9404772117244141
17.88,-10.48587,22.28253,0.19607617983306125,0.8463641782902523,0.19607531511745188,0.9375009905675266
17.9,-10.48587,21.95484,0.19607617983306125,0.8463641371615592,0.19607531511745188,0.934524769410639
17.92,-10.485875,20.9718,0.19607611999537813,0.8409733171023059,0.19607531511745188,0.9315485936665894
17.94,-10.48587,20.31643,0.19607617983306125,0.8382778659439862,0.19607531511745188,0.9285723725097019
17.96,-10.48587,21.299475,0.19607617983306125,0.8382778659439862,0.19607531511745188,0.9375009451546886
17.98,-10.485855,23.59327,0.19607617983306125,0.8517550806068916,0.19607549463064086,0.9434534328813015
18.0,-10.485855,22.610219999999998,0.19607629950842745,0.8463642194189455,0.19607537495518151,0.9404772117244141
18.02,-9.83049,22.282545,0.19999782190833504,0.8463642194189455,0.19999696024333372,0.9375010813932023
18.04,-10.158169999999998,22.28254,0.19999782190833504,0.8463642194189455,0.19607543479291117,0.9375010359803645
18.06,-9.83049,22.282535000000003,0.19999782190833504,0.8463641782902523,0.19999696024333372,0.9375010359803645
18.08,-9.17514,21.62717,0.2039192844705595,0.8436687682606256,0.2039184258560266,0.9345248148234769
18.1,-9.175145,21.95484,0.20391922463287634,0.8436687271319325,0.2039184258560266,0.9375009451546886
18.12,-9.175145,21.627160000000003,0.20391922463287634,0.8409733171023059,0.2039184258560266,0.9375009451546886
18.14,-9.175145,21.95484,0.2039192844705595,0.8436687271319325,0.2039183660182969,0.9375009451546886
18.16,-9.502825000000001,21.954835000000003,0.20391922463287634,0.8436686860032395,0.19999690040560406,0.9375009451546886
18.18,-9.8305,21.29947,0.1999977620706519,0.8436686860032395,0.19999690040560406,0.9315485482537516
18.2,-9.830494999999999,21.299464999999998,0.1999977620706519,0.8409732759736128,0.19999696024333372,0.9345246785849632
18.22,28.83622,26.21459,0.32156627289681466,0.8490592592903342,0.541174042584358,0.9702383787980176
18.24,87.81954999999999,34.078835,0.7450969152058742,0.8921854496061229,0.8235287817086112,0.9940475122733872
18.26,91.75181,35.717245,0.815685874183971,0.9002716385663098,0.7999992699796983,1.0
18.28,91.42411,35.71725,0.803921127471199,0.9002717208236959,0.8078422610428135,0.9999999545871621
18.3,92.079465,35.38957,0.8117641124333311,0.9002717208236959,0.8078422610428135,0.9970237788431124
18.32,91.75178,34.734205,0.8078425900334235,0.8975763107940692,0.8078422012050841,0.994047557686225
18.34,92.07946,34.734195,0.8117641124333311,0.8975762696653762,0.8078422012050841,0.9940475122733872
18.36,92.407135,34.73419,0.811764052595648,0.8975762285366831,0.8117637266555064,0.9940475122733872
18.38,92.079455,34.07883,0.811764052595648,0.8948808185070565,0.8078422012050841,0.9910713365293375
18.4,92.079455,33.09577,0.811764052595648,0.8921853262200437,0.8078422012050841,0.9851188942155625
18.42,92.07946,32.11272,0.8078425900334235,0.8867944650320972,0.8117637266555064,0.982142673058675
18.44,91.75178,31.78503,0.8078425900334235,0.8840990138737775,0.8078422012050841,0.982142627645837
18.46,91.75178,31.457345,0.8078425900334235,0.8840989727450844,0.8078422012050841,0.9791664519017874
18.48,91.75178,31.45735,0.8078425900334235,0.8840990138737775,0.8078422012050841,0.9791664519017874
18.5,91.09642,31.12967,0.8039210676335159,0.8814036038441508,0.8039206757546613,0.9791664519017874
18.52,90.768745,30.80199,0.8039210676335159,0.8814036038441508,0.7999992101419685,0.9761902761577378
18.54,91.096425,30.801994999999998,0.8039210676335159,0.8814036038441508,0.8039207355923912,0.9761903215705757
18.56,90.76875,31.129685000000002,0.803921127471199,0.881403644972844,0.7999992101419685,0.9791665427274633
18.58,90.113395,30.80201,0.7999996649089746,0.8814036861015371,0.7960776846915462,0.9761903669834137
18.6,90.44108,30.474330000000002,0.7999996649089746,0.8787082760719104,0.7999992699796983,0.9761903669834137
18.62,89.785725,30.474339999999998,0.796078142509067,0.8787083172006035,0.7960778043670055,0.9761904123962516
18.64,89.78573,29.491295,0.7960782023467502,0.8760128660422838,0.7960778043670055,0.9702380609081523
18.66,89.45805,29.818975000000002,0.7960782023467502,0.8760128660422838,0.7921562789165828,0.973214236652202
18.68,89.78573,29.163615,0.7960782023467502,0.8733174560126571,0.7960778043670055,0.9702380609081523
18.7,93.0626,28.18056,0.7999998444220238,0.8706220048543374,0.8313722514735639,0.9642856185943773
18.72,98.633265,28.50825,0.8509805930237518,0.8706220459830304,0.8470586524639023,0.9672618397512648
18.74,97.65021,28.83593,0.8431374285485705,0.8733174560126571,0.8431370671757501,0.9672618397512648
18.76,98.30557,28.50825,0.847058950948478,0.8706220459830304,0.8470585926261727,0.9672618397512648
18.78,98.63324,28.18056,0.8470588911107949,0.8706220048543374,0.8509800582388655,0.9642856185943773
18.8,98.96091,28.18055,0.8509803536730194,0.8706219637256444,0.8509799984011358,0.9642855731815395
18.82,98.96091,27.852865,0.8509803536730194,0.8679265125673247,0.8509799984011358,0.9642855731815395
18.84,98.96091,27.52518,0.8509803536730194,0.8679265125673247,0.8509799984011358,0.961309352024652
18.86,98.96091,26.86981,0.8509803536730194,0.8652310614090049,0.8509799984011358,0.9583331308677644
18.88,99.61627,26.54212,0.854901876072927,0.8652310202803118,0.8549015238515584,0.955356909710877
18.9,99.61627,25.886744999999998,0.854901876072927,0.862535569121992,0.8549015238515584,0.9523806431411515
18.92,99.288585,24.903695,0.854901876072927,0.8571447079340456,0.8509799385634061,0.9494044219842641
18.94,77.66140999999999,14.745560000000001,0.7960783220221163,0.8328858942813266,0.6509793282185637,0.8839281923124694
18.96,28.181024999999998,2.621345,0.4745089375657803,0.7681956834120496,0.38039018268698216,0.8452378168141487
18.98,21.627299999999998,4.587495,0.380390784350555,0.7708913402138347,0.39607640416413153,0.8601190588370999
19.0,23.2657,6.2259,0.39999857586314214,0.7789776525601008,0.3960762246509426,0.8660713649123613
19.02,23.26568,6.553585,0.3960768739501852,0.7816730625897275,0.39999769026363546,0.866071410325199
19.04,24.24871,6.88127,0.40391985891231724,0.7816731037184206,0.4039191558763283,0.8690475860692486
19.06,24.248705,8.191994999999999,0.4039197990746341,0.7870639237776738,0.4039191558763283,0.8749999829701858
19.08,24.904055,8.19199,0.40784126163685863,0.7870639237776738,0.4078406214890212,0.8749999375573478
19.1,24.90405,8.847355,0.40784126163685863,0.7897593338073003,0.40784056165129157,0.8779761587142354
19.12,22.610265,6.8812750000000005,0.41176278403676614,0.7870639237776738,0.37646805885926304,0.8630952799939873
19.14,-7.864265,0.98304,0.2509789893738447,0.7601098234814073,0.17254664111675394,0.8392859194544283
19.16,-11.796495,2.9491750000000003,0.18039056893489583,0.7628054391544994,0.19607597333247806,0.8541670706517037
19.18,-10.81344,3.932225,0.19607689788525848,0.7681963414711388,0.19215438804432583,0.8571432463957533
19.2,-10.48577,4.58759,0.19607677820989228,0.7735872026590852,0.19607591349474837,0.8571432463957533
19.22,-9.83041,4.915274999999999,0.19999830060979984,0.7735872026590852,0.1999974389451709,0.8601194675526409
19.24,-9.50273,5.570645,0.2039198230097074,0.7762826538174049,0.1999974389451709,0.8630956887095284
19.26,-9.501455,5.89833,0.19999830060979984,0.7789781049757246,0.2039342230166545,0.8630956887095284
19.28,-9.17505,5.89833,0.2039198230097074,0.7789781049757246,0.20391896439559345,0.8630956887095284
19.3,-9.502725,6.22602,0.2039198828473905,0.7762826949460979,0.1999974389451709,0.8690481310233034
19.32,-11.796495,9.502865,0.18823367357239404,0.7924553607673233,0.18823286259390334,0.8809530156508534
19.34,-11.468820000000001,9.830555,0.18823367357239404,0.795150811925643,0.19215432820659623,0.8809530610636912
19.36,-11.14114,9.1752,0.1921551959723016,0.7924554430247094,0.19215432820659623,0.8779768853196416
19.38,-10.81346,9.17519,0.1921551959723016,0.7924554018960164,0.19607585365701874,0.8779768399068038
19.4,-10.48577,8.51983,0.19607677820989228,0.7897599918663898,0.19607591349474837,0.8750006641627542
19.42,-10.48577,8.19215,0.19607677820989228,0.7870645818367631,0.19607591349474837,0.8750006641627542
19.44,-10.158090000000001,7.53678,0.19607677820989228,0.78706454070807,0.1999974389451709,0.869048267261817
19.46,-9.83041,7.209095,0.19999830060979984,0.7843690895497503,0.1999974389451709,0.869048267261817
19.48,-9.17506,7.20909,0.2039197631720243,0.7843690895497503,0.20391890455786377,0.8690482218489791
19.5,-9.17507,6.8814,0.2039197033343412,0.7816736383914306,0.20391884472013416,0.8690481764361413
19.52,-9.17507,6.55371,0.2039197033343412,0.7816735972627374,0.20391884472013416,0.8660719552792537
19.54,-9.17507,5.898345,0.2039197033343412,0.7789781461044176,0.20391884472013416,0.8630957795352041
19.56,-9.17508,6.22602,0.2039196434966581,0.7789781461044176,0.20391878488240447,0.8660719098664158
19.58,-9.17508,5.89833,0.2039196434966581,0.7789781049757246,0.20391878488240447,0.8630956887095284
19.6,-9.17508,5.24296,0.2039196434966581,0.7762826538174049,0.20391878488240447,0.8601194675526409
19.62,-9.17508,5.570635,0.2039196434966581,0.7762826538174049,0.20391878488240447,0.8630955978838526
19.64,-9.175085,5.24295,0.2039196434966581,0.7762826126887119,0.20391872504467484,0.860119422139803
19.66,-8.847404999999998,4.58758,0.20784110605888254,0.7735871615303921,0.20391878488240447,0.8571432009829155
19.68,-9.175085,4.58758,0.2039196434966581,0.7735871615303921,0.20391872504467484,0.8571432009829155
19.7,-9.17509,4.25989,0.20391958365897497,0.7735871204016991,0.20391872504467484,0.854166979826028
19.72,-9.17509,3.60453,0.20391958365897497,0.7681963003424457,0.20391872504467484,0.854166979826028
19.74,-9.17509,3.27684,0.20391958365897497,0.7681962592137527,0.20391872504467484,0.8511907586691404
19.76,-9.17509,3.27684,0.20391958365897497,0.7681962592137527,0.20391872504467484,0.8511907586691404
19.78,-9.175095,2.94915,0.20391958365897497,0.7681962180850596,0.20391866520694518,0.848214537512253
19.8,-9.502780000000001,2.29379,0.2039195238212919,0.7628053980258063,0.19999713975652264,0.848214537512253
19.82,-9.502770000000002,1.9661,0.20391958365897497,0.7628053568971133,0.19999719959425233,0.8452383163553655
19.84,-9.502775,1.31073,0.2039195238212919,0.7601099057387936,0.19999719959425233,0.842262095198478
19.86,-9.502775,0.65537,0.20391958365897497,0.7574144957091669,0.19999713975652264,0.8392859194544283
19.88,-9.502770000000002,0.32768,0.19999806125906744,0.7574144545804737,0.20391872504467484,0.8363096982975409
19.9,-9.83045,-0.655365,0.19999806125906744,0.7520236345212205,0.19999719959425233,0.8333334771406533
19.92,-9.83045,-0.65536,0.19999806125906744,0.7520236345212205,0.19999719959425233,0.8333335225534912
19.94,-9.17509,-0.65536,0.20391958365897497,0.7520236345212205,0.20391872504467484,0.8333335225534912
19.96,-9.17508,-0.9830400000000001,0.2039196434966581,0.7493282244915939,0.20391878488240447,0.8333335225534912
19.98,-8.8474,-0.983045,0.20784116589656565,0.7493281833629007,0.20391878488240447,0.8333335225534912
20.0,-8.51972,-1.3107250000000001,0.20784116589656565,0.7493282244915939,0.20784031033282702,0.8303573013966037
20.02,-8.519715,-1.3107250000000001,0.20784116589656565,0.7493281833629007,0.20784037017055665,0.8303573468094416
20.04,-8.519715,-1.6384050000000001,0.20784116589656565,0.7493281833629007,0.20784037017055665,0.827381171065392
20.06,-8.51971,-1.966085,0.2078412257342488,0.7466327733332742,0.20784037017055665,0.827381171065392
20.08,-8.192029999999999,-1.966085,0.21176274813415633,0.7466327733332742,0.20784037017055665,0.827381171065392
20.1,-8.51971,-1.96608,0.2078412257342488,0.7466328144619672,0.20784037017055665,0.827381171065392
20.12,-7.86435,-1.96608,0.21176274813415633,0.7466328144619672,0.2117618956209792,0.827381171065392
20.14,-7.86434,-1.96608,0.21176280797183944,0.7466328144619672,0.21176195545870885,0.827381171065392
20.16,-7.86434,-2.621445,0.21176280797183944,0.7439373633036475,0.21176195545870885,0.8244049953213424
20.18,-7.20898,-2.94912,0.21568433037174697,0.7412419944027139,0.2156834809091314,0.8244049953213424
20.2,-6.55363,-3.27681,0.21960579293397145,0.7412419532740208,0.21960494652182425,0.8214287741644548
20.22,-6.553635,-3.276815,0.21960579293397145,0.7412419121453279,0.21960488668409459,0.8214287741644548
20.24,-6.55364,-3.27682,0.21960573309628834,0.7412419121453279,0.21960488668409459,0.8214287287516171
20.26,-6.5536449999999995,-3.6045049999999996,0.21960573309628834,0.738546460987008,0.21960482684636495,0.8214287287516171
20.28,-6.55365,-3.2768249999999997,0.21960567325860525,0.7412418710166347,0.21960482684636495,0.8214287287516171
20.3,-6.553655,-3.6045049999999996,0.21960567325860525,0.738546460987008,0.2196047670086353,0.8214287287516171
20.32,-6.553655,-3.60451,0.21960567325860525,0.738546460987008,0.2196047670086353,0.8214286833387792
20.34,-6.55366,-3.60451,0.21960561342092214,0.738546460987008,0.2196047670086353,0.8214286833387792
20.36,-6.5536650000000005,-3.27683,0.21960561342092214,0.7412418710166347,0.21960470717090566,0.8214286833387792
20.38,-6.55367,-3.27683,0.21960555358323902,0.7412418710166347,0.21960470717090566,0.8214286833387792
20.4,-6.55367,-3.2768249999999997,0.21960555358323902,0.7412419121453279,0.21960470717090566,0.8214286833387792
20.42,-7.20903,-3.27683,0.2156840311833315,0.7412418710166347,0.21568318172048312,0.8214286833387792
20.44,-6.55367,-3.60451,0.21960555358323902,0.738546460987008,0.21960470717090566,0.8214286833387792
20.46,-9.175145,-3.60451,0.21176244894574084,0.738546460987008,0.1960751954419926,0.8214286833387792
20.48,-10.1582,-3.60451,0.19607606015769505,0.738546419858315,0.1999968405678744,0.8214287287516171
20.5,-9.83052,-2.94914,0.1999976423952857,0.7412419121453279,0.19999678073014476,0.8244049044956665
20.52,-9.830525,-3.27682,0.19999758255760258,0.7412419121453279,0.19999678073014476,0.8214287287516171
20.54,-9.83052,-3.93219,0.1999976423952857,0.738546460987008,0.19999678073014476,0.8184525075947295
20.56,-9.83052,-3.60451,0.1999976423952857,0.738546460987008,0.19999678073014476,0.8214286833387792
20.58,-9.83052,-3.604515,0.1999976423952857,0.738546419858315,0.19999678073014476,0.8214286833387792
20.6,-26.5422,-3.93219,0.0,0.738546460987008,0.19999678073014476,0.8184525075947295
20.62,-10.1582,-4.259875,0.1999976423952857,0.7358510098286883,0.19607525527972222,0.8184525075947295
20.64,-10.48588,-3.932195,0.19607611999537813,0.738546419858315,0.19607525527972222,0.8184525075947295
20.66,-10.48588,-4.25987,0.19607611999537813,0.7358510509573815,0.19607525527972222,0.8184525075947295
20.68,-10.48588,-4.58756,0.19607611999537813,0.7358510098286883,0.19607525527972222,0.815476286437842
20.7,-10.48588,-4.91524,0.19607611999537813,0.7331555997990616,0.19607525527972222,0.815476286437842
20.72,-10.48588,-5.24292,0.19607611999537813,0.7331555997990616,0.19607525527972222,0.8125001106937924
20.74,-9.830504999999999,-5.242925,0.19607611999537813,0.7331555997990616,0.20391848569375626,0.8125000652809544
20.76,-7.209,-5.570615,0.2156842106963808,0.7304601075120488,0.21568336123367204,0.8125000652809544
20.78,-7.86438,-4.91525,0.21176256862110704,0.7331555586703686,0.21176171610779027,0.815476241025004
20.8,-7.86438,-4.259885000000001,0.21176256862110704,0.7358509686999952,0.21176171610779027,0.8184524621818916
20.82,-8.19205,-4.58756,0.20784110605888254,0.7358510098286883,0.2117617759455199,0.815476286437842
20.84,-8.19205,-4.58756,0.2117626284587901,0.7358510098286883,0.20784025049509738,0.815476286437842
20.86,-8.192055,-4.25988,0.2117626284587901,0.7358510098286883,0.20784019065736772,0.8184524621818916
20.88,-8.19206,-3.60451,0.20784104622119945,0.738546460987008,0.21176171610779027,0.8214286833387792
20.9,-7.86438,-4.25988,0.21176256862110704,0.7358510098286883,0.21176171610779027,0.8184524621818916
20.92,-7.864395,-4.25988,0.2117625087834239,0.7358510098286883,0.21176159643233092,0.8184524621818916
20.94,-7.8644,-3.9322,0.21176244894574084,0.738546419858315,0.21176159643233092,0.8184524621818916
20.96,-7.864405,-4.25989,0.21176244894574084,0.7358509686999952,0.21176153659460129,0.8184524167690537
20.98,-7.86441,-4.58757,0.2117623891080577,0.7358509686999952,0.21176153659460129,0.815476241025004
21.0,-5.8983,-4.2599,0.2117623891080577,0.7331555175416755,0.23529104832351436,0.8214285471002655
21.02,9.50285,-1.966155,0.3019585412219106,0.7466325265611157,0.3294087960505183,0.8273808077626889
21.04,10.15821,-1.966155,0.32156639257218084,0.7466324854324226,0.3176439803483322,0.8273808531755268
21.06,10.48588,-1.63848,0.31764475049690705,0.7466324854324226,0.3254870312491772,0.8303569835067385
21.08,10.48587,-1.96616,0.3215662130591315,0.7466324854324226,0.32156544596102504,0.8273808077626889
21.1,10.48587,-1.96616,0.3215662130591315,0.7466324854324226,0.32156544596102504,0.8273808077626889
21.12,10.485865,-1.63848,0.3215662130591315,0.7466324854324226,0.3215653861232954,0.8303569835067385
21.14,9.8305,-1.96616,0.3176446308215409,0.7466324854324226,0.31764386067287287,0.8273808077626889
21.16,9.83051,-1.96616,0.31764469065922396,0.7466324854324226,0.31764392051060253,0.8273808077626889
21.18,10.158185,-1.966165,0.32156615322144844,0.7466324443037294,0.31764392051060253,0.8273808077626889
21.2,10.158180000000002,-1.966165,0.32156615322144844,0.7466324443037294,0.31764386067287287,0.8273808077626889
21.22,9.8305,-1.966165,0.3176446308215409,0.7466324443037294,0.31764386067287287,0.8273808077626889
21.24,9.830494999999999,-1.638485,0.31764457098385773,0.7466324443037294,0.31764386067287287,0.8303569835067385
21.26,9.50282,-1.638485,0.3176446308215409,0.7466324443037294,0.31372233522245035,0.8303569835067385
21.28,9.8305,-1.966165,0.3176446308215409,0.7466324443037294,0.31764386067287287,0.8273808077626889
21.3,11.468914999999999,-1.966175,0.3176446308215409,0.7466324443037294,0.3372516674381744,0.8273807169370131
21.32,15.72881,-1.31081,0.35293875128449065,0.7466324443037294,0.3529380085907831,0.8333331138379502
21.34,15.401115,-0.655445,0.3529386316091244,0.7520232643629828,0.349016423302631,0.8333331592507881
21.36,15.7288,-0.983125,0.35293869144680756,0.7493278543333561,0.3529379487530535,0.8333331592507881
21.38,15.7288,-1.310805,0.35293869144680756,0.7493278543333561,0.3529379487530535,0.8303569835067385
21.4,15.7288,-0.9831300000000001,0.35293869144680756,0.7493278543333561,0.3529379487530535,0.8333331138379502
21.42,15.7288,-1.310805,0.35293869144680756,0.7493278543333561,0.3529379487530535,0.8303569835067385
21.44,15.7288,-1.310805,0.35293869144680756,0.7493278543333561,0.3529379487530535,0.8303569835067385
21.46,15.7288,-0.983125,0.35293869144680756,0.7493278543333561,0.3529379487530535,0.8333331592507881
21.48,17.36721,-0.983125,0.35293869144680756,0.7493278954620493,0.37254569568062545,0.8333331138379502
21.5,29.163854999999998,1.31062,0.42352693237270717,0.7601094533231696,0.4431342907050943,0.8422615956572611
21.52,29.81922,2.29366,0.4392133211607529,0.7628048633527963,0.43529100045333063,0.8482139471453604
21.54,29.49154,2.29367,0.4352917389231622,0.7628049044814894,0.4352910602910603,0.8482139925581983
21.56,30.146895,1.96598,0.43921326132306976,0.7628048633527963,0.43921252590375315,0.8452377714013107
21.58,30.146895,1.638295,0.4392132014853866,0.7601094121944766,0.4392125857414828,0.8452377714013107
21.6,30.1469,2.293665,0.43921326132306976,0.7628048633527963,0.4392125857414828,0.8482139925581983
21.62,29.819225,2.293675,0.43921326132306976,0.765500314511116,0.43529112012878995,0.8452378622269866
21.64,29.819229999999997,1.965995,0.4392133211607529,0.7628049044814894,0.43529112012878995,0.8452378622269866
21.66,29.49155,2.6213550000000003,0.43529179876084534,0.7655003556398091,0.43529112012878995,0.8482139925581983
21.68,29.491535,2.293675,0.4352917389231622,0.7628049044814894,0.43529100045333063,0.8482140379710362
21.7,30.14689,2.62135,0.4392132014853866,0.765500314511116,0.43921252590375315,0.8482139925581983
21.72,30.14688,2.94902,0.4392131416477036,0.765500273382423,0.4392124660660235,0.85119012288941
21.74,30.14687,2.621345,0.4392130818100205,0.765500273382423,0.43921240622829383,0.8482139925581983
21.76,30.80222,2.949025,0.4431345443722449,0.765500273382423,0.4431338718409867,0.8511901683022479
21.78,30.474539999999998,3.2767,0.4431345443722449,0.7681956834120496,0.4392123463905642,0.85119012288941
21.8,32.76832,4.259735,0.4431345443722449,0.7681956422833565,0.4666632638944405,0.8601186501215589
21.82,45.22037,6.5535,0.5176446667241507,0.7789773235305562,0.5411735638825208,0.8690471773537076
21.84,45.54804,7.5365400000000005,0.5333308759991472,0.7843681024611164,0.5294087481803347,0.8720233985105951
21.86,45.875715,7.208864999999999,0.5333308759991472,0.7843681435898093,0.5333302137930275,0.8690472227665456
21.88,46.20339,6.55349,0.5372523385613717,0.7816726924314897,0.5333302137930275,0.8660709561968202
21.9,46.20339,6.55349,0.533330816161464,0.7816726924314897,0.53725173924345,0.8660709561968202
21.92,46.53107,5.89813,0.5372523385613717,0.7789772824018631,0.53725173924345,0.8630947804527705
21.94,1.6389099999999992,6.553485,3.769774035561766e-06,0.7816726513027966,0.53725173924345,0.8660709561968202
21.96,46.20339,6.225804999999999,0.5372523385613717,0.7816726924314897,0.5333302137930275,0.8630947350399327
21.98,45.87571,5.89812,0.533330816161464,0.77897724127317,0.5333302137930275,0.8630947350399327
22.0,45.548025,6.225804999999999,0.533330756323781,0.77897724127317,0.529408688342605,0.8660709561968202
22.02,45.54803,6.22581,0.533330816161464,0.7789772824018631,0.529408688342605,0.8660709561968202
22.04,0.983550000000001,5.89813,3.769774035561766e-06,0.7789772824018631,0.529408688342605,0.8630947804527705
22.06,44.892675,6.22581,0.5294092937615565,0.7816726924314897,0.5254872227299121,0.8630947804527705
22.08,44.564994999999996,6.22581,0.5254877713616489,0.7816726924314897,0.5254872227299121,0.8630947804527705
22.1,44.565,5.89813,0.5254878311993321,0.7789772824018631,0.5254872227299121,0.8630947804527705
22.12,46.203419999999994,5.898135,0.5254878311993321,0.7762819135009296,0.5450950893329434,0.8660709561968202
22.14,62.915364999999994,9.174925,0.6156841029885511,0.7897588813916766,0.6548997167521229,0.8809518349170682
22.16,65.53685999999999,9.830285,0.6549001647151903,0.7951497014509298,0.6470564863380889,0.8809518349170682
22.18,65.20917,9.502614999999999,0.6470570002400089,0.7924543736786893,0.6509780117885114,0.8809518349170682
22.2,65.53686,8.51956,0.6509785824775995,0.7897588813916766,0.6509780716262411,0.8749994380161311
22.22,65.86454,7.208825,0.6509785824775995,0.7843680202037302,0.6548995970766637,0.8690469957023561
22.24,66.19223,6.55346,0.6549001647151903,0.7816725690454105,0.6548996569143932,0.8660708199583065
22.26,66.19223,5.8981,0.6549001647151903,0.7789771590157838,0.6548996569143932,0.8630946442142569
22.28,66.19223,5.570415000000001,0.6549001647151903,0.7762817078574641,0.6548996569143932,0.8630946442142569
22.3,66.192235,5.242735,0.6549001647151903,0.7762817078574641,0.6548997167521229,0.8601184684702072
22.32,66.19224,4.587375,0.6549002245528733,0.7735862978278374,0.6548997167521229,0.8571422927261576
22.34,65.86457,4.58737,0.6549002843905565,0.7735862978278374,0.6509782511394301,0.8571422473133197
22.36,66.19225,3.93201,0.6549002843905565,0.7708908877982108,0.6548997765898525,0.85416607156927
22.38,66.19226,3.60433,0.6549003442282396,0.7681954777685841,0.6548998364275822,0.85416607156927
22.4,66.19226499999999,2.62128,0.6549003442282396,0.7655000266102645,0.6548998962653119,0.8482136746683331
22.42,65.86458999999999,2.9489650000000003,0.6549004040659225,0.7655000266102645,0.6509783708148894,0.8511898958252204
22.44,65.864595,2.62128,0.6549004040659225,0.7655000266102645,0.650978430652619,0.8482136746683331
22.46,65.53692,2.62128,0.6509789415036982,0.7655000266102645,0.650978430652619,0.8482136746683331
22.48,65.53693,1.96592,0.6509790013413812,0.7628046165806378,0.6509784904903486,0.8452374989242835
22.5,65.53693,1.310555,0.6509790013413812,0.7601091654223181,0.6509784904903486,0.8422613231802338
22.52,65.53693,0.9828700000000001,0.6509790013413812,0.7574137553926915,0.6509784904903486,0.8422612777673959
22.54,66.192295,-0.00017499999999864998,0.6549005237412888,0.7547183453630648,0.6549000757785008,0.8363088808664588
22.56,63.57083,-1.310915,0.6431358967038832,0.7493274430464253,0.6352922091754697,0.8303564385526837
22.58,63.898505,-1.31092,0.6392142546286094,0.7493274019177323,0.6431353199140443,0.8303564385526837
22.6,63.89851,-1.31092,0.6431358368662,0.7493274019177323,0.6392137944636218,0.8303564385526837
22.62,64.22619,-1.638605,0.6431358368662,0.7466319507594126,0.6431353199140443,0.8303564385526837
22.64,64.22619,-1.96629,0.6431358368662,0.7466319507594126,0.6431353199140443,0.8273802173957964
22.66,64.55387,-1.96629,0.6431358368662,0.7466319507594126,0.6470568453644668,0.8273802173957964
22.68,65.20922,-2.62165,0.6470572994284245,0.743936540729786,0.6509783109771597,0.8244040416517467
22.7,65.20921,-2.6216549999999996,0.6470572395907414,0.7439364996010929,0.6509782511394301,0.8244040416517467
22.72,65.53689,-2.62166,0.650978761990649,0.7439364996010929,0.6509782511394301,0.8244039962389088
22.74,67.502995,-1.638625,0.6509787021529658,0.7439364996010929,0.6745077628683431,0.8333324780582197
22.76,75.36746500000001,0.9828250000000001,0.7058810329922844,0.757413590877919,0.7137237952630539,0.8422610507032064
22.78,74.712085,1.638185,0.7058810329922844,0.7601089597788526,0.7058805050112902,0.8452372718600939
22.8,75.03977,1.3105,0.7058810329922844,0.7601089597788526,0.7098020902994424,0.8422610507032064
22.82,74.71208,0.98282,0.7058809731546013,0.757413549749226,0.7058805050112902,0.8422610507032064
22.84,74.712075,0.65513,0.7058809133169182,0.757413508620533,0.7058805050112902,0.839284829546319
22.86,74.71207,-0.0002300000000019,0.7058809133169182,0.7547180985909063,0.7058804451735605,0.8363086538022694
22.88,74.71207,-0.655605,0.7058809133169182,0.7520226063038935,0.7058804451735605,0.8333324326453818
22.9,74.71207,-0.65561,0.7058809133169182,0.7520226063038935,0.7058804451735605,0.833332387232544
22.92,74.71207,-0.98329,0.7058809133169182,0.7520226063038935,0.7058804451735605,0.8303562114884944
22.94,74.71207,-1.31097,0.7058809133169182,0.7493271962742669,0.7058804451735605,0.8303562114884944
22.96,74.712065,-1.63865,0.705880853479235,0.7466317862446402,0.7058804451735605,0.8303562114884944
22.98,15.729664999999997,-1.96634,6.821495873859499e-06,0.7466317451159471,0.7058804451735605,0.8273799903316068
23.0,74.712065,-2.62171,0.7058809133169182,0.7439362939576274,0.7058803853358309,0.8244037691747192
23.02,74.38438,-2.62171,0.705880853479235,0.7439362939576274,0.7019588598854084,0.8244037691747192
23.04,74.0567,-2.62172,0.7019593310793276,0.7439362528289343,0.7019588598854084,0.8244037237618814
23.06,74.0567,-3.27708,0.7019593310793276,0.7412408427993077,0.7019588598854084,0.8214275480178318
23.08,73.72902,-3.277075,0.7019593310793276,0.7412408427993077,0.6980373344349858,0.8214275934306696
23.1,80.938095,-1.638685,0.7137240777920996,0.7439362117002413,0.7725475147476069,0.8333322509940302
23.12,91.096385,-0.00028999999999995696,0.8078425301957404,0.7520224417891211,0.799998791277861,0.8392845570692916
23.14,89.130255,0.65508,0.7921559618946453,0.7574132618483744,0.7921556207015568,0.8392846478949674
23.16,89.45793,-0.00028499999999805,0.7960774842945528,0.7547178518187478,0.7921555608638271,0.8363084267380798
23.18,89.457925,-0.32796499999999823,0.7960774244568697,0.7520224417891211,0.7921555608638271,0.8363084267380798
23.2,89.13025,-0.32796999999999976,0.7921559618946453,0.7520224417891211,0.7921555608638271,0.836308381325242
23.22,89.130245,-0.655645,0.7921559618946453,0.7520224417891211,0.7921555010260973,0.8333322509940302
23.24,89.78561,-0.9833350000000001,0.7960774842945528,0.7493269906308014,0.7960770863142496,0.8333322055811924
23.26,89.78561,-1.31102,0.7960774842945528,0.7493269906308014,0.7960770863142496,0.8303559844243048
23.28,89.78561,-1.6387,0.7960774842945528,0.7466315806011748,0.7960770863142496,0.8303559844243048
23.3,89.78561,-1.966375,0.7960774842945528,0.7466315806011748,0.7960770863142496,0.8273798540930931
23.32,89.78561,-1.638695,0.7960774842945528,0.7493269906308014,0.7960770863142496,0.8273798540930931
23.34,90.11329,-1.96638,0.7999990066944604,0.7466315806011748,0.7960770863142496,0.8273798086802553
23.36,89.45792,-2.29406,0.7960774244568697,0.7439361705715483,0.7921555010260973,0.8273798086802553
23.38,89.7856,-2.29405,0.7960774244568697,0.7439362117002413,0.7960770264765199,0.8273798540930931
23.4,89.45792,-2.62173,0.7960774244568697,0.7439362117002413,0.7921555010260973,0.8244036783490435
23.42,89.45792,-2.62173,0.7960774244568697,0.7439362117002413,0.7921555010260973,0.8244036783490435
23.44,89.7856,-3.277095,0.7960774244568697,0.7412408016706147,0.7960770264765199,0.821427457192156
23.46,89.457925,-2.94942,0.7921559020569622,0.7412407605419216,0.7960770863142496,0.8244036329362057
23.48,81.921195,-7.2092600000000004,0.7921559020569622,0.7358499404826683,0.7058809238753977,0.7916656997516599
23.5,29.819399999999998,-22.282564999999998,0.517645923315496,0.6738553864151763,0.3568604914448801,0.723213566812843
23.52,11.796710000000001,-22.282510000000002,0.317645289036055,0.6576830496234956,0.3411739109413528,0.7410709845798439
23.54,15.40121,-19.66104,0.3529393496613217,0.6711603465437873,0.34901684216673856,0.7499995118119926
23.56,16.05654,-18.022635,0.35293905047290614,0.6792465766326672,0.35685983322985393,0.7559519087129297
23.58,17.039575,-18.35032,0.3607820952727213,0.6792465766326672,0.3607812988425468,0.7529756875560423
23.6,17.367240000000002,-17.69496,0.36470349799726265,0.6819419866622939,0.3607812390048172,0.7559518633000919
23.62,17.69492,-18.350324999999998,0.36470349799726265,0.6792465766326672,0.3647027644552397,0.7529756421432044
23.64,17.69491,-18.35033,0.36470343815957956,0.6792465355039741,0.36470270461751003,0.7529756421432044
23.66,18.02259,-17.69497,0.3686249605594871,0.6819419455336008,0.36470270461751003,0.755951817887254
23.68,18.02259,-18.35033,0.3686249605594871,0.6792465355039741,0.36470270461751003,0.7529756421432044
23.7,17.694905,-18.350335,0.3647033783218964,0.6792465355039741,0.36470270461751003,0.7529755967303665
23.72,9.83052,-19.988725000000002,0.35686027368439827,0.6765511254743476,0.27842842665545864,0.7410709845798439
23.74,-7.209004999999999,-20.971755,0.2156842106963808,0.665769485355841,0.2156833013959424,0.7440472511495692
23.76,-5.570595,-19.988680000000002,0.2235272554961959,0.6711605110585597,0.22744799742266927,0.7470235177192946
23.78,-5.89828,-19.988680000000002,0.2235272554961959,0.6738559210881863,0.22352641213451713,0.744047341975245
23.8,7.2090250000000005,-17.36726,0.23137030029601102,0.6738559210881863,0.3725456358428958,0.7678565662762903
23.82,72.745995,-1.9662950000000001,0.5921550284267888,0.7304594494529596,0.7960773256651681,0.8452372718600939
23.84,106.169945,6.88109,0.8941175787734675,0.7789769122436254,0.8941171972198912,0.8720229897950541
23.86,104.203815,9.830245,0.8784311899854218,0.7924541269065308,0.886273847130398,0.8839278290097663
23.88,104.85917,10.486,0.8862741749475538,0.7951527861029107,0.886273847130398,0.8869040047538159
23.9,104.531465,11.46865,0.8862740552721875,0.8005403981241039,0.8823521421667865,0.8898801804978655
23.92,104.85914,12.779375,0.8862739954345045,0.8059312181833572,0.8862736676172088,0.8958325773988025
23.94,30.803449999999998,12.779375,0.8862739355968213,0.8059312181833572,8.85598398838582e-06,0.8958325773988025
23.96,104.203765,13.10705,0.8823524131969137,0.8086266282129838,0.8823520224913272,0.8958325319859647
23.98,103.5484,13.434729999999998,0.8784308907970062,0.8086266282129838,0.8784304372031749,0.8988087077300143
24.0,103.87608,13.76242,0.8823523533592306,0.8113220793713035,0.8784304970409046,0.8988087531428521
24.02,103.54839,14.0901,0.8784307711216399,0.8113220793713035,0.8784304372031749,0.9017849288869018
24.04,103.54839,14.417785,0.8784307711216399,0.8140174894009301,0.8784304372031749,0.9017849742997397
24.06,103.54839,14.745470000000001,0.8784307711216399,0.8140175305296232,0.8784304372031749,0.9047611500437893
24.08,89.457955,9.502575,0.8588229197713697,0.8086267104703699,0.7294103757665812,0.8630945533885811
24.1,23.593349999999997,-8.19218,0.5098023998142159,0.7358503517695991,0.2901934817085634,0.7827378082992416
24.12,-16.05644,-9.830485,0.16078241839621008,0.7062011704732506,0.164703051676342,0.800595362304756
24.14,-12.451905,-6.55363,0.18039038942184651,0.7250694108388749,0.18823250356752544,0.8095239803625807
24.16,-11.468889999999998,-5.898265,0.18823325470861232,0.7304602308981282,0.19215390934248866,0.8095240257754186
24.18,-10.158169999999998,-6.225935,0.19607629950842745,0.7277648619971946,0.19999696024333372,0.8095240711882564
24.2,-9.830494999999999,-6.22593,0.1999977620706519,0.7277649031258877,0.19999696024333372,0.8095240711882564
24.22,-8.847465,-6.55362,0.2039192844705595,0.7277648619971946,0.20783989146871945,0.806547850031369
24.24,-8.19211,-6.88131,0.20784074703278393,0.7277648208685015,0.211761416919142,0.8035716288744814
24.26,-7.86444,-7.208995,0.21176220959500838,0.7250693697101818,0.21176135708141233,0.8035716288744814
24.28,-7.86445,-7.209,0.2117621497573253,0.7250693697101818,0.2117612972436827,0.8035715834616435
24.3,-7.86445,-7.86437,0.2117621497573253,0.722373918551862,0.2117612972436827,0.800595362304756
24.32,-8.192129999999999,-7.86437,0.2117621497573253,0.722373918551862,0.20783977179326016,0.800595362304756
24.34,-8.192129999999999,-7.86437,0.2117621497573253,0.722373918551862,0.20783977179326016,0.800595362304756
24.36,-8.51981,-8.192055,0.20784062735741773,0.722373918551862,0.20783977179326016,0.7976191411478685
24.38,-8.51981,-8.51974,0.20784062735741773,0.7196784673935422,0.20783977179326016,0.7976191411478685
24.4,-8.51981,-9.175105,0.20784062735741773,0.7169830573639157,0.20783977179326016,0.794642919990981
24.42,-8.519805,-9.83047,0.20784062735741773,0.714287606205596,0.2078398316309898,0.7916667442469314
24.44,-8.519805,-9.83048,0.20784062735741773,0.7142875650769029,0.2078398316309898,0.7916666988340936
24.46,-8.5198,-10.48584,0.20784068719510085,0.7115921550472762,0.2078398316309898,0.788690523090044
24.48,-7.86444,-10.81353,0.21176220959500838,0.7088967038889565,0.21176135708141233,0.788690477677206
24.5,-7.86444,-11.14121,0.21176220959500838,0.7088967038889565,0.21176135708141233,0.7857143019331564
24.52,-8.19212,-11.14121,0.21176220959500838,0.7088967038889565,0.2078398316309898,0.7857143019331564
24.54,-7.864435,-11.468895,0.21176220959500838,0.7062012527306367,0.211761416919142,0.7857143019331564
24.56,-7.864435,-12.12426,0.21176220959500838,0.7062012527306367,0.211761416919142,0.7797619050322192
24.58,-8.5198,-11.79658,0.20784068719510085,0.7062012527306367,0.2078398316309898,0.7827380807762688
24.6,-8.51979,-12.45194,0.20784074703278393,0.7035058427010101,0.20783989146871945,0.7797619050322192
24.62,-8.51979,-12.779630000000001,0.20784074703278393,0.703505801572317,0.20783989146871945,0.7767856838753318
24.64,-8.51979,-13.10731,0.20784074703278393,0.7008103915426904,0.20783989146871945,0.7767856838753318
24.66,-8.51979,-13.76268,0.20784074703278393,0.6981149403843707,0.20783989146871945,0.7738094627184443
24.68,-8.847475,-13.762675,0.20784074703278393,0.6981149403843707,0.20391830618056728,0.7738095081312821
24.7,-8.51978,-14.418045,0.20391922463287634,0.6954195303547441,0.21176153659460129,0.7708332415615567
24.72,-6.55366,-14.745754999999999,0.21960561342092214,0.6927239969390382,0.2196047670086353,0.770833105323043
24.74,-7.209035,-14.418065,0.21568397134564835,0.6954194069686648,0.21568318172048312,0.7708331961487189
24.76,-7.20903,-14.745750000000001,0.2156840311833315,0.6927239969390382,0.21568318172048312,0.770833150735881
24.78,-6.55367,-15.07343,0.21960555358323902,0.6927239969390382,0.21960470717090566,0.7678569749918314
24.8,-6.88135,-15.7288,0.21960555358323902,0.6900285457807184,0.21568318172048312,0.7648807538349438
24.82,-6.88135,-16.05648,0.21960555358323902,0.6873331357510918,0.21568318172048312,0.7648807538349438
24.84,-7.20902,-16.38416,0.21960561342092214,0.6873331357510918,0.21176171610779027,0.7619045780908942
24.86,-7.20902,-16.384165000000003,0.21568409102101455,0.6873330946223987,0.21568324155821275,0.7619045780908942
24.88,-6.55366,-16.711840000000002,0.21960561342092214,0.6873331357510918,0.2196047670086353,0.7589284023468446
24.9,-6.5536650000000005,-17.36721,0.21960555358323902,0.6819422745631454,0.2196047670086353,0.7589283569340067
24.92,-6.22599,-17.36721,0.21960555358323902,0.6819422745631454,0.22352623262132815,0.7589283569340067
24.94,-6.226,-17.367215,0.21960549374555594,0.6819422334344524,0.22352617278359851,0.7589283569340067
24.96,-6.553685,-17.03954,0.21960549374555594,0.6846376434640791,0.2196045874954463,0.7589283115211689
24.98,-6.22601,-17.039535,0.22352695630778038,0.6846376434640791,0.2196045874954463,0.7589283569340067
25.0,-6.226005,-17.36722,0.22352695630778038,0.6819422334344524,0.219604647333176,0.7589283115211689
25.02,-6.22601,-17.36722,0.22352695630778038,0.6819422334344524,0.2196045874954463,0.7589283115211689
25.04,-6.55369,-17.36722,0.21960543390787285,0.6819422334344524,0.2196045874954463,0.7589283115211689
25.06,-6.55369,-17.69491,0.21960543390787285,0.6819421923057594,0.2196045874954463,0.7559520903642813
25.08,-6.553685,-17.694915,0.21960543390787285,0.6819421511770662,0.219604647333176,0.7559520903642813
25.1,-6.55368,-18.35028,0.21960549374555594,0.6792467411474395,0.219604647333176,0.7529758692073939
25.12,-6.553675,-18.35028,0.21960549374555594,0.6792467411474395,0.21960470717090566,0.7529758692073939
25.14,-6.55367,-18.0226,0.21960555358323902,0.6792467411474395,0.21960470717090566,0.7559520449514435
25.16,-6.5536650000000005,-18.350275,0.21960555358323902,0.6792467822761327,0.2196047670086353,0.7529758692073939
25.18,-6.88134,-18.35028,0.21568409102101455,0.6792467411474395,0.2196047670086353,0.7529758692073939
25.2,-6.225965,-18.0226,0.21568409102101455,0.6792467411474395,0.22744799742266927,0.7559520449514435
25.22,-0.9829999999999999,-17.69492,0.25097833115933055,0.6819421511770662,0.2548991542774642,0.7559520449514435
25.24,-1.31069,-17.039565000000003,0.25097833115933055,0.6846375200779998,0.25097750915158235,0.7589282206954931
25.26,-1.31069,-17.03956,0.25097833115933055,0.6846375612066928,0.25097750915158235,0.7589282206954931
25.28,-1.3106849999999999,-17.69492,0.25097833115933055,0.6819421511770662,0.250977568989312,0.7559520449514435
25.3,-1.3106849999999999,-17.69492,0.25097833115933055,0.6819421511770662,0.250977568989312,0.7559520449514435
25.32,-1.31069,-18.35029,0.25097833115933055,0.6792467000187464,0.25097750915158235,0.752975823794556
25.34,-1.63836,-18.677965,0.2509783909970137,0.6765512899891198,0.2470560435388895,0.7529758692073939
25.36,-1.31068,-19.005645,0.2509783909970137,0.6765512899891198,0.250977568989312,0.7499996934633443
25.38,-1.310675,-19.00565,0.2509783909970137,0.6765512899891198,0.25097762882704167,0.7499996480505063
25.4,-1.31067,-19.66101,0.2509784508346968,0.6738558799594931,0.25097762882704167,0.7470234723064567
25.42,-1.638345,-19.66101,0.24705692843478924,0.6738558799594931,0.2509776886647713,0.7470234723064567
25.44,-1.31066,-19.66101,0.2509785106723799,0.6738558799594931,0.2509776886647713,0.7470234723064567
25.46,-1.63834,-20.31637,0.2509785106723799,0.6711604699298666,0.24705616321434878,0.7440472965624071
25.48,3.93229,-20.97176,0.2745078844225577,0.6684649365141607,0.2901935415462931,0.7410709845798439
25.5,4.915345,-20.316395,0.2901942732106034,0.6711603465437873,0.2862718964204113,0.7440472057367312
25.52,4.91534,-20.64407,0.29019421337292034,0.6684649776428537,0.2862718964204113,0.7440472057367312
25.54,5.24302,-20.971755,0.29019421337292034,0.6684649365141607,0.2901934218708338,0.7410710299926818
25.56,5.24302,-21.62712,0.29019421337292034,0.665769526484534,0.2901934218708338,0.7380948088357943
25.58,5.24302,-21.627125,0.29019421337292034,0.665769526484534,0.2901934218708338,0.7380947634229563
25.6,5.243024999999999,-22.28248,0.29019421337292034,0.6630741164549074,0.2901934817085634,0.7351186330917446
25.62,5.5707,-22.610165000000002,0.29019421337292034,0.6603786652965877,0.2941149473212563,0.7351186330917446
25.64,5.89838,-22.93785,0.2941157357728279,0.6603786652965877,0.2941149473212563,0.7321424119348571
25.66,5.89837,-22.93785,0.2941156759351448,0.6603786652965877,0.29411488748352665,0.7321424119348571
25.68,6.2260349999999995,-22.93786,0.29803713849736924,0.6603786241678946,0.2941147678080674,0.7321423665220193
25.7,5.8983550000000005,-23.593224999999997,0.2941155562597786,0.6576832141382679,0.294114827645797,0.7291661453651317
25.72,5.57068,-24.24859,0.29019409369755417,0.6549877629799482,0.294114827645797,0.7261899696210821
25.74,5.57068,-24.576275,0.29411561609746173,0.6549877218512551,0.2901933021953745,0.7232137938770324
25.76,5.2429950000000005,-24.248595,0.290194033859871,0.6549877218512551,0.2901933021953745,0.7261899696210821
25.78,-18.67765,-24.24859,0.2941155562597786,0.6549877629799482,3.5902637789374384e-07,0.7261899696210821
25.8,5.57067,-24.57627,0.2941155562597786,0.6522923529503215,0.2901932423576448,0.7261899696210821
25.82,5.57067,-24.903955,0.2941155562597786,0.6522923118216285,0.2901932423576448,0.7232137938770324
25.84,5.24299,-24.90396,0.290194033859871,0.6522923118216285,0.2901932423576448,0.7232137484641945
25.86,5.24299,-24.90396,0.290194033859871,0.6522923118216285,0.2901932423576448,0.7232137484641945
25.88,5.24299,-25.23164,0.290194033859871,0.6495969017920019,0.2901932423576448,0.7232137484641945
25.9,5.24299,-25.231634999999997,0.290194033859871,0.6495969017920019,0.2901932423576448,0.7232137938770324
25.92,4.91531,-25.23163,0.290194033859871,0.6495969429206949,0.2862717169072223,0.7232137938770324
25.94,5.2429950000000005,-25.559314999999998,0.290194033859871,0.6495969017920019,0.2901933021953745,0.7202376181329828
25.96,4.91531,-25.23164,0.290194033859871,0.6495969017920019,0.2862717169072223,0.7232137484641945
25.98,5.2429950000000005,-25.887,0.29019409369755417,0.6469014917623752,0.2901932423576448,0.7202375727201449
26.0,4.58763,-25.55931,0.28627251145996346,0.6495969429206949,0.2862717169072223,0.7202376181329828
26.02,4.91531,-25.55931,0.290194033859871,0.6495969429206949,0.2862717169072223,0.7202376181329828
26.04,4.915315,-25.559314999999998,0.290194033859871,0.6495969017920019,0.28627177674495197,0.7202376181329828
26.06,4.587635000000001,-25.559314999999998,0.28627251145996346,0.6495969017920019,0.28627177674495197,0.7202376181329828
26.08,13.762785,-23.26555,0.32156663192291324,0.6576831318808818,0.36078165786892474,0.7321423665220193
26.1,17.367314999999998,-22.6102,0.3647040365364106,0.6603785419105084,0.3607815980311951,0.735118451440393
26.12,17.039614999999998,-22.282505,0.36078227478577063,0.6630739930688282,0.3607815980311951,0.7351185422660689
26.14,17.03962,-22.28251,0.3607823346234537,0.6630739930688282,0.3607815980311951,0.7351184968532309
26.16,17.3673,-22.610195,0.3607823346234537,0.6603785830392015,0.3647031234816176,0.735118451440393
26.18,17.69498,-22.610194999999997,0.3647038570233613,0.6603785419105084,0.3647031234816176,0.7351184968532309
26.2,17.69498,-22.61019,0.3647038570233613,0.6603785830392015,0.3647031234816176,0.7351184968532309
26.22,17.694975,-21.95483,0.3647037971856782,0.6630739930688282,0.3647031234816176,0.7380946725972806
26.24,-12.779269999999999,-21.954825,2.213994274872632e-06,0.6630739930688282,0.36470306364388794,0.7380947180101184
26.26,17.694975,-21.299455000000002,0.3647038570233613,0.6657694442271479,0.36470306364388794,0.741070939167006
26.28,17.367295,-20.64409,0.3647037971856782,0.6684648953854676,0.3607815980311951,0.7440471149110556
26.3,22.937945,-19.98874,0.3803901859737239,0.6711602642864012,0.4117622067771734,0.7470232452422673
26.32,25.887115,-19.33338,0.41568448594972307,0.6738556743160279,0.4117622067771734,0.7499994209863169
26.34,25.559424999999997,-18.02265,0.4117628438744492,0.6792465355039741,0.4117622067771734,0.755951817887254
26.36,25.88711,-18.35033,0.41568442611203993,0.6792465355039741,0.4117622067771734,0.7529756421432044
26.38,25.55942,-19.00569,0.4117628438744492,0.6765511254743476,0.41176214693944374,0.7499994663991547
26.4,25.231740000000002,-19.00569,0.4117628438744492,0.6765511254743476,0.4078406214890212,0.7499994663991547
26.42,25.559415,-19.333370000000002,0.4117628438744492,0.6738557154447209,0.4117620871017141,0.7499994663991547
26.44,25.23173,-19.661054999999998,0.41176278403676614,0.6738556743160279,0.40784056165129157,0.7470232906551052
26.46,24.90405,-19.661050000000003,0.40784126163685863,0.6711603054150943,0.40784056165129157,0.7499994663991547
26.48,25.231725,-19.66105,0.4117627241990831,0.6738557154447209,0.40784056165129157,0.7470232906551052
26.5,24.904045,-19.66105,0.4078412017991755,0.6738557154447209,0.40784056165129157,0.7470232906551052
26.52,25.23173,-20.3164,0.40784126163685863,0.6711603465437873,0.4117620871017141,0.7440471603238935
26.54,25.55941,-20.31641,0.41176278403676614,0.6711603054150943,0.4117620871017141,0.7440471149110556
26.56,26.21477,-20.31641,0.4156843064366737,0.6711603054150943,0.4156836125521366,0.7440471149110556
26.58,26.87012,-20.64409,0.4196057689988982,0.6684648953854676,0.4196050781648295,0.7440471149110556
26.6,27.1978,-20.31641,0.4196057689988982,0.6711603054150943,0.423526603615252,0.7440471149110556
26.62,27.52548,-20.316415,0.42352729139880574,0.6711602642864012,0.423526603615252,0.7440471149110556
26.64,29.1639,-19.661055,0.42352729139880574,0.6711603054150943,0.4431344702182832,0.7499994209863169
26.66,43.909735,-17.36731,0.5019589361506192,0.6819418632762146,0.5411742220975471,0.7589279028056278
26.68,45.87584,-16.056585,0.5372531762889351,0.687332683335468,0.5294094063953607,0.7648802997065649
26.7,45.875834999999995,-15.728905000000001,0.5333315342136613,0.6900281344937876,0.533330991683513,0.764880254293727
26.72,45.875825,-15.72891,0.5333314743759782,0.6900280933650945,0.5333309318457833,0.764880254293727
26.74,45.875825,-15.72891,0.5333314743759782,0.6900280933650945,0.5333309318457833,0.764880254293727
26.76,45.875815,-16.384275000000002,0.5333314145382951,0.6873326422067749,0.5333308720080536,0.7619040785496773
26.78,45.875815,-16.38427,0.5333314743759782,0.687332683335468,0.5333308121703241,0.7619040785496773
26.8,45.548135,-17.03964,0.5333314145382951,0.6846372321771482,0.5294093465576312,0.75892785739279
26.82,45.22046,-17.695,0.5294099519760707,0.6819418221475216,0.5294093465576312,0.7559516816487404
26.84,45.22047,-17.695005000000002,0.5294100118137537,0.6819417810188285,0.5294094063953607,0.7559516816487404
26.86,44.892795,-18.022685000000003,0.5294100118137537,0.6792463709892018,0.5254879407826679,0.7559516816487404
26.88,44.8928,-17.69501,0.5294100716514368,0.6819417810188285,0.5254879407826679,0.7559516362359024
26.9,44.56512,-18.35037,0.5254885492515293,0.6792463709892018,0.5254879407826679,0.7529754604918528
26.92,44.56512,-18.350375,0.5254885492515293,0.6792463709892018,0.5254879407826679,0.7529754150790149
26.94,44.565125,-18.022685000000003,0.5254885492515293,0.6792463709892018,0.5254880006203976,0.7559516816487404
26.96,44.56512,-18.350365,0.5254885492515293,0.6792463709892018,0.5254879407826679,0.7529755059046908
26.98,44.565125,-18.35037,0.5254885492515293,0.6792463709892018,0.5254880006203976,0.7529754604918528
27.0,44.56512,-18.350365,0.5254885492515293,0.6792463709892018,0.5254879407826679,0.7529755059046908
27.02,43.90976,-18.678045,0.5215670268516217,0.6792463709892018,0.5215664153322453,0.7499993301606411
27.04,44.237445,-19.005724999999998,0.5215670268516217,0.6765510020882683,0.5254880006203976,0.7499992847478032
27.06,48.169685,-19.005735,0.5411750577149412,0.6765509198308821,0.5529392173129222,0.7499992847478032
27.08,48.169685,-18.67804,0.5490182221901225,0.6765510020882683,0.5450960467366177,0.7529755059046908
27.1,48.49736,-18.678035,0.5490181623524395,0.6765510020882683,0.5490175721870403,0.7529755513175287
27.12,48.49736,-18.35035,0.5490181623524395,0.6792464532465881,0.5490175721870403,0.7529755513175287
27.14,48.498644999999996,-18.678035,0.5490334807993142,0.6765510020882683,0.5490176320247699,0.7529755513175287
27.16,48.82505,-18.678024999999998,0.5529397445900301,0.6765510432169614,0.5490176320247699,0.7529755967303665
27.18,48.497375,-18.67802,0.5490182221901225,0.6765510843456545,0.5490176918624996,0.7529755967303665
27.2,48.497375,-19.0057,0.5490182221901225,0.6765510843456545,0.5490176918624996,0.7499994209863169
27.22,48.169695000000004,-19.333385,0.5490182820278057,0.6738556331873348,0.5450961065743474,0.7499994209863169
27.24,48.49737,-19.0057,0.5490182221901225,0.6765510843456545,0.5490176320247699,0.7499994209863169
27.26,48.16969,-19.661054999999998,0.5490182221901225,0.6738556743160279,0.5450961065743474,0.7470232906551052
27.28,48.49737,-20.316415,0.5490182221901225,0.6711602642864012,0.5490176320247699,0.7440471149110556
27.3,48.49736,-20.316415,0.5490181623524395,0.6711603054150943,0.5490175721870403,0.7440470694982176
27.32,48.497355,-20.97179,0.5490181623524395,0.6684648131280815,0.5490175123493106,0.7410708483413302
27.34,49.15271,-21.62715,0.5529396249146639,0.6657694030984548,0.5529390377997332,0.7380946725972806
27.36,50.7911,-21.62716,0.560782609876796,0.6657693619697617,0.5647035543132711,0.7380946271844426
27.38,52.757175000000004,-22.28252,0.5725471770765187,0.6630739519401351,0.5764680708268091,0.735118451440393
27.4,54.06789,-21.954845,0.5803901620386507,0.663073910811442,0.5843111217276541,0.7380946271844426
27.42,55.05092,-21.62717,0.5882331470007827,0.6657693208410687,0.588232587340347,0.7380945817716047
27.44,55.70627,-21.62717,0.5921546095630071,0.6657693208410687,0.5921540529530398,0.7380945817716047
27.46,56.03394,-21.29949,0.592154549725324,0.6657693208410687,0.5960755185657327,0.7410707575156543
27.48,56.361615,-21.29949,0.5960760721252316,0.6657693208410687,0.596075458728003,0.7410707575156543
27.5,56.36161,-21.627164999999998,0.5960760122875485,0.6657693208410687,0.596075458728003,0.7380946271844426
27.52,56.03393,-21.62717,0.5960760122875485,0.6657693208410687,0.5921539332775805,0.7380945817716047
27.54,55.706244999999996,-21.95485,0.5921544898876409,0.663073910811442,0.5921538734398508,0.7380945817716047
27.56,6.226559999999999,-21.95485,0.5921544300499578,0.663073910811442,3.5304260493947746e-06,0.7380945817716047
27.58,55.70624,-21.954855000000002,0.5921544300499578,0.6630738696827488,0.5921538734398508,0.7380945817716047
27.6,55.70624,-22.28253,0.5921544300499578,0.663073910811442,0.5921538734398508,0.7351184060275551
27.62,55.37856,-21.95485,0.5882329076500503,0.663073910811442,0.5921538734398508,0.7380945817716047
27.64,55.70624,-21.95485,0.5921544300499578,0.663073910811442,0.5921538734398508,0.7380945817716047
27.66,55.37856,-21.62717,0.5921544300499578,0.6657693208410687,0.5882323479894283,0.7380945817716047
27.68,55.37856,-21.95485,0.5921544300499578,0.663073910811442,0.5882323479894283,0.7380945817716047
27.7,55.706235,-22.28253,0.5921543702122747,0.663073910811442,0.5921538734398508,0.7351184060275551
27.72,55.05088,-22.610215,0.5882329076500503,0.6603784596531224,0.5882323479894283,0.7351184060275551
27.74,55.05088,-22.282535000000003,0.5882329076500503,0.6630738696827488,0.5882323479894283,0.7351184060275551
27.76,54.7232,-22.93789,0.5882329076500503,0.6603785007818154,0.5843108225390058,0.7321422302835054
27.78,54.7232,-22.93789,0.5882329076500503,0.6603785007818154,0.5843108225390058,0.7321422302835054
27.8,54.06785,-23.265575,0.5843114450878258,0.6576830496234956,0.5803893569263129,0.7321422302835054
27.82,53.74017,-22.610210000000002,0.5803899226879182,0.6603785007818154,0.5803893569263129,0.7351184060275551
27.84,53.412485000000004,-22.610205,0.5803898628502352,0.6603785007818154,0.5764678314758903,0.735118451440393
27.86,53.0848,-22.6102,0.5764683404503277,0.6603785419105084,0.5764677716381608,0.735118451440393
27.88,52.42944,-22.937885,0.5725468180504201,0.6603785007818154,0.5725462461877382,0.7321422756963434
27.9,52.101765,-23.59324,0.5725468180504201,0.6576831318808818,0.5686247805750454,0.7291660999522938
27.92,54.067855,-23.593245,0.5725468180504201,0.6549877218512551,0.5921540529530398,0.7321422302835054
27.94,72.090555,-19.98879,0.6627432095150054,0.6684646486133091,0.7176450813625578,0.7499991939221274
27.96,75.69509,-18.350385,0.7176454805166409,0.676550878702189,0.7058802058226419,0.7559515908230645
27.98,75.36739,-17.69501,0.7058806739661858,0.6819417810188285,0.713723256723487,0.7559516362359024
28.0,75.69506,-17.695014999999998,0.7137236589283179,0.6819417810188285,0.7098016714353348,0.7559515908230645
28.02,76.02274,-17.366875,0.7137236589283179,0.6819455648585918,0.7137231968857574,0.7589277665671141
28.04,76.350425,-16.056615,0.7176452411659086,0.6873325599493887,0.7137231968857574,0.7648801634680513
28.06,76.35043,-15.401250000000001,0.7176452411659086,0.6900280111077085,0.713723256723487,0.767856339212101
28.08,77.33347,-14.745899999999999,0.7215667635658162,0.692723380008642,0.721566307624332,0.7708324695433126
28.1,77.33346,-13.435179999999999,0.721566703728133,0.6981142000678954,0.7215662477866024,0.7767848210314119
28.12,77.33345,-12.779810000000001,0.7215666438904499,0.700809651226215,0.7215661879488727,0.7797610421882993
28.14,76.350405,-12.779810000000001,0.7176451214905423,0.700809651226215,0.713723077210298,0.7797610421882993
28.16,72.09051,-14.41822,0.6980372701402722,0.6981142411965884,0.6823504547428102,0.7678562483864251
28.18,70.12439,-14.745895,0.6784292991146357,0.692723380008642,0.6784288096169284,0.7708325149561506
28.2,69.141335,-14.745885000000001,0.674507716877045,0.6927234211373351,0.6705856390406241,0.7708325603689883
28.22,68.81364,-14.74589,0.6705860748017712,0.6927234211373351,0.6705855792028944,0.7708325149561506
28.24,68.15827,-14.418205,0.6666644925641805,0.6954188311669618,0.6666639939147423,0.7708325603689883
28.26,68.158265,-14.090525,0.6666644925641805,0.6954188311669618,0.6666639340770126,0.7738087361130379
28.28,68.158275,-14.090525,0.6666644925641805,0.6954188311669618,0.666664053752472,0.7738087361130379
28.3,68.81363999999999,-13.435155,0.6705860149640881,0.6981142823252814,0.6705856390406241,0.7767849572699255
28.32,69.469015,-12.779789999999998,0.6745076570393619,0.7008097334836011,0.6745072243287763,0.7797611330139751
28.34,70.12439499999999,-12.452095,0.6784292991146357,0.7035051846419209,0.6784288694546581,0.779761223839651
28.36,70.77977,-11.79674,0.6823509411899094,0.7062005946715475,0.6823504547428102,0.7827373541708627
28.38,77.66116500000001,-10.81371,0.6980372701402722,0.7062005535428544,0.7490175243168566,0.7916658359901736
28.4,86.83639,-7.5368949999999995,0.7803907963180915,0.7223730548493075,0.7764688606848403,0.8035706297920477
28.42,86.181015,-6.553855,0.7725476318429103,0.7277638749085606,0.7764688008471107,0.8065468055360974
28.44,86.5087,-6.226165,0.776469214080501,0.7277639160372537,0.7764688008471107,0.8095230266929849
28.46,86.18102999999999,-5.5708,0.7764692739181839,0.7304593671955735,0.7725473352344179,0.8124992024370346
28.48,85.52566,-4.587755,0.7725476916805935,0.7358501872548268,0.7686257499462656,0.815475423593922
28.5,84.87029,-4.587745,0.7686261094430027,0.7358502283835199,0.7647041646581135,0.8154754690067599
28.52,84.21492,-4.260055,0.764704527205412,0.7358502695122129,0.7607825793699614,0.8184516901636475
28.54,83.887225,-3.9323750000000004,0.7607829449678213,0.7385456795418396,0.7607824596945021,0.8184516901636475
28.56,83.55952500000001,-3.9323750000000004,0.7607828252924551,0.7385457206705327,0.7568608145686203,0.8184516447508096
28.58,82.90415,-3.9319550000000003,0.7568611832171814,0.7385456795418396,0.7529392292804681,0.8184555048420302
28.6,82.248775,-4.26005,0.7529396009795908,0.735850310640906,0.7490175841545863,0.8184516901636475
28.62,81.59341,-3.9323750000000004,0.749018018742,0.7385456795418396,0.7450960587041637,0.8184516901636475
28.64,81.593415,-3.60469,0.7450964963420924,0.7385457206705327,0.7490176439923159,0.8214278659076971
28.66,87.164075,-1.310915,0.7764691542428178,0.7466319918881056,0.7843120910988745,0.8333326597095713
28.68,87.164075,-0.00018499999999999073,0.7803908561557746,0.752022853076052,0.7803903861352629,0.8392850566105085
28.7,87.49176,0.3274900000000019,0.7803908561557746,0.7547182631056786,0.7843119714234151,0.8392850111976705
28.72,87.81944,0.65517,0.7843123785556823,0.7574136731353053,0.7843119714234151,0.8392850111976705
28.74,87.49176,0.3274900000000019,0.7843123785556823,0.7547182631056786,0.7803904459729926,0.8392850111976705
28.76,86.8364,0.3274900000000019,0.7803908561557746,0.7547182631056786,0.77646892052257,0.8392850111976705
28.78,86.83639,0.3274900000000019,0.7764692739181839,0.7547182631056786,0.7803903861352629,0.8392850111976705
28.8,87.16407,-0.00018499999999825,0.7803907963180915,0.7547183042343717,0.7803903861352629,0.8363088354536209
28.82,86.508715,0.65518,0.7764692739181839,0.7574137142639984,0.77646892052257,0.8392850566105085
28.84,86.83639,0.98285,0.7803907963180915,0.7574136731353053,0.7764688606848403,0.8422611869417201
28.86,84.21492,-0.0001949999999979,0.7686261094430027,0.7547182631056786,0.7568609940818092,0.836308790040783
28.88,83.887225,0.32748500000000025,0.7607828851301381,0.7547182219769856,0.7607825195322317,0.8392850111976705
28.9,83.88723,0.65517,0.7607829449678213,0.7574136731353053,0.7607825195322317,0.8392850111976705
28.92,84.214905,0.3274900000000019,0.7607828851301381,0.7574136731353053,0.7647040449826542,0.8363088354536209
28.94,84.542585,-0.0001949999999979,0.7647044075300458,0.7547182219769856,0.7647040449826542,0.8363088354536209
28.96,84.54258,-0.3278799999999998,0.7647044075300458,0.7520228119473589,0.7647039851449245,0.836308790040783
28.98,84.54259,-0.0001999999999995,0.7647044673677289,0.7547182219769856,0.7647040449826542,0.836308790040783
29.0,84.54259,-0.3278899999999978,0.7647044673677289,0.7520227708186658,0.7647040449826542,0.8363087446279452
29.02,84.54259,-0.3278899999999978,0.7647044673677289,0.7520227708186658,0.7647040449826542,0.8363087446279452
29.04,84.21492,-0.65558,0.764704527205412,0.7520227296899729,0.7607825793699614,0.8333325234710577
29.06,83.887255,-0.65558,0.7607830646431876,0.7520227296899729,0.7607826990454206,0.8333325234710577
29.08,83.887255,-0.65558,0.7607830646431876,0.7520227296899729,0.7607826990454206,0.8333325234710577
29.1,69.141495,-7.209185,0.7372537507306929,0.7412410895714662,0.6078414711847823,0.785713666153426
29.12,13.10752,-20.3164,0.40392033761378204,0.6765510843456545,0.2705859741319101,0.73809489966147
29.14,1.310875,-18.35024,0.25490039209838605,0.6738560033455725,0.27842914470821445,0.7589284931725204
29.16,3.60466,-15.72877,0.28235146776152076,0.687333259137171,0.27842902503275513,0.7678570658175071
29.18,4.25999,-15.40109,0.2823512284107883,0.6900286691667977,0.28627195625814095,0.7678570658175071
29.2,4.587664999999999,-14.09037,0.2862727508106959,0.695419489226051,0.2862718964204113,0.7738094173056064
29.22,4.91534,-13.435009999999998,0.2862726909730128,0.6981148992556776,0.2901934218708338,0.776785593049656
29.24,5.243015,-12.779644999999999,0.29019421337292034,0.7008103092853043,0.29019336203310414,0.7797618142065436
29.26,5.243005,-12.77964,0.29019409369755417,0.7008103504139974,0.29019336203310414,0.7797618142065436
29.28,5.57068,-11.468910000000001,0.29019409369755417,0.7062012116019437,0.294114827645797,0.7857142111074805
29.3,6.226025,-10.158185,0.2941155562597786,0.7088966216315703,0.29803623342076024,0.7946427837524673
29.32,5.570655,-9.175125,0.29803701882200306,0.7169829339778364,0.286271597231763,0.7946428745781432
29.34,-6.881325,-12.12427,0.22744895740915277,0.703505801572317,0.20784007098190843,0.782738035363431
29.36,-7.20904,-10.813525,0.2117623891080577,0.7088966627602634,0.21960470717090566,0.7886905685028818
29.38,-6.553675,-9.83047,0.21960555358323902,0.7115921961759694,0.219604647333176,0.794642919990981
29.4,-5.89832,-9.502785,0.2235270161454635,0.714287606205596,0.22352617278359851,0.794642965403819
29.42,-5.89832,-8.847415,0.2235270161454635,0.7169830573639157,0.22352617278359851,0.7976191865607064
29.44,-5.898315,-8.519735,0.2235270161454635,0.7196784673935422,0.22352623262132815,0.7976191865607064
29.46,-5.570635,-8.51973,0.22744853854537103,0.7196785085222354,0.22352623262132815,0.7976191865607064
29.48,-5.24295,-7.86437,0.22744859838305415,0.722373918551862,0.2274477580717507,0.800595362304756
29.5,-5.24294,-7.86437,0.2274486582207373,0.722373918551862,0.22744781790948035,0.800595362304756
29.52,-5.898295,-7.53669,0.2235271358208297,0.722373918551862,0.22352635229678744,0.8035715380488057
29.54,-5.24293,-7.86437,0.22744871805842035,0.722373918551862,0.22744787774720998,0.800595362304756
29.56,-5.24293,-8.19205,0.22744871805842035,0.7196785085222354,0.22744787774720998,0.800595362304756
29.58,-5.24293,-8.51974,0.22744871805842035,0.7196784673935422,0.22744787774720998,0.7976191411478685
29.6,-5.24165,-8.84742,0.2274639766676119,0.7196784673935422,0.22744793758493967,0.794642965403819
29.62,-5.24292,-9.175105,0.2274487778961035,0.7169830162352226,0.22744793758493967,0.794642965403819
29.64,-5.242915,-9.502780000000001,0.2274487778961035,0.7169830573639157,0.22744799742266927,0.7916667896597693
29.66,-5.57059,-9.83047,0.22744883773378657,0.714287606205596,0.2235264719722468,0.7916667442469314
29.68,-5.24291,-10.15815,0.22744883773378657,0.714287606205596,0.22744799742266927,0.7886905685028818
29.7,-5.242905,-10.813514999999999,0.22744883773378657,0.7115921550472762,0.22744805726039896,0.7857143927588321
29.72,-5.242900000000001,-11.1412,0.22744883773378657,0.7088967450176495,0.2274481170981286,0.7857143473459943
29.74,-5.24289,-11.796565,0.22744895740915277,0.7062012938593298,0.2274481170981286,0.7827381716019447
29.76,-4.915215,-11.796565,0.23137047980906034,0.7062012938593298,0.22744805726039896,0.7827381716019447
29.78,-5.24289,-12.45193,0.22744895740915277,0.7035058838297032,0.2274481170981286,0.7797619504450571
29.8,-4.915205,-12.779615,0.23137047980906034,0.7008104326713834,0.22744817693585825,0.7797619504450571
29.82,-5.24288,-13.107295,0.2274490172468359,0.7008104738000765,0.22744817693585825,0.7767857292881696
29.84,-5.24288,-13.43498,0.2274490172468359,0.6981150226417568,0.22744817693585825,0.7767857292881696
29.86,-5.242875,-13.43498,0.2274490172468359,0.6981150226417568,0.22744823677358791,0.7767857292881696
29.88,-4.91519,-14.418025,0.22744907708451897,0.6954195714834371,0.23136976222401043,0.7708333778000703
29.9,-4.5875,-14.745715,0.23137065932210965,0.6954195714834371,0.2313698220617401,0.7678571112303451
29.92,-4.5875,-15.0734,0.23137065932210965,0.6927241203251174,0.2313698220617401,0.7678571112303451
29.94,-4.5874950000000005,-15.72877,0.23137065932210965,0.6900286691667977,0.23136988189946972,0.7648808900734575
29.96,-3.93213,-16.056455,0.23529224155970033,0.6900286691667977,0.23529140734989226,0.76190466891657
29.98,-3.93212,-16.38414,0.23529230139738344,0.6873332180084779,0.23529146718762192,0.76190466891657
30.0,-4.2597949999999996,-16.71183,0.23529230139738344,0.6846377668501582,0.23137000157492907,0.7619046235037321
30.02,-4.5874749999999995,-17.039515,0.23137077899747588,0.6846377668501582,0.23137000157492907,0.7589284023468446
30.04,-4.915145,-17.69488,0.23137083883515894,0.6819423156918385,0.22744853596223616,0.7559522266027949
30.06,-5.242825,-18.022565,0.22744931643525143,0.6792468645335189,0.22744853596223616,0.7559522266027949
30.08,-5.24282,-19.00561,0.2274493762729345,0.6765514545038922,0.22744853596223616,0.749999829701858
30.1,-5.24282,-19.333289999999998,0.2274493762729345,0.6738560444742655,0.22744853596223616,0.749999829701858
30.12,-5.24281,-19.66097,0.22744943611061763,0.6738560444742655,0.22744859579996582,0.7470236539578083
30.14,-5.24281,-20.31634,0.22744943611061763,0.6711605933159458,0.22744859579996582,0.7440474328009208
30.16,-4.587455,-20.97171,0.2313709585105252,0.6684651421576261,0.23137006141265867,0.7410712116440332
30.18,-4.259785,-21.62708,0.23529242107274964,0.6657696909993063,0.23137000157492907,0.7380949904871458
30.2,-4.25979,-21.62709,0.23529236123506653,0.6657696498706133,0.23137000157492907,0.7380949450743078
30.22,-4.58747,-21.954774999999998,0.23137083883515894,0.6657696087419201,0.23137000157492907,0.7351187693302582
30.24,-4.25979,-22.28246,0.23529236123506653,0.6630741987122936,0.23137000157492907,0.7351187239174203
30.26,-4.915155,-22.28246,0.23137077899747588,0.6630741987122936,0.22744847612450653,0.7351187239174203
30.28,-4.58747,-22.93783,0.23137083883515894,0.6603787475539739,0.23137000157492907,0.7321425027605329
30.3,-4.58747,-22.93783,0.23137083883515894,0.6603787475539739,0.23137000157492907,0.7321425027605329
30.32,-4.91516,-22.61015,0.23137077899747588,0.6603787475539739,0.22744841628677684,0.7351186785045826
30.34,-5.24284,-22.28247,0.2274492565975683,0.6630741575836006,0.22744841628677684,0.7351186785045826
30.36,-5.24284,-21.95479,0.2274492565975683,0.6630741575836006,0.22744841628677684,0.7380948542486322
30.38,-1.96601,-19.988709999999998,0.23137077899747588,0.6684649776428537,0.2627425043669575,0.7499995572248305
30.4,4.915385000000001,-18.35031,0.2901945125613359,0.6765512077317336,0.28627213577132987,0.7559519087129297
30.42,3.932315,-16.056535,0.2823512284107883,0.6873328889789333,0.28235049064544804,0.7648805267707545
30.44,4.26,-15.07349,0.2823512882484714,0.6927237501668797,0.28627201609587055,0.7678567025148041
30.46,5.24304,-14.745815,0.29019433304828657,0.6927237090381867,0.2901935415462931,0.7708328782588537
30.48,5.243035,-14.745819999999998,0.29019433304828657,0.6927237090381867,0.2901934817085634,0.7708328328460158
30.5,5.243035,-14.41814,0.29019433304828657,0.6954191190678133,0.2901934817085634,0.7708328328460158
30.52,5.89839,-14.41814,0.294115795610511,0.6954191190678133,0.294115007158986,0.7708328328460158
30.54,5.89839,-14.745825,0.294115795610511,0.6927236679094936,0.294115007158986,0.7708328328460158
30.56,6.22607,-15.073505,0.29803731801041855,0.6927236679094936,0.294115007158986,0.7678566571019662
30.58,6.22607,-15.401185,0.294115795610511,0.6927236679094936,0.2980365326094085,0.7648804813579165
30.6,6.55375,-16.38423,0.29803731801041855,0.6873328478502403,0.2980365326094085,0.761904260201029
30.62,6.55375,-17.03959,0.29803731801041855,0.6846374378206136,0.2980365326094085,0.7589280844569793
30.64,4.9153400000000005,-18.35031,0.29803731801041855,0.681942027790987,0.27842878568183654,0.7499995572248305
30.66,2.949225,-19.661035,0.2745078844225577,0.6711603465437873,0.2784286660063773,0.7499995572248305
30.68,3.276905,-19.66102,0.27842946666014834,0.6738558388308001,0.27842860616864756,0.7470234268936188
30.7,2.94922,-20.64407,0.2784294068224652,0.6711603876724804,0.2745070807182251,0.7410710299926818
30.72,2.94922,-21.62711,0.2784294068224652,0.6657695676132271,0.2745070807182251,0.7380948542486322
30.74,2.62154,-21.95479,0.2745078844225577,0.6630741575836006,0.2745070807182251,0.7380948542486322
30.76,2.62154,-22.610155,0.2745078844225577,0.6630741164549074,0.2745070807182251,0.7321425027605329
30.78,2.94922,-22.937835,0.2745078844225577,0.6603787064252807,0.27842860616864756,0.7321425027605329
30.8,3.2769,-23.265520000000002,0.2784294068224652,0.6576832963956541,0.27842860616864756,0.732142457347695
30.82,3.604585,-23.5932,0.2784294068224652,0.6576832963956541,0.2823501914567998,0.7291662816036454
30.84,3.93227,-24.248565,0.2823509890600559,0.6549878863660274,0.2823501914567998,0.7261900604467578
30.86,4.587635000000001,-24.57625,0.2823509890600559,0.6522924352077077,0.2901933021953745,0.7261900604467578
30.88,20.64418,-22.282510000000002,0.3529392299859555,0.6603785830392015,0.411762446128092,0.7380946725972806
30.9,26.542499999999997,-21.95484,0.42352777010027054,0.6630739519401351,0.411762266614903,0.7380946271844426
30.92,25.887124999999997,-21.62715,0.4117629635498155,0.6657694030984548,0.41568385190305523,0.7380946725972806
30.94,26.2148,-21.627155000000002,0.41568448594972307,0.6657693619697617,0.4156837920653255,0.7380946725972806
30.96,26.87015,-21.95484,0.41960594851194755,0.6657693619697617,0.41960525767801843,0.735118451440393
30.98,27.52551,-22.28252,0.4235274709118551,0.6630739519401351,0.42352678312844094,0.735118451440393
31.0,27.853189999999998,-22.28253,0.4235274709118551,0.663073910811442,0.42744830857886346,0.7351184060275551
31.02,28.180855,-22.28253,0.42744893347407953,0.663073910811442,0.42744818890340425,0.7351184060275551
31.04,28.8362,-22.610215,0.43137033619862086,0.6603785007818154,0.4313696545160971,0.7351183606147172
31.06,28.508505,-22.610219999999998,0.4313702763609377,0.6603784596531224,0.4274480093902152,0.7351183606147172
31.08,28.18082,-22.610219999999998,0.42744869412334713,0.6603784596531224,0.4274480093902152,0.7351183606147172
31.1,28.18082,-22.28254,0.42744869412334713,0.6630738696827488,0.4274480093902152,0.7351183606147172
31.12,28.18081,-22.937905,0.427448634285664,0.6603784185244292,0.42744794955248555,0.7321421848706676
31.14,28.180815000000003,-22.61023,0.427448634285664,0.6603784185244292,0.4274480093902152,0.7351183152018793
31.16,28.836174999999997,-22.61023,0.43137021652325463,0.6603784185244292,0.43136947500290806,0.7351183152018793
31.18,28.83618,-22.28255,0.43137021652325463,0.6630738285540559,0.4313695348406377,0.7351183152018793
31.2,28.83618,-22.28256,0.43137021652325463,0.6630737874253628,0.4313695348406377,0.7351182697890415
31.22,22.937875,-22.93792,0.40784084277307686,0.6603783773957361,0.3843106908960006,0.7321420940449919
31.24,21.954819999999998,-22.937905,0.38823293158512356,0.6603784185244292,0.39215386147230497,0.7321421848706676
31.26,22.282505,-22.610219999999998,0.3921545736603973,0.6603784596531224,0.39215380163457525,0.7351183606147172
31.28,22.282505,-22.9379,0.39215451382271427,0.6603784596531224,0.39215386147230497,0.7321421848706676
31.3,22.28251,-22.937894999999997,0.3921545736603973,0.6603784596531224,0.39215386147230497,0.7321422302835054
31.32,22.28251,-22.937894999999997,0.3921545736603973,0.6603784596531224,0.39215386147230497,0.7321422302835054
31.34,22.282515,-22.9379,0.3921546334980804,0.6603784596531224,0.39215386147230497,0.7321421848706676
31.36,22.28252,-23.26558,0.3921546334980804,0.6603784596531224,0.3921539213100346,0.7291660091266181
31.38,21.95484,-23.59326,0.3921546334980804,0.6576830496234956,0.38823239585961206,0.7291660091266181
31.4,21.627164999999998,-23.92094,0.38823317093585596,0.6549876395938691,0.38823239585961206,0.7291660091266181
31.42,21.954845,-24.24862,0.3882331110981728,0.6549876395938691,0.39215398114776423,0.7261898333825685
31.44,38.01142,-21.627200000000002,0.45097836706194044,0.6630737874253628,0.521566475169975,0.7410706212771407
31.46,46.858925,-20.644175,0.5450965202771657,0.6684645252272299,0.5333311711967019,0.7440467516083524
31.48,45.22049,-20.97184,0.5294101314891199,0.668464607484616,0.52940952607082,0.7410706212771407
31.5,45.548165,-21.62721,0.5333316538890275,0.6657691563262964,0.5294094662330904,0.7380944001202532
31.52,45.220475,-21.6272,0.5294100716514368,0.6657691974549894,0.5294094063953607,0.7380944455330911
31.54,45.548159999999996,-21.627205,0.5333315940513443,0.6657691563262964,0.5294094662330904,0.7380944455330911
31.56,45.87584,-22.28256,0.5333315940513443,0.6630737874253628,0.533330991683513,0.7351182697890415
31.58,46.20352,-21.954885,0.5333315940513443,0.6630737874253628,0.5372525171339355,0.7380944001202532
31.6,47.18657,-22.28257,0.5411746986888426,0.6630737462966697,0.5411741024220877,0.7351182243762037
31.62,47.18657,-22.28257,0.5411746986888426,0.6630737462966697,0.5411741024220877,0.7351182243762037
31.64,55.70637,-21.29954,0.5725472369142017,0.6657690740689102,0.6117626376088269,0.7410705758643028
31.66,59.63859,-21.29954,0.619606343440656,0.6657691151976033,0.6117625179333676,0.741070530451465
31.68,58.32784,-20.97185,0.6078414770525178,0.668464566355923,0.6078409326452153,0.7410705758643028
31.7,58.00014,-21.62721,0.6078413573771516,0.6657691563262964,0.6039192875193335,0.7380944001202532
31.72,57.344764999999995,-21.95489,0.603919775139561,0.6657691563262964,0.5999976423934518,0.7351182243762037
31.74,56.034025,-23.265615,0.5960766106643796,0.66037829513835,0.5921544718171473,0.7291658728881044
31.76,55.378645000000006,-23.59329,0.5921549685891058,0.6576829262374164,0.5882328266912655,0.7291658728881044
31.78,53.74023,-24.248645000000003,0.5843118041139245,0.6549875162077897,0.5764681905022684,0.7261897425568926
31.8,52.75717,-24.57633,0.5764686994764262,0.6522921061781631,0.5725464855386568,0.7261896971440548
31.82,51.44643000000001,-24.90401,0.5686255350012449,0.6522921061781631,0.5647033149623525,0.7232135214000052
31.84,50.79105,-25.23168,0.5647038330882881,0.6495967372772296,0.5607817296742003,0.723213566812843
31.86,49.480315000000004,-25.23168,0.5568607284507898,0.6495967372772296,0.552938559097896,0.723213566812843
31.88,48.82495,-25.23168,0.5529391462131991,0.6495967372772296,0.5490170336474735,0.723213566812843
31.9,48.497265,-25.23168,0.5490175639756084,0.6495967372772296,0.5490170336474735,0.723213566812843
31.92,48.497275,-24.903995000000002,0.5490176238132916,0.6522921473068563,0.5490170934852031,0.7232136122256809
31.94,48.497285000000005,-24.57631,0.5490176836509747,0.6522921884355493,0.5490171533229328,0.7261897879697305
31.96,48.824974999999995,-24.248635,0.5490177434886577,0.6549875573364828,0.5529387386110849,0.7261897879697305
31.98,49.15266,-23.92096,0.5529393257262485,0.6549875573364828,0.5529387386110849,0.7291659183009422
32.0,49.152665,-24.24864,0.5529393257262485,0.6549875573364828,0.5529387984488146,0.7261897425568926
32.02,48.4973,-24.24864,0.5490178033263409,0.6549875573364828,0.5490172131606624,0.7261897425568926
32.04,48.497295,-24.24864,0.5490178033263409,0.6549875573364828,0.5490171533229328,0.7261897425568926
32.06,48.16961,-24.576320000000003,0.5490177434886577,0.6522921473068563,0.5450956278725102,0.7261897425568926
32.08,48.49728,-24.904,0.5490176836509747,0.6522921473068563,0.5490170934852031,0.723213566812843
32.1,48.16961,-24.904004999999998,0.5490177434886577,0.6522921473068563,0.5450956278725102,0.7232135214000052
32.12,48.1696,-24.904004999999998,0.5450961612510671,0.6522921061781631,0.5490170934852031,0.723213566812843
32.14,48.1696,-25.55937,0.5450961612510671,0.6495966961485364,0.5490170934852031,0.7202373456559555
32.16,48.1696,-25.231685,0.5490176836509747,0.6495966961485364,0.5450955680347805,0.723213566812843
32.18,48.49728,-24.904004999999998,0.5490176836509747,0.6522921061781631,0.5490170934852031,0.723213566812843
32.2,48.49728,-24.904004999999998,0.5490176836509747,0.6522921061781631,0.5490170934852031,0.723213566812843
32.22,48.49728,-25.23169,0.5490176836509747,0.6495966961485364,0.5490170934852031,0.7232135214000052
32.24,48.49728,-25.559365,0.5490176836509747,0.6495966961485364,0.5490170934852031,0.7202373910687934
32.26,43.25435,-26.870075,0.5450961014133839,0.6495967372772296,0.49019367318929835,0.7083327335054328
32.28,18.35038,-30.474545,0.3882335299619546,0.6280334981689094,0.3490169618421978,0.6994042516861219
32.3,17.03962,-29.49147,0.35686075238586307,0.6307290315846154,0.36470318331934726,0.7053567848255727
32.32,17.3673,-29.16378,0.3607823346234537,0.6334245238716282,0.3647031234816176,0.7053567848255727
32.34,17.69497,-29.491464999999998,0.3647037971856782,0.6334244827429352,0.36470306364388794,0.7023806090815231
32.36,17.694965,-29.16379,0.3647037971856782,0.6334244827429352,0.3647030038061583,0.7053567394127348
32.38,17.69496,-29.16379,0.3647037373479951,0.6334244827429352,0.3647030038061583,0.7053567394127348
32.4,18.022644999999997,-29.16378,0.3647037373479951,0.6334245238716282,0.36862458909431045,0.7053567848255727
32.42,18.35033,-29.16378,0.36862531958558575,0.6334245238716282,0.36862458909431045,0.7053567848255727
32.44,18.350335,-28.836105,0.36862531958558575,0.6361198927725618,0.36862464893204017,0.7053567848255727
32.46,18.67802,-29.16379,0.36862537942326884,0.6334244827429352,0.3725461743824627,0.7053567394127348
32.48,18.678024999999998,-29.49148,0.36862537942326884,0.633424441614242,0.3725462342201923,0.7023805182558474
32.5,19.00571,-30.802205,0.3725469616608595,0.6280336215549888,0.3725462342201923,0.6964281213549102
32.52,19.005705,-31.78526,0.3725469616608595,0.6253381292679759,0.3725461743824627,0.690475724453973
32.54,19.33338,-32.76831,0.3725469018231764,0.6199472680800295,0.3764676998328852,0.6874995032970856
32.56,18.677999999999997,-33.423680000000004,0.3764683643854008,0.6199472269513365,0.3647029439684286,0.6815471063961485
32.58,14.418105,-35.062105,0.34509582616004175,0.6091654634467506,0.3450950175276678,0.6785708398264231
32.6,15.073465,-34.07905,0.34901728872226623,0.6145563657633901,0.3490166028158199,0.6815470609833105
32.62,15.07346,-33.09601,0.34901728872226623,0.6172517757930168,0.34901654297809026,0.6874994124714098
32.64,15.07347,-33.09601,0.3490173485599493,0.6172517757930168,0.3490166028158199,0.6874994124714098
32.66,15.07347,-32.44065,0.3490173485599493,0.6199471858226434,0.3490166028158199,0.6904755882154594
32.68,15.40116,-32.440645,0.3490174083976324,0.6199472269513365,0.3529381881039721,0.6904755882154594
32.7,15.07348,-32.440645,0.3490174083976324,0.6199472269513365,0.34901666265354964,0.6904755882154594
32.72,15.07347,-32.112965,0.3490173485599493,0.6226425958522701,0.3490166028158199,0.6904756336282973
32.74,21.299475,-30.474579999999996,0.3568604531974475,0.6226425958522701,0.4156834928766773,0.7053563761100318
32.76,39.649860000000004,-27.197795,0.48627284655098885,0.6415103426735773,0.5058800741796367,0.7142849033421804
32.78,40.30521,-25.887065,0.5019589959883023,0.6469012038615236,0.4980368437656027,0.7202373002431176
32.8,40.96056,-25.88707,0.5019589361506192,0.6469012038615236,0.5058798348287181,0.7202372548302797
32.82,41.28823,-25.88707,0.5058803987128436,0.6495966138911503,0.5058797749909885,0.71726107908623
32.84,41.28822,-26.214745,0.5058803388751605,0.6469012038615236,0.5058797151532588,0.717261124499068
32.86,41.288215,-25.887065,0.5058802790374773,0.6469012038615236,0.5058797151532588,0.7202373002431176
32.88,40.96053,-25.887065,0.5058802790374773,0.6469012038615236,0.5019581298651067,0.7202373002431176
32.9,41.28821,-25.887065,0.5058802790374773,0.6495966138911503,0.5058796553155291,0.717261124499068
32.92,41.28821,-25.887065,0.5058802790374773,0.6469012038615236,0.5058796553155291,0.7202373002431176
32.94,40.96053,-25.887065,0.5058802790374773,0.6469012038615236,0.5019581298651067,0.7202373002431176
32.96,40.632855,-25.887059999999998,0.5019587566375697,0.6469012449902167,0.5019581897028363,0.7202373002431176
32.98,40.96054,-26.214745,0.5058803388751605,0.6469012038615236,0.5019581897028363,0.717261124499068
33.0,40.63286,-26.21474,0.5019588164752529,0.6469012449902167,0.5019581897028363,0.717261124499068
33.02,40.63286,-26.54242,0.5019588164752529,0.64420583496059,0.5019581897028363,0.717261124499068
33.04,40.63287,-26.8701,0.501958876312936,0.64420583496059,0.5019582495405659,0.7142849487550184
33.06,40.63287,-26.87011,0.501958876312936,0.644205793831897,0.5019582495405659,0.7142849033421804
33.08,40.632875,-27.197785,0.501958876312936,0.6415103838022703,0.5019583093782956,0.7142849487550184
33.1,40.63288,-27.197789999999998,0.5019589361506192,0.6415103838022703,0.5019583093782956,0.7142849033421804
33.12,40.305205,-27.52547,0.49803741375071153,0.6415103838022703,0.5019583692160252,0.711308727598131
33.14,40.63289,-27.525464999999997,0.5019589959883023,0.6415103838022703,0.5019583692160252,0.7113087730109687
33.16,40.305215000000004,-27.85315,0.5019589959883023,0.6415103838022703,0.49803690360333225,0.7083325518540812
33.18,34.079245,-29.819235,0.474508219513583,0.6334241537133904,0.4509781194964248,0.6994039792090946
33.2,32.768510000000006,-29.81923,0.45490030832562967,0.6307287025550707,0.4548997646223067,0.70238024577882
33.22,33.42387,-30.14691,0.45882189056322037,0.6307287436837639,0.45882123023499954,0.6994040246219325
33.24,33.751554999999996,-30.802275,0.45882189056322037,0.6280332925254442,0.46274281552315166,0.6964278488778829
33.26,34.07923,-30.80228,0.46274341296312793,0.6280332925254442,0.4627427556854221,0.696427803465045
33.28,34.406904999999995,-31.12997,0.46274335312544485,0.628033251396751,0.46666428113584457,0.6934515823081574
33.3,34.73458,-31.12997,0.4666648755253524,0.6253378413671243,0.46666422129811497,0.696427758052207
33.32,34.406895000000006,-31.785335,0.4666648755253524,0.6226423902088046,0.46274263600996274,0.6934515823081574
33.34,34.079215000000005,-31.45766,0.4627432932877617,0.6253378002384313,0.4627426958476924,0.6934515368953196
33.36,34.07921,-31.45766,0.4627432932877617,0.6253378002384313,0.46274263600996274,0.6934515368953196
33.38,34.07921,-31.45766,0.4627432932877617,0.6253378002384313,0.46274263600996274,0.6934515368953196
33.4,34.07921,-31.457665,0.4627432932877617,0.6253377591097382,0.46274263600996274,0.6934515368953196
33.42,34.07921,-31.78535,0.4627432932877617,0.6226423490801115,0.46274263600996274,0.6934514914824816
33.44,34.07921,-31.45767,0.4627432932877617,0.6253377591097382,0.46274263600996274,0.6934514914824816
33.46,29.16396,-32.4407,0.458821711050171,0.6226423490801115,0.40784074116448055,0.6874992308200581
33.48,19.333435,-32.44068,0.3764687832491826,0.619947021307871,0.3725464735711109,0.6904754973897836
33.5,19.661125,-31.7853,0.3764687832491826,0.622642554723577,0.37646811869699276,0.6934517185466711
33.52,19.661115000000002,-31.45762,0.3764687832491826,0.6253379647532037,0.37646799902153344,0.6934517185466711
33.54,20.31599,-31.129939999999998,0.38039024581140707,0.6253379647532037,0.38038378004990947,0.6964278942907207
33.56,19.98879,-31.129935,0.38039024581140707,0.6253379647532037,0.37646799902153344,0.6964279397035585
33.58,20.31648,-31.129939999999998,0.38039030564909015,0.6253379647532037,0.3803895843096856,0.6964278942907207
33.6,20.31648,-30.80226,0.38039030564909015,0.6280333747828303,0.3803895843096856,0.6964278942907207
33.62,20.31648,-31.45762,0.38039030564909015,0.6253379647532037,0.3803895843096856,0.6934517185466711
33.64,20.645435,-31.457625,0.38431182804899766,0.6253379647532037,0.38040484293074667,0.6934516731338333
33.66,-11.46847,-31.129939999999998,2.692695739686976e-06,0.6253379647532037,0.3803896441474153,0.6964278942907207
33.68,20.644170000000003,-31.45762,0.3843118878866808,0.6253379647532037,0.3803896441474153,0.6934517185466711
33.7,14.74586,-32.44065,0.36078251413650303,0.6199471858226434,0.33333074036504845,0.6904755882154594
33.72,12.124375,-31.129915,0.3294098562357777,0.6253380470105898,0.3333306805273188,0.6964280305292344
33.74,12.45206,-30.80223,0.3333314384733683,0.6280334981689094,0.3333306805273188,0.6964280305292344
33.76,12.779734999999999,-30.474545,0.33333137863568524,0.6280335392976025,0.3372522059777413,0.6994042062732839
33.78,13.107425,-29.819184999999997,0.3372529608732759,0.6307289081985361,0.33725226581547096,0.7023804274301715
33.8,13.107425,-30.146855000000002,0.3372529608732759,0.6307289493272292,0.33725226581547096,0.6994042970989598
33.82,13.435110000000002,-30.146865,0.3411745431108666,0.6307289081985361,0.33725226581547096,0.6994042516861219
33.84,13.10744,-30.146865,0.33725308054864217,0.6307289081985361,0.33725232565320057,0.6994042516861219
33.86,13.435115,-30.474539999999998,0.3411745431108666,0.6307289493272292,0.33725232565320057,0.6964280759420722
33.88,13.435120000000001,-30.146865,0.33725308054864217,0.6307289081985361,0.34117385110362314,0.6994042516861219
33.9,13.10744,-30.474539999999998,0.33725308054864217,0.6307289493272292,0.33725232565320057,0.6964280759420722
33.92,13.435125,-30.80222,0.33725308054864217,0.6280335392976025,0.3411739109413528,0.6964280759420722
33.94,13.435125,-30.80222,0.3411746029485497,0.6280335392976025,0.3372523854909303,0.6964280759420722
33.96,13.435125,-31.45758,0.33725308054864217,0.6253381292679759,0.3411739109413528,0.6934519001980226
33.98,13.10745,-31.457575,0.33725314038632526,0.6253381292679759,0.3372523854909303,0.6934519456108605
34.0,13.435125,-31.45758,0.3411746029485497,0.6253381292679759,0.3372523854909303,0.6934519001980226
34.02,13.10745,-32.11294,0.33725314038632526,0.6226427192383492,0.3372523854909303,0.690475724453973
34.04,13.107445,-32.7683,0.33725308054864217,0.6199473092087225,0.3372523854909303,0.6874995487099234
34.06,18.02272,-31.78528,0.35686099173659547,0.6226426369809631,0.376468238372452,0.6934518093723469
34.08,19.66115,-31.78528,0.376469022599915,0.6226426369809631,0.3764681785347224,0.6934518093723469
34.1,19.661125,-31.4576,0.3764688430868657,0.6253380470105898,0.37646805885926304,0.6934518093723469
34.12,19.98879,-31.4576,0.38039024581140707,0.6253380470105898,0.37646799902153344,0.6934518093723469
34.14,19.661105,-31.78528,0.3764687234114995,0.6226426369809631,0.37646793918380383,0.6934518093723469
34.16,19.6611,-31.785285,0.37646866357381636,0.6226425958522701,0.37646793918380383,0.6934518093723469
34.18,19.6611,14.089915000000001,0.37646866357381636,1.0,0.37646793918380383,0.6934518093723469
34.2,19.007015,-31.457605,0.3725471411739088,0.6253380058818967,0.3725616723544423,0.6934518093723469
34.22,19.6611,-31.45761,0.37646866357381636,0.6253380058818967,0.37646793918380383,0.693451763959509
34.24,19.6611,-31.45761,0.37646866357381636,0.6253380058818967,0.37646793918380383,0.693451763959509
34.26,19.66109,-31.45761,0.3764686037361333,0.6253380058818967,0.3764678793460741,0.693451763959509
34.28,19.66109,-31.45761,0.3764686037361333,0.6253380058818967,0.3764678793460741,0.693451763959509
34.3,19.33341,-31.45761,0.3764686037361333,0.6253380058818967,0.3725463538956516,0.693451763959509
34.32,19.66109,-31.129925,0.3764686037361333,0.6253380058818967,0.3764678793460741,0.6964279851163965
34.34,19.33341,-31.12992,0.3725470813362257,0.6253380470105898,0.3764678793460741,0.6964279851163965
34.36,19.333405,-31.129925,0.37254702149854263,0.6253380470105898,0.3764678793460741,0.6964279397035585
34.38,19.333399999999997,-31.457605,0.37254702149854263,0.6253380058818967,0.37646781950834446,0.6934518093723469
34.4,24.904040000000002,-31.129939999999998,0.3921548130111297,0.6253379647532037,0.42352690280390026,0.6964278942907207
34.42,26.870155,-30.47458,0.4235275905872212,0.6280333747828303,0.4156836723898663,0.6994040700347703
34.44,26.21478,-30.80226,0.41568436627435684,0.6280333747828303,0.4156836723898663,0.6964278942907207
34.46,26.542455,-30.80226,0.4196058886742644,0.6280333747828303,0.4156836125521366,0.6964278942907207
34.48,26.870134999999998,-30.80226,0.41960582883658126,0.6280333747828303,0.4196051978402888,0.6964278942907207
34.5,26.54246,-31.129939999999998,0.41568436627435684,0.6253379647532037,0.4196051978402888,0.6964278942907207
34.52,26.87014,-30.80226,0.4196058886742644,0.6280333747828303,0.4196051978402888,0.6964278942907207
34.54,26.542450000000002,-30.802255000000002,0.41960582883658126,0.6280333747828303,0.4156836125521366,0.6964279397035585
34.56,26.542455,-31.457614999999997,0.41960582883658126,0.6253379647532037,0.4156836723898663,0.693451763959509
34.58,26.87014,-31.785294999999998,0.4196058886742644,0.622642554723577,0.4196051978402888,0.693451763959509
34.6,26.87014,-32.11298,0.4196058886742644,0.622642554723577,0.4196051978402888,0.6904755428026216
34.62,26.54246,-32.11297,0.4196058886742644,0.6226425958522701,0.4156836723898663,0.6904755882154594
34.64,26.870145,-32.44066,0.4196058886742644,0.622642554723577,0.41960525767801843,0.687499367058572
34.66,26.870145,-32.440655,0.4196058886742644,0.622642554723577,0.41960525767801843,0.6874994124714098
34.68,26.21479,-32.44066,0.41568442611203993,0.6199471446939503,0.41568373222759597,0.6904755428026216
34.7,26.21479,-32.76834,0.41568442611203993,0.6199471446939503,0.41568373222759597,0.687499367058572
34.72,40.9606,-31.45765,0.4705863380875768,0.6226424313374977,0.537252935998043,0.696427758052207
34.74,48.49736,-29.81925,0.5529398044277133,0.6307286614263776,0.5450959270611584,0.7023801095403063
34.76,47.186615,-29.163885,0.5411749380395752,0.6334240714560043,0.5411744016107358,0.7053563306971938
34.78,47.84197,-29.49156,0.5450964604394827,0.6334241125846974,0.5450958672234288,0.7023801549531442
34.8,47.18661,-29.49157,0.5411749380395752,0.6334240714560043,0.5411743417730063,0.7023801095403063
34.82,47.84197,-29.81925,0.5450964604394827,0.6307286614263776,0.5450958672234288,0.7023801095403063
34.84,47.51429,-30.14693,0.5450964604394827,0.6307286614263776,0.5411743417730063,0.6994039337962566
34.86,47.51429,-30.14693,0.5450964604394827,0.6307286614263776,0.5411743417730063,0.6994039337962566
34.88,47.84197,-30.14693,0.5450964604394827,0.6307286614263776,0.5450958672234288,0.6994039337962566
34.9,47.841975000000005,-30.14693,0.5450964604394827,0.6307286614263776,0.5450959270611584,0.6994039337962566
34.92,47.84198,-30.80229,0.5450965202771657,0.628033251396751,0.5450959270611584,0.696427758052207
34.94,48.169650000000004,-30.47461,0.5450964604394827,0.628033251396751,0.5490173926738513,0.6994039337962566
34.96,50.46343,-28.836215000000003,0.5490179828393902,0.6307286202976846,0.5725467847273051,0.7113086367724551
34.98,54.39565,-26.54244,0.5882336855399306,0.6442057527032039,0.5803900749790688,0.7172610336733922
35.0,53.74027,-25.887075,0.5803905210647493,0.6469011627328306,0.5803899553036094,0.7202372548302797
35.02,54.067944999999995,-25.5594,0.5843120434646568,0.6495965727624572,0.5803898954658797,0.7202372094174417
35.04,53.74026,-25.887079999999997,0.5803904612270662,0.6469011627328306,0.5803898954658797,0.7202372094174417
35.06,53.740265,-25.559404999999998,0.5803904612270662,0.6495965727624572,0.5803899553036094,0.7202371640046039
35.08,53.74026,-25.23172,0.5803904612270662,0.6495965727624572,0.5803898954658797,0.7232133851614914
35.1,54.06794,-25.23173,0.5803904612270662,0.6495965316337642,0.5843114209163023,0.7232133397486535
35.12,54.06794,-25.55941,0.5803904612270662,0.6495965316337642,0.5843114209163023,0.7202371640046039
35.14,53.74026,-25.88709,0.5803904612270662,0.6469011216041375,0.5803898954658797,0.7202371640046039
35.16,53.74026,-26.21477,0.5803904612270662,0.6469011216041375,0.5803898954658797,0.7172609882605544
35.18,53.74026,-26.214775000000003,0.5803904612270662,0.6469010804754445,0.5803898954658797,0.7172609882605544
35.2,53.740265,-26.542455,0.5803904612270662,0.6442056704458178,0.5803899553036094,0.7172609882605544
35.22,53.74026,-26.542450000000002,0.5803904612270662,0.6442057115745109,0.5803898954658797,0.7172609882605544
35.24,53.74026,-26.214775000000003,0.5803904612270662,0.6469010804754445,0.5803898954658797,0.7172609882605544
35.26,53.74026,-25.88709,0.5803904612270662,0.6469011216041375,0.5803898954658797,0.7202371640046039
35.28,53.74026,-26.214775000000003,0.5803904612270662,0.6469010804754445,0.5803898954658797,0.7172609882605544
35.3,52.429535,-26.542450000000002,0.5803904612270662,0.6469011216041375,0.5647037338264601,0.7142848125165048
35.32,47.84197,-27.5255,0.5450964604394827,0.6415102604161912,0.5450958672234288,0.7113085913596172
35.34,48.49733,-27.197805000000002,0.5490179828393902,0.6415103015448843,0.5490173926738513,0.7142848579293427
35.36,48.49733,-27.19781,0.5490179828393902,0.6415103015448843,0.5490173926738513,0.7142848125165048
35.38,48.497335,-26.87013,0.5490179828393902,0.6442057115745109,0.549017452511581,0.7142848125165048
35.4,48.49734,-27.19781,0.5490180426770733,0.6415103015448843,0.549017452511581,0.7142848125165048
35.42,48.49734,-27.525485000000003,0.5490180426770733,0.6415103015448843,0.549017452511581,0.711308682185293
35.44,48.497344999999996,-27.52548,0.5490180426770733,0.6415103426735773,0.5490175123493106,0.711308682185293
35.46,48.825025,-26.870125,0.5490181025147564,0.6442057115745109,0.5529389779620035,0.7142848579293427
35.48,49.15271,-26.87013,0.5529396249146639,0.6442057115745109,0.5529390377997332,0.7142848125165048
35.5,49.152705,-27.19781,0.5529395650769808,0.6442057115745109,0.5529390377997332,0.7113086367724551
35.52,48.82503,-26.870125,0.5490181025147564,0.6442057115745109,0.5529390377997332,0.7142848579293427
35.54,49.15271,-26.87012,0.5529396249146639,0.6442057527032039,0.5529390377997332,0.7142848579293427
35.56,49.15271,-27.1978,0.5529396249146639,0.6442057527032039,0.5529390377997332,0.711308682185293
35.58,49.15271,-27.52548,0.5529396249146639,0.6415103426735773,0.5529390377997332,0.711308682185293
35.6,49.808065,-27.52549,0.5529395650769808,0.6415103015448843,0.5607820887005782,0.7113086367724551
35.62,61.27705,-24.248685000000002,0.6039200743279763,0.6522919416633908,0.6470571445531151,0.7291657366495906
35.64,64.22624,-23.921015,0.6470577781298893,0.6549873105643244,0.6392139739768107,0.7291656912367528
35.66,64.22622,-23.593325,0.6431360163792492,0.6576827617226441,0.6431354994272332,0.7291657366495906
35.68,64.226205,-23.59333,0.6431359565415661,0.6576827617226441,0.6431353797517739,0.7291656912367528
35.7,64.55387999999999,-23.265645,0.6470574191037906,0.6576827617226441,0.6431353797517739,0.7321419123936402
35.72,64.88155499999999,-22.937965,0.6470574191037906,0.6603781717522706,0.6470568453644668,0.7321419123936402
35.74,65.209225,-22.61028,0.6470573592661076,0.6603782128809638,0.6509783109771597,0.7351180881376899
35.76,65.536885,-22.2826,0.650978761990649,0.6630736229105905,0.6509781913017003,0.7351180881376899
35.78,65.536865,-21.29956,0.6509786423152827,0.665769032940217,0.6509780716262411,0.7410704396257891
35.8,65.53685,-19.661145,0.6509785226399164,0.6711598941281635,0.6509780117885114,0.7499990576836136
35.82,73.72898,-15.401299999999999,0.6745079562277774,0.6846369442762967,0.7254882519388621,0.7738085090488486
35.84,80.2827,-11.14144,0.7450966758551418,0.7035048967410693,0.7333314225151665,0.791665654338822
35.86,78.64427,-8.192295,0.7294102870670961,0.7196774803049084,0.7294098372270144,0.8005942723966466
35.88,78.97194,-6.881565,0.7333317496293206,0.7250683414928548,0.7294097773892847,0.8065466692975838
35.9,78.64425,-5.8985199999999995,0.7294101673917298,0.7277637926511745,0.7294097175515549,0.812499020785683
35.92,78.64424,-5.24316,0.7294101075540467,0.7331546127104278,0.7294096577138253,0.812499020785683
35.94,78.31656,-5.24316,0.7294101075540467,0.7331546127104278,0.7254881322634028,0.812499020785683
35.96,78.316555,-5.243164999999999,0.7294100477163636,0.7331545715817347,0.7254881322634028,0.812499020785683
35.98,77.98888,-4.91548,0.7254885851541392,0.7331546127104278,0.7254881322634028,0.8154751965297327
36.0,77.6612,-4.91548,0.7254885851541392,0.7331546127104278,0.7215666068129802,0.8154751965297327
36.02,77.6612,-5.24316,0.7215670627542315,0.7331546127104278,0.7254881322634028,0.812499020785683
36.04,77.33352,-5.24316,0.7215670627542315,0.7331546127104278,0.7215666068129802,0.812499020785683
36.06,77.6612,-5.24316,0.7215670627542315,0.7331546127104278,0.7254881322634028,0.812499020785683
36.08,77.33352,-5.24316,0.7215670627542315,0.7331546127104278,0.7215666068129802,0.812499020785683
36.1,77.333525,-5.570845,0.7215670627542315,0.7304591615521081,0.7215666666507099,0.812499020785683
36.12,82.576475,-3.932445,0.7294101673917298,0.7331545715817347,0.7764688008471107,0.8244037237618814
36.14,94.700875,-1.966355,0.8235285001200044,0.7466317039872541,0.8274497087817372,0.8273798995059309
36.16,93.39013,-1.310985,0.8196068580447307,0.7493271140168807,0.8156849529172808,0.8303561660756564
36.18,94.04549,-1.96635,0.8235283804446382,0.7466317039872541,0.8196064783677033,0.8273799449187689
36.2,93.7178,-1.96635,0.8196067982070475,0.7466317039872541,0.8196064185299736,0.8273799449187689
36.22,94.04548,-2.29404,0.8196067982070475,0.7439362528289343,0.8235279439803962,0.8273798995059309
36.24,94.37316,-2.621715,0.823528320606955,0.7439362939576274,0.8235279439803962,0.8244037237618814
36.26,94.37317,-3.27708,0.8235283804446382,0.7412408427993077,0.8235280038181259,0.8214275480178318
36.28,94.045485,-3.27708,0.823528320606955,0.7412408427993077,0.8196064783677033,0.8214275480178318
36.3,93.7178,-3.93245,0.8196067982070475,0.7385453916409881,0.8196064185299736,0.8184513268609444
36.32,94.37316,-3.932445,0.823528320606955,0.7385453916409881,0.8235279439803962,0.8184513722737822
36.34,93.7178,-4.58781,0.8196067982070475,0.7358499816113614,0.8196064185299736,0.8154751511168947
36.36,93.717805,-4.915495,0.8196067982070475,0.7331545715817347,0.8196064783677033,0.8154751057040568
36.38,93.71781,-5.24318,0.8196068580447307,0.7331545304530417,0.8196064783677033,0.8124989299600072
36.4,93.717805,-5.57086,0.8196067982070475,0.730459120423415,0.8196064783677033,0.8124989299600072
36.42,93.7178,-5.89854,0.8196067982070475,0.730459120423415,0.8196064185299736,0.8095227542159575
36.44,93.71779,-6.22623,0.8196067383693644,0.7304590792947219,0.819606358692244,0.8065465330590701
36.46,93.71779,-7.864644999999999,0.8196067383693644,0.7223727669484558,0.819606358692244,0.8005941361581329
36.48,94.04546500000001,-8.520015,0.823528260769272,0.7196773569188293,0.8196062988545145,0.7976178695884076
36.5,94.37314,-8.52002,0.823528200931589,0.7196773157901362,0.8235278243049369,0.7976178695884076
36.52,93.71778,-8.192335,0.8196066785316815,0.7196773157901362,0.8196062988545145,0.800594090745295
36.54,93.39009,-7.53697,0.8196066186939983,0.7223727669484558,0.8156847135663623,0.8035702664893446
36.56,96.01156,-6.22625,0.8156850364564076,0.7250681769780825,0.8509788614842725,0.8124987937214935
36.58,112.72354999999999,-2.9494249999999997,0.9176464139844973,0.7412407194132286,0.9490189125521845,0.8244036329362057
36.6,112.72354,-1.311015,0.9411758475723582,0.7466315806011748,0.9254893409855417,0.8333322055811924
36.62,111.74048,-0.32795999999999825,0.9254895784596787,0.7520224829178143,0.9294108065982346,0.8363084267380798
36.64,111.41278,0.9827699999999999,0.9254894587843124,0.7574133441057607,0.9254891614723528,0.842260823639017
36.66,111.0851,0.65509,0.9254894587843124,0.7574133441057607,0.9215676360219301,0.8392846478949674
36.68,111.085095,0.982775,0.9254894587843124,0.7574133441057607,0.9215675761842007,0.8422608690518549
36.7,110.757415,0.9827699999999999,0.9215679363844049,0.7601087541353873,0.9215675761842007,0.8392846478949674
36.72,110.75741,0.6550849999999999,0.9215678765467218,0.7574133029770675,0.9215675761842007,0.8392846478949674
36.74,110.75741,0.32740000000000175,0.9215678765467218,0.754717892947441,0.9215675761842007,0.8392846024821294
36.76,110.75741,-0.00028499999999805,0.9215678765467218,0.7547178518187478,0.9215675761842007,0.8363084267380798
36.78,110.10205,-0.00028499999999805,0.9176463541468142,0.754717892947441,0.9176460507337781,0.836308381325242
36.8,110.42973,-0.00028499999999805,0.9215678765467218,0.7547178518187478,0.9176460507337781,0.8363084267380798
36.82,109.77437,-0.65565,0.9176463541468142,0.7520224417891211,0.9137245252833556,0.8333322055811924
36.84,107.15289,-1.63871,0.9019600850341347,0.7466315394724818,0.8980381242930173,0.830355939011467
36.86,107.480575,-0.9833350000000001,0.9019600251964516,0.7493269906308014,0.901959769418899,0.8333322055811924
36.88,107.48057,-0.98333,0.9019600251964516,0.7493270317594946,0.9019597095811694,0.8333322055811924
36.9,107.48058,-0.9833350000000001,0.9019600850341347,0.7493269906308014,0.901959769418899,0.8333322055811924
36.92,107.48057,-1.31102,0.9019600251964516,0.7493269906308014,0.9019597095811694,0.8303559844243048
36.94,107.480575,-1.96638,0.9019600251964516,0.7466315806011748,0.901959769418899,0.8273798086802553
36.96,107.80825,-2.29407,0.9019600251964516,0.7466315394724818,0.9058812350315918,0.8244035875233677
36.98,108.13593,-2.94944,0.9058815475963592,0.743936088314162,0.9058812350315918,0.8214273663664803
37.0,108.463595,-4.2601700000000005,0.905881487758676,0.7385452271262156,0.9098026408065553,0.8154749694655431
37.02,109.446635,-5.57091,0.9137245325584912,0.7331543248095762,0.9137241662569776,0.8095225271517681
37.04,109.44662,-6.881645,0.9137244128831249,0.7277634636216299,0.9137241064192481,0.8035700848379931
37.06,109.446605,-8.192385,0.9137243530454419,0.7223725613049904,0.9137239867437887,0.7976176425242181
37.08,109.446585,-9.17544,0.9137242333700756,0.716981658988351,0.9137238670683294,0.7946414213673305
37.1,109.44657,-9.83081,0.9137241136947093,0.7142862078300312,0.9137238072305998,0.7916652002104432
37.12,109.77424,-9.503135,0.917645576256934,0.7142862078300312,0.9137237473928701,0.7946413305416549
37.14,109.44656,-9.503129999999999,0.9137240538570264,0.7142862078300312,0.9137237473928701,0.7946413759544927
37.16,109.44657,-8.84777,0.9137241136947093,0.7169816178596579,0.9137238072305998,0.7976175516985423
37.18,109.44657,-8.52009,0.9137241136947093,0.7196770278892846,0.9137238072305998,0.7976175516985423
37.2,109.11889,-8.192405,0.9137241136947093,0.7196770278892846,0.9098022817801772,0.8005937728554298
37.22,109.11889,-8.192409999999999,0.9098025912948019,0.7196770278892846,0.9137238072305998,0.8005937274425919
37.24,113.05111,-8.192405,0.9333320248826628,0.7196770278892846,0.9372533787972425,0.8005937728554298
37.26,112.39574,-7.53704,0.9333320248826628,0.7223724790476043,0.9294102082209382,0.8035699485994794
37.28,112.395735,-7.20936,0.9333319650449797,0.7250678890772309,0.9294102082209382,0.8035699485994794
37.3,112.068055,-7.53704,0.9294104426450721,0.7250678890772309,0.9294102082209382,0.8005937728554298
37.32,112.395745,-7.53704,0.9333320248826628,0.7223724790476043,0.9294102680586678,0.8035699485994794
37.34,112.06807,-7.209355,0.9294105623204384,0.7250678890772309,0.9294102680586678,0.8035699940123173
37.36,111.41271,-6.22631,0.9254890399205308,0.7277633402355507,0.9254887426082453,0.8095223455004166
37.38,111.41271,-5.570945,0.9254890399205308,0.7304587502651773,0.9254887426082453,0.8124985666573041
37.4,111.08503,-5.57094,0.9215675175206232,0.7304587913938704,0.9254887426082453,0.8124985666573041
37.42,110.75735,-5.24326,0.9215675175206232,0.7331542014234971,0.9215672171578226,0.8124985666573041
37.44,110.75735,-5.24326,0.9215675175206232,0.7331542014234971,0.9215672171578226,0.8124985666573041
37.46,111.085035,-5.57094,0.9254890399205308,0.7304587913938704,0.9215672769955525,0.8124985666573041
37.48,110.757365,-4.9155750000000005,0.9215675773583063,0.7331542014234971,0.921567336833282,0.8154747878141916
37.5,110.75737,-4.5879,0.9215676371959893,0.7358496114531237,0.921567336833282,0.8154747424013538
37.52,111.085045,-4.9155750000000005,0.9254890997582137,0.7358496114531237,0.921567336833282,0.812498612070142
37.54,110.75737,-4.91557,0.9215676371959893,0.7331542425521901,0.921567336833282,0.8154747878141916
37.56,110.75737,-4.9155750000000005,0.9215676371959893,0.7331542014234971,0.921567336833282,0.8154747878141916
37.58,111.08505,-4.91557,0.9215676371959893,0.7331542425521901,0.9254888622837045,0.8154747878141916
37.6,110.75737,-4.9155750000000005,0.9215676371959893,0.7331542014234971,0.921567336833282,0.8154747878141916
37.62,110.75737,-4.587895,0.9215676371959893,0.7358496114531237,0.921567336833282,0.8154747878141916
37.64,113.05117,-4.2602150000000005,0.92548921943358,0.7358496114531237,0.9450969083999248,0.8184509635582412
37.66,116.32804,-4.26021,0.9568620568473547,0.7358496525818168,0.9529401388139587,0.8184509635582412
37.68,116.000335,-3.60485,0.9529402950967146,0.7385450214827504,0.9529400789762291,0.8214271847151287
37.7,116.329285,-3.6048549999999997,0.9529555537059063,0.7385450214827504,0.956861544588922,0.8214271393022907
37.72,116.65569,-3.6048549999999997,0.9568618174966222,0.7385450626114433,0.956861544588922,0.8214270938894529
37.74,117.31104,-3.604865,0.9607832800588467,0.7385449803540572,0.9607830102016148,0.8214270938894529
37.76,117.31103,-3.60487,0.9607832202211636,0.7385449803540572,0.9607829503638852,0.8214270484766151
37.78,117.31103,-3.277195,0.9607832202211636,0.7412403492549908,0.9607829503638852,0.8214270484766151
37.8,117.31103,-3.2772,0.9607832202211636,0.7412403492549908,0.9607829503638852,0.8214270030637771
37.82,116.98335,-3.277195,0.9607832202211636,0.7412403492549908,0.9568614249134627,0.8214270484766151
37.84,116.98335,-2.94952,0.9607832202211636,0.7412403492549908,0.9568614249134627,0.8244031788078268
37.86,116.65567,-3.2772050000000004,0.956861697821256,0.7412403081262977,0.9568614249134627,0.8214270030637771
37.88,116.65567,-3.2772050000000004,0.956861697821256,0.7412403492549908,0.9568614249134627,0.8214269576509392
37.9,116.32798,-3.27721,0.9568616379835729,0.7412403081262977,0.9529398396253105,0.8214269576509392
37.92,116.0003,-3.93257,0.9529401155836653,0.738544898096671,0.9529398396253105,0.8184507819068896
37.94,115.34493,-4.587935,0.9490185333460748,0.7358494469383513,0.9490182543371583,0.81547460616284
37.96,115.01725,-5.57098,0.9450970109461673,0.730458626879098,0.9490182543371583,0.8124983850059525
37.98,114.689565,-5.898655,0.9450969511084841,0.730458626879098,0.9450967288867359,0.8095222546747407
38.0,114.68956,-6.55402,0.9450969511084841,0.7277632168494713,0.945096669049006,0.8065460335178533
38.02,115.67261500000001,-5.898655,0.9450969511084841,0.7277632168494713,0.9568614249134627,0.8124984304187903
38.04,120.260235,-4.260235,0.9803913109221662,0.7358495291957375,0.976469590705142,0.8184508727325654
38.06,119.27717,-3.932555,0.9725481464469848,0.7385449392253641,0.9725478857415306,0.8184508727325654
38.08,119.604855,-3.932545,0.9764697286845756,0.7385449803540572,0.9725478857415306,0.8184509181454034
38.1,120.26021,-3.932545,0.9803911912468,0.7385449803540572,0.9764694111919532,0.8184509181454034
38.12,120.26022,-4.260225,0.9803912510844831,0.7358495703244305,0.9764694710296828,0.8184509181454034
38.14,120.587905,-4.58791,0.9803912510844831,0.7358495703244305,0.980391056317835,0.8154746969885158
38.16,120.587905,-4.58791,0.9803912510844831,0.7358495703244305,0.980391056317835,0.8154746969885158
38.18,120.587905,-4.58791,0.9803912510844831,0.7358495703244305,0.980391056317835,0.8154746969885158
38.2,120.58791,-4.91559,0.9803913109221662,0.7358495703244305,0.980391056317835,0.8124985212444662
38.22,120.26023,-5.24327,0.9803913109221662,0.733154160294804,0.9764695308674125,0.8124985212444662
38.24,120.58791,-5.570955,0.9803913109221662,0.7304587091364843,0.980391056317835,0.8124985212444662
38.26,120.915595,-5.570955,0.984312893159757,0.733154160294804,0.980391056317835,0.8095223000875786
38.28,119.93255500000001,-6.881685,0.9803913707598494,0.7304587091364843,0.97254800541699,0.8005937274425919
38.3,117.966435,-8.19242,0.9647050418094868,0.7196769867605916,0.9647047151652264,0.800593682029754
38.32,118.62181,-7.53705,0.9686266240470773,0.7223724379189111,0.9686263602911082,0.8035699031866416
38.34,118.62181,-7.53705,0.9686266240470773,0.7223724379189111,0.9686263602911082,0.8035699031866416
38.36,118.621815,-7.86473,0.9686266240470773,0.7223724379189111,0.9686264201288378,0.8005937274425919
38.38,118.621825,-7.864735,0.9686266838847605,0.722372396790218,0.9686264799665675,0.8005937274425919
38.4,118.621825,-7.53705,0.9686266838847605,0.7223724379189111,0.9686264799665675,0.8035699031866416
38.42,118.94951499999999,-7.53705,0.9686267437224435,0.7223724379189111,0.9725480652547197,0.8035699031866416
38.44,102.565325,-15.729064999999999,0.9490188923721734,0.7115908389290977,0.7960773855028977,0.7410700309102481
38.46,35.062345,-34.734525,0.5725478352910328,0.6226420200505669,0.36470372185891414,0.6666657735475214
38.48,6.553815,-35.062125,0.29019457239901897,0.6010790688430985,0.30588006221209074,0.687499367058572
38.5,11.141365,-30.47456,0.32548863302428566,0.6280334570402164,0.3254876894642034,0.6994041608604461
38.52,12.124369999999999,-29.819200000000002,0.3294098562357777,0.630728867069843,0.33333062068958913,0.7023803366044957
38.54,13.76277,-29.16384,0.34117442343550036,0.6334242770994697,0.3411736715904342,0.7053565123485454
38.56,14.41812,-28.50848,0.34509588599772484,0.6361196871290963,0.34509513720312707,0.708332688092595
38.58,16.056515,-28.50848,0.35293893079753996,0.6361196871290963,0.356859653716665,0.708332688092595
38.6,16.38418,-28.1808,0.3568603335220813,0.638815097158723,0.35685959387893534,0.708332688092595
38.62,17.03953,-27.853125,0.3607817960843058,0.6388150560300299,0.3607810594916282,0.7113088638366446
38.64,11.796595,-29.819200000000002,0.3607817362466227,0.6415105071883496,0.29803605390757126,0.6904756336282973
38.66,-6.226005000000001,-33.42369,0.22744859838305415,0.614556324634697,0.21568300220729417,0.6874994578842476
38.68,-4.915285,-31.129894999999998,0.22744847870768795,0.6253381292679759,0.23136922368444357,0.6964281213549102
38.7,-4.58761,-30.146845,0.23137000110759554,0.6307289904559222,0.23136916384671394,0.6994043425117977
38.72,-3.9322549999999996,-29.81917,0.23529152350750304,0.6307289904559222,0.2352906294594068,0.7023804728430094
38.74,-3.27689,-29.81916,0.23921304590741063,0.6307290315846154,0.23921221474755897,0.7023805182558474
38.76,-2.9492149999999997,-29.81916,0.23921298606972755,0.6307290315846154,0.2431337401979815,0.7023805182558474
38.78,-2.94921,-29.491475,0.2431345683073182,0.633424441614242,0.23921221474755897,0.7023805636686852
38.8,-2.62152,-29.81915,0.24313462814500134,0.6307290727133085,0.24313380003571117,0.7023805636686852
38.82,-2.6215149999999996,-29.16379,0.24313462814500134,0.6334244827429352,0.2431338598734408,0.7053567394127348
38.84,-2.29383,-29.491464999999998,0.24705621038259198,0.6334244827429352,0.2431338598734408,0.7023806090815231
38.86,-1.63846,-29.491464999999998,0.24705627022027504,0.6307290727133085,0.2509769706120155,0.7053567848255727
38.88,2.949135,-27.525374999999997,0.2745072860457266,0.641510753960508,0.27842818730454005,0.7113091817265098
38.9,2.949125,-27.525365,0.2784288084456342,0.6415107950892012,0.2745065421786582,0.7113092271393476
38.92,3.27681,-27.525365,0.2784288682833173,0.6415107950892012,0.27842806762908073,0.7113092271393476
38.94,3.276815,-28.180725000000002,0.2784288682833173,0.6388153850595745,0.2784281274668104,0.708333051395298
38.96,3.6045049999999996,-28.508409999999998,0.28235045052090796,0.6388153850595745,0.27842818730454005,0.7053568302384106
38.98,3.6045049999999996,-28.83609,0.28235045052090796,0.636119975029948,0.27842818730454005,0.7053568302384106
39.0,3.604515,-28.836095,0.2784289879586835,0.636119975029948,0.2823497725926922,0.7053567848255727
39.02,3.9322,-29.163775,0.2823505701962742,0.6361199339012549,0.2823497725926922,0.702380654494361
39.04,3.9322,-29.491455000000002,0.2823505701962742,0.6334245238716282,0.2823497725926922,0.702380654494361
39.06,3.9322049999999997,-29.49146,0.2823505701962742,0.6334245238716282,0.2823498324304219,0.7023806090815231
39.08,3.93221,-29.81914,0.2823506300339573,0.6307291138420016,0.2823498324304219,0.7023806090815231
39.1,3.9322150000000002,-30.146825,0.2823506300339573,0.6307291138420016,0.28234989226815155,0.6994043879246356
39.12,3.9322150000000002,-30.802185,0.2823506300339573,0.6280336626836818,0.28234989226815155,0.6964282575934239
39.14,-19.660745,-31.457545000000003,0.2823506898716404,0.6253382526540552,0.0,0.6934520818493742
39.16,3.93222,-31.45755,0.2823506898716404,0.6253382526540552,0.28234989226815155,0.6934520364365364
39.18,3.60454,-32.4406,0.2823506898716404,0.6226428014957355,0.278428366817729,0.6874996395355992
39.2,28.83623,-26.5424,0.3372525420094942,0.6307289081985361,0.5254878809449383,0.732142048632154
39.22,98.63316,-10.486075,0.7607834835069692,0.6954187077808824,0.9372545755518356,0.8065465330590701
39.24,123.53727,-2.621725,0.9960789563015573,0.738545350512295,1.0,0.8303561206628185
39.26,122.55417,-0.000250000000000028,0.9882354328002773,0.7520226063038935,0.9960782351986588,0.8392847387206432
39.28,123.537205,0.3274250000000014,1.0,0.7547179752048271,0.9960781753609292,0.8392847387206432
39.3,123.20951,1.63815,0.9960783579247262,0.7601088363927735,0.9960781155231995,0.8452370902087424
39.32,123.86486,1.96583,0.9999998204869507,0.7628042464224002,0.9999995811358923,0.8452370902087424
39.34,123.864855,1.96627,0.9999998204869507,0.7628078657473911,0.9999995212981628,0.8452370902087424
39.36,123.86485,1.96583,0.9999997606492675,0.7628042464224002,0.9999995212981628,0.8452370902087424
39.38,123.864855,1.96583,0.9999997606492675,0.7628042464224002,0.9999995811358923,0.8452370902087424
39.4,119.27726,1.96582,0.9843134316989048,0.7628042052937071,0.9607836684166411,0.8452370447959046
39.42,117.638815,2.2935049999999997,0.9607838185979947,0.7628042052937071,0.964705134029334,0.848213265952792
39.44,118.621855,2.94887,0.9686269232354929,0.7654996564520268,0.9686265996420268,0.8511894416968415
39.46,118.62184500000001,3.27655,0.9686268035601266,0.7681950664816534,0.9686265996420268,0.8511894416968415
39.48,119.2772,3.604235,0.9725483259600343,0.7681950664816534,0.9725480652547197,0.8541656628537291
39.5,118.94951499999999,3.604235,0.9686267437224435,0.7681951076103464,0.9725480652547197,0.8541656174408911
39.52,118.62183,3.9319249999999997,0.9686267437224435,0.7708905176399731,0.9686264799665675,0.854165708266567
39.54,118.29415,3.9319249999999997,0.9686267437224435,0.7708905176399731,0.9647049545161449,0.854165708266567
39.56,118.62183,3.93193,0.9686267437224435,0.7708905587686662,0.9686264799665675,0.854165708266567
39.58,118.62183,3.93193,0.9686267437224435,0.7708905587686662,0.9686264799665675,0.854165708266567
39.6,118.62183,4.25961,0.9686267437224435,0.7708905587686662,0.9686264799665675,0.8571418840106166
39.62,115.67268,2.62121,0.964705221322536,0.7681951487390395,0.9372539173368093,0.8452371810344181
39.64,108.463605,0.98278,0.9098030699962667,0.7574133852344538,0.9058811751938624,0.8422608690518549
39.66,109.118975,1.63816,0.9098030699962667,0.7601088363927735,0.9137243457701666,0.8452371810344181
39.68,109.11897,1.63816,0.9098030699962667,0.7601088775214666,0.9137242859324369,0.8452371356215803
39.7,109.446645,1.63816,0.9137245325584912,0.7601088775214666,0.9137242859324369,0.8452371356215803
39.72,109.11897,1.63816,0.9137245923961743,0.7601088775214666,0.9098027604820146,0.8452371356215803
39.74,109.446645,1.310475,0.9137245325584912,0.7601088363927735,0.9137242859324369,0.8422609598775307
39.76,109.44665,1.31047,0.9137245923961743,0.7601088363927735,0.9137242859324369,0.8422609144646929
39.78,109.44665,0.65511,0.9137245923961743,0.7574134263631468,0.9137242859324369,0.8392847387206432
39.8,109.44665,0.6551,0.9137245923961743,0.7574133852344538,0.9137242859324369,0.8392846933078053
39.82,109.44665499999999,-0.3279450000000002,0.9137245923961743,0.7520225651752005,0.9137243457701666,0.8363084721509177
39.84,109.44666,-0.32795000000000024,0.9137246522338572,0.7520225240465074,0.9137243457701666,0.8363084721509177
39.86,109.44666,-0.655635,0.9137246522338572,0.7520224829178143,0.9137243457701666,0.8333322964068681
39.88,109.44666,-0.65564,0.9137246522338572,0.7520224829178143,0.9137243457701666,0.8333322509940302
39.9,109.44665499999999,-0.98332,0.9137246522338572,0.7493270728881876,0.9137242859324369,0.8333322509940302
39.92,109.774345,-1.311005,0.9137246522338572,0.7493270317594946,0.9176459310583188,0.8303560752499806
39.94,110.102025,-1.31101,0.9176461746337649,0.7493270317594946,0.9176459310583188,0.8303560298371427
39.96,107.80825,-2.29405,0.9137247120715404,0.7466316217298679,0.8941165390048651,0.8244036783490435
