t_s,x,y,x_left,y_left,x_right,y_right
0.04,22.6102,-0.983015,20.97177,-1.3107,24.24863,-0.65533
0.06,22.282539999999997,-0.32765999999999684,22.9379,-0.65534,21.62718,2.0000000006348e-05
0.08,21.95486,-0.65534,22.28254,-0.65534,21.62718,-0.65534
0.1,21.299505,-0.32765999999999684,21.62719,-0.65534,20.97182,2.0000000006348e-05
0.12,21.299505,-0.6553450000000001,21.62719,-0.65535,20.97182,-0.65534
0.14,21.299509999999998,-0.65535,21.62719,-0.65535,20.97183,-0.65535
0.16,20.97183,-0.9830300000000001,20.97183,-1.31071,20.97183,-0.65535
0.18,20.971835,-1.31071,20.97184,-1.31071,20.97183,-1.31071
0.2,20.644154999999998,-1.310715,20.97184,-1.31072,20.31647,-1.31071
0.22,20.31648,-1.96608,20.31648,-1.96608,20.31648,-1.96608
0.24,19.988795,-1.966085,19.66112,-1.96609,20.31647,-1.96608
0.26,19.988795,-2.62145,19.66112,-2.62145,20.31647,-2.62145
0.28,19.661125,-2.621455,19.66113,-2.62146,19.66112,-2.62145
0.3,19.333444999999998,-2.94914,19.00577,-2.62146,19.66112,-3.27682
0.32,19.33345,-3.6045049999999996,19.66113,-3.27682,19.00577,-3.93219
0.34,19.661135,-4.58755,19.66113,-4.58755,19.66114,-4.58755
0.36,19.66114,-5.24292,19.66114,-5.24292,19.66114,-5.24292
0.38,21.627235,-7.20901,19.66115,-5.24292,23.59332,-9.1751
0.4,30.14701,-17.03951,29.49166,-17.03951,30.80236,-17.03951
0.42,30.146985,-15.073415,30.14699,-15.07342,30.14698,-15.07341
0.44,31.457695,-15.07342,31.4577,-15.07342,31.45769,-15.07342
0.46,32.11305,-15.4011,32.11305,-15.07342,32.11305,-15.72878
0.48,32.11306,-15.72879,32.11306,-15.72879,32.11306,-15.72879
0.5,25.231685,-11.46889,30.80233,-15.07342,19.66104,-7.86436
0.52,8.519835,-5.242889999999999,9.1752,-4.58752,7.86447,-5.89826
0.54,9.83055,-5.242905,9.83055,-5.24291,9.83055,-5.2429
0.56,9.502870000000001,-5.24291,9.83055,-5.24291,9.17519,-5.24291
0.58,8.84751,-4.915235,9.17519,-5.24292,8.51983,-4.58755
0.6,8.51983,-4.58756,8.51983,-4.58756,8.51983,-4.58756
0.62,8.51983,-4.25988,8.51983,-4.58756,8.51983,-3.9322
0.64,8.519835,-3.60452,8.51984,-3.9322,8.51983,-3.27684
0.66,8.519835,-3.6045249999999998,8.51984,-3.93221,8.51983,-3.27684
0.68,8.51983,-2.949165,8.51983,-3.27685,8.51983,-2.62148
0.7,2.62154,-0.327685,3.27691,-0.65537,1.96617,0.0
0.72,2.621525,-0.6553749999999949,2.62153,-0.65537999999999,2.62152,-0.65537
0.74,2.6215149999999996,-0.9830549999999949,2.62152,-0.65537999999999,2.62151,-1.31073
0.76,2.62152,-1.31074,2.62152,-1.31074,2.62152,-1.31074
0.78,2.9492,-1.63842,2.62152,-1.31074,3.27688,-1.9661
0.8,2.9492,-1.966105,2.62152,-1.96611,3.27688,-1.9661
0.82,3.276885,-1.96611,3.27688,-1.96611,3.27689,-1.96611
0.84,3.27689,-2.29379,3.27689,-1.96611,3.27689,-2.62147
0.86,3.27689,-2.62147,3.27689,-2.62147,3.27689,-2.62147
0.88,3.276885,-2.94915,3.27689,-2.62147,3.27688,-3.27683
0.9,3.276885,-3.932195,3.27689,-3.9322,3.27688,-3.93219
0.92,7.5367500000000005,-3.932195,3.27688,-3.9322,11.79662,-3.93219
0.94,21.954864999999998,-4.587524999999999,21.62717,-4.58753,22.28256,-4.58752
0.96,20.97183,-4.25985,20.97183,-4.58753,20.97183,-3.93217
0.98,21.627184999999997,-3.93217,21.62719,-3.93217,21.62718,-3.93217
1.0,21.62719,-4.587535,21.62719,-4.58754,21.62719,-4.58753
1.02,21.62719,-4.91522,21.62719,-4.58754,21.62719,-5.2429
1.04,21.954864999999998,-5.2429,21.62719,-5.2429,22.28254,-5.2429
1.06,21.954864999999998,-5.242905,22.28255,-5.24291,21.62718,-5.2429
1.08,21.627184999999997,-4.91522,21.62719,-5.2429,21.62718,-4.58754
1.1,21.627184999999997,-4.91522,21.62719,-5.2429,21.62718,-4.58754
1.12,21.95487,-5.242905,21.62719,-5.24291,22.28255,-5.2429
1.14,21.95487,-5.24291,22.28255,-5.24291,21.62719,-5.24291
1.16,21.62719,-5.57059,21.62719,-5.24291,21.62719,-5.89827
1.18,21.627195,-5.898275,21.6272,-5.89828,21.62719,-5.89827
1.2,21.95487,-6.22596,21.62719,-5.89828,22.28255,-6.55364
1.22,22.610225,-6.55364,22.28255,-6.55364,22.9379,-6.55364
1.24,23.920925,-6.88132,23.59325,-6.55364,24.2486,-7.209
1.26,24.576275,-7.209004999999999,24.2486,-7.20901,24.90395,-7.209
1.28,24.90396,-7.864364999999999,24.90396,-7.86437,24.90396,-7.86436
1.3,25.559325,-7.86437,25.55933,-7.86437,25.55932,-7.86437
1.32,25.559325,-7.86437,25.55933,-7.86437,25.55932,-7.86437
1.34,25.55933,-8.51973,25.55933,-8.51973,25.55933,-8.51973
1.36,25.887014999999998,-8.51973,25.55934,-8.51973,26.21469,-8.51973
1.38,25.88701,-9.175095,25.55933,-9.1751,26.21469,-9.17509
1.4,25.887005000000002,-9.1751,26.21469,-9.1751,25.55932,-9.1751
1.42,27.853105,-9.502775,25.55933,-9.83046,30.14688,-9.17509
1.44,43.254295,-10.813469999999999,40.63282,-10.4858,45.87577,-11.14114
1.46,44.237375,-10.48579,44.56506,-10.48579,43.90969,-10.48579
1.48,44.565045,-10.813479999999998,44.56505,-10.4858,44.56504,-11.14116
1.5,44.565045,-11.14116,44.56505,-11.14116,44.56504,-11.14116
1.52,44.89273,-11.141165,44.56505,-11.14117,45.22041,-11.14116
1.54,45.54809,-11.468845,45.22041,-11.14116,45.87577,-11.79653
1.56,45.87578,-12.45189,45.87578,-12.45189,45.87578,-12.45189
1.58,46.858824999999996,-13.10725,46.53115,-13.10725,47.1865,-13.10725
1.6,47.514195,-13.434930000000001,47.18651,-13.10725,47.84188,-13.76261
1.62,48.497245,-14.41797,48.49724,-14.41797,48.49725,-14.41797
1.64,49.480295,-14.745650000000001,49.15261,-14.41797,49.80798,-15.07333
1.66,50.46335,-15.40101,50.46335,-15.07333,50.46335,-15.72869
1.68,51.4464,-16.05637,51.11872,-15.72869,51.77408,-16.38405
1.7,52.757130000000004,-16.711255,52.42945,-16.38405,53.08481,-17.03846
1.72,53.4125,-17.69477,53.08482,-17.69477,53.74018,-17.69477
1.74,56.689335,-17.694755,56.36165,-17.69476,57.01702,-17.69475
1.76,58.000075,-18.35012,57.6724,-18.35012,58.32775,-18.35012
1.78,58.65544,-18.677799999999998,58.32776,-18.35012,58.98312,-19.00548
1.8,59.63849,-19.33316,59.63849,-19.66084,59.63849,-19.00548
1.82,59.6385,-19.66084,59.6385,-19.66084,59.6385,-19.66084
1.84,60.293865,-20.64388,60.29387,-20.3162,60.29386,-20.97156
1.86,60.29387,-20.97156,60.29387,-20.97156,60.29387,-20.97156
1.88,59.96619,-20.97156,60.29387,-20.97156,59.63851,-20.97156
1.9,59.63852,-20.971555000000002,59.63852,-20.97156,59.63852,-20.97155
1.92,59.63852,-20.97155,59.63852,-20.97155,59.63852,-20.97155
1.94,58.655485,-20.97155,58.98317,-20.97155,58.3278,-20.97155
1.96,58.98316,-20.316195,58.98316,-20.3162,58.98316,-20.31619
1.98,58.983149999999995,-20.316195,58.98316,-20.3162,58.98314,-20.31619
2.0,59.966175,-20.971555000000002,59.6385,-20.97156,60.29385,-20.97155
2.02,59.638485,-20.971555000000002,59.63849,-20.97156,59.63848,-20.97155
2.04,59.638485,-20.971555000000002,59.63849,-20.97156,59.63848,-20.97155
2.06,67.830585,-19.333135,65.53679,-19.66082,70.12438,-19.00545
2.08,69.469025,-19.33313,69.46903,-19.66081,69.46902,-19.00545
2.1,69.14133,-19.33313,68.81365,-19.00545,69.46901,-19.66081
2.12,69.141335,-19.66081,69.46902,-19.66081,68.81365,-19.66081
2.14,68.81364500000001,-19.660815,68.81365,-19.66082,68.81364,-19.66081
2.16,68.81364,-19.66082,68.81364,-19.66082,68.81364,-19.66082
2.18,69.141315,-19.66082,68.81364,-19.66082,69.46899,-19.66082
2.2,69.468985,-20.971545,70.12435,-20.31618,68.81362,-21.62691
2.22,69.141305,-22.28227,69.46899,-22.28227,68.81362,-22.28227
2.24,76.02265,-21.6269,70.77971,-21.62691,81.26559,-21.62689
2.26,84.87012,-21.62688,85.1978,-21.62688,84.54244,-21.62688
2.28,84.214745,-20.97152,84.54243,-20.97152,83.88706,-20.97152
2.3,84.214755,-21.2992,84.54244,-21.62688,83.88707,-20.97152
2.32,83.887075,-21.2992,83.88708,-20.97152,83.88707,-21.62688
2.34,83.887075,-21.62688,83.88708,-21.62688,83.88707,-21.62688
2.36,83.88707,-21.62688,83.88707,-21.62688,83.88707,-21.62688
2.38,83.23171500000001,-22.28225,83.23172,-22.28225,83.23171,-22.28225
2.4,83.559395,-22.28225,83.88708,-22.28225,83.23171,-22.28225
2.42,83.55939000000001,-22.282245000000003,83.23171,-22.28225,83.88707,-22.28224
2.44,83.23171,-22.28225,83.23171,-22.28225,83.23171,-22.28225
2.46,83.23171,-22.28225,83.23171,-22.28225,83.23171,-22.28225
2.48,82.90403,-22.282245000000003,83.23171,-22.28225,82.57635,-22.28224
2.5,80.937935,-22.28225,83.23172,-22.28225,78.64415,-22.28225
2.52,61.93225,-23.59297,65.53677,-24.24833,58.32773,-22.93761
2.54,5.24361,-22.28225,-49.15127,-22.28225,59.63849,-22.28225
2.56,59.63849,-22.60994,59.63849,-22.93762,59.63849,-22.28226
2.58,59.310805,-23.265304999999998,59.63849,-23.59299,58.98312,-22.93762
2.6,59.63849,-23.26531,59.63849,-22.93763,59.63849,-23.59299
2.62,59.63849,-23.59299,59.63849,-23.59299,59.63849,-23.59299
2.64,59.63849,-23.59299,59.63849,-23.59299,59.63849,-23.59299
2.66,59.63849,-23.59299,59.63849,-23.59299,59.63849,-23.59299
2.68,59.966175,-23.593,59.6385,-23.593,60.29385,-23.593
2.7,59.6385,-23.593,59.6385,-23.593,59.6385,-23.593
2.72,59.638504999999995,-23.592995000000002,59.63851,-23.593,59.6385,-23.59299
2.74,59.310829999999996,-23.593,59.63851,-23.593,58.98315,-23.593
2.76,59.63851,-23.593,59.63851,-23.593,59.63851,-23.593
2.78,59.966179999999994,-23.920675000000003,59.63851,-24.24836,60.29385,-23.59299
2.8,40.960480000000004,-23.265285,49.1526,-24.24834,32.76836,-22.28223
2.82,30.146900000000002,-21.95456,28.83617,-21.62688,31.45763,-22.28224
2.84,32.112995,-21.62688,32.113,-21.62688,32.11299,-21.62688
2.86,32.440675,-21.62689,32.113,-21.62689,32.76835,-21.62689
2.88,32.768355,-21.6269,32.76836,-21.6269,32.76835,-21.6269
2.9,32.76835,-22.28226,32.76835,-22.28226,32.76835,-22.28226
2.92,32.768355,-22.609949999999998,32.76836,-22.28227,32.76835,-22.93763
2.94,32.76835,-22.282265000000002,32.76835,-22.28226,32.76835,-22.28227
2.96,33.09603,-22.28227,33.42371,-22.28227,32.76835,-22.28227
2.98,33.423705,-22.28227,33.42371,-22.28227,33.4237,-22.28227
3.0,33.09603,-22.282265000000002,33.42371,-22.28227,32.76835,-22.28226
3.02,33.423715,-22.28227,32.76835,-22.28227,34.07908,-22.28227
3.04,38.338985,-22.609935,38.0113,-22.28226,38.66667,-22.93761
3.06,38.994344999999996,-22.28226,39.32203,-22.28226,38.66666,-22.28226
3.08,38.66667,-22.28226,38.66667,-22.28226,38.66667,-22.28226
3.1,38.666665,-22.60994,38.66667,-22.28226,38.66666,-22.93762
3.12,38.666665,-22.60994,38.66667,-22.93762,38.66666,-22.28226
3.14,38.66667,-22.28226,38.66667,-22.28226,38.66667,-22.28226
3.16,38.66794,-22.93762,38.66667,-22.93762,38.66921,-22.93762
3.18,38.66667,-22.609945,38.66667,-22.93763,38.66667,-22.28226
3.2,38.66667,-22.937624999999997,38.66667,-22.93763,38.66667,-22.93762
3.22,38.666675,-22.937624999999997,38.66668,-22.93763,38.66667,-22.93762
3.24,38.994355,-23.26531,39.32204,-22.93763,38.66667,-23.59299
3.26,38.99435,-23.26531,38.66667,-22.93763,39.32203,-23.59299
3.28,38.66667,-23.59299,38.66667,-23.59299,38.66667,-23.59299
3.3,38.994355,-23.26531,39.32204,-23.59299,38.66667,-22.93763
3.32,38.666675,-23.26531,38.66668,-22.93763,38.66667,-23.59299
3.34,38.66668,-23.59299,38.66668,-23.59299,38.66668,-23.59299
3.36,38.339,-23.59299,38.66668,-23.59299,38.01132,-23.59299
3.38,38.339,-23.92068,38.66668,-23.593,38.01132,-24.24836
3.4,38.01132,-24.24836,38.01132,-24.24836,38.01132,-24.24836
3.42,37.683645,-24.576045,38.01133,-24.24836,37.35596,-24.90373
3.44,54.723175,-23.92066,44.56498,-24.24836,64.88137,-23.59296
3.46,71.435115,-23.920625,72.74584,-24.2483,70.12439,-23.59295
3.48,68.813665,-22.93759,68.81367,-22.93759,68.81366,-22.93759
3.5,68.158305,-22.937595,68.15831,-22.9376,68.1583,-22.93759
3.52,68.158305,-22.28224,68.15831,-22.28224,68.1583,-22.28224
3.54,67.830625,-22.28225,68.15831,-22.28225,67.50294,-22.28225
3.56,67.502945,-22.93761,67.50295,-22.28225,67.50294,-23.59297
3.58,67.175265,-23.59298,67.50295,-23.59298,66.84758,-23.59298
3.6,66.847585,-22.93762,66.84759,-22.93762,66.84758,-22.93762
3.62,66.19222,-22.93762,66.19222,-22.93762,66.19222,-22.93762
3.64,76.35038,-21.95456,68.15831,-22.28226,84.54245,-21.62686
3.66,92.40690000000001,-22.2822,93.71763,-22.2822,91.09617,-22.2822
3.68,90.440785,-21.299165000000002,90.44079,-20.97149,90.44078,-21.62684
3.7,90.76846,-21.29917,91.09614,-21.62685,90.44078,-20.97149
3.72,90.1131,-20.971494999999997,90.44078,-20.9715,89.78542,-20.97149
3.74,89.785425,-20.31613,89.78543,-20.31613,89.78542,-20.31613
3.76,89.785425,-19.66077,89.78543,-19.66077,89.78542,-19.66077
3.78,89.45902000000001,-19.333095,89.78543,-19.66078,89.13261,-19.00541
3.8,89.45775,-19.3331,89.78543,-19.66078,89.13007,-19.00542
3.82,89.13007,-19.00542,89.13007,-19.00542,89.13007,-19.00542
3.84,88.80239,-19.3331,89.13007,-19.66078,88.47471,-19.00542
3.86,89.45775,-19.3331,88.47471,-19.00542,90.44079,-19.66078
3.88,102.56512000000001,-19.66075,100.92669,-19.66076,104.20355,-19.66074
3.9,102.89282,-19.333064999999998,102.89283,-19.66075,102.89281,-19.00538
3.92,102.89282,-19.005384999999997,102.89282,-19.00539,102.89282,-19.00538
3.94,102.892825,-18.677709999999998,102.89283,-19.00539,102.89282,-18.35003
3.96,102.892825,-18.677705,102.89283,-18.35003,102.89282,-19.00538
3.98,102.892825,-18.677709999999998,102.89283,-19.00539,102.89282,-18.35003
4.0,102.565145,-18.35002,102.89283,-18.35002,102.23746,-18.35002
4.02,102.23747,-18.35002,102.23747,-18.35002,102.23747,-18.35002
4.04,102.89283,-19.333064999999998,102.89283,-19.00539,102.89283,-19.66074
4.06,102.56515,-19.660745,102.89283,-19.66075,102.23747,-19.66074
4.08,102.56516,-19.660745,102.89284,-19.66075,102.23748,-19.66074
4.1,102.237475,-19.660745,102.23747,-19.66075,102.23748,-19.66074
4.12,101.909805,-19.660745,102.23748,-19.66075,101.58213,-19.66074
4.14,101.58213,-19.66075,101.58213,-19.66075,101.58213,-19.66075
4.16,101.25445500000001,-19.66075,101.58213,-19.66075,100.92678,-19.66075
4.18,100.92678000000001,-20.31611,101.58214,-20.31611,100.27142,-20.31611
4.2,100.59909999999999,-19.98843,100.92678,-20.31611,100.27142,-19.66075
4.22,100.271425,-20.31611,100.27143,-20.31611,100.27142,-20.31611
4.24,99.616075,-20.31611,99.61607,-20.31611,99.61608,-20.31611
4.26,99.2884,-19.98843,99.61608,-20.31611,98.96072,-19.66075
4.28,98.63304,-19.660745,98.96072,-19.66075,98.30536,-19.66074
4.3,98.30537,-19.005384999999997,98.30537,-19.00539,98.30537,-19.00538
4.32,97.97769,-18.677705,98.30537,-19.00539,97.65001,-18.35002
4.34,97.65001,-18.35003,97.65001,-18.35003,97.65001,-18.35003
4.36,97.650005,-18.350025000000002,97.65001,-18.35003,97.65,-18.35002
4.38,97.65,-18.35002,97.65,-18.35002,97.65,-18.35002
4.4,97.64999,-18.022345,97.64999,-17.69467,97.64999,-18.35002
4.42,98.30535,-18.35003,98.30535,-18.35003,98.30535,-18.35003
4.44,97.97767,-18.02235,97.64999,-18.35003,98.30535,-17.69467
4.46,97.649985,-17.366985,97.64999,-17.69467,97.64998,-17.0393
4.48,97.97767,-17.03931,97.64999,-17.03931,98.30535,-17.03931
4.5,100.92682500000001,-17.36699,100.92683,-17.03931,100.92682,-17.69467
4.52,101.25449,-17.03931,100.92681,-17.03931,101.58217,-17.03931
4.54,102.237515,-16.38395,102.23752,-16.38395,102.23751,-16.38395
4.56,102.23751,-16.38395,102.23751,-16.38395,102.23751,-16.38395
4.58,101.582145,-16.383944999999997,101.58215,-16.38395,101.58214,-16.38394
4.6,101.58215,-16.38395,101.58215,-16.38396,101.58215,-16.38394
4.62,101.58214,-16.383955,101.58214,-16.38396,101.58214,-16.38395
4.64,101.58214,-16.383955,101.58214,-16.38396,101.58214,-16.38395
4.66,102.2375,-16.38396,102.23751,-16.38396,102.23749,-16.38396
4.68,97.97760500000001,-16.38395,98.96066,-17.03931,96.99455,-15.72859
4.7,97.32223,-15.728595,96.99455,-15.7286,97.64991,-15.72859
4.72,97.649915,-16.056275,97.64991,-16.38395,97.64992,-15.7286
4.74,97.64992,-16.383955,97.64992,-16.38396,97.64992,-16.38395
4.76,97.64992,-16.71164,97.64992,-16.38396,97.64992,-17.03932
4.78,98.30528,-16.71164,98.30528,-16.38396,98.30528,-17.03932
4.8,98.632955,-17.03932,98.96064,-17.03932,98.30527,-17.03932
4.82,98.632955,-17.03932,98.96064,-17.03932,98.30527,-17.03932
4.84,98.63296,-17.03932,98.96064,-17.03932,98.30528,-17.03932
4.86,98.96064,-16.71164,98.96064,-17.03932,98.96064,-16.38396
4.88,97.97759500000001,-16.383965,98.30528,-16.38397,97.64991,-16.38396
4.9,97.97759500000001,-16.38397,98.30528,-16.38397,97.64991,-16.38397
4.92,97.322235,21.954589999999996,97.64992,60.29315,96.99455,-16.38397
4.94,96.99455,-16.71165,96.99455,-17.03933,96.99455,-16.38397
4.96,96.994555,-17.03933,96.99456,-17.03933,96.99455,-17.03933
4.98,96.66687,-16.711660000000002,96.99455,-17.03934,96.33919,-16.38398
5.0,95.68383,-16.38398,95.68383,-16.38398,95.68383,-16.38398
5.02,95.35615,-16.38398,95.68383,-16.38398,95.02847,-16.38398
5.04,95.35615,-16.38398,95.68383,-16.38398,95.02847,-16.38398
5.06,95.028475,-16.0563,95.02848,-16.38398,95.02847,-15.72862
5.08,95.02847,-16.383975,95.02847,-16.38398,95.02847,-16.38397
5.1,95.02847,-16.38398,95.02847,-16.38398,95.02847,-16.38398
5.12,94.37311,-16.38398,94.37311,-16.38398,94.37311,-16.38398
5.14,93.717755,-16.383985000000003,93.71776,-16.38399,93.71775,-16.38398
5.16,93.717755,-16.383985000000003,93.71776,-16.38399,93.71775,-16.38398
5.18,93.71775,-16.38398,93.71775,-16.38398,93.71775,-16.38398
5.2,93.390075,-16.38398,93.71776,-16.38398,93.06239,-16.38398
5.22,93.06239,-16.711660000000002,93.06239,-17.03934,93.06239,-16.38398
5.24,92.73472,-16.711660000000002,93.0624,-17.03934,92.40704,-16.38398
5.26,92.734715,-16.38398,93.0624,-16.38398,92.40703,-16.38398
5.28,92.40703500000001,-16.38398,92.40704,-16.38398,92.40703,-16.38398
5.3,91.75168,-16.711665,91.75168,-16.38399,91.75168,-17.03934
5.32,92.079345,-17.03934,92.40703,-17.03934,91.75166,-17.03934
5.34,21.955815,-17.36702,-49.15074,-17.6947,93.06237,-17.03934
5.36,93.390045,-17.367015000000002,93.06237,-17.6947,93.71772,-17.03933
5.38,93.717725,-17.03933,93.71773,-17.03933,93.71772,-17.03933
5.4,93.71772,-17.03933,93.71772,-17.03933,93.71772,-17.03933
5.42,93.390045,-17.039335,93.71773,-17.03934,93.06236,-17.03933
5.44,93.39004,-17.36702,93.71772,-17.03934,93.06236,-17.6947
5.46,93.062355,-17.039335,93.06236,-17.03933,93.06235,-17.03934
5.48,93.062355,-17.36702,93.06236,-17.6947,93.06235,-17.03934
5.5,92.734675,-17.03934,93.06236,-17.03934,92.40699,-17.03934
5.52,92.73467,-16.711660000000002,93.06235,-17.03934,92.40699,-16.38398
5.54,92.40699,-17.03934,92.40699,-17.03934,92.40699,-17.03934
5.56,92.406995,-17.03934,92.40699,-17.03934,92.407,-17.03934
5.58,92.40699,-17.03934,92.40699,-17.03934,92.40699,-17.03934
5.6,92.40699,-17.03934,92.40699,-17.03934,92.40699,-17.03934
5.62,96.011505,-16.711644999999997,94.37309,-17.03933,97.64992,-16.38396
5.64,98.63426000000001,-17.03932,98.96322,-17.03932,98.3053,-17.03932
5.66,98.3053,-17.03932,98.3053,-17.03932,98.3053,-17.03932
5.68,98.3053,-17.03932,98.3053,-17.03932,98.3053,-17.03932
5.7,98.3053,-17.03932,98.3053,-17.03932,98.3053,-17.03932
5.72,98.3053,-17.03932,98.3053,-17.03932,98.3053,-17.03932
5.74,98.305305,-16.71164,98.30531,-17.03932,98.3053,-16.38396
5.76,97.649945,-17.03932,97.64995,-17.03932,97.64994,-17.03932
5.78,97.64995,-16.38396,97.64995,-16.38396,97.64995,-16.38396
5.8,96.99459,-16.38396,96.99459,-16.38396,96.99459,-16.38396
5.82,103.54827,-16.056269999999998,101.58215,-15.7286,105.51439,-16.38394
5.84,104.859025,-15.72858,105.51439,-15.72858,104.20366,-15.72858
5.86,104.531345,-15.4009,104.85903,-15.72858,104.20366,-15.07322
5.88,104.20367,-15.4009,104.20367,-15.72858,104.20367,-15.07322
5.9,103.875985,-15.728584999999999,104.20367,-15.72859,103.5483,-15.72858
5.92,103.548305,-15.400905,103.54831,-15.72859,103.5483,-15.07322
5.94,103.87599,-15.4009,104.20367,-15.72858,103.54831,-15.07322
5.96,103.220635,-15.4009,103.54831,-15.72858,102.89296,-15.07322
5.98,107.48052,-15.40089,102.89296,-15.72858,112.06808,-15.0732
6.0,123.20935,-14.4178,122.55397,-14.41781,123.86473,-14.41779
6.02,121.89864,-14.090115,121.89864,-14.4178,121.89864,-13.76243
6.04,121.24328,-13.76244,121.24328,-13.76244,121.24328,-13.76244
6.06,120.915605,-13.76244,121.24329,-13.76244,120.58792,-13.76244
6.08,119.93256,-13.43476,119.93256,-13.76244,119.93256,-13.10708
6.1,119.932565,-13.10708,119.93257,-13.10708,119.93256,-13.10708
6.12,120.260235,-13.10708,119.93256,-13.10708,120.58791,-13.10708
6.14,121.24327,-13.10708,121.24327,-13.10708,121.24327,-13.10708
6.16,122.22631,-12.779399999999999,121.89863,-13.10708,122.55399,-12.45172
6.18,122.553995,-12.779395000000001,122.55399,-13.10708,122.554,-12.45171
6.2,123.86472499999999,-12.779395000000001,122.554,-12.45172,125.17545,-13.10707
6.22,128.45231,-13.107065,128.45232,-13.10706,128.4523,-13.10707
6.24,128.12462,-13.107065,127.79694,-13.10707,128.4523,-13.10706
6.26,128.12462,-13.10706,128.4523,-13.10706,127.79694,-13.10706
6.28,128.12462,-12.77938,128.4523,-13.10706,127.79694,-12.4517
6.3,127.79694,-12.77938,127.79694,-13.10706,127.79694,-12.4517
6.32,127.469255,-12.4517,127.79694,-12.4517,127.14157,-12.4517
6.34,126.81390999999999,-11.46866,127.14159,-11.79634,126.48623,-11.14098
6.36,126.81390999999999,-11.14098,127.14159,-11.14098,126.48623,-11.14098
6.38,126.48623,-10.813300000000002,127.14159,-11.14098,125.83087,-10.48562
6.4,126.48623,-10.48562,126.48623,-10.48562,126.48623,-10.48562
6.42,126.486225,-10.48562,126.48623,-10.48562,126.48622,-10.48562
6.44,126.48622,-10.48562,126.48622,-10.48562,126.48622,-10.48562
6.46,126.486225,-9.83026,126.48623,-9.83026,126.48622,-9.83026
6.48,126.48623,-10.15794,126.48623,-9.83026,126.48623,-10.48562
6.5,126.48623,-9.830255000000001,126.48623,-9.83026,126.48623,-9.83025
6.52,126.48623,-10.157935,126.48623,-10.48562,126.48623,-9.83025
6.54,126.48623,-9.830255000000001,126.48623,-9.83026,126.48623,-9.83025
6.56,126.48623,-10.48561,126.48623,-10.48561,126.48623,-10.48561
6.58,126.48623,-10.15793,126.48623,-9.83025,126.48623,-10.48561
6.6,126.15855,-10.485615,126.48623,-10.48561,125.83087,-10.48562
6.62,125.830865,-10.485615,125.83087,-10.48562,125.83086,-10.48561
6.64,125.50319,-10.15794,125.83087,-10.48562,125.17551,-9.83026
6.66,125.175505,-10.15794,125.17551,-9.83026,125.1755,-10.48562
6.68,125.17551,-10.485615,125.17551,-10.48561,125.17551,-10.48562
6.7,125.1755,-10.485615,125.1755,-10.48562,125.1755,-10.48561
6.72,121.57097999999999,-10.813300000000002,125.17551,-10.48562,117.96645,-11.14098
6.74,108.7913,-11.14099,110.10204,-11.14099,107.48056,-11.14099
6.76,108.46362500000001,-10.813320000000001,108.13595,-10.48564,108.7913,-11.141
6.78,108.46362500000001,-10.813320000000001,108.79131,-11.141,108.13594,-10.48564
6.8,108.46362500000001,-11.141,108.79131,-11.141,108.13594,-11.141
6.82,108.13594,-11.79636,108.13594,-11.79636,108.13594,-11.79636
6.84,108.46362,-11.796365,108.7913,-11.79637,108.13594,-11.79636
6.86,108.135935,-11.79637,108.13594,-11.79637,108.13593,-11.79637
6.88,109.446645,-12.12404,109.44665,-12.45172,109.44664,-11.79636
6.9,110.429675,-12.451725,110.102,-12.45173,110.75735,-12.45172
6.92,109.774305,-12.12404,110.10199,-11.79636,109.44662,-12.45172
6.94,101.5822,-12.779409999999999,103.54831,-13.10709,99.61609,-12.45173
6.96,99.94377,-12.45174,99.61609,-12.45174,100.27145,-12.45174
6.98,100.27145,-12.45174,100.27145,-12.45174,100.27145,-12.45174
7.0,99.94377,-13.1071,99.61609,-13.1071,100.27145,-13.1071
7.02,99.61609,-12.779425,99.61609,-13.10711,99.61609,-12.45174
7.04,99.94377,-13.1071,100.27145,-13.1071,99.61609,-13.1071
7.06,99.94377,-13.76246,100.27145,-13.76246,99.61609,-13.76246
7.08,99.943765,-13.762465,100.27145,-13.76247,99.61608,-13.76246
7.1,99.943765,-13.762465,100.27145,-13.76247,99.61608,-13.76246
7.12,99.94377,-14.417825,100.27145,-14.41783,99.61609,-14.41782
7.14,82.90419,-14.090135,89.13019,-13.76246,76.67819,-14.41781
7.16,73.073665,-14.090140000000002,72.74598,-14.41782,73.40135,-13.76246
7.18,74.05672,-13.76246,74.05672,-13.76246,74.05672,-13.76246
7.2,74.3844,-13.762465,74.71208,-13.76247,74.05672,-13.76246
7.22,74.71208,-14.41783,74.71208,-14.41783,74.71208,-14.41783
7.24,74.71208,-14.41783,74.71208,-14.41783,74.71208,-14.41783
7.26,74.712075,-14.41783,74.71208,-14.41783,74.71207,-14.41783
7.28,74.712075,-14.745515000000001,74.71208,-14.41784,74.71207,-15.07319
7.3,75.03976,-14.745515000000001,75.36744,-15.0732,74.71208,-14.41783
7.32,75.367445,-15.073195,75.36745,-15.0732,75.36744,-15.07319
7.34,77.661225,-14.74551,75.36744,-15.0732,79.95501,-14.41782
7.36,95.356165,-15.07315,93.06237,-15.07316,97.64996,-15.07314
7.38,95.68388,-14.41778,96.33925,-14.41778,95.02851,-14.41778
7.4,95.68388,-14.417785,95.68388,-14.41779,95.68388,-14.41778
7.42,95.68388,-14.41779,95.68388,-14.41779,95.68388,-14.41779
7.44,95.68388,-14.41779,95.68388,-14.41779,95.68388,-14.41779
7.46,95.683885,-15.07315,95.68389,-15.07315,95.68388,-15.07315
7.48,97.649965,-14.09011,97.64997,-14.41779,97.64996,-13.76243
7.5,96.99461,-14.41779,96.99461,-14.41779,96.99461,-14.41779
7.52,96.011565,-15.07315,96.33925,-15.07315,95.68388,-15.07315
7.54,95.683895,-14.745465,95.6839,-15.07315,95.68389,-14.41778
7.56,95.35621,-15.073145,95.68389,-15.07315,95.02853,-15.07314
7.58,90.44095999999999,-14.41778,91.7517,-14.41778,89.13022,-14.41778
7.6,89.13023,-14.41778,89.13023,-14.41778,89.13023,-14.41778
7.62,89.13023,-14.41778,89.13023,-14.41778,89.13023,-14.41778
7.64,88.802555,-14.090105000000001,89.13024,-14.41779,88.47487,-13.76242
7.66,89.457905,-14.090105000000001,89.13023,-13.76243,89.78558,-14.41778
7.68,90.44093,-14.417785,90.44093,-14.41779,90.44093,-14.41778
7.7,91.096285,-14.417785,91.09629,-14.41779,91.09628,-14.41778
7.72,91.09628,-14.41778,91.09628,-14.41778,91.09628,-14.41778
7.74,91.42395,-14.41778,91.75163,-14.41778,91.09627,-14.41778
7.76,91.09628,-14.41779,91.09628,-14.41779,91.09628,-14.41779
7.78,91.423955,-14.41779,91.09628,-14.41779,91.75163,-14.41779
7.8,89.457855,-15.400835,91.09628,-15.07316,87.81943,-15.72851
7.82,65.86459500000001,-16.383875,70.12448,-17.03923,61.60471,-15.72852
7.84,64.226185,-15.728515,63.57082,-15.72852,64.88155,-15.72851
7.86,64.55387,-15.400839999999999,64.22619,-15.72852,64.88155,-15.07316
7.88,64.88155,-15.073165,64.88155,-15.07317,64.88155,-15.07316
7.9,64.88155,-15.07317,64.88155,-15.07317,64.88155,-15.07317
7.92,64.88155,-14.74549,64.88155,-14.41781,64.88155,-15.07317
7.94,65.53691,-15.400849999999998,65.53691,-15.72853,65.53691,-15.07317
7.96,64.88155,-15.728535,64.88155,-15.72854,64.88155,-15.72853
7.98,65.53691,-15.400855,65.53691,-15.72854,65.53691,-15.07317
8.0,66.51996500000001,-15.40085,65.53691,-15.72854,67.50302,-15.07316
8.02,67.50302,-15.073165,67.50302,-15.07317,67.50302,-15.07316
8.04,9.175975000000001,-15.07316,-49.15106,-15.07316,67.50301,-15.07316
8.06,67.83069499999999,-15.728525,67.50301,-15.72853,68.15838,-15.72852
8.08,68.15838,-15.400845,68.15838,-15.72853,68.15838,-15.07316
8.1,68.15838,-15.073165,68.15838,-15.07317,68.15838,-15.07316
8.12,67.83070000000001,-15.400845,68.15838,-15.07317,67.50302,-15.72852
8.14,67.83071,-15.073165,68.15839,-15.07317,67.50303,-15.07316
8.16,67.830705,-15.07316,66.84766,-15.07316,68.81375,-15.07316
8.18,86.50867500000001,-14.09008,81.92109,-14.41778,91.09626,-13.76238
8.2,89.78556499999999,-13.4347,90.44093,-13.76238,89.1302,-13.10702
8.22,88.80252,-13.10702,88.47484,-13.10702,89.1302,-13.10702
8.24,88.802515,-13.10703,89.13019,-13.10703,88.47484,-13.10703
8.26,89.1302,-12.77935,89.1302,-13.10703,89.1302,-12.45167
8.28,89.1302,-12.45167,89.1302,-12.45167,89.1302,-12.45167
8.3,88.80252,-12.77935,89.1302,-13.10703,88.47484,-12.45167
8.32,88.474845,-12.77935,88.47485,-12.45167,88.47484,-13.10703
8.34,88.802525,-13.10703,89.13021,-13.10703,88.47484,-13.10703
8.36,88.802525,-13.10703,89.13021,-13.10703,88.47484,-13.10703
8.38,88.474845,-13.10703,88.47485,-13.10703,88.47484,-13.10703
8.4,88.802525,-13.10703,89.13021,-13.10703,88.47484,-13.10703
8.42,88.474855,-13.10704,88.47486,-13.10704,88.47485,-13.10704
8.44,88.474845,-13.10704,88.47485,-13.10704,88.47484,-13.10704
8.46,89.130205,-13.107035,89.13021,-13.10704,89.1302,-13.10703
8.48,90.113225,-13.107035,89.78555,-13.10703,90.4409,-13.10704
8.5,90.11322,-13.10704,89.78554,-13.10704,90.4409,-13.10704
8.52,90.440895,-13.10704,90.4409,-13.10704,90.44089,-13.10704
8.54,90.440895,-12.779354999999999,90.4409,-13.10703,90.44089,-12.45168
8.56,90.113215,-12.77936,90.4409,-12.45168,89.78553,-13.10704
8.58,90.4409,-13.10704,90.4409,-13.10704,90.4409,-13.10704
8.6,90.4409,-13.434719999999999,90.4409,-13.7624,90.4409,-13.10704
8.62,90.440905,-13.10704,90.44091,-13.10704,90.4409,-13.10704
8.64,89.78553500000001,-13.434725,91.09627,-13.76241,88.4748,-13.10704
8.66,84.214905,-12.77936,84.54258,-12.45168,83.88723,-13.10704
8.68,84.542605,-12.77936,84.54261,-13.10704,84.5426,-12.45168
8.7,84.542605,-12.77936,84.54261,-13.10704,84.5426,-12.45168
8.72,84.870285,-13.10705,85.19797,-13.10705,84.5426,-13.10705
8.74,84.542605,-13.10705,84.54261,-13.10705,84.5426,-13.10705
8.76,85.525645,-13.10705,85.85333,-13.10705,85.19796,-13.10705
8.78,85.19796,-13.107054999999999,85.19796,-13.10706,85.19796,-13.10705
8.8,85.197965,-12.77937,85.19797,-13.10705,85.19796,-12.45169
8.82,84.870285,-12.77937,85.19797,-13.10705,84.5426,-12.45169
8.84,84.870285,-13.107054999999999,85.19797,-13.10706,84.5426,-13.10705
8.86,84.87029,-13.10706,85.19797,-13.10706,84.54261,-13.10706
8.88,84.54261,-13.10706,84.54261,-13.10706,84.54261,-13.10706
8.9,84.21494,-13.10706,84.54262,-13.10706,83.88726,-13.10706
8.92,83.887265,-13.10706,83.88727,-13.10706,83.88726,-13.10706
8.94,83.559585,-13.10706,83.88727,-13.10706,83.2319,-13.10706
8.96,81.59349499999999,-13.10707,82.57655,-13.10707,80.61044,-13.10707
8.98,80.61044,-12.779385000000001,80.61044,-13.10707,80.61044,-12.4517
9.0,80.28277,-12.779385000000001,80.61045,-12.45171,79.95509,-13.10706
9.02,80.28277,-12.77939,80.61045,-13.10707,79.95509,-12.45171
9.04,79.955095,-12.451705,79.9551,-12.45171,79.95509,-12.4517
9.06,79.955095,-12.45171,79.9551,-12.45171,79.95509,-12.45171
9.08,79.9551,-12.45171,79.9551,-12.45171,79.9551,-12.45171
9.1,79.299735,-12.77939,79.29974,-12.45171,79.29973,-13.10707
9.12,79.29973,-12.779395000000001,79.29973,-12.45172,79.29973,-13.10707
9.14,79.299735,-13.107075,79.29974,-13.10707,79.29973,-13.10708
9.16,82.90426,-13.10707,79.29974,-13.10708,86.50878,-13.10706
9.18,89.13026500000001,-12.77936,89.78563,-13.10704,88.4749,-12.45168
9.2,87.49186,-12.45168,87.16418,-12.45168,87.81954,-12.45168
9.22,87.164185,-12.45169,87.16419,-12.45169,87.16418,-12.45169
9.24,88.14722,-13.10705,87.81955,-13.10705,88.47489,-13.10705
9.26,88.802565,-13.434729999999998,88.47489,-13.10705,89.13024,-13.76241
9.28,89.785595,-14.745450000000002,89.7856,-14.41777,89.78559,-15.07313
9.3,88.80255,-14.41777,89.13023,-14.41777,88.47487,-14.41777
9.32,88.47488,-14.417760000000001,88.47488,-14.41777,88.47488,-14.41775
9.34,88.1472,-13.762375,88.47488,-13.76238,87.81952,-13.76237
9.36,87.491845,-13.107005000000001,87.81953,-13.10701,87.16416,-13.107
9.38,86.83649,-13.107005000000001,87.16417,-13.10701,86.50881,-13.107
9.4,85.85346,-13.43468,85.85346,-13.76236,85.85346,-13.107
9.42,85.85346,-13.434674999999999,85.85346,-13.107,85.85346,-13.76235
9.44,86.18115,-13.10698,85.1981,-13.10699,87.1642,-13.10697
9.46,88.474955,-13.434615,89.78568,-13.76231,87.16423,-13.10692
9.48,82.90438499999999,-10.157735,85.19815,-11.79616,80.61062,-8.51931
9.5,72.09089499999999,0.655845,76.02308,-2.621,68.15871,3.93269
9.52,58.65593,10.814070000000001,58.98364,10.48636,58.32822,11.14178
9.54,69.469195,4.91591,63.57103,6.55429,75.36736,3.27753
9.56,94.044975,3.60524,91.09589,1.96683,96.99406,5.24365
9.58,96.99399,9.831235,98.96009,7.86512,95.02789,11.79735
9.6,88.146605,18.35098,89.78501,16.3849,86.5082,20.31706
9.62,79.29924500000001,24.24922,82.57604,22.9385,76.02245,25.55994
9.64,65.53673,26.87066,70.12424,26.2153,60.94922,27.52602
9.66,51.44655,28.83674,54.39566,28.18138,48.49744,29.4921
9.68,40.30545,31.78586,43.90992,30.80282,36.70098,32.7689
9.7,31.13048,33.09658,32.76886,32.7689,29.4921,33.42426
9.72,24.24924,34.73498,25.55996,34.07962,22.93852,35.39034
9.74,22.28317,35.718019999999996,22.28317,35.39034,22.28317,36.0457
9.76,23.26621,36.70106,22.93854,36.70106,23.59388,36.70106
9.78,25.887605,36.70106,23.59386,36.70106,28.18135,36.70106
9.8,34.07946,36.37338,32.11344,36.70106,36.04548,36.0457
9.82,49.480154999999996,33.75194,45.22039,34.07962,53.73992,33.42426
9.84,66.19157,32.11354,62.91484,32.11354,69.4683,32.11354
9.86,75.36639,30.802819999999997,74.71108,31.45818,76.0217,30.14746
9.88,64.55281,30.14746,70.1234,28.83674,58.98222,31.45818
9.9,48.168895,35.718019999999996,51.11796,34.73498,45.21983,36.70106
9.92,34.734265,37.02874,38.01101,36.70106,31.45752,37.35642
9.94,22.610225,37.35642,24.90397,37.35642,20.31648,37.35642
9.96,15.401340000000001,37.6841,16.38436,37.35642,14.41832,38.01178
9.98,12.125865000000001,38.01178,13.10763,38.01178,11.1441,38.01178
10.0,9.503155,38.33946,9.17548,38.01178,9.83083,38.66714
10.02,9.830815,38.33946,9.83082,38.01178,9.83081,38.66714
10.04,11.1415,37.6841,10.48616,38.01178,11.79684,37.35642
10.06,13.762875000000001,36.37338,12.45219,36.70106,15.07356,36.0457
10.08,35.061755,34.4073,25.55915,36.0457,44.56436,32.7689
10.1,79.62581,27.526020000000003,72.08925,30.80282,87.16237,24.24922
10.12,95.682,19.00634,95.02663,19.00634,96.33737,19.00634
10.14,98.95890499999999,18.67866,98.95888,19.00634,98.95893,18.35098
10.16,88.47324,21.62778,93.71611,20.31706,83.23037,22.9385
10.18,64.88041,28.83674,71.43396,26.87066,58.32686,30.80282
10.2,42.92618,33.424260000000004,47.18593,32.7689,38.66643,34.07962
10.22,27.1978,33.75194,30.80224,34.07962,23.59336,33.42426
10.24,15.729155,32.11354,18.35057,32.11354,13.10774,32.11354
10.26,8.847965,31.45818,9.83099,31.45818,7.86494,31.45818
10.28,5.571235,30.80282,5.8989,30.80282,5.24357,30.80282
10.3,3.9329099999999997,30.47514,3.93289,30.80282,3.93293,30.14746
10.32,2.949935,29.81976,2.62224,30.14746,3.27763,29.49206
10.34,4.58836,28.83665,3.933,28.83666,5.24372,28.83664
10.36,9.831199999999999,26.87051,8.52049,26.87052,11.14191,26.8705
10.38,17.367815,25.887439999999998,15.72943,26.21512,19.0062,25.55976
10.4,23.59369,25.23208,22.28298,25.55976,24.9044,24.9044
10.42,28.508879999999998,24.57671,27.52584,24.90439,29.49192,24.24903
10.44,31.13033,23.59366,30.80265,23.59366,31.45801,23.59366
10.46,32.11341,21.955244999999998,32.1134,22.28293,32.11342,21.62756
10.48,31.458075,20.31682,32.7688,20.97218,30.14735,19.66146
10.5,9.50325,19.0061,15.07389,19.0061,3.93261,19.0061
10.52,4.915705,18.023015,3.93265,18.3507,5.89876,17.69533
10.54,5.571105,17.039935,5.89878,17.69531,5.24343,16.38456
10.56,6.88184,14.746120000000001,6.55416,15.07381,7.20952,14.41843
10.58,7.864890000000001,13.435355000000001,7.20953,13.76304,8.52025,13.10767
10.6,9.503295000000001,12.124604999999999,8.52026,12.45229,10.48633,11.79692
10.62,11.14169,10.813855,11.14169,11.14154,11.14169,10.48617
10.64,11.79705,9.503115000000001,11.79705,9.8308,11.79705,9.17543
10.66,15.40156,8.52006,13.76314,8.52006,17.03998,8.52006
10.68,17.69534,7.20933,17.69534,7.20933,17.69534,7.20933
10.7,18.350695,6.55396,18.3507,6.55396,18.35069,6.55396
10.72,19.006055,5.570905,19.00606,5.24322,19.00605,5.89859
10.74,19.006055,5.24322,19.00606,5.24322,19.00605,5.24322
10.76,19.00605,4.91553,19.00605,5.24321,19.00605,4.58785
10.78,19.661414999999998,3.93248,19.66142,3.93248,19.66141,3.93248
10.8,20.316760000000002,3.27711,20.31677,3.27711,20.31675,3.27711
10.82,25.887335,2.62175,21.62746,2.62174,30.14721,2.62176
10.84,50.135925,1.63875,46.5314,1.96642,53.74045,1.31108
10.86,51.446675,1.6387399999999999,51.77436,1.31106,51.11899,1.96642
10.88,51.44667,1.31105,51.11899,1.96641,51.77435,0.65569
10.9,51.77435,0.32800000000000107,51.77435,0.65568,51.77435,0.0003200000000021
10.92,51.774355,-0.327374999999997,51.77435,0.000310000000006,51.77436,-0.65506
10.94,52.42972,-0.65506999999999,52.42972,-0.65506999999999,52.42972,-0.65506999999999
10.96,52.429715,-1.31043,52.42972,-1.31043,52.42971,-1.31043
10.98,52.757395,-1.310435,52.42972,-1.31044,53.08507,-1.31043
11.0,52.75739,-1.310445,53.08507,-1.31045,52.42971,-1.31044
11.02,52.4297,-1.31045,52.4297,-1.31045,52.4297,-1.31045
11.04,56.034215,-1.965815,52.42971,-1.96582,59.63872,-1.96581
11.06,77.66137,-1.96577,75.36757,-1.96578,79.95517,-1.96576
11.08,77.661385,-1.3104149999999999,77.98907,-1.31041,77.3337,-1.31042
11.1,78.316745,-1.96578,77.98907,-1.96578,78.64442,-1.96578
11.12,78.644415,-1.9658,78.64442,-1.9658,78.64441,-1.9658
11.14,79.29976500000001,-1.9658,79.29977,-1.9658,79.29976,-1.9658
11.16,79.29976500000001,-2.6211650000000004,79.29977,-2.62116,79.29976,-2.62117
11.18,79.627445,-2.94886,79.95513,-2.62118,79.29976,-3.27654
11.2,79.955125,-3.27654,79.95512,-3.27654,79.95513,-3.27654
11.22,80.61049,-3.60423,80.61049,-3.27655,80.61049,-3.93191
11.24,80.6105,-3.93192,80.6105,-3.93192,80.6105,-3.93192
11.26,80.938185,-3.93192,81.26587,-3.93192,80.6105,-3.93192
11.28,80.610505,-3.9319249999999997,80.61051,-3.93193,80.6105,-3.93192
11.3,80.61051,-4.25961,80.61051,-3.93193,80.61051,-4.58729
11.32,79.95515,-4.58729,79.95515,-4.58729,79.95515,-4.58729
11.34,81.26588000000001,-5.24266,79.95515,-5.24266,82.57661,-5.24266
11.36,100.271555,-4.5872399999999995,96.33933,-4.58726,104.20378,-4.58722
11.38,103.22075000000001,-4.914905,103.54844,-5.24258,102.89306,-4.58723
11.4,102.56539000000001,-4.58723,102.23771,-4.58723,102.89307,-4.58723
11.42,102.23771,-4.58724,102.23771,-4.58724,102.23771,-4.58724
11.44,102.56539000000001,-5.2426,102.23771,-5.2426,102.89307,-5.2426
11.46,102.23771,-5.57029,102.23771,-5.24261,102.23771,-5.89797
11.48,103.548435,-6.22565,103.54844,-5.89797,103.54843,-6.55333
11.5,103.548435,-6.88102,103.54844,-6.55334,103.54843,-7.2087
11.52,103.548435,-7.208705,103.54844,-7.20871,103.54843,-7.2087
11.54,103.220755,-7.208705,103.54844,-7.20871,102.89307,-7.2087
11.56,103.87612,-7.208705,102.89308,-7.20871,104.85916,-7.2087
11.58,107.808325,-7.2087,107.48065,-7.2087,108.136,-7.2087
11.6,108.791345,-7.2087,108.13599,-7.2087,109.4467,-7.2087
11.62,109.44670500000001,-7.86406,109.44671,-7.86406,109.4467,-7.86406
11.64,109.774385,-7.86407,109.44671,-7.86407,110.10206,-7.86407
11.66,109.44671,-7.86407,109.44671,-7.86407,109.44671,-7.86407
11.68,109.77439,-8.191749999999999,110.10207,-8.51943,109.44671,-7.86407
11.7,109.774395,-8.191755,110.10208,-8.51944,109.44671,-7.86407
11.72,110.102075,-8.51944,110.10208,-8.51944,110.10207,-8.51944
11.74,110.102075,25.55928,110.10208,-9.1748,110.10207,60.29336
11.76,110.102075,-8.84712,110.10208,-8.51944,110.10207,-9.1748
11.78,110.75744,-9.17481,110.75744,-9.17481,110.75744,-9.17481
11.8,110.75744,-9.17481,110.75744,-9.17481,110.75744,-9.17481
11.82,110.75744,-9.502490000000002,110.75744,-9.83017,110.75744,-9.17481
11.84,111.08512,-9.83017,110.75744,-9.83017,111.4128,-9.83017
11.86,111.412795,-10.485535,111.4128,-10.48554,111.41279,-10.48553
11.88,111.41279,-10.813220000000001,111.41279,-10.48554,111.41279,-11.1409
11.9,112.06815,-10.813220000000001,112.06815,-10.48554,112.06815,-11.1409
11.92,112.06815,-11.46858,112.06815,-11.1409,112.06815,-11.79626
11.94,112.068145,-11.46858,112.06815,-11.1409,112.06814,-11.79626
11.96,112.39583,-11.79627,112.06815,-11.79627,112.72351,-11.79627
11.98,112.723505,-12.45163,112.72351,-12.45163,112.7235,-12.45163
12.0,113.05119,-13.107,113.37887,-13.107,112.72351,-13.107
12.02,93.06243,-16.383825,106.82517,-15.07309,79.29969,-17.69456
12.04,27.853285,-17.039209999999997,42.59905,-17.69458,13.10752,-16.38384
12.06,3.60476,-15.7285,2.62171,-15.7285,4.58781,-15.7285
12.08,6.2262249999999995,-15.728515,5.89855,-15.72851,6.5539,-15.72852
12.1,6.881584999999999,-15.72853,6.55391,-15.72853,7.20926,-15.72853
12.12,7.536945,-16.05622,7.20927,-15.72854,7.86462,-16.3839
12.14,8.192305000000001,-16.383915000000002,8.51999,-16.38391,7.86462,-16.38392
12.16,8.519985,-16.383924999999998,8.51999,-16.38392,8.51998,-16.38393
12.18,8.519985,-17.03929,8.51999,-17.03929,8.51998,-17.03929
12.2,6.226195,-17.03929,8.51999,-17.0393,3.9324,-17.03928
12.22,-9.174990000000001,-15.400870000000001,-7.86425,-15.72855,-10.48573,-15.07319
12.24,-8.51962,-15.40088,-8.51962,-15.72856,-8.51962,-15.0732
12.26,-8.191935,-15.073205,-8.51961,-15.0732,-7.86426,-15.07321
12.28,-7.86425,-14.745529999999999,-7.86425,-15.07321,-7.86425,-14.41785
12.3,-7.5365649999999995,-14.745535,-7.20888,-14.41785,-7.86425,-15.07322
12.32,-6.881215,-14.745535,-7.20889,-15.07322,-6.55354,-14.41785
12.34,-6.225865,-15.073215,-6.55354,-15.07322,-5.89819,-15.07321
12.36,-5.2428349999999995,-14.417855,-5.24283,-14.41786,-5.24284,-14.41785
12.38,-5.242845,-14.417855,-5.24284,-14.41786,-5.24285,-14.41785
12.4,-4.58748,-14.090174999999999,-4.58748,-14.41786,-4.58748,-13.76249
12.42,-4.58748,-14.09017,-4.58748,-14.41785,-4.58748,-13.76249
12.44,-4.2598,-13.76249,-3.93211,-13.76249,-4.58749,-13.76249
12.46,-6.88128,-13.434809999999999,-7.20896,-13.76249,-6.5536,-13.10713
12.48,-5.89824,-13.10713,-5.89824,-13.10713,-5.89824,-13.10713
12.5,-5.898245,-13.107125,-5.89824,-13.10713,-5.89825,-13.10712
12.52,-5.570565,-12.779444999999999,-5.89824,-13.10713,-5.24289,-12.45176
12.54,-5.89824,-12.451765,-5.89824,-12.45177,-5.89824,-12.45176
12.56,-5.242875,-12.451765,-5.24287,-12.45176,-5.24288,-12.45177
12.58,-4.9152000000000005,-12.45177,-5.24288,-12.45177,-4.58752,-12.45177
12.6,-4.587524999999999,-12.451765,-4.58752,-12.45177,-4.58753,-12.45176
12.62,-4.259855,-12.45176,-4.58753,-12.45176,-3.93218,-12.45176
12.64,-4.259855,-12.124085000000001,-3.93217,-11.79641,-4.58754,-12.45176
12.66,-2.2937600000000002,-12.451765,-3.93217,-12.45177,-0.65535,-12.45176
12.68,12.452065000000001,-13.107115,10.48595,-13.10712,14.41818,-13.10711
12.7,13.43515,-13.10711,13.76284,-13.10711,13.10746,-13.10711
12.72,13.76283,-13.10712,13.76283,-13.10712,13.76283,-13.10712
12.74,13.43515,-13.10712,13.76283,-13.10712,13.10747,-13.10712
12.76,13.108740000000001,-13.4348,13.10747,-13.10712,13.11001,-13.76248
12.78,13.107465,-13.10712,13.10747,-13.10712,13.10746,-13.10712
12.8,13.10747,-12.779444999999999,13.10747,-13.10712,13.10747,-12.45177
12.82,12.452115,-13.10713,12.45212,-13.10713,12.45211,-13.10713
12.84,12.12444,-13.10713,12.45212,-13.10713,11.79676,-13.10713
12.86,11.796765,-13.10714,11.79677,-13.10714,11.79676,-13.10714
12.88,11.469090000000001,-13.10714,11.79677,-13.10714,11.14141,-13.10714
12.9,10.813725,-13.7625,11.14141,-13.7625,10.48604,-13.7625
12.92,10.81373,-14.09018,11.14141,-14.41786,10.48605,-13.7625
12.94,10.158380000000001,-14.41786,10.48606,-14.41786,9.8307,-14.41786
12.96,9.503029999999999,-14.41786,9.83071,-14.41786,9.17535,-14.41786
12.98,7.864605000000001,-13.7625,8.51997,-13.7625,7.20924,-13.7625
13.0,7.5369399999999995,-13.7625,7.86462,-13.7625,7.20926,-13.7625
13.02,7.20926,-13.7625,7.20926,-13.7625,7.20926,-13.7625
13.04,7.864615000000001,-14.09019,7.86462,-13.76251,7.86461,-14.41787
13.06,8.192285,-14.417864999999999,7.86461,-14.41787,8.51996,-14.41786
13.08,8.519955,-14.745545,8.51996,-15.07323,8.51995,-14.41786
13.1,8.51995,-14.41787,8.51995,-14.41787,8.51995,-14.41787
13.12,9.175315,-14.09019,9.17532,-14.41787,9.17531,-13.76251
13.14,9.175315,-14.417875,9.17532,-14.41788,9.17531,-14.41787
13.16,9.503,-14.41787,9.17532,-14.41787,9.83068,-14.41787
13.18,9.503,-15.07324,9.83068,-15.07324,9.17532,-15.07324
13.2,9.830675,-15.40092,9.83068,-15.7286,9.83067,-15.07324
13.22,9.830675,-15.7286,9.83068,-15.7286,9.83067,-15.7286
13.24,10.486035,-15.7286,10.48604,-15.7286,10.48603,-15.7286
13.26,10.486035,-16.05628,10.48604,-16.38396,10.48603,-15.7286
13.28,10.48604,-16.056285000000003,10.48604,-16.38397,10.48604,-15.7286
13.3,10.81372,-16.71165,11.1414,-16.38397,10.48604,-17.03933
13.32,10.813715,-16.71165,11.1414,-17.03933,10.48603,-16.38397
13.34,11.141395,-17.36701,11.1414,-17.03933,11.14139,-17.69469
13.36,11.469075,-17.69469,11.1414,-17.69469,11.79675,-17.69469
13.38,11.141385,-18.02238,11.14139,-17.6947,11.14138,-18.35006
13.4,11.14138,-18.35006,11.14138,-18.35006,11.14138,-18.35006
13.42,11.141385,-19.00542,11.14139,-19.00542,11.14138,-19.00542
13.44,11.14139,-19.005425000000002,11.14139,-19.00543,11.14139,-19.00542
13.46,11.469075,-19.333105,11.1414,-19.00542,11.79675,-19.66079
13.48,9.830655,-19.005425000000002,9.83066,-19.00543,9.83065,-19.00542
13.5,10.158339999999999,-19.333109999999998,10.48602,-19.00543,9.83066,-19.66079
13.52,9.830655,-19.66078,9.83066,-19.66078,9.83065,-19.66078
13.54,9.83065,-20.31615,9.83065,-20.31615,9.83065,-20.31615
13.56,9.83065,-20.316145,9.83065,-20.31615,9.83065,-20.31614
13.58,9.830655,-20.31615,9.83065,-20.31615,9.83066,-20.31615
13.6,9.830665,-19.98847,9.83067,-20.31615,9.83066,-19.66079
13.62,10.158345,-20.31615,10.48603,-20.31615,9.83066,-20.31615
13.64,9.830665,-20.643835,9.83067,-20.31616,9.83066,-20.97151
13.66,9.502984999999999,-20.643835,9.83067,-20.31616,9.1753,-20.97151
13.68,9.83066,-20.64383,9.83066,-20.97151,9.83066,-20.31615
13.7,9.175295,-20.64383,9.1753,-20.97151,9.17529,-20.31615
13.72,9.17529,-20.97152,9.17529,-20.97152,9.17529,-20.97152
13.74,9.175295,-20.64384,9.17529,-20.97152,9.1753,-20.31616
13.76,9.50298,-20.97152,9.1753,-20.97152,9.83066,-20.97152
13.78,10.486015,-20.64384,10.48602,-20.31616,10.48601,-20.97152
13.8,11.141365,-20.97152,11.14137,-20.97152,11.14136,-20.97152
13.82,11.796714999999999,-20.97152,11.79672,-20.97152,11.79671,-20.97152
13.84,11.79671,-20.97152,11.79671,-20.97152,11.79671,-20.97152
13.86,11.796705,-20.97152,11.79671,-20.97152,11.7967,-20.97152
13.88,11.796705,-20.97152,11.79671,-20.97152,11.7967,-20.97152
13.9,12.12439,-20.97152,11.79671,-20.97152,12.45207,-20.97152
13.92,12.452075,-21.62688,12.45208,-21.62688,12.45207,-21.62688
13.94,17.03965,-20.971505,16.38428,-20.97151,17.69502,-20.9715
13.96,17.03966,-20.971505,17.03966,-20.97151,17.03966,-20.9715
13.98,17.03966,-20.9715,17.03966,-20.9715,17.03966,-20.9715
14.0,16.711985,-20.971505,17.03967,-20.97151,16.3843,-20.9715
14.02,16.71198,-20.97106,17.03966,-20.97062,16.3843,-20.9715
14.04,16.711975000000002,-20.643825,16.3843,-20.97151,17.03965,-20.31614
14.06,16.3843,-20.97151,16.3843,-20.97151,16.3843,-20.97151
14.08,16.3843,-20.97151,16.3843,-20.97151,16.3843,-20.97151
14.1,16.384295,-20.97151,16.3843,-20.97151,16.38429,-20.97151
14.12,16.384295,-20.64383,16.3843,-20.31615,16.38429,-20.97151
14.14,16.056615,-20.971515,16.3843,-20.97152,15.72893,-20.97151
14.16,15.401254999999999,-21.2992,15.72894,-20.97152,15.07357,-21.62688
14.18,17.367355,-20.64384,15.07358,-20.97152,19.66113,-20.31616
14.2,35.389984999999996,-20.971494999999997,34.07924,-20.9715,36.70073,-20.97149
14.22,33.751605,-20.971505,34.07929,-20.97151,33.42392,-20.9715
14.24,32.440889999999996,-21.29919,32.76857,-20.97151,32.11321,-21.62687
14.26,31.130175,-21.62687,31.45786,-21.62687,30.80249,-21.62687
14.28,30.14713,-21.2992,30.14713,-21.62688,30.14713,-20.97152
14.3,29.491774999999997,-21.626885,29.49178,-21.62688,29.49177,-21.62689
14.32,29.164099999999998,-21.95457,29.49178,-21.62689,28.83642,-22.28225
14.34,28.83642,-22.28226,28.83642,-22.28226,28.83642,-22.28226
14.36,28.83643,-22.60994,28.83643,-22.28226,28.83643,-22.93762
14.38,28.83643,-23.92067,28.83643,-23.59299,28.83643,-24.24835
14.4,28.181064999999997,-24.24835,28.18107,-24.24835,28.18106,-24.24835
14.42,28.181064999999997,-24.90371,28.18107,-24.90371,28.18106,-24.90371
14.44,28.18106,-24.903715,28.18106,-24.90372,28.18106,-24.90371
14.46,29.819465,-24.57604,28.18106,-24.90372,31.45787,-24.24836
14.48,46.85902,-24.24833,43.90986,-24.24834,49.80818,-24.24832
14.5,49.48049,-23.920650000000002,49.80818,-24.24833,49.1528,-23.59297
14.52,50.135835,-23.59297,49.80816,-23.59297,50.46351,-23.59297
14.54,50.791175,-23.59297,50.4635,-23.59297,51.11885,-23.59297
14.56,51.118845,-22.937604999999998,51.11885,-22.93761,51.11884,-22.9376
14.58,51.118845,-22.28224,51.11885,-22.28224,51.11884,-22.28224
14.6,51.774204999999995,-21.62688,51.77421,-21.62688,51.7742,-21.62688
14.62,52.101884999999996,-21.62688,51.77421,-21.62688,52.42956,-21.62688
14.64,57.34482,-21.62687,55.05103,-21.62688,59.63861,-21.62686
14.66,59.31094,-21.29918,59.63863,-21.62686,58.98325,-20.9715
14.68,58.98325,-21.29918,58.98325,-21.62686,58.98325,-20.9715
14.7,58.655564999999996,-20.9715,58.98325,-20.9715,58.32788,-20.9715
14.72,58.65557,-20.643819999999998,58.98325,-20.9715,58.32789,-20.31614
14.74,58.32789,-20.643819999999998,58.32789,-20.9715,58.32789,-20.31614
14.76,58.327884999999995,-20.9715,58.32789,-20.9715,58.32788,-20.9715
14.78,58.32789,-20.31614,58.32789,-20.31614,58.32789,-20.31614
14.8,58.327884999999995,-20.31614,58.32789,-20.31614,58.32788,-20.31614
14.82,58.000205,-20.31614,57.67253,-20.31614,58.32788,-20.31614
14.84,58.0002,-19.98846,58.32788,-20.31614,57.67252,-19.66078
14.86,57.67252,-19.66078,57.67252,-19.66078,57.67252,-19.66078
14.88,58.000209999999996,-19.66078,58.32789,-19.66078,57.67253,-19.66078
14.9,57.34485,-19.66078,57.67253,-19.66078,57.01717,-19.66078
14.92,57.67253,-19.66078,57.67253,-19.66078,57.67253,-19.66078
14.94,57.67253,-19.98846,57.67253,-20.31614,57.67253,-19.66078
14.96,57.344854999999995,-19.66078,57.67254,-19.66078,57.01717,-19.66078
14.98,40.305285,-20.316145,47.84202,-20.31614,32.76855,-20.31615
15.0,31.45785,-19.660795,30.80248,-19.6608,32.11322,-19.66079
15.02,32.11322,-19.33312,32.11322,-19.00544,32.11322,-19.6608
15.04,32.113225,-19.333125000000003,32.11323,-19.00544,32.11322,-19.66081
15.06,31.457864999999998,-19.33313,31.45787,-19.66081,31.45786,-19.00545
15.08,31.130184999999997,-19.66081,31.45787,-19.66081,30.8025,-19.66081
15.1,31.130185,-19.333135,31.45786,-19.66082,30.80251,-19.00545
15.12,30.802505,-19.005454999999998,30.80251,-19.00546,30.8025,-19.00545
15.14,30.47483,-19.00546,30.80251,-19.00546,30.14715,-19.00546
15.16,30.14715,-19.00546,30.14715,-19.00546,30.14715,-19.00546
15.18,29.49179,-18.35009,30.14715,-19.00546,28.83643,-17.69472
15.2,29.81946,-18.35009,29.49178,-18.35009,30.14714,-18.35009
15.22,30.147125000000003,-18.35009,30.14713,-18.35009,30.14712,-18.35009
15.24,30.474795,-18.677770000000002,30.80248,-18.35009,30.14711,-19.00545
15.26,30.802475,-18.677775,30.80248,-19.00546,30.80247,-18.35009
15.28,30.80248,-19.005454999999998,30.80248,-19.00546,30.80248,-19.00545
15.3,31.13016,-18.350095000000003,31.45784,-18.3501,30.80248,-18.35009
15.32,30.802475,-19.005454999999998,30.80248,-19.00546,30.80247,-19.00545
15.34,30.802475,-19.005454999999998,30.80248,-19.00546,30.80247,-19.00545
15.36,30.802475,-19.005454999999998,30.80248,-19.00546,30.80247,-19.00545
15.38,30.802475,-19.660815,30.80248,-19.66082,30.80247,-19.66081
15.4,30.802464999999998,-19.988500000000002,30.80247,-19.66082,30.80246,-20.31618
15.42,39.97757,-19.660800000000002,32.11318,-20.31618,47.84196,-19.00542
15.44,62.915475,-19.005375,62.91545,-19.00539,62.9155,-19.00536
15.46,61.604765,-18.35002,61.60477,-18.35002,61.60476,-18.35002
15.48,61.932445,-19.00538,62.26013,-19.00538,61.60476,-19.00538
15.5,61.93244,-18.677709999999998,62.26012,-19.00539,61.60476,-18.35003
15.52,61.604755,-19.00539,61.60476,-19.00539,61.60475,-19.00539
15.54,61.277074999999996,-18.677715,61.60476,-18.35004,60.94939,-19.00539
15.56,60.621705000000006,-18.02235,60.94939,-18.35003,60.29402,-17.69467
15.58,60.29401,-18.02235,60.94938,-17.69467,59.63864,-18.35003
15.6,36.700765,-19.333085,44.56518,-19.66076,28.83635,-19.00541
15.62,26.54259,-17.367005,26.2149,-17.03932,26.87028,-17.69469
15.64,27.197960000000002,-17.694695000000003,27.52564,-17.69469,26.87028,-17.6947
15.66,27.197965,-18.350065,27.52565,-18.35006,26.87028,-18.35007
15.68,27.52564,-18.35007,27.52564,-18.35007,27.52564,-18.35007
15.7,27.197960000000002,-18.35008,27.52564,-18.35008,26.87028,-18.35008
15.72,27.197960000000002,-18.350085,26.87028,-18.35008,27.52564,-18.35009
15.74,27.197969999999998,-18.35009,26.87029,-18.35009,27.52565,-18.35009
15.76,27.525644999999997,-18.677775,27.52565,-18.35009,27.52564,-19.00546
15.78,27.52565,-19.00546,27.52565,-19.00546,27.52565,-19.00546
15.8,27.52565,-19.33314,27.52565,-19.00546,27.52565,-19.66082
15.82,27.525644999999997,-19.333145000000002,27.52565,-19.66083,27.52564,-19.00546
15.84,27.525644999999997,-19.66082,27.52565,-19.66082,27.52564,-19.66082
15.86,27.853315000000002,-19.66082,27.52564,-19.66082,28.18099,-19.66082
15.88,28.508665,-19.988500000000002,28.18099,-20.31618,28.83634,-19.66082
15.9,28.50866,-20.316184999999997,28.18098,-20.31619,28.83634,-20.31618
15.92,28.83633,-20.97155,28.83633,-20.97155,28.83633,-20.97155
15.94,30.802419999999998,-20.643864999999998,28.83633,-20.97155,32.76851,-20.31618
15.96,56.689425,-19.333085,51.77415,-19.00542,61.6047,-19.66075
15.98,58.983270000000005,-19.0054,59.63864,-19.0054,58.3279,-19.0054
16.0,58.98326,-18.350045,58.98326,-18.35005,58.98326,-18.35004
16.02,58.983255,-19.00541,58.98326,-19.00541,58.98325,-19.00541
16.04,59.31094,-18.35005,58.98326,-18.35005,59.63862,-18.35005
16.06,59.63861,-18.350054999999998,59.63861,-18.35006,59.63861,-18.35005
16.08,59.310935,-17.694685,59.63862,-17.69469,58.98325,-17.69468
16.1,59.63861,-17.039335,59.63861,-17.03934,59.63861,-17.03933
16.12,59.966295,-16.71165,59.63862,-17.03933,60.29397,-16.38397
16.14,60.293965,-16.38398,59.63861,-16.38398,60.94932,-16.38398
16.16,81.265715,-17.36699,74.05667,-17.03933,88.47476,-17.69465
16.18,87.49174,-17.039285,88.47479,-17.03928,86.50869,-17.03929
16.2,86.50869,-16.38393,86.50869,-16.38393,86.50869,-16.38393
16.22,87.164045,-16.711615000000002,87.16405,-17.0393,87.16404,-16.38393
16.24,87.16404,-16.38394,87.16404,-16.38394,87.16404,-16.38394
16.26,87.49172,-16.71162,87.16404,-16.38394,87.8194,-17.0393
16.28,87.491715,-17.0393,87.16404,-17.0393,87.81939,-17.0393
16.3,87.49172,-16.711624999999998,87.16404,-17.03931,87.8194,-16.38394
16.32,87.8194,-16.71163,87.8194,-17.03931,87.8194,-16.38395
16.34,87.819405,-16.383944999999997,87.81941,-16.38394,87.8194,-16.38395
16.36,87.491725,-16.71163,87.81941,-17.03931,87.16404,-16.38395
16.38,87.16531,-16.383955,87.16404,-17.03932,87.16658,-15.72859
16.4,86.50867,-15.400905,86.50867,-15.07322,86.50867,-15.72859
16.42,86.836355,-15.07323,87.16404,-15.07323,86.50867,-15.07323
16.44,86.83635,-15.073235,87.16403,-15.07324,86.50867,-15.07323
16.46,86.50866500000001,-15.073235,86.50867,-15.07324,86.50866,-15.07323
16.48,86.836335,-15.40091,86.50866,-15.07323,87.16401,-15.72859
16.5,87.164005,-15.72859,87.16401,-15.72859,87.164,-15.72859
16.52,87.16401,-15.07323,87.16401,-15.07323,87.16401,-15.07323
16.54,87.16401,-14.745550000000001,87.16401,-15.07323,87.16401,-14.41787
16.56,86.83634,-14.417875,87.16402,-14.41788,86.50866,-14.41787
16.58,85.525625,-14.417875,85.19795,-14.41788,85.8533,-14.41787
16.6,85.85331,-14.417445,86.50867,-14.41702,85.19795,-14.41787
16.62,85.853305,-15.07324,85.85331,-15.07324,85.8533,-15.07324
16.64,86.50866500000001,-15.073235,86.50867,-15.07324,86.50866,-15.07323
16.66,86.18098,-15.07323,86.50866,-15.07323,85.8533,-15.07323
16.68,86.50867,-15.073235,86.50867,-15.07323,86.50867,-15.07324
16.7,86.18099,-15.073235,85.85331,-15.07324,86.50867,-15.07323
16.72,87.49172,-14.745555,85.85332,-15.07324,89.13012,-14.41787
16.74,108.13578,-15.07319,104.20356,-15.07321,112.068,-15.07317
16.76,109.774235,-14.090129999999998,110.75729,-14.41781,108.79118,-13.76245
16.78,109.446545,-14.41782,109.44655,-14.41782,109.44654,-14.41782
16.8,109.446535,-13.76245,109.44654,-13.76245,109.44653,-13.76245
16.82,108.46349000000001,-14.090129999999998,108.79117,-14.41781,108.13581,-13.76245
16.84,109.44653,-14.090140000000002,109.44653,-13.76246,109.44653,-14.41782
16.86,109.118855,-13.762455,108.79118,-13.76246,109.44653,-13.76245
16.88,109.44654,-14.090135,109.44654,-14.41782,109.44654,-13.76245
16.9,109.44654,-14.41782,109.44654,-14.41782,109.44654,-14.41782
16.92,108.791175,-14.090135,108.79117,-14.41782,108.79118,-13.76245
16.94,108.79118,-14.41782,108.79118,-14.41782,108.79118,-14.41782
16.96,108.79118,-14.41782,108.79118,-14.41782,108.79118,-14.41782
16.98,108.79118,-14.417825,108.79118,-14.41783,108.79118,-14.41782
17.0,108.463505,-15.07319,108.13583,-15.07319,108.79118,-15.07319
17.02,108.791185,-15.07319,108.79119,-15.07319,108.79118,-15.07319
17.04,108.791185,-15.07319,108.79119,-15.07319,108.79118,-15.07319
17.06,109.446545,-15.07319,109.44655,-15.07319,109.44654,-15.07319
17.08,110.10189,-15.72856,110.10189,-15.72856,110.10189,-15.72856
17.1,108.46346,-16.056235,110.10188,-15.72856,106.82504,-16.38391
17.12,86.83629,-17.039295,93.06229,-17.69466,80.61029,-16.38393
17.14,79.29956999999999,-15.728575,78.6442,-15.72858,79.95494,-15.72857
17.16,79.95494,-15.07322,79.95494,-15.07322,79.95494,-15.07322
17.18,80.610305,-15.07322,80.61031,-15.72858,80.6103,-14.41786
17.2,80.93799,-14.745539999999998,80.61031,-15.07322,81.26567,-14.41786
17.22,81.26567,-14.09018,81.26567,-14.41786,81.26567,-13.7625
17.24,81.59334,-13.434815,81.92102,-13.7625,81.26566,-13.10713
17.26,81.593335,-13.434809999999999,81.26566,-13.10713,81.92101,-13.76249
17.28,81.59333,-14.745545,81.26565,-14.41786,81.92101,-15.07323
17.3,79.954915,-17.03932,81.92102,-16.38396,77.98881,-17.69468
17.32,73.728925,-18.67774,74.05661,-18.35006,73.40124,-19.00542
17.34,74.384285,-19.660784999999997,74.71197,-19.66078,74.0566,-19.66079
17.36,74.71324,-19.98847,74.71452,-20.31615,74.71196,-19.66079
17.38,74.71196499999999,-19.005425000000002,74.71197,-19.00543,74.71196,-19.00542
17.4,75.367315,-18.350054999999998,75.36732,-18.35006,75.36731,-18.35005
17.42,75.367315,-18.35005,75.36732,-18.35005,75.36731,-18.35005
17.44,75.367305,-18.350045,75.36731,-18.35004,75.3673,-18.35005
17.46,76.02267,-18.67773,75.36731,-18.35005,76.67803,-19.00541
17.48,76.35035,-19.988455000000002,76.02267,-19.66077,76.67803,-20.31614
17.5,82.57633,-19.333084999999997,77.98876,-19.66078,87.1639,-19.00539
17.52,92.40687,-19.005375,92.40687,-19.66073,92.40687,-18.35002
17.54,91.75151,-18.35002,91.75151,-18.35002,91.75151,-18.35002
17.56,91.42383,-17.366985,91.75151,-17.69467,91.09615,-17.0393
17.58,90.440785,-17.366979999999998,90.44079,-17.69466,90.44078,-17.0393
17.6,89.785425,-17.0393,89.78543,-17.0393,89.78542,-17.0393
17.62,89.45774,-16.38394,89.78542,-16.38394,89.13006,-16.38394
17.64,89.45774,-16.056259999999998,89.78542,-15.72858,89.13006,-16.38394
17.66,89.457735,-16.056255,89.13006,-16.38394,89.78541,-15.72857
17.68,90.768455,-15.72857,90.44078,-15.72858,91.09613,-15.72856
17.7,91.09612,-15.073205,91.75149,-15.07321,90.44075,-15.0732
17.72,68.485905,-14.41783,74.7119,-15.07319,62.25991,-13.76247
17.74,62.25991500000001,-12.77942,61.60455,-13.1071,62.91528,-12.45174
17.76,63.570634999999996,-12.45174,63.57064,-12.45174,63.57063,-12.45174
17.78,63.57063,-13.76247,63.57063,-13.10711,63.57063,-14.41783
17.8,63.898315,-17.03929,63.57064,-15.72857,64.22599,-18.35001
17.82,64.88136,-20.643795,64.88136,-19.66075,64.88136,-21.62684
17.84,65.53673,-24.2483,65.53673,-23.59294,65.53673,-24.90366
17.86,65.536735,-26.542075,65.53673,-26.21439,65.53674,-26.86976
17.88,66.19211,-27.52512,66.19211,-27.52512,66.19211,-27.52512
17.9,67.50283,-27.19744,67.50283,-27.52512,67.50283,-26.86976
17.92,69.141235,-26.86976,68.81356,-26.86976,69.46891,-26.86976
17.94,69.46891,-26.869754999999998,69.46891,-26.86976,69.46891,-26.86975
17.96,70.12424999999999,-25.55902,70.77962,-26.21439,69.46888,-24.90365
17.98,70.779595,-24.90365,70.7796,-24.90365,70.77959,-24.90365
18.0,71.43495,-24.90365,71.43495,-24.90365,71.43495,-24.90365
18.02,72.090305,-24.90366,72.09031,-24.90366,72.0903,-24.90366
18.04,71.434945,-24.90366,71.43495,-24.90366,71.43494,-24.90366
18.06,71.434935,-24.90366,71.43494,-24.90366,71.43493,-24.90366
18.08,71.10725500000001,-24.90366,71.43494,-24.90366,70.77957,-24.90366
18.1,71.10725500000001,-23.920625,71.43494,-24.2483,70.77957,-23.59295
18.12,70.4519,-23.59296,70.77958,-23.59296,70.12422,-23.59296
18.14,75.039485,-23.265285,72.09033,-22.93761,77.98864,-23.59296
18.16,78.644025,-23.26528,79.2994,-23.59296,77.98865,-22.9376
18.18,77.005615,-21.954555,77.3333,-22.28224,76.67793,-21.62687
18.2,76.022565,-21.299194999999997,76.02257,-21.62688,76.02256,-20.97151
18.22,75.694865,-20.643825,76.02255,-20.31615,75.36718,-20.9715
18.24,75.367175,-21.299185,76.02254,-20.97151,74.71181,-21.62686
18.26,75.367165,-21.954555,75.36717,-21.62687,75.36716,-22.28224
18.28,74.711805,-22.28224,74.71181,-22.28224,74.7118,-22.28224
18.3,75.039475,-22.282245000000003,74.7118,-22.28225,75.36715,-22.28224
18.32,78.971635,-21.299205,75.36714,-21.62689,82.57613,-20.97152
18.34,102.56484499999999,-20.316094999999997,100.27105,-20.31611,104.85864,-20.31608
18.36,100.92644999999999,-19.333055,101.58182,-19.66073,100.27108,-19.00538
18.38,100.598755,-18.677695,100.27108,-19.00538,100.92643,-18.35001
18.4,100.59874500000001,-17.694655,100.92643,-18.35002,100.27106,-17.03929
18.42,100.271055,-15.728565,100.27106,-16.38393,100.27105,-15.0732
18.44,100.271055,-13.107115,100.27106,-13.76248,100.27105,-12.45175
18.46,99.615695,-10.157979999999998,99.6157,-11.14102,99.61569,-9.17494
18.48,98.96034,-7.864205,98.96034,-8.51957,98.96034,-7.20884
18.5,96.994275,-4.587395,97.64963,-5.24276,96.33892,-3.93203
18.52,96.994315,-1.9659399999999998,95.02821,-2.62131,98.96042,-1.31057
18.54,114.68933,-0.9828349999999999,112.06783,-1.31053,117.31083,-0.65514
18.56,115.01707,0.3279000000000029,115.34475,0.0002200000000058,114.68939,0.65558
18.58,114.36173,-0.3274699999999971,114.68941,0.0002200000000058,114.03405,-0.65516
18.6,114.68942,-1.9658849999999999,114.68942,-1.31052,114.68942,-2.62125
18.62,114.689435,-4.58734,114.68944,-3.93198,114.68943,-5.2427
18.64,114.68944,-6.88111,114.68944,-6.55343,114.68944,-7.20879
18.66,114.361775,-8.51951,114.0341,-8.51951,114.68945,-8.51951
18.68,114.36178,-9.17487,114.0341,-9.17487,114.68946,-9.17487
18.7,115.01715,-8.847185,115.34483,-9.17487,114.68947,-8.5195
18.72,114.68948,-8.19182,114.68948,-8.5195,114.68948,-7.86414
18.74,114.68948,-6.881095,114.68948,-7.20878,114.68948,-6.55341
18.76,114.689485,-6.22573,114.68949,-6.55341,114.68948,-5.89805
18.78,113.37877,-5.24269,113.37877,-5.89805,113.37877,-4.58733
18.8,113.051085,-4.259655,113.37877,-4.58734,112.7234,-3.93197
18.82,112.39573,-3.27661,112.72341,-3.93197,112.06805,-2.62125
18.84,112.068045,-2.62125,112.06805,-2.62125,112.06804,-2.62125
18.86,114.36184,-2.94894,114.03416,-2.62126,114.68952,-3.27662
18.88,114.03416,-3.60431,114.03416,-3.27663,114.03416,-3.93199
18.9,113.3788,-4.25968,113.3788,-3.932,113.3788,-4.58736
18.92,113.378795,-4.259685,113.3788,-4.58737,113.37879,-3.932
18.94,113.378795,-4.25968,113.3788,-4.58736,113.37879,-3.932
18.96,113.3788,-4.259675,113.3788,-4.58736,113.3788,-3.93199
18.98,114.03416,-3.9319949999999997,114.03416,-3.932,114.03416,-3.93199
19.0,114.034165,-4.5873550000000005,114.03417,-4.58735,114.03416,-4.58736
19.02,115.01721,-5.5704,114.68953,-5.89808,115.34489,-5.24272
19.04,116.000255,-6.88113,116.00026,-6.55345,116.00025,-7.20881
19.06,116.655625,-8.191865,116.65563,-7.86418,116.65562,-8.51955
19.08,116.655625,-11.141005,116.65563,-10.48564,116.65562,-11.79637
19.1,117.638665,-13.107105,117.31099,-12.45174,117.96634,-13.76247
19.12,111.74031,-14.74551,118.6217,-13.76247,104.85892,-15.72855
19.14,49.48026,-15.073195,69.469,-16.38392,29.49152,-13.76247
19.16,0.65536,-10.813355,2.62144,-11.14102,-1.31072,-10.48569
19.18,2.2937950000000003,-10.4857,1.96612,-10.4857,2.62147,-10.4857
19.2,3.27683,-11.141075,3.27683,-11.14107,3.27683,-11.14108
19.22,4.587555,-11.14108,4.58756,-11.14108,4.58755,-11.14108
19.24,5.57059,-11.14109,5.24291,-11.14109,5.89827,-11.14109
19.26,6.553625,-11.1411,6.55363,-11.1411,6.55362,-11.1411
19.28,6.55363,-11.79647,6.55363,-11.79647,6.55363,-11.79647
19.3,-0.9831049999999999,-13.1072,0.65532,-13.1072,-2.62153,-13.1072
19.32,-2.29385,-13.107205,-1.96617,-13.10721,-2.62153,-13.1072
19.34,-2.6215349999999997,-13.10721,-2.62153,-13.10721,-2.62154,-13.10721
19.36,-2.62154,-13.43489,-2.62154,-13.76257,-2.62154,-13.10721
19.38,-1.966195,-13.43488,-1.96619,-13.1072,-1.9662,-13.76256
19.4,-1.310835,-14.41793,-1.31083,-14.41793,-1.31084,-14.41793
19.42,-0.983149999999995,-15.073295,-1.31083,-15.07329,-0.65546999999999,-15.0733
19.44,-0.65546,-14.745615,-0.65546,-15.0733,-0.65546,-14.41793
19.46,-9.499999999818e-05,-14.41793,-9.0000000000146e-05,-14.41793,-9.9999999996214e-05,-14.41793
19.48,-9.499999999818e-05,-14.090250000000001,-9.0000000000146e-05,-14.41793,-9.9999999996214e-05,-13.76257
19.5,-9.499999999818e-05,-14.41793,-9.0000000000146e-05,-14.41793,-9.9999999996214e-05,-14.41793
19.52,0.655265000000005,-14.41793,0.65527,-14.41793,0.65526000000001,-14.41793
19.54,-9.499999999818e-05,-14.745155,-9.0000000000146e-05,-15.07238,-9.9999999996214e-05,-14.41793
19.56,-0.3277750000000001,-15.0733,-9.0000000000146e-05,-15.0733,-0.65546,-15.0733
19.58,-0.9831350000000001,-15.0733,-0.65545,-15.0733,-1.31082,-15.0733
19.6,-1.310815,-14.41794,-1.31081,-14.41794,-1.31082,-14.41794
19.62,-1.966175,-14.09026,-1.96617,-14.41794,-1.96618,-13.76258
19.64,-2.2938549999999998,-13.762575,-1.96617,-13.76258,-2.62154,-13.76257
19.66,-2.6215349999999997,-13.762575,-2.62153,-13.76258,-2.62154,-13.76257
19.68,-2.6215349999999997,-14.417935,-2.62153,-14.41794,-2.62154,-14.41793
19.7,-2.62153,-14.41794,-2.62153,-14.41794,-2.62153,-14.41794
19.72,-1.3108,-15.0733,-1.96616,-15.0733,-0.65544,-15.0733
19.74,16.056465,-15.07328,12.45192,-14.41793,19.66101,-15.72863
19.76,18.677965,-15.400960000000001,19.00565,-15.72864,18.35028,-15.07328
19.78,18.022605,-15.72864,17.69493,-15.72864,18.35028,-15.72864
19.8,18.350275,-15.72864,18.35028,-15.72864,18.35027,-15.72864
19.82,18.677950000000003,-16.384,18.35028,-16.384,19.00562,-16.384
19.84,19.005615,-16.384,19.00562,-16.384,19.00561,-16.384
19.86,19.005605000000003,-16.38401,19.00561,-16.38401,19.0056,-16.38401
19.88,19.00561,-16.05633,19.00561,-15.72865,19.00561,-16.38401
19.9,18.677925000000002,-16.056335,19.00561,-16.38402,18.35024,-15.72865
19.92,18.677925000000002,-16.384014999999998,19.00561,-16.38402,18.35024,-16.38401
19.94,13.762664999999998,-16.711689999999997,18.35025,-16.38402,9.17508,-17.03936
19.96,-3.93228,-14.745595,-2.62155,-15.72864,-5.24301,-13.76255
19.98,-3.276905,-14.41791,-3.2769,-14.41791,-3.27691,-14.41791
20.0,-3.604585,-14.41792,-3.93226,-14.41792,-3.27691,-14.41792
20.02,-3.27691,-14.41793,-3.27691,-14.41793,-3.27691,-14.41793
20.04,-3.276905,-14.417925,-3.2769,-14.41793,-3.27691,-14.41792
20.06,-3.276905,-14.41793,-3.2769,-14.41793,-3.27691,-14.41793
20.08,-2.949225,-14.41793,-2.62154,-14.41793,-3.27691,-14.41793
20.1,-2.949225,-15.073295,-3.2769,-15.0733,-2.62155,-15.07329
20.12,-3.276915,-14.74561,-3.27691,-15.07329,-3.27692,-14.41793
20.14,-3.27691,-14.74561,-3.27691,-15.07329,-3.27691,-14.41793
20.16,-3.276905,-14.745615,-3.2769,-14.41794,-3.27691,-15.07329
20.18,-3.276905,-14.417935,-3.2769,-14.41794,-3.27691,-14.41793
20.2,-1.966174999999995,-14.41794,-3.2769,-14.41794,-0.65544999999999,-14.41794
20.22,4.259835,-15.40098,3.93215,-15.0733,4.58752,-15.72866
20.24,3.2768,-15.0733,3.2768,-15.0733,3.2768,-15.0733
20.26,3.2768,-15.72866,3.2768,-15.72866,3.2768,-15.72866
20.28,2.621445,-16.38402,2.62145,-15.72866,2.62144,-17.03938
20.3,2.62144,-17.039385000000003,2.62144,-17.03939,2.62144,-17.03938
20.32,2.949115,-18.02243,2.62144,-17.69475,3.27679,-18.35011
20.34,3.60447,-19.33316,3.2768,-19.00548,3.93214,-19.66084
20.36,14.7457,-20.316205,9.83044,-19.66085,19.66096,-20.97156
20.38,20.971719999999998,-20.971555000000002,21.62709,-20.97156,20.31635,-20.97155
20.4,20.316345,-20.97156,20.31635,-20.97156,20.31634,-20.97156
20.42,20.31634,-20.97156,20.31635,-20.97156,20.31633,-20.97156
20.44,20.316335000000002,-20.97156,20.31634,-20.97156,20.31633,-20.97156
20.46,19.333285,-20.971565,19.66097,-20.97157,19.0056,-20.97156
20.48,19.005605000000003,-20.97157,19.00561,-20.97157,19.0056,-20.97157
20.5,18.677925000000002,-20.3162,19.00561,-20.3162,18.35024,-20.3162
20.52,18.35025,-19.98853,18.35025,-20.31621,18.35025,-19.66085
20.54,18.022585,-19.66085,18.35027,-19.66085,17.6949,-19.66085
20.56,17.367224999999998,-19.00549,17.69491,-19.00549,17.03954,-19.00549
20.58,16.71186,-19.00549,17.03954,-19.00549,16.38418,-19.00549
20.6,16.384175,-19.00549,16.38418,-19.00549,16.38417,-19.00549
20.62,13.7627,-17.69476,13.7627,-17.69476,13.7627,-17.69476
20.64,13.762695,-17.69476,13.7627,-17.69476,13.76269,-17.69476
20.66,13.7627,-17.0394,13.7627,-17.0394,13.7627,-17.0394
20.68,14.09038,-17.038925,14.41806,-17.03846,13.7627,-17.03939
20.7,14.09039,-16.71172,14.41807,-17.0394,13.76271,-16.38404
20.72,14.090385000000001,-16.71172,13.76271,-16.38404,14.41806,-17.0394
20.74,14.09039,-16.38404,14.41807,-16.38404,13.76271,-16.38404
20.76,13.435025,-15.72868,13.76271,-15.72868,13.10734,-15.72868
20.78,13.10734,-15.72868,13.10735,-15.72868,13.10733,-15.72868
20.8,19.00564,-15.728670000000001,15.07343,-15.72868,22.93785,-15.72866
20.82,24.903979999999997,-16.056335,25.55935,-16.38402,24.24861,-15.72865
20.84,23.59326,-14.745155,23.59326,-15.07238,23.59326,-14.41793
20.86,23.920949999999998,-14.41794,24.24863,-14.41794,23.59327,-14.41794
20.88,23.26559,-14.09026,23.59327,-14.41794,22.93791,-13.76258
20.9,22.93791,-13.76258,22.93791,-13.76258,22.93791,-13.76258
20.92,22.610225,-13.434895000000001,22.93791,-13.76258,22.28254,-13.10721
20.94,22.282545,-12.124175000000001,22.28255,-12.45186,22.28254,-11.79649
20.96,21.299505,-10.81345,21.62719,-11.14113,20.97182,-10.48577
20.98,21.627195,-9.175045,20.31647,-9.83041,22.93792,-8.51968
21.0,39.649874999999994,-6.5535499999999995,36.04532,-7.20893,43.25443,-5.89817
21.02,40.960660000000004,-2.949055,41.94371,-3.9321,39.97761,-1.96601
21.04,38.01154,7.000000000495499e-05,38.6669,-0.65528999999999,37.35618,0.65543
21.06,36.04546,2.293835,36.70082,1.96615,35.3901,2.62152
21.08,34.40707,3.6045550000000004,34.73475,3.27687,34.07939,3.93224
21.1,33.42404,5.24296,33.42404,5.24296,33.42404,5.24296
21.12,32.44101,5.57064,32.76869,5.24296,32.11333,5.89832
21.14,32.11334,6.226,32.11334,5.89832,32.11334,6.55368
21.16,31.78566,6.55368,32.11334,6.55368,31.45798,6.55368
21.18,25.559665000000003,6.553675,27.52577,6.55367,23.59356,6.55368
21.2,24.248935000000003,7.209035,24.24893,7.20903,24.24894,7.20904
21.22,23.593575,7.53672,23.59358,7.20904,23.59357,7.8644
21.24,23.593575,7.209035,23.59358,7.20904,23.59357,7.20903
21.26,23.593575,7.209035,23.59358,7.20903,23.59357,7.20904
21.28,23.593575,7.53672,23.59358,7.8644,23.59357,7.20904
21.3,23.265895,7.20904,23.59358,7.20904,22.93821,7.20904
21.32,22.93822,7.20904,22.93822,7.20904,22.93822,7.20904
21.34,23.265895,6.553675,22.93822,6.55367,23.59357,6.55368
21.36,22.61054,6.226,22.93822,6.55368,22.28286,5.89832
21.38,22.938215,5.57063,22.93822,5.89831,22.93821,5.24295
21.4,42.27157,4.58762,34.07947,5.24296,50.46367,3.93228
21.42,52.7575,4.91532,53.08519,4.58764,52.42981,5.243
21.44,52.429795,5.243,52.4298,5.243,52.42979,5.243
21.46,53.085155,4.58764,53.08516,4.58764,53.08515,4.58764
21.48,53.08516,3.93227,53.08516,3.93227,53.08516,3.93227
21.5,53.085155,3.93227,53.08516,3.93227,53.08515,3.93227
21.52,53.08516,3.27691,53.08516,3.27691,53.08516,3.27691
21.54,53.41284,2.949225,53.08516,3.2769,53.74052,2.62155
21.56,53.74052,2.62154,53.74052,2.62154,53.74052,2.62154
21.58,53.740515,2.62154,53.74052,2.62154,53.74051,2.62154
21.6,54.395875000000004,2.62154,54.39588,2.62154,54.39587,2.62154
21.62,54.39587,1.966175,54.39588,1.96618,54.39586,1.96617
21.64,58.000384999999994,1.31082,57.6727,1.31082,58.32807,1.31082
21.66,58.328064999999995,1.63849,58.32807,1.31081,58.32806,1.96617
21.68,58.98342,1.6385,58.98342,1.96618,58.98342,1.31082
21.7,58.983415,1.31081,58.98342,1.31081,58.98341,1.31081
21.72,59.63877,1.31081,59.63877,1.31081,59.63877,1.31081
21.74,59.311085,1.31081,58.98341,1.31081,59.63876,1.31081
21.76,59.638765,1.31081,59.63877,1.31081,59.63876,1.31081
21.78,59.63876,1.31081,59.63876,1.31081,59.63876,1.31081
21.8,58.983405000000005,1.310805,58.98341,1.3108,58.9834,1.31081
21.82,58.9834,0.65545,58.9834,0.65545,58.9834,0.65545
21.84,58.983405000000005,0.65544000000001,58.98341,0.65544000000001,58.9834,0.65544000000001
21.86,58.98341,0.32776000000000705,58.98341,8.0000000004077e-05,58.98341,0.65544000000001
21.88,58.65573,8.500000000211149e-05,58.98341,8.0000000004077e-05,58.32805,9.0000000000146e-05
21.9,58.655735,8.0000000004077e-05,58.98342,8.0000000004077e-05,58.32805,8.0000000004077e-05
21.92,58.32806,-0.32759999999999795,58.32806,8.0000000004077e-05,58.32806,-0.65528
21.94,58.00038,-0.65528,57.6727,-0.65528,58.32806,-0.65528
21.96,58.00038,-0.65528,58.32806,-0.65528,57.6727,-0.65528
21.98,58.000389999999996,-0.9829600000000001,58.32807,-0.65528,57.67271,-1.31064
22.0,57.67271,-0.9829650000000001,57.67271,-1.31065,57.67271,-0.65528
22.02,57.67271,-1.31023,57.67271,-1.30982,57.67271,-1.31064
22.04,57.67271,-1.310645,57.67271,-1.31065,57.67271,-1.31064
22.06,57.017354999999995,-1.31064,57.01735,-1.31064,57.01736,-1.31064
22.08,56.689679999999996,-1.63832,57.01736,-1.31064,56.362,-1.966
22.1,56.034324999999995,-1.638325,56.36201,-1.96601,55.70664,-1.31064
22.12,56.36201,-1.96601,56.36201,-1.96601,56.36201,-1.96601
22.14,59.63885,-1.966,59.63885,-1.966,59.63885,-1.966
22.16,58.65581,-1.966005,58.98349,-1.96601,58.32813,-1.966
22.18,58.32813,-2.621365,58.32813,-2.62137,58.32813,-2.62136
22.2,58.32814,-2.62137,58.32814,-2.62137,58.32814,-2.62137
22.22,58.000460000000004,-3.27673,58.32814,-3.27673,57.67278,-3.27673
22.24,57.672785000000005,-3.2767350000000004,57.67279,-3.27674,57.67278,-3.27673
22.26,57.672775,-3.9320950000000003,57.67278,-3.9321,57.67277,-3.93209
22.28,72.41852,-4.25975,64.88179,-3.93209,79.95525,-4.58741
22.3,84.87054,-4.91508,85.85359,-5.24276,83.88749,-4.5874
22.32,83.232115,-4.5874,83.23212,-4.5874,83.23211,-4.5874
22.34,83.232115,-4.5874,83.23212,-4.5874,83.23211,-4.5874
22.36,82.57675,-4.5874,82.57675,-4.5874,82.57675,-4.5874
22.38,81.59371,-5.242765,81.92139,-5.24277,81.26603,-5.24276
22.4,81.59371,-4.91509,81.92139,-5.24277,81.26603,-4.58741
22.42,80.93836,-4.91509,81.26604,-5.24277,80.61068,-4.58741
22.44,80.93836,-4.587405,81.26604,-4.58741,80.61068,-4.5874
22.46,80.283,-4.587405,80.61068,-4.58741,79.95532,-4.5874
22.48,78.972295,-4.259715,79.29997,-4.5874,78.64462,-3.93203
22.5,77.333915,-3.6043450000000004,77.98927,-3.93203,76.67856,-3.27666
22.52,75.69553,-3.276655,76.02321,-3.27666,75.36785,-3.27665
22.54,85.19839,-2.293575,79.30006,-2.62128,91.09672,-1.96587
22.56,95.356675,-1.31048,95.68435,-1.31048,95.029,-1.31048
22.58,93.71829,-0.32743999999999746,93.71829,-0.65512,93.71829,0.0002400000000051
22.6,93.71829,-0.65512,93.71829,-0.65512,93.71829,-0.65512
22.62,94.37364,-0.65512,94.37365,-0.65512,94.37363,-0.65512
22.64,95.35666499999999,-1.31048,95.02899,-1.31048,95.68434,-1.31048
22.66,95.68433,-1.63816,95.68434,-1.31048,95.68432,-1.96584
22.68,96.339685,-1.96584,96.33969,-1.96584,96.33968,-1.96584
22.7,96.995035,-1.96584,96.99504,-1.96584,96.99503,-1.96584
22.72,97.65039,-1.96584,97.6504,-1.96584,97.65038,-1.96584
22.74,98.305745,-1.96584,98.30575,-1.96584,98.30574,-1.96584
22.76,97.650375,-2.621195,97.65038,-2.6212,97.65037,-2.62119
22.78,98.305725,-1.965825,98.30573,-1.96583,98.30572,-1.96582
22.8,97.97804500000001,-1.965825,98.30573,-1.96583,97.65036,-1.96582
22.82,97.97803,-1.96582,98.30571,-1.96582,97.65035,-1.96582
22.84,97.650345,-1.965815,97.65035,-1.96582,97.65034,-1.96581
22.86,97.650335,-1.96581,97.65034,-1.96581,97.65033,-1.96581
22.88,97.65033,-1.965805,97.65033,-1.96581,97.65033,-1.9658
22.9,97.322645,-1.965805,96.99497,-1.96581,97.65032,-1.9658
22.92,98.30568,-1.965805,97.65032,-1.96581,98.96104,-1.9658
22.94,103.549905,-2.6211450000000003,102.89581,-2.62115,104.204,-2.62114
22.96,103.220955,-2.6211450000000003,103.54864,-2.62115,102.89327,-2.62114
22.98,103.54863,-2.2934650000000003,103.54863,-2.62115,103.54863,-1.96578
23.0,102.893265,-2.29347,102.89327,-2.62115,102.89326,-1.96579
23.02,102.893265,-2.62115,102.89327,-2.62115,102.89326,-2.62115
23.04,102.89327,-2.62115,102.89327,-2.62115,102.89327,-2.62115
23.06,103.54863,-2.62116,103.54863,-2.62116,103.54863,-2.62116
23.08,103.876305,-2.62116,103.54863,-2.62116,104.20398,-2.62116
23.1,104.859335,-2.62116,104.85934,-2.62116,104.85933,-2.62116
23.12,105.51468,-3.2765250000000004,105.51469,-3.27653,105.51467,-3.27652
23.14,106.17003,-3.27653,106.17004,-3.27653,106.17002,-3.27653
23.16,106.17003,-3.60421,106.17003,-3.93189,106.17003,-3.27653
23.18,101.25476499999999,-4.25958,106.8254,-3.9319,95.68413,-4.58726
23.2,81.593705,-3.60424,83.23212,-3.93192,79.95529,-3.27656
23.22,81.59372,-3.27656,81.26604,-3.27656,81.9214,-3.27656
23.24,81.9214,-2.94889,81.9214,-2.62121,81.9214,-3.27657
23.26,82.57675499999999,-3.27658,82.57676,-3.27658,82.57675,-3.27658
23.28,82.57675499999999,-3.60426,82.57676,-3.93194,82.57675,-3.27658
23.3,82.57675,-3.60427,82.57675,-3.27659,82.57675,-3.93195
23.32,82.57675,-3.93196,82.57675,-3.93196,82.57675,-3.93196
23.34,82.576745,-3.931965,82.57675,-3.93197,82.57674,-3.93196
23.36,82.576745,-3.93197,82.57675,-3.93197,82.57674,-3.93197
23.38,82.904425,-3.27661,83.23211,-3.93197,82.57674,-2.62125
23.4,83.2321,-3.931975,83.2321,-3.93198,83.2321,-3.93197
23.42,83.232095,-3.931975,83.2321,-3.93198,83.23209,-3.93197
23.44,83.232085,-3.93198,83.23209,-3.93198,83.23208,-3.93198
23.46,83.232095,-3.931985,83.2321,-3.93199,83.23209,-3.93198
23.48,83.55978,-4.58735,83.2321,-4.58735,83.88746,-4.58735
23.5,83.88746,-4.58735,83.88746,-4.58735,83.88746,-4.58735
23.52,83.88747,-4.91504,83.88747,-5.24272,83.88747,-4.58736
23.54,83.5598,-5.24273,83.88748,-5.24273,83.23212,-5.24273
23.56,87.8197,-5.242725,83.23213,-5.24274,92.40727,-5.24271
23.58,105.514675,-5.570365,104.20392,-5.24269,106.82543,-5.89804
23.6,104.859335,-5.24269,105.5147,-5.24269,104.20397,-5.24269
23.62,103.876295,-5.24269,104.20398,-5.24269,103.54861,-5.24269
23.64,103.54861,-5.570375,103.54861,-5.24269,103.54861,-5.89806
23.66,103.54861,-5.2427,103.54861,-5.2427,103.54861,-5.2427
23.68,103.54861,-6.22574,103.54861,-5.89806,103.54861,-6.55342
23.7,103.54862,-5.898065,103.54862,-5.89807,103.54862,-5.89806
23.72,103.54862,-6.225745,103.54862,-6.55343,103.54862,-5.89806
23.74,103.220945,-6.55343,103.54863,-6.55343,102.89326,-6.55343
23.76,103.220945,-6.55343,103.54863,-6.55343,102.89326,-6.55343
23.78,102.56558,-7.20879,102.89326,-7.20879,102.2379,-7.20879
23.8,100.271785,-8.51952,103.54862,-7.86416,96.99495,-9.17488
23.82,81.26607999999999,-9.83027,84.54292,-10.48563,77.98924,-9.17491
23.84,78.31696,-8.191865,77.98928,-7.86418,78.64464,-8.51955
23.86,78.644635,-8.519555,78.64464,-8.51955,78.64463,-8.51956
23.88,78.644635,-8.51956,78.64464,-8.51956,78.64463,-8.51956
23.9,78.31695500000001,-8.51957,78.64464,-8.51957,77.98927,-8.51957
23.92,78.644635,-8.519575,78.64464,-8.51958,78.64463,-8.51957
23.94,79.62766500000001,-9.17494,79.29999,-9.17494,79.95534,-9.17494
23.96,79.95533,-9.17494,79.95533,-9.17494,79.95533,-9.17494
23.98,80.610685,-9.17495,80.61069,-9.17495,80.61068,-9.17495
24.0,81.26605,-9.17495,81.26605,-9.17495,81.26605,-9.17495
24.02,97.977925,-9.830265,92.40729,-9.83028,103.54856,-9.83025
24.04,103.22092,-9.502565,104.20397,-9.83024,102.23787,-9.17489
24.06,102.56555,-9.174895,102.23787,-9.1749,102.89323,-9.17489
24.08,102.56555,-9.83026,102.89323,-9.83026,102.23787,-9.83026
24.1,102.893225,-9.83026,102.89323,-9.83026,102.89322,-9.83026
24.12,102.893225,-10.15794,102.89323,-10.48562,102.89322,-9.83026
24.14,102.237855,-10.15794,102.23786,-10.48562,102.23785,-9.83026
24.16,102.237855,-9.50258,102.23786,-9.83026,102.23785,-9.1749
24.18,101.582495,-9.174904999999999,101.5825,-9.17491,101.58249,-9.1749
24.2,101.582495,-9.1749,101.5825,-9.1749,101.58249,-9.1749
24.22,101.910175,-9.174904999999999,101.5825,-9.17491,102.23785,-9.1749
24.24,104.53164,-8.519155,102.23785,-8.51878,106.82543,-8.51953
24.26,108.46384499999999,-8.84721,108.79153,-9.17489,108.13616,-8.51953
24.28,108.13616,-8.51953,108.13616,-8.51953,108.13616,-8.51953
24.3,108.79152,-8.84721,108.79152,-8.51953,108.79152,-9.17489
24.32,109.774565,-8.519525,109.44689,-8.51953,110.10224,-8.51952
24.34,110.757595,-9.174885,110.7576,-9.17489,110.75759,-9.17488
24.36,111.41294500000001,-9.502559999999999,111.41295,-9.17488,111.41294,-9.83024
24.38,112.72367,-9.502559999999999,112.72367,-9.83024,112.72367,-9.17488
24.4,114.689775,-9.502555000000001,112.72367,-9.17488,116.65588,-9.83023
24.42,116.983555,-9.830235,117.31124,-9.83023,116.65587,-9.83024
24.44,116.3282,-9.830235,116.00052,-9.83024,116.65588,-9.83023
24.46,116.328195,-9.830235,116.00052,-9.83023,116.65587,-9.83024
24.48,116.00051500000001,-10.4856,116.00052,-10.4856,116.00051,-10.4856
24.5,116.00052,-10.157924999999999,116.00052,-10.4856,116.00052,-9.83025
24.52,115.34516500000001,-10.48561,116.00053,-10.48561,114.6898,-10.48561
24.54,115.017485,-10.48562,115.34517,-10.48562,114.6898,-10.48562
24.56,114.034445,-9.83026,114.03445,-9.83026,114.03444,-9.83026
24.58,113.05141,-10.15794,113.37909,-10.48562,112.72373,-9.83026
24.6,113.051415,-10.485625,112.72374,-10.48562,113.37909,-10.48563
24.62,98.960985,-12.451715,110.10226,-11.79635,87.81971,-13.10708
24.64,40.633165,-13.762485,53.74053,-14.41784,27.5258,-13.10713
24.66,21.627525,-12.77946,20.31679,-13.10714,22.93826,-12.45178
24.68,24.90433,-12.451785000000001,24.24898,-12.45178,25.55968,-12.45179
24.7,26.54271,-12.124120000000001,26.21504,-12.4518,26.87038,-11.79644
24.72,28.1811,-12.4518,28.1811,-12.4518,28.1811,-12.4518
24.74,28.836444999999998,-12.4518,28.83645,-12.4518,28.83644,-12.4518
24.76,29.49181,-12.779495,29.49181,-12.45181,29.49181,-13.10718
24.78,8.8477,-13.762535,18.35055,-13.76253,-0.65515,-13.76254
24.8,-8.51955,-12.45182,-9.17492,-12.45182,-7.86418,-12.45182
24.82,-6.553470000000001,-12.451834999999999,-6.55346,-12.45183,-6.55348,-12.45184
24.84,-5.8981200000000005,-11.796485,-5.89811,-11.79648,-5.89813,-11.79649
24.86,-5.898135,-11.7965,-5.89813,-11.7965,-5.89814,-11.7965
24.88,-5.24279,-12.124185,-5.24279,-11.79651,-5.24279,-12.45186
24.9,-8.51963,-11.796515,-4.58742,-11.79652,-12.45184,-11.79651
24.92,-23.26542,-11.46883,-22.28237,-11.79651,-24.24847,-11.14115
24.94,-22.28237,-10.813469999999999,-22.93773,-11.14115,-21.62701,-10.48579
24.96,-21.95469,-10.4858,-22.28237,-10.4858,-21.62701,-10.4858
24.98,-20.97165,-10.4858,-20.97165,-10.4858,-20.97165,-10.4858
25.0,-20.316285,-10.813479999999998,-20.31628,-10.4858,-20.31629,-11.14116
25.02,-34.734204999999996,-11.14116,-49.15212,-11.14116,-20.31629,-11.14116
25.04,-20.31628,-11.46884,-20.31628,-11.14116,-20.31628,-11.79652
25.06,-19.66091,-11.14116,-19.66091,-11.14116,-19.66091,-11.14116
25.08,-19.66091,-11.796515,-19.66091,-11.79652,-19.66091,-11.79651
25.1,-19.33322,-11.79652,-19.6609,-11.79652,-19.00554,-11.79652
25.12,-19.00553,-11.14116,-19.00553,-11.14116,-19.00553,-11.14116
25.14,-19.00553,-11.79652,-19.00553,-11.79652,-19.00553,-11.79652
25.16,-19.005525,-11.79652,-19.00552,-11.79652,-19.00553,-11.79652
25.18,-19.00552,-11.79652,-19.00552,-11.79652,-19.00552,-11.79652
25.2,-19.005515000000003,-11.79652,-19.00551,-11.79652,-19.00552,-11.79652
25.22,-19.00551,-11.79652,-19.00551,-11.79652,-19.00551,-11.79652
25.24,-19.333185,-12.124199999999998,-19.0055,-12.45188,-19.66087,-11.79652
25.26,-19.66087,-11.796515,-19.66087,-11.79651,-19.66087,-11.79652
25.28,-19.333190000000002,-11.79651,-19.66087,-11.79651,-19.00551,-11.79651
25.3,-19.333190000000002,-12.124189999999999,-19.00551,-11.79651,-19.66087,-12.45187
25.32,-19.333190000000002,-12.45187,-19.00551,-12.45187,-19.66087,-12.45187
25.34,-19.988554999999998,-12.45187,-19.66087,-12.45187,-20.31624,-12.45187
25.36,-20.643909999999998,-12.45187,-20.31623,-12.45187,-20.97159,-12.45187
25.38,-21.29926,-12.77955,-20.97158,-13.10723,-21.62694,-12.45187
25.4,-22.609975,-12.451865,-22.28229,-12.45187,-22.93766,-12.45186
25.42,-23.920695000000002,-13.10723,-23.59301,-13.10723,-24.24838,-13.10723
25.44,-8.191885,-13.76257,-15.72861,-13.10722,-0.65516,-14.41792
25.46,3.93243,-14.090229999999998,4.5878,-14.41791,3.27706,-13.76255
25.48,3.27705,-13.76255,3.27705,-13.76255,3.27705,-13.76255
25.5,3.604725,-14.090235,3.93241,-14.41792,3.27704,-13.76255
25.52,3.932405,-13.76256,3.93241,-13.76256,3.9324,-13.76256
25.54,4.260085,-13.76256,4.58777,-13.76256,3.9324,-13.76256
25.56,4.260085,-13.762565,3.93241,-13.76256,4.58776,-13.76257
25.58,4.260085,-14.090250000000001,3.93241,-14.41793,4.58776,-13.76257
25.6,4.26008,-14.090254999999999,3.9324,-14.41794,4.58776,-13.76257
25.62,4.260075,-14.090250000000001,3.9324,-14.41793,4.58775,-13.76257
25.64,3.93239,-13.43489,3.93239,-13.76257,3.93239,-13.10721
25.66,4.2600750000000005,-13.76258,4.58776,-13.76258,3.93239,-13.76258
25.68,4.26007,-13.762575,4.58775,-13.76258,3.93239,-13.76257
25.7,3.93239,-13.76258,3.93239,-13.76258,3.93239,-13.76258
25.72,4.26007,-13.76258,4.58775,-13.76258,3.93239,-13.76258
25.74,4.587745,-14.090254999999999,4.58775,-13.76258,4.58774,-14.41793
25.76,4.587745,-14.090254999999999,4.58775,-14.41794,4.58774,-13.76257
25.78,4.587745,-13.76258,4.58775,-13.76258,4.58774,-13.76258
25.8,4.587745,-14.09026,4.58775,-14.41794,4.58774,-13.76258
25.82,4.58775,-14.41794,4.58775,-14.41794,4.58775,-14.41794
25.84,4.58775,-14.41794,4.58775,-14.41794,4.58775,-14.41794
25.86,4.58775,-14.41795,4.58775,-14.41795,4.58775,-14.41795
25.88,4.587755,-14.41795,4.58776,-14.41795,4.58775,-14.41795
25.9,-2.2936,-14.417945,3.27703,-14.41795,-7.86423,-14.41794
25.92,-17.694740000000003,-13.43489,-17.03938,-13.76257,-18.3501,-13.10721
25.94,-17.367044999999997,-13.10722,-17.03936,-13.10722,-17.69473,-13.10722
25.96,-17.69473,-13.10722,-17.69473,-13.10722,-17.69473,-13.10722
25.98,-17.694725,-13.762585,-17.69472,-13.76259,-17.69473,-13.76258
26.0,-17.694725,-13.762585,-17.69472,-13.76259,-17.69473,-13.76258
26.02,-17.694725,-13.76259,-17.69472,-13.76259,-17.69473,-13.76259
26.04,-17.69472,-13.76259,-17.69472,-13.76259,-17.69472,-13.76259
26.06,-17.69472,-13.762595000000001,-17.69472,-13.7626,-17.69472,-13.76259
26.08,-17.694715000000002,-13.762595000000001,-17.69471,-13.7626,-17.69472,-13.76259
26.1,-18.677754999999998,-13.7626,-18.35007,-13.7626,-19.00544,-13.7626
26.12,-18.02239,-13.7626,-17.69471,-13.7626,-18.35007,-13.7626
26.14,-18.35007,-11.14113,-18.35007,-11.7965,-18.35007,-10.48576
26.16,-18.350065,-11.79649,-18.35006,-11.79649,-18.35007,-11.79649
26.18,-19.00542,-11.468810000000001,-19.00542,-11.79649,-19.00542,-11.14113
26.2,-19.00542,-11.468815,-19.00542,-11.14114,-19.00542,-11.79649
26.22,-19.005425000000002,-11.7965,-19.00542,-11.7965,-19.00543,-11.7965
26.24,-18.350074999999997,-11.7965,-18.35007,-11.7965,-18.35008,-11.7965
26.26,-17.694725,-12.124179999999999,-17.69472,-12.45186,-17.69473,-11.7965
26.28,-17.69472,-11.7965,-17.69472,-11.7965,-17.69472,-11.7965
26.3,-17.367045,-11.7965,-17.69472,-11.7965,-17.03937,-11.7965
26.32,-17.36704,-11.7965,-17.69472,-11.7965,-17.03936,-11.7965
26.34,-17.03935,-12.124189999999999,-17.03935,-11.79651,-17.03935,-12.45187
26.36,-17.03935,-12.124189999999999,-17.03935,-11.79651,-17.03935,-12.45187
26.38,-16.711665,-12.77955,-16.38398,-12.45187,-17.03935,-13.10723
26.4,-17.03934,-13.10723,-17.03934,-13.10723,-17.03934,-13.10723
26.42,-16.711660000000002,-13.7626,-17.03934,-13.7626,-16.38398,-13.7626
26.44,-16.711665,-14.745650000000001,-16.38398,-14.41797,-17.03935,-15.07333
26.46,-5.8981,-15.401005000000001,-13.76251,-15.07333,1.96631,-15.72868
26.48,6.553915,-16.38403,7.20928,-17.03939,5.89855,-15.72867
26.5,5.24318,-15.72867,5.24318,-15.72867,5.24318,-15.72867
26.52,5.570855,-15.72868,5.89854,-15.72868,5.24317,-15.72868
26.54,5.570845,-15.72868,5.89853,-15.72868,5.24316,-15.72868
26.56,4.915485,-15.72868,5.24317,-15.72868,4.5878,-15.72868
26.58,5.24317,-15.728674999999999,5.24317,-15.72868,5.24317,-15.72867
26.6,4.58781,-15.401,4.58781,-15.72868,4.58781,-15.07332
26.62,4.58781,-15.07332,4.58781,-15.07332,4.58781,-15.07332
26.64,3.60478,-15.728685,3.93246,-15.72869,3.2771,-15.72868
26.66,5.89856,-15.401005000000001,3.2771,-15.72869,8.52002,-15.07332
26.68,25.88733,-16.384014999999998,24.24889,-16.38403,27.52577,-16.384
26.7,24.576635,-15.07329,24.90432,-15.07329,24.24895,-15.07329
26.72,24.24895,-15.400970000000001,24.24895,-15.07329,24.24895,-15.72865
26.74,23.92127,-15.728655,24.24895,-15.72866,23.59359,-15.72865
26.76,23.92127,-15.72866,23.59359,-15.72866,24.24895,-15.72866
26.78,24.576625,-16.056345,24.24895,-15.72867,24.9043,-16.38402
26.8,25.559655,-18.02244,25.55966,-17.0394,25.55965,-19.00548
26.82,25.55966,-18.677805,25.55966,-19.00549,25.55966,-18.35012
26.84,18.6783,-18.67779,24.90431,-18.35012,12.45229,-19.00546
26.86,-16.05622,-16.05634,-11.14097,-17.69475,-20.97147,-14.41793
26.88,-19.005335,-13.43489,-19.6607,-13.76257,-18.34997,-13.10721
26.9,-18.677655,-13.107215,-18.34997,-13.10721,-19.00534,-13.10722
26.92,-19.005335000000002,-12.77954,-19.00533,-13.10722,-19.00534,-12.45186
26.94,-19.00533,-12.77954,-19.00533,-13.10722,-19.00533,-12.45186
26.96,-18.677655,-12.451865,-19.00533,-12.45187,-18.34998,-12.45186
26.98,-17.69463,-12.45186,-17.69462,-12.45186,-17.69464,-12.45186
27.0,-17.366965,-12.451865,-17.69464,-12.45186,-17.03929,-12.45187
27.02,-17.03929,-12.124185,-17.03929,-12.45187,-17.03929,-11.7965
27.04,-17.366970000000002,-12.124179999999999,-17.03928,-12.45186,-17.69466,-11.7965
27.06,-18.35002,-12.77955,-17.03928,-12.45187,-19.66076,-13.10723
27.08,-19.0054,-12.45188,-19.0054,-12.45188,-19.0054,-12.45188
27.1,-19.005395,-12.45188,-19.00539,-12.45188,-19.0054,-12.45188
27.12,-19.005395,-12.45188,-19.00539,-12.45188,-19.0054,-12.45188
27.14,-19.005395,-12.124199999999998,-19.00539,-12.45188,-19.0054,-11.79652
27.16,-19.005395,-11.79652,-19.00539,-11.79652,-19.0054,-11.79652
27.18,-19.005395,-11.79652,-19.00539,-11.79652,-19.0054,-11.79652
27.2,-19.33307,-11.468845,-19.00539,-11.79653,-19.66075,-11.14116
27.22,-19.333075,-11.141165,-19.66075,-11.14117,-19.0054,-11.14116
27.24,-19.660755,-11.468845,-19.66075,-11.79653,-19.66076,-11.14116
27.26,-19.333075,-11.79653,-19.66075,-11.79653,-19.0054,-11.79653
27.28,-19.0054,-12.124210000000001,-19.0054,-11.79653,-19.0054,-12.45189
27.3,-19.0054,-12.451895,-19.0054,-12.45189,-19.0054,-12.4519
27.32,-5.898075,-12.1242,-17.0393,-12.45189,5.24315,-11.79651
27.34,25.88732,-13.107195,24.24888,-13.10721,27.52576,-13.10718
27.36,23.921255000000002,-12.12415,24.24894,-12.45183,23.59357,-11.79647
27.38,23.92125,-12.451834999999999,23.59357,-12.45183,24.24893,-12.45184
27.4,23.593564999999998,-12.779520000000002,23.59357,-13.1072,23.59356,-12.45184
27.42,23.593564999999998,-12.451845,23.59357,-12.45185,23.59356,-12.45184
27.44,23.593564999999998,-12.45185,23.59357,-12.45185,23.59356,-12.45185
27.46,23.59357,-12.45185,23.59357,-12.45185,23.59357,-12.45185
27.48,23.265884999999997,-12.45186,23.59357,-12.45186,22.9382,-12.45186
27.5,22.93821,-12.451855,22.93821,-12.45185,22.93821,-12.45186
27.52,22.61053,-12.45186,22.93821,-12.45186,22.28285,-12.45186
27.54,22.28285,-12.451855,22.28285,-12.45186,22.28285,-12.45185
27.56,22.28286,-12.45186,22.28286,-12.45186,22.28286,-12.45186
27.58,21.6275,-12.45186,21.6275,-12.45186,21.6275,-12.45186
27.6,21.6275,-12.45186,21.6275,-12.45186,21.6275,-12.45186
27.62,21.299825,-12.45186,21.62751,-12.45186,20.97214,-12.45186
27.64,21.627495000000003,-12.45186,21.6275,-12.45186,21.62749,-12.45186
27.66,22.28285,-12.45186,22.28285,-12.45186,22.28285,-12.45186
27.68,22.610525000000003,-12.45186,22.93821,-12.45186,22.28284,-12.45186
27.7,22.9382,-12.45186,22.9382,-12.45186,22.9382,-12.45186
27.72,22.28284,-12.124185,22.28284,-12.45187,22.28284,-11.7965
27.74,21.955165,-11.7965,22.28284,-11.7965,21.62749,-11.7965
27.76,21.62749,-11.79651,21.62749,-11.79651,21.62749,-11.79651
27.78,21.955165,-11.796505,21.62749,-11.79651,22.28284,-11.7965
27.8,23.92126,-11.7965,22.28285,-11.7965,25.55967,-11.7965
27.82,38.011695,-11.141115,36.04558,-11.14112,39.97781,-11.14111
27.84,38.994755,-10.81343,39.32244,-11.14111,38.66707,-10.48575
27.86,38.667075,-10.48575,38.66708,-10.48575,38.66707,-10.48575
27.88,38.667075,-10.81343,38.66708,-10.48575,38.66707,-11.14111
27.9,39.322435,-10.485755000000001,39.32244,-10.48576,39.32243,-10.48575
27.92,39.322424999999996,-10.81344,39.32243,-10.48576,39.32242,-11.14112
27.94,39.650104999999996,-10.48576,39.97779,-10.48576,39.32242,-10.48576
27.96,39.650104999999996,-10.48576,39.97779,-10.48576,39.32242,-10.48576
27.98,39.650104999999996,-10.485755000000001,39.32243,-10.48575,39.97778,-10.48576
28.0,39.977785,-10.485755000000001,39.97779,-10.48576,39.97778,-10.48575
28.02,39.977785,-10.81344,39.97779,-10.48576,39.97778,-11.14112
28.04,39.97779,-10.81344,39.97779,-11.14112,39.97779,-10.48576
28.06,40.305475,-11.14112,39.9778,-11.14112,40.63315,-11.14112
28.08,40.96084,-11.468800000000002,41.28852,-11.79648,40.63316,-11.14112
28.1,40.633165,-11.468800000000002,40.63317,-11.79648,40.63316,-11.14112
28.12,41.28853,-11.79648,40.63317,-11.79648,41.94389,-11.79648
28.14,61.277255,-11.141079999999999,55.05124,-11.1411,67.50327,-11.14106
28.16,69.469405,-11.14106,70.12477,-11.14106,68.81404,-11.14106
28.18,68.81403,-11.79642,68.81403,-11.79642,68.81403,-11.79642
28.2,68.81403,-12.45179,68.81403,-12.45179,68.81403,-12.45179
28.22,68.158665,-13.10715,68.15867,-13.10715,68.15866,-13.10715
28.24,68.158665,-13.107155,68.15867,-13.10716,68.15866,-13.10715
28.26,9.503945000000002,-13.10716,68.15867,-13.10716,-49.15078,-13.10716
28.28,67.5033,-12.77948,67.5033,-13.10716,67.5033,-12.4518
28.3,67.50329500000001,-12.451805,67.5033,-12.45181,67.50329,-12.4518
28.32,67.503275,-12.77949,67.50328,-12.45181,67.50327,-13.10717
28.34,67.503255,-12.451805,67.50326,-12.45181,67.50325,-12.4518
28.36,66.520205,-12.45181,66.84789,-12.45181,66.19252,-12.45181
28.38,66.192515,-12.45181,66.19252,-12.45181,66.19251,-12.45181
28.4,63.243359999999996,-12.779499999999999,63.57105,-13.10718,62.91567,-12.45182
28.42,62.915675,-12.45182,62.91568,-12.45182,62.91567,-12.45182
28.44,62.58799,-12.451825,62.91567,-12.45183,62.26031,-12.45182
28.46,61.932625,-12.451825,62.26031,-12.45183,61.60494,-12.45182
28.48,61.604945,-12.45182,61.60495,-12.45182,61.60494,-12.45182
28.5,60.949574999999996,-12.451825,60.94958,-12.45183,60.94957,-12.45182
28.52,60.949574999999996,-12.12414,60.94958,-11.79646,60.94957,-12.45182
28.54,60.949574999999996,-11.79646,60.94958,-11.79646,60.94957,-11.79646
28.56,60.621895,-12.45182,60.29422,-12.45182,60.94957,-12.45182
28.58,60.62189,-12.45182,60.94957,-12.45182,60.29421,-12.45182
28.6,60.94957,-12.12414,60.94957,-12.45182,60.94957,-11.79646
28.62,60.949574999999996,-12.12414,60.94958,-11.79646,60.94957,-12.45182
28.64,60.62189,-12.451815,60.94957,-12.45182,60.29421,-12.45181
28.66,63.571045,-12.77949,62.26031,-12.45182,64.88178,-13.10716
28.68,64.5541,-13.10717,64.88178,-13.10717,64.22642,-13.10717
28.7,63.898740000000004,-13.762535,64.22642,-13.76254,63.57106,-13.76253
28.72,63.898740000000004,-14.090209999999999,64.22642,-13.76253,63.57106,-14.41789
28.74,62.915695,-14.74557,62.9157,-14.41789,62.91569,-15.07325
28.76,62.260325,-14.745565,62.26033,-14.41789,62.26032,-15.07324
28.78,61.27726,-15.073235,61.60495,-15.07324,60.94957,-15.07323
28.8,60.949555000000004,-15.073225,60.94956,-15.07323,60.94955,-15.07322
28.82,59.966499999999996,-14.745525,60.29418,-15.07321,59.63882,-14.41784
28.84,60.294174999999996,-12.451744999999999,60.29418,-13.10711,60.29417,-11.79638
28.86,60.62186,-9.830285,60.94954,-10.48565,60.29418,-9.17492
28.88,60.949545,-7.2088350000000005,60.94955,-7.8642,60.94954,-6.55347
28.9,66.52016499999999,-4.58736,63.57101,-5.24274,69.46932,-3.93198
28.92,70.45238499999999,-3.27661,70.78007,-3.27661,70.1247,-3.27661
28.94,71.107755,-3.2766149999999996,70.12471,-3.27662,72.0908,-3.27661
28.96,73.40152,-4.25965,72.74616,-3.93197,74.05688,-4.58733
28.98,74.71225,-5.570375,74.71225,-5.2427,74.71225,-5.89805
29.0,75.367615,-7.20878,75.36762,-7.20878,75.36761,-7.20878
29.02,75.69529,-8.19183,75.36761,-7.86415,76.02297,-8.51951
29.04,75.69529,-8.847195,75.36761,-8.51951,76.02297,-9.17488
29.06,75.36761,-9.83024,75.36761,-9.83024,75.36761,-9.83024
29.08,75.36761,-10.157924999999999,75.36761,-9.83024,75.36761,-10.48561
29.1,75.36761,-10.48561,75.36761,-10.48561,75.36761,-10.48561
29.12,84.54273,-10.157915,77.98906,-10.48561,91.0964,-9.83022
29.14,94.70096000000001,-10.813244999999998,95.684,-11.14092,93.71792,-10.48557
29.16,93.717915,-10.48557,93.71792,-10.48557,93.71791,-10.48557
29.18,94.373275,-10.48558,94.37328,-10.48558,94.37327,-10.48558
29.2,94.700945,-10.48559,94.37327,-10.48559,95.02862,-10.48559
29.22,95.02861,-10.157910000000001,95.02862,-10.48559,95.0286,-9.83023
29.24,95.35628,-9.830225,95.02861,-9.83023,95.68395,-9.83022
29.26,95.683945,-9.502555000000001,95.68395,-9.83023,95.68394,-9.17488
29.28,95.683945,-9.502565,95.68395,-9.83024,95.68394,-9.17489
29.3,95.68395,-9.83025,95.68395,-9.83025,95.68395,-9.83025
29.32,96.33931,-9.50258,96.33931,-9.83026,96.33931,-9.1749
29.34,96.33931,-9.17491,96.33931,-9.17491,96.33931,-9.17491
29.36,100.27152000000001,-8.84722,96.99468,-9.17491,103.54836,-8.51953
29.38,104.85911,-8.84721,105.51448,-9.17489,104.20374,-8.51953
29.4,104.859105,-8.51953,104.85911,-8.51953,104.8591,-8.51953
29.42,104.859105,-9.174895,104.85911,-9.1749,104.8591,-9.17489
29.44,104.531425,-9.17489,104.85911,-9.17489,104.20374,-9.17489
29.46,104.20374,-9.83026,104.20374,-9.83026,104.20374,-9.83026
29.48,104.20374,-10.48562,104.20374,-10.48562,104.20374,-10.48562
29.5,104.53143,-10.485625,104.20375,-10.48562,104.85911,-10.48563
29.52,104.203755,-10.15794,104.20376,-10.48562,104.20375,-9.83026
29.54,104.53145,-10.48563,104.85913,-10.48563,104.20377,-10.48563
29.56,104.203765,-10.48564,104.20377,-10.48564,104.20376,-10.48564
29.58,111.41279,-10.15794,106.16985,-10.48563,116.65573,-9.83025
29.6,125.50323,-10.485575,125.17554,-10.48558,125.83092,-10.48557
29.62,124.847865,-10.485585,124.52019,-10.48559,125.17554,-10.48558
29.64,125.17556,-10.485585,125.17556,-10.48559,125.17556,-10.48558
29.66,125.50325,-10.81327,125.17557,-10.48559,125.83093,-11.14095
29.68,125.830935,-10.813265000000001,125.83094,-11.14095,125.83093,-10.48558
29.7,125.830945,-11.14095,125.83095,-11.14095,125.83094,-11.14095
29.72,125.503265,-11.14095,125.83095,-11.14095,125.17558,-11.14095
29.74,125.50327,-10.48559,125.83095,-10.48559,125.17559,-10.48559
29.76,125.175585,-10.48559,125.17559,-10.48559,125.17558,-10.48559
29.78,124.8479,-10.157910000000001,125.17558,-10.48559,124.52022,-9.83023
29.8,124.520225,-9.83023,124.52023,-9.83023,124.52022,-9.83023
29.82,124.19254,-9.502559999999999,123.86486,-9.83024,124.52022,-9.17488
29.84,124.192545,-8.8472,124.52023,-9.17488,123.86486,-8.51952
29.86,123.864865,-8.51952,123.86487,-8.51952,123.86486,-8.51952
29.88,123.86486,-8.51952,123.86486,-8.51952,123.86486,-8.51952
29.9,123.53717499999999,-7.86416,123.86486,-7.86416,123.20949,-7.86416
29.92,123.209495,-7.864165,123.2095,-7.86417,123.20949,-7.86416
29.94,127.46938499999999,-9.83025,126.48634,-9.17489,128.45243,-10.48561
29.96,127.469385,-9.83025,127.79707,-9.83025,127.1417,-9.83025
29.98,127.469385,-9.83025,127.79707,-9.83025,127.1417,-9.83025
30.0,127.14171,-9.83025,127.14171,-9.83025,127.14171,-9.83025
30.02,127.14171,-9.830245,127.14171,-9.83025,127.14171,-9.83024
30.04,126.81403,-9.83024,127.14171,-9.83024,126.48635,-9.83024
30.06,127.141715,-9.83024,127.14172,-9.83024,127.14171,-9.83024
30.08,126.81404,-9.83024,127.14172,-9.83024,126.48636,-9.83024
30.1,126.814045,-9.83024,127.14173,-9.83024,126.48636,-9.83024
30.12,126.48637,-9.83024,126.48637,-9.83024,126.48637,-9.83024
30.14,125.831005,-10.15792,126.48638,-9.83024,125.17563,-10.4856
30.16,83.23197,-14.09011,102.89305,-13.10705,63.57089,-15.07317
30.18,15.07361,-13.434764999999999,27.52559,-14.41781,2.62163,-12.45172
30.2,2.621665,-11.79639,0.65557,-11.79639,4.58776,-11.79639
30.22,5.570805,-11.796405,5.24313,-11.7964,5.89848,-11.79641
30.24,6.226165,-11.79642,5.89849,-11.79642,6.55384,-11.79642
30.26,7.209205,-11.79644,7.20921,-11.79644,7.2092,-11.79644
30.28,8.51993,-11.79645,8.51993,-11.79645,8.51993,-11.79645
30.3,9.502975,-12.45182,9.1753,-12.45182,9.83065,-12.45182
30.32,10.158345,-12.451834999999999,9.83066,-12.45183,10.48603,-12.45184
30.34,0.6555200000000001,-13.76255,7.2092,-13.10719,-5.89816,-14.41791
30.36,-10.81342,-13.1072,-11.1411,-13.1072,-10.48574,-13.1072
30.38,-9.83037,-13.43489,-9.83037,-13.76257,-9.83037,-13.10721
30.4,-10.813410000000001,-13.434895000000001,-10.48573,-13.10722,-11.14109,-13.76257
30.42,-10.48573,-13.76258,-10.48573,-13.76258,-10.48573,-13.76258
30.44,-10.15805,-14.41794,-10.48573,-14.41794,-9.83037,-14.41794
30.46,-10.158055000000001,-14.417945,-9.83037,-14.41795,-10.48574,-14.41794
30.48,-9.83038,-14.41794,-9.83038,-14.41794,-9.83038,-14.41794
30.5,-9.5027,-14.41794,-9.17502,-14.41794,-9.83038,-14.41794
30.52,-9.17502,-14.417945,-9.17502,-14.41795,-9.17502,-14.41794
30.54,-9.175015,-14.41794,-9.17501,-14.41794,-9.17502,-14.41794
30.56,-8.519655,-14.41794,-8.51965,-14.41794,-8.51966,-14.41794
30.58,-8.51965,-14.41794,-8.51965,-14.41794,-8.51965,-14.41794
30.6,-8.51965,-14.41794,-8.51965,-14.41794,-8.51965,-14.41794
30.62,-8.51965,-14.41794,-8.51965,-14.41794,-8.51965,-14.41794
30.64,-8.519645,-14.417935,-8.51964,-14.41794,-8.51965,-14.41793
30.66,-8.51965,-14.417935,-8.51965,-14.41794,-8.51965,-14.41793
30.68,-8.51965,-14.41794,-8.51965,-14.41794,-8.51965,-14.41794
30.7,-8.51964,-14.41794,-8.51964,-14.41794,-8.51964,-14.41794
30.72,-8.19196,-13.76258,-7.86428,-13.76258,-8.51964,-13.76258
30.74,-8.191955,-14.09026,-7.86427,-14.41794,-8.51964,-13.76258
30.76,-6.881215,-13.43489,-7.86427,-13.76258,-5.89816,-13.1072
30.78,-5.8981650000000005,-13.10721,-5.89816,-13.10721,-5.89817,-13.10721
30.8,-5.242815,-13.1072,-5.24281,-13.1072,-5.24282,-13.1072
30.82,-4.58746,-13.107205,-4.58745,-13.10721,-4.58747,-13.1072
30.84,-4.58747,-13.1072,-4.58746,-13.1072,-4.58748,-13.1072
30.86,-5.2428349999999995,-12.779520000000002,-5.24283,-13.1072,-5.24284,-12.45184
30.88,-5.24283,-12.45184,-5.24283,-12.45184,-5.24283,-12.45184
30.9,-4.91515,-12.779525,-4.58747,-13.1072,-5.24283,-12.45185
30.92,-4.58746,-12.779520000000002,-4.58746,-13.1072,-4.58746,-12.45184
30.94,-4.587465,-12.779520000000002,-4.58746,-13.1072,-4.58747,-12.45184
30.96,-3.932105,-12.779520000000002,-3.9321,-13.1072,-3.93211,-12.45184
30.98,-4.25979,-13.1072,-4.58747,-13.1072,-3.93211,-13.1072
31.0,-3.932105,-13.1072,-3.9321,-13.1072,-3.93211,-13.1072
31.02,-3.932105,-13.434885000000001,-3.9321,-13.76257,-3.93211,-13.1072
31.04,-3.932115,-13.76256,-3.93211,-13.76256,-3.93212,-13.76256
31.06,-3.2767549999999996,-14.090240000000001,-3.27675,-13.76256,-3.27676,-14.41792
31.08,-2.94907,-15.07329,-3.27675,-15.07329,-2.62139,-15.07329
31.1,-1.63834,-15.72864,-1.96602,-15.72864,-1.31066,-15.72864
31.12,6.999999999995898e-05,-16.05632,-0.65529,-16.384,0.65543,-15.72864
31.14,1.310805,-16.383995,0.65544,-16.384,1.96617,-16.38399
31.16,3.2769,-17.36703,2.62154,-17.03935,3.93226,-17.69471
31.18,4.91531,-18.350065,4.58763,-18.35007,5.24299,-18.35006
31.2,6.22605,-19.333105,5.89837,-19.00543,6.55373,-19.66078
31.22,7.53678,-20.31615,7.2091,-19.66079,7.86446,-20.97151
31.24,9.1752,-20.971505,8.51984,-20.97151,9.83056,-20.9715
31.26,11.468979999999998,-20.971505,11.1413,-20.9715,11.79666,-20.97151
31.28,13.435075000000001,-20.97151,13.10739,-20.97151,13.76276,-20.97151
31.3,15.073495,-20.9715,14.41813,-20.9715,15.72886,-20.9715
31.32,17.69495,-21.29919,17.03959,-20.97151,18.35031,-21.62687
31.34,20.316415,-22.28224,19.66105,-22.28224,20.97178,-22.28224
31.36,22.93788,-23.26528,22.28252,-22.9376,23.59324,-23.59296
31.38,24.576295000000002,-23.920650000000002,24.24861,-23.59297,24.90398,-24.24833
31.4,25.23168,-24.57602,24.904,-24.24834,25.55936,-24.9037
31.42,25.88704,-24.903695,25.55936,-24.9037,26.21472,-24.90369
31.44,26.21472,-24.903685000000003,26.21472,-24.90369,26.21472,-24.90368
31.46,26.21472,-25.559044999999998,26.21472,-25.55905,26.21472,-25.55904
31.48,24.57629,-26.542085,26.87008,-26.21441,22.2825,-26.86976
31.5,19.00564,-26.214405,18.35027,-26.86977,19.66101,-25.55904
31.52,20.97174,-25.231360000000002,20.97174,-25.55904,20.97174,-24.90368
31.54,20.97174,-24.575995,20.97174,-24.90368,20.97174,-24.24831
31.56,20.644055,-23.592955,20.97174,-23.59296,20.31637,-23.59295
31.58,20.644045,-23.59295,20.97173,-23.59295,20.31636,-23.59295
31.6,19.988675,-22.93759,19.661,-22.93759,20.31635,-22.93759
31.62,19.333305000000003,-23.265275,19.66099,-23.59295,19.00562,-22.9376
31.64,18.677934999999998,-23.592955,19.00562,-23.59296,18.35025,-23.59295
31.66,18.350245,-23.59296,18.35025,-23.59296,18.35024,-23.59296
31.68,18.02256,-23.592965,18.35024,-23.59297,17.69488,-23.59296
31.7,17.69488,-23.59297,17.69488,-23.59297,17.69488,-23.59297
31.72,17.694885,-23.59297,17.69489,-23.59297,17.69488,-23.59297
31.74,17.69488,-23.59297,17.69488,-23.59297,17.69488,-23.59297
31.76,17.367195000000002,-24.24833,17.69488,-24.24833,17.03951,-24.24833
31.78,17.03951,-24.9037,17.03951,-24.9037,17.03951,-24.9037
31.8,18.022550000000003,-25.55906,17.03951,-25.55906,19.00559,-25.55906
31.82,28.50845,-25.886725,28.18076,-25.55905,28.83614,-26.2144
31.84,27.19773,-26.21441,27.52541,-26.21441,26.87005,-26.21441
31.86,26.87005,-26.21442,26.87005,-26.21442,26.87005,-26.21442
31.88,25.887005000000002,-26.86978,26.21469,-26.86978,25.55932,-26.86978
31.9,25.231650000000002,-26.54211,25.55933,-26.21443,24.90397,-26.86979
31.92,24.248604999999998,-26.542105,24.24861,-26.86979,24.2486,-26.21442
31.94,23.265555,-26.54211,23.59324,-26.86979,22.93787,-26.21443
31.96,22.61019,-26.869785,22.93787,-26.86979,22.28251,-26.86978
31.98,21.299464999999998,-26.214425,21.62715,-26.21442,20.97178,-26.21443
32.0,19.988735,-26.214425,20.31642,-26.21443,19.66105,-26.21442
32.02,19.005695000000003,-25.88674,19.0057,-26.21442,19.00569,-25.55906
32.04,18.022635,-25.23138,18.35032,-25.55906,17.69495,-24.9037
32.06,16.384225,-25.231375,17.03959,-25.55906,15.72886,-24.90369
32.08,15.07349,-24.903695,15.72886,-24.9037,14.41812,-24.90369
32.1,13.435075000000001,-24.576014999999998,13.76276,-24.9037,13.10739,-24.24833
32.12,12.12434,-23.59297,12.45203,-23.59297,11.79665,-23.59297
32.14,10.813604999999999,-23.59297,11.14129,-23.59297,10.48592,-23.59297
32.16,9.830549999999999,-22.937604999999998,10.48592,-22.93761,9.17518,-22.9376
32.18,3.932225,-21.954565000000002,4.5876,-22.28225,3.27685,-21.62688
32.2,4.259895,-20.97152,4.58758,-20.97152,3.93221,-20.97152
32.22,3.276835,-20.64384,3.27684,-20.97152,3.27683,-20.31616
32.24,2.94915,-20.31616,3.27683,-20.31616,2.62147,-20.31616
32.26,2.6214649999999997,-20.31617,2.62147,-20.31617,2.62146,-20.31617
32.28,2.2937849999999997,-20.64385,2.62147,-20.97153,1.9661,-20.31617
32.3,2.2937849999999997,-20.97153,1.96611,-20.97153,2.62146,-20.97153
32.32,2.621455,-20.64385,2.62146,-20.97153,2.62145,-20.31617
32.34,2.293775,-20.97153,2.62146,-20.97153,1.96609,-20.97153
32.36,2.293775,-20.31617,1.9661,-20.31617,2.62145,-20.31617
32.38,1.9661,-20.97153,1.9661,-20.97153,1.9661,-20.97153
32.4,1.966095,-20.97153,1.9661,-20.97153,1.96609,-20.97153
32.42,1.966095,-20.64385,1.9661,-20.97153,1.96609,-20.31617
32.44,4.915245,-20.971535000000003,3.93219,-20.97153,5.8983,-20.97154
32.46,5.898295,-20.97154,5.8983,-20.97154,5.89829,-20.97154
32.48,5.570615,-20.971535000000003,5.24294,-20.97154,5.89829,-20.97153
32.5,5.898295,-20.97154,5.8983,-20.97154,5.89829,-20.97154
32.52,5.57062,-20.97154,5.8983,-20.97154,5.24294,-20.97154
32.54,5.24294,-20.97154,5.24294,-20.97154,5.24294,-20.97154
32.56,5.242945000000001,-20.97154,5.24295,-20.97154,5.24294,-20.97154
32.58,4.91527,-20.97154,5.24295,-20.97154,4.58759,-20.97154
32.6,4.587595,-20.971545,4.5876,-20.97155,4.58759,-20.97154
32.62,4.25992,-20.97155,4.5876,-20.97155,3.93224,-20.97155
32.64,3.60456,-20.97155,3.93224,-20.97155,3.27688,-20.97155
32.66,3.60456,-20.97155,3.93224,-20.97155,3.27688,-20.97155
32.68,3.276885,-20.97155,3.27689,-20.97155,3.27688,-20.97155
32.7,3.27689,-21.62692,3.27689,-21.62692,3.27689,-21.62692
32.72,2.94921,-21.62692,3.27689,-21.62692,2.62153,-21.62692
32.74,2.94922,-21.62692,2.62154,-21.62692,3.2769,-21.62692
32.76,3.276905,-21.62692,3.27691,-21.62692,3.2769,-21.62692
32.78,3.27691,-21.62692,3.27691,-21.62692,3.27691,-21.62692
32.8,3.9322749999999997,-21.62693,3.93228,-21.62693,3.93227,-21.62693
32.82,5.243,-22.60997,3.93227,-22.28229,6.55373,-22.93765
32.84,17.03961,-24.576045,15.72888,-24.90373,18.35034,-24.24836
32.86,16.38424,-23.265324999999997,16.38425,-23.59301,16.38423,-22.93764
32.88,17.367265,-22.93764,17.03959,-22.93764,17.69494,-22.93764
32.9,17.36726,-22.28228,17.03958,-22.28228,17.69494,-22.28228
32.92,17.69495,-22.28227,17.69495,-22.28227,17.69495,-22.28227
32.94,17.694944999999997,-21.299235,17.69495,-21.62692,17.69494,-20.97155
32.96,17.694944999999997,-21.299235,17.69495,-21.62692,17.69494,-20.97155
32.98,17.69494,-21.299239999999998,17.69494,-21.62692,17.69494,-20.97156
33.0,17.039575,-20.971555000000002,17.69494,-20.97156,16.38421,-20.97155
33.02,14.418105,-19.66082,14.41811,-19.66082,14.4181,-19.66082
33.04,14.090425,-19.005454999999998,14.41811,-19.00546,13.76274,-19.00545
33.06,13.76274,-18.02241,13.76274,-18.35009,13.76274,-17.69473
33.08,13.107385,-17.36705,13.10739,-17.69473,13.10738,-17.03937
33.1,12.45202,-16.05632,12.45202,-16.384,12.45202,-15.72864
33.12,12.12434,-15.400960000000001,12.45202,-15.72864,11.79666,-15.07328
33.14,11.796655,-14.41792,11.79666,-14.41792,11.79665,-14.41792
33.16,11.1413,-14.090240000000001,11.79666,-14.41792,10.48594,-13.76256
33.18,10.813614999999999,-13.43488,11.1413,-13.76256,10.48593,-13.1072
33.2,10.158259999999999,-13.10719,10.48594,-13.10719,9.83058,-13.10719
33.22,9.502894999999999,-12.451834999999999,9.83058,-12.45184,9.17521,-12.45183
33.24,8.847539999999999,-12.124144999999999,9.17522,-12.45183,8.51986,-11.79646
33.26,8.19217,-11.796465,8.51985,-11.79647,7.86449,-11.79646
33.28,7.53681,-11.79646,7.86449,-11.79646,7.20913,-11.79646
33.3,7.86449,-11.468779999999999,7.86449,-11.79646,7.86449,-11.1411
33.32,7.8645,-11.468779999999999,7.8645,-11.1411,7.8645,-11.79646
33.34,8.51987,-11.796465,8.51987,-11.79647,8.51987,-11.79646
33.36,8.51988,-11.141105,8.51988,-11.14111,8.51988,-11.1411
33.38,8.51989,-11.1411,8.51989,-11.1411,8.51989,-11.1411
33.4,7.86454,-10.81342,7.86454,-11.1411,7.86454,-10.48574
33.42,7.20919,-10.485735,7.20919,-10.48574,7.20919,-10.48573
33.44,6.226165,-9.830375,6.55384,-9.83038,5.89849,-9.83037
33.46,5.24314,-10.15805,5.24314,-10.48573,5.24314,-9.83037
33.48,4.91547,-9.83037,5.24315,-9.83037,4.58779,-9.83037
33.5,4.5878,-9.502690000000001,4.5878,-9.83037,4.5878,-9.17501
33.52,4.58781,-8.519655,4.58781,-8.51966,4.58781,-8.51965
33.54,5.24317,-8.191975,5.24317,-8.51966,5.24317,-7.86429
33.56,5.243164999999999,-8.519645,5.24317,-8.51965,5.24316,-8.51964
33.58,5.24316,-7.864285,5.24316,-7.86429,5.24316,-7.86428
33.6,5.243155,-7.536605,5.24316,-7.20893,5.24315,-7.86428
33.62,5.243155,-7.864285,5.24316,-7.86429,5.24315,-7.86428
33.64,5.243155,-7.864285,5.24316,-7.86429,5.24315,-7.86428
33.66,5.243155,-7.536605,5.24316,-7.86429,5.24315,-7.20892
33.68,5.898515,-7.536605,5.89852,-7.86429,5.89851,-7.20892
33.7,6.553875,-7.864285,6.55388,-7.86429,6.55387,-7.86428
33.72,6.8815550000000005,-7.864285,7.20924,-7.86429,6.55387,-7.86428
33.74,7.209235,-7.86428,7.20924,-7.86428,7.20923,-7.86428
33.76,7.20923,-7.86429,7.20923,-7.86429,7.20923,-7.86429
33.78,7.209225,-7.86429,7.20923,-7.86429,7.20922,-7.86429
33.8,7.209225,-7.86429,7.20923,-7.86429,7.20922,-7.86429
33.82,10.158365,-7.864285,7.20923,-7.86429,13.1075,-7.86428
33.84,31.785515000000004,-7.864255,28.18098,-7.86426,35.39005,-7.86425
33.86,33.096289999999996,-7.536575,33.42398,-7.86426,32.7686,-7.20889
33.88,33.096284999999995,-7.2089,33.42397,-7.2089,32.7686,-7.2089
33.9,32.44092,-7.53658,32.7686,-7.2089,32.11324,-7.86426
33.92,32.7686,-7.86427,32.7686,-7.86427,32.7686,-7.86427
33.94,32.442185,-7.864265,32.77114,-7.86427,32.11323,-7.86426
33.96,32.113235,-7.86426,32.11323,-7.86426,32.11324,-7.86426
33.98,31.45788,-7.8638449999999995,31.45788,-7.86427,31.45788,-7.86342
34.0,31.130205,-7.86427,31.45789,-7.86427,30.80252,-7.86427
34.02,30.802525000000003,-7.86427,30.80253,-7.86427,30.80252,-7.86427
34.04,30.802525000000003,-8.19195,30.80253,-8.51963,30.80252,-7.86427
34.06,30.14717,-7.86427,30.14717,-7.86427,30.14717,-7.86427
34.08,29.49181,-8.19195,29.49181,-8.51963,29.49181,-7.86427
34.1,29.491815000000003,-7.86428,29.49181,-7.86428,29.49182,-7.86428
34.12,29.49182,-7.86428,29.49182,-7.86428,29.49182,-7.86428
34.14,29.81952,-7.20892,29.49184,-7.20892,30.1472,-7.20892
34.16,30.474895,-7.20892,30.14721,-7.20892,30.80258,-7.20892
34.18,31.785635,-7.208925,31.45795,-7.20893,32.11332,-7.20892
34.2,32.441015,-7.208925,32.11333,-7.20893,32.7687,-7.20892
34.22,34.07943,-7.536605,33.42407,-7.86429,34.73479,-7.20892
34.24,36.3732,-7.20892,36.04552,-7.20892,36.70088,-7.20892
34.26,38.0116,-7.208915,37.35624,-7.20892,38.66696,-7.20891
34.28,38.994640000000004,-7.208905,38.66696,-7.20891,39.32232,-7.2089
34.3,40.305369999999996,-6.881225000000001,39.97769,-6.55355,40.63305,-7.2089
34.32,40.633055,-6.881225000000001,40.63306,-7.20891,40.63305,-6.55354
34.34,37.683895,-6.225855,38.01158,-6.55353,37.35621,-5.89818
34.36,38.66695,-6.55354,38.01159,-6.55354,39.32231,-6.55354
34.38,39.650005,-5.89818,39.32232,-5.89818,39.97769,-5.89818
34.4,41.288425000000004,-5.570495,41.28842,-5.89818,41.28843,-5.24281
34.42,43.254535000000004,-5.24282,42.59917,-5.24282,43.9099,-5.24282
34.44,44.892975,-4.58746,44.56529,-4.58746,45.22066,-4.58746
34.46,46.203720000000004,-4.25979,45.87604,-4.58747,46.5314,-3.93211
34.48,47.84214,-3.9321,47.84214,-3.9321,47.84214,-3.9321
34.5,48.825185,-4.58746,48.49751,-4.58746,49.15286,-4.58746
34.52,48.82518,-5.570495,49.15286,-5.24282,48.4975,-5.89817
34.54,50.79127,-6.88122,50.46359,-6.55354,51.11895,-7.2089
34.56,51.118945,-7.53657,51.11895,-7.86425,51.11894,-7.20889
34.58,51.118945,-7.20889,51.11895,-7.20889,51.11894,-7.20889
34.6,51.11895,-7.20889,51.11895,-7.20889,51.11895,-7.20889
34.62,51.445865,-7.20889,51.77277,-7.20889,51.11896,-7.20889
34.64,51.118965,-7.2089,51.11897,-7.2089,51.11896,-7.2089
34.66,50.791285,-7.53658,51.11897,-7.2089,50.4636,-7.86426
34.68,49.808229999999995,-7.86426,50.4636,-7.86426,49.15286,-7.86426
34.7,62.58788,-8.519605,54.39578,-7.86426,70.77998,-9.17495
34.72,73.729175,-8.847249999999999,75.36759,-9.17493,72.09076,-8.51957
34.74,69.46929,-8.847249999999999,70.12466,-9.17493,68.81392,-8.51957
34.76,67.503185,-8.847249999999999,68.15855,-9.17493,66.84782,-8.51957
34.78,65.53708499999999,-8.51957,66.19245,-8.51957,64.88172,-8.51957
34.8,64.55404,-8.51958,64.88172,-8.51958,64.22636,-8.51958
34.82,64.55405,-7.53655,64.88173,-7.86423,64.22637,-7.20887
34.84,63.571015,-6.88119,63.57102,-7.20887,63.57101,-6.55351
34.86,62.915655,-5.898155,63.57102,-5.89816,62.26029,-5.89815
34.88,61.604924999999994,-5.57047,62.26029,-5.89815,60.94956,-5.24279
34.9,59.63883,-5.89815,60.2942,-5.89815,58.98346,-5.89815
34.92,56.034324999999995,-6.5535049999999995,57.01737,-6.55351,55.05128,-6.5535
34.94,56.03429,-6.5535,55.70662,-6.5535,56.36196,-6.5535
34.96,56.361940000000004,-6.553495,56.36195,-6.5535,56.36193,-6.55349
34.98,56.034235,-6.881165,55.70656,-7.20885,56.36191,-6.55348
35.0,55.706540000000004,-7.2088350000000005,55.70655,-7.20884,55.70653,-7.20883
35.02,55.706535,-6.881145,55.70654,-7.20883,55.70653,-6.55346
35.04,56.68958,-5.8981,56.3619,-5.8981,57.01726,-5.8981
35.06,56.361909999999995,-5.57042,57.01728,-5.89811,55.70654,-5.24273
35.08,54.395795,-3.93201,54.3958,-3.93201,54.39579,-3.93201
35.1,55.05116,-3.93201,55.05116,-3.93201,55.05116,-3.93201
35.12,55.05116,-3.27665,55.05116,-3.27665,55.05116,-3.27665
35.14,55.051155,-3.2766450000000003,55.05116,-3.27665,55.05115,-3.27664
35.16,55.05116,-3.2766450000000003,55.05116,-3.27665,55.05116,-3.27664
35.18,56.034205,-3.27665,55.70653,-3.27665,56.36188,-3.27665
35.2,57.344935,-3.60433,57.01726,-3.93201,57.67261,-3.27665
35.22,59.311035000000004,-3.93201,58.98335,-3.93201,59.63872,-3.93201
35.24,61.604815,-4.25969,60.94945,-3.93201,62.26018,-4.58737
35.26,64.22628499999999,-4.58738,63.57092,-4.58738,64.88165,-4.58738
35.28,67.17545000000001,-5.57042,66.1924,-5.24274,68.1585,-5.8981
35.3,70.77997500000001,-5.570435,70.12461,-5.89812,71.43534,-5.24275
35.32,75.367545,-4.259705,72.74609,-5.24275,77.989,-3.27666
35.34,92.40714,-0.9828600000000001,91.09639,-1.31055,93.71789,-0.65517
35.36,88.147295,1.63859,89.78572,1.31091,86.50887,1.96627
35.38,81.921285,0.9832300000000049,83.88739,1.31091,79.95518,0.65555000000001
35.4,74.05686,-1.9659,76.02297,-1.31054,72.09075,-2.62126
35.42,66.52011,-5.570385,68.15854,-4.58734,64.88168,-6.55343
35.44,61.27714,-9.17488,62.2602,-8.51952,60.29408,-9.83024
35.46,58.983325,-10.48561,58.98334,-10.48561,58.98331,-10.48561
35.48,60.294025,-10.15794,59.63867,-10.48562,60.94938,-9.83026
35.5,63.24315,-8.51955,62.91547,-9.17491,63.57083,-7.86419
35.52,65.536925,-5.898115,64.88156,-6.55347,66.19229,-5.24276
35.54,67.50302500000001,-4.91508,66.84766,-5.24276,68.15839,-4.5874
35.56,68.486075,-4.58741,68.1584,-4.58741,68.81375,-4.58741
35.58,75.6951,-4.259715,70.77984,-4.58741,80.61036,-3.93202
35.6,88.147105,-4.915035,87.81942,-4.58736,88.47479,-5.24271
35.62,86.50867500000001,-6.881114999999999,87.16405,-6.55344,85.8533,-7.20879
35.64,85.19793,-8.8472,85.19794,-8.51952,85.19792,-9.17488
35.66,85.5256,-9.17488,85.19792,-9.17488,85.85328,-9.17488
35.68,86.50866500000001,-9.17488,85.8533,-9.17488,87.16403,-9.17488
35.7,89.130145,-8.519525,88.47477,-8.51953,89.78552,-8.51952
35.72,91.42394999999999,-7.86417,91.09626,-7.86417,91.75164,-7.86417
35.74,93.390075,-7.86417,93.06239,-7.86417,93.71776,-7.86417
35.76,94.37313,-7.86417,94.37313,-7.86417,94.37313,-7.86417
35.78,95.02849499999999,-6.88112,95.0285,-7.2088,95.02849,-6.55344
35.8,94.700815,-6.881114999999999,95.0285,-7.2088,94.37313,-6.55343
35.82,94.045445,-7.20879,94.37313,-7.20879,93.71776,-7.20879
35.84,97.977665,-7.53646,95.68388,-7.20879,100.27145,-7.86413
35.86,101.254505,-7.86413,101.58219,-7.86413,100.92682,-7.86413
35.88,101.25451,-7.86413,100.92683,-7.86413,101.58219,-7.86413
35.9,102.23757,-7.53645,102.23757,-7.86413,102.23757,-7.20877
35.92,102.892945,-6.88109,102.89294,-7.20877,102.89295,-6.55341
35.94,103.876,-6.55341,103.54832,-6.55341,104.20368,-6.55341
35.96,104.531375,-6.22574,104.2037,-6.55342,104.85905,-5.89806
35.98,104.85906,-7.208785,104.85906,-7.20879,104.85906,-7.20878
36.0,104.85906,-7.53647,104.85906,-7.20879,104.85906,-7.86415
36.02,104.53137,-8.51951,104.85905,-8.51951,104.20369,-8.51951
36.04,103.220635,-9.174875,103.54832,-9.17488,102.89295,-9.17487
36.06,101.58221,-9.174875,102.23758,-9.17488,100.92684,-9.17487
36.08,100.27147,-9.502559999999999,100.27148,-9.83024,100.27146,-9.17488
36.1,99.288415,-8.8472,99.6161,-9.17488,98.96073,-8.51952
36.12,97.97768500000001,-8.19184,98.30537,-8.51952,97.65,-7.86416
36.14,97.65001,-6.881125,97.65001,-7.2088,97.65001,-6.55345
36.16,97.65001,-6.55345,97.65001,-6.55345,97.65001,-6.55345
36.18,96.994655,-6.88113,96.99466,-6.55345,96.99465,-7.20881
36.2,96.994665,-7.2088149999999995,96.99467,-7.20882,96.99466,-7.20881
36.22,96.33931,-7.53649,96.33931,-7.20881,96.33931,-7.86417
36.24,96.3393,-7.208805,96.3393,-7.20881,96.3393,-7.2088
36.26,95.68393,-7.2088,95.68394,-7.2088,95.68392,-7.2088
36.28,94.04549499999999,-7.53648,95.02855,-7.2088,93.06244,-7.86416
36.3,70.45221000000001,-8.8472,76.67822,-9.83024,64.2262,-7.86416
36.32,63.24317,-6.2257549999999995,62.91549,-6.55343,63.57085,-5.89808
36.34,63.243165000000005,-4.91504,63.57085,-5.24272,62.91548,-4.58736
36.36,62.915475,-3.6043250000000002,62.91548,-3.932,62.91547,-3.27665
36.38,62.915465,-2.62129,62.91547,-2.62129,62.91546,-2.62129
36.4,62.587785,-2.29362,62.91547,-2.6213,62.2601,-1.96594
36.42,62.58778,-1.96595,62.91546,-1.96595,62.2601,-1.96595
36.44,62.915455,-1.63827,62.91546,-1.96595,62.91545,-1.31059
36.46,62.260085000000004,-1.96595,62.26009,-1.96595,62.26008,-1.96595
36.48,61.932395,-1.9659550000000001,62.26008,-1.96596,61.60471,-1.96595
36.5,61.277010000000004,-2.949,61.6047,-2.62132,60.94932,-3.27668
36.52,60.293940000000006,-4.5874,60.29395,-3.93204,60.29393,-5.24276
36.54,59.966245,-6.22581,60.29393,-5.89813,59.63856,-6.55349
36.56,59.638545,-7.86422,59.63855,-7.86422,59.63854,-7.86422
36.58,59.31087,-8.51958,58.98319,-8.51958,59.63855,-8.51958
36.6,59.63855,-8.51959,59.63855,-8.51959,59.63855,-8.51959
36.62,60.29392,-9.174955,60.29392,-9.17496,60.29392,-9.17495
36.64,60.293935000000005,-8.847280000000001,60.29394,-8.5196,60.29393,-9.17496
36.66,5.899070000000002,-8.847280000000001,60.9493,-9.17496,-49.15116,-8.5196
36.68,84.21488500000001,-7.8641950000000005,79.29961,-7.86421,89.13016,-7.86418
36.7,86.8364,-7.5365,87.81945,-7.86418,85.85335,-7.20882
36.72,86.18102999999999,-8.19187,85.85335,-7.86419,86.50871,-8.51955
36.74,85.52566999999999,-8.84723,85.85336,-8.51955,85.19798,-9.17491
36.76,84.870305,-9.502600000000001,85.19799,-9.17492,84.54262,-9.83028
36.78,84.542625,-10.157969999999999,84.54263,-9.83029,84.54262,-10.48565
36.8,84.214945,-11.14101,84.54263,-11.14101,83.88726,-11.14101
36.82,84.214945,-11.796375,84.54263,-11.79637,83.88726,-11.79638
36.84,84.21494,-12.451744999999999,83.88726,-12.45174,84.54262,-12.45175
36.86,84.542615,-12.12407,84.54262,-12.45175,84.54261,-11.79639
36.88,85.197965,-11.468710000000002,84.54261,-11.79639,85.85332,-11.14103
36.9,86.18099000000001,-11.14103,85.85332,-11.14103,86.50866,-11.14103
36.92,87.164025,-11.14103,87.16403,-11.14103,87.16402,-11.14103
36.94,87.16402,-11.468715,87.16402,-11.14104,87.16402,-11.79639
36.96,87.81937,-12.124075000000001,87.81937,-11.7964,87.81937,-12.45175
36.98,87.81937,-13.107125,87.81937,-13.10712,87.81937,-13.10713
37.0,87.491685,-14.09017,87.81937,-13.76249,87.164,-14.41785
37.02,87.491685,-15.4009,87.81937,-15.72858,87.164,-15.07322
37.04,87.164005,-14.41786,87.16401,-14.41786,87.164,-14.41786
37.06,87.16401,-14.090185,87.16401,-14.41787,87.16401,-13.7625
37.08,86.83633,-13.434830000000002,86.50865,-13.76251,87.16401,-13.10715
37.1,86.50865,-13.10715,86.50865,-13.10715,86.50865,-13.10715
37.12,86.180965,-13.76252,86.50865,-13.76252,85.85328,-13.76252
37.14,86.50865,-14.41788,86.50865,-14.41788,86.50865,-14.41788
37.16,88.80243999999999,-15.40092,87.81939,-15.07325,89.78549,-15.72859
37.18,89.785495,-16.711635,89.7855,-16.38395,89.78549,-17.03932
37.2,90.44086,-18.022370000000002,90.44086,-17.69469,90.44086,-18.35005
37.22,90.76855,-19.66077,90.44087,-19.00541,91.09623,-20.31613
37.24,91.42392,-22.282220000000002,91.09624,-21.62686,91.7516,-22.93758
37.26,92.734655,-23.92062,92.40697,-23.59294,93.06234,-24.2483
37.28,94.37307,-24.57598,93.71771,-24.2483,95.02843,-24.90366
37.3,96.01149,-24.57598,95.68381,-24.90366,96.33917,-24.2483
37.32,97.32222,-24.90365,96.99454,-24.90365,97.6499,-24.90365
37.34,98.30527,-24.90365,98.30527,-24.90365,98.30527,-24.90365
37.36,98.96064,-25.886699999999998,98.96064,-25.55902,98.96064,-26.21438
37.38,98.960645,-26.21438,98.96065,-26.21438,98.96064,-26.21438
37.4,98.960645,-26.542070000000002,98.96065,-26.21439,98.96064,-26.86975
37.42,88.14707999999999,-27.197425,97.64992,-26.86975,78.64424,-27.5251
37.44,56.03400499999999,-26.214395,58.32778,-26.86976,53.74023,-25.55903
37.46,56.361725,-25.231360000000002,55.70636,-25.55904,57.01709,-24.90368
37.48,58.32782,-23.920650000000002,57.67246,-24.24833,58.98318,-23.59297
37.5,60.293915,-22.60993,59.63856,-22.93761,60.94927,-22.28225
37.52,61.60463,-20.971535,61.60464,-21.6269,61.60462,-20.31617
37.54,62.259969999999996,-19.66081,62.25998,-19.66081,62.25996,-19.66081
37.56,62.25996000000001,-19.66081,62.25997,-19.66081,62.25995,-19.66081
37.58,61.60459,-20.316164999999998,62.25996,-20.31617,60.94922,-20.31616
37.6,60.29386,-20.643845,60.29386,-20.31617,60.29386,-20.97152
37.62,64.88142500000001,-20.971510000000002,61.60458,-20.97152,68.15827,-20.9715
37.64,74.384265,-22.28221,73.40122,-22.28221,75.36731,-22.28221
37.66,75.367305,-23.92062,75.36731,-23.59294,75.3673,-24.2483
37.68,76.02266,-25.559025,76.02266,-25.55902,76.02266,-25.55903
37.7,76.022655,-26.542070000000002,76.02266,-26.21439,76.02265,-26.86975
37.72,75.694965,-26.86975,76.02265,-26.86975,75.36728,-26.86975
37.74,76.022645,-27.525115,76.02265,-27.52512,76.02264,-27.52511
37.76,76.678,-27.52512,76.678,-27.52512,76.678,-27.52512
37.78,77.33336,-27.852809999999998,77.33336,-28.18049,77.33336,-27.52513
37.8,77.66105,-27.525125000000003,77.98873,-27.52513,77.33337,-27.52512
37.82,77.98874,-27.19745,77.98874,-27.52513,77.98874,-26.86977
37.84,78.6441,-27.19745,78.6441,-26.86977,78.6441,-27.52513
37.86,65.53672499999999,-28.83584,76.67799,-27.52512,54.39546,-30.14656
37.88,19.988575,-29.81889,28.83603,-30.80194,11.14112,-28.83584
37.9,12.451885,-28.83585,11.14115,-28.83585,13.76262,-28.83585
37.92,13.762615,-28.50818,13.76262,-28.1805,13.76261,-28.83586
37.94,15.073335,-28.50819,15.07334,-28.18051,15.07333,-28.83587
37.96,15.073335,-28.50819,15.07334,-28.18051,15.07333,-28.83587
37.98,14.090275,-28.83587,14.41796,-28.83587,13.76259,-28.83587
38.0,13.434899999999999,-29.818915,13.76259,-29.49124,13.10721,-30.14659
38.02,9.83037,-30.801955,12.45185,-30.80196,7.20889,-30.80195
38.04,-3.60468,-29.818910000000002,-2.62163,-30.14659,-4.58773,-29.49123
38.06,-2.949305,-28.835875,-3.27699,-29.49123,-2.62162,-28.18052
38.08,-1.63856,-27.197490000000002,-1.96624,-27.52517,-1.31088,-26.86981
38.1,-0.0001499999999978,-26.214455,-0.0001499999999978,-26.21445,-0.0001499999999978,-26.21446
38.12,1.310575,-25.23142,1.31058,-25.5591,1.31057,-24.90374
38.14,1.965935,-24.24838,1.96594,-24.24838,1.96593,-24.24838
38.16,1.9659149999999999,-23.9207,1.96592,-24.24838,1.96591,-23.59302
38.18,1.63823,-23.9207,1.96591,-23.59302,1.31055,-24.24838
38.2,0.9828650000000001,-23.59302,1.31055,-23.59302,0.65518,-23.59302
38.22,0.655175000000005,-23.265345,0.65518,-23.59303,0.65517000000001,-22.93766
38.24,-0.00018999999999985,-22.60998,-0.0001900000000034,-22.93766,-0.0001899999999963,-22.2823
38.26,-0.0001999999999995,-21.626945,-0.0001900000000034,-21.62695,-0.0002099999999956,-21.62694
38.28,-0.32789499999999633,-20.97158,-0.0002100000000027,-20.97158,-0.65557999999999,-20.97158
38.3,-0.9832650000000001,-20.97158,-0.65558,-20.97158,-1.31095,-20.97158
38.32,-1.96632,-21.29926,-1.96631,-20.97158,-1.96633,-21.62694
38.34,8.191865,-21.626935000000003,0.65513,-21.62694,15.7286,-21.62693
38.36,26.54223,-22.282255,26.8699,-22.28226,26.21456,-22.28225
38.38,24.90382,-22.282255,24.90383,-22.28226,24.90381,-22.28225
38.4,25.559185,-23.2653,25.55918,-22.93762,25.55919,-23.59298
38.42,26.214565,-24.576025,26.21456,-24.24834,26.21457,-24.90371
38.44,27.19764,-26.214444999999998,26.86995,-26.21445,27.52533,-26.21444
38.46,27.853045,-27.197499999999998,27.52536,-26.86982,28.18073,-27.52518
38.48,28.836125,-27.19752,28.18076,-27.5252,29.49149,-26.86984
38.5,29.49151,-26.54217,29.49151,-26.86985,29.49151,-26.21449
38.52,29.819195,-25.886805000000003,29.49152,-26.21449,30.14687,-25.55912
38.54,29.163825000000003,-24.90376,29.49151,-24.90376,28.83614,-24.90376
38.56,27.853095,-24.576075,28.18078,-24.90376,27.52541,-24.24839
38.58,22.61016,-20.97157,24.90395,-22.2823,20.31637,-19.66084
38.6,19.005645,-16.05635,19.00565,-17.69476,19.00564,-14.41794
38.62,18.02262,-9.830400000000001,18.3503,-11.79649,17.69494,-7.86431
38.64,15.401205,-3.932135,16.38424,-5.24286,14.41817,-2.62141
38.66,11.1414,-0.655294999999998,11.79676,-1.31067,10.48604,8.0000000004077e-05
38.68,8.519975,0.983145000000005,9.17533,0.65546000000001,7.86462,1.31083
38.7,5.243215,2.949235,5.89857,2.62155,4.58786,3.27692
38.72,1.9664249999999999,5.243015,2.62179,4.58764,1.31106,5.89839
38.74,0.65568,7.5368200000000005,0.65569,7.20913,0.65567,7.86451
38.76,0.65568,8.847560000000001,0.65568,8.51988,0.65568,9.17524
38.78,2.294105,8.847545,1.96642,9.17523,2.62179,8.51986
38.8,7.864725,8.51984,3.27716,8.51984,12.45229,8.51984
38.82,38.667085,8.519884999999999,33.42411,8.51987,43.91006,8.5199
38.84,40.96094,9.50293,41.94399,9.17525,39.97789,9.83061
38.86,40.305565,10.48596,40.63325,10.48596,39.97788,10.48596
38.88,39.32253,11.468990000000002,39.97789,11.14131,38.66717,11.79667
38.9,38.667175,11.79667,38.66717,11.79667,38.66718,11.79667
38.92,37.68415,11.468975,38.01183,11.79666,37.35647,11.14129
38.94,38.01184,9.830565,38.01184,10.48592,38.01184,9.17521
38.96,38.667195,8.51985,38.6672,9.17521,38.66719,7.86449
38.98,38.667185,7.8645,38.66719,7.8645,38.66718,7.8645
39.0,38.667165,7.8645,38.66717,7.8645,38.66716,7.8645
39.02,39.32252,8.192184999999998,39.32252,7.8645,39.32252,8.51987
39.04,40.305555,8.519874999999999,39.97788,8.51987,40.63323,8.51988
39.06,42.27165,8.192195,41.94397,8.51988,42.59933,7.86451
39.08,44.565434999999994,8.51987,43.91007,8.51987,45.2208,8.51987
39.1,47.1869,9.830595,46.53154,9.17523,47.84226,10.48596
39.12,50.791399999999996,13.76278,50.46372,12.45205,51.11908,15.07351
39.14,53.08518,17.367275,52.42982,17.03959,53.74054,17.69496
39.16,54.39591,19.00569,54.39591,19.00569,54.39591,19.00569
39.18,55.37894,19.333375,55.05127,19.00569,55.70661,19.66106
39.2,56.36197,18.67802,55.70661,19.0057,57.01733,18.35034
39.22,57.345005,17.03962,57.67269,17.03962,57.01732,17.03962
39.24,58.000370000000004,16.711930000000002,57.67269,16.38425,58.32805,17.03961
39.26,58.65574,17.694969999999998,58.32806,17.03961,58.98342,18.35033
39.28,59.966485000000006,19.333370000000002,59.6388,19.00569,60.29417,19.66105
39.3,61.27722,20.971775,60.94954,20.31641,61.6049,21.62714
39.32,61.60491,22.2825,61.60491,22.2825,61.60491,22.2825
39.34,60.949555000000004,23.26554,60.94956,22.93786,60.94955,23.59322
39.36,59.966505,23.593224999999997,60.29419,23.59322,59.63882,23.59323
39.38,59.6388,22.61018,59.63881,22.93786,59.63879,22.2825
39.4,59.638769999999994,20.971764999999998,59.63878,20.97177,59.63876,20.97176
39.42,59.638735,19.661025000000002,59.63874,19.66103,59.63873,19.66102
39.44,60.621755,19.005654999999997,60.29408,19.00566,60.94943,19.00565
39.46,61.277105,18.35029,60.94943,18.35029,61.60478,18.35029
39.48,62.26014,18.35028,62.26014,18.35028,62.26014,18.35028
39.5,63.243185,17.36723,62.91551,17.69491,63.57086,17.03955
39.52,59.96634,14.74578,62.9155,15.72882,57.01718,13.76274
39.54,53.74033,13.43504,53.74034,13.76272,53.74032,13.10736
39.56,52.429590000000005,13.10735,53.08496,13.10735,51.77422,13.10735
39.58,49.48044,11.796625,50.46349,11.79663,48.49739,11.79662
39.6,44.892885,11.79662,45.87593,11.79662,43.90984,11.79662
39.62,40.30533,11.796615,41.28838,11.79662,39.32228,11.79661
39.64,37.028504999999996,11.14124,38.01155,11.14124,36.04546,11.14124
39.66,34.07935500000001,10.485875,34.73472,10.48588,33.42399,10.48587
39.68,32.113254999999995,10.48587,32.76862,10.48587,31.45789,10.48587
39.7,31.130195,9.830505,31.45788,9.83051,30.80251,9.8305
39.72,29.819465,9.17514,30.14715,9.17514,29.49178,9.17514
39.74,28.837685,8.847445,28.83896,9.17513,28.83641,8.51976
39.76,27.197995,8.519765,27.52568,8.51977,26.87031,8.51976
39.78,26.214935,7.86439,26.8703,7.86439,25.55957,7.86439
39.8,24.576520000000002,7.536695,24.90421,7.86438,24.24883,7.20901
39.82,22.610405,5.89829,24.24883,6.55365,20.97198,5.24293
39.84,0.3278850000000002,4.587575,5.24315,3.93221,-4.58738,5.24294
39.86,-2.9489549999999998,5.242915,-3.27663,5.24292,-2.62128,5.24291
39.88,-3.276655,4.915215,-3.27665,5.2429,-3.27666,4.58753
39.9,-2.62132,4.587505,-2.62131,4.58751,-2.62133,4.5875
39.92,-1.9659900000000001,4.2597949999999996,-1.96598,3.93212,-1.966,4.58747
39.94,-0.32759999999999795,4.58746,-0.65528,4.58746,8.0000000004077e-05,4.58746
39.96,1.966175,4.915125,1.31082,4.58745,2.62153,5.2428
