t_s,x,y,x_left,y_left,x_right,y_right
0.0,0.0,0.0,0.21160015208649455,0.5035544818546763,0.20477379227753795,0.5000047410105808
0.02,-0.9830300000000001,-1.638395,0.20477433064939174,0.4893703180095767,0.20136090528708714,0.47857679003938747
0.04,-0.983034999999995,-1.96608,0.20477433064939174,0.4822782360870269,0.2013608532097699,0.4785766810506385
0.06,-0.32767,-1.310719999999995,0.20477433064939174,0.4822782360870269,0.20818678342262334,0.4928620543572668
0.08,0.6553749999999996,5.051514762044462e-15,0.21160025624105866,0.4964623999321267,0.21159972249039147,0.5071474276638949
0.1,1.6384050000000001,1.6384,0.21501314092096901,0.5177386456997761,0.21842554854861038,0.521432800970523
0.12,2.293775,3.276795,0.21842612975544354,0.5319228095448757,0.2218385396936958,0.5428607519417163
0.14,3.276805,3.93215,0.22525195119254635,0.5461068651733932,0.2252514266841466,0.5428607519417163
0.16,5.5706,7.8643149999999995,0.23207787678421327,0.5744751928635926,0.24231643448689105,0.6000023541569781
0.18,7.20904,10.48575,0.24572998835395743,0.6099356024763417,0.24572942563197647,0.6214303051281713
0.2,8.847439999999999,13.434875,0.25255580979106024,0.6383040383831231,0.25596829491259815,0.6571437383947418
0.22,10.813514999999999,17.03934,0.26279462006263754,0.673764231562708,0.26620706003858513,0.6999997493258773
0.24,12.779595,20.643815,0.27303343033421484,0.716316723098007,0.27644587724188946,0.7357130736036989
0.26,13.762635,23.59294,0.27644636709140724,0.7517771327107561,0.28327175537742566,0.7642839292057043
0.28,14.74568,25.55901,0.2832722406057921,0.7730532702618235,0.28668474652251114,0.7857118801768974
0.3,16.384079999999997,27.85277,0.2935110508773694,0.8014215979520227,0.29351062465804734,0.8071399401368398
0.32,16.71304,29.16349,0.2935243826615772,0.8156057617971224,0.2969235637258154,0.821425313443468
0.34,17.694815,30.80189,0.3003370285463184,0.8297899256422221,0.30033655487090083,0.8428533734034102
0.36,18.677855,33.09565,0.30374996530351084,0.8581582533324215,0.3071624330064371,0.8642814333633525
0.38,19.005535000000002,34.73405,0.3071629020607033,0.879434499100071,0.3071624330064371,0.8785668066699808
0.4,19.660895,35.389405,0.3105758388178957,0.879434390883489,0.3105753720742052,0.8928521799766089
0.42,20.31626,36.70013,0.31398877557508814,0.8936186629451706,0.31398836321929063,0.9071375532832372
0.44,19.988565,37.355495000000005,0.3105757346633316,0.9007107448677204,0.3139883111419733,0.9142803489253002
0.46,20.31626,39.97694,0.31398877557508814,0.9290791807745017,0.31398836321929063,0.9428510955385564
0.48,21.29931,41.943020000000004,0.31740176440956264,0.9503554265421512,0.3208142934321441,0.9642791554984987
0.5,22.282355,43.909105,0.32422769000122953,0.9716316723098007,0.32422723249991225,0.9857073244471901
0.52,22.93772,45.219825,0.327640626758422,0.9929080262940323,0.3276402236449977,0.9928499021117552
0.54,22.93772,45.21983,0.327640626758422,0.9929080262940323,0.3276402236449977,0.9928500111005042
0.56,23.593085,45.219825,0.3310536155928965,0.9929080262940323,0.33105316271276575,0.9928499021117552
0.58,22.93772,45.5475,0.327640626758422,0.9929079180774502,0.3276402236449977,0.9999925887650694
0.6,23.593085,45.21982,0.3310536155928965,0.9929079180774502,0.33105316271276575,0.9928499021117552
0.62,23.59308,45.547495,0.33105356351561444,1.0,0.33105316271276575,0.9928497931230061
0.64,23.59308,45.219805,0.33105356351561444,0.9929078098608682,0.33105316271276575,0.9928496841342572
0.66,23.265405,44.89212,0.327640678835704,0.9858156197217363,0.33105316271276575,0.9928496841342572
0.68,23.593085,44.564435,0.3310536155928965,0.9858156197217363,0.33105316271276575,0.985706888492194
0.7,25.559215000000002,45.87514,0.33446655235008893,0.9999995671336718,0.34811837882477953,0.9999921528100733
0.72,29.163815,45.875105000000005,0.3617709837987055,0.9999991342673434,0.3583575084919878,0.9999918258438264
0.74,28.83612,45.87512,0.3583578908096669,0.9999993507005075,0.3583575084919878,0.9999919348325754
0.76,28.508435,45.8751,0.3583578908096669,0.9999991342673434,0.3549445173469023,0.9999917168550775
0.78,28.836109999999998,45.87509,0.3583578387323848,0.9999990260507614,0.35835745641467043,0.9999916078663285
0.8,28.836115,45.87508,0.3583578908096669,0.9999989178341793,0.35835745641467043,0.9999914988775794
0.82,29.16379,45.87507,0.3583578387323848,0.9999988096175974,0.36177039548243856,0.9999913898888304
0.84,26.87,45.87507,0.35153191314071786,0.9999988096175974,0.34470543975701146,0.9999913898888304
0.86,26.54231,45.875065,0.3447058833944868,0.9999987014010152,0.3481184309020968,0.9999913898888304
0.88,26.214635,45.875065,0.3447059354717689,0.9999988096175974,0.34470549183432875,0.9999912809000814
0.9,25.559275,45.875055,0.34129299871457647,0.9999987014010152,0.3412925527665607,0.9999911719113324
0.92,25.559275,45.87505,0.34129299871457647,0.9999985931844331,0.3412925527665607,0.9999911719113324
0.94,25.559285,45.87504,0.3412930507918585,0.999998484967851,0.3412926048438779,0.9999910629225834
0.96,25.559285,45.87503,0.3412930507918585,0.9999983767512689,0.3412926048438779,0.9999909539338345
0.98,25.559285,45.875015000000005,0.3412930507918585,0.9999982685346868,0.3412926048438779,0.9999907359563367
1.0,25.886965,45.875005,0.34470598754905096,0.9999980521015227,0.3412926048438779,0.9999907359563367
1.02,25.886965,45.875,0.3412930507918585,0.9999980521015227,0.34470554391164604,0.9999906269675877
1.04,26.21465,45.874984999999995,0.34470598754905096,0.9999979438849407,0.3447055959889634,0.9999904089900896
1.06,24.24854,45.87498,0.3378801140346661,0.9999978356683586,0.331053527253987,0.9999904089900896
1.08,23.92084,45.874984999999995,0.33105392805658884,0.9999979438849407,0.3344665704763897,0.9999904089900896
1.1,24.248530000000002,45.874975,0.33446696896834543,0.9999978356683586,0.3344665704763897,0.9999903000013406
1.12,23.920859999999998,45.87497,0.3344670210456275,0.9999977274517766,0.33105368348593894,0.9999903000013406
1.14,24.248535,45.87496,0.3344670210456275,0.9999976192351945,0.3344665704763897,0.9999901910125916
1.16,24.248535,45.874955,0.3344670210456275,0.9999975110186123,0.3344665704763897,0.9999901910125916
1.18,23.920855,45.874945,0.3344670210456275,0.9999974028020303,0.33105363140862165,0.9999900820238425
1.2,23.593179999999997,45.87494,0.331054084288435,0.9999974028020303,0.33105368348593894,0.9999899730350937
1.22,23.593175,45.87494,0.331054084288435,0.9999974028020303,0.33105363140862165,0.9999899730350937
1.24,23.593175,45.874935,0.331054084288435,0.9999972945854482,0.33105363140862165,0.9999899730350937
1.26,23.59317,45.547245000000004,0.331054032211153,0.9999971863688663,0.33105363140862165,0.9928471773930305
1.28,23.59317,45.21956,0.331054032211153,0.9929051044463164,0.33105363140862165,0.9928470684042817
1.3,22.93781,45.21956,0.32764109545396053,0.9929051044463164,0.3276406923408535,0.9928470684042817
1.32,23.593175,45.21955,0.331054084288435,0.9929049962297343,0.33105363140862165,0.9928469594155327
1.34,23.265495,45.21956,0.331054084288435,0.9929051044463164,0.3276406923408535,0.9928470684042817
1.36,22.937820000000002,45.21956,0.3276411475312426,0.9929051044463164,0.3276407444181708,0.9928470684042817
1.38,22.937820000000002,44.56419,0.3276411475312426,0.9858129143071845,0.3276407444181708,0.9857042727622186
1.4,22.937825,44.56419,0.32764119960852467,0.9858129143071845,0.3276407444181708,0.9857042727622186
1.42,22.610149999999997,44.56419,0.3242282628513322,0.9858129143071845,0.32764079649548816,0.9857042727622186
1.44,22.282465000000002,44.56419,0.3242282107740502,0.9858129143071845,0.32422785742772003,0.9857042727622186
1.46,22.28247,44.236505,0.3242282628513322,0.9858129143071845,0.32422785742772003,0.9785614771201554
1.48,22.937829999999998,43.90882,0.32764119960852467,0.9787207241680527,0.32764079649548816,0.9785614771201554
1.5,22.610145,43.58114,0.3242282628513322,0.9716286422455028,0.3276407444181708,0.9785614771201554
1.52,22.610135,43.25345,0.3276411475312426,0.9716285340289207,0.32422775327308545,0.9714186814780923
1.54,22.282455,43.253445,0.3242282107740502,0.9716285340289207,0.32422775327308545,0.9714185724893433
1.56,21.954774999999998,42.598085,0.3242282107740502,0.9645364521063708,0.3208148142053173,0.9642758858360293
1.58,21.95478,42.59808,0.3242282107740502,0.9645363438897887,0.32081486628263467,0.9642758858360293
1.6,21.627095,42.270395,0.3208152740168577,0.9645363438897887,0.3208148142053173,0.9571330901939662
1.62,21.627085,41.615030000000004,0.3208152219395757,0.9574441537506567,0.32081476212800003,0.9499904035406522
1.64,21.627085,41.28734,0.3208152219395757,0.950351963611525,0.32081476212800003,0.9499902945519032
1.66,22.93784,43.253415000000004,0.3208152219395757,0.950351963611525,0.3344668829402937,0.9928463054830388
1.68,36.372969999999995,45.87481,0.38224928134652686,0.9999962124196276,0.41296588758652775,0.9999883382038589
1.7,38.66678,45.87479999999999,0.40955329617688696,0.9999957795532993,0.4095529485187597,0.999988556181357
1.72,38.66679,45.87481,0.40955334825416906,0.9999959959864634,0.40955300059607697,0.999988556181357
1.74,38.339115,45.874804999999995,0.4095534003314511,0.9999958877698815,0.40614006152830884,0.999988556181357
1.76,38.011435,45.8748,0.40614046357425865,0.9999958877698815,0.40614006152830884,0.9999884471926079
1.78,37.356075,45.8748,0.40272752681706625,0.9999958877698815,0.40272712246054077,0.9999884471926079
1.8,37.683755,45.8748,0.40614046357425865,0.9999958877698815,0.40272712246054077,0.9999884471926079
1.82,37.35608,45.8748,0.40272752681706625,0.9999958877698815,0.40272717453785806,0.9999884471926079
1.84,37.35608,45.8748,0.40272752681706625,0.9999958877698815,0.40272717453785806,0.9999884471926079
1.86,37.028395,45.874795,0.3993145900598738,0.9999958877698815,0.40272712246054077,0.9999883382038589
1.88,37.028395,45.8748,0.40272752681706625,0.9999958877698815,0.39931418339277264,0.9999884471926079
1.9,36.700715,45.8748,0.3993145900598738,0.9999958877698815,0.39931418339277264,0.9999884471926079
1.92,36.700715,45.874795,0.3993145900598738,0.9999957795532993,0.39931418339277264,0.9999884471926079
1.94,36.70071,45.8748,0.3993145379825917,0.9999958877698815,0.39931418339277264,0.9999884471926079
1.96,37.683765,45.874804999999995,0.3993145900598738,0.9999958877698815,0.40955310475071166,0.999988556181357
1.98,38.666845,45.874825,0.40955366071786137,0.9999962124196276,0.4095532609826636,0.999988665170106
2.0,38.33916,45.874845,0.4061406718833868,0.9999963206362095,0.4095532609826636,0.9999889921363528
2.02,38.011485,45.874855,0.4061407239606689,0.9999964288527916,0.40614032191489546,0.9999891011251018
2.04,38.011485,45.87485,0.4061407239606689,0.9999964288527916,0.40614032191489546,0.9999889921363528
2.06,38.339165,45.87485,0.4061407239606689,0.9999964288527916,0.4095532609826636,0.9999889921363528
2.08,38.66685,45.874849999999995,0.40955366071786137,0.9999963206362095,0.40955331305998083,0.9999891011251018
2.1,38.994535,45.87486,0.4095537127951434,0.9999965370693737,0.41296625212774896,0.9999891011251018
2.12,39.97758,45.87485,0.4163795863095283,0.9999964288527916,0.41637924327283443,0.9999889921363528
2.14,40.632935,45.874845,0.41979252306672077,0.9999963206362095,0.4197921302632852,0.9999889921363528
2.16,41.288295,45.874845,0.4232054598239132,0.9999963206362095,0.42320506933105334,0.9999889921363528
2.18,41.615975,45.87485,0.4232054598239132,0.9999964288527916,0.4266180083988214,0.9999889921363528
2.2,41.94364,45.87484,0.4266183445038236,0.9999963206362095,0.4266179042441868,0.9999888831476038
2.22,41.943635,45.874835000000004,0.4266182924265415,0.9999962124196276,0.4266179042441868,0.9999888831476038
2.24,42.598995,45.874835000000004,0.43003122918373393,0.9999962124196276,0.4300308433119549,0.9999888831476038
2.26,42.926680000000005,45.874835000000004,0.43003122918373393,0.9999963206362095,0.4334438344570403,0.999988774158855
2.28,58.655525,45.87481,0.48122585339172314,0.9999962124196276,0.5460723860129075,0.9999883382038589
2.3,67.17533499999999,45.874765,0.5597246486619185,0.9999953466869709,0.5563113073708464,0.9999882292151099
2.32,66.847645,45.874795,0.556311607750162,0.9999957795532993,0.5563113073708464,0.9999884471926079
2.34,66.519965,45.8748,0.556311607750162,0.9999958877698815,0.5528983683030783,0.9999884471926079
2.36,66.192275,45.8748,0.5528986189156875,0.9999958877698815,0.5528983162257609,0.9999884471926079
2.38,66.519955,45.874804999999995,0.5528986189156875,0.9999958877698815,0.5563112552935291,0.999988556181357
2.4,66.847635,45.8748,0.5563115556728798,0.9999958877698815,0.5563112552935291,0.9999884471926079
2.42,66.84763,45.8748,0.5563115035955978,0.9999958877698815,0.5563112552935291,0.9999884471926079
2.44,66.84763,45.874795,0.5563115556728798,0.9999957795532993,0.5563112032162117,0.9999884471926079
2.46,66.847625,45.87479,0.5563115035955978,0.9999957795532993,0.5563112032162117,0.9999883382038589
2.48,66.847615,45.874795,0.5563114515183157,0.9999957795532993,0.5563111511388945,0.9999884471926079
2.5,66.192265,45.87482,0.5528985668384054,0.9999961042030455,0.5528982641484438,0.999988665170106
2.52,66.192275,45.87483,0.5528986189156875,0.9999961042030455,0.5528983162257609,0.9999888831476038
2.54,65.53692,45.87484,0.549485682158495,0.9999963206362095,0.5494854292353102,0.9999888831476038
2.56,64.88155,45.87483,0.5460726933240205,0.9999962124196276,0.5460724380902249,0.999988774158855
2.58,64.881555,45.87482,0.5460727454013026,0.9999961042030455,0.5460724380902249,0.999988665170106
2.6,64.88155,45.87482,0.5460727454013026,0.9999961042030455,0.5460723860129075,0.999988665170106
2.62,64.881545,45.87481,0.5460726933240205,0.9999959959864634,0.5460723860129075,0.999988556181357
2.64,64.226185,45.874815,0.5426597565668281,0.9999959959864634,0.5426594469451395,0.999988665170106
2.66,65.536925,45.874815,0.5392468198096356,0.9999959959864634,0.5597243505932492,0.999988665170106
2.68,77.00601,45.87482,0.6075068048082538,0.9999962124196276,0.6109201551612423,0.999988556181357
2.7,76.35070999999999,45.874815,0.6075074818129206,0.9999959959864634,0.6040942249483888,0.999988665170106
2.72,76.02303,45.87483,0.6040944929784461,0.9999962124196276,0.6040942770257061,0.999988774158855
2.74,75.36767,45.874825,0.6006816082985358,0.9999962124196276,0.6006812858806208,0.999988665170106
2.76,75.367665,45.874825,0.6006815562212536,0.9999962124196276,0.6006812858806208,0.999988665170106
2.78,75.367665,45.87482,0.6006815562212536,0.9999961042030455,0.6006812858806208,0.999988665170106
2.8,75.367655,45.87481,0.6006815041439716,0.9999959959864634,0.6006812338033034,0.999988556181357
2.82,75.36765,45.8748,0.6006814520666895,0.9999958877698815,0.6006812338033034,0.9999884471926079
2.84,76.02301,45.8748,0.604094440901164,0.9999958877698815,0.6040941207937541,0.9999884471926079
2.86,76.35068,45.87479,0.604094388823882,0.9999957795532993,0.607507007784205,0.9999883382038589
2.88,76.678365,45.87478,0.6075073255810745,0.9999956713367172,0.6075070598615223,0.9999882292151099
2.9,76.678355,45.874765,0.6075072735037923,0.999995563120135,0.607507007784205,0.999988011237612
2.92,76.678355,45.87476,0.6075072735037923,0.999995454903553,0.607507007784205,0.999988011237612
2.94,76.67835,45.874755,0.6075072214265103,0.999995454903553,0.607507007784205,0.999987902248863
2.96,77.006025,45.87475,0.6075072214265103,0.9999953466869709,0.6109198947746557,0.999987902248863
2.98,77.333705,45.874745000000004,0.6109201581837027,0.9999953466869709,0.6109198947746557,0.9999877932601141
3.0,77.333705,45.87474,0.6109201581837027,0.999995238470389,0.6109198947746557,0.9999877932601141
3.02,77.661385,45.87474,0.6109201581837027,0.999995238470389,0.6143328338424239,0.9999877932601141
3.04,77.66137499999999,45.87474,0.614333042863613,0.999995238470389,0.6109198426973385,0.9999877932601141
3.06,77.989055,45.87474,0.614333042863613,0.999995238470389,0.6143327817651065,0.9999877932601141
3.08,77.989055,45.87473,0.614333042863613,0.9999951302538068,0.6143327817651065,0.9999876842713651
3.1,77.98906,45.87473,0.6143330949408952,0.9999951302538068,0.6143327817651065,0.9999876842713651
3.12,77.989055,45.87473,0.614333042863613,0.9999951302538068,0.6143327817651065,0.9999876842713651
3.14,78.316735,45.874735,0.614333042863613,0.9999951302538068,0.6177457208328746,0.9999877932601141
3.16,77.989055,45.87473,0.614333042863613,0.9999951302538068,0.6143327817651065,0.9999876842713651
3.18,77.989055,45.87473,0.614333042863613,0.9999951302538068,0.6143327817651065,0.9999876842713651
3.2,77.989055,45.87473,0.614333042863613,0.9999951302538068,0.6143327817651065,0.9999876842713651
3.22,78.644415,45.87473,0.6177459796208055,0.9999951302538068,0.6177457208328746,0.9999876842713651
3.24,78.31672499999999,45.87473,0.6177459796208055,0.9999951302538068,0.6143326776104718,0.9999876842713651
3.26,77.66134,45.874735,0.6109198977972924,0.9999951302538068,0.6143326255331545,0.9999877932601141
3.28,77.661345,45.874750000000006,0.6143328866317669,0.999995238470389,0.6109196864653864,0.999988011237612
3.3,77.661345,45.874755,0.6109199498745744,0.9999953466869709,0.6143326255331545,0.999988011237612
3.32,77.66135,45.874765,0.6143328866317669,0.999995454903553,0.6109197385427038,0.9999881202263609
3.34,77.66135,45.874775,0.6143328866317669,0.999995563120135,0.6109197385427038,0.9999882292151099
3.36,77.333675,45.874785,0.6109200019518566,0.9999956713367172,0.6109197385427038,0.9999883382038589
3.38,77.33367,45.87479,0.6109199498745744,0.9999957795532993,0.6109197385427038,0.9999883382038589
3.4,77.33367,45.874795,0.6109199498745744,0.9999957795532993,0.6109197385427038,0.9999884471926079
3.42,77.661345,45.87479,0.6109199498745744,0.9999957795532993,0.6143326255331545,0.9999883382038589
3.44,77.989025,45.87479,0.6143328866317669,0.9999957795532993,0.6143326255331545,0.9999883382038589
3.46,77.988975,45.87481,0.6143326262453566,0.9999958877698815,0.614332365146568,0.999988665170106
3.48,77.988985,45.874835000000004,0.6143326783226386,0.9999962124196276,0.6143324172238853,0.9999888831476038
3.5,77.988985,45.87484,0.6143326783226386,0.9999963206362095,0.6143324172238853,0.9999888831476038
3.52,77.988985,45.874840000000006,0.6143326783226386,0.9999962124196276,0.6143324172238853,0.9999889921363528
3.54,77.988985,45.87485,0.6143326783226386,0.9999964288527916,0.6143324172238853,0.9999889921363528
3.56,77.988985,45.87485,0.6143326783226386,0.9999964288527916,0.6143324172238853,0.9999889921363528
3.58,77.988985,45.87485,0.6143326783226386,0.9999964288527916,0.6143324172238853,0.9999889921363528
3.6,78.644345,45.87485,0.6177456150798311,0.9999964288527916,0.6177453562916535,0.9999889921363528
3.62,79.299695,45.87484,0.6211584997597415,0.9999963206362095,0.6211582432821042,0.9999888831476038
3.64,79.29969,45.87483,0.6211584997597415,0.9999962124196276,0.6211581912047869,0.999988774158855
3.66,79.627355,45.87482,0.6211583956051773,0.9999961042030455,0.6245710781952377,0.999988665170106
3.68,80.93816,45.874845,0.6279844774286905,0.9999962124196276,0.6313976333358989,0.9999891011251018
3.7,80.282835,45.874845,0.627984946124229,0.9999963206362095,0.6245716510457282,0.9999889921363528
3.72,80.282825,45.874855,0.6279848419696649,0.9999965370693737,0.6245716510457282,0.9999889921363528
3.74,80.282825,45.87485,0.6245719052124724,0.9999964288527916,0.6279845901134964,0.9999889921363528
3.76,80.282825,45.87484,0.6279848419696649,0.9999963206362095,0.6245716510457282,0.9999888831476038
3.78,80.282825,45.874845,0.6279848419696649,0.9999964288527916,0.6245716510457282,0.9999888831476038
3.8,80.28283,45.874835000000004,0.6245719052124724,0.9999962124196276,0.6279846421908136,0.9999888831476038
3.82,80.610505,45.87484,0.6279848419696649,0.9999963206362095,0.6279845901134964,0.9999888831476038
3.84,80.610505,45.87484,0.6279848419696649,0.9999963206362095,0.6279845901134964,0.9999888831476038
3.86,80.610505,45.87484,0.6279848419696649,0.9999963206362095,0.6279845901134964,0.9999888831476038
3.88,80.28282,45.87484,0.6279847898923828,0.9999963206362095,0.6245716510457282,0.9999888831476038
3.9,80.282815,45.874835000000004,0.6245718531351904,0.9999963206362095,0.627984538036179,0.999988774158855
3.92,79.955135,45.87483,0.6245718531351904,0.9999962124196276,0.6245715989684109,0.999988774158855
3.94,79.627455,45.874835000000004,0.6211589163779979,0.9999962124196276,0.6245715989684109,0.9999888831476038
3.96,79.627455,45.87483,0.6211589163779979,0.9999962124196276,0.6245715989684109,0.999988774158855
3.98,79.627455,45.874825,0.6245718531351904,0.9999961042030455,0.6211586599006428,0.999988774158855
4.0,79.627455,45.87483,0.6211589163779979,0.9999962124196276,0.6245715989684109,0.999988774158855
4.02,79.955135,45.87483,0.6245718531351904,0.9999962124196276,0.6245715989684109,0.999988774158855
4.04,79.299775,45.87483,0.6211589163779979,0.9999962124196276,0.6211586599006428,0.999988774158855
4.06,79.299775,45.87483,0.6211589163779979,0.9999962124196276,0.6211586599006428,0.999988774158855
4.08,79.299775,45.87483,0.6211589163779979,0.9999962124196276,0.6211586599006428,0.999988774158855
4.1,79.299775,45.87483,0.6211589163779979,0.9999962124196276,0.6211586599006428,0.999988774158855
4.12,79.299775,45.87483,0.6211589163779979,0.9999962124196276,0.6211586599006428,0.999988774158855
4.14,79.29977,45.87482,0.6211588643007159,0.9999961042030455,0.6211586599006428,0.999988665170106
4.16,79.29977,45.87482,0.6211588643007159,0.9999961042030455,0.6211586599006428,0.999988665170106
4.18,79.299765,45.87482,0.6211588643007159,0.9999961042030455,0.6211586078233254,0.999988665170106
4.2,79.299775,45.87482,0.6211589163779979,0.9999961042030455,0.6211586599006428,0.999988665170106
4.22,79.299775,45.87482,0.6211589163779979,0.9999961042030455,0.6211586599006428,0.999988665170106
4.24,79.299775,45.874815,0.6211589163779979,0.9999959959864634,0.6211586599006428,0.999988665170106
4.26,78.97209,45.87482,0.6211588643007159,0.9999961042030455,0.6177457208328746,0.999988665170106
4.28,79.29977,45.87482,0.6211588643007159,0.9999961042030455,0.6211586599006428,0.999988665170106
4.3,79.299775,45.874825,0.6211589163779979,0.9999961042030455,0.6211586599006428,0.999988774158855
4.32,78.9721,45.87484,0.6211589163779979,0.9999963206362095,0.617745772910192,0.9999888831476038
4.34,78.972095,45.87485,0.6177459796208055,0.9999964288527916,0.6211586599006428,0.9999889921363528
4.36,79.627455,45.87485,0.6211589163779979,0.9999964288527916,0.6245715989684109,0.9999889921363528
4.38,79.95513,45.87485,0.6245718531351904,0.9999964288527916,0.6245715468910935,0.9999889921363528
4.4,79.955125,45.87485,0.6245718010579083,0.9999964288527916,0.6245715468910935,0.9999889921363528
4.42,80.2828,45.874845,0.6279846857378186,0.9999963206362095,0.6245715468910935,0.9999889921363528
4.44,80.282795,45.874845,0.6279846857378186,0.9999964288527916,0.6245714948137762,0.9999888831476038
4.46,80.282795,45.87485,0.6279846857378186,0.9999964288527916,0.6245714948137762,0.9999889921363528
4.48,79.95512,45.874845,0.6245717489806263,0.9999964288527916,0.6245715468910935,0.9999888831476038
4.5,79.95512,45.874845,0.6245718010579083,0.9999963206362095,0.6245714948137762,0.9999889921363528
4.52,79.955125,45.87484,0.6245718010579083,0.9999963206362095,0.6245715468910935,0.9999888831476038
4.54,80.282805,45.87484,0.6279847378151008,0.9999963206362095,0.6245715468910935,0.9999888831476038
4.56,80.61048,45.87484,0.6279846857378186,0.9999963206362095,0.6279844859588617,0.9999888831476038
4.58,80.610475,45.87483,0.6279846857378186,0.9999962124196276,0.6279844338815443,0.999988774158855
4.6,80.610475,45.87483,0.6279846857378186,0.9999962124196276,0.6279844338815443,0.999988774158855
4.62,80.938155,45.87482,0.6279846857378186,0.9999961042030455,0.6313973729493124,0.999988665170106
4.64,80.938155,45.87482,0.6279846857378186,0.9999961042030455,0.6313973729493124,0.999988665170106
4.66,81.265835,45.87481,0.6313976224950111,0.9999959959864634,0.6313973729493124,0.999988556181357
4.68,80.938145,45.87481,0.6313975704177291,0.9999959959864634,0.627984381804227,0.999988556181357
4.7,81.265825,45.87481,0.6313975704177291,0.9999959959864634,0.6313973208719951,0.999988556181357
4.72,81.265815,45.8748,0.631397518340447,0.9999958877698815,0.6313972687946777,0.9999884471926079
4.74,81.265815,45.87479,0.631397518340447,0.9999957795532993,0.6313972687946777,0.9999883382038589
4.76,81.26581,45.874785,0.631397466263165,0.9999957795532993,0.6313972687946777,0.9999882292151099
4.78,81.59349,45.87477,0.6348104030203574,0.9999956713367172,0.6313972687946777,0.999988011237612
4.8,79.9551,45.87472,0.6245716448260621,0.9999950220372249,0.6245714427364589,0.9999875752826161
4.82,79.9551,45.874735,0.6245716448260621,0.9999951302538068,0.6245714427364589,0.9999877932601141
4.84,79.627425,45.87473,0.6245716969033442,0.9999951302538068,0.6211585036686907,0.9999876842713651
4.86,79.627425,45.87473,0.6211587601461518,0.9999951302538068,0.6245714427364589,0.9999876842713651
4.88,79.9551,45.87473,0.6245716448260621,0.9999951302538068,0.6245714427364589,0.9999876842713651
4.9,79.955095,45.87472,0.6245716448260621,0.9999950220372249,0.6245713906591416,0.9999875752826161
4.92,79.955095,45.87472,0.6245716448260621,0.9999950220372249,0.6245713906591416,0.9999875752826161
4.94,79.955095,45.87471,0.6245716448260621,0.9999949138206428,0.6245713906591416,0.999987466293867
4.96,79.62741,45.874705,0.6211586559915876,0.9999949138206428,0.6245713906591416,0.999987357305118
4.98,79.62741,45.87471,0.62457159274878,0.9999949138206428,0.6211584515913734,0.999987466293867
5.0,79.95509,45.87471,0.6245716448260621,0.9999949138206428,0.6245713385818242,0.999987466293867
5.02,79.95509,45.8747,0.62457159274878,0.9999948056040606,0.6245713906591416,0.999987357305118
5.04,79.955085,45.8747,0.62457159274878,0.9999948056040606,0.6245713385818242,0.999987357305118
5.06,79.955085,45.8747,0.62457159274878,0.9999948056040606,0.6245713385818242,0.999987357305118
5.08,79.955085,45.874695,0.62457159274878,0.9999946973874786,0.6245713385818242,0.999987357305118
5.1,80.61044,45.874685,0.6279845295059725,0.9999946973874786,0.627984225572275,0.9999871393276201
5.12,78.64431,45.874645,0.6177454588479849,0.9999941563045682,0.6177451479823841,0.9999868123613733
5.14,79.955035,45.874674999999996,0.6245713323623697,0.9999944809543143,0.6245710781952377,0.9999871393276201
5.16,80.28270499999999,45.87468,0.6245712802850878,0.9999945891708965,0.6279839651856884,0.9999871393276201
5.18,80.610375,45.87467,0.6279842170422801,0.9999944809543143,0.6279838610310537,0.9999870303388712
5.2,81.265725,45.874665,0.6313970496449085,0.9999943727377323,0.6313968000988219,0.9999870303388712
5.22,81.26572,45.87466,0.6313970496449085,0.9999943727377323,0.6313967480215046,0.9999869213501221
5.24,81.265715,45.87465,0.6313969975676264,0.9999942645211503,0.6313967480215046,0.9999868123613733
5.26,81.92107,45.874645,0.6348098822475368,0.9999942645211503,0.6348096870892727,0.9999867033726243
5.28,81.26571,45.87464,0.6313969454903443,0.9999941563045682,0.6313967480215046,0.9999867033726243
5.3,80.93803,45.87464,0.6279840087331519,0.9999941563045682,0.6313967480215046,0.9999867033726243
5.32,81.26571,45.87463,0.6313969975676264,0.9999940480879862,0.6313966959441872,0.9999865943838753
5.34,81.92107999999999,45.87465,0.6313969454903443,0.9999940480879862,0.6382227303116755,0.9999870303388712
5.36,83.55953,45.8747,0.6450490049828064,0.9999948056040606,0.6416358776887128,0.999987357305118
5.38,83.23184,45.874715,0.641636016148332,0.9999949138206428,0.6416358256113956,0.9999875752826161
5.4,82.904155,45.8747,0.641636016148332,0.9999948056040606,0.6382228344663101,0.999987357305118
5.42,82.576475,45.8747,0.6382230793911395,0.9999948056040606,0.6382228344663101,0.999987357305118
5.44,82.57647,45.874695,0.6382230793911395,0.9999948056040606,0.6382227823889928,0.999987248316369
5.46,82.57647,45.87469,0.6382230273138574,0.9999946973874786,0.6382228344663101,0.999987248316369
5.48,82.904145,45.874685,0.6416359640710498,0.9999945891708965,0.6382227823889928,0.999987248316369
5.5,82.904145,45.87527,0.6416359640710498,0.9999945891708965,0.6382227823889928,1.0
5.52,82.576465,45.87468,0.6382230273138574,0.9999945891708965,0.6382227823889928,0.9999871393276201
5.54,82.576465,45.87468,0.6382230273138574,0.9999945891708965,0.6382227823889928,0.9999871393276201
5.56,82.576575,45.874669999999995,0.6348104550976394,0.9999945891708965,0.6416365026165206,0.9999869213501221
5.58,82.248925,45.874669999999995,0.6382237563958063,0.9999943727377323,0.6348105724036671,0.9999871393276201
5.6,81.593565,45.87468,0.6348108196386139,0.9999945891708965,0.6313976333358989,0.9999871393276201
5.62,81.265885,45.874674999999996,0.6313978828814214,0.9999944809543143,0.6313976333358989,0.9999871393276201
5.64,80.938205,45.874674999999996,0.6313978828814214,0.9999945891708965,0.6279846942681309,0.9999870303388712
5.66,80.938205,45.87467,0.6313978828814214,0.9999944809543143,0.6279846942681309,0.9999870303388712
5.68,80.610525,45.874665,0.627984946124229,0.9999944809543143,0.6279846942681309,0.9999869213501221
5.7,80.610525,45.87466,0.627984946124229,0.9999943727377323,0.6279846942681309,0.9999869213501221
5.72,80.61052000000001,45.87466,0.627984894046947,0.9999943727377323,0.6279846942681309,0.9999869213501221
5.74,80.28284,45.87466,0.6245719572897546,0.9999943727377323,0.6279846942681309,0.9999869213501221
5.76,80.282835,45.874655000000004,0.6245719572897546,0.9999942645211503,0.6279846421908136,0.9999869213501221
5.78,80.610515,45.87465,0.627984894046947,0.9999942645211503,0.6279846421908136,0.9999868123613733
5.8,83.232065,45.87466,0.6313979349587036,0.9999943727377323,0.6518762572115367,0.9999869213501221
5.82,87.16437,45.87464,0.6621156156282049,0.9999940480879862,0.6621153348014276,0.9999868123613733
5.84,87.16436,45.87466,0.6621155114736408,0.9999943727377323,0.6621153348014276,0.9999869213501221
5.86,87.16436,45.87466,0.6621155114736408,0.9999943727377323,0.6621153348014276,0.9999869213501221
5.88,87.492035,45.87466,0.6621155114736408,0.9999943727377323,0.6655282217918784,0.9999869213501221
5.9,88.147395,45.87466,0.6655284482308332,0.9999943727377323,0.6689411608596465,0.9999869213501221
5.92,88.47507,45.87466,0.6689413849880256,0.9999943727377323,0.6689411087823292,0.9999869213501221
5.94,88.80274,45.87466,0.6689412808334615,0.9999943727377323,0.6723540478500973,0.9999869213501221
5.96,89.130415,45.874665,0.672354217590654,0.9999943727377323,0.67235399577278,0.9999870303388712
5.98,88.475055,45.874665,0.6689412808334615,0.9999943727377323,0.6689410567050118,0.9999870303388712
6.0,88.802735,45.874665,0.6689412808334615,0.9999943727377323,0.67235399577278,0.9999870303388712
6.02,89.13042,45.87466,0.672354217590654,0.9999943727377323,0.6723540478500973,0.9999869213501221
6.04,89.130415,45.87466,0.672354217590654,0.9999943727377323,0.67235399577278,0.9999869213501221
6.06,93.06263,45.87468,0.6825931320167953,0.9999944809543143,0.7030709160785489,0.999987248316369
6.08,94.70106,45.87468,0.7030711171009243,0.9999944809543143,0.6996579249334635,0.999987248316369
6.1,94.0457,45.87469,0.6996581282664498,0.9999946973874786,0.6962450379430126,0.999987248316369
6.12,93.718025,45.87469,0.6962452435865394,0.9999946973874786,0.6962450379430126,0.999987248316369
6.14,93.390345,45.87469,0.6928323068293472,0.9999946973874786,0.6962450379430126,0.999987248316369
6.16,93.718025,45.87469,0.6962452435865394,0.9999946973874786,0.6962450379430126,0.999987248316369
6.18,94.045705,45.87469,0.6962452435865394,0.9999946973874786,0.6996579770107808,0.999987248316369
6.2,94.045705,45.87469,0.699658180343732,0.9999946973874786,0.6962450379430126,0.999987248316369
6.22,93.71802,45.87469,0.6962452435865394,0.9999946973874786,0.6962449858656953,0.999987248316369
6.24,93.718015,45.87469,0.6962451915092575,0.9999946973874786,0.6962449858656953,0.999987248316369
6.26,94.0457,45.87469,0.6962451915092575,0.9999946973874786,0.6996579770107808,0.999987248316369
6.28,93.718025,45.87468,0.6962452435865394,0.9999945891708965,0.6962450379430126,0.9999871393276201
6.3,93.718025,45.87468,0.6962452435865394,0.9999945891708965,0.6962450379430126,0.9999871393276201
6.32,94.045705,45.87468,0.699658180343732,0.9999945891708965,0.6962450379430126,0.9999871393276201
6.34,93.718025,45.87468,0.6962452435865394,0.9999945891708965,0.6962450379430126,0.9999871393276201
6.36,93.71803,45.87468,0.6962452435865394,0.9999945891708965,0.69624509002033,0.9999871393276201
6.38,93.718025,45.87468,0.6962452435865394,0.9999945891708965,0.6962450379430126,0.9999871393276201
6.4,93.71802,45.874674999999996,0.6962451915092575,0.9999945891708965,0.6962450379430126,0.9999870303388712
6.42,93.39035,45.87467,0.6962452435865394,0.9999944809543143,0.6928321509525619,0.9999870303388712
6.44,93.062675,45.87467,0.6928323589066291,0.9999944809543143,0.6928321509525619,0.9999870303388712
6.46,93.062675,45.87467,0.6928323589066291,0.9999944809543143,0.6928321509525619,0.9999870303388712
6.48,93.062675,45.874674999999996,0.6928323589066291,0.9999944809543143,0.6928321509525619,0.9999871393276201
6.5,93.06267,45.874674999999996,0.6928323068293472,0.9999944809543143,0.6928321509525619,0.9999871393276201
6.52,93.062675,45.87467,0.6928323589066291,0.9999944809543143,0.6928321509525619,0.9999870303388712
6.54,92.407315,45.874674999999996,0.6894194221494367,0.9999945891708965,0.6894192118847937,0.9999870303388712
6.56,92.735,45.87467,0.6894194221494367,0.9999944809543143,0.6928322030298792,0.9999870303388712
6.58,93.06395,45.874665,0.6928456386135549,0.9999944809543143,0.6928321509525619,0.9999869213501221
6.6,93.062675,45.87466,0.6928323589066291,0.9999943727377323,0.6928321509525619,0.9999869213501221
6.62,93.718035,45.87465,0.6962452956638217,0.9999942645211503,0.69624509002033,0.9999868123613733
6.64,93.71803,45.87464,0.6962452435865394,0.9999941563045682,0.69624509002033,0.9999867033726243
6.66,96.994865,45.87465,0.7064841580126809,0.9999941563045682,0.7201359238812933,0.9999869213501221
6.68,97.97793,45.87464,0.7201361654278611,0.9999941563045682,0.7167229848135253,0.9999867033726243
6.7,97.65025,45.87465,0.7167231765933866,0.9999942645211503,0.7167230368908426,0.9999868123613733
6.72,96.994895,45.87465,0.7133102919134762,0.9999942645211503,0.7133100978230744,0.9999868123613733
6.74,96.99489,45.87464,0.7133102919134762,0.9999941563045682,0.7133100457457571,0.9999867033726243
6.76,96.667205,45.874625,0.7133102398361939,0.9999939398714042,0.709897106677989,0.9999865943838753
6.78,96.339525,45.87463,0.7098973030790017,0.9999940480879862,0.709897106677989,0.9999865943838753
6.8,96.339525,45.87462,0.7098973030790017,0.9999939398714042,0.709897106677989,0.9999864853951262
6.82,96.011845,45.87462,0.7098973030790017,0.9999939398714042,0.7064841676102209,0.9999864853951262
6.84,96.011845,45.87461,0.7064843663218091,0.999993831654822,0.709897106677989,0.9999863764063772
6.86,96.339525,45.874615,0.7098973030790017,0.999993831654822,0.709897106677989,0.9999864853951262
6.88,96.667205,45.87461,0.7098973030790017,0.999993831654822,0.7133100457457571,0.9999863764063772
6.9,96.667205,45.8746,0.7133102398361939,0.9999937234382399,0.709897106677989,0.9999862674176282
6.92,96.66720000000001,45.874605,0.7133102398361939,0.999993831654822,0.7098970546006717,0.9999862674176282
6.94,96.33952,45.8746,0.7098972510017195,0.9999937234382399,0.709897106677989,0.9999862674176282
6.96,96.339525,45.8746,0.7098973030790017,0.9999937234382399,0.709897106677989,0.9999862674176282
6.98,99.61635000000001,45.874605,0.7235491021850533,0.9999937234382399,0.7303749493938669,0.9999863764063772
7.0,99.61635,45.874605,0.72696214309681,0.9999937234382399,0.7269619061714641,0.9999863764063772
7.02,98.960985,45.874615,0.7235491542623355,0.999993831654822,0.723548967103696,0.9999864853951262
7.04,98.63330500000001,45.87461,0.7235491542623355,0.999993831654822,0.720136028035928,0.9999863764063772
7.06,98.305625,45.874615,0.720136217505143,0.9999939398714042,0.720136028035928,0.9999863764063772
7.08,98.63330500000001,45.87462,0.720136217505143,0.9999939398714042,0.723548967103696,0.9999864853951262
7.1,98.960985,45.87462,0.7235491542623355,0.9999939398714042,0.723548967103696,0.9999864853951262
7.12,99.61635,45.87462,0.7269620910195279,0.9999939398714042,0.7269619582487814,0.9999864853951262
7.14,97.97793999999999,45.87462,0.7269620910195279,0.9999939398714042,0.7098971587553063,0.9999864853951262
7.16,78.31685999999999,45.874615,0.6279859355925882,0.999993831654822,0.6040941207937541,0.9999864853951262
7.18,77.333725,45.874635,0.6075072735037923,0.9999939398714042,0.6143329900743759,0.9999868123613733
7.2,78.644455,45.87466,0.6177461879299337,0.9999943727377323,0.6177459291421439,0.9999869213501221
7.22,78.316775,45.874665,0.6177461879299337,0.9999943727377323,0.6143329900743759,0.9999870303388712
7.24,78.644455,45.874674999999996,0.6177461879299337,0.9999944809543143,0.6177459291421439,0.9999871393276201
7.26,78.644455,45.874674999999996,0.6177461879299337,0.9999945891708965,0.6177459291421439,0.9999870303388712
7.28,78.972135,45.87467,0.6211591246871262,0.9999944809543143,0.6177459291421439,0.9999870303388712
7.3,78.972135,45.87467,0.6211591246871262,0.9999944809543143,0.6177459291421439,0.9999870303388712
7.32,79.299815,45.87467,0.6211591246871262,0.9999944809543143,0.621158868209912,0.9999870303388712
7.34,79.299815,45.87467,0.6211591246871262,0.9999944809543143,0.621158868209912,0.9999870303388712
7.36,79.29981000000001,45.87467,0.6211590726098442,0.9999944809543143,0.621158868209912,0.9999870303388712
7.38,79.955165,45.874665,0.6245720093670365,0.9999944809543143,0.6245717552003628,0.9999869213501221
7.4,80.610525,45.87466,0.627984946124229,0.9999943727377323,0.6279846942681309,0.9999869213501221
7.42,80.61052000000001,45.87465,0.627984894046947,0.9999942645211503,0.6279846942681309,0.9999868123613733
7.44,80.61052000000001,45.87465,0.627984894046947,0.9999942645211503,0.6279846942681309,0.9999868123613733
7.46,80.93819500000001,45.87465,0.627984894046947,0.9999942645211503,0.6313975812585816,0.9999868123613733
7.48,80.61052000000001,45.87465,0.627984894046947,0.9999942645211503,0.6279846942681309,0.9999868123613733
7.5,80.938205,45.87465,0.627984946124229,0.9999942645211503,0.6313976333358989,0.9999868123613733
7.52,80.610535,45.87465,0.6279849982015111,0.9999942645211503,0.6279847463454482,0.9999868123613733
7.54,81.2659,45.874655000000004,0.6313979349587036,0.9999942645211503,0.6313977374905336,0.9999869213501221
7.56,81.2659,45.874655000000004,0.6313979349587036,0.9999942645211503,0.6313977374905336,0.9999869213501221
7.58,80.938225,45.874660000000006,0.6313979870359856,0.9999942645211503,0.6279847984227656,0.9999870303388712
7.6,80.61055,45.874665,0.6279850502787931,0.9999943727377323,0.6279848505000829,0.9999870303388712
7.62,80.610555,45.87466,0.6279851023560752,0.9999943727377323,0.6279848505000829,0.9999869213501221
7.64,80.61055,45.87466,0.6279850502787931,0.9999943727377323,0.6279848505000829,0.9999869213501221
7.66,80.61055,45.87466,0.6279850502787931,0.9999943727377323,0.6279848505000829,0.9999869213501221
7.68,80.938225,45.87466,0.6279850502787931,0.9999943727377323,0.6313977374905336,0.9999869213501221
7.7,80.938215,45.87466,0.6279849982015111,0.9999943727377323,0.6313976854132163,0.9999869213501221
7.72,80.610545,45.874665,0.6279850502787931,0.9999943727377323,0.6279847984227656,0.9999870303388712
7.74,80.61054,45.87467,0.6279849982015111,0.9999944809543143,0.6279847984227656,0.9999870303388712
7.76,80.610545,45.874665,0.6279850502787931,0.9999943727377323,0.6279847984227656,0.9999870303388712
7.78,80.61055,45.87468,0.6279850502787931,0.9999945891708965,0.6279848505000829,0.9999871393276201
7.8,80.61055,45.874665,0.6279850502787931,0.9999943727377323,0.6279848505000829,0.9999870303388712
7.82,80.282875,45.87467,0.6279851023560752,0.9999944809543143,0.6245719114323147,0.9999870303388712
7.84,79.955185,45.87467,0.6245721135216007,0.9999944809543143,0.6245718593549974,0.9999870303388712
7.86,79.955185,45.87467,0.6245721135216007,0.9999944809543143,0.6245718593549974,0.9999870303388712
7.88,79.955235,45.874660000000006,0.6245721655988827,0.9999944809543143,0.6245723280508533,0.9999868123613733
7.9,80.28294,45.87464,0.6279854668970496,0.9999940480879862,0.6245722238962186,0.9999868123613733
7.92,79.62758,45.874655000000004,0.6245724780625751,0.9999942645211503,0.6211593369057679,0.9999869213501221
7.94,79.29990000000001,45.874655000000004,0.6211595413053828,0.9999943727377323,0.6211593369057679,0.9999868123613733
7.96,78.64454,45.87465,0.6177466045481903,0.9999942645211503,0.6177463978379997,0.9999868123613733
7.98,78.972215,45.87465,0.6211595413053828,0.9999942645211503,0.6177463457606825,0.9999868123613733
8.0,79.299895,45.87464,0.6211595413053828,0.9999941563045682,0.6211592848284506,0.9999867033726243
8.02,79.299895,45.874645,0.6211595413053828,0.9999941563045682,0.6211592848284506,0.9999868123613733
8.04,83.559865,45.87465,0.6245725822171393,0.9999941563045682,0.6621158034972835,0.9999869213501221
8.06,94.37355,45.874635,0.7030720024147195,0.9999941563045682,0.6962458711800897,0.9999865943838753
8.08,93.718155,45.87466,0.6962458685139243,0.9999943727377323,0.696245767025455,0.9999869213501221
8.1,93.39047,45.874655000000004,0.6962459205912063,0.9999943727377323,0.6928327238030524,0.9999868123613733
8.12,93.06278,45.874645,0.6928329317567318,0.9999942645211503,0.692832671725735,0.9999867033726243
8.14,93.062765,45.874645,0.6928328276021676,0.9999942645211503,0.6928326196484177,0.9999867033726243
8.16,93.06275,45.87464,0.6928327755248856,0.9999941563045682,0.6928325154937831,0.9999867033726243
8.18,92.735065,45.87464,0.6894197866904112,0.9999941563045682,0.6928325154937831,0.9999867033726243
8.2,93.390415,45.87463,0.6928326713703216,0.9999940480879862,0.6962454024842338,0.9999865943838753
8.22,94.045765,45.87463,0.6962455560502319,0.9999940480879862,0.6996582894746847,0.9999865943838753
8.24,94.045765,45.87463,0.6996584928074243,0.9999940480879862,0.6962453504069165,0.9999865943838753
8.26,93.71808,45.87463,0.6962455039729498,0.9999940480879862,0.6962453504069165,0.9999865943838753
8.28,93.71808,45.874635,0.6962455039729498,0.9999940480879862,0.6962453504069165,0.9999867033726243
8.3,93.3904,45.87463,0.6928325672157574,0.9999940480879862,0.6962453504069165,0.9999865943838753
8.32,93.718085,45.874635,0.6962455560502319,0.9999941563045682,0.6962453504069165,0.9999865943838753
8.34,93.718085,45.87464,0.6962455560502319,0.9999941563045682,0.6962453504069165,0.9999867033726243
8.36,93.718085,45.87463,0.6962455560502319,0.9999940480879862,0.6962453504069165,0.9999865943838753
8.38,93.718085,45.874635,0.6962455560502319,0.9999940480879862,0.6962453504069165,0.9999867033726243
8.4,93.390405,45.87464,0.6962455560502319,0.9999941563045682,0.6928324113391484,0.9999867033726243
8.42,92.735045,45.87464,0.689419682535847,0.9999941563045682,0.6928324113391484,0.9999867033726243
8.44,92.735045,45.87464,0.689419682535847,0.9999941563045682,0.6928324113391484,0.9999867033726243
8.46,100.59944,45.87466,0.6962455560502319,0.9999941563045682,0.7679178519898066,0.9999871393276201
8.48,126.814175,45.874665,0.85324257374052,0.9999945891708965,0.8839593426134419,0.9999868123613733
8.5,129.10795,45.874669999999995,0.8805463802617517,0.9999943727377323,0.8805462473137218,0.9999871393276201
8.52,130.41866499999998,45.874665,0.8873722016988547,0.9999944809543143,0.887372125449258,0.9999869213501221
8.54,130.41866,45.87466,0.8873722016988547,0.9999943727377323,0.8873720733719407,0.9999869213501221
8.56,130.41866,45.874655000000004,0.8873721496215725,0.9999943727377323,0.887372125449258,0.9999868123613733
8.58,130.418655,45.87465,0.8873721496215725,0.9999942645211503,0.8873720733719407,0.9999868123613733
8.6,130.09097500000001,45.87465,0.8873721496215725,0.9999942645211503,0.8839591343041727,0.9999868123613733
8.62,129.76329500000003,45.87465,0.8839592128643802,0.9999942645211503,0.8839591343041727,0.9999868123613733
8.64,129.435615,45.87465,0.8839592128643802,0.9999942645211503,0.8805461952364045,0.9999868123613733
8.66,129.10793,45.87465,0.8805462761071878,0.9999942645211503,0.8805461431590873,0.9999868123613733
8.68,128.78025000000002,45.874645,0.8771332872727133,0.9999941563045682,0.8805461952364045,0.9999868123613733
8.7,128.452565,45.874645,0.8771332872727133,0.9999942645211503,0.8771332040913191,0.9999867033726243
8.72,132.057085,45.874645,0.8839592128643802,0.9999941563045682,0.9078500202424532,0.9999868123613733
8.74,135.33393,45.874645,0.9146760602973686,0.9999941563045682,0.9112630113875387,0.9999868123613733
8.76,135.00624,45.87465,0.9112630193856118,0.9999942645211503,0.9112630113875387,0.9999868123613733
8.78,135.00624499999998,45.87465,0.9112630714628941,0.9999942645211503,0.9112630113875387,0.9999868123613733
8.8,134.678565,45.87465,0.9078501347057015,0.9999942645211503,0.9112630113875387,0.9999868123613733
8.82,134.678565,45.874655000000004,0.9112630714628941,0.9999942645211503,0.9078500723197706,0.9999869213501221
8.84,134.67856,45.87465,0.9112630193856118,0.9999942645211503,0.9078500723197706,0.9999868123613733
8.86,135.33391999999998,45.87465,0.9146759561428045,0.9999942645211503,0.9112630113875387,0.9999868123613733
8.88,135.006235,45.87466,0.9112630193856118,0.9999943727377323,0.9112629593102214,0.9999869213501221
8.9,135.006235,45.87465,0.9112630193856118,0.9999942645211503,0.9112629593102214,0.9999868123613733
8.92,135.00624,45.874655000000004,0.9112630193856118,0.9999943727377323,0.9112630113875387,0.9999868123613733
8.94,135.006235,45.87465,0.9078500826284196,0.9999942645211503,0.9146758983779895,0.9999868123613733
8.96,135.333915,45.87465,0.9112630193856118,0.9999942645211503,0.9146758983779895,0.9999868123613733
8.98,136.31694499999998,45.87465,0.9180888408227148,0.9999942645211503,0.9180887853684403,0.9999868123613733
9.0,136.97229499999997,45.874645,0.9215017255026252,0.9999941563045682,0.921501672358891,0.9999868123613733
9.02,136.972285,45.874645,0.9215016734253433,0.9999941563045682,0.9215016202815739,0.9999868123613733
9.04,136.644595,45.87464,0.9180886845908688,0.9999941563045682,0.9215015682042565,0.9999867033726243
9.06,136.97227500000002,45.874635,0.921501621348061,0.9999940480879862,0.9215015682042565,0.9999867033726243
9.08,136.97227,45.87463,0.9215015692707791,0.9999940480879862,0.9215015682042565,0.9999865943838753
9.1,136.31690500000002,45.874625,0.9180886325135865,0.9999940480879862,0.918088577059171,0.9999864853951262
9.12,136.31690500000002,45.874635,0.9180886325135865,0.9999940480879862,0.918088577059171,0.9999867033726243
9.14,135.006165,45.874645,0.9146755916018301,0.9999941563045682,0.907849655701232,0.9999868123613733
9.16,134.35081,45.874655000000004,0.9078497180874452,0.9999942645211503,0.9078497077785493,0.9999869213501221
9.18,134.02312999999998,45.87466,0.9078497180874452,0.9999943727377323,0.9044367687107813,0.9999869213501221
9.2,134.023135,45.87466,0.9044368334075348,0.9999943727377323,0.9078497077785493,0.9999869213501221
9.22,134.35082,45.87466,0.9078497701647271,0.9999943727377323,0.9078497598558667,0.9999869213501221
9.24,134.350815,45.87467,0.9078497701647271,0.9999944809543143,0.9078497077785493,0.9999870303388712
9.26,134.350815,45.874665,0.9078497701647271,0.9999944809543143,0.9078497077785493,0.9999869213501221
9.28,134.350815,45.87467,0.9078497701647271,0.9999944809543143,0.9078497077785493,0.9999870303388712
9.3,134.35081,45.874665,0.9078497180874452,0.9999943727377323,0.9078497077785493,0.9999870303388712
9.32,134.35081,45.87467,0.9078497180874452,0.9999944809543143,0.9078497077785493,0.9999870303388712
9.34,134.35080499999998,45.87467,0.9078497180874452,0.9999944809543143,0.907849655701232,0.9999870303388712
9.36,135.33386000000002,45.874665,0.9112627069219197,0.9999943727377323,0.914675637991403,0.9999870303388712
9.38,139.59378,45.874695,0.9351536808405233,0.9999948056040606,0.9351536890165502,0.999987248316369
9.4,139.26609000000002,45.874695,0.9317406920060488,0.9999946973874786,0.9351536369392328,0.999987357305118
9.42,138.93841500000002,45.874695,0.9317407440833307,0.9999948056040606,0.9317406978714647,0.999987248316369
9.44,138.93841,45.87469,0.9317406920060488,0.9999946973874786,0.9317406978714647,0.999987248316369
9.46,138.93841500000002,45.87527,0.9317407440833307,0.9999945891708965,0.9317406978714647,1.0
9.48,138.93841500000002,45.874685,0.9317407440833307,0.9999945891708965,0.9317406978714647,0.999987248316369
9.5,138.610745,45.87468,0.9317407961606129,0.9999945891708965,0.9283278108810139,0.9999871393276201
9.52,138.93843,45.87468,0.9317407961606129,0.9999945891708965,0.9317408020260994,0.9999871393276201
9.54,139.26612,45.87468,0.9317408482378948,0.9999945891708965,0.9351537931711847,0.9999871393276201
9.56,139.59380499999997,45.87468,0.9351538370723693,0.9999945891708965,0.9351537931711847,0.9999871393276201
9.58,139.59380499999997,45.874674999999996,0.9351538370723693,0.9999945891708965,0.9351537931711847,0.9999870303388712
9.6,139.59380499999997,45.87467,0.9351538370723693,0.9999944809543143,0.9351537931711847,0.9999870303388712
9.62,139.92149,45.874665,0.9351538370723693,0.9999943727377323,0.9385667843162702,0.9999870303388712
9.64,137.95539000000002,45.874665,0.9283279114807026,0.9999943727377323,0.9249148718132458,0.9999870303388712
9.66,137.9554,45.874665,0.9283279114807026,0.9999943727377323,0.9249149759678805,0.9999870303388712
9.68,137.300045,45.87467,0.9249150268007922,0.9999944809543143,0.9215020369001123,0.9999870303388712
9.7,137.627725,45.87467,0.9215020900435996,0.9999944809543143,0.9283279150356486,0.9999870303388712
9.72,138.61076,45.87466,0.9283279114807026,0.9999943727377323,0.9317408541034166,0.9999869213501221
9.74,139.266115,45.87465,0.9351537849950874,0.9999942645211503,0.9317408020260994,0.9999868123613733
9.76,138.93843500000003,45.87465,0.9317408482378948,0.9999942645211503,0.9317408020260994,0.9999868123613733
9.78,138.93843500000003,45.87464,0.9317408482378948,0.9999941563045682,0.9317408020260994,0.9999867033726243
9.8,138.610755,45.874635,0.9317408482378948,0.9999940480879862,0.9283278629583313,0.9999867033726243
9.82,138.93843500000003,45.874635,0.9317408482378948,0.9999941563045682,0.9317408020260994,0.9999865943838753
9.84,138.283075,45.874635,0.9317408482378948,0.9999940480879862,0.9249149238905632,0.9999867033726243
9.86,137.955395,45.87464,0.9283279114807026,0.9999941563045682,0.9249149238905632,0.9999867033726243
9.88,138.283075,45.874645,0.9283279114807026,0.9999941563045682,0.9283278629583313,0.9999868123613733
9.9,137.62771500000002,45.87465,0.9249149747235099,0.9999942645211503,0.9249149238905632,0.9999868123613733
9.92,137.62771500000002,45.874645,0.9249149747235099,0.9999941563045682,0.9249149238905632,0.9999868123613733
9.94,137.62771500000002,45.874655000000004,0.9249149747235099,0.9999942645211503,0.9249149238905632,0.9999869213501221
9.96,137.95539000000002,45.87465,0.9249149747235099,0.9999942645211503,0.9283278108810139,0.9999868123613733
9.98,137.955395,45.874645,0.9283279114807026,0.9999941563045682,0.9249149238905632,0.9999868123613733
10.0,138.283075,45.87465,0.9283279114807026,0.9999942645211503,0.9283278629583313,0.9999868123613733
10.02,138.28307,45.87465,0.9283278594034203,0.9999942645211503,0.9283278629583313,0.9999868123613733
10.04,138.28307,45.874655000000004,0.9283278594034203,0.9999942645211503,0.9283278629583313,0.9999869213501221
10.06,138.93843500000003,45.87465,0.9317408482378948,0.9999942645211503,0.9317408020260994,0.9999868123613733
10.08,138.93843500000003,45.874655000000004,0.9317408482378948,0.9999942645211503,0.9317408020260994,0.9999869213501221
10.1,138.93843500000003,45.87465,0.9317408482378948,0.9999942645211503,0.9317408020260994,0.9999868123613733
10.12,138.610755,45.87466,0.9283279114807026,0.9999943727377323,0.9317408020260994,0.9999869213501221
10.14,138.93843500000003,45.87466,0.9317408482378948,0.9999943727377323,0.9317408020260994,0.9999869213501221
10.16,138.93843500000003,45.874665,0.9317408482378948,0.9999943727377323,0.9317408020260994,0.9999870303388712
10.18,135.33392500000002,45.874665,0.924914922646228,0.9999943727377323,0.9010240900295998,0.9999870303388712
10.2,133.695505,45.874674999999996,0.9010241049594705,0.9999944809543143,0.9078500202424532,0.9999871393276201
10.22,134.02319,45.87468,0.9078500305511377,0.9999945891708965,0.9044370811746851,0.9999871393276201
10.24,133.69550500000003,45.87468,0.9044370937939451,0.9999945891708965,0.9044370290973679,0.9999871393276201
10.26,133.69551,45.87468,0.9044370937939451,0.9999945891708965,0.9044370811746851,0.9999871393276201
10.28,133.04015,45.87469,0.9010241570367528,0.9999946973874786,0.9010241421069172,0.999987248316369
10.3,133.36783000000003,45.87469,0.9044370937939451,0.9999946973874786,0.9010241421069172,0.999987248316369
10.32,133.04015,45.87469,0.9010241570367528,0.9999946973874786,0.9010241421069172,0.999987248316369
10.34,133.04015500000003,45.87469,0.9010242091140347,0.9999946973874786,0.9010241421069172,0.999987248316369
10.36,133.36783,45.87469,0.9010241570367528,0.9999946973874786,0.9044370811746851,0.999987248316369
10.38,133.695495,45.87469,0.9044370417166632,0.9999946973874786,0.9044369770200505,0.999987248316369
10.4,134.35085500000002,45.874685,0.9078499784738554,0.9999946973874786,0.9078499160878187,0.9999871393276201
10.42,134.678535,45.874685,0.9078499784738554,0.9999945891708965,0.9112628551555868,0.999987248316369
10.44,134.350845,45.874685,0.9078499263965735,0.9999946973874786,0.9078498640105014,0.9999871393276201
10.46,134.350845,45.874685,0.9078499263965735,0.9999945891708965,0.9078498640105014,0.999987248316369
10.48,134.350845,45.87468,0.9078499263965735,0.9999945891708965,0.9078498640105014,0.9999871393276201
10.5,134.023165,45.87468,0.9078499263965735,0.9999945891708965,0.9044369249427333,0.9999871393276201
10.52,134.35085,45.87468,0.9078499263965735,0.9999945891708965,0.9078499160878187,0.9999871393276201
10.54,134.678535,45.87468,0.9078499784738554,0.9999945891708965,0.9112628551555868,0.9999871393276201
10.56,137.95538,45.874674999999996,0.9249148705689458,0.9999945891708965,0.9283278108810139,0.9999870303388712
10.58,137.62769500000002,45.87468,0.9249148705689458,0.9999945891708965,0.9249148197359285,0.9999871393276201
10.6,137.30002000000002,45.87468,0.9249148705689458,0.9999945891708965,0.9215019327454778,0.9999871393276201
10.62,137.6277,45.87468,0.9249148705689458,0.9999945891708965,0.9249148718132458,0.9999871393276201
10.64,137.627705,45.87468,0.924914922646228,0.9999945891708965,0.9249148718132458,0.9999871393276201
10.66,137.300025,45.874674999999996,0.9215019858890354,0.9999945891708965,0.9249148718132458,0.9999870303388712
10.68,137.627705,45.87527,0.924914922646228,0.9999945891708965,0.9249148718132458,1.0
10.7,137.300025,45.874674999999996,0.924914922646228,0.9999944809543143,0.9215019327454778,0.9999871393276201
10.72,136.97234500000002,45.87468,0.9215019858890354,0.9999945891708965,0.9215019327454778,0.9999871393276201
10.74,137.627705,45.874674999999996,0.924914922646228,0.9999944809543143,0.9249148718132458,0.9999871393276201
10.76,136.97234500000002,45.87467,0.9215019858890354,0.9999944809543143,0.9215019327454778,0.9999870303388712
10.78,138.61077,45.874685,0.9215019858890354,0.9999944809543143,0.9385668884709049,0.999987357305118
10.8,140.57691,45.87472,0.9419800751277286,0.9999950220372249,0.9385670447028568,0.9999875752826161
10.82,139.92154,45.87473,0.9351540974587796,0.9999951302538068,0.9385670447028568,0.9999876842713651
10.84,139.59385500000002,45.87473,0.9351540974587796,0.9999951302538068,0.9351540535577714,0.9999876842713651
10.86,139.266175,45.87474,0.9351540974587796,0.999995238470389,0.9317411144900033,0.9999877932601141
10.88,138.938495,45.87474,0.9317411607015873,0.999995238470389,0.9317411144900033,0.9999877932601141
10.9,138.938495,45.87474,0.9317411607015873,0.999995238470389,0.9317411144900033,0.9999877932601141
10.92,138.28313,45.87475,0.9283281718671128,0.9999953466869709,0.9283281754222351,0.999987902248863
10.94,137.955445,45.87475,0.9249152351099202,0.9999953466869709,0.9283281233449178,0.999987902248863
10.96,137.955445,45.874745000000004,0.9283281718671128,0.9999953466869709,0.9249151842771497,0.9999877932601141
10.98,137.955435,45.87475,0.9249151830326383,0.9999953466869709,0.9283280712676005,0.999987902248863
11.0,135.98934,45.874745000000004,0.9249151830326383,0.9999953466869709,0.9078502806290399,0.9999877932601141
11.02,81.921535,45.874674999999996,0.7201372069735021,0.9999946973874786,0.5494871477867818,0.9999869213501221
11.04,31.457945000000002,45.874715,0.4300322707293752,0.9999949138206428,0.3139906025439353,0.9999875752826161
11.06,23.593525,45.87477,0.32422987724707614,0.999995454903553,0.337881488482216,0.9999882292151099
11.08,26.54263,45.874765,0.3447076019447949,0.999995563120135,0.34812004529893364,0.999988011237612
11.1,27.85334,45.874755,0.3515334233818977,0.999995454903553,0.35494587135715255,0.999987902248863
11.12,28.508685,45.87476,0.35494625598452595,0.999995454903553,0.35835875834760333,0.999988011237612
11.14,28.83636,45.87475,0.3583591927417184,0.9999953466869709,0.3583587062702861,0.999987902248863
11.16,29.491709999999998,45.874745000000004,0.36177207742162876,0.999995238470389,0.3617715932607369,0.999987902248863
11.18,29.491709999999998,45.874745000000004,0.3617720253443467,0.999995238470389,0.3617716453380541,0.999987902248863
11.2,30.14707,45.87475,0.3651849621015391,0.9999953466869709,0.36518458440582224,0.999987902248863
11.22,30.474755000000002,45.87475,0.3651850141788212,0.9999953466869709,0.36859752347359037,0.999987902248863
11.24,30.802435,45.874755,0.36859795093601366,0.9999953466869709,0.36859752347359037,0.999988011237612
11.26,30.802439999999997,45.874755,0.36859795093601366,0.9999953466869709,0.3685975755509077,0.999988011237612
11.28,30.14708,45.874765,0.36859800301329576,0.999995454903553,0.3617716453380541,0.9999881202263609
11.3,15.72898,45.874695,0.30033853878749817,0.9999948056040606,0.27985996201063856,0.999987248316369
11.32,16.056645,45.874714999999995,0.29009936397494646,0.9999948056040606,0.2935119265909803,0.9999876842713651
11.34,16.056655,45.87473,0.2900994681295106,0.9999951302538068,0.2935119265909803,0.9999876842713651
11.36,16.05666,45.87473,0.293512404886703,0.9999951302538068,0.29009903960052946,0.9999876842713651
11.38,16.05667,45.874735,0.29351245696398504,0.9999951302538068,0.2900990916778468,0.9999877932601141
11.4,15.72899,45.87474,0.29009952020679264,0.999995238470389,0.2900990916778468,0.9999877932601141
11.42,15.401315,45.87475,0.2900995722840747,0.9999953466869709,0.2866861526100787,0.999987902248863
11.44,15.401315,45.87475,0.2900995722840747,0.9999953466869709,0.2866861526100787,0.999987902248863
11.46,15.073625,45.874755,0.28668658344960024,0.9999953466869709,0.2866861005327614,0.999988011237612
11.48,15.073625,45.874755,0.28668658344960024,0.9999953466869709,0.2866861005327614,0.999988011237612
11.5,15.073625,45.87476,0.28668658344960024,0.999995454903553,0.2866861005327614,0.999988011237612
11.52,15.07362,45.87476,0.2866865313723182,0.999995454903553,0.2866861005327614,0.999988011237612
11.54,15.073625,45.87476,0.28668658344960024,0.999995454903553,0.2866861005327614,0.999988011237612
11.56,15.073625,45.87476,0.28668658344960024,0.999995454903553,0.2866861005327614,0.999988011237612
11.58,15.073625,45.874755,0.28668658344960024,0.9999953466869709,0.2866861005327614,0.999988011237612
11.6,15.073635,45.87476,0.2866866355268823,0.999995454903553,0.2866861526100787,0.999988011237612
11.62,15.728985000000002,45.874755,0.29009952020679264,0.999995454903553,0.29009903960052946,0.999987902248863
11.64,16.056665000000002,45.874755,0.29351245696398504,0.9999953466869709,0.29009903960052946,0.999988011237612
11.66,13.10752,45.874765,0.27644761694617676,0.999995454903553,0.2764471791748224,0.9999881202263609
11.68,13.762885,45.874775,0.2798606057806512,0.999995563120135,0.27986011824259055,0.9999882292151099
11.7,13.435205,45.874775,0.2798606057806512,0.9999956713367172,0.2764471791748224,0.9999881202263609
11.72,13.762885,45.87477,0.2798606057806512,0.999995563120135,0.27986011824259055,0.9999881202263609
11.74,13.762875,45.87477,0.27986055370336915,0.999995563120135,0.2798600661652732,0.9999881202263609
11.76,13.435195,45.87477,0.27644761694617676,0.999995563120135,0.2798600661652732,0.9999881202263609
11.78,13.10751,45.874775,0.2764475648688947,0.9999956713367172,0.2764471270975051,0.9999881202263609
11.8,13.435185,45.874765,0.2764475648688947,0.999995454903553,0.27986001408795586,0.9999881202263609
11.82,14.090535,45.87476,0.27986044954880507,0.999995454903553,0.28327290107840664,0.999988011237612
11.84,14.41821,45.87476,0.28327338630599747,0.999995454903553,0.28327284900108934,0.999988011237612
11.86,15.073565,45.87476,0.2866862709859079,0.999995454903553,0.28668578806885747,0.999988011237612
11.88,15.07356,45.87476,0.2866862189086258,0.999995454903553,0.28668578806885747,0.999988011237612
11.9,22.282595,45.87475,0.2935120924230107,0.9999953466869709,0.35494535058397936,0.999987902248863
11.92,34.40693,45.874715,0.38566268679925786,0.9999949138206428,0.38907526203483367,0.9999875752826161
11.94,34.40692,45.874735,0.3890755714791682,0.9999951302538068,0.3856622708897483,0.9999877932601141
11.96,34.734605,45.874735,0.3890756235564503,0.999995238470389,0.38907520995751643,0.9999876842713651
11.98,35.062285,45.87473,0.3890756235564503,0.9999951302538068,0.39248814902528445,0.9999876842713651
12.0,35.71764,45.874725,0.39248850823636067,0.9999951302538068,0.3959010880930526,0.9999875752826161
12.02,35.389965000000004,45.87472,0.39248856031364276,0.9999950220372249,0.39248814902528445,0.9999875752826161
12.04,35.717635,45.874715,0.3959014449935531,0.9999949138206428,0.3924880969479672,0.9999875752826161
12.06,36.045315,45.8747,0.3959014449935531,0.9999948056040606,0.39590103601573534,0.999987357305118
12.08,36.045315,45.87469,0.3959014449935531,0.9999946973874786,0.39590103601573534,0.999987248316369
12.1,36.70067,45.87468,0.3993143296734635,0.9999945891708965,0.39931397508350336,0.9999871393276201
12.12,36.700665,45.874665,0.3993143296734635,0.9999944809543143,0.3993139230061861,0.9999869213501221
12.14,37.028345,45.87466,0.3993143296734635,0.9999943727377323,0.4027268620739542,0.9999869213501221
12.16,37.356025,45.874655000000004,0.40272726643065593,0.9999943727377323,0.4027268620739542,0.9999868123613733
12.18,37.35602,45.874645,0.40272721435337383,0.9999942645211503,0.4027268620739542,0.9999867033726243
12.2,37.356015,45.87463,0.40272721435337383,0.9999940480879862,0.4027268099966369,0.9999865943838753
12.22,37.356015,45.874625,0.40272721435337383,0.9999940480879862,0.4027268099966369,0.9999864853951262
12.24,37.683695,45.874615,0.40272721435337383,0.9999939398714042,0.406139749064405,0.9999863764063772
12.26,-1.310224999999999,45.87461,0.40272721435337383,0.999993831654822,0.0,0.9999863764063772
12.28,38.011375,45.8746,0.4061401511105663,0.9999937234382399,0.406139749064405,0.9999862674176282
12.3,38.01137,45.874595,0.4061400990332842,0.9999937234382399,0.406139749064405,0.9999861584288792
12.32,38.01137,45.87459,0.4061400990332842,0.9999936152216579,0.406139749064405,0.9999861584288792
12.34,38.011375,45.874584999999996,0.4061401511105663,0.9999935070050757,0.406139749064405,0.9999861584288792
12.36,38.339055,45.87458,0.4061401511105663,0.9999935070050757,0.4095526881321731,0.9999860494401304
12.38,38.339055,45.87458,0.40955308786775874,0.9999935070050757,0.406139749064405,0.9999860494401304
12.4,38.011375,45.87458,0.4061401511105663,0.9999935070050757,0.406139749064405,0.9999860494401304
12.42,38.011375,45.87458,0.4061401511105663,0.9999935070050757,0.406139749064405,0.9999860494401304
12.44,38.339055,45.874575,0.4061401511105663,0.9999935070050757,0.4095526881321731,0.9999859404513813
12.46,38.011375,45.87457,0.4061401511105663,0.9999933987884936,0.406139749064405,0.9999859404513813
12.48,38.33906,45.87458,0.4061401511105663,0.9999935070050757,0.4095527402094904,0.9999860494401304
12.5,38.339065,45.874584999999996,0.40614020318784827,0.9999935070050757,0.4095527402094904,0.9999861584288792
12.52,38.994415000000004,45.874575,0.40955308786775874,0.9999935070050757,0.4129656271999412,0.9999859404513813
12.54,39.32209,45.87458,0.4129659725476691,0.9999935070050757,0.4129656271999412,0.9999860494401304
12.56,38.66673,45.87458,0.40955303579047664,0.9999935070050757,0.4095526881321731,0.9999860494401304
12.58,38.666725,45.87458,0.40955303579047664,0.9999935070050757,0.4095526360548558,0.9999860494401304
12.6,38.339045,45.874565000000004,0.40955303579047664,0.9999933987884936,0.4061396969870877,0.9999858314626324
12.62,38.666725,45.87457,0.40955303579047664,0.9999933987884936,0.4095526360548558,0.9999859404513813
12.64,38.339045,45.87456,0.40955303579047664,0.9999932905719117,0.4061396969870877,0.9999858314626324
12.66,39.322085,45.874565000000004,0.40955298371319465,0.9999932905719117,0.4163785662677093,0.9999859404513813
12.68,47.514215,45.87456,0.4505088497268885,0.9999933987884936,0.4607475032311371,0.9999857224738834
12.7,47.841895,45.874565000000004,0.4573348273958375,0.9999932905719117,0.4573344600087344,0.9999859404513813
12.72,47.841895,45.87457,0.4573348273958375,0.9999933987884936,0.4573344600087344,0.9999859404513813
12.74,47.841899999999995,45.874565000000004,0.4573348273958375,0.9999933987884936,0.4573345120860517,0.9999858314626324
12.76,47.841899999999995,45.87456,0.4573348273958375,0.9999932905719117,0.4573345120860517,0.9999858314626324
12.78,47.841895,45.87456,0.4573348273958375,0.9999932905719117,0.4573344600087344,0.9999858314626324
12.8,47.186525,45.87455,0.45392183856136303,0.9999931823553295,0.45392146886364904,0.9999857224738834
12.82,47.186525,45.874545,0.45392183856136303,0.9999931823553295,0.45392146886364904,0.9999856134851344
12.84,47.18652,45.874545,0.45392178648408094,0.9999931823553295,0.45392146886364904,0.9999856134851344
12.86,47.186525,45.87520000000001,0.45392183856136303,0.9999930741387476,0.45392146886364904,1.0
12.88,47.186525,45.87453,0.45392183856136303,0.9999929659221655,0.45392146886364904,0.9999855044963853
12.9,46.531165,45.87452,0.4505089018041706,0.9999928577055834,0.4505085297958809,0.9999853955076363
12.92,58.00012,45.21915,0.48463858183978725,0.9999928577055834,0.5358333084230166,0.9856998042235102
12.94,64.881525,43.908384999999996,0.5460726412467385,0.9787159626384415,0.5460722297809555,0.9785567906039493
12.96,64.55384,44.89144,0.542659600334982,0.9858082609941554,0.5460722818582728,0.9928422728993264
12.98,64.22616,45.87447,0.542659600334982,0.9999923166226731,0.5426593427905048,0.9999848505638916
13.0,64.881525,45.219105,0.5460725891694563,0.9929002347001232,0.5460722818582728,0.9928420549218284
13.02,64.55383499999999,45.2191,0.542659600334982,0.9929001264835411,0.5460722297809555,0.9928420549218284
13.04,64.55383,44.563735,0.5460725370921743,0.9858079363444093,0.5426592386358701,0.9856993682685143
13.06,64.226135,44.56374,0.5426594961804178,0.9858080445609914,0.5426591865585527,0.9856993682685143
13.08,64.226125,43.908375,0.5426594441031357,0.9787159626384415,0.5426591344812354,0.9785565726264512
13.1,63.898435000000006,43.58068,0.5426593920258537,0.9787157462052773,0.5392461433361501,0.9714137769843881
13.12,63.570745,43.25299,0.5392464031913792,0.9716235560661454,0.5392460912588327,0.9714136679956391
13.14,63.57073,43.25299,0.5392463511140971,0.9716235560661454,0.5392459871041981,0.9714136679956391
13.16,63.898405,42.59763,0.5392462990368151,0.9645314741435955,0.5426589261719662,0.9642709813423251
13.18,64.226075,42.9253,0.5426591837167255,0.9716234478495633,0.5426588740946489,0.9642708723535761
13.2,64.55374499999999,42.9253,0.5426591316394433,0.9645313659270135,0.5460717610850997,0.9714135590068902
13.22,64.553735,42.59762,0.5460720163193538,0.9645313659270135,0.5426587699400142,0.9642708723535761
13.24,64.226055,42.9253,0.5426590795621613,0.9645313659270135,0.5426587699400142,0.9714135590068902
13.26,64.22606,43.908345,0.5426590795621613,0.9787156379886952,0.5426588220173315,0.9785562456602043
13.28,64.22606,44.5637,0.5426590795621613,0.985807611694663,0.5426588220173315,0.9856989323135182
13.3,64.226065,43.908345,0.5426591316394433,0.9787155297721132,0.5426588220173315,0.9785563546489532
13.32,64.226055,43.580655,0.5426590795621613,0.9716234478495633,0.5426587699400142,0.9785561366714554
13.34,63.5707,43.58066,0.5392461428049689,0.9787155297721132,0.5392458829495634,0.9714135590068902
13.36,63.898375,43.252965,0.5392461428049689,0.9716232314163993,0.5426587699400142,0.9714134500181412
13.38,65.536805,42.269925,0.5392461428049689,0.9645311494938494,0.5597237777427586,0.9571280767115131
13.4,70.780035,40.303825,0.5767900094525474,0.9503470938653318,0.5767905561742919,0.9285567851545118
13.42,70.12474,39.320775,0.573377853854586,0.929070415231354,0.5733775129518892,0.9285570031320096
13.44,70.124735,40.63151,0.5733778017773039,0.9432547955096179,0.5733775129518892,0.9428424854273869
13.46,70.12472,40.95919,0.5733777497000219,0.9432547955096179,0.5733774087972546,0.949985172080701
13.48,70.124715,41.94223,0.5733776976227397,0.9574389593547176,0.5733774087972546,0.9571278587340151
13.5,70.12471,41.94223,0.5733776976227397,0.9574389593547176,0.5733773567199373,0.9571278587340151
13.52,70.124705,42.597595,0.5733776455454578,0.9645310412772673,0.5733773567199373,0.9642706543760782
13.54,70.1247,42.92528,0.5733775934681756,0.9645311494938494,0.5733773567199373,0.9714133410293924
13.56,69.469345,43.25296,0.5699647087882653,0.9716232314163993,0.5699644176521691,0.9714133410293924
13.58,69.141665,43.90833000000001,0.5665517720310729,0.9787153133389491,0.5699644176521691,0.9785562456602043
13.6,68.813985,45.21906,0.5665517720310729,0.985807611694663,0.566551478584401,0.9999843056201465
13.62,68.486305,45.874435,0.5665517720310729,0.9999918837563447,0.563138539516633,0.9999845235976446
13.64,67.830945,45.874455,0.559725898516688,0.999992100189509,0.563138539516633,0.9999847415751426
13.66,67.503265,45.874455,0.559725898516688,0.999992100189509,0.5597256004488648,0.9999847415751426
13.68,68.15862,45.546755000000005,0.5631388352738804,0.9999919919729269,0.5631384874393156,0.9928417279555815
13.7,68.813975,44.56371,0.5665517199537908,0.985807719911245,0.5665514265070837,0.9856990413022673
13.72,68.15862,44.891395,0.5631387831965984,0.985807719911245,0.563138539516633,0.9928418369443304
13.74,67.830935,44.891395,0.5631387831965984,0.992899910050377,0.5597255483715474,0.9856990413022673
13.76,68.158615,43.908355,0.5631387831965984,0.9787156379886952,0.5631384874393156,0.9785564636377022
13.78,67.830935,43.58067,0.5631387831965984,0.9787156379886952,0.5597255483715474,0.9714136679956391
13.8,67.50325000000001,42.59763,0.5597257943621239,0.9645314741435955,0.5597255483715474,0.9642709813423251
13.82,67.503245,41.94227,0.5597257943621239,0.9574393922210457,0.5597254962942303,0.9571282946890111
13.84,67.503235,40.959225,0.5597257422848418,0.9503472020819139,0.559725444216913,0.9428429213823828
13.86,68.158595,40.30386,0.5631386790420343,0.9361630382368142,0.563138383284681,0.9428428123936339
13.88,68.486265,39.320814999999996,0.5631386269647521,0.9290708480976825,0.5665512702751319,0.9285574390870057
13.9,68.15859,38.33777,0.5631386269647521,0.9219787661751326,0.563138383284681,0.9142719567916284
13.92,68.15859,37.027035,0.5631386790420343,0.900702412190901,0.5631383312073637,0.9071290521608163
13.94,68.486265,35.71631,0.5631386269647521,0.893610222051769,0.5665512702751319,0.8857009922008742
13.96,68.81395,35.060955,0.5665515637219446,0.8865181401292191,0.566551322352449,0.878558414536309
13.98,68.486255,34.733275,0.5665515116446626,0.8794261664232514,0.5631382791300463,0.87855830554756
14.0,68.486255,34.405595000000005,0.5665515116446626,0.8794261664232514,0.5631382791300463,0.8714156188942461
14.02,68.158565,33.750225,0.5631385228101881,0.8652418943615698,0.5631382270527291,0.8714155099054971
14.04,67.830885,34.077895,0.5631385228101881,0.8723338680675375,0.5597252879849609,0.8714154009167481
14.06,68.15856,34.73326,0.563138470732906,0.8794259499900874,0.5631382270527291,0.8785581965588112
14.08,68.158555,34.73325,0.563138470732906,0.8794258417735052,0.5631381749754117,0.8785580875700622
14.1,77.33377999999999,35.388630000000006,0.5733775413908936,0.8865180319126372,0.6484633181437687,0.8857011011896232
14.12,104.85923,35.38861,0.744026722728208,0.8865179236960551,0.7645043400715481,0.8857007742233762
14.14,105.514575,37.682395,0.7576784697569777,0.9007023039743188,0.7576783057040598,0.9214145344561936
14.16,105.842255,39.64848,0.7610914065141701,0.9290707398811003,0.7576783057040598,0.9356999077628217
14.18,106.169935,41.614565,0.7610914065141701,0.9503470938653318,0.761091244771828,0.9571279677227641
14.2,106.16994,42.26992,0.7610914065141701,0.9574390675712996,0.7610912968491453,0.9642706543760782
14.22,106.169945,43.58065,0.7610914585914523,0.9716233396329812,0.7610912968491453,0.9785561366714554
14.24,106.169945,44.236005000000006,0.7610914585914523,0.9787153133389491,0.7610912968491453,0.9856988233247694
14.26,105.84227,44.89137,0.7610914585914523,0.9858075034780809,0.7576784098586945,0.9928415099780835
14.28,105.514595,45.546724999999995,0.7576785739115419,0.9928994771840486,0.7576784098586945,0.9999841966313975
14.3,105.51459,45.546725,0.7576785218342597,0.9999915591065984,0.7576784098586945,0.9928415099780835
14.32,105.186915,45.87441,0.7576785739115419,0.9999916673231806,0.7542654707909264,0.9999841966313975
14.34,104.85923,45.874415,0.7542655850770674,0.9999916673231806,0.7542654707909264,0.9999843056201465
14.36,104.859235,45.87442,0.7542656371543494,0.9999917755397627,0.7542654707909264,0.9999843056201465
14.38,104.85924,45.874425,0.7542656371543494,0.9999917755397627,0.7542655228682438,0.9999844146088955
14.4,104.20388,45.87443,0.750852700397157,0.9999918837563447,0.7508525838004756,0.9999844146088955
14.42,104.20388,45.874425,0.750852700397157,0.9999917755397627,0.7508525838004756,0.9999844146088955
14.44,104.203875,45.87443,0.750852700397157,0.9999918837563447,0.7508525317231582,0.9999844146088955
14.46,104.203875,45.87443,0.750852700397157,0.9999918837563447,0.7508525317231582,0.9999844146088955
14.48,101.582415,45.874435,0.750852700397157,0.9999918837563447,0.7235488108717442,0.9999845235976446
14.5,99.28864,45.54676,0.7235489980304892,0.992899910050377,0.7269618020168296,0.9999845235976446
14.52,99.288645,45.874455,0.7269619868649637,0.999992100189509,0.7235488629490615,0.9999847415751426
14.54,99.288645,45.87446,0.7235490501077714,0.9999922084060909,0.7269618020168296,0.9999847415751426
14.56,99.944005,45.87446,0.7269619868649637,0.9999922084060909,0.7303747410845977,0.9999847415751426
14.58,100.927035,45.87446,0.7337878083020667,0.9999922084060909,0.7337876280750485,0.9999847415751426
14.6,100.927025,45.87446,0.7337877562247844,0.9999922084060909,0.7337875759977311,0.9999847415751426
14.62,100.927025,45.874465,0.7337877562247844,0.9999922084060909,0.7337875759977311,0.9999848505638916
14.64,100.271665,45.874465,0.7303748194675921,0.9999922084060909,0.7303746369299631,0.9999848505638916
14.66,100.271665,45.87447,0.7303748194675921,0.9999923166226731,0.7303746369299631,0.9999848505638916
14.68,100.271665,45.874465,0.7303748194675921,0.9999922084060909,0.7303746369299631,0.9999848505638916
14.7,100.27166,45.874465,0.7303747673903099,0.9999922084060909,0.7303746369299631,0.9999848505638916
14.72,100.27166,45.874465,0.7303747673903099,0.9999922084060909,0.7303746369299631,0.9999848505638916
14.74,100.271655,45.874465,0.7303747673903099,0.9999922084060909,0.7303745848526457,0.9999848505638916
14.76,100.27166,45.87446,0.7303747673903099,0.9999922084060909,0.7303746369299631,0.9999847415751426
14.78,99.943985,45.87447,0.7303748194675921,0.9999923166226731,0.7269616978621949,0.9999848505638916
14.8,99.943985,45.874465,0.7269618827103995,0.9999923166226731,0.7303746369299631,0.9999847415751426
14.82,100.927025,45.2191,0.7303748194675921,0.9929001264835411,0.7372005150654992,0.9928420549218284
14.84,115.672775,44.56375,0.788395213035402,0.9929002347001232,0.83276390258667,0.9785567906039493
14.86,121.57108,44.236064999999996,0.8430028781551477,0.9787159626384415,0.8395897807222062,0.9856994772572634
14.88,121.243405,44.89144,0.8395899413979553,0.9858082609941554,0.8395898327995235,0.9928422728993264
14.9,121.243395,45.21912,0.8395898893206731,0.9929003429167051,0.8395897807222062,0.9928422728993264
14.92,121.24339,45.546795,0.8395898372433912,0.9929003429167051,0.8395897807222062,0.9999848505638916
14.94,121.243395,45.5468,0.8395898893206731,0.9929003429167051,0.8395897807222062,0.9999849595526404
14.96,121.243395,45.87447,0.8395898893206731,0.9999923166226731,0.8395897807222062,0.9999848505638916
14.98,121.24339,45.87447,0.8395898372433912,0.9999923166226731,0.8395897807222062,0.9999848505638916
15.0,122.55411000000001,45.219115,0.8430027740005835,0.9929002347001232,0.8498285979255105,0.9928422728993264
15.02,129.763185,44.23608,0.8805455991025211,0.9858082609941554,0.8873716046760848,0.9785568995926983
15.04,129.76319,44.563770000000005,0.8839586400142775,0.9787161790716056,0.8839586135309995,0.9928424908768244
15.06,129.763195,45.8745,0.8839586920915596,0.9999926412724192,0.8839586135309995,0.9999851775301384
15.08,129.435515,45.8745,0.8839586920915596,0.9999926412724192,0.8805456744632314,0.9999851775301384
15.1,129.43552,45.8745,0.8839586920915596,0.9999926412724192,0.8805457265405487,0.9999851775301384
15.12,129.10783500000002,45.8745,0.8805457553343671,0.9999926412724192,0.8805456744632314,0.9999851775301384
15.14,128.78015,45.874505,0.8771327664998926,0.9999927494890013,0.8805456744632314,0.9999851775301384
15.16,128.452475,45.8745,0.8771328185771748,0.9999926412724192,0.8771327353954632,0.9999851775301384
15.18,128.452475,45.8745,0.8771328185771748,0.9999926412724192,0.8771327353954632,0.9999851775301384
15.2,128.452475,45.8745,0.8771328185771748,0.9999926412724192,0.8771327353954632,0.9999851775301384
15.22,128.1248,45.8745,0.8771328185771748,0.9999926412724192,0.8737198484050125,0.9999851775301384
15.24,127.797115,45.8745,0.8737198818199822,0.9999926412724192,0.8737197963276951,0.9999851775301384
15.26,127.797115,45.8745,0.8737198818199822,0.9999926412724192,0.8737197963276951,0.9999851775301384
15.28,127.141745,45.8745,0.8703068929855077,0.9999926412724192,0.8703068051826097,0.9999851775301384
15.3,126.81406,45.8745,0.8703068929855077,0.9999926412724192,0.8668938140375242,0.9999851775301384
15.32,127.469415,45.8745,0.8703068409082257,0.9999926412724192,0.8737196921730604,0.9999851775301384
15.34,132.38466499999998,45.87451,0.8907846176832265,0.9999927494890013,0.9044365083241948,0.9999852865188873
15.36,133.040035,45.87451,0.9010235841866501,0.9999926412724192,0.9010235171791093,0.9999853955076363
15.38,133.040035,45.87452,0.9010235841866501,0.9999928577055834,0.9010235171791093,0.9999853955076363
15.4,132.712355,45.874525,0.9010235841866501,0.9999928577055834,0.8976105781113412,0.9999855044963853
15.42,132.38467500000002,45.874525,0.8976106474294575,0.9999928577055834,0.8976105781113412,0.9999855044963853
15.44,132.05698999999998,45.874525,0.8976105953521756,0.9999928577055834,0.8941976390435731,0.9999855044963853
15.46,131.72931499999999,45.874525,0.8941977106722652,0.9999928577055834,0.8941976390435731,0.9999855044963853
15.48,131.72933,45.87453,0.8941977627495471,0.9999929659221655,0.8941977431982078,0.9999855044963853
15.5,131.72933,45.874535,0.8941977627495471,0.9999929659221655,0.8941977431982078,0.9999856134851344
15.52,131.40165000000002,45.87454,0.8907848259923549,0.9999930741387476,0.8941977431982078,0.9999856134851344
15.54,131.72932500000002,45.874545,0.8941977627495471,0.9999930741387476,0.8941976911208904,0.9999857224738834
15.56,132.056995,45.87455,0.8941977106722652,0.9999931823553295,0.8976105781113412,0.9999857224738834
15.58,132.38466,45.87455,0.8976105953521756,0.9999931823553295,0.8976104739567065,0.9999857224738834
15.6,131.729305,45.874565000000004,0.8941976585949829,0.9999932905719117,0.8941975869662557,0.9999859404513813
15.62,131.729305,45.874565000000004,0.8941976585949829,0.9999932905719117,0.8941975869662557,0.9999859404513813
15.64,131.07394499999998,45.874584999999996,0.8941976585949829,0.9999935070050757,0.8873717088307195,0.9999861584288792
15.66,131.40163,45.87459,0.8941976585949829,0.9999935070050757,0.8907846999758049,0.9999862674176282
15.68,130.746275,45.874605,0.8907847739150726,0.9999937234382399,0.8873717609080368,0.9999863764063772
15.7,131.073955,45.874615,0.8907847739150726,0.999993831654822,0.8907846999758049,0.9999864853951262
15.72,131.073955,45.87462,0.8907847739150726,0.9999939398714042,0.8907846999758049,0.9999864853951262
15.74,131.073955,45.87462,0.8907847739150726,0.9999939398714042,0.8907846999758049,0.9999864853951262
15.76,122.8819,45.8746,0.8873718892351622,0.999993831654822,0.8088735374215625,0.9999861584288792
15.78,65.5373,41.614665,0.59385672425251,0.9929006675664515,0.5051183149779885,0.9142729376903693
15.8,58.32812,33.75031,0.5085311180768526,0.8723347338001941,0.5153570280266582,0.8642739131396728
15.82,59.3112,31.784215,0.5187703449666864,0.8510584880325447,0.5153570280266582,0.8428455262134834
15.84,59.638875,31.45651,0.5187702928894043,0.8439660814602485,0.5187699670944264,0.8428453082359856
15.86,59.638875,31.784190000000002,0.5187702928894043,0.8439660814602485,0.5187699670944264,0.8499879948892997
15.88,59.638865,32.76723,0.5187702408121223,0.8581502453053482,0.518769915017109,0.8571306815426136
15.9,59.966544999999996,33.094915,0.5221831775693148,0.8581502453053482,0.518769915017109,0.8642734771846767
15.92,60.294225,33.09492,0.5221831775693148,0.8581503535219304,0.5221828540848771,0.8642734771846767
15.94,60.294215,32.76724,0.5221831254920327,0.8581503535219304,0.5221828020075597,0.8571307905313627
15.96,60.294215,33.09492,0.5221831254920327,0.8652424354444802,0.5221828020075597,0.8571307905313627
15.98,60.29421,32.43957,0.5221830734147507,0.8510583798159626,0.5221828020075597,0.8571308995201117
16.0,60.29421,32.76725,0.5221830734147507,0.8581504617385124,0.5221828020075597,0.8571308995201117
16.02,62.915760000000006,33.422615,0.5221831254920327,0.8510582715993805,0.5494874081733683,0.878559177457552
16.04,92.407425,35.716375,0.6552902628866406,0.8865188976452938,0.7235495399541865,0.8928443327866822
16.06,100.92718500000001,38.01016,0.7337886415385796,0.9077952516295252,0.7337883571574909,0.9214155153549344
16.08,101.58253500000001,40.63162,0.7372014741412078,0.9361639039694709,0.737201296225259,0.9499863709569398
16.1,103.220935,41.28698,0.7440273476555926,0.9503480678145705,0.7474401134285633,0.9499863709569398
16.12,103.87629,41.942335,0.7508531690926956,0.9574400415205382,0.7474401134285633,0.957129057610254
16.14,103.548615,43.25305,0.7474402844127852,0.964532123443088,0.7474401134285633,0.9785570085814473
16.16,104.203975,44.23608,0.7508532211699775,0.9787161790716056,0.7508530524963315,0.9856995862460124
16.18,104.203975,44.236075,0.7508532211699775,0.9787161790716056,0.7508530524963315,0.9856994772572634
16.2,103.5486,44.56375,0.747440232335503,0.9858081527775734,0.7474400092739287,0.9856994772572634
16.22,102.89323,44.56375,0.7440272435010287,0.9858081527775734,0.7440270181288432,0.9856994772572634
16.24,102.893225,44.56374,0.7440271914237465,0.9858080445609914,0.7440270181288432,0.9856993682685143
16.26,102.89322,44.56374,0.7440271393464645,0.9858080445609914,0.7440270181288432,0.9856993682685143
16.28,103.2209,44.563735,0.7474400761036569,0.9858080445609914,0.7440270181288432,0.9856992592797653
16.3,103.220895,44.89142,0.7440271393464645,0.9858080445609914,0.747439905119294,0.9928420549218284
16.32,103.54857,44.56374,0.7474400761036569,0.9858080445609914,0.7474398530419767,0.9856993682685143
16.34,104.203925,43.90837,0.7508529607835672,0.9787158544218595,0.7508527921097448,0.9785565726264512
16.36,104.20392,43.908365,0.7508529087062852,0.9787158544218595,0.7508527921097448,0.9785564636377022
16.38,104.20392,43.90836,0.7508529087062852,0.9787157462052773,0.7508527921097448,0.9785564636377022
16.4,104.203915,42.925315,0.7508529087062852,0.9716236642827275,0.7508527400324274,0.9642709813423251
16.42,104.203915,42.925309999999996,0.7508529087062852,0.9645314741435955,0.7508527400324274,0.9714136679956391
16.44,104.859265,42.59763,0.7542657933861956,0.9645314741435955,0.7542656270228782,0.9642709813423251
16.46,104.859265,42.925309999999996,0.7542657933861956,0.9645314741435955,0.7542656270228782,0.9714136679956391
16.48,104.859265,42.597625,0.7542657933861956,0.9645313659270135,0.7542656270228782,0.9642709813423251
16.5,105.18695,42.269945,0.757678730143388,0.9574392840044637,0.7542656791001956,0.9642709813423251
16.52,104.859265,41.94227,0.7542657933861956,0.9574393922210457,0.7542656270228782,0.9571282946890111
16.54,104.85926,42.269945,0.7542657413089134,0.9574392840044637,0.7542656270228782,0.9642709813423251
16.56,105.186945,42.26995,0.7542657933861956,0.9645314741435955,0.7576785660906463,0.9571282946890111
16.58,105.186945,42.59763,0.7542657933861956,0.9645314741435955,0.7576785660906463,0.9642709813423251
16.6,105.514625,42.59763,0.757678730143388,0.9645314741435955,0.7576785660906463,0.9642709813423251
16.62,104.859265,42.59763,0.7542657933861956,0.9645314741435955,0.7542656270228782,0.9642709813423251
16.64,104.859265,42.26995,0.7542657933861956,0.9574393922210457,0.7542656270228782,0.9642709813423251
16.66,104.859265,41.94227,0.7542657933861956,0.9574393922210457,0.7542656270228782,0.9571282946890111
16.68,105.51462000000001,41.94227,0.7576786780661061,0.9574393922210457,0.7576785660906463,0.9571282946890111
16.7,105.51463,42.59763,0.757678730143388,0.9645314741435955,0.7576786181679637,0.9642709813423251
16.72,105.514625,42.26995,0.757678730143388,0.9645314741435955,0.7576785660906463,0.9571282946890111
16.74,106.16998,41.61459,0.7610916148232983,0.9574393922210457,0.7610915051584145,0.9499856080356969
16.76,106.16997,41.286905000000004,0.7610916148232983,0.9503472020819139,0.7610914010037799,0.9499856080356969
16.78,106.825335,41.28691,0.7645045515804908,0.9503473102984958,0.7645043921488652,0.9499856080356969
16.8,107.480685,41.286905000000004,0.7679174362604012,0.9432551201593641,0.7679172791393161,0.9571282946890111
16.82,108.136045,41.28691,0.7713303730175937,0.9503473102984958,0.7713302182070841,0.9499856080356969
16.84,108.136035,41.614585000000005,0.7713303209403117,0.9503472020819139,0.771330166129767,0.9571282946890111
16.86,108.79139,41.942265,0.774743205620222,0.9574392840044637,0.774743105197535,0.9571282946890111
16.88,108.13603,42.597625,0.7713302688630295,0.9645313659270135,0.771330166129767,0.9642709813423251
16.9,108.46371500000001,42.59762,0.774743257697504,0.9645313659270135,0.771330166129767,0.9642708723535761
16.92,108.136025,42.925309999999996,0.7713302688630295,0.9716235560661454,0.7713301140524497,0.9642709813423251
16.94,108.136025,43.25298,0.7713302688630295,0.9716234478495633,0.7713301140524497,0.9714135590068902
16.96,107.480665,42.925305,0.7679173321058371,0.9716234478495633,0.7679171749846815,0.9642709813423251
16.98,107.808335,42.59762,0.767917280028555,0.9645313659270135,0.7713300619751323,0.9642708723535761
17.0,108.463695,41.614580000000004,0.7713302167857475,0.9574392840044637,0.7747430010429004,0.9499854990469481
17.02,108.791375,41.614565,0.7747431535429398,0.9503469856487498,0.7747430010429004,0.9571280767115131
17.04,107.808345,42.269935,0.774743205620222,0.9503469856487498,0.7645042359169134,0.9714136679956391
17.06,102.89312,43.25299,0.7440266706509259,0.9716235560661454,0.7440264452783527,0.9714136679956391
17.08,102.89312,44.23604,0.7440266706509259,0.9787157462052773,0.7440264452783527,0.9856991502910163
17.1,102.565435,44.56372,0.7440266185736438,0.9858078281278272,0.7406135062105845,0.9856991502910163
17.12,101.91006999999999,44.891395,0.737200692981977,0.985807719911245,0.7406135062105845,0.9928418369443304
17.14,101.5824,45.87444,0.7372007450592589,0.9999919919729269,0.7372006192201338,0.9999845235976446
17.16,101.5824,45.87444,0.7372007450592589,0.9999919919729269,0.7372006192201338,0.9999845235976446
17.18,101.582405,45.874435,0.7372007971365411,0.9999918837563447,0.7372006192201338,0.9999845235976446
17.2,101.58241,45.87444,0.7372007971365411,0.9999919919729269,0.7372006712974511,0.9999845235976446
17.22,101.58241,45.87444,0.7372007971365411,0.9999919919729269,0.7372006712974511,0.9999845235976446
17.24,101.58242,45.87443,0.7372008492138231,0.9999918837563447,0.7372007233747685,0.9999844146088955
17.26,101.25474,45.874435,0.7372008492138231,0.9999918837563447,0.7337877843070003,0.9999845235976446
17.28,101.582425,45.87443,0.7372009012911052,0.9999918837563447,0.7372007233747685,0.9999844146088955
17.3,100.927065,45.874435,0.7372009012911052,0.9999918837563447,0.7303748452392322,0.9999845235976446
17.32,100.271705,45.874435,0.7303750277767203,0.9999919919729269,0.7303748452392322,0.9999844146088955
17.34,100.27171,45.87443,0.7303750277767203,0.9999918837563447,0.7303748973165496,0.9999844146088955
17.36,100.271715,45.87444,0.7303750798540024,0.9999919919729269,0.7303748973165496,0.9999845235976446
17.38,99.944035,45.87443,0.7303750798540024,0.9999918837563447,0.7269619582487814,0.9999844146088955
17.4,100.271715,45.874425,0.7303750798540024,0.9999918837563447,0.7303748973165496,0.9999843056201465
17.42,100.27171,45.87443,0.7303750277767203,0.9999918837563447,0.7303748973165496,0.9999844146088955
17.44,100.59939,45.87442,0.7303750798540024,0.9999917755397627,0.7337877843070003,0.9999843056201465
17.46,101.254745,45.87442,0.7337879645339127,0.9999917755397627,0.7372007233747685,0.9999843056201465
17.48,101.58242,45.874415,0.7372009012911052,0.9999916673231806,0.7372006712974511,0.9999843056201465
17.5,101.582415,45.87441,0.7372008492138231,0.9999916673231806,0.7372006712974511,0.9999841966313975
17.52,101.582415,45.87441,0.7372008492138231,0.9999916673231806,0.7372006712974511,0.9999841966313975
17.54,101.25472500000001,45.8744,0.7337878603793486,0.9999915591065984,0.7372006192201338,0.9999840876426486
17.56,101.582405,45.54672,0.7372007971365411,0.9999915591065984,0.7372006192201338,0.9928414009893345
17.58,101.5824,45.8744,0.7372007450592589,0.9999915591065984,0.7372006192201338,0.9999840876426486
17.6,101.25472500000001,45.8744,0.7372007971365411,0.9999915591065984,0.7337876801523658,0.9999840876426486
17.62,101.582395,45.8744,0.7372007450592589,0.9999915591065984,0.7372005671428166,0.9999840876426486
17.64,111.74058,45.874425,0.7576784176796957,0.9999916673231806,0.8225250853833657,0.9999845235976446
17.66,123.53723,44.89137,0.8532421050449814,0.9858075034780809,0.8498289103894144,0.9928415099780835
17.68,123.209525,45.874435,0.8498289599786609,0.9999918837563447,0.8498288583120971,0.9999845235976446
17.7,123.537205,45.87444,0.8532418967358532,0.9999919919729269,0.8498288583120971,0.9999845235976446
17.72,123.86488,45.87444,0.8532418967358532,0.9999919919729269,0.8532417453025479,0.9999845235976446
17.74,123.864875,45.874445,0.8532418446585712,0.9999919919729269,0.8532417453025479,0.9999846325863936
17.76,123.86487,45.87445,0.8532417925812891,0.999992100189509,0.8532417453025479,0.9999846325863936
17.78,123.864865,45.87445,0.8532417925812891,0.999992100189509,0.8532416932252306,0.9999846325863936
17.8,123.537175,45.874445,0.8532417405040071,0.9999919919729269,0.8498287020801452,0.9999846325863936
17.82,123.209495,45.874445,0.8498288037468147,0.9999919919729269,0.8498287020801452,0.9999846325863936
17.84,123.537175,45.87444,0.8498288037468147,0.9999919919729269,0.8532416411479132,0.9999845235976446
17.86,123.864855,45.87444,0.8498288037468147,0.9999919919729269,0.8566545802156813,0.9999845235976446
17.88,132.38466499999998,45.874475000000004,0.88737157677147,0.999992424839255,0.9078495515465974,0.9999848505638916
17.9,133.69539,45.874475000000004,0.9044365209438423,0.9999923166226731,0.9044364041695601,0.9999849595526404
17.92,133.04003,45.874485,0.9010235841866501,0.999992424839255,0.901023465101792,0.9999850685413895
17.94,133.36771,45.874485,0.9044365209438423,0.999992424839255,0.901023465101792,0.9999850685413895
17.96,133.69539,45.87449,0.9044365209438423,0.9999925330558371,0.9044364041695601,0.9999850685413895
17.98,133.36771,45.87449,0.9010235321093678,0.9999925330558371,0.9044364562468774,0.9999850685413895
18.0,133.69539500000002,45.874485,0.9044365209438423,0.9999925330558371,0.9044364562468774,0.9999849595526404
18.02,133.69539500000002,45.87449,0.9044365209438423,0.9999925330558371,0.9044364562468774,0.9999850685413895
18.04,133.36772000000002,45.87449,0.9044365209438423,0.9999925330558371,0.9010235692564266,0.9999850685413895
18.06,133.040035,45.87449,0.9010235841866501,0.9999925330558371,0.9010235171791093,0.9999850685413895
18.08,133.04004,45.87449,0.9010235841866501,0.9999925330558371,0.9010235692564266,0.9999850685413895
18.1,133.04004500000002,45.87449,0.8976106995067397,0.9999925330558371,0.9044365083241948,0.9999850685413895
18.12,134.35076500000002,45.87449,0.9078495097783169,0.9999925330558371,0.9078494473919628,0.9999850685413895
18.14,123.20954,45.87447,0.9044365209438423,0.999992424839255,0.7952214166092688,0.9999847415751426
18.16,61.932645,38.665459999999996,0.5597266796759189,0.9574393922210457,0.5017042302092394,0.885701210178372
18.18,46.531285,30.47344,0.44368360113988836,0.8297813765322386,0.45733508493654224,0.8357025125939225
18.2,49.80812,34.077974999999995,0.46757447090392773,0.8581504617385124,0.4675739542171639,0.8857017551221171
18.22,50.791155,38.010845,0.4709873035065561,0.9007031697069754,0.4743998844300174,0.9285731334668592
18.24,50.463485,42.925380000000004,0.4709873555838381,0.9574401497371203,0.4709869974395666,0.9785571175701961
18.26,50.463495,45.874525,0.4709874076611202,0.9999928577055834,0.47098704951688397,0.9999855044963853
18.28,50.46349,45.874535,0.4709873555838381,0.9999929659221655,0.47098704951688397,0.9999856134851344
18.3,49.80813,45.874555,0.46757447090392773,0.9999931823553295,0.4675740583717985,0.9999858314626324
18.32,49.152770000000004,45.874565000000004,0.4641614820694533,0.9999932905719117,0.4641611713813477,0.9999859404513813
18.34,48.82509,45.87458,0.46416153414673533,0.9999935070050757,0.46074818023626235,0.9999860494401304
18.36,48.497415,45.87459,0.4607485973895429,0.9999935070050757,0.4607482323135796,0.9999862674176282
18.38,42.59912,45.874610000000004,0.46074854531226084,0.9999937234382399,0.39931480832058047,0.9999864853951262
18.4,28.508705,45.874615000000006,0.35494630806180805,0.9999937234382399,0.3583589145795554,0.9999865943838753
18.42,30.147135,45.874665,0.3651853266425135,0.9999943727377323,0.3651848968697262,0.9999870303388712
18.44,30.147129999999997,45.874674999999996,0.36518527456523153,0.9999944809543143,0.3651848968697262,0.9999871393276201
18.46,29.49178,45.874695,0.3617723898853212,0.9999946973874786,0.3617720098792754,0.999987357305118
18.48,28.83643,45.874715,0.3583595052054107,0.9999949138206428,0.3583591228888246,0.9999875752826161
18.5,28.836435,45.87474,0.3583595052054107,0.9999951302538068,0.35835917496614195,0.999987902248863
18.52,27.853405000000002,45.874759999999995,0.35494667260278245,0.9999953466869709,0.35153329683060575,0.9999881202263609
18.54,21.29976,45.874775,0.34812079908839755,0.999995563120135,0.29009992491492387,0.9999882292151099
18.56,10.48622,45.87481,0.2593836101648814,0.9999959959864634,0.26620914313127786,0.999988556181357
18.58,12.124649999999999,45.87484,0.27303556550277935,0.9999963206362095,0.26962218635368057,0.9999888831476038
18.6,11.796975,45.874855,0.269622680822869,0.9999964288527916,0.26962218635368057,0.9999891011251018
18.62,11.796975,45.87486,0.269622680822869,0.9999965370693737,0.26962218635368057,0.9999891011251018
18.64,11.79698,45.874855,0.269622680822869,0.9999964288527916,0.2696222384309979,0.9999891011251018
18.66,11.796985,45.87487,0.26962273290015104,0.9999966452859559,0.2696222384309979,0.9999892101138507
18.68,12.124665,45.874865,0.2730356696573435,0.9999965370693737,0.2696222384309979,0.9999892101138507
18.7,12.124665,45.874875,0.2730356696573435,0.9999966452859559,0.2696222384309979,0.9999893191025997
18.72,12.124665,45.874875,0.26962273290015104,0.9999966452859559,0.27303517749876605,0.9999893191025997
18.74,12.124665,45.874875,0.26962273290015104,0.9999966452859559,0.27303517749876605,0.9999893191025997
18.76,12.45235,45.87488,0.2730356696573435,0.9999967535025379,0.2730352295760834,0.9999893191025997
18.78,12.45235,45.87488,0.2730356696573435,0.9999967535025379,0.2730352295760834,0.9999893191025997
18.8,12.452355,45.87488,0.27303572173462554,0.9999967535025379,0.2730352295760834,0.9999893191025997
18.82,13.435385,45.874875,0.2764486064145359,0.9999967535025379,0.27986105563430225,0.9999892101138507
18.84,12.12463,45.87486,0.28327437577435666,0.9999966452859559,0.259383160841107,0.9999889921363528
18.86,10.158505,45.87483,0.25597051717584274,0.9999962124196276,0.2662089348220086,0.999988774158855
18.88,11.141535000000001,45.874804999999995,0.26620937952470214,0.9999959959864634,0.26620877859005665,0.9999884471926079
18.9,12.124555,45.87478,0.26962216005004835,0.9999957795532993,0.27303460464827556,0.9999881202263609
18.92,13.107585,45.874745000000004,0.27644798148715116,0.9999953466869709,0.27644749163872634,0.9999877932601141
18.94,13.107569999999999,45.874725,0.27644792940986906,0.9999951302538068,0.2764473874840917,0.9999875752826161
18.96,13.107565,45.87471,0.276447877332587,0.9999949138206428,0.2764473874840917,0.999987466293867
18.98,12.452205,45.8747,0.2730349405753946,0.9999948056040606,0.27303444841632357,0.999987357305118
19.0,12.452195,45.874685,0.2730348884981126,0.9999946973874786,0.2730343963390062,0.9999871393276201
19.02,12.45219,44.23628,0.2730348364208305,0.9858104253257968,0.2730343963390062,0.9785590793676778
19.04,12.45218,43.58091,0.2730348364208305,0.9787182351866648,0.27303429218437164,0.9714162837256148
19.06,12.77985,42.59786,0.2730347843435484,0.9645339631249832,0.2764471791748224,0.9642734880835517
19.08,13.76289,43.90859,0.2798606057806512,0.9787182351866648,0.27986017031990784,0.9785589703789288
19.1,13.762885,43.580915000000005,0.2798606057806512,0.9716261532641152,0.27986011824259055,0.9785590793676778
19.12,14.090565000000002,43.90858,0.28327354253784365,0.9787181269700829,0.27986011824259055,0.97855886139018
19.14,14.090565000000002,43.908575,0.28327354253784365,0.9787181269700829,0.27986011824259055,0.978558752401431
19.16,14.418235,43.90857,0.28327349046056155,0.9787180187535007,0.28327300523304133,0.978558752401431
19.18,14.090554999999998,43.58088,0.28327349046056155,0.971625828614369,0.2798600661652732,0.978558643412682
19.2,13.762865,43.2532,0.2798605016260871,0.971625828614369,0.27986001408795586,0.9714159567593678
19.22,14.09055,43.2532,0.2832734383832795,0.971625828614369,0.2798600661652732,0.9714159567593678
19.24,13.762865,43.253195,0.2798605016260871,0.9716257203977868,0.27986001408795586,0.9714159567593678
19.26,14.090544999999999,43.2532,0.2798605016260871,0.971625828614369,0.283272953155724,0.9714159567593678
19.28,13.762855,43.25319,0.27986044954880507,0.9716257203977868,0.27985996201063856,0.9714158477706188
19.3,13.762855,43.253185,0.27986044954880507,0.9716257203977868,0.27985996201063856,0.9714157387818698
19.32,13.76285,42.9255,0.27986044954880507,0.9716256121812048,0.2798599099333212,0.9642730521285556
19.34,19.33344,42.925485,0.27986034539424093,0.957441340119523,0.3378802907039177,0.978558207457686
19.36,38.66683,41.94238,0.40272752681706625,0.9645329891757446,0.41637924327283443,0.9499864799456889
19.38,38.66682,41.942375,0.4095535044860152,0.9503483924643166,0.409553156828029,0.9642721802185639
19.4,38.66682,43.580775,0.4095535565632973,0.9716247464485482,0.40955310475071166,0.978557444536443
19.42,38.339135,44.56381,0.40614056772882273,0.9858088020770658,0.40955310475071166,0.9857001311897572
19.44,38.666815,45.21916,0.4095535044860152,0.9929007757830336,0.40955310475071166,0.9928427088543222
19.46,38.666815,45.219155,0.4095535044860152,0.9929007757830336,0.40955310475071166,0.9928425998655732
19.48,38.66682,45.54683,0.4095535044860152,0.9929006675664515,0.409553156828029,0.9999852865188873
19.5,38.66682,45.21914,0.4095535044860152,0.9929005593498693,0.409553156828029,0.9928424908768244
19.52,38.994495,45.21913,0.4095535044860152,0.9929004511332873,0.4129660438184798,0.9928423818880754
19.54,39.322165,44.23608,0.41296638916592554,0.9858082609941554,0.41296599174116244,0.9785568995926983
19.56,41.943625,43.253025,0.416379325923118,0.9716238807158917,0.43685677352480845,0.9714141039506351
19.58,44.56512,43.90839,0.44368323659891395,0.9716239889324738,0.4368569297567604,0.9856994772572634
19.6,44.892790000000005,45.21912,0.4402701956871574,0.9929003429167051,0.44368280789229664,0.9928422728993264
19.62,44.565115,45.87447,0.4402702477644394,0.9999923166226731,0.4402698688245285,0.9999848505638916
19.64,45.220479999999995,45.87446,0.44368318452163186,0.9999922084060909,0.4436828599696139,0.9999847415751426
19.66,45.220475,45.87446,0.44368318452163186,0.9999922084060909,0.44368280789229664,0.9999847415751426
19.68,44.892795,45.874455,0.44368318452163186,0.999992100189509,0.4402698688245285,0.9999847415751426
19.7,44.565110000000004,45.87446,0.4402701956871574,0.9999922084060909,0.4402698688245285,0.9999847415751426
19.72,44.565115,45.87446,0.4402702477644394,0.9999922084060909,0.4402698688245285,0.9999847415751426
19.74,44.892795,45.87448,0.4402702477644394,0.999992424839255,0.44368280789229664,0.9999849595526404
19.76,44.892815,45.874494999999996,0.443683288676196,0.9999925330558371,0.4402699729791631,0.9999851775301384
19.78,52.757255,45.874505,0.45733513985952984,0.9999926412724192,0.5085299000355064,0.9999852865188873
19.8,61.27717,45.874475000000004,0.529008530310879,0.9999923166226731,0.5255953244567894,0.9999849595526404
19.82,60.621805,45.87451,0.5255955935536866,0.9999926412724192,0.5221823333117039,0.9999853955076363
19.84,60.294125,45.874525,0.5221826567964941,0.9999928577055834,0.5221823333117039,0.9999855044963853
19.86,60.621805,45.87453,0.5221826567964941,0.9999929659221655,0.525595272379472,0.9999855044963853
19.88,60.294129999999996,45.87453,0.5221826567964941,0.9999929659221655,0.5221823853890213,0.9999855044963853
19.9,60.294129999999996,45.87453,0.5221826567964941,0.9999929659221655,0.5221823853890213,0.9999855044963853
19.92,59.638765,45.87453,0.5187697200393018,0.9999929659221655,0.5187693942439358,0.9999855044963853
19.94,59.63877,45.87453,0.5187697721165838,0.9999929659221655,0.5187693942439358,0.9999855044963853
19.96,59.311080000000004,45.87453,0.5187697200393018,0.9999929659221655,0.5153564030988503,0.9999855044963853
19.98,59.638760000000005,45.874525,0.5187697200393018,0.9999928577055834,0.5187693421666184,0.9999855044963853
20.0,58.9834,45.874525,0.5153567312048272,0.9999929659221655,0.5153564551761677,0.9999853955076363
20.02,59.311085,45.87452,0.5187697200393018,0.9999928577055834,0.5153564551761677,0.9999853955076363
20.04,58.983405,45.87452,0.5153567832821093,0.9999928577055834,0.5153564551761677,0.9999853955076363
20.06,58.983405,45.874515,0.5153567832821093,0.9999927494890013,0.5153564551761677,0.9999853955076363
20.08,59.311085,45.874515,0.5153567832821093,0.9999928577055834,0.5187693942439358,0.9999852865188873
20.1,59.638765,45.87451,0.5187697200393018,0.9999927494890013,0.5187693942439358,0.9999852865188873
20.12,58.9834,45.87451,0.5153567832821093,0.9999927494890013,0.5153564030988503,0.9999852865188873
20.14,60.29421,45.54682,0.5187699283484298,0.9999926412724192,0.5255959493845972,0.9928424908768244
20.16,59.31121,44.891450000000006,0.5187703970439684,0.9858082609941554,0.5153570801039755,0.9928424908768244
20.18,59.638895,45.21913,0.5187703970439684,0.9929004511332873,0.5187700712490609,0.9928423818880754
20.2,59.966565,45.21913,0.5187703449666864,0.9929004511332873,0.5221829582395117,0.9928423818880754
20.22,60.62192,44.891435,0.5221832817238788,0.9929003429167051,0.5255958452299626,0.9856994772572634
20.24,60.29423,44.23607,0.5221831775693148,0.9858081527775734,0.5221829061621944,0.9785567906039493
20.26,60.62191,43.90838,0.5221831775693148,0.9787159626384415,0.5255958452299626,0.9785566816152003
20.28,60.94958,43.90838,0.5255961143265072,0.9787159626384415,0.5255957410753279,0.9785566816152003
20.3,60.949575,43.5807,0.5255960622492252,0.9787159626384415,0.5255957410753279,0.9714139949618861
20.32,60.949575,42.92533,0.5255960622492252,0.9716237724993096,0.5255957410753279,0.964271199319823
20.34,60.949575,42.59764,0.5255960622492252,0.9645315823601777,0.5255957410753279,0.9642710903310739
20.36,60.94957,41.94228,0.5255960101719431,0.9574395004376278,0.5255957410753279,0.9571284036777599
20.38,61.932585,41.286915,0.5290089469291355,0.9503473102984958,0.5324213588242774,0.9499857170244459
20.4,60.949445,39.976200000000006,0.5255953852445583,0.9361631464533964,0.5255950640702027,0.9357004527065668
20.42,61.604815,40.959255,0.5290083740790328,0.9432554448091103,0.5290080552152882,0.9499859350019438
20.44,61.932495,41.28694,0.5324213108362252,0.9503476349482421,0.5290080552152882,0.9499859350019438
20.46,62.260165,41.28694,0.5324212587589432,0.9503476349482421,0.5324209422057389,0.9499859350019438
20.48,62.260165,41.286935,0.5324212587589432,0.9503475267316601,0.5324209422057389,0.9499859350019438
20.5,62.26016,40.95926,0.532421206681661,0.9503476349482421,0.5324209422057389,0.9428432483486296
20.52,62.915515,40.63158,0.5358341434388535,0.9432555530256923,0.5358338291961897,0.9428432483486296
20.54,62.587825,40.303895,0.5358340913615715,0.9432554448091103,0.5324208380511043,0.9357005616953156
20.56,62.260149999999996,39.64854,0.532421154604379,0.9361634711031425,0.5324208901284215,0.9285578750420016
20.58,62.58783,39.320855,0.532421154604379,0.9290712809640106,0.5358338291961897,0.9285578750420016
20.6,62.58783,38.66549,0.532421154604379,0.9219791990414608,0.5358338291961897,0.9214150793999385
20.62,62.260155,38.66549,0.532421206681661,0.9219791990414608,0.5324208901284215,0.9214150793999385
20.64,62.260149999999996,38.01013,0.532421206681661,0.9148871171189109,0.5324208380511043,0.9142723927466244
20.66,61.932465,38.010135,0.532421154604379,0.9148872253354929,0.5290078989833362,0.9142723927466244
20.68,61.60479,38.010135,0.5290082178471865,0.9148872253354929,0.5290079510606536,0.9142723927466244
20.7,61.60479,37.682445,0.5290082178471865,0.9148871171189109,0.5290079510606536,0.9071295971045614
20.72,61.932500000000005,37.354765,0.5290082699244687,0.9077950351963612,0.5324211505150083,0.9071295971045614
20.74,68.15877,37.027085,0.5392485383599437,0.9077951434129431,0.5870303628466254,0.8999868014624983
20.76,73.729435,37.027069999999995,0.5938566200979459,0.9007026286240651,0.5904433019143934,0.9071295971045614
20.78,74.057115,38.010130000000004,0.5938565680206638,0.9077950351963612,0.5938562930594788,0.9214150793999385
20.8,74.384795,38.3378,0.5972695047778562,0.9148870089023289,0.5938562930594788,0.9214149704111896
20.82,74.712475,39.320845,0.5972695047778562,0.9290711727474285,0.597269232127247,0.9285577660532526
20.84,74.38479,39.64852,0.5972695047778562,0.9290711727474285,0.5938562409821615,0.9357003437178177
20.86,74.712475,39.64852,0.5972695047778562,0.9290711727474285,0.597269232127247,0.9357003437178177
20.88,74.71247,39.64852,0.5972694527005742,0.9290711727474285,0.597269232127247,0.9357003437178177
20.9,74.05711,40.63156,0.5938565159433818,0.9361632546699783,0.5938562930594788,0.9499857170244459
20.92,74.712465,40.95924,0.5972694527005742,0.9432553365925281,0.5972691800499297,0.9499857170244459
20.94,74.71246,42.26997,0.5972694006232921,0.95743960865421,0.5972691800499297,0.964271199319823
20.96,74.712455,42.925325,0.5972694006232921,0.9645315823601777,0.5972691279726123,0.9714138859731372
20.98,74.71245,43.90837,0.5972694006232921,0.9787158544218595,0.597269075895295,0.9785565726264512
21.0,74.384765,44.23605,0.5972693485460101,0.9787158544218595,0.5938561368275269,0.9856992592797653
21.02,74.712445,44.56373,0.5972693485460101,0.9858079363444093,0.597269075895295,0.9856992592797653
21.04,74.712445,44.56372,0.5972693485460101,0.9858078281278272,0.597269075895295,0.9856991502910163
21.06,74.384765,44.891400000000004,0.5972693485460101,0.992899910050377,0.5938561368275269,0.9856991502910163
21.08,74.057085,45.21908,0.5938564117888177,0.992899910050377,0.5938561368275269,0.9928418369443304
21.1,73.729405,45.219075000000004,0.5938564117888177,0.9928998018337949,0.5904431977597587,0.9928418369443304
21.12,73.729405,44.89139,0.5938564117888177,0.9928998018337949,0.5904431977597587,0.9856990413022673
21.14,73.40172,45.21907,0.5904434229543432,0.9928998018337949,0.5904431977597587,0.9928417279555815
21.16,73.7294,44.89139,0.5904434229543432,0.9928998018337949,0.5938561368275269,0.9856990413022673
21.18,75.695495,43.252975000000006,0.5938564117888177,0.9787155297721132,0.6109209363210022,0.9642707633648272
21.2,79.300015,41.614575,0.6211601662327675,0.9503469856487498,0.6211599097562583,0.9571282946890111
21.22,78.316975,42.925325,0.617747229475575,0.9645315823601777,0.6143340316207221,0.9714138859731372
21.24,78.316975,43.58068,0.617747229475575,0.9716236642827275,0.6143340316207221,0.9785564636377022
21.26,77.98929,43.580685,0.6143342406411005,0.9787157462052773,0.6143340316207221,0.9714138859731372
21.28,77.989285,43.580685,0.6143342406411005,0.9716236642827275,0.6143339795434047,0.9785565726264512
21.3,77.661605,43.90837,0.6143342406411005,0.9787158544218595,0.6109210404756367,0.9785565726264512
21.32,77.989285,44.23605,0.6143342406411005,0.9787158544218595,0.6143339795434047,0.9856992592797653
21.34,77.989285,44.56373,0.6143342406411005,0.9858079363444093,0.6143339795434047,0.9856992592797653
21.36,77.989285,45.219094999999996,0.6143342406411005,0.9929000182669592,0.6143339795434047,0.9928420549218284
21.38,77.98929,45.54677,0.6143342406411005,0.9929000182669592,0.6143340316207221,0.9999846325863936
21.4,77.989295,45.546775,0.6143342927183826,0.9929000182669592,0.6143340316207221,0.9999847415751426
21.42,19.006905,45.87446,0.6143343447956646,0.9999922084060909,5.051499779844456e-06,0.9999847415751426
21.44,74.712475,45.87445,0.6075084192039977,0.999992100189509,0.587030310769308,0.9999846325863936
21.46,72.091015,45.546775,0.5836176015172403,0.9929000182669592,0.5836174237788572,0.9999847415751426
21.48,72.091025,45.874465,0.5836177056718045,0.9999922084060909,0.5836174237788572,0.9999848505638916
21.5,71.435665,45.874465,0.580204768914612,0.9999922084060909,0.5802044847110891,0.9999848505638916
21.52,70.7803,45.87446,0.5767917800801375,0.9999922084060909,0.5767915456433209,0.9999847415751426
21.54,70.45262,45.87446,0.5767917800801375,0.9999922084060909,0.5733786065755528,0.9999847415751426
21.56,69.797255,45.87446,0.5733788433229451,0.9999922084060909,0.5699656154304675,0.9999847415751426
21.58,69.141895,45.87446,0.5699659065657527,0.9999922084060909,0.5665526763626995,0.9999847415751426
21.6,68.814215,45.87446,0.5665529698085603,0.9999922084060909,0.5665526763626995,0.9999847415751426
21.62,68.486535,45.87446,0.5665529698085603,0.9999922084060909,0.5631397372949313,0.9999847415751426
21.64,68.158855,45.874455,0.5631400330513678,0.9999922084060909,0.5631397372949313,0.9999846325863936
21.66,68.158855,45.87445,0.5631400330513678,0.999992100189509,0.5631397372949313,0.9999846325863936
21.68,68.486535,45.87445,0.5631400330513678,0.999992100189509,0.5665526763626995,0.9999846325863936
21.7,70.124925,45.87444,0.573378791245663,0.9999919919729269,0.5733785024209184,0.9999845235976446
21.72,70.452605,45.87444,0.573378791245663,0.9999919919729269,0.5767914414886864,0.9999845235976446
21.74,70.78029000000001,45.874435,0.5767917280028555,0.9999919919729269,0.5767914935660037,0.9999844146088955
21.76,70.780285,45.87443,0.5767917280028555,0.9999918837563447,0.5767914414886864,0.9999844146088955
21.78,71.10796500000001,45.87443,0.5767917280028555,0.9999918837563447,0.5802043805564544,0.9999844146088955
21.8,75.367865,45.87443,0.6006825456896129,0.9999918837563447,0.6006823795042843,0.9999844146088955
21.82,75.04019,45.87444,0.5972696610097025,0.9999919919729269,0.6006823795042843,0.9999845235976446
21.84,75.040195,45.87444,0.600682649844177,0.9999919919729269,0.5972694404365162,0.9999845235976446
21.86,75.367875,45.87444,0.600682649844177,0.9999919919729269,0.6006823795042843,0.9999845235976446
21.88,76.678585,45.87442,0.6075084712812797,0.9999917755397627,0.6075082055625032,0.9999843056201465
21.9,76.678585,45.87441,0.6075084712812797,0.9999916673231806,0.6075082055625032,0.9999841966313975
21.92,77.33394,45.8744,0.6109213559611901,0.9999915591065984,0.6109211446302714,0.9999840876426486
21.94,77.989305,45.8744,0.6143343447956646,0.9999915591065984,0.6143340836980394,0.9999840876426486
21.96,78.64466,45.87439,0.617747229475575,0.9999914508900164,0.6177470227658076,0.9999839786538997
21.98,79.30002,45.21976,0.6211601662327675,0.992915276805031,0.6211599618335757,0.9928411830118367
22.0,78.97234,45.21902,0.6211601662327675,0.9928992607508845,0.6177470227658076,0.9928411830118367
22.02,79.30002,45.219015,0.6211601662327675,0.9928991525343025,0.6211599618335757,0.9928411830118367
22.04,78.97234,44.56365,0.617747229475575,0.9858070706117528,0.6211599618335757,0.9856983873697736
22.06,78.644675,44.23597,0.6177473336301391,0.9858070706117528,0.6177470748431249,0.9785557007164594
22.08,77.66165,42.26988,0.6143344489502287,0.9645307166275211,0.6109213008622233,0.957127531767768
22.1,77.006305,40.63148,0.6109216163476004,0.9432544708598716,0.6075084138717726,0.94284215846114
22.12,76.023275,39.648435,0.6040957949104976,0.9361623889373217,0.6040955268813217,0.9285566761657628
22.14,75.36792,39.32075,0.6006828581533052,0.9290701987981899,0.600682639890871,0.9285566761657628
22.16,75.040245,39.320755,0.6006829102305873,0.9290701987981899,0.5972697008231028,0.9285567851545118
22.18,74.712565,39.320755,0.5972699734733948,0.9290701987981899,0.5972697008231028,0.9285567851545118
22.2,74.712555,38.993075000000005,0.5972699213961128,0.9290703070147719,0.5972696487457856,0.9214139895124488
22.22,74.71256,38.99308,0.5972699213961128,0.921978225092222,0.5972697008231028,0.9285567851545118
22.24,75.040235,38.99308,0.6006828581533052,0.921978225092222,0.5972696487457856,0.9285567851545118
22.26,75.367915,39.32076,0.6006828581533052,0.9290703070147719,0.6006825878135537,0.9285567851545118
22.28,75.04022499999999,39.320765,0.6006828060760231,0.9290703070147719,0.5972695966684682,0.9285568941432608
22.3,75.040215,39.32076,0.5972698172415487,0.9290703070147719,0.600682483658919,0.9285567851545118
22.32,79.30008000000001,38.993089999999995,0.5972698172415487,0.9290703070147719,0.6450509519264911,0.9214143164786955
22.34,103.22094,37.35468,0.7337884853067334,0.9148863596028365,0.7576790347865022,0.8999858205637574
22.36,106.170075,37.027,0.761092135596119,0.9007019793245727,0.7610919738542703,0.9071287251945696
22.38,106.170075,38.33773,0.761092135596119,0.9148862513862543,0.7610919738542703,0.9214142074899466
22.4,106.170065,39.32077,0.761092083518837,0.929070415231354,0.7610919217769531,0.9285568941432608
22.42,106.497735,39.64845,0.761092031441555,0.929070415231354,0.7645048087674039,0.9356995807965748
22.44,107.15309500000001,39.32076,0.7645049681987472,0.9290703070147719,0.7679177478351719,0.9285567851545118
22.46,107.808445,39.320755,0.7679178528786577,0.9290703070147719,0.7713306348256228,0.9285566761657628
22.48,109.119155,39.320745,0.7747436743157606,0.9290701987981899,0.7781564608838416,0.9285565671770138
22.5,109.446825,38.66538,0.7781565589956709,0.921978008659058,0.7781564088065244,0.9214138805236998
22.52,109.44683,38.66537,0.7781565589956709,0.9219779004424761,0.7781564608838416,0.9214137715349507
22.54,110.757555,38.99305,0.7781565589956709,0.9219779004424761,0.7918082692322314,0.9285564581882648
22.56,119.60504,38.665385,0.8293512352809421,0.9290701987981899,0.8327642150505739,0.9142711938703857
22.58,119.932725,38.33771,0.8327642761926987,0.9148860349530903,0.8327641629732565,0.9214139895124488
22.6,118.949685,39.32075,0.8293513394355062,0.9290701987981899,0.8259382848377202,0.9285566761657628
22.62,119.277365,39.64843,0.8293513394355062,0.9290701987981899,0.8293512239054884,0.9356993628190768
22.64,118.622005,39.97611,0.8259384026783138,0.9361622807207397,0.8259382848377202,0.9356993628190768
22.66,118.622005,39.976105000000004,0.8259384026783138,0.9361622807207397,0.8259382848377202,0.935699253830328
22.68,118.622,40.30378,0.8259383506010317,0.9361621725041577,0.8259382848377202,0.9428419404836419
22.7,118.294315,40.631455,0.8259383506010317,0.9432541462101255,0.8225252936926348,0.9428419404836419
22.72,118.621995,39.97609,0.8259383506010317,0.9361620642875756,0.825938232760403,0.935699144841579
22.74,118.29431,39.976085,0.8225253617665572,0.9361619560709936,0.825938232760403,0.935699144841579
22.76,118.294305,40.30376,0.8259382985237497,0.9361619560709936,0.8225252416153175,0.9428417225061441
22.78,117.96662,40.303755,0.8225253096892753,0.9432539297769614,0.8225252416153175,0.93569903585283
22.8,117.966615,39.97608,0.8225253096892753,0.9361619560709936,0.8225251895380004,0.93569903585283
22.82,126.486415,39.648415,0.8395900976298015,0.9361620642875756,0.8941980556621115,0.9285565671770138
22.84,138.28310499999998,37.682320000000004,0.9283280677125486,0.9148857103033441,0.9283280191902832,0.9071282892395736
22.86,138.283095,38.337695,0.9283280156352665,0.9148858185199262,0.9283279671129658,0.9214138805236998
22.88,138.28308500000003,38.66538,0.9283279635579845,0.921978008659058,0.9283279150356486,0.9214138805236998
22.9,138.28308500000003,38.99306,0.9283279635579845,0.921978008659058,0.9283279150356486,0.9285565671770138
22.92,138.28308500000003,39.320745,0.9283279635579845,0.9290700905816078,0.9283279150356486,0.9285566761657628
22.94,138.283075,39.320745,0.9283279114807026,0.9290700905816078,0.9283278629583313,0.9285566761657628
22.96,138.28308,39.64843,0.9283279635579845,0.9290701987981899,0.9283278629583313,0.9356993628190768
22.98,138.610755,39.97611,0.9317408482378948,0.9361622807207397,0.9283278629583313,0.9356993628190768
23.0,138.93843,39.64843,0.9317407961606129,0.9361622807207397,0.9317408020260994,0.9285566761657628
23.02,138.938425,39.321505,0.9317407961606129,0.9290701987981899,0.9317407499487821,0.9285731334668592
23.04,138.938425,38.33771,0.9317407961606129,0.9219781168756401,0.9317407499487821,0.9142713028591347
23.06,139.59378,36.37162,0.9351537329178052,0.9077938448139585,0.9351536369392328,0.8857004472571293
23.08,140.57681000000002,32.111755,0.9385666175977155,0.8581490549229454,0.9419794629974517,0.8428440003709978
23.1,141.232165,29.16262,0.941979502277626,0.829780510799582,0.9453924020652199,0.8071304581156782
23.12,142.215195,26.213479999999997,0.9488053237147289,0.7943198847536687,0.9488052890556706,0.7785594935249239
23.14,143.525915,22.936665,0.9556311972291137,0.7446750948626558,0.9556311671912069,0.7571313245762328
23.16,143.525915,23.59203,0.9556311972291137,0.7588593669243376,0.9556311671912069,0.7571313245762328
23.18,142.870545,23.919705,0.9522182083946392,0.7588593669243376,0.9522181760461215,0.7642739022407978
23.2,142.87054,23.59202,0.9522182083946392,0.7588592587077555,0.9522181239688041,0.7571312155874838
23.22,143.525895,23.592015,0.9556310930745496,0.7588592587077555,0.9556310630365722,0.7571311065987347
23.24,146.47505999999998,23.592025,0.9692829963351655,0.7588592587077555,0.9726960708393166,0.7571313245762328
23.26,146.47505999999998,24.57507,0.9726960372469219,0.7659514488468874,0.9692830276169139,0.7714166978828609
23.28,146.47505999999998,26.213479999999997,0.97269598516964,0.7801357209085691,0.9692830796942312,0.7928448668315521
23.3,146.147375,27.19652,0.9692830484124474,0.7943198847536687,0.9692830276169139,0.7999875534848663
23.32,145.819695,27.85188,0.9692830484124474,0.8014119666762185,0.9658700885491458,0.8071302401381804
23.34,145.49201499999998,28.17956,0.965870111655255,0.8085040485987683,0.9658700885491458,0.8071302401381804
23.36,145.164335,28.834915000000002,0.965870111655255,0.8155961305213182,0.9624571494813776,0.8142728178027454
23.38,144.836655,29.16259,0.9624571748980625,0.815596022304736,0.9624571494813776,0.8214155044560596
23.4,144.83665,29.16259,0.9624571228207806,0.815596022304736,0.9624571494813776,0.8214155044560596
23.42,144.83665,30.14563,0.9624571748980625,0.8297801861498357,0.9624570974040603,0.8285581911093737
23.44,144.83664499999998,30.145625000000003,0.9624571228207806,0.8297800779332537,0.9624570974040603,0.8285581911093737
23.46,147.45812999999998,29.81795,0.9658700595779729,0.8297800779332537,0.986348139574293,0.8214156134448084
23.48,151.062675,28.50723,0.993174178562897,0.815596022304736,0.9965870088549147,0.8071301311494313
23.5,152.04570999999999,29.490285,0.9999999479227181,0.822688212443868,1.0,0.8214157224335574
23.52,151.718035,30.47333,1.0,0.829780402583,0.996587060932232,0.8357010957401857
23.54,151.39034500000002,30.801005,0.9965870111655255,0.8368723762889677,0.9965870088549147,0.8357010957401857
23.56,151.39034500000002,31.45637,0.9965870111655255,0.8439645664280997,0.9965870088549147,0.8428437823934998
23.58,151.390335,31.45637,0.9965869590882436,0.8439645664280997,0.9965869567775973,0.8428437823934998
23.6,151.390335,30.80102,0.9965869590882436,0.8368725927221319,0.9965869567775973,0.8357012047289347
23.62,151.71802000000002,29.81798,0.9999998958454358,0.829780510799582,0.9965870088549147,0.8214158314223065
23.64,151.39034,28.179585000000003,0.9965869590882436,0.8085043732485147,0.9965870088549147,0.8071304581156782
23.66,151.062655,26.54119,0.9965869590882436,0.794320209403415,0.9931740177098293,0.785702507144485
23.68,150.407285,25.23047,0.9931739702537691,0.7801360455583153,0.9897610265647437,0.7714171338378568
23.7,150.0796,23.91975,0.9897610334965764,0.7659518817132156,0.9897609744874265,0.7571317605312287
23.72,149.424235,23.592075,0.9863480446621019,0.7588597997906658,0.9863480354196583,0.7571318695199777
23.74,149.751915,23.264395,0.9897609814192945,0.7588597997906658,0.9863480354196583,0.7499891828666635
23.76,149.42424,23.59208,0.9863480446621019,0.7588599080072479,0.9863480874969757,0.7571318695199777
23.78,149.751925,24.575125,0.9863480967393842,0.7659519899297977,0.9897610265647437,0.7714173518153548
23.8,149.42425,25.558165000000002,0.9897610334965764,0.7801361537748974,0.9829352005065249,0.7785600384686688
23.82,150.07962,26.21353,0.9897610855738587,0.7872283439140293,0.9897611307193784,0.7857027251219829
23.84,150.07962500000002,26.86889,0.9897611376511406,0.7943204258365791,0.9897611307193784,0.7928454117752971
23.86,144.18131499999998,25.23048,0.9897610855738587,0.7872282356974473,0.9283275504944273,0.7642745561732918
23.88,93.39034000000001,15.40004,0.7883953171899662,0.702122819760521,0.6006819108084285,0.6357057604586421
23.9,66.52031500000001,12.45092,0.5494874527860851,0.6241095939627267,0.5597261732993554,0.6499914607315173
23.92,68.8141,18.3492,0.5665523969584576,0.6879389805651677,0.5665520514348915,0.714275858588842
23.94,68.8141,22.60905,0.5665523448811755,0.7304915803170486,0.5665521035122089,0.7642747741507896
23.96,68.48643,27.196595000000002,0.5631394602012652,0.7872285603471934,0.5665521555895262,0.8071311120481722
23.98,68.158755,31.12877,0.5631395122785472,0.8297812683156565,0.5631392165217581,0.8499873409568057
24.0,68.486445,34.405555,0.5631395643558293,0.8652415697118236,0.5665522076668436,0.8857005562458782
24.02,68.48646,35.38854,0.5631396164331114,0.8865173826131447,0.566552311821478,0.8856997933246354
24.04,70.12487999999999,32.11163,0.5699655941020604,0.8652400546796745,0.576791233179417,0.8356996788864489
24.06,72.09098,26.540950000000002,0.5802045085282017,0.8014100187777412,0.5870301545373561,0.7785568777949484
24.08,73.72939,21.297964999999998,0.5904433708770611,0.7517642549374898,0.5938560847502096,0.7142716080276318
24.1,76.35084,15.07197,0.604095169983113,0.680842569979335,0.6075078930985993,0.649986665226562
24.12,75.367805,10.15671,0.6143340844092543,0.6311972390054117,0.5870302066146733,0.5928446270563045
24.14,49.15313999999999,-0.32911499999999994,0.48122850933310823,0.5248153608676719,0.44709798628470937,0.47141819102872196
24.16,47.842385,-3.6059349999999997,0.45392433827090195,0.46807838083752706,0.4607500550196858,0.45713270873334483
24.18,48.170069999999996,-5.572045,0.45733737918265854,0.4468018104201314,0.46075000294236845,0.43570432180715557
24.2,48.17009,-8.848875,0.45733748333722263,0.4255251317861537,0.46075010709700304,0.3857052972564589
24.22,48.49778,-14.747145,0.46075047217169707,0.3546040961274913,0.4607501591743204,0.3285633680749503
24.24,47.842439999999996,-19.99003,0.4573376395690688,0.3049594144530604,0.4573373242611869,0.2642791881951234
24.26,47.84245,-27.199005,0.45733769164635085,0.22694640508843025,0.4573373763385042,0.1857094170311705
24.28,43.91025500000001,-35.718695,0.4607506804808254,0.14893328750721807,0.4129687518389803,0.07856911723145907
24.3,22.61064,-44.23835,0.34812189271132093,0.04255216688555275,0.3037522540364868,0.0
24.32,20.31683,-45.876715000000004,0.31057870306840907,0.0,0.3174043748487805,0.007143122608310024
24.34,21.627560000000003,-43.582915,0.32081766957183255,0.028368976989691694,0.32081726183923126,0.028571400545750313
24.36,21.627565,-42.59985,0.32081772164911465,0.04255335726795551,0.32081726183923126,0.03571441416531132
24.38,21.627555,-42.27214,0.32081766957183255,0.04255368191770175,0.32081720976191397,0.04285742778487232
24.4,21.627555,-41.616749999999996,0.32081766957183255,0.049646088489997756,0.32081720976191397,0.05000044140443341
24.42,21.627545,-41.616725,0.3208176174945505,0.04964641313974399,0.3208171576845967,0.050000659381931364
24.44,21.627545,-39.65062,0.3208176174945505,0.07092287534055758,0.3208171576845967,0.0714290463081206
24.46,21.627535,-38.667555,0.32081756541726847,0.07801528191285358,0.32081710560727933,0.08571463759224678
24.48,21.955205,-38.012175,0.32081751333998637,0.0921996621911174,0.3242299925977301,0.08571485556974473
24.5,22.610554999999998,-37.356795,0.3242303980198968,0.09929196054683137,0.3276428795881809,0.09285776020055679
24.52,22.938225,-36.373745,0.32764328269980714,0.10638415068596324,0.32764282751086354,0.10714324249593396
24.54,22.938215,-35.718365000000006,0.32764323062252504,0.11347644904167722,0.32764277543354625,0.11428614712674595
24.56,22.938205,-34.735305,0.327643178545243,0.12766082931994105,0.32764272335622896,0.12142905175755801
24.58,22.938205,-34.73531,0.327643178545243,0.12766082931994105,0.32764272335622896,0.12142894276880907
24.6,23.26589,-35.063005000000004,0.327643178545243,0.1205686391808091,0.3310557145013144,0.12142872479131112
24.62,23.593575,-35.390695,0.3310561673797175,0.12056853096422707,0.3310557145013144,0.114285929149248
24.64,21.299785,-36.701425,0.327643178545243,0.1134763408250952,0.3105778197081191,0.09285776020055679
24.66,19.98904,-36.70142,0.3105782343728705,0.09929217697999551,0.3139907587758872,0.10714324249593396
24.68,19.333685,-35.390685000000005,0.3105782864501526,0.12056853096422707,0.307164880640351,0.11428614712674595
24.7,18.350630000000002,-34.407635,0.30375236085848567,0.12766072110335894,0.3037518374179483,0.1285716294221232
24.72,17.695265,-32.44153,0.3003393720240112,0.1489371833041726,0.3003388983501802,0.15000001634831234
24.74,17.039884999999998,-31.13079,0.29692633111225464,0.16312156358243635,0.2969258551277774,0.16428560763243852
24.76,17.039875,-28.837005,0.29692627903497254,0.18439813399983204,0.2969258030504601,0.19285657222319283
24.78,16.712184999999998,-26.215539999999997,0.2969262269576905,0.2127666781231955,0.29351281190537465,0.22142764580269617
24.8,15.729135,-22.61103,0.29010030136602355,0.2482274123856908,0.29009982076028923,0.26428409268882763
24.82,15.073765,-19.661884999999998,0.2866873125315491,0.28368814664818615,0.2866868296152038,0.292855057279582
24.84,14.746085,-17.040425,0.2866873125315491,0.3120566907715496,0.28327389054743574,0.32142602187033636
24.86,14.746085,-15.07434,0.2866873125315491,0.3333330447557811,0.28327389054743574,0.34285408183027866
24.88,14.746075000000001,-12.45289,0.286687260454267,0.3617014806625625,0.2832738384701184,0.37142493743228394
24.9,15.073755,-10.486805,0.286687260454267,0.382977726430212,0.2866867775378865,0.3928531063809752
24.92,14.74608,-8.52072,0.2832743236970746,0.40425408041444355,0.2866868296152038,0.41428116634091744
24.94,15.073765,-6.88231,0.2866873125315491,0.4255304343986751,0.2866868296152038,0.4285666486362946
24.96,15.073755,-5.57159,0.286687260454267,0.43971459824377473,0.2866867775378865,0.44285202194292284
24.98,15.073755,-4.26087,0.286687260454267,0.4538987620888744,0.2866867775378865,0.457137395249551
25.0,15.073755,-2.2947800000000003,0.29010019721145947,0.46808303415055613,0.2832738384701184,0.4857082508515564
25.02,15.073755,-0.65638,0.286687260454267,0.4964513618407554,0.2866867775378865,0.49285093750487047
25.04,14.41839,0.32666000000000156,0.2832742716197925,0.5035434437633053,0.2832738384701184,0.5071363108114987
25.06,14.418385,1.637385,0.2832742716197925,0.5177276076084049,0.2832737863928011,0.5214217931068758
25.08,14.746054999999998,1.965065,0.2832742195425105,0.5248197977475367,0.2866866733832519,0.5214216841181268
25.1,15.401415,1.965065,0.28668715629970287,0.5248197977475367,0.29009961245102,0.5214216841181268
25.12,15.729085000000001,2.948105,0.2901000409796132,0.5319118796700866,0.2900995603737027,0.535707057424755
25.14,16.05676,3.6043000000000003,0.2900999889023312,0.5390038533760543,0.2935124994414708,0.5428680541878982
25.16,16.384455,4.914194999999999,0.2935130298140878,0.5531882336543181,0.2935125515187881,0.5571352263734463
25.18,16.38446,6.22492,0.2935130298140878,0.5673723974994177,0.2935126035961054,0.5714207086688234
25.2,16.38446,7.207955,0.2935130298140878,0.5744643712053855,0.2935126035961054,0.5857060819754516
25.22,16.384455,7.535635,0.2935130298140878,0.5815564531279354,0.2935125515187881,0.5857060819754516
25.24,16.384455,8.19099,0.2935130298140878,0.5886485350504852,0.2935125515187881,0.5928486596400168
25.26,16.05678,8.846350000000001,0.2935130818913698,0.595740616973035,0.29009961245102,0.5999913462933308
25.28,16.38446,8.846350000000001,0.2935130818913698,0.595740616973035,0.2935125515187881,0.5999913462933308
25.3,15.40142,10.157074999999999,0.2901001451341774,0.6099247808181347,0.2866866733832519,0.614276828588708
25.32,15.073735,11.14013,0.28668715629970287,0.6241091610963985,0.2866866733832519,0.621419624230771
25.34,15.073735,12.123175,0.28668715629970287,0.6312012430189483,0.2866866733832519,0.6357051065261482
25.36,14.418375,14.416955,0.2832742195425105,0.6524777052197619,0.28327373431548375,0.6642760711169026
25.38,14.41839,15.400005,0.2832742716197925,0.6666619772814436,0.2832738384701184,0.6714188667589657
25.4,14.418385,17.366084999999998,0.2832742716197925,0.687938223049093,0.2832737863928011,0.6928469267189079
25.42,14.090705,18.021455,0.2832742716197925,0.695030413188225,0.27986084732503297,0.699989722360971
25.44,17.039855,16.05537,0.27986138693988216,0.6879384394822573,0.31399049838930065,0.6642760711169026
25.46,29.81956,12.123145000000001,0.35835992182366727,0.638293216724916,0.3685984608653021,0.6285618749290892
25.48,30.14725,12.77852,0.36518589949261626,0.638293216724916,0.365185521797534,0.6428475752019643
25.5,30.147255,13.76157,0.3651859515698983,0.6524774887865977,0.365185521797534,0.6499903708440274
25.52,30.147255,14.41694,0.3651859515698983,0.6595695707091476,0.365185521797534,0.6571332754748395
25.54,30.802599999999998,14.74465,0.3685988362498087,0.6595698953588939,0.3685983567106675,0.6642762890944006
25.56,30.802595,15.727715,0.3685987841725266,0.6666623019311898,0.3685983567106675,0.6785618803785267
25.58,30.474915,16.710774999999998,0.3685987841725266,0.6808466822094535,0.3651854176428994,0.6857047850093387
25.6,30.47491,17.038445000000003,0.3685987841725266,0.6879387641320034,0.36518536556558207,0.6857045670318408
25.62,30.14723,16.383074999999998,0.36518584741533416,0.6808465739928715,0.36518536556558207,0.6785617713897777
25.64,29.491865,16.383085,0.3617728585808597,0.6808465739928715,0.36177242649781394,0.6785619893672757
25.66,29.491860000000003,16.383094999999997,0.3617728585808597,0.6808466822094535,0.3617723744204967,0.6785620983560247
25.68,30.802595,15.72773,0.3617728065035776,0.6737546002869038,0.3754243390008383,0.6714193027139616
25.7,33.751795,14.416995,0.3856638845767453,0.6595703282252221,0.38225052960027844,0.6571337114298355
25.72,33.096424999999996,15.07236,0.3822508436649887,0.6595703282252221,0.3788375905325103,0.6714191937252125
25.74,32.768755,15.07235,0.3788380110623604,0.6666623019311898,0.3788375905325103,0.6642763980831495
25.76,33.09643,14.744665000000001,0.3822508957422708,0.6595701117920579,0.3788375905325103,0.6642763980831495
25.78,33.424105,14.416985,0.3822508957422708,0.65957022000864,0.3822504775229611,0.6571336024410864
25.8,33.75178,13.76161,0.3822508957422708,0.6524779216529261,0.38566336451341193,0.6499908067990233
25.82,33.424095,11.79552,0.3822508436649887,0.6382936495912443,0.38225042544564386,0.621419951197018
25.84,34.407115,8.51869,0.385663676267617,0.6099251054678809,0.3890761994265454,0.5785633953221375
25.86,35.390135,5.569535,0.39248944562743776,0.5673721810662536,0.3924890343396789,0.5571350083959483
25.88,36.373155,3.93112,0.39590227823006613,0.5531878007879899,0.39931480832058047,0.535706839447257
25.9,41.94381,-0.32874999999999505,0.4095540773361178,0.5106350928195269,0.4436839535932776,0.4857075969190625
25.92,48.82528,-3.60559,0.46416252361509447,0.4680820602013175,0.46074916970529134,0.4571365233395592
25.94,49.480615,-3.277895,0.46416236738324834,0.4609900864953497,0.46757494368619296,0.47142211462368533
25.96,49.152925,-1.63949,0.46416231530596636,0.48935852240213107,0.46416195254110754,0.47856480127699935
25.98,49.808279999999996,-0.98413,0.4675752520631587,0.48935852240213107,0.4675748395315583,0.4928501745836276
26.0,49.808275,0.3265900000000011,0.4675751999858767,0.5035426862472308,0.4675748395315583,0.5071355478902557
26.02,50.463635,0.65427,0.4709881367430691,0.5106347681697805,0.4709877785993264,0.5071355478902557
26.04,50.463625,1.30963,0.47098808466578707,0.5177268500923303,0.4709877265220091,0.5142782345435698
26.06,50.791305,1.63731,0.47098808466578707,0.5177268500923303,0.4744006655897772,0.521420921196884
26.08,50.791295,2.62035,0.47098803258850497,0.5248189320148802,0.4744006135124599,0.5357062945035121
26.1,51.118970000000004,3.27571,0.4744009172684153,0.5390030958599799,0.4744006135124599,0.5357062945035121
26.12,51.118965,3.27571,0.4744009172684153,0.5390030958599799,0.47440056143514253,0.5357062945035121
26.14,51.446635,2.94803,0.4744008651911333,0.53191101393743,0.4778134484255933,0.5357062945035121
26.16,51.446635,2.94803,0.4778138019483257,0.5390030958599799,0.4744005093578252,0.5285636078501981
26.18,51.774315,3.2757050000000003,0.4778138019483257,0.5390029876433978,0.4778134484255933,0.5357062945035121
26.2,51.774315,3.9310650000000003,0.4778138019483257,0.5460951777825297,0.4778134484255933,0.5428488721680773
26.22,51.774305,4.25875,0.47781374987104364,0.5460951777825297,0.47781339634827596,0.5499916678101403
26.24,51.774295,4.91411,0.47781369779376154,0.5531872597050795,0.47781334427095873,0.5571343544634544
26.26,51.446615,5.56947,0.4744007610365691,0.5602793416276294,0.47781334427095873,0.5642770411167686
26.28,51.446619999999996,6.22483,0.4744007610365691,0.574463505472729,0.47781339634827596,0.5642770411167686
26.3,56.689645,4.914095,0.4948789544298265,0.5602793416276294,0.5119437244176689,0.5499913408438933
26.32,58.0004,5.2417750000000005,0.511944054834045,0.5531870432719154,0.5085307332725835,0.5642769321280195
26.34,57.672725,6.5525,0.5085311180768526,0.5673713153335971,0.5085307853499008,0.5785623054346477
26.36,57.017365,7.20786,0.5051181813196602,0.5744633972561469,0.5051178462821326,0.5857049920879618
26.38,57.345034999999996,8.84627,0.5085310659995705,0.5957397512403785,0.5051177942048153,0.599990474383339
26.4,57.345034999999996,8.846274999999999,0.5051181292423782,0.5957397512403785,0.5085307332725835,0.599990583372088
26.42,57.345034999999996,8.846274999999999,0.5051181292423782,0.6028318331629282,0.5085307332725835,0.5928478967187738
26.44,57.672725,9.501639999999998,0.5085311180768526,0.6028319413795103,0.5085307853499008,0.6071332700254021
26.46,57.67272,9.17396,0.5085310659995705,0.6028319413795103,0.5085307853499008,0.599990583372088
26.48,57.67272,10.48468,0.5085310659995705,0.6170161052246099,0.5085307853499008,0.6142759566787162
26.5,57.345034999999996,10.484685,0.5085310659995705,0.6170162134411921,0.5051177942048153,0.6142759566787162
26.52,57.345034999999996,10.48469,0.5051181292423782,0.6170162134411921,0.5085307332725835,0.6142760656674652
26.54,57.345034999999996,9.82933,0.5051181292423782,0.6099241315186422,0.5085307332725835,0.607133379014151
26.56,57.672709999999995,8.84628,0.5085310139222885,0.6028319413795103,0.5085307332725835,0.5928478967187738
26.58,57.672715,8.51859,0.5085310659995705,0.5957397512403785,0.5085307332725835,0.5928477877300249
26.6,57.017355,8.51859,0.5051181292423782,0.5957397512403785,0.5051177942048153,0.5928477877300249
26.62,57.017355,8.190909999999999,0.5051181292423782,0.5957397512403785,0.5051177942048153,0.5857051010767108
26.64,57.017355,7.86323,0.5051181292423782,0.5886476693178286,0.5051177942048153,0.5857051010767108
26.66,57.01735,7.86323,0.5051180771650962,0.5886476693178286,0.5051177942048153,0.5857051010767108
26.68,57.017340000000004,6.552505,0.5051180771650962,0.5815555873952788,0.5051176900501807,0.5642769321280195
26.7,67.503185,2.29264,0.5153568353593914,0.5390027712102337,0.6040938604071675,0.514277907577323
26.72,103.220675,0.32653000000000026,0.7303740903856432,0.5035421451643204,0.7610906719213374,0.5071347849690129
26.74,105.186775,2.62031,0.7542649080724005,0.51772630900942,0.757677680776252,0.5428486541905794
26.76,105.186775,6.88017,0.757677844829593,0.5673712071170149,0.7542647417084839,0.5857048830992129
26.78,104.20374,9.50161,0.7508519713152081,0.6028316167297642,0.7508518547180331,0.6071329430591551
26.8,104.203745,10.484655,0.7508520233924901,0.609923698652314,0.7508518547180331,0.6214184253545323
26.82,104.203745,11.795375,0.7508520233924901,0.6311999444199634,0.7508518547180331,0.6285611120078464
26.84,103.54838000000001,13.10611,0.7474390345580156,0.6382922427756774,0.747438915650265,0.6499892809565375
26.86,103.548385,14.089144999999998,0.7474390866352977,0.6524764066207771,0.747438915650265,0.6571318586211027
26.88,103.548375,14.744499999999999,0.7474390345580156,0.6666604622492946,0.7474388635729476,0.6571318586211027
26.9,103.87606,14.41682,0.7474390345580156,0.6595683803267448,0.7508518547180331,0.6571318586211027
26.92,104.203745,15.39986,0.7508520233924901,0.6666604622492946,0.7508518547180331,0.6714172319277308
26.94,104.20375,16.055215,0.7508520233924901,0.6737525441718445,0.7508519067953504,0.678559809592296
26.96,104.85912,16.71056,0.7542650122269647,0.6808444096612302,0.7542648979404358,0.6857023872568611
26.98,105.1868,16.382865000000002,0.7542650122269647,0.680844193228066,0.757677837008204,0.6785595916147981
27.0,105.514475,16.055165000000002,0.7576779489841571,0.680844085011484,0.7576777849308867,0.671416577995237
27.02,104.85911,15.399785000000001,0.7542650122269647,0.67375178665577,0.7542647937858011,0.6642736733644249
27.04,104.8591,15.072075,0.7542649601496826,0.6666593800834739,0.7542647417084839,0.664273346398178
27.06,100.27153000000001,12.778275,0.7337871312973998,0.652474891588628,0.7269609167024352,0.6285593681878626
27.08,100.271505,12.7782,0.7303739862310792,0.6382899702274539,0.730373803692886,0.6428438695844989
27.1,99.28843499999999,13.10577,0.7269609453193224,0.645380969984183,0.7235477172480804,0.6428425617195113
27.12,97.32230999999999,13.43332,0.7167219267386169,0.652471645091166,0.7133086396581895,0.6428411448657744
27.14,95.68384,11.794785000000001,0.7098956886832577,0.6311939925079496,0.7030694579136639,0.6285542457166605
27.16,94.700755,10.156265,0.7030695547824626,0.617008421847283,0.6996563105366265,0.6071249868804794
27.18,94.373035,8.845435,0.699656409716142,0.6028230676197807,0.6996561022273573,0.5928384146976123
27.2,94.37301,7.862305,0.6962433167271033,0.5886378216088602,0.7030689371404908,0.5856948561343065
27.22,95.02963,7.206894999999999,0.703069086086924,0.5815451986034,0.7030821647790897,0.5785516245372474
27.24,95.028365,6.5515,0.7030691381642059,0.5744525755979398,0.7030689371404908,0.5714087199064354
27.26,94.70068,6.5515,0.703069086086924,0.5744525755979398,0.6996559980727226,0.5714087199064354
27.28,93.389955,6.551515,0.6962432125725391,0.574452683814522,0.6928300678598691,0.5714089378839334
27.3,92.734595,6.223855,0.6928302758153466,0.5673607101085543,0.6894171287921009,0.5714092648501803
27.32,91.75155000000001,6.223865,0.6860043502236797,0.5673609265417183,0.6860041897243329,0.5714092648501803
27.34,91.751545,6.55157,0.6860043502236797,0.5744532248974323,0.6860041376470155,0.5714095918164273
27.36,88.147055,4.91319,0.6860044023009618,0.5602693857020788,0.6484616516696143,0.5499816408452339
27.38,80.28266500000001,4.25784,0.6245710198986775,0.5460853300735613,0.6279838089537365,0.549981749833983
27.4,82.248755,4.913205,0.6348099343248188,0.5531774119961111,0.6382226261570408,0.557124545476046
27.42,82.576435,5.568575,0.6382228710820113,0.560269602135243,0.6382226261570408,0.5642673411181091
27.44,82.904115,5.568595,0.6382228710820113,0.5602698185684072,0.6416355652248089,0.564267559095607
27.46,82.57643,5.56862,0.6382228710820113,0.5602701432181534,0.6382225740797235,0.564267777073105
27.48,82.576425,5.240955,0.6382228190047292,0.5602702514347354,0.6382225740797235,0.5571253083972889
27.5,82.576425,4.585615,0.6382228190047292,0.5531783859453497,0.6382225740797235,0.5499828397214728
27.52,82.576415,4.585635,0.6382227669274471,0.5531786023785139,0.6382225220024061,0.5499830576989707
27.54,82.24874,3.602605,0.6382227669274471,0.5460866286725462,0.6348096350119553,0.5356977933810915
27.56,82.576425,1.96422,0.6382228190047292,0.5319026812606106,0.6382225740797235,0.5142698424098983
27.58,83.23179,-0.0018549999999955,0.6416357557619217,0.5035343535704114,0.6416355652248089,0.499984578092019
27.6,83.231805,-0.0018249999999966002,0.6416358599164858,0.5035346782201575,0.6416356173021263,0.49998490505826604
27.62,85.1979,0.3258700000000005,0.6416358599164858,0.5106269765758715,0.6621134079406868,0.49998501404701495
27.64,95.68376,-0.65716999999999,0.7030692943960523,0.49644281273077195,0.7098950235852962,0.492842327393701
27.66,95.68376,-0.001784999999989989,0.7064822311532446,0.4964430291639361,0.706482084517528,0.5071280276665762
27.68,95.356095,1.636635,0.7064823353078088,0.5177194913647496,0.7030691975270773,0.5214136189507022
27.7,95.028415,2.292005,0.7030693985506163,0.5248116815038815,0.7030691975270773,0.5285564145927651
27.72,95.028425,2.61969,0.7030694506278984,0.5319038716430133,0.7030692496043947,0.5285564145927651
27.74,94.373065,2.947375,0.6996565138707059,0.5319038716430133,0.6996563105366265,0.5356992102348284
27.76,94.70075,3.60274,0.7030694506278984,0.5389960617821452,0.6996563626139438,0.5428418968881423
27.78,94.04539,4.2581,0.6962435771135135,0.546088143704695,0.6996563626139438,0.5499845835414565
27.8,94.373075,4.258105,0.699656565947988,0.5460882519212772,0.6996563626139438,0.5499845835414565
27.82,93.71772,4.913475,0.6962436291907956,0.5602724157663768,0.6962434756234931,0.5499848015189545
27.84,94.04541,4.585795,0.6962436812680777,0.553180333843827,0.6996564667685785,0.5499848015189545
27.86,93.717745,4.5858,0.6962437854226419,0.5531804420604091,0.6962435797781278,0.5499848015189545
27.88,96.33920499999999,3.60276,0.6996566701025522,0.5460883601378592,0.7201344136390911,0.5356994282123263
27.9,99.288365,2.619725,0.7269605287010661,0.5319041962927596,0.7235474047841766,0.5285568505477611
27.92,98.96069,3.93046,0.7235475919438735,0.5460884683544414,0.7235474568614939,0.5428424418318872
27.94,98.633015,4.258145,0.7201347072639631,0.5531806584935732,0.7235474568614939,0.5428424418318872
27.96,98.9607,4.25814,0.7235476440211558,0.5460885765710234,0.7235475089388113,0.5499850194964524
27.98,99.28838,4.258145,0.7235476440211558,0.5460885765710234,0.7269604480065793,0.5499851284852014
28.0,98.960715,3.93047,0.7235477481757198,0.5460886847876055,0.7235475610161284,0.5428424418318872
28.02,98.960715,3.93046,0.7235477481757198,0.5460885765710234,0.7235475610161284,0.5428423328431383
28.04,98.960715,3.275105,0.7235477481757198,0.5389964946484737,0.7235475610161284,0.5356997551785732
28.06,107.152815,2.29209,0.7542644914541441,0.5389968192982197,0.7781553151828606,0.5142719131961289
28.08,109.446605,1.63673,0.7781554132954656,0.5177204653139883,0.7781552631055434,0.521414708838192
28.1,109.77429000000001,3.275155,0.781568350052658,0.5389970357313839,0.7781553151828606,0.5357003001223181
28.12,109.118925,4.25821,0.7781554132954656,0.5460892258705159,0.7747423240377752,0.5499858914064443
28.14,108.791245,4.585905,0.7747424765382731,0.5531815242262298,0.7747423240377752,0.5499860003951932
28.16,108.463565,5.568955,0.7747424765382731,0.5602737143653617,0.7713293849700071,0.5642714826905704
28.18,108.13589,5.568965,0.7713295397810807,0.5602738225819438,0.7713294370473245,0.5642715916793194
28.2,107.480535,6.552004999999999,0.7679166551011702,0.5744579864270434,0.7679164979795563,0.5714142783326335
28.22,107.48054,6.879695,0.7679166551011702,0.5744580946436255,0.7679165500568736,0.5785570739746966
28.24,107.48054,7.53506,0.7679166551011702,0.5815502847827574,0.7679165500568736,0.5856997606280107
28.26,107.480545,7.53506,0.7679167071784524,0.5815502847827574,0.7679165500568736,0.5856997606280107
28.28,107.152865,8.518105,0.7679167071784524,0.5957344486278571,0.7645036109891056,0.5928425562700738
28.3,107.480545,8.190425,0.7679167071784524,0.5886423667053072,0.7679165500568736,0.5928425562700738
28.32,107.48055,8.19043,0.7679167071784524,0.5957345568444391,0.767916602134191,0.5856998696167596
28.34,104.85908,8.518115,0.7610907815867854,0.5957345568444391,0.7474387073409957,0.5928426652588228
28.36,103.54835,8.51814,0.7474388783261695,0.5957348814941853,0.7474387594183131,0.5928428832363207
28.38,103.22067,10.15655,0.7474389304034514,0.609919045339285,0.7440257682732276,0.6142711611737609
28.4,102.565315,10.15655,0.7406130568890666,0.6170112354784169,0.744025820350545,0.6071283655316978
28.42,102.892995,10.156559999999999,0.7440259936462592,0.609919261772449,0.744025820350545,0.6142711611737609
28.44,102.892995,10.48424,0.7440259936462592,0.6170113436949989,0.744025820350545,0.6142711611737609
28.46,102.892995,10.156559999999999,0.7440259936462592,0.609919261772449,0.744025820350545,0.6142711611737609
28.48,103.220675,9.82888,0.7474389304034514,0.609919261772449,0.744025820350545,0.6071284745204468
28.5,110.42973,8.845849999999999,0.7679167592557344,0.6028271798498992,0.7986336265945945,0.5928433191913166
28.52,113.051215,7.86281,0.798633762920569,0.5886430160047996,0.7952205833721917,0.5857006325380025
28.54,112.72353,8.845865,0.7952207220088123,0.5957353143605136,0.7952206354495089,0.5999861148333796
28.56,112.723535,9.17354,0.7952207740860945,0.6028273962830635,0.7952206354495089,0.5999860058446307
28.58,112.395845,9.501225000000002,0.7952207220088123,0.6099194782056133,0.7918076443044235,0.5999861148333796
28.6,112.06817,8.845859999999998,0.791807837328902,0.5957353143605136,0.7918076443044235,0.5999860058446307
28.62,112.06817,9.501225,0.791807837328902,0.6028273962830635,0.7918076443044235,0.6071288014866938
28.64,112.068165,9.828915,0.79180778525162,0.6099195864221953,0.7918076443044235,0.6071289104754428
28.66,112.395845,9.50123,0.79180778525162,0.6028275044996455,0.7952205833721917,0.6071288014866938
28.68,112.723525,9.173555,0.7952207220088123,0.6028275044996455,0.7952205833721917,0.5999862238221286
28.7,113.37888,9.50124,0.7986336587660048,0.6028276127162275,0.7986334703626424,0.6071289104754428
28.72,116.00035,8.51819,0.7986336066887227,0.6028275044996455,0.8259373474460086,0.5857007415267516
28.74,126.486295,6.22442,0.8634804986983023,0.5744591768094461,0.8703063885640712,0.5642724635893113
28.76,127.141635,7.2074750000000005,0.870306320135405,0.5744591768094461,0.8703062323321191,0.5857008505155005
28.78,126.486285,9.173565,0.8668934354554946,0.6028276127162275,0.8668933453416684,0.5999863328108777
28.8,126.81397,10.15661,0.8703063722126873,0.6099196946387774,0.8668933974189857,0.6142718151062547
28.82,126.48629,10.811975,0.8668934354554946,0.6170118847779092,0.8668933974189857,0.6214145017595689
28.84,126.48629,11.139655,0.8668934354554946,0.6170118847779092,0.8668933974189857,0.628557188412883
28.86,126.48629,11.79502,0.8668934354554946,0.631196156839591,0.8668933974189857,0.628557188412883
28.88,126.48629,11.467345,0.8668934354554946,0.6241040749170411,0.8668933974189857,0.628557297401632
28.9,126.15861,11.795024999999999,0.8668934354554946,0.631196156839591,0.8634804583512176,0.628557297401632
28.92,126.158615,11.79503,0.8634805507755843,0.631196265056173,0.8668933974189857,0.628557297401632
28.94,126.486295,11.13966,0.8668934875327768,0.6241040749170411,0.8668933974189857,0.6214145017595689
28.96,126.486295,10.811979999999998,0.8668934875327768,0.6241040749170411,0.8668933974189857,0.6142718151062547
28.98,128.4524,9.17358,0.8703064242899692,0.6099199110719415,0.8839583531444128,0.5928437551463125
29.0,131.72924,6.8798,0.8941973461312908,0.5744592850260283,0.8941972224250345,0.5785581638621864
29.02,130.7462,7.862855,0.8873714205396237,0.58864355708771,0.8907843354345837,0.5857010684929984
29.04,130.7462,8.51821,0.8907843572968163,0.5957356390102597,0.8873713963668156,0.5928436461575636
29.06,130.418525,8.518215,0.8873714726169059,0.5957356390102597,0.8873713963668156,0.5928437551463125
29.08,130.418525,8.846955000000001,0.8873714726169059,0.5957356390102597,0.8873713963668156,0.6000095474144109
29.1,130.418525,9.173575,0.8873714726169059,0.6028277209328096,0.8873713963668156,0.5999864417996267
29.12,130.418525,9.173575,0.8873714726169059,0.6028278291493917,0.8873713963668156,0.5999863328108777
29.14,130.418525,9.17357,0.8873714726169059,0.6028277209328096,0.8873713963668156,0.5999863328108777
29.16,131.07389,8.84589,0.8873714726169059,0.6028277209328096,0.8941973265796692,0.5928436461575636
29.18,141.887535,7.20751,0.9351534204541128,0.5886437735208742,0.9590444708001962,0.5714158041751192
29.2,144.50901,6.22448,0.9624573832071909,0.5673675277532246,0.9590443666455616,0.5714160221526171
29.22,144.509005,7.535215,0.9624573311299089,0.5815519080314884,0.9590443666455616,0.5857015044479944
29.24,144.18133,8.19058,0.9590443943727163,0.5886440981706202,0.9590444187228788,0.5928441911013085
29.26,143.85365000000002,8.845945,0.9590444464499985,0.5957361800931701,0.9556314275777934,0.5999869867433715
29.28,143.52597,9.501304999999999,0.955631457615524,0.6028282620157199,0.9556314796551107,0.6071296733966856
29.3,143.52596499999999,9.828994999999999,0.955631457615524,0.6099204521548518,0.9556314275777934,0.6071297823854346
29.32,143.853645,9.829,0.9590443943727163,0.6099205603714339,0.9556314275777934,0.6071297823854346
29.34,144.18131499999998,10.48436,0.9590443422954343,0.6170126422939838,0.9590443145682442,0.6142724690387488
29.36,144.508995,10.81204,0.9624572790526267,0.6170126422939838,0.9590443145682442,0.6214151556920628
29.38,144.83667,11.467405,0.9624572269753447,0.6241047242165335,0.9624572536360123,0.6285579513341258
29.4,143.853625,12.45045,0.9556313534609598,0.6382889962782153,0.9590442624909269,0.6357006379874399
29.42,144.83666499999998,12.122775,0.9624572269753447,0.6311969143556655,0.962457201558695,0.635700746976189
29.44,144.50898,12.77814,0.9624572269753447,0.6382891044947974,0.9590442104136095,0.642843433629503
29.46,144.836655,12.45046,0.9624571748980625,0.6382891044947974,0.9624571494813776,0.635700746976189
29.48,144.836655,12.450455,0.9624571748980625,0.6382889962782153,0.9624571494813776,0.635700746976189
29.5,144.836655,13.10582,0.9624571748980625,0.6453811864173472,0.9624571494813776,0.642843433629503
29.52,144.83664499999998,13.433499999999999,0.9624571228207806,0.6453811864173472,0.9624570974040603,0.6499861202828171
29.54,144.83664499999998,13.76118,0.9624571228207806,0.6524732683398969,0.9624570974040603,0.6499861202828171
29.56,145.164325,13.76118,0.9624571228207806,0.6524732683398969,0.9658700364718285,0.6499861202828171
29.58,145.49201,14.088865,0.9658700595779729,0.6524732683398969,0.9658700885491458,0.6571289159248802
29.6,145.492005,14.744230000000002,0.9658700595779729,0.6595654584790289,0.9658700364718285,0.6642716025781943
29.62,61.933614999999996,15.39959,0.965870111655255,0.6666575404015788,0.09557062626827796,0.6714142892315084
29.64,145.819695,15.72727,0.965870111655255,0.6737496223241286,0.9692830276169139,0.6714142892315084
29.66,145.49201499999998,15.727255,0.9624571748980625,0.6737495141075465,0.9692830276169139,0.6714140712540104
29.68,146.475065,15.39958,0.9692831004897297,0.6737495141075465,0.9726960187619993,0.6642714935894453
29.7,147.45811500000002,15.071905000000001,0.9761090260813964,0.6666574321849966,0.9761090099070848,0.6642716025781943
29.72,147.785805,15.399585,0.979522014915871,0.6666574321849966,0.9761090619844022,0.6714142892315084
29.74,148.1135,16.382635,0.9795220669931529,0.6808417042466783,0.9795221052068047,0.6785570848735715
29.76,148.76887,16.71032,0.9829350558276274,0.6808418124632604,0.9829350963518902,0.6856997715268855
29.78,148.76887,18.348730000000003,0.9829350558276274,0.6950260845249422,0.9829350963518902,0.7071279404755768
29.8,148.11351,20.6425,0.9795221190704351,0.7233945204317235,0.9795221572841221,0.7285561094242682
29.82,148.113515,21.29787,0.979522171147717,0.7304867105708555,0.9795221572841221,0.7356989050663311
29.84,147.785835,21.953235,0.979522171147717,0.7375787924934053,0.976109218216354,0.7428417007083943
29.86,147.45815499999998,22.93628,0.9761092343905248,0.7446709826325372,0.976109218216354,0.7571270740150224
29.88,147.45816,23.26396,0.9761092343905248,0.751763064555087,0.9761092702936713,0.7571270740150224
29.9,147.45817,23.263955000000003,0.9761092864678067,0.7517629563385049,0.9761093223709887,0.7571270740150224
29.92,147.78586,23.591635,0.9761093385450889,0.7588550382610547,0.9795223135160741,0.7571270740150224
29.94,148.11355500000002,24.246975,0.9795223794568454,0.7659470119670224,0.9795223655933915,0.7642694337020896
29.96,142.87063,21.95321,0.9795224315341275,0.7588548218278907,0.9249148197359285,0.721413313782205
29.98,80.610725,6.55222,0.7542659496180418,0.6241048324331157,0.5017056883741242,0.5214178695119124
30.0,25.559835,-6.22729,0.34812210102044916,0.4397109188799843,0.3344692784968903,0.4285629430188293
30.02,27.52593,-2.9504349999999997,0.34812184063403884,0.46098770573054415,0.3549473295220375,0.4785624035245218
30.04,28.508955,0.3263600000000001,0.35494766207114165,0.5035401972658431,0.35836016443517094,0.5071330411490292
30.06,29.491979999999998,1.30941,0.36177348350824445,0.5177244693275248,0.3617729993483045,0.5142758367910922
30.08,30.147325,1.30941,0.3651863161108727,0.5177244693275248,0.36518588633875526,0.5142758367910922
30.1,30.802665,1.63709,0.3685991487135011,0.5177244693275248,0.3685987212518887,0.5214185234444063
30.12,30.802665,2.29246,0.3685991487135011,0.5248166594666567,0.3685987212518887,0.5285613190864694
30.14,31.785694999999997,3.2754950000000003,0.37201203339341143,0.5390007150951743,0.3754245473101076,0.5357040057397835
30.16,31.458015000000003,3.60318,0.37201203339341143,0.5460929052343062,0.3720116082423396,0.5357040057397835
30.18,30.147260000000003,2.29247,0.3754249701506039,0.5390008233117564,0.3549465483622778,0.5142761637573392
30.2,19.00591,-4.261150000000001,0.31057792190917816,0.4609879221637084,0.30375131664477506,0.44999154792251644
30.22,20.31664,-3.605765,0.31399080658908857,0.46098803038029035,0.3139902900800314,0.46427735718414054
30.24,20.31662,-2.29504,0.31399065035724233,0.4751723024419721,0.31399023800271403,0.47856273049076875
30.26,20.971980000000002,-0.98431,0.3174036391917169,0.48935657450365383,0.31740312499316486,0.49284821278614593
30.28,20.31662,-0.0012599999999949,0.3139907024345244,0.5035408465653356,0.31399018592539674,0.49999100842820904
30.3,20.644295,-0.0012699999999981,0.31399065035724233,0.5035407383487535,0.31740312499316486,0.49999089943946
30.32,20.644295,-0.0012649999999964998,0.31399065035724233,0.5035408465653356,0.31740312499316486,0.49999089943946
30.34,20.644289999999998,-0.0012699999999981,0.3174035350371527,0.5035407383487535,0.31399018592539674,0.49999089943946
30.36,19.988925000000002,-0.0012699999999981,0.3139905982799603,0.5035407383487535,0.3105771947803113,0.49999089943946
30.38,19.988909999999997,0.65409,0.31399054620267824,0.5106328202713033,0.3105770906256767,0.507133586092774
30.4,19.005850000000002,0.98177,0.3071645685337292,0.5177249021938531,0.30716404740327397,0.507133586092774
30.42,18.02279,-0.0012699999999981,0.3037515276219727,0.5035407383487535,0.3003380651131031,0.49999089943946
30.44,17.367415,0.65409,0.3003384867102161,0.5106328202713033,0.29692507396801765,0.507133586092774
30.46,17.039725,0.65409,0.2969254978757417,0.5106328202713033,0.2969250218907003,0.507133586092774
30.48,16.712040000000002,0.98176,0.2969254457984596,0.5106327120547213,0.2935120828229322,0.5142761637573392
30.5,17.039720000000003,0.98176,0.2969254457984596,0.5177247939772711,0.2969250218907003,0.5071334771040251
30.52,17.039715,0.65407,0.2969254457984596,0.5106326038381391,0.296924969813383,0.5071333681152761
30.54,16.384355,0.98176,0.29351250904126713,0.5106327120547213,0.2935120307456149,0.5142761637573392
30.56,16.712035,1.30943,0.29351250904126713,0.517724685760689,0.296924969813383,0.5142760547685902
30.58,17.039720000000003,1.63711,0.2969254457984596,0.517724685760689,0.2969250218907003,0.5214187414219044
30.6,17.367404999999998,2.2924700000000002,0.2969254978757417,0.5248167676832388,0.30033796095846843,0.5285614280752184
30.62,17.695095,2.620155,0.3003384867102161,0.5248167676832388,0.3003380130357858,0.5357042237172814
30.64,17.695095,3.27552,0.3003384867102161,0.5390010397449205,0.3003380130357858,0.5357042237172814
30.66,18.350455,3.27552,0.3037514234674085,0.5390010397449205,0.3037509521035539,0.5357042237172814
30.68,18.350455,3.275525,0.3037514234674085,0.5390010397449205,0.3037509521035539,0.5357043327060305
30.7,19.005825,2.94785,0.30716441230188307,0.5319090660389528,0.3071639432486393,0.5357043327060305
30.72,18.678145,2.620165,0.3037514755446906,0.5319089578223707,0.3071639432486393,0.5285616460527164
30.74,19.005825,2.62017,0.30716441230188307,0.5319090660389528,0.3071639432486393,0.5285616460527164
30.76,19.661189999999998,2.29248,0.3105773490590755,0.5319089578223707,0.31057693439372475,0.5214188504106533
30.78,19.988875,1.9648,0.31057740113635757,0.5248168758998208,0.3139898734614928,0.5214188504106533
30.8,20.316565,1.30944,0.313990389970832,0.5177247939772711,0.31398992553881017,0.5142761637573392
30.82,21.29961,1.9648,0.31740332672802446,0.5248168758998208,0.32081585575166366,0.5214188504106533
30.84,21.954965,1.964795,0.3208162634852169,0.5248168758998208,0.32422874274211444,0.5214187414219044
30.86,22.610315,1.30943,0.32422914816512727,0.517724685760689,0.3276416297325653,0.5142760547685902
30.88,22.93799,1.30942,0.3276420849223197,0.517724577544107,0.327641577655248,0.5142759457798413
30.9,22.937980000000003,1.30942,0.3276420328450376,0.517724577544107,0.32764152557793064,0.5142759457798413
30.92,22.937980000000003,1.6371,0.3276420328450376,0.517724577544107,0.32764152557793064,0.5214186324331553
30.94,23.593345,2.62013,0.3310549696022301,0.5319086331726245,0.33105451672301606,0.5285612100977205
30.96,23.921035,3.2754849999999998,0.33446790635942253,0.5390006068785923,0.3310546208776507,0.5357038967510345
30.98,24.248725,2.62012,0.33446801051398667,0.5319085249560425,0.3344675599454188,0.5285611011089715
31.0,24.248725,2.620115,0.33446801051398667,0.5319084167394603,0.3344675599454188,0.5285611011089715
31.02,24.248730000000002,2.62011,0.33446801051398667,0.5319084167394603,0.3344676120227361,0.5285609921202225
31.04,25.88714,1.309385,0.33788094727117907,0.5248163348169106,0.3481194724484432,0.5071328231715312
31.06,29.491695,-0.9843949999999999,0.3617719732670646,0.4964477906935471,0.36177154118341953,0.48570454523409096
31.08,29.491695,-0.3290249999999995,0.3617719732670646,0.4964477906935471,0.36177154118341953,0.4999901365182171
31.1,29.491695,-0.00134499999999705,0.3617719732670646,0.503539980832679,0.36177154118341953,0.4999900275294682
31.12,29.16402,-0.0013499999999951,0.3583590365098723,0.503539872616097,0.3617715932607369,0.4999900275294682
31.14,29.164015,0.65401,0.3617719732670646,0.5106319545386467,0.3583586021156514,0.5071327141827823
31.16,28.836335,0.65401,0.3583590365098723,0.5106319545386467,0.3583586021156514,0.5071327141827823
31.18,28.508650000000003,0.65401,0.3583590365098723,0.5106319545386467,0.35494561097056604,0.5071327141827823
31.2,28.508645,0.654005,0.3583589844325902,0.5106319545386467,0.35494561097056604,0.5071326051940332
31.22,28.180975,0.654,0.3549460997526798,0.5106318463220647,0.35494566304788333,0.5071326051940332
31.24,28.180975,0.654005,0.3549460997526798,0.5106319545386467,0.35494566304788333,0.5071326051940332
31.26,27.853295,1.30936,0.3549460997526798,0.5177239282446144,0.3515327239801152,0.5142752918473473
31.28,27.853295,1.30936,0.35153316299548737,0.5177239282446144,0.35494566304788333,0.5142752918473473
31.3,27.525615,1.63703,0.35153316299548737,0.5248159019505823,0.3515327239801152,0.5142751828585984
31.32,27.525615,1.30935,0.35153316299548737,0.5177238200280324,0.3515327239801152,0.5142751828585984
31.34,27.197935,1.30935,0.35153316299548737,0.5177238200280324,0.34811978491234713,0.5142751828585984
31.36,26.870255,0.98167,0.3481202262382949,0.5106317381054826,0.34811978491234713,0.5142751828585984
31.38,26.870255,1.30934,0.3481202262382949,0.5177237118114504,0.34811978491234713,0.5142750738698494
31.4,26.54258,1.30934,0.3481202262382949,0.5177237118114504,0.3447068979218963,0.5142750738698494
31.42,26.542569999999998,23.59158,0.3447072374038204,0.9999852825448385,0.34811978491234713,0.5142750738698494
31.44,26.542565,1.63702,0.3481201741610128,0.5248157937340002,0.3447067937672617,0.5142750738698494
31.46,26.214885,0.65397,0.3447072374038204,0.5106315216723185,0.3447067937672617,0.5071322782277863
31.48,26.214875,0.32630000000000126,0.3447071853265384,0.5106316298889005,0.34470674168994436,0.49998970056322123
31.5,26.87022,-0.656755,0.3481200700064488,0.49644735782721877,0.3481195766030778,0.49284679593240915
31.52,26.870215,-0.98444,0.3481200179291667,0.49644724961063674,0.3481195766030778,0.485704109279095
31.54,30.147054999999998,-1.967485,0.358358828200744,0.48226297754895503,0.37201056669599314,0.47856142262578094
31.56,32.113185,-2.295175,0.3754240327595268,0.4751707874098231,0.37542350576376127,0.47856131363703197
31.58,31.457814999999997,-1.639805,0.3720109918477702,0.48226297754895503,0.37201056669599314,0.485704109279095
31.6,31.457805,-1.312125,0.37201093977048816,0.4893550594715048,0.37201051461867585,0.485704109279095
31.62,31.4578,-1.639815,0.37201093977048816,0.4893550594715048,0.3720104625413585,0.478561204648283
31.64,31.130115,-2.29518,0.3720108876932061,0.48226286933237295,0.36859752347359037,0.47141851799496887
31.66,31.130110000000002,-2.29518,0.3720108876932061,0.4751707874098231,0.368597471396273,0.478561204648283
31.68,30.802419999999998,-2.62286,0.3685978467814495,0.4751707874098231,0.368597471396273,0.47141851799496887
31.7,30.474735000000003,-2.62286,0.36518491002425707,0.4751707874098231,0.3685974193189558,0.47141851799496887
31.72,30.802415,-2.95054,0.3685978467814495,0.4751707874098231,0.3685974193189558,0.46427583134165484
31.74,30.802410000000002,-3.27823,0.3685977947041674,0.46807859727069123,0.3685974193189558,0.4642757223529058
31.76,32.440865,-5.2443100000000005,0.3685978467814495,0.4609865153481414,0.3856626354309695,0.4285622890863353
31.78,38.666975,-8.84883,0.40955433772252825,0.4113416172405464,0.4095539379877887,0.39999099752933404
31.8,38.666965,-8.52114,0.40955428564524615,0.40424953531799657,0.40955388591047137,0.41427658881346024
31.82,38.339285000000004,-7.538095,0.40955428564524615,0.41843369916309625,0.40614094684270324,0.4214193844555233
31.84,38.339285000000004,-7.21042,0.4061413488880537,0.4255257810856461,0.40955388591047137,0.4214192754667743
31.86,38.011605,-7.86578,0.4061413488880537,0.41843369916309625,0.40614094684270324,0.41427658881346024
31.88,38.33929,-6.88275,0.40955428564524615,0.42552567286906395,0.4061409989200206,0.42856185313133943
31.9,38.011615,-7.21043,0.4061414009653358,0.42552567286906395,0.4061409989200206,0.4214191664780253
31.92,38.011610000000005,-6.55507,0.4061413488880537,0.4326177547916138,0.4061409989200206,0.42856185313133943
31.94,37.683930000000004,-6.8827549999999995,0.40272841213086125,0.4255255646524819,0.4061409989200206,0.42856185313133943
31.96,37.356255,-6.8827549999999995,0.40272846420814334,0.42552567286906395,0.40272805985225246,0.42856174414259046
31.98,37.356245,-6.8827549999999995,0.40272841213086125,0.4326176465750317,0.4027280077749351,0.4214191664780253
32.0,38.33932,-8.193480000000001,0.40272846420814334,0.4184334827299321,0.41296713744214336,0.40713368418264817
32.02,40.30546,-9.176525,0.41979361668964404,0.40424921066825037,0.4163802327418635,0.39999099752933404
32.04,39.65009,-7.86579,0.4163805757778875,0.4184335909465142,0.41296729367409535,0.4142764798247113
32.06,39.322415,-7.5381149999999995,0.41296769109797715,0.4255255646524819,0.41296729367409535,0.4142764798247113
32.08,39.322410000000005,-7.8658,0.41296763902069505,0.4184334827299321,0.41296729367409535,0.41427637083596225
32.1,38.994730000000004,-7.86579,0.4095547022635026,0.4184335909465142,0.41296729367409535,0.4142764798247113
32.12,39.322405,-7.8658,0.41296763902069505,0.4184334827299321,0.412967241596778,0.41427637083596225
32.14,39.977765,-7.865795,0.4163805757778875,0.4184335909465142,0.41638018066454613,0.41427637083596225
32.16,40.30544,-7.8658,0.4163805757778875,0.4184334827299321,0.4197930676549969,0.41427637083596225
32.18,40.633120000000005,-7.865805,0.41979346045779786,0.41843337451335005,0.41979311973231426,0.41427637083596225
32.2,41.288475,-6.882765,0.4232063972149903,0.42552545643589984,0.42320600672276504,0.42856174414259046
32.22,40.960795000000005,-6.2274,0.41979346045779786,0.4326176465750317,0.42320600672276504,0.43570443079590454
32.24,40.633115000000004,-6.22739,0.41979346045779786,0.4326177547916138,0.4197930676549969,0.4357045397846535
32.26,40.633115000000004,-5.8997150000000005,0.41979346045779786,0.43970972849758155,0.4197930676549969,0.4357045397846535
32.28,40.633115000000004,-5.89971,0.41979346045779786,0.43970983671416364,0.4197930676549969,0.4357045397846535
32.3,40.96079,-5.244345,0.4197934083805158,0.4468019186367135,0.42320600672276504,0.44284733542671656
32.32,40.960785,-5.24434,0.4232063451377082,0.4468020268532955,0.4197930155776796,0.44284733542671656
32.34,40.633105,-5.8997,0.4197934083805158,0.43970994493074567,0.4197930155776796,0.4357046487734025
32.36,45.876105,-6.88274,0.4266193860494648,0.43261786300819594,0.46757530822741417,0.4214192754667743
32.38,58.655834999999996,-9.176535,0.5119444193750196,0.4042491024516683,0.5153570280266582,0.3999908885405851
32.4,58.328140000000005,-7.5381149999999995,0.5119443152204554,0.4184334827299321,0.5119440368815728,0.4214191664780253
32.42,58.000455,-7.21044,0.5119443152204554,0.4255255646524819,0.5085310457364873,0.4214190574892764
32.44,57.01741,-7.210435,0.5051184417060706,0.4255255646524819,0.5051180545914018,0.4214191664780253
32.46,57.017395,-6.88276,0.5051183375515064,0.4255255646524819,0.5051180025140846,0.42856174414259046
32.48,57.34507,-5.89971,0.5051182854742243,0.43970983671416364,0.5085309415818527,0.4357045397846535
32.5,57.67275,-5.572025,0.5085312222314167,0.43970994493074567,0.5085309415818527,0.44284722643796764
32.52,57.672745,-5.572025,0.5085312222314167,0.43970983671416364,0.5085308895045354,0.44284733542671656
32.54,57.672755,-5.244345,0.5085312743086988,0.4468019186367135,0.5085309415818527,0.44284733542671656
32.56,58.000429999999994,-5.24434,0.5119442110658913,0.4468020268532955,0.5085308895045354,0.44284733542671656
32.58,57.672745,-5.24434,0.5085312222314167,0.4468020268532955,0.5085308895045354,0.44284733542671656
32.6,58.000425,-5.24434,0.5119441589886091,0.4468020268532955,0.5085308895045354,0.44284733542671656
32.62,57.672740000000005,-5.57202,0.5085311701541347,0.43970994493074567,0.5085308895045354,0.44284733542671656
32.64,57.672745,-5.572025,0.5085312222314167,0.43970994493074567,0.5085308895045354,0.44284722643796764
32.66,57.345060000000004,-5.89971,0.5085311701541347,0.43970983671416364,0.5051179504367672,0.4357045397846535
32.68,59.966515,-7.21043,0.5085311701541347,0.4326177547916138,0.5324216192108642,0.4142764798247113
32.7,66.84787,-9.17652,0.5563128055276494,0.4042493188848325,0.5563124530718275,0.39999099752933404
32.72,65.864825,-8.52115,0.5528998166931749,0.41134140080738224,0.5494865749362913,0.4071339021601461
32.74,64.881775,-6.882745,0.546073891101508,0.42552567286906395,0.5460735837912057,0.42856196212008846
32.76,64.554095,-6.55506,0.546073891101508,0.43261786300819594,0.5426606447234377,0.42856196212008846
32.78,64.554095,-6.22738,0.546073891101508,0.43261786300819594,0.5426606447234377,0.4357046487734025
32.8,64.226415,-5.8996949999999995,0.5426609543443155,0.4397100531473278,0.5426606447234377,0.4357046487734025
32.82,64.55409,-5.8997,0.5426609022670335,0.43970994493074567,0.5460735837912057,0.4357046487734025
32.84,64.881765,-6.555065,0.5460738390242259,0.4326177547916138,0.5460735317138885,0.42856196212008846
32.86,64.881755,-6.227385,0.5460737869469439,0.4326177547916138,0.5460734796365712,0.4357046487734025
32.88,64.881745,-6.227395,0.5460737348696617,0.4326176465750317,0.5460734275592538,0.4357045397846535
32.9,65.537105,-6.55508,0.5494866716268542,0.4326176465750317,0.5494863666270219,0.42856174414259046
32.92,65.537105,-6.55508,0.5494866716268542,0.4326176465750317,0.5494863666270219,0.42856174414259046
32.94,65.537105,-6.55508,0.5494866716268542,0.4326176465750317,0.5494863666270219,0.42856174414259046
32.96,65.53711,-6.55509,0.5494866716268542,0.4326175383584497,0.5494864187043392,0.4285616351538415
32.98,65.20943,-6.55509,0.5494866716268542,0.4326175383584497,0.5460734796365712,0.4285616351538415
33.0,64.88175,-6.22741,0.5460737869469439,0.4326175383584497,0.5460734275592538,0.43570432180715557
33.02,64.554075,-5.57205,0.5460737869469439,0.4397096202809995,0.542660540568803,0.4428470084604697
33.04,63.571025000000006,-5.572055000000001,0.5392478613552768,0.43970951206441744,0.5392475494237177,0.4428470084604697
33.06,63.571025000000006,-5.89974,0.5392478613552768,0.43970951206441744,0.5392475494237177,0.43570421281840654
33.08,59.638819999999996,-6.22742,0.518770032502994,0.43970951206441744,0.5187696546305224,0.42856152616509247
33.1,60.62186,-6.22742,0.5221829171829044,0.4326174301418676,0.5255955848433759,0.43570421281840654
33.12,59.966495,-5.57205,0.5221829171829044,0.4397096202809995,0.5187696546305224,0.4428470084604697
33.14,59.638805,-5.24437,0.5187699283484298,0.4468017022035493,0.518769602553205,0.4428470084604697
33.16,59.966475,-5.24437,0.5221828130283404,0.4468017022035493,0.5187695504758878,0.4428470084604697
33.18,59.31111,-5.24437,0.5153569395139554,0.4468017022035493,0.5187694983985704,0.4428470084604697
33.2,59.311095,-5.24437,0.5187697721165838,0.4468017022035493,0.515356507253485,0.4428470084604697
33.22,58.983415,-4.91669,0.5153568353593914,0.4468017022035493,0.515356507253485,0.4499896951137837
33.24,58.983405,-5.244375,0.5153567832821093,0.4468015939869673,0.5153564551761677,0.4428470084604697
33.26,59.638765,-4.91669,0.5187697200393018,0.4468017022035493,0.5187693942439358,0.4499896951137837
33.28,59.638765,-4.916685,0.5187697200393018,0.45389378412609915,0.5187693942439358,0.4428471174492186
33.3,59.638755,-5.244365,0.5187696679620196,0.4468017022035493,0.5187693421666184,0.4428471174492186
33.32,59.63875,-5.2443550000000005,0.5187696679620196,0.4468018104201314,0.5187692900893011,0.44284722643796764
33.34,59.638745,-4.91667,0.5187696158847376,0.4468018104201314,0.5187692900893011,0.4499900220800307
33.36,59.638745,-5.24434,0.5187696158847376,0.4468020268532955,0.5187692900893011,0.44284733542671656
33.38,59.966425,-5.2443349999999995,0.52218255264193,0.4468020268532955,0.5187692900893011,0.4428474444154656
33.4,60.294105,-5.24433,0.52218255264193,0.4468020268532955,0.5221822291570692,0.44284755340421456
33.42,59.96642,-5.572005,0.5255954893991225,0.4397100531473278,0.5153562989442158,0.44284755340421456
33.44,53.412765,-6.227355,0.48805287260631325,0.43971016136390983,0.48463958694771614,0.4285622890863353
33.46,54.39581,-6.22734,0.4914658093635057,0.4326181876579421,0.49146551716056963,0.4357051937171474
33.48,53.740449999999996,-5.57197,0.48805287260631325,0.43971048601365603,0.4880525780928015,0.4428478803704615
33.5,54.068135,-5.24429,0.48805292468359535,0.4468025679362059,0.49146551716056963,0.4428478803704615
33.52,54.723485,-5.899645,0.4914658093635057,0.43971048601365603,0.4948784041510204,0.4357053027058964
33.54,55.051159999999996,-5.57197,0.49487869404341606,0.43971048601365603,0.4948784041510204,0.4428478803704615
33.56,55.051155,-5.24429,0.49487869404341606,0.4468025679362059,0.4948783520737032,0.4428478803704615
33.58,55.051155,-5.24429,0.49487869404341606,0.4468025679362059,0.4948783520737032,0.4428478803704615
33.6,55.05115,-4.26125,0.494878641966134,0.4609867317813055,0.4948783520737032,0.4499905670237756
33.62,54.723475,-4.261245000000001,0.49146575728622366,0.4538946498587557,0.4948783520737032,0.45713336266583865
33.64,54.723470000000006,-3.93357,0.4914657052089416,0.4609867317813055,0.4948783520737032,0.4571332536770897
33.66,54.723475,-4.26125,0.49146575728622366,0.4609867317813055,0.4948783520737032,0.4499905670237756
33.68,54.39579,-4.26126,0.49146575728622366,0.4609866235647235,0.4914653609286177,0.44999045803502663
33.7,53.74043,-4.261255,0.49146575728622366,0.45389454164217363,0.48463948279308156,0.4571332536770897
33.72,53.412745,-4.261245000000001,0.48463977961727467,0.4538946498587557,0.4880524739381669,0.45713336266583865
33.74,53.74043,-2.95052,0.48805276845174916,0.46807892192043743,0.4880524739381669,0.4714187359724668
33.76,53.412755000000004,-2.29516,0.4846398837718388,0.47517100384298727,0.4880524739381669,0.47856142262578094
33.78,53.412755000000004,-2.29516,0.4880528205290312,0.47517100384298727,0.4846395348703989,0.47856142262578094
33.8,53.740425,-2.622845,0.48805276845174916,0.47517100384298727,0.4880524218608497,0.4714186269837179
33.82,53.085065,-1.639805,0.48463983169455677,0.48226297754895503,0.48463948279308156,0.485704109279095
33.84,53.08506,-1.31213,0.48463977961727467,0.4893550594715048,0.48463948279308156,0.48570400029034605
33.86,53.08506,-1.639805,0.48463977961727467,0.48226297754895503,0.48463948279308156,0.485704109279095
33.88,52.757385,-1.31213,0.48463983169455677,0.4893550594715048,0.4812265437253134,0.48570400029034605
33.9,52.757385,-1.31213,0.4812268949373643,0.4893550594715048,0.48463948279308156,0.48570400029034605
33.92,52.757385,-0.9844499999999949,0.48463983169455677,0.4893550594715048,0.4812265437253134,0.4928466869436603
33.94,51.774339999999995,-0.3280499999999983,0.47781395818017186,0.49644724961063674,0.477813552580228,0.5000119342680136
33.96,51.774345,-0.0013999999999967,0.47781395818017186,0.5035393315331866,0.4778136046575453,0.4999894825857233
33.98,52.102025,-0.32908999999999494,0.47781395818017186,0.4964471413940548,0.4812265437253134,0.49998937359697426
34.0,51.77435,0.3262800000000016,0.47781395818017186,0.5035393315331866,0.47781365673486265,0.5071321692390373
34.02,51.774355,0.65396,0.47781401025745396,0.5106314134557364,0.47781365673486265,0.5071321692390373
34.04,51.77436,0.65396,0.47781401025745396,0.5106314134557364,0.47781370881218,0.5071321692390373
34.06,52.10204,0.65396,0.47781401025745396,0.5106314134557364,0.481226647879948,0.5071321692390373
34.08,51.44668,1.30934,0.47781401025745396,0.5106315216723185,0.47440076974441187,0.5214178695119124
34.1,51.119005,1.63703,0.4744011255775436,0.5177238200280324,0.47440076974441187,0.5214178695119124
34.12,51.11901,2.9477650000000004,0.4744011255775436,0.5319080920897141,0.47440082182172916,0.5357034607960386
34.14,50.463645,3.2754450000000004,0.47098818882035115,0.539000282228846,0.47098783067664374,0.5357033518072897
34.16,51.119005,3.2754450000000004,0.4744011255775436,0.539000174012264,0.47440076974441187,0.5357034607960386
34.18,51.119005,3.6031250000000004,0.4744011255775436,0.539000174012264,0.47440076974441187,0.5428461474493527
34.2,51.118995,3.6031250000000004,0.4744010735002615,0.539000282228846,0.4744007176670945,0.5428460384606036
34.22,51.44667,3.9308050000000003,0.47781401025745396,0.5460922559348138,0.4744006655897772,0.5428461474493527
34.24,51.118985,4.25849,0.4744010214229795,0.5460923641513958,0.4744006655897772,0.5499888341026669
34.26,51.118985,3.9308,0.4744010214229795,0.5460922559348138,0.4744006655897772,0.5428460384606036
34.28,54.068135,1.637035000000003,0.4744009693456974,0.539000174012264,0.5051174817409114,0.49998980955197025
34.3,61.932525,-1.9674800000000001,0.529008530310879,0.4893551676880869,0.5324211505150083,0.4714187359724668
34.32,62.260205,-1.3121,0.5324214670680714,0.48226330219870117,0.5324211505150083,0.4928470139099071
34.34,61.604845,-0.65674,0.529008530310879,0.4964474660438009,0.5290082114472401,0.4928470139099071
34.36,61.60485,-0.32905999999999874,0.529008530310879,0.4964474660438009,0.5290082635245574,0.49998970056322123
34.38,61.277165,0.32630500000000123,0.5255955935536866,0.5035395479663507,0.5290082114472401,0.5071324962052842
34.4,60.949485,0.32630000000000126,0.5255955935536866,0.5035395479663507,0.525595272379472,0.5071323872165353
34.42,60.94948,-0.0013799999999975,0.5255955935536866,0.5035395479663507,0.5255952203021547,0.49998970056322123
34.44,60.94948,0.32630000000000126,0.5255955414764045,0.5035395479663507,0.525595272379472,0.5071323872165353
34.46,60.949475,0.65398,0.5255955414764045,0.5106316298889005,0.5255952203021547,0.5071323872165353
34.48,60.621790000000004,0.9816549999999999,0.5255954893991225,0.5106315216723185,0.5221822812343866,0.5142750738698494
34.5,60.294105,1.30933,0.52218255264193,0.5177236035948684,0.5221822291570692,0.5142749648811005
34.52,59.638755,1.30933,0.5187696679620196,0.5177236035948684,0.5187693421666184,0.5142749648811005
34.54,59.638760000000005,1.30933,0.5187697200393018,0.5177236035948684,0.5187693421666184,0.5142749648811005
34.56,59.638755,1.30933,0.5187696679620196,0.5177236035948684,0.5187693421666184,0.5142749648811005
34.58,59.638760000000005,1.30932,0.5187696679620196,0.5177234953782862,0.5187693942439358,0.5142748558923514
34.6,59.311080000000004,1.309325,0.5187697200393018,0.5177234953782862,0.5153564030988503,0.5142749648811005
34.62,59.311075,0.653965,0.5187696679620196,0.5106314134557364,0.5153564030988503,0.5071322782277863
34.64,66.192425,0.32629000000000125,0.5290085823881611,0.5106314134557364,0.5767899312464841,0.49998970056322123
34.66,73.729155,-0.3290749999999968,0.5938551098567662,0.49644724961063674,0.5904418958268258,0.49998959157447226
34.68,73.40147,0.65397,0.5904421210222917,0.5106315216723185,0.5904418958268258,0.5071322782277863
34.7,73.40147,0.653965,0.5904421210222917,0.5106315216723185,0.5904418958268258,0.5071321692390373
34.72,73.729155,0.32629000000000324,0.5904421730995737,0.5106315216723185,0.593854834894594,0.49998959157447226
34.74,74.056835,0.3262850000000032,0.5938551098567662,0.5106314134557364,0.593854834894594,0.49998959157447226
34.76,74.056835,-0.0013999999999967,0.5938551098567662,0.5035393315331866,0.593854834894594,0.4999894825857233
34.78,74.05683,-0.65676,0.5938550577794841,0.49644724961063674,0.593854834894594,0.49284679593240915
34.8,78.64438,-1.96747,0.5938550577794841,0.489355275904669,0.6416362943072513,0.47141884496121583
34.82,95.02852999999999,-4.91662,0.6962440978863341,0.45389454164217363,0.7098957005904214,0.4428477713817125
34.84,96.33924,-5.2443,0.7098957928378218,0.4468024597196238,0.709895648513104,0.4428477713817125
34.86,96.011565,-4.26125,0.7064829081579115,0.4538946498587557,0.709895648513104,0.4571332536770897
34.88,96.33924,-4.91662,0.7098957928378218,0.45389454164217363,0.709895648513104,0.4428477713817125
34.9,96.33924999999999,-7.538075,0.7098958449151039,0.4326181876579421,0.7098957005904214,0.40713412013764405
34.92,96.66695,-11.470279999999999,0.7098959490696679,0.3900652632563149,0.7133087438128242,0.3642774552740146
34.94,97.650005,-14.747119999999999,0.7167219267386169,0.34751233885468763,0.7167217349579095,0.33570627270576237
34.96,97.650005,-16.057865,0.7167219267386169,0.33332785035984175,0.7167217349579095,0.3214206814216362
34.98,97.97767999999999,-16.05787,0.7201348634958094,0.3262356602207099,0.7167216828805923,0.3285633680749503
35.0,97.649995,-14.41947,0.716721874661335,0.34041982406580956,0.7167216828805923,0.3499914280348925
35.02,96.994635,-12.453385,0.7133089379041424,0.3687881517560088,0.7133087438128242,0.3642769103302697
35.04,96.339265,-10.814965,0.7098959490696679,0.38297253203427256,0.7098957526677387,0.38570518826771
35.06,96.33926,-10.159604999999999,0.709895896992386,0.3900646139568224,0.7098957526677387,0.392847874921024
35.08,96.339255,-8.848880000000001,0.709895896992386,0.40424888601850417,0.7098957005904214,0.40713324822765223
35.1,96.33926,-8.19351,0.709895896992386,0.411340967941054,0.7098957526677387,0.4142761528584643
35.12,95.683905,-7.210465,0.7064830123124756,0.4255252400027357,0.7064828135999707,0.42141883951177844
35.14,95.028535,-6.227415000000001,0.7030700234780011,0.4326174301418676,0.7030698224548851,0.43570432180715557
35.16,95.028535,-6.227415000000001,0.7030700234780011,0.43970951206441744,0.7030698224548851,0.4285616351538415
35.18,94.37318,-6.5551,0.6996570867208086,0.4326174301418676,0.6996569354644344,0.42856152616509247
35.2,94.37318,-6.5551,0.6996570867208086,0.4326174301418676,0.6996569354644344,0.42856152616509247
35.22,95.02853999999999,-7.865815,0.6996570867208086,0.41843326629676797,0.7064828135999707,0.4142762618472132
35.24,109.118985,-8.848845,0.7610906774322213,0.41134140080738224,0.7918076963817409,0.3999908885405851
35.26,112.39585,-10.159569999999999,0.7952207740860945,0.39006493860656866,0.7918076443044235,0.39284831087602
35.28,112.723525,-8.84884,0.7952207220088123,0.4042493188848325,0.7952205833721917,0.40713368418264817
35.3,112.723525,-8.19347,0.7952207220088123,0.4113415090239644,0.7952205833721917,0.4142764798247113
35.32,112.723525,-7.86579,0.7952207220088123,0.4184335909465142,0.7952205833721917,0.4142764798247113
35.34,112.723515,-7.865785,0.7952206699315303,0.4184335909465142,0.7952205312948745,0.41427658881346024
35.36,113.051195,-8.521145,0.7952206699315303,0.4113415090239644,0.7986334703626424,0.4071339021601461
35.38,113.051195,-7.86578,0.7986336066887227,0.41843369916309625,0.7952205312948745,0.41427658881346024
35.4,113.051185,-8.52114,0.7952206178542484,0.4113416172405464,0.7986334182853252,0.4071339021601461
35.42,114.36191,-9.1765,0.7952205657769662,0.40424953531799657,0.8122852787110323,0.3999912155068321
35.44,119.932565,-11.79795,0.8293505061989933,0.3758812076277973,0.8361762688039476,0.3714202509160778
35.46,119.932555,-11.47026,0.8327633908789036,0.3758812076277973,0.8327632776588622,0.37856315554688974
35.48,119.932555,-10.487214999999999,0.8327633908789036,0.39006537147289694,0.8327632776588622,0.38570595118895284
35.5,119.932555,-9.83185,0.8327633908789036,0.3971575616120288,0.8327632776588622,0.392848637842267
35.52,119.277195,-9.504169999999998,0.8293504541217112,0.3971575616120288,0.829350338591094,0.399991324495581
35.54,119.277195,-8.52113,0.8293504541217112,0.4113417254571285,0.829350338591094,0.40713401114889514
35.56,118.62183999999999,-8.52113,0.8259375173645187,0.4113417254571285,0.8259374516006432,0.40713401114889514
35.58,117.966485,-7.865765,0.8225246326846084,0.41843391559626036,0.8225245125328752,0.4142766978022092
35.6,118.949525,-7.865765,0.8259375694418006,0.41843391559626036,0.8293503906684113,0.4142766978022092
35.62,119.2772,-7.86577,0.8293504541217112,0.41843380737967834,0.8293503906684113,0.4142766978022092
35.64,119.277195,-7.86578,0.8293504541217112,0.41843369916309625,0.829350338591094,0.41427658881346024
35.66,119.277195,-6.88274,0.8293504541217112,0.4255257810856461,0.829350338591094,0.42856196212008846
35.68,118.949515,-6.55506,0.8259375173645187,0.43261786300819594,0.829350338591094,0.42856196212008846
35.7,119.277195,-6.55506,0.8293504541217112,0.43261786300819594,0.829350338591094,0.42856196212008846
35.72,118.621835,-5.572025,0.8259375173645187,0.43970983671416364,0.8259373995233259,0.44284733542671656
35.74,118.62183999999999,-5.899705,0.8259375173645187,0.43970983671416364,0.8259374516006432,0.4357046487734025
35.76,118.62185,-6.555075,0.8259375694418006,0.4326177547916138,0.8259375036779606,0.42856174414259046
35.78,118.62185,-6.555075,0.8259375694418006,0.4326176465750317,0.8259375036779606,0.42856185313133943
35.8,118.94953,-5.8997150000000005,0.8259375694418006,0.43970983671416364,0.8293504427457287,0.43570443079590454
35.82,117.96649,-6.55508,0.8259376215190829,0.4326176465750317,0.819111573465107,0.42856174414259046
35.84,113.378915,-6.882765,0.798633814997851,0.4326175383584497,0.7986336786719118,0.4214190574892764
35.86,114.03429,-5.57204,0.8020468038323254,0.43970972849758155,0.8020467218943146,0.4428471174492186
35.88,113.706615,-4.26131,0.8020468559096077,0.45389400055926327,0.7986337828265464,0.4571325997445958
35.9,114.03429,-4.26132,0.8020468038323254,0.4609859742652311,0.8020467218943146,0.44998980410253275
35.92,113.706615,-3.93364,0.8020468559096077,0.4609859742652311,0.7986337828265464,0.45713249075584683
35.94,113.051255,-3.93364,0.7952209823952228,0.4609859742652311,0.7986337828265464,0.45713249075584683
35.96,113.37894,-3.9336450000000003,0.7986339191524151,0.4609859742652311,0.7986338349038637,0.4571323817670978
35.98,113.051255,-3.9336450000000003,0.7986339191524151,0.460985866048649,0.7952208437587783,0.45713249075584683
36.0,112.723575,-4.26133,0.7952209823952228,0.460985866048649,0.7952208437587783,0.4499896951137837
36.02,112.723575,-4.58902,0.7952209823952228,0.46098575783206686,0.7952208437587783,0.4428468994717207
36.04,116.00041999999999,-5.899735,0.8088728856558386,0.43970951206441744,0.8156987906292908,0.43570432180715557
36.06,116.655785,-5.24437,0.8156988633247877,0.43970951206441744,0.8156987385519736,0.44998980410253275
36.08,116.328105,-4.26132,0.8122859265675952,0.45389389234268124,0.8156987385519736,0.45713249075584683
36.1,116.000425,-3.27828,0.8122859265675952,0.46807805618778087,0.8122857994842054,0.46427517740916086
36.12,116.00041999999999,-3.60596,0.8122858744903132,0.4609859742652311,0.8122857994842054,0.46427517740916086
36.14,116.00041999999999,-2.9506,0.8122858744903132,0.4751701381103307,0.8122857994842054,0.46427517740916086
36.16,115.672745,-2.9506050000000004,0.8122859265675952,0.46807794797119884,0.8088728604164374,0.471417864062475
36.18,116.000425,-2.9506050000000004,0.8122859265675952,0.46807794797119884,0.8122857994842054,0.471417864062475
36.2,115.67274499999999,-2.62293,0.8088729898104028,0.4751700298937487,0.8122857994842054,0.47141775507372596
36.22,115.672745,-2.9506050000000004,0.8122859265675952,0.4751701381103307,0.8088728604164374,0.46427506842041194
36.24,116.00043,-2.95061,0.8122859265675952,0.4751700298937487,0.8122858515615228,0.46427506842041194
36.26,116.00044,-2.95061,0.8122859786448773,0.4751700298937487,0.8122859036388401,0.46427506842041194
36.28,116.00044,-3.60597,0.8122859786448773,0.46807794797119884,0.8122859036388401,0.4571323817670978
36.3,116.32813,-3.278295,0.8156989674793518,0.4680778397546167,0.8122859557161575,0.46427506842041194
36.32,116.00045,-2.95062,0.8122860307221592,0.47516992167716654,0.8122859557161575,0.4642749594316629
36.34,116.328135,-4.26134,0.8156990195566337,0.46098575783206686,0.8122859557161575,0.44998958612503476
36.36,116.65581,-5.89975,0.8156989674793518,0.4397094038478354,0.8156988947839255,0.43570410382965763
36.38,116.983485,-7.5381599999999995,0.8156989674793518,0.4255251317861537,0.8191117817743764,0.41427593488096637
36.4,117.63884,-8.521205,0.8191118521592622,0.411340967941054,0.8225247208421445,0.4071331392389032
36.42,119.60495,-7.86583,0.832763755419878,0.4184331580801859,0.8293507552096325,0.4142760438697153
36.44,119.277275,-6.555105,0.8293508707399677,0.4255252400027357,0.8293507552096325,0.43570421281840654
36.46,118.949595,-4.9167,0.8293508707399677,0.4468015939869673,0.8259378161418645,0.44998958612503476
36.48,118.949595,-3.933655,0.8293508707399677,0.46098575783206686,0.8259378161418645,0.4571323817670978
36.5,118.621915,-3.278295,0.8259379339827753,0.4680778397546167,0.8259378161418645,0.46427506842041194
36.52,118.949595,-2.950615,0.8293508707399677,0.4680778397546167,0.8259378161418645,0.47141775507372596
36.54,118.949595,-2.295255,0.8259378819054931,0.47516992167716654,0.8293508072869499,0.4785604417270401
36.56,118.62192,-1.63989,0.8259379339827753,0.4822621118162984,0.8259378682191818,0.4857031283803542
36.58,119.277275,-0.9845300000000001,0.8293508707399677,0.48935419373884825,0.8293507552096325,0.4928458150336683
36.6,118.949595,-1.31221,0.8293508707399677,0.48935419373884825,0.8259378161418645,0.4857031283803542
36.62,119.277265,-0.9845250000000001,0.8293508186626856,0.48935419373884825,0.8293507031323152,0.4928459240224172
36.64,119.27727,0.6538800000000031,0.8293508186626856,0.5035384658005301,0.8293507552096325,0.5142739839823596
36.66,119.27728,2.94765,0.8293508707399677,0.5248148197847615,0.8293508072869499,0.5428448395843649
36.68,118.949605,5.241415,0.8293509228172498,0.5531831474749609,0.8259378682191818,0.5642730085330562
36.7,118.949605,6.22446,0.8293509228172498,0.5673674195366426,0.8259378682191818,0.5714156951863703
36.72,118.949605,6.22446,0.8259379860600573,0.5744595014591924,0.8293508072869499,0.5642730085330562
36.74,118.621925,5.896775,0.8259379860600573,0.5673674195366426,0.8259378682191818,0.5642728995443071
36.76,118.9496,5.569084999999999,0.8259379339827753,0.5673673113200606,0.8293508072869499,0.557130103902244
36.78,122.22645,4.258375,0.8361768484089167,0.546091065552411,0.8532417973798653,0.5499876352264279
36.8,123.20953499999999,4.58606,0.8532420008904174,0.5460911737689931,0.846415919244329,0.5571303218797421
36.82,122.554165,6.22447,0.8464160232214682,0.5673675277532246,0.846415919244329,0.5714158041751192
36.84,122.554165,7.53519,0.8464160232214682,0.5815516915983243,0.846415919244329,0.5857011774817474
36.86,122.554165,7.535195,0.8464160232214682,0.5815516915983243,0.846415919244329,0.5857012864704964
36.88,121.8988,8.190555,0.8430030343869939,0.5886437735208742,0.843002980176561,0.5928439731238104
36.9,122.55416,8.19056,0.8464159711441863,0.5886438817374562,0.846415919244329,0.5928439731238104
36.92,122.554165,7.86288,0.8464160232214682,0.5886438817374562,0.846415919244329,0.5857012864704964
36.94,122.88184,7.862885,0.8498289079013787,0.5886438817374562,0.846415919244329,0.5857013954592454
36.96,123.209525,7.862885,0.8498289599786609,0.5886438817374562,0.8498288583120971,0.5857013954592454
36.98,123.20952,7.86289,0.8498289599786609,0.5886439899540382,0.8498288062347797,0.5857013954592454
37.0,122.88184,7.86289,0.8498289079013787,0.5886439899540382,0.846415919244329,0.5857013954592454
37.02,123.20952,8.518255,0.8498289079013787,0.5957360718765881,0.8498288583120971,0.5928441911013085
37.04,122.55416,8.845939999999999,0.8464159711441863,0.5957361800931701,0.846415919244329,0.5999868777546226
37.06,122.554165,9.501304999999999,0.8464160232214682,0.6028282620157199,0.846415919244329,0.6071296733966856
37.08,122.554165,10.812035,0.8464160232214682,0.6170125340774016,0.846415919244329,0.6214151556920628
37.1,122.881845,11.139714999999999,0.8464160232214682,0.6241046159999515,0.8498288583120971,0.6214151556920628
37.12,123.537205,10.48436,0.8498289599786609,0.6170126422939838,0.8532417973798653,0.6142724690387488
37.14,124.192565,8.845949999999998,0.8532418967358532,0.6028283702323021,0.8566547364476333,0.5928443000900574
37.16,125.50327,5.56913,0.8600676660956739,0.5744598261089386,0.8634805625058523,0.5499879621926749
37.18,126.813985,2.94768,0.8668935396100588,0.5389993082796074,0.8703063885640712,0.5285597932439836
37.2,126.813975,2.29232,0.8703064242899692,0.5248151444345078,0.8668933974189857,0.5285597932439836
37.22,127.14166,2.61999,0.8703064242899692,0.5319071181404755,0.8703063885640712,0.5285596842552347
37.24,126.813985,3.27536,0.8668935396100588,0.5389993082796074,0.8703063885640712,0.5357024798972978
37.26,127.141665,3.603035,0.8703064763672513,0.5389992000630254,0.8703063885640712,0.5428451665506119
37.28,127.141675,4.2584,0.8703065284445333,0.5531834721247071,0.8703064406413885,0.5428451665506119
37.3,127.14168000000001,4.91376,0.8703065284445333,0.5531834721247071,0.8703064927187056,0.55713053985724
37.32,126.814005,5.569125,0.8703065805218154,0.5602755540472568,0.8668935536509376,0.5642733354993031
37.34,127.141685,6.22449,0.8703065805218154,0.5673677441863888,0.8703064927187056,0.5714160221526171
37.36,126.486325,6.87985,0.866893643764623,0.5744598261089386,0.8668935536509376,0.5785587088059313
37.38,126.814005,7.20753,0.866893643764623,0.5815519080314884,0.8703064927187056,0.5785587088059313
37.4,127.141685,6.55217,0.8703065805218154,0.5744598261089386,0.8703064927187056,0.5714160221526171
37.42,127.14168000000001,5.8968,0.8703065284445333,0.5673676359698067,0.8703064927187056,0.5642732265105541
37.44,122.22643500000001,1.636955,0.866893591687341,0.5531834721247071,0.8225248770740963,0.4857035643353501
37.46,70.124735,-21.628405,0.6689410204470511,0.32623587665387405,0.47781422958535313,0.2071380219348577
37.48,43.58237,-35.063305,0.42320697006509295,0.1205651762501829,0.44709741343421894,0.12142567310633957
37.5,47.842240000000004,-32.769515,0.4573366501007096,0.14184196310074274,0.45733623063752327,0.14999652870834496
37.52,48.825275,-29.49272,0.46074953478062,0.17730226449690975,0.46416210877305947,0.18570996197491538
37.54,49.152945,-27.52664,0.46416241946053044,0.19857851026455925,0.4641620566957422,0.2071380219348577
37.56,48.825255,-26.21592,0.46416236738324834,0.21985475603220872,0.46074906555065676,0.21428070858817175
37.58,48.497565,-25.56056,0.4607493785487739,0.22694683795475856,0.4607490134733394,0.22142339524148585
37.6,48.497555,-25.232885,0.4607493264714918,0.2340388116607263,0.46074896139602206,0.22142339524148585
37.62,48.497545,-24.9052,0.4607492743942097,0.23403891987730835,0.4607489093187047,0.22856608189479993
37.64,48.497535,-25.88825,0.46074922231692766,0.22694672973817648,0.46074885724138737,0.21428059959942278
37.66,32.113325,-24.90514,0.3993157357600791,0.23403935274363666,0.3515332447532884,0.2285669538047918
37.68,25.231845,-25.888165,0.33788136388943557,0.2198555135482832,0.3412938546994936,0.22142426715147773
37.7,27.197945,-23.922069999999998,0.348120278315577,0.24113197574909684,0.35153277605743255,0.24285243610016896
37.72,27.853295,-22.61135,0.35153316299548737,0.25531613959419647,0.35494566304788333,0.25713780940679715
37.74,28.180979999999998,-22.61135,0.3549460997526798,0.25531613959419647,0.3549457151252006,0.25713780940679715
37.76,28.180979999999998,-22.939034999999997,0.3549460997526798,0.25531603137761444,0.3549457151252006,0.24999512275348307
37.78,28.836335,-22.611359999999998,0.3583590365098723,0.25531603137761444,0.3583586021156514,0.2571377004180482
37.8,28.836335,-22.93904,0.3583590365098723,0.25531603137761444,0.3583586021156514,0.2499950137647341
37.82,29.492964999999998,-22.93905,0.3617719732670646,0.2553159231610323,0.3617847688220184,0.24999490477598507
37.84,30.147045,-22.939055000000003,0.365184857946975,0.25531581494445027,0.3651844281738703,0.24999490477598507
37.86,24.904055,-23.922075,0.344706872862846,0.24822405767164665,0.3310542563364295,0.2357096404581059
37.88,24.904035,-23.26671,0.3378806348074867,0.24822405767164665,0.3378802907039177,0.24999512275348307
37.9,24.904035,-21.628305,0.33788068688476874,0.2624082215167463,0.3378802386266003,0.27142329170217433
37.92,24.248675,-21.300625,0.3344677501275763,0.2695004116558782,0.3344672995588322,0.2714231827134253
37.94,24.904035,-19.989910000000002,0.33788068688476874,0.29077654920694557,0.3378802386266003,0.27856586936673944
37.96,24.576355,-20.645274999999998,0.33788068688476874,0.2836844672843958,0.3344672995588322,0.27142307372467633
37.98,24.904035,-20.97295,0.33788068688476874,0.27659238536184594,0.3378802386266003,0.2714231827134253
38.0,24.90403,-20.317594999999997,0.3378806348074867,0.2836843590678137,0.3378802386266003,0.27856586936673944
38.02,24.90403,-19.989915,0.3378806348074867,0.2836843590678137,0.3378802386266003,0.2857085560200535
38.04,24.90403,-19.66223,0.3378806348074867,0.29077654920694557,0.3378802386266003,0.2857085560200535
38.06,25.559395,-19.662235000000003,0.3412936236419612,0.29077644099036354,0.34129317769436845,0.2857085560200535
38.08,25.23171,-19.66224,0.3378806348074867,0.29077644099036354,0.34129317769436845,0.28570844703130455
38.1,25.55939,-18.679195,0.3412936236419612,0.2978685229129134,0.3412931256170511,0.2999939293266817
38.12,25.559385,-19.006875,0.3412935715646791,0.2978685229129134,0.3412931256170511,0.2928512426733676
38.14,24.9053,-18.35152,0.3378939145144124,0.30496060483546317,0.337880186549283,0.2999938203379327
38.16,24.90403,-17.69615,0.3378806348074867,0.3120527949745951,0.3378802386266003,0.3071366159799958
38.18,24.904040000000002,-17.368475,0.33788068688476874,0.312052686758013,0.3378802907039177,0.3142793026333099
38.2,24.904045,-17.04079,0.3378807389620508,0.3191448768971449,0.3378802907039177,0.3142793026333099
38.22,24.904045,-17.040795000000003,0.3378807389620508,0.3191447686805628,0.3378802907039177,0.3142793026333099
38.24,24.904045,-16.385435,0.3378807389620508,0.32623685060311264,0.3378802907039177,0.32142198928662397
38.26,24.904049999999998,-15.730065,0.3378807389620508,0.33332904074224456,0.3378803427812349,0.328564784928687
38.28,-7.863950000000001,-15.402384999999999,0.0,0.33332904074224456,0.3344674037134669,0.33570747158200115
38.3,25.23176,-16.05774,0.33446785428214043,0.3333291489588266,0.34470648130335774,0.321422098275373
38.32,29.164075,-18.023850000000003,0.3583591927417184,0.3191447686805628,0.3617720098792754,0.29285091570712063
38.34,29.164099999999998,-18.02383,0.3617723898853212,0.30496060483546317,0.3583590708115073,0.3071367249687448
38.36,28.83643,-16.71311,0.3583595052054107,0.3191448768971449,0.3583591228888246,0.32142198928662397
38.38,28.50875,-16.05775,0.3583595052054107,0.3262369588196947,0.3549461838210565,0.3285646759399381
38.4,28.181065,-16.057755,0.35494656844821837,0.33332904074224456,0.3549461317437392,0.321421880297875
38.42,28.510015,-16.385435,0.35494656844821837,0.3262369588196947,0.3583722984501061,0.321421880297875
38.44,28.836415,-16.05776,0.3583594531281287,0.32623685060311264,0.35835901873418996,0.3285645669511891
38.46,27.525644999999997,-16.71312,0.3583594010508466,0.32623685060311264,0.3447067937672617,0.3142791936445609
38.48,24.576430000000002,-18.02384,0.33446811466855075,0.30496060483546317,0.3378806552451389,0.30713650699124684
38.5,25.559485,-16.713115000000002,0.34129409233749974,0.3191447686805628,0.3412936463902243,0.32142198928662397
38.52,24.90412,-15.402394999999999,0.3378811035030253,0.3333289325256625,0.3378807073224562,0.3357073625932522
38.54,24.904125,-15.07472,0.3378811555803073,0.3404210144482123,0.3378807073224562,0.3357072536045032
38.56,24.904125,-15.07472,0.3378811555803073,0.3404210144482123,0.3378807073224562,0.3357072536045032
38.58,24.904125,-15.4024,0.3378811555803073,0.3333289325256625,0.3378807073224562,0.3357072536045032
38.6,24.576445,-15.074725,0.3378811555803073,0.3404210144482123,0.33446776825468805,0.3357071446157542
38.62,24.248765,-14.747050000000002,0.33446821882311484,0.3404209062316302,0.33446776825468805,0.34284983126906826
38.64,24.248759999999997,-14.41937,0.33446816674583285,0.34751298815418,0.33446776825468805,0.34284983126906826
38.66,24.248755,-15.402405,0.33446816674583285,0.3404210144482123,0.33446771617737076,0.3285644579624401
38.68,29.491825,-17.36851,0.3481203824701411,0.3191445522473987,0.37542449523279037,0.3071360710362509
38.7,34.079485000000005,-18.679254999999998,0.38566398873130947,0.29786787361342093,0.38566346866804657,0.2999932753941878
38.72,33.42411,-17.36852,0.3822508957422708,0.3120522538916847,0.38225052960027844,0.314278757689565
38.74,33.424105,-17.04085,0.3822508957422708,0.3191442275976525,0.3822504775229611,0.314278648700816
38.76,33.096424999999996,-16.38549,0.3822508957422708,0.3262363095202023,0.3788375384551931,0.3214213353541301
38.78,33.096419999999995,-16.385495,0.37883790690779623,0.3262363095202023,0.3822504775229611,0.3214212263653811
38.8,33.096424999999996,-16.05782,0.3822508957422708,0.32623620130362024,0.3788375384551931,0.3285639130186952
38.82,33.096419999999995,-15.73014,0.37883790690779623,0.3333282832261701,0.3822504775229611,0.3285639130186952
38.84,32.441055,-16.05782,0.37883790690779623,0.3333282832261701,0.3754245473101076,0.3214212263653811
38.86,23.265805,-17.69619,0.34129492557401275,0.3191444440308166,0.3174030729158476,0.2999934933716858
38.88,21.627325,-18.351545,0.31740348295987064,0.30496028018571697,0.32422900312870107,0.29999360236043476
38.9,21.627335,-17.368495,0.32081652387162723,0.3120525785414309,0.32081606406093294,0.3142789756670629
38.92,22.282685,-16.385455,0.3242294085515376,0.3262366341699485,0.3242289510513838,0.321421771309126
38.94,22.282685,-16.38546,0.3242294085515376,0.3262366341699485,0.3242289510513838,0.32142166232037706
38.96,22.282685,-15.7301,0.3242294085515376,0.3333287160924983,0.3242289510513838,0.32856434897369113
38.98,22.282690000000002,-15.7301,0.3242294085515376,0.3333287160924983,0.32422900312870107,0.32856434897369113
39.0,22.282690000000002,-14.747065,0.3242294085515376,0.34042068979846607,0.32422900312870107,0.3428497222803193
39.02,21.955005,-14.41938,0.3242294085515376,0.34751287993759794,0.32081601198361565,0.3428497222803193
39.04,22.282685,-14.747060000000001,0.3242294085515376,0.34042079801504815,0.3242289510513838,0.3428497222803193
39.06,22.282685,-14.419395,0.3242294085515376,0.3475127717210159,0.3242289510513838,0.34284950430282135
39.08,22.938035,-15.07476,0.32764229323144795,0.34042058158188404,0.32764183804183455,0.33570681764950727
39.1,22.938029999999998,-14.747084999999998,0.32764229323144795,0.3475126635044339,0.32764178596451726,0.33570670866075825
39.12,22.938025,-14.41941,0.3276422411541659,0.3475125552878518,0.32764178596451726,0.3428493953140724
39.14,22.938025,-14.419415,0.3276422411541659,0.3475125552878518,0.32764178596451726,0.34284928632532335
39.16,22.938025,-14.41942,0.3276422411541659,0.34751244707126966,0.32764178596451726,0.34284928632532335
39.18,22.938025,-14.419425,0.3276422411541659,0.3404202569321378,0.32764178596451726,0.3499919729786375
39.2,22.610345000000002,-14.091740000000001,0.32422930439697345,0.3546045289938195,0.32764178596451726,0.34284928632532335
39.22,21.627295,-14.419425,0.32422930439697345,0.34751233885468763,0.31740286460657824,0.34284928632532335
39.24,20.971915,-14.7471,0.3174032225734604,0.3404203651487199,0.31740286460657824,0.34284928632532335
39.26,21.627275,-14.091740000000001,0.3208162114079348,0.34751244707126966,0.3208157515970291,0.3499919729786375
39.28,21.299595,-14.41942,0.3174032746507424,0.34751244707126966,0.3208157515970291,0.34284928632532335
39.3,21.627275,-15.07478,0.3208162114079348,0.3404203651487199,0.3208157515970291,0.3357065996720093
39.32,21.627275,-15.07478,0.3208162114079348,0.3404203651487199,0.3208157515970291,0.3357065996720093
39.34,21.95495,-15.73014,0.3208161593306528,0.3333282832261701,0.32422869066479715,0.3285639130186952
39.36,22.282629999999997,-17.040860000000002,0.32422914816512727,0.32623620130362024,0.32422863858747986,0.3071358530587529
39.38,31.13025,-24.57754,0.35153326715005145,0.26240724756750766,0.3890765639677667,0.20713758597986173
39.4,36.70098,-28.182055,0.402728984980964,0.19857775274848474,0.3959025462579375,0.19285221267323355
39.42,36.700965,-25.888260000000002,0.3993158919919253,0.21985453959904458,0.39931548532570554,0.22142317726398786
39.44,36.373275,-24.57754,0.3993158399146432,0.23403870344414424,0.3959024941806202,0.23570855057061604
39.46,36.373275,-23.26681,0.3959029031574508,0.24822297550582595,0.3993154332483883,0.24999403286599325
39.48,36.045585,-22.939125,0.39590285108016876,0.24822297550582595,0.3959024421033029,0.2571368285080563
39.5,36.045590000000004,-22.283765000000002,0.39590285108016876,0.2624071393509256,0.3959024941806202,0.2571368285080563
39.52,36.373265,-21.30072,0.39931578783736116,0.2694993294900575,0.3959024421033029,0.27142220181468446
39.54,36.045585,-21.300725,0.39590285108016876,0.2694993294900575,0.3959024421033029,0.2714220928259355
39.56,36.045585,-20.97304,0.39590285108016876,0.2765914114126073,0.3959024421033029,0.27142220181468446
39.58,36.045575,-20.973045,0.3959027990028867,0.27659130319602526,0.3959023900259856,0.27142220181468446
39.6,35.390215,-20.97304,0.39248986224569427,0.2765914114126073,0.39248945095821747,0.27142220181468446
39.62,35.390209999999996,-20.317684999999997,0.39248986224569427,0.2836833851185751,0.3924893988809001,0.2785648884679986
39.64,35.390205,-20.31769,0.3924898101684123,0.2836833851185751,0.3924893988809001,0.2785647794792496
39.66,34.734845,-20.973055000000002,0.3890768734112198,0.27659130319602526,0.389076459813132,0.2714219838371865
39.68,34.734845,-20.97306,0.3890768734112198,0.2765911949794432,0.389076459813132,0.2714219838371865
39.7,34.734845,-20.97306,0.3890768734112198,0.2765911949794432,0.389076459813132,0.2714219838371865
39.72,34.734835,-21.956110000000002,0.38907682133393773,0.26949900484031125,0.3890764077358147,0.2571365015418094
39.74,38.99476,-24.577555,0.40272877667183565,0.2482227590726618,0.4197935363508528,0.22142295928648992
39.76,40.96087,-25.56061,0.42320681383324676,0.2269461886552661,0.4197934321962181,0.22142295928648992
39.78,40.960875,-24.57756,0.42320681383324676,0.2340384870109801,0.41979348427353547,0.2357083325931181
39.8,40.63319,-22.939165000000003,0.41979382499877227,0.2553146245620475,0.41979348427353547,0.2499937058997463
39.82,40.305515,-22.61148,0.41979387707605437,0.25531473277862954,0.41638054520576734,0.25713639255306037
39.84,39.97783,-22.283794999999998,0.4163808882415798,0.2624068147011794,0.41638054520576734,0.2571365015418094
39.86,39.977835,-21.628435000000003,0.4163809403188619,0.2694988966237292,0.41638054520576734,0.2642791881951234
39.88,39.97784,-21.628425,0.4163809403188619,0.26949900484031125,0.4163805972830847,0.26427929718387244
39.9,39.97784,-21.30075,0.4163809403188619,0.26949900484031125,0.4163805972830847,0.27142187484843755
39.92,39.977845,-21.62843,0.416380992396144,0.26949900484031125,0.4163805972830847,0.2642791881951234
39.94,39.977845,-21.300745,0.416380992396144,0.26949900484031125,0.4163805972830847,0.2714219838371865
39.96,39.650165,-21.300745,0.416380992396144,0.2765910867628611,0.41296765821531656,0.26427929718387244
