t_s,x,y,x_left,y_left,x_right,y_right
0.04,0.32768,-0.983055,0.65536,-1.31074,0.0,-0.65537
0.06,0.655355,-0.983055,0.65536,-1.31074,0.65535,-0.65537
0.08,0.65535,-1.638415,0.65535,-1.9661,0.65535,-1.31073
0.1,0.6553450000000001,-1.966095,0.65535,-1.96609,0.65534,-1.9661
0.12,0.65533,-2.6214649999999997,0.65534,-3.27682,0.65532,-1.96611
0.14,-3.4999999996899e-05,-2.62147,-2.9999999995312e-05,-3.27683,-3.9999999998486e-05,-1.96611
0.16,-0.6554,-1.966105,-0.6554,-2.62147,-0.6554,-1.31074
0.18,-0.3277250000000008,-1.966105,-5.000000000166e-05,-2.62147,-0.6554,-1.31074
0.2,-0.32771999999999923,-1.638415,-3.9999999998486e-05,-1.9661,-0.6554,-1.31073
0.22,-0.655395,-1.638415,-0.65539,-1.9661,-0.6554,-1.31073
0.24,1.6384150000000002,0.327704999999995,1.31072,-0.65535000000001,1.96611,1.31076
0.26,1.310755,1.3107550000000001,1.31076,0.65539,1.31075,1.96612
0.28,0.98308,1.96612,1.31076,1.31076,0.6554,2.62148
0.3,0.65541,2.293805,0.65541,1.96612,0.65541,2.62149
0.32,0.65541,2.62149,0.65541,1.96613,0.65541,3.27685
0.34,0.65541,2.621495,0.65541,1.96613,0.65541,3.27686
0.36,0.32772499999999927,2.6215,0.65541,1.96614,3.9999999998486e-05,3.27686
0.38,0.32772499999999927,2.94918,0.65541,2.6215,3.9999999998486e-05,3.27686
0.4,5.000000000166e-05,3.276865,5.000000000166e-05,2.6215,5.000000000166e-05,3.93223
0.42,-0.32762499999999756,3.60455,6.0000000004834e-05,3.27687,-0.65531,3.93223
0.44,-0.3276199999999976,3.60455,6.0000000004834e-05,3.27687,-0.6553,3.93223
0.46,-0.3276199999999976,3.60455,6.0000000004834e-05,3.27687,-0.6553,3.93223
0.48,-0.6553,3.9322299999999997,-0.6553,3.27687,-0.6553,4.58759
0.5,-0.6553,3.60455,-0.6553,3.27687,-0.6553,3.93223
0.52,-0.98298,3.60455,-0.6553,3.27687,-1.31066,3.93223
0.54,-0.6553,3.9322299999999997,-0.6553,3.27687,-0.6553,4.58759
0.56,-0.98298,3.9322299999999997,-0.6553,3.27687,-1.31066,4.58759
0.58,-0.65529,3.932225,-0.65529,3.27686,-0.65529,4.58759
0.6,-0.9829700000000001,4.259905,-0.65529,3.93222,-1.31065,4.58759
0.62,-1.31065,3.60455,-1.31065,3.27687,-1.31065,3.93223
0.64,-1.3106550000000001,3.60455,-1.31065,3.27687,-1.31066,3.93223
0.66,-1.31065,3.60455,-1.31065,3.27687,-1.31065,3.93223
0.68,-1.31065,3.9322299999999997,-1.31065,3.27687,-1.31065,4.58759
0.7,-1.31065,4.25991,-1.31065,3.93223,-1.31065,4.58759
0.72,-1.310645,4.25991,-1.31064,3.93223,-1.31065,4.58759
0.74,-1.63832,4.259915,-1.31064,3.93223,-1.966,4.5876
0.76,-1.966,4.259915,-1.966,3.93223,-1.966,4.5876
0.78,-1.966,4.259915,-1.966,3.93223,-1.966,4.5876
0.8,-2.293675,4.5875900000000005,-1.96599,3.93223,-2.62136,5.24295
0.82,-2.29367,4.5876,-1.96599,3.93224,-2.62135,5.24296
0.84,-2.62135,4.91528,-2.62135,4.5876,-2.62135,5.24296
0.86,-2.62135,5.242955,-2.62135,4.58759,-2.62135,5.89832
0.88,-2.949025,4.915274999999999,-2.62135,4.58759,-3.2767,5.24296
0.9,-2.621345,4.915274999999999,-2.62134,4.58759,-2.62135,5.24296
0.92,-2.62135,5.24296,-2.62135,4.5876,-2.62135,5.89832
0.94,-2.62135,5.570635,-2.62135,5.24295,-2.62135,5.89832
0.96,-2.6213550000000003,5.57064,-2.62135,5.24296,-2.62136,5.89832
0.98,-2.9490350000000003,5.89832,-2.62135,5.89832,-3.27672,5.89832
1.0,-2.62136,5.89832,-2.62136,5.24296,-2.62136,6.55368
1.02,-2.293675,6.553685,-2.62135,5.89832,-1.966,7.20905
1.04,0.983195,7.53675,1.31087,7.20907,0.65552,7.86443
1.06,0.65551,7.536745,0.65551,7.20906,0.65551,7.86443
1.08,0.3278400000000005,8.1921,0.65552,7.86442,0.000160000000001,8.51978
1.1,0.0001549999999994,8.192105,0.000160000000001,7.86442,0.0001499999999978,8.51979
1.12,0.0001549999999994,7.864420000000001,0.000160000000001,7.20906,0.0001499999999978,8.51978
1.14,-0.3275199999999995,7.536745,0.000160000000001,7.20906,-0.6552,7.86443
1.16,0.000160000000001,7.864425000000001,0.000160000000001,7.20906,0.000160000000001,8.51979
1.18,0.000160000000001,7.53674,0.000160000000001,7.20906,0.000160000000001,7.86442
1.2,0.000160000000001,7.536745,0.000160000000001,7.20906,0.000160000000001,7.86443
1.22,-0.32752499999999946,7.536735,0.000160000000001,7.20905,-0.65521,7.86442
1.24,0.3278400000000005,7.53674,0.000160000000001,7.20906,0.65552,7.86442
1.26,3.60472,7.209035,3.27702,7.20904,3.93242,7.20903
1.28,3.6047450000000003,7.53671,3.93243,7.20903,3.27706,7.86439
1.3,3.93243,7.864395,3.93243,7.20903,3.93243,8.51976
1.32,3.93243,7.86439,3.93243,7.86439,3.93243,7.86439
1.34,3.93243,7.536715,3.93243,7.20903,3.93243,7.8644
1.36,4.26011,7.864395,4.58779,7.20903,3.93243,8.51976
1.38,4.58779,7.86439,4.58779,7.20903,4.58779,8.51975
1.4,4.58779,7.53671,4.58779,7.20903,4.58779,7.86439
1.42,2.2939799999999986,6.225985,4.58779,7.20903,0.0001699999999971,5.24294
1.44,-2.6213249999999997,5.242940000000001,-2.62133,4.58757,-2.62132,5.89831
1.46,-1.96594,5.898305000000001,-1.96594,5.24294,-1.96594,6.55367
1.48,-2.29362,6.22598,-1.96594,5.8983,-2.6213,6.55366
1.5,-1.96594,6.225985,-1.96594,5.8983,-1.96594,6.55367
1.52,-1.638265,6.225985,-1.31058,5.8983,-1.96595,6.55367
1.54,-1.63827,6.225985,-1.31059,5.8983,-1.96595,6.55367
1.56,-1.63828,6.22599,-1.3106,5.89831,-1.96596,6.55367
1.58,-1.96596,6.225995,-1.96596,5.89831,-1.96596,6.55368
1.6,-2.2936449999999997,6.22599,-1.96596,5.89831,-2.62133,6.55367
1.62,-1.9659550000000001,6.55368,-2.62133,5.89831,-1.31058,7.20905
1.64,-0.982885,6.553685,-0.6552,5.89832,-1.31057,7.20905
1.66,-1.31056,6.226005,-1.31056,5.89832,-1.31056,6.55369
1.68,-1.31056,6.55369,-1.31056,5.89833,-1.31056,7.20905
1.7,-0.982885,6.88137,-0.6552,6.55369,-1.31057,7.20905
1.72,-1.31056,6.22601,-1.31056,5.89833,-1.31056,6.55369
1.74,-0.98288,6.55369,-0.6552,5.89833,-1.31056,7.20905
1.76,-1.31056,6.22601,-1.31056,5.89833,-1.31056,6.55369
1.78,2.621705,7.20904,1.9663,6.55368,3.27711,7.8644
1.8,3.27712,7.8644,3.27712,7.20903,3.27712,8.51977
1.82,2.94945,10.15818,3.27713,9.17513,2.62177,11.14123
1.84,3.2771350000000004,11.14123,3.27714,10.48587,3.27713,11.79659
1.86,3.27714,11.141235,3.27714,10.48587,3.27714,11.7966
1.88,3.9325,11.468914999999999,3.9325,11.14123,3.9325,11.7966
1.9,3.9325,11.46892,3.9325,11.14124,3.9325,11.7966
1.92,3.932505,11.796595,3.93251,11.14123,3.9325,12.45196
1.94,3.93251,11.79659,3.93251,11.14123,3.93251,12.45195
1.96,3.6048349999999996,12.12427,3.93252,11.79659,3.27715,12.45195
1.98,2.294185,11.141210000000001,3.2772,11.14122,1.31117,11.1412
2.0,1.6388449999999999,11.796565000000001,1.96653,11.1412,1.31116,12.45193
2.02,1.96653,12.12425,1.96653,11.79657,1.96653,12.45193
2.04,1.966535,11.79657,1.96654,11.79657,1.96653,11.79657
2.06,1.31118,11.796565000000001,1.31118,11.1412,1.31118,12.45193
2.08,1.31118,11.468885,1.31118,11.1412,1.31118,11.79657
2.1,0.9835,11.468885,1.31118,11.1412,0.65582,11.79657
2.12,0.655825,11.141205,0.65583,11.1412,0.65582,11.14121
2.14,0.65582,10.81352,0.65582,10.48584,0.65582,11.1412
2.16,0.3281549999999996,10.158159999999999,0.65582,9.83048,0.0004899999999992,10.48584
2.18,3.93275,10.15815,3.27738,9.83047,4.58812,10.48583
2.2,4.915795,11.141195,5.24348,10.48583,4.58811,11.79656
2.22,4.9158,10.81352,5.24348,10.48584,4.58812,11.1412
2.24,4.58812,11.1412,4.58812,10.48584,4.58812,11.79656
2.26,4.58812,11.1412,4.58812,10.48584,4.58812,11.79656
2.28,4.58812,10.813514999999999,4.58812,10.48583,4.58812,11.1412
2.3,4.26044,10.81351,4.58812,10.48583,3.93276,11.14119
2.32,4.58812,10.158155,4.58812,9.83047,4.58812,10.48584
2.34,4.915795,10.158155,5.24348,9.83047,4.58811,10.48584
2.36,4.91579,10.15815,5.24347,9.83047,4.58811,10.48583
2.38,4.91579,10.15815,5.24347,9.83047,4.58811,10.48583
2.4,4.915795,10.158145000000001,5.24348,9.83046,4.58811,10.48583
2.42,4.58811,10.158145000000001,4.58811,9.83046,4.58811,10.48583
2.44,4.58811,9.502785,4.58811,9.1751,4.58811,9.83047
2.46,3.93275,9.830465,3.93275,9.83046,3.93275,9.83047
2.48,3.93275,9.502785,3.93275,9.1751,3.93275,9.83047
2.5,3.60507,8.847425000000001,3.93275,8.51974,3.27739,9.17511
2.52,2.94971,8.847425000000001,3.27739,8.51974,2.62203,9.17511
2.54,2.6220350000000003,8.84742,2.62204,8.51973,2.62203,9.17511
2.56,2.294355,8.51974,2.62204,7.86438,1.96667,9.1751
2.58,2.29436,8.519735,2.62204,8.51973,1.96668,8.51974
2.6,1.96668,8.51974,1.96668,7.86438,1.96668,9.1751
2.62,1.96668,8.19206,1.96668,7.86438,1.96668,8.51974
2.64,1.96668,8.19206,1.96668,7.86438,1.96668,8.51974
2.66,3.60509,7.86437,1.96668,7.86437,5.2435,7.86437
2.68,22.610745,6.553625,19.00622,6.55363,26.21527,6.55362
2.7,26.870645,7.20898,27.52601,6.55361,26.21528,7.86435
2.72,25.887594999999997,7.208985,26.21528,6.55362,25.55991,7.86435
2.74,25.559915,7.53667,25.55992,7.20899,25.55991,7.86435
2.76,25.559915,7.536665,25.55992,7.20898,25.55991,7.86435
2.78,25.559925,7.536665,25.55993,7.20898,25.55992,7.86435
2.8,25.55992,7.208985,25.55992,7.20898,25.55992,7.20899
2.82,26.215265000000002,7.5366599999999995,26.21527,7.20897,26.21526,7.86435
2.84,26.21526,6.8812999999999995,26.21526,6.55362,26.21526,7.20898
2.86,26.215255,6.881304999999999,26.21526,6.55362,26.21525,7.20899
2.88,26.870604999999998,6.8812999999999995,26.87061,6.55362,26.8706,7.20898
2.9,23.921455,7.208995,26.21524,6.55363,21.62767,7.86436
2.92,20.64462,6.881315,20.9723,6.55364,20.31694,7.20899
2.94,20.644624999999998,6.88131,20.97231,6.55363,20.31694,7.20899
2.96,20.9723,6.88131,20.9723,6.55363,20.9723,7.20899
2.98,-14.417134999999998,6.88131,-49.80658,6.55363,20.97231,7.20899
3.0,21.299979999999998,6.881315,21.62766,6.55363,20.9723,7.209
3.02,21.62766,6.88131,21.62766,6.55363,21.62766,7.20899
3.04,-14.41714,6.88131,21.62766,6.55363,-50.46194,7.20899
3.06,21.299975,6.881304999999999,21.62766,6.55362,20.97229,7.20899
3.08,21.299975,6.553625,21.62766,6.55362,20.97229,6.55363
3.1,21.299975,6.5536200000000004,21.62766,5.89826,20.97229,7.20898
3.12,21.299970000000002,6.225935,21.62765,5.89825,20.97229,6.55362
3.14,21.299975,6.225935,21.62766,5.89825,20.97229,6.55362
3.16,20.97229,6.225935,20.97229,5.89825,20.97229,6.55362
3.18,21.299970000000002,5.898255,20.97229,5.24289,21.62765,6.55362
3.2,21.95533,6.22594,22.28301,5.89826,21.62765,6.55362
3.22,22.283005000000003,5.570575,22.28301,5.24289,22.283,5.89826
3.24,21.955325000000002,5.570565,22.28301,5.24288,21.62764,5.89825
3.26,21.627645,5.570565,21.62765,5.24288,21.62764,5.89825
3.28,24.904490000000003,4.91521,24.24912,4.58753,25.55986,5.24289
3.3,24.904505,5.242884999999999,24.90451,4.58752,24.9045,5.89825
3.32,24.576825,5.570565,24.9045,5.24288,24.24915,5.89825
3.34,24.57683,5.57057,24.90451,5.24289,24.24915,5.89825
3.36,23.92147,5.89825,24.24915,5.89825,23.59379,5.89825
3.38,23.921464999999998,6.225925,24.24915,5.89824,23.59378,6.55361
3.4,23.593780000000002,6.22593,24.24914,5.89825,22.93842,6.55361
3.42,23.593775,6.22593,23.59378,5.89825,23.59377,6.55361
3.44,23.266095,6.22593,23.59378,5.89825,22.93841,6.55361
3.46,23.26609,6.225925,23.59377,5.89824,22.93841,6.55361
3.48,22.938405000000003,6.22592,22.93841,5.89824,22.9384,6.5536
3.5,23.266085,6.553595,23.59377,5.89823,22.9384,7.20896
3.52,23.593764999999998,6.553595,23.59377,5.89823,23.59376,7.20896
3.54,23.59376,6.8812750000000005,23.59376,6.55359,23.59376,7.20896
3.56,17.04008,6.881285,17.69545,6.5536,16.38471,7.20897
3.58,17.040075,7.20897,17.04008,7.20897,17.04007,7.20897
3.6,16.712395,7.53665,17.04008,7.20897,16.38471,7.86433
3.62,16.712395,7.53665,17.04008,7.20897,16.38471,7.86433
3.64,16.384715,7.53665,16.38472,7.20897,16.38471,7.86433
3.66,16.05704,7.53664,16.38472,7.20896,15.72936,7.86432
3.68,16.384715,7.536635,16.38472,7.20895,16.38471,7.86432
3.7,16.712395,7.53664,17.04008,7.20896,16.38471,7.86432
3.72,17.04008,7.53664,17.04008,7.20896,17.04008,7.86432
3.74,17.69544,7.53664,17.69544,7.20896,17.69544,7.86432
3.76,18.02312,7.536645,18.3508,7.20896,17.69544,7.86433
3.78,18.3508,7.864319999999999,18.3508,7.20896,18.3508,8.51968
3.8,18.67848,7.53664,19.00616,7.20896,18.3508,7.86432
3.82,19.006165000000003,7.536635,19.00617,7.20895,19.00616,7.86432
3.84,20.972255,7.53664,19.00616,7.20895,22.93835,7.86433
3.86,25.55984,7.53664,25.55984,7.20896,25.55984,7.86432
3.88,25.559835,8.19201,25.55984,7.86433,25.55983,8.51969
3.9,25.55984,8.19201,25.55984,7.86433,25.55984,8.51969
3.92,25.887520000000002,8.519695,26.2152,7.86433,25.55984,9.17506
3.94,25.887520000000002,8.519695,26.2152,7.86433,25.55984,9.17506
3.96,26.2152,8.847385,26.2152,8.5197,26.2152,9.17507
3.98,25.887520000000002,8.847385,26.2152,8.5197,25.55984,9.17507
4.0,26.21519,8.847385,26.21519,8.5197,26.21519,9.17507
4.02,26.54287,8.847375,26.87055,8.51969,26.21519,9.17506
4.04,26.87055,8.51969,26.87055,8.51969,26.87055,8.51969
4.06,26.87055,8.192005,26.87055,7.86433,26.87055,8.51968
4.08,27.52592,8.51968,27.52592,8.51968,27.52592,8.51968
4.1,27.52592,8.191994999999999,27.52592,7.86431,27.52592,8.51968
4.12,27.52592,8.19199,27.52592,7.86431,27.52592,8.51967
4.14,31.45813,7.536625,30.14739,7.20894,32.76887,7.86431
4.16,32.76887,8.191984999999999,32.76887,7.8643,32.76887,8.51967
4.18,32.76886,8.519665,32.76886,7.8643,32.76886,9.17503
4.2,32.76886,8.519665,32.76886,8.51966,32.76886,8.51967
4.22,32.768855,8.519665,32.76886,7.8643,32.76885,9.17503
4.24,32.768855,8.51967,32.76886,7.86431,32.76885,9.17503
4.26,33.09653,8.191984999999999,33.42421,7.8643,32.76885,8.51967
4.28,33.09653,8.847349999999999,33.42421,8.51967,32.76885,9.17503
4.3,33.09653,8.191984999999999,32.76885,7.8643,33.42421,8.51967
4.32,32.76885,8.191984999999999,32.76885,7.8643,32.76885,8.51967
4.34,33.424215000000004,8.51966,33.42422,7.8643,33.42421,9.17502
4.36,33.42421,8.191975,33.42421,7.86429,33.42421,8.51966
4.38,33.424215000000004,8.51966,33.42422,7.8643,33.42421,9.17502
4.4,33.42421,8.191980000000001,33.42421,7.8643,33.42421,8.51966
4.42,33.75189,8.519655,34.07957,7.86429,33.42421,9.17502
4.44,33.42421,8.84733,33.42421,8.51965,33.42421,9.17501
4.46,33.75189,8.51965,34.07957,7.86429,33.42421,9.17501
4.48,33.75189,8.191965,34.07957,7.86428,33.42421,8.51965
4.5,33.751885,8.51964,34.07957,7.86428,33.4242,9.175
4.52,33.75189,8.19196,34.07957,7.86428,33.42421,8.51964
4.54,33.75189,7.20891,34.07957,7.20891,33.42421,7.20891
4.56,33.75189,6.881225000000001,34.07957,6.55354,33.42421,7.20891
4.58,33.42421,7.536575,33.42421,7.20889,33.42421,7.86426
4.6,32.441175,7.536575,32.76886,7.2089,32.11349,7.86425
4.62,32.441165,7.864255,32.76885,7.20889,32.11348,8.51962
4.64,31.785800000000002,7.536575,32.11348,7.20889,31.45812,7.86426
4.66,32.113475,7.536575,32.11348,7.20889,32.11347,7.86426
4.68,32.113475,7.536575,32.11348,7.20889,32.11347,7.86426
4.7,32.11348,7.53657,32.11348,7.20889,32.11348,7.86425
4.72,32.11348,7.5365649999999995,32.11348,7.20888,32.11348,7.86425
4.74,32.114760000000004,7.864240000000001,32.11603,7.20888,32.11349,8.5196
4.76,32.441165,7.864245,32.76885,7.20888,32.11348,8.51961
4.78,32.441165,8.191925,32.76885,7.86424,32.11348,8.51961
4.8,32.441165,8.19192,32.76885,7.86424,32.11348,8.5196
4.82,32.441165,8.19192,32.76885,7.86424,32.11348,8.5196
4.84,32.441154999999995,8.191915,32.76884,7.86423,32.11347,8.5196
4.86,32.768834999999996,8.191925,32.76884,7.86424,32.76883,8.51961
4.88,33.42418,8.19193,33.42418,7.86425,33.42418,8.51961
4.9,33.75186,8.19193,34.07954,7.86425,33.42418,8.51961
4.92,33.75186,8.191935,34.07954,7.86425,33.42418,8.51962
4.94,33.75186,8.19193,34.07954,7.86425,33.42418,8.51961
4.96,33.75186,8.19193,34.07954,7.86425,33.42418,8.51961
4.98,33.424175,7.86425,33.42418,7.86425,33.42417,7.86425
5.0,33.42418,8.191935,33.42418,7.86425,33.42418,8.51962
5.02,33.424175,7.864255,33.42418,7.20889,33.42417,8.51962
5.04,33.75185,7.864255,34.07953,7.20889,33.42417,8.51962
5.06,33.42417,7.86426,33.42417,7.2089,33.42417,8.51962
5.08,33.42417,7.5365850000000005,33.42417,7.2089,33.42417,7.86427
5.1,33.424175,7.53658,33.42417,7.2089,33.42418,7.86426
5.12,33.42417,7.536575,33.42417,7.20889,33.42417,7.86426
5.14,33.42417,7.208895,33.42417,6.55353,33.42417,7.86426
5.16,28.836595,7.208914999999999,32.7688,6.55354,24.90439,7.86429
5.18,22.938290000000002,6.553565,22.93828,5.8982,22.9383,7.20893
5.2,23.92134,7.208925,24.24902,6.55356,23.59366,7.86429
5.22,23.265985,7.53661,23.59367,7.20893,22.9383,7.86429
5.24,23.593665,7.53661,23.59367,7.20893,23.59366,7.86429
5.26,23.92135,7.20892,24.24903,7.20892,23.59367,7.20892
5.28,24.24903,7.20891,24.24903,6.55355,24.24903,7.86427
5.3,24.90439,6.881215,24.90439,6.55354,24.90439,7.20889
5.32,25.559755000000003,7.20889,25.55976,6.55353,25.55975,7.86425
5.34,24.904384999999998,7.53657,24.90439,7.20889,24.90438,7.86425
5.36,24.576700000000002,7.20889,24.90438,6.55353,24.24902,7.86425
5.38,23.92134,7.536575,24.24902,7.2089,23.59366,7.86425
5.4,23.59366,7.208885,24.24902,6.55352,22.9383,7.86425
5.42,23.265974999999997,7.53656,23.59366,7.20888,22.93829,7.86424
5.44,22.610615000000003,6.22583,22.9383,5.89815,22.28293,6.55351
5.46,21.955244999999998,6.22582,22.28293,5.89814,21.62756,6.5535
5.48,26.54279,4.91509,22.28292,5.24277,30.80266,4.58741
5.5,43.25468,0.3275349999999976,42.5993,0.65522,43.91006,-0.0001500000000049
5.52,43.582335,-0.98319,43.91003,-1.31087,43.25464,-0.65551
5.54,42.599265,-0.000150000000000039,42.59927,-0.65551,42.59926,0.65521
5.56,41.943875000000006,0.6552149999999975,42.59924,-0.0001500000000049,41.28851,1.31058
5.58,41.616185,0.9829049999999999,41.94387,0.65522,41.2885,1.31059
5.6,41.943844999999996,1.310595,41.94385,0.65523,41.94384,1.96596
5.62,41.61616,1.965965,41.94384,1.3106,41.28848,2.62133
5.64,41.94384,2.293655,41.94384,1.96597,41.94384,2.62134
5.66,42.27153,2.621335,42.59921,1.96597,41.94385,3.2767
5.68,38.66703,3.60439,38.66703,3.27671,38.66703,3.93207
5.7,38.994730000000004,4.587435,39.32241,3.93207,38.66705,5.2428
5.72,39.322415,4.915115,39.32242,4.58743,39.32241,5.2428
5.74,39.32242,4.91511,39.32242,4.58743,39.32242,5.24279
5.76,39.977765000000005,3.93206,39.97777,3.93206,39.97776,3.93206
5.78,40.305440000000004,2.621335,40.63313,2.62133,39.97775,2.62134
5.8,40.30543,1.638295,40.63311,1.31061,39.97775,1.96598
5.82,39.977745,0.9829399999999999,40.63311,0.65526,39.32238,1.31062
5.84,39.650065,0.9829399999999999,39.97775,0.65526,39.32238,1.31062
5.86,38.99471,1.310634999999995,39.32239,0.65526999999999,38.66703,1.966
5.88,38.99472,1.9660000000000002,39.3224,1.31064,38.66704,2.62136
5.9,39.32241,1.966005,39.32241,1.31064,39.32241,2.62137
5.92,39.97778,2.293695,39.97778,1.96601,39.97778,2.62138
5.94,40.63314,2.293695,40.63314,1.96601,40.63314,2.62138
5.96,44.23768,1.638345,43.25462,1.31066,45.22074,1.96603
5.98,44.893055000000004,2.293705,45.22074,1.31066,44.56537,3.27675
6.0,44.89306,2.9490749999999997,45.22074,2.62139,44.56538,3.27676
6.02,44.237700000000004,2.62139,44.56538,2.62139,43.91002,2.62139
6.04,44.56538,2.94907,44.56538,2.62139,44.56538,3.27675
6.06,44.237700000000004,3.27675,44.56538,2.62139,43.91002,3.93211
6.08,44.238974999999996,3.6044349999999996,44.56793,3.27675,43.91002,3.93212
6.1,43.910025000000005,3.60444,43.91003,3.27676,43.91002,3.93212
6.12,43.910025000000005,3.60444,43.91002,3.27676,43.91003,3.93212
6.14,43.58235,3.932125,43.91003,3.27676,43.25467,4.58749
6.16,43.582355,3.932125,43.91004,3.93212,43.25467,3.93213
6.18,43.25468,4.25981,43.25468,3.93213,43.25468,4.58749
6.2,42.927,4.25981,43.25468,3.93213,42.59932,4.58749
6.22,42.599325,4.259805,42.59933,3.93212,42.59932,4.58749
6.24,42.271645,4.587485,42.59933,3.93212,41.94396,5.24285
6.26,41.61629,4.58749,41.94397,3.93213,41.28861,5.24285
6.28,40.960925,4.91517,41.28861,4.58749,40.63324,5.24285
6.3,40.633245,4.58749,40.63325,4.58749,40.63324,4.58749
6.32,40.305555,4.58749,40.63324,3.93213,39.97787,5.24285
6.34,39.650185,4.915175,39.97787,4.58749,39.3225,5.24286
6.36,39.3225,5.2428550000000005,39.3225,4.58749,39.3225,5.89822
6.38,38.994825000000006,5.570535,39.32251,5.24285,38.66714,5.89822
6.4,38.994820000000004,5.57054,39.3225,5.24286,38.66714,5.89822
6.42,38.994825000000006,5.570535,39.32251,5.24285,38.66714,5.89822
6.44,38.33946,5.898215,38.66714,5.24285,38.01178,6.55358
6.46,34.734930000000006,5.570535,35.3903,5.24285,34.07956,5.89822
6.48,34.73493,5.89822,34.73493,5.24285,34.73493,6.55359
6.5,34.40725,6.225905,34.73493,5.89822,34.07957,6.55359
6.52,34.73493,6.225905,34.73493,5.89822,34.73493,6.55359
6.54,34.40725,6.881265,34.73493,6.55358,34.07957,7.20895
6.56,34.407255,6.225905,34.07958,5.89822,34.73493,6.55359
6.58,34.407255,6.553585,34.73494,5.89822,34.07957,7.20895
6.6,34.407255,6.881265,34.73494,6.55358,34.07957,7.20895
6.62,34.407255,6.553585,34.73494,5.89822,34.07957,7.20895
6.64,34.40725,6.225905,34.73493,5.89822,34.07957,6.55359
6.66,34.73494,6.553585,34.73494,5.89822,34.73494,7.20895
6.68,35.06262,6.553585,34.73494,5.89822,35.3903,7.20895
6.7,35.3903,6.553585,35.3903,6.55358,35.3903,6.55359
6.72,35.71798,6.225905,36.04566,5.89822,35.3903,6.55359
6.74,35.717974999999996,6.22591,36.04566,5.89823,35.39029,6.55359
6.76,37.028705,6.2259150000000005,36.04565,5.89823,38.01176,6.5536
6.78,39.977875,5.898235,39.97788,5.24287,39.97787,6.5536
6.8,39.97787,6.225925,39.97787,5.89824,39.97787,6.55361
6.82,39.977875,6.55361,39.97788,5.89825,39.97787,7.20897
6.84,39.977875,6.553605,39.97788,5.89824,39.97787,7.20897
6.86,39.97787,6.88128,39.97787,6.5536,39.97787,7.20896
6.88,39.65019,6.22592,39.97787,5.89824,39.32251,6.5536
6.9,40.30555,6.55359,40.63323,5.89823,39.97787,7.20895
6.92,39.97787,6.88127,39.97787,6.55359,39.97787,7.20895
6.94,40.63323,6.55358,40.63323,6.55358,40.63323,6.55358
6.96,40.633224999999996,6.88126,40.63323,6.55358,40.63322,7.20894
6.98,41.616265,6.553575,41.94395,5.89821,41.28858,7.20894
7.0,41.61625,6.2259,41.94393,5.89822,41.28857,6.55358
7.02,43.910055,6.88127,43.91005,6.55359,43.91006,7.20895
7.04,44.23773,7.208955,44.56541,6.55359,43.91005,7.86432
7.06,43.91005,7.536635,43.91005,7.20895,43.91005,7.86432
7.08,43.910055,7.53664,43.91006,7.20896,43.91005,7.86432
7.1,43.910045,6.8812750000000005,43.91005,6.55359,43.91004,7.20896
7.12,43.91005,6.88128,43.91005,6.5536,43.91005,7.20896
7.14,43.910045,6.88128,43.91005,6.5536,43.91004,7.20896
7.16,44.5654,6.88128,44.5654,6.5536,44.5654,7.20896
7.18,44.5654,6.5536,44.5654,5.89824,44.5654,7.20896
7.2,44.5654,6.88128,44.5654,6.5536,44.5654,7.20896
7.22,45.22076,7.20896,45.22076,6.5536,45.22076,7.86432
7.24,45.220765,6.8812750000000005,45.22076,6.55359,45.22077,7.20896
7.26,45.22076,7.208955,45.22076,6.55359,45.22076,7.86432
7.28,45.54845,6.88128,45.87613,6.5536,45.22077,7.20896
7.3,53.74056,5.242865,51.11907,5.24287,56.36205,5.24286
7.32,57.345105000000004,5.898705,57.67279,5.24286,57.01742,6.55455
7.34,56.689750000000004,6.553585,57.01743,5.89822,56.36207,7.20895
7.36,56.034395,6.55359,56.36208,5.89823,55.70671,7.20895
7.38,56.36208,6.881265,56.36208,6.55358,56.36208,7.20895
7.4,56.36208,6.225905,56.36208,5.89822,56.36208,6.55359
7.42,56.36208,6.225905,56.36208,5.89822,56.36208,6.55359
7.44,56.362075000000004,5.24285,56.36208,5.24285,56.36207,5.24285
7.46,57.345105000000004,1.966035,57.01743,2.6214,57.67278,1.31067
7.48,60.949565,-2.9492,59.63884,-2.62152,62.26029,-3.27688
7.5,65.209465,-4.25993,65.53715,-5.24297,64.88178,-3.27689
7.52,64.5541,-3.276885,64.88178,-3.93225,64.22642,-2.62152
7.54,63.57107,-2.293835,63.57107,-2.62152,63.57107,-1.96615
7.56,63.57108,-1.6384699999999999,63.57108,-1.96615,63.57108,-1.31079
7.58,63.898759999999996,-1.310795,64.22644,-1.96616,63.57108,-0.65543
7.6,63.898759999999996,-1.310785,64.22644,-1.96615,63.57108,-0.65542
7.62,63.898759999999996,-0.6554250000000024,64.22644,-1.31079,63.57108,-6.0000000004834e-05
7.64,64.226435,-0.6554200000000024,64.22644,-1.31078,64.22643,-6.0000000004834e-05
7.66,64.22643,-0.3277400000000024,64.22643,-0.65542,64.22643,-6.0000000004834e-05
7.68,64.22643,-6.0000000000004494e-05,64.22643,-0.65542,64.22643,0.6553
7.7,64.554115,0.6552999999999976,64.8818,-6.0000000004834e-05,64.22643,1.31066
7.72,64.226435,0.982985,64.22644,0.6553,64.22643,1.31067
7.74,64.226435,0.982985,64.22643,0.6553,64.22644,1.31067
7.76,63.57106999999999,1.31066,64.22643,0.6553,62.91571,1.96602
7.78,63.2434,1.63834,63.57108,1.31066,62.91572,1.96602
7.8,62.91572,2.2937,62.91572,1.96602,62.91572,2.62138
7.82,62.26037,2.2937,62.26037,1.96602,62.26037,2.62138
7.84,62.26037,2.621385,62.26037,1.96602,62.26037,3.27675
7.86,61.932685,2.6213949999999997,62.26037,1.96603,61.605,3.27676
7.88,61.93269,2.9490749999999997,62.26037,2.62139,61.60501,3.27676
7.9,61.60501,2.94907,61.60501,2.62139,61.60501,3.27675
7.92,61.60501,2.94907,61.60501,2.62139,61.60501,3.27675
7.94,61.60501,2.62139,61.60501,1.96603,61.60501,3.27675
7.96,61.27733,2.62139,61.60501,1.96603,60.94965,3.27675
7.98,61.60501,2.94907,61.60501,2.62139,61.60501,3.27675
8.0,61.93269,2.9490749999999997,62.26037,2.62139,61.60501,3.27676
8.02,61.60502,2.9490749999999997,61.60502,2.62139,61.60502,3.27676
8.04,61.27734,2.9490749999999997,61.60502,2.62139,60.94966,3.27676
8.06,63.243455,3.2767549999999996,62.26039,3.27675,64.22652,3.27676
8.08,63.898844999999994,3.2767549999999996,64.22653,2.62139,63.57116,3.93212
8.1,62.915805,3.604445,62.91581,3.27676,62.9158,3.93213
8.12,62.91581,3.604445,62.91581,3.27676,62.91581,3.93213
8.14,63.243494999999996,3.60444,63.57118,3.27676,62.91581,3.93212
8.16,64.22653,2.94908,64.22653,2.6214,64.22653,3.27676
8.18,64.881895,2.9490749999999997,64.8819,2.62139,64.88189,3.27676
8.2,65.20958,3.27676,65.53726,2.6214,64.8819,3.93212
8.22,65.53726,3.27675,65.53726,3.27675,65.53726,3.27675
8.24,65.537255,3.27675,65.53726,2.62139,65.53725,3.93211
8.26,65.53726,3.27675,65.53726,2.62139,65.53726,3.93211
8.28,65.537255,3.27675,65.53726,2.62139,65.53725,3.93211
8.3,65.209565,3.276745,66.19262,3.27674,64.22651,3.27675
8.32,32.44105,0.327655,47.84224,0.65531,17.03986,0.0
8.34,-6.553525,-2.94905,1.31089,-1.96601,-14.41794,-3.93209
8.36,-14.745595,-2.9490749999999997,-15.07329,-3.93212,-14.4179,-1.96603
8.38,-14.090209999999999,-0.327625,-13.76253,-1.31067,-14.41789,0.65542
8.4,-13.434845,0.32773,-13.10716,-0.65531,-13.76253,1.31077
8.42,-13.76252,1.31077,-13.76252,0.65541,-13.76252,1.96613
8.44,-13.76252,1.63845,-13.76252,1.31077,-13.76252,1.96613
8.46,-13.107155,1.966125,-13.10715,1.31076,-13.10716,2.62149
8.48,-13.434835,2.293805,-13.10715,1.96612,-13.76252,2.62149
8.5,-13.10716,2.621485,-13.10716,1.96612,-13.10716,3.27685
8.52,-12.779475000000001,2.94917,-12.45179,2.62149,-13.10716,3.27685
8.54,-12.77947,3.27684,-12.45179,2.62148,-13.10715,3.9322
8.56,-12.45179,3.27684,-12.45179,3.27684,-12.45179,3.27684
8.58,-12.45178,3.932195,-12.45178,3.27683,-12.45178,4.58756
8.6,-11.795145,3.604515,-11.79642,3.27683,-11.79387,3.9322
8.62,-13.107154999999999,3.6045249999999998,-11.79642,3.27684,-14.41789,3.93221
8.64,-15.728625000000001,3.276835,-15.72863,2.62147,-15.72862,3.9322
8.66,-15.400935,3.60452,-15.07325,3.27684,-15.72862,3.9322
8.68,-15.07325,3.932205,-15.07325,3.27684,-15.07325,4.58757
8.7,-14.74557,3.932205,-15.07325,3.27684,-14.41789,4.58757
8.72,-14.41788,3.6045249999999998,-14.41788,3.27684,-14.41788,3.93221
8.74,-14.417875,3.932205,-14.41787,3.27684,-14.41788,4.58757
8.76,-14.417875,3.60452,-14.41787,3.27684,-14.41788,3.9322
8.78,-14.745550000000001,3.6045249999999998,-14.41787,3.27684,-15.07323,3.93221
8.8,-32.44027,3.60452,-49.80731,3.27684,-15.07323,3.9322
8.82,-15.07323,3.9322,-15.07323,3.27684,-15.07323,4.58756
8.84,-15.07322,3.6045249999999998,-15.07322,3.27684,-15.07322,3.93221
8.86,-11.14102,4.259875,-15.07322,3.27684,-7.20882,5.24291
8.88,-2.94888,4.91523,-2.6212,4.58755,-3.27656,5.24291
8.9,-3.276555,5.89827,-3.27656,5.24291,-3.27655,6.55363
8.92,-3.27655,5.570595,-2.62119,5.24291,-3.93191,5.89828
8.94,-3.276555,5.570595,-3.27655,5.24291,-3.27656,5.89828
8.96,-3.276555,5.898275,-3.27655,5.24292,-3.27656,6.55363
8.98,-3.276555,5.5706,-3.27655,5.24292,-3.27656,5.89828
9.0,-3.2765649999999997,5.570595,-3.27656,5.24291,-3.27657,5.89828
9.02,-3.60425,5.570595,-3.27657,5.24291,-3.93193,5.89828
9.04,-3.60426,5.24292,-3.27658,5.24292,-3.93194,5.24292
9.06,-3.93194,5.5706050000000005,-3.93194,5.24292,-3.93194,5.89829
9.08,-4.25962,5.24293,-3.93194,4.58757,-4.5873,5.89829
9.1,-4.25962,5.89828,-3.93194,5.24292,-4.5873,6.55364
9.12,-4.91498,5.898285,-4.5873,5.24292,-5.24266,6.55365
9.14,-5.57034,5.5706050000000005,-5.24266,5.24292,-5.89802,5.89829
9.16,-5.89801,5.5706,-5.89801,5.24292,-5.89801,5.89828
9.18,-6.22569,5.5706,-5.89801,5.24292,-6.55337,5.89828
9.2,-6.553375,5.5706,-6.55337,5.24292,-6.55338,5.89828
9.22,-6.55337,5.570595,-6.55337,5.24291,-6.55337,5.89828
9.24,-6.553364999999999,5.5706,-6.55336,5.24292,-6.55337,5.89828
9.26,-6.881045,5.5706050000000005,-6.55336,5.24293,-7.20873,5.89828
9.28,-6.88105,5.24292,-6.55337,4.58756,-7.20873,5.89828
9.3,-7.20873,4.9152450000000005,-7.20873,4.58756,-7.20873,5.24293
9.32,-7.864095,4.91525,-7.86409,4.58757,-7.8641,5.24293
9.34,-7.20872,3.9322,-7.8641,3.93221,-6.55334,3.93219
9.36,-5.57027,3.276815,-5.24259,2.62145,-5.89795,3.93218
9.38,-5.89794,4.259865,-5.89794,3.93218,-5.89794,4.58755
9.4,-5.57026,3.93218,-5.24258,3.93218,-5.89794,3.93218
9.42,-5.89794,3.932175,-5.89794,3.27681,-5.89794,4.58754
9.44,-5.5702549999999995,3.932175,-5.24257,3.27681,-5.89794,4.58754
9.46,-5.57026,3.60449,-5.24258,3.27681,-5.89794,3.93217
9.48,-5.897935,3.6044850000000004,-5.89793,3.2768,-5.89794,3.93217
9.5,-5.897935,3.9321649999999995,-5.89793,3.27681,-5.89794,4.58752
9.52,-5.897935,3.2768,-5.89793,2.62144,-5.89794,3.93216
9.54,-5.897935,3.60448,-5.89793,3.2768,-5.89794,3.93216
9.56,-5.897935,3.276795,-5.89793,3.27679,-5.89794,3.2768
9.58,-5.897935,2.949125,-5.89793,2.62144,-5.89794,3.27681
9.6,-5.897945,2.94913,-5.89794,2.62145,-5.89795,3.27681
9.62,-4.587235,3.2768100000000002,-4.58723,2.62145,-4.58724,3.93217
9.64,-3.2765250000000004,3.604495,-3.27652,3.27681,-3.27653,3.93218
9.66,-2.62118,2.94913,-2.62117,2.62145,-2.62119,3.27681
9.68,-1.63816,2.94913,-1.31047,2.62145,-1.96585,3.27681
9.7,-1.310495,2.29377,-1.31049,1.96609,-1.3105,2.62145
9.72,-0.982815,2.29377,-0.65513,1.96609,-1.3105,2.62145
9.74,-0.65514,2.293765,-0.65514,1.96608,-0.65514,2.62145
9.76,-0.65514,2.2937600000000002,-0.65514,1.96608,-0.65514,2.62144
9.78,0.0002199999999987,1.9660800000000003,0.0002199999999987,1.31072,0.0002199999999987,2.62144
9.8,0.32790499999999934,1.63839,0.65559,1.31071,0.0002199999999987,1.96607
9.82,0.65558,2.293755,0.65558,1.96607,0.65558,2.62144
9.84,0.983255,1.966075,1.31094,1.31071,0.65557,2.62144
9.86,1.31093,2.293755,1.31093,1.96607,1.31093,2.62144
9.88,1.31093,2.29375,1.31093,1.96607,1.31093,2.62143
9.9,1.31093,2.29375,1.31093,1.96607,1.31093,2.62143
9.92,1.3109250000000001,2.29375,1.31093,1.96607,1.31092,2.62143
9.94,1.3109250000000001,2.29375,1.31093,1.96607,1.31092,2.62143
9.96,1.31092,2.293745,1.31092,1.96606,1.31092,2.62143
9.98,1.310915,2.29375,1.31092,1.96607,1.31091,2.62143
10.0,1.31092,1.966065,1.31092,1.3107,1.31092,2.62143
10.02,0.65559,2.29374,1.96628,1.96606,-0.6551,2.62142
10.06,-0.98264,2.29372,-0.65496,1.96604,-1.31032,2.6214
10.08,-0.98264,2.29372,-0.65496,1.96604,-1.31032,2.6214
10.1,-0.654955,2.2937149999999997,-0.65495,1.96603,-0.65496,2.6214
10.12,-0.65496,1.63835,-0.65496,1.31067,-0.65496,1.96603
10.14,-0.3272800000000005,1.63835,-0.65496,1.31067,0.000399999999999,1.96603
10.2,0.0004050000000006,1.63834,0.0004100000000022,1.31066,0.000399999999999,1.96602
10.24,0.0004050000000006,1.3106550000000001,0.0004100000000022,1.31065,0.000399999999999,1.31066
10.3,5.24332,0.65529,1.31111,0.65529,9.17553,0.65529
10.32,17.695279999999997,-8.500000000000174e-05,17.03992,-0.65545,18.35064,0.65528
10.34,18.35063,0.655284999999998,18.35063,-8.0000000004077e-05,18.35063,1.31065
10.36,18.02295,0.6552899999999996,18.35063,-7.0000000000903e-05,17.69527,1.31065
10.38,18.35064,1.310645,19.006,0.65528,17.69528,1.96601
10.4,18.350634999999997,1.310645,18.35064,1.31064,18.35063,1.31065
10.42,18.35063,0.9829650000000001,18.35063,0.65528,18.35063,1.31065
10.44,18.35063,0.9829700000000001,18.35063,0.65529,18.35063,1.31065
10.46,18.67832,0.9829650000000001,19.006,0.65528,18.35064,1.31065
10.48,18.67832,0.9829700000000001,19.006,0.65529,18.35064,1.31065
10.5,18.678325,1.31065,19.00601,0.65529,18.35064,1.96601
10.52,18.022959999999998,0.9829650000000001,18.35064,0.65528,17.69528,1.31065
10.54,18.02297,0.9829650000000001,18.35065,0.65528,17.69529,1.31065
10.56,17.695285,1.310645,17.69529,0.65528,17.69528,1.96601
10.58,17.03993,0.9829700000000001,17.03993,0.65529,17.03993,1.31065
10.6,17.03993,0.9829700000000001,17.03993,0.65529,17.03993,1.31065
10.62,17.03993,0.9829700000000001,17.03993,0.65529,17.03993,1.31065
10.64,20.972144999999998,0.98298,20.97214,0.6553,20.97215,1.31066
10.66,20.972155,1.310665,20.97216,0.6553,20.97215,1.96603
10.68,20.972155,1.9660250000000001,20.97216,1.96602,20.97215,1.96603
10.7,20.972155,1.9660199999999999,20.97216,1.31066,20.97215,2.62138
10.72,20.64448,1.966025,20.97216,1.31066,20.3168,2.62139
10.74,20.972155,1.63835,20.97216,1.31067,20.97215,1.96603
10.76,20.97215,1.638355,20.97215,1.31067,20.97215,1.96604
10.78,20.972155,1.63835,20.97215,1.31067,20.97216,1.96603
10.8,20.97216,1.63835,20.97216,1.31067,20.97216,1.96603
10.82,20.97216,1.638355,20.97216,1.31067,20.97216,1.96604
10.84,20.97216,1.31067,20.97216,1.31067,20.97216,1.31067
10.86,21.62752,1.31067,21.62752,1.31067,21.62752,1.31067
10.88,21.627515000000002,0.3276199999999976,21.62752,-6.0000000004834e-05,21.62751,0.6553
10.9,21.955185,0.32762499999999756,22.28287,-6.0000000004834e-05,21.6275,0.65531
10.92,22.93823,-6.0000000004834e-05,21.6275,-6.0000000004834e-05,24.24896,-6.0000000004834e-05
10.94,28.18117,-6.0000000000004494e-05,28.18117,-0.65542,28.18117,0.6553
10.96,28.181165,0.6553049999999976,28.18117,-6.0000000004834e-05,28.18116,1.31067
10.98,27.52581,0.98299,27.52581,0.65531,27.52581,1.31067
11.0,27.5258,0.98299,27.5258,0.65531,27.5258,1.31067
11.02,27.19813,0.98299,27.52581,0.65531,26.87045,1.31067
11.04,27.198124999999997,1.63835,27.52581,1.31067,26.87044,1.96603
11.06,26.87045,1.63835,26.87045,1.31067,26.87045,1.96603
11.08,26.54277,1.63835,26.87045,1.31067,26.21509,1.96603
11.1,26.21509,1.63835,26.21509,1.31067,26.21509,1.96603
11.12,26.215085000000002,1.638345,26.21509,1.31066,26.21508,1.96603
11.14,25.887405,1.638345,26.21509,1.31066,25.55972,1.96603
11.16,25.55973,1.638345,25.55973,1.31066,25.55973,1.96603
11.18,25.887414999999997,1.638345,26.2151,1.31066,25.55973,1.96603
11.2,25.559725,1.9660199999999999,25.55973,1.31066,25.55972,2.62138
11.22,25.55973,1.63834,25.55973,1.31066,25.55973,1.96602
11.24,25.559725,1.63834,25.55973,1.31066,25.55972,1.96602
11.26,25.232045,2.293695,25.55973,1.96601,24.90436,2.62138
11.28,24.904365,1.638335,24.90437,1.31065,24.90436,1.96602
11.3,24.90436,1.966015,24.90436,1.31065,24.90436,2.62138
11.32,24.576684999999998,1.966015,24.90437,1.31065,24.249,2.62138
11.34,24.57668,1.63833,24.90436,1.31065,24.249,1.96601
11.36,24.576684999999998,1.638335,24.90437,1.31065,24.249,1.96602
11.38,24.57668,1.63833,24.90436,1.31065,24.249,1.96601
11.4,24.57668,1.63833,24.90436,1.31065,24.249,1.96601
11.42,24.249,1.9660100000000003,24.249,1.31065,24.249,2.62137
11.44,24.249,1.638325,24.249,1.31064,24.249,1.96601
11.46,24.249,1.63883,24.249,1.31165,24.249,1.96601
11.48,23.92132,1.638325,24.249,1.31064,23.59364,1.96601
11.5,23.92132,2.293685,24.249,1.966,23.59364,2.62137
11.52,23.593635,1.638325,24.249,1.31064,22.93827,1.96601
11.54,20.3168,1.966005,20.3168,1.31064,20.3168,2.62137
11.56,20.644485,2.293685,20.97217,1.966,20.3168,2.62137
11.58,20.644485,1.9660100000000003,20.97217,1.31065,20.3168,2.62137
11.6,20.644485,1.96601,20.31681,1.96601,20.97216,1.96601
11.62,21.299835,2.293695,21.62752,1.96601,20.97215,2.62138
11.64,21.627505,2.293695,21.62751,1.96601,21.6275,2.62138
11.66,21.95518,2.293695,22.28286,1.96601,21.6275,2.62138
11.68,21.955175,2.2937,22.28286,1.96602,21.62749,2.62138
11.7,21.955165,2.293695,22.28285,1.96601,21.62748,2.62138
11.72,22.28284,2.293695,22.28284,1.96601,22.28284,2.62138
11.74,22.282835,2.621375,22.28284,1.96601,22.28283,3.27674
11.76,28.18114,2.2936900000000002,26.21503,1.96601,30.14725,2.62137
11.78,29.819564999999997,2.621365,30.14725,1.966,29.49188,3.27673
11.8,29.49188,2.9490550000000004,29.49188,2.62137,29.49188,3.27674
11.82,29.1642,2.94905,29.49188,2.62137,28.83652,3.27673
11.84,28.836515,2.9490550000000004,28.83652,2.62137,28.83651,3.27674
11.86,28.50883,3.6044150000000004,28.83651,3.27673,28.18115,3.9321
11.88,29.164185,3.60441,29.49187,3.27673,28.8365,3.93209
11.9,29.16418,3.9320950000000003,29.49186,3.93209,28.8365,3.9321
11.92,29.16417,3.9320950000000003,29.49185,3.93209,28.83649,3.9321
11.94,29.164155,3.60442,29.49184,3.27674,28.83647,3.9321
11.96,32.76867,3.27673,29.49184,3.27673,36.0455,3.27673
11.98,43.58228,2.949045,42.59922,2.62137,44.56534,3.27672
12.0,43.582285,3.6044150000000004,43.90997,3.27673,43.2546,3.9321
12.02,43.909965,3.6044150000000004,43.90997,3.27673,43.90996,3.9321
12.04,43.909965,3.9320950000000003,43.90997,3.27673,43.90996,4.58746
12.06,43.909955,3.6044150000000004,43.90996,3.27673,43.90995,3.9321
12.08,44.56532,3.60442,44.56532,3.27674,44.56532,3.9321
12.1,44.893,3.6044150000000004,45.22068,3.27673,44.56532,3.9321
12.12,45.22068,3.2767350000000004,45.22068,2.62137,45.22068,3.9321
12.14,45.22068,3.60441,45.22068,3.27673,45.22068,3.93209
12.16,45.54836,2.949045,45.22068,2.62136,45.87604,3.27673
12.18,45.87605,2.9490350000000003,45.87605,2.62135,45.87605,3.27672
12.2,45.54837,2.94904,45.87605,2.62136,45.22069,3.27672
12.22,45.54837,2.9490350000000003,45.87605,2.62135,45.22069,3.27672
12.24,45.54837,2.9490350000000003,45.87605,2.62135,45.22069,3.27672
12.26,45.876045000000005,2.94903,45.87605,2.62135,45.87604,3.27671
12.28,45.876045000000005,2.9490350000000003,45.87605,2.62135,45.87604,3.27672
12.3,46.203725000000006,2.9490350000000003,46.53141,2.62135,45.87604,3.27672
12.32,46.531405,2.621355,46.53141,1.96599,46.5314,3.27672
12.34,46.531405,2.29367,46.53141,1.96599,46.5314,2.62135
12.36,47.186755000000005,2.29366,47.18676,1.96598,47.18675,2.62134
12.38,47.51444,1.965975,47.84212,1.96597,47.18676,1.96598
12.4,47.842115,1.965975,47.84212,1.96597,47.84211,1.96598
12.42,47.84212,1.31061,47.84212,0.65524,47.84212,1.96598
12.44,47.514435000000006,0.9829349999999999,47.84212,0.65525,47.18675,1.31062
12.46,47.51444,1.638295,47.84212,1.31061,47.18676,1.96598
12.48,47.18676,1.638295,47.18676,1.31061,47.18676,1.96598
12.5,46.85909,1.638295,47.18677,1.31061,46.53141,1.96598
12.52,46.85909,2.293655,47.18677,1.96597,46.53141,2.62134
12.54,46.53141,1.63829,46.53141,1.31061,46.53141,1.96597
12.56,47.18677,1.638285,47.18677,1.3106,47.18677,1.96597
12.58,47.18677,1.638285,47.18677,1.3106,47.18677,1.96597
12.6,47.51445,1.63829,47.84213,1.31061,47.18677,1.96597
12.62,47.18677,1.96597,47.18677,1.96597,47.18677,1.96597
12.64,47.51445,1.638285,47.84213,1.3106,47.18677,1.96597
12.66,47.514455,1.63828,47.84214,1.3106,47.18677,1.96596
12.68,46.85909,1.638275,47.18677,1.31059,46.53141,1.96596
12.7,47.51445,1.310595,47.84213,1.31059,47.18677,1.3106
12.72,47.18678,1.31059,47.18678,1.31059,47.18678,1.31059
12.74,47.18678,0.9829049999999999,47.18678,0.65522,47.18678,1.31059
12.76,47.84214,0.3275399999999991,47.84214,-0.0001400000000018,47.84214,0.65522
12.78,47.84214,0.3275399999999991,47.84214,-0.0001400000000018,47.84214,0.65522
12.8,47.51446,-0.32783000000000245,47.84214,-0.65551,47.18678,-0.0001500000000049
12.82,47.842145,-0.32783000000000245,47.84215,-0.65551,47.84214,-0.0001500000000049
12.84,48.169825,-0.32783000000000245,48.49751,-0.65551,47.84214,-0.0001500000000049
12.86,48.16982,-0.32783500000000004,48.4975,-1.31088,47.84214,0.65521
12.88,47.84214,-0.32783500000000243,47.84214,-0.65552,47.84214,-0.0001500000000049
12.9,47.84214,-0.32783500000000243,47.84214,-0.65552,47.84214,-0.0001500000000049
12.92,47.84213,-0.32783500000000243,47.84213,-0.65552,47.84213,-0.0001500000000049
12.94,47.842124999999996,-0.32783500000000243,47.84213,-0.65552,47.84212,-0.0001500000000049
12.96,47.514444999999995,0.32752499999999946,47.84213,-0.000160000000001,47.18676,0.65521
12.98,53.41276,-0.65552,49.80822,-0.65552,57.0173,-0.65552
13.0,61.60491,-2.29394,61.60491,-3.27698,61.60491,-1.3109
13.02,60.949545,-0.983215,61.6049,-1.3109,60.29419,-0.65553
13.04,60.62187,-1.3109,60.94955,-1.96627,60.29419,-0.65553
13.06,60.62187,-0.98322,60.94955,-1.31091,60.29419,-0.65553
13.08,60.94955,-0.98322,60.94955,-1.3109,60.94955,-0.65554
13.1,60.949545,-1.638575,60.94955,-1.96626,60.94954,-1.31089
13.12,61.60491,-1.638575,61.60491,-1.96626,61.60491,-1.31089
13.14,61.604905,-1.638585,61.60491,-1.96627,61.6049,-1.3109
13.16,60.294174999999996,-1.6385800000000001,61.60491,-1.96627,58.98344,-1.31089
13.18,49.480575,-1.31088,51.77437,-1.31089,47.18678,-1.31087
13.2,48.16984,-1.310875,47.84216,-1.96624,48.49752,-0.65551
13.22,48.497524999999996,-1.310875,48.49753,-1.96624,48.49752,-0.65551
13.24,48.49752,-0.9832000000000001,48.49752,-1.31088,48.49752,-0.65552
13.26,48.8252,-0.9832000000000001,48.49752,-1.31088,49.15288,-0.65552
13.28,49.15288,-1.310885,49.15288,-1.96625,49.15288,-0.65552
13.3,49.15288,-1.310885,49.15288,-1.31089,49.15288,-1.31088
13.32,49.15288,-1.31089,49.15288,-1.96625,49.15288,-0.65553
13.34,49.15288,-1.638565,49.15288,-1.96625,49.15288,-1.31088
13.36,49.152885,-0.9832050000000001,49.15288,-1.31089,49.15289,-0.65552
13.38,49.152885,-1.310885,49.15289,-1.96625,49.15288,-0.65552
13.4,49.15288,-0.9832050000000001,49.15288,-1.31089,49.15288,-0.65552
13.42,48.825205,-1.310885,49.15289,-1.96625,48.49752,-0.65552
13.44,48.825205,-0.9832050000000001,49.15289,-1.31089,48.49752,-0.65552
13.46,48.825205,-1.63857,49.15289,-1.96625,48.49752,-1.31089
13.48,48.49752,-1.31089,48.49752,-1.96625,48.49752,-0.65553
13.5,46.203735,-1.63857,47.18679,-1.96625,45.22068,-1.31089
13.52,46.203725000000006,-1.638575,46.53141,-1.96626,45.87604,-1.31089
13.54,46.203720000000004,-1.310895,46.5314,-1.96626,45.87604,-0.65553
13.56,46.531395,-0.9832050000000001,46.5314,-1.31089,46.53139,-0.65552
13.58,46.203715,-0.9832050000000001,46.5314,-1.31089,45.87603,-0.65552
13.6,46.20371,-0.983195,46.53139,-1.31088,45.87603,-0.65551
13.62,46.203705,-0.983195,46.53139,-1.31088,45.87602,-0.65551
13.64,46.2037,-0.983195,46.53138,-1.31088,45.87602,-0.65551
13.66,45.548334999999994,-0.983195,45.87602,-1.31088,45.22065,-0.65551
13.68,45.548334999999994,-0.983195,45.87602,-1.31088,45.22065,-0.65551
13.7,45.548339999999996,-1.638565,45.87602,-1.96625,45.22066,-1.31088
13.72,45.87602,-1.310875,45.87602,-1.31088,45.87602,-1.31087
13.74,45.548339999999996,-1.31088,45.87602,-1.96624,45.22066,-0.65552
13.76,45.87602,-1.638555,45.87602,-1.96624,45.87602,-1.31087
13.78,45.876014999999995,-0.983195,45.87602,-1.31088,45.87601,-0.65551
13.8,45.220655,-1.310875,45.22066,-1.96624,45.22065,-0.65551
13.82,45.54833,-1.63855,45.87601,-1.96623,45.22065,-1.31087
13.84,45.54833,-1.31087,45.87601,-1.96623,45.22065,-0.65551
13.86,45.548325000000006,-1.31087,45.87601,-1.96623,45.22064,-0.65551
13.88,45.22065,-1.31087,45.22065,-1.96623,45.22065,-0.65551
13.9,45.22065,-1.310875,45.22065,-1.96624,45.22065,-0.65551
13.92,45.54833,-1.638555,45.87601,-1.96624,45.22065,-1.31087
13.94,45.22065,-1.310875,45.22065,-1.96624,45.22065,-0.65551
13.96,45.22066,-1.638545,45.22066,-1.96623,45.22066,-1.31086
13.98,44.892975,-0.983195,45.22066,-1.31088,44.56529,-0.65551
14.0,44.892975,-1.63855,45.22066,-1.96623,44.56529,-1.31087
14.02,45.220655,-1.310865,45.22066,-1.96623,45.22065,-0.6555
14.04,45.22066,-1.638555,45.22066,-1.96624,45.22066,-1.31087
14.06,45.220665,-1.310875,45.22067,-1.96624,45.22066,-0.65551
14.08,47.84214,-1.63856,45.87603,-1.96624,49.80825,-1.31088
14.1,50.46362499999999,-1.31088,51.11899,-1.96625,49.80826,-0.65551
14.12,49.80826,-1.31088,49.80826,-1.96624,49.80826,-0.65552
14.14,49.48058,-1.310875,49.80826,-1.96624,49.1529,-0.65551
14.16,49.152905000000004,-0.983195,49.15291,-0.65552,49.1529,-1.31087
14.18,49.480585000000005,-1.31088,49.80827,-1.31088,49.1529,-1.31088
14.2,49.48058,-0.9832050000000001,49.80826,-1.31089,49.1529,-0.65552
14.22,49.48058,-0.6555250000000006,49.80826,-1.31089,49.1529,-0.000160000000001
14.24,49.808255,-0.9832050000000001,49.80826,-1.31089,49.80825,-0.65552
14.26,49.480565,-0.655525000000005,49.80825,-0.65553000000001,49.15288,-0.65552
14.28,49.480565,-0.32784500000000555,49.80825,-0.65553000000001,49.15288,-0.000160000000001
14.3,49.152885,26.869600000000002,49.15289,-1.31088,49.15288,55.05008
14.32,49.152885,-0.6555250000000006,49.15289,-1.31089,49.15288,-0.000160000000001
14.34,49.15288,-0.9832000000000001,49.15288,-1.31088,49.15288,-0.65552
14.36,49.80824,-0.6555250000000006,49.80824,-1.31089,49.80824,-0.000160000000001
14.38,52.102015,-0.32784500000000555,50.4636,-0.65553000000001,53.74043,-0.000160000000001
14.4,61.277215,-1.310885,60.94952,-1.96625,61.60491,-0.65552
14.42,61.277215,-0.6555150000000025,61.6049,-1.31088,60.94953,-0.0001500000000049
14.44,60.94954,-0.00015500000000001624,60.94954,-0.65552,60.94954,0.65521
14.46,60.94954,-0.00015500000000001624,60.94954,-0.65552,60.94954,0.65521
14.48,60.94954,-0.00015500000000001624,60.94954,-0.65552,60.94954,0.65521
14.5,60.94954,0.3275349999999976,60.94954,-0.0001500000000049,60.94954,0.65522
14.52,61.27723,0.32752999999999755,61.60491,-0.0001500000000049,60.94955,0.65521
14.54,60.94955,0.32752999999999755,60.94955,-0.0001500000000049,60.94955,0.65521
14.56,60.94955,0.3275199999999995,60.94955,-0.000160000000001,60.94955,0.6552
14.58,60.949555000000004,0.3275149999999979,60.94956,-0.0001700000000042,60.94955,0.6552
14.6,61.277235000000005,0.3275149999999979,61.60492,-0.0001700000000042,60.94955,0.6552
14.62,61.27724,-0.32784500000000555,60.94956,-0.65553000000001,61.60492,-0.000160000000001
14.64,61.27724,-0.32785000000000714,61.60492,-0.65553000000001,60.94956,-0.0001700000000042
14.66,61.277245,-0.6555250000000006,61.60493,-1.31089,60.94956,-0.000160000000001
14.68,61.27724,-0.655530000000005,61.60492,-0.65553000000001,60.94956,-0.65553
14.7,60.94957,-0.983215,60.94957,-1.3109,60.94957,-0.65553
14.72,61.604925,-0.65554,61.60493,-0.65554,61.60492,-0.65554
14.74,61.277245,-0.6555400000000001,61.60493,-1.3109,60.94956,-0.0001800000000002
14.76,60.949565,-0.6555450000000002,60.94957,-1.31091,60.94956,-0.0001800000000002
14.78,60.621885,-0.32786500000000507,60.94957,-0.65555000000001,60.2942,-0.0001800000000002
14.8,64.554105,-0.3278550000000021,63.57104,-0.65554,65.53717,-0.0001700000000042
14.82,65.53717,-0.00017499999999998073,66.19253,-0.65554,64.88181,0.65519
14.84,64.88181,0.6551799999999999,64.88181,-0.0001800000000002,64.88181,1.31054
14.86,65.209485,0.982855,65.53717,0.65517,64.8818,1.31054
14.88,65.209475,0.6551749999999983,65.53716,-0.0001900000000034,64.88179,1.31054
14.9,65.537155,1.310535,66.19252,0.65517,64.88179,1.9659
14.92,66.19249500000001,0.982859999999995,66.1925,0.65517999999999,66.19249,1.31054
14.94,66.520175,1.310544999999995,66.1925,0.65517999999999,66.84785,1.96591
14.96,67.17553,1.310544999999995,67.50321,0.65517999999999,66.84785,1.96591
14.98,67.50321,0.982864999999995,67.50321,0.65517999999999,67.50321,1.31055
15.0,50.463595,-1.9662600000000001,61.60489,-1.31091,39.3223,-2.62161
15.02,5.570815,-4.259945,12.45221,-4.58765,-1.31058,-3.93224
15.04,-0.3275499999999991,-4.58762,-0.65524,-5.24298,0.0001400000000018,-3.93226
15.06,0.9831799999999999,-3.2769,1.31086,-3.93226,0.6555,-2.62154
15.08,1.31086,-2.62154,1.31086,-3.2769,1.31086,-1.96618
15.1,1.9662250000000001,-2.29386,1.96622,-2.62154,1.96623,-1.96618
15.12,1.9662250000000001,-1.966185,1.96623,-2.62155,1.96622,-1.31082
15.14,1.9662250000000001,-1.966185,1.96623,-1.96619,1.96622,-1.96618
15.16,1.9662250000000001,-1.6385100000000001,1.96623,-1.96619,1.96622,-1.31083
15.18,1.6385450000000001,-1.6385100000000001,1.96622,-1.96619,1.31087,-1.31083
15.2,-1.6383549999999998,-2.621515,1.96619,-2.62153,-5.2429,-2.6215
15.22,-10.485815,-3.27686,-10.48582,-3.93222,-10.48581,-2.6215
15.24,-10.15812,-2.621505,-9.83044,-3.27687,-10.4858,-1.96614
15.26,-10.48579,-1.966145,-10.48579,-2.62151,-10.48579,-1.31078
15.28,-10.48578,-1.638465,-10.48578,-1.96615,-10.48578,-1.31078
15.3,-10.48577,-1.310785,-10.48577,-1.96615,-10.48577,-0.65542
15.32,-10.81344,-1.310785,-10.48576,-1.96615,-11.14112,-0.65542
15.34,-11.14112,-0.9831000000000001,-11.14112,-1.31078,-11.14112,-0.65542
15.36,-11.14112,-1.310785,-11.14112,-1.31079,-11.14112,-1.31078
15.38,-11.468800000000002,-1.310785,-11.14112,-1.96615,-11.79648,-0.65542
15.4,-11.14111,-0.9831049999999999,-11.14111,-1.31079,-11.14111,-0.65542
15.42,-11.14111,-0.9831000000000001,-11.14111,-1.31078,-11.14111,-0.65542
15.44,-10.81342,-0.32773500000000083,-10.48574,-0.65542,-11.1411,-5.000000000166e-05
15.46,-11.1411,-0.6554150000000009,-11.1411,-1.31078,-11.1411,-5.000000000166e-05
15.48,-11.1411,-0.32773500000000083,-11.1411,-0.65542,-11.1411,-5.000000000166e-05
15.5,-11.468779999999999,-0.32773500000000083,-11.1411,-0.65542,-11.79646,-5.000000000166e-05
15.52,-10.81342,-0.32772499999999927,-10.48574,-0.65541,-11.1411,-3.9999999998486e-05
15.54,-10.813424999999999,-4.0000000000040004e-05,-10.48574,-0.65541,-11.14111,0.65533
15.56,-10.81343,0.3276449999999972,-10.48575,-4.0000000005591e-05,-11.14111,0.65533
15.58,-10.81343,-3.500000000000725e-05,-10.48575,-0.6554,-11.14111,0.65533
15.6,-10.48575,0.3276449999999972,-10.48575,-4.0000000005591e-05,-10.48575,0.65533
15.62,-10.48575,0.3276499999999988,-10.48575,-3.0000000002417e-05,-10.48575,0.65533
15.64,-10.48575,0.3276499999999988,-10.48575,-3.0000000002417e-05,-10.48575,0.65533
15.66,-10.48575,0.6553299999999972,-10.48575,-4.0000000005591e-05,-10.48575,1.3107
15.68,-10.48575,0.3276449999999972,-10.48575,-4.0000000005591e-05,-10.48575,0.65533
15.7,-10.158069999999999,0.3276449999999972,-9.83039,-4.0000000005591e-05,-10.48575,0.65533
15.72,-10.48575,0.3276449999999972,-10.48575,-4.0000000005591e-05,-10.48575,0.65533
15.74,-10.48575,0.3276449999999972,-10.48575,-4.0000000005591e-05,-10.48575,0.65533
15.76,-9.830385,0.3276449999999972,-9.83039,-4.0000000005591e-05,-9.83038,0.65533
15.78,-9.830385,0.3276449999999972,-9.83038,-4.0000000005591e-05,-9.83039,0.65533
15.8,-9.502704999999999,0.6553249999999999,-9.17502,0.65532,-9.83039,0.65533
15.82,-9.502704999999999,0.3276449999999972,-9.17502,-4.0000000005591e-05,-9.83039,0.65533
15.84,-9.175025,0.3276449999999972,-9.17502,-4.0000000005591e-05,-9.17503,0.65533
15.86,-9.17503,-0.3277150000000012,-9.17503,-0.6554,-9.17503,-3.0000000002417e-05
15.88,-8.519665,-0.32771999999999923,-8.51966,-0.6554,-8.51967,-3.9999999998486e-05
15.9,-7.86431,-0.6554100000000008,-8.51967,-1.31077,-7.20895,-5.000000000166e-05
15.92,7.209295,-0.9831350000000001,-1.9659,-0.65545,16.38449,-1.31082
15.94,52.429770000000005,-2.94927,45.87603,-2.62159,58.98351,-3.27695
15.96,59.63892,-2.949275,60.29429,-3.93233,58.98355,-1.96622
15.98,59.31122,-1.96623,59.6389,-2.62159,58.98354,-1.31087
16.0,59.638905,-1.638555,59.63891,-1.96624,59.6389,-1.31087
16.02,59.638895000000005,-1.63856,59.6389,-1.96624,59.63889,-1.31088
16.04,60.29425,-1.63856,60.29425,-1.96624,60.29425,-1.31088
16.06,59.966570000000004,-1.31089,60.29425,-1.96625,59.63889,-0.65553
16.08,60.29425,-1.63857,60.29425,-1.96625,60.29425,-1.31089
16.1,60.29425,-1.3109,60.29425,-1.96626,60.29425,-0.65554
16.12,61.604974999999996,-1.63858,60.94961,-1.96626,62.26034,-1.3109
16.14,69.79713,-2.94931,68.81406,-3.27699,70.7802,-2.62163
16.16,70.452515,-2.293945,70.7802,-2.62163,70.12483,-1.96626
16.18,70.452505,-2.293945,70.78019,-2.62163,70.12482,-1.96626
16.2,71.10786,-1.966265,70.78018,-2.62163,71.43554,-1.3109
16.22,71.435535,-2.29395,71.43554,-2.62163,71.43553,-1.96627
16.24,71.763215,-2.293945,72.0909,-2.62163,71.43553,-1.96626
16.26,71.76321,-1.9662700000000002,72.09089,-2.62163,71.43553,-1.31091
16.28,72.090885,-2.62163,72.09089,-3.277,72.09088,-1.96626
16.3,71.7632,-2.29395,72.09088,-2.62163,71.43552,-1.96627
16.32,72.09088,-2.293955,72.09088,-2.62164,72.09088,-1.96627
16.34,71.7632,-2.293955,72.09088,-2.62164,71.43552,-1.96627
16.36,71.763195,-2.29395,72.09088,-2.62163,71.43551,-1.96627
16.38,71.76319,-2.29395,72.09087,-2.62163,71.43551,-1.96627
16.4,71.763185,-1.9662700000000002,72.09087,-2.62163,71.4355,-1.31091
16.42,71.4355,-1.966275,71.4355,-2.62164,71.4355,-1.31091
16.44,70.452455,-1.966265,70.78014,-2.62163,70.12477,-1.3109
16.46,60.949619999999996,0.98292,62.91572,0.65522,58.98352,1.31062
16.48,58.98352,1.638285,58.98352,0.65524,58.98352,2.62133
16.5,58.983525,2.6213249999999997,58.98353,1.96596,58.98352,3.27669
16.52,58.65584,2.6213249999999997,58.98352,1.96596,58.32816,3.27669
16.54,58.98352,2.94901,58.98352,2.62133,58.98352,3.27669
16.56,58.98353,2.9490049999999997,58.98353,2.62132,58.98353,3.27669
16.58,58.98353,2.949,58.98353,2.62132,58.98353,3.27668
16.6,54.39595,1.63828,58.98354,1.96595,49.80836,1.31061
16.62,10.158505,-2.621515,22.9382,-1.96618,-2.62119,-3.27685
16.64,-6.22579,-2.949165,-6.55348,-3.9322,-5.8981,-1.96613
16.66,-5.2427150000000005,-1.310775,-5.24271,-1.96614,-5.24272,-0.65541
16.68,-5.2427150000000005,-0.6554200000000024,-5.24271,-1.31078,-5.24272,-6.0000000004834e-05
16.7,-5.24271,-6.499999999998174e-05,-5.24271,-0.65543,-5.24271,0.6553
16.72,-4.587345,-0.3277450000000024,-4.58734,-0.65543,-4.58735,-6.0000000004834e-05
16.74,-4.58735,-0.3277450000000024,-4.58735,-0.65543,-4.58735,-6.0000000004834e-05
16.76,-4.5873550000000005,0.32760999999999957,-4.58735,-7.0000000000903e-05,-4.58736,0.65529
16.78,-4.58735,0.32760999999999957,-3.93199,-7.0000000000903e-05,-5.24271,0.65529
16.8,-4.91503,0.32760999999999957,-4.58735,-7.0000000000903e-05,-5.24271,0.65529
16.82,-4.587345,0.32760999999999957,-4.58734,-7.0000000000903e-05,-4.58735,0.65529
16.84,-4.91502,0.327604999999998,-4.58734,-8.0000000004077e-05,-5.2427,0.65529
16.86,-5.2427,0.32759999999999795,-5.2427,-8.0000000004077e-05,-5.2427,0.65528
16.88,-5.242705,0.3275949999999999,-5.2427,-9.0000000000146e-05,-5.24271,0.65528
16.9,-9.50262,-1.310805,-7.20882,-1.3108,-11.79642,-1.31081
16.92,-11.141055,-1.310805,-11.14106,-1.96617,-11.14105,-0.65544
16.94,-10.813375,-0.983125,-10.48569,-1.31081,-11.14106,-0.65544
16.96,-10.813375,-0.655445000000002,-10.48569,-1.31081,-11.14106,-8.0000000004077e-05
16.98,-10.485695,-0.655445,-10.48569,-0.65545,-10.4857,-0.65544
17.0,-10.813375,-0.9831300000000001,-10.48569,-1.31081,-11.14106,-0.65545
17.02,-10.485695,-0.65545,-10.48569,-0.65545,-10.4857,-0.65545
17.04,-10.4857,-0.9831300000000001,-10.4857,-1.31081,-10.4857,-0.65545
17.06,-10.4857,-0.9831350000000001,-10.4857,-1.31082,-10.4857,-0.65545
17.08,-10.158024999999999,-1.310820000000005,-9.83034,-1.96618,-10.48571,-0.65546000000001
17.1,-10.158024999999999,-1.6385,-9.83034,-1.96618,-10.48571,-1.31082
17.12,-10.15803,-1.310820000000005,-9.83035,-1.96618,-10.48571,-0.65546000000001
17.14,-10.15803,-1.6385100000000001,-9.83035,-1.96619,-10.48571,-1.31083
17.16,-10.158035,-1.638505,-9.83035,-1.96619,-10.48572,-1.31082
17.18,-10.485714999999999,-1.6385100000000001,-10.48571,-1.96619,-10.48572,-1.31083
17.2,-10.15804,-1.6385100000000001,-9.83036,-1.96619,-10.48572,-1.31083
17.22,-10.48572,-1.638515,-10.48572,-1.9662,-10.48572,-1.31083
17.24,-10.485725,-1.638515,-10.48572,-1.9662,-10.48573,-1.31083
17.26,-10.15805,-1.638515,-9.83037,-1.9662,-10.48573,-1.31083
17.28,-9.830365,-1.638515,-9.83036,-1.9662,-9.83037,-1.31083
17.3,-10.158045000000001,-1.638515,-9.83036,-1.9662,-10.48573,-1.31083
17.32,-10.158045000000001,-1.638515,-9.83036,-1.9662,-10.48573,-1.31083
17.34,-12.124125,-6.0000000001281495e-05,-11.14109,-7.0000000000903e-05,-13.10716,-5.000000000166e-05
17.36,-13.10716,0.327615,-13.10716,-0.65543,-13.10716,1.31066
17.38,-13.10717,0.32760999999999957,-13.10717,-7.0000000000903e-05,-13.10717,0.65529
17.4,-13.10716,0.32760999999999957,-13.10716,-7.0000000000903e-05,-13.10716,0.65529
17.42,-13.10716,0.32760999999999957,-13.10716,-7.0000000000903e-05,-13.10716,0.65529
17.44,-31.78492,0.327604999999998,-13.10716,-8.0000000004077e-05,-50.46268,0.65529
17.46,-13.107165,-7.500000000498774e-05,-13.10716,-0.65544000000001,-13.10717,0.65529
17.48,-13.107165,-7.500000000249e-05,-13.10717,-8.0000000004077e-05,-13.10716,-7.0000000000903e-05
17.5,-13.10716,-0.32775500000000546,-13.10716,-0.65544000000001,-13.10716,-7.0000000000903e-05
17.52,-13.10716,-0.32775500000000546,-13.10716,-0.65544000000001,-13.10716,-7.0000000000903e-05
17.54,-12.451805,-0.32776000000000705,-12.4518,-0.65544000000001,-12.45181,-8.0000000004077e-05
17.56,-12.451815,0.327604999999998,-12.45181,-8.0000000004077e-05,-12.45182,0.65529
17.58,-12.12414,0.32760999999999796,-11.79646,-8.0000000004077e-05,-12.45182,0.6553
17.6,-12.124144999999999,-6.499999999998174e-05,-11.79646,-0.65543,-12.45183,0.6553
17.62,-9.502675,0.6552849999999996,-12.45183,-7.0000000000903e-05,-6.55352,1.31064
17.64,-3.6042899999999998,-0.0001150000000009,-3.27662,-0.0001099999999993,-3.93196,-0.0001200000000025
17.66,-3.27661,0.6552500000000003,-3.27661,-0.0001099999999993,-3.27661,1.31061
17.68,-3.2766,0.6552500000000003,-3.2766,-0.0001099999999993,-3.2766,1.31061
17.7,-3.276605,0.6552500000000003,-3.2766,-0.0001099999999993,-3.27661,1.31061
17.72,-2.94893,0.3275649999999988,-2.62124,-0.0001200000000025,-3.27662,0.65525
17.74,-2.94893,0.3275649999999988,-2.62125,-0.0001200000000025,-3.27661,0.65525
17.76,-2.94893,0.3275649999999988,-2.62125,-0.0001200000000025,-3.27661,0.65525
17.78,-2.94893,0.3275599999999988,-2.62125,-0.0001200000000025,-3.27661,0.65524
17.8,-2.9489349999999996,0.3275599999999988,-2.62125,-0.0001200000000025,-3.27662,0.65524
17.82,-2.94893,0.32755499999999715,-2.62125,-0.0001300000000057,-3.27661,0.65524
17.84,-2.94893,0.32755499999999715,-2.62125,-0.0001300000000057,-3.27661,0.65524
17.86,-3.27661,-0.0001200000000025,-3.27661,-0.0001200000000025,-3.27661,-0.0001200000000025
17.88,-2.94893,-0.00012499999999998623,-2.62125,-0.65549,-3.27661,0.65524
17.9,-3.27661,-0.32780500000000123,-3.27661,-0.65549,-3.27661,-0.0001200000000025
17.92,-2.94893,-0.32780500000000123,-2.62125,-0.65549,-3.27661,-0.0001200000000025
17.94,-3.27661,-0.00012499999999998623,-3.27661,-0.65549,-3.27661,0.65524
17.96,-3.27661,27.197315,-3.27661,54.39475,-3.27661,-0.0001200000000025
17.98,-2.94893,-0.32780500000000123,-2.62125,-0.65549,-3.27661,-0.0001200000000025
18.0,-2.94893,-0.32780500000000123,-2.62125,-0.65549,-3.27661,-0.0001200000000025
18.02,-2.94893,-0.32780500000000123,-2.62125,-0.65549,-3.27661,-0.0001200000000025
18.04,-2.94892,-0.32780500000000123,-2.62124,-0.65549,-3.2766,-0.0001200000000025
18.06,-3.2766,-0.32780500000000123,-3.2766,-0.65549,-3.2766,-0.0001200000000025
18.08,-3.2766,-0.32780500000000123,-3.2766,-0.65549,-3.2766,-0.0001200000000025
18.1,-3.2766,-0.32780500000000123,-3.2766,-0.65549,-3.2766,-0.0001200000000025
18.12,-3.60428,-0.32780500000000123,-3.2766,-0.65549,-3.93196,-0.0001200000000025
18.14,-3.60428,-0.6554899999999994,-3.2766,-1.31085,-3.93196,-0.0001299999999986
18.16,-3.2766,-0.6554850000000013,-3.2766,-1.31085,-3.2766,-0.0001200000000025
18.18,-4.259675,-2.29389,-3.2766,-1.31085,-5.24275,-3.27693
18.2,-9.502704999999999,-4.587665,-9.17502,-5.24303,-9.83039,-3.9323
18.22,-9.175015,-3.604615,-9.17501,-3.9323,-9.17502,-3.27693
18.24,-9.17502,-3.60461,-9.17502,-3.93229,-9.17502,-3.27693
18.26,-9.5027,-3.604615,-9.17502,-3.9323,-9.83038,-3.27693
18.28,-9.5027,-3.604615,-9.17502,-3.93229,-9.83038,-3.27694
18.3,-9.17502,-3.60462,-9.17502,-3.9323,-9.17502,-3.27694
18.32,-9.5027,-3.60462,-9.17502,-3.9323,-9.83038,-3.27694
18.34,-9.175025,-3.60462,-9.17502,-3.9323,-9.17503,-3.27694
18.36,-9.175025,-3.6046250000000004,-9.17502,-3.93231,-9.17503,-3.27694
18.38,-8.847349999999999,-3.6046250000000004,-8.51967,-3.93231,-9.17503,-3.27694
18.4,-9.175025,-3.6046250000000004,-9.17503,-3.93231,-9.17502,-3.27694
18.42,-9.5027,-4.25999,-9.17502,-4.58767,-9.83038,-3.93231
18.44,-9.175025,-4.259985,-9.17502,-4.58767,-9.17503,-3.9323
18.46,-8.51967,-3.9322999999999997,-8.51967,-4.58766,-8.51967,-3.27694
18.48,-7.8643149999999995,-2.9492649999999996,-7.86431,-3.27695,-7.86432,-2.62158
18.5,-7.864325,-2.9492649999999996,-7.86432,-3.27695,-7.86433,-2.62158
18.52,-7.53665,-2.9492649999999996,-7.20897,-3.27695,-7.86433,-2.62158
18.54,-7.53665,-2.293905,-7.20897,-2.62159,-7.86433,-1.96622
18.56,-7.53664,-2.29391,-7.20896,-2.62159,-7.86432,-1.96623
18.58,-7.86433,-2.6215849999999996,-7.86433,-2.62159,-7.86433,-2.62158
18.6,-7.86432,-2.94927,-7.86432,-3.27695,-7.86432,-2.62159
18.62,-8.192,-2.94927,-7.86432,-3.27695,-8.51968,-2.62159
18.64,-8.51968,-2.9492649999999996,-8.51968,-3.27695,-8.51968,-2.62158
18.66,-8.847359999999998,-3.276945,-8.51968,-3.93231,-9.17504,-2.62158
18.68,-9.175035,-3.27695,-9.17503,-3.27695,-9.17504,-3.27695
18.7,-9.502714999999998,-3.604635,-9.17503,-3.93232,-9.8304,-3.27695
18.72,-9.503145,-3.27696,-9.1759,-3.93232,-9.83039,-2.6216
18.74,-9.830385,-3.604635,-9.83039,-3.93232,-9.83038,-3.27695
18.76,-10.48575,-3.276955,-10.48575,-3.93232,-10.48575,-2.62159
18.78,-10.485745,-3.60464,-10.48574,-3.93232,-10.48575,-3.27696
18.8,-10.48574,-2.949275,-10.48574,-3.27696,-10.48574,-2.62159
18.82,-10.485735,-3.276955,-10.48573,-3.27696,-10.48574,-3.27695
18.84,-9.502675,-1.9662050000000049,-9.83037,-3.27695,-9.17498,-0.65546000000001
18.86,-9.174985,-0.983135000000005,-9.17498,-1.31081,-9.17499,-0.65546000000001
18.88,-9.17499,-0.3277750000000051,-9.17499,-0.65546000000001,-9.17499,-9.0000000000146e-05
18.9,-9.174995,-0.3277750000000051,-9.17499,-0.65546000000001,-9.175,-9.0000000000146e-05
18.92,-9.175005,-0.3277750000000051,-9.175,-0.65546000000001,-9.17501,-9.0000000000146e-05
18.94,-9.502685,-9.500000000500775e-05,-9.175,-0.65546000000001,-9.83037,0.65527
18.96,-9.830365,-0.3277800000000067,-9.83036,-0.65546000000001,-9.83037,-0.0001000000000033
18.98,-9.502680000000002,-0.3277800000000067,-9.175,-0.65546000000001,-9.83036,-0.0001000000000033
19.0,-9.175,-0.32778500000000166,-9.175,-0.65547,-9.175,-0.0001000000000033
19.02,-9.17501,-0.32778999999999964,-9.17501,-0.65547,-9.17501,-0.0001099999999993
19.04,-8.84733,-0.32778999999999964,-8.51965,-0.65547,-9.17501,-0.0001099999999993
19.06,-8.51965,-0.6554699999999997,-8.51965,-1.31083,-8.51965,-0.0001099999999993
19.08,-5.570475,-0.3278100000000009,-7.86429,-0.65548,-3.27666,-0.0001400000000018
19.1,-4.58721,-0.6555249999999999,-3.93186,-0.65552,-5.24256,-0.65553
19.12,-5.57024,-0.00014999999999998348,-5.24256,-0.65552,-5.89792,0.65522
19.14,-5.24256,0.32752499999999946,-5.24256,-0.000160000000001,-5.24256,0.65521
19.16,-5.24256,0.32752499999999946,-5.24256,-0.000160000000001,-5.24256,0.65521
19.18,-5.242565,0.32752499999999946,-5.24256,-0.000160000000001,-5.24257,0.65521
19.2,-4.587205,0.32752499999999946,-4.5872,-0.000160000000001,-4.58721,0.65521
19.22,-4.58721,-0.3278400000000005,-4.58721,-0.65552,-4.58721,-0.000160000000001
19.24,-4.58721,-0.3278400000000005,-4.58721,-0.65552,-4.58721,-0.000160000000001
19.26,-4.259555,-0.6555150000000001,-4.58721,-0.65552,-3.9319,-0.65551
19.28,-3.6042750000000003,-1.63855,-3.27659,-1.96623,-3.93196,-1.31087
19.3,-3.27658,-1.31087,-3.27658,-1.96623,-3.27658,-0.65551
19.32,-3.604265,-0.983195,-3.27659,-1.31088,-3.93194,-0.65551
19.34,-3.276585,-0.98319,-3.27658,-1.31087,-3.27659,-0.65551
19.36,-2.948905,-0.983195,-2.62122,-1.31088,-3.27659,-0.65551
19.38,-2.94891,-0.983195,-2.62123,-1.31088,-3.27659,-0.65551
19.4,-2.94891,-1.31088,-2.62123,-1.96624,-3.27659,-0.65552
19.42,-3.27658,-0.9832000000000001,-3.27658,-1.31088,-3.27658,-0.65552
19.44,-3.27658,-1.31088,-3.27658,-1.96624,-3.27658,-0.65552
19.46,-3.60426,-0.9832050000000001,-3.27658,-1.31089,-3.93194,-0.65552
19.48,-3.604255,-0.9832050000000001,-3.27657,-1.31089,-3.93194,-0.65552
19.5,-3.60426,-0.983195,-3.27658,-1.31088,-3.93194,-0.65551
19.52,-3.276585,-0.983195,-3.27658,-1.31088,-3.27659,-0.65551
19.54,-3.276585,-0.98319,-3.27658,-1.31087,-3.27659,-0.65551
19.56,-2.948945,-1.96623,-2.62125,-1.96623,-3.27664,-1.96623
19.58,-3.60432,-1.638545,-3.27664,-2.62159,-3.932,-0.6555
19.6,-3.27663,-1.310865,-3.27663,-1.31087,-3.27663,-1.31086
19.62,-3.9319949999999997,-1.63855,-3.93199,-1.96623,-3.932,-1.31087
19.64,-3.2766349999999997,-1.966225,-3.27663,-2.62159,-3.27664,-1.31086
19.66,-3.27664,-1.638545,-3.27664,-1.96623,-3.27664,-1.31086
19.68,-3.6043250000000002,-1.638545,-3.27664,-1.96623,-3.93201,-1.31086
19.7,-3.27664,-1.9662199999999999,-3.27664,-2.62158,-3.27664,-1.31086
19.72,-4.587375,-3.6046449999999997,-3.27664,-2.62159,-5.89811,-4.5877
19.74,-6.55349,-4.587705,-6.55349,-5.24307,-6.55349,-3.93234
19.76,-6.88116,-3.60466,-6.55348,-3.93234,-7.20884,-3.27698
19.78,-7.20884,-3.604655,-7.20884,-3.93234,-7.20884,-3.27697
19.8,-7.20884,-3.9323449999999998,-7.20884,-3.93235,-7.20884,-3.93234
19.82,-7.536525,-3.932345,-7.20884,-4.58771,-7.86421,-3.27698
19.84,-8.191885,-3.93234,-7.8642,-3.93234,-8.51957,-3.93234
19.86,-8.847255,-4.260025000000001,-8.51957,-4.58771,-9.17494,-3.93234
19.88,-9.17495,-4.260025000000001,-9.17495,-4.58771,-9.17495,-3.93234
19.9,-9.17497,-4.91538,-9.17496,-5.24306,-9.17498,-4.5877
19.92,-9.502675,-5.243065,-9.17499,-5.24307,-9.83036,-5.24306
19.94,-10.81209,-6.22612,-10.4857,-6.5538,-11.13848,-5.89844
19.96,-10.813355000000001,-6.226115,-10.48567,-6.5538,-11.14104,-5.89843
19.98,-11.14104,-5.898435,-11.14104,-6.5538,-11.14104,-5.24307
20.0,-10.81335,-5.570755,-10.48567,-5.89844,-11.14103,-5.24307
20.02,-10.48567,-5.89844,-10.48567,-6.5538,-10.48567,-5.24308
20.04,-10.81335,-5.57076,-10.48567,-5.89844,-11.14103,-5.24308
20.06,-10.813355000000001,-5.898435,-10.48567,-6.5538,-11.14104,-5.24307
20.08,-10.48568,-5.898435,-10.48568,-6.5538,-10.48568,-5.24307
20.1,-10.813365000000001,-5.898435,-10.48568,-6.5538,-11.14105,-5.24307
20.12,-10.81336,-5.898435,-10.48568,-6.5538,-11.14104,-5.24307
20.14,-10.81335,-5.570755,-10.48567,-5.89844,-11.14103,-5.24307
20.16,-10.81335,-5.570755,-10.48567,-5.89844,-11.14103,-5.24307
20.18,-10.485675,-5.57075,-10.48567,-5.89843,-10.48568,-5.24307
20.2,-9.830325,-4.587705,-9.83032,-5.24307,-9.83033,-3.93234
20.22,-9.174975,-3.27698,-9.17497,-3.93234,-9.17498,-2.62162
20.24,-8.8473,-2.949295,-8.51962,-3.27698,-9.17498,-2.62161
20.26,-8.51961,-3.27698,-8.51961,-3.93234,-8.51961,-2.62162
20.28,-8.5196,-2.9493,-8.5196,-3.27698,-8.5196,-2.62162
20.3,-9.174955,-3.604665,-9.17495,-3.93235,-9.17496,-3.27698
20.32,-9.502635000000001,-4.26002,-9.17495,-4.5877,-9.83032,-3.93234
20.34,-9.50264,-4.26002,-9.17496,-4.5877,-9.83032,-3.93234
20.36,-9.83032,-4.260025000000001,-9.83032,-4.58771,-9.83032,-3.93234
20.38,-9.83032,-4.5877,-9.83032,-5.24306,-9.83032,-3.93234
20.4,-9.50263,-4.58771,-9.17495,-5.24307,-9.83031,-3.93235
20.42,-9.50263,-4.58772,-9.17495,-4.58772,-9.83031,-4.58772
20.44,-9.83031,-4.26004,-9.83031,-4.58772,-9.83031,-3.93236
20.46,-9.502625,-4.260035,-9.17494,-4.58772,-9.83031,-3.93235
20.48,-9.50263,-4.260035,-9.17495,-4.58772,-9.83031,-3.93235
20.5,-9.502625,-4.260035,-9.17495,-4.58772,-9.8303,-3.93235
20.52,-10.485605,-4.58772,-10.4856,-5.24308,-10.48561,-3.93236
20.54,-10.813289999999999,-4.26004,-10.48561,-4.58772,-11.14097,-3.93236
20.56,-10.813285,-4.26004,-10.4856,-4.58772,-11.14097,-3.93236
20.58,-11.140965,-4.26004,-11.14097,-4.58772,-11.14096,-3.93236
20.6,-10.485605,-4.26005,-10.4856,-4.58773,-10.48561,-3.93237
20.62,-10.813279999999999,-4.260045,-10.4856,-4.58773,-11.14096,-3.93236
20.64,-10.813279999999999,-3.932365,-10.4856,-4.58773,-11.14096,-3.277
20.66,-10.813279999999999,-3.932365,-10.4856,-3.93237,-11.14096,-3.93236
20.68,-10.48559,-3.932365,-10.48559,-3.93237,-10.48559,-3.93236
20.7,-10.485655000000001,-4.915395,-10.48562,-5.24308,-10.48569,-4.58771
20.72,-10.485675,-4.58771,-10.48568,-5.24307,-10.48567,-3.93235
20.74,-10.157990000000002,-3.9323500000000005,-9.83031,-4.58771,-10.48567,-3.27699
20.76,-9.83031,-3.932345,-9.83031,-4.58771,-9.83031,-3.27698
20.78,-9.830305,-3.932345,-9.83031,-4.58771,-9.8303,-3.27698
20.8,-9.8303,-3.276985,-9.8303,-3.93235,-9.8303,-2.62162
20.82,-9.502625,-3.604665,-9.17494,-3.93235,-9.83031,-3.27698
20.84,-9.830305,-3.604655,-9.8303,-3.93234,-9.83031,-3.27697
20.86,-9.17495,-2.949295,-9.17495,-3.27698,-9.17495,-2.62161
20.88,-9.17496,-2.94929,-9.17496,-3.27697,-9.17496,-2.62161
20.9,-9.502635000000001,-2.94929,-9.17495,-3.27697,-9.83032,-2.62161
20.92,-9.50263,-2.94929,-9.17495,-3.27697,-9.83031,-2.62161
20.94,-9.83031,-3.27697,-9.83031,-3.93233,-9.83031,-2.62161
20.96,-9.830315,-3.604655,-9.83031,-3.93234,-9.83032,-3.27697
20.98,-10.158014999999999,-3.932335,-9.83032,-4.5877,-10.48571,-3.27697
21.0,-10.485705,-3.932325,-10.4857,-4.58769,-10.48571,-3.27696
21.02,-10.15803,-3.60464,-9.83035,-3.93232,-10.48571,-3.27696
21.04,-9.83035,-3.60464,-9.83035,-3.93232,-9.83035,-3.27696
21.06,-10.158024999999999,-2.94928,-9.83034,-3.27697,-10.48571,-2.62159
21.08,-10.158024999999999,-3.604635,-9.83034,-3.93232,-10.48571,-3.27695
21.1,-10.158024999999999,-3.6046300000000002,-9.83034,-3.93231,-10.48571,-3.27695
21.12,-10.485714999999999,-3.604635,-10.48571,-3.93232,-10.48572,-3.27695
21.14,-10.48572,-3.276955,-10.48572,-3.93232,-10.48572,-2.62159
21.16,-10.15804,-3.6046300000000002,-9.83036,-3.93231,-10.48572,-3.27695
21.18,-10.15804,-2.9492649999999996,-9.83036,-3.27695,-10.48572,-2.62158
21.2,-9.830355,-2.94927,-9.83036,-3.27695,-9.83035,-2.62159
21.22,-10.157979999999998,-3.276955,-9.8303,-3.93232,-10.48566,-2.62159
21.24,-10.485665000000001,-3.2769500000000003,-10.48566,-3.93231,-10.48567,-2.62159
21.26,-10.485665000000001,-2.949275,-10.48566,-3.27696,-10.48567,-2.62159
21.28,-10.485665000000001,-2.94927,-10.48566,-3.27695,-10.48567,-2.62159
21.3,-10.157985,-2.949275,-9.8303,-3.27696,-10.48567,-2.62159
21.32,-10.157985,-2.62159,-9.8303,-3.27695,-10.48567,-1.96623
21.34,-10.48567,-2.94927,-10.48567,-3.27695,-10.48567,-2.62159
21.36,-10.48567,-2.949275,-10.48567,-3.27696,-10.48567,-2.62159
21.38,-10.157990000000002,-2.949275,-9.83031,-3.27696,-10.48567,-2.62159
21.4,-10.48567,-3.932315,-10.48567,-3.93232,-10.48567,-3.93231
21.42,-10.157995,-4.260005,-9.83031,-4.58769,-10.48568,-3.93232
21.44,-10.485675,-4.58769,-10.48567,-4.58769,-10.48568,-4.58769
21.46,-10.48568,-4.260015,-10.48568,-4.5877,-10.48568,-3.93233
21.48,-10.48568,-4.915385000000001,-10.48568,-5.24307,-10.48568,-4.5877
21.5,-10.485685,-4.915385000000001,-10.48568,-5.24307,-10.48569,-4.5877
21.52,-9.83033,-4.5877,-9.83032,-5.24306,-9.83034,-3.93234
21.54,-9.830335,-4.91538,-9.83033,-5.24306,-9.83034,-4.5877
21.56,-9.83034,-4.5877,-9.83034,-5.24306,-9.83034,-3.93234
21.58,-9.502659999999999,-4.26002,-9.17498,-4.5877,-9.83034,-3.93234
21.6,-9.17498,-4.26002,-9.17498,-4.5877,-9.17498,-3.93234
21.62,-9.502655,-4.915385000000001,-9.17497,-5.24307,-9.83034,-4.5877
21.64,-9.50265,-4.58771,-9.17497,-5.24307,-9.83033,-3.93235
21.66,-9.174965,-4.915395,-9.17496,-5.24308,-9.17497,-4.58771
21.68,-9.17496,-4.915395,-9.17496,-5.24308,-9.17496,-4.58771
21.7,-9.174965,-4.587715,-9.17496,-4.58772,-9.17497,-4.58771
21.72,-8.84601,-4.91539,-8.5196,-5.24307,-9.17242,-4.58771
21.74,-8.847285,-4.915395,-8.5196,-5.24308,-9.17497,-4.58771
21.76,-8.847280000000001,-4.915395,-8.5196,-5.24308,-9.17496,-4.58771
21.78,-8.847280000000001,-4.91539,-8.5196,-5.24307,-9.17496,-4.58771
21.8,-8.5196,-4.91539,-8.5196,-5.24307,-8.5196,-4.58771
21.82,-8.5196,-4.260025000000001,-8.5196,-4.58771,-8.5196,-3.93234
21.84,-7.864245,-3.604665,-7.86424,-3.93235,-7.86425,-3.27698
21.86,-7.86425,-3.604655,-7.86425,-3.93234,-7.86425,-3.27697
21.88,-8.19193,-3.276975,-7.86425,-3.93234,-8.51961,-2.62161
21.9,-7.86425,-3.27697,-7.86425,-3.93233,-7.86425,-2.62161
21.92,-7.86426,-2.949295,-7.86426,-3.27698,-7.86426,-2.62161
21.94,-7.864255,-2.62161,-7.86425,-3.27697,-7.86426,-1.96625
21.96,-7.53658,-2.6216150000000003,-7.2089,-3.27698,-7.86426,-1.96625
21.98,-7.2089,-2.29394,-7.2089,-2.62162,-7.2089,-1.96626
22.0,-7.53658,-2.9493,-7.2089,-3.27698,-7.86426,-2.62162
22.02,-7.53658,-2.9493,-7.2089,-3.27698,-7.86426,-2.62162
22.04,-7.535305,-2.949295,-7.2089,-3.27698,-7.86171,-2.62161
22.06,-7.5365850000000005,-2.9493,-7.2089,-3.27698,-7.86427,-2.62162
22.08,-7.53659,-3.60466,-7.20891,-3.93234,-7.86427,-3.27698
22.1,-7.53659,-3.604655,-7.20891,-3.93234,-7.86427,-3.27697
22.12,-7.86427,-3.604665,-7.86427,-3.93235,-7.86427,-3.27698
22.14,-7.864265,-3.932345,-7.86426,-4.58771,-7.86427,-3.27698
22.16,-8.191945,-3.60467,-7.86426,-3.93235,-8.51963,-3.27699
22.18,-8.191939999999999,-3.9323500000000005,-7.86426,-4.58771,-8.51962,-3.27699
22.2,-8.191945,-4.26003,-7.86426,-4.58771,-8.51963,-3.93235
22.22,-7.864275,-4.26003,-7.86427,-4.58771,-7.86428,-3.93235
22.24,-7.53661,-4.260025000000001,-7.20893,-4.58771,-7.86429,-3.93234
22.26,-7.20893,-4.260025000000001,-7.20893,-4.58771,-7.20893,-3.93234
22.28,-7.20893,-4.260025000000001,-7.20893,-4.58771,-7.20893,-3.93234
22.3,-7.20893,-4.58771,-7.20893,-5.24307,-7.20893,-3.93235
22.32,-7.20892,-4.260025000000001,-7.20892,-4.58771,-7.20892,-3.93234
22.34,-7.20892,-4.26003,-7.20892,-4.58771,-7.20892,-3.93235
22.36,-7.208915,-4.260025000000001,-7.20891,-4.58771,-7.20892,-3.93234
22.38,-6.881235,-4.26003,-6.55355,-4.58772,-7.20892,-3.93234
22.4,-6.88124,-3.932345,-6.55356,-4.58771,-7.20892,-3.27698
22.42,-6.88124,-3.604665,-6.55356,-3.93235,-7.20892,-3.27698
22.44,-6.8812549999999995,-3.276975,-6.55356,-3.27698,-7.20895,-3.27697
22.46,-6.553595,-2.6216049999999997,-6.5536,-3.27697,-6.55359,-1.96624
22.48,-6.553585,-1.966245,-6.55359,-2.62161,-6.55358,-1.31088
22.5,-6.55359,-1.966245,-6.55359,-2.62161,-6.55359,-1.31088
22.52,-6.553585,-1.63856,-6.55358,-1.96624,-6.55359,-1.31088
22.54,-6.553585,-1.96624,-6.55358,-2.6216,-6.55359,-1.31088
22.56,-6.553585,-2.293915,-6.55358,-2.6216,-6.55359,-1.96623
22.58,-6.22591,-2.29392,-5.89823,-3.27696,-6.55359,-1.31088
22.6,-6.55359,-2.6216049999999997,-6.55359,-2.62161,-6.55359,-2.6216
22.62,-6.225885,-2.6216049999999997,-5.89823,-3.27696,-6.55354,-1.96625
22.64,-7.8642,-2.9493,-7.20884,-3.27698,-8.51956,-2.62162
22.66,-8.191885,-2.62162,-7.8642,-3.27698,-8.51957,-1.96626
22.68,-8.51956,-2.949295,-7.8642,-3.27698,-9.17492,-2.62161
22.7,-8.51956,-2.2939350000000003,-8.51956,-2.62162,-8.51956,-1.96625
22.72,-8.847235000000001,-2.9487449999999997,-8.51955,-3.27587,-9.17492,-2.62162
22.74,-9.502595,-2.9493,-9.17491,-3.27698,-9.83028,-2.62162
22.76,-10.157955000000001,-2.949305,-9.83027,-3.27699,-10.48564,-2.62162
22.78,-10.813310000000001,-2.94931,-10.48563,-3.27699,-11.14099,-2.62163
22.8,-11.14099,-3.2769950000000003,-11.14099,-3.93236,-11.14099,-2.62163
22.82,-11.46867,-3.2769950000000003,-11.14099,-3.93236,-11.79635,-2.62163
22.84,-12.124030000000001,-3.93236,-11.79635,-4.58772,-12.45171,-3.277
22.86,-12.451715,-3.93236,-12.45171,-4.58772,-12.45172,-3.277
22.88,-12.451715,-3.932365,-12.45171,-3.93237,-12.45172,-3.93236
22.9,-12.779395000000001,-3.604685,-12.45171,-3.93237,-13.10708,-3.277
22.92,-12.779399999999999,-3.604685,-12.45172,-3.93237,-13.10708,-3.277
22.94,-12.779395000000001,-3.932365,-12.45171,-4.58773,-13.10708,-3.277
22.96,-13.107085,-3.604685,-13.10708,-3.93237,-13.10709,-3.277
22.98,-13.107095000000001,-3.60468,-13.10709,-3.93236,-13.1071,-3.277
23.0,-13.43478,-3.2769950000000003,-13.1071,-3.277,-13.76246,-3.27699
23.02,-13.107125,-3.9323550000000003,-13.1071,-3.93236,-13.10715,-3.93235
23.04,-13.10717,-3.276985,-13.10717,-3.93235,-13.10717,-2.62162
23.06,-13.43485,-2.949295,-13.10717,-3.27698,-13.76253,-2.62161
23.08,-13.434840000000001,-1.638575,-13.10716,-1.96626,-13.76252,-1.31089
23.1,-13.10716,-1.638565,-13.10716,-1.96625,-13.10716,-1.31088
23.12,-13.10716,-1.638565,-12.4518,-1.96625,-13.76252,-1.31088
23.14,-13.10716,-1.638565,-13.10716,-1.96625,-13.10716,-1.31088
23.16,-13.10716,-2.2939249999999998,-13.10716,-2.62161,-13.10716,-1.96624
23.18,-12.77948,-1.966245,-13.10716,-2.62161,-12.4518,-1.31088
23.2,-12.779475000000001,-1.63857,-12.45179,-1.96625,-13.10716,-1.31089
23.22,-12.45179,-1.63857,-12.45179,-1.96625,-12.45179,-1.31089
23.24,-12.4518,-1.966255,-12.4518,-2.62162,-12.4518,-1.31089
23.26,-11.796445,-1.9662549999999999,-11.79643,-1.96626,-11.79646,-1.96625
23.28,-11.141125,-2.6216150000000003,-11.14112,-3.27698,-11.14113,-1.96625
23.3,-11.14112,-1.966245,-11.14112,-2.62161,-11.14112,-1.31088
23.32,-10.81344,-1.96624,-10.48576,-2.6216,-11.14112,-1.31088
23.34,-10.81344,-1.310875,-10.48576,-1.96624,-11.14112,-0.65551
23.36,-10.813435,-1.966235,-10.48575,-2.6216,-11.14112,-1.31087
23.38,-10.81344,-1.310875,-10.48576,-1.96624,-11.14112,-0.65551
23.4,-10.813435,-1.638555,-10.48576,-1.96624,-11.14111,-1.31087
23.42,-10.48575,-1.638555,-10.48575,-1.96624,-10.48575,-1.31087
23.44,-10.48575,-2.29392,-10.48575,-2.6216,-10.48575,-1.96624
23.46,-10.813424999999999,-2.29392,-10.48574,-2.6216,-11.14111,-1.96624
23.48,-10.48574,-1.966245,-10.48574,-2.62161,-10.48574,-1.31088
23.5,-10.81342,-2.2939249999999998,-10.48574,-2.62161,-11.1411,-1.96624
23.52,-10.81342,-1.966245,-10.48574,-2.62161,-11.1411,-1.31088
23.54,-10.48574,-2.29393,-10.48574,-2.62161,-10.48574,-1.96625
23.56,-10.48574,-2.2939249999999998,-10.48574,-2.62161,-10.48574,-1.96624
23.58,-10.48573,-2.2939249999999998,-10.48573,-2.6216,-10.48573,-1.96625
23.6,-10.813410000000001,-2.6216049999999997,-10.48573,-2.62161,-11.14109,-2.6216
23.62,-10.813410000000001,-2.6216049999999997,-10.48573,-3.27697,-11.14109,-1.96624
23.64,-10.813400000000001,-2.2939249999999998,-10.48572,-2.62161,-11.14108,-1.96624
23.66,-10.813400000000001,-2.62161,-10.48572,-2.62161,-11.14108,-2.62161
23.68,-10.813400000000001,-2.94929,-10.48572,-3.27697,-11.14108,-2.62161
23.7,-10.813405,-2.94929,-11.14108,-3.27697,-10.48573,-2.62161
23.72,-10.48572,-2.62161,-10.48572,-3.27697,-10.48572,-1.96625
23.74,-10.485725,-2.94929,-10.48572,-3.27697,-10.48573,-2.62161
23.76,-10.48573,-2.94929,-10.48573,-3.27697,-10.48573,-2.62161
23.78,-10.813400000000001,-2.62162,-10.48572,-3.27698,-11.14108,-1.96626
23.8,-10.48571,-2.6216150000000003,-10.48571,-3.27698,-10.48571,-1.96625
23.82,-10.813389999999998,-2.29394,-10.48571,-3.27699,-11.14107,-1.31089
23.84,-11.14109,-2.29393,-11.14109,-2.62161,-11.14109,-1.96625
23.86,-10.813400000000001,-1.638575,-10.48572,-1.96626,-11.14108,-1.31089
23.88,-11.14108,-1.63857,-11.14108,-1.96625,-11.14108,-1.31089
23.9,-11.141075,-0.98321,-11.14107,-1.31089,-11.14108,-0.65553
23.92,-11.14107,-1.310885,-11.14107,-1.96625,-11.14107,-0.65552
23.94,-10.813389999999998,-0.98321,-10.48571,-1.31089,-11.14107,-0.65553
23.96,-11.14106,-0.655530000000005,-11.14106,-0.65553000000001,-11.14106,-0.65553
23.98,-11.468734999999999,-0.32784500000000555,-11.14105,-0.65553000000001,-11.79642,-0.000160000000001
24.0,-11.79641,-0.00016500000000502224,-11.79641,-0.65553000000001,-11.79641,0.6552
24.02,-11.14105,0.6551949999999979,-11.14105,-0.0001700000000042,-11.14105,1.31056
24.04,-10.813365000000001,1.310555,-10.48569,0.65519,-11.14104,1.96592
24.06,-10.48568,1.31056,-10.48568,0.6552,-10.48568,1.96592
24.08,-10.15792,1.638225,-9.83025,1.31054,-10.48559,1.96591
24.1,-10.157910000000001,2.62128,-9.83023,1.96591,-10.48559,3.27665
24.12,-10.48559,2.9489650000000003,-10.48559,2.62128,-10.48559,3.27665
24.14,-10.81327,2.94897,-10.48559,2.62129,-11.14095,3.27665
24.16,-11.140945,2.2936,-11.14095,1.96592,-11.14094,2.62128
24.18,-11.468620000000001,2.29359,-11.14094,1.96591,-11.7963,2.62127
24.2,-11.796295,2.293585,-11.79629,1.9659,-11.7963,2.62127
24.22,-12.12397,2.29358,-11.79629,1.9659,-12.45165,2.62126
24.24,-12.12397,1.310535,-11.79629,1.31053,-12.45165,1.31054
24.26,-12.451655,0.98285,-12.45165,0.65517,-12.45166,1.31053
24.28,-12.451665,0.98285,-12.45166,0.65517,-12.45167,1.31053
24.3,-12.45167,1.31053,-12.45167,0.65517,-12.45167,1.96589
24.32,-12.45167,0.982845,-12.45167,0.65516,-12.45167,1.31053
24.34,-11.796315,1.310525,-11.79631,1.31052,-11.79632,1.31053
24.36,-12.123999999999999,0.3274800000000002,-11.79632,-0.0001999999999995,-12.45168,0.65516
24.38,-12.12389,-1.31095,-13.10694,-1.31095,-11.14084,-1.31095
24.4,-11.140845,-1.638635,-11.14084,-1.96632,-11.14085,-1.31095
24.42,-10.4855,-2.94936,-10.4855,-3.27704,-10.4855,-2.62168
24.44,-9.502469999999999,-3.93241,-9.83015,-3.93241,-9.17479,-3.93241
24.46,-8.519435,-3.60474,-8.51943,-3.93242,-8.51944,-3.27706
24.48,-8.847125,-3.6047450000000003,-8.51944,-3.93243,-9.17481,-3.27706
24.5,-8.84586,-3.9324250000000003,-8.5169,-4.58779,-9.17482,-3.27706
24.52,-9.502505,-3.9324250000000003,-9.17482,-4.58779,-9.83019,-3.27706
24.54,-9.174835,-4.2601,-9.17483,-4.58778,-9.17484,-3.93242
24.56,-9.50252,-4.260105,-9.17484,-4.58779,-9.8302,-3.93242
24.58,-9.174835,-3.932415,-9.17483,-4.58778,-9.17484,-3.27705
24.6,-8.847155,-3.9324250000000003,-8.51947,-4.58779,-9.17484,-3.27706
24.62,-8.847155,-3.6047450000000003,-8.51947,-3.93243,-9.17484,-3.27706
24.64,-8.847155,-3.2770650000000003,-8.51947,-3.93243,-9.17484,-2.6217
24.66,-8.519475,-2.9493850000000004,-8.51947,-3.27707,-8.51948,-2.6217
24.68,-8.847155,-3.60474,-8.51947,-3.93242,-9.17484,-3.27706
24.7,-8.51948,-3.277055,-8.51948,-3.27706,-8.51948,-3.27705
24.72,-8.847159999999999,-3.604735,-8.51948,-3.93242,-9.17484,-3.27705
24.74,-8.51948,-3.60474,-8.51948,-3.93242,-8.51948,-3.27706
24.76,-8.51948,-3.604735,-8.51948,-3.93242,-8.51948,-3.27705
24.78,-8.51948,-4.2601,-8.51948,-4.58778,-8.51948,-3.93242
24.8,-7.20874,-3.932415,-7.20874,-4.58778,-7.20874,-3.27705
24.82,-7.53642,-3.932415,-7.20874,-4.58778,-7.8641,-3.27705
24.84,-7.53642,-4.26009,-7.20874,-4.58777,-7.8641,-3.93241
24.86,-7.536415,-4.26009,-7.20873,-4.58777,-7.8641,-3.93241
24.88,-7.53642,-4.26009,-7.20874,-4.58777,-7.8641,-3.93241
24.9,-7.864095,-4.26009,-7.86409,-4.58777,-7.8641,-3.93241
24.92,-7.536415,-4.587775000000001,-7.20873,-5.24314,-7.8641,-3.93241
24.94,-7.864095,-4.587775000000001,-7.86409,-4.58778,-7.8641,-4.58777
24.96,-7.536415,-4.91546,-7.20873,-5.24314,-7.8641,-4.58778
24.98,-7.53642,-4.915455,-7.20874,-5.24314,-7.8641,-4.58777
25.0,-7.5364249999999995,-4.91545,-7.20874,-5.24313,-7.86411,-4.58777
25.02,-7.20875,-4.58777,-7.20875,-5.24313,-7.20875,-3.93241
25.04,-7.536435,-4.260085,-7.20875,-4.58777,-7.86412,-3.9324
25.06,-7.20876,-4.260085,-7.20876,-4.58777,-7.20876,-3.9324
25.08,-7.208765,-4.26009,-7.20876,-4.58777,-7.20877,-3.93241
25.1,-7.20876,-3.93241,-7.20876,-4.58777,-7.20876,-3.27705
25.12,-7.20876,-3.932415,-7.20876,-4.58778,-7.20876,-3.27705
25.14,-7.53644,-3.932415,-7.20876,-4.58778,-7.86412,-3.27705
25.16,-7.53644,-3.93242,-7.20876,-3.93243,-7.86412,-3.93241
25.18,1.3109950000000001,-4.58778,-4.5873,-4.58778,7.20929,-4.58778
25.2,10.8138,-4.58779,11.79685,-5.24316,9.83075,-3.93242
25.22,10.486115,-3.9324250000000003,10.48612,-4.58779,10.48611,-3.27706
25.24,10.158439999999999,-3.9324250000000003,10.48612,-4.58779,9.83076,-3.27706
25.26,10.48612,-3.2770650000000003,10.48612,-3.93243,10.48612,-2.6217
25.28,10.48612,-3.2770650000000003,10.48612,-3.93243,10.48612,-2.6217
25.3,10.486115,-3.60474,10.48612,-3.93243,10.48611,-3.27705
25.32,10.158425000000001,-3.6047450000000003,10.48611,-3.93243,9.83074,-3.27706
25.34,10.15842,-3.604735,10.4861,-3.93242,9.83074,-3.27705
25.36,10.15842,-3.277055,10.4861,-3.27706,9.83074,-3.27705
25.38,10.48609,-3.60473,10.48609,-3.93241,10.48609,-3.27705
25.4,10.486095,-4.2601,10.4861,-4.58778,10.48609,-3.93242
25.42,11.46914,-4.2601,11.14146,-4.58778,11.79682,-3.93242
25.44,13.107545,-4.26011,13.10755,-4.58779,13.10754,-3.93243
25.46,13.76291,-4.91547,13.76291,-5.24315,13.76291,-4.58779
25.48,14.090585,-4.91547,14.41827,-5.24315,13.7629,-4.58779
25.5,14.090589999999999,-4.587795,14.41827,-5.24316,13.76291,-3.93243
25.52,14.090585,-4.91547,14.41827,-5.24315,13.7629,-4.58779
25.54,14.418265,-4.58779,14.41827,-5.24315,14.41826,-3.93243
25.56,14.745940000000001,-4.915475,15.07362,-5.24316,14.41826,-4.58779
25.58,15.07362,-4.91548,15.07362,-5.24316,15.07362,-4.5878
25.6,15.07362,-5.5708400000000005,15.07362,-5.89852,15.07362,-5.24316
25.62,15.401299999999999,-5.570845,15.72898,-5.89853,15.07362,-5.24316
25.64,15.72898,-6.226205,15.72898,-6.55389,15.72898,-5.89852
25.66,15.728975,-5.898524999999999,15.72898,-6.55389,15.72897,-5.24316
25.68,16.384335,-5.898515,16.38434,-6.55388,16.38433,-5.24315
25.7,16.38433,-5.570835000000001,16.38433,-5.89852,16.38433,-5.24315
25.72,16.712015,-5.898515,17.0397,-6.55388,16.38433,-5.24315
25.74,16.71201,-6.22619,17.03969,-6.55387,16.38433,-5.89851
25.76,19.988835,-6.2262,17.03969,-6.55388,22.93798,-5.89852
25.78,25.231775,-6.226195000000001,25.55946,-6.55388,24.90409,-5.89851
25.8,24.9041,-5.570835000000001,24.9041,-5.89852,24.9041,-5.24315
25.82,25.23178,-5.57083,25.55946,-5.89851,24.9041,-5.24315
25.84,25.55946,-5.570825,25.55946,-5.89851,25.55946,-5.24314
25.86,25.55946,-5.570825,25.55946,-5.89851,25.55946,-5.24314
25.88,25.23178,-5.570825,25.55946,-5.89851,24.9041,-5.24314
25.9,25.23178,-5.898505,25.55946,-5.89851,24.9041,-5.8985
25.92,24.904094999999998,-5.898505,24.9041,-5.89851,24.90409,-5.8985
25.94,25.231775,-6.226185,25.55946,-6.55387,24.90409,-5.8985
25.96,25.231775,-6.55387,25.55946,-7.20923,24.90409,-5.89851
25.98,25.231769999999997,-6.8815550000000005,25.55945,-7.20924,24.90409,-6.55387
26.0,24.57642,-6.2262,24.9041,-6.55388,24.24874,-5.89852
26.02,23.92107,-6.226195000000001,24.24875,-6.55388,23.59339,-5.89851
26.04,23.26571,-5.570835000000001,23.59339,-5.89852,22.93803,-5.24315
26.06,22.610355,-5.24315,22.93804,-5.89851,22.28267,-4.58779
26.08,21.955,-5.243155,22.28268,-5.89852,21.62732,-4.58779
26.1,21.955,-4.915475,22.28268,-5.24316,21.62732,-4.58779
26.12,21.299635000000002,-4.915475,21.62732,-5.24316,20.97195,-4.58779
26.14,20.971955,-4.915475,21.62732,-5.24316,20.31659,-4.58779
26.16,20.64427,-4.915475,20.31659,-5.24316,20.97195,-4.58779
26.18,20.644275,-4.5878,20.97196,-5.24316,20.31659,-3.93244
26.2,20.644280000000002,-4.58779,20.97196,-5.24315,20.3166,-3.93243
26.22,20.644280000000002,-4.58779,20.97196,-5.24315,20.3166,-3.93243
26.24,20.3166,-3.932435,20.3166,-4.5878,20.3166,-3.27707
26.26,19.98892,-3.9324250000000003,20.3166,-3.93243,19.66124,-3.93242
26.28,19.66124,-3.93243,19.66124,-3.93243,19.66124,-3.93243
26.3,19.661234999999998,-4.26011,19.66124,-4.58779,19.66123,-3.93243
26.32,19.66123,-3.9324250000000003,19.66123,-4.58779,19.66123,-3.27706
26.34,19.333550000000002,-3.6047450000000003,19.66123,-3.93243,19.00587,-3.27706
26.36,19.66123,-2.94938,19.66123,-3.27706,19.66123,-2.6217
26.38,19.333550000000002,-2.94938,19.66123,-3.27706,19.00587,-2.6217
26.4,19.00587,-2.94938,19.00587,-3.27706,19.00587,-2.6217
26.42,15.073675,-3.60474,18.3505,-3.93242,11.79685,-3.27706
26.44,11.469169999999998,-3.932415,11.79685,-4.58778,11.14149,-3.27705
26.46,11.469175,-3.27705,11.79686,-3.93241,11.14149,-2.62169
26.48,11.469169999999998,-2.9493650000000002,11.79685,-3.27705,11.14149,-2.62168
26.5,12.124524999999998,-3.277045,12.45221,-3.93241,11.79684,-2.62168
26.52,12.452205,-3.277045,12.45221,-3.27705,12.4522,-3.27704
26.54,13.10757,-3.60472,13.10757,-3.9324,13.10757,-3.27704
26.56,13.10757,-3.27704,13.10757,-3.27704,13.10757,-3.27704
26.58,13.10757,-3.932395,13.10757,-4.58776,13.10757,-3.27703
26.6,12.124524999999998,-3.93239,12.45221,-4.58775,11.79684,-3.27703
26.62,11.469169999999998,-3.60471,11.79685,-3.93239,11.14149,-3.27703
26.64,11.469165,-4.26007,11.79685,-4.58775,11.14148,-3.93239
26.66,10.813804999999999,-3.60471,11.14149,-3.93239,10.48612,-3.27703
26.68,10.813804999999999,-3.60471,11.14149,-3.93239,10.48612,-3.27703
26.7,10.158449999999998,-3.604705,10.48613,-3.93239,9.83077,-3.27702
26.72,9.503084999999999,-3.604705,9.83077,-3.93239,9.1754,-3.27702
26.74,9.83076,-3.60471,9.1754,-3.93239,10.48612,-3.27703
26.76,27.85333,-4.915445,24.24879,-4.58776,31.45787,-5.24313
26.78,32.113254999999995,-3.93241,32.76862,-3.93242,31.45789,-3.9324
26.8,31.457884999999997,-4.587765,31.45788,-5.24313,31.45789,-3.9324
26.82,31.45789,-3.932405,31.45789,-4.58777,31.45789,-3.27704
26.84,31.457884999999997,-3.604725,31.45789,-3.93241,31.45788,-3.27704
26.86,32.11324,-3.604725,32.11324,-3.93241,32.11324,-3.27704
26.88,31.785555,-3.6047149999999997,32.11324,-3.9324,31.45787,-3.27703
26.9,32.113225,-4.2600750000000005,32.11323,-4.58776,32.11322,-3.93239
26.92,32.113205,-4.2600750000000005,32.11321,-4.58776,32.1132,-3.93239
26.94,32.113205,-4.2600750000000005,32.11321,-4.58776,32.1132,-3.93239
26.96,32.768564999999995,-3.932385,32.76857,-4.58775,32.76856,-3.27702
26.98,33.42393,-4.26007,33.42393,-4.58775,33.42393,-3.93239
27.0,33.42392,-4.260065,33.42392,-4.58775,33.42392,-3.93238
27.02,33.751605,-4.58775,34.07929,-5.24311,33.42392,-3.93239
27.04,33.751594999999995,-4.91543,34.07928,-5.24311,33.42391,-4.58775
27.06,34.079274999999996,-4.91543,34.07928,-5.24311,34.07927,-4.58775
27.08,34.079265,-4.915425,34.07927,-5.24311,34.07926,-4.58774
27.1,37.02843,-5.570785,36.70074,-5.89847,37.35612,-5.2431
27.12,37.68381,-5.243105,38.01149,-5.89847,37.35613,-4.58774
27.14,37.68381,-4.915425,38.01149,-5.89847,37.35613,-3.93238
27.16,37.356125,-4.26006,37.35613,-4.58774,37.35612,-3.93238
27.18,37.028445000000005,-4.915414999999999,37.35613,-5.2431,36.70076,-4.58773
27.2,36.70077,-4.91542,36.70077,-5.2431,36.70077,-4.58774
27.22,36.37308,-4.91542,36.70076,-5.2431,36.0454,-4.58774
27.24,36.0454,-4.91542,36.0454,-5.2431,36.0454,-4.58774
27.26,36.373085,-4.91542,36.70077,-5.2431,36.0454,-4.58774
27.28,36.37309,-5.2431,36.70077,-5.89846,36.04541,-4.58774
27.3,36.37309,-5.570785,36.70077,-5.89847,36.04541,-5.2431
27.32,36.373095,-5.2431,36.70078,-5.89846,36.04541,-4.58774
27.34,36.37309,-5.57078,36.70077,-5.89846,36.04541,-5.2431
27.36,39.649950000000004,-5.898465,39.32226,-6.55383,39.97764,-5.2431
27.38,40.305324999999996,-5.570774999999999,40.63301,-5.89846,39.97764,-5.24309
27.4,39.977644999999995,-5.243095,39.97765,-5.89846,39.97764,-4.58773
27.42,39.97764,-5.570774999999999,39.97764,-5.89846,39.97764,-5.24309
27.44,39.97892,-5.57078,39.97765,-5.89846,39.98019,-5.2431
27.46,39.649965,-5.570785,39.32229,-5.89847,39.97764,-5.2431
27.48,39.32228,-5.570785,39.32228,-5.89847,39.32228,-5.2431
27.5,39.649964999999995,-5.57078,39.97765,-5.89846,39.32228,-5.2431
27.52,39.322275000000005,-5.57078,39.32228,-5.89846,39.32227,-5.2431
27.54,39.649955000000006,-5.570785,39.97764,-5.89847,39.32227,-5.2431
27.56,41.28837,-5.89846,40.63299,-5.89846,41.94375,-5.89846
27.58,41.943745,-5.89846,41.94375,-6.55382,41.94374,-5.2431
27.6,42.27142,-5.570774999999999,42.5991,-5.89846,41.94374,-5.24309
27.62,41.94374,-5.898455,41.94374,-6.55382,41.94374,-5.24309
27.64,41.94374,-5.570774999999999,41.94374,-5.89846,41.94374,-5.24309
27.66,41.94374,-5.57078,41.94374,-5.89846,41.94374,-5.2431
27.68,41.61606,-5.570785,41.94374,-5.89847,41.28838,-5.2431
27.7,41.61606,-5.57078,41.94374,-5.89846,41.28838,-5.2431
27.72,41.616055,-5.570785,41.94374,-5.89847,41.28837,-5.2431
27.74,41.943735000000004,-5.570785,41.94374,-5.89847,41.94373,-5.2431
27.76,41.61606,-5.57079,41.94374,-5.89847,41.28838,-5.24311
27.78,41.61606,-5.89847,41.94374,-6.55383,41.28838,-5.24311
27.8,41.28838,-5.57079,41.28838,-5.89847,41.28838,-5.24311
27.82,40.9607,-5.570795,41.28838,-5.89848,40.63302,-5.24311
27.84,40.9607,-5.5708,41.28838,-5.89848,40.63302,-5.24312
27.86,42.9268,-6.55384,41.28838,-6.55384,44.56522,-6.55384
27.88,45.875975,-7.209215,45.87598,-7.86458,45.87597,-6.55385
27.9,45.22061,-6.55385,45.22061,-7.20921,45.22061,-5.89849
27.92,45.22061,-6.88153,45.22061,-7.20921,45.22061,-6.55385
27.94,44.89293,-6.88153,45.22061,-7.20921,44.56525,-6.55385
27.96,44.56525,-6.88153,44.56525,-7.20921,44.56525,-6.55385
27.98,44.56525,-6.88153,44.56525,-7.20921,44.56525,-6.55385
28.0,44.237575,-6.88153,44.56526,-7.20921,43.90989,-6.55385
28.02,44.56525,-6.553845,44.56525,-7.20921,44.56525,-5.89848
28.04,44.565245000000004,-6.55384,44.56525,-7.2092,44.56524,-5.89848
28.06,44.237555,-5.243105,44.56524,-5.89847,43.90987,-4.58774
28.08,44.237545,-4.58774,44.56523,-5.24311,43.90986,-3.93237
28.1,43.90984,-3.93235,43.90985,-4.58772,43.90983,-3.27698
28.12,41.943695000000005,-2.94927,43.90981,-3.93232,39.97758,-1.96622
28.14,39.97756,-2.2938899999999998,39.97756,-2.62158,39.97756,-1.9662
28.16,40.30525,-1.9662100000000002,40.63293,-2.62157,39.97757,-1.31085
28.18,39.97757,-2.6215849999999996,39.97757,-2.62158,39.97757,-2.62159
28.2,40.632945,-2.9492849999999997,40.63294,-3.27696,40.63295,-2.62161
28.22,40.63296,-2.94931,40.63296,-3.27699,40.63296,-2.62163
28.24,41.28832,-2.94932,41.28832,-3.277,41.28832,-2.62164
28.26,41.28832,-3.604695,41.28832,-3.93237,41.28832,-3.27702
28.28,41.616005,-4.260065,41.94369,-4.58774,41.28832,-3.93239
28.3,41.616,-4.915435,41.94368,-5.24311,41.28832,-4.58776
28.32,41.616,-5.570805,41.94368,-5.89849,41.28832,-5.24312
28.34,41.94368,-5.24313,41.94368,-5.89849,41.94368,-4.58777
28.36,42.27136,-5.57082,42.59904,-5.8985,41.94368,-5.24314
28.38,42.271355,-5.57082,42.59904,-5.8985,41.94367,-5.24314
28.4,46.531255,-5.570815,45.87588,-5.8985,47.18663,-5.24313
28.42,47.18662,-5.2431350000000005,47.18662,-5.8985,47.18662,-4.58777
28.44,47.5143,-5.570815,47.84198,-5.8985,47.18662,-5.24313
28.46,47.186615,-5.57082,47.18662,-5.8985,47.18661,-5.24314
28.48,47.84197,-5.570815,47.84197,-5.8985,47.84197,-5.24313
28.5,47.841975000000005,-5.570815,47.84198,-5.8985,47.84197,-5.24313
28.52,47.84197,-5.8985,47.84197,-6.55386,47.84197,-5.24314
28.54,48.497335,-5.8985,48.49734,-5.8985,48.49733,-5.8985
28.56,48.169655000000006,-6.55386,48.49734,-6.55386,47.84197,-6.55386
28.58,48.49733,-6.553865,48.49733,-7.20923,48.49733,-5.8985
28.6,48.497335,-6.881545,48.49734,-7.20922,48.49733,-6.55387
28.62,53.740269999999995,-7.53691,50.46342,-7.20923,57.01712,-7.86459
28.64,58.32788,-8.519955,58.32788,-9.17532,58.32788,-7.86459
28.66,58.000195000000005,-8.192274999999999,58.32788,-8.51996,57.67251,-7.86459
28.68,58.0002,-8.51995,58.32788,-9.17531,57.67252,-7.86459
28.7,58.32788,-8.192274999999999,58.32788,-8.51996,58.32788,-7.86459
28.72,58.000195000000005,-8.847635,58.32788,-9.17532,57.67251,-8.51995
28.74,57.34483,-8.847635,57.67251,-9.17532,57.01715,-8.51995
28.76,56.68947,-8.847629999999999,57.01715,-9.17531,56.36179,-8.51995
28.78,56.03411,-9.17531,56.36179,-9.83068,55.70643,-8.51994
28.8,55.37875,-8.51995,55.70643,-9.17531,55.05107,-7.86459
28.82,54.72339,-8.847629999999999,55.05107,-9.17531,54.39571,-8.51995
28.84,54.723395,-8.847635,55.05108,-9.17532,54.39571,-8.51995
28.86,54.39571,-9.502994999999999,54.39571,-9.83068,54.39571,-9.17531
28.88,54.06803,-9.503,54.39571,-9.83068,53.74035,-9.17532
28.9,53.740345000000005,-9.503,53.74035,-9.83068,53.74034,-9.17532
28.92,56.689505,-10.81372,54.39571,-10.48604,58.9833,-11.1414
28.94,59.638675,-10.486035000000001,59.63868,-11.1414,59.63867,-9.83067
28.96,58.983315000000005,-10.486035000000001,58.98331,-11.1414,58.98332,-9.83067
28.98,59.311,-10.486035000000001,59.63868,-11.1414,58.98332,-9.83067
29.0,58.983329999999995,-10.486035,59.63869,-10.48604,58.32797,-10.48603
29.02,58.655645,-10.158359999999998,58.98333,-10.48604,58.32796,-9.83068
29.04,58.00029,-10.48604,58.32797,-11.1414,57.67261,-9.83068
29.06,57.67261,-9.83068,57.67261,-10.48604,57.67261,-9.17532
29.08,57.344935,-9.503,57.67262,-9.83068,57.01725,-9.17532
29.1,57.344935,-8.847635,57.67262,-9.83068,57.01725,-7.86459
29.12,57.01726,-8.519955,57.01726,-9.17532,57.01726,-7.86459
29.14,56.361905,-8.519955,56.36191,-9.17532,56.3619,-7.86459
29.16,56.68958,-8.192274999999999,57.01726,-8.51996,56.3619,-7.86459
29.18,56.68958,-8.19227,57.01726,-8.51995,56.3619,-7.86459
29.2,56.03422,-8.192274999999999,56.3619,-8.51996,55.70654,-7.86459
29.22,56.03422,-8.19228,56.3619,-8.51996,55.70654,-7.8646
29.24,56.361905,-8.19228,56.36191,-8.51996,56.3619,-7.8646
29.26,56.03423,-8.19228,56.36191,-8.51996,55.70655,-7.8646
29.28,56.03423,-8.192285,56.36191,-8.51997,55.70655,-7.8646
29.3,55.37886,-8.519965000000001,55.70654,-9.17533,55.05118,-7.8646
29.32,54.72351,-8.192285,55.05119,-8.51997,54.39583,-7.8646
29.34,54.39583,-8.192285,54.39583,-8.51997,54.39583,-7.8646
29.36,54.06814,-8.847645,54.39582,-9.17533,53.74046,-8.51996
29.38,54.72351,-8.519965,55.05119,-8.51997,54.39583,-8.51996
29.4,54.39583,-8.192285,54.39583,-8.51997,54.39583,-7.8646
29.42,59.966480000000004,-8.519955,58.32804,-8.51996,61.60492,-8.51995
29.44,62.587985,-8.519955,62.91567,-9.17532,62.2603,-7.86459
29.46,62.2603,-8.192274999999999,62.2603,-8.51996,62.2603,-7.86459
29.48,62.58798,-8.19227,62.91566,-8.51995,62.2603,-7.86459
29.5,62.2603,-8.19227,62.2603,-8.51995,62.2603,-7.86459
29.52,62.587975,-8.19227,62.91566,-8.51995,62.26029,-7.86459
29.54,63.57101,-8.192264999999999,63.57102,-8.51995,63.571,-7.86458
29.56,63.89869,-8.19227,63.57101,-8.51995,64.22637,-7.86459
29.58,65.209415,-8.51995,64.22637,-8.51995,66.19246,-8.51995
29.6,66.84784,-8.847625,66.84784,-9.17531,66.84784,-8.51994
29.62,66.84784,-8.519945,66.84784,-9.17531,66.84784,-7.86458
29.64,66.84784,-8.192260000000001,66.84784,-8.51994,66.84784,-7.86458
29.66,66.520155,-8.192260000000001,66.84784,-8.51994,66.19247,-7.86458
29.68,66.52015,-8.51994,66.84783,-9.1753,66.19247,-7.86458
29.7,66.520145,-8.51994,66.19247,-9.1753,66.84782,-7.86458
29.72,67.1755,-8.847625,67.50318,-9.17531,66.84782,-8.51994
29.74,67.175495,-8.847625,67.50318,-9.17531,66.84781,-8.51994
29.76,67.503175,-8.847625,67.50318,-9.17531,67.50317,-8.51994
29.78,68.158535,-9.17531,68.15854,-9.83067,68.15853,-8.51995
29.8,68.486215,-8.847629999999999,68.8139,-9.17531,68.15853,-8.51995
29.82,68.813885,-8.847629999999999,68.81389,-9.17531,68.81388,-8.51995
29.84,68.4862,-8.847639999999998,68.81388,-9.17532,68.15852,-8.51996
29.86,69.141555,-9.17532,69.46924,-9.83068,68.81387,-8.51996
29.88,69.469235,-9.503005,69.46924,-9.83069,69.46923,-9.17532
29.9,69.79691,-9.17533,70.12459,-9.17533,69.46923,-9.17533
29.92,69.79691,-9.50301,70.12459,-9.83069,69.46923,-9.17533
29.94,70.124585,-9.50301,70.12459,-9.83069,70.12458,-9.17533
29.96,70.124585,-9.83069,70.12459,-9.83069,70.12458,-9.83069
29.98,69.7969,-10.158375,70.12458,-10.48606,69.46922,-9.83069
30.0,70.12458,-10.158375,70.12458,-10.48606,70.12458,-9.83069
30.02,70.124585,-10.813735000000001,70.12459,-11.14142,70.12458,-10.48605
30.04,70.12459,-10.486065,70.12459,-10.48607,70.12459,-10.48606
30.06,70.12459,-10.813745,70.12459,-11.14143,70.12459,-10.48606
30.08,71.10764,-10.813745,70.77995,-11.14143,71.43533,-10.48606
30.1,71.435325,-11.14143,71.43533,-11.79679,71.43532,-10.48607
30.12,71.10764499999999,-10.813745,71.43533,-11.14143,70.77996,-10.48606
30.14,71.43532,-11.14143,71.43532,-11.79679,71.43532,-10.48607
30.16,71.43533,-11.469114999999999,71.43533,-11.7968,71.43533,-11.14143
30.18,71.43531999999999,-11.469114999999999,71.43533,-11.7968,71.43531,-11.14143
30.2,71.762995,-11.141435,72.09068,-11.7968,71.43531,-10.48607
30.22,71.762995,-11.141435,72.09068,-11.14144,71.43531,-11.14143
30.24,71.762985,-11.14143,72.09067,-11.79679,71.4353,-10.48607
30.26,71.762985,-10.813749999999999,72.09067,-11.14143,71.4353,-10.48607
30.28,71.76298,-11.14143,72.09066,-11.79679,71.4353,-10.48607
30.3,71.762985,-10.813755,72.09067,-11.14144,71.4353,-10.48607
30.32,71.762985,-10.813755,72.09066,-11.14144,71.43531,-10.48607
30.34,71.762985,-10.813755,72.09067,-11.14144,71.4353,-10.48607
30.36,71.435305,-10.813759999999998,71.43531,-11.14144,71.4353,-10.48608
30.38,71.10762,-10.813755,71.4353,-11.14144,70.77994,-10.48607
30.4,71.10762,-10.48608,71.4353,-11.14144,70.77994,-9.83072
30.42,70.45226,-10.48608,70.77994,-11.14144,70.12458,-9.83072
30.44,70.124585,-10.48608,70.12459,-11.14144,70.12458,-9.83072
30.46,69.79690500000001,-10.1584,70.12459,-10.48608,69.46922,-9.83072
30.48,69.14154500000001,-10.158405,69.46923,-10.48609,68.81386,-9.83072
30.5,69.14154,-10.158394999999999,69.46922,-10.48608,68.81386,-9.83071
30.52,69.14154,-10.1584,69.46922,-10.48608,68.81386,-9.83072
30.54,68.81386499999999,-10.48608,68.81387,-10.48608,68.81386,-10.48608
30.56,69.14154,-10.158394999999999,69.46922,-10.48608,68.81386,-9.83071
30.58,68.81387,-10.158394999999999,68.81387,-10.48608,68.81387,-9.83071
30.6,69.14154500000001,-10.158394999999999,69.46923,-10.48608,68.81386,-9.83071
30.62,68.81386,-10.48607,68.81386,-11.14143,68.81386,-9.83071
30.64,69.14154,-10.15839,69.46922,-10.48607,68.81386,-9.83071
30.66,68.48618,-10.15839,68.81386,-10.48607,68.1585,-9.83071
30.68,68.48618,-10.15839,68.81386,-10.48607,68.1585,-9.83071
30.7,68.1585,-10.15839,68.1585,-10.48607,68.1585,-9.83071
30.72,68.48619,-10.15839,68.81387,-10.48607,68.15851,-9.83071
30.74,68.48619,-10.15839,68.81387,-10.48607,68.15851,-9.83071
30.76,68.81387,-10.15839,68.81387,-10.48607,68.81387,-9.83071
30.78,69.14155,-9.83071,69.46923,-10.48607,68.81387,-9.17535
30.8,69.79692,-9.830705,68.81387,-10.48607,70.77997,-9.17534
30.82,71.107665,-9.175345,71.43535,-9.83071,70.77998,-8.51998
30.84,71.10766,-9.50302,70.77998,-9.8307,71.43534,-9.17534
30.86,71.435335,-8.847660000000001,71.43534,-9.17535,71.43533,-8.51997
30.88,71.435335,-9.17534,71.43534,-9.8307,71.43533,-8.51998
30.9,71.435335,-9.175335,71.43534,-9.8307,71.43533,-8.51997
30.92,71.76301,-9.175345,72.09069,-9.83071,71.43533,-8.51998
30.94,71.76301,-9.17534,72.09069,-9.8307,71.43533,-8.51998
30.96,71.76301,-8.847665,72.09069,-9.17535,71.43533,-8.51998
30.98,72.090695,-9.17534,72.0907,-9.8307,72.09069,-8.51998
31.0,71.76301,-8.84704,72.09069,-9.17535,71.43533,-8.51873
31.02,72.09068500000001,-8.84767,72.09069,-9.17535,72.09068,-8.51999
31.04,72.746045,-9.17535,72.74605,-9.17535,72.74604,-9.17535
31.06,62.5878,-11.141425,71.43529,-10.48607,53.74031,-11.79678
31.08,9.175295000000002,-11.79669,28.18089,-11.79672,-9.8303,-11.79666
31.1,-12.45194,-11.468965,-13.10728,-11.79663,-11.7966,-11.1413
31.12,-10.158180000000002,-10.158259999999999,-10.48586,-10.48594,-9.8305,-9.83058
31.14,-9.830494999999999,-9.50291,-9.83049,-9.83059,-9.8305,-9.17523
31.16,-9.830494999999999,-8.84755,-9.83049,-9.17523,-9.8305,-8.51987
31.18,-9.50282,-8.847555,-9.17514,-9.17524,-9.8305,-8.51987
31.2,-9.175145,-8.847560000000001,-9.17514,-9.17524,-9.17515,-8.51988
31.22,-9.17515,-9.50293,-9.17515,-9.83061,-9.17515,-9.17525
31.24,-9.175145,-10.158294999999999,-9.17514,-10.48598,-9.17515,-9.83061
31.26,-9.50282,-9.17525,-9.17514,-9.83061,-9.8305,-8.51989
31.28,-9.175135000000001,-8.847574999999999,-9.17514,-9.17526,-9.17513,-8.51989
31.3,-9.50281,-9.17525,-9.17513,-9.83061,-9.83049,-8.51989
31.32,-9.830490000000001,-8.847565,-9.17512,-8.51989,-10.48586,-9.17524
31.34,-16.056530000000002,-10.158290000000001,-15.07347,-10.48597,-17.03959,-9.83061
31.36,-16.056525,-9.830605,-15.72885,-10.48597,-16.3842,-9.17524
31.38,-16.384195,-9.502925000000001,-16.38419,-9.83061,-16.3842,-9.17524
31.4,-16.05651,-9.502925000000001,-15.72883,-9.83061,-16.38419,-9.17524
31.42,-15.72883,-9.175245,-15.72883,-9.83061,-15.72883,-8.51988
31.44,-15.72882,-9.17525,-15.72882,-9.83061,-15.72882,-8.51989
31.46,-15.72882,-8.847570000000001,-15.72882,-9.17525,-15.72882,-8.51989
31.48,-15.72882,-9.17525,-15.72882,-9.17525,-15.72882,-9.17525
31.5,-15.72882,-9.175245,-15.72882,-9.17525,-15.72882,-9.17524
31.52,-15.72882,-9.50293,-15.72882,-9.83061,-15.72882,-9.17525
31.54,-15.728825,-9.17525,-15.72882,-9.17525,-15.72883,-9.17525
31.56,-15.07347,-9.502925000000001,-15.07346,-9.83061,-15.07348,-9.17524
31.58,-15.401155,-8.847565,-15.07347,-9.17525,-15.72884,-8.51988
31.6,-15.401150000000001,-9.175245,-15.07347,-9.83061,-15.72883,-8.51988
31.62,-15.72883,-9.175245,-15.72883,-9.83061,-15.72883,-8.51988
31.64,-16.056505,-9.502925000000001,-15.72882,-9.83061,-16.38419,-9.17524
31.66,-16.056505,-9.502925000000001,-15.72882,-9.83061,-16.38419,-9.17524
31.68,-16.056505,-9.50293,-15.72882,-9.83061,-16.38419,-9.17525
31.7,-15.728825,-8.519870000000001,-15.72883,-9.83061,-15.72882,-7.20913
31.72,-16.384175,-7.536805,-16.38417,-7.86448,-16.38418,-7.20913
31.74,-16.384175,-7.536805,-16.38417,-7.86449,-16.38418,-7.20912
31.76,-16.38417,-7.536805,-16.38417,-7.86449,-16.38417,-7.20912
31.78,-16.711845,-7.536805,-16.38416,-7.86449,-17.03953,-7.20912
31.8,-16.38416,-7.536805,-16.38416,-7.86449,-16.38416,-7.20912
31.82,-17.039524999999998,-7.209125,-17.03952,-7.86449,-17.03953,-6.55376
31.84,-17.367205,-7.5368,-17.03952,-7.86448,-17.69489,-7.20912
31.86,-17.367205,-6.881444999999999,-17.03952,-7.20913,-17.69489,-6.55376
31.88,-17.3672,-7.209125,-17.03952,-7.86449,-17.69488,-6.55376
31.9,-17.69488,-7.209115000000001,-17.69488,-7.86448,-17.69488,-6.55375
31.92,-17.69488,-6.881444999999999,-17.69488,-7.20913,-17.69488,-6.55376
31.94,-17.694875000000003,-6.88145,-17.69487,-7.20913,-17.69488,-6.55377
31.96,-18.022555,-6.881444999999999,-17.69487,-7.20913,-18.35024,-6.55376
31.98,-18.022550000000003,-6.553765,-17.69487,-7.20913,-18.35023,-5.8984
32.0,-18.35023,-6.553765,-18.35023,-7.20913,-18.35023,-5.8984
32.02,-18.677905000000003,-6.55377,-18.35022,-7.20913,-19.00559,-5.89841
32.04,-18.350225000000002,-6.553765,-18.35022,-7.20913,-18.35023,-5.8984
32.06,-18.6779,-6.55377,-18.35022,-7.20913,-19.00558,-5.89841
32.08,-18.677895,-6.553765,-18.35021,-7.20913,-19.00558,-5.8984
32.1,-19.00558,-6.55377,-19.00558,-6.55377,-19.00558,-6.55377
32.12,-16.0564,-7.2091449999999995,-18.35022,-7.20914,-13.76258,-7.20915
32.14,28.836375,-8.19222,11.79681,-8.51989,45.87594,-7.86455
32.16,68.486335,-8.192225,66.19248,-8.51991,70.78019,-7.86454
32.18,69.46946,-6.553815,69.46947,-7.20918,69.46945,-5.89845
32.2,69.79712,-6.226134999999999,69.46944,-7.20918,70.1248,-5.24309
32.22,70.124805,-5.243095,70.12481,-5.89846,70.1248,-4.58773
32.24,70.124785,-5.243095,70.12479,-5.89846,70.12478,-4.58773
32.26,70.45246,-5.243095,70.78014,-5.89846,70.12478,-4.58773
32.28,70.12477,-4.915425,70.12477,-5.24311,70.12477,-4.58774
32.3,70.452445,-4.58775,70.78013,-5.24311,70.12476,-3.93239
32.32,70.12476000000001,-4.91543,70.12477,-5.24311,70.12475,-4.58775
32.34,70.45244,-4.587755,70.78012,-4.58776,70.12476,-4.58775
32.36,67.83096,-6.226175,69.46939,-5.89849,66.19253,-6.55386
32.38,66.192515,-6.553865,66.19251,-7.20923,66.19252,-5.8985
32.4,66.19252,-6.22619,66.19252,-6.55387,66.19252,-5.89851
32.42,65.864845,-6.226185,66.19253,-6.55387,65.53716,-5.8985
32.44,66.192525,-6.22619,66.19253,-6.55387,66.19252,-5.89851
32.46,66.19253,-6.22619,66.84789,-6.55387,65.53717,-5.89851
32.48,66.520205,-6.226185,66.84788,-6.55387,66.19253,-5.8985
32.5,65.537155,-6.55387,66.19252,-6.55387,64.88179,-6.55387
32.52,51.446705,-8.192264999999999,55.05125,-8.51995,47.84216,-7.86458
32.54,47.842175,-7.864585,47.84217,-8.51995,47.84218,-7.20922
32.56,48.49754,-7.20922,48.49754,-7.86458,48.49754,-6.55386
32.58,48.49754,-6.881545,48.49754,-7.20923,48.49754,-6.55386
32.6,48.49754,-6.88154,48.49754,-7.20922,48.49754,-6.55386
32.62,48.497545,-6.553865,48.49755,-7.20923,48.49754,-5.8985
32.64,48.49754,-6.553865,48.49754,-7.20923,48.49754,-5.8985
32.66,48.49754,-6.881545,48.49754,-7.20923,48.49754,-6.55386
32.68,48.497535,-6.553865,48.49754,-7.20923,48.49753,-5.8985
32.7,48.49753,-6.5532699999999995,48.49753,-7.20803,48.49753,-5.89851
32.72,48.49753,-6.8815550000000005,48.49753,-7.20923,48.49753,-6.55388
32.74,48.49753,-6.88156,48.49753,-7.20924,48.49753,-6.55388
32.76,48.825205,-6.88156,49.15289,-7.20924,48.49752,-6.55388
32.78,49.480575,-6.5538799999999995,49.15289,-7.86461,49.80826,-5.24315
32.8,52.42977,-5.24312,52.42977,-5.24312,52.42977,-5.24312
32.82,52.42976,-5.24313,52.42976,-5.89849,52.42976,-4.58777
32.84,52.75744,-4.915445,53.08512,-5.24313,52.42976,-4.58776
32.86,53.08512,-5.243125,53.08512,-5.24313,53.08512,-5.24312
32.88,53.08512,-5.243125,53.08512,-5.89849,53.08512,-4.58776
32.9,53.412800000000004,-5.243125,53.74048,-5.89849,53.08512,-4.58776
32.92,53.08512,-4.587765,53.08512,-5.24313,53.08512,-3.9324
32.94,53.08512,-4.587765,53.08512,-5.24313,53.08512,-3.9324
32.96,53.085125000000005,-4.91545,53.08513,-5.24313,53.08512,-4.58777
32.98,53.08513,-4.91545,53.08513,-5.24313,53.08513,-4.58777
33.0,35.717845,-5.570765,47.84218,-5.89848,23.59351,-5.24305
33.02,-20.643845,-7.5367049999999995,-15.72849,-7.20906,-25.5592,-7.86435
33.04,-40.960315,-12.124205,-41.28799,-13.10723,-40.63264,-11.14118
33.06,-39.977244999999996,-9.830455,-39.97724,-10.48582,-39.97725,-9.17509
33.08,-39.97724,-8.847425000000001,-39.97724,-9.1751,-39.97724,-8.51975
33.1,-40.6326,-8.51976,-40.6326,-9.17512,-40.6326,-7.8644
33.12,-40.63259,-8.51978,-40.63259,-9.17514,-40.63259,-7.86442
33.14,-39.977215,-7.536745,-39.97722,-8.51979,-39.97721,-6.5537
33.16,-38.3388,-7.209085,-38.66648,-7.86444,-38.01112,-6.55373
33.18,-21.954655,-5.898405,-26.21454,-5.89839,-17.69477,-5.89842
33.2,-17.367060000000002,-6.55378,-17.03938,-7.20915,-17.69474,-5.89841
33.22,-18.022425,-5.898415,-17.69474,-6.55378,-18.35011,-5.24305
33.24,-18.350115000000002,-4.91537,-18.35011,-5.24305,-18.35012,-4.58769
33.26,-18.35012,-4.587695,-18.35012,-5.24306,-18.35012,-3.93233
33.28,-18.350125,-4.91537,-18.35012,-5.24305,-18.35013,-4.58769
33.3,-18.350125,-4.91537,-18.35012,-5.24305,-18.35013,-4.58769
33.32,-18.35013,-5.57074,-18.35013,-5.89842,-18.35013,-5.24306
33.34,-18.022444999999998,-4.9153649999999995,-17.69476,-5.24305,-18.35013,-4.58768
33.36,-18.02244,-4.91537,-17.69476,-5.24305,-18.35012,-4.58769
33.38,-17.69475,-4.91537,-17.69475,-5.24305,-17.69475,-4.58769
33.4,-17.03938,-4.91537,-17.03938,-5.24305,-17.03938,-4.58769
33.42,-17.039385000000003,-4.91538,-17.03938,-5.24306,-17.03939,-4.5877
33.44,-16.7117,-4.5877,-16.38402,-5.24306,-17.03938,-3.93234
33.46,-16.056355,-4.5877,-15.72867,-5.24306,-16.38404,-3.93234
33.48,-16.384045,-3.932345,-16.38404,-4.58771,-16.38405,-3.27698
33.5,-16.384055,-3.604655,-16.38405,-3.93234,-16.38406,-3.27697
33.52,-16.384065,-3.60465,-16.38406,-3.93233,-16.38407,-3.27697
33.54,-16.05638,-3.276975,-15.7287,-3.93234,-16.38406,-2.62161
33.56,-16.05638,-3.276975,-15.7287,-3.27698,-16.38406,-3.27697
33.58,-16.05638,-2.94929,-15.7287,-3.27697,-16.38406,-2.62161
33.6,-16.384065,-3.27697,-16.38406,-3.93233,-16.38407,-2.62161
33.62,-16.05639,-2.9492849999999997,-15.72871,-3.27697,-16.38407,-2.6216
33.64,-16.056395000000002,-2.94928,-15.72871,-3.27697,-16.38408,-2.62159
33.66,-15.72872,-2.94928,-15.72872,-3.27696,-15.72872,-2.6216
33.68,-15.728725,-2.949275,-15.72872,-3.27696,-15.72873,-2.62159
33.7,-15.72872,-3.60464,-15.72872,-3.93232,-15.72872,-3.27696
33.72,-15.073364999999999,-3.6046449999999997,-15.07336,-3.93232,-15.07337,-3.27697
33.74,-15.401065,-3.9323300000000003,-15.07338,-4.58769,-15.72875,-3.27697
33.76,-15.073395,-3.60465,-15.07339,-3.93233,-15.0734,-3.27697
33.78,-12.124085000000001,-4.915395,-13.10723,-5.24307,-11.14094,-4.58772
33.8,17.695175,-6.226145,10.48615,-5.89846,24.9042,-6.55383
33.82,24.57651,-6.553825,24.9042,-7.20919,24.24882,-5.89846
33.84,24.5765,-5.898465,24.90418,-5.89847,24.24882,-5.89846
33.86,24.904175000000002,-6.226145,24.90418,-6.55383,24.90417,-5.89846
33.88,24.57649,-6.226145,24.90417,-6.55383,24.24881,-5.89846
33.9,24.90417,-5.898465,24.90417,-6.55383,24.90417,-5.2431
33.92,24.904175000000002,-5.898465,24.90418,-6.55383,24.90417,-5.2431
33.94,24.904175000000002,-5.89847,24.90418,-6.55383,24.90417,-5.24311
33.96,25.231855,-6.226145,25.55954,-6.55383,24.90417,-5.89846
33.98,30.474780000000003,-7.536875,25.55953,-7.20919,35.39003,-7.86456
34.0,52.75737,-10.158345,49.80818,-10.48603,55.70656,-9.83066
34.02,55.051199999999994,-9.83066,55.70657,-10.48603,54.39583,-9.17529
34.04,54.723505,-9.50298,55.05118,-9.83066,54.39583,-9.1753
34.06,54.72351,-8.847615000000001,55.05119,-9.1753,54.39583,-8.51993
34.08,55.051185000000004,-8.84762,55.05119,-9.1753,55.05118,-8.51994
34.1,55.70654,-8.847625,55.70654,-9.17531,55.70654,-8.51994
34.12,55.706535,-8.847625,55.70654,-9.17531,55.70653,-8.51994
34.14,56.03421,-9.175305,56.36189,-9.83067,55.70653,-8.51994
34.16,56.36188,-9.175305,56.36188,-9.83067,56.36188,-8.51994
34.18,56.0342,-9.50298,56.36188,-9.83066,55.70652,-9.1753
34.2,56.36188,-9.502984999999999,56.36188,-9.83067,56.36188,-9.1753
34.22,56.68956,-9.50299,57.01724,-9.83067,56.36188,-9.17531
34.24,56.68955,-9.830665,57.01723,-10.48603,56.36187,-9.1753
34.26,56.68955,-9.83067,57.01723,-10.48603,56.36187,-9.17531
34.28,57.017224999999996,-10.158349999999999,57.01723,-10.48603,57.01722,-9.83067
34.3,57.672585,-10.813715,57.67259,-11.1414,57.67258,-10.48603
34.32,57.344905,-11.469069999999999,57.67259,-11.79675,57.01722,-11.14139
34.34,58.00027,-11.796755000000001,58.32795,-11.79676,57.67259,-11.79675
34.36,58.327945,-12.779789999999998,58.32795,-13.10747,58.32794,-12.45211
34.38,59.63868,-13.10747,58.32794,-13.76284,60.94942,-12.4521
34.4,62.58787,-12.452085,62.91555,-12.45208,62.26019,-12.45209
34.42,61.93249,-12.124410000000001,62.26017,-12.45209,61.60481,-11.79673
34.44,61.604805,-12.452085,61.60481,-13.10745,61.6048,-11.79672
34.46,61.604794999999996,-12.779765000000001,61.6048,-13.10745,61.60479,-12.45208
34.48,61.6048,-12.77977,61.6048,-13.10745,61.6048,-12.45209
34.5,61.93248,-12.77977,62.26016,-13.10745,61.6048,-12.45209
34.52,61.93248,-12.77977,62.26016,-13.10745,61.6048,-12.45209
34.54,61.932485,-12.779775,62.26017,-13.10746,61.6048,-12.45209
34.56,61.604794999999996,-13.435134999999999,61.6048,-13.76282,61.60479,-13.10745
34.58,61.604794999999996,-13.435134999999999,61.6048,-13.76282,61.60479,-13.10745
34.6,61.604794999999996,-13.435134999999999,61.6048,-13.76282,61.60479,-13.10745
34.62,61.27711,-13.43514,61.60479,-13.76282,60.94943,-13.10746
34.64,61.27711,-13.435134999999999,61.60479,-13.76282,60.94943,-13.10745
34.66,60.94943,-14.090499999999999,60.94943,-14.41818,60.94943,-13.76282
34.68,64.55396,-14.41818,63.5709,-14.41818,65.53702,-14.41818
34.7,65.8647,-15.401235,66.19239,-15.72891,65.53701,-15.07356
34.72,65.53827000000001,-16.711965,65.537,-17.03964,65.53954,-16.38429
34.74,65.53697,-17.69502,65.53698,-17.69502,65.53696,-17.69502
34.76,64.881585,-18.678069999999998,64.88159,-19.00575,64.88158,-18.35039
34.78,64.226205,-18.678069999999998,64.88157,-19.00575,63.57084,-18.35039
34.8,63.570835,-18.678075,64.2262,-19.00576,62.91547,-18.35039
34.82,62.915465,-18.3504,62.91547,-19.00576,62.91546,-17.69504
34.84,62.915465,-17.69504,62.91547,-18.3504,62.91546,-17.03968
34.86,62.915465,-17.69504,62.91547,-18.3504,62.91546,-17.03968
34.88,62.91546,-17.367355,62.91546,-17.69504,62.91546,-17.03967
34.9,63.24314,-17.367355,63.57082,-17.69504,62.91546,-17.03967
34.92,62.91546,-16.711995,62.91546,-17.03967,62.91546,-16.38432
34.94,63.243145,-16.711995,63.57083,-17.03968,62.91546,-16.38431
34.96,63.24314,-16.05664,63.57082,-16.38432,62.91546,-15.72896
34.98,63.243145,-16.05664,63.57083,-16.38432,62.91546,-15.72896
35.0,57.34482,-16.05664,58.32788,-16.38432,56.36176,-15.72896
35.02,56.689455,-15.728955,57.01713,-16.38432,56.36178,-15.07359
35.04,56.03411,-15.40127,56.36179,-15.72895,55.70643,-15.07359
35.06,56.034125,-16.05664,56.3618,-16.38432,55.70645,-15.72896
35.08,55.70645,-15.401275,55.70645,-15.72896,55.70645,-15.07359
35.1,56.36181,-15.401254999999999,56.36181,-15.72894,56.36181,-15.07357
35.12,56.361815,-15.073575,56.36182,-15.72894,56.36181,-14.41821
35.14,56.03413,-15.07357,56.36181,-15.72894,55.70645,-14.4182
35.16,55.37877,-14.418205,55.70645,-15.07357,55.05109,-13.76284
35.18,54.723405,-14.090525,55.05109,-14.41821,54.39572,-13.76284
35.2,54.72341,-14.090530000000001,55.05109,-14.41821,54.39573,-13.76285
35.22,54.72256,-14.09054,55.0511,-14.41822,54.39402,-13.76286
35.24,54.39574,-14.418225,54.39574,-15.07359,54.39574,-13.76286
35.26,54.39574,-14.09054,54.39574,-14.41822,54.39574,-13.76286
35.28,54.39574,-14.09054,54.39574,-14.41822,54.39574,-13.76286
35.3,54.39574,-13.76286,54.39574,-14.41822,54.39574,-13.1075
35.32,57.344894999999994,-14.090535,55.0511,-14.41822,59.63869,-13.76285
35.34,61.278395,-14.418215,61.6048,-15.07358,60.95199,-13.76285
35.36,59.966395000000006,-13.762855,60.29408,-14.41822,59.63871,-13.10749
35.38,59.638715000000005,-13.435179999999999,59.63872,-13.76286,59.63871,-13.1075
35.4,59.966385,-13.435179999999999,60.29407,-13.76286,59.6387,-13.1075
35.42,59.966375,-13.435179999999999,60.29406,-13.76286,59.63869,-13.1075
35.44,60.29405,-13.435179999999999,60.29405,-13.76286,60.29405,-13.1075
35.46,60.29405,-13.435175000000001,60.29405,-13.76286,60.29405,-13.10749
35.48,60.62173,-13.76285,60.29405,-14.41821,60.94941,-13.10749
35.5,60.94941,-13.435175000000001,60.94941,-13.76286,60.94941,-13.10749
35.52,60.94941,-13.43517,60.94941,-13.76285,60.94941,-13.10749
35.54,60.949405,-13.43517,60.94941,-13.76285,60.9494,-13.10749
35.56,60.9494,-13.10749,60.9494,-13.76285,60.9494,-12.45213
35.58,60.9494,-13.10749,60.9494,-13.10749,60.9494,-13.10749
35.6,60.9494,-13.43517,60.9494,-13.76285,60.9494,-13.10749
35.62,55.706450000000004,-13.107475,57.67256,-13.76284,53.74034,-12.45211
35.64,53.740345000000005,-13.435155,53.74034,-13.76284,53.74035,-13.10747
35.66,54.39571,-12.779800000000002,54.39571,-13.10748,54.39571,-12.45212
35.68,54.395714999999996,-12.779795,54.39572,-13.10748,54.39571,-12.45211
35.7,54.723395,-12.45211,55.05108,-13.10747,54.39571,-11.79675
35.72,54.39572,-12.452115,54.39572,-13.10748,54.39572,-11.79675
35.74,54.068039999999996,-12.45211,54.39572,-13.10747,53.74036,-11.79675
35.76,54.39572,-12.779795,54.39572,-13.10748,54.39572,-12.45211
35.78,54.7234,-12.45211,55.05108,-13.10747,54.39572,-11.79675
35.8,55.05109,-12.12443,55.05109,-12.45211,55.05109,-11.79675
35.82,55.05109,-12.12443,55.05109,-12.45211,55.05109,-11.79675
35.84,55.05109,-11.79675,55.05109,-12.45211,55.05109,-11.14139
35.86,54.39573,-11.79675,54.39573,-12.45211,54.39573,-11.14139
35.88,54.723415,-11.79675,55.0511,-12.45211,54.39573,-11.14139
35.9,54.72341,-11.469075,55.05109,-11.79676,54.39573,-11.14139
35.92,54.723420000000004,-11.469075,55.0511,-11.79676,54.39574,-11.14139
35.94,54.723420000000004,-11.469069999999999,55.0511,-11.79675,54.39574,-11.14139
35.96,54.723420000000004,-11.469075,55.0511,-11.79676,54.39574,-11.14139
35.98,54.723425000000006,-11.469080000000002,55.05111,-11.79676,54.39574,-11.1414
36.0,54.723425000000006,-11.796755000000001,55.05111,-12.45212,54.39574,-11.14139
36.02,54.395745000000005,-11.469080000000002,54.39575,-11.79676,54.39574,-11.1414
36.04,54.39575,-12.12444,54.39575,-12.45212,54.39575,-11.79676
36.06,44.56521,-13.762834999999999,52.42964,-13.10748,36.70078,-14.41819
36.08,-5.2426449999999996,-16.05654,8.52,-16.38423,-19.00529,-15.72885
36.1,-21.2991,-15.401174999999999,-21.62678,-15.72885,-20.97142,-15.0735
36.12,-20.643735,-14.090465,-20.31605,-15.07351,-20.97142,-13.10742
36.14,-20.643745000000003,-13.762785000000001,-20.31606,-14.41815,-20.97143,-13.10742
36.16,-20.643755,-13.107425,-20.31607,-13.76279,-20.97144,-12.45206
36.18,-20.64376,-13.10742,-20.31608,-13.76278,-20.97144,-12.45206
36.2,-20.643765000000002,-12.77974,-20.31608,-13.10742,-20.97145,-12.45206
36.22,-20.31608,-12.77974,-20.31608,-13.10742,-20.31608,-12.45206
36.24,-19.988500000000002,-14.418125,-20.97146,-13.76277,-19.00554,-15.07348
36.26,-22.937829999999998,-15.07348,-22.28246,-15.72884,-23.5932,-14.41812
36.28,-22.28246,-14.418125,-22.28246,-15.07349,-22.28246,-13.76276
36.3,-22.282465000000002,-14.418125,-22.28246,-15.07349,-22.28247,-13.76276
36.32,-21.9548,-14.090444999999999,-21.62712,-14.41813,-22.28248,-13.76276
36.34,-21.95479,-13.76276,-21.62711,-14.41812,-22.28247,-13.1074
36.36,-21.627115,-14.090444999999999,-21.62711,-14.41813,-21.62712,-13.76276
36.38,-21.62712,-14.090444999999999,-21.62712,-14.41813,-21.62712,-13.76276
36.4,-21.299435000000003,-14.090444999999999,-20.97175,-14.41813,-21.62712,-13.76276
36.42,-21.627115,-13.76277,-21.62711,-14.41813,-21.62712,-13.10741
36.44,-21.62712,-13.762775,-21.62712,-14.41814,-21.62712,-13.10741
36.46,-21.627125,-13.76277,-21.62712,-14.41813,-21.62713,-13.10741
36.48,-21.62713,-13.76277,-21.62713,-14.41813,-21.62713,-13.10741
36.5,-21.627135000000003,-13.435089999999999,-21.62713,-13.76277,-21.62714,-13.10741
36.52,-21.627135000000003,-13.435089999999999,-21.62713,-13.76277,-21.62714,-13.10741
36.54,-21.954810000000002,-13.76277,-21.62713,-14.41813,-22.28249,-13.10741
36.56,-21.954815,-13.435089999999999,-21.62713,-13.76277,-22.2825,-13.10741
36.58,-21.954815,-13.435095,-21.62713,-13.76278,-22.2825,-13.10741
36.6,-21.954815,-13.435089999999999,-21.62713,-13.76277,-22.2825,-13.10741
36.62,-22.2825,-13.435089999999999,-22.2825,-13.76277,-22.2825,-13.10741
36.64,-22.2825,-13.435095,-22.2825,-13.76278,-22.2825,-13.10741
36.66,-22.282494999999997,-13.435095,-22.28249,-13.76278,-22.2825,-13.10741
36.68,-19.66103,-15.073505,-20.3164,-15.0735,-19.00566,-15.07351
36.7,-19.005654999999997,-15.4012,-19.00565,-15.72888,-19.00566,-15.07352
36.72,-19.00566,-15.073515,-19.00566,-15.72888,-19.00566,-14.41815
36.74,-19.33333,-15.07351,-19.00565,-15.72887,-19.66101,-14.41815
36.76,-19.00565,-15.07351,-19.00565,-15.72887,-19.00565,-14.41815
36.78,-19.33333,-15.40119,-19.00565,-15.72887,-19.66101,-15.07351
36.8,-19.33333,-15.40119,-19.00565,-15.72887,-19.66101,-15.07351
36.82,-19.333325000000002,-15.4012,-19.00564,-15.72888,-19.66101,-15.07352
36.84,-19.005645,-16.056559999999998,-19.00564,-16.38424,-19.00565,-15.72888
36.86,-19.00565,-15.728874999999999,-19.00564,-16.38424,-19.00566,-15.07351
36.88,-19.333334999999998,-15.40119,-19.00565,-15.72887,-19.66102,-15.07351
36.9,-19.00566,-15.40119,-19.00566,-15.72887,-19.00566,-15.07351
36.92,-19.333345,-15.401185,-19.00566,-15.72887,-19.66103,-15.0735
36.94,-19.00567,-15.401185,-19.00567,-15.72887,-19.00567,-15.0735
36.96,-19.333345,-15.401185,-19.00566,-15.72887,-19.66103,-15.0735
36.98,-19.005665,-15.401195000000001,-19.00566,-15.72888,-19.00567,-15.07351
37.0,-19.00567,-15.073505,-19.00567,-15.72887,-19.00567,-14.41814
37.02,-19.005665,-15.40119,-19.00566,-15.72887,-19.00567,-15.07351
37.04,-19.005675,-15.073505,-19.00567,-15.72887,-19.00568,-14.41814
37.06,-22.282485,-12.45201,-21.62713,-13.10738,-22.93784,-11.79664
37.08,-22.282485,-12.124334999999999,-22.28248,-12.45202,-22.28249,-11.79665
37.1,-22.28248,-11.796655,-22.28248,-12.45201,-22.28248,-11.1413
37.12,-22.282474999999998,-11.468979999999998,-22.28247,-11.79666,-22.28248,-11.1413
37.14,-21.954794999999997,-11.141295,-21.62711,-11.79666,-22.28248,-10.48593
37.16,-22.610155,-11.141295,-22.28247,-11.79666,-22.93784,-10.48593
37.18,-22.610155,-10.81361,-22.28247,-11.14129,-22.93784,-10.48593
37.2,-22.93783,-10.813614999999999,-22.93783,-11.1413,-22.93783,-10.48593
37.22,-22.61015,-11.141295,-22.28247,-11.79666,-22.93783,-10.48593
37.24,-22.937825,-10.81361,-22.93783,-11.14129,-22.93782,-10.48593
37.26,-23.2655,-11.141295,-22.93782,-11.79666,-23.59318,-10.48593
37.28,-23.920859999999998,-10.81361,-23.59318,-11.14129,-24.24854,-10.48593
37.3,-24.24854,-10.813604999999999,-24.24854,-11.14129,-24.24854,-10.48592
37.32,-24.57621,-11.141285,-24.24853,-11.79665,-24.90389,-10.48592
37.34,-25.231569999999998,-10.813600000000001,-24.90389,-11.14128,-25.55925,-10.48592
37.36,-24.248525,-13.762754999999999,-24.24852,-13.10738,-24.24853,-14.41813
37.38,-24.5762,-13.43508,-24.24852,-14.41812,-24.90388,-12.45204
37.4,-25.231555,-13.435075000000001,-24.90388,-13.76276,-25.55923,-13.10739
37.42,-25.88691,-13.435075000000001,-25.55923,-13.76276,-26.21459,-13.10739
37.44,-26.542265,-13.435075000000001,-26.21458,-13.76276,-26.86995,-13.10739
37.46,-26.86994,-13.435085,-26.86994,-13.76277,-26.86994,-13.1074
37.48,-26.86994,-13.76276,-26.86994,-14.41812,-26.86994,-13.1074
37.5,-26.86994,-14.09045,-26.86994,-14.41813,-26.86994,-13.76277
37.52,-26.214575,-14.09045,-26.21457,-14.41813,-26.21458,-13.76277
37.54,-25.559235,-14.090454999999999,-25.55923,-14.41814,-25.55924,-13.76277
37.56,-25.231575,-13.762775,-24.90388,-14.41814,-25.55927,-13.10741
37.58,-28.83612,-14.09046,-28.83611,-15.0735,-28.83613,-13.10742
37.6,-27.85308,-13.10742,-28.18076,-13.76278,-27.5254,-12.45206
37.62,-26.870044999999998,-13.107425,-26.87004,-13.76279,-26.87005,-12.45206
37.64,-25.88701,-12.452069999999999,-26.21469,-13.10743,-25.55933,-11.79671
37.66,-25.231650000000002,-12.779755000000002,-24.90397,-13.10744,-25.55933,-12.45207
37.68,-24.576295000000002,-12.124400000000001,-24.90397,-12.45208,-24.24862,-11.79672
37.7,-23.920945,-12.124400000000001,-23.59326,-12.45208,-24.24863,-11.79672
37.72,-23.59327,-12.45208,-23.59327,-12.45208,-23.59327,-12.45208
37.74,-23.265594999999998,-12.45208,-22.93791,-13.10744,-23.59328,-11.79672
37.76,-23.265594999999998,-12.779765000000001,-22.93791,-13.10745,-23.59328,-12.45208
37.78,-22.93792,-13.107445,-22.93792,-13.10745,-22.93792,-13.10744
37.8,-23.2656,-13.435130000000001,-22.93792,-13.76281,-23.59328,-13.10745
37.82,-23.59328,-13.435130000000001,-23.59328,-13.76281,-23.59328,-13.10745
37.84,-23.92097,-13.76281,-23.59329,-13.76281,-24.24865,-13.76281
37.86,-24.248645000000003,-14.090489999999999,-24.24864,-14.41817,-24.24865,-13.76281
37.88,-22.610235000000003,-14.090489999999999,-24.24865,-14.41817,-20.97182,-13.76281
37.9,-20.644125000000003,-14.418175,-20.31644,-15.07354,-20.97181,-13.76281
37.92,-20.644125000000003,-14.41817,-20.31645,-15.07353,-20.9718,-13.76281
37.94,-20.316445,-14.74585,-20.31644,-15.07353,-20.31645,-14.41817
37.96,-20.9718,-14.74585,-20.9718,-15.07353,-20.9718,-14.41817
37.98,-21.299480000000003,-14.74585,-20.9718,-15.07353,-21.62716,-14.41817
38.0,-21.62716,-14.745845,-21.62716,-15.07353,-21.62716,-14.41816
38.02,-21.62716,-14.090485000000001,-21.62716,-14.41817,-21.62716,-13.7628
38.04,-21.62716,-13.7628,-21.62716,-14.41816,-21.62716,-13.10744
38.06,-21.95484,-13.435110000000002,-21.62716,-13.76279,-22.28252,-13.10743
38.08,-20.644109999999998,-13.435099999999998,-21.62716,-13.76278,-19.66106,-13.10742
38.1,-19.333385,-13.435105,-19.0057,-13.76279,-19.66107,-13.10742
38.12,-19.661065,-12.452055,-19.66106,-13.10742,-19.66107,-11.79669
38.14,-19.988745,-12.124375,-19.66106,-12.45206,-20.31643,-11.79669
38.16,-19.98875,-11.79669,-19.66107,-12.45205,-20.31643,-11.14133
38.18,-20.644105,-11.79669,-20.31642,-12.45205,-20.97179,-11.14133
38.2,-20.31643,-11.46901,-20.31642,-11.79669,-20.31644,-11.14133
38.22,-20.316435,-11.141325,-20.31643,-11.79669,-20.31644,-10.48596
38.24,-20.31644,-11.469000000000001,-20.31644,-11.79668,-20.31644,-11.14132
38.26,-20.31644,-11.14132,-20.31644,-11.14132,-20.31644,-11.14132
38.28,-20.31645,-10.813645000000001,-20.31645,-11.14133,-20.31645,-10.48596
38.3,-20.31645,-10.813649999999999,-20.31645,-11.14133,-20.31645,-10.48597
38.32,-20.316445,-10.813649999999999,-20.31644,-11.14133,-20.31645,-10.48597
38.34,-20.316445,-10.813655,-20.31644,-11.14134,-20.31645,-10.48597
38.36,-19.988770000000002,-10.48597,-20.31645,-11.14133,-19.66109,-9.83061
38.38,-19.988775,-10.158294999999999,-19.66109,-10.48598,-20.31646,-9.83061
38.4,-19.33342,-9.83061,-19.00574,-10.48597,-19.6611,-9.17525
38.42,-23.265615,-8.519870000000001,-22.28256,-9.17524,-24.24867,-7.8645
38.44,-22.93795,-7.864495,-22.93795,-8.51986,-22.93795,-7.20913
38.46,-23.265639999999998,-7.864485,-22.93796,-8.51985,-23.59332,-7.20912
38.48,-22.937965,-6.881444999999999,-22.93796,-7.20913,-22.93797,-6.55376
38.5,-22.937965,-6.226075,-22.93796,-7.20912,-22.93797,-5.24303
38.52,-23.265655000000002,-5.243024999999999,-22.93797,-5.89839,-23.59334,-4.58766
38.54,-23.265655000000002,-5.24302,-23.59333,-5.89838,-22.93798,-4.58766
38.56,-23.59333,-4.587665,-23.59333,-5.24303,-23.59333,-3.9323
38.58,-23.593335000000003,-4.259975,-23.59333,-4.58766,-23.59334,-3.93229
38.6,-23.92102,-4.259975,-23.59334,-4.58766,-24.2487,-3.93229
38.62,-24.2487,-4.25998,-24.2487,-4.58766,-24.2487,-3.9323
38.64,-24.24869,-4.25999,-24.24869,-4.58767,-24.24869,-3.93231
38.66,-24.248685000000002,-4.259995,-24.24869,-4.58768,-24.24868,-3.93231
38.68,-23.921,-4.260005,-23.59332,-4.58769,-24.24868,-3.93232
38.7,-20.64416,-4.587695,-22.93795,-4.5877,-18.35037,-4.58769
38.72,-17.69498,-5.89844,-17.69498,-6.5538,-17.69498,-5.24308
38.74,-18.022660000000002,-6.55381,-17.69498,-7.20917,-18.35034,-5.89845
38.76,-18.350335,-7.20918,-18.35033,-7.20918,-18.35034,-7.20918
38.78,-18.35032,-8.519925,-18.35032,-8.51992,-18.35032,-8.51993
38.8,-18.35031,-9.50298,-18.35031,-9.83066,-18.35031,-9.1753
38.82,-18.677979999999998,-10.158349999999999,-18.3503,-10.48603,-19.00566,-9.83067
38.84,-19.00566,-10.813715,-19.00566,-11.1414,-19.00566,-10.48603
38.86,-19.005654999999997,-11.469075,-19.00565,-11.79676,-19.00566,-11.14139
38.88,-19.661025000000002,-12.124445000000001,-19.00565,-12.45213,-20.3164,-11.79676
38.9,-21.62715,-11.796755000000001,-21.62715,-12.45212,-21.62715,-11.14139
38.92,-21.299475,-11.796755000000001,-20.97179,-11.79676,-21.62716,-11.79675
38.94,-21.954835000000003,-11.796755000000001,-21.62715,-12.45212,-22.28252,-11.14139
38.96,-21.95484,-11.469069999999999,-21.62716,-11.79675,-22.28252,-11.14139
38.98,-22.28252,-11.469075,-22.28252,-11.79676,-22.28252,-11.14139
39.0,-22.28252,-11.469080000000002,-22.28252,-11.79676,-22.28252,-11.1414
39.02,-22.6102,-11.469085,-22.28252,-11.79677,-22.93788,-11.1414
39.04,-22.28252,-11.469085,-22.28252,-11.79677,-22.28252,-11.1414
39.06,-22.6102,-11.141404999999999,-22.28252,-11.79677,-22.93788,-10.48604
39.08,-24.903985,-10.81372,-23.59325,-11.1414,-26.21472,-10.48604
39.1,-26.21472,-10.486035000000001,-26.21472,-11.1414,-26.21472,-9.83067
39.12,-26.214725,-10.48603,-26.21472,-11.1414,-26.21473,-9.83066
39.14,-26.214725,-10.158345,-26.21472,-10.48603,-26.21473,-9.83066
39.16,-25.887045,-10.158345,-25.55936,-10.48603,-26.21473,-9.83066
39.18,-25.55937,-9.830655,-25.55937,-10.48602,-25.55937,-9.17529
39.2,-25.231695000000002,-9.50298,-24.90401,-9.83067,-25.55938,-9.17529
39.22,-24.90402,-9.830655,-24.90402,-10.48602,-24.90402,-9.17529
39.24,-24.90402,-9.502975,-24.90402,-9.83066,-24.90402,-9.17529
39.26,-24.576345,-9.502970000000001,-24.24866,-9.83065,-24.90403,-9.17529
39.28,-24.248665000000003,-10.158325000000001,-24.24867,-10.48601,-24.24866,-9.83064
39.3,-23.920985,-9.830645,-23.5933,-10.48601,-24.24867,-9.17528
39.32,-24.24866,-10.158335000000001,-24.24866,-10.48602,-24.24866,-9.83065
39.34,-24.24866,-10.158335000000001,-24.24866,-10.48602,-24.24866,-9.83065
39.36,-24.576340000000002,-10.158335000000001,-24.24866,-10.48602,-24.90402,-9.83065
39.38,-23.593294999999998,-10.813695,-23.59329,-11.14138,-23.5933,-10.48601
39.4,-22.937935,-10.813690000000001,-23.59329,-11.14137,-22.28258,-10.48601
39.42,-16.71191,-12.124435,-17.03961,-11.79675,-16.38421,-12.45212
39.44,-16.7119,-12.124435,-16.38422,-12.45212,-17.03958,-11.79675
39.46,-17.03957,-11.469065,-17.03957,-11.79675,-17.03957,-11.14138
39.48,-17.03957,-11.469069999999999,-17.03957,-11.79675,-17.03957,-11.14139
39.5,-17.36725,-11.141385,-17.03957,-11.79675,-17.69493,-10.48602
39.52,-17.69493,-11.469065,-17.69493,-11.79675,-17.69493,-11.14138
39.54,-17.69493,-11.79674,-17.69493,-12.4521,-17.69493,-11.14138
39.56,-17.69492,-11.469059999999999,-17.69492,-11.79674,-17.69492,-11.14138
39.58,-18.0226,-11.796745,-17.69492,-11.79675,-18.35028,-11.79674
39.6,-18.350275,-12.124424999999999,-17.69491,-12.45211,-19.00564,-11.79674
39.62,-18.35028,-12.124424999999999,-18.35028,-12.45211,-18.35028,-11.79674
39.64,-18.677970000000002,-12.779789999999998,-18.35028,-13.10747,-19.00566,-12.45211
39.66,-19.005665,-12.779785,-19.00566,-13.10747,-19.00567,-12.4521
39.68,-18.677985,-12.779785,-18.3503,-13.10747,-19.00567,-12.4521
39.7,-19.005665,-12.779785,-19.00566,-13.10747,-19.00567,-12.4521
39.72,-18.677995000000003,-13.435144999999999,-18.35031,-13.76283,-19.00568,-13.10746
39.74,-19.005675,-13.43515,-19.00567,-13.76283,-19.00568,-13.10747
39.76,-18.678,-13.435144999999999,-18.35032,-13.76283,-19.00568,-13.10746
39.78,-18.678,-13.43514,-18.35032,-13.76282,-19.00568,-13.10746
39.8,-18.678005,-13.435144999999999,-18.35032,-13.76283,-19.00569,-13.10746
39.82,-19.005645,-14.41819,-18.35032,-14.41819,-19.66097,-14.41819
39.84,-22.609969999999997,-16.056625,-22.2823,-16.3843,-22.93764,-15.72895
39.86,-23.920685,-15.72893,-23.593,-16.38429,-24.24837,-15.07357
39.88,-24.57604,-15.728935,-24.24836,-16.3843,-24.90372,-15.07357
39.9,-24.903715,-15.401254999999999,-24.90371,-15.72894,-24.90372,-15.07357
39.92,-25.231395,-15.401254999999999,-24.90371,-15.72894,-25.55908,-15.07357
39.94,-25.559075,-15.401250000000001,-25.55907,-15.72893,-25.55908,-15.07357
39.96,-25.559075,-15.401250000000001,-25.55907,-15.72893,-25.55908,-15.07357
