t_s,x,y,x_left,y_left,x_right,y_right
0.06,-32.440619999999996,-8.51973,-19.00562,-5.89827,-45.87562,-11.14119
0.08,-58.000055,-13.43489,-58.32768,-13.76259,-57.67243,-13.10719
0.1,-58.000125,-10.485695,-58.3278,-11.14106,-57.67245,-9.83033
0.12,-58.000175,-10.157990000000002,-58.32784,-10.48567,-57.67251,-9.83031
0.14,-58.000225,-10.813345,-58.3279,-11.14103,-57.67255,-10.48566
0.16,-58.00024,-10.813345,-58.32792,-11.14102,-57.67256,-10.48567
0.18,-58.00024,-10.813345,-58.32792,-11.14102,-57.67256,-10.48567
0.2,-58.00024,-11.141035,-58.32792,-11.79639,-57.67256,-10.48568
0.22,-58.00024,-11.468720000000001,-58.32792,-11.7964,-57.67256,-11.14104
0.24,-58.00024,-11.796415,-58.32792,-11.79641,-57.67256,-11.79642
0.26,-58.00024,-11.79642,-58.32792,-11.79642,-57.67256,-11.79642
0.28,-58.00024,-11.796425,-58.32792,-12.45179,-57.67256,-11.14106
0.3,-58.00024,-11.468734999999999,-58.32792,-11.79641,-57.67256,-11.14106
0.32,-58.00024,-11.468744999999998,-58.32792,-11.79642,-57.67256,-11.14107
0.34,-58.00024,-11.468755000000002,-58.32792,-11.79643,-57.67256,-11.14108
0.36,-58.00022,-11.14108,-58.32791,-11.14108,-57.67253,-11.14108
0.38,-58.00019,-11.14108,-58.32788,-11.14108,-57.6725,-11.14108
0.4,-58.000150000000005,-11.141085,-58.32784,-11.14108,-57.67246,-11.14109
0.42,-58.000105000000005,-10.48574,-58.3278,-11.14109,-57.67241,-9.83039
0.44,-58.00003,-10.158090000000001,-58.32773,-10.48576,-57.67233,-9.83042
0.46,-57.999970000000005,-10.485800000000001,-58.32766,-10.48579,-57.67228,-10.48581
0.48,-57.999935,-10.15815,-58.32762,-11.79655,-57.67225,-8.51975
0.5,-57.99987,3.6045599999999975,-58.32758,2.9999999995312e-05,-57.67216,7.20909
0.52,-57.999790000000004,9.83057,-58.32748,8.51984,-57.6721,11.1413
0.54,-57.99976,12.124365000000001,-58.32744,11.79669,-57.67208,12.45204
0.56,-57.999745000000004,13.435085,-58.32744,12.45204,-57.67205,14.41813
0.58,-57.999700000000004,15.07349,-58.32739,14.41813,-57.67201,15.72885
0.6,-57.999655000000004,16.711895,-58.32735,16.38421,-57.67196,17.03958
0.62,-57.999610000000004,17.694940000000003,-58.3273,17.03958,-57.67192,18.3503
0.64,-57.999565000000004,19.005670000000002,-58.32726,18.35031,-57.67187,19.66103
0.66,-57.999520000000004,19.98873,-58.32721,19.66105,-57.67183,20.31641
0.68,-57.999485,21.627139999999997,-58.32717,20.97178,-57.6718,22.2825
0.7,-57.999465,22.937869999999997,-58.32715,22.28251,-57.67178,23.59323
0.72,-57.999444999999994,24.24861,-58.32713,23.59325,-57.67176,24.90397
0.74,-57.999425,25.231650000000002,-58.32711,24.90397,-57.67174,25.55933
0.76,-57.99938,26.214695,-58.32708,25.55934,-57.67168,26.87005
0.78,-57.999345000000005,28.508475,-58.32703,27.52543,-57.67166,29.49152
0.8,-57.999325,29.819215,-58.32701,29.49153,-57.67164,30.1469
0.82,-57.99933,30.47459,-58.32701,30.1469,-57.67165,30.80228
0.84,-57.999375,30.474635,-58.32704,30.14695,-57.67171,30.80232
0.86,-57.999395,31.4577,-58.32709,30.80234,-57.6717,32.11306
0.88,-57.999335,33.751450000000006,-58.32703,32.76841,-57.67164,34.73449
0.9,-57.999295000000004,34.73449,-58.32698,34.07913,-57.67161,35.38985
0.92,-57.999285,36.372895,-58.32697,36.04521,-57.6716,36.70058
0.94,-57.99928,37.683634999999995,-58.32696,37.35595,-57.6716,38.01132
0.96,-57.99929,37.68373,-58.32697,37.35596,-57.67161,38.0115
0.98,-57.999275,38.66669,-58.32696,38.01133,-57.67159,39.32205
1.0,-57.99926,38.994365,-58.32694,38.66669,-57.67158,39.32204
1.02,-57.99924,39.32203,-58.32693,38.66667,-57.67155,39.97739
1.04,-57.999210000000005,39.649705,-58.3269,39.32203,-57.67152,39.97738
1.06,-57.99919,39.977374999999995,-58.32688,39.97738,-57.6715,39.97737
1.08,-57.99916,40.30505,-58.32686,39.97737,-57.67146,40.63273
1.1,-57.99899,41.943439999999995,-58.32671,41.28808,-57.67127,42.5988
1.12,-57.998945,42.271119999999996,-58.32663,41.94344,-57.67126,42.5988
1.14,-57.998935,42.27111,-58.32662,41.94343,-57.67125,42.59879
1.16,-57.99892,42.27111,-58.3266,41.94343,-57.67124,42.59879
1.18,-57.998905,42.271114999999995,-58.32659,41.94343,-57.67122,42.5988
1.2,-57.998895000000005,42.27111,-58.32658,41.94343,-57.67121,42.59879
1.22,-57.998885,42.27111,-58.32657,41.94343,-57.6712,42.59879
1.24,-57.998875,42.271105,-58.32656,41.94343,-57.67119,42.59878
1.26,-57.99886,42.271105,-58.32654,41.94343,-57.67118,42.59878
1.28,-57.998855,42.271100000000004,-58.32654,41.94342,-57.67117,42.59878
1.3,-57.99884,42.27109,-58.32652,41.94341,-57.67116,42.59877
1.32,-57.998825,42.27109,-58.32651,41.94341,-57.67114,42.59877
1.34,-57.998805000000004,42.27109,-58.32649,41.94341,-57.67112,42.59877
1.36,-57.998795,42.27109,-58.32648,41.94341,-57.67111,42.59877
1.38,-57.99878,42.271085,-58.32646,41.94341,-57.6711,42.59876
1.4,-57.998765000000006,42.271085,-58.32645,41.94341,-57.67108,42.59876
1.42,-57.998605,42.27109,-58.32634,41.94341,-57.67087,42.59877
1.44,-57.998509999999996,42.271105,-58.32619,41.94341,-57.67083,42.5988
1.46,-57.9985,42.271135,-58.32619,41.94345,-57.67081,42.59882
1.48,-57.998490000000004,42.27115,-58.32617,41.94347,-57.67081,42.59883
1.5,-57.998485,42.27115,-58.32617,41.94347,-57.6708,42.59883
1.52,-57.99848,42.271145000000004,-58.32616,41.94347,-57.6708,42.59882
1.54,-57.998485,42.271145000000004,-58.32617,41.94347,-57.6708,42.59882
1.56,-57.998490000000004,42.27114,-58.32617,41.94346,-57.67081,42.59882
1.58,-57.998490000000004,42.271135,-58.32617,41.94346,-57.67081,42.59881
1.6,-57.998490000000004,42.27114,-58.32617,41.94346,-57.67081,42.59882
1.62,-57.998490000000004,42.27114,-58.32617,41.94346,-57.67081,42.59882
1.64,-57.998485,42.27114,-58.32617,41.94346,-57.6708,42.59882
1.66,-57.998490000000004,42.27114,-58.32617,41.94346,-57.67081,42.59882
1.68,-57.998495,42.271145000000004,-58.32617,41.94347,-57.67082,42.59882
1.7,-57.9985,42.271135,-58.32618,41.94346,-57.67082,42.59881
1.72,-57.998509999999996,42.27113,-58.32619,41.94345,-57.67083,42.59881
1.74,-56.68779,42.271125,-58.3262,41.94345,-55.04938,42.5988
1.76,-45.874205,42.271125,-48.49569,41.94345,-43.25272,42.5988
1.78,-42.925055,42.271100000000004,-43.25272,41.94342,-42.59739,42.59878
1.8,-41.942055,42.27109,-42.59741,41.94342,-41.2867,42.59876
1.82,-41.94209,42.271045,-41.94208,41.94338,-41.9421,42.59871
1.84,-42.925214999999994,42.27097,-43.25286,41.94331,-42.59757,42.59863
1.86,-43.580745,39.649465,-43.90839,41.28788,-43.2531,38.01105
1.88,-42.27017,33.751155,-43.25317,34.73421,-41.28717,32.7681
1.9,-40.631945,28.835905,-40.63191,30.14664,-40.63198,27.52517
1.92,-40.632075,24.24834,-40.63205,24.90371,-40.6321,23.59297
1.94,-42.270534999999995,19.98846,-41.94284,20.97151,-42.59823,19.00541
1.96,-46.202735000000004,16.383955,-45.21969,17.03932,-47.18578,15.72859
1.98,-50.13493,13.434825,-49.15188,13.76251,-51.11798,13.10714
2.0,-54.7225,11.46874,-53.73945,11.79642,-55.70555,11.14106
2.02,-57.671670000000006,10.15802,-57.67166,9.83034,-57.67168,10.4857
2.04,-57.999390000000005,8.847294999999999,-58.32706,9.17498,-57.67172,8.51961
2.06,-53.411785,8.1919,-55.70557,8.51959,-51.118,7.86421
2.08,-53.08409,8.191905,-52.42872,7.86421,-53.73946,8.5196
2.1,-54.067145,9.17496,-54.39482,8.5196,-53.73947,9.83032
2.12,-54.06716,9.50265,-54.39484,9.17497,-53.73948,9.83033
2.14,-54.394845000000004,10.15802,-54.39485,9.83034,-54.39484,10.4857
2.16,-55.050205,10.48571,-55.05021,10.48571,-55.0502,10.48571
2.18,-55.05021,10.158035,-55.70557,9.83036,-54.39485,10.48571
2.2,-56.360955000000004,10.15804,-55.05022,9.83036,-57.67169,10.48572
2.22,-57.99947,10.158055000000001,-58.32713,9.83037,-57.67181,10.48574
2.24,-57.999485,10.81344,-58.32717,10.48576,-57.6718,11.14112
2.26,-57.99949,10.81344,-58.32717,10.48576,-57.67181,11.14112
2.28,-57.99949,10.81344,-58.32717,10.48576,-57.67181,11.14112
2.3,-57.999485,11.468810000000001,-58.32717,11.14113,-57.6718,11.79649
2.32,-57.99948,10.813445000000002,-58.32716,10.48577,-57.6718,11.14112
2.34,-57.99948,10.81344,-58.32716,10.48576,-57.6718,11.14112
2.36,-57.999475000000004,10.81344,-58.32716,10.48576,-57.67179,11.14112
2.38,-57.99947,10.485745,-58.32715,10.48575,-57.67179,10.48574
2.4,-57.999465,10.48574,-58.32715,10.48574,-57.67178,10.48574
2.42,-57.999455,9.830375,-58.32714,9.83038,-57.67177,9.83037
2.44,-57.999449999999996,9.502690000000001,-58.32713,9.17501,-57.67177,9.83037
2.46,-57.999444999999994,8.519645,-58.32713,8.51965,-57.67176,8.51964
2.48,-57.99944,7.20892,-58.32712,7.20892,-57.67176,7.20892
2.5,-57.99944,6.225885,-58.32712,6.55357,-57.67176,5.8982
2.52,-57.344080000000005,4.2598,-58.32712,4.58748,-56.36104,3.93212
2.54,-55.70568,3.27676,-56.36104,3.27676,-55.05032,3.27676
2.56,-53.08423500000001,1.96604,-53.7396,1.96604,-52.42887,1.96604
2.58,-51.773505,1.310675,-52.42887,1.31067,-51.11814,1.31068
2.6,-50.462779999999995,0.65531,-51.11814,0.65531,-49.80742,0.65531
2.62,-49.47974,0.655315,-49.80742,0.65531,-49.15206,0.65532
2.64,-44.89217,1.96603,-48.49669,0.65531,-41.28765,3.27675
2.66,-36.70004,3.932105,-37.35541,3.93211,-36.04467,3.9321
2.68,-37.355405000000005,4.2598,-37.3554,3.93212,-37.35541,4.58748
2.7,-36.372370000000004,3.93211,-36.70005,3.93211,-36.04469,3.93211
2.72,-35.71701,3.60443,-36.04469,3.27675,-35.38933,3.93211
2.74,-35.06166,2.949065,-35.38934,2.62139,-34.73398,3.27674
2.76,-34.078635,2.62137,-34.73399,2.62137,-33.42328,2.62137
2.78,-33.75096,2.2936900000000002,-34.07864,1.96601,-33.42328,2.62137
2.8,-33.09561,1.966005,-33.42329,1.96601,-32.76793,1.966
2.82,-33.09561,1.63832,-33.42329,1.31064,-32.76793,1.966
2.84,-33.09561,1.63832,-33.42329,1.31064,-32.76793,1.966
2.86,-32.44025,1.63832,-32.76793,1.31064,-32.11257,1.966
2.88,-31.7849,1.31063,-32.11258,1.31063,-31.45722,1.31063
2.9,-24.903554999999997,2.62134,-29.49113,1.31063,-20.31598,3.93205
2.92,-11.468475,4.5874,-13.76226,4.5874,-9.17469,4.5874
2.94,-9.174705,4.259715,-9.83006,3.93204,-8.51935,4.58739
2.96,-7.53631,3.60435,-8.51935,3.93203,-6.55327,3.27667
2.98,-5.24256,2.6213,-5.89792,2.6213,-4.5872,2.6213
3.0,-3.93185,1.965935,-4.58721,1.96594,-3.27649,1.96593
3.02,-4.259545,1.31058,-4.58722,1.31058,-3.93187,1.31058
3.04,-4.259575,0.65523,-4.58725,0.65523,-3.9319,0.65523
3.06,-4.91494,-0.0001350000000002,-5.24262,-0.0001300000000057,-4.58726,-0.0001399999999947
3.08,-4.91494,-0.32781999999999734,-5.24262,-0.6555,-4.58726,-0.0001399999999947
3.1,-4.2595849999999995,-0.6554949999999999,-4.58726,-0.65549,-3.93191,-0.6555
3.12,-3.931905,-0.00013000000000215,-3.93191,-0.0001300000000057,-3.9319,-0.0001299999999986
3.14,-3.60423,-0.3278099999999993,-3.93191,-0.65549,-3.27655,-0.0001299999999986
3.16,-3.60423,-0.3278099999999993,-3.93191,-0.65549,-3.27655,-0.0001299999999986
3.18,-3.2765449999999996,-0.3278100000000029,-3.27655,-0.0001300000000057,-3.27654,-0.65549
3.2,-3.6042249999999996,-1.31085,-3.93191,-1.31085,-3.27654,-1.31085
3.22,-10.485555,-1.6385100000000001,-5.24264,-1.9662,-15.72847,-1.31082
3.24,-27.852735,-1.96616,-26.86968,-2.62153,-28.83579,-1.31079
3.26,-29.16346,-0.98309,-29.49114,-1.31077,-28.83578,-0.65541
3.28,-29.16348,-1.31077,-29.49116,-1.31077,-28.8358,-1.31077
3.3,-29.49118,-1.63845,-29.49118,-1.96613,-29.49118,-1.31077
3.32,-29.49118,-1.638445,-29.49118,-1.96612,-29.49118,-1.31077
3.34,-29.1635,-1.63845,-29.49118,-1.96613,-28.83582,-1.31077
3.36,-29.163510000000002,-1.96613,-29.49119,-1.96613,-28.83583,-1.96613
3.38,-29.4912,-1.96613,-29.4912,-1.96613,-29.4912,-1.96613
3.4,-29.16352,-1.96613,-29.4912,-1.96613,-28.83584,-1.96613
3.42,-29.16353,-2.293805,-29.49121,-2.62148,-28.83585,-1.96613
3.44,-29.16353,-2.621485,-29.49121,-2.62148,-28.83585,-2.62149
3.46,-29.49122,-2.94917,-29.49122,-3.27685,-29.49122,-2.62149
3.48,-29.8189,-2.949165,-30.14658,-3.27685,-29.49122,-2.62148
3.5,-29.8189,-2.949165,-30.14658,-3.27684,-29.49122,-2.62149
3.52,-29.491214999999997,-2.94916,-29.49122,-3.27684,-29.49121,-2.62148
3.54,-28.835855000000002,-3.27685,-28.83585,-3.27685,-28.83586,-3.27685
3.56,-29.163539999999998,-3.27685,-29.49122,-3.93221,-28.83586,-2.62149
3.58,-27.85283,-3.60453,-28.18051,-3.27685,-27.52515,-3.93221
3.6,-27.85284,-3.9322150000000002,-28.18052,-3.93221,-27.52516,-3.93222
3.62,-27.19748,-4.2599,-27.52516,-4.58758,-26.8698,-3.93222
3.64,-27.19748,-4.58758,-27.52516,-4.58758,-26.8698,-4.58758
3.66,-26.8698,-4.587585,-26.8698,-4.58758,-26.8698,-4.58759
3.68,-27.19748,-4.915265,-27.52516,-5.24294,-26.8698,-4.58759
3.7,-26.869799999999998,-4.91526,-27.52516,-5.24294,-26.21444,-4.58758
3.72,-26.8698,-4.91526,-26.8698,-5.24294,-26.8698,-4.58758
3.74,-26.54213,-4.91526,-26.86981,-5.24294,-26.21445,-4.58758
3.76,-23.920659999999998,-4.2599,-26.86981,-5.24294,-20.97151,-3.27686
3.78,-10.485555,-0.6554349999999984,-13.10705,-1.31079,-7.86406,-7.9999999996971e-05
3.8,-8.191704999999999,1.31066,-7.86403,0.65529,-8.51938,1.96603
3.82,-8.19167,2.62139,-8.51936,1.96603,-7.86398,3.27675
3.84,-7.863975,4.259805,-7.86398,3.93212,-7.86397,4.58749
3.86,-7.5362849999999995,5.57054,-7.86397,5.24286,-7.2086,5.89822
3.88,-6.88092,6.5536,-7.2086,6.5536,-6.55324,6.5536
3.9,-6.22556,6.553605,-6.55324,5.89824,-5.89788,7.20897
3.92,-5.89788,7.20897,-6.55324,6.55361,-5.24252,7.86433
3.94,-5.5702,7.536655,-5.89788,7.20897,-5.24252,7.86434
3.96,-5.57019,8.192025000000001,-5.89787,7.86435,-5.24251,8.5197
3.98,-5.242515,8.847385,-5.24252,8.51971,-5.24251,9.17506
4.0,-5.89787,9.17507,-5.89787,8.51971,-5.89787,9.83043
4.02,-5.57019,9.502749999999999,-5.89787,9.17507,-5.24251,9.83043
4.04,-5.570195,9.502749999999999,-5.89787,9.17507,-5.24252,9.83043
4.06,-11.140795,7.536664999999999,-5.89788,8.51971,-16.38371,6.55362
4.08,-50.790395000000004,-0.6553599999999999,-43.90901,0.65535,-57.67178,-1.96607
4.1,-57.999645,-2.621375,-58.32729,-3.93211,-57.672,-1.31064
4.12,-57.999665,1.6385299999999998,-58.32736,0.65548,-57.67197,2.62158
4.14,-57.99966,3.276945,-58.32734,2.62158,-57.67198,3.93231
4.16,-57.99966,4.5876850000000005,-58.32734,3.93232,-57.67198,5.24305
4.18,-57.999655000000004,5.898415,-58.32734,5.89841,-57.67197,5.89842
4.2,-57.99966,5.89842,-58.32734,5.89842,-57.67198,5.89842
4.22,-57.999674999999996,5.24306,-58.32735,5.24306,-57.672,5.24306
4.24,-57.999685,4.5877,-58.32736,4.5877,-57.67201,4.5877
4.26,-57.999705,3.93233,-58.32738,3.93233,-57.67203,3.93233
4.28,-57.999715,3.27697,-58.32739,3.27697,-57.67204,3.27697
4.3,-57.999725,2.94929,-58.3274,2.62161,-57.67205,3.27697
4.32,-57.99977,3.276975,-58.32744,2.62161,-57.6721,3.93234
4.34,-57.99977,4.260025,-58.32745,3.93235,-57.67209,4.5877
4.36,-57.99978,3.93234,-58.32746,3.93234,-57.6721,3.93234
4.38,-57.999790000000004,3.60466,-58.32747,3.27698,-57.67211,3.93234
4.4,-57.9998,2.949295,-58.32748,2.62161,-57.67212,3.27698
4.42,-57.999815,2.94929,-58.32749,2.62161,-57.67214,3.27697
4.44,-57.999835,2.62161,-58.32751,2.62161,-57.67216,2.62161
4.46,-57.999855,1.9662549999999999,-58.32753,1.96625,-57.67218,1.96626
4.48,-57.99988,1.96626,-58.32756,1.96626,-57.6722,1.96626
4.5,-57.999905,1.63858,-58.32758,1.3109,-57.67223,1.96626
4.52,-57.99991,1.63858,-58.32759,1.3109,-57.67223,1.96626
4.54,-57.99992,1.63858,-58.3276,1.3109,-57.67224,1.96626
4.56,-57.99992,1.310895,-58.3276,1.3109,-57.67224,1.31089
4.58,-57.99992,0.655539999999995,-58.3276,0.65553999999999,-57.67224,0.65554
4.6,-57.99992,0.3278550000000051,-58.3276,0.0001800000000002,-57.67224,0.65553000000001
4.62,-57.999915,0.32784499999999855,-58.3276,0.0001699999999971,-57.67223,0.65552
4.64,-57.9999,0.00016499999999905,-58.32758,0.0001699999999971,-57.67222,0.000160000000001
4.66,-57.999894999999995,-0.3275199999999995,-58.32758,-0.6552,-57.67221,0.000160000000001
4.68,-57.999885,-0.655199999999995,-58.32757,-0.6552,-57.6722,-0.65519999999999
4.7,-57.999765,1.638555,-58.3275,0.65552,-57.67203,2.62159
4.72,-57.99964,2.2939,-58.32732,1.96622,-57.67196,2.62158
4.74,-57.99964,2.6215849999999996,-58.32732,2.62159,-57.67196,2.62158
4.76,-57.99964,2.62158,-58.32732,2.62158,-57.67196,2.62158
4.78,-57.999635,2.2939049999999996,-58.32732,1.96623,-57.67195,2.62158
4.8,-57.999635,1.96622,-58.32731,1.96622,-57.67196,1.96622
4.82,-57.99964,1.6385399999999999,-58.32732,1.31086,-57.67196,1.96622
4.84,-57.99964,1.31086,-58.32732,1.31086,-57.67196,1.31086
4.86,-57.99964,1.31086,-58.32732,1.31086,-57.67196,1.31086
4.88,-57.99965,1.310855,-58.32733,1.31086,-57.67197,1.31085
4.9,-57.99965,0.65549,-58.32733,0.65549,-57.67197,0.65549
4.92,-57.999565000000004,2.62157,-58.32729,1.31085,-57.67184,3.93229
4.94,-57.99947,3.27692,-58.32715,2.62156,-57.67179,3.93228
4.96,-57.99948,2.94925,-58.32716,2.62157,-57.6718,3.27693
4.98,-57.999475000000004,2.62156,-58.32716,2.62156,-57.67179,2.62156
5.0,-57.34411,2.293885,-57.67179,1.96621,-57.01643,2.62156
5.02,-57.34411,1.9662,-57.67179,1.9662,-57.01643,1.9662
5.04,-57.34411,0.98315,-57.67179,1.31083,-57.01643,0.65547
5.06,-57.01643,0.655465,-57.01643,0.65546999999999,-57.01643,0.65546000000001
5.08,-57.67179,0.32778500000000466,-57.67179,0.0001099999999993,-57.67179,0.65546000000001
5.1,-57.34411,-0.3275800000000033,-57.67179,-0.65526000000001,-57.01643,0.0001000000000033
5.12,-57.671795,-0.655260000000005,-57.6718,-0.65526000000001,-57.67179,-0.65526
5.14,-57.67179,-0.655265,-57.67179,-0.65526000000001,-57.67179,-0.65526999999999
5.16,-57.67179,-0.982944999999995,-57.67179,-1.31062,-57.67179,-0.65526999999999
5.18,-55.050325,-0.6552699999999999,-57.67179,-1.31063,-52.42886,9.0000000000146e-05
5.2,-45.547495,0.32777000000000006,-46.53055,9.0000000000146e-05,-44.56444,0.65545
5.22,-45.547495,0.9831350000000001,-45.87517,0.65546,-45.21982,1.31081
5.24,-44.56446,0.3277650000000051,-45.21982,9.0000000000146e-05,-43.9091,0.65544000000001
5.26,-44.23679,0.3277600000000035,-44.56447,7.9999999996971e-05,-43.90911,0.65544000000001
5.28,-44.23679,0.3277650000000051,-44.56447,9.0000000000146e-05,-43.90911,0.65544000000001
5.3,-43.90911,0.3277650000000051,-43.90911,9.0000000000146e-05,-43.90911,0.65544000000001
5.32,-43.909115,-0.32759999999999795,-43.90912,-0.65528,-43.90911,8.0000000004077e-05
5.34,-43.90911,-0.32759499999999797,-44.56447,-0.65527,-43.25375,8.0000000004077e-05
5.36,-43.58143,-0.32760499999999954,-43.90911,-0.65528,-43.25375,7.0000000000903e-05
5.38,-45.547525,-0.32760999999999957,-43.90912,-0.65529,-47.18593,7.0000000000903e-05
5.4,-49.807385,0.3277649999999985,-49.80739,7.9999999996971e-05,-49.80738,0.65545
5.42,-49.4797,0.3277749999999981,-49.80738,9.9999999996214e-05,-49.15202,0.65545
5.44,-49.15202,-0.32758999999999994,-49.15202,-0.65527,-49.15202,9.0000000000146e-05
5.46,-48.16897,0.32777000000000006,-49.80738,9.0000000000146e-05,-46.53056,0.65545
5.48,-33.750875,3.604565,-37.35542,2.62153,-30.14633,4.5876
5.5,-28.18019,5.242965,-28.18019,4.5876,-28.18019,5.89833
5.52,-29.163249999999998,5.2429749999999995,-29.49093,5.24298,-28.83557,5.24297
5.54,-27.85253,4.91529,-28.18021,4.58761,-27.52485,5.24297
5.56,-28.180214999999997,5.2429749999999995,-28.18021,5.24298,-28.18022,5.24297
5.58,-27.52486,4.91529,-27.52486,4.58761,-27.52486,5.24297
5.6,-27.524859999999997,4.915295,-28.18022,4.58762,-26.8695,5.24297
5.62,-27.19718,4.58761,-27.52486,4.58761,-26.8695,4.58761
5.64,-27.19718,4.91529,-27.52486,4.58761,-26.8695,5.24297
5.66,-27.19718,4.58761,-27.52486,4.58761,-26.8695,4.58761
5.68,-27.19718,4.58761,-27.52486,3.93225,-26.8695,5.24297
5.7,-26.54182,4.58761,-26.8695,4.58761,-26.21414,4.58761
5.72,-27.19717,4.587605,-27.52485,4.58761,-26.86949,4.5876
5.74,-27.19717,4.25993,-27.52485,3.93225,-26.86949,4.58761
5.76,-27.197175,4.2599350000000005,-27.52485,3.93225,-26.8695,4.58762
5.78,-27.197205,4.25994,-27.52488,3.93226,-26.86953,4.58762
5.8,-27.5249,3.93227,-27.5249,3.93227,-27.5249,3.93227
5.82,-27.52492,3.27691,-27.52492,3.27691,-27.52492,3.27691
5.84,-28.18028,3.60459,-28.18028,3.27691,-28.18028,3.93227
5.86,-30.474055,4.25996,-29.49101,3.93228,-31.4571,4.58764
5.88,-31.78479,4.587645,-32.11247,3.93228,-31.45711,5.24301
5.9,-32.112475,4.915325,-32.11247,4.58765,-32.11248,5.243
5.92,-32.11248,4.25996,-32.11248,3.93228,-32.11248,4.58764
5.94,-32.11248,4.58764,-32.11248,4.58764,-32.11248,4.58764
5.96,-31.784805,4.58763,-32.11249,4.58763,-31.45712,4.58763
5.98,-31.784805,4.587625,-32.11249,4.58763,-31.45712,4.58762
6.0,-31.78352,4.58762,-32.10993,4.58762,-31.45711,4.58762
6.02,-31.129424999999998,4.259935,-31.45711,3.93226,-30.80174,4.58761
6.04,-30.14638,4.259925,-30.80174,3.93225,-29.49102,4.5876
6.06,-28.83567,3.93224,-29.49103,3.93224,-28.18031,3.93224
6.08,-28.180320000000002,4.2599149999999995,-28.83568,3.93224,-27.52496,4.58759
6.1,-22.6097,5.89832,-26.21423,4.5876,-19.00517,7.20904
6.12,-13.762184999999999,8.192074999999999,-14.41756,7.8644,-13.10681,8.51975
6.14,-13.434505000000001,8.847439999999999,-13.76218,8.51976,-13.10683,9.17512
6.16,-12.779150000000001,8.51976,-13.10683,8.51976,-12.45147,8.51976
6.18,-12.12379,8.519755,-12.45147,8.51976,-11.79611,8.51975
6.2,-11.468435,8.847435,-11.79612,8.51975,-11.14075,9.17512
6.22,-10.81308,8.84743,-11.14076,8.51975,-10.4854,9.17511
6.24,-10.157720000000001,8.84743,-10.4854,8.51975,-9.83004,9.17511
6.26,-10.157720000000001,9.17511,-10.4854,9.17511,-9.83004,9.17511
6.28,-10.157715,9.502794999999999,-10.4854,9.17511,-9.83003,9.83048
6.3,-9.50235,9.502794999999999,-9.83003,9.17512,-9.17467,9.83047
6.32,-9.174665000000001,9.502790000000001,-9.83003,9.17511,-8.5193,9.83047
6.34,-27.197205,5.24293,-16.38368,7.20903,-38.01073,3.27683
6.36,-57.99947,-0.6553100000000007,-58.32708,3.9999999998486e-05,-57.67186,-1.31066
6.38,-57.9996,0.32777000000000006,-58.32728,-0.65528,-57.67192,1.31082
6.4,-57.9996,1.6385100000000001,-58.32728,1.31083,-57.67192,1.96619
6.42,-57.99962,1.638505,-58.3273,1.31082,-57.67194,1.96619
6.44,-57.999635,0.983140000000005,-58.32731,1.31082,-57.67196,0.65546000000001
6.46,-57.999655000000004,8.500000000211149e-05,-58.32733,9.0000000000146e-05,-57.67198,8.0000000004077e-05
6.48,-57.99969,-1.31065,-58.32736,-1.31065,-57.67202,-1.31065
6.5,-57.999705,-1.9660250000000001,-58.32738,-1.96602,-57.67203,-1.96603
6.52,-57.999725,-2.6214,-58.3274,-2.6214,-57.67205,-2.6214
6.54,-57.999765,-1.96603,-58.32744,-2.62139,-57.67209,-1.31067
6.56,-57.999775,-1.96603,-58.32746,-1.96603,-57.67209,-1.96603
6.58,-57.99978,-1.966035,-58.32746,-1.96603,-57.6721,-1.96604
6.6,-57.999790000000004,-2.2937149999999997,-58.32747,-2.62139,-57.67211,-1.96604
6.62,-57.999790000000004,-2.621405,-58.32747,-2.6214,-57.67211,-2.62141
6.64,-57.999790000000004,-3.2767749999999998,-58.32747,-3.27677,-57.67211,-3.27678
6.66,-57.999790000000004,-3.2767749999999998,-58.32747,-3.27677,-57.67211,-3.27678
6.68,-57.999785,-3.9321450000000002,-58.32747,-3.93214,-57.6721,-3.93215
6.7,-57.99978,-3.6044650000000003,-58.32746,-3.93215,-57.6721,-3.27678
6.72,-57.999775,-4.259835,-58.32746,-4.58751,-57.67209,-3.93216
6.74,-57.999815,-4.25984,-58.32748,-4.58752,-57.67215,-3.93216
6.76,-57.99982,-3.27679,-58.32751,-3.93215,-57.67213,-2.62143
6.78,-57.9998,-3.27679,-58.32748,-3.27679,-57.67212,-3.27679
6.8,-57.999790000000004,-3.2767850000000003,-58.32748,-3.27678,-57.6721,-3.27679
6.82,-57.999775,-3.27679,-58.32746,-3.27679,-57.67209,-3.27679
6.84,-57.999775,-2.62143,-58.32746,-2.62143,-57.67209,-2.62143
6.86,-57.99977,-2.621435,-58.32745,-3.27679,-57.67209,-1.96608
6.88,-57.99977,-2.94912,-58.32745,-3.2768,-57.67209,-2.62144
6.9,-57.99977,-2.2937600000000002,-58.32745,-2.62144,-57.67209,-1.96608
6.92,-57.999765,-2.2937600000000002,-58.32745,-2.62144,-57.67208,-1.96608
6.94,-57.99977,-2.2937600000000002,-58.32745,-2.62144,-57.67209,-1.96608
6.96,-57.99976,-2.2937600000000002,-58.32744,-2.62144,-57.67208,-1.96608
6.98,-57.99976,-1.96608,-58.32744,-1.96608,-57.67208,-1.96608
7.0,-57.99976,-1.96607,-58.32744,-1.96607,-57.67208,-1.96607
7.02,-57.99974,-0.9830249999999968,-58.32744,-1.96607,-57.67204,2.0000000006348e-05
7.04,-57.99957,1.966085,-58.32729,1.31073,-57.67185,2.62144
7.06,-57.999525,2.949135,-58.3272,2.62145,-57.67185,3.27682
7.08,-57.999525000000006,3.2768249999999997,-58.32721,3.27683,-57.67184,3.27682
7.1,-57.999520000000004,3.2768249999999997,-58.3272,3.27683,-57.67184,3.27682
7.12,-57.999520000000004,2.94914,-58.3272,2.62146,-57.67184,3.27682
7.14,-57.999520000000004,2.62146,-58.3272,2.62146,-57.67184,2.62146
7.16,-57.99953,1.96609,-58.32721,1.96609,-57.67185,1.96609
7.18,-57.999545,1.966085,-58.32722,1.96609,-57.67187,1.96608
7.2,-57.99956,1.31071,-58.32724,1.31071,-57.67188,1.31071
7.22,-57.999525,2.29375,-58.32725,1.31071,-57.6718,3.27679
7.24,-52.10112,4.25982,-53.08418,3.93214,-51.11806,4.5875
7.26,-51.77343,4.91519,-51.77343,4.58751,-51.77343,5.24287
7.28,-50.79039,4.91519,-51.11807,4.58751,-50.46271,5.24287
7.3,-49.80735,4.915185,-49.80735,4.58751,-49.80735,5.24286
7.32,-49.479665,4.915185,-49.80735,4.58751,-49.15198,5.24286
7.34,-50.13503,4.25983,-50.46271,3.93215,-49.80735,4.58751
7.36,-49.47968,4.25982,-49.80736,3.93214,-49.152,4.5875
7.38,-49.47969,4.259825,-49.80737,3.93215,-49.15201,4.5875
7.4,-48.824335,3.93214,-49.15201,3.93214,-48.49666,3.93214
7.42,-48.824335000000005,3.6044549999999997,-49.15202,3.27677,-48.49665,3.93214
7.44,-48.168975,3.27677,-48.49666,3.27677,-47.84129,3.27677
7.46,-47.51361,3.60445,-47.84129,3.27677,-47.18593,3.93213
7.48,-46.202885,3.604445,-47.84129,2.62141,-44.56448,4.58748
7.5,-35.716984999999994,5.570515,-38.01078,5.24284,-33.42319,5.89819
7.52,-33.423185000000004,6.22588,-33.42318,5.8982,-33.42319,6.55356
7.54,-34.078545,5.8982,-34.07854,5.8982,-34.07855,5.8982
7.56,-33.75086,5.57051,-33.42318,5.24283,-34.07854,5.89819
7.58,-33.750865000000005,4.915155,-34.07855,4.58748,-33.42318,5.24283
7.6,-33.42319,4.91515,-34.07855,4.58747,-32.76783,5.24283
7.62,-33.09551,4.58747,-33.42319,4.58747,-32.76783,4.58747
7.64,-33.09551,4.58747,-33.42319,4.58747,-32.76783,4.58747
7.66,-33.09551,3.93211,-33.42319,3.93211,-32.76783,3.93211
7.68,-32.76784,3.9321,-33.4232,3.9321,-32.11248,3.9321
7.7,-32.11249,3.93211,-32.11249,3.93211,-32.11249,3.93211
7.72,-32.1125,3.604425,-32.76786,3.27675,-31.45714,3.9321
7.74,-31.45715,3.604425,-32.11251,3.27675,-30.80179,3.9321
7.76,-31.12948,3.60443,-31.45716,3.27675,-30.8018,3.93211
7.78,-31.12948,3.6047700000000003,-31.45716,3.27743,-30.8018,3.93211
7.8,-30.801805,3.60443,-30.80181,3.27675,-30.8018,3.93211
7.82,-29.818765,3.9321099999999998,-30.80181,3.27675,-28.83572,4.58747
7.84,-20.97126,6.55356,-23.59275,5.8982,-18.34977,7.20892
7.86,-18.022075,8.191965,-17.69439,7.86428,-18.34976,8.51965
7.88,-17.694409999999998,8.191975,-18.34977,7.8643,-17.03905,8.51965
7.9,-17.694405000000003,8.191975,-17.69441,7.86429,-17.6944,8.51966
7.92,-17.36672,8.51965,-17.6944,7.86429,-17.03904,9.17501
7.94,-17.36672,8.19197,-17.6944,7.86429,-17.03904,8.51965
7.96,-17.03904,8.51965,-17.6944,8.51965,-16.38368,8.51965
7.98,-17.03904,8.191965,-17.03904,7.86429,-17.03904,8.51964
8.0,-17.366715,8.519645,-17.6944,8.51965,-17.03903,8.51964
8.02,-17.694384999999997,8.19196,-17.69439,7.86428,-17.69438,8.51964
8.04,-18.349745,7.864275,-18.34975,7.86428,-18.34974,7.86427
8.06,-18.677415,7.864269999999999,-19.0051,7.20891,-18.34973,8.51963
8.08,-19.33277,8.19195,-19.66045,7.86427,-19.00509,8.51963
8.1,-19.66044,8.19195,-19.66044,7.86427,-19.66044,8.51963
8.12,-20.3158,8.19195,-20.3158,7.86427,-20.3158,8.51963
8.14,-19.33276,8.191945,-20.31581,7.86427,-18.34971,8.51962
8.16,-12.451345,10.485725,-14.41747,9.83036,-10.48522,11.14109
8.18,-8.846805,11.79645,-9.17448,11.14109,-8.51913,12.45181
8.2,-9.174485,12.124134999999999,-9.82985,11.79646,-8.51912,12.45181
8.22,-8.846810000000001,11.79645,-9.17449,11.79645,-8.51913,11.79645
8.24,-8.19145,12.124130000000001,-8.51913,11.79645,-7.86377,12.45181
8.26,-8.19145,12.124130000000001,-8.51913,11.79645,-7.86377,12.45181
8.28,-8.19145,12.124130000000001,-8.51913,11.79645,-7.86377,12.45181
8.3,-7.20841,12.124130000000001,-7.20841,11.79645,-7.20841,12.45181
8.32,-6.88073,12.124134999999999,-7.20841,11.79645,-6.55305,12.45182
8.34,-6.88072,12.124134999999999,-7.2084,11.79646,-6.55304,12.45181
8.36,-6.88072,12.779499999999999,-7.2084,12.45182,-6.55304,13.10718
8.38,-6.22536,12.779499999999999,-6.55304,12.45182,-5.89768,13.10718
8.4,-6.225355,13.434864999999999,-6.55304,13.10718,-5.89767,13.76255
8.42,-5.89767,13.43487,-6.55303,13.10719,-5.24231,13.76255
8.44,-5.56999,13.43487,-5.89767,13.10719,-5.24231,13.76255
8.46,-5.242305,13.76255,-5.24231,13.76255,-5.2423,13.76255
8.48,-22.60948,9.830375,-11.79596,11.79647,-33.423,7.86428
8.5,-57.999325,0.6553199999999999,-58.32692,1.96603,-57.67173,-0.65539
8.52,-57.999525000000006,0.32767999999999997,-58.32719,-0.65537,-57.67186,1.31073
8.54,-57.999535,2.62148,-58.32721,1.96612,-57.67186,3.27684
8.56,-57.999555,2.94916,-58.32723,2.62148,-57.67188,3.27684
8.58,-57.99956,3.60453,-58.32724,3.27685,-57.67188,3.93221
8.6,-57.999565000000004,4.25989,-58.32724,3.93221,-57.67189,4.58757
8.62,-57.99958,4.25989,-58.32726,3.93221,-57.6719,4.58757
8.64,-57.99958,3.9322,-58.32726,3.9322,-57.6719,3.9322
8.66,-57.99959,3.6045249999999998,-58.32727,3.27685,-57.67191,3.9322
8.68,-57.9996,3.27684,-58.32728,3.27684,-57.67192,3.27684
8.7,-57.999610000000004,2.94915,-58.32729,2.62147,-57.67193,3.27683
8.72,-57.99962,2.6214649999999997,-58.3273,2.62147,-57.67194,2.62146
8.74,-57.999629999999996,1.966095,-58.32731,1.9661,-57.67195,1.96609
8.76,-57.999635,1.63841,-58.32732,1.31073,-57.67195,1.96609
8.78,-57.99964,0.9830450000000001,-58.32732,0.65537,-57.67196,1.31072
8.8,-57.99965,0.6553599999999951,-58.32733,0.65535999999999,-57.67197,0.65536
8.82,-57.999655000000004,0.327675000000005,-58.32733,0.0,-57.67198,0.65535000000001
8.84,-57.99966,-9.99999999962135e-06,-58.32734,-1.0000000003174e-05,-57.67198,-9.9999999960687e-06
8.86,-57.99967,-0.9830549999999949,-58.32735,-1.31073,-57.67199,-0.65537999999999
8.88,-57.999674999999996,-1.31074,-58.32735,-1.31074,-57.672,-1.31074
8.9,-57.99968,-1.63842,-58.32736,-1.9661,-57.672,-1.31074
8.92,-57.99968,-1.96611,-58.32736,-1.96611,-57.672,-1.96611
8.94,-57.99969,-0.6553799999999996,-58.32737,-1.31074,-57.67201,-1.9999999999243e-05
8.96,-57.999685,-9.99999999962135e-06,-58.32737,-1.0000000003174e-05,-57.672,-9.9999999960687e-06
8.98,-57.999685,-0.65537,-58.32737,-0.65537,-57.672,-0.65537
9.0,-57.99969,-0.98305,-58.32737,-1.31073,-57.67201,-0.65537
9.02,-57.999700000000004,-0.6553749999999949,-58.32738,-0.65537,-57.67202,-0.65537999999999
9.04,-57.999700000000004,-0.9830549999999949,-58.32738,-1.31073,-57.67202,-0.65537999999999
9.06,-57.999700000000004,-1.63842,-58.32738,-1.9661,-57.67202,-1.31074
9.08,-57.99971,-1.31074,-58.32739,-1.31074,-57.67203,-1.31074
9.1,-57.99971,-1.63842,-58.32739,-1.9661,-57.67203,-1.31074
9.12,-57.999714999999995,-1.9661,-58.3274,-1.9661,-57.67203,-1.9661
9.14,-57.999719999999996,-1.96611,-58.3274,-1.96611,-57.67204,-1.96611
9.16,-57.999719999999996,-2.29379,-58.3274,-2.62147,-57.67204,-1.96611
9.18,-57.999719999999996,-2.62147,-58.3274,-2.62147,-57.67204,-2.62147
9.2,-57.999725,-2.94915,-58.32741,-3.27683,-57.67204,-2.62147
9.22,-57.99966,-0.32770999999999506,-58.32738,-1.31075,-57.67194,0.65533000000001
9.24,-57.99955,1.310695,-58.32724,0.65533,-57.67186,1.96606
9.26,-57.99955,1.310705,-58.32723,1.31071,-57.67187,1.3107
9.28,-57.99955,0.98302,-58.32723,0.65534,-57.67187,1.3107
9.3,-57.99955,0.65534,-58.32723,0.65534,-57.67187,0.65534
9.32,-57.99955,0.65534,-58.32723,0.65534,-57.67187,0.65534
9.34,-57.99955,0.65534,-58.32723,0.65534,-57.67187,0.65534
9.36,-57.99956,0.32765500000000536,-58.32724,-1.9999999999243e-05,-57.67188,0.65533000000001
9.38,-57.999565000000004,0.655335000000005,-58.32725,0.65534,-57.67188,0.65533000000001
9.4,-57.99957,0.98302,-58.32725,0.65534,-57.67189,1.3107
9.42,-57.999565000000004,0.98302,-58.32725,0.65534,-57.67188,1.3107
9.44,-57.999565000000004,1.3107,-58.32725,0.65534,-57.67188,1.96606
9.46,-57.99956,1.63838,-58.32724,1.3107,-57.67188,1.96606
9.48,-57.99956,1.3107,-58.32724,1.3107,-57.67188,1.3107
9.5,-57.999555,1.63838,-58.32724,1.3107,-57.67187,1.96606
9.52,-51.11815,3.9321400000000004,-53.73963,3.27678,-48.49667,4.5875
9.54,-48.82434,5.242865,-48.49666,4.5875,-49.15202,5.89823
9.56,-48.49666,5.242875,-49.15202,5.24288,-47.8413,5.24287
9.58,-47.51362,5.57055,-47.8413,5.24287,-47.18594,5.89823
9.6,-46.858255,5.57055,-47.18594,5.24287,-46.53057,5.89823
9.62,-46.2029,5.57054,-46.53058,5.24286,-45.87522,5.89822
9.64,-45.87522,5.570535,-46.53058,5.24286,-45.21986,5.89821
9.66,-45.54754,4.91517,-45.87522,4.58749,-45.21986,5.24285
9.68,-45.54754,5.2428550000000005,-45.87522,5.24286,-45.21986,5.24285
9.7,-45.547545,4.91517,-45.87523,4.58749,-45.21986,5.24285
9.72,-45.547545,4.91517,-45.87522,4.58749,-45.21987,5.24285
9.74,-45.54755,4.915165,-45.87523,4.58749,-45.21987,5.24284
9.76,-45.87523,4.915165,-45.87523,4.58749,-45.87523,5.24284
9.78,-46.53059,4.587815,-46.53059,4.58815,-46.53059,4.58748
9.8,-47.18595,4.91516,-47.18595,4.58748,-47.18595,5.24284
9.82,-47.185955,4.58748,-47.18596,3.93212,-47.18595,5.24284
9.84,-47.84131,4.2598,-47.84131,3.93212,-47.84131,4.58748
9.86,-48.49667,4.58749,-48.49667,4.58749,-48.49667,4.58749
9.88,-49.152025,4.25981,-49.15203,3.93213,-49.15202,4.58749
9.9,-49.807385,4.25981,-49.80739,3.93213,-49.80738,4.58749
9.92,-49.80739,3.93213,-49.80739,3.93213,-49.80739,3.93213
9.94,-50.46275,4.25981,-50.46275,3.93213,-50.46275,4.58749
9.96,-50.46275,4.25981,-50.46275,3.93213,-50.46275,4.58749
9.98,-48.824335000000005,4.58749,-51.11811,3.93213,-46.53056,5.24285
10.0,-39.64917,6.225885,-40.63223,5.89821,-38.66611,6.55356
10.02,-39.97684,7.20894,-39.97684,7.20894,-39.97684,7.20894
10.04,-39.647885,7.208935,-39.97429,7.20894,-39.32148,7.20893
10.06,-38.993809999999996,6.88126,-39.32149,6.55358,-38.66613,7.20894
10.08,-38.993809999999996,6.88126,-39.32149,6.55358,-38.66613,7.20894
10.1,-38.993815,6.88126,-39.32149,6.55358,-38.66614,7.20894
10.12,-38.99382,6.88126,-39.3215,6.55358,-38.66614,7.20894
10.14,-38.666145,6.8812549999999995,-39.3215,6.55358,-38.01079,7.20893
10.16,-38.338475,6.88125,-38.66615,6.55357,-38.0108,7.20893
10.18,-38.338480000000004,6.55357,-38.66616,6.55357,-38.0108,6.55357
10.2,-37.683135,6.88125,-38.01081,6.55357,-37.35546,7.20893
10.22,-37.68314,6.55357,-38.01082,6.55357,-37.35546,6.55357
10.24,-37.0278,6.225885,-37.35548,5.89821,-36.70012,6.55356
10.26,-36.37244,5.89821,-36.70012,5.89821,-36.04476,5.89821
10.28,-36.70013,6.22589,-36.70013,5.89821,-36.70013,6.55357
10.3,-36.372460000000004,5.89821,-36.70014,5.89821,-36.04478,5.89821
10.32,-35.71711,5.57053,-36.04479,5.24285,-35.38943,5.89821
10.34,-35.06176,6.2258949999999995,-35.38944,5.89822,-34.73408,6.55357
10.36,-26.86965,7.8642900000000004,-30.80186,7.20893,-22.93744,8.51965
10.38,-21.62667,9.502690000000001,-21.62667,9.17501,-21.62667,9.83037
10.4,-22.282025,9.502695,-22.93739,9.17502,-21.62666,9.83037
10.42,-21.298975,9.502680000000002,-21.62666,9.175,-20.97129,9.83036
10.44,-20.971285,9.830355,-20.97129,9.83036,-20.97128,9.83035
10.46,-20.6436,9.83035,-20.97128,9.83035,-20.31592,9.83035
10.48,-20.643594999999998,10.15803,-20.97128,9.83035,-20.31591,10.48571
10.5,-20.31591,10.15803,-20.31591,9.83035,-20.31591,10.48571
10.52,-19.98822,10.15803,-20.3159,9.83035,-19.66054,10.48571
10.54,-19.660539999999997,10.158035,-20.3159,9.83036,-19.00518,10.48571
10.56,-19.33285,9.830355,-19.66053,9.83036,-19.00517,9.83035
10.58,-19.00517,9.83035,-19.66053,9.83035,-18.34981,9.83035
10.6,-18.67748,9.502669999999998,-19.00516,9.17499,-18.3498,9.83035
10.62,-18.67748,9.502675,-19.00516,9.175,-18.3498,9.83035
10.64,-18.67748,8.84731,-19.00516,8.51963,-18.3498,9.17499
10.66,-19.005155000000002,9.174995,-19.00516,8.51964,-19.00515,9.83035
10.68,-19.332835000000003,9.17499,-19.66052,9.17499,-19.00515,9.17499
10.7,-19.332835,8.84731,-19.66051,8.51963,-19.00516,9.17499
10.72,-19.66051,9.502680000000002,-19.66051,9.175,-19.66051,9.83036
10.74,-15.40061,10.813395,-19.00514,9.83036,-11.79608,11.79643
10.76,-5.570025,13.762525,-6.55309,13.10717,-4.58696,14.41788
10.78,-5.57,15.073265,-5.24232,14.4179,-5.89768,15.72863
10.8,-6.22536,15.400950000000002,-6.55304,15.07327,-5.89768,15.72863
10.82,-6.22535,16.05632,-6.55303,15.72864,-5.89767,16.384
10.84,-6.880705,16.71169,-7.20839,16.38401,-6.55302,17.03937
10.86,-6.88071,16.71168,-7.20839,16.384,-6.55303,17.03936
10.88,-7.20839,16.711685,-7.20839,16.38401,-7.20839,17.03936
10.9,-6.880705,16.384005000000002,-7.20839,16.38401,-6.55302,16.384
10.92,-6.880705,16.384005000000002,-7.20839,16.38401,-6.55302,16.384
10.94,-6.880705,16.05632,-7.20839,15.72864,-6.55302,16.384
10.96,-6.880705,16.056325,-7.20838,15.72865,-6.55303,16.384
10.98,-6.8807,16.384,-7.20838,16.384,-6.55302,16.384
11.0,-7.208375,16.05632,-7.20838,15.72864,-7.20837,16.384
11.02,-6.880694999999999,16.384,-7.20838,16.384,-6.55301,16.384
11.04,-6.22534,16.384,-6.55302,16.384,-5.89766,16.384
11.06,-5.56998,16.384,-5.89766,16.384,-5.2423,16.384
11.08,-4.91462,16.056315,-5.2423,15.72864,-4.58694,16.38399
11.1,-4.25926,16.056315,-4.58694,15.72863,-3.93158,16.384
11.12,-4.586945,16.05632,-4.58695,15.72864,-4.58694,16.384
11.14,-4.25926,15.72864,-4.58694,15.72864,-3.93158,15.72864
11.16,-4.25927,15.400955,-4.58695,15.07328,-3.93159,15.72863
11.18,-0.982425,16.71169,-3.27622,15.72864,1.31137,17.69474
11.2,5.243600000000001,18.350099999999998,4.58823,17.69474,5.89897,19.00546
11.22,4.915915,18.67779,4.58824,18.35011,5.24359,19.00547
11.24,5.24359,18.67779,5.24359,18.35011,5.24359,19.00547
11.26,4.91591,18.677799999999998,4.58823,18.35012,5.24359,19.00548
11.28,5.24359,18.677799999999998,5.24359,18.35012,5.24359,19.00548
11.3,5.24359,18.677799999999998,5.24359,18.35012,5.24359,19.00548
11.32,5.89895,19.00547,5.89895,19.00547,5.89895,19.00547
11.34,5.571265,19.00548,5.24359,19.00548,5.89894,19.00548
11.36,5.24358,18.677795,5.24358,18.35012,5.24358,19.00547
11.38,4.9159,18.677795,4.58822,18.35011,5.24358,19.00548
11.4,5.57125,18.67779,5.24357,18.35011,5.89893,19.00547
11.42,5.898935,18.022425,5.24357,17.69475,6.5543,18.3501
11.44,0.6559950000000003,16.05632,5.89892,17.03937,-4.58693,15.07327
11.46,-42.59816,7.864269999999999,-30.80156,10.48571,-54.39476,5.24283
11.48,-57.999425,3.6044650000000003,-58.32708,2.62142,-57.67177,4.58751
11.5,-57.999444999999994,5.89856,-58.32713,5.2429,-57.67176,6.55422
11.52,-57.999455,6.22595,-58.32713,5.89827,-57.67178,6.55363
11.54,-57.99947,5.898275,-58.32715,5.89827,-57.67179,5.89828
11.56,-57.999475000000004,5.898275,-58.32715,5.89828,-57.6718,5.89827
11.58,-57.99949,5.57059,-58.32717,5.24291,-57.67181,5.89827
11.6,-57.9995,4.915235,-58.32718,4.58756,-57.67182,5.24291
11.62,-57.99951,4.25987,-58.32719,3.93219,-57.67183,4.58755
11.64,-57.99951,4.25987,-58.32719,3.93219,-57.67183,4.58755
11.66,-57.999534999999995,4.25987,-58.3272,3.93219,-57.67187,4.58755
11.68,-57.99958,4.25989,-58.32726,3.93221,-57.6719,4.58757
11.7,-57.99957,3.9322049999999997,-58.32725,3.93221,-57.67189,3.9322
11.72,-57.99958,3.9322,-58.32726,3.9322,-57.6719,3.9322
11.74,-57.99959,3.276835,-58.32727,3.27684,-57.67191,3.27683
11.76,-57.99959,3.27683,-58.32727,3.27683,-57.67191,3.27683
11.78,-57.9996,2.949155,-58.32728,2.62148,-57.67192,3.27683
11.8,-57.9996,2.2937849999999997,-58.32728,1.96611,-57.67192,2.62146
11.82,-57.9996,1.966095,-58.32728,1.9661,-57.67192,1.96609
11.84,-57.999615,1.63841,-58.32729,1.31073,-57.67194,1.96609
11.86,-57.99962,0.9830450000000001,-58.3273,0.65537,-57.67194,1.31072
11.88,-57.999629999999996,0.327675000000005,-58.32731,0.0,-57.67195,0.65535000000001
11.9,-57.99964,0.3276700000000034,-58.32732,-1.0000000003174e-05,-57.67196,0.65535000000001
11.92,-57.99965,-1.5000000001208501e-05,-58.32733,-1.0000000003174e-05,-57.67197,-1.9999999999243e-05
11.94,-57.99966,-0.3276999999999996,-58.32734,-0.65538,-57.67198,-1.9999999999243e-05
11.96,-57.99966,-0.32770499999999764,-58.32734,-0.65538,-57.67198,-2.9999999995312e-05
11.98,-57.99966,-0.32770499999999764,-58.32734,-0.65538,-57.67198,-2.9999999995312e-05
12.0,-57.99966,-0.9830700000000001,-58.32734,-1.31075,-57.67198,-0.65539
12.02,-57.99966,-0.9830700000000001,-58.32734,-1.31075,-57.67198,-0.65539
12.04,-57.999665,-0.9830700000000001,-58.32735,-1.31075,-57.67198,-0.65539
12.06,-57.999655000000004,-0.32770999999999506,-58.32734,-1.31075,-57.67197,0.65533000000001
12.08,-57.999475000000004,1.63835,-58.32721,1.31068,-57.67174,1.96602
12.1,-57.999404999999996,2.949085,-58.32708,2.6214,-57.67173,3.27677
12.12,-57.99942,2.621415,-58.3271,2.62142,-57.67174,2.62141
12.14,-57.99942,2.62141,-58.3271,2.62141,-57.67174,2.62141
12.16,-57.34407,2.62141,-57.67175,2.62141,-57.01639,2.62141
12.18,-56.68871,2.29373,-57.01639,1.96605,-56.36103,2.62141
12.2,-56.03336,2.621405,-56.36104,2.62141,-55.70568,2.6214
12.22,-55.37801,2.29372,-55.70569,1.96604,-55.05033,2.6214
12.24,-54.394975,2.6214,-55.05034,1.96604,-53.73961,3.27676
12.26,-53.41194,2.2937149999999997,-53.73962,1.96604,-53.08426,2.62139
12.28,-53.41194,1.96603,-53.73962,1.96603,-53.08426,1.96603
12.3,-52.75658,1.96603,-53.08426,1.96603,-52.4289,1.96603
12.32,-52.75658,1.96603,-53.08426,1.96603,-52.4289,1.96603
12.34,-52.4289,1.96603,-52.4289,1.96603,-52.4289,1.96603
12.36,-52.10122,2.29371,-52.4289,1.96603,-51.77354,2.62139
12.38,-54.722665000000006,2.94909,-53.73962,1.96604,-55.70571,3.93214
12.4,-57.016435,4.25983,-57.6718,3.93215,-56.36107,4.58751
12.42,-56.68875,3.9321450000000002,-57.01643,3.93215,-56.36107,3.93214
12.44,-56.68875,3.60447,-57.01643,3.27679,-56.36107,3.93215
12.46,-56.68875,3.2767850000000003,-57.01643,3.27679,-56.36107,3.27678
12.48,-56.36108,3.27678,-56.36108,3.27678,-56.36108,3.27678
12.5,-56.36108,2.9491,-56.36108,2.62142,-56.36108,3.27678
12.52,-57.01645,2.9491,-57.01645,2.62142,-57.01645,3.27678
12.54,-57.34413,2.62142,-57.67181,2.62142,-57.01645,2.62142
12.56,-57.99949,2.29374,-58.32717,1.96606,-57.67181,2.62142
12.58,-57.9995,2.293735,-58.32718,1.96606,-57.67182,2.62141
12.6,-57.99951,1.638375,-58.32719,1.31069,-57.67183,1.96606
12.62,-57.344155,1.63838,-58.3272,1.3107,-56.36111,1.96606
12.64,-54.067315,2.29374,-54.395,1.96606,-53.73963,2.62142
12.66,-54.722685,2.29375,-55.05036,1.96607,-54.39501,2.62143
12.68,-54.395025,2.29375,-55.05038,1.96607,-53.73967,2.62143
12.7,-53.739685,1.966075,-54.39504,1.96608,-53.08433,1.96607
12.72,-53.412035,1.96607,-53.73971,1.96607,-53.08436,1.96607
12.74,-53.084385,1.6384,-53.73974,1.31072,-52.42903,1.96608
12.76,-52.429024999999996,1.638395,-52.42903,1.31071,-52.42902,1.96608
12.78,-52.101335000000006,1.63839,-52.42902,1.31071,-51.77365,1.96607
12.8,-50.790585,1.638375,-51.11828,1.3107,-50.46289,1.96605
12.82,-50.13517,1.966375,-50.46286,1.96605,-49.80748,1.9667
12.84,-45.875285,2.6214,-49.15212,1.96604,-42.59845,3.27676
12.86,-35.71705,4.91516,-36.70011,4.58748,-34.73399,5.24284
12.88,-35.717045,5.57053,-36.04472,5.24285,-35.38937,5.89821
12.9,-34.73401,5.242845,-35.38937,5.24285,-34.07865,5.24284
12.92,-34.078649999999996,5.570525,-34.73401,5.24285,-33.42329,5.8982
12.94,-34.078645,5.57052,-34.734,5.24284,-33.42329,5.8982
12.96,-33.75097,5.2428349999999995,-34.07865,5.24284,-33.42329,5.24283
12.98,-33.75097,4.91515,-34.07865,4.58747,-33.42329,5.24283
13.0,-33.42329,4.58747,-33.42329,4.58747,-33.42329,4.58747
13.02,-33.750965,4.58747,-34.07865,4.58747,-33.42328,4.58747
13.04,-33.75097,3.93211,-34.07865,3.93211,-33.42329,3.93211
13.06,-32.76793,4.25979,-32.76793,3.93211,-32.76793,4.58747
13.08,-33.0956,3.93211,-33.42328,3.93211,-32.76792,3.93211
13.1,-32.440235,4.259785,-32.76792,3.93211,-32.11255,4.58746
13.12,-33.0956,3.932105,-32.76792,3.27675,-33.42328,4.58746
13.14,-36.700095000000005,3.9321,-36.70009,3.27674,-36.7001,4.58746
13.16,-36.70009,4.25979,-36.70009,3.93211,-36.70009,4.58747
13.18,-36.70009,3.932105,-36.70009,3.93211,-36.70009,3.9321
13.2,-36.37241,3.9321,-36.70009,3.27674,-36.04473,4.58746
13.22,-36.37241,3.932105,-36.70009,3.93211,-36.04473,3.9321
13.24,-37.02776,4.25978,-37.35544,3.9321,-36.70008,4.58746
13.26,-37.35544,3.6044150000000004,-37.35544,3.27674,-37.35544,3.93209
13.28,-37.68312,3.27673,-38.0108,3.27673,-37.35544,3.27673
13.3,-38.66617,3.27673,-38.66617,3.27673,-38.66617,3.27673
13.32,-38.99385,2.949045,-39.32153,2.62137,-38.66617,3.27672
13.34,-39.321525,3.27673,-39.32153,3.27673,-39.32152,3.27673
13.36,-39.976884999999996,3.60441,-39.97689,3.27673,-39.97688,3.93209
13.38,-39.97688,2.94905,-39.97688,2.62137,-39.97688,3.27673
13.4,-40.63224,2.94905,-40.63224,2.62137,-40.63224,3.27673
13.42,-40.95993,2.94905,-41.28761,2.62137,-40.63225,3.27673
13.44,-40.95994,2.94905,-41.28762,2.62137,-40.63226,3.27673
13.46,-40.95994,2.62137,-41.28762,2.62137,-40.63226,2.62137
13.48,-40.63226,2.62138,-41.28762,2.62138,-39.9769,2.62138
13.5,-39.976915,2.621385,-40.63227,2.62138,-39.32156,2.62139
13.52,-39.321575,2.62138,-39.97693,2.62138,-38.66622,2.62138
13.54,-38.666235,2.29371,-38.66623,1.96603,-38.66624,2.62139
13.56,-39.32163,1.96603,-39.32162,1.96603,-39.32164,1.96603
13.58,-39.321655,1.96604,-39.32165,1.96604,-39.32166,1.96604
13.6,-39.32168,1.63837,-39.32168,1.31069,-39.32168,1.96605
13.62,-39.3217,1.63837,-39.3217,1.31069,-39.3217,1.96605
13.64,-39.321715,1.96606,-39.32171,1.96606,-39.32172,1.96606
13.66,-39.64941,1.96606,-39.97709,1.96606,-39.32173,1.96606
13.68,-39.649435,1.638385,-39.97711,1.3107,-39.32176,1.96607
13.7,-39.649455,1.96607,-39.97713,1.96607,-39.32178,1.96607
13.72,-40.30482,1.96608,-40.6325,1.96608,-39.97714,1.96608
13.74,-40.63251,2.2937600000000002,-40.63251,1.96608,-40.63251,2.62144
13.76,-40.304824999999994,2.621445,-41.28787,1.96608,-39.32178,3.27681
13.78,-35.38954,4.58754,-36.70028,3.93218,-34.0788,5.2429
13.8,-34.078775,5.5706,-34.07878,5.24292,-34.07877,5.89828
13.82,-33.75108,6.22596,-34.07877,5.89828,-33.42339,6.55364
13.84,-33.751050000000006,6.553635,-34.07874,6.55364,-33.42336,6.55363
13.86,-33.423325000000006,6.881305,-33.42334,6.55363,-33.42331,7.20898
13.88,-33.095600000000005,6.881285,-33.42329,6.55361,-32.76791,7.20896
13.9,-32.440200000000004,6.88127,-32.76789,6.55359,-32.11251,7.20895
13.92,-32.44018,6.881265,-32.76786,6.55359,-32.1125,7.20894
13.94,-32.44018,6.88126,-32.76786,6.55358,-32.1125,7.20894
13.96,-28.18029,7.8643,-30.1464,7.20894,-26.21418,8.51966
13.98,-25.55879,8.51966,-25.55879,8.51966,-25.55879,8.51966
14.0,-25.231105,8.191980000000001,-25.55879,7.8643,-24.90342,8.51966
14.02,-25.231099999999998,8.191980000000001,-25.55878,7.8643,-24.90342,8.51966
14.04,-24.57574,8.191980000000001,-24.90342,7.8643,-24.24806,8.51966
14.06,-24.57574,8.191980000000001,-24.90342,7.8643,-24.24806,8.51966
14.08,-24.90341,8.191980000000001,-24.90341,7.8643,-24.90341,8.51966
14.1,-24.57573,7.8643,-24.90341,7.8643,-24.24805,7.8643
14.12,-24.57573,7.864295,-24.90341,7.8643,-24.24805,7.86429
14.14,-24.248045,8.191975,-24.90341,7.8643,-23.59268,8.51965
14.16,-15.728225,10.158045000000001,-19.00508,9.17501,-12.45137,11.14108
14.18,-11.795975,11.79646,-11.79598,11.1411,-11.79597,12.45182
14.2,-12.45134,12.779509999999998,-13.1067,12.45183,-11.79598,13.10719
14.22,-12.779015000000001,12.779515,-13.10669,12.45183,-12.45134,13.1072
14.24,-12.77901,13.43488,-13.10669,13.1072,-12.45133,13.76256
14.26,-13.76205,13.43488,-13.76205,13.1072,-13.76205,13.76256
14.28,-13.76205,14.090250000000001,-13.76205,13.76257,-13.76205,14.41793
14.3,-14.745085,14.74561,-15.07277,14.41793,-14.4174,15.07329
14.32,-15.072765,15.400984999999999,-15.07277,15.0733,-15.07276,15.72867
14.34,-15.72812,16.056355,-15.72812,15.72867,-15.72812,16.38404
14.36,-33.095295,13.107225,-23.5925,15.07332,-42.59809,11.14113
14.38,-57.999295000000004,6.225935,-58.32691,6.5536,-57.67168,5.89827
14.4,-57.999430000000004,8.192074999999999,-58.32711,7.20902,-57.67175,9.17513
14.42,-57.999415,10.158180000000002,-58.32709,9.8305,-57.67174,10.48586
14.44,-57.999430000000004,10.81355,-58.3271,10.48587,-57.67176,11.14123
14.46,-57.999445,10.48587,-58.32712,10.48587,-57.67177,10.48587
14.48,-57.99946,10.48587,-58.32714,10.48587,-57.67178,10.48587
14.5,-57.99948,9.50282,-58.32716,9.17514,-57.6718,9.8305
14.52,-57.999494999999996,8.847445,-58.32717,9.17513,-57.67182,8.51976
14.54,-57.999525,9.502815,-58.3272,9.17513,-57.67185,9.8305
14.56,-57.99955,9.17514,-58.32723,9.17514,-57.67187,9.17514
14.58,-57.999555,8.51977,-58.32723,8.51977,-57.67188,8.51977
14.6,-57.99957,7.8644,-58.32725,7.8644,-57.67189,7.8644
14.62,-57.999584999999996,7.209035,-58.32726,7.20904,-57.67191,7.20903
14.64,-57.9996,6.5536650000000005,-58.32728,6.55367,-57.67192,6.55366
14.66,-57.999610000000004,5.898295,-58.32729,5.8983,-57.67193,5.89829
14.68,-57.99962,5.242935,-58.3273,5.24294,-57.67194,5.24293
14.7,-57.999629999999996,4.587565,-58.32731,4.58757,-57.67195,4.58756
14.72,-57.99964,3.9322,-58.32732,3.9322,-57.67196,3.9322
14.74,-57.99964,3.276835,-58.32732,3.27684,-57.67196,3.27683
14.76,-57.99965,2.949155,-58.32733,2.62148,-57.67197,3.27683
14.78,-57.99965,2.949155,-58.32733,2.62147,-57.67197,3.27684
14.8,-57.999655000000004,2.62147,-58.32733,2.62147,-57.67198,2.62147
14.82,-57.99966,2.29379,-58.32734,1.96611,-57.67198,2.62147
14.84,-57.99967,1.96611,-58.32735,1.96611,-57.67199,1.96611
14.86,-57.99968,1.63843,-58.32736,1.31075,-57.672,1.96611
14.88,-57.999665,2.29379,-58.32737,1.31075,-57.67196,3.27683
14.9,-57.99954,4.25988,-58.32724,3.9322,-57.67184,4.58756
14.92,-57.999545,3.93221,-58.32722,3.93221,-57.67187,3.93221
14.94,-57.99956,3.93221,-58.32724,3.93221,-57.67188,3.93221
14.96,-57.99957,3.93222,-58.32725,3.93222,-57.67189,3.93222
14.98,-57.999575,3.60454,-58.32725,3.27686,-57.6719,3.93222
15.0,-57.999575,3.2768550000000003,-58.32726,3.27686,-57.67189,3.27685
15.02,-57.999575,3.2768550000000003,-58.32726,3.27686,-57.67189,3.27685
15.04,-57.999555,3.27685,-58.32724,2.62149,-57.67187,3.93221
15.06,-57.999545,2.949165,-58.32723,2.62149,-57.67186,3.27684
15.08,-57.999534999999995,2.949155,-58.32722,2.62148,-57.67185,3.27683
15.1,-57.999515,2.62147,-58.3272,1.96611,-57.67183,3.27683
15.12,-57.9995,2.29378,-58.32718,1.9661,-57.67182,2.62146
15.14,-57.999485,2.621455,-58.32717,2.62146,-57.6718,2.62145
15.16,-57.999475000000004,2.62145,-58.32716,2.62145,-57.67179,2.62145
15.18,-57.999465,2.29377,-58.32715,1.96609,-57.67178,2.62145
15.2,-57.999465,1.6384,-58.32715,1.31072,-57.67178,1.96608
15.22,-57.999465,1.638395,-58.32715,1.31072,-57.67178,1.96607
15.24,-57.99946,1.310714999999995,-58.32714,0.65535999999999,-57.67178,1.96607
15.26,-56.360995,2.621435,-58.32711,1.96608,-54.39488,3.27679
15.28,-54.067175000000006,3.60447,-53.73949,3.27679,-54.39486,3.93215
15.3,-54.722545,3.276795,-55.05023,3.2768,-54.39486,3.27679
15.32,-55.05022,2.94911,-55.05022,2.62143,-55.05022,3.27679
15.34,-55.70559,2.94911,-55.70559,2.62143,-55.70559,3.27679
15.36,-56.03327,2.2937600000000002,-56.36095,2.62144,-55.70559,1.96608
15.38,-54.067170000000004,3.2767999999999997,-56.36095,1.96608,-51.77339,4.58752
15.4,-44.236625000000004,5.57056,-45.21969,5.24289,-43.25356,5.89823
15.42,-44.236615,5.898245,-43.90893,5.24288,-44.5643,6.55361
15.44,-43.90894,6.225925,-44.5643,5.89825,-43.25358,6.5536
15.46,-43.581265,5.898255,-43.90894,5.89825,-43.25359,5.89826
15.48,-42.92592,5.898255,-43.2536,5.89826,-42.59824,5.89825
15.5,-42.598245,5.570565,-43.2536,5.24289,-41.94289,5.89824
15.52,-42.27057,4.915195,-42.59825,4.58752,-41.94289,5.24287
15.54,-42.270575,4.58751,-42.59825,4.58751,-41.9429,4.58751
15.56,-42.270585,4.587505,-42.59826,4.58751,-41.94291,4.5875
15.58,-41.615224999999995,4.25982,-41.94291,3.93214,-41.28754,4.5875
15.6,-42.270585,4.25982,-42.59827,3.93214,-41.9429,4.5875
15.62,-42.27058,3.60446,-42.59826,3.27678,-41.9429,3.93214
15.64,-42.27058,3.93214,-42.59826,3.93214,-41.9429,3.93214
15.66,-42.270585,3.6044549999999997,-42.59826,3.27678,-41.94291,3.93213
15.68,-42.27058,3.2767749999999998,-42.59826,3.27678,-41.9429,3.27677
15.7,-42.27058,3.2767749999999998,-42.59826,3.27677,-41.9429,3.27678
15.72,-42.27058,3.2767749999999998,-42.59826,3.27678,-41.9429,3.27677
15.74,-42.270585,2.94909,-42.59826,2.62141,-41.94291,3.27677
15.76,-42.270585,2.94909,-42.59826,2.62141,-41.94291,3.27677
15.78,-37.355329999999995,4.91517,-41.28754,3.93213,-33.42312,5.89821
15.8,-24.5756,7.8642900000000004,-26.8694,7.20893,-22.2818,8.51965
15.82,-21.95412,8.847349999999999,-22.2818,8.51967,-21.62644,9.17503
15.84,-20.971085,9.17503,-21.62645,9.17503,-20.31572,9.17503
15.86,-20.315725,9.50271,-20.97108,9.17503,-19.66037,9.83039
15.88,-19.988039999999998,9.50271,-20.31572,9.17503,-19.66036,9.83039
15.9,-18.677329999999998,9.50271,-19.00501,9.17503,-18.34965,9.83039
15.92,-18.349655,9.502704999999999,-19.00502,9.17503,-17.69429,9.83038
15.94,-18.02197,9.83038,-18.34965,9.83038,-17.69429,9.83038
15.96,-18.349655,9.5027,-18.34966,9.17502,-18.34965,9.83038
15.98,-18.677335,9.502695,-18.34966,9.17502,-19.00501,9.83037
16.0,-23.592575,8.519645,-22.28184,8.51965,-24.90331,8.51964
16.02,-24.903315,8.84733,-25.55868,8.51965,-24.24795,9.17501
16.04,-24.575635,8.51965,-24.90331,8.51965,-24.24796,8.51965
16.06,-23.920279999999998,8.519645,-24.24796,8.51965,-23.5926,8.51964
16.08,-23.26493,8.191965,-23.59261,7.86429,-22.93725,8.51964
16.1,-23.26494,8.191965,-23.59262,7.86429,-22.93726,8.51964
16.12,-23.264935,8.19196,-23.59262,7.86428,-22.93725,8.51964
16.14,-23.26494,8.191965,-23.59262,7.86429,-22.93726,8.51964
16.16,-22.93726,8.19196,-22.93726,7.86428,-22.93726,8.51964
16.18,-22.60959,8.19196,-22.93727,7.86428,-22.28191,8.51964
16.2,-22.6096,7.86428,-22.93728,7.86428,-22.28192,7.86428
16.22,-22.93728,7.86427,-22.93728,7.86427,-22.93728,7.86427
16.24,-22.937295,7.536595,-22.93729,7.20891,-22.9373,7.86428
16.26,-22.937285000000003,8.19197,-22.93729,7.86429,-22.93728,8.51965
16.28,-23.264969999999998,8.51965,-23.59265,8.51965,-22.93729,8.51965
16.3,-22.60962,8.19197,-22.9373,7.86429,-22.28194,8.51965
16.32,-22.28194,8.519645,-22.9373,8.51965,-21.62658,8.51964
16.34,-21.626585,8.51965,-21.62659,8.51965,-21.62658,8.51965
16.36,-21.2989,8.51965,-21.62658,8.51965,-20.97122,8.51965
16.38,-21.298904999999998,8.191965,-21.62659,7.86429,-20.97122,8.51964
16.4,-20.971220000000002,8.51965,-21.62658,8.51965,-20.31586,8.51965
16.42,-20.643549999999998,8.51965,-20.97123,8.51965,-20.31587,8.51965
16.44,-20.643549999999998,8.519655,-20.97123,8.51966,-20.31587,8.51965
16.46,-20.31587,8.51966,-20.31587,8.51966,-20.31587,8.51966
16.48,-20.643555,8.519665,-20.97124,8.51966,-20.31587,8.51967
16.5,-20.31588,8.519665,-20.97124,7.86431,-19.66052,9.17502
16.52,-9.1746,11.468785,-13.7622,10.48575,-4.587,12.45182
16.54,0.32831000000000393,14.417919999999999,0.0006199999999978,13.76255,0.65600000000001,15.07329
16.56,-1.63776,17.039395,-1.31008,16.38403,-1.96544,17.69476
16.58,-3.60382,19.333185,-3.27614,18.35014,-3.9315,20.31623
16.6,-5.24221,21.62697,-5.24221,20.97161,-5.24221,22.28233
16.62,-5.89756,22.61002,-5.89756,22.28234,-5.89756,22.9377
16.64,-9.829754999999999,22.28234,-6.55293,22.28234,-13.10658,22.28234
16.66,-23.592435000000002,22.610045,-22.2817,22.28236,-24.90317,22.93773
16.68,-24.247795,23.92079,-24.2478,23.59311,-24.24779,24.24847
16.7,-24.57547,24.248475,-24.90315,24.24847,-24.24779,24.24848
16.72,-24.57548,24.57616,-24.90316,24.24848,-24.2478,24.90384
16.74,-24.2478,24.57616,-24.2478,24.24848,-24.2478,24.90384
16.76,-24.57548,24.57616,-24.90316,24.24848,-24.2478,24.90384
16.78,-24.57548,25.23152,-24.90316,24.90384,-24.2478,25.5592
16.8,-25.23084,24.57616,-25.55852,24.24848,-24.90316,24.90384
16.82,-24.90316,24.90384,-24.90316,24.90384,-24.90316,24.90384
16.84,-25.23084,24.57616,-25.55852,24.24848,-24.90316,24.90384
16.86,-25.23084,24.576165,-25.55852,24.24849,-24.90316,24.90384
16.88,-24.903165,24.248475,-25.55852,24.24848,-24.24781,24.24847
16.9,-24.575490000000002,24.57615,-24.90317,24.24847,-24.24781,24.90383
16.92,-24.575490000000002,24.576155,-24.90317,24.24848,-24.24781,24.90383
16.94,-24.24781,24.576155,-24.24781,24.24848,-24.24781,24.90383
16.96,-24.247805,24.248475,-24.90317,24.24847,-23.59244,24.24848
16.98,-23.92012,24.248475,-24.2478,24.24848,-23.59244,24.24847
17.0,-23.264755,23.9208,-23.59244,23.59312,-22.93707,24.24848
17.02,-16.055695,25.23152,-19.00487,24.90384,-13.10652,25.5592
17.04,-11.795765,26.214555,-11.79576,25.55919,-11.79577,26.86992
17.06,-12.77881,26.86993,-13.10649,26.86993,-12.45113,26.86993
17.08,-12.451135,26.54225,-12.45114,26.21457,-12.45113,26.86993
17.1,-12.45114,26.54225,-12.45114,26.21457,-12.45114,26.86993
17.12,-12.77882,26.54225,-13.1065,26.21457,-12.45114,26.86993
17.14,-35.38875,26.54225,-58.32635,26.21457,-12.45115,26.86993
17.16,-12.77883,26.54225,-13.10651,26.21457,-12.45115,26.86993
17.18,-13.10652,26.214565,-13.76188,26.21457,-12.45116,26.21456
17.2,-12.778839999999999,26.21456,-13.10652,26.21456,-12.45116,26.21456
17.22,-12.778849999999998,25.886879999999998,-13.10653,25.5592,-12.45117,26.21456
17.24,-13.43422,25.886879999999998,-13.7619,25.5592,-13.10654,26.21456
17.26,-13.434235000000001,25.886885,-13.76191,25.5592,-13.10656,26.21457
17.28,-13.434245,25.88689,-13.76192,25.55921,-13.10657,26.21457
17.3,-13.10658,25.886895000000003,-13.76194,25.55921,-12.45122,26.21458
17.32,-3.931425,27.525305,-7.20827,26.86995,-0.65458,28.18066
17.34,0.98387,28.836045,1.31155,28.18068,0.65619,29.49141
17.36,0.00081500000000285,29.49141,0.0008100000000013,29.49141,0.0008200000000044,29.49141
17.38,0.0008200000000049834,28.83605,-0.65454,28.83605,0.65618000000001,28.83605
17.4,0.3285000000000072,28.836045,0.0008200000000044,28.83605,0.65618000000001,28.83604
17.42,0.656180000000005,28.836045,0.65618,28.83605,0.65618000000001,28.83604
17.44,0.656180000000005,28.18068,0.65618,28.18068,0.65618000000001,28.18068
17.46,0.98386,28.18067,0.65618,28.18067,1.31154,28.18067
17.48,0.3285050000000022,28.180664999999998,0.0008200000000044,28.18067,0.65619,28.18066
17.5,0.656195000000005,27.852975,0.65619,27.5253,0.65620000000001,28.18065
17.52,0.983895,28.180645,0.65621,28.18065,1.31158,28.18064
17.54,0.656235,27.85296,0.65623,27.52528,0.65624,28.18064
17.56,0.983935,28.180625,0.65625,28.18063,1.31162,28.18062
17.58,1.6393,28.180615000000003,1.31162,28.18062,1.96698,28.18061
17.6,1.966985,27.85293,1.96698,27.52525,1.96699,28.18061
17.62,2.294675,27.852925,1.96699,27.52525,2.62236,28.1806
17.64,2.29467,27.852925,1.96699,27.52525,2.62235,28.1806
17.66,2.95002,27.852919999999997,2.62234,27.52524,3.2777,28.1806
17.68,2.95002,28.1806,2.62234,28.1806,3.2777,28.1806
17.7,3.60537,27.852919999999997,3.27769,27.52524,3.93305,28.1806
17.72,3.93306,28.1806,3.93306,28.1806,3.93306,28.1806
17.74,4.26074,27.852915,3.93306,27.52524,4.58842,28.18059
17.76,4.26074,28.1806,3.93306,28.1806,4.58842,28.1806
17.78,4.260735,28.1806,3.93305,28.1806,4.58842,28.1806
17.8,4.26074,27.852919999999997,3.93306,27.52524,4.58842,28.1806
17.82,4.26074,28.50828,3.93306,28.1806,4.58842,28.83596
17.84,4.26074,28.50828,3.93306,28.1806,4.58842,28.83596
17.86,4.5884149999999995,28.50828,4.58842,28.1806,4.58841,28.83596
17.88,4.9161,28.835965,4.58842,28.83597,5.24378,28.83596
17.9,5.24378,28.50828,5.24378,28.1806,5.24378,28.83596
17.92,5.24379,28.50828,4.58843,28.1806,5.89915,28.83596
17.94,5.24379,28.83596,5.24379,28.83596,5.24379,28.83596
17.96,5.57147,28.50828,5.24379,28.1806,5.89915,28.83596
17.98,5.57147,28.835955,5.24379,28.83596,5.89915,28.83595
18.0,5.57147,28.18059,5.24379,28.18059,5.89915,28.18059
18.02,5.899155,27.852905,5.89915,27.52523,5.89916,28.18058
18.04,6.22684,28.180585,5.89916,28.18059,6.55452,28.18058
18.06,5.899165,28.180585,5.89916,28.18059,5.89917,28.18058
18.08,5.89917,28.180585,5.89917,28.18059,5.89917,28.18058
18.1,1.311585,26.214495,5.89916,26.86986,-3.27599,25.55913
18.12,-40.95953,17.694805,-28.17988,20.31625,-53.73918,15.07336
18.14,-57.99929,9.8305,-58.32691,10.48586,-57.67167,9.17514
18.16,-57.999375,11.46895,-58.32706,10.4859,-57.67169,12.452
18.18,-57.999375,12.779679999999999,-58.32705,12.452,-57.6717,13.10736
18.2,-57.999385000000004,12.452,-58.32706,12.452,-57.67171,12.452
18.22,-57.999404999999996,12.12432,-58.32708,11.79664,-57.67173,12.452
18.24,-57.999425,11.79664,-58.3271,11.79664,-57.67175,11.79664
18.26,-57.99944,11.141275,-58.32712,11.14128,-57.67176,11.14127
18.28,-57.99946,9.830545,-58.32714,9.83055,-57.67178,9.83054
18.3,-57.999475000000004,8.192125,-58.32715,8.51981,-57.6718,7.86444
18.32,-57.999489999999994,7.8644300000000005,-58.32718,7.20907,-57.6718,8.51979
18.34,-57.999485,7.864435,-58.32717,7.86444,-57.6718,7.86443
18.36,-57.9995,6.88139,-58.32718,7.20907,-57.67182,6.55371
18.38,-57.999515,5.24298,-58.32719,5.24298,-57.67184,5.24298
18.4,-57.999535,3.60457,-58.32721,3.93225,-57.67186,3.27689
18.42,-57.999565000000004,2.293845,-58.32724,2.62153,-57.67189,1.96616
18.44,-57.9996,0.65543,-58.32727,0.65543,-57.67193,0.65543
18.46,-57.999645,-0.655289999999995,-58.32731,-0.65529,-57.67198,-0.65528999999999
18.48,-57.999695,-1.31065,-58.32736,-1.31065,-57.67203,-1.31065
18.5,-57.999759999999995,-1.966005,-58.32743,-1.966,-57.67209,-1.96601
18.52,-57.99981,-2.949045,-58.32748,-3.27672,-57.67214,-2.62137
18.54,-57.999795,-1.63832,-58.32751,-2.62136,-57.67208,-0.65528
18.56,-57.016615,0.983129999999995,-57.67199,0.65544999999999,-56.36124,1.31081
18.58,-57.016615,1.31082,-57.01661,1.31082,-57.01662,1.31082
18.6,-56.68894,0.9831449999999999,-57.01662,0.65546,-56.36126,1.31083
18.62,-56.36125,0.983154999999995,-57.01662,0.65546999999999,-55.70588,1.31084
18.64,-56.033535,0.65548,-56.36123,0.65548,-55.70584,0.65548
18.66,-56.033495,0.3278099999999993,-56.36119,0.0001299999999986,-55.7058,0.65549
18.68,-56.033435,0.3278099999999993,-56.36113,0.0001299999999986,-55.70574,0.65549
18.7,-55.378029999999995,0.32805999999999735,-55.70572,0.0001399999999947,-55.05034,0.65598
18.72,-54.394965,0.3278149999999993,-55.05033,0.0001299999999986,-53.7396,0.6555
18.74,-53.41191,0.00015000000000135,-53.73959,0.0001499999999978,-53.08423,0.0001500000000049
18.76,-52.756550000000004,0.00015000000000135,-53.08423,0.0001499999999978,-52.42887,0.0001500000000049
18.78,-51.77351,0.32782499999999887,-52.42887,0.0001499999999978,-51.11815,0.6555
18.8,-50.79047,0.32781999999999734,-51.11815,0.0001399999999947,-50.46279,0.6555
18.82,-49.807424999999995,0.00013000000000215,-50.46279,0.0001299999999986,-49.15206,0.0001300000000057
18.84,-49.15206,-0.3275599999999988,-49.80742,-0.65524,-48.4967,0.0001200000000025
18.86,-48.16902,0.0001150000000009,-48.4967,0.0001199999999954,-47.84134,0.0001100000000064
18.88,-48.16901,0.32778500000000466,-48.49669,0.0001099999999993,-47.84133,0.65546000000001
18.9,-53.739599999999996,0.6554549999999981,-51.11814,9.9999999996214e-05,-56.36106,1.31081
18.92,-57.671775,1.310829999999995,-58.32715,0.65546999999999,-57.0164,1.96619
18.94,-56.688705,2.29387,-57.01639,1.96619,-56.36102,2.62155
18.96,-56.033335,2.62154,-56.36102,2.62154,-55.70565,2.62154
18.98,-56.033325000000005,2.949225,-56.36101,2.62154,-55.70564,3.27691
19.0,-55.37797,2.94922,-55.70565,2.62154,-55.05029,3.2769
19.02,-55.70565,2.94922,-55.70565,2.62154,-55.70565,3.2769
19.04,-57.999455,2.2938549999999998,-58.32712,1.96618,-57.67179,2.62153
19.06,-57.999475000000004,3.276905,-58.32716,2.62154,-57.67179,3.93227
19.08,-57.99947,3.60459,-58.32715,3.27691,-57.67179,3.93227
19.1,-57.99947,3.60459,-58.32715,3.27691,-57.67179,3.93227
19.12,-57.99947,3.27691,-58.32715,3.27691,-57.67179,3.27691
19.14,-57.99947,3.276905,-58.32715,3.27691,-57.67179,3.2769
19.16,-57.99946,3.276905,-58.32714,3.27691,-57.67178,3.2769
19.18,-57.999455,2.94922,-58.32714,2.62154,-57.67177,3.2769
19.2,-57.999449999999996,2.94922,-58.32713,2.62154,-57.67177,3.2769
19.22,-57.999444999999994,2.94922,-58.32713,2.62154,-57.67176,3.2769
19.24,-57.99944,2.94921,-58.32712,2.62153,-57.67176,3.27689
19.26,-57.999449999999996,2.621525,-58.32713,2.62153,-57.67177,2.62152
19.28,-57.999455,1.966145,-58.32713,1.96615,-57.67178,1.96614
19.3,-57.999475000000004,0.32773500000000083,-58.32715,0.65542,-57.6718,5.000000000166e-05
19.32,-53.41197,-4.259865,-58.32718,-3.27679,-48.49676,-5.24294
19.34,-39.321615,-5.89832,-39.97699,-6.55368,-38.66624,-5.24296
19.36,-40.63233,-4.259895,-40.63233,-4.58758,-40.63233,-3.93221
19.38,-38.993945,-6.55369,-39.97698,-5.89831,-38.01091,-7.20907
19.4,-36.044885,-11.141290000000001,-37.35559,-10.48591,-34.73418,-11.79667
19.42,-35.389545,-11.468985,-35.38955,-11.79667,-35.38954,-11.1413
19.44,-35.717235,-11.468969999999999,-36.04491,-11.79665,-35.38956,-11.14129
19.46,-33.751189999999994,-13.435075,-34.73421,-12.45201,-32.76817,-14.41814
19.48,-22.282345,-30.474515000000004,-26.86999,-22.28252,-17.6947,-38.66651
19.5,-22.60967,-55.70502,-16.38384,-56.36042,-28.8355,-55.04962
19.52,-56.03286,-35.716495,-54.39451,-41.94241,-57.67121,-29.49058
19.54,-57.99888,-37.027215,-58.32656,-31.45665,-57.6712,-42.59778
19.56,-54.721999999999994,-59.637135,-58.32648,-56.36033,-51.11752,-62.91394
19.58,-35.061435,-61.603215,-41.28727,-64.22465,-28.8356,-58.98178
19.6,-23.265245,-48.169215,-25.55892,-52.42891,-20.97157,-43.90952
19.62,-19.98862,-33.096154999999996,-19.66091,-36.70064,-20.31633,-29.49167
19.64,-23.26551,-21.95498,-22.28245,-24.24876,-24.24857,-19.6612
19.66,-27.19769,-16.05666,-26.87002,-17.03971,-27.52536,-15.07361
19.68,-29.163755000000002,-13.1075,-28.83608,-13.76287,-29.49143,-12.45213
19.7,-30.802135,-11.14138,-30.80214,-11.79675,-30.80213,-10.48601
19.72,-31.785165,-10.15832,-32.11285,-10.486,-31.45748,-9.83064
19.74,-32.440505,-9.175255,-32.76819,-9.83062,-32.11282,-8.51989
19.76,-33.095845,-7.86452,-33.42353,-7.86452,-32.76816,-7.86452
19.78,-33.095835,-8.1922,-33.42352,-8.51988,-32.76815,-7.86452
19.8,-33.095825000000005,-7.864515,-33.42351,-7.86452,-32.76814,-7.86451
19.82,-33.4235,-7.864504999999999,-33.4235,-8.51987,-33.4235,-7.20914
19.84,-37.683350000000004,-6.5537600000000005,-36.70031,-7.20912,-38.66639,-5.8984
19.86,-39.649415000000005,-4.587645,-39.9771,-5.24301,-39.32173,-3.93228
19.88,-40.63244,-4.25996,-40.63244,-4.58764,-40.63244,-3.93228
19.9,-40.632435,-3.9322749999999997,-41.2878,-3.93227,-39.97707,-3.93228
19.92,-40.304745,-4.25996,-40.63243,-4.58764,-39.97706,-3.93228
19.94,-40.9601,-3.93227,-41.28778,-3.93227,-40.63242,-3.93227
19.96,-40.960095,-3.932265,-40.63242,-3.93227,-41.28777,-3.93226
19.98,-41.615449999999996,-3.27689,-41.28777,-3.27689,-41.94313,-3.27689
20.0,-42.27081,-3.60457,-42.59849,-3.93225,-41.94313,-3.27689
20.02,-50.462810000000005,-3.604565,-43.25385,-3.93224,-57.67177,-3.27689
20.04,-42.92617,-3.60456,-43.25385,-3.93224,-42.59849,-3.27688
20.06,-42.92617,-3.6045550000000004,-43.25385,-3.93224,-42.59849,-3.27687
20.08,-43.25385,-3.60455,-43.25385,-3.93223,-43.25385,-3.27687
20.1,-42.598495,-3.60455,-43.25386,-3.93223,-41.94313,-3.27687
20.12,-29.491135,-0.32774000000000003,-34.07873,-1.31078,-24.90354,0.6553
20.14,-23.592755,2.29371,-22.9374,1.31066,-24.24811,3.27676
20.16,-25.558825,4.25982,-26.21419,3.93214,-24.90346,4.5875
20.18,-24.903455,3.93214,-25.55882,3.93214,-24.24809,3.93214
20.2,-24.57578,4.25982,-24.90346,3.93214,-24.2481,4.5875
20.22,-23.920425,3.93214,-24.2481,3.93214,-23.59275,3.93214
20.24,-23.26507,3.2767749999999998,-23.59275,3.27678,-22.93739,3.27677
20.26,-23.265075,3.27677,-23.59275,3.27677,-22.9374,3.27677
20.28,-22.60971,2.949095,-22.93739,2.62142,-22.28203,3.27677
20.3,-21.95436,2.621405,-22.28204,2.62141,-21.62668,2.6214
20.32,-20.315945,2.621405,-22.28204,1.96604,-18.34985,3.27677
20.34,-11.796115,4.915165,-13.10686,4.58749,-10.48537,5.24284
20.36,-12.12378,5.570535,-11.7961,5.24285,-12.45146,5.89822
20.38,-12.12379,5.57054,-12.45147,5.24286,-11.79611,5.89822
20.4,-12.123795000000001,5.2428550000000005,-12.45147,5.24286,-11.79612,5.24285
20.42,-12.123809999999999,4.58749,-12.45149,4.58749,-11.79613,4.58749
20.44,-12.123819999999998,4.58748,-12.4515,4.58748,-11.79614,4.58748
20.46,-12.45151,4.587485,-12.45151,3.93213,-12.45151,5.24284
20.48,-12.123835,4.2598,-12.45151,3.93212,-11.79616,4.58748
20.5,-12.45152,4.58748,-12.45152,4.58748,-12.45152,4.58748
20.52,-12.45152,4.5874749999999995,-12.45152,4.58748,-12.45152,4.58747
20.54,-8.519315,4.91515,-11.1408,4.58747,-5.89783,5.24283
20.56,-4.259385,5.57085,-3.93171,5.24351,-4.58706,5.89819
20.58,-5.897785,6.553565,-5.89779,6.55357,-5.89778,6.55356
20.6,-6.55314,6.225875,-6.55314,5.8982,-6.55314,6.55355
20.62,-6.55314,6.22588,-6.55314,5.8982,-6.55314,6.55356
20.64,-6.880815,6.225875,-7.2085,5.8982,-6.55313,6.55355
20.66,-6.225445000000001,6.22588,-6.55313,5.8982,-5.89776,6.55356
20.68,-6.225435,6.55356,-6.55312,6.55356,-5.89775,6.55356
20.7,-5.89775,6.55356,-6.55311,6.55356,-5.24239,6.55356
20.72,-4.9147,6.88124,-5.89775,6.55356,-3.93165,7.20892
20.74,6.2265999999999995,8.84733,3.27743,7.86429,9.17577,9.83037
20.76,9.175835,11.796479999999999,9.83119,10.48575,8.52048,13.10721
20.78,5.899055,15.401,6.55441,14.41795,5.2437,16.38405
20.8,2.94997,18.677825,3.27764,17.69478,2.6223,19.66087
20.82,0.9839150000000001,20.643929999999997,1.31159,20.31625,0.65624,20.97161
20.84,0.3285650000000011,21.62697,0.0008800000000022,20.97161,0.65625,22.28233
20.86,0.6562350000000011,21.954655000000002,0.0008800000000022,21.62698,1.31159,22.28233
20.88,0.3285550000000011,21.954925000000003,0.0008800000000022,21.62751,0.65623,22.28234
20.9,0.00087000000000255,22.282339999999998,0.000869999999999,21.62698,0.0008700000000061,22.9377
20.92,-0.32681999999999856,22.28234,-0.6545,22.28234,0.0008600000000029,22.28234
20.94,0.0008450000000049807,21.95466,-0.65451,21.62698,0.65620000000001,22.28234
20.96,0.3285150000000019,22.28235,0.0008400000000037,22.28235,0.65619,22.28235
20.98,0.98386,21.954665,0.65618,21.62698,1.31154,22.28235
21.0,1.31153,21.95467,1.31153,21.62699,1.31153,22.28235
21.02,1.9668800000000002,21.95467,1.31152,21.62699,2.62224,22.28235
21.04,2.29455,21.626995,1.96687,21.627,2.62223,21.62699
21.06,2.94991,21.62699,2.62223,21.62699,3.27759,21.62699
21.08,2.9499,21.299305,2.62222,20.97163,3.27758,21.62698
21.1,3.60526,20.97162,3.27758,20.97162,3.93294,20.97162
21.12,4.26062,20.31625,3.93294,20.31625,4.5883,20.31625
21.14,4.26062,19.988565,3.93294,19.66089,4.5883,20.31624
21.16,4.58829,19.988565,4.58829,19.66089,4.58829,20.31624
21.18,4.91597,19.660885,4.58829,19.66089,5.24365,19.66088
21.2,-14.08964,15.07334,-3.2761,17.03943,-24.90318,13.10725
21.22,-55.050105,5.24292,-52.42857,7.209,-57.67164,3.27684
21.24,-57.999455,3.932245,-58.32712,2.62151,-57.67179,5.24298
21.26,-57.99946,6.22605,-58.32714,5.89837,-57.67178,6.55373
21.28,-57.999475000000004,6.55373,-58.32715,6.55373,-57.6718,6.55373
21.3,-57.999494999999996,6.22605,-58.32717,5.89837,-57.67182,6.55373
21.32,-57.99951,5.89837,-58.32719,5.89837,-57.67183,5.89837
21.34,-57.999525,5.57069,-58.3272,5.24301,-57.67185,5.89837
21.36,-57.999535,5.243005,-58.32721,5.24301,-57.67186,5.243
21.38,-57.999545,4.58764,-58.32722,4.58764,-57.67187,4.58764
21.4,-57.99956,3.9322749999999997,-58.32724,3.93228,-57.67188,3.93227
21.42,-57.999575,4.915315,-58.32725,3.93227,-57.6719,5.89836
21.44,-57.99958,5.570685,-58.32726,5.24301,-57.6719,5.89836
21.46,-57.99959,5.24301,-58.32727,5.24301,-57.67191,5.24301
21.48,-57.9996,4.915325,-58.32728,4.58765,-57.67192,5.243
21.5,-57.999610000000004,4.91532,-58.32729,4.58764,-57.67193,5.243
21.52,-57.99962,4.25996,-58.3273,3.93228,-57.67194,4.58764
21.54,-57.999625,3.93227,-58.3273,3.93227,-57.67195,3.93227
21.56,-57.999629999999996,3.60459,-58.32731,3.27691,-57.67195,3.93227
21.58,-57.999635,3.276905,-58.32731,3.27691,-57.67196,3.2769
21.6,-57.999635,2.62154,-58.32731,2.62154,-57.67196,2.62154
21.62,-57.99964,2.6215349999999997,-58.32732,2.62154,-57.67196,2.62153
21.64,-57.999635,1.96617,-58.32732,1.96617,-57.67195,1.96617
21.66,-57.99964,1.638485,-58.32732,1.31081,-57.67196,1.96616
21.68,-57.99964,1.310795,-58.32732,1.3108,-57.67196,1.31079
21.7,-57.99964,0.983105,-58.32732,0.65543,-57.67196,1.31078
21.72,-57.99964,0.65542,-58.32732,0.65542,-57.67196,0.65542
21.74,-57.99964,0.65542,-58.32732,0.65542,-57.67196,0.65542
21.76,-57.999520000000004,2.621495,-58.32724,1.96614,-57.6718,3.27685
21.78,-57.99946,3.27685,-58.32714,3.27685,-57.67178,3.27685
21.8,-57.99946,2.949165,-58.32714,2.62149,-57.67178,3.27684
21.82,-57.99946,2.621485,-58.32714,2.62149,-57.67178,2.62148
21.84,-57.99947,2.2938,-58.32715,1.96612,-57.67179,2.62148
21.86,-57.999475000000004,1.6384349999999999,-58.32715,1.31076,-57.6718,1.96611
21.88,-57.99948,1.63843,-58.32716,1.31075,-57.6718,1.96611
21.9,-57.99949,1.310745,-58.32717,1.31075,-57.67181,1.31074
21.92,-57.99949,0.655385,-58.32717,0.65539,-57.67181,0.65538
21.94,-57.99949,0.655379999999995,-58.32717,0.65537999999999,-57.67181,0.65538
21.96,-57.999494999999996,2.00000000027955e-05,-58.32718,1.9999999999243e-05,-57.67181,2.0000000006348e-05
21.98,-57.9995,9.99999999962135e-06,-58.32718,9.9999999960687e-06,-57.67182,1.0000000003174e-05
22.0,-57.9995,-0.6553599999999951,-58.32718,-0.65536,-57.67182,-0.65535999999999
22.02,-57.9995,-0.6553599999999951,-58.32718,-0.65536,-57.67182,-0.65535999999999
22.04,-57.999445,-4.999999995036752e-06,-58.32717,-0.65536,-57.67172,0.65535000000001
22.06,-55.377845,2.949125,-57.01627,2.62145,-53.73942,3.2768
22.08,-54.06709,3.60449,-54.39477,3.27681,-53.73941,3.93217
22.1,-53.084050000000005,2.949125,-53.73941,2.62145,-52.42869,3.2768
22.12,-52.756370000000004,2.94912,-53.08405,2.62144,-52.42869,3.2768
22.14,-52.101015000000004,2.949125,-52.4287,2.62145,-51.77333,3.2768
22.16,-52.10102,2.2937600000000002,-52.4287,1.96608,-51.77334,2.62144
22.18,-52.10102,2.2937600000000002,-52.4287,1.96608,-51.77334,2.62144
22.2,-52.10102,1.96608,-52.4287,1.96608,-51.77334,1.96608
22.22,-52.10103,1.96608,-52.42871,1.96608,-51.77335,1.96608
22.24,-52.10103,1.96608,-52.42871,1.96608,-51.77335,1.96608
22.26,-52.42872,1.6384,-52.42872,1.31072,-52.42872,1.96608
22.28,-52.10104,1.6384,-52.42872,1.31072,-51.77336,1.96608
22.3,-44.564305000000004,3.6044799999999997,-47.84115,2.62144,-41.28746,4.58752
22.32,-40.63206,4.91521,-40.63206,4.58753,-40.63206,5.24289
22.34,-40.95974,4.91522,-41.28742,4.58754,-40.63206,5.2429
22.36,-40.959745,5.2429,-41.28743,5.2429,-40.63206,5.2429
22.38,-40.95974,5.57058,-41.28742,5.2429,-40.63206,5.89826
22.4,-40.95974,5.2429,-41.28742,5.2429,-40.63206,5.2429
22.42,-40.632055,5.2429,-40.63206,5.2429,-40.63205,5.2429
22.44,-40.959734999999995,5.5705849999999995,-41.28742,5.24291,-40.63205,5.89826
22.46,-40.632045000000005,5.57059,-40.63205,5.24291,-40.63204,5.89827
22.48,-41.287409999999994,4.91523,-41.2874,4.58755,-41.28742,5.24291
22.5,-54.06704,4.25987,-50.46252,4.58755,-57.67156,3.93219
22.52,-57.999255000000005,4.91525,-58.32694,3.9322,-57.67157,5.8983
22.54,-57.999245,6.22599,-58.32693,5.89831,-57.67156,6.55367
22.56,-57.99924,6.88136,-58.32692,6.55368,-57.67156,7.20904
22.58,-57.999235,7.86441,-58.32692,7.86441,-57.67155,7.86441
22.6,-57.99923,8.1921,-58.32691,7.86442,-57.67155,8.51978
22.62,-57.99923,8.51978,-58.32691,8.51978,-57.67155,8.51978
22.64,-57.99923,8.847465,-58.32691,8.51979,-57.67155,9.17514
22.66,-57.99923,8.847465,-58.32691,8.51979,-57.67155,9.17514
22.68,-57.99923,9.175145,-58.32691,9.17515,-57.67155,9.17514
22.7,-57.99923,8.847460000000002,-58.32691,8.51978,-57.67155,9.17514
22.72,-57.99923,8.51978,-58.32691,8.51978,-57.67155,8.51978
22.74,-57.9992,8.847465,-58.3269,8.51979,-57.6715,9.17514
22.76,-57.016095,10.158190000000001,-57.0161,9.83051,-57.01609,10.48587
22.78,-57.343775,9.830505,-57.67145,9.83051,-57.0161,9.8305
22.8,-57.343775,9.50282,-57.67146,9.17514,-57.01609,9.8305
22.82,-57.01609,9.8305,-57.01609,9.8305,-57.01609,9.8305
22.84,-56.688415,9.50282,-57.0161,9.17514,-56.36073,9.8305
22.86,-56.36074,9.17513,-57.0161,9.17513,-55.70538,9.17513
22.88,-55.705380000000005,9.175125,-56.36074,9.17513,-55.05002,9.17512
22.9,-55.377700000000004,8.519765,-55.70538,8.51977,-55.05002,8.51976
22.92,-55.05002,8.847439999999999,-55.05002,8.51976,-55.05002,9.17512
22.94,-54.72235,8.847439999999999,-55.05003,8.51976,-54.39467,9.17512
22.96,-54.066995000000006,8.192074999999999,-54.39468,7.8644,-53.73931,8.51975
22.98,-53.73932,8.192074999999999,-53.73932,7.8644,-53.73932,8.51975
23.0,-54.067,8.519755,-54.39468,8.51976,-53.73932,8.51975
23.02,-53.41164,7.5367049999999995,-53.73932,7.20903,-53.08396,7.86438
23.04,-52.756285,6.22598,-53.08396,6.55367,-52.42861,5.89829
23.06,-50.134885,2.949135,-51.11791,3.93219,-49.15186,1.96608
23.08,-49.479555000000005,1.31071,-49.15187,1.31071,-49.80724,1.31071
23.1,-50.46259,1.638395,-50.46259,1.31072,-50.46259,1.96607
23.12,-50.790265,1.9660800000000003,-51.11794,1.31072,-50.46259,2.62144
23.14,-51.44562,2.94913,-51.7733,2.62145,-51.11794,3.27681
23.16,-51.7733,2.94913,-51.7733,2.62145,-51.7733,3.27681
23.18,-51.44561,3.6045,-51.77329,3.27682,-51.11793,3.93218
23.2,-51.773295000000005,3.93218,-51.7733,3.27682,-51.77329,4.58754
23.22,-51.77329,4.91523,-51.77329,4.58755,-51.77329,5.24291
23.24,-52.10096,5.24291,-52.42864,5.24291,-51.77328,5.24291
23.26,-52.42864,5.5706,-52.42864,5.24292,-52.42864,5.89828
23.28,-52.10096,6.22596,-52.42864,5.89828,-51.77328,6.55364
23.3,-51.11792,6.55364,-51.11792,5.89828,-51.11792,7.209
23.32,-50.462565,6.88133,-51.11793,6.55365,-49.8072,7.20901
23.34,-49.15186,6.881325,-49.80722,6.55365,-48.4965,7.209
23.36,-48.82417,7.20901,-49.15185,6.55365,-48.49649,7.86437
23.38,-48.82418,7.864374999999999,-49.15186,7.20902,-48.4965,8.51973
23.4,-48.824175,8.19206,-49.15185,7.86438,-48.4965,8.51974
23.42,-48.49649,8.19206,-48.49649,7.86438,-48.49649,8.51974
23.44,-48.82417,8.84742,-49.15185,8.51974,-48.49649,9.1751
23.46,-48.82417,8.84743,-49.15185,8.51975,-48.49649,9.17511
23.48,-48.82417,9.502790000000001,-49.15185,9.17511,-48.49649,9.83047
23.5,-48.496485,9.502790000000001,-48.49649,9.17511,-48.49648,9.83047
23.52,-48.496485,9.502790000000001,-48.49649,9.17511,-48.49648,9.83047
23.54,-48.49648,10.158155,-49.15184,9.83048,-47.84112,10.48583
23.56,-47.513445000000004,9.83047,-48.49648,9.83048,-46.53041,9.83046
23.58,-45.2197,8.847405,-46.53042,9.1751,-43.90898,8.51971
23.6,-38.33846,1.310655,-41.28756,5.24287,-35.38936,-2.62156
23.62,-22.93763,-19.988855,-27.52512,-14.41821,-18.35014,-25.5595
23.64,-8.192065,-44.237445,-9.83047,-39.3222,-6.55366,-49.15269
23.66,-34.406625,-59.310815,-22.28239,-57.01707,-46.53086,-61.60456
23.68,-57.999849999999995,-62.259765,-58.3275,-63.57057,-57.6722,-60.94896
23.7,-57.99977,-47.18585,-58.32749,-54.39505,-57.67205,-39.97665
23.72,-57.999515,-18.021774999999998,-58.32726,-24.24769,-57.67177,-11.79586
23.74,-57.999255000000005,-7.208335,-58.32701,-7.86369,-57.6715,-6.55298
23.76,-57.99906,-6.552975,-58.32678,-6.55297,-57.67134,-6.55298
23.78,-57.998935,-9.174415,-58.32662,-8.51905,-57.67125,-9.82978
23.8,-57.998905,-13.761935000000001,-58.3266,-12.45121,-57.67121,-15.07266
23.82,-57.99901,-24.903055000000002,-58.32664,-20.97089,-57.67138,-28.83522
23.84,-57.999340000000004,-45.546895,-58.32692,-39.97633,-57.67176,-51.11746
23.86,-57.999935,-69.467535,-58.32744,-63.56929,-57.67243,-75.36578
23.88,-58.00024,-87.490175,-58.32792,-85.85164,-57.67256,-89.12871
23.9,-58.00024,-92.405665,-58.32792,-93.06098,-57.67256,-91.75035
23.92,-58.00024,-84.541405,-58.32792,-87.81822,-57.67256,-81.26459
23.94,-58.00024,-71.43414,-58.32792,-74.71096,-57.67256,-68.15732
23.96,-58.00024,-59.96523,-58.32792,-62.91437,-57.67256,-57.01609
23.98,-58.00024,-49.479335,-58.32792,-52.42849,-57.67256,-46.53018
24.0,-58.00024,-37.682725000000005,-58.32792,-40.63186,-57.67256,-34.73359
24.02,-58.00024,-29.818395000000002,-58.32792,-31.45679,-57.67256,-28.18
24.04,-58.00024,-24.903205,-58.32792,-26.21392,-57.67256,-23.59249
24.06,-58.00024,-21.62641,-58.32792,-22.28177,-57.67256,-20.97105
24.08,-58.00024,-20.315685000000002,-58.32792,-20.97105,-57.67256,-19.66032
24.1,-58.00024,-18.34961,-58.32792,-19.00497,-57.67256,-17.69425
24.12,-58.00024,-17.038875,-58.32792,-17.69424,-57.67256,-16.38351
24.14,-58.00024,-16.711165,-58.32792,-17.03885,-57.67256,-16.38348
24.16,-58.00024,-22.93716,-58.32792,-17.0388,-57.67256,-28.83552
24.18,-58.00024,-36.044790000000006,-58.32792,-34.73405,-57.67256,-37.35553
24.2,-58.00024,-37.027699999999996,-58.32792,-37.35541,-57.67256,-36.69999
24.22,-58.00024,-37.027654999999996,-58.32792,-37.35534,-57.67256,-36.69997
24.24,-58.00024,-36.69995,-58.32792,-36.69995,-57.67256,-36.69995
24.26,-58.00024,-36.372265,-58.32792,-36.69994,-57.67256,-36.04459
24.28,-58.00024,-36.044579999999996,-58.32792,-36.69994,-57.67256,-35.38922
24.3,-58.00024,-36.04459,-58.32792,-36.04459,-57.67256,-36.04459
24.32,-58.00024,-35.71691,-58.32792,-36.04459,-57.67256,-35.38923
24.34,-58.00024,-34.733865,-58.32792,-35.38922,-57.67256,-34.07851
24.36,-58.00024,-34.40617,-58.32792,-34.73385,-57.67256,-34.07849
24.38,-58.00024,-33.750795,-58.32792,-34.07848,-57.67256,-33.42311
24.4,-58.00024,-33.095405,-58.32792,-33.42309,-57.67256,-32.76772
24.42,-58.00024,-33.42304,-58.32792,-32.76768,-57.67256,-34.0784
24.44,-58.00024,-32.11222,-58.32792,-32.11222,-57.67256,-32.11222
24.46,-58.00024,-33.095240000000004,-58.32792,-32.11219,-57.67256,-34.07829
24.48,-58.00024,-35.71672,-58.32792,-35.38902,-57.67256,-36.04442
24.5,-58.00024,-36.69985,-58.32792,-36.69982,-57.67256,-36.69988
24.52,-58.00024,-36.699915000000004,-58.32792,-37.35526,-57.67256,-36.04457
24.54,-58.00024,-35.06156,-58.32792,-35.38923,-57.67256,-34.73389
24.56,-58.00024,-34.07855,-58.32792,-34.7339,-57.67256,-33.4232
24.58,-58.00024,-33.095535,-58.32792,-33.42321,-57.67256,-32.76786
24.6,-58.00024,-32.440195,-58.32792,-32.76787,-57.67256,-32.11252
24.62,-58.00024,-32.112535,-58.32792,-32.11253,-57.67256,-32.11254
24.64,-58.00024,-32.44024,-58.32792,-32.76791,-57.67256,-32.11257
24.66,-58.00024,-33.423305,-58.32792,-33.4233,-57.67256,-33.42331
24.68,-58.00024,-34.078685,-58.32792,-34.07868,-57.67256,-34.07869
24.7,-58.00024,-36.700135,-58.32792,-35.38941,-57.67256,-38.01086
24.72,-58.00024,-37.683105,-58.32792,-39.9769,-57.67256,-35.38931
24.74,-58.00024,-30.473779999999998,-58.32792,-31.45692,-57.67256,-29.49064
24.76,-58.00024,-28.507635,-58.32792,-28.17995,-57.67256,-28.83532
24.78,-58.00024,-33.095124999999996,-58.32792,-32.11209,-57.67256,-34.07816
24.8,-58.00024,-36.371915,-58.32792,-36.04423,-57.67256,-36.6996
24.82,-58.00024,-36.044309999999996,-58.32792,-36.04428,-57.67256,-36.04434
24.84,-58.00024,-35.389044999999996,-58.32792,-35.38902,-57.67256,-35.38907
24.86,-58.00024,-35.389115000000004,-58.32792,-35.3891,-57.67256,-35.38913
24.88,-58.00024,-35.06146,-58.32792,-35.38913,-57.67256,-34.73379
24.9,-58.00024,-34.07844,-58.32792,-34.07843,-57.67256,-34.07845
24.92,-58.00024,-33.42309,-58.32792,-34.07845,-57.67256,-32.76773
24.94,-58.00024,-33.750765,-58.32792,-34.07845,-57.67256,-33.42308
24.96,-58.00024,-33.09539,-58.32792,-33.42307,-57.67256,-32.76771
24.98,-58.00024,-32.440020000000004,-58.32792,-32.7677,-57.67256,-32.11234
25.0,-58.00024,-31.784644999999998,-58.32792,-32.11233,-57.67256,-31.45696
25.02,-58.00024,-33.750730000000004,-58.32792,-32.76768,-57.67256,-34.73378
25.04,-58.00024,-39.97678,-58.32792,-38.66598,-57.67256,-41.28758
25.06,-58.00024,-41.615480000000005,-58.32792,-41.94315,-57.67256,-41.28781
25.08,-58.00005,-33.422995,-58.32792,-36.04469,-57.67218,-30.8013
25.1,-57.999295000000004,-16.055695,-58.3272,-22.28161,-57.67139,-9.82978
25.12,-57.998495000000005,1.966704999999997,-58.32632,0.0006299999999939,-57.67067,3.93278
25.14,-57.997945,8.520305,-58.32574,6.55423,-57.67015,10.48638
25.16,-57.997550000000004,10.814065,-58.32531,11.14175,-57.66979,10.48638
25.18,-57.9974,2.622065,-58.32506,4.58815,-57.66974,0.65598
25.2,-55.04853,2.294384999999997,-58.32527,0.0006299999999939,-51.77179,4.58814
25.22,-28.17866,7.8644099999999995,-35.38769,7.20916,-20.96963,8.51966
25.24,-11.466775,13.107075,-14.41593,11.7964,-8.51762,14.41775
25.26,-1.308605,19.66055,-4.58542,17.69449,1.96821,21.62661
25.28,18.679855,22.93728,9.83253,21.62658,27.52718,24.24798
25.3,40.634335,28.835549999999998,37.35754,26.86945,43.91113,30.80165
25.32,39.978970000000004,30.473935,42.60043,31.457,37.35751,29.49087
25.34,36.04666,22.609544999999997,36.04669,24.24795,36.04663,20.97114
25.36,26.543885,18.022015,30.14838,18.3497,22.93939,17.69433
25.38,14.74724,17.038960000000003,15.73034,16.38361,13.76414,17.69431
25.4,13.764009999999999,17.36661,14.41941,17.03894,13.10861,17.69428
25.42,10.159415,17.694274999999998,10.48711,17.69428,9.83172,17.69427
25.44,8.52092,17.694255,8.52094,17.0389,8.5209,18.34961
25.46,7.5378050000000005,18.67728,7.21014,18.34961,7.86547,19.00495
25.48,6.554695000000001,17.36654,6.55471,17.03887,6.55468,17.69421
25.5,5.899274999999999,17.694205,5.89929,17.69421,5.89926,17.6942
25.52,4.916180000000001,18.021875,4.58851,17.6942,5.24385,18.34955
25.54,3.60542,18.677225,3.93311,18.34955,3.27773,19.0049
25.56,7.53765,18.677185,3.93308,19.00489,11.14222,18.34948
25.58,16.385195,17.3664,15.72984,17.03871,17.04055,17.69409
25.6,14.419055,18.677155,14.41907,18.34948,14.41904,19.00483
25.62,13.763665,19.33251,13.76367,19.00483,13.76366,19.66019
25.64,12.452905,18.677149999999997,12.45291,18.34947,12.4529,19.00483
25.66,10.486795,18.021785,10.4868,17.69411,10.48679,18.34946
25.68,9.50374,17.694105,9.17606,17.69411,9.83142,17.6941
25.7,9.503730000000001,17.038735000000003,9.17605,17.03874,9.83141,17.03873
25.72,9.8314,17.366405,9.17604,17.03873,10.48676,17.69408
25.74,9.831405,18.349435,9.8314,17.69408,9.83141,19.00479
25.76,9.831415,19.66015,9.83141,19.00479,9.83142,20.31551
25.78,9.503765000000001,21.95392,9.17608,20.97088,9.83145,22.93696
25.8,11.142185,24.57536,9.1761,23.59232,13.10827,25.5584
25.82,13.763655,27.19681,11.79757,26.86913,15.72974,27.52449
25.84,15.729755,29.1629,15.07439,28.83522,16.38512,29.49058
25.86,18.6789,29.81827,17.69586,29.49059,19.66194,30.14595
25.88,20.972665,29.49061,19.66194,29.49061,22.28339,29.49061
25.9,24.24947,28.179895000000002,22.93875,28.1799,25.56019,28.17989
25.92,28.181624999999997,26.86918,26.87091,26.86918,29.49234,26.86918
25.94,32.44144,25.23077,30.80305,25.55846,34.07983,24.90308
25.96,37.028925,22.281635,35.39053,22.937,38.66732,21.62627
25.98,41.61641,18.34944,39.97802,19.00481,43.2548,17.69407
26.0,45.8762,13.106525000000001,44.56549,14.41726,47.18691,11.79579
26.02,51.119065,4.914479999999999,49.80834,7.20825,52.42979,2.62071
26.04,52.42982000000001,-5.571285,52.42981,-3.27753,52.42983,-7.86504
26.06,49.80846,-13.43549,50.46379,-11.79713,49.15313,-15.07385
26.08,37.029105,-18.67795,42.59964,-18.35044,31.45857,-19.00546
26.1,9.831615,-20.315665,15.07452,-20.31579,4.58871,-20.31554
26.12,-6.880140000000001,-22.936975,-5.24172,-22.28161,-8.51856,-23.59234
26.14,-7.20795,-26.214010000000002,-9.17399,-26.21377,-5.24191,-26.21425
26.16,-0.6545699999999979,-23.26569,-1.30987,-24.90397,0.0007300000000043,-21.62741
26.18,1.96676,-19.3338,1.31141,-20.3168,2.62211,-18.3508
26.2,3.60513,-17.040129999999998,2.6221,-17.69548,4.58816,-16.38478
26.22,4.58813,-15.72944,3.93278,-16.38479,5.24348,-15.07409
26.24,4.588089999999999,-15.401779999999999,3.93274,-15.72945,5.24344,-15.07411
26.26,4.26037,-15.074105,3.9327,-15.0741,4.58804,-15.07411
26.28,4.260339999999999,-15.4018,3.93267,-15.72947,4.58801,-15.07413
26.3,4.260315,-15.401805,3.93264,-15.72948,4.58799,-15.07413
26.32,4.58798,-16.38485,3.93262,-16.38484,5.24334,-16.38486
26.34,5.24333,-17.367894999999997,4.58797,-17.04021,5.89869,-17.69558
26.36,7.53709,-18.35094,6.55405,-18.35094,8.52013,-18.35094
26.38,10.158529999999999,-19.0063,9.17549,-19.0063,11.14157,-19.0063
26.4,12.77998,-19.33398,11.79693,-19.66166,13.76303,-19.0063
26.42,14.74607,-19.66165,13.76303,-19.66165,15.72911,-19.66165
26.44,16.056795,-19.66165,15.72911,-19.66165,16.38448,-19.66165
26.46,18.022865,-19.33397,17.03983,-19.66165,19.0059,-19.00629
26.48,19.333565,-19.333975000000002,19.00589,-19.66165,19.66124,-19.0063
26.5,19.988905,-19.33398,19.66123,-19.66166,20.31658,-19.0063
26.52,19.661205000000002,-19.989335,19.66121,-20.31701,19.6612,-19.66166
26.54,19.3335,-20.31701,19.00583,-20.31701,19.66117,-20.31701
26.56,18.350434999999997,-20.31701,18.35044,-20.31701,18.35043,-20.31701
26.58,17.039679999999997,-19.66163,17.69505,-20.97236,16.38431,-18.3509
26.6,5.898485,-8.192685,8.51994,-11.79721,3.27703,-4.58816
26.64,-0.65517,5.89771,-0.65517,4.58698,-0.65517,7.20844
26.66,-1.31053,6.880755000000001,-1.31053,6.55307,-1.31053,7.20844
26.68,-0.6551600000000002,7.53613,-1.31052,7.20845,0.0001999999999995,7.86381
26.7,0.3278950000000014,8.51917,0.0002100000000027,7.86381,0.65558,9.17453
26.72,1.638635,9.17454,0.65559,8.51918,2.62168,9.8299
26.74,3.27704,9.502225,2.62168,9.17455,3.9324,9.8299
26.76,4.260095,10.157595,3.93241,9.82991,4.58778,10.48528
26.78,5.570825,10.81296,4.58778,10.48528,6.55387,11.14064
26.8,7.20924,10.812965,6.55388,11.14065,7.8646,10.48528
26.82,8.519965000000001,9.502234999999999,7.8646,9.82992,9.17533,9.17455
26.84,9.830695,10.157589999999999,9.83069,9.82991,9.8307,10.48527
26.86,9.503035,11.140635,9.17535,10.48528,9.83072,11.79599
26.88,9.503055,12.123674999999999,9.17537,11.796,9.83074,12.45135
26.9,9.50305,12.779029999999999,9.17537,12.45135,9.83073,13.10671
26.92,9.175374999999999,12.779035,9.17537,12.45136,9.17538,13.10671
26.94,8.19233,11.79599,7.86465,11.79599,8.52001,11.79599
26.96,7.2092849999999995,11.140625,7.20929,11.14063,7.20928,11.14062
26.98,6.553875,10.15758,6.55384,9.8299,6.55391,10.48526
27.0,6.22622,9.502215,5.89854,9.17454,6.5539,9.82989
27.02,5.570855,8.846845,5.24318,8.51917,5.89853,9.17452
27.04,5.5708400000000005,7.536115000000001,5.24316,7.8638,5.89852,7.20843
27.06,5.570825,6.225375,5.24315,6.55306,5.8985,5.89769
27.08,4.915455,5.242325,4.58778,5.24233,5.24313,5.24232
27.1,4.587755,4.58696,4.58776,4.58696,4.58775,4.58696
27.12,4.587725,2.948545,3.93237,3.27623,5.24308,2.62086
27.14,4.91538,1.965485,4.5877,1.96549,5.24306,1.96548
27.16,3.9323249999999996,1.3101150000000001,3.93233,1.31012,3.93232,1.31011
27.18,4.259985,1.6378,3.93231,1.31013,4.58766,1.96547
27.2,3.6046050000000003,1.637805,3.27693,1.31013,3.93228,1.96548
27.22,4.259935,2.293165,3.93226,1.96549,4.58761,2.62084
27.24,4.915275,2.948525,4.5876,2.62085,5.24295,3.2762
27.26,4.915255,3.27621,4.58758,2.62085,5.24293,3.93157
27.28,4.9152249999999995,2.948525,4.58755,2.62085,5.2429,3.2762
27.3,3.9321650000000004,2.948525,3.93217,2.62085,3.93216,3.2762
27.32,2.62142,2.949135,3.27679,2.62207,1.96605,3.2762
27.34,-12.45195,7.863835,-8.51976,5.89772,-16.38414,9.82995
27.36,-26.214585,13.43451,-24.90386,12.45146,-27.52531,14.41756
27.38,-29.163725,16.383655,-28.83604,15.72829,-29.49141,17.03902
27.4,-30.80215,16.383654999999997,-30.80214,16.38366,-30.80216,16.38365
27.42,-32.112905,16.055965,-32.1129,15.72829,-32.11291,16.38364
27.44,-33.423655,16.711315,-33.42365,16.38364,-33.42366,17.03899
27.46,-33.751365,16.38363,-34.07904,16.38363,-33.42369,16.38363
27.48,-34.07907,16.055945,-34.73442,15.72827,-33.42372,16.38362
27.5,-33.423725,15.72825,-34.07908,15.72825,-32.76837,15.72825
27.52,-31.129975,15.072875,-32.11301,15.07288,-30.14694,15.07287
27.54,-29.163899999999998,14.745190000000001,-29.49158,14.41751,-28.83622,15.07287
27.56,-27.853165,14.745185,-28.83621,14.41751,-26.87012,15.07286
27.58,-26.21476,14.745185,-26.87012,14.41751,-25.5594,15.07286
27.6,-24.248665,14.745185,-24.90403,14.41751,-23.5933,15.07286
27.62,-22.937935,14.745180000000001,-23.5933,14.4175,-22.28257,15.07286
27.64,-20.971835,15.072865,-21.6272,15.07287,-20.31647,15.07286
27.66,-19.33341,15.400535000000001,-20.31646,15.07286,-18.35036,15.72821
27.68,-17.694985,15.72821,-18.35035,15.72821,-17.03962,15.72821
27.7,-16.384235,16.055889999999998,-17.0396,15.72821,-15.72887,16.38357
27.72,-13.762775,16.383565,-14.41814,15.72821,-13.10741,17.03892
27.74,-12.452045,16.711244999999998,-13.10741,16.38357,-11.79668,17.03892
27.76,-10.485945000000001,17.366605,-11.14131,17.03893,-9.83058,17.69428
27.78,-9.502894999999999,17.36661,-9.83058,17.03893,-9.17521,17.69429
27.8,-7.8644750000000005,17.694285,-8.51984,17.69429,-7.20911,17.69428
27.82,-6.881425,18.02197,-7.20911,17.69429,-6.55374,18.34965
27.84,-5.5707,18.02196,-5.89838,17.69428,-5.24302,18.34964
27.86,-4.58766,17.3666,-5.24302,17.03892,-3.9323,17.69428
27.88,-3.9323049999999995,17.03891,-4.58766,17.03891,-3.27695,17.03891
27.9,-2.949275,17.0389,-3.27695,17.0389,-2.6216,17.0389
27.92,-2.9492849999999997,16.71122,-3.27696,16.38354,-2.62161,17.0389
27.94,-3.60466,16.383535000000002,-3.93234,16.38354,-3.27698,16.38353
27.96,-3.60467,15.400490000000001,-3.93235,15.07281,-3.27699,15.72817
27.98,-3.60468,15.400485,-3.93236,15.72817,-3.277,15.0728
28.0,-4.260045,14.745125000000002,-4.58772,14.41745,-3.93237,15.0728
28.02,-4.26005,14.745125000000002,-4.58773,14.41745,-3.93237,15.0728
28.04,-3.60469,14.41744,-3.93237,14.41744,-3.27701,14.41744
28.06,-3.60469,14.417445,-3.93237,14.41745,-3.27701,14.41744
28.08,-2.949325,13.762084999999999,-3.27701,13.76209,-2.62164,13.76208
28.1,-2.62164,13.762075,-3.277,13.76208,-1.96628,13.76207
28.12,-2.29396,13.76207,-2.62164,13.76207,-1.96628,13.76207
28.14,-2.29395,14.089755,-2.62163,13.76208,-1.96627,14.41743
28.16,-1.96627,14.089759999999998,-1.96627,13.76208,-1.96627,14.41744
28.18,-2.62163,14.089755,-2.62163,13.76208,-2.62163,14.41743
28.2,-2.94932,14.41744,-3.277,13.76208,-2.62164,15.0728
28.22,-2.949325,14.74512,-3.277,14.41744,-2.62165,15.0728
28.24,-3.27701,15.07281,-3.27701,14.41745,-3.27701,15.72817
28.26,-3.60469,16.05586,-3.93237,15.72818,-3.27701,16.38354
28.28,-4.58773,16.711235,-4.58773,15.72819,-4.58773,17.69428
28.3,-4.587725,16.38355,-4.58773,16.38355,-4.58772,16.38355
28.32,-5.24309,16.055865,-5.24309,15.72819,-5.24309,16.38354
28.34,-5.89844,16.38355,-5.89844,16.38355,-5.89844,16.38355
28.36,-6.553795,16.71124,-6.5538,16.38356,-6.55379,17.03892
28.38,-7.2091449999999995,17.038919999999997,-7.20915,16.38356,-7.20914,17.69428
28.4,-8.847539999999999,17.038925,-8.51986,17.03893,-9.17522,17.03892
28.42,-10.485935,17.03893,-10.48594,17.03893,-10.48593,17.03893
28.44,-12.45201,17.038935000000002,-12.45201,17.03894,-12.45201,17.03893
28.46,-14.090420000000002,16.71126,-13.76274,16.38358,-14.4181,17.03894
28.48,-15.728825,16.38358,-15.72882,16.38358,-15.72883,16.38358
28.5,-16.71188,16.055895,-16.3842,15.72822,-17.03956,16.38357
28.52,-17.694935,15.072845000000001,-17.69493,15.07285,-17.69494,15.07284
28.54,-11.14122,12.123655,-17.03956,14.41747,-5.24288,9.82984
28.56,16.056745,1.96531,9.83071,4.58681,22.28278,-0.65619
28.58,33.09644,-6.882205,30.14725,-4.58841,36.04563,-9.176
28.6,42.926914999999994,-12.4528,41.28852,-11.79745,44.56531,-13.10815
28.62,47.186735,-13.763515,45.87601,-13.76351,48.49746,-13.76352
28.64,51.774245,-13.76352,50.46353,-13.76352,53.08496,-13.76352
28.66,55.05103,-14.091204999999999,54.39567,-14.41888,55.70639,-13.76353
28.68,57.0171,-14.41888,56.36174,-14.41888,57.67246,-14.41888
28.7,58.32782,-14.418895,57.67246,-14.41889,58.98318,-14.4189
28.72,59.31086,-14.746575,58.98318,-15.07425,59.63854,-14.4189
28.74,59.638549999999995,-14.091225000000001,58.98319,-14.4189,60.29391,-13.76355
28.76,60.29392,-13.763545,59.63856,-13.76354,60.94928,-13.76355
28.78,60.949285,-13.108184999999999,60.94928,-13.76355,60.94929,-12.45282
28.8,61.276975,-12.125139999999998,60.94929,-12.45282,61.60466,-11.79746
28.82,61.604665,-11.46978,60.9493,-11.79746,62.26003,-11.1421
28.84,61.276995,-11.46978,60.94931,-11.79746,61.60468,-11.1421
28.86,52.7573,1.637585,56.36178,-4.58841,49.15282,7.86358
28.88,39.977779999999996,24.575474999999997,41.94386,19.66021,38.0117,29.49074
28.9,32.113475,37.027485,32.76883,36.04443,31.45812,38.01054
28.92,28.181335,41.287375,28.83669,39.97664,27.52598,42.59811
28.94,24.249205,42.270455,24.2492,41.94277,24.24921,42.59814
28.96,23.266185,42.270485,22.9385,41.9428,23.59387,42.59817
28.98,24.24925,42.270505,23.59388,41.94282,24.90462,42.59819
29.0,26.215365,42.270515,24.90464,41.94284,27.52609,42.59819
29.02,28.18148,42.27052,27.52611,41.94284,28.83685,42.5982
29.04,29.16455,42.27053,28.83686,41.94285,29.49224,42.59821
29.06,30.802985,42.270525,30.14762,41.94285,31.45835,42.5982
29.08,31.458370000000002,42.270525,30.803,41.94285,32.11374,42.5982
29.1,32.113755,42.270525,32.11375,41.94285,32.11376,42.5982
29.12,32.44145,42.27052,32.11377,41.94284,32.76913,42.5982
29.14,32.441455000000005,42.27052,32.11377,41.94284,32.76914,42.5982
29.16,32.11379,42.27053,32.11379,41.94285,32.11379,42.59821
29.18,31.458435,42.27053,31.45843,41.94285,31.45844,42.59821
29.2,30.475405000000002,42.270545,30.80308,41.94287,30.14773,42.59822
29.22,29.164695000000002,42.27054,29.49237,41.94286,28.83702,42.59822
29.24,27.853985,42.27054,28.18166,41.94286,27.52631,42.59822
29.26,26.215584999999997,42.27055,26.21558,41.94287,26.21559,42.59823
29.28,24.249515000000002,42.27056,24.24951,41.94288,24.24952,42.59824
29.3,22.93879,42.270555,22.93879,41.94288,22.93879,42.59823
29.32,20.97271,42.270555,20.97271,41.94288,20.97271,42.59823
29.34,2.294755,41.287435,12.45294,41.94285,-7.86343,40.63202
29.36,-32.111999999999995,36.700320000000005,-26.21369,37.35522,-38.01031,36.04542
29.38,-40.63182,38.338285,-41.94253,36.69987,-39.32111,39.9767
29.4,-38.66577,41.287435,-39.32112,40.63208,-38.01042,41.94279
29.42,-37.682775,41.287435,-38.01045,41.28744,-37.3551,41.28743
29.44,-37.6828,40.304384999999996,-38.01048,40.63207,-37.35512,39.9767
29.46,-38.338184999999996,38.338285,-38.66586,38.66597,-38.01051,38.0106
29.48,-37.682855,36.37219,-38.01053,36.69987,-37.35518,36.04451
29.5,-36.69984,33.75074,-37.3552,34.07843,-36.04448,33.42305
29.52,-35.71682,31.784644999999998,-36.0445,32.11233,-35.38914,31.45696
29.54,-33.750755,30.146234999999997,-34.73379,30.14624,-32.76772,30.14623
29.56,-30.801655,28.835504999999998,-31.45701,28.83551,-30.1463,28.8355
29.58,-27.852539999999998,27.52477,-29.49094,27.52478,-26.21414,27.52476
29.6,-22.609679999999997,23.264870000000002,-24.90344,24.9033,-20.31592,21.62644
29.62,-30.14638,4.2592099999999995,-25.55883,11.79594,-34.73393,-3.27752
29.64,-38.33838,-14.09105,-38.66608,-13.10801,-38.01068,-15.07409
29.66,-38.01072,-16.057105,-38.66607,-16.38478,-37.35537,-15.72943
29.68,-40.304545000000005,-15.07407,-39.97685,-15.72943,-40.63224,-14.41871
29.7,-42.926045,-13.763345,-42.59835,-14.4187,-43.25374,-13.10799
29.72,-44.236819999999994,-12.452625,-44.56449,-13.10798,-43.90915,-11.79727
29.74,-44.56452,-11.797274999999999,-45.21988,-12.45263,-43.90916,-11.14192
29.76,-43.90917,-10.814229999999998,-44.56453,-11.14191,-43.25381,-10.48655
29.78,-42.270775,-10.158864999999999,-42.59846,-10.48654,-41.94309,-9.83119
29.8,-40.63237,-10.15887,-41.28773,-10.48655,-39.97701,-9.83119
29.82,-38.338620000000006,-10.158875,-39.32166,-10.48655,-37.35558,-9.8312
29.84,-36.044865,-10.48657,-36.70022,-10.48656,-35.38951,-10.48658
29.86,-34.40647,-10.486575,-34.73415,-10.48657,-34.07879,-10.48658
29.88,-34.0788,-10.1589,-34.73416,-10.48658,-33.42344,-9.83122
29.9,-33.09576,-10.158915,-33.42344,-10.48659,-32.76808,-9.83124
29.92,-32.440405,-9.503554999999999,-32.76808,-9.83123,-32.11273,-9.17588
29.94,-32.11273,-8.848205,-32.76809,-9.17588,-31.45737,-8.52053
29.96,-32.112725,-8.520525,-32.11273,-9.17588,-32.11272,-7.86517
29.98,-31.129694999999998,-7.865164999999999,-31.45738,-8.52052,-30.80201,-7.20981
30.0,-31.12969,-8.192855,-31.45737,-8.52053,-30.80201,-7.86518
30.02,-31.45736,-4.588345,-31.45737,-6.55444,-31.45735,-2.62225
30.04,-31.12966,-0.6561449999999994,-31.45734,-1.31151,-30.80198,-0.0007799999999988
30.06,-30.80198,0.98227,-31.45734,0.65459,-30.14662,1.30995
30.08,-30.474294999999998,0.982275,-30.80198,0.65459,-30.14661,1.30996
30.1,-30.47429,1.63764,-30.80197,1.30996,-30.14661,1.96532
30.12,-31.45732,2.293005,-31.45732,1.96532,-31.45732,2.62069
30.14,-32.11268,2.29301,-32.11268,1.96533,-32.11268,2.62069
30.16,-33.09571,2.620695,-33.42339,1.96533,-32.76803,3.27606
30.18,-34.734115,3.60375,-34.73411,3.27607,-34.73412,3.93143
30.2,-36.044835,4.5868,-36.04484,3.93144,-36.04483,5.24216
30.22,-37.02787,4.91449,-37.35555,4.58681,-36.70019,5.24217
30.24,-37.683234999999996,5.56985,-38.01092,5.24217,-37.35555,5.89753
30.26,-38.338595,5.56985,-38.66628,5.24217,-38.01091,5.89753
30.28,-39.32163,5.56986,-39.32163,5.24218,-39.32163,5.89754
30.3,-32.767785,4.58671,-36.04473,5.24214,-29.49084,3.93128
30.32,-25.23077,0.9820750000000008,-26.86921,1.96513,-23.59233,-0.0009799999999984
30.34,-20.643259999999998,-1.31166,-21.62629,-1.31166,-19.66023,-1.31166
30.36,-19.004885,-1.311665,-19.66024,-1.31167,-18.34953,-1.31166
30.38,-18.021865,-1.31166,-18.34954,-1.31166,-17.69419,-1.31166
30.4,-17.03885,-2.950055,-17.6942,-2.62237,-16.3835,-3.27774
30.42,-16.383505,-4.588455,-17.03886,-4.58845,-15.72815,-4.58846
30.44,-15.400480000000002,-5.899175,-15.72816,-5.89917,-15.0728,-5.89918
30.46,-15.400495,-7.2098949999999995,-15.72817,-7.20989,-15.07282,-7.2099
30.48,-15.072835,-7.865254999999999,-15.07283,-7.86525,-15.07284,-7.86526
30.5,-15.400535000000001,-9.503655,-15.72821,-9.17597,-15.07286,-9.83134
30.52,-14.74521,-10.486695000000001,-15.07288,-10.4867,-14.41754,-10.48669
30.54,-15.07292,-11.469735,-15.07291,-11.79741,-15.07293,-11.14206
30.56,-15.400635000000001,-12.45278,-15.72831,-12.45278,-15.07296,-12.45278
30.58,-16.383705,-13.108135,-16.3837,-13.10813,-16.38371,-13.10814
30.6,-17.694445,-13.76349,-17.69444,-13.76349,-17.69445,-13.76349
30.62,-19.660545,-13.76348,-19.66054,-13.76348,-19.66055,-13.76348
30.64,-20.97128,-14.091159999999999,-20.97128,-14.41884,-20.97128,-13.76348
30.66,-21.62666,-14.091149999999999,-21.62666,-14.41883,-21.62666,-13.76347
30.68,-22.9374,-13.763465,-22.9374,-13.76347,-22.9374,-13.76346
30.7,-23.59278,-13.763465,-23.59278,-13.76346,-23.59278,-13.76347
30.72,-23.920475,-13.435775,-24.24815,-13.76345,-23.5928,-13.1081
30.74,-24.903534999999998,-13.76346,-24.90353,-13.76346,-24.90354,-13.76346
30.76,-25.886580000000002,-13.435780000000001,-26.21426,-13.76346,-25.5589,-13.1081
30.78,-26.86963,-14.091135000000001,-26.86963,-14.41881,-26.86963,-13.76346
30.8,-28.18036,-13.76345,-28.18036,-13.76345,-28.18036,-13.76345
30.82,-29.1634,-14.091135000000001,-29.49108,-14.41882,-28.83572,-13.76345
30.84,-33.09557,-14.090375,-31.45716,-14.41881,-34.73398,-13.76194
30.86,-36.70007,-13.108075,-37.35543,-13.76344,-36.04471,-12.45271
30.88,-36.70006,-12.12502,-36.70006,-12.4527,-36.70006,-11.79734
30.9,-37.02774,-12.12502,-37.35542,-12.4527,-36.70006,-11.79734
30.92,-37.683094999999994,-12.12502,-38.01078,-12.4527,-37.35541,-11.79734
30.94,-37.68309,-12.125015000000001,-38.01077,-12.45269,-37.35541,-11.79734
30.96,-38.010765,-12.12501,-38.01077,-12.45269,-38.01076,-11.79733
30.98,-37.683080000000004,-12.12501,-38.01076,-12.45269,-37.3554,-11.79733
31.0,-37.683080000000004,-12.12501,-38.01076,-12.45269,-37.3554,-11.79733
31.02,-37.683080000000004,-12.125005000000002,-38.01076,-12.45268,-37.3554,-11.79733
31.04,-37.027715,-11.79733,-37.3554,-12.45269,-36.70003,-11.14197
31.06,-37.027715,-11.469639999999998,-37.3554,-11.79732,-36.70003,-11.14196
31.08,-37.027715,-11.469639999999998,-37.3554,-11.79732,-36.70003,-11.14196
31.1,-37.027715,-11.797315,-37.3554,-11.79731,-36.70003,-11.79732
31.12,-37.355405000000005,-11.469635,-37.3554,-11.79731,-37.35541,-11.14196
31.14,-37.683085000000005,-11.469629999999999,-38.01077,-11.79731,-37.3554,-11.14195
31.16,-38.010774999999995,-11.797305,-38.01077,-11.7973,-38.01078,-11.79731
31.18,-37.68311,-11.79731,-38.01079,-11.79731,-37.35543,-11.79731
31.2,-37.68312,-11.469625,-38.0108,-11.7973,-37.35544,-11.14195
31.22,-37.68312,-11.469629999999999,-38.0108,-11.79731,-37.35544,-11.14195
31.24,-37.02776,-11.797315,-37.35544,-11.79731,-36.70008,-11.79732
31.26,-37.02776,-12.45267,-37.35544,-12.45267,-36.70008,-12.45267
31.28,-36.70007,-12.12499,-37.35543,-12.45267,-36.04471,-11.79731
31.3,-36.37238,-12.45267,-36.70006,-12.45267,-36.0447,-12.45267
31.32,-35.71702,-12.45267,-36.0447,-12.45267,-35.38934,-12.45267
31.34,-34.73398,-12.124984999999999,-35.38934,-12.45266,-34.07862,-11.79731
31.36,-34.078625,-12.12499,-34.73398,-12.45267,-33.42327,-11.79731
31.38,-33.750945,-11.797305,-34.07863,-12.45266,-33.42326,-11.14195
31.4,-34.406305,-11.469625,-34.73399,-11.7973,-34.07862,-11.14195
31.42,-34.406305,-11.797305,-34.73399,-11.7973,-34.07862,-11.79731
31.44,-35.06167,-11.7973,-35.38935,-11.7973,-34.73399,-11.7973
31.46,-35.06167,-12.12498,-35.38935,-12.45266,-34.73399,-11.7973
31.48,-35.06167,-11.7973,-35.38935,-11.7973,-34.73399,-11.7973
31.5,-35.06167,-12.12498,-35.38935,-12.45266,-34.73399,-11.7973
31.52,-38.010805000000005,-11.141925,-36.70008,-11.79729,-39.32153,-10.48656
31.54,-42.270665,-9.175805,-42.59835,-9.83117,-41.94298,-8.52044
31.56,-42.270665,-8.520434999999999,-42.59835,-8.52043,-41.94298,-8.52044
31.58,-41.615305,-8.52044,-41.94298,-8.52044,-41.28763,-8.52044
31.6,-41.94298,-8.848120000000002,-41.94298,-9.1758,-41.94298,-8.52044
31.62,-41.6153,-8.19276,-41.94298,-8.52044,-41.28762,-7.86508
31.64,-41.94298,-8.52044,-41.94298,-8.52044,-41.94298,-8.52044
31.66,-41.94298,-8.848120000000002,-41.94298,-9.1758,-41.94298,-8.52044
31.68,-41.6153,-8.848120000000002,-41.94298,-9.1758,-41.28762,-8.52044
31.7,-41.942975000000004,-8.848120000000002,-42.59834,-9.1758,-41.28761,-8.52044
31.72,-41.61529,-8.848120000000002,-41.94297,-9.1758,-41.28761,-8.52044
31.74,-41.61529,-8.52044,-41.94297,-8.52044,-41.28761,-8.52044
31.76,-41.287605,-8.848120000000002,-41.28761,-9.1758,-41.2876,-8.52044
31.78,-41.61528,-8.848115,-41.94296,-9.17579,-41.2876,-8.52044
31.8,-40.959914999999995,-9.175795,-41.2876,-9.17579,-40.63223,-9.1758
31.82,-40.632225,-9.1758,-40.63223,-9.1758,-40.63222,-9.1758
31.84,-40.30503,-8.848120000000002,-40.63222,-9.1758,-39.97784,-8.52044
31.86,-40.63221,-9.50348,-40.63221,-9.83116,-40.63221,-9.1758
31.88,-40.632205,-9.503485000000001,-40.63221,-9.83116,-40.6322,-9.17581
31.9,-42.59828,-8.192745,-41.28756,-9.1758,-43.909,-7.20969
31.92,-45.875085,-5.89895,-46.53045,-6.55431,-45.21972,-5.24359
31.94,-44.892035,-5.89828,-45.21972,-5.89894,-44.56435,-5.89762
31.96,-44.564355,-7.20969,-45.21971,-7.20968,-43.909,-7.2097
31.98,-43.58132,-8.520425,-43.909,-8.52042,-43.25364,-8.52043
32.0,-42.59828,-9.175805,-43.25364,-9.1758,-41.94292,-9.17581
32.02,-41.61524,-9.503495000000001,-41.94292,-9.83117,-41.28756,-9.17582
32.04,-40.959875,-10.15886,-41.94292,-10.48654,-39.97683,-9.83118
32.06,-39.976825000000005,-10.158864999999999,-40.63219,-10.48654,-39.32146,-9.83119
32.08,-38.666084999999995,-9.83119,-39.32145,-9.83119,-38.01072,-9.83119
32.1,-36.69999,-10.158875,-37.35536,-10.48655,-36.04462,-9.8312
32.12,-34.733885,-10.158885000000001,-35.38925,-10.48656,-34.07852,-9.83121
32.14,-32.44009,-10.486575,-33.42314,-10.48657,-31.45704,-10.48658
32.16,-29.818620000000003,-10.814255,-30.80167,-11.14193,-28.83557,-10.48658
32.18,-27.197145,-11.14195,-28.1802,-11.14195,-26.21409,-11.14195
32.2,-24.24798,-11.469645,-25.55871,-11.79732,-22.93725,-11.14197
32.22,-20.31577,-11.797335,-21.6265,-11.79733,-19.00504,-11.79734
32.24,-16.055875,-13.435765,-17.69429,-13.10807,-14.41746,-13.76346
32.26,-10.48522,-17.040295,-12.45133,-15.72956,-8.51911,-18.35103
32.28,-4.25916,-23.266255,-5.8976,-21.62785,-2.62072,-24.90466
32.3,-15.400265,-29.819705,-5.24215,-30.14749,-25.55838,-29.49192
32.32,-52.755984999999995,-27.852854999999998,-47.84075,-29.49155,-57.67122,-26.21416
32.34,-57.998915,-18.021775,-58.32662,-20.97089,-57.67121,-15.07266
32.36,-57.998835,-6.225295,-58.32653,-9.17441,-57.67114,-3.27618
32.38,-57.998825,3.932785,-58.3265,1.96671,-57.67115,5.89886
32.4,-57.99895,1.6390250000000024,-58.32656,3.27743,-57.67134,0.0006200000000049
32.42,-57.999415,-6.880655,-58.32697,-5.24225,-57.67186,-8.51906
32.44,-57.99984499999999,-9.174685,-58.32742,-9.82989,-57.67227,-8.51948
32.46,-58.00018,-7.208875000000001,-58.3278,-7.86422,-57.67256,-6.55353
32.48,-58.00024,-7.20886,-58.32792,-7.20886,-57.67256,-7.20886
32.5,-58.00024,-5.8982,-58.32792,-7.20891,-57.67256,-4.58749
32.52,-58.00024,-4.58751,-58.32792,-4.5875,-57.67256,-4.58752
32.54,-58.00024,-5.570565,-58.32792,-5.89824,-57.67256,-5.24289
32.56,-58.00024,-6.225944999999999,-58.32792,-6.55362,-57.67256,-5.89827
32.58,-58.00024,-6.553635,-58.32792,-6.55363,-57.67256,-6.55364
32.6,-58.00024,-7.536685,-58.32792,-7.86436,-57.67256,-7.20901
32.62,-58.00024,-8.19205,-58.32792,-8.51973,-57.67256,-7.86437
32.64,-58.00024,-8.192039999999999,-58.32792,-8.51972,-57.67256,-7.86436
32.66,-58.00024,-8.519705,-58.32792,-9.17507,-57.67256,-7.86434
32.68,-58.00024,-7.536645,-58.32792,-7.86433,-57.67256,-7.20896
32.7,-58.00024,-6.88127,-58.32792,-7.20895,-57.67256,-6.55359
32.72,-58.00024,-6.2259,-58.32792,-6.55358,-57.67256,-5.89822
32.74,-58.00024,-6.2259,-58.32792,-6.55358,-57.67256,-5.89822
32.76,-58.00024,0.9831250000000002,-58.32792,-3.27675,-57.67256,5.243
32.78,-58.00024,10.813655,-58.32792,9.8306,-57.67256,11.79671
32.8,-58.00024,13.43514,-58.32792,13.10745,-57.67256,13.76283
32.82,-58.00024,14.74589,-58.32792,14.41821,-57.67256,15.07357
32.84,-58.00024,14.745905,-58.32792,14.41823,-57.67256,15.07358
32.86,-58.00024,15.401275,-58.32792,15.07359,-57.67256,15.72896
32.88,-58.00024,15.401295000000001,-58.32792,15.07361,-57.67256,15.72898
32.9,-58.00024,15.72898,-58.32792,15.72898,-57.67256,15.72898
32.92,-58.00024,15.401309999999999,-58.32792,15.07363,-57.67256,15.72899
32.94,-58.00024,15.401309999999999,-58.32792,15.07363,-57.67256,15.72899
32.96,-58.00024,15.073635,-58.32792,15.07364,-57.67256,15.07363
32.98,-58.00024,14.74595,-58.32792,14.41828,-57.67256,15.07362
33.0,-58.00024,13.435220000000001,-58.32792,13.7629,-57.67256,13.10754
33.02,-58.00024,11.796804999999999,-58.32792,11.79681,-57.67256,11.7968
33.04,-58.00024,10.48598,-58.32792,10.48604,-57.67256,10.48592
33.06,-58.00011,6.553485,-58.32792,8.51966,-57.6723,4.58731
33.08,-57.99962,-0.9834100000000001,-58.32739,0.65502,-57.67185,-2.62184
33.1,-57.99957,-5.57095,-58.32723,-5.24327,-57.67191,-5.89863
33.12,-57.999610000000004,-7.5370349999999995,-58.32729,-7.20935,-57.67193,-7.86472
33.14,-57.999655000000004,-10.15849,-58.32732,-9.8308,-57.67199,-10.48618
33.16,-57.999705000000006,-10.813845,-58.32737,-11.14153,-57.67204,-10.48616
33.18,-57.999759999999995,-9.503084999999999,-58.32743,-10.48613,-57.67209,-8.52004
33.2,-57.9998,-5.5708850000000005,-58.32747,-6.55393,-57.67213,-4.58784
33.22,-57.99982,-3.2771049999999997,-58.3275,-3.93247,-57.67214,-2.62174
33.24,-57.99983,-2.29405,-58.32751,-2.62173,-57.67215,-1.96637
33.26,-57.999845,-2.62172,-58.32752,-2.62172,-57.67217,-2.62172
33.28,-57.99987,-4.26011,-58.32754,-3.93243,-57.6722,-4.58779
33.3,-57.999885,-6.88155,-58.32756,-6.55387,-57.67221,-7.20923
33.32,-57.99991,-10.15836,-58.32758,-9.17531,-57.67224,-11.14141
33.34,-57.999935,-13.107505,-58.32761,-13.1075,-57.67226,-13.10751
33.36,-57.99995,-15.07361,-58.32763,-15.0736,-57.67227,-15.07362
33.38,-57.99986,-16.3844,-58.32761,-15.729,-57.67211,-17.0398
33.4,-57.99975,-19.00591,-58.32742,-19.00592,-57.67208,-19.0059
33.42,-57.999790000000004,-19.661275,-58.32747,-19.66127,-57.67211,-19.66128
33.44,-57.9998,-20.316665,-58.32748,-20.31666,-57.67212,-20.31667
33.46,-57.999805,-20.644365,-58.32748,-20.97204,-57.67213,-20.31669
33.48,-57.99981,-20.97207,-58.32749,-20.97206,-57.67213,-20.97208
33.5,-57.9998,-20.97209,-58.32748,-20.97208,-57.67212,-20.9721
33.52,-57.9998,-20.972105,-58.32748,-20.9721,-57.67212,-20.97211
33.54,-57.999795000000006,-22.282845000000002,-58.32748,-22.28284,-57.67211,-22.28285
33.56,-57.999790000000004,-22.61054,-58.32747,-22.93821,-57.67211,-22.28287
33.58,-57.99978,-22.938235,-58.32746,-22.93823,-57.6721,-22.93824
33.6,-57.99977,-23.921295,-58.32745,-23.59361,-57.67209,-24.24898
33.62,-57.99976,-24.57666,-58.32744,-24.90434,-57.67208,-24.24898
33.64,-57.99976,-24.904355000000002,-58.32744,-24.90435,-57.67208,-24.90436
33.66,-57.99976,-25.559714999999997,-58.32744,-25.55971,-57.67208,-25.55972
33.68,-57.99976,-25.55972,-58.32744,-25.55972,-57.67208,-25.55972
33.7,-57.99976,-26.215094999999998,-58.32744,-26.21509,-57.67208,-26.2151
33.72,-57.99976,-26.54278,-58.32744,-26.87046,-57.67208,-26.2151
33.74,-57.99976,-26.870465000000003,-58.32744,-26.87046,-57.67208,-26.87047
33.76,-57.99976,-27.525835,-58.32744,-27.52583,-57.67208,-27.52584
33.78,-57.99976,6.880555000000001,-58.32744,41.94232,-57.67208,-28.18121
33.8,-57.999765,-28.508895,-58.32744,-28.83657,-57.67209,-28.18122
33.82,-57.99977,-28.836579999999998,-58.32745,-28.83657,-57.67209,-28.83659
33.84,-57.99977,-28.83659,-58.32745,-28.83659,-57.67209,-28.83659
33.86,-57.99977,-29.49196,-58.32745,-29.49196,-57.67209,-29.49196
33.88,-57.999765,-30.475015,-58.32745,-30.80269,-57.67208,-30.14734
33.9,-57.99976,-31.130385,-58.32744,-30.8027,-57.67208,-31.45807
33.92,-57.999765,-32.44111,-58.32744,-32.11343,-57.67209,-32.76879
33.94,-57.999785,-32.76879,-58.32746,-32.76879,-57.67211,-32.76879
33.96,-57.999805,-33.424165,-58.32748,-33.42416,-57.67213,-33.42417
33.98,-57.999815,-34.4072,-58.32749,-34.07952,-57.67214,-34.73488
34.0,-57.999845,-35.390245,-58.32752,-35.39024,-57.67217,-35.39025
34.02,-57.99985,-36.373295,-58.32753,-36.04561,-57.67217,-36.70098
34.04,-57.999894999999995,-36.04558,-58.32754,-38.0117,-57.67225,-34.07946
34.06,-58.00008,-29.164105,-58.3277,-30.14719,-57.67246,-28.18102
34.08,-57.999685,-25.558765,-58.32749,-27.52519,-57.67188,-23.59234
34.1,-57.999219999999994,-19.004815,-58.327,-20.31553,-57.67144,-17.6941
34.12,-57.99883,-10.812815,-58.32659,-13.10657,-57.67107,-8.51906
34.14,-57.998625000000004,-8.191375,-58.32634,-7.20833,-57.67091,-9.17442
34.16,-57.99872,-17.694095,-58.32633,-14.41729,-57.67111,-20.9709
34.18,-57.998925,-27.852175000000003,-58.32656,-26.21377,-57.67129,-29.49058
34.2,-57.99908,-34.733455,-58.32672,-33.42273,-57.67144,-36.04418
34.22,-57.99929,-43.253135,-58.3269,-40.63169,-57.67168,-45.87458
34.24,-57.999675,-56.360335000000006,-58.32724,-53.08353,-57.67211,-59.63714
34.26,-58.00018,-63.896975,-58.3278,-62.91393,-57.67256,-64.88002
34.28,-58.00024,-61.603215,-58.32792,-64.22465,-57.67256,-58.98178
34.3,-58.00024,-52.755855,-58.32792,-54.39425,-57.67256,-51.11746
34.32,-58.00024,-49.151375,-58.32792,-49.80673,-57.67256,-48.49602
34.34,-58.00024,-45.874575,-58.32792,-47.18529,-57.67256,-44.56386
34.36,-58.00024,-41.614734999999996,-58.32792,-42.59777,-57.67256,-40.6317
34.38,-58.00024,-38.337935,-58.32792,-39.32097,-57.67256,-37.3549
34.4,-58.00024,-35.061135,-58.32792,-36.04417,-57.67256,-34.0781
34.42,-58.00024,-32.767375,-58.32792,-33.42273,-57.67256,-32.11202
34.44,-58.00024,-30.473615000000002,-58.32792,-31.45665,-57.67256,-29.49058
34.46,-58.00024,-28.835215,-58.32792,-29.49057,-57.67256,-28.17986
34.48,-58.00024,-26.869135,-58.32792,-27.52449,-57.67256,-26.21378
34.5,-57.998965,-25.558415,-58.32792,-26.21377,-57.67001,-24.90306
34.52,-58.00024,-24.575375,-58.32792,-24.90305,-57.67256,-24.2477
34.54,-58.00024,-23.592335,-58.32792,-24.24769,-57.67256,-22.93698
34.56,-58.00024,-22.936975,-58.32792,-23.59233,-57.67256,-22.28162
34.58,-58.00024,-22.281615000000002,-58.32792,-22.28161,-57.67256,-22.28162
34.6,-58.00024,-22.609295,-58.32792,-22.93697,-57.67256,-22.28162
34.62,-58.00024,-22.609295,-58.32792,-22.93697,-57.67256,-22.28162
34.64,-58.00024,9.831025000000002,-58.32792,-22.93697,-57.67256,42.59902
34.66,-58.00024,-21.953935,-58.32792,-22.28161,-57.67256,-21.62626
34.68,-58.00024,-21.298575,-58.32792,-21.62625,-57.67256,-20.9709
34.7,-58.00024,-20.643214999999998,-58.32792,-20.97089,-57.67256,-20.31554
34.72,-58.00024,-20.643214999999998,-58.32792,-20.97089,-57.67256,-20.31554
34.74,-58.00024,-20.970895,-58.32792,-20.97089,-57.67256,-20.9709
34.76,-58.00024,-20.643214999999998,-58.32792,-20.97089,-57.67256,-20.31554
34.78,-58.00024,-19.332495,-58.32792,-19.66017,-57.67256,-19.00482
34.8,-58.00024,-19.332495,-58.32792,-19.66017,-57.67256,-19.00482
34.82,-58.00024,-20.315534999999997,-58.32792,-20.31553,-57.67256,-20.31554
34.84,-58.00024,-21.953935,-58.32792,-21.62625,-57.67256,-22.28162
34.86,-58.00024,-22.609295,-58.32792,-22.93697,-57.67256,-22.28162
34.88,-58.00024,-22.609295,-58.32792,-22.93697,-57.67256,-22.28162
34.9,-58.00024,-22.281615000000002,-58.32792,-22.28161,-57.67256,-22.28162
34.92,-58.00024,-24.575375,-58.32792,-24.24769,-57.67256,-24.90306
34.94,-58.00024,-26.213775,-58.32792,-26.86913,-57.67256,-25.55842
34.96,-58.00024,-23.264654999999998,-58.32792,-24.24769,-57.67256,-22.28162
34.98,-58.00024,-20.970895,-58.32792,-21.62625,-57.67256,-20.31554
35.0,-58.00024,-19.004815,-58.32792,-19.66017,-57.67256,-18.34946
35.02,-58.00024,-16.711055,-58.32792,-17.69409,-57.67256,-15.72802
35.04,-58.00024,-15.072655,-58.32792,-15.72801,-57.67256,-14.4173
35.06,-58.00024,-13.76197,-58.32792,-14.41732,-57.67256,-13.10662
35.08,-58.00024,-12.45129,-58.32792,-13.10664,-57.67256,-11.79594
35.1,-58.00024,-11.46828,-58.32792,-11.79595,-57.67256,-11.14061
35.12,-58.00024,-11.468309999999999,-58.32792,-11.79598,-57.67256,-11.14064
35.14,-58.00024,-11.468340000000001,-58.32792,-11.79601,-57.67256,-11.14067
35.16,-58.00024,-11.46837,-58.32792,-11.79604,-57.67256,-11.1407
35.18,-58.00024,-11.468395000000001,-58.32792,-11.79607,-57.67256,-11.14072
35.2,-58.00024,-10.81305,-58.32792,-11.14072,-57.67256,-10.48538
35.22,-58.00024,-9.830025,-58.32792,-10.48538,-57.67256,-9.17467
35.24,-58.00024,-8.51932,-58.32792,-9.17468,-57.67256,-7.86396
35.26,-58.00024,-7.208595,-58.32792,-7.2086,-57.67256,-7.20859
35.28,-58.00024,-7.208575,-58.32792,-7.20858,-57.67256,-7.20857
35.3,-58.00024,-7.53623,-58.32792,-7.86392,-57.67256,-7.20854
35.32,-58.00024,-7.86388,-58.32792,-7.86389,-57.67256,-7.86387
35.34,-58.00024,-8.84687,-58.32792,-9.17456,-57.67256,-8.51918
35.36,-58.00024,-8.191464999999999,-58.32792,-8.51916,-57.67256,-7.86377
35.38,-58.00024,-8.846785,-58.32792,-9.17447,-57.67256,-8.5191
35.4,-58.00024,-7.86371,-58.32792,-8.51908,-57.67256,-7.20834
35.42,-58.00024,-6.552975,-58.32792,-7.20833,-57.67256,-5.89762
35.44,-58.00024,-5.569935,-58.32792,-5.89761,-57.67256,-5.24226
35.46,-58.00024,-3.9315350000000002,-58.32792,-4.58689,-57.67256,-3.27618
35.48,-58.00024,-2.293135,-58.32792,-2.62081,-57.67256,-1.96546
35.5,-58.00024,-1.965455,-58.32792,-1.96545,-57.67256,-1.96546
35.52,-58.00024,-1.637775,-58.32792,-1.96545,-57.67256,-1.3101
35.54,-58.00024,-1.310095,-58.32792,-1.96545,-57.67256,-0.65474
35.56,-58.00024,-0.6547349999999975,-58.32792,-1.31009,-57.67256,0.0006200000000049
35.58,-58.00024,0.6559849999999969,-58.32792,0.0006299999999939,-57.67256,1.31134
35.6,-58.00024,1.966705,-58.32792,1.31135,-57.67256,2.62206
35.62,-58.00024,1.639025,-58.32792,1.31135,-57.67256,1.9667
35.64,-58.00024,0.983665,-58.32792,0.65599,-57.67256,1.31134
35.66,-58.00024,0.65598,-58.32792,0.65598,-57.67256,0.65598
35.68,-58.00024,0.00062000000000135,-58.32792,0.0006199999999978,-57.67256,0.0006200000000049
35.7,-58.00024,-0.65474,-58.32792,-0.65474,-57.67256,-0.65474
35.72,-58.00024,-1.31011,-58.32792,-1.31011,-57.67256,-1.31011
35.74,-58.00024,-2.620845,-58.32792,-2.62083,-57.67256,-2.62086
35.76,-58.00024,-3.276235,-58.32792,-3.27623,-57.67256,-3.27624
35.78,-58.00024,-4.5869800000000005,-58.32792,-4.58697,-57.67256,-4.58699
35.8,-58.00024,-5.57005,-58.32792,-5.24236,-57.67256,-5.89774
35.82,-58.00024,-7.8638449999999995,-58.32792,-7.20848,-57.67256,-8.51921
35.84,-58.00024,-11.140675,-58.32792,-10.4853,-57.67256,-11.79605
35.86,-58.00024,-14.41751,-58.32792,-13.76214,-57.67256,-15.07288
35.88,-58.00024,-18.3497,-58.32792,-17.69433,-57.67256,-19.00507
35.9,-58.00024,-21.626535,-58.32792,-20.97116,-57.67256,-22.28191
35.92,-58.00024,-25.231045,-58.32792,-24.90336,-57.67256,-25.55873
35.94,-58.00024,-27.197145,-58.32792,-26.86946,-57.67256,-27.52483
35.96,-58.00024,-28.507875,-58.32792,-28.18019,-57.67256,-28.83556
35.98,-58.00024,-28.507894999999998,-58.32792,-28.83557,-57.67256,-28.18022
36.0,-58.00024,-29.490945,-58.32792,-29.49094,-57.67256,-29.49095
36.02,-58.00024,-28.835575,-58.32792,-30.14631,-57.67256,-27.52484
36.04,-58.00024,-19.332720000000002,-58.32792,-21.62652,-57.67256,-17.03892
36.06,-58.00024,-13.43432,-58.32792,-14.41729,-57.67256,-12.45135
36.08,-58.00024,-12.123664999999999,-58.32792,-12.45134,-57.67256,-11.79599
36.1,-58.00024,-11.468319999999999,-58.32792,-11.796,-57.67256,-11.14064
36.12,-58.00024,-11.14064,-58.32792,-11.796,-57.67256,-10.48528
36.14,-58.00024,-10.812954999999999,-58.32792,-11.14064,-57.67256,-10.48527
36.16,-58.00024,-9.502225,-58.32792,-9.82991,-57.67256,-9.17454
36.18,-58.00024,-8.51918,-58.32792,-8.51918,-57.67256,-8.51918
36.2,-58.00024,-8.19148,-58.32792,-8.51916,-57.67256,-7.8638
36.22,-58.00024,-8.191475,-58.32792,-8.51916,-57.67256,-7.86379
36.24,-58.00024,-7.20842,-58.32792,-7.86378,-57.67256,-6.55306
36.26,-58.00024,-7.2084150000000005,-58.32792,-7.20841,-57.67256,-7.20842
36.28,-58.00024,-6.55306,-58.32792,-7.20842,-57.67256,-5.8977
36.3,-58.00024,-6.22538,-58.32792,-6.55306,-57.67256,-5.8977
36.32,-58.00024,-5.570015,-58.32792,-5.89769,-57.67256,-5.24234
36.34,-58.00024,-5.242335000000001,-58.32792,-5.8977,-57.67256,-4.58697
36.36,-58.00024,-5.242335000000001,-58.32792,-5.24233,-57.67256,-5.24234
36.38,-58.00024,-4.91465,-58.32792,-5.24233,-57.67256,-4.58697
36.4,-58.00024,-5.57,-58.32792,-5.89768,-57.67256,-5.24232
36.42,-58.00024,-5.24232,-58.32792,-5.24232,-57.67256,-5.24232
36.44,-58.00024,-4.91464,-58.32792,-5.24232,-57.67256,-4.58696
36.46,-58.00024,-4.58695,-58.32792,-4.58695,-57.67256,-4.58695
36.48,-58.00024,-3.93158,-58.32792,-4.58695,-57.67256,-3.27621
36.5,-58.00024,-2.94853,-58.32792,-3.27621,-57.67256,-2.62085
36.52,-58.00024,-2.293165,-58.32792,-2.62084,-57.67256,-1.96549
36.54,-58.00024,-0.982435,-58.32792,-1.31012,-57.67256,-0.65475
36.56,-58.00024,-0.65475,-58.32792,-0.65475,-57.67256,-0.65475
36.58,-58.00024,-0.9824300000000001,-58.32792,-1.31011,-57.67256,-0.65475
36.6,-58.00024,-0.9824200000000001,-58.32792,-1.3101,-57.67256,-0.65474
36.62,-58.00024,-1.310095,-58.32792,-1.31009,-57.67256,-1.3101
36.64,-58.00024,-1.310095,-58.32792,-1.31009,-57.67256,-1.3101
36.66,-58.00024,-1.637775,-58.32792,-1.96545,-57.67256,-1.3101
36.68,-58.00024,-1.637775,-58.32792,-1.96545,-57.67256,-1.3101
36.7,-58.00024,-1.965455,-58.32792,-1.96545,-57.67256,-1.96546
36.72,-58.00024,-1.637775,-58.32792,-1.96545,-57.67256,-1.3101
36.74,-58.00024,-1.310095,-58.32792,-1.96545,-57.67256,-0.65474
36.76,-58.00024,-0.6547350000000001,-58.32792,-0.65473,-57.67256,-0.65474
36.78,-58.00024,-0.32705499999999754,-58.32792,-0.65473,-57.67256,0.0006200000000049
36.8,-58.00024,0.655985,-58.32792,0.65599,-57.67256,0.65598
36.82,-58.00024,0.32830499999999696,-58.32792,0.0006299999999939,-57.67256,0.65598
36.84,-58.00024,0.983665,-58.32792,0.65599,-57.67256,1.31134
36.86,-58.00024,0.983665,-58.32792,0.65599,-57.67256,1.31134
36.88,-58.00024,1.966705,-58.32792,1.31135,-57.67256,2.62206
36.9,-58.00024,2.949745,-58.32792,2.62207,-57.67256,3.27742
36.92,-58.00024,3.932785,-58.32792,3.27743,-57.67256,4.58814
36.94,-58.00024,5.243505,-58.32792,4.58815,-57.67256,5.89886
36.96,-58.00024,6.226545,-58.32792,5.89887,-57.67256,6.55422
36.98,-58.00024,6.881905,-58.32792,6.55423,-57.67256,7.20958
37.0,-58.00024,7.537265,-58.32792,7.20959,-57.67256,7.86494
37.02,-58.00024,8.847985000000001,-58.32792,8.52031,-57.67256,9.17566
37.04,-58.00024,9.831025,-58.32792,9.17567,-57.67256,10.48638
37.06,-58.00024,11.797105,-58.32792,11.14175,-57.67256,12.45246
37.08,-58.00024,13.107825,-58.32792,12.45247,-57.67256,13.76318
37.1,-58.00024,14.746224999999999,-58.32792,14.41855,-57.67256,15.0739
37.12,-58.00024,14.746224999999999,-58.32792,14.41855,-57.67256,15.0739
37.14,-58.00024,15.073905,-58.32792,15.07391,-57.67256,15.0739
37.16,-58.00024,15.073905,-58.32792,15.07391,-57.67256,15.0739
37.18,-58.00024,14.746224999999999,-58.32792,15.07391,-57.67256,14.41854
37.2,-58.00024,12.452465,-58.32792,13.10783,-57.67256,11.7971
37.22,-58.00024,9.831025,-58.32792,9.83103,-57.67256,9.83102
37.24,-58.00024,5.243505,-58.32792,6.55423,-57.67256,3.93278
37.26,-58.00024,0.32806500000000494,-58.32792,1.3112,-57.67256,-0.65506999999999
37.28,-58.00024,-3.2767150000000003,-58.32792,-2.62129,-57.67256,-3.93214
37.3,-58.00024,-6.55372,-58.32792,-5.89832,-57.67256,-7.20912
37.32,-58.00024,-10.158245,-58.32792,-9.83058,-57.67256,-10.48591
37.34,-58.00024,-10.813580000000002,-58.32792,-10.4859,-57.67256,-11.14126
37.36,-58.00024,-12.45198,-58.32792,-12.45198,-57.67256,-12.45198
37.38,-58.00024,-13.10734,-58.32792,-13.10734,-57.67256,-13.10734
37.4,-58.00024,-13.434995,-58.32792,-13.76269,-57.67256,-13.1073
37.42,-58.00024,-12.451905,-58.32792,-12.4519,-57.67256,-12.45191
37.44,-58.00024,-14.418035,-58.32792,-13.76266,-57.67256,-15.07341
37.46,-58.00024,-16.71183,-58.32792,-16.38414,-57.67256,-17.03952
37.48,-58.00024,-18.677945,-58.32792,-18.35026,-57.67256,-19.00563
37.5,-58.00024,-20.316364999999998,-58.32792,-20.31636,-57.67256,-20.31637
37.52,-58.00024,-21.627094999999997,-58.32792,-21.62709,-57.67256,-21.6271
37.54,-58.00024,-22.28246,-58.32792,-22.28246,-57.67256,-22.28246
37.56,-58.00024,-23.2655,-58.32792,-23.59318,-57.67256,-22.93782
37.58,-58.00024,-23.92085,-58.32792,-23.59317,-57.67256,-24.24853
37.6,-58.00024,-24.24853,-58.32792,-24.24853,-57.67256,-24.24853
37.62,-58.00024,-25.559244999999997,-58.32792,-25.55924,-57.67256,-25.55925
37.64,-58.00024,-25.55924,-58.32792,-25.55924,-57.67256,-25.55924
37.66,-58.00024,-26.214605,-58.32792,-26.2146,-57.67256,-26.21461
37.68,-58.00024,-26.21461,-58.32792,-26.21461,-57.67256,-26.21461
37.7,-58.00024,-26.54229,-58.32792,-26.86997,-57.67256,-26.21461
37.72,-58.00024,-26.54229,-58.32792,-26.86997,-57.67256,-26.21461
37.74,-58.00024,-22.282445000000003,-58.32792,-26.21461,-57.67256,-18.35028
37.76,-58.00024,-9.502905,-58.32792,-11.79667,-57.67256,-7.20914
37.78,-58.00009,-4.26,-58.32778,-5.24305,-57.6724,-3.27695
37.8,-58.00009,-1.966205,-58.32777,-2.62157,-57.67241,-1.31084
37.82,-58.000085,-1.6385100000000001,-58.32777,-1.96619,-57.6724,-1.31083
37.84,-58.000085,-0.6554550000000001,-58.32777,-1.31082,-57.6724,-9.0000000000146e-05
37.86,-58.000074999999995,0.327604999999998,-58.32776,-8.0000000004077e-05,-57.67239,0.65529
37.88,-58.000065,1.638335,-58.32775,1.31065,-57.67238,1.96602
37.9,-58.000045,2.6214,-58.32773,1.96604,-57.67236,3.27676
37.92,-58.000025,4.259815,-58.32771,3.93213,-57.67234,4.5875
37.94,-58.000005,6.2259150000000005,-58.32769,5.24287,-57.67232,7.20896
37.96,-57.999979999999994,7.8643350000000005,-58.32767,7.20897,-57.67229,8.5197
37.98,-57.99996,10.158114999999999,-58.32765,9.17507,-57.67227,11.14116
38.0,-57.99994,12.124215,-58.32762,11.79653,-57.67226,12.4519
38.02,-57.999935,14.090315,-58.32762,13.10727,-57.67225,15.07336
38.04,-57.344364999999996,16.38403,-58.3275,15.7287,-56.36123,17.03936
38.06,-54.722785,18.35011,-54.3951,17.03937,-55.05047,19.66085
38.08,-57.344235,21.626965,-57.01656,20.31624,-57.67191,22.93769
38.1,-57.99959,25.231479999999998,-58.32727,24.24843,-57.67191,26.21453
38.12,-57.999584999999996,29.16368,-58.32727,28.18063,-57.6719,30.14673
38.14,-57.999575,32.440525,-58.32726,31.45748,-57.67189,33.42357
38.16,-57.99957,34.734314999999995,-58.32725,34.07895,-57.67189,35.38968
38.18,-57.999555,36.70041500000001,-58.32724,36.04505,-57.67187,37.35578
38.2,-57.999545,37.68347,-58.32723,37.35579,-57.67186,38.01115
38.22,-57.999539999999996,38.33884,-58.32722,38.01116,-57.67186,38.66652
38.24,-57.999539999999996,38.994195,-58.32722,38.66652,-57.67186,39.32187
38.26,-57.999539999999996,38.666505,-58.32722,38.66651,-57.67186,38.6665
38.28,-57.999525000000006,38.011134999999996,-58.32721,38.01114,-57.67184,38.01113
38.3,-57.999525,37.35577,-58.3272,37.35577,-57.67185,37.35577
38.32,-56.361125,36.045035,-57.01648,36.7004,-55.70577,35.38967
38.34,-57.999610000000004,27.197544999999998,-58.32725,28.18062,-57.67197,26.21447
38.36,-57.999645,27.19755,-58.32733,26.86986,-57.67196,27.52524
38.38,-57.99964,27.85291,-58.32732,27.52523,-57.67196,28.18059
38.4,-57.99965,27.525235000000002,-58.32732,27.52524,-57.67198,27.52523
38.42,-57.999685,27.19756,-58.32736,27.52524,-57.67201,26.86988
38.44,-57.999719999999996,25.559165,-58.32739,26.21453,-57.67205,24.9038
38.46,-57.999775,19.33327,-58.32744,21.62702,-57.67211,17.03952
38.48,-56.689099999999996,7.53683,-58.32749,11.1413,-55.05071,3.93236
38.5,-49.48019,-5.898009999999999,-51.11858,-3.27658,-47.8418,-8.51944
38.52,-44.237355,-15.400705,-45.22038,-13.76231,-43.25433,-17.0391
38.54,-43.254374999999996,-19.332845,-43.25436,-19.00517,-43.25439,-19.66052
38.56,-45.22049,-20.97121,-44.56512,-20.97122,-45.87586,-20.9712
38.58,-50.463435000000004,-20.643504999999998,-49.1527,-20.97118,-51.77417,-20.31583
38.6,-56.689409999999995,-20.643504999999998,-55.70636,-20.97119,-57.67246,-20.31582
38.62,-58.00024,-20.31583,-58.32792,-20.97118,-57.67256,-19.66048
38.64,-58.00024,-19.660495,-58.32792,-20.31585,-57.67256,-19.00514
38.66,-58.00024,-19.005135,-58.32792,-19.6605,-57.67256,-18.34977
38.68,-58.00024,-18.677435,-58.32792,-18.34976,-57.67256,-19.00511
38.7,-58.00024,-23.26495,-58.32792,-22.93728,-57.67256,-23.59262
38.72,-58.00024,-22.281865,-58.32792,-22.93723,-57.67256,-21.6265
38.74,-58.00024,-20.97116,-58.32792,-20.97115,-57.67256,-20.97117
38.76,-58.00024,-20.9712,-58.32792,-20.97119,-57.67256,-20.97121
38.78,-58.00024,-21.6266,-58.32792,-21.62659,-57.67256,-21.62661
38.8,-58.00024,-22.282,-58.32792,-22.28199,-57.67256,-22.28201
38.82,-58.00024,-22.60971,-58.32792,-22.93739,-57.67256,-22.28203
38.84,-58.00024,-22.60971,-58.32792,-22.93739,-57.67256,-22.28203
38.86,-58.00024,-23.59275,-58.32792,-23.59275,-57.67256,-23.59275
38.88,-58.00024,-24.24812,-58.32792,-24.24811,-57.67256,-24.24813
38.9,-58.00024,-25.2312,-58.32792,-24.90351,-57.67256,-25.55889
38.92,-58.00024,-27.19732,-58.32792,-26.86963,-57.67256,-27.52501
38.94,-58.00024,-31.12954,-58.32792,-30.14648,-57.67256,-32.1126
38.96,-58.00024,-36.372495,-58.32792,-35.38944,-57.67256,-37.35555
38.98,-58.00024,-41.94276,-58.32792,-40.63238,-57.67256,-43.25314
39.0,-58.00024,-48.169115000000005,-58.32792,-46.53069,-57.67256,-49.80754
39.02,-58.00024,-54.722795000000005,-58.32792,-53.08437,-57.67256,-56.36122
39.04,-58.00024,-63.57026,-58.32792,-60.94878,-57.67256,-66.19174
39.06,-58.00024,-74.056,-58.32792,-72.09002,-57.67256,-76.02198
39.08,-57.999965,-77.987335,-58.32773,-78.64281,-57.6722,-77.33186
39.1,-57.999755,-74.382735,-58.32744,-74.71041,-57.67207,-74.05506
39.12,-57.999785,-78.642575,-58.32742,-77.33185,-57.67215,-79.9533
39.14,-57.99999,-81.591865,-58.32762,-82.57473,-57.67236,-80.609
39.16,-58.0002,-77.987995,-58.32784,-79.29861,-57.67256,-76.67738
39.18,-58.00024,-73.07303999999999,-58.32792,-74.05605,-57.67256,-72.09003
39.2,-58.00024,-69.79631,-58.32792,-70.77934,-57.67256,-68.81328
39.22,-58.00024,-66.84720999999999,-58.32792,-68.15793,-57.67256,-65.53649
39.24,-58.00024,-64.881125,-58.32792,-65.53649,-57.67256,-64.22576
39.26,-58.00024,-63.57039999999999,-58.32792,-64.22576,-57.67256,-62.91504
39.28,-58.00024,-62.587355,-58.32792,-62.91503,-57.67256,-62.25968
39.3,-58.00024,-60.948944999999995,-58.32792,-61.60431,-57.67256,-60.29358
39.32,-58.00024,-59.638215,-58.32792,-60.29358,-57.67256,-58.98285
39.34,-58.00024,-58.65517,-58.32792,-58.98285,-57.67256,-58.32749
39.36,-58.00024,-57.67212,-58.32792,-58.32748,-57.67256,-57.01676
39.38,-58.00024,-55.706035,-58.32792,-56.3614,-57.67256,-55.05067
39.4,-58.00024,-54.3953,-58.32792,-55.05066,-57.67256,-53.73994
39.42,-58.00024,-52.42921,-58.32792,-53.08457,-57.67256,-51.77385
39.44,-58.00024,-51.118480000000005,-58.32792,-51.77384,-57.67256,-50.46312
39.46,-58.00024,-50.135435,-58.32792,-50.46312,-57.67256,-49.80775
39.48,-58.00024,-49.15238,-58.32792,-49.80774,-57.67256,-48.49702
39.5,-58.00024,-48.16934,-58.32792,-48.49702,-57.67256,-47.84166
39.52,-58.00024,-47.513980000000004,-58.32792,-47.84166,-57.67256,-47.1863
39.54,-58.00024,-46.20325,-58.32792,-46.53093,-57.67256,-45.87557
39.56,-58.00024,-45.54789,-58.32792,-45.87557,-57.67256,-45.22021
39.58,-58.00024,-44.23716,-58.32792,-44.56484,-57.67256,-43.90948
39.6,-58.00024,-43.58179,-58.32792,-43.90947,-57.67256,-43.25411
39.62,-58.00024,-42.92642,-58.32792,-43.2541,-57.67256,-42.59874
39.64,-58.00024,-42.926415,-58.32792,-43.25409,-57.67256,-42.59874
39.66,-58.00024,-42.59874000000001,-58.32792,-42.59873,-57.67256,-42.59875
39.68,-58.00024,-42.926455000000004,-58.32792,-43.25413,-57.67256,-42.59878
39.7,-58.00024,-42.598780000000005,-58.32792,-43.25414,-57.67256,-41.94342
39.72,-58.00024,-41.94342,-58.32792,-41.94342,-57.67256,-41.94342
39.74,-58.00024,-41.61575,-58.32792,-41.94343,-57.67256,-41.28807
39.76,-58.00024,-41.615755,-58.32792,-41.94343,-57.67256,-41.28808
39.78,-58.00024,-41.94344,-58.32792,-41.94344,-57.67256,-41.94344
39.8,-58.00024,-41.943435,-58.32792,-41.94343,-57.67256,-41.94344
39.82,-58.00024,-42.271125,-58.32792,-42.5988,-57.67256,-41.94345
39.84,-58.00024,-42.271125,-58.32792,-42.5988,-57.67256,-41.94345
39.86,-58.00024,-42.92649,-58.32792,-43.25417,-57.67256,-42.59881
39.88,-58.00024,-42.92649,-58.32792,-43.25417,-57.67256,-42.59881
39.9,-58.00024,-42.598805,-58.32792,-43.25417,-57.67256,-41.94344
39.92,-58.00024,-42.27111,-58.32792,-42.5988,-57.67256,-41.94342
39.94,-58.00024,-43.254155,-58.32792,-43.25415,-57.67256,-43.25416
39.96,-58.00024,-44.237215,-58.32792,-44.56491,-57.67256,-43.90952
