t_s,x,y,x_left,y_left,x_right,y_right
0.16,0.98308,0.32765999999999684,1.31076,-2.0000000006348e-05,0.6554,0.65534
0.18,1.310765,-2.00000000027955e-05,1.31077,-2.0000000006348e-05,1.31076,-1.9999999999243e-05
0.2,1.638445,-2.00000000027955e-05,1.96613,-2.0000000006348e-05,1.31076,-1.9999999999243e-05
0.22,1.63845,-2.99999999988645e-05,1.96613,-3.0000000002417e-05,1.31077,-2.9999999995312e-05
0.24,2.29381,-2.99999999988645e-05,2.62149,-3.0000000002417e-05,1.96613,-2.9999999995312e-05
0.26,2.6215,-0.32770999999999767,2.6215,-0.65539,2.6215,-2.9999999995312e-05
0.28,2.94918,-0.6554,3.27686,-0.6554,2.6215,-0.6554
0.3,2.949185,-0.6554049999999992,3.27686,-1.31077,2.62151,-3.9999999998486e-05
0.32,2.949185,-0.98309,3.27687,-1.31077,2.6215,-0.65541
0.34,2.9491899999999998,-0.98309,3.27687,-1.31077,2.62151,-0.65541
0.36,2.9491899999999998,-0.98309,3.27687,-1.31077,2.62151,-0.65541
0.38,2.9491949999999996,-0.32773000000000085,3.27688,-0.65541,2.62151,-5.000000000166e-05
0.4,2.9491949999999996,-0.3277350000000058,3.27688,-0.65542000000001,2.62151,-5.000000000166e-05
0.42,2.9492,-0.32774000000000386,3.27688,-0.65542000000001,2.62152,-5.9999999997729e-05
0.44,7.536765,0.32762,3.27688,-0.65543,11.79665,1.31067
0.46,19.988805,0.98299,19.00575,1.31067,20.97186,0.65531
0.48,19.98882,0.32762499999999756,20.3165,-6.0000000004834e-05,19.66114,0.65531
0.5,19.98883,-5.5000000003247e-05,20.31651,-6.0000000004834e-05,19.66115,-5.000000000166e-05
0.52,19.988835,-0.655420000000005,20.31651,-0.65542000000001,19.66116,-0.65542
0.54,19.98885,-1.310785,20.31653,-1.31078,19.66117,-1.31079
0.56,19.661175,-1.96615,19.66117,-1.96615,19.66118,-1.96615
0.58,19.988860000000003,-2.6215149999999996,20.31654,-2.62152,19.66118,-2.62151
0.6,20.31654,24.903615,20.31654,51.77337,20.31654,-1.96614
0.62,20.644205,-1.966135,20.97189,-2.6215,20.31652,-1.31077
0.64,23.921015,-0.6554099999999993,21.62723,-1.31078,26.2148,-3.9999999998486e-05
0.66,28.508595,-4.00000000020385e-05,28.83628,-4.0000000005591e-05,28.18091,-3.9999999998486e-05
0.68,28.508580000000002,0.3276449999999972,28.83626,-4.0000000005591e-05,28.1809,0.65533
0.7,28.1809,-3.0000000002417e-05,28.83626,-4.0000000005591e-05,27.52554,-1.9999999999243e-05
0.72,27.85322,-0.655385,28.1809,-0.65539,27.52554,-0.65538
0.74,27.853215,-0.327694999999998,28.1809,-0.65538,27.52553,-9.9999999960687e-06
0.76,28.18089,-0.327685,28.18089,-0.65537,28.18089,0.0
0.78,34.0792,1.3107299999999984,29.49162,-1.0000000003174e-05,38.66678,2.62147
0.8,45.54815,1.638445,45.22047,1.96612,45.87583,1.31077
0.82,45.54815,0.983095,45.87583,0.65541,45.22047,1.31078
0.84,45.54815,0.6554249999999999,45.87583,0.65542,45.22047,0.65543
0.86,45.22047,7.4999999998937e-05,45.22047,6.9999999993797e-05,45.22047,8.0000000004077e-05
0.88,45.22048,-0.655285,45.22048,-0.65529,45.22048,-0.65528
0.9,45.220475,-0.9829650000000001,45.22048,-1.31065,45.22047,-0.65528
0.92,45.22048,-0.982955,45.22048,-1.31064,45.22048,-0.65527
0.94,45.87584,-0.98295,45.87584,-1.31063,45.87584,-0.65527
0.96,45.548165,-0.982945,45.87585,-1.31063,45.22048,-0.65526
0.98,45.875845,-0.982945,45.87585,-1.31063,45.87584,-0.65526
1.0,45.87585,-1.310625,45.87585,-1.31063,45.87585,-1.31062
1.02,45.22047499999999,-1.638305,45.87584,-1.96599,44.56511,-1.31062
1.04,44.237415,-1.6383,44.5651,-1.96598,43.90973,-1.31062
1.06,44.237425,-1.6383,44.56511,-1.96598,43.90974,-1.31062
1.08,44.56511,-1.638305,44.56511,-1.96599,44.56511,-1.31062
1.1,44.238704999999996,-1.6383,44.56511,-1.31062,43.9123,-1.96598
1.12,44.23743,-1.965975,44.56511,-1.96598,43.90975,-1.96597
1.14,43.90975,-2.62134,43.90975,-2.62134,43.90975,-2.62134
1.16,43.90975,-2.949015,44.56511,-3.2767,43.25439,-2.62133
1.18,56.689425,-0.655215,50.46341,-1.96596,62.91544,0.65553
1.2,75.367445,0.9832500000000001,74.0567,1.31092,76.67819,0.65558
1.22,76.350505,-0.65514,76.67819,-0.65514,76.02282,-0.65514
1.24,76.678185,-1.310495,76.67819,-1.3105,76.67818,-1.31049
1.26,77.005865,-1.638175,77.33355,-1.96586,76.67818,-1.31049
1.28,77.00586,-1.96585,77.33354,-1.96585,76.67818,-1.96585
1.3,77.333535,-2.94889,77.33354,-3.27657,77.33353,-2.62121
1.32,77.661215,-3.60425,77.98889,-3.93193,77.33354,-3.27657
1.34,77.66121,-3.6042449999999997,77.98889,-3.93193,77.33353,-3.27656
1.36,80.28266500000001,-2.94888,77.98889,-3.93193,82.57644,-1.96583
1.38,87.49171,-2.293495,87.16403,-1.96582,87.81939,-2.62117
1.4,87.81939,-3.604215,88.47475,-3.9319,87.16403,-3.27653
1.42,87.8194,-3.931895,87.8194,-3.9319,87.8194,-3.93189
1.44,87.8194,-4.259565,87.8194,-4.58725,87.8194,-3.93188
1.46,88.14708,-4.58725,88.47476,-4.58725,87.8194,-4.58725
1.48,88.80244,-5.24261,89.13012,-5.24261,88.47476,-5.24261
1.5,88.802425,-4.914925,89.13011,-5.24261,88.47474,-4.58724
1.52,89.130095,-4.587245,89.1301,-5.24261,89.13009,-3.93188
1.54,89.457755,-4.25957,89.13008,-4.58725,89.78543,-3.93189
1.56,90.1131,-3.60421,90.44078,-3.93189,89.78542,-3.27653
1.58,90.44077,-3.604215,90.44077,-3.9319,90.44077,-3.27653
1.6,97.322115,-0.9827350000000001,91.75149,-3.27653,102.89274,1.31106
1.62,116.000125,2.62187,114.68939,3.27722,117.31086,1.96652
1.64,116.327815,0.655795,116.65549,0.65579,116.00014,0.6558
1.66,117.310845,0.3281249999999988,117.31085,0.0004399999999975,117.31084,0.65581
1.68,117.310835,0.3281399999999968,117.31084,0.0004499999999936,117.31083,0.65583
1.7,119.276905,0.655849999999998,119.27691,0.000479999999996,119.2769,1.31122
1.72,120.915285,0.98357,120.58761,0.65588,121.24296,1.31126
1.74,121.570635,1.31128,121.89832,1.31127,121.24295,1.31129
1.76,123.20902,2.2943350000000002,123.20902,1.96665,123.20902,2.62202
1.78,123.86438,2.94971,123.86438,2.62202,123.86438,3.2774
1.8,123.53669500000001,2.949725,123.86438,2.62204,123.20901,3.27741
1.82,123.864375,2.949725,123.86437,2.62204,123.86438,3.27741
1.84,124.19206,3.27741,124.51974,3.27741,123.86438,3.27741
1.86,124.51974,2.949735,124.51974,3.27741,124.51974,2.62206
1.88,124.847415,1.96669,125.1751,1.96669,124.51973,1.96669
1.9,124.84742,1.639005,125.1751,1.31132,124.51974,1.96669
1.92,124.84742,0.9836500000000001,125.1751,0.65597,124.51974,1.31133
1.94,124.519745,0.655959999999995,124.51975,0.65595999999999,124.51974,0.65596
1.96,120.259875,0.0005949999999970001,124.51975,0.0005899999999954,116.0,0.0005999999999986
1.98,71.76274000000001,-0.65473,88.47461,-0.65474,55.05087,-0.65472
2.0,16.384235,-1.965465,26.87011,-1.96545,5.89836,-1.96548
2.02,3.604585,-2.6209350000000002,3.27688,-2.62091,3.93229,-2.62096
2.04,4.9153400000000005,-3.276375,5.24303,-3.27636,4.58765,-3.27639
2.06,4.58765,-3.27643,4.58765,-3.27642,4.58765,-3.27644
2.08,4.91533,-3.931835,5.24301,-3.93183,4.58765,-3.93184
2.1,5.243005,-4.25955,5.243,-4.58723,5.24301,-3.93187
2.12,4.915325,-4.587255,5.24301,-4.58725,4.58764,-4.58726
2.14,3.604585,-4.9149449999999995,5.24301,-5.24263,1.96616,-4.58726
2.16,-0.3276250000000027,-3.2765449999999996,4.9999999994554e-05,-3.27654,-0.6553,-3.27655
2.18,6.999999999735e-05,-3.60425,6.9999999993797e-05,-3.27657,7.0000000000903e-05,-3.93193
2.2,6.999999999735e-05,-3.60427,6.9999999993797e-05,-3.93195,7.0000000000903e-05,-3.27659
2.22,0.65544,-3.60427,0.65544,-3.27659,0.65544,-3.93195
2.24,0.655445,-3.6042750000000003,0.65544,-3.93196,0.65545,-3.27659
2.26,1.310805,-3.60427,1.31081,-3.93195,1.3108,-3.27659
2.28,1.63849,-3.931945,1.96617,-3.93195,1.31081,-3.93194
2.3,1.63849,-3.931945,1.96617,-3.93195,1.31081,-3.93194
2.32,1.966175,-3.604255,1.96618,-3.93194,1.96617,-3.27657
2.34,1.966175,-3.9319300000000004,1.96618,-4.58729,1.96617,-3.27657
2.36,2.94922,-3.6042449999999997,2.62154,-3.93193,3.2769,-3.27656
2.38,15.728909999999999,-0.6550899999999982,12.45205,-1.31046,19.00577,0.0002800000000036
2.4,23.265655000000002,-0.982755,23.59334,-1.31044,22.93797,-0.65507
2.42,22.937955000000002,-0.655065,22.93796,-0.65507,22.93795,-0.65506
2.44,23.593305,-0.3273849999999986,23.59331,-0.65507,23.5933,0.0003000000000028
2.46,23.92097,-0.655060000000005,24.24865,-0.65506000000001,23.59329,-0.65506
2.48,24.248645000000003,-0.655060000000005,24.24865,-0.65506000000001,24.24864,-0.65506
2.5,24.57633,-0.655055000000005,24.90401,-0.65506000000001,24.24865,-0.65505
2.52,24.24864,-1.310405,24.24864,-1.31041,24.24864,-1.3104
2.54,23.92096,-0.982715,24.24864,-1.3104,23.59328,-0.65503
2.56,23.920955,-0.655025,24.24864,-0.65503,23.59327,-0.65502
2.58,28.18083,0.65571,24.24863,-0.65503,32.11303,1.96645
2.6,43.582015,2.949525,42.59896,3.2772,44.56507,2.62185
2.62,44.23738,1.63882,44.56506,1.31113,43.9097,1.96651
2.64,44.565065000000004,1.311155,44.56507,1.31115,44.56506,1.31116
2.66,44.56507,0.655805,44.56507,0.6558,44.56507,0.65581
2.68,44.89275,0.98349,45.22043,0.65581,44.56507,1.31117
2.7,44.89275,0.3281349999999968,45.22043,0.0004499999999936,44.56507,0.65582
2.72,44.89275,0.3281349999999968,45.22043,0.0004499999999936,44.56507,0.65582
2.74,44.89275,0.3281449999999984,45.22043,0.0004599999999968,44.56507,0.65583
2.76,45.54811,0.00046499999999835,45.87579,0.0004599999999968,45.22043,0.0004699999999999
2.78,45.54811,0.00046499999999835,45.87579,0.0004599999999968,45.22043,0.0004699999999999
2.8,45.54811,-0.3272049999999984,45.87579,-0.65489,45.22043,0.0004800000000031
2.82,43.254325,-0.3272049999999984,45.22043,-0.65489,41.28822,0.0004800000000031
2.84,-4.259310000000003,-0.32720000000000343,-49.15147,-0.65488000000001,40.63285,0.0004800000000031
2.86,40.96054,-0.6548849999999984,41.28822,-1.31025,40.63286,0.0004800000000031
2.88,40.960544999999996,-0.6548849999999999,41.28823,-0.65489,40.63286,-0.65488
2.9,40.96055,-0.32720000000000343,41.28823,-0.65488000000001,40.63287,0.0004800000000031
2.92,40.960555,-0.32720000000000343,41.28824,-0.65488000000001,40.63287,0.0004800000000031
2.94,40.96056,-0.3272049999999984,41.28824,-0.65489,40.63288,0.0004800000000031
2.96,40.632885,-0.9825600000000001,40.63288,-1.31024,40.63289,-0.65488
2.98,40.632885,-0.982565,40.63288,-0.65489,40.63289,-1.31024
3.0,40.6329,-1.637925,40.6329,-1.96561,40.6329,-1.31024
3.02,40.305215000000004,-2.293285,40.63289,-1.96561,39.97754,-2.62096
3.04,40.305225,-2.9486499999999998,40.63291,-3.27633,39.97754,-2.62097
3.06,39.97755,-2.948645,39.97755,-3.27633,39.97755,-2.62096
3.08,40.305234999999996,-3.27633,40.63292,-3.27633,39.97755,-3.27633
3.1,44.89281,-2.293275,40.63292,-3.93169,49.1527,-0.65486
3.12,62.260090000000005,0.6558999999999999,60.29398,0.65589,64.2262,0.65591
3.14,63.89852500000001,-0.9824900000000001,64.2262,-0.65481,63.57085,-1.31017
3.16,63.57085,-1.31017,63.57085,-1.31017,63.57085,-1.31017
3.18,64.55389,-1.63785,64.88157,-1.96553,64.22621,-1.31017
3.2,64.553895,-2.6208850000000004,64.88158,-2.62089,64.22621,-2.62088
3.22,64.881585,-3.27626,64.88158,-3.27626,64.88159,-3.27626
3.24,65.536945,-3.6039450000000004,65.53694,-3.93163,65.53695,-3.27626
3.26,65.86463,-4.58699,66.19231,-4.58699,65.53695,-4.58699
3.28,65.86463,-5.89771,66.19231,-5.89771,65.53695,-5.89771
3.3,72.745995,-3.60393,67.50304,-5.89772,77.98895,-1.31014
3.32,87.164125,-0.9824250000000011,87.16413,0.0006199999999978,87.16412,-1.96547
3.34,87.16411,-2.29316,87.16411,-2.62084,87.16411,-1.96548
3.36,87.81946500000001,-1.637805,87.81947,-1.96549,87.81946,-1.31012
3.38,88.47481,-0.98245,88.47481,-1.31013,88.47481,-0.65477
3.4,89.78552,0.0005949999999950162,89.78552,-0.65477000000001,89.78552,0.65596
3.42,91.09623500000001,0.98363,91.09624,0.65595,91.09623,1.31131
3.44,91.751595,1.638985,91.7516,1.3113,91.75159,1.96667
3.46,92.07927,1.3112949999999999,92.40695,1.31129,91.75159,1.3113
3.48,92.07927,0.9836149999999999,92.40695,0.65593,91.75159,1.3113
3.5,92.07926499999999,1.31129,92.40695,1.31129,91.75158,1.31129
3.52,92.73462,0.655919999999995,92.40694,0.65591999999999,93.0623,0.65592
3.54,93.71767,0.0005549999999985,93.71767,0.0005499999999969,93.71767,0.0005600000000001
3.56,94.373025,-0.65481,94.37303,-0.65481,94.37302,-0.65481
3.58,94.37302,-1.965525,94.37302,-1.96553,94.37302,-1.96552
3.6,94.70071,-3.27625,95.02839,-3.27625,94.37303,-3.27625
3.62,95.02839,-4.91466,95.02839,-4.58698,95.02839,-5.24234
3.64,95.028395,-5.57002,95.0284,-5.8977,95.02839,-5.24234
3.66,95.02839,-5.897695000000001,95.02839,-5.8977,95.02839,-5.89769
3.68,95.35607,-7.20841,95.02839,-7.20841,95.68375,-7.20841
3.7,94.700695,-8.191455,96.33911,-7.86377,93.06228,-8.51914
3.72,91.75154,-9.174505,91.75154,-9.17451,91.75154,-9.1745
3.74,92.73459,-9.829865,93.06227,-9.82987,92.40691,-9.82986
3.76,92.40691,-10.157544999999999,92.40691,-10.48523,92.40691,-9.82986
3.78,92.734595,-10.812905,93.06227,-11.14059,92.40692,-10.48522
3.8,93.06227,-11.140585,93.06227,-11.14059,93.06227,-11.14058
3.82,93.38995,-11.795945,93.71763,-11.79595,93.06227,-11.79594
3.84,93.389955,-12.123625,93.71764,-12.45131,93.06227,-11.79594
3.86,93.71763,-12.77899,93.71763,-13.10667,93.71763,-12.45131
3.88,94.04531,-13.10667,94.37299,-13.10667,93.71763,-13.10667
3.9,94.70067,-13.762035000000001,95.02835,-13.76204,94.37299,-13.76203
3.92,95.028345,-13.76204,95.02834,-13.76204,95.02835,-13.76204
3.94,95.35603,-14.417405,95.68371,-14.41741,95.02835,-14.4174
3.96,95.683705,-15.40045,95.68371,-15.72813,95.6837,-15.07277
3.98,96.339065,-15.400459999999999,96.33907,-15.72814,96.33906,-15.07278
4.0,100.27126000000001,-14.417404999999999,96.99442,-15.72814,103.5481,-13.10667
4.02,111.08483000000001,-12.1236,110.75714,-11.79592,111.41252,-12.45128
4.04,111.412525,-13.76201,111.41252,-13.76201,111.41253,-13.76201
4.06,112.067885,-14.41737,112.06789,-14.41737,112.06788,-14.41737
4.08,112.72324499999999,-14.745045000000001,112.72325,-15.07273,112.72324,-14.41736
4.1,113.050925,-15.400414999999999,113.37861,-15.7281,112.72324,-15.07273
4.12,114.033965,-15.40042,114.03397,-15.7281,114.03396,-15.07274
4.14,114.36165,-16.383465,114.68933,-16.38347,114.03397,-16.38346
4.16,114.68933,-16.711145000000002,114.68933,-17.03883,114.68933,-16.38346
4.18,115.017005,-16.71115,115.34469,-17.03883,114.68932,-16.38347
4.2,114.689325,-17.03883,115.34469,-17.03883,114.03396,-17.03883
4.22,101.58196000000001,-18.02187,104.20345,-18.34955,98.96047,-17.69419
4.24,98.96047,-17.03885,98.96047,-17.69421,98.96047,-16.38349
4.26,99.61582,-16.383499999999998,99.61583,-17.03886,99.61581,-15.72814
4.28,99.943485,-16.05582,100.27117,-16.3835,99.6158,-15.72814
4.3,100.27116,-15.728145,100.27116,-15.72815,100.27116,-15.72814
4.32,100.27115,-15.728135,100.27115,-15.72814,100.27115,-15.72813
4.34,100.27115,-16.383495,100.92651,-16.3835,99.61579,-16.38349
4.36,100.27242000000001,-16.055815000000003,100.27115,-16.3835,100.27369,-15.72813
4.38,100.9265,-16.055805,100.9265,-16.38349,100.9265,-15.72812
4.4,100.9265,-16.055795,100.9265,-16.38348,100.9265,-15.72811
4.42,101.254175,-15.728105,101.58186,-16.38347,100.92649,-15.07274
4.44,101.25418,-15.40042,101.58186,-15.72811,100.9265,-15.07273
4.46,101.25418,-15.728095,101.58186,-15.7281,100.9265,-15.72809
4.48,101.25418,-16.38345,101.58186,-16.38345,100.9265,-16.38345
4.5,101.25418,-16.711125000000003,101.58186,-17.03881,100.9265,-16.38344
4.52,101.581855,-16.383435,101.58186,-17.0388,101.58185,-15.72807
4.54,115.34457,-12.123515000000001,110.75698,-13.76195,119.93216,-10.48508
4.56,121.89824999999999,-12.451165,122.55362,-11.7958,121.24288,-13.10653
4.58,121.24289,-13.43421,121.24289,-13.76189,121.24289,-13.10653
4.6,121.89825,-14.089580000000002,121.89825,-14.41726,121.89825,-13.7619
4.62,121.89825,-14.41726,121.89825,-14.41726,121.89825,-14.41726
4.64,122.55361,-14.744945000000001,122.55361,-15.07263,122.55361,-14.41726
4.66,122.55361,-15.07263,122.55361,-15.07263,122.55361,-15.07263
4.68,122.55361,-15.400314999999999,122.55361,-15.728,122.55361,-15.07263
4.7,109.77398500000001,-15.727979999999999,121.24289,-15.728,98.30508,-15.72796
4.72,45.22036,-14.08955,60.94918,-14.41722,29.49154,-13.76188
4.74,15.728874999999999,-14.41734,15.72886,-14.41731,15.72889,-14.41737
4.76,16.056605,-14.74514,16.38429,-15.0728,15.72892,-14.41748
4.78,15.40123,-14.74522,15.72891,-15.07289,15.07355,-14.41755
4.8,15.401235,-15.072955,15.72892,-15.07295,15.07355,-15.07296
4.82,5.243025,-14.089925000000001,9.83061,-15.07297,0.65544,-13.10688
4.84,9.500000000172299e-05,-13.106925,9.0000000000146e-05,-13.10691,0.0001000000000033,-13.10694
4.86,0.6554650000000016,-13.762315000000001,1.31083,-13.76231,0.0001000000000033,-13.76232
4.88,0.32778999999999464,-13.434655,0.65546999999999,-13.76233,0.0001099999999993,-13.10698
4.9,0.655465,-13.43467,0.65546999999999,-13.76235,0.65546000000001,-13.10699
4.92,0.98315,-13.434674999999999,1.31083,-13.76236,0.65547,-13.10699
4.94,1.6385100000000001,-13.43468,1.96619,-13.76236,1.31083,-13.107
4.96,1.96619,-13.762355,1.96619,-13.76236,1.96619,-13.76235
4.98,2.62156,-14.417715,2.62156,-14.41772,2.62156,-14.41771
5.0,2.94924,-14.41771,3.27692,-14.41771,2.62156,-14.41771
5.02,3.2769250000000003,-14.745384999999999,3.27692,-15.07307,3.27693,-14.4177
5.04,-1.3106550000000001,-15.400739999999999,-0.65529,-15.72842,-1.96602,-15.07306
5.06,-0.65529,-15.400739999999999,-0.65529,-15.72842,-0.65529,-15.07306
5.08,-0.3276000000000015,-15.400739999999999,7.9999999996971e-05,-15.72842,-0.65528,-15.07306
5.1,8.0000000000524e-05,-15.400735000000001,7.9999999996971e-05,-15.72842,8.0000000004077e-05,-15.07305
5.12,0.65543,-15.400725000000001,0.65543,-15.72841,0.65543,-15.07304
5.14,0.9831000000000001,-14.745345,1.31078,-15.07303,0.65542,-14.41766
5.16,1.638445,-13.7623,1.96613,-14.41766,1.31076,-13.10694
5.18,1.966115,-13.434615,1.96612,-13.7623,1.96611,-13.10693
5.2,2.2937950000000003,-13.10693,2.62148,-13.10693,1.96611,-13.10693
5.22,2.9491449999999997,-13.434605000000001,3.27683,-13.76229,2.62146,-13.10692
5.24,4.587555,-13.4346,3.27683,-13.76228,5.89828,-13.10692
5.26,22.610205,-11.140795,18.3503,-11.14081,26.87011,-11.14078
5.28,27.853160000000003,-12.451505000000001,28.18084,-12.45151,27.52548,-12.4515
5.3,28.180835000000002,-12.779174999999999,28.18084,-13.10686,28.18083,-12.45149
5.32,29.16387,-12.779164999999999,29.49155,-13.10685,28.83619,-12.45148
5.34,29.819229999999997,-12.779155,30.14691,-13.10684,29.49155,-12.45147
5.36,30.146904999999997,-12.779145,30.14691,-13.10683,30.1469,-12.45146
5.38,30.47458,-13.106815000000001,30.80226,-13.10682,30.1469,-13.10681
5.4,30.802255000000002,-13.10681,30.80226,-13.10681,30.80225,-13.10681
5.42,37.02824,-11.46839,32.11298,-13.10681,41.9435,-9.82997
5.44,54.06782,-9.502255,53.08477,-9.17458,55.05087,-9.82993
5.46,54.3955,-10.485295,54.3955,-11.14066,54.3955,-9.82993
5.48,55.050865,-10.485285000000001,55.05087,-10.48529,55.05086,-10.48528
5.5,55.37854,-10.812965,55.70622,-11.14065,55.05086,-10.48528
5.52,55.37854,-10.81297,55.70622,-11.14065,55.05086,-10.48529
5.54,55.70622,-11.14065,55.70622,-11.14066,55.70622,-11.14064
5.56,56.36158,-11.14065,56.36158,-11.14065,56.36158,-11.14065
5.58,56.68926,-11.79601,57.01694,-11.79601,56.36158,-11.79601
5.6,56.68926,-11.796005000000001,57.01694,-11.79601,56.36158,-11.796
5.62,57.672305,-11.79601,57.6723,-11.79601,57.67231,-11.79601
5.64,58.327664999999996,-12.779050000000002,57.6723,-13.10673,58.98303,-12.45137
5.66,73.07346000000001,-10.157565,69.46894,-10.48525,76.67798,-9.82988
5.68,77.33336,-12.451315000000001,77.98872,-12.45132,76.678,-12.45131
5.7,77.98872,-13.106670000000001,77.98872,-13.10668,77.98872,-13.10666
5.72,78.64409,-13.762025,78.64409,-13.76203,78.64409,-13.76202
5.74,79.62713,-14.0897,79.29945,-13.76203,79.95481,-14.41737
5.76,80.61017,-15.072735,80.61017,-15.07274,80.61017,-15.07273
5.78,80.937845,-16.38344,81.26553,-16.38344,80.61016,-16.38344
5.8,81.92089,-16.711115,81.92089,-17.0388,81.92089,-16.38343
5.82,82.57625,-17.69416,82.57625,-17.69416,82.57625,-17.69416
5.84,82.576255,-17.36648,82.57626,-17.69416,82.57625,-17.0388
5.86,82.90393,-17.694164999999998,83.23161,-17.69416,82.57625,-17.69417
5.88,89.4576,-16.383435,87.1638,-17.03881,91.7514,-15.72806
5.9,92.40675999999999,-17.36648,93.06212,-17.0388,91.7514,-17.69416
5.92,92.07908499999999,-18.021845,92.40677,-18.34953,91.7514,-17.69416
5.94,91.42372,-18.02185,91.7514,-18.34953,91.09604,-17.69417
5.96,91.42373,-18.34953,91.75141,-18.34953,91.09605,-18.34953
5.98,91.096055,-18.02186,91.09606,-18.34954,91.09605,-17.69418
6.0,90.76838000000001,-18.02186,91.09606,-18.34954,90.4407,-17.69418
6.02,90.11302,-18.34954,90.4407,-18.34954,89.78534,-18.34954
6.04,94.700585,-17.038809999999998,90.4407,-19.00491,98.96047,-15.07271
6.06,107.80794499999999,-14.089635000000001,106.8249,-13.76196,108.79099,-14.41731
6.08,108.463295,-14.744985,108.79098,-15.07267,108.13561,-14.4173
6.1,108.135605,-14.089625,108.13561,-14.41731,108.1356,-13.76194
6.12,108.463275,-13.434270000000001,108.79096,-13.76195,108.13559,-13.10659
6.14,108.46328,-12.77891,108.79096,-13.10659,108.1356,-12.45123
6.16,108.79096,-12.77892,108.79096,-13.1066,108.79096,-12.45124
6.18,108.790965,-12.45124,108.79097,-12.45124,108.79096,-12.45124
6.2,108.790965,-11.795885,108.79097,-11.79589,108.79096,-11.79588
6.22,108.46328,-12.123565,108.79096,-12.45125,108.1356,-11.79588
6.24,108.79096,-11.468205000000001,108.79096,-11.79589,108.79096,-11.14052
6.26,108.79096,-10.812840000000001,108.79096,-11.14053,108.79096,-10.48515
6.28,109.446315,-10.157475,108.79095,-10.48516,110.10168,-9.82979
6.3,120.91525,-6.880615000000001,118.62146,-7.20831,123.20904,-6.55292
6.32,124.19208,-8.519,124.51976,-8.519,123.8644,-8.519
6.34,123.53672,-8.84668,123.8644,-8.519,123.20904,-9.17436
6.36,123.53672,-9.82972,123.8644,-9.82972,123.20904,-9.82972
6.38,122.55368,-9.829725,123.20904,-9.82973,121.89832,-9.82972
6.4,122.881355,-10.157405,123.20904,-10.48509,122.55367,-9.82972
6.42,122.881355,-10.48509,123.20904,-10.48509,122.55367,-10.48509
6.44,122.226,-11.14046,122.55368,-11.14046,121.89832,-11.14046
6.46,122.88136,-11.468145,123.20904,-11.79583,122.55368,-11.14046
6.48,122.881365,-12.12351,123.20905,-12.45119,122.55368,-11.79583
6.5,122.55369,-12.45119,123.20905,-12.45119,121.89833,-12.45119
6.52,122.55369,-13.106555,122.55369,-13.10656,122.55369,-13.10655
6.54,115.67236,-14.089604999999999,121.24297,-13.76193,110.10175,-14.41728
6.56,100.27125000000001,-14.744985,102.23735,-15.07266,98.30515,-14.41731
6.58,99.28822,-15.072685,99.6159,-15.07268,98.96054,-15.07269
6.6,98.96055,-15.72807,98.96055,-15.72807,98.96055,-15.72807
6.62,98.63287,-16.38344,98.96055,-16.38344,98.30519,-16.38344
6.64,98.96055,-16.71113,98.96055,-16.38345,98.96055,-17.03881
6.66,99.61592,-17.03882,99.61592,-17.03882,99.61592,-17.03882
6.68,99.61593,-17.366500000000002,99.61593,-17.69418,99.61593,-17.03882
6.7,100.27129,-17.694184999999997,100.27129,-17.69419,100.27129,-17.69418
6.72,100.2713,-18.02187,100.2713,-18.34955,100.2713,-17.69419
6.74,100.92666,-18.67723,100.92666,-19.00491,100.92666,-18.34955
6.76,101.254345,-18.677235,101.58202,-19.00492,100.92667,-18.34955
6.78,101.582025,-19.66028,101.58203,-19.66028,101.58202,-19.66028
6.8,102.23739,-19.660285000000002,101.58203,-20.31565,102.89275,-19.00492
6.82,116.98314500000001,-14.74501,113.37862,-16.38344,120.58767,-13.10658
6.84,122.22608,-16.055709999999998,122.55376,-15.72803,121.8984,-16.38339
6.86,122.553775,-17.03876,122.55377,-17.03876,122.55378,-17.03876
6.88,123.209135,-18.34949,123.20914,-18.34949,123.20913,-18.34949
6.9,122.881465,-19.00486,123.20914,-19.00486,122.55379,-19.00486
6.92,124.519875,-20.643265,124.51987,-20.31559,124.51988,-20.97094
6.94,125.17524,-21.953989999999997,125.17524,-21.62631,125.17524,-22.28167
6.96,125.502925,-24.24776,125.17525,-24.24776,125.8306,-24.24776
6.98,125.83060499999999,-25.55848,125.83061,-25.55848,125.8306,-25.55848
7.0,98.305235,-26.54148,115.34476,-26.86919,81.26571,-26.21377
7.02,26.54251,-24.57535,43.25438,-25.5584,9.83064,-23.5923
7.04,-4.5874500000000005,-23.920090000000002,-4.58746,-24.24773,-4.58744,-23.59245
7.06,-2.6213100000000003,-23.264825000000002,-2.6213,-23.59249,-2.62132,-22.93716
7.08,-2.62133,-23.59256,-2.62133,-23.59255,-2.62133,-23.59257
7.1,-2.621335,-24.247954999999997,-2.62133,-24.24795,-2.62134,-24.24796
7.12,-2.29366,-24.247985,-1.96598,-24.24798,-2.62134,-24.24799
7.14,-1.96599,-23.59265,-1.96599,-23.59265,-1.96599,-23.59265
7.16,-1.63832,-23.920344999999998,-1.31064,-24.24803,-1.966,-23.59266
7.18,-1.310645,-23.264995,-1.31065,-23.59267,-1.31064,-22.93732
7.2,-0.65529,-23.592685000000003,-0.65529,-23.59269,-0.65529,-23.59268
7.22,-0.3276150000000031,-22.93732,6.9999999993797e-05,-23.59269,-0.6553,-22.28195
7.24,-0.3276000000000015,-22.93733,7.9999999996971e-05,-22.93733,-0.65528,-22.93733
7.26,0.3277650000000001,-22.609645,0.65544,-22.93733,9.0000000000146e-05,-22.28196
7.28,0.65544,-22.609645,0.65544,-22.93733,0.65544,-22.28196
7.3,1.310805,-22.60964,1.31081,-22.93732,1.3108,-22.28196
7.32,1.966165,-22.609634999999997,1.96617,-22.93732,1.96616,-22.28195
7.34,2.62152,-21.95427,2.62152,-22.28195,2.62152,-21.62659
7.36,3.276875,-21.626585,3.27688,-21.62659,3.27687,-21.62658
7.38,3.93223,-21.954255,3.93223,-22.28194,3.93223,-21.62657
7.4,4.58759,-22.281934999999997,4.58759,-22.28194,4.58759,-22.28193
7.42,3.6045249999999998,-21.626559999999998,4.58758,-22.28193,2.62147,-20.97119
7.44,3.27684,-21.29887,3.27684,-21.62655,3.27684,-20.97119
7.46,3.9322,-20.971185,3.9322,-20.97119,3.9322,-20.97118
7.48,4.587555,-20.643504999999998,4.58756,-20.97119,4.58755,-20.31582
7.5,5.24292,-20.315824999999997,5.24292,-20.31583,5.24292,-20.31582
7.52,5.89827,-19.988135,5.89827,-20.31582,5.89827,-19.66045
7.54,6.553635,-20.31581,6.55364,-20.31581,6.55363,-20.31581
7.56,7.20899,-20.643485,7.20899,-20.97117,7.20899,-20.3158
7.58,7.53667,-20.971165,7.86435,-20.97117,7.20899,-20.97116
7.6,8.192029999999999,-20.643475000000002,8.51971,-20.97116,7.86435,-20.31579
7.62,8.51971,-20.643465,8.51971,-20.97115,8.51971,-20.31578
7.64,16.056445,-19.00505,11.14117,-20.31578,20.97172,-17.69432
7.66,28.180790000000002,-19.005035,27.52542,-18.34968,28.83616,-19.66039
7.68,29.16384,-20.31575,29.49152,-20.31575,28.83616,-20.31575
7.7,29.16384,-20.971105,29.49152,-20.97111,28.83616,-20.9711
7.72,29.16384,-20.9711,29.49152,-21.62646,28.83616,-20.31574
7.74,29.819200000000002,-20.971095,30.14688,-20.9711,29.49152,-20.97109
7.76,30.14688,-20.643414999999997,30.14688,-20.9711,30.14688,-20.31573
7.78,30.474555000000002,-20.971085000000002,30.80224,-20.97109,30.14687,-20.97108
7.8,30.474535,-20.6434,30.80222,-20.97108,30.14685,-20.31572
7.82,31.129885,-19.988039999999998,31.45757,-20.31572,30.8022,-19.66036
7.84,31.12987,-19.332684999999998,31.45755,-19.66037,30.80219,-19.005
7.86,31.457545000000003,-19.332684999999998,31.45755,-19.66037,31.45754,-19.005
7.88,31.45755,-19.660365,31.45755,-19.66037,31.45755,-19.66036
7.9,31.78523,-19.987875000000003,32.11291,-20.31539,31.45755,-19.66036
7.92,31.12986,-19.988035,31.45754,-20.31572,30.80218,-19.66035
7.94,31.45754,-19.332675000000002,31.45754,-19.66036,31.45754,-19.00499
7.96,31.457535,-18.677305,31.45753,-19.00499,31.45754,-18.34962
7.98,31.45753,-18.677295,31.45753,-19.00498,31.45753,-18.34961
8.0,31.129849999999998,-18.34961,31.45753,-18.34961,30.80217,-18.34961
8.02,39.977305,-16.383505,34.73435,-17.69425,45.22026,-15.07276
8.04,52.42933,-15.07275,52.42933,-14.41739,52.42933,-15.72811
8.06,51.44629,-17.03883,51.77397,-17.03884,51.11861,-17.03882
8.08,52.101645,-16.711145000000002,51.77397,-17.03883,52.42932,-16.38346
8.1,52.75701,-17.038825000000003,53.08469,-17.03883,52.42933,-17.03882
8.12,52.429325,-17.366500000000002,52.42933,-17.69418,52.42932,-17.03882
8.14,52.757,-17.694184999999997,53.08468,-17.69419,52.42932,-17.69418
8.16,52.757000000000005,-18.34955,53.08469,-18.34955,52.42931,-18.34955
8.18,53.74004,-18.677239999999998,53.08468,-19.00492,54.3954,-18.34956
8.2,64.225935,-16.38346,62.91519,-16.38347,65.53668,-16.38345
8.22,65.536675,-17.366495,65.53668,-17.69418,65.53667,-17.03881
8.24,65.86436,-16.383454999999998,66.19204,-16.38346,65.53668,-16.38345
8.26,66.19203999999999,-17.03882,66.8474,-17.03882,65.53668,-17.03882
8.28,66.192035,-17.038815,66.8474,-17.03882,65.53667,-17.03881
8.3,66.519715,-17.69417,66.84739,-17.69417,66.19204,-17.69417
8.32,66.8474,-17.694164999999998,66.8474,-17.69417,66.8474,-17.69416
8.34,67.17507,-17.366475,67.50275,-17.69416,66.84739,-17.03879
8.36,67.50275500000001,-17.36647,67.50276,-17.69416,67.50275,-17.03878
8.38,67.50275,-17.36645,67.50275,-17.69414,67.50275,-17.03876
8.4,67.83042499999999,-17.6941,68.15811,-17.69411,67.50274,-17.69409
8.42,67.830395,-18.349415,68.15808,-18.34943,67.50271,-18.3494
8.44,77.98855499999999,-15.400215,72.7456,-17.03865,83.23151,-13.76178
8.46,91.42356000000001,-14.417145,91.09589,-13.76179,91.75123,-15.0725
8.48,92.07888,-16.055545000000002,92.40657,-16.38323,91.75119,-15.72786
8.5,92.406545,-16.383225000000003,92.40655,-16.38323,92.40654,-16.38322
8.52,92.406515,-17.038584999999998,92.40652,-17.03859,92.40651,-17.03858
8.54,93.06186,-17.693945,93.06186,-17.69395,93.06186,-17.69394
8.56,93.06186,-18.021625,93.06186,-17.69395,93.06186,-18.3493
8.58,93.38955,-18.676985000000002,93.71723,-19.00467,93.06187,-18.3493
8.6,93.38956,-19.004665000000003,93.71724,-19.00467,93.06188,-19.00466
8.62,93.38958,-19.004665000000003,93.71726,-19.00467,93.0619,-19.00466
8.64,93.389585,-19.332345,93.71727,-19.66003,93.0619,-19.00466
8.66,92.734235,-19.660024999999997,93.06191,-19.66003,92.40656,-19.66002
8.68,92.40656,-20.643065,92.40656,-20.97075,92.40656,-20.31538
8.7,92.73424,-20.643065,93.06192,-20.97075,92.40656,-20.31538
8.72,92.734235,-19.987705,93.06192,-20.31539,92.40655,-19.66002
8.74,93.061905,-19.004665,93.06191,-19.66003,93.0619,-18.3493
8.76,92.73422500000001,-18.676985000000002,93.06191,-19.00467,92.40654,-18.3493
8.78,93.061905,-19.004665000000003,93.71727,-19.00467,92.40654,-19.00466
8.8,93.06191,-19.332345,93.06191,-19.66003,93.06191,-19.00466
8.82,100.27093500000001,-17.038585,97.64946,-17.69395,102.89241,-16.38322
8.84,104.530825,-17.038584999999998,104.85851,-17.03859,104.20314,-17.03858
8.86,104.53082,-16.710905,104.8585,-17.03859,104.20314,-16.38322
8.88,104.858495,-16.710905,104.8585,-17.03859,104.85849,-16.38322
8.9,104.85849,-16.710905,104.85849,-17.03859,104.85849,-16.38322
8.92,104.858485,-16.710905,104.85849,-17.03859,104.85848,-16.38322
8.94,108.13531499999999,-15.400185,104.85848,-17.03859,111.41215,-13.76178
8.96,116.98278,-14.089465,116.6551,-13.76179,117.31046,-14.41714
8.98,116.98278,-15.400185,117.31046,-15.72787,116.6551,-15.0725
9.0,117.638135,-15.400185,117.96582,-15.07251,117.31045,-15.72786
9.02,117.63813,-15.727865,117.96581,-15.72787,117.31045,-15.72786
9.04,117.965805,-15.727865,117.96581,-15.72787,117.9658,-15.72786
9.06,118.293485,-15.727865,118.62117,-15.72787,117.9658,-15.72786
9.08,117.9658,-16.055545000000002,118.62116,-16.38323,117.31044,-15.72786
9.1,118.94883,-16.055545000000002,118.62115,-16.38323,119.27651,-15.72786
9.12,129.76238999999998,-12.123384999999999,128.45166,-13.10643,131.07312,-11.14034
9.14,131.07310999999999,-14.417145,131.72847,-14.41715,130.41775,-14.41714
9.16,131.07311,-15.072505,131.07311,-15.07251,131.07311,-15.0725
9.18,132.05615,-15.072505,131.72847,-15.07251,132.38383,-15.0725
9.2,133.039195,-15.727865,133.0392,-15.72787,133.03919,-15.72786
9.22,133.69456,-15.400185,133.69456,-15.72787,133.69456,-15.0725
9.24,134.022245,-15.400185,133.69457,-15.72787,134.34992,-15.0725
9.26,135.00528500000001,-15.727865,135.00529,-15.72787,135.00528,-15.72786
9.28,135.00528500000001,-16.383225000000003,135.00529,-16.38323,135.00528,-16.38322
9.3,135.33296,-18.021625,135.66064,-17.69395,135.00528,-18.3493
9.32,135.33297,-19.660024999999997,135.66065,-19.66003,135.00529,-19.66002
9.34,102.56472,-20.643065,119.27654,-20.97075,85.8529,-20.31538
9.36,29.16368,-18.676985000000002,45.87553,-19.00467,12.45183,-18.3493
9.38,-0.983165,-19.332345,-1.31086,-19.66003,-0.65547,-19.00466
9.4,0.655305,-19.004755,0.65531,-19.00473,0.6553,-19.00478
9.42,0.9829700000000001,-19.004849999999998,1.31065,-19.00483,0.65529,-19.00487
9.44,1.63834,-19.332605,1.96602,-19.66027,1.31066,-19.00494
9.46,2.62138,-19.660339999999998,2.62138,-19.66033,2.62138,-19.66035
9.48,3.27674,-19.988065,3.27674,-20.31574,3.27674,-19.66039
9.5,3.932105,-19.660415,3.93211,-20.31577,3.9321,-19.00506
9.52,4.25979,-19.332765000000002,4.58747,-19.66044,3.93211,-19.00509
9.54,4.5874749999999995,-18.677425,4.58747,-19.0051,4.58748,-18.34975
9.56,4.915155,-18.677445,5.24284,-19.00512,4.58747,-18.34977
9.58,4.25979,-18.67746,4.58747,-19.00514,3.93211,-18.34978
9.6,3.276745,-19.33283,3.93211,-19.66051,2.62138,-19.00515
9.62,2.293705,-19.660515,2.62139,-19.66052,1.96602,-19.66051
9.64,2.293685,-19.332825,2.62138,-19.66051,1.96599,-19.00514
9.66,2.29366,-18.349785,2.62135,-19.00515,1.96597,-17.69442
9.68,2.29364,-16.383699999999997,1.96597,-17.03906,2.62131,-15.72834
9.7,2.6212999999999997,-14.745294999999999,2.62131,-15.07298,2.62129,-14.41761
9.72,2.94897,-13.762255,3.27665,-14.41762,2.62129,-13.10689
9.74,8.847265,-11.46849,5.89811,-12.45154,11.79642,-10.48544
9.76,13.434854999999999,-11.46848,13.76254,-11.1408,13.10717,-11.79616
9.78,13.434840000000001,-12.12383,13.76252,-12.45152,13.10716,-11.79614
9.8,13.76253,-11.796145,13.76253,-12.45151,13.76253,-11.14078
9.82,14.41788,-10.813089999999999,14.41788,-11.14078,14.41788,-10.4854
9.84,15.400925,-11.140765,15.72861,-11.14077,15.07324,-11.14076
9.86,15.728605,-10.813075000000001,15.7286,-11.14076,15.72861,-10.48539
9.88,22.60996,-9.830015,17.69469,-11.14075,27.52523,-8.51928
9.9,35.71736,-9.502305,34.73431,-9.17463,36.70041,-9.82998
9.92,36.37272,-10.813025,36.7004,-11.14071,36.04504,-10.48534
9.94,36.700395,-10.485335,36.7004,-10.48534,36.70039,-10.48533
9.96,36.70039,-10.48533,36.70039,-10.48533,36.70039,-10.48533
9.98,37.028075,-10.15765,37.35576,-10.48534,36.70039,-9.82996
10.0,37.028065,-9.502285,37.35575,-9.82997,36.70038,-9.1746
10.02,36.70038,-9.502285,36.70038,-9.82997,36.70038,-9.1746
10.04,35.71734,-9.829955,36.04502,-9.82996,35.38966,-9.82995
10.06,35.717330000000004,-10.48532,36.04501,-10.48532,35.38965,-10.48532
10.08,34.73429,-12.123719999999999,35.38965,-11.79604,34.07893,-12.4514
10.1,34.40661,-13.106755,34.73429,-13.10676,34.07893,-13.10675
10.12,34.406625,-13.762125000000001,34.7343,-13.76213,34.07895,-13.76212
10.14,35.38968,-14.41748,35.38968,-14.41748,35.38968,-14.41748
10.16,36.700415,-14.745159999999998,36.70041,-15.07284,36.70042,-14.41748
10.18,37.028105,-15.40052,37.35579,-15.7282,36.70042,-15.07284
10.2,47.186305000000004,-13.7621,41.94335,-15.07283,52.42926,-12.45137
10.22,56.689155,-14.745125000000002,57.01684,-13.76209,56.36147,-15.72816
10.24,56.361475,-16.383525,56.36147,-16.38353,56.36148,-16.38352
10.26,56.033795,-17.366565,56.36148,-17.69425,55.70611,-17.03888
10.28,56.033789999999996,-18.349604999999997,56.36147,-18.34961,55.70611,-18.3496
10.3,55.706109999999995,-19.00496,56.36147,-19.00497,55.05075,-19.00495
10.32,56.033795,-19.66032,56.36148,-19.66032,55.70611,-19.66032
10.34,55.70612,-19.987855,55.70612,-20.31539,55.70612,-19.66032
10.36,56.361485,-20.315685000000002,56.36148,-20.31569,56.36149,-20.31568
10.38,56.361495000000005,-20.643365000000003,56.3615,-20.97105,56.36149,-20.31568
10.4,57.016855,-20.64336,57.01686,-20.97104,57.01685,-20.31568
10.42,57.016855,-20.643365000000003,57.01686,-20.97105,57.01685,-20.31568
10.44,63.24284,-19.004939999999998,60.94905,-19.66031,65.53663,-18.34957
10.46,66.519665,-19.004935000000003,66.84735,-19.00494,66.19198,-19.00493
10.48,66.519655,-19.332605,66.84734,-19.66029,66.19197,-19.00492
10.5,66.51965,-19.33259,66.84733,-19.66027,66.19197,-19.00491
10.52,66.519645,-19.660265000000003,66.84733,-19.66027,66.19196,-19.66026
10.54,66.519645,-20.315615,66.84732,-20.31562,66.19197,-20.31561
10.56,66.19196500000001,-21.298645,66.84733,-21.62633,65.5366,-20.97096
10.58,66.84732,-20.970955,66.84732,-20.97096,66.84732,-20.97095
10.6,66.519635,-20.643265,66.84732,-20.97095,66.19195,-20.31558
10.62,61.27669,-21.298614999999998,62.25974,-21.6263,60.29364,-20.97093
10.64,61.276685,-20.643255,61.60436,-20.97094,60.94901,-20.31557
10.66,60.949005,-20.97094,61.60437,-20.97094,60.29364,-20.97094
10.68,60.949005,-21.95398,60.94901,-22.28166,60.949,-21.6263
10.7,60.94901,-21.95398,60.94901,-22.28166,60.94901,-21.6263
10.72,61.604365,-22.609335,61.60437,-22.93702,61.60436,-22.28165
10.74,61.60437,-22.60933,61.60437,-22.93701,61.60437,-22.28165
10.76,62.259730000000005,-22.609325,62.91509,-22.93701,61.60437,-22.28164
10.78,62.58741,-22.937,62.91509,-22.937,62.25973,-22.937
10.8,62.91509,-23.592365,62.91509,-23.59237,62.91509,-23.59236
10.82,63.242774999999995,-23.592354999999998,63.57046,-23.59236,62.91509,-23.59235
10.84,63.24277,-24.575395,63.57045,-24.90308,62.91509,-24.24771
10.86,63.24277,-25.230755000000002,63.57045,-24.90308,62.91509,-25.55843
10.88,63.24277,-25.558435000000003,63.57045,-25.55844,62.91509,-25.55843
10.9,63.57045,-25.558435000000003,63.57045,-25.55844,63.57045,-25.55843
10.92,63.898129999999995,-25.230755000000002,64.22581,-25.55844,63.57045,-24.90307
10.94,75.69474,-21.62623,71.43484,-22.93697,79.95464,-20.31549
10.96,84.21452500000001,-21.953895000000003,84.54221,-21.62621,83.88684,-22.28158
10.98,84.21452,-22.93694,84.5422,-22.93694,83.88684,-22.93694
11.0,84.21452,-23.59231,84.5422,-23.59231,83.88684,-23.59231
11.02,83.559155,-23.920005,83.88684,-24.24769,83.23147,-23.59232
11.04,83.559155,-23.920015,83.88684,-24.24769,83.23147,-23.59234
11.06,83.88684,-23.920025000000003,83.88684,-24.24771,83.88684,-23.59234
11.08,83.55916,-23.592350000000003,83.88684,-24.24771,83.23148,-22.93699
11.1,83.55917,-23.920035,83.88685,-24.24772,83.23149,-23.59235
11.12,83.88686,-23.264675,83.88686,-23.59236,83.88686,-22.93699
11.14,85.19758999999999,-22.609315000000002,83.88686,-23.59236,86.50832,-21.62627
11.16,96.338855,-19.66015,95.02812,-19.66016,97.64959,-19.66014
11.18,97.3219,-21.298544999999997,97.64959,-21.62623,96.99421,-20.97086
11.2,97.32188500000001,-20.97086,97.64957,-20.97086,96.9942,-20.97086
11.22,96.66651,-20.97085,96.99419,-20.97085,96.33883,-20.97085
11.24,96.666495,-20.643169999999998,96.99418,-20.97085,96.33881,-20.31549
11.26,96.66649,-20.643169999999998,96.99417,-20.97085,96.33881,-20.31549
11.28,96.3388,-20.643165,96.3388,-20.97085,96.3388,-20.31548
11.3,96.011115,-20.643165,96.3388,-20.97085,95.68343,-20.31548
11.32,96.338795,-20.643155,96.3388,-20.97084,96.33879,-20.31547
11.34,96.33879,-19.987795,96.33879,-20.31548,96.33879,-19.66011
11.36,96.33879,-19.332435,96.33879,-19.66012,96.33879,-19.00475
11.38,96.66647,-19.33244,96.99415,-19.66012,96.33879,-19.00476
11.4,68.81344,-18.677015,83.88685,-19.66009,53.74003,-17.69394
11.42,15.402345,-16.383235,24.24852,-17.03859,6.55617,-15.72788
11.44,5.570595,-16.38334,5.2429,-16.38331,5.89829,-16.38337
11.46,5.898305000000001,-17.366475,5.89831,-17.03878,5.8983,-17.69417
11.48,5.898295,-18.02189,5.8983,-17.6942,5.89829,-18.34958
11.5,5.89829,-19.00497,5.89829,-19.00497,5.89829,-19.00497
11.52,6.554919999999999,-19.66034,6.5562,-19.66034,6.55364,-19.66034
11.54,7.20901,-19.33267,7.20901,-19.66035,7.20901,-19.00499
11.56,3.93217,-19.332655000000003,8.51974,-19.66035,-0.6554,-19.00496
11.58,-5.570685,-18.67728,-5.243,-19.00495,-5.89837,-18.34961
11.6,-4.58762,-18.677300000000002,-4.58762,-19.00498,-4.58762,-18.34962
11.62,-3.93226,-18.67731,-3.93226,-19.00499,-3.93226,-18.34963
11.64,-3.6045749999999996,-18.67731,-3.27689,-19.00499,-3.93226,-18.34963
11.66,-3.2769,-18.34963,-3.2769,-18.34963,-3.2769,-18.34963
11.68,-2.9492149999999997,-18.67731,-2.62153,-19.005,-3.2769,-18.34962
11.7,-2.29385,-18.677145,-1.96617,-19.00499,-2.62153,-18.3493
11.72,-1.638495,-18.67731,-1.96617,-19.00499,-1.31082,-18.34963
11.74,-0.9831300000000001,-18.677315,-0.65545,-19.005,-1.31081,-18.34963
11.76,-0.655445,-18.677305,-0.65544000000001,-19.00499,-0.65544999999999,-18.34962
11.78,0.32758999999999494,-18.677305,0.65526999999999,-19.00499,-9.0000000000146e-05,-18.34962
11.8,1.31064,-18.677295,1.31064,-19.00498,1.31064,-18.34961
11.82,1.966005,-18.67729,1.96601,-19.00498,1.966,-18.3496
11.84,1.966005,-18.677284999999998,1.966,-19.00497,1.96601,-18.3496
11.86,2.293685,-19.332645,2.62137,-19.66033,1.966,-19.00496
11.88,2.293685,-19.988005,2.62136,-20.31569,1.96601,-19.66032
11.9,2.621365,-19.660325,2.62137,-19.66033,2.62136,-19.66032
11.92,2.949045,-19.988005,3.27673,-20.31569,2.62136,-19.66032
11.94,2.949045,-19.987994999999998,3.27673,-20.31568,2.62136,-19.66031
11.96,2.949045,-20.31568,3.27673,-20.31568,2.62136,-20.31568
11.98,3.27672,-19.988,3.27672,-20.31568,3.27672,-19.66032
12.0,3.27672,-19.988,3.27672,-20.31568,3.27672,-19.66032
12.02,3.6044,-19.988,3.27672,-20.31568,3.93208,-19.66032
12.04,21.627045000000003,-15.40044,16.38407,-16.3835,26.87002,-14.41738
12.06,31.785275,-17.694185,32.11295,-17.03883,31.4576,-18.34954
12.08,31.785289999999996,-19.00491,32.11297,-19.00491,31.45761,-19.00491
12.1,32.11297,-19.00491,32.11297,-19.00491,32.11297,-19.00491
12.12,32.11297,-20.31563,32.11297,-20.31563,32.11297,-20.31563
12.14,33.09601,-20.315645,33.42369,-20.31565,32.76833,-20.31564
12.16,33.423685,-19.987955,33.42369,-20.31564,33.42368,-19.66027
12.18,33.75135,-19.987955,34.07903,-20.31564,33.42367,-19.66027
12.2,34.406695,-19.3326,34.73438,-19.66028,34.07901,-19.00492
12.22,34.734375,-18.677239999999998,34.73438,-19.00492,34.73437,-18.34956
12.24,30.80216,-19.00491,32.11291,-19.00492,29.49141,-19.0049
12.26,29.163735,-19.33259,29.49141,-19.66027,28.83606,-19.00491
12.28,29.16374,-19.3326,29.49142,-19.66028,28.83606,-19.00492
12.3,28.836055,-19.00491,29.49142,-19.00491,28.18069,-19.00491
12.32,29.16373,-19.332594999999998,29.49141,-19.66028,28.83605,-19.00491
12.34,29.163725,-18.67723,29.49141,-19.00492,28.83604,-18.34954
12.36,29.163719999999998,-19.004905,29.4914,-19.00491,28.83604,-19.0049
12.38,29.163719999999998,-18.677225,29.4914,-19.00491,28.83604,-18.34954
12.4,29.163719999999998,-19.33258,29.4914,-19.0049,28.83604,-19.66026
12.42,29.16373,-19.987935,29.49141,-20.31562,28.83605,-19.66025
12.44,29.491405,-20.6433,29.49141,-20.97098,29.4914,-20.31562
12.46,29.16373,-20.97097,29.49141,-20.97097,28.83605,-20.97097
12.48,28.836045,-21.626325,28.83605,-21.62633,28.83604,-21.62632
12.5,28.50837,-21.954005000000002,28.83605,-22.28169,28.18069,-21.62632
12.52,28.836045,-21.62632,28.83604,-21.62633,28.83605,-21.62631
12.54,28.836045,-21.954005000000002,28.83605,-22.28169,28.83604,-21.62632
12.56,35.717394999999996,-19.987895,29.49141,-22.28168,41.94338,-17.69411
12.58,55.706155,-16.71103,55.05078,-15.72799,56.36153,-17.69407
12.6,56.033834999999996,-19.66017,56.36151,-20.31553,55.70616,-19.00481
12.62,56.36151,-20.31554,56.36151,-20.31554,56.36151,-20.31554
12.64,56.361515,-20.97091,56.36152,-20.97091,56.36151,-20.97091
12.66,56.6892,-21.626275,57.01688,-21.62628,56.36152,-21.62627
12.68,57.01688,-21.953955,57.01688,-22.28164,57.01688,-21.62627
12.7,57.34456,-22.281644999999997,57.67224,-22.28165,57.01688,-22.28164
12.72,57.34456,-23.59237,57.67224,-23.59237,57.01688,-23.59237
12.74,57.34456,-24.24773,57.67224,-24.24773,57.01688,-24.24773
12.76,57.99992,-24.247725000000003,58.3276,-24.24773,57.67224,-24.24772
12.78,57.99992,-25.230764999999998,58.3276,-25.55845,57.67224,-24.90308
12.8,58.3276,-25.230764999999998,58.3276,-25.55845,58.3276,-24.90308
12.82,58.655285,-25.230764999999998,58.98297,-25.55845,58.3276,-24.90308
12.84,66.847365,-23.920015,65.53662,-24.2477,68.15811,-23.59233
12.86,69.79651,-24.903064999999998,70.12419,-24.90307,69.46883,-24.90306
12.88,69.79651,-25.23073,70.12419,-25.55842,69.46883,-24.90304
12.9,70.12419,-25.5584,70.12419,-25.55841,70.12419,-25.55839
12.92,70.124185,-25.88607,70.12419,-26.21376,70.12418,-25.55838
12.94,70.45186,-26.213745000000003,70.77954,-26.21375,70.12418,-26.21374
12.96,70.45186,-26.869095,70.77954,-26.8691,70.12418,-26.86909
12.98,71.10722,-27.196765,71.4349,-27.52445,70.77954,-26.86908
13.0,70.779535,-27.852125,70.77954,-28.17981,70.77953,-27.52444
13.02,70.77954,-28.179805,70.77954,-28.17981,70.77954,-28.1798
13.04,71.107225,-28.1798,71.43491,-28.1798,70.77954,-28.1798
13.06,71.107225,-28.835165,71.43491,-28.83517,70.77954,-28.83516
13.08,71.434905,-28.50748,71.43491,-28.83517,71.4349,-28.17979
13.1,71.434895,-27.852114999999998,72.09026,-28.1798,70.77953,-27.52443
13.12,71.43487999999999,-26.86907,71.43489,-27.52444,71.43487,-26.2137
13.14,71.76255,-25.558355,72.09023,-26.21372,71.43487,-24.90299
13.16,71.76254,-25.558355,72.09022,-25.55836,71.43486,-25.55835
13.18,69.468755,-25.55835,72.09022,-25.55836,66.84729,-25.55834
13.2,56.361419999999995,-25.230645000000003,58.32752,-25.55833,54.39532,-24.90296
13.22,54.723015000000004,-25.23067,55.05069,-25.55835,54.39534,-24.90299
13.24,54.723015000000004,-24.575319999999998,55.0507,-24.903,54.39533,-24.24764
13.26,54.72301,-23.919964999999998,55.05069,-24.24765,54.39533,-23.59228
13.28,54.72301,-23.592280000000002,55.05069,-24.24765,54.39533,-22.93691
13.3,54.395325,-23.592265,54.39533,-24.24763,54.39532,-22.9369
13.32,54.723,-23.26458,55.05068,-23.59227,54.39532,-22.93689
13.34,54.72301,-23.919935000000002,55.05069,-24.24762,54.39533,-23.59225
13.36,54.72301,-23.919935000000002,55.05069,-24.24762,54.39533,-23.59225
13.38,54.72301,-23.919925,55.05069,-24.24761,54.39533,-23.59224
13.4,56.68909,-23.264555,55.05068,-24.2476,58.3275,-22.28151
13.42,77.66086999999999,-16.055545,72.09024,-17.03859,83.2315,-15.0725
13.44,84.21454,-18.349305,84.54222,-17.69395,83.88686,-19.00466
13.46,84.21454,-19.332345,83.88686,-19.66003,84.54222,-19.00466
13.48,85.19757,-19.987705,85.19757,-20.31539,85.19757,-19.66002
13.5,85.525255,-20.970745,85.85294,-20.97075,85.19757,-20.97074
13.52,86.18061,-20.970745,86.50829,-20.97075,85.85293,-20.97074
13.54,86.83597,-21.626105000000003,87.16365,-21.62611,86.50829,-21.6261
13.56,87.16365,-21.953785,87.16365,-22.28147,87.16365,-21.6261
13.58,87.81901,-22.281464999999997,87.81901,-22.28147,87.81901,-22.28146
13.6,87.81901,-22.609144999999998,87.81901,-22.93683,87.81901,-22.28146
13.62,88.14669,-22.936825,88.47437,-22.93683,87.81901,-22.93682
13.64,88.14669,-23.264505,88.47437,-23.59219,87.81901,-22.93682
13.66,88.474365,-23.91987,88.47437,-24.24755,88.47436,-23.59219
13.68,88.80205,-23.919865,89.12973,-24.24755,88.47437,-23.59218
13.7,90.44045,-23.91987,89.78509,-24.24755,91.09581,-23.59219
13.72,93.061925,-23.264505,93.06193,-22.93683,93.06192,-23.59218
13.74,93.71729,-23.919865,93.71729,-24.24755,93.71729,-23.59218
13.76,93.71729,-24.247545000000002,93.71729,-24.24755,93.71729,-24.24754
13.78,94.04497,-24.24755,94.37265,-24.24755,93.71729,-24.24755
13.8,94.37265,-24.575225,94.37265,-24.90291,94.37265,-24.24754
13.82,94.70033,-24.902904999999997,95.02801,-24.90291,94.37265,-24.9029
13.84,94.700335,-24.902904999999997,95.02801,-24.90291,94.37266,-24.9029
13.86,94.700335,-25.55827,95.02802,-25.55827,94.37265,-25.55827
13.88,106.82463,-21.298425,103.54777,-22.28147,110.10149,-20.31538
13.9,113.378305,-21.953785,113.37831,-21.62611,113.3783,-22.28146
13.92,113.70599,-22.609144999999998,114.03367,-22.93683,113.37831,-22.28146
13.94,114.033665,-23.264505,114.03367,-23.59219,114.03366,-22.93682
13.96,114.68902,-23.264505,114.68902,-23.59219,114.68902,-22.93682
13.98,115.344365,-23.264505,115.34437,-23.59219,115.34436,-22.93682
14.0,115.344345,-22.609144999999998,115.34435,-22.93683,115.34434,-22.28146
14.02,115.999695,-21.953785,115.9997,-22.28147,115.99969,-21.6261
14.04,116.655045,-21.626105000000003,116.65505,-21.62611,116.65504,-21.6261
14.06,116.327355,-21.953785,116.65504,-22.28147,115.99967,-21.6261
14.08,116.327355,-22.609144999999998,116.65504,-22.93683,115.99967,-22.28146
14.1,116.327355,-22.609144999999998,116.65504,-22.93683,115.99967,-22.28146
14.12,116.655025,-22.609144999999998,116.65503,-22.93683,116.65502,-22.28146
14.14,121.57027,-19.987705,117.31039,-22.28147,125.83015,-17.69394
14.16,137.62673999999998,-14.744824999999999,135.66065,-14.41715,139.59283,-15.0725
14.18,140.57585999999998,-17.038584999999998,140.90354,-17.03859,140.24818,-17.03858
14.2,141.558895,-17.366265,141.5589,-17.03859,141.55889,-17.69394
14.22,142.21425,-18.349305,142.21425,-18.34931,142.21425,-18.3493
14.24,142.54192999999998,-19.004665000000003,142.21425,-19.00467,142.86961,-19.00466
14.26,142.86960499999998,-19.660024999999997,142.86961,-19.66003,142.8696,-19.66002
14.28,143.19729,-20.315385,143.52497,-20.31539,142.86961,-20.31538
14.3,143.52496,-20.970745,143.52496,-21.62611,143.52496,-20.31538
14.32,143.85264,-21.298425,144.18032,-21.62611,143.52496,-20.97074
14.34,144.180315,-21.298425,144.18032,-21.62611,144.18031,-20.97074
14.36,144.507995,-21.626105000000003,144.83568,-21.62611,144.18031,-21.6261
14.38,144.83567,-22.281464999999997,145.49103,-22.28147,144.18031,-22.28146
14.4,144.83567499999998,-22.609144999999998,144.83567,-22.93683,144.83568,-22.28146
14.42,140.9035,-22.936825,145.49104,-22.93683,136.31596,-22.93682
14.44,81.9207,-19.660025,104.20312,-21.62611,59.63828,-17.69394
14.46,6.553595,-16.710905,20.31629,-17.03859,-7.2091,-16.38322
14.48,-11.468975,-18.349305,-12.45204,-18.34931,-10.48591,-18.3493
14.5,-9.17517,-18.676985000000002,-9.17516,-19.00467,-9.17518,-18.3493
14.52,-8.51982,-19.00471,-8.51982,-19.0047,-8.51982,-19.00472
14.54,-7.864465,-20.31548,-7.86446,-20.31547,-7.86447,-20.31549
14.56,-7.209105,-20.97087,-7.2091,-20.97087,-7.20911,-20.97087
14.58,-6.553755,-21.953924999999998,-6.55375,-21.62625,-6.55376,-22.2816
14.6,-5.243045,-22.609270000000002,-5.24304,-22.93696,-5.24305,-22.28158
14.62,-4.587705,-23.264605000000003,-4.5877,-23.5923,-4.58771,-22.93691
14.64,2.293605,-22.609165,-1.96628,-23.59223,6.55349,-21.6261
14.66,12.124085000000001,-23.592185,11.79642,-22.93683,12.45175,-24.24754
14.68,12.451699999999999,-24.247545,12.45171,-24.90291,12.45169,-23.59218
14.7,13.76238,-23.919865,13.76239,-24.24755,13.76237,-23.59218
14.72,15.400765,-23.264505,15.07309,-23.59219,15.72844,-22.93682
14.74,16.71148,-23.264505,16.3838,-23.59219,17.03916,-22.93682
14.76,17.694525,-22.609144999999998,17.69453,-22.93683,17.69452,-22.28146
14.78,18.022205,-22.609144999999998,17.69453,-22.93683,18.34988,-22.28146
14.8,18.67756,-21.953785,19.00524,-22.28147,18.34988,-21.6261
14.82,19.33292,-21.953785,19.6606,-22.28147,19.00524,-21.6261
14.84,19.00524,-21.953785,19.00524,-22.28147,19.00524,-21.6261
14.86,27.852690000000003,-19.660024999999997,22.93742,-20.97075,32.76796,-18.3493
14.88,36.70017,-20.315385,36.70017,-19.66003,36.70017,-20.97074
14.9,37.35553,-20.970745,37.35553,-21.62611,37.35553,-20.31538
14.92,38.338565,-21.298425,38.66625,-21.62611,38.01088,-20.97074
14.94,39.321595,-20.643065,39.3216,-20.97075,39.32159,-20.31538
14.96,40.304625,-19.987705,40.63231,-20.31539,39.97694,-19.66002
14.98,40.95998,-19.332345,41.28766,-19.66003,40.6323,-19.00466
15.0,41.287655,-19.004665000000003,41.28766,-19.00467,41.28765,-19.00466
15.02,41.28765,-19.332345,41.28765,-19.66003,41.28765,-19.00466
15.04,40.959965,-19.660024999999997,41.28765,-19.66003,40.63228,-19.66002
15.06,40.959965,-20.315385,41.28765,-20.31539,40.63228,-20.31538
15.08,40.959955,-20.643065,41.28764,-20.97075,40.63227,-20.31538
15.1,40.95995,-20.315385,41.28763,-20.97075,40.63227,-19.66002
15.12,41.61531,-19.987705,41.94299,-20.31539,41.28763,-19.66002
15.14,41.61531,-19.987705,41.94299,-20.31539,41.28763,-19.66002
15.16,41.61532,-19.987705,41.943,-20.31539,41.28764,-19.66002
15.18,57.344155,-15.727865,52.42887,-17.03859,62.25944,-14.41714
15.2,66.51932500000001,-17.366265,66.84701,-16.38323,66.19164,-18.3493
15.22,66.19164,-19.332345,66.19164,-19.00467,66.19164,-19.66002
15.24,66.191645,-20.315385,66.19165,-20.31539,66.19164,-20.31538
15.26,66.519325,-20.970745,66.19165,-20.97075,66.847,-20.97074
15.28,66.847,-21.626105000000003,66.847,-21.62611,66.847,-21.6261
15.3,67.50237,-21.953785,67.50237,-22.28147,67.50237,-21.6261
15.32,67.83132499999999,-22.281464999999997,68.15773,-22.28147,67.50492,-22.28146
15.34,67.50237,-22.936825,68.15773,-22.93683,66.84701,-22.93682
15.36,67.50237,-23.592185,67.50237,-23.59219,67.50237,-23.59218
15.38,67.174695,-23.592185,67.50238,-23.59219,66.84701,-23.59218
15.4,66.51933,-24.247545000000002,66.84701,-24.24755,66.19165,-24.24754
15.42,66.19165,-24.902904999999997,66.19165,-24.90291,66.19165,-24.9029
15.44,72.089955,-22.609144999999998,66.84702,-24.90291,77.33289,-20.31538
15.46,95.35552999999999,-16.710905,92.40637,-16.38323,98.30469,-17.03858
15.48,98.96003999999999,-20.643065,99.6154,-20.31539,98.30468,-20.97074
15.5,98.960035,-21.626105000000003,99.6154,-21.62611,98.30467,-21.6261
15.52,99.28771,-22.936825,99.61539,-22.93683,98.96003,-22.93682
15.54,99.94307,-23.264505,100.27075,-22.93683,99.61539,-23.59218
15.56,99.943075,-23.592185,100.27076,-23.59219,99.61539,-23.59218
15.58,100.27075,-24.247545000000002,100.27075,-24.24755,100.27075,-24.24754
15.6,99.94307,-24.575225,100.27075,-24.90291,99.61539,-24.24754
15.62,100.59844,-24.902904999999997,100.92612,-24.90291,100.27076,-24.9029
15.64,100.59845,-24.902904999999997,100.92613,-24.90291,100.27077,-24.9029
15.66,100.926135,-24.575225,100.92613,-24.90291,100.92614,-24.24754
15.68,100.59846,-24.902904999999997,100.27078,-24.90291,100.92614,-24.9029
15.7,100.926145,-25.230584999999998,100.92615,-25.55827,100.92614,-24.9029
15.72,96.993945,-25.558265,98.96005,-25.55827,95.02784,-25.55826
15.74,94.700165,-25.885945,95.02784,-26.21363,94.37249,-25.55826
15.76,94.700175,-26.541305,95.02786,-26.86899,94.37249,-26.21362
15.78,94.700175,-26.541305,95.02786,-26.86899,94.37249,-26.21362
15.8,94.70017,-26.213625,95.02785,-26.21363,94.37249,-26.21362
15.82,94.70017,-26.541305,95.02785,-26.86899,94.37249,-26.21362
15.84,95.355525,-25.885945,95.02785,-26.21363,95.6832,-25.55826
15.86,112.067365,-18.676985000000002,105.51367,-21.62611,118.62106,-15.72786
15.88,126.48542,-16.710905,126.48544,-15.72787,126.4854,-17.69394
15.9,126.813075,-18.676985000000002,126.4854,-19.00467,127.14075,-18.3493
15.92,128.451455,-19.004665000000003,128.45146,-19.00467,128.45145,-19.00466
15.94,128.779115,-19.987705,129.1068,-20.31539,128.45143,-19.66002
15.96,129.76214499999998,-20.643065,129.76215,-20.97075,129.76214,-20.31538
15.98,130.41749499999997,-21.298425,130.4175,-21.62611,130.41749,-20.97074
16.0,131.40052500000002,-21.298425,131.72821,-21.62611,131.07284,-20.97074
16.02,131.40051499999998,-20.643065,131.7282,-20.97075,131.07283,-20.31538
16.04,132.38354500000003,-20.970745,132.38355,-20.97075,132.38354,-20.97074
16.06,132.71122000000003,-20.970745,133.0389,-20.97075,132.38354,-20.97074
16.08,132.71122000000003,-20.970745,133.0389,-20.97075,132.38354,-20.97074
16.1,130.089765,-21.626105000000003,133.0389,-21.62611,127.14063,-21.6261
16.12,114.361,-21.626105,117.31014,-22.28147,111.41186,-20.97074
16.14,111.41185999999999,-21.626105000000003,111.41185,-21.62611,111.41187,-21.6261
16.16,111.73954499999999,-21.626105,112.06723,-22.28147,111.41186,-20.97074
16.18,112.722585,-21.298425,112.72259,-21.62611,112.72258,-20.97074
16.2,113.05027,-21.298425,113.37795,-20.97075,112.72259,-21.6261
16.22,113.050265,-21.298425,113.37795,-21.62611,112.72258,-20.97074
16.24,113.050265,-21.626105000000003,113.37795,-21.62611,112.72258,-21.6261
16.26,113.050265,-22.281464999999997,113.37795,-22.28147,112.72258,-22.28146
16.28,112.722585,-22.281464999999997,112.72259,-22.28147,112.72258,-22.28146
16.3,112.72258,-22.281464999999997,112.72258,-22.28147,112.72258,-22.28146
16.32,117.96551,-20.643065,115.9994,-21.62611,119.93162,-19.66002
16.34,120.586975,-20.970745,121.24234,-20.97075,119.93161,-20.97074
16.36,120.25929,-20.970745,120.58697,-20.97075,119.93161,-20.97074
16.38,120.91465,-21.298425,121.24233,-21.62611,120.58697,-20.97074
16.4,120.91465,-21.626105000000003,121.24233,-21.62611,120.58697,-21.6261
16.42,120.58696499999999,-22.281464999999997,120.58697,-22.28147,120.58696,-22.28146
16.44,126.48525000000001,-20.315385,122.55305,-22.28147,130.41745,-18.3493
16.46,137.298795,-17.366265,136.97112,-17.03859,137.62647,-17.69394
16.48,138.28183,-19.004665000000003,138.28183,-19.00467,138.28183,-19.00466
16.5,139.264865,-19.660024999999997,139.59255,-19.66003,138.93718,-19.66002
16.52,139.592545,-19.987705,139.59255,-20.31539,139.59254,-19.66002
16.54,139.92022500000002,-20.315385,140.24791,-20.31539,139.59254,-20.31538
16.56,140.57558999999998,-20.970745,140.90327,-20.97075,140.24791,-20.97074
16.58,123.20844500000001,-21.626105,137.62645,-22.28147,108.79044,-20.97074
16.6,45.547664999999995,-17.038584999999998,65.53635,-18.34931,25.55898,-15.72786
16.62,5.2426200000000005,-16.710905,5.89797,-16.38323,4.58727,-17.03858
16.64,-21.299395,-18.021625,-49.1522,-18.34931,6.55341,-17.69394
16.66,7.20876,-18.349305,7.20876,-18.34931,7.20876,-18.3493
16.68,8.191794999999999,-19.332345,8.51948,-19.66003,7.86411,-19.00466
16.7,9.17481,-19.332345,9.17482,-19.66003,9.1748,-19.00466
16.72,10.48551,-19.332345,10.48552,-19.66003,10.4855,-19.00466
16.74,11.796215,-19.004665000000003,11.79622,-19.00467,11.79621,-19.00466
16.76,9.8301,-19.660024999999997,12.45157,-19.66003,7.20863,-19.66002
16.78,-0.983505,-19.987705,-0.65581,-20.31539,-1.3112,-19.66002
16.8,-0.32813000000000037,-20.315385,-0.0004500000000007,-20.31539,-0.65581,-20.31538
16.82,-24.57647,-20.643065,-49.15247,-20.97075,-0.0004699999999999,-20.31538
16.84,0.32720499999999697,-19.987705,0.65488999999999,-20.31539,-0.000479999999996,-19.66002
16.86,1.31024,-19.332345,1.31024,-19.66003,1.31024,-19.00466
16.88,1.31023,-19.004665,1.31023,-19.66003,1.31023,-18.3493
16.9,1.96559,-18.676985000000002,1.96559,-19.00467,1.96559,-18.3493
16.92,1.96559,-18.349305,1.96559,-18.34931,1.96559,-18.3493
16.94,2.29327,-18.676985000000002,2.62095,-19.00467,1.96559,-18.3493
16.96,2.6209550000000004,-19.004665000000003,2.62096,-19.00467,2.62095,-19.00466
16.98,2.62095,-19.332345,2.62095,-19.66003,2.62095,-19.00466
17.0,3.2763150000000003,-18.676985000000002,3.27632,-19.00467,3.27631,-18.3493
17.02,3.604,-18.676985000000002,3.27632,-19.00467,3.93168,-18.3493
17.04,16.71135,-15.727865000000001,13.10681,-16.38323,20.31589,-15.0725
17.06,23.265045,-17.038585,23.59273,-16.38323,22.93736,-17.69394
17.08,23.265050000000002,-18.021625,23.59273,-18.34931,22.93737,-17.69394
17.1,23.592725,-18.349305,23.59273,-18.34931,23.59272,-18.3493
17.12,23.920405000000002,-18.349305,24.24809,-18.34931,23.59272,-18.3493
17.14,23.920405000000002,-18.676985000000002,24.24809,-19.00467,23.59272,-18.3493
17.16,24.248085000000003,-18.349305,24.24809,-18.34931,24.24808,-18.3493
17.18,24.57577,-18.676985000000002,24.90345,-19.00467,24.24809,-18.3493
17.2,24.248085000000003,-18.676985000000002,24.24809,-19.00467,24.24808,-18.3493
17.22,24.575765,-18.676985000000002,24.90345,-19.00467,24.24808,-18.3493
17.24,24.248089999999998,-19.004665000000003,24.90345,-19.00467,23.59273,-19.00466
17.26,32.44017,-17.038585,26.86953,-19.00467,38.01081,-15.0725
17.28,49.47977,-14.417145,48.49671,-13.76179,50.46283,-15.0725
17.3,50.79051,-17.038584999999998,50.46283,-17.03859,51.11819,-17.03858
17.32,51.44587,-17.693945,51.77355,-17.69395,51.11819,-17.69394
17.34,52.10123,-18.349305,52.42891,-18.34931,51.77355,-18.3493
17.36,52.42891,-18.676985000000002,52.42891,-19.00467,52.42891,-18.3493
17.38,1.6385099999999966,-19.004665000000003,53.08427,-19.00467,-49.80725,-19.00466
17.4,53.08427,-19.660024999999997,53.08427,-19.66003,53.08427,-19.66002
17.42,53.41195,-19.660024999999997,53.73963,-19.66003,53.08427,-19.66002
17.44,53.739625000000004,-20.643065,53.73963,-20.97075,53.73962,-20.31538
17.46,53.41195,-20.643065,53.73963,-20.31539,53.08427,-20.97074
17.48,54.06731,-21.298425,54.39499,-21.62611,53.73963,-20.97074
17.5,54.39499,-21.298425,54.39499,-21.62611,54.39499,-20.97074
17.52,54.067305000000005,-21.626105000000003,54.39499,-21.62611,53.73962,-21.6261
17.54,54.067305000000005,-21.953785,54.39499,-21.62611,53.73962,-22.28146
17.56,54.067295,-21.953785,54.39498,-22.28147,53.73961,-21.6261
17.58,53.411919999999995,-21.298425,53.73961,-21.62611,53.08423,-20.97074
17.6,53.411905000000004,-20.970745,53.73959,-21.62611,53.08422,-20.31538
17.62,53.41189,-19.987705,53.73957,-20.31539,53.08421,-19.66002
17.64,53.41188,-19.660024999999997,53.73956,-19.66003,53.0842,-19.66002
17.66,53.41188,-19.987705,53.73956,-20.31539,53.0842,-19.66002
17.68,53.411874999999995,-19.987705,53.73956,-20.31539,53.08419,-19.66002
17.7,53.08419,-19.987705,53.08419,-20.31539,53.08419,-19.66002
17.72,53.084185000000005,-19.332345,53.08419,-19.66003,53.08418,-19.00466
17.74,53.08418,-18.349305,53.08418,-19.00467,53.08418,-17.69394
17.76,53.73953,-18.021625,53.73953,-18.34931,53.73953,-17.69394
17.78,53.73953,-17.693945,53.73953,-17.69395,53.73953,-17.69394
17.8,54.06721,-18.021625,54.39489,-18.34931,53.73953,-17.69394
17.82,54.06721,-18.349305,54.39489,-18.34931,53.73953,-18.3493
17.84,54.722565,-18.676985000000002,55.05025,-19.00467,54.39488,-18.3493
17.86,54.722565,-18.676985000000002,55.05025,-19.00467,54.39488,-18.3493
17.88,69.468315,-14.089465,62.91463,-16.38323,76.022,-11.7957
17.9,82.90335999999999,-12.778745,82.57568,-11.79571,83.23104,-13.76178
17.92,84.21408,-15.072505,84.54176,-15.07251,83.8864,-15.0725
17.94,85.197115,-15.727865,85.19712,-15.72787,85.19711,-15.72786
17.96,86.18014,-16.383225000000003,85.85246,-16.38323,86.50782,-16.38322
17.98,86.83549500000001,-16.710905,87.16318,-17.03859,86.50781,-16.38322
18.0,87.163175,-17.038584999999998,87.16318,-17.03859,87.16317,-17.03858
18.02,88.14621,-16.710905,88.47389,-17.03859,87.81853,-16.38322
18.04,88.47389,-17.366265,88.47389,-17.69395,88.47389,-17.03858
18.06,88.801575,-17.366265,89.12926,-17.69395,88.47389,-17.03858
18.08,89.78461,-17.693945,89.78461,-17.69395,89.78461,-17.69394
18.1,89.78461,-17.693945,89.78461,-17.69395,89.78461,-17.69394
18.12,90.43997,-18.021625,90.43997,-18.34931,90.43997,-17.69394
18.14,90.76765,-18.349305,91.09533,-18.34931,90.43997,-18.3493
18.16,90.43997,-18.676985000000002,90.43997,-19.00467,90.43997,-18.3493
18.18,91.09533,-19.004665000000003,91.09533,-19.00467,91.09533,-19.00466
18.2,91.09533,-19.660024999999997,91.09533,-19.66003,91.09533,-19.66002
18.22,91.09533,-19.987705,91.75069,-20.31539,90.43997,-19.66002
18.24,91.09534,-19.987705,91.09534,-20.31539,91.09534,-19.66002
18.26,91.42302,-20.315385,91.7507,-20.31539,91.09534,-20.31538
18.28,91.750705,-20.315385,91.7507,-20.31539,91.75071,-20.31538
18.3,95.682905,-19.332345,93.06143,-20.31539,98.30438,-18.3493
18.32,98.95975,-19.987705,98.95975,-19.66003,98.95975,-20.31538
18.34,98.63208,-20.315385,98.95976,-20.31539,98.3044,-20.31538
18.36,98.632085,-20.970745,98.95977,-20.97075,98.3044,-20.97074
18.38,98.63209,-21.298425,98.95977,-21.62611,98.30441,-20.97074
18.4,98.95978,-21.626105000000003,98.95978,-21.62611,98.95978,-21.6261
18.42,98.95978,-22.281464999999997,98.95978,-22.28147,98.95978,-22.28146
18.44,99.287465,-22.609144999999998,99.61515,-22.93683,98.95978,-22.28146
18.46,100.27049,-22.609144999999998,100.2705,-22.93683,100.27048,-22.28146
18.48,106.49632,-22.609144999999998,103.54726,-22.93683,109.44538,-22.28146
18.5,121.24170000000001,-20.643065,117.96494,-21.62611,124.51846,-19.66002
18.52,123.862995,-14.744824999999999,124.51839,-17.03859,123.2076,-12.45106
18.54,116.65399500000001,-6.2251449999999995,117.96472,-7.86355,115.34327,-4.58674
18.56,112.39417,-4.914425,114.03257,-4.58675,110.75577,-5.2421
18.58,107.806705,-8.518905,108.78973,-7.20819,106.82368,-9.82962
18.6,103.546915,-14.744824999999999,105.51299,-13.76179,101.58084,-15.72786
18.62,98.63173,-18.021625,99.61477,-17.69395,97.64869,-18.3493
18.64,96.01029,-19.987705,96.99333,-19.66003,95.02725,-20.31538
18.66,94.044195,-21.298425,94.37188,-21.62611,93.71651,-20.97074
18.68,93.388825,-22.281464999999997,93.71651,-22.28147,93.06114,-22.28146
18.7,93.06114,-22.936825,93.7165,-22.93683,92.40578,-22.93682
18.72,92.07809499999999,-23.592185,92.40578,-23.59219,91.75041,-23.59218
18.74,91.750415,-23.592185,92.40577,-23.59219,91.09506,-23.59218
18.76,90.76738,-23.264505,91.09506,-22.93683,90.4397,-23.59218
18.78,90.767375,-22.936825,91.09506,-22.93683,90.43969,-22.93682
18.8,90.767375,-23.592185,91.09506,-23.59219,90.43969,-23.59218
18.82,90.76737,-23.592185,91.09505,-23.59219,90.43969,-23.59218
18.84,90.76737,-23.919865,91.09505,-24.24755,90.43969,-23.59218
18.86,90.11201,-24.247545000000002,90.43969,-24.24755,89.78433,-24.24754
18.88,90.112015,-24.247545000000002,90.4397,-24.24755,89.78433,-24.24754
18.9,20.31618,-24.902904999999997,90.4397,-24.90291,-49.80734,-24.9029
18.92,89.45666,-25.230584999999998,89.78434,-25.55827,89.12898,-24.9029
18.94,91.09508,-24.902905,89.78435,-25.55827,92.40581,-24.24754
18.96,97.64876000000001,-24.247545000000002,96.99339,-24.24755,98.30413,-24.24754
18.98,98.959495,-25.230584999999998,98.9595,-25.55827,98.95949,-24.9029
19.0,98.9595,-25.230584999999998,98.9595,-25.55827,98.9595,-24.9029
19.02,98.95949999999999,-25.558265,99.61486,-25.55827,98.30414,-25.55826
19.04,98.95951,-25.558265,99.61487,-25.55827,98.30415,-25.55826
19.06,99.28719,-25.230584999999998,99.61487,-25.55827,98.95951,-24.9029
19.08,98.63184,-25.230584999999998,98.95952,-25.55827,98.30416,-24.9029
19.1,99.28721,-25.230584999999998,99.61489,-25.55827,98.95953,-24.9029
19.12,98.95953,-24.902905,98.95953,-25.55827,98.95953,-24.24754
19.14,98.95954499999999,-24.575225,98.95954,-24.90291,98.95955,-24.24754
19.16,99.28723,-24.575225,99.61491,-24.90291,98.95955,-24.24754
19.18,99.28724,-24.575225,99.61492,-24.90291,98.95956,-24.24754
19.2,99.28724,-24.575225,99.61492,-24.90291,98.95956,-24.24754
19.22,99.287245,-24.575225,99.61493,-24.90291,98.95956,-24.24754
19.24,99.614915,-23.919865,100.27028,-24.24755,98.95955,-23.59218
19.26,99.614905,-22.936825,99.61491,-23.59219,99.6149,-22.28146
19.28,99.942575,-22.609144999999998,100.27026,-22.93683,99.61489,-22.28146
19.3,102.236345,-21.298425,100.27025,-22.28147,104.20244,-20.31538
19.32,105.1855,-20.970745,105.51318,-20.97075,104.85782,-20.97074
19.34,105.1855,-21.953785,105.51318,-22.28147,104.85782,-21.6261
19.36,105.1855,-21.298425,105.51318,-21.62611,104.85782,-20.97074
19.38,105.185495,-21.298425,105.51318,-21.62611,104.85781,-20.97074
19.4,105.513175,-20.643065,105.51318,-20.97075,105.51317,-20.31538
19.42,105.840855,-20.643065,105.51318,-20.97075,106.16853,-20.31538
19.44,106.16853,-20.643065,106.16853,-20.97075,106.16853,-20.31538
19.46,106.49621,-20.315385,106.82389,-20.31539,106.16853,-20.31538
19.48,106.823895,-20.970745,106.8239,-20.97075,106.82389,-20.97074
19.5,106.49621,-21.626105000000003,106.82389,-21.62611,106.16853,-21.6261
19.52,106.82389,-21.626105000000003,106.82389,-21.62611,106.82389,-21.6261
19.54,107.15156999999999,-22.281464999999997,107.47925,-22.28147,106.82389,-22.28146
19.56,107.47925,-22.609144999999998,107.47925,-22.93683,107.47925,-22.28146
19.58,108.13461,-22.936825,108.13461,-22.93683,108.13461,-22.93682
19.6,108.46229,-23.264505,108.78997,-23.59219,108.13461,-22.93682
19.62,108.46229,-23.592185,108.78997,-23.59219,108.13461,-23.59218
19.64,108.134605,-24.247545000000002,108.13461,-24.24755,108.1346,-24.24754
19.66,108.78995499999999,-24.247545,109.44532,-24.90291,108.13459,-23.59218
19.68,108.78996,-24.247545000000002,108.78996,-24.24755,108.78996,-24.24754
19.7,109.11764,-24.247545000000002,109.44532,-24.24755,108.78996,-24.24754
19.72,109.44532,-24.575225,110.10068,-24.90291,108.78996,-24.24754
19.74,109.77299500000001,-24.902904999999997,110.10068,-24.90291,109.44531,-24.9029
19.76,109.77299500000001,-24.902904999999997,110.10068,-24.90291,109.44531,-24.9029
19.78,110.100675,-25.230584999999998,110.10068,-25.55827,110.10067,-24.9029
19.8,110.10068,-25.230584999999998,110.75604,-25.55827,109.44532,-24.9029
19.82,109.773,-25.558265,110.75604,-25.55827,108.78996,-25.55826
19.84,93.38887,-22.936825,100.27021,-24.90291,86.50753,-20.97074
19.86,75.36631,-19.660024999999997,77.3324,-19.66003,73.40022,-19.66002
19.88,74.71094,-21.626105000000003,74.71094,-21.62611,74.71094,-21.6261
19.9,75.366285,-22.609144999999998,75.36629,-22.93683,75.36628,-22.28146
19.92,75.69396,-22.936825,75.36628,-22.93683,76.02164,-22.93682
19.94,75.693955,-22.936825,76.02164,-22.93683,75.36627,-22.93682
19.96,75.693955,-22.609144999999998,76.02164,-22.93683,75.36627,-22.28146
19.98,75.69395,-22.936825,76.02163,-22.93683,75.36627,-22.93682
20.0,75.03859,-23.592185,75.36627,-23.59219,74.71091,-23.59218
20.02,75.038585,-23.264505,75.36627,-23.59219,74.7109,-22.93682
20.04,76.0216,-22.609144999999998,75.36625,-22.93683,76.67695,-22.28146
20.06,80.93678,-22.281464999999997,79.95374,-22.28147,81.91982,-22.28146
20.08,83.230575,-22.936825,83.88592,-22.93683,82.57523,-22.93682
20.1,68.81260499999999,-25.230584999999998,72.74479,-24.90291,64.88042,-25.55826
20.12,61.275935000000004,-26.213625,62.25897,-26.21363,60.2929,-26.21362
20.14,60.292914999999994,-28.179705,60.94828,-28.17971,59.63755,-28.1797
20.16,59.96524,-28.179705,60.29292,-28.17971,59.63756,-28.1797
20.18,58.98220499999999,-29.162745,59.63757,-29.49043,58.32684,-28.83506
20.2,59.30988,-29.162745,59.63756,-29.49043,58.9822,-28.83506
20.22,58.982195000000004,-28.835065,58.9822,-29.49043,58.98219,-28.1797
20.24,59.309865,-28.179705,59.63755,-28.83507,58.98218,-27.52434
20.26,59.637535,-27.852024999999998,59.63754,-28.17971,59.63753,-27.52434
20.28,59.965199999999996,-26.868985000000002,60.29288,-26.86899,59.63752,-26.86898
20.3,59.965199999999996,-26.868985000000002,60.29288,-26.86899,59.63752,-26.86898
20.32,59.96519,-26.868985000000002,60.29287,-26.86899,59.63751,-26.86898
20.34,59.309825000000004,-26.868985000000002,59.63751,-26.86899,58.98214,-26.86898
20.36,59.30982,-26.868985000000002,59.6375,-26.86899,58.98214,-26.86898
20.38,59.309825000000004,-26.541305,59.63751,-26.86899,58.98214,-26.21362
20.4,59.6375,-26.213625,59.6375,-26.86899,59.6375,-25.55826
20.42,56.03299,-25.558265,59.6375,-26.21363,52.42848,-24.9029
20.44,37.02735,-25.230584999999998,39.97651,-25.55827,34.07819,-24.9029
20.46,34.078190000000006,-25.558265,34.07818,-25.55827,34.0782,-25.55826
20.48,34.40587,-26.213625,34.73355,-26.21363,34.07819,-26.21362
20.5,34.733545,-26.213625,34.73355,-26.21363,34.73354,-26.21362
20.52,34.733535,-26.868985000000002,34.73354,-26.86899,34.73353,-26.86898
20.54,35.3889,-27.524344999999997,35.3889,-27.52435,35.3889,-27.52434
20.56,35.71658,-27.524344999999997,36.04426,-27.52435,35.3889,-27.52434
20.58,36.371945,-27.852024999999998,36.69963,-28.17971,36.04426,-27.52434
20.6,36.37195,-27.852024999999998,36.69963,-28.17971,36.04427,-27.52434
20.62,36.37195,-27.852024999999998,36.69963,-28.17971,36.04427,-27.52434
20.64,36.37195,-28.179705,36.69963,-28.17971,36.04427,-28.1797
20.66,36.37196,-28.507385,36.69964,-28.83507,36.04428,-28.1797
20.68,36.04428,-28.507385,36.04428,-28.83507,36.04428,-28.1797
20.7,36.044285,-28.507385,36.04429,-28.83507,36.04428,-28.1797
20.72,36.04429,-28.507385,36.04429,-28.83507,36.04429,-28.1797
20.74,36.371975,-28.507385,36.69966,-28.83507,36.04429,-28.1797
20.76,36.37198,-28.835065,36.69966,-28.83507,36.0443,-28.83506
20.78,35.71662,-28.835065,36.0443,-28.83507,35.38894,-28.83506
20.8,35.061265,-28.835065,35.38894,-28.83507,34.73359,-28.83506
20.82,35.06127,-28.507385,35.38895,-28.83507,34.73359,-28.1797
20.84,34.7336,-28.835065,34.7336,-28.83507,34.7336,-28.83506
20.86,34.73359,-27.196665000000003,35.38896,-28.83507,34.07822,-25.55826
20.88,33.75052,-10.812664999999999,34.73355,-15.72787,32.76749,-5.89746
20.9,35.716625,-4.259065,36.04431,-3.27603,35.38894,-5.2421
20.92,35.716605,-8.518905,36.04429,-7.86355,35.38892,-9.17426
20.94,35.061234999999996,-9.829625,35.38892,-9.82963,34.73355,-9.82962
20.96,34.405874999999995,-10.484985,34.73356,-10.48499,34.07819,-10.48498
20.98,34.405879999999996,-10.484985,34.73356,-11.14035,34.0782,-9.82962
21.0,34.07821,-10.812664999999999,34.73357,-11.14035,33.42285,-10.48498
21.02,33.750545,-10.812664999999999,34.07822,-11.14035,33.42287,-10.48498
21.04,33.09519,-10.812664999999999,33.42287,-11.14035,32.76751,-10.48498
21.06,33.0952,-11.140345,33.42288,-11.14035,32.76752,-11.14034
21.08,33.750575,-10.157305000000001,32.76753,-11.79571,34.73362,-8.5189
21.1,41.287335,0.0007750000000000812,40.63194,-1.96531,41.94273,1.96686
21.12,41.61505,0.3284549999999994,41.94273,0.65613,41.28737,0.0007799999999988
21.14,41.942755,-1.309945,41.94275,-1.30995,41.94276,-1.30994
21.16,42.270425,-0.9822649999999999,42.59811,-1.30995,41.94274,-0.65458
21.18,42.270415,0.6561349999999979,42.5981,0.0007699999999957,41.94273,1.3115
21.2,41.287355000000005,3.2775749999999997,41.94272,2.62221,40.63199,3.93294
21.22,40.95966,5.5713349999999995,41.28735,4.58829,40.63197,6.55438
21.24,40.30427,8.520455,40.63196,7.86509,39.97658,9.17582
21.26,40.304255,10.158854999999999,40.63194,9.83117,39.97657,10.48654
21.28,40.304244999999995,11.469574999999999,40.63193,11.14189,39.97656,11.79726
21.3,39.976555000000005,11.797255,39.97656,11.79725,39.97655,11.79726
21.32,51.11781,14.418695,46.53021,13.10797,55.70541,15.72942
21.34,63.569849999999995,14.746375,62.91448,15.07405,64.22522,14.4187
21.36,64.225225,12.452615,64.22522,12.45261,64.22523,12.45262
21.38,64.88059,11.141895,64.88059,11.14189,64.88059,11.1419
21.4,65.86363,10.814215,66.19131,10.48653,65.53595,11.1419
21.42,66.19131,10.486535,66.19131,10.48653,66.19131,10.48654
21.44,66.519,10.486535,66.84668,10.48653,66.19132,10.48654
21.46,66.51901,9.503495000000001,66.84669,9.83117,66.19133,9.17582
21.48,65.86365,8.520455,66.19133,8.52045,65.53597,8.52046
21.5,65.86365,7.865095,66.19133,7.86509,65.53597,7.8651
21.52,65.535965,8.520455,65.53597,7.86509,65.53596,9.17582
21.54,82.90324000000001,15.074055000000001,76.67722,13.10797,89.12926,17.04014
21.56,98.304405,16.384775,97.64904,17.04013,98.95977,15.72942
21.58,98.95977500000001,15.401734999999999,99.61514,15.07405,98.30441,15.72942
21.6,98.959765,16.057095,98.95977,15.72941,98.95976,16.38478
21.62,98.632075,16.712455,98.95976,16.38477,98.30439,17.04014
21.64,98.63207,17.695495,98.95975,17.69549,98.30439,17.6955
21.66,99.28743,18.350855,99.61511,17.69549,98.95975,19.00622
21.68,99.942785,19.006215,100.27047,18.35085,99.6151,19.66158
21.7,100.27047,19.333895,100.27047,19.00621,100.27047,19.66158
21.72,100.92583,19.661575,100.92583,19.66157,100.92583,19.66158
21.74,101.58119500000001,19.333895,101.5812,19.00621,101.58119,19.66158
21.76,102.56424,18.678535,102.89192,18.35085,102.23656,19.00622
21.78,102.564245,18.023175000000002,102.89193,17.69549,102.23656,18.35086
21.8,104.858025,18.350855,102.89193,17.69549,106.82412,19.00622
21.82,110.428665,18.678535,110.10098,19.00621,110.75635,18.35086
21.84,111.41171,17.367815,111.41171,17.04013,111.41171,17.6955
21.86,112.06707,17.367815,112.06707,17.04013,112.06707,17.6955
21.88,112.39476,16.712455,112.72244,16.38477,112.06708,17.04014
21.9,112.06708499999999,16.057095,112.06709,15.72941,112.06708,16.38478
21.92,112.394765,15.401734999999999,112.72245,15.72941,112.06708,15.07406
21.94,113.05013,14.418695,113.37781,14.41869,112.72245,14.4187
21.96,113.05013,14.091014999999999,113.37781,13.76333,112.72245,14.4187
21.98,110.100995,14.746375,113.37782,14.41869,106.82417,15.07406
22.0,85.52475000000001,15.401734999999999,91.09538,15.07405,79.95412,15.72942
22.02,78.9711,15.729415,78.6434,15.72941,79.2988,15.72942
22.04,79.626485,14.418695,79.95417,14.41869,79.2988,14.4187
22.06,79.954165,14.746375,79.95417,14.41869,79.95416,15.07406
22.08,79.954145,14.746375,79.95415,14.41869,79.95414,15.07406
22.1,81.264855,15.401734999999999,81.26486,15.07405,81.26485,15.72942
22.12,80.937165,16.384775,81.26485,15.72941,80.60948,17.04014
22.14,81.59251499999999,16.712455,81.9202,16.38477,81.26483,17.04014
22.16,81.59251,17.040135,81.92019,17.04013,81.26483,17.04014
22.18,81.59251,16.712455,81.92019,17.04013,81.26483,16.38478
22.2,81.59251,16.712455,81.92019,16.38477,81.26483,17.04014
22.22,80.93715,16.712455,81.26483,16.38477,80.60947,17.04014
22.24,80.93715,17.367815,81.26483,17.04013,80.60947,17.6955
22.26,80.937145,18.023175000000002,81.26483,17.69549,80.60946,18.35086
22.28,88.80155500000001,20.644615,86.50776,19.66157,91.09535,21.62766
22.3,91.750725,19.661575,92.40609,19.66157,91.09536,19.66158
22.32,91.42304,19.661575,91.75072,19.66157,91.09536,19.66158
22.34,90.767685,19.333895,91.09537,19.00621,90.44,19.66158
22.36,91.42305,19.333895,91.75073,19.00621,91.09537,19.66158
22.38,77.00499500000001,19.661575,85.85244,19.00621,68.15755,20.31694
22.4,61.276175,21.955334999999998,61.60385,21.62765,60.9485,22.28302
22.42,62.25927,21.299975,62.25927,20.97229,62.25927,21.62766
22.44,61.93158,21.299975,62.25926,20.97229,61.6039,21.62766
22.46,62.25926,20.644615,62.25926,20.31693,62.25926,20.9723
22.48,62.58695,20.972295000000003,62.91463,20.97229,62.25927,20.9723
22.5,62.91463,21.299975,62.91463,20.97229,62.91463,21.62766
22.52,62.91463,21.299975,62.91463,20.97229,62.91463,21.62766
22.54,63.24232,21.299975,63.57,20.97229,62.91464,21.62766
22.56,63.242325,21.299975,63.57001,20.97229,62.91464,21.62766
22.58,61.9316,20.644615,62.91464,20.31693,60.94856,20.9723
22.6,43.25364,22.610695,48.49659,21.62765,38.01069,23.59374
22.62,36.04463,23.593735000000002,36.04461,23.59373,36.04465,23.59374
22.64,36.044669999999996,23.266055,36.70003,22.93837,35.38931,23.59374
22.66,35.389314999999996,23.593735000000002,35.38931,23.59373,35.38932,23.59374
22.68,34.733959999999996,23.921415,35.38932,23.59373,34.0786,24.2491
22.7,34.40629,23.921415,34.73397,23.59373,34.07861,24.2491
22.72,34.07861,24.249094999999997,34.07861,24.24909,34.07861,24.2491
22.74,33.75093,23.921415,34.07861,23.59373,33.42325,24.2491
22.76,34.07861,23.266055,34.07861,22.93837,34.07861,23.59374
22.78,33.750935,23.921415,34.07861,23.59373,33.42326,24.2491
22.8,33.75094,23.921415,34.07862,23.59373,33.42326,24.2491
22.82,33.75094,23.921415,34.07862,23.59373,33.42326,24.2491
22.84,23.592730000000003,24.249095,29.49105,23.59373,17.69441,24.90446
22.86,13.106829999999999,24.576774999999998,13.10681,24.24909,13.10685,24.90446
22.88,15.400655,24.249094999999997,15.72833,24.24909,15.07298,24.2491
22.9,15.400659999999998,24.249094999999997,15.72834,24.24909,15.07298,24.2491
22.92,15.72835,24.576774999999998,15.72835,24.24909,15.72835,24.90446
22.94,15.728345000000001,25.232135,15.72835,24.90445,15.72834,25.55982
22.96,16.056015000000002,25.887495,16.3837,25.55981,15.72833,26.21518
22.98,15.728315,25.887495,15.72832,25.55981,15.72831,26.21518
23.0,16.38367,25.887495,16.38367,25.55981,16.38367,26.21518
23.02,17.039015,26.870535,17.03902,26.21517,17.03901,27.5259
23.04,18.34973,26.870534999999997,18.34973,26.87053,18.34973,26.87054
23.06,19.66045,26.870534999999997,19.66045,26.87053,19.66045,26.87054
23.08,33.09545,27.853575,29.49094,28.18125,36.69996,27.5259
23.1,40.632104999999996,25.887495,40.63211,25.55981,40.6321,26.21518
23.12,41.94283,25.887495,41.94283,25.55981,41.94283,26.21518
23.14,42.27051,26.870534999999997,42.59819,26.87053,41.94283,26.87054
23.16,42.27051,27.198214999999998,42.59819,26.87053,41.94283,27.5259
23.18,41.94283,27.198214999999998,41.94283,26.87053,41.94283,27.5259
23.2,41.61515,26.870534999999997,41.94283,26.87053,41.28747,26.87054
23.22,45.87503,27.198215,42.59819,26.21517,49.15187,28.18126
23.24,55.377885,27.853575,55.0502,28.18125,55.70557,27.5259
23.26,56.03325,27.198214999999998,56.36093,26.87053,55.70557,27.5259
23.28,56.36094,27.198214999999998,56.36094,26.87053,56.36094,27.5259
23.3,56.688615,27.853575,57.0163,27.52589,56.36093,28.18126
23.32,57.0163,27.525895,57.0163,27.52589,57.0163,27.5259
23.34,56.68862,27.525895,57.0163,27.52589,56.36094,27.5259
23.36,57.34398,27.198214999999998,57.67166,26.87053,57.0163,27.5259
23.38,61.603865,28.836615000000002,57.67166,27.52589,65.53607,30.14734
23.4,76.34965500000001,30.802695,75.3666,31.45805,77.33271,30.14734
23.42,77.98808,29.491975,78.64344,29.49197,77.33272,29.49198
23.44,78.315765,29.164295000000003,77.98808,28.83661,78.64345,29.49198
23.46,77.66041,28.508935,77.98809,28.18125,77.33273,28.83662
23.48,77.66042,28.508935,77.9881,28.18125,77.33274,28.83662
23.5,77.660415,28.508935,77.9881,28.18125,77.33273,28.83662
23.52,77.9881,28.508935,77.9881,28.18125,77.9881,28.83662
23.54,77.660415,28.508935,77.9881,28.18125,77.33273,28.83662
23.56,77.660415,28.508935,77.98809,28.18125,77.33274,28.83662
23.58,77.005055,28.181255,77.9881,28.18125,76.02201,28.18126
23.6,69.140635,27.853575,70.77905,27.52589,67.50222,28.18126
23.62,68.485285,28.508935,68.81296,28.18125,68.15761,28.83662
23.64,68.15761,28.836615000000002,68.81297,28.83661,67.50225,28.83662
23.66,67.50225,28.508935,68.15761,28.18125,66.84689,28.83662
23.68,67.17458,28.508935,67.50226,28.18125,66.8469,28.83662
23.7,67.17458500000001,27.853575,67.50226,27.52589,66.84691,28.18126
23.72,66.191555,27.525895,66.84692,27.52589,65.53619,27.5259
23.74,46.85823,29.164295,53.73959,28.18125,39.97687,30.14734
23.76,39.321535,31.130375,39.32151,30.80269,39.32156,31.45806
23.78,38.9939,31.130375,39.32158,30.80269,38.66622,31.45806
23.8,37.68318,30.802695,38.01086,30.80269,37.3555,30.8027
23.82,37.02783,30.475015,37.35551,30.14733,36.70015,30.8027
23.84,36.372474999999994,30.475015,36.70016,30.14733,36.04479,30.8027
23.86,35.71711,30.147334999999998,36.04479,30.14733,35.38943,30.14734
23.88,36.04479,29.819654999999997,36.04479,29.49197,36.04479,30.14734
23.9,36.700145,29.491975,36.70015,29.49197,36.70014,29.49198
23.92,37.02782,29.491975,37.3555,29.49197,36.70014,29.49198
23.94,37.35548,29.819654999999997,37.35549,29.49197,37.35547,30.14734
23.96,38.010825,30.475015,38.01083,30.14733,38.01082,30.8027
23.98,38.33849,30.475015,38.66617,30.14733,38.01081,30.8027
24.0,38.338485000000006,30.475015,38.66617,30.14733,38.0108,30.8027
24.02,38.66616,29.491975,38.66616,29.49197,38.66616,29.49198
24.04,38.66615,29.491975,38.66615,29.49197,38.66615,29.49198
24.06,49.152024999999995,31.785735,43.90907,30.80269,54.39498,32.76878
24.08,60.29328,31.458055,60.29328,31.45805,60.29328,31.45806
24.1,60.29328,31.130375,60.29328,30.80269,60.29328,31.45806
24.12,61.276315,30.802695,61.604,30.80269,60.94863,30.8027
24.14,61.93167,30.475015,62.25935,30.14733,61.60399,30.8027
24.16,61.93166,30.147334999999998,62.25934,30.14733,61.60398,30.14734
24.18,62.25933,29.491975,62.25933,29.49197,62.25933,29.49198
24.2,62.587005000000005,29.164295000000003,62.91469,28.83661,62.25932,29.49198
24.22,63.24236,28.836615000000002,63.57004,28.83661,62.91468,28.83662
24.24,63.24236,28.181255,63.57004,28.18125,62.91468,28.18126
24.26,63.897715,27.525895,64.2254,27.52589,63.57003,27.5259
24.28,63.897710000000004,27.525895,64.22539,27.52589,63.57003,27.5259
24.3,64.88075,27.198214999999998,64.88075,26.87053,64.88075,27.5259
24.32,65.208425,27.198214999999998,65.53611,26.87053,64.88074,27.5259
24.34,65.53611,26.870534999999997,65.53611,26.87053,65.53611,26.87054
24.36,59.965485,26.870534999999997,65.53611,26.87053,54.39486,26.87054
24.38,39.649074999999996,27.198214999999998,41.94287,26.87053,37.35528,27.5259
24.4,38.010675,26.542855,38.01067,26.87053,38.01068,26.21518
24.42,38.010675,26.215175,38.01068,25.55981,38.01067,26.87054
24.44,38.010675,26.542855,38.01068,26.21517,38.01067,26.87054
24.46,38.01068,26.542855,38.01068,26.21517,38.01068,26.87054
24.48,38.33836,26.215175000000002,38.66604,26.21517,38.01068,26.21518
24.5,38.01068,25.887495,38.66604,25.55981,37.35532,26.21518
24.52,37.683004999999994,25.559815,38.01069,25.55981,37.35532,25.55982
24.54,38.010684999999995,25.559815,38.01069,25.55981,38.01068,25.55982
24.56,37.683,24.904455,38.01068,24.90445,37.35532,24.90446
24.58,37.683009999999996,24.904455,38.01069,24.90445,37.35533,24.90446
24.6,37.683009999999996,24.904455,38.01069,24.90445,37.35533,24.90446
24.62,38.0107,25.232135,38.0107,24.90445,38.0107,25.55982
24.64,38.338390000000004,24.576774999999998,38.66607,24.24909,38.01071,24.90446
24.66,38.338390000000004,24.249094999999997,38.66607,24.24909,38.01071,24.2491
24.68,28.835545,24.249095,32.1124,23.59373,25.55869,24.90446
24.7,23.592605,24.576774999999998,23.5926,24.24909,23.59261,24.90446
24.72,23.59261,24.576774999999998,24.24797,24.24909,22.93725,24.90446
24.74,23.59261,23.921415,23.59261,23.59373,23.59261,24.2491
24.76,23.26493,24.249095,23.59261,23.59373,22.93725,24.90446
24.78,23.592615000000002,23.921415,23.59262,23.59373,23.59261,24.2491
24.8,23.592615000000002,24.249094999999997,23.59262,24.24909,23.59261,24.2491
24.82,24.24797,24.249095,24.24797,23.59373,24.24797,24.90446
24.84,25.88636,24.576774999999998,25.55869,24.24909,26.21403,24.90446
24.86,30.473855,24.576774999999998,28.83546,24.24909,32.11225,24.90446
24.88,43.90862,22.283015,39.32116,22.93837,48.49608,21.62766
24.9,63.569255,20.644615,58.98175,19.66157,68.15676,21.62766
24.92,78.31478,22.938375,76.67639,21.62765,79.95317,24.2491
24.94,86.17907,27.198215,84.54067,26.21517,87.81747,28.18126
24.96,91.74969999999999,28.836615000000002,91.74968,28.83661,91.74972,28.83662
24.98,20.970955,27.525895,-49.1526,28.18125,91.09451,26.87054
25.0,88.1455,26.215175000000002,89.12851,26.21517,87.16249,26.21518
25.02,83.885705,24.576774999999998,85.19642,24.90445,82.57499,24.2491
25.04,80.28124,22.610695,81.26428,22.93837,79.2982,22.28302
25.06,78.642845,20.972295000000003,79.29821,20.97229,77.98748,20.9723
25.08,76.676755,21.627654999999997,77.33212,21.62765,76.02139,21.62766
25.1,75.36603,20.644615,75.36603,20.31693,75.36603,20.9723
25.12,75.03835,21.299975,75.36603,20.97229,74.71067,21.62766
25.14,73.72764,21.299975,74.05532,20.97229,73.39996,21.62766
25.16,73.07229,21.955334999999998,73.39997,21.62765,72.74461,22.28302
25.18,72.089255,22.610695,72.74461,22.28301,71.4339,22.93838
25.2,71.76159,22.610695,72.08927,22.28301,71.43391,22.93838
25.22,88.47351,28.181255,82.57516,26.21517,94.37186,30.14734
25.24,99.614805,28.181255,99.6148,28.83661,99.61481,27.5259
25.26,99.287145,27.198214999999998,99.61482,26.87053,98.95947,27.5259
25.28,98.63179,27.198214999999998,98.95947,26.87053,98.30411,27.5259
25.3,98.631805,27.198214999999998,98.95948,26.87053,98.30413,27.5259
25.32,98.304135,27.198214999999998,98.95949,26.87053,97.64878,27.5259
25.34,97.64879,27.198214999999998,98.30415,26.87053,96.99343,27.5259
25.36,97.32112000000001,26.870534999999997,97.6488,26.87053,96.99344,26.87054
25.38,96.66577,26.542855,96.99345,26.21517,96.33809,26.87054
25.4,96.66578,26.542855,96.99346,26.21517,96.3381,26.87054
25.42,96.01043,26.870534999999997,96.33811,26.87053,95.68275,26.87054
25.44,95.682755,26.542855,95.68275,26.21517,95.68276,26.87054
25.46,95.35508,26.542855,95.68276,26.21517,95.0274,26.87054
25.48,94.69973,25.887495,95.02741,25.55981,94.37205,26.21518
25.5,94.69973,25.887495,95.02741,25.55981,94.37205,26.21518
25.52,94.69974,25.559815,95.02742,25.55981,94.37206,25.55982
25.54,95.02742,25.559815,95.02742,25.55981,95.02742,25.55982
25.56,95.3551,25.232135,95.68278,24.90445,95.02742,25.55982
25.58,95.3551,24.904455,95.68278,24.90445,95.02742,24.90446
25.6,96.01045,24.249094999999997,96.33813,24.24909,95.68277,24.2491
25.62,96.338125,23.593735000000002,96.33813,23.59373,96.33812,23.59374
25.64,97.32115,23.266055,97.64883,22.93837,96.99347,23.59374
25.66,98.63185,22.938375,98.30418,22.93837,98.95952,22.93838
25.68,104.20234500000001,21.299975,102.2363,21.62765,106.16839,20.9723
25.7,113.70495,20.644615,111.41122,20.31693,115.99868,20.9723
25.72,122.552115,22.283015,122.55217,20.97229,122.55206,23.59374
25.74,124.8457,27.853575,123.86268,26.21517,125.82872,29.49198
25.76,124.190245,29.819654999999997,125.1733,29.49197,123.20719,30.14734
25.78,123.862555,28.836615000000002,123.86254,28.83661,123.86257,28.83662
25.8,123.534955,26.870534999999997,123.8626,26.87053,123.20731,26.87054
25.82,120.585915,22.938375,121.89662,24.24909,119.27521,21.62766
25.84,115.0154,19.006215,116.65379,19.66157,113.37701,18.35086
25.86,109.11717999999999,17.040135,110.75559,17.04013,107.47877,17.04014
25.88,103.874295,15.729415,105.51269,15.72941,102.2359,15.72942
25.9,100.26983,15.074055,101.58055,14.41869,98.95911,15.72942
25.92,97.976085,15.401734999999999,98.95911,14.41869,96.99306,16.38478
25.94,95.35469499999999,16.712455,96.99308,16.38477,93.71631,17.04014
25.96,91.422605,17.695495,92.40563,17.04013,90.43958,18.35086
25.98,88.14585,18.678535,89.12888,18.35085,87.16282,19.00622
26.0,85.852115,18.678535,86.50747,18.35085,85.19676,19.00622
26.02,84.869095,19.333895,85.19677,19.00621,84.54142,19.66158
26.04,83.886065,19.333895,84.54142,19.00621,83.23071,19.66158
26.06,83.55839,19.333895,83.88607,19.00621,83.23071,19.66158
26.08,82.903035,19.989255,83.23071,19.66157,82.57536,20.31694
26.1,82.57536,19.661575,82.57536,19.66157,82.57536,19.66158
26.12,81.92,19.333895,82.57536,19.00621,81.26464,19.66158
26.14,81.920005,19.006214999999997,82.57537,19.00621,81.26464,19.00622
26.16,80.936965,19.333895,81.26465,19.00621,80.60928,19.66158
26.18,80.93697,19.661575,81.26465,19.66157,80.60929,19.66158
26.2,80.60929,19.333895,80.60929,19.00621,80.60929,19.66158
26.22,80.609295,19.333895,80.6093,19.00621,80.60929,19.66158
26.24,80.60929,19.661575,80.60929,19.00621,80.60929,20.31694
26.26,80.938245,19.661575,81.2672,19.66157,80.60929,19.66158
26.28,81.264645,19.989255,81.26465,19.66157,81.26464,20.31694
26.3,81.26465,19.661575,81.26465,19.00621,81.26465,20.31694
26.32,81.26465,19.989255,81.26465,19.66157,81.26465,20.31694
26.34,80.936975,19.989255,81.26465,19.66157,80.6093,20.31694
26.36,80.28163,20.644615,80.60931,20.31693,79.95395,20.9723
26.38,79.62627,20.644615,79.95395,20.31693,79.29859,20.9723
26.4,78.64323999999999,20.644615,79.2986,20.31693,77.98788,20.9723
26.42,77.987895,20.972295,78.64325,20.31693,77.33254,21.62766
26.44,76.67717999999999,21.299975,77.33254,20.97229,76.02182,21.62766
26.46,75.69415000000001,21.299975,76.02183,20.97229,75.36647,21.62766
26.48,75.0388,21.627655,75.36648,20.97229,74.71112,22.28302
26.5,75.038805,21.299975,75.36648,20.97229,74.71113,21.62766
26.52,74.383455,21.299975,74.71113,20.97229,74.05578,21.62766
26.54,73.7281,20.972295000000003,74.05578,20.97229,73.40042,20.9723
26.56,73.728105,20.972295000000003,74.05578,20.97229,73.40043,20.9723
26.58,73.40043,20.644615,74.05579,20.31693,72.74507,20.9723
26.6,73.40044,20.644615,73.40044,20.31693,73.40044,20.9723
26.62,72.745085,20.644615,73.40044,20.31693,72.08973,20.9723
26.64,73.07277,20.644615,73.40045,20.31693,72.74509,20.9723
26.66,73.07277,20.316935,73.40045,20.31693,72.74509,20.31694
26.68,72.74509,20.316935,73.40045,20.31693,72.08973,20.31694
26.7,72.417405,19.989255,72.74509,19.66157,72.08972,20.31694
26.72,75.366525,20.972295000000003,72.74507,19.66157,77.98798,22.28302
26.74,93.061435,24.576774999999998,90.43997,24.24909,95.6829,24.90446
26.76,96.66595,23.593735000000002,96.99363,23.59373,96.33827,23.59374
26.78,96.665945,22.938375,96.99363,22.93837,96.33826,22.93838
26.8,96.99362500000001,22.283015,96.99363,22.28301,96.99362,22.28302
26.82,96.99361,21.955334999999998,96.99361,21.62765,96.99361,22.28302
26.84,97.321285,22.283015,97.64897,22.28301,96.9936,22.28302
26.86,97.64896,22.283015,97.64896,21.62765,97.64896,22.93838
26.88,97.97663,22.610695,98.30431,22.28301,97.64895,22.93838
26.9,97.97663,22.610695,98.30431,22.28301,97.64895,22.93838
26.92,97.976625,21.955334999999998,98.30431,21.62765,97.64894,22.28302
26.94,98.304305,21.955334999999998,98.30431,21.62765,98.3043,22.28302
26.96,98.63199,21.955334999999998,98.95967,21.62765,98.30431,22.28302
26.98,98.95968500000001,20.972295000000003,98.95968,20.97229,98.95969,20.9723
27.0,99.61508,19.333895,99.61507,19.66157,99.61509,19.00622
27.02,99.942825,17.6954,100.27049,17.69544,99.61516,17.69536
27.04,100.27057500000001,16.384529999999998,100.27056,16.38456,100.27059,16.3845
27.06,100.92599,15.401405,100.92598,15.07374,100.926,15.72907
27.08,100.92603,15.073695,100.92602,15.0737,100.92604,15.07369
27.1,101.25374,14.418334999999999,101.58142,14.41833,100.92606,14.41834
27.12,101.253755,14.746030000000001,101.58143,14.41834,100.92608,15.07372
27.14,101.25377,14.09069,101.58145,13.763,100.92609,14.41838
27.16,100.926095,13.76304,100.92609,13.76303,100.9261,13.76305
27.18,101.25378,13.763069999999999,101.58146,13.1077,100.9261,14.41844
27.2,100.27074,13.435425,101.58146,13.76309,98.96002,13.10776
27.22,77.005335,3.277345,83.88668,5.89881,70.12399,0.65588
27.24,67.502475,-1.9655749999999999,66.19176,-1.31023,68.81319,-2.62092
27.26,71.762345,-3.6039450000000004,72.09003,-3.93163,71.43466,-3.27626
27.28,72.089995,-3.9315949999999997,72.09,-3.93161,72.08999,-3.93158
27.3,72.745335,-4.259245,72.74534,-4.58694,72.74533,-3.93155
27.32,73.400675,-4.2592099999999995,73.40068,-4.5869,73.40067,-3.93152
27.34,74.056015,-4.586869999999999,74.05602,-4.58688,74.05601,-4.58686
27.36,74.711365,-5.242205,74.71137,-5.24221,74.71136,-5.2422
27.38,75.36671,-5.56987,75.36671,-5.89756,75.36671,-5.24218
27.4,76.02206,-6.22522,76.02207,-6.55291,76.02205,-5.89753
27.42,76.349735,-6.880565,76.67742,-7.20825,76.02205,-6.55288
27.44,76.67741,-6.880555,76.67741,-7.20824,76.67741,-6.55287
27.46,77.332765,-7.2082250000000005,77.33277,-7.20823,77.33276,-7.20822
27.48,77.33276,-7.863575,77.33276,-7.86358,77.33276,-7.86357
27.5,88.146305,-4.58675,81.9203,-7.2082,94.37231,-1.9653
27.52,103.87513,-2.292985,103.54744,-1.30995,104.20282,-3.27602
27.54,104.85817,-4.259065,104.85817,-4.58675,104.85817,-3.93138
27.56,105.513525,-4.5867450000000005,105.51353,-4.58675,105.51352,-4.58674
27.58,106.496555,-5.2421050000000005,106.82424,-5.24211,106.16887,-5.2421
27.6,107.151895,-4.5867450000000005,107.47958,-5.24211,106.82421,-3.93138
27.62,108.134915,-4.259065,108.13492,-4.58675,108.13491,-3.93138
27.64,108.790245,-3.9313849999999997,108.79025,-3.93139,108.79024,-3.93138
27.66,109.445585,-4.259065,109.44559,-4.58675,109.44558,-3.93138
27.68,110.42861500000001,-4.5867450000000005,110.7563,-4.58675,110.10093,-4.58674
27.7,111.411635,-5.2421050000000005,111.41164,-5.24211,111.41163,-5.2421
27.72,111.7393,-5.2421050000000005,112.06698,-5.24211,111.41162,-5.2421
27.74,112.394645,-5.2421050000000005,112.72233,-5.24211,112.06696,-5.2421
27.76,113.04998499999999,-4.914425,113.37767,-5.24211,112.7223,-4.58674
27.78,113.705335,-4.259065,113.37766,-4.58675,114.03301,-3.93138
27.8,114.688365,-3.931385,114.68837,-4.58675,114.68836,-3.27602
27.82,115.016025,-2.292985,115.34371,-2.62067,114.68834,-1.9653
27.84,122.880385,2.6222149999999953,117.96514,-0.65459000000001,127.79563,5.89902
27.86,135.004685,7.537415,133.69397,8.52045,136.3154,6.55438
27.88,136.97075,4.5882950000000005,136.97075,4.58829,136.97075,4.5883
27.9,137.298425,4.260615,137.62611,3.93293,136.97074,4.5883
27.92,138.281455,3.9329349999999996,138.28146,3.93293,138.28145,3.93294
27.94,138.93681,3.9329349999999996,138.93681,3.93293,138.93681,3.93294
27.96,139.59216500000002,4.260615,139.59217,3.93293,139.59216,4.5883
27.98,139.91984000000002,4.260615,140.24752,3.93293,139.59216,4.5883
28.0,139.919835,3.9329349999999996,140.24752,3.93293,139.59215,3.93294
28.02,139.91983,3.2775749999999997,140.24751,3.27757,139.59215,3.27758
28.04,139.59214,1.966855,139.59214,1.96685,139.59214,1.96686
28.06,139.919815,1.639175,140.2475,1.31149,139.59213,1.96686
28.08,140.24749500000001,1.639175,140.2475,1.31149,140.24749,1.96686
28.1,140.57517,1.966855,140.90285,1.31149,140.24749,2.62222
28.12,140.90285,2.2945349999999998,141.55821,1.96685,140.24749,2.62222
28.14,141.230525,1.966855,141.55821,1.96685,140.90284,1.96686
28.16,140.902845,1.639175,140.90285,1.31149,140.90284,1.96686
28.18,140.90284,0.6561349999999999,140.90284,0.65613,140.90284,0.65614
28.2,140.90283,0.32845499999999783,140.90283,0.0007699999999957,140.90283,0.65614
28.22,141.23050999999998,0.6561349999999979,141.55819,0.0007699999999957,140.90283,1.3115
28.24,141.55819,1.639175,141.55819,1.31149,141.55819,1.96686
28.26,141.88585999999998,1.639175,142.21354,1.31149,141.55818,1.96686
28.28,141.88585999999998,1.966855,142.21354,1.96685,141.55818,1.96686
28.3,133.6938,3.605255,136.31526,1.96685,131.07234,5.24366
28.32,129.76161,4.9159749999999995,129.76161,5.24365,129.76161,4.5883
28.34,130.416965,4.260615,130.41697,3.93293,130.41696,4.5883
28.36,130.089275,4.9159749999999995,130.41696,4.58829,129.76159,5.24366
28.38,130.74463,5.243655,131.07231,4.58829,130.41695,5.89902
28.4,130.74462,5.243655,131.07231,5.24365,130.41693,5.24366
28.42,130.744605,5.5713349999999995,131.07229,5.24365,130.41692,5.89902
28.44,131.07227,5.899015,131.07227,5.24365,131.07227,6.55438
28.46,131.39992999999998,7.209735,131.72762,6.55437,131.07224,7.8651
28.48,131.72758499999998,8.192775000000001,131.72759,7.86509,131.72758,8.52046
28.5,132.38293,8.848135,132.38294,8.52045,132.38292,9.17582
28.52,132.382915,8.848135,133.03828,8.52045,131.72755,9.17582
28.54,132.382905,9.175815,132.38291,9.17581,132.3829,9.17582
28.56,132.055205,9.175815,132.38289,9.17581,131.72752,9.17582
28.58,132.382875,9.503495000000001,132.38288,9.17581,132.38287,9.83118
28.6,132.055185,9.831175,132.38287,9.83117,131.7275,9.83118
28.62,132.382855,10.158854999999999,132.38286,9.83117,132.38285,10.48654
28.64,132.05516999999998,10.486535,131.72749,9.83117,132.38285,11.1419
28.66,132.38284,10.814215,132.38285,10.48653,132.38283,11.1419
28.68,132.71051,10.486535,133.03819,10.48653,132.38283,10.48654
28.7,132.382835,10.814215,132.38284,10.48653,132.38283,11.1419
28.72,131.72747,10.486535,131.72747,10.48653,131.72747,10.48654
28.74,132.38282500000003,10.158854999999999,132.38283,9.83117,132.38282,10.48654
28.76,132.38282500000003,10.158854999999999,132.38283,9.83117,132.38282,10.48654
28.78,49.15210499999999,10.158854999999999,133.03819,9.83117,-34.73398,10.48654
28.8,132.71050000000002,10.486535,133.03818,10.48653,132.38282,10.48654
28.82,132.710495,10.158854999999999,133.03818,9.83117,132.38281,10.48654
28.84,132.71050000000002,10.158854999999999,133.03818,9.83117,132.38282,10.48654
28.86,132.710495,10.158854999999999,133.03818,9.83117,132.38281,10.48654
28.88,132.38281,10.486535,132.38281,10.48653,132.38281,10.48654
28.9,132.38281,10.158854999999999,132.38281,9.83117,132.38281,10.48654
28.92,132.38281,10.158854999999999,132.38281,9.83117,132.38281,10.48654
28.94,132.38281,10.486535,132.38281,10.48653,132.38281,10.48654
28.96,132.38281,10.158854999999999,133.03817,9.83117,131.72745,10.48654
28.98,132.384085,9.831175,132.38536,9.83117,132.38281,9.83118
29.0,132.71049,9.831175,133.03817,9.83117,132.38281,9.83118
29.02,132.05513000000002,9.831175,131.72745,9.83117,132.38281,9.83118
29.04,132.710485,9.503495000000001,133.03817,9.17581,132.3828,9.83118
29.06,132.38280500000002,9.175815,132.38281,9.17581,132.3828,9.17582
29.08,132.71049,9.175815,133.03817,9.17581,132.38281,9.17582
29.1,132.710485,9.175815,133.03817,9.17581,132.3828,9.17582
29.12,132.38281,8.848135,132.38281,8.52045,132.38281,9.17582
29.14,132.71049,8.848135,133.03817,8.52045,132.38281,9.17582
29.16,132.71049,8.520455,133.03817,8.52045,132.38281,8.52046
29.18,120.586255,5.899015,124.51844,6.55437,116.65407,5.24366
29.2,116.654055,4.5882950000000005,116.65405,4.58829,116.65406,4.5883
29.22,116.98174,4.9159749999999995,117.30942,4.58829,116.65406,5.24366
29.24,116.65406,4.5882950000000005,116.65406,4.58829,116.65406,4.5883
29.26,116.98174,4.260615,117.30942,3.93293,116.65406,4.5883
29.28,116.32638,3.9329349999999996,116.65406,3.93293,115.9987,3.93294
29.3,116.98175,3.6052549999999997,117.30943,3.27757,116.65407,3.93294
29.32,116.65407,3.6052549999999997,116.65407,3.27757,116.65407,3.93294
29.34,116.3264,3.6052549999999997,116.65408,3.27757,115.99872,3.93294
29.36,116.65408,3.6052549999999997,116.65408,3.27757,116.65408,3.93294
29.38,116.3264,3.6052549999999997,116.65408,3.27757,115.99872,3.93294
29.4,116.32639499999999,3.932935,116.65408,3.27757,115.99871,4.5883
29.42,116.326385,4.9159749999999995,116.65407,4.58829,115.9987,5.24366
29.44,116.981735,5.899015,117.30942,5.24365,116.65405,6.55438
29.46,116.981735,6.226694999999999,117.30942,5.89901,116.65405,6.55438
29.48,115.34331499999999,5.899015,117.30941,5.89901,113.37722,5.89902
29.5,93.716245,7.209735,98.95918,5.89901,88.47331,8.52046
29.52,85.52418,8.192775000000001,85.1965,8.52045,85.85186,7.8651
29.54,85.196495,7.209735,85.85186,6.55437,84.54113,7.8651
29.56,85.85184,7.537415,85.85184,7.20973,85.85184,7.8651
29.58,85.851835,7.537415,85.85184,7.20973,85.85183,7.8651
29.6,86.17951,7.537415,86.50719,7.20973,85.85183,7.8651
29.62,85.85183,7.537415,85.85183,7.20973,85.85183,7.8651
29.64,86.17951,7.209735,86.50719,7.20973,85.85183,7.20974
29.66,85.85183,6.554375,85.85183,6.55437,85.85183,6.55438
29.68,85.85183,6.226694999999999,85.85183,5.89901,85.85183,6.55438
29.7,85.851835,6.226694999999999,85.85184,5.89901,85.85183,6.55438
29.72,85.85184,5.5713349999999995,85.85184,5.24365,85.85184,5.89902
29.74,86.5072,5.899015,86.5072,5.89901,86.5072,5.89902
29.76,81.591955,4.9159749999999995,85.19648,5.24365,77.98743,4.5883
29.78,76.34900999999999,4.9159749999999995,76.67669,4.58829,76.02133,5.24366
29.8,76.34901500000001,3.9329349999999996,76.6767,3.93293,76.02133,3.93294
29.82,76.34900999999999,3.6052549999999997,76.67669,3.27757,76.02133,3.93294
29.84,75.69365,3.6052549999999997,76.02133,3.27757,75.36597,3.93294
29.86,75.693655,3.2775749999999997,76.02134,3.27757,75.36597,3.27758
29.88,75.36597,2.9498949999999997,75.36597,2.62221,75.36597,3.27758
29.9,75.69366,2.9498949999999997,76.02134,2.62221,75.36598,3.27758
29.92,75.36598,2.6222149999999997,75.36598,2.62221,75.36598,2.62222
29.94,75.03829999999999,2.2945349999999998,75.36598,1.96685,74.71062,2.62222
29.96,63.56938,1.966855,66.84622,1.96685,60.29254,1.96686
29.98,59.637175,1.639175,59.63717,1.96685,59.63718,1.3115
30.0,59.3095,0.6561349999999999,59.63718,0.65613,58.98182,0.65614
30.02,59.3095,0.9838150000000001,59.63718,0.65613,58.98182,1.3115
30.04,59.30951,0.32845499999999783,59.63719,0.0007699999999957,58.98183,0.65614
30.06,59.30951,0.00077499999999725,59.63719,0.0007699999999957,58.98183,0.0007799999999988
30.08,59.30952,-0.3269050000000056,59.6372,-0.65459000000001,58.98184,0.0007799999999988
30.1,59.30952,-0.3269050000000056,59.6372,-0.65459000000001,58.98184,0.0007799999999988
30.12,59.30952,-0.982265000000005,59.6372,-0.65459000000001,58.98184,-1.30994
30.14,59.637205,-0.6545850000000005,59.63721,-1.30995,59.6372,0.0007799999999988
30.16,55.377314999999996,0.32845499999999506,59.6372,-0.65459000000001,51.11743,1.3115
30.18,39.976185,2.9498949999999997,41.94229,1.96685,38.01008,3.93294
30.2,38.33777,4.5882950000000005,38.66545,3.93293,38.01009,5.24366
30.22,37.354704999999996,5.899015,38.01007,5.24365,36.69934,6.55438
30.24,36.043965,7.209735,36.69933,7.20973,35.3886,7.20974
30.26,35.060914999999994,7.537415,35.3886,7.20973,34.73323,7.8651
30.28,34.40555,7.537415,34.73323,7.20973,34.07787,7.8651
30.3,33.75019,8.192775000000001,34.07787,7.86509,33.42251,8.52046
30.32,34.405555,8.192775000000001,34.73324,7.86509,34.07787,8.52046
30.34,35.3886,8.848135,35.3886,8.52045,35.3886,9.17582
30.36,-6.882110000000001,9.503495000000001,-49.15283,9.17581,35.38861,9.83118
30.38,36.69933,10.814215,36.69933,10.48653,36.69933,11.1419
30.4,37.682365,11.797255,37.35469,11.14189,38.01004,12.45262
30.42,38.33772,12.124935,38.6654,11.79725,38.01004,12.45262
30.44,38.33771,12.124935,38.66539,11.79725,38.01003,12.45262
30.46,38.33771,11.141895,38.66539,11.14189,38.01003,11.1419
30.48,38.33771,10.814215,38.66539,10.48653,38.01003,11.1419
30.5,38.33771,10.814215,38.01003,10.48653,38.66539,11.1419
30.52,21.625945,11.469574999999999,33.42246,11.14189,9.82943,11.79726
30.54,-19.989449999999998,11.797255,-15.07425,11.79725,-24.90465,11.79726
30.56,-20.97249,10.158854999999999,-21.62785,10.48653,-20.31713,9.83118
30.58,-19.66177,9.175815,-19.66177,9.17581,-19.66177,9.17582
30.6,-19.00641,7.865095,-19.00641,7.86509,-19.00641,7.8651
30.62,-18.35105,6.554375,-18.35105,6.55437,-18.35105,6.55438
30.64,-17.69569,5.5713349999999995,-17.69569,5.89901,-17.69569,5.24366
30.66,-16.71265,5.243655,-16.38497,5.24365,-17.04033,5.24366
30.68,-16.38497,4.5882950000000005,-16.38497,4.58829,-16.38497,4.5883
30.7,-16.05729,4.260615,-15.72961,3.93293,-16.38497,4.5883
30.72,-15.40193,3.9329349999999996,-15.07425,3.93293,-15.72961,3.93294
30.74,-15.07425,3.2775749999999997,-15.07425,3.27757,-15.07425,3.27758
30.76,-15.07425,2.9498949999999997,-15.07425,2.62221,-15.07425,3.27758
30.78,-17.69569,0.9838149999999994,-16.38497,1.96685,-19.00641,0.0007799999999988
30.8,-17.69569,0.6561349999999999,-17.69569,0.65613,-17.69569,0.65614
30.82,-17.69569,0.32845499999999783,-17.69569,0.0007699999999957,-17.69569,0.65614
30.84,-17.69569,0.9838150000000001,-17.69569,0.65613,-17.69569,1.3115
30.86,-17.69569,0.9838150000000001,-17.69569,0.65613,-17.69569,1.3115
30.88,-17.04033,2.2945349999999998,-17.04033,1.96685,-17.04033,2.62222
30.9,-17.039055,3.2775749999999997,-17.04033,2.62221,-17.03778,3.93294
30.92,-16.38497,4.260615,-16.38497,3.93293,-16.38497,4.5883
30.94,-16.38497,4.9159749999999995,-16.38497,4.58829,-16.38497,5.24366
30.96,-15.72961,4.9159749999999995,-15.72961,4.58829,-15.72961,5.24366
30.98,-15.72961,4.5882950000000005,-15.72961,4.58829,-15.72961,4.5883
31.0,-15.07425,3.9329349999999996,-15.07425,3.93293,-15.07425,3.93294
31.02,-14.746569999999998,3.6052549999999997,-14.41889,3.27757,-15.07425,3.93294
31.04,-14.41889,3.6052549999999997,-14.41889,3.27757,-14.41889,3.93294
31.06,-14.09121,3.6052549999999997,-13.76353,3.27757,-14.41889,3.93294
31.08,-13.76353,2.9498949999999997,-13.76353,2.62221,-13.76353,3.27758
31.1,-13.435849999999999,2.9498949999999997,-13.10817,2.62221,-13.76353,3.27758
31.12,-13.435849999999999,2.6222149999999997,-13.10817,2.62221,-13.76353,2.62222
31.14,-13.10817,2.6222149999999997,-13.10817,2.62221,-13.10817,2.62222
31.16,-12.78049,2.6222149999999997,-12.45281,2.62221,-13.10817,2.62222
31.18,-12.45281,2.9498949999999997,-12.45281,2.62221,-12.45281,3.27758
31.2,-12.125129999999999,3.932935,-11.79745,3.27757,-12.45281,4.5883
31.22,-11.79745,4.5882950000000005,-11.79745,3.93293,-11.79745,5.24366
31.24,-11.14209,4.9159749999999995,-11.14209,4.58829,-11.14209,5.24366
31.26,-11.46977,4.9159749999999995,-11.14209,4.58829,-11.79745,5.24366
31.28,-10.814409999999999,4.5882950000000005,-10.48673,4.58829,-11.14209,4.5883
31.3,-11.46977,4.260615,-11.14209,3.93293,-11.79745,4.5883
31.32,-11.14209,3.6052549999999997,-11.14209,3.27757,-11.14209,3.93294
31.34,-11.14209,3.2775749999999997,-11.14209,3.27757,-11.14209,3.27758
31.36,-11.14209,2.9498949999999997,-11.14209,2.62221,-11.14209,3.27758
31.38,-11.46977,2.9498949999999997,-11.14209,2.62221,-11.79745,3.27758
31.4,-10.814409999999999,3.2775749999999997,-10.48673,2.62221,-11.14209,3.93294
31.42,-10.814409999999999,3.6052549999999997,-10.48673,3.27757,-11.14209,3.93294
31.44,-10.814409999999999,4.260615,-10.48673,3.93293,-11.14209,4.5883
31.46,-10.814409999999999,4.260615,-10.48673,3.93293,-11.14209,4.5883
31.48,-11.14209,3.6052549999999997,-11.14209,3.27757,-11.14209,3.93294
31.5,-9.17601,4.5882950000000005,-11.14209,3.27757,-7.20993,5.89902
31.52,20.315285,24.249094999999997,10.48479,16.38477,30.14578,32.11342
31.54,51.772980000000004,37.683975000000004,47.1854,37.35629,56.36056,38.01166
31.56,60.29273,31.785735000000003,59.63738,32.76877,60.94808,30.8027
31.58,61.27577,28.508935,61.60345,28.83661,60.94809,28.18126
31.6,61.275785,26.215175000000002,61.60346,26.21517,60.94811,26.21518
31.62,61.275800000000004,24.249094999999997,61.60348,24.24909,60.94812,24.2491
31.64,61.275815,23.921415,61.60349,24.24909,60.94814,23.59374
31.66,61.275835,23.593735000000002,61.60351,23.59373,60.94816,23.59374
31.68,61.275845000000004,23.593735000000002,61.60353,23.59373,60.94816,23.59374
31.7,60.620485,23.921415,60.94817,23.59373,60.2928,24.2491
31.72,61.27584,23.921415,61.60352,23.59373,60.94816,24.2491
31.74,60.948155,23.266055,61.60352,22.93837,60.29279,23.59374
31.76,60.620464999999996,22.938375,60.94815,22.93837,60.29278,22.93838
31.78,60.948135,22.610695,60.94814,22.28301,60.94813,22.93838
31.8,61.27581,22.610695,61.60349,22.28301,60.94813,22.93838
31.82,61.275805000000005,22.610695,61.60349,22.28301,60.94812,22.93838
31.84,62.258845,22.283015,62.25885,22.28301,62.25884,22.28302
31.86,53.41138,19.989255,56.36055,20.31693,50.46221,19.66158
31.88,50.78988,19.333895,50.46219,19.00621,51.11757,19.66158
31.9,51.445245,18.350855000000003,51.77293,18.35085,51.11756,18.35086
31.92,51.77293,18.023175000000002,51.77293,18.35085,51.77293,17.6955
31.94,52.10061,17.695495,51.77293,17.69549,52.42829,17.6955
31.96,52.75597,17.040135,53.08365,17.04013,52.42829,17.04014
31.98,53.083655,16.712455,53.08365,16.38477,53.08366,17.04014
32.0,53.411339999999996,16.384774999999998,53.73902,16.38477,53.08366,16.38478
32.02,54.0667,16.384774999999998,54.39438,16.38477,53.73902,16.38478
32.04,54.066705,16.057095,54.39439,15.72941,53.73902,16.38478
32.06,54.394375,15.729415,54.39438,15.72941,54.39437,15.72942
32.08,54.722055,15.729415,55.04974,15.72941,54.39437,15.72942
32.1,72.74465000000001,22.610695,64.22485,19.00621,81.26445,26.21518
32.12,98.95942,27.525895,96.33794,28.18125,101.5809,26.87054
32.14,102.891615,23.266055,102.89162,23.59373,102.89161,22.93838
32.16,103.546965,22.938375,103.54697,22.93837,103.54696,22.93838
32.18,104.857665,22.610695,104.85767,22.28301,104.85766,22.93838
32.2,105.51300499999999,22.610695,105.51301,22.28301,105.513,22.93838
32.22,106.168345,22.938375,106.16835,22.93837,106.16834,22.93838
32.24,106.823685,22.610695,106.82369,22.28301,106.82368,22.93838
32.26,107.15136,22.283015,107.47904,22.28301,106.82368,22.28302
32.28,107.47903,21.627654999999997,108.13439,21.62765,106.82367,21.62766
32.3,107.80671,21.299975,108.13439,20.97229,107.47903,21.62766
32.32,107.806705,21.299975,108.13439,20.97229,107.47902,21.62766
32.34,107.8067,21.955334999999998,108.13438,21.62765,107.47902,22.28302
32.36,107.479015,22.938375,107.47902,22.28301,107.47901,23.59374
32.38,124.51854,32.768775,117.30948,27.52589,131.7276,38.01166
32.4,145.81803,41.943815,143.52425,42.59917,148.11181,41.28846
32.42,150.07789,37.683975000000004,150.07789,38.01165,150.07789,37.3563
32.44,151.06094000000002,36.373255,151.38862,36.70093,150.73326,36.04558
32.46,152.04397,34.734854999999996,152.04397,34.73485,152.04397,34.73486
32.48,152.37165,34.079495,152.69933,34.07949,152.04397,34.0795
32.5,153.35468500000002,33.424135,153.35469,33.42413,153.35468,33.42414
32.52,153.68236000000002,33.096455,154.01004,33.42413,153.35468,32.76878
32.54,153.682365,32.113415,154.01005,32.11341,153.35468,32.11342
32.56,154.01004,31.458055,154.01004,31.45805,154.01004,31.45806
32.58,154.337725,31.785735,154.01004,31.45805,154.66541,32.11342
32.6,164.4959,35.062535,163.18517,34.73485,165.80663,35.39022
32.62,166.13431,33.096455000000006,166.46199,32.76877,165.80663,33.42414
32.64,166.13431500000002,32.113415,166.462,32.11341,165.80663,32.11342
32.66,166.13432,31.785735,166.462,31.45805,165.80664,32.11342
32.68,165.80664000000002,31.785735,166.462,31.45805,165.15128,32.11342
32.7,166.462,31.130375,166.462,30.80269,166.462,31.45806
32.72,166.78967999999998,30.802695,167.11736,30.80269,166.462,30.8027
32.74,167.117365,30.147334999999998,167.11737,30.14733,167.11736,30.14734
32.76,167.11736,29.491975,167.11736,29.49197,167.11736,29.49198
32.78,166.789685,28.836615000000002,167.11737,28.83661,166.462,28.83662
32.8,170.06650000000002,30.475015,168.42809,28.83661,171.70491,32.11342
32.82,174.32638500000002,33.096455,173.67102,33.42413,174.98175,32.76878
32.84,175.63710500000002,31.785735,175.63711,31.45805,175.6371,32.11342
32.86,175.964785,31.785735,176.29247,31.45805,175.6371,32.11342
32.88,176.620145,31.130375,176.29247,30.80269,176.94782,31.45806
32.9,176.94783,30.147334999999998,176.94783,30.14733,176.94783,30.14734
32.92,176.94783,30.147334999999998,176.94783,30.14733,176.94783,30.14734
32.94,177.27551,29.819654999999997,177.60319,29.49197,176.94783,30.14734
32.96,176.947835,29.491975,176.94784,29.49197,176.94783,29.49198
32.98,177.275515,29.491975,177.60319,29.49197,176.94784,29.49198
33.0,176.94783,29.164295000000003,176.94783,28.83661,176.94783,29.49198
33.02,176.947835,29.164295000000003,176.94784,28.83661,176.94783,29.49198
33.04,176.94784,29.164295000000003,176.94784,28.83661,176.94784,29.49198
33.06,176.94784,28.508935,176.94784,28.18125,176.94784,28.83662
33.08,176.94785,28.181255,176.94785,28.18125,176.94785,28.18126
33.1,176.62016999999997,28.181255,176.94785,28.18125,176.29249,28.18126
33.12,176.94786,28.181255,176.94786,28.18125,176.94786,28.18126
33.14,176.62018,27.525895,176.94786,27.52589,176.2925,27.5259
33.16,176.947855,27.198214999999998,176.94786,26.87053,176.94785,27.5259
33.18,176.947845,27.198214999999998,176.94785,26.87053,176.94784,27.5259
33.2,177.27551,27.525895,177.6032,27.52589,176.94782,27.5259
33.22,177.275495,28.181255,177.60318,27.52589,176.94781,28.83662
33.24,177.930845,28.181255,178.25853,28.18125,177.60316,28.18126
33.26,178.25852,28.508935,178.25852,28.18125,178.25852,28.83662
33.28,177.93083000000001,28.508935,178.25851,28.18125,177.60315,28.83662
33.3,177.93083000000001,27.853575,178.25851,27.52589,177.60315,28.18126
33.32,181.86301,30.475015,178.91387,28.83661,184.81215,32.11342
33.34,191.3658,34.079495,190.71044,34.73485,192.02116,33.42414
33.36,192.34883000000002,32.441095000000004,192.02115,32.11341,192.67651,32.76878
33.38,193.004185,32.441095000000004,193.33187,32.11341,192.6765,32.76878
33.4,193.65954,32.113415,193.98722,32.11341,193.33186,32.11342
33.42,193.98721,32.441095000000004,193.98722,32.11341,193.9872,32.76878
33.44,194.314875,32.113415,194.64256,32.11341,193.98719,32.11342
33.46,194.64255,32.113415,194.64255,32.11341,194.64255,32.11342
33.48,194.97021999999998,31.458055,195.2979,31.45805,194.64254,31.45806
33.5,194.97021999999998,31.458055,195.2979,31.45805,194.64254,31.45806
33.52,195.2979,31.785735,195.2979,31.45805,195.2979,32.11342
33.54,195.95326,31.785735,195.95326,31.45805,195.95326,32.11342
33.56,202.17924,46.531335,201.19617,40.63309,203.16231,52.42958
33.58,211.02672,52.101895,208.40527,51.77421,213.64817,52.42958
33.6,222.167865,52.101895,220.20179,51.77421,224.13394,52.42958
33.62,228.39381,52.101895,228.06611,51.77421,228.72151,52.42958
33.64,230.687635,52.101895,230.68762,51.77421,230.68765,52.42958
33.66,231.01539,52.101895,231.34305,51.77421,230.68773,52.42958
33.68,230.032425,52.101895,230.68777,51.77421,229.37708,52.42958
33.7,229.049455,52.101895,229.37712,51.77421,228.72179,52.42958
33.72,227.411115,52.101895,228.06646,51.77421,226.75577,52.42958
33.74,225.772775,52.101895,226.10045,51.77421,225.4451,52.42958
33.76,224.78977,52.101895,225.44512,51.77421,224.13442,52.42958
33.78,218.23619,52.101895,220.20227,51.77421,216.27011,52.42958
33.8,214.63173999999998,52.101895,214.95942,51.77421,214.30406,52.42958
33.82,213.64873,52.101895,214.95945,51.77421,212.33801,52.42958
33.84,212.33803,52.101895,212.99339,51.77421,211.68267,52.42958
33.86,212.66572000000002,52.101895,212.9934,51.77421,212.33804,52.42958
33.88,212.01037000000002,52.101895,212.33805,51.77421,211.68269,52.42958
33.9,212.01038,52.101895,212.33806,51.77421,211.6827,52.42958
33.92,211.682705,52.101895,212.33807,51.77421,211.02734,52.42958
33.94,212.01038999999997,52.101895,212.33807,51.77421,211.68271,52.42958
33.96,211.35503999999997,52.101895,211.68272,51.77421,211.02736,52.42958
33.98,211.35503999999997,52.101895,211.68272,51.77421,211.02736,52.42958
34.0,211.355045,52.101895,211.68273,51.77421,211.02736,52.42958
34.02,211.355045,52.101895,211.68273,51.77421,211.02736,52.42958
34.04,211.68271,52.101895,211.68272,51.77421,211.6827,52.42958
34.06,211.68269500000002,52.101895,211.6827,51.77421,211.68269,52.42958
34.08,211.682685,52.101895,211.68269,51.77421,211.68268,52.42958
34.1,211.682685,52.101895,211.68269,51.77421,211.68268,52.42958
34.12,211.68267500000002,52.101895,212.33804,51.77421,211.02731,52.42958
34.14,211.68268,52.101895,211.68268,51.77421,211.68268,52.42958
34.16,211.354995,52.101895,211.68268,51.77421,211.02731,52.42958
34.18,211.35499,52.101895,211.68267,51.77421,211.02731,52.42958
34.2,211.354985,52.101895,211.68267,51.77421,211.0273,52.42958
34.22,211.354985,52.101895,211.68267,51.77421,211.0273,52.42958
34.24,211.35498,52.101895,211.68266,51.77421,211.0273,52.42958
34.26,211.35498,52.101895,211.68266,51.77421,211.0273,52.42958
34.28,211.35498,52.101895,211.68266,51.77421,211.0273,52.42958
34.3,211.682655,52.101895,211.68266,51.77421,211.68265,52.42958
34.32,212.01033999999999,52.101895,212.33802,51.77421,211.68266,52.42958
34.34,212.010335,52.101895,211.68266,51.77421,212.33801,52.42958
34.36,211.68264499999998,52.101895,212.99337,51.77421,210.37192,52.42958
34.38,175.965395,52.101895,191.36648,51.77421,160.56431,52.42958
34.4,108.46273,52.101895,125.17457,51.77421,91.75089,52.42958
34.42,47.51357,52.101895,60.94862,51.77421,34.07852,52.42958
34.44,14.417470000000002,52.101895,15.72821,51.77421,13.10673,52.42958
34.46,14.089805,52.101895,13.76213,51.77421,14.41748,52.42958
34.48,14.417465,52.101895,14.41747,51.77421,14.41746,52.42958
34.5,15.400495,51.118854999999996,15.07282,51.11885,15.72817,51.11886
34.52,16.383525,50.135815,16.38353,49.80813,16.38352,50.4635
34.54,17.038874999999997,49.480455,17.03888,49.80813,17.03887,49.15278
34.56,18.02191,48.825095000000005,18.34959,48.49741,17.69423,49.15278
34.58,19.004945,48.497415000000004,19.00495,48.49741,19.00494,48.49742
34.6,19.660305,47.842055,19.66031,47.84205,19.6603,47.84206
34.62,20.643340000000002,47.514375,20.97102,47.18669,20.31566,47.84206
34.64,21.298695000000002,46.859015,20.97101,46.53133,21.62638,47.1867
34.66,21.954055,46.859015,22.28174,46.53133,21.62637,47.1867
34.68,22.937095,46.531335,22.9371,46.53133,22.93709,46.53134
34.7,23.59245,46.203655,23.59245,45.87597,23.59245,46.53134
34.72,23.920125,46.203655,23.59245,45.87597,24.2478,46.53134
34.74,24.57548,46.203655,24.90316,45.87597,24.2478,46.53134
34.76,24.90316,46.203655,24.90316,45.87597,24.90316,46.53134
34.78,25.230845000000002,46.203655,25.55853,45.87597,24.90316,46.53134
34.8,25.55852,46.203655,25.55852,45.87597,25.55852,46.53134
34.82,25.55852,45.875975,25.55852,45.87597,25.55852,45.87598
34.84,25.886200000000002,46.203655,26.21388,45.87597,25.55852,46.53134
34.86,26.541565,46.203655,26.86924,45.87597,26.21389,46.53134
34.88,26.541565,46.203655,26.86925,45.87597,26.21388,46.53134
34.9,27.19692,46.531335,27.5246,45.87597,26.86924,47.1867
34.92,27.524585000000002,47.186695,27.52459,46.53133,27.52458,47.84206
34.94,28.17993,48.169735,28.17993,47.84205,28.17993,48.49742
34.96,28.507604999999998,48.169735,28.83529,47.84205,28.17992,48.49742
34.98,28.835275000000003,48.825095000000005,28.83528,48.49741,28.83527,49.15278
35.0,29.162950000000002,48.497415000000004,29.49063,48.49741,28.83527,48.49742
35.02,29.16294,48.169735,29.49062,47.84205,28.83526,48.49742
35.04,29.162934999999997,48.169735,29.49062,47.84205,28.83525,48.49742
35.06,30.14597,48.169735,30.14597,47.84205,30.14597,48.49742
35.08,30.145964999999997,48.825095000000005,30.14597,48.49741,30.14596,49.15278
35.1,30.80132,48.825095000000005,30.80132,48.49741,30.80132,49.15278
35.12,31.128999999999998,48.825095000000005,31.45668,48.49741,30.80132,49.15278
35.14,31.45668,48.825095000000005,31.45668,48.49741,31.45668,49.15278
35.16,31.45668,48.497415000000004,31.45668,48.49741,31.45668,48.49742
35.18,31.78436,47.842055,32.11204,47.84205,31.45668,47.84206
35.2,32.11204,47.842055,32.11204,47.84205,32.11204,47.84206
35.22,32.439724999999996,47.186695,32.76741,47.18669,32.11204,47.1867
35.24,33.095085,46.859015,33.42277,46.53133,32.7674,47.1867
35.26,33.42276,46.859015,33.42276,46.53133,33.42276,47.1867
35.28,34.07813,46.531335,34.07813,46.53133,34.07813,46.53134
35.3,34.40581,46.203655,34.73349,45.87597,34.07813,46.53134
35.32,34.40581,45.875975,34.73349,45.87597,34.07813,45.87598
35.34,34.73349,45.220614999999995,34.73349,45.22061,34.73349,45.22062
35.36,35.38885,45.220614999999995,35.38885,45.22061,35.38885,45.22062
35.38,35.38885,44.892934999999994,35.38885,44.56525,35.38885,45.22062
35.4,36.04421,44.892934999999994,36.04421,44.56525,36.04421,45.22062
35.42,36.37189,44.237575,36.69957,43.90989,36.04421,44.56526
35.44,37.02725,44.565255,37.35493,44.56525,36.69957,44.56526
35.46,37.027255,44.237575,37.35494,43.90989,36.69957,44.56526
35.48,38.01029,43.909895,38.01029,43.90989,38.01029,43.9099
35.5,38.33797,43.254535000000004,38.66565,43.25453,38.01029,43.25454
35.52,38.99333,43.254535000000004,39.32101,43.25453,38.66565,43.25454
35.54,39.648695000000004,42.926855,39.97638,42.59917,39.32101,43.25454
35.56,40.304050000000004,42.599175,39.97637,42.59917,40.63173,42.59918
35.58,40.959415,42.271495,41.2871,42.59917,40.63173,41.94382
35.6,41.2871,41.943815,41.2871,41.94381,41.2871,41.94382
35.62,41.614774999999995,41.616135,41.94246,41.28845,41.28709,41.94382
35.64,42.27014,41.288455,41.94246,41.28845,42.59782,41.28846
35.66,42.59781,41.288455,42.59781,41.28845,42.59781,41.28846
35.68,43.580855,40.960775,43.90854,40.63309,43.25317,41.28846
35.7,43.90853,40.305414999999996,43.90853,39.97773,43.90853,40.6331
35.72,44.236205,39.977734999999996,44.56389,39.97773,43.90852,39.97774
35.74,59.63736,42.271495,51.77291,41.28845,67.50181,43.25454
35.76,85.853395,41.288455,82.57782,42.59917,89.12897,39.97774
35.78,93.388825,37.356295,93.06114,38.01165,93.71651,36.70094
35.8,95.02723,35.717895,95.02723,36.04557,95.02723,35.39022
35.82,96.33795,34.734854999999996,96.33795,34.73485,96.33795,34.73486
35.84,97.32098500000001,33.751815,96.99331,33.42413,97.64866,34.0795
35.86,97.976345,32.768775000000005,97.64867,32.76877,98.30402,32.76878
35.88,98.63169500000001,32.441095000000004,98.95938,32.11341,98.30401,32.76878
35.9,99.61472499999999,32.441095000000004,99.61473,32.11341,99.61472,32.76878
35.92,100.27007,32.441095000000004,100.27008,32.11341,100.27006,32.76878
35.94,100.597725,33.096455000000006,100.92541,32.76877,100.27004,33.42414
35.96,101.58075,33.751815,101.58076,33.42413,101.58074,34.0795
35.98,101.908425,33.424135,102.23611,33.42413,101.58074,33.42414
36.0,101.90841499999999,33.751815,102.2361,33.42413,101.58073,34.0795
36.02,101.90841,33.424135,102.23609,33.42413,101.58073,33.42414
36.04,102.23608,33.751815,102.23609,33.42413,102.23607,34.0795
36.06,102.236065,34.079495,102.23607,34.07949,102.23606,34.0795
36.08,102.23606,34.407174999999995,102.23606,34.07949,102.23606,34.73486
36.1,111.73886,36.700935,107.47897,35.39021,115.99875,38.01166
36.12,122.224735,37.028615,121.89706,37.35629,122.55241,36.70094
36.14,122.88009,35.717895,123.20777,35.39021,122.55241,36.04558
36.16,122.88009,35.390215,123.20777,35.39021,122.55241,35.39022
36.18,122.88009,34.734854999999996,123.20777,34.73485,122.55241,34.73486
36.2,123.20777,34.407174999999995,123.20777,34.07949,123.20777,34.73486
36.22,123.53545,34.407174999999995,123.86313,34.07949,123.20777,34.73486
36.24,123.20777,34.079495,123.20777,34.07949,123.20777,34.0795
36.26,123.86313,33.751815,123.86313,33.42413,123.86313,34.0795
36.28,123.86314,33.751815,123.86314,33.42413,123.86314,34.0795
36.3,123.86314,33.424135,123.86314,33.42413,123.86314,33.42414
36.32,124.19082,33.424135,124.5185,33.42413,123.86314,33.42414
36.34,124.19082,33.424135,124.5185,33.42413,123.86314,33.42414
36.36,123.86315,32.441095000000004,123.86315,32.11341,123.86315,32.76878
36.38,123.86315,32.113415,123.86315,32.11341,123.86315,32.11342
36.4,124.19083,31.785735,124.51851,31.45805,123.86315,32.11342
36.42,123.86315,31.458055,123.86315,31.45805,123.86315,31.45806
36.44,131.39985000000001,33.751815,125.17387,31.45805,137.62583,36.04558
36.46,157.942225,40.305414999999996,152.69929,39.97773,163.18516,40.6331
36.48,166.46197,37.356295,166.46197,38.01165,166.46197,36.70094
36.5,167.11734,35.717895,167.11734,36.04557,167.11734,35.39022
36.52,167.772695,34.734854999999996,167.7727,34.73485,167.77269,34.73486
36.54,168.10037,34.079495,168.42805,34.07949,167.77269,34.0795
36.56,168.10037499999999,33.424135,168.42805,33.42413,167.7727,33.42414
36.58,169.08342,32.768775000000005,169.08342,32.76877,169.08342,32.76878
36.6,168.42806,32.113415,169.08342,32.11341,167.7727,32.11342
36.62,168.75574999999998,31.785735,169.08343,31.45805,168.42807,32.11342
36.64,168.755755,31.458055,169.08344,31.45805,168.42807,31.45806
36.66,168.75576999999998,31.130375,169.08345,30.80269,168.42809,31.45806
36.68,168.10041,30.147334999999998,168.42809,30.14733,167.77273,30.14734
36.7,168.10041999999999,29.164295,168.4281,29.49197,167.77274,28.83662
36.72,167.44506,27.198214999999998,167.77274,27.52589,167.11738,26.87054
36.74,167.44507,25.232135,167.77275,25.55981,167.11739,24.90446
36.76,167.11739,23.593735000000002,167.11739,23.59373,167.11739,23.59374
36.78,167.44508000000002,22.283015,167.77276,22.28301,167.1174,22.28302
36.8,165.80667499999998,21.627654999999997,167.77277,21.62765,163.84058,21.62766
36.82,142.86889000000002,20.972295000000003,149.42255,20.97229,136.31523,20.9723
36.84,131.399995,22.283015,131.07231,21.62765,131.72768,22.93838
36.86,131.072315,23.593735,131.72768,22.93837,130.41695,24.2491
36.88,130.41694,24.576774999999998,130.41695,24.24909,130.41693,24.90446
36.9,130.08924000000002,26.215175,130.41693,25.55981,129.76155,26.87054
36.92,129.43385999999998,28.181255,129.76155,27.52589,129.10617,28.83662
36.94,129.76151499999997,29.491975,129.76152,28.83661,129.76151,30.14734
36.96,129.761505,31.458054999999998,129.76151,30.80269,129.7615,32.11342
36.98,130.41685999999999,32.113415,129.7615,31.45805,131.07222,32.76878
37.0,131.399905,32.113415,131.72759,32.11341,131.07222,32.11342
37.02,131.39990999999998,32.113415,131.72759,32.11341,131.07223,32.11342
37.04,131.072225,31.458055,131.07223,31.45805,131.07222,31.45806
37.06,130.74454,31.458055,131.07222,31.45805,130.41686,31.45806
37.08,130.089175,31.785735,130.41686,31.45805,129.76149,32.11342
37.1,129.761485,32.113415,130.41685,31.45805,129.10612,32.76878
37.12,128.778445,32.441095000000004,129.10613,32.11341,128.45076,32.76878
37.14,128.12308000000002,31.785735,128.45076,31.45805,127.7954,32.11342
37.16,126.812355,31.458055,127.7954,31.45805,125.82931,31.45806
37.18,115.01575,31.130375,118.62027,30.80269,111.41123,31.45806
37.2,109.77283,31.130375,110.10051,30.80269,109.44515,31.45806
37.22,109.445155,30.802695,110.10052,30.14733,108.78979,31.45806
37.24,109.44516,31.130375,109.44516,30.80269,109.44516,31.45806
37.26,109.445165,31.458055,109.44516,31.45805,109.44517,31.45806
37.28,110.10053500000001,31.130375,110.10053,30.80269,110.10054,31.45806
37.3,110.10055,31.130375,110.10055,30.80269,110.10055,31.45806
37.32,110.42823,30.475015,110.75591,30.80269,110.10055,30.14734
37.34,110.428235,30.147334999999998,110.75591,30.14733,110.10056,30.14734
37.36,109.77288,29.491975,110.10056,29.49197,109.4452,29.49198
37.38,109.772875,28.508935,110.10056,28.18125,109.44519,28.83662
37.4,110.10055,28.508935,110.10055,28.18125,110.10055,28.83662
37.42,110.42823,28.508935,110.75591,28.18125,110.10055,28.83662
37.44,110.75591,28.508935,110.75591,28.18125,110.75591,28.83662
37.46,110.755915,28.508935,111.41128,28.18125,110.10055,28.83662
37.48,111.41128,27.853575,111.41128,27.52589,111.41128,28.18126
37.5,122.224815,29.491975,116.65418,28.18125,127.79545,30.8027
37.52,144.835,30.475015,141.55815,31.45805,148.11185,29.49198
37.54,150.405615,27.525895,150.07793,28.18125,150.7333,26.87054
37.56,151.06099999999998,25.559815,151.38868,25.55981,150.73332,25.55982
37.58,151.71638000000002,24.576774999999998,152.04406,24.24909,151.3887,24.90446
37.6,151.716405,24.576774999999998,152.04408,24.24909,151.38873,24.90446
37.62,151.061065,24.249094999999997,151.38874,24.24909,150.73339,24.2491
37.64,150.733405,23.921415,151.38876,23.59373,150.07805,24.2491
37.66,150.40573999999998,23.921415,150.73342,23.59373,150.07806,24.2491
37.68,149.750385,23.921415,150.07807,23.59373,149.4227,24.2491
37.7,149.4227,23.921415,149.4227,23.59373,149.4227,24.2491
37.72,149.09500500000001,24.249095,149.42269,23.59373,148.76732,24.90446
37.74,149.094995,24.576774999999998,149.42268,24.24909,148.76731,24.90446
37.76,148.43963000000002,25.232135,148.76731,24.90445,148.11195,25.55982
37.78,147.784265,24.904455,148.11195,24.90445,147.45658,24.90446
37.8,147.78427,24.576774999999998,148.11195,24.24909,147.45659,24.90446
37.82,147.128905,24.576774999999998,147.45659,24.24909,146.80122,24.90446
37.84,140.90293,23.593735,146.14586,24.24909,135.66,22.93838
37.86,128.123275,22.610695,128.45096,22.28301,127.79559,22.93838
37.88,128.123285,22.610695,128.45097,22.28301,127.7956,22.93838
37.9,127.467915,23.266055,127.7956,22.93837,127.14023,23.59374
37.92,126.812555,23.593735000000002,127.7956,23.59373,125.82951,23.59374
37.94,125.82951,23.266055,126.48487,22.93837,125.17415,23.59374
37.96,125.501825,23.266055,125.82951,22.93837,125.17414,23.59374
37.98,124.84646000000001,22.938375,125.17414,22.93837,124.51878,22.93838
38.0,124.84645499999999,22.938375,125.17414,22.93837,124.51877,22.93838
38.02,124.84645,23.266055,125.17413,22.93837,124.51877,23.59374
38.04,124.84645499999999,23.921415,125.17414,23.59373,124.51877,24.2491
38.06,125.17413,24.249094999999997,125.17413,24.24909,125.17413,24.2491
38.08,125.50182,24.576774999999998,125.8295,24.24909,125.17414,24.90446
38.1,125.17414,24.576774999999998,125.17414,24.24909,125.17414,24.90446
38.12,126.157175,25.232135,126.48486,24.90445,125.82949,25.55982
38.14,126.484845,25.887495,126.48485,25.55981,126.48484,26.21518
38.16,127.14019,26.215175000000002,127.14019,26.21517,127.14019,26.21518
38.18,127.795545,26.542855,127.79555,26.21517,127.79554,26.87054
38.2,129.106245,25.887495,129.10625,25.55981,129.10624,26.21518
38.22,129.76158500000003,26.215175000000002,129.76159,26.21517,129.76158,26.21518
38.24,131.72764,25.232135,131.07229,24.90445,132.38299,25.55982
38.26,154.993105,30.147334999999998,147.45639,28.83661,162.52982,31.45806
38.28,170.72184,28.508935,170.39416,29.49197,171.04952,27.5259
38.3,173.01561,25.559815,173.01561,25.55981,173.01561,25.55982
38.32,174.326325,25.559815,173.67097,25.55981,174.98168,25.55982
38.34,175.63703500000003,24.576774999999998,175.63704,24.24909,175.63703,24.90446
38.36,176.29239,24.576774999999998,176.29239,24.24909,176.29239,24.90446
38.38,176.94774,24.576774999999998,176.94774,24.24909,176.94774,24.90446
38.4,177.603095,24.576774999999998,177.6031,24.24909,177.60309,24.90446
38.42,178.25845500000003,24.576774999999998,178.25846,24.24909,178.25845,24.90446
38.44,178.25845,24.249094999999997,178.25845,24.24909,178.25845,24.2491
38.46,178.58613000000003,24.249094999999997,178.91381,24.24909,178.25845,24.2491
38.48,178.91380500000002,23.921415,178.91381,23.59373,178.9138,24.2491
38.5,178.91381,23.921415,178.91381,23.59373,178.91381,24.2491
38.52,175.964675,23.266055,178.91381,23.59373,173.01554,22.93838
38.54,167.444925,22.283015,168.42797,22.28301,166.46188,22.28302
38.56,166.78957000000003,22.283015,167.11725,22.28301,166.46189,22.28302
38.58,166.789565,22.283015,167.11725,22.28301,166.46188,22.28302
38.6,166.78956,22.610695,167.11724,22.28301,166.46188,22.93838
38.62,166.134195,22.610695,165.80652,22.28301,166.46187,22.93838
38.64,167.11723,22.938375,167.11723,22.28301,167.11723,23.59374
38.66,166.78953,24.249095,167.11722,23.59373,166.46184,24.90446
38.68,167.11719499999998,24.576774999999998,167.1172,24.24909,167.11719,24.90446
38.7,167.444865,25.887495,167.77255,25.55981,167.11718,26.21518
38.72,167.44484999999997,25.887495,167.77253,25.55981,167.11717,26.21518
38.74,167.117155,25.887495,167.77252,25.55981,166.46179,26.21518
38.76,167.44483000000002,25.887495,167.77251,25.55981,167.11715,26.21518
38.78,167.444825,25.887495,167.77251,25.55981,167.11714,26.21518
38.8,167.772495,25.887495,167.7725,25.55981,167.77249,26.21518
38.82,167.77249,26.870534999999997,167.77249,26.87053,167.77249,26.87054
38.84,168.10016000000002,27.525895,168.42785,26.87053,167.77247,28.18126
38.86,168.100155,27.853575,168.42784,27.52589,167.77247,28.18126
38.88,167.772465,27.853575,168.42783,27.52589,167.1171,28.18126
38.9,168.10014,27.853575,168.42782,27.52589,167.77246,28.18126
38.92,168.10014,27.853575,168.42782,28.18125,167.77246,27.5259
38.94,168.100135,27.525895,168.42782,27.52589,167.77245,27.5259
38.96,168.42780499999998,27.853575,168.42781,27.52589,168.4278,28.18126
38.98,168.42780499999998,27.525895,168.42781,27.52589,168.4278,27.5259
39.0,168.755485,27.198214999999998,169.08317,26.87053,168.4278,27.5259
39.02,168.755485,27.198214999999998,168.42781,26.87053,169.08316,27.5259
39.04,169.083165,26.870534999999997,169.08317,26.87053,169.08316,26.87054
39.06,169.083165,26.870534999999997,169.08317,26.87053,169.08316,26.87054
39.08,169.08317,26.870535,169.08317,26.21517,169.08317,27.5259
39.1,169.08317,26.542855,169.73853,26.21517,168.42781,26.87054
39.12,169.08317,26.542855,169.08317,26.21517,169.08317,26.87054
39.14,169.08317499999998,26.542855,169.08318,26.21517,169.08317,26.87054
39.16,169.08318500000001,26.542855,169.08319,26.87053,169.08318,26.21518
39.18,168.42783,26.542855,169.08319,26.21517,167.77247,26.87054
39.2,169.08319,26.542855,169.08319,26.21517,169.08319,26.87054
39.22,168.75551000000002,26.215175000000002,169.08319,26.21517,168.42783,26.21518
39.24,169.083195,26.215175000000002,169.0832,26.21517,169.08319,26.21518
39.26,169.410885,26.215175000000002,169.73856,26.21517,169.08321,26.21518
39.28,169.08321,25.887495,169.08321,25.55981,169.08321,26.21518
39.3,169.083215,25.559815,169.08322,25.55981,169.08321,25.55982
39.32,169.08322,25.559815,169.08322,25.55981,169.08322,25.55982
39.34,168.75554,24.904455,169.08322,24.90445,168.42786,24.90446
39.36,168.755545,24.904455,169.08322,24.90445,168.42787,24.90446
39.38,168.75555,24.249094999999997,169.08323,24.24909,168.42787,24.2491
39.4,168.427875,23.921415,169.08324,23.59373,167.77251,24.2491
39.42,169.08324,23.593735000000002,169.08324,23.59373,169.08324,23.59374
39.44,169.08324,23.593735000000002,169.08324,23.59373,169.08324,23.59374
39.46,169.41091999999998,23.266055,169.7386,22.93837,169.08324,23.59374
39.48,169.41091999999998,22.938375,169.7386,22.93837,169.08324,22.93838
39.5,169.410925,22.283015,169.73861,22.28301,169.08324,22.28302
39.52,169.410925,21.627654999999997,169.73861,21.62765,169.08324,21.62766
39.54,169.41093,20.972295000000003,169.73861,20.97229,169.08325,20.9723
39.56,169.410925,20.644615,169.73861,20.31693,169.08324,20.9723
39.58,169.73861,20.316935,169.73861,20.31693,169.73861,20.31694
39.6,169.410935,19.989255,169.73861,20.31693,169.08326,19.66158
39.62,169.41093999999998,19.661575,169.73862,19.66157,169.08326,19.66158
39.64,169.73861,19.333895,169.73861,19.00621,169.73861,19.66158
39.66,169.73861499999998,19.333895,169.73862,19.00621,169.73861,19.66158
39.68,170.06628,19.989255,170.39396,19.66157,169.7386,20.31694
39.7,170.06626,20.644615,170.39395,20.31693,169.73857,20.9723
39.72,170.066245,20.972295,170.39393,20.31693,169.73856,21.62766
39.74,170.066235,21.299975,170.39392,20.97229,169.73855,21.62766
39.76,170.06623000000002,20.972295000000003,170.39391,20.97229,169.73855,20.9723
39.78,169.73855,19.989255,169.73855,20.31693,169.73855,19.66158
39.8,169.410865,19.333895,169.73855,19.66157,169.08318,19.00622
39.82,168.75549999999998,18.678535,169.08318,18.35085,168.42782,19.00622
39.84,169.08317499999998,35.390215,169.08318,18.35085,169.08317,52.42958
39.86,168.42781,18.350855000000003,168.42781,18.35085,168.42781,18.35086
39.88,169.41084999999998,18.023175000000002,169.73853,17.69549,169.08317,18.35086
39.9,169.41084999999998,18.678535,169.73853,18.35085,169.08317,19.00622
39.92,169.08317,19.333895,169.08317,19.00621,169.08317,19.66158
39.94,168.75549,19.333895,169.08317,19.00621,168.42781,19.66158
39.96,168.42781,19.989255,169.08317,19.66157,167.77245,20.31694
