t_s,x,y,x_left,y_left,x_right,y_right
0.0,0.0,0.0,0.30402663429676563,0.874509009364938,0.30402353930542303,0.9156367745768087
0.02,0.0,-0.655365,0.30402663429676563,0.8725482332056258,0.30402353930542303,0.9135791410584903
0.04,4.99999999803435e-06,-0.655365,0.3040266901891723,0.8725482332056258,0.30402353930542303,0.9135791410584903
0.06,0.327679999999995,-0.98305,0.30402663429676563,0.8705874271272437,0.3076865206523098,0.9135791410584903
0.08,0.327679999999995,-0.98305,0.3076895990602921,0.8705874271272437,0.30402353930542303,0.9135791410584903
0.1,0.327685,-1.31073,0.3076896549526988,0.8705874271272437,0.30402353930542303,0.9115215389366886
0.12,0.327684999999993,-1.638415,0.3076895990602921,0.8686266509679312,0.30402359519808275,0.9115215075401717
0.14,4.99999999803435e-06,-1.966095,0.3040266901891723,0.8686266509679312,0.30402353930542303,0.9094639054183701
0.16,0.0,-1.966095,0.30402663429676563,0.8686266509679312,0.30402353930542303,0.9094639054183701
0.18,-0.983035000000005,-1.96609,0.30036372542564577,0.8686266509679312,0.29669757661164947,0.9094639368148868
0.2,-0.983035000000005,-2.29377,0.30036372542564577,0.8666658748086189,0.29669757661164947,0.9094639368148868
0.22,-1.638395,-2.29377,0.2967007606621193,0.8666658748086189,0.2930345952647627,0.9094639368148868
0.24,-2.2937600000000002,-2.2937600000000002,0.29303774000618615,0.8666659047276887,0.2893716139178759,0.9094639682114036
0.26,-2.94912,-1.96607,0.2893747752426597,0.8686267108060708,0.2857086325709891,0.9094639996079203
0.28,-3.93216,-1.63839,0.2820488457156067,0.8686267108060708,0.28204565122410236,0.9115216017297221
0.3,-4.58753,-1.96606,0.2783858250596735,0.8686267407251406,0.2783826139845558,0.909464031004437
0.32,-4.587535,-2.29374,0.2783858250596735,0.8666659645658283,0.27838255809189616,0.909464031004437
0.34,-5.242895,-2.29374,0.274722860296147,0.8666659645658283,0.27471957674500935,0.909464031004437
0.36,-5.24289,-2.29373,0.274722860296147,0.866665994484898,0.2747196326376691,0.9094640624009538
0.38,-5.570565,-1.63837,0.2710599514250272,0.8686267706442105,0.2747196326376691,0.9115216645227554
0.4,-5.89825,-1.63836,0.27105989553262055,0.8686268005632802,0.2710566512907823,0.9115216959192723
0.42,-5.89824,-0.9830000000000001,0.2710599514250272,0.8705875767225927,0.271056707183442,0.913579298041074
0.44,-5.89824,-1.31068,0.2710599514250272,0.8705875767225927,0.271056707183442,0.9115216959192723
0.46,-5.570565,-0.9830000000000001,0.2710599514250272,0.8705875767225927,0.2747196326376691,0.913579298041074
0.48,-5.89824,-1.638355,0.2710599514250272,0.8686268304823501,0.271056707183442,0.9115216959192723
0.5,-5.898245,-1.31067,0.2710599514250272,0.8705876066416623,0.2710566512907823,0.911521727315789
0.52,-4.91522,-1.310675,0.274722860296147,0.8705876066416623,0.27838250219923644,0.9115216959192723
0.54,-4.58755,-0.9829950000000001,0.27838571327486017,0.8705876066416623,0.27838250219923644,0.913579298041074
0.56,-4.587565,-0.98299,0.27838565738245347,0.8705876066416623,0.278382390413917,0.9135793294375908
0.58,-4.58757,-0.98299,0.2783856014900468,0.8705876066416623,0.278382390413917,0.9135793294375908
0.6,-4.587895,-0.65531,0.2783856014900468,0.8725483828009748,0.27837875739103574,0.9135793294375908
0.62,-4.58757,-0.65531,0.2783856014900468,0.8725483828009748,0.278382390413917,0.9135793294375908
0.64,-4.587575,5.0000000000050004e-05,0.2783856014900468,0.8725483828009748,0.27838233452125727,0.9176945336811942
0.66,-5.24294,0.3277349999999989,0.2747225808341137,0.874509188879357,0.2747193531743705,0.9176945336811942
0.68,-5.24294,1.63846,0.2747225808341137,0.8784307411979817,0.2747193531743705,0.9218097693213143
0.7,-5.242945000000001,1.63846,0.2747225808341137,0.8784307411979817,0.2747192972817108,0.9218097693213143
0.72,-5.242945000000001,1.96614,0.2747225808341137,0.8803915173572939,0.2747192972817108,0.9218097693213143
0.74,-5.242945000000001,1.96615,0.2747225808341137,0.8803915472763639,0.2747192972817108,0.9218098007178313
0.76,-5.242945000000001,1.96615,0.274722524941707,0.8803915472763639,0.2747193531743705,0.9218098007178313
0.78,-5.8983,2.29383,0.2710596160705872,0.8803915472763639,0.27105637182748377,0.9238674028396329
0.8,-5.242945000000001,2.6215149999999996,0.2747225808341137,0.8823523533547459,0.2747192972817108,0.9238674028396329
0.82,-5.24295,2.9492,0.274722524941707,0.8823523533547459,0.2747192972817108,0.9259250363579513
0.84,-5.24295,3.2768800000000002,0.274722524941707,0.8823523533547459,0.2747192972817108,0.9279826384797529
0.86,-5.57063,3.60456,0.274722524941707,0.8843131295140583,0.271056315934824,0.9279826384797529
0.88,-5.89831,4.25993,0.2710595601781805,0.8862739355924405,0.271056315934824,0.9300402719980715
0.9,-5.898305000000001,3.93225,0.2710596160705872,0.8862739355924405,0.271056315934824,0.9279826698762698
0.92,-5.898305000000001,3.93225,0.2710596160705872,0.8862739355924405,0.271056315934824,0.9279826698762698
0.94,-5.8983,4.25993,0.2710596160705872,0.8862739355924405,0.27105637182748377,0.9300402719980715
0.96,-6.22598,3.93225,0.2710596160705872,0.8862739355924405,0.26739339048059696,0.9279826698762698
0.98,-6.55366,3.60457,0.2673966513070607,0.884313159433128,0.26739339048059696,0.9279826698762698
1.0,-6.88134,3.60457,0.2673966513070607,0.884313159433128,0.26373040913371015,0.9279826698762698
1.02,-7.20902,3.27688,0.2637336865435342,0.8843131295140583,0.26373040913371015,0.9259250363579513
1.04,-7.209015,3.60457,0.2637337424359409,0.884313159433128,0.26373040913371015,0.9279826698762698
1.06,-7.209015,3.60457,0.2637337424359409,0.884313159433128,0.26373040913371015,0.9279826698762698
1.08,-7.20901,3.604565,0.2637337424359409,0.884313159433128,0.2637304650263699,0.9279826384797529
1.1,-7.86437,3.276885,0.2600707776724144,0.884313159433128,0.26006748367948307,0.9259250363579513
1.12,-4.91521,3.9322549999999996,0.27472280440374036,0.8862739355924405,0.2783826698772156,0.9279827012727865
1.14,-5.242885,4.25995,0.2747229161885537,0.8862739954305802,0.2747196326376691,0.9300403347911049
1.16,-5.242885,4.259945,0.2747229161885537,0.8862739954305802,0.2747196326376691,0.9300403033945883
1.18,-5.24288,3.60458,0.2747229161885537,0.8843131893521979,0.2747196885303288,0.9279827012727865
1.2,-5.24288,3.2769,0.2747229161885537,0.8843131893521979,0.2747196885303288,0.9259250991509849
1.22,-4.58752,2.9492149999999997,0.2783858809520802,0.8823524131928855,0.2783826698772156,0.925925067754468
1.24,-4.259845,2.94921,0.2783858809520802,0.8823523832738158,0.28204559533144263,0.925925067754468
1.26,-3.932175,3.27689,0.28204878982320003,0.8843131893521979,0.2820455394387829,0.9259250363579513
1.28,-3.93218,2.621525,0.2820487339307933,0.8823523832738158,0.2820455394387829,0.9238674342361495
1.3,-3.932175,2.62152,0.28204878982320003,0.8823523533547459,0.2820455394387829,0.9238674342361495
1.32,-3.93218,2.29384,0.2820487339307933,0.8803915771954336,0.2820455394387829,0.9238674342361495
1.34,-4.25985,2.293845,0.2783858250596735,0.8803916071145034,0.28204559533144263,0.9238674342361495
1.36,-4.587535,2.293845,0.2783858250596735,0.8803915771954336,0.27838255809189616,0.9238674656326664
1.38,-4.587524999999999,2.293845,0.2783858809520802,0.8803916071145034,0.2783826139845558,0.9238674342361495
1.4,-4.58752,2.62153,0.2783858809520802,0.8823523832738158,0.2783826698772156,0.9238674656326664
1.42,-4.587515,2.62153,0.27838593684448687,0.8823523832738158,0.2783826698772156,0.9238674656326664
1.44,-4.91519,1.96617,0.27838593684448687,0.8803916071145034,0.27471974442298847,0.9218098635108646
1.46,-5.24286,1.63849,0.27472302797336706,0.8784308309551911,0.2747198003156482,0.9218098635108646
1.48,-4.25979,3.93227,0.2820490692852334,0.8862739954305802,0.27838300523317383,0.9279827326693033
1.5,-4.58746,3.60459,0.2783862163065202,0.8843132192712677,0.27838300523317383,0.9279827326693033
1.52,-3.9321,3.276905,0.28204918107004673,0.8843132192712677,0.28204598658006064,0.9259250991509849
1.54,-3.9321,2.949225,0.28204918107004673,0.8823524431119555,0.28204598658006064,0.9259250991509849
1.56,-3.93209,2.62154,0.2820492369624534,0.8823524131928855,0.2820460424727203,0.923867497029183
1.58,-3.932085,2.29386,0.28204929285486,0.8803916370335733,0.2820460424727203,0.923867497029183
1.6,-4.25976,1.638495,0.27838632809133357,0.8784308608742608,0.28204609836538,0.9218098635108646
1.62,-4.58744,1.6385,0.27838632809133357,0.8784308907933307,0.2783831170184933,0.9218098635108646
1.64,-4.58743,0.9831400000000001,0.2783863839837402,0.8764700847149486,0.278383172911153,0.9197522927855796
1.66,-5.24279,0.655455,0.2747234192202137,0.8764700847149486,0.2747201915642662,0.9176946592672611
1.68,-5.242785,0.3277749999999981,0.27472347511262035,0.8745093085556361,0.2747201915642662,0.9176946592672611
1.7,-5.57047,0.3277749999999981,0.2747234192202137,0.8745093085556361,0.2710572102173794,0.9176946592672611
1.72,-5.89814,9.499999999818e-05,0.2710605103490939,0.8745093085556361,0.27105726611003916,0.9156370571454595
1.74,-5.89814,-0.65527,0.2710605103490939,0.8725485024772541,0.27105726611003916,0.9135794550236578
1.76,-6.22581,-0.6552649999999999,0.27106056624150054,0.8705877562370116,0.267394340655812,0.9156370571454595
1.78,-5.89812,-0.982945,0.27106062213390725,0.8705877562370116,0.27105737789535855,0.9135794550236578
1.8,-6.2258,-1.96599,0.27106062213390725,0.8686269501586295,0.26739439654847175,0.9094642507800543
1.82,-6.2258,-1.96599,0.26739765737038074,0.8686269501586295,0.27105737789535855,0.9094642507800543
1.84,-6.55347,-2.293675,0.26739771326278744,0.866666173999317,0.26739445244113147,0.9094642193835375
1.86,-6.88115,-2.6213550000000003,0.26373474849926093,0.866666173999317,0.26739445244113147,0.9074066172617359
1.88,-3.2766150000000027,-1.310635,0.2673977691551941,0.8647053679209348,0.3040248248365964,0.9176946592672611
1.9,7.8647,0.32778999999999964,0.34432125882219716,0.874509338474706,0.3516445325213397,0.9176947220602947
1.92,7.53703,0.0001050000000013,0.3479843912629437,0.874509338474706,0.3443185139349064,0.9156370885419761
1.94,7.864705,9.9999999999757e-05,0.3479843912629437,0.8745093085556361,0.34798143938913345,0.9156370885419761
1.96,8.192375,0.3277749999999981,0.347984335370537,0.8745093085556361,0.35164436484336054,0.9176946592672611
1.98,8.847719999999999,0.9831300000000001,0.3553101531127767,0.8764700547958787,0.35164430895070087,0.919752261389063
2.0,8.520035,0.9831300000000001,0.3516471883492502,0.8764700547958787,0.35164425305804115,0.919752261389063
2.02,8.52003,1.310815,0.3516471324568435,0.8784308309551911,0.35164425305804115,0.9197522927855796
2.04,7.864675,1.63849,0.3479842235857237,0.8784308309551911,0.34798127171115434,0.9218098635108646
2.06,7.86467,1.96617,0.347984167693317,0.8803916071145034,0.34798127171115434,0.9218098635108646
2.08,7.20931,2.62154,0.3443212029297905,0.8803916370335733,0.3443182903642676,0.9259250991509849
2.1,6.88163,2.949225,0.3443212029297905,0.8823524431119555,0.3406553090173808,0.9259250991509849
2.12,6.55395,3.60459,0.34065823816626406,0.8843132192712677,0.3406553090173808,0.9279827326693033
2.14,5.89859,3.9322749999999997,0.33699527340273755,0.8862740253496498,0.336992327670494,0.9279827326693033
2.16,5.898585000000001,3.93228,0.33699527340273755,0.8862740253496498,0.3369922717778343,0.92798276406582
2.18,5.89858,3.6046,0.3369952175103309,0.8843132491903376,0.3369922717778343,0.92798276406582
2.2,4.915535,3.27692,0.3333322527468044,0.8843132491903376,0.329666253191401,0.9259251619440184
2.22,9.175445,5.243015,0.34432131471460387,0.8882348314280321,0.3662966814795257,0.9341556332242587
2.24,12.12461,5.57071,0.37362553585447583,0.890195667425484,0.36995966282641246,0.9341556646207755
2.26,11.469245,5.57071,0.36629955043501616,0.890195667425484,0.36995966282641246,0.9341556646207755
2.28,11.14156,5.57071,0.36629949454260957,0.890195667425484,0.3662966814795257,0.9341556646207755
2.3,11.14156,5.570705,0.36629949454260957,0.890195667425484,0.3662966814795257,0.9341556332242587
2.32,10.48619,5.24303,0.36263647388667636,0.890195667425484,0.3626336442399792,0.9320980624989736
2.34,10.486195,5.24303,0.36263652977908306,0.890195667425484,0.3626336442399792,0.9320980624989736
2.36,10.48619,5.243024999999999,0.36263647388667636,0.890195667425484,0.3626336442399792,0.9320980311024569
2.38,10.486195,4.915345,0.36263652977908306,0.8882348912661717,0.3626336442399792,0.9320980311024569
2.4,10.48619,4.91535,0.36263647388667636,0.8882348912661717,0.3626336442399792,0.9320980624989736
2.42,10.158515000000001,4.587664999999999,0.36263652977908306,0.8882348912661717,0.3589706628930924,0.9300404289806552
2.44,9.503150000000002,3.604615,0.35531054435962334,0.8862740851877895,0.3589706628930924,0.925925193340535
2.46,8.84779,2.62157,0.35531054435962334,0.882352502950095,0.3516447001993188,0.9238675912187334
2.48,7.86475,2.29389,0.34798461483257037,0.8803917267907827,0.34798171885243206,0.9238675912187334
2.5,6.881715,1.310845,0.34432170596145056,0.8784309506314704,0.34065575615865845,0.9197523555786131
2.52,5.89868,0.9831700000000001,0.33699577643439754,0.8764701744721579,0.3369928307044314,0.91975238697513
2.54,4.58796,1.6385399999999999,0.3296698469073446,0.8784309805505401,0.32966686801065787,0.9218100204934484
2.56,3.60493,2.62159,0.3260069380362247,0.8823525627882347,0.32234096120954403,0.923867654011767
2.58,2.62189,3.27696,0.31868100850917175,0.8843133688666167,0.3186779798626572,0.9259252875300853
2.6,1.966535,4.26001,0.31501809963805194,0.8862741749449989,0.3150149985157704,0.9300405231702056
2.62,1.638855,3.93233,0.31135513487452543,0.8862741749449989,0.3150149985157704,0.9279829210484037
2.64,11.141705000000002,5.2430699999999995,0.3333331470253111,0.888234981023381,0.39926479913268015,0.9341558216033592
2.66,23.266064999999998,5.5707699999999996,0.43589772539143967,0.890195846939903,0.4322323019665777,0.934155852999876
2.68,21.955334999999998,5.898435,0.4249088311008602,0.8921565931801454,0.42856920883437144,0.9341557902068425
2.7,21.955334999999998,5.57076,0.4285717958643867,0.8901958170208332,0.42490622748748463,0.9341558216033592
2.72,21.299965,5.89843,0.4249087752084535,0.8901957871017633,0.4212431902479382,0.9362133923286442
2.74,21.29996,5.57075,0.4212457545525204,0.8901957871017633,0.4249061715948249,0.9341557902068425
2.76,20.97228,5.24307,0.4212457545525204,0.8901957871017633,0.4212431902479382,0.9320981880850407
2.78,20.644595000000002,5.5707450000000005,0.4212457545525204,0.8901957871017633,0.4175801530083917,0.9341557588103256
2.8,19.66155,5.57075,0.4139197691330607,0.8901957871017633,0.4139171716615049,0.9341557902068425
2.82,19.333875,5.5707450000000005,0.41391982502546737,0.8901957871017633,0.4102541903146181,0.9341557588103256
2.84,19.00619,5.57075,0.4102568043695342,0.8901957871017633,0.4102541903146181,0.9341557902068425
2.86,19.00618,5.243065,0.41025674847712756,0.8901957871017633,0.41025413442195846,0.932098156688524
2.88,19.33386,4.5877,0.41025674847712756,0.8882350109424509,0.41391711576884516,0.9300405231702056
2.9,20.316885,3.9323249999999996,0.41391965734824737,0.8862741749449989,0.4212429666772994,0.927982889651887
2.92,20.972234999999998,3.276955,0.42124553098289375,0.8843133688666167,0.42124291078463966,0.9259252561335686
2.94,21.627585,2.949275,0.42490843985401355,0.8823525927073045,0.4249058362388667,0.9259252561335686
2.96,21.62758,1.96623,0.42490838396160685,0.8803917866289223,0.4249058362388667,0.9218100518899651
2.98,22.610615,1.6385450000000001,0.42857134872513336,0.87843101046961,0.4322317430399805,0.9218100204934484
3.0,22.93829,1.6385450000000001,0.43223425759625317,0.87843101046961,0.4322317430399805,0.9218100204934484
3.02,23.265965,1.6385399999999999,0.43223425759625317,0.8784309805505401,0.4358946684942076,0.9218100204934484
3.04,24.249004999999997,2.2939,0.4395601871233062,0.8803917567098526,0.4395576498410944,0.9238676226152501
3.06,24.249,1.31085,0.4395601312308995,0.8784309506314704,0.4395576498410944,0.91975238697513
3.08,24.904355000000002,0.655485,0.443223095994426,0.8764701744721579,0.44322057529532144,0.9176947534568115
3.1,25.23203,-0.3275599999999988,0.4432230401020193,0.8745093683937758,0.44688355664220825,0.913579549213208
3.12,26.54276,0.327805,0.4432229842096126,0.8705878160751511,0.46153564970773453,0.9218099890969316
3.14,36.373305,3.60465,0.4981681822637968,0.8843133987856866,0.5164812641935916,0.9279829210484037
3.16,38.994785,3.932335,0.5238093827477356,0.8862742048640688,0.5201442455404784,0.9279829210484037
3.18,39.32246,4.260015,0.5201463620918024,0.8862741749449989,0.527470208234252,0.9300405545667222
3.2,39.97782,4.26001,0.5274722916188553,0.8862741749449989,0.527470208234252,0.9300405231702056
3.22,39.97782,4.26001,0.5274722916188553,0.8862741749449989,0.527470208234252,0.9300405231702056
3.24,39.977824999999996,4.260015,0.5274722916188553,0.8862742048640688,0.5274702641269117,0.9300405231702056
3.26,39.97783,4.915375,0.527472347511262,0.888234981023381,0.5274702641269117,0.9320981252920072
3.28,39.97783,4.91538,0.527472347511262,0.888234981023381,0.5274702641269117,0.932098156688524
3.3,43.582355,5.898435,0.5347983329307217,0.8901957871017633,0.5604375433901704,0.936213423725161
3.32,47.514575,7.2095400000000005,0.5714285394900533,0.8941196132696938,0.5677636178692634,0.9403286593652811
3.34,47.18689,8.192219999999999,0.5677655188341202,0.8980389814962221,0.5677636178692634,0.9423862928835997
3.36,46.85921,8.84759,0.5641025540705936,0.8999997875746042,0.5677636178692634,0.9444439264019181
3.38,47.186895,8.8476,0.5677655747265269,0.8999998174936741,0.5677636178692634,0.9444439577984347
3.4,46.85922,9.175285,0.5641026099630003,0.9019606235720563,0.5677636737619232,0.9444439577984347
3.42,47.186904999999996,9.17529,0.5677656306189335,0.9019606235720563,0.5677636737619232,0.9444439891949516
3.44,47.18691,9.502970000000001,0.5677656306189335,0.9019606235720563,0.5677637296545828,0.9465015913167533
3.46,47.18692,9.1753,0.5677656865113402,0.9019606534911261,0.5677637855472425,0.9444440205914683
3.48,47.5146,9.1753,0.5677656865113402,0.9019606534911261,0.5714267668941293,0.9444440205914683
3.5,47.186925,8.847625,0.5677656865113402,0.8999999072508835,0.5677638414399022,0.9444440205914683
3.52,47.51461,8.51994,0.5714287071672733,0.8999998773318137,0.5677638414399022,0.9423864184696666
3.54,47.8423,8.51995,0.57142876305968,0.8999999072508835,0.5714268786794487,0.9423864498661834
3.56,47.8423,7.864585,0.57142876305968,0.8980391310915712,0.5714268786794487,0.9403288163478648
3.58,47.8423,7.20923,0.57142876305968,0.8960783549322588,0.5714268786794487,0.9382712456225799
3.6,48.16998,6.88155,0.57142876305968,0.8941175787729465,0.5750898600263356,0.9382712456225799
3.62,52.102199999999996,7.86461,0.5934068311028723,0.8980391909297109,0.5970681393562742,0.9403289105374152
3.64,52.75756,7.864615000000001,0.5970698517588056,0.8980392208487806,0.6007310648105013,0.9403289105374152
3.66,53.412915,7.209255,0.600732816522332,0.8960784446894682,0.6043939902647284,0.9382713084156133
3.68,53.412904999999995,6.881575,0.6043957253934519,0.894117668530156,0.6007309530251819,0.9382713084156133
3.7,53.74058,7.20925,0.6043956695010452,0.8960784147703984,0.6043939343720687,0.9382713084156133
3.72,53.74058,7.209255,0.6043956695010452,0.8960784446894682,0.6043939343720687,0.9382713084156133
3.74,53.4129,6.88157,0.6043956695010452,0.8941176386110862,0.6007309530251819,0.9382713084156133
3.76,52.75754,6.881575,0.6007327047375186,0.894117668530156,0.5970679716782951,0.9382713084156133
3.78,52.42986,7.5369399999999995,0.5970697399739922,0.8960784446894682,0.5970679716782951,0.9403289419339319
3.8,52.10219,7.86462,0.5970697958663989,0.8980392208487806,0.593405046224068,0.9403289419339319
3.82,51.44682,8.1923,0.5934067752104656,0.8980392208487806,0.5897420089845214,0.9423865440557335
3.84,51.119145,8.847660000000001,0.5897438663393458,0.8999999970080929,0.5897420089845214,0.9444441461775354
3.86,51.11914,9.175345,0.5897438104469391,0.9019608030864751,0.5897420089845214,0.9444441461775354
3.88,54.39598,10.486080000000001,0.5897438104469391,0.9019608030864751,0.6263722695946671,0.9526746488542924
3.9,64.22653,11.46914,0.6593411470172627,0.9078432213216215,0.6666657351223382,0.9526746802508093
3.92,63.57117,11.79682,0.6593412029096692,0.909803997480934,0.6593397165359048,0.9526746802508093
3.94,64.554205,11.141455,0.6666671324367223,0.9078432213216215,0.6630026419901319,0.9506170467324908
3.96,65.209555,10.813759999999998,0.6666670765443156,0.9058823853241696,0.6703285487912458,0.950617015335974
3.98,65.537225,10.813755,0.6703299854154354,0.9058823853241696,0.6703284928985861,0.9506169839394573
4.0,65.20954,10.813759999999998,0.6666669647595023,0.9058823853241696,0.6703284928985861,0.950617015335974
4.02,65.864905,10.813759999999998,0.6739929501789619,0.9058823853241696,0.6703284928985861,0.950617015335974
4.04,65.8649,10.813759999999998,0.6739928942865553,0.9058823853241696,0.6703284928985861,0.950617015335974
4.06,66.19258,10.48608,0.6739928942865553,0.9058823853241696,0.6739914742454729,0.9485594132141723
4.08,65.53722,10.48608,0.6703299295230287,0.9058823853241696,0.6703284928985861,0.9485594132141723
4.1,67.83101500000001,10.813765,0.6703299295230287,0.9058823853241696,0.6959697535754116,0.9506170467324908
4.12,71.435555,11.46914,0.7032971713188338,0.9078432213216215,0.7032958280545046,0.9526746802508093
4.14,70.780185,12.124505,0.6996340947704941,0.9098040274000038,0.6996328467076178,0.9547322823726109
4.16,70.45251,12.12451,0.6996341506629008,0.9098040274000038,0.695969865360731,0.9547323137691276
4.18,70.45251,12.779865000000001,0.6959711858993742,0.911764803559316,0.6996328467076178,0.9567898844944127
4.2,70.124835,12.45219,0.6959712417917809,0.911764803559316,0.695969865360731,0.9547323137691276
4.22,70.12484,12.45219,0.6959712417917809,0.911764803559316,0.6959699212533907,0.9547323137691276
4.24,69.79716,12.779869999999999,0.6923082770282545,0.911764803559316,0.6959699212533907,0.9567899158909294
4.26,70.12485,12.779869999999999,0.6959712976841875,0.911764803559316,0.6959699771460504,0.9567899158909294
4.28,69.46949,12.779869999999999,0.692308332920661,0.911764803559316,0.6923069957991635,0.9567899158909294
4.3,69.79717,13.10755,0.6959712976841875,0.9137255797186284,0.6923069957991635,0.9567899158909294
4.32,69.79717,13.43523,0.692308332920661,0.9137255797186284,0.6959699771460504,0.958847518012731
4.34,70.124855,13.10755,0.6959713535765942,0.9137255797186284,0.6959699771460504,0.9567899158909294
4.36,70.12486,12.779875,0.6959713535765942,0.9117648334783859,0.6959700330387101,0.9567899158909294
4.38,70.78022,12.45219,0.6996343183401207,0.911764803559316,0.6996330143855969,0.9547323137691276
4.4,73.72937,13.76293,0.7069603037595804,0.9137256096376982,0.7252741632771029,0.960905214324083
4.42,77.006225,14.090910000000001,0.7326015042435192,0.91568647555422,0.7362632749957424,0.960907003925538
4.44,77.66158,14.09063,0.7362644131146391,0.91568647555422,0.7399262563426292,0.9609052457205999
4.46,77.333905,14.41832,0.7362644690070458,0.9176472816326022,0.7362632749957424,0.9609052771171166
4.48,77.66158,14.418325,0.7362644131146391,0.9176473115516721,0.7399262563426292,0.9609052771171166
4.5,80.28302500000001,15.07369,0.7435902867492854,0.9176473115516721,0.7619042562092693,0.9650205127572367
4.52,100.59949,18.35053,0.8424916767822607,0.9274512821054431,0.890110671378716,0.9753086803488291
4.54,103.876385,20.971989999999998,0.8901112247714252,0.9352944764999019,0.8791217832307154,0.9835391202325526
4.56,103.221025,22.93808,0.8791223304808458,0.9411768348969088,0.8827847645776021,0.9897119579944746
4.58,103.548705,24.24881,0.8827852952443723,0.9450984171346034,0.8827847645776021,0.9938271936345949
4.6,103.221025,25.23185,0.8791223304808458,0.9490199694532281,0.8827847645776021,0.9958847957563965
4.62,103.54871,25.887214999999998,0.8827852952443723,0.9509807755316101,0.882784820470262,0.9979423978781984
4.64,103.876395,25.88721,0.8864483159003055,0.9509807456125404,0.882784820470262,0.9979423978781984
4.66,103.876395,26.542569999999998,0.8827853511367789,0.9529415217718528,0.8864478018171487,1.0
4.68,103.8764,26.542569999999998,0.8864483159003055,0.9529415217718528,0.8827848763629217,1.0
4.7,103.8764,26.542575,0.8827853511367789,0.9529415516909225,0.8864478577098084,1.0
4.72,102.56565499999999,26.542569999999998,0.8827853511367789,0.9529415217718528,0.8717956528589627,1.0
4.74,101.25492,26.87025,0.8681332685130462,0.9549022979311651,0.8717957087516224,1.0
4.76,101.5826,26.542565,0.8717962332765727,0.9529415217718528,0.8717957087516224,0.9999999686034833
4.78,101.582595,26.21488,0.8717962332765727,0.9529415217718528,0.8717956528589627,0.9979423350851648
4.8,100.92723000000001,25.231830000000002,0.8681332685130462,0.9490199096150884,0.8681326156194162,0.995884732963363
4.82,101.254895,24.24878,0.8717961214917593,0.9470591035367063,0.8681325597267565,0.9917694973232429
4.84,101.25489,23.92109,0.8681331008358263,0.9450982974583241,0.8717955410736433,0.9917694659267261
4.86,100.59952,23.59341,0.8681330449434196,0.9450982974583241,0.86446952248721,0.9897118638049244
4.88,100.59952,22.938045000000002,0.8644700801798931,0.9431375212990116,0.8681325038340968,0.9876542302866059
4.9,100.92719,32.113075,0.8681329890510129,1.0,0.8681324479414371,0.9855965967682875
4.92,100.92719,21.954990000000002,0.8681329890510129,0.9392159091422475,0.8681324479414371,0.9855965967682875
4.94,89.785905,17.039765,0.8608069477391466,0.9352943269045529,0.750915312168609,0.958847643598798
4.96,29.81958,2.62175,0.5604394216298472,0.892156982128053,0.3809487186523922,0.9135800829539927
4.98,-5.24266,-2.621175,0.27838711058502696,0.8647059363832614,0.27105793682195567,0.909464784520839
5.0,-3.6042449999999997,-1.965825,0.28205018713336677,0.8686274587828162,0.2857099181021625,0.9094647531243224
5.02,-3.276585,-1.63816,0.28571304011207993,0.8686273989446766,0.2857098063168431,0.9115223238496073
5.04,-2.621225,-1.638175,0.2893760048756064,0.8686273690256068,0.28937278766372987,0.9115222610565739
5.06,-2.62123,-1.638185,0.28937594898319974,0.8705881152658493,0.28937278766372987,0.9094646275382553
5.08,-1.965885,-1.96587,0.2930388578543196,0.8686273091874671,0.29303565722529723,0.9094646275382553
5.1,-1.6381999999999999,-2.293555,0.2930388578543196,0.8666665330281547,0.29669869446484376,0.9094645961417385
5.12,-0.982855,-2.948925,0.2967017667254394,0.866666503109085,0.30036156402641107,0.9053493605016184
5.14,-4.2597000000000005,-4.58733,0.3003646755965592,0.8627449208713905,0.26006832206937874,0.8991765541362132
5.16,-13.43487,-6.225745,0.22710443015511597,0.8549017863150712,0.23076396826034715,0.897118889221378
5.18,-11.46879,-7.20879,0.2380933803381021,0.8529409802366891,0.24175285640834776,0.8930036849777745
5.2,-11.14112,-7.536475,0.24175623331681526,0.8509802040773767,0.24175285640834776,0.8930036535812578
5.22,-10.81344,-8.51953,0.23809326855328874,0.8490193979989946,0.24907881910212132,0.8888883865446209
5.24,29.819380000000002,0.9832350000000001,0.3589723353826098,0.8686271895111879,0.582414481296276,0.9279830780309877
5.26,101.25465,12.779855,0.8095231494611023,0.9078431315644122,0.9304030749458526,0.9609051515310495
5.28,111.41311999999999,17.039755,0.9377302697289297,0.9215688040321571,0.9157521556261803,0.973250889847927
5.3,109.77472,19.6612,0.9157524811477706,0.9313727147477886,0.9194151369730671,0.979423696213332
5.32,109.44704,20.31657,0.9157524811477706,0.9333335208261707,0.9157521556261803,0.9814813297316505
5.34,109.11935,21.95497,0.915752425255364,0.9392158493041078,0.9120891183866338,0.9855965339752539
5.36,108.46399,22.610329999999998,0.9120894604918375,0.9411766254634201,0.908426137039747,0.9876541360970558
5.38,107.80863,23.26569,0.908426495728311,0.9431374016227325,0.9047631556928604,0.9897117382188574
5.4,107.480955,23.92106,0.9047635868571912,0.9450982077011147,0.9047631556928604,0.9917693717371758
5.42,106.8256,24.248735,0.9011006220936647,0.947058983860427,0.9011002302386332,0.9917693403406592
5.44,106.49791,23.921055,0.8974376014377317,0.9450982077011147,0.9011001743459736,0.9917693403406592
5.46,107.153265,24.57641,0.9011005662012581,0.9470589539413573,0.9047630998002006,0.9938269424624608
5.48,108.136285,23.26568,0.9084263839434977,0.9450981478629751,0.9084259693617679,0.9876541047005389
5.5,94.70118,14.090575000000001,0.8974372660832916,0.9372549833875861,0.769230386581022,0.9382713084156133
5.52,21.955144999999998,-12.451675,0.5311354240596019,0.8509802639155164,0.32234001103432885,0.8621395589611985
5.54,-17.367024999999998,-18.34995,0.20878955044507685,0.8156861434525451,0.20512321061745906,0.862139496168165
5.56,-16.056269999999998,-15.07315,0.21611581532656982,0.8274507704893493,0.21244922920389236,0.8703699360518886
5.58,-15.728615,-12.451695,0.21611564764934985,0.8352939050456686,0.2161120987654597,0.878600407332129
5.6,-15.728629999999999,-10.485615,0.21611559175694314,0.8411762634426755,0.21611198698014028,0.8847731823010174
5.62,-15.728645,-9.502585,0.21611547997212982,0.8450977858422303,0.21611193108748056,0.8868307530263023
5.64,-15.400984999999999,-8.847255,0.21977833295084298,0.8450977260040906,0.21611181930216114,0.8909458316838388
5.66,-15.401,-7.53657,0.2161153122949098,0.8529407408841306,0.2197746888637285,0.8909457060977719
5.68,-15.073335,-8.191984999999999,0.21977816527362296,0.8509797852103994,0.21977463297106878,0.8888879469933864
5.7,-15.073345,-8.19202,0.21977810938121625,0.8490188893748077,0.21977457707840908,0.8909454549256378
5.72,-15.07338,-4.91522,0.22344090646752274,0.8549011580146052,0.21611137216088347,0.9053487325712833
5.74,-18.022534999999998,-1.6384,0.20512585908026365,0.8686266808870011,0.20145927909535719,0.9115215703332052
5.76,-17.694875000000003,-2.94912,0.20512574729545027,0.8666659047276887,0.20512214865692452,0.9053487639678002
5.78,-17.03952,-5.570565,0.20878865616657008,0.8588228000904393,0.2087851300038113,0.8971183240840764
5.8,-16.38416,-7.864325,0.2124516209300966,0.8509796954531899,0.2124481113506981,0.8909455177186714
5.82,-15.7288,-9.17504,0.21611458569362307,0.8470581431345652,0.21611109269758488,0.8868303448715845
5.84,-15.07343,-10.48576,0.21977760634955623,0.8431365908159405,0.21977412993713136,0.8827151406279811
5.86,-14.745750000000001,-11.14112,0.21977760634955623,0.8411758146566282,0.22343711128401816,0.8806575385061794
5.88,-14.09038,-11.468789999999998,0.2234406270054894,0.8411758445756979,0.22710014852356464,0.8785999677808946
5.9,-14.41805,-12.45183,0.22344068289789606,0.8372542922570734,0.22343722306933758,0.8765423656590928
5.92,-13.76268,-12.451834999999999,0.22710370355382925,0.8372542922570734,0.2271002603088841,0.876542334262576
5.94,-12.45193,-10.15805,0.23442974486569557,0.84313668057315,0.23442644657329648,0.8847728369393331
5.96,-11.79656,-10.48573,0.2380928214140354,0.84313668057315,0.23808942792018328,0.8827152348175314
5.98,-11.468879999999999,-10.48573,0.2380928214140354,0.84313668057315,0.24175240926707006,0.8827152348175314
6.0,-11.141195,-11.79646,0.24175584206996856,0.8392150983354554,0.24175240926707006,0.8785999991774112
6.02,-11.1412,-12.779505,0.2417557861775619,0.8372543221761432,0.24175240926707006,0.8744847635372911
6.04,-10.48584,-13.762545,0.24541875094108836,0.8333327698575185,0.2454153906139568,0.8724271614154894
6.06,-10.48584,-14.41791,0.24541875094108836,0.8313719637791362,0.2454153906139568,0.8703695592936876
6.08,-10.485845,-15.07327,0.24541875094108836,0.829411187619824,0.24541533472129712,0.868311957171886
6.1,-10.485845,-15.07327,0.24541875094108836,0.829411187619824,0.24541533472129712,0.868311957171886
6.12,-10.48585,-15.400945,0.24541869504868172,0.8274504413795815,0.24541533472129712,0.868311957171886
6.14,-10.158165,-15.400939999999999,0.24541875094108836,0.8274504413795815,0.24907831606818392,0.8683119885684026
6.16,-10.48584,-15.400939999999999,0.24541875094108836,0.8274504413795815,0.2454153906139568,0.8683119885684026
6.18,-10.485845,-14.4179,0.24541875094108836,0.8294112175388938,0.24541533472129712,0.8724271928120061
6.2,-10.485855,-14.745574999999999,0.24541869504868172,0.8294112474579637,0.2454152788286374,0.8703695906902045
6.22,-9.830505,-14.4179,0.24908160391980155,0.8313719936982062,0.2490782042828645,0.8703695906902045
6.24,-10.48587,-14.74558,0.2454185832638684,0.8294112175388938,0.2454152229359777,0.8703695906902045
6.26,-14.090405,-15.400945,0.2307665006401357,0.8274504413795815,0.21977396225915222,0.868311957171886
6.28,-14.090399999999999,-14.74558,0.2234405152206761,0.8294112175388938,0.22710003673824522,0.8703695906902045
6.3,-13.76272,-13.76253,0.22710347998420255,0.8313720236172759,0.22710003673824522,0.8744848263303245
6.32,-14.09039,-12.124120000000001,0.22344057111308274,0.8372543820142828,0.22710009263090494,0.8786000619704447
6.34,-14.09038,-10.485714999999999,0.2234406270054894,0.8411759642519773,0.22710014852356464,0.88477286833585
6.36,-14.41806,-9.17499,0.2234406270054894,0.845097516570602,0.22343716717667786,0.8888881039759701
6.38,-14.418045,-8.847304999999999,0.22344073879030277,0.8470583226489841,0.22343722306933758,0.8888881039759701
6.4,-14.745725,-8.51962,0.22344073879030277,0.8490190988082965,0.2197742417224508,0.8888881353724869
6.42,-2.2937199999999995,-5.570485,0.2600708335648211,0.8549014572053033,0.32233911675177346,0.9012338108963306
6.44,7.209175,-5.57047,0.3479834410920303,0.8568622932027553,0.34065452652014483,0.8991762401710457
6.46,5.570765,-4.91511,0.3333315261455177,0.8588230693620676,0.3369914892805983,0.9012338422928475
6.48,5.570765,-5.2428,0.3369944909090442,0.8588230394429979,0.33332850793371155,0.899176208774529
6.5,5.24308,-5.570485,0.333331470253111,0.8568622632836854,0.33332850793371155,0.8991761773780121
6.52,5.24308,-5.24281,0.333331470253111,0.858823009523928,0.33332850793371155,0.8991761773780121
6.54,5.24308,-5.570485,0.333331470253111,0.8568622632836854,0.33332850793371155,0.8991761773780121
6.56,4.58773,-4.91512,0.3296685613819912,0.8588230394429979,0.32966558247948446,0.9012338108963306
6.58,4.58773,-4.58744,0.3296685613819912,0.8607838156023101,0.32966558247948446,0.9012338108963306
6.6,4.587735,-4.915115,0.3296686172743979,0.8588230693620676,0.32966558247948446,0.9012338108963306
6.62,4.58774,-4.25976,0.3296686172743979,0.8607838156023101,0.3296656383721442,0.9032914130181324
6.64,4.260065,-4.58743,0.32966867316680454,0.86078384552138,0.32600265702525744,0.9012338422928475
6.66,1.638595,-5.57048,0.3150166464354785,0.8568622632836854,0.31135056395973115,0.899176208774529
6.68,1.96629,-5.24279,0.3150167023278852,0.8588230693620676,0.31501365709193735,0.8991762401710457
6.7,1.31093,-5.242795,0.3113537375643587,0.8588230693620676,0.31135067574505054,0.899176208774529
6.72,1.31094,-5.57047,0.3113537934567654,0.8568622932027553,0.31135073163771027,0.8991762401710457
6.74,1.31094,-5.570465,0.3113537934567654,0.8568623231218251,0.31135073163771027,0.8991762401710457
6.76,0.98326,-4.9151,0.3113537934567654,0.8588230992811375,0.3076877502908235,0.9012338736893641
6.78,0.6555949999999999,-4.9151,0.30769088458564553,0.8588230992811375,0.3076878620761429,0.9012338736893641
6.8,0.6556,-4.9151,0.30769094047805223,0.8588230992811375,0.3076878620761429,0.9012338736893641
6.82,0.655605,-4.58742,0.3076909963704589,0.8588230992811375,0.3076878620761429,0.903291475811166
6.84,0.65561,-4.58742,0.3076909963704589,0.8607838754404498,0.3076879179688026,0.9012338736893641
6.86,0.000249999999994,-4.9151,0.30402803160693237,0.8588230992811375,0.3040249366219158,0.9012338736893641
6.88,0.000249999999994,-5.24278,0.30402803160693237,0.8588230992811375,0.3040249366219158,0.8991762715675625
6.9,-0.327430000000003,-5.242775,0.3003650668434059,0.8588230992811375,0.3040249366219158,0.8991763029640792
6.92,0.0002549999999956,-5.242775,0.3040280874993391,0.8588231292002072,0.3040249366219158,0.8991762715675625
6.94,0.3279349999999986,-4.915095,0.3040280874993391,0.8588231292002072,0.3076879179688026,0.9012338736893641
6.96,0.655605,-5.242775,0.3076909963704589,0.8588231292002072,0.3076878620761429,0.8991762715675625
6.98,1.31096,-5.24278,0.31135390524157874,0.8588230992811375,0.3113508434230297,0.8991762715675625
7.0,1.3109549999999999,-4.58742,0.31135390524157874,0.8607838754404498,0.31135078753037,0.9012338736893641
7.02,2.294,-3.93206,0.31135384934917204,0.8607838754404498,0.32233984335634974,0.9053490779329676
7.04,8.192335,-3.27668,0.34798400001609703,0.8647054875972141,0.35164425305804115,0.9053491407260011
7.06,8.19234,-2.29364,0.35164707656443683,0.8666662637565263,0.3479812158184946,0.9094643449696046
7.08,8.19234,-1.63827,0.3479841118009104,0.8686270698349086,0.3516441971653814,0.911521978487923
7.1,8.19234,-0.982905,0.3479841118009104,0.8705878759132907,0.3516441971653814,0.9135795806097247
7.12,7.86466,-0.3275500000000007,0.3479841118009104,0.8725486221535332,0.3479812158184946,0.9156371827315265
7.14,7.2093,-0.3275450000000007,0.34432114703738387,0.8725486520726031,0.34431823447160786,0.9156371827315265
7.16,7.2093,0.3278150000000009,0.34432114703738387,0.8745094282319155,0.34431823447160786,0.9176947848533281
7.18,6.553935,0.3278200000000009,0.34065818227385736,0.8745094282319155,0.3406551972320614,0.917694816249845
7.2,14.418370000000001,3.60464,0.3589732296611165,0.8823525627882347,0.4102529047834447,0.9300405231702056
7.22,23.593555000000002,4.26002,0.4358966634357129,0.8862742048640688,0.43589422135292993,0.9300405545667222
7.24,22.610509999999998,4.91538,0.4285707898010666,0.888234981023381,0.4322311282207237,0.932098156688524
7.26,23.26587,4.915385000000001,0.4322336986721865,0.8882350109424509,0.4358941654602702,0.932098156688524
7.28,23.26586,5.243065,0.43223364277977977,0.8901957871017633,0.4358941095676105,0.932098156688524
7.3,22.93818,5.24306,0.43223364277977977,0.8901957571826935,0.4322311282207237,0.932098156688524
7.32,22.93817,5.57075,0.43223358688737307,0.8901957871017633,0.43223107232806396,0.9341557902068425
7.34,22.938164999999998,5.24307,0.43223358688737307,0.8901957871017633,0.4322310164354043,0.9320981880850407
7.36,22.282795,4.91539,0.42857056623143996,0.8882350109424509,0.42856797919585776,0.9320981880850407
7.38,22.282795,4.58771,0.42857056623143996,0.8882350109424509,0.42856797919585776,0.930040585963239
7.4,21.627435,4.91539,0.42490760146791345,0.8882350109424509,0.424904997848971,0.9320981880850407
7.42,21.627435,4.91539,0.42490754557550675,0.8882350109424509,0.42490505374163073,0.9320981880850407
7.44,21.627435,5.24307,0.42490760146791345,0.8901957871017633,0.424904997848971,0.9320981880850407
7.46,21.62744,4.915395,0.42490760146791345,0.8882350408615207,0.42490505374163073,0.9320981880850407
7.48,20.97208,4.91539,0.42124463670438694,0.8882350109424509,0.4212420723947439,0.9320981880850407
7.5,29.164189999999998,5.898445000000001,0.43955968409164614,0.8901958170208332,0.49450270540035435,0.9362134551216776
7.52,39.977795,6.881495,0.5274721239416355,0.8941173992585276,0.5274700964489326,0.9382710886399962
7.54,39.32244,6.881495,0.5238092150705156,0.8941174291775973,0.5238071151020458,0.9382710572434795
7.56,39.32244,7.536855,0.5238092150705156,0.8960782053369097,0.5238071151020458,0.9403286593652811
7.58,39.322445,7.536855,0.5238092709629223,0.8960782053369097,0.5238071151020458,0.9403286593652811
7.6,39.32244,7.20918,0.5238092150705156,0.8960782053369097,0.5238071151020458,0.9382710886399962
7.62,38.994765,7.20918,0.5201463061993957,0.8960782053369097,0.5238071151020458,0.9382710886399962
7.64,38.66709,6.553815,0.5201463061993957,0.8941174291775973,0.5201441896478187,0.9362134551216776
7.66,38.66709,6.226135,0.5201463061993957,0.8921566530182851,0.5201441896478187,0.9362134551216776
7.68,38.66709,6.55382,0.5201463061993957,0.8941174291775973,0.5201441896478187,0.9362134865181944
7.7,38.339415,5.57078,0.5201463620918024,0.8901958768589728,0.5164812083009319,0.9341558843963927
7.72,38.01174,5.570775,0.516483397328276,0.8901958768589728,0.5164812641935916,0.934155852999876
7.74,38.340685,5.243095,0.5164833414358693,0.8901958768589728,0.5201584422760452,0.9320982508780742
7.76,38.994755,4.915414999999999,0.5201462503069891,0.8882351006996604,0.5238070592093861,0.9320982508780742
7.78,44.23769,6.22615,0.5457872272213012,0.8941174590966673,0.5567742825799851,0.9341559157929094
7.8,44.893045,6.22615,0.5567761774042874,0.8921566829373548,0.5531111894477789,0.9362135179147112
7.82,45.22072,6.22615,0.5567761215118807,0.8921566829373548,0.5567741707946657,0.9362135179147112
7.84,46.203755,5.570785,0.5604390862754072,0.8901959067780425,0.5641000775957795,0.9341558843963927
7.86,46.203755,5.2434650000000005,0.5604390862754072,0.8901980609510691,0.5641000775957795,0.932098282274591
7.88,46.53143,5.57078,0.564101995146527,0.8901958768589728,0.5641000775957795,0.9341558843963927
7.9,46.53143,6.226145,0.564101995146527,0.8921566829373548,0.5641000775957795,0.9362134865181944
7.92,45.876075,6.8815100000000005,0.5604390862754072,0.8941174590966673,0.5604370962488927,0.9382711200365128
7.94,45.87608,7.2091899999999995,0.5604390862754072,0.8941174590966673,0.5604371521415524,0.9403287221583146
7.96,45.87608,7.53687,0.5604390862754072,0.8960782352559795,0.5604371521415524,0.9403287221583146
7.98,45.87608,8.19224,0.5604390862754072,0.8980390413343616,0.5604371521415524,0.9423863556766331
8.0,48.497550000000004,9.175285,0.5604390862754072,0.8980390413343616,0.589741338272605,0.9485591934385551
8.02,65.864825,12.124455000000001,0.6556773997600428,0.9098038478855848,0.6886432319550408,0.9547321567865439
8.04,68.814,13.10751,0.6886446415558479,0.9117646838830369,0.6886432878477006,0.9588473924266642
8.06,69.14168,13.76287,0.6886446415558479,0.9137254600423491,0.6923062691945874,0.9609049945484658
8.08,69.14168,14.09055,0.6886446415558479,0.9156862362016616,0.6923062691945874,0.9609049945484658
8.1,69.14168,15.073595000000001,0.6923076063193744,0.9176470123609739,0.6886432878477006,0.965020230188586
8.12,68.814,15.728955,0.6886446415558479,0.9215685945986685,0.6886432878477006,0.9650201987920692
8.14,68.814,15.72896,0.6886446415558479,0.9215685945986685,0.6886432878477006,0.965020230188586
8.16,68.15864,16.05664,0.6849816767923214,0.9215685945986685,0.6849803065008138,0.9670778323103877
8.18,68.15863999999999,15.728965,0.6813187120287949,0.9215686245177382,0.6886432878477006,0.965020230188586
8.2,73.7293,14.41825,0.7142858979321934,0.9176470721991135,0.7179477534420516,0.9609050573414993
8.22,73.40161499999999,13.762885,0.7142859538245999,0.9156862960398012,0.7142846603098455,0.9588474238231809
8.24,73.07394,13.435199999999998,0.7106229890610736,0.9137254899614191,0.7142847162025051,0.9588474238231809
8.26,73.073945,13.435199999999998,0.7106230449534802,0.9137254899614191,0.7142847162025051,0.9588474238231809
8.28,73.073945,13.435195,0.7106230449534802,0.9137254899614191,0.7142847162025051,0.9588473924266642
8.3,73.073955,13.435195,0.7106230449534802,0.9137254899614191,0.7142848279878246,0.9588473924266642
8.32,73.40164,13.435195,0.7142860656094133,0.9137254899614191,0.7142848279878246,0.9588473924266642
8.34,74.05701,13.435195,0.7179490862653465,0.9137254899614191,0.7179478652273711,0.9588473924266642
8.36,74.057015,13.107515,0.7179491421577532,0.9137254899614191,0.7179478652273711,0.9567897903048623
8.38,74.05701,12.779834999999999,0.7179490862653465,0.9117647138021067,0.7179478652273711,0.9567897903048623
8.4,74.057015,12.45215,0.7179491421577532,0.9117646838830369,0.7179478652273711,0.9547321881830607
8.42,82.57680500000001,13.107524999999999,0.7399270984161321,0.9137254899614191,0.7912085541256413,0.9567898530978959
8.44,93.06275,13.107545,0.8205137205238817,0.9137255797186284,0.8278390383064257,0.9567898844944127
8.46,92.735065,13.107535,0.8205137764162884,0.9137255497995586,0.8241759451742194,0.9567898530978959
8.48,93.39043,13.107535,0.824176741179815,0.9137255497995586,0.827838982413766,0.9567898530978959
8.5,93.06275,12.452165,0.824176741179815,0.9117647437211766,0.8241760010668792,0.9547322195795774
8.52,93.39042,12.45216,0.8241766852874083,0.9117647138021067,0.8278389265211062,0.9547322195795774
8.54,93.06274,12.452165,0.8241766852874083,0.9117647437211766,0.8241759451742194,0.9547322195795774
8.56,92.40738,12.124479999999998,0.8205137205238817,0.9098039376427943,0.8205129638273326,0.9547322195795774
8.58,92.407375,11.7968,0.8205137205238817,0.907843161483482,0.8205129079346729,0.9547322195795774
8.6,92.407365,11.7968,0.8205136646314751,0.9098039376427943,0.8205128520420132,0.9526746174577757
8.62,91.752005,11.7968,0.8168506998679486,0.9098039376427943,0.8168498706951264,0.9526746174577757
8.64,91.752005,11.141435,0.8168506998679486,0.907843161483482,0.8168498706951264,0.9506169839394573
8.66,92.407365,11.14143,0.8205136646314751,0.9078431315644122,0.8205128520420132,0.9506169839394573
8.68,89.458185,10.486075,0.8205136087390684,0.9058823853241696,0.7875454051007753,0.9485593818176554
8.7,79.62759,9.503015000000001,0.7545789574702382,0.9019607731674053,0.7435887346555786,0.9465017169028203
8.72,78.64454,10.158370000000001,0.7435898955024387,0.9039215194076479,0.7435887905482383,0.9485593190246219
8.74,78.644535,10.158370000000001,0.7435898955024387,0.9039215194076479,0.7435887346555786,0.9485593190246219
8.76,78.64454,10.48605,0.7435898955024387,0.9058822955669601,0.7435887905482383,0.9485593190246219
8.78,78.644535,10.81373,0.7435898955024387,0.9058822955669601,0.7435887346555786,0.9506169211464237
8.8,78.31686,10.81373,0.7435898955024387,0.9058822955669601,0.7399258092013515,0.9506169211464237
8.82,78.31686,11.14141,0.7435898955024387,0.9078430717262725,0.7399258092013515,0.9506169211464237
8.84,77.98917,10.81373,0.7399268748465055,0.9058822955669601,0.7399257533086918,0.9506169211464237
8.86,77.661495,11.14141,0.7399269307389122,0.9078430717262725,0.736262771961805,0.9506169211464237
8.88,77.33381,10.81373,0.7362639100829791,0.9058822955669601,0.736262771961805,0.9506169211464237
8.9,77.006135,10.48605,0.7362639659753857,0.9058822955669601,0.7325997906149182,0.9485593190246219
8.92,76.67845,10.48605,0.7326009453194525,0.9058822955669601,0.7325997906149182,0.9485593190246219
8.94,76.678455,10.158370000000001,0.7326010012118592,0.9039215194076479,0.7325997906149182,0.9485593190246219
8.96,76.67845,9.830684999999999,0.7326009453194525,0.9039215194076479,0.7325997906149182,0.9465016855063034
8.98,76.678445,9.503005,0.7326009453194525,0.9019607432483354,0.7325997347222585,0.9465016855063034
9.0,76.350765,9.83068,0.7289379805559261,0.903921489488578,0.7325997347222585,0.9465016855063034
9.02,76.02308,9.502994999999999,0.7289379246635194,0.9019607133292656,0.7289367533753717,0.9465016541097868
9.04,76.67844,9.175315,0.7326008894270458,0.9019607133292656,0.7325997347222585,0.9444440519879851
9.06,76.678445,8.847635,0.7326009453194525,0.8999999371699534,0.7325997347222585,0.9444440519879851
9.08,76.023085,8.192275,0.7289379805559261,0.898039161010641,0.7289367533753717,0.9423864498661834
9.1,76.023085,8.192275,0.7289379805559261,0.898039161010641,0.7289367533753717,0.9423864498661834
9.12,76.023085,7.86459,0.7289379805559261,0.8980391310915712,0.7289367533753717,0.9403288477443816
9.14,75.695405,8.192275,0.7289379246635194,0.898039161010641,0.7252738279211447,0.9423864498661834
9.16,76.023095,8.19227,0.7252750157923995,0.8980391310915712,0.7325998465075779,0.9423864498661834
9.18,88.147445,9.50302,0.7765573049754639,0.9039215493267176,0.816849758909807,0.9444441461775354
9.2,91.752005,9.83071,0.8205136646314751,0.9019608030864751,0.8131868893482396,0.9485593818176554
9.22,91.424325,10.813749999999999,0.8131877351044221,0.9058823554050998,0.8168498706951264,0.9506169839394573
9.24,91.09664,11.46912,0.8131876792120154,0.907843161483482,0.8131868893482396,0.9526746174577757
9.26,91.09664000000001,11.469125,0.8131877351044221,0.9078431914025519,0.81318683345558,0.9526746174577757
9.28,90.441275,11.796804999999999,0.8095247144484891,0.9098039675618641,0.8095238521086932,0.9526746174577757
9.3,90.44127,12.124490000000002,0.8095246585560824,0.9098039675618641,0.8095238521086932,0.9547322509760943
9.32,90.113595,12.124485,0.8095247144484891,0.9098039675618641,0.8058608707618065,0.9547322195795774
9.34,90.11359,12.124490000000002,0.8058616937925558,0.9098039675618641,0.8095238521086932,0.9547322509760943
9.36,89.78591,12.124490000000002,0.8058616937925558,0.9098039675618641,0.8058608707618065,0.9547322509760943
9.38,89.78591,12.124490000000002,0.8058616937925558,0.9098039675618641,0.8058608707618065,0.9547322509760943
9.4,90.441265,12.45217,0.8095246585560824,0.9098039675618641,0.8095237962160334,0.9567898530978959
9.42,91.096605,12.45217,0.8131875115347955,0.9098039675618641,0.8131866657776008,0.9567898530978959
9.44,91.751955,12.779855000000001,0.8168504204059153,0.9117647736402463,0.8168495912318279,0.9567898530978959
9.46,91.751955,13.435215,0.8168504204059153,0.9137255497995586,0.8168495912318279,0.9588474552196977
9.48,91.751955,13.435215,0.8168504204059153,0.9137255497995586,0.8168495912318279,0.9588474552196977
9.5,91.75195,13.435215,0.8168503645135086,0.9137255497995586,0.8168495912318279,0.9588474552196977
9.52,91.751945,13.435215,0.8168503645135086,0.9137255497995586,0.8168495353391682,0.9588474552196977
9.54,91.751945,13.435215,0.8168503645135086,0.9137255497995586,0.8168495353391682,0.9588474552196977
9.56,92.4073,13.435210000000001,0.8205132733846284,0.9137255198804888,0.820512516686055,0.9588474552196977
9.58,92.40729,13.107524999999999,0.8205132174922217,0.9137255198804888,0.8205124607933952,0.9567898217013792
9.6,95.68415,13.435220000000001,0.831502335352428,0.9137255497995586,0.8461537773628804,0.9588474866162143
9.62,96.994895,14.090585,0.8461544738685672,0.9156863558779407,0.8461537773628804,0.9609050887380159
9.64,96.6672,14.74595,0.8424913973202274,0.9176471320372531,0.8461537214702207,0.9629627222563345
9.66,96.667205,14.74595,0.8424914532126341,0.9176471320372531,0.8461537214702207,0.9629627222563345
9.68,96.99488,14.74595,0.8461543620837539,0.9176471320372531,0.8461537214702207,0.9629627222563345
9.7,96.99488,15.073635,0.8461543620837539,0.9196079381156353,0.8461537214702207,0.9629627222563345
9.72,96.99487500000001,15.401309999999999,0.8461543620837539,0.9196079081965655,0.846153665577561,0.9650203243781363
9.74,97.32255,16.05668,0.8461543061913472,0.9215687142749476,0.8498166469244478,0.9670779578964548
9.76,96.99487,17.03972,0.8461543061913472,0.9254902665935723,0.846153665577561,0.9691355600182564
9.78,79.29988499999999,12.452185,0.8168501968362886,0.9176471619563229,0.6776539525584222,0.948559444610689
9.8,24.576505,4.915505,0.5018304763184432,0.8901961461306012,0.38094804794047565,0.9300409313249234
9.82,7.53693,7.209275,0.34065779102701066,0.8921569222899134,0.35164402948740225,0.9423866068487671
9.84,8.51999,11.796825,0.35164696477962354,0.9058824451623093,0.35164397359474253,0.9567899158909294
9.86,8.51999,15.401335,0.35164690888721684,0.9176471918753928,0.35164402948740225,0.9670780206894883
9.88,8.51999,19.333515,0.35164690888721684,0.9294119086694064,0.35164402948740225,0.979423696213332
9.9,8.192309999999999,20.97193,0.3479839441236903,0.9352942969854832,0.35164402948740225,0.9835389318534523
9.92,8.519995,22.93802,0.35164690888721684,0.9411766553824901,0.35164408538006203,0.9897117696153742
9.94,9.17537,23.59339,0.3553099854355567,0.9431374614608722,0.3553071226196085,0.9917694031336927
9.96,2.29402,19.988885,0.3479840559085037,0.9411766553824901,0.2857096945315237,0.9711932563296084
9.98,-10.157979999999998,15.729,0.24908272176793494,0.9196079381156353,0.24541639668183163,0.9670779578964548
10.0,-9.174935,16.712049999999998,0.2527457424238681,0.9235295203533298,0.25274235937560524,0.9691355914147732
10.02,-9.8303,17.03973,0.24908272176793494,0.9254902965126423,0.24907937802871843,0.9691355914147732
10.04,-9.830305,17.36741,0.24908272176793494,0.9254902965126423,0.2490793221360587,0.9711931935365749
10.06,-9.830305,17.36741,0.24908272176793494,0.9254902965126423,0.2490793221360587,0.9711931935365749
10.08,-10.157979999999998,16.712040000000002,0.24541975700440843,0.92352949043426,0.24907937802871843,0.9691355600182564
10.1,-9.8303,16.712035,0.24908272176793494,0.92352949043426,0.24907937802871843,0.9691355286217398
10.12,-10.813335,16.05667,0.24908283355274827,0.9235294605151901,0.23809037809539838,0.9650203243781363
10.14,-17.039340000000003,14.41826,0.21245268288582334,0.9176471320372531,0.20512309883213964,0.9609050573414993
10.16,-17.36702,13.762895,0.20512669746636364,0.915686325958871,0.2087861360716861,0.9588474552196977
10.18,-17.36702,13.762885,0.20878966222989015,0.9156862960398012,0.20512315472479933,0.9588474238231809
10.2,-17.03934,13.107524999999999,0.20878966222989015,0.9137255198804888,0.2087861360716861,0.9567898217013792
10.22,-16.383995,12.77983,0.21245257110100996,0.9117646838830369,0.2124490056332535,0.9567897903048623
10.24,-16.056325,12.452145,0.2124525152086033,0.9117646838830369,0.21611193108748056,0.9547321567865439
10.26,-15.728655,12.124455000000001,0.21611542407972312,0.9098038778046548,0.21611187519482086,0.9547321253900272
10.28,-15.400974999999999,11.79677,0.21611542407972312,0.9098038478855848,0.21977485654170767,0.9526745232682253
10.3,-15.40098,11.141405,0.21611536818731647,0.9078430717262725,0.21977485654170767,0.9506168897499069
10.32,-15.073295,10.486035,0.21977838884324963,0.9058822656478904,0.21977485654170767,0.9485592562315884
10.34,-15.0733,9.830665,0.21977833295084298,0.9039214595695082,0.21977485654170767,0.9465016227132701
10.36,-15.073295,8.51994,0.21977833295084298,0.8999998773318137,0.21977491243436734,0.9423864184696666
10.38,-15.72865,8.19225,0.21611542407972312,0.8980390712534316,0.21611193108748056,0.9423863870731498
10.4,-15.400970000000001,7.864915,0.21611542407972312,0.8980411655883186,0.21977491243436734,0.9403287535548314
10.42,-15.72865,6.881515,0.21611542407972312,0.894117489015737,0.21611193108748056,0.9382711200365128
10.44,-15.728655,6.553834999999999,0.21611542407972312,0.894117489015737,0.21611187519482086,0.9362135179147112
10.46,-15.400974999999999,5.243105,0.21611542407972312,0.8901959067780425,0.21977485654170767,0.932098282274591
10.48,-15.073295,4.587745,0.21977838884324963,0.8882351306187303,0.21977485654170767,0.9300406801527893
10.5,-15.0733,4.2600549999999995,0.21977833295084298,0.8862743245403482,0.21977485654170767,0.9300406487562726
10.52,-7.536565,4.587735,0.23076733902623578,0.8862742946212782,0.2930354336546584,0.932098282274591
10.54,7.20924,5.24311,0.3369947703710775,0.8901959067780425,0.35164397359474253,0.9320983136711077
10.56,6.553905,5.57079,0.34065801459663736,0.8901959067780425,0.3406550295540822,0.9341559157929094
10.58,6.2262249999999995,5.8984749999999995,0.34065801459663736,0.8921567128564247,0.3369920482071954,0.9341559157929094
10.6,6.22622,6.22616,0.34065795870423066,0.8921567128564247,0.3369920482071954,0.9362135493112279
10.62,5.89854,6.55384,0.33699499394070415,0.894117489015737,0.3369920482071954,0.9362135493112279
10.64,4.9155,6.22616,0.3333320291771777,0.8921567128564247,0.32966608551342186,0.9362135493112279
10.66,4.58782,6.226165,0.3296690644136512,0.8921567427754945,0.32966608551342186,0.9362135493112279
10.68,3.9324649999999997,6.22617,0.3260061555425314,0.8921567427754945,0.3260031041665351,0.9362135807077447
10.7,3.93246,5.89849,0.3260060996501247,0.8921567427754945,0.3260031041665351,0.9341559785859429
10.72,3.60479,5.2431350000000005,0.32234319077900486,0.8901959965352519,0.32600316005919483,0.9320983764641413
10.74,0.9833200000000002,3.932405,0.31501714946713855,0.8862744142975575,0.30402504840723527,0.927983140824021
10.76,0.0002700000000004,3.27705,0.3040281433917457,0.884313638138245,0.30402504840723527,0.925925570098736
10.78,0.00026499999999880005,2.949375,0.3040281433917457,0.8823528918980026,0.30402499251457554,0.925925570098736
10.8,-0.6551,1.96634,0.30036512273581256,0.8803921157386903,0.3003620111676888,0.9218103972516494
10.82,-1.63815,1.63865,0.2967021020798794,0.8784313096603081,0.2930359925812555,0.9218103658551328
10.84,-2.293515,0.32793500000000053,0.29303913731635295,0.8764705634200656,0.289372955341709,0.9156375594897275
10.86,-2.9488950000000003,-0.3274250000000014,0.2893760607680131,0.8745097872607531,0.2857098622095028,0.9135799573679259
10.88,-3.93194,-0.65511,0.2820500753485534,0.8725489811823711,0.28204688086261603,0.9135799573679259
10.9,-3.60427,-1.965835,0.2857129842196733,0.8686274288637464,0.2820468249699563,0.9094647217278056
10.92,-3.93195,-2.6212,0.28205001945614677,0.8666666227853642,0.2820468249699563,0.9074071196060038
10.94,-4.2596300000000005,-2.6212,0.28205001945614677,0.8666666227853642,0.2783838436230695,0.9074071196060038
10.96,-4.58732,-3.2765649999999997,0.2783869988002136,0.8647058466260519,0.27838378773040984,0.9053494860876854
10.98,-5.89678,-3.93192,0.27106101338075395,0.8627450704667395,0.27107196587954335,0.9032919153624005
11.0,-2.29353,-3.93192,0.28205001945614677,0.8627450704667395,0.30036195527502907,0.9032919153624005
11.02,-1.310465,-5.898,0.30036512273581256,0.8568627419888024,0.2930359925812555,0.8971191089969952
11.04,-2.2935350000000003,-6.225685,0.29303902553153954,0.8549019658294902,0.2893728435563896,0.8971190776004785
11.06,-2.293555,-6.553364999999999,0.28937594898319974,0.8549019658294902,0.29303571311795695,0.8950614754786769
11.08,-2.2935749999999997,-6.225685,0.28937583719838644,0.8549019658294902,0.2930356013326375,0.8971190776004785
11.1,-2.62127,-5.57033,0.28937572541357304,0.8568627120697326,0.289372564093091,0.8991766797222801
11.12,-2.62126,-5.24265,0.28937578130597974,0.8568627120697326,0.28937261998575076,0.9012342818440819
11.14,-1.9659,-4.91497,0.29303874606950625,0.858823488229045,0.2930356013326375,0.9012342818440819
11.16,-2.29358,-4.587295,0.28937578130597974,0.8607842643883574,0.2930356013326375,0.9012342504475651
11.18,9.175365,-0.9828,0.31501681411269855,0.8666665928662943,0.3956004204693005,0.9176951616115293
11.2,25.55961,0.65562,0.4468853900490724,0.8764705634200656,0.44688305360827085,0.9176951930080459
11.22,23.921205,0.32793000000000055,0.4358965516508996,0.8745097573416833,0.4395569791291778,0.9176951616115293
11.24,24.904235,0.3279250000000005,0.4395594605220194,0.8745097573416833,0.44688288593029163,0.9176951302150125
11.26,25.55958,0.00023499999999994998,0.4468852782642591,0.8745097274226137,0.446882830037632,0.9156374966966939
11.28,26.54262,-0.327449999999999,0.4505482430277855,0.8725489213442315,0.4542087927314055,0.9156374966966939
11.3,26.87031,-0.65514,0.4542112636837187,0.8725488914251616,0.45420884862406524,0.9135798631783755
11.32,27.52568,-0.9828250000000001,0.4578742843396519,0.8705881152658493,0.45787188586361177,0.9135798317818588
11.34,28.18104,-0.982835,0.4615372491031784,0.8705880853467795,0.4615348672104986,0.9135798003853419
11.36,28.50872,-1.31052,0.4615372491031784,0.8705880554277097,0.46519784855738533,0.9115221982635403
11.38,27.853360000000002,-1.9658799999999998,0.4615373049955851,0.8686273091874671,0.45787182997095205,0.9094645647452219
11.4,24.24884,-2.29357,0.4395592369523928,0.8666664731900152,0.43955675555853907,0.9094645647452219
11.42,24.248845000000003,-1.310525,0.4395592928447994,0.8705880554277097,0.43955675555853907,0.9115221668670235
11.44,24.248845000000003,-1.6381999999999999,0.4395592928447994,0.8686272792683972,0.43955675555853907,0.9115221982635403
11.46,23.593485,-0.9828399999999999,0.4358963280812729,0.8705880554277097,0.43589377421165226,0.9135798003853419
11.48,23.593485,-0.65516,0.4358963280812729,0.8725488315870219,0.43589377421165226,0.9135798003853419
11.5,22.938125,-0.6551549999999999,0.4322333633177465,0.8725488615060918,0.43223079286476546,0.9135798003853419
11.52,22.93813,-0.982835,0.4322333633177465,0.8705880853467795,0.4322308487574252,0.9135798003853419
11.54,22.93813,-1.31052,0.4322333633177465,0.8705880554277097,0.4322308487574252,0.9115221982635403
11.56,22.28277,-1.31052,0.42857039855421997,0.8705880554277097,0.4285678674105384,0.9115221982635403
11.58,22.28277,-2.293565,0.42857039855421997,0.866666503109085,0.4285678674105384,0.9094645647452219
11.6,22.282775,-2.621245,0.42857045444662656,0.866666503109085,0.4285678674105384,0.9074069626234201
11.62,22.282775,-3.27661,0.42857045444662656,0.8647056970307028,0.4285678674105384,0.9053493605016184
11.64,22.610455,-3.276605,0.42857045444662656,0.8647057269497727,0.4322308487574252,0.9053493605016184
11.66,22.610455,-3.931975,0.42857045444662656,0.8627449208713905,0.4322308487574252,0.9032917269832998
11.68,22.61045,-4.2596549999999995,0.42857039855421997,0.8607841447120781,0.4322308487574252,0.9032917269832998
11.7,31.45793,-1.9658849999999986,0.4395593487372061,0.8627448909523207,0.5201436866138813,0.9156374339036604
11.72,52.102095,-0.32744999999999996,0.5897432515228724,0.870588145184919,0.6007305617765639,0.9176950988184958
11.74,49.808324999999996,0.327910000000001,0.5824173778882261,0.8745096975035438,0.5824154873641508,0.9176950988184958
11.76,50.463674999999995,0.9832650000000001,0.5860802867593459,0.8764704736628561,0.5860784128183779,0.9197526695437808
11.78,50.79134,1.3109350000000002,0.5860801749745326,0.8764704437437862,0.589741338272605,0.9218102402690657
11.8,51.119005,1.6386150000000002,0.5897430838456525,0.8784312199030987,0.5897412264872856,0.9218102402690657
11.82,51.119005,1.6386150000000002,0.5897430838456525,0.8784312199030987,0.5897412264872856,0.9218102402690657
11.84,51.119,1.3109250000000001,0.5897430279532458,0.8784311899840288,0.5897412264872856,0.9197526067507472
11.86,51.11899,1.31092,0.5897429720608391,0.878431160064959,0.5897411705946258,0.9197526067507472
11.88,51.118995,1.31092,0.5897430279532458,0.878431160064959,0.5897411705946258,0.9197526067507472
11.9,51.44667,1.310915,0.5897429720608391,0.878431160064959,0.5934041519415126,0.9197525753542304
11.92,51.11899,0.98323,0.5897429720608391,0.8764703539865769,0.5897411705946258,0.9197525753542304
11.94,51.11898,0.98323,0.5897429161684324,0.8764703539865769,0.5897411147019661,0.9197525753542304
11.96,50.791295,0.655555,0.586079951404906,0.8764703839056466,0.5897410588093064,0.9176949732324288
11.98,50.791290000000004,0.00019500000000144998,0.5860798955124993,0.8745096077463343,0.5897410588093064,0.9156373711106269
12.0,50.46361,0.00018999999999985,0.5860798955124993,0.8745095778272645,0.5860780774624196,0.9156373711106269
12.02,52.757400000000004,-0.3274800000000002,0.5860798955124993,0.8725488315870219,0.6117192822465853,0.9156374025071438
12.04,58.32804,-0.9828399999999999,0.6300360874912906,0.8705880554277097,0.6300344684443178,0.9135798003853419
12.06,58.000355,-0.9828399999999999,0.626373122727764,0.8705880554277097,0.630034412551658,0.9135798003853419
12.08,58.32803,-0.65516,0.6300360315988839,0.8725488315870219,0.630034412551658,0.9135798003853419
12.1,58.32803,-0.3274800000000002,0.6300360315988839,0.8725488315870219,0.630034412551658,0.9156374025071438
12.12,58.65571,-0.3274800000000002,0.6300360315988839,0.8725488315870219,0.6336973938985448,0.9156374025071438
12.14,58.32803,-0.6551549999999999,0.6300360315988839,0.8725488615060918,0.630034412551658,0.9135798003853419
12.16,58.65571,-0.6551549999999999,0.6300360315988839,0.8725488615060918,0.6336973938985448,0.9135798003853419
12.18,58.328035,-0.9828349999999999,0.6300360874912906,0.8725488615060918,0.630034412551658,0.9115221982635403
12.2,58.00035,-1.31052,0.6300360315988839,0.8705880554277097,0.6263714312047712,0.9115221982635403
12.22,58.328035,-1.31052,0.6300360874912906,0.8705880554277097,0.630034412551658,0.9115221982635403
12.24,57.67267,-1.31052,0.6263730668353573,0.8705880853467795,0.6263714312047712,0.9115221668670235
12.26,57.672675,-1.31052,0.626373122727764,0.8705880554277097,0.6263714312047712,0.9115221982635403
12.28,57.01732,-0.9828399999999999,0.6227101579642376,0.8705880554277097,0.6227085057505443,0.9135798003853419
12.3,56.36197,-0.32746999999999865,0.6190472490931177,0.8725488615060918,0.6190455802963172,0.9156374339036604
12.32,55.378935,0.0002100000000027,0.615384340221998,0.8745096376654041,0.6117196176025437,0.9156374339036604
12.34,54.3959,0.32789999999999936,0.6080584106949449,0.874509667584474,0.6080566921483165,0.9176950674219789
12.36,54.06823,0.9832650000000001,0.6080584665873516,0.8764704736628561,0.6043937666940894,0.9197526695437808
12.38,53.74055,0.655585000000001,0.6043955018238251,0.8745096975035438,0.6043937666940894,0.9197526695437808
12.4,53.41287,0.327905000000001,0.6007325370602986,0.8745096975035438,0.6043937666940894,0.9176950674219789
12.42,53.085195,0.32790499999999934,0.6007325929527053,0.874509667584474,0.6007307853472027,0.9176950988184958
12.44,54.723585,0.0002250000000003,0.6080584665873516,0.8745096975035438,0.6117196734952033,0.9156374653001773
12.46,55.051249999999996,-0.3274649999999986,0.6117213754584714,0.8725488914251616,0.611719561709884,0.9156374339036604
12.48,55.37892,-0.32746999999999865,0.6117212636736581,0.8745096376654041,0.6153825430567708,0.9135798317818588
12.5,55.051235,0.0002100000000027,0.6117212636736581,0.8745096376654041,0.6117195058172242,0.9156374339036604
12.52,54.39587,0.00021500000000069998,0.608058243017725,0.874509667584474,0.6080565244703374,0.9156374339036604
12.54,54.395865,0.3278949999999993,0.608058243017725,0.874509667584474,0.6080564685776777,0.9176950360254622
12.56,54.068185,0.32789999999999936,0.608058243017725,0.874509667584474,0.604393487230791,0.9176950674219789
12.58,53.08515,0.6555749999999994,0.600732313490672,0.874509667584474,0.6007305617765639,0.9197526381472638
12.6,52.102104999999995,1.6386150000000002,0.5970693487271455,0.8784312199030987,0.5934045431901306,0.9218102402690657
12.62,62.915695,3.604725,0.6300364787381373,0.8843136082191754,0.681317325153927,0.9279831722205378
12.64,72.418575,4.587795,0.7106229890610736,0.8862744741356972,0.706958697616072,0.9320984706536914
12.66,69.79713,5.898525,0.6959710741145609,0.8901960862924615,0.6923067722285248,0.9362136748972949
12.68,69.141775,7.864615000000001,0.6923081652434411,0.8960784147703984,0.688643790881638,0.9423865440557335
12.7,69.141775,8.847665,0.6886452004799146,0.8999999970080929,0.6923067722285248,0.944444177574052
12.72,69.469455,9.503035,0.6923081652434411,0.9019608030864751,0.6923067722285248,0.9465018110923705
12.74,69.79714,10.48608,0.6923081652434411,0.9039216091648572,0.6959698094680713,0.950617015335974
12.76,69.46945,11.46913,0.6923081093510344,0.9078431914025519,0.6923067722285248,0.9526746488542924
12.78,69.141775,12.124490000000002,0.6923081652434411,0.9098039675618641,0.688643790881638,0.9547322509760943
12.8,69.469455,12.77986,0.6923081652434411,0.9117647736402463,0.6923067722285248,0.9567898844944127
12.82,68.814095,12.779869999999999,0.6886452004799146,0.911764803559316,0.688643790881638,0.9567899158909294
12.84,68.814095,13.43523,0.6886452004799146,0.9137255797186284,0.688643790881638,0.958847518012731
12.86,68.814095,13.43524,0.6886452004799146,0.9137256096376982,0.688643790881638,0.9588475494092479
12.88,68.81409,13.76293,0.6886451445875079,0.9156864157160803,0.688643790881638,0.9588475808057646
12.9,68.486415,13.762925,0.6886452004799146,0.9156864157160803,0.6849808095347512,0.9588475494092479
12.92,68.15873,13.76293,0.6849821798239814,0.9156864157160803,0.6849808095347512,0.9588475808057646
12.94,67.83105,13.762925,0.6813192150604549,0.9156864157160803,0.6849808095347512,0.9588475494092479
12.96,67.50337,13.435245,0.6813192150604549,0.9137256395567681,0.6813178281878643,0.9588475494092479
12.98,67.50337,13.107565000000001,0.6813192150604549,0.9137256395567681,0.6813178281878643,0.956789947287446
13.0,67.50337,12.452205,0.6813192150604549,0.9117648633974557,0.6813178281878643,0.9547323451656444
13.02,66.84801,12.12452,0.6776562502969284,0.9098040573190735,0.6776548468409777,0.9547323451656444
13.04,66.848005,11.469149999999999,0.6776562502969284,0.9078432512406915,0.6776547909483179,0.952674711647326
13.06,66.19264,10.813785,0.6739932296409952,0.9078432512406915,0.6739918096014311,0.9485594760072058
13.08,66.19264,10.158425000000001,0.6739932296409952,0.9058824451623093,0.6739918096014311,0.9465019052819209
13.1,66.520325,8.84768,0.6739932296409952,0.9000000568462325,0.6776548468409777,0.9444442089705688
13.12,76.02319,9.503065,0.710623436200327,0.9019608928436846,0.747252554392361,0.9465019052819209
13.14,81.59384,9.503074999999999,0.7619057253833912,0.9019609526818243,0.7582417220036601,0.9465019052819209
13.16,80.283115,9.503070000000001,0.7509168310928116,0.9019609227627543,0.7545786847641136,0.9465019052819209
13.18,80.93848,9.503065,0.7545797958563382,0.9019609227627543,0.7582417220036601,0.946501873885404
13.2,81.593835,8.8477,0.7582427606198646,0.9000001166843722,0.7619046474578872,0.9444442717636023
13.22,82.24918,8.847695,0.7619056694909845,0.9000001166843722,0.7655675170194546,0.9444442403670855
13.24,83.232205,8.84769,0.7692314872332241,0.9000000867653024,0.7692304424736818,0.9444442403670855
13.26,82.904515,8.52001,0.765568466577291,0.9000000867653024,0.769230386581022,0.9423866382452839
13.28,82.57684,8.84769,0.765568466577291,0.9000000867653024,0.765567461126795,0.9444442403670855
13.3,83.232195,8.52001,0.7692314313408176,0.9000000867653024,0.769230386581022,0.9423866382452839
13.32,83.23219,7.864644999999999,0.7692314313408176,0.89803931060599,0.7692303306883623,0.9403290047269655
13.34,86.836715,7.864644999999999,0.7728943402119374,0.8960785045276078,0.8058607030838272,0.9423866382452839
13.36,96.99495999999999,7.2093,0.8388288238035475,0.8960785643657475,0.8534801871979317,0.9382714653981971
13.38,97.32264,7.209295,0.8498178298789404,0.8960785643657475,0.8461541127188387,0.9382714340016804
13.4,97.650305,7.209295,0.8498177180941271,0.8960785643657475,0.8498170381730658,0.9382714340016804
13.42,97.977975,5.898565,0.8498176622017204,0.892156982128053,0.8534799636272927,0.9341561983615602
13.44,98.63333,5.243195,0.8534805710728401,0.8901961760496708,0.8571429449741795,0.9320985648432418
13.46,98.30565,5.2432,0.8534805710728401,0.8901961760496708,0.8534799636272927,0.9320985962397585
13.48,98.96102,5.243195,0.8571435917287734,0.8901961760496708,0.8571430008668393,0.9320985648432418
13.5,98.96102,4.587835,0.8571435917287734,0.8882353998903586,0.8571430008668393,0.93004096272144
13.52,99.61638500000001,4.26016,0.8608066123847066,0.8862746237310462,0.8608059822137261,0.9300409941179567
13.54,99.61639,4.26015,0.8608066123847066,0.8862745938119765,0.8608060381063858,0.93004096272144
13.56,99.28872,4.260155,0.8571437035135867,0.8862746237310462,0.8608060939990455,0.93004096272144
13.58,98.305665,4.587835,0.86080672416952,0.8882353699712887,0.8461539450408595,0.9300409941179567
13.6,95.3565,4.91551,0.8351655795779878,0.8882353699712887,0.8388278705617666,0.9320985648432418
13.62,96.33956,4.26015,0.8424916208898542,0.8862745938119765,0.8424909636939728,0.93004096272144
13.64,96.33957,4.58783,0.8424916767822607,0.8882353699712887,0.8424910195866324,0.93004096272144
13.66,96.33957,4.587835,0.8424916767822607,0.8882353998903586,0.8424910195866324,0.93004096272144
13.68,96.33958,4.260155,0.8424917326746674,0.8862746237310462,0.8424910754792921,0.93004096272144
13.7,96.339585,4.58784,0.8424917326746674,0.8882353998903586,0.8424911313719519,0.9300409941179567
13.72,96.33959,4.26016,0.8424917885670741,0.8862746237310462,0.8424911313719519,0.9300409941179567
13.74,96.66727,4.260155,0.8424917885670741,0.8862746237310462,0.8461541127188387,0.93004096272144
13.76,96.339585,4.260155,0.8424917885670741,0.8862746237310462,0.8424910754792921,0.93004096272144
13.78,96.66727,3.932475,0.8424917885670741,0.8862746237310462,0.8461541127188387,0.9279833605996384
13.8,96.994945,3.2771049999999997,0.8461547533306005,0.884313817652664,0.846154056826179,0.9259257270813199
13.82,97.32262,3.27711,0.8461546974381938,0.884313817652664,0.8498170381730658,0.9259257584778365
13.84,104.531695,3.2771150000000002,0.8754588626856592,0.884313817652664,0.9010996154193764,0.9259257898743534
13.86,107.808555,3.2771150000000002,0.9084261044814643,0.8843138475717339,0.9047627085515825,0.9259257584778365
13.88,107.808545,3.27711,0.9047630838255312,0.884313817652664,0.9084256340058096,0.9259257584778365
13.9,108.136225,3.27712,0.9084260485890576,0.8843138475717339,0.9084256340058096,0.9259257898743534
13.92,108.136225,3.2771150000000002,0.9084260485890576,0.8843138475717339,0.9084256340058096,0.9259257584778365
13.94,108.46389500000001,2.294065,0.9120889574601775,0.8823530414933517,0.90842557811315,0.9218105228377165
13.96,75.36772,-10.81321,0.8205134410618484,0.8568628018269421,0.6300348596929358,0.8662549515839025
13.98,10.81383,-27.524990000000003,0.42857051033903326,0.7980391879378038,0.3003618434897096,0.8230450244574157
14.0,-1.965845,-27.52501,0.28571304011207993,0.7901959636242752,0.30036195527502907,0.8312754329446226
14.02,0.98327,-26.214285,0.30769094047805223,0.7941175458619697,0.31135073163771027,0.835390637188226
14.04,2.949335,-24.903575,0.31867972298381836,0.7980390682615247,0.3223396197857109,0.8395058100353125
14.06,4.915395,-23.265175,0.3296685054895845,0.8039213967394616,0.3333284520410518,0.843621014278916
14.08,5.898415,-22.609825,0.33699432323182416,0.8058821429797042,0.3369913216026192,0.845678585004201
14.1,6.88145,-21.95447,0.34065723210294396,0.8078428892199466,0.34431728429639274,0.8477361871260028
14.12,7.5368,-21.2991,0.34432014097406377,0.8098036952983289,0.34798020975061983,0.8497938206443211
14.14,-1.3106550000000001,-22.28214,0.3296681701351445,0.8098036952983289,0.2637306885970087,0.843621014278916
14.16,-11.796565000000001,-22.609830000000002,0.23442980075810224,0.8058821130606344,0.24175240926707006,0.845678585004201
14.18,-10.485825,-21.626784999999998,0.24541886272590174,0.8078429191390164,0.24541544650661656,0.8497937892478045
14.2,-10.48582,-20.643745,0.24541886272590174,0.8117644714576411,0.2454155023992763,0.8518513913696061
14.22,-10.813500000000001,-19.6607,0.24541886272590174,0.8137252476169535,0.24175252105238948,0.8559666270097264
14.24,-11.141165,-18.0223,0.24175595385478188,0.8196075760948905,0.2417526328377089,0.8600818312533298
14.26,-11.141155,-16.711579999999998,0.24175600974718858,0.8235291284135152,0.2417526887303686,0.8641970354969333
14.28,-11.796495,-15.728535,0.23809315676847542,0.8274506807321399,0.23808981916880126,0.8662546690152517
14.3,-11.79648,-15.400855,0.23809326855328874,0.8274507106512098,0.23808987506146095,0.8683122397405367
14.32,-16.711750000000002,-14.4178,0.2197782211660296,0.829411516729592,0.20145950266599602,0.8724275067771735
14.34,-18.35017,-14.090129999999998,0.1978001531228373,0.8313722629698345,0.20512253990554255,0.8724274753806569
14.36,-17.6948,-14.417805,0.20512613854229694,0.8313722928889042,0.20512259579820225,0.8703698732588552
14.38,-17.6948,-14.090129999999998,0.20512613854229694,0.8313722629698345,0.20512259579820225,0.8724274753806569
14.4,-17.694795,-13.76245,0.20512619443470362,0.8333330391291468,0.20512259579820225,0.8724274753806569
14.42,-18.02247,-14.41781,0.20512619443470362,0.8313722629698345,0.20145967034397516,0.8703698732588552
14.44,-17.69479,-14.745495,0.20512619443470362,0.8313722629698345,0.2051226516908619,0.8683122397405367
14.46,-17.69478,-15.073174999999999,0.2051262503271103,0.8294114868105221,0.20512270758352166,0.8683122397405367
14.48,-17.69478,-15.728535,0.2051262503271103,0.8274507106512098,0.20512270758352166,0.8662546376187349
14.5,-17.69478,-16.383905,0.2051262503271103,0.8254899045728277,0.20512270758352166,0.8641970041004164
14.52,-17.69475,-21.9545,0.20146339734839716,0.8137251877788139,0.20878591250104728,0.8415632237780138
14.54,-17.039375,-23.265235,0.20878949455267015,0.8039212172250427,0.20878591250104728,0.8436208258998155
14.56,-17.03938,-23.265235,0.20878943866026348,0.8039212172250427,0.20878591250104728,0.8436208258998155
14.58,-17.03938,-23.59292,0.20878943866026348,0.8039212172250427,0.20878591250104728,0.841563192381497
14.6,-17.03938,-23.920605000000002,0.20878943866026348,0.8019604111466605,0.20878591250104728,0.841563192381497
14.62,-17.03938,-24.24829,0.20878943866026348,0.8019603812275907,0.20878591250104728,0.8395055902596954
14.64,-17.367065,-24.24829,0.20512647389673697,0.8019603812275907,0.20878585660838755,0.8395055902596954
14.66,-17.69474,-24.903655,0.20512647389673697,0.7999996050682785,0.2051229311541605,0.8374479567413768
14.68,-17.69474,-24.903655,0.20512647389673697,0.7999996050682785,0.2051229311541605,0.8374479567413768
14.7,-18.02242,-25.231335,0.20512647389673697,0.798038828908966,0.2014599498072737,0.8374479567413768
14.72,-18.02242,-25.886699999999998,0.20146350913321046,0.7960780228305839,0.2051229311541605,0.8353903546195752
14.74,-18.3501,-25.886699999999998,0.20146350913321046,0.7960780228305839,0.2014599498072737,0.8353903546195752
14.76,-17.367060000000002,-26.214385,0.20512647389673697,0.7960780228305839,0.20878591250104728,0.8333327211012568
14.78,-16.71171,-26.869754999999998,0.20878938276785677,0.7941172167522017,0.21244883795527433,0.8312750875829382
14.8,-18.02247,-23.9206,0.20878927098304348,0.7980387989898964,0.19779657721176896,0.8456784908146509
14.82,-19.333215000000003,-22.937545,0.19413713246690412,0.8058820233034248,0.19779657721176896,0.8436208572963323
14.84,-18.350175,-23.265230000000003,0.2014631178863638,0.8039212172250427,0.20145950266599602,0.8436208572963323
14.86,-36.0449,-23.592914999999998,0.0,0.8039212172250427,0.20512248401288283,0.8415632237780138
14.88,-18.0225,-23.9206,0.2014631178863638,0.8019604111466605,0.20512242812022308,0.8415632237780138
14.9,-17.694825,-23.59292,0.20512597086507695,0.803921187305973,0.20512248401288283,0.8415632237780138
14.92,-17.367145,-23.920605000000002,0.20512602675748362,0.803921187305973,0.20878540946710988,0.8395055902596954
14.94,-17.367150000000002,-24.24828,0.20512597086507695,0.8019604111466605,0.20878540946710988,0.839505621656212
14.96,-17.03947,-24.24829,0.20878893562860343,0.8019603812275907,0.20878540946710988,0.8395055902596954
14.98,-16.711795000000002,-25.55901,0.20878887973619675,0.798038828908966,0.21244839081399666,0.835390386016092
15.0,-17.039475000000003,-26.21438,0.20878893562860343,0.7960780228305839,0.20878535357445013,0.8333327524977734
15.02,-14.74568,-24.575955,0.2124519562845366,0.7980388588280358,0.23076357701172912,0.8415632551745305
15.04,-12.451885,-24.248265,0.23443008022013562,0.8019604709848002,0.23442661425127564,0.8395056530527288
15.06,-12.124210000000001,-24.248275,0.23443002432772891,0.8019604410657304,0.23808959559816242,0.839505621656212
15.08,-11.796524999999999,-24.575960000000002,0.23809304498366207,0.8019604410657304,0.23808959559816242,0.8374479881378936
15.1,-11.79653,-24.24828,0.23809298909125542,0.8019604111466605,0.23808959559816242,0.839505621656212
15.12,-11.79653,-24.24828,0.23809298909125542,0.8019604111466605,0.23808959559816242,0.839505621656212
15.14,-11.468855000000001,-24.903644999999997,0.23809298909125542,0.7999996050682785,0.24175252105238948,0.8374480195344104
15.16,-11.468855000000001,-24.90365,0.23809298909125542,0.7999996050682785,0.24175252105238948,0.8374479881378936
15.18,0.6554550000000001,-20.97146,0.28571203404875983,0.8098035457029799,0.32966524712352624,0.8518513285765728
15.2,5.898425,-20.971445000000003,0.3406573438877573,0.8117644116195014,0.3333283961483921,0.8497937264547709
15.22,4.915375,-20.64377,0.32966839370477113,0.8117643817004317,0.33332834025573244,0.8518513285765728
15.24,5.24306,-20.643774999999998,0.33333135846829764,0.8117643817004317,0.3333283961483921,0.8518512971800559
15.26,5.24306,-20.97146,0.33333135846829764,0.811764351781362,0.3333283961483921,0.8497936950582543
15.28,5.24306,-20.97146,0.33333135846829764,0.811764351781362,0.3333283961483921,0.8497936950582543
15.3,5.24306,-20.97146,0.33333135846829764,0.811764351781362,0.3333283961483921,0.8497936950582543
15.32,5.24306,-20.97146,0.33333135846829764,0.811764351781362,0.3333283961483921,0.8497936950582543
15.34,5.57074,-20.971455,0.33333135846829764,0.8117643817004317,0.3369913774952789,0.8497936950582543
15.36,5.5707450000000005,-21.299145,0.33333141436070435,0.8098035756220495,0.3369913774952789,0.8497936636617374
15.38,5.243065,-21.29914,0.33333141436070435,0.8098035756220495,0.3333283961483921,0.8497936950582543
15.4,5.24307,-21.626815,0.33333141436070435,0.8098036055411194,0.3333284520410518,0.8477360929364525
15.42,5.24307,-21.29914,0.33333141436070435,0.8098035756220495,0.3333284520410518,0.8497936950582543
15.44,5.24307,-21.29914,0.33333141436070435,0.8098035756220495,0.3333284520410518,0.8497936950582543
15.46,5.24307,-21.299145,0.33333141436070435,0.8098035756220495,0.3333284520410518,0.8497936636617374
15.48,5.24307,-21.29914,0.33333141436070435,0.8098035756220495,0.3333284520410518,0.8497936950582543
15.5,5.57076,-20.971465000000002,0.333331470253111,0.811764351781362,0.3369914892805983,0.8497936636617374
15.52,6.88147,-21.62683,0.3406573438877573,0.8098035457029799,0.3443173960817122,0.8477360615399357
15.54,-23.265095,-21.626835,1.6208797934288158e-06,0.8098035457029799,0.3479803215359392,0.8477360301434189
15.56,7.86451,-22.2822,0.34798327341481033,0.8078427695436674,0.34798037742859894,0.8456783966251005
15.58,7.536825,-22.2822,0.3443203086512838,0.8078427396245976,0.3479803215359392,0.8456784280216173
15.6,7.864504999999999,-22.2822,0.34798327341481033,0.8078427396245976,0.3479803215359392,0.8456784280216173
15.62,7.536825,-22.60988,0.34798327341481033,0.8058819634652852,0.34431734018905247,0.8456784280216173
15.64,7.53683,-22.937555000000003,0.3443203086512838,0.8058819933843551,0.34798037742859894,0.8436208258998155
15.66,7.536835,-22.60988,0.34432036454369047,0.8058819933843551,0.34798037742859894,0.8456783966251005
15.68,7.20915,-23.265245,0.3443203086512838,0.803921187305973,0.3443173960817122,0.8436207945032989
15.7,7.53684,-23.265245,0.34432036454369047,0.803921187305973,0.34798043332125866,0.8436207945032989
15.72,7.536845,-23.265245,0.34798338519962363,0.803921187305973,0.34431745197437186,0.8436207945032989
15.74,7.20916,-24.24829,0.34432036454369047,0.8019603812275907,0.34431745197437186,0.8395055902596954
15.76,7.2091650000000005,-24.575969999999998,0.3443204204360972,0.7999996050682785,0.34431745197437186,0.8395055902596954
15.78,6.881485,-24.575965,0.34065745567257066,0.7999996349873483,0.34431745197437186,0.8395055902596954
15.8,7.20917,-24.90365,0.3443204204360972,0.7999996050682785,0.3443175078670316,0.8374479881378936
15.82,7.2091650000000005,-25.55901,0.3443204204360972,0.798038828908966,0.34431745197437186,0.835390386016092
15.84,7.20917,-25.559015000000002,0.3443204204360972,0.798038828908966,0.3443175078670316,0.8353903546195752
15.86,7.20916,-25.88669,0.34432036454369047,0.7960780527496538,0.34431745197437186,0.835390386016092
15.88,7.20916,-25.559015000000002,0.34432036454369047,0.798038828908966,0.34431745197437186,0.8353903546195752
15.9,7.20916,-25.88669,0.34432036454369047,0.7960780527496538,0.34431745197437186,0.835390386016092
15.92,6.881475,-26.21437,0.34432036454369047,0.7960780527496538,0.3406544147348254,0.8333327838942902
15.94,7.209155,-26.214374999999997,0.34432036454369047,0.7960780527496538,0.3443173960817122,0.8333327524977734
15.96,6.88148,-26.214374999999997,0.340657399780164,0.7960780527496538,0.34431745197437186,0.8333327524977734
15.98,6.553795,-25.886695,0.340657399780164,0.7960780527496538,0.3406544147348254,0.8353903546195752
16.0,7.20916,-26.21438,0.34432036454369047,0.7960780228305839,0.34431745197437186,0.8333327524977734
16.02,7.86453,-26.214385,0.34432036454369047,0.7941172466712716,0.35164352645346486,0.8353903232230584
16.04,18.678125,-24.24828,0.391939577178415,0.8019604111466605,0.424904215351735,0.839505621656212
16.06,22.61035,-24.575955,0.4322328043936798,0.7999996649064179,0.42856730848394126,0.839505621656212
16.08,21.954990000000002,-24.248285000000003,0.42490687486662676,0.8019604111466605,0.42856730848394126,0.8395055902596954
16.1,22.28267,-24.575969999999998,0.42856983963015327,0.7999996050682785,0.42856730848394126,0.8395055902596954
16.12,22.61035,-25.55901,0.42856983963015327,0.798038828908966,0.43223028983082806,0.835390386016092
16.14,22.61035,-25.559015000000002,0.42856983963015327,0.798038828908966,0.43223028983082806,0.8353903546195752
16.16,22.93803,-25.886699999999998,0.4322328043936798,0.7960780228305839,0.43223028983082806,0.8353903546195752
16.18,22.938025000000003,-26.21438,0.4322328043936798,0.7960780228305839,0.43223023393816834,0.8333327524977734
16.2,22.938025000000003,-26.542065,0.4322328043936798,0.7941172466712716,0.43223023393816834,0.8333327211012568
16.22,27.853305,-25.886705,0.43955884570554604,0.7960779929115142,0.47984977394493245,0.8353903546195752
16.24,32.7686,-25.886699999999998,0.4908412466734237,0.7960780228305839,0.4835129229697983,0.8353903546195752
16.26,32.44091,-25.23134,0.48351520536155734,0.7980387989898964,0.4871759043166851,0.8374479567413768
16.28,32.768595000000005,-25.23134,0.4871782260174905,0.7980387989898964,0.4871759043166851,0.8374479567413768
16.3,32.768595000000005,-25.231345,0.4871782260174905,0.7980387989898964,0.4871759043166851,0.8374479253448602
16.32,33.096275,-25.231345,0.4871782260174905,0.7980387989898964,0.4908388856635719,0.8374479253448602
16.34,33.751625000000004,-25.23135,0.49084113488861036,0.7980387690708264,0.49450181111779895,0.8374479253448602
16.36,34.406965,-25.23135,0.49450398786732347,0.7980387690708264,0.4981646806793663,0.8374479253448602
16.38,34.406954999999996,-24.90367,0.49450393197491677,0.7999995452301388,0.49816462478670664,0.8374479253448602
16.4,42.271395,-22.937575000000002,0.5238080413299755,0.8058819036271455,0.5567732765121103,0.8436207945032989
16.42,46.53131,-22.93757,0.5641013244376469,0.8039211573869031,0.564099406883863,0.8456783966251005
16.44,46.20362,-22.60988,0.5604383037817138,0.8058819634652852,0.5640993509912032,0.8456784280216173
16.46,45.87594,-22.28221,0.5604383037817138,0.8078427097055277,0.5604363696443164,0.8456783966251005
16.48,45.875935,-22.282204999999998,0.5604383037817138,0.8078427396245976,0.5604363137516567,0.8456783966251005
16.5,45.87593,-22.60989,0.5604382478893071,0.8058819335462155,0.5604363137516567,0.8456783966251005
16.52,45.875924999999995,-22.28221,0.5604382478893071,0.8078427097055277,0.5604362578589971,0.8456783966251005
16.54,45.875924999999995,-22.60989,0.5604382478893071,0.8058819335462155,0.5604362578589971,0.8456783966251005
16.56,45.220565,-22.60989,0.5567752831257806,0.8058819335462155,0.5567732765121103,0.8456783966251005
16.58,45.22057,-22.609885,0.5567752831257806,0.8058819634652852,0.55677333240477,0.8456783966251005
16.6,45.220565,-22.93757,0.5567752831257806,0.8058819335462155,0.5567732765121103,0.8436207945032989
16.62,45.22056,-22.937575000000002,0.5567752272333739,0.8058819335462155,0.5567732765121103,0.8436207631067819
16.64,45.22056,-23.592934999999997,0.5567752272333739,0.8039211573869031,0.5567732765121103,0.8415631609849803
16.66,45.220565,-23.265259999999998,0.5567752831257806,0.8039211274678333,0.5567732765121103,0.8436207631067819
16.68,45.220565,-23.92061,0.5567752831257806,0.8019603812275907,0.5567732765121103,0.841563192381497
16.7,45.22056,-23.92061,0.5567752272333739,0.8019603812275907,0.5567732765121103,0.841563192381497
16.72,45.220565,-24.248295,0.5567752831257806,0.8019603812275907,0.5567732765121103,0.8395055588631785
16.74,45.220565,-24.575975,0.5567752831257806,0.8019603812275907,0.5567732765121103,0.8374479567413768
16.76,45.22056,-24.575975,0.5567752272333739,0.7999996050682785,0.5567732765121103,0.8395055588631785
16.78,45.22057,-24.903655,0.5567752831257806,0.7999996050682785,0.55677333240477,0.8374479567413768
16.8,44.565205,-24.90366,0.5531123183622542,0.7999995751492086,0.5531102951652235,0.8374479567413768
16.82,44.56521,-25.231335,0.5531123183622542,0.798038828908966,0.5531103510578832,0.8374479567413768
16.84,44.56521,-25.55902,0.5531123183622542,0.7980387989898964,0.5531103510578832,0.8353903546195752
16.86,44.237534999999994,-25.886699999999998,0.5531123742546608,0.7960780228305839,0.5494473697109964,0.8353903546195752
16.88,44.56522,-26.21438,0.5531123742546608,0.7960780228305839,0.5531104069505428,0.8333327524977734
16.9,44.237535,-26.542065,0.5494494094911343,0.7960780228305839,0.5531103510578832,0.8312751189794549
16.92,22.93806,-35.38943,0.5054932734047496,0.7803918135560851,0.3589698245031967,0.7921806472687056
16.94,-20.31633,-43.581445,0.21245190039212994,0.743137006691011,0.16849194393943873,0.7798350031413784
16.96,-21.954735,-42.27073,0.17948482627354484,0.7470585290905658,0.18314420468294412,0.7839502073849819
16.98,-21.29938,-42.598420000000004,0.1831477910370713,0.7450977230121837,0.1868071301371712,0.7839501759884652
17.0,-20.971694999999997,-42.270745,0.18681081169300445,0.747058499171496,0.1868071301371712,0.7839501445919485
17.02,-20.316335000000002,-41.943075,0.19047377645653096,0.7490192454117386,0.19047011148405796,0.7839501131954316
17.04,-20.31634,-42.270755,0.19047372056412426,0.7470584692524262,0.19047011148405796,0.7839501131954316
17.06,-19.66097,-41.943084999999996,0.19413674122005745,0.7490192154926687,0.1941331487236045,0.783950081798915
17.08,-18.67794,-42.59845,0.19779965009117728,0.7470584094142866,0.20145905552471835,0.7818924796771132
17.1,-18.350275,-42.270775,0.2014625589622971,0.7470584094142866,0.20145894373939888,0.7839500504023981
17.12,-18.0226,-42.27078,0.2014625030698904,0.7470583794952168,0.20512192508628568,0.7839500504023981
17.14,-15.40114,-41.287735,0.20512541194101025,0.749019155654529,0.2307630739777917,0.7880652860425184
17.16,-10.81354,-40.30468,0.24541863915627504,0.7529407678112934,0.24175229748175064,0.7901229195608368
17.18,-10.813545000000001,-39.64932,0.24175567439274856,0.7549015439706058,0.2454152229359777,0.7921805216826385
17.2,-10.48586,-38.99396,0.24541863915627504,0.7568623201299182,0.2454152788286374,0.7942381238044403
17.22,-10.158190000000001,-38.99396,0.2454185832638684,0.7568623201299182,0.2490782042828645,0.7942381238044403
17.24,-9.8305,-38.66628,0.24908160391980155,0.7568623201299182,0.2490782601755242,0.796295725926242
17.26,-9.8305,-38.3386,0.24908160391980155,0.7588230962892305,0.2490782601755242,0.796295725926242
17.28,-9.83051,-38.3386,0.24908154802739488,0.7588230962892305,0.2490782042828645,0.796295725926242
17.3,-10.158185,-38.01092,0.24908160391980155,0.7607838724485428,0.2454152229359777,0.796295725926242
17.32,-10.48586,-38.010915,0.24541863915627504,0.7588231262083003,0.2454152788286374,0.7983533280480437
17.34,-10.81354,-37.683234999999996,0.24541863915627504,0.7607839023676126,0.24175229748175064,0.7983533280480437
17.36,-10.81354,-37.68323,0.24175567439274856,0.7607839023676126,0.2454152788286374,0.7983533594445604
17.38,-10.485865,-37.35555,0.24541863915627504,0.762744678526925,0.2454152229359777,0.7983533594445604
17.4,-10.485865,-37.35555,0.24541863915627504,0.762744678526925,0.2454152229359777,0.7983533594445604
17.42,-10.48586,-36.37251,0.24541863915627504,0.7647054546862374,0.2454152788286374,0.8024685636881639
17.44,-10.813535,-35.71714,0.24175573028515523,0.7666662607646194,0.2454152788286374,0.8045261972064824
17.46,-11.141214999999999,-35.061775,0.24175573028515523,0.7686270668430016,0.24175229748175064,0.8065837993282841
17.48,-11.79658,-35.061769999999996,0.23809270962922208,0.7686270668430016,0.23808931613486387,0.8065838307248009
17.5,-12.12426,-34.40641,0.23809270962922208,0.7705878430023141,0.23442633478797706,0.8086414328466025
17.52,-12.45194,-34.734085,0.23442974486569557,0.7705878729213838,0.23442633478797706,0.8065838307248009
17.54,-4.587515,-32.44032,0.25640781290888787,0.7764702013993208,0.30036089331449456,0.8148142706085245
17.56,1.966195,-31.784950000000002,0.31501619929622515,0.7784310074777029,0.31501309816534023,0.816871904126843
17.58,0.65548,-30.80191,0.3076902697691722,0.7803917836370153,0.30768719136422634,0.8209871083704464
17.6,0.0001199999999954,-30.146549999999998,0.3040273050056457,0.7823525597963277,0.30402421001733954,0.823044710492248
17.62,0.0001199999999954,-29.81887,0.3040273050056457,0.78431333595564,0.30402421001733954,0.823044710492248
17.64,-0.65524,-29.81887,0.3003643402421192,0.78431333595564,0.3003612286704528,0.823044710492248
17.66,-0.65524,-29.49119,0.3003643402421192,0.7862741121149524,0.3003612286704528,0.823044710492248
17.68,-1.63828,-29.49119,0.2930384107150662,0.7862741121149524,0.29669824732356603,0.823044710492248
17.7,-1.310605,-29.49119,0.2967013754785927,0.7862741121149524,0.2966981914309063,0.823044710492248
17.72,-1.63828,-29.49119,0.2967013754785927,0.7862741121149524,0.2930352659766792,0.823044710492248
17.74,-1.96596,-28.835835000000003,0.2930384107150662,0.7882348882742648,0.2930352659766792,0.825102281217533
17.76,-1.9659550000000001,-29.49119,0.2930384666074729,0.7862741121149524,0.2930352659766792,0.823044710492248
17.78,0.00014500000000006175,-29.163515,0.2930384107150662,0.7862741121149524,0.3150134335212985,0.825102281217533
17.8,7.209210000000001,-29.163510000000002,0.34065762334979066,0.7862741121149524,0.34798076867721695,0.8251023126140499
17.82,7.5368949999999995,-29.163505,0.347983664661657,0.7862741121149524,0.3443177314376704,0.8251023440105665
17.84,7.20922,-28.83582,0.3443206998981305,0.7882349181933345,0.3443177873303302,0.8251023440105665
17.86,7.864575,-29.163505,0.347983664661657,0.7862741420340222,0.3479807127845572,0.8251023126140499
17.88,8.192255,-28.83583,0.347983664661657,0.7882348882742648,0.35164369413144403,0.8251023126140499
17.9,9.502955,-28.83583,0.35530948240389665,0.7882348882742648,0.3589695450398981,0.8251023126140499
17.92,10.485985,-28.508145,0.3626353560385429,0.7882349181933345,0.3626324704941252,0.8271599147358515
17.94,10.485985,-27.85278,0.3626353560385429,0.7901956943526469,0.3626324704941252,0.8292175482541699
17.96,10.48598,-27.85278,0.3626353001461363,0.7901956943526469,0.3626324704941252,0.8292175482541699
17.98,10.1583,-27.525095,0.3626353001461363,0.7921565004310291,0.3589694891472385,0.8292175482541699
18.0,13.10744,-26.54206,0.3589722794902031,0.790195664433577,0.39559958207940477,0.8374479881378936
18.02,34.07927,-21.954504999999997,0.4761887169104377,0.8078427695436674,0.5128168855302121,0.8477360929364525
18.04,36.045405,-20.64378,0.5091560704910562,0.811764351781362,0.5018278855968921,0.8518512971800559
18.06,35.390035,-19.988419999999998,0.5018300850715965,0.8137251279406742,0.5018278297042323,0.8539088993018578
18.08,35.062345,-19.988425,0.5018300291791898,0.8137251279406742,0.49816479246468576,0.8539088679053408
18.1,34.406975,-20.971485,0.4981670085232567,0.8117642919432223,0.49450175522513923,0.8497936008687039
18.12,34.406965,-21.626855,0.49816695263085,0.8098034858648402,0.4945016993324795,0.8477359673503854
18.14,33.423925,-21.299174999999998,0.49084102310379696,0.8098034858648402,0.4908387179855928,0.8497935694721872
18.16,34.07928,-20.643815,0.49450393197491677,0.8117642620241524,0.4945016993324795,0.8518511715939888
18.18,31.130119999999998,-22.609904999999998,0.49084091131898366,0.807842679786458,0.4651974573087673,0.8436207317102653
18.2,27.85326,-23.26527,0.4578737254155852,0.8039210975487635,0.4615343082839014,0.8436207317102653
18.22,28.180945,-23.26527,0.4615367460715184,0.8039210975487635,0.4615343082839014,0.8436207317102653
18.24,27.853270000000002,-22.609904999999998,0.4578737813079919,0.8058819036271455,0.46153436417656113,0.8456783338320671
18.26,27.525585,-22.282224999999997,0.4578737813079919,0.807842679786458,0.4578713269370146,0.8456783338320671
18.28,27.525585,-22.93758,0.4578737813079919,0.8058819036271455,0.4578713269370146,0.8436207631067819
18.3,27.52558,-22.6099,0.4578737254155852,0.8058819036271455,0.4578713269370146,0.8456783652285838
18.32,27.197905,-22.93758,0.4578737813079919,0.8058819036271455,0.45420834559012785,0.8436207631067819
18.34,26.870224999999998,-22.937575000000002,0.4542108165444654,0.8058819335462155,0.45420834559012785,0.8436207631067819
18.36,26.542540000000002,-22.60989,0.4542107606520587,0.8058819335462155,0.45054536424324104,0.8456783966251005
18.38,26.21486,-22.60989,0.45054779588853217,0.8058819335462155,0.45054536424324104,0.8456783966251005
18.4,25.559495,-22.93757,0.44688483112500565,0.8058819335462155,0.4468823270036946,0.8436207945032989
18.42,28.508654999999997,-21.95453,0.44688483112500565,0.8058819335462155,0.47984960626695333,0.8497936008687039
18.44,41.288385000000005,-20.97147,0.5238082648996022,0.8098035457029799,0.5457844442567693,0.8518512657835392
18.46,42.271455,-19.988425,0.5421234799640813,0.8137251279406742,0.5384584256703361,0.8539088679053408
18.48,41.94377,-19.33306,0.5384604593081482,0.8156859040999866,0.5384584256703361,0.8559665014236594
18.5,41.61609,-19.00538,0.5347974945446217,0.817646680259299,0.5384584256703361,0.8559665014236594
18.52,41.94377,-19.333064999999998,0.5384604593081482,0.8156859040999866,0.5384584256703361,0.8559664700271427
18.54,41.94377,-19.00538,0.5384604593081482,0.817646680259299,0.5384584256703361,0.8559665014236594
18.56,41.288405,-19.33306,0.5347974945446217,0.8156859040999866,0.5347953884307896,0.8559665014236594
18.58,41.28841,-18.6777,0.5347974945446217,0.817646680259299,0.5347954443234493,0.858024103545461
18.6,40.63305,-18.67769,0.5311345297810952,0.8176467101783689,0.5311324629765625,0.8580241349419778
18.62,39.97769,-18.022334999999998,0.5274715650175686,0.8196074863376811,0.5274694816296758,0.8600817056672628
18.64,39.97769,-18.35001,0.5274715650175686,0.8196074863376811,0.5274694816296758,0.8580241349419778
18.66,39.65001,-18.02233,0.5274715650175686,0.8196074863376811,0.523806500282789,0.8600817370637794
18.68,39.322334999999995,-18.022325000000002,0.5238086561464489,0.8196075162567509,0.523806500282789,0.8600817370637794
18.7,39.650005,-18.35001,0.5238086002540422,0.8196074863376811,0.527469425737016,0.8580241349419778
18.72,39.977675000000005,-18.02233,0.5274715091251619,0.8196074863376811,0.5274693698443562,0.8600817370637794
18.74,40.633025,-18.022325000000002,0.5311344179962818,0.8196075162567509,0.5311322952985833,0.8600817370637794
18.76,39.97766,-17.69464,0.5274713973403486,0.8196075162567509,0.5274693139516965,0.862139370582098
18.78,39.97766,-17.36695,0.5274713973403486,0.821568322335133,0.5274693139516965,0.8621394019786148
18.8,39.977665,-17.039275,0.5274714532327553,0.8235290984944454,0.5274693139516965,0.862139370582098
18.82,40.30534,-16.71159,0.5274713973403486,0.8235290984944454,0.5311322952985833,0.8641970041004164
18.84,55.37884,-15.728525,0.5860796719428726,0.8274507106512098,0.6410233565923185,0.8662547004117684
18.86,61.932545000000005,-15.400825000000001,0.6556770085131961,0.8274508004084192,0.6446865056171844,0.8683123339300869
18.88,60.29413,-14.745460000000001,0.6410250376742768,0.8294115765677315,0.6410234683776379,0.8703699674484054
18.9,59.966445,-14.745455,0.6410250376742768,0.8294115765677315,0.6373604311380914,0.870369998844922
18.92,59.311080000000004,-14.745450000000002,0.6373620170183435,0.8294116064868013,0.6336974497912046,0.870369998844922
18.94,58.655715,-15.07313,0.633699052254817,0.8294116064868013,0.630034412551658,0.8683123967231204
18.96,58.000355,-15.40081,0.6300360874912906,0.8274508303274889,0.6263714312047712,0.8683123967231204
18.98,57.67267,-15.40081,0.6263730668353573,0.8274508303274889,0.6263714312047712,0.8683123967231204
19.0,57.67266,-15.40081,0.6263730109429507,0.8274508303274889,0.6263713753121116,0.8683123967231204
19.02,57.0173,-15.40081,0.6227100461794243,0.8274508303274889,0.6227083939652248,0.8683123967231204
19.04,57.34498,-15.40081,0.6227100461794243,0.8274508303274889,0.6263713753121116,0.8683123967231204
19.06,57.672664999999995,-15.07313,0.6263730668353573,0.8294116064868013,0.6263713753121116,0.8683123967231204
19.08,57.672664999999995,-14.745450000000002,0.6263730668353573,0.8294116064868013,0.6263713753121116,0.870369998844922
19.1,58.32802,-14.745450000000002,0.6300359757064773,0.8294116064868013,0.6300343566589984,0.870369998844922
19.12,58.00034,-14.745445,0.6263730109429507,0.8294116364058711,0.6300343566589984,0.870369998844922
19.14,58.32802,-14.41777,0.6300359757064773,0.8313723826461137,0.6300343566589984,0.870369998844922
19.16,58.00034,-14.41777,0.6263730109429507,0.8313723826461137,0.6300343566589984,0.870369998844922
19.18,57.672664999999995,-14.417765,0.6263730668353573,0.8313724125651836,0.6263713753121116,0.870369998844922
19.2,57.671825,-14.417765,0.6263730668353573,0.8313724125651836,0.62636198534528,0.870369998844922
19.22,57.67267,-14.745445,0.626373122727764,0.8294116364058711,0.6263713753121116,0.870369998844922
19.24,57.672675,-14.41777,0.626373122727764,0.8313723826461137,0.6263714312047712,0.870369998844922
19.26,57.672675,-14.090084999999998,0.626373122727764,0.8313724125651836,0.6263714312047712,0.8724276009667239
19.28,57.345005,-14.41776,0.626373122727764,0.8313724125651836,0.622708561643204,0.8703700302414389
19.3,57.34501,-14.745445,0.6263731786201707,0.8294116364058711,0.622708561643204,0.870369998844922
19.32,57.01733,-15.073125000000001,0.6227102138566443,0.8294116364058711,0.622708561643204,0.8683123967231204
19.34,57.017325,-15.40041,0.6227102138566443,0.8274508303274889,0.6227085057505443,0.8683149084444605
19.36,61.277225,-14.090074999999999,0.6300362551685106,0.8313724125651836,0.663001859492896,0.8724276637597574
19.38,64.554095,-14.090060000000001,0.6666665176202489,0.8313724724033232,0.6630020271708751,0.872427695156274
19.4,64.22641,-13.434695000000001,0.6630034969643157,0.8333332784817054,0.6630020271708751,0.8744852972780759
19.42,64.22641,-13.4347,0.6630034969643157,0.8333332485626355,0.6630020271708751,0.8744852972780759
19.44,64.88177,-13.76238,0.6666664617278422,0.8333332485626355,0.6666650085177619,0.872427695156274
19.46,64.88177,-13.762385,0.6666664617278422,0.8333332485626355,0.6666650085177619,0.8724276637597574
19.48,64.22641,-14.090060000000001,0.6630034969643157,0.8313724724033232,0.6630020271708751,0.872427695156274
19.5,65.20945,-14.090065,0.6666664617278422,0.8313724724033232,0.6703279898646487,0.8724276637597574
19.52,65.537115,-14.090065,0.670329370598962,0.8313724724033232,0.6703278780793293,0.8724276637597574
19.54,75.367615,-11.140925,0.6923072709649344,0.8372548008812601,0.7582404364724868,0.8847734020766347
19.56,89.785755,-9.830165000000001,0.805860799514049,0.8431372789545464,0.8058600323719106,0.8868310983879867
19.58,88.14735,-8.19176,0.7948719052234696,0.8490196373515532,0.7985340137854775,0.8909463026315901
19.6,88.14735,-7.86408,0.7948719052234696,0.8509804135108655,0.7985340137854775,0.8909463026315901
19.62,87.819665,-7.53639,0.7948719052234696,0.8509804434299352,0.794870976545931,0.8930039361499086
19.64,87.819665,-6.88103,0.7948719052234696,0.8529412195892476,0.794870976545931,0.8950615382717102
19.66,87.81966,-6.88103,0.7948718493310629,0.8529412195892476,0.794870976545931,0.8950615382717102
19.68,87.164295,-7.20871,0.7912088845675365,0.8529412195892476,0.7912079393063844,0.8930039361499086
19.7,87.49197,-6.88103,0.7948717934386563,0.8529412195892476,0.7912079393063844,0.8950615382717102
19.72,87.164285,-6.88103,0.7912088286751298,0.8549019957485599,0.7912078834137247,0.8930039361499086
19.74,86.508925,-7.20871,0.7875458639116033,0.8529412195892476,0.7875449020668379,0.8930039361499086
19.76,86.50893,-7.53639,0.7875458639116033,0.8509804434299352,0.7875449579594976,0.8930039361499086
19.78,86.83661000000001,-7.864075,0.7875458639116033,0.8509804434299352,0.7912079393063844,0.8909463026315901
19.8,89.1304,-9.174795,0.8021978906429292,0.8470588911113107,0.8021970510250238,0.8868310983879867
19.82,88.80271,-8.847114999999999,0.7985348699869962,0.8470588911113107,0.8021969951323643,0.8888887005097884
19.84,88.80272,-9.174795,0.7985349258794029,0.8470588911113107,0.8021970510250238,0.8868310983879867
19.86,89.13039,-9.502479999999998,0.8021978347505226,0.8470588611922407,0.8021969951323643,0.8847734962661851
19.88,89.13039,-10.15784,0.8021978347505226,0.843137308873616,0.8021969951323643,0.8847734962661851
19.9,89.13039,-11.140885,0.8021978347505226,0.8411765327143038,0.8021969951323643,0.8806582606260647
19.92,88.802705,-11.14088,0.8021977788581159,0.8411765327143038,0.7985340137854775,0.8806582920225816
19.94,88.80271,-11.796244999999999,0.8021978347505226,0.8392157565549914,0.7985340137854775,0.878600658504263
19.96,88.80271,-12.123930000000001,0.7985348699869962,0.8372549504766091,0.8021969951323643,0.878600658504263
19.98,88.475035,-12.123930000000001,0.7985349258794029,0.8372549504766091,0.7985340137854775,0.878600658504263
20.0,88.475035,-12.123925,0.7985349258794029,0.8372549504766091,0.7985340137854775,0.8786006899007798
20.02,87.81968,-12.451605,0.7948719611158763,0.8372549803956791,0.7948710883312504,0.8765430563824612
20.04,87.16432,-12.123919999999998,0.7912089963523499,0.8372549803956791,0.7912081069843636,0.8786006899007798
20.06,87.164325,-12.123919999999998,0.7912089963523499,0.8372549803956791,0.7912081628770233,0.8786006899007798
20.08,86.508965,-12.4516,0.78754608748123,0.8372549803956791,0.7875451256374768,0.8765430877789782
20.1,89.45813000000001,-12.123915,0.7912090522447566,0.8372549803956791,0.8168494794465084,0.8786007212972966
20.12,94.37342,-11.46854,0.8315023912448345,0.839215816393131,0.831501684297354,0.880658354815615
20.14,94.04574,-11.46854,0.827839426481308,0.839215816393131,0.831501684297354,0.880658354815615
20.16,94.37342,-10.81318,0.8315023912448345,0.8411765925524435,0.831501684297354,0.8827159569374167
20.18,94.37342,-11.140509999999999,0.8315023912448345,0.8411766224715131,0.831501684297354,0.8806605211752708
20.2,94.37342,-11.14086,0.8315023912448345,0.8411765925524435,0.831501684297354,0.880658354815615
20.22,94.701085,-11.140865,0.831502335352428,0.8411765925524435,0.8351645538589215,0.8806583234190982
20.24,97.65023,-10.157820000000001,0.8351652442235478,0.8411765626333735,0.864468739989974,0.8868311925775368
20.26,107.48082,-8.847090000000001,0.8974367071592247,0.8470589509494502,0.9120885594600366,0.8888887946993387
20.28,108.136195,-8.19172,0.9084258809118377,0.8490197570278323,0.9084254663278305,0.8909464282176571
20.3,108.46387,-7.86405,0.9120887897829576,0.8509805032680748,0.9084254663278305,0.8909463968211403
20.32,108.136185,-8.19173,0.908425825019431,0.8490197271087626,0.9084254104351708,0.8909463968211403
20.34,108.13618,-8.191725,0.9084257691270243,0.8490197570278323,0.9084254104351708,0.8909463968211403
20.36,108.13617500000001,-7.86405,0.9084257691270243,0.8509805032680748,0.908425354542511,0.8909463968211403
20.38,107.808495,-7.864050000000001,0.9047628043634979,0.8490197271087626,0.908425354542511,0.8930039989429421
20.4,107.808495,-7.864050000000001,0.9084257691270243,0.8490197271087626,0.9047623731956242,0.8930039989429421
20.42,107.48081,-7.53637,0.9047627484710912,0.8509805032680748,0.9047623731956242,0.8930039989429421
20.44,107.480815,-7.536365,0.9047628043634979,0.8509805331871447,0.9047623731956242,0.8930039989429421
20.46,107.48081,-7.20868,0.9047627484710912,0.8509805331871447,0.9047623731956242,0.8950616324612606
20.48,107.48081,-6.22563,0.9047627484710912,0.8549021154248392,0.9047623731956242,0.897119265979579
20.5,107.4808,-6.22563,0.9047626925786845,0.8549021154248392,0.9047623173029645,0.897119265979579
20.52,106.49774500000001,-6.553305,0.9047626925786845,0.8568629215032214,0.8937732055843252,0.8930040617359756
20.54,62.260295,-20.97128,0.7619048869972912,0.8274511893563268,0.5421219100511603,0.8333333490315918
20.56,-8.51962,-35.716925,0.33333174971514434,0.7725492474620923,0.1794814469066962,0.7983540501679289
20.58,-27.852965,-35.389264999999995,0.14285517863827987,0.7647060530676336,0.1538404656931693,0.8086420293804208
20.6,-26.214554999999997,-32.767815,0.15750720536960586,0.7745099637832651,0.1575033911473964,0.8148148671423426
20.62,-25.23152,-30.47405,0.16117011424072566,0.780392322180272,0.16482935384116995,0.8230452756295495
20.64,-25.559195000000003,-28.507975000000002,0.16117017013313234,0.7882354268175215,0.16116637249428314,0.8271604484766363
20.66,-25.23152,-27.197265,0.16117011424072566,0.7921569492170762,0.16482935384116995,0.8312756213237229
20.68,-25.559205,-26.869585,0.16117011424072566,0.7921569492170762,0.16116631660162345,0.8333332234455247
20.7,-25.5592,-26.54191,0.16117011424072566,0.7941176954573187,0.16116637249428314,0.8333332234455247
20.72,-25.5592,-26.214235000000002,0.16117011424072566,0.7960784716166311,0.16116637249428314,0.8333331920490079
20.74,-25.5592,-25.88656,0.16117011424072566,0.7960784416975613,0.16116637249428314,0.8353907941708097
20.76,-25.5592,-26.21425,0.16117011424072566,0.7960784117784915,0.16116637249428314,0.8333331606524912
20.78,-25.5592,-26.21425,0.16117011424072566,0.7960784117784915,0.16116637249428314,0.8333331606524912
20.8,-25.55919,-26.214255,0.16117017013313234,0.7960784117784915,0.16116642838694287,0.8333331292559744
20.82,-25.5592,-26.54194,0.16117011424072566,0.7941176057001094,0.16116637249428314,0.8333331292559744
20.84,-25.55919,-26.869625,0.16117017013313234,0.7941176057001094,0.16116642838694287,0.831275495737656
20.86,-25.55919,-26.86962,0.16117017013313234,0.7941176057001094,0.16116642838694287,0.8312755271341727
20.88,-26.21455,-27.197305,0.15750720536960586,0.7921568295407969,0.1575034470400561,0.831275495737656
20.9,-25.886870000000002,-27.52499,0.16117017013313234,0.7921567996217271,0.1575034470400561,0.8292178936158543
20.92,-26.214545,-27.85267,0.15750720536960586,0.7901960234624149,0.1575035029327158,0.8292178936158543
20.94,-22.610025,-28.180345000000003,0.175822252756865,0.7901960533814847,0.17948161458467535,0.8271602914940526
20.96,-21.626995,-28.180355,0.183148182283918,0.7901960234624149,0.18314448414624268,0.8271602600975357
20.98,-20.97164,-28.180355,0.1868110911550378,0.7901960234624149,0.1868074654931295,0.8271602600975357
21.0,-20.643965,-28.18036,0.1868110911550378,0.790195993543345,0.19047039094735654,0.8271602600975357
21.02,-20.643974999999998,-27.85267,0.18681103526263113,0.7901960234624149,0.19047033505469685,0.8292178936158543
21.04,-20.64398,-28.18036,0.190473944133751,0.790195993543345,0.18680735370781007,0.8271602600975357
21.06,-19.988619999999997,-28.180355,0.190473944133751,0.790195993543345,0.1941333164015836,0.8271602914940526
21.08,-19.660944999999998,-28.18035,0.19413690889727744,0.7901960234624149,0.1941332605089239,0.8271602914940526
21.1,-19.33326,-28.508029999999998,0.19413690889727744,0.7882352473031025,0.19779629774847038,0.8271602914940526
21.12,-19.00558,-28.180355,0.19779987366080395,0.7901960234624149,0.19779629774847038,0.8271602600975357
21.14,-19.005585,-28.18036,0.19779987366080395,0.790195993543345,0.19779624185581066,0.8271602600975357
21.16,-19.00559,-27.852674999999998,0.19779981776839725,0.7901960234624149,0.19779624185581066,0.8292178622193376
21.18,-19.004309999999997,-28.180355,0.19779987366080395,0.7901960234624149,0.19781049448403726,0.8271602600975357
21.2,-19.66095,-28.180355,0.1941368530048708,0.7901960234624149,0.1941332605089239,0.8271602600975357
21.22,-19.660944999999998,-28.18036,0.19413690889727744,0.790195993543345,0.1941332605089239,0.8271602600975357
21.24,-19.33327,-28.50804,0.1941368530048708,0.7882352173840327,0.19779624185581066,0.8271602600975357
21.26,-19.333275,-28.18036,0.19779981776839725,0.790195993543345,0.1941332046162642,0.8271602600975357
21.28,-19.00559,-28.50804,0.19779981776839725,0.7882352173840327,0.19779624185581066,0.8271602600975357
21.3,-19.33327,-28.180365000000002,0.1941368530048708,0.790195993543345,0.19779624185581066,0.8271602287010191
21.32,-19.333275,-28.50804,0.19779981776839725,0.7882352173840327,0.1941332046162642,0.8271602600975357
21.34,-16.711805000000002,-28.18036,0.19779981776839725,0.7882352173840327,0.22343739074731672,0.8292178622193376
21.36,-33.7511,-28.508035,2.2356962667162e-07,0.7882352473031025,0.23076357701172912,0.8271602600975357
21.38,-13.434944999999999,-28.18036,0.22710403890826927,0.790195993543345,0.23076352111906942,0.8271602600975357
21.4,-13.434940000000001,-28.50804,0.23076700367179573,0.7882352173840327,0.22710059566484236,0.8271602600975357
21.42,-13.76262,-28.50804,0.22710403890826927,0.7882352173840327,0.22710059566484236,0.8271602600975357
21.44,-13.434940000000001,-28.508045,0.22710403890826927,0.7882352173840327,0.23076357701172912,0.8271602287010191
21.46,-13.434930000000001,-28.835735,0.22710409480067592,0.7882351874649628,0.23076363290438884,0.8251025951827006
21.48,-12.77956,-29.163415,0.2307671154566091,0.7862744113056506,0.23442667014393537,0.8251025951827006
21.5,-12.124189999999999,-30.14647,0.23443013611254226,0.7843135753081985,0.23808970738348184,0.8209873595425803
21.52,-12.124185,-30.80183,0.23443013611254226,0.7823527991488862,0.23808976327614154,0.8189297574207787
21.54,-11.796505,-30.801834999999997,0.23809315676847542,0.7823527991488862,0.23808970738348184,0.8189297260242618
21.56,-12.124195,-30.801834999999997,0.23809310087606878,0.7823527991488862,0.23442667014393537,0.8189297260242618
21.58,-12.77956,-31.12952,0.23443008022013562,0.780391993070504,0.23076368879704856,0.8189297260242618
21.6,-13.107244999999999,-31.129514999999998,0.2307671154566091,0.7803920229895738,0.23076363290438884,0.8189297260242618
21.62,-12.451885,-31.457195,0.23443008022013562,0.7803920229895738,0.23442661425127564,0.8168721239024602
21.64,-12.450605,-31.784885,0.23444433278383647,0.780391993070504,0.23442667014393537,0.8148144903841417
21.66,-12.45188,-32.440255,0.23443008022013562,0.7764704108328095,0.23442667014393537,0.8148144589876251
21.68,-12.45187,-32.440255,0.23443013611254226,0.7764704108328095,0.23442672603659506,0.8148144589876251
21.7,-12.45187,-33.09562,0.23443013611254226,0.7745096047544274,0.23442672603659506,0.8127568568658232
21.72,-12.451875,-33.750985,0.23443013611254226,0.772548828595115,0.23442667014393537,0.8106992233475048
21.74,-11.796524999999999,-33.75099,0.23809304498366207,0.7725487986760452,0.23808959559816242,0.8106992233475048
21.76,-11.796535,-33.750995,0.23809298909125542,0.7725487986760452,0.2380895397055027,0.810699191950988
21.78,-11.79654,-33.42331,0.23809293319884875,0.7745095748353575,0.2380895397055027,0.8106992233475048
21.8,-11.796545,-33.423315,0.23809293319884875,0.7745095748353575,0.23808948381284298,0.810699191950988
21.82,-11.796545,-32.44027,0.23809293319884875,0.77647035099467,0.23808948381284298,0.8148144275911082
21.84,-12.124220000000001,-32.44027,0.23809293319884875,0.77647035099467,0.2344265583586159,0.8148144275911082
21.86,-12.4519,-31.784909999999996,0.23442996843532224,0.7784311271539822,0.2344265583586159,0.81687202971291
21.88,-12.779585,-31.784909999999996,0.23076700367179573,0.7784311271539822,0.23442650246595623,0.81687202971291
21.9,-13.10727,-31.784909999999996,0.23076694777938908,0.7784311271539822,0.23076352111906942,0.81687202971291
21.92,-12.779589999999999,-31.784914999999998,0.23076694777938908,0.7784311271539822,0.23442650246595623,0.8168719983163931
21.94,-6.2259,-31.129550000000002,0.26373402189797424,0.7823526794726069,0.27471991210096763,0.81687202971291
21.96,-4.915165,-31.129550000000002,0.27838610452170687,0.7803919033132947,0.27471985620830797,0.8189296318347117
21.98,-5.24285,-31.45723,0.2747230838657737,0.7803919033132947,0.27471985620830797,0.81687202971291
22.0,-4.91516,-31.784914999999998,0.27472313975818036,0.7784311271539822,0.27838289344785444,0.8168719983163931
22.02,-4.587485,-32.440285,0.27838610452170687,0.7764703210756,0.2783828375551947,0.8148143647980747
22.04,-3.93213,-32.767975,0.2820490133928267,0.7764702911565303,0.28204581890208147,0.8127567312797561
22.06,-3.6044549999999997,-33.423335,0.2820490133928267,0.7745095149972179,0.28570874435630855,0.8106991291579545
22.08,-3.27678,-33.42334,0.2857119222639465,0.7745094850781481,0.28570874435630855,0.8106991291579545
22.1,-2.29374,-32.4403,0.2857119222639465,0.7745094850781481,0.2966976883969689,0.8168719355233596
22.12,10.813625,-29.491155,0.34798299395277693,0.7843134257128495,0.38094743312121887,0.8251024382001169
22.14,14.745854999999999,-29.16347,0.3882762770604484,0.7862742317912316,0.384610526253425,0.8251024382001169
22.16,14.41817,-28.508110000000002,0.3846132564045152,0.788235007950544,0.384610526253425,0.8271600403219185
22.18,14.090489999999999,-28.50766,0.3846132564045152,0.7882377006668273,0.3809475449065382,0.8271600403219185
22.2,14.418165,-28.18044,0.3846132564045152,0.7901957541907866,0.3846104703607654,0.8271600089254019
22.22,13.762805,-28.8358,0.38095029164098876,0.7882349780314741,0.3809474890138786,0.8251024068036
22.24,13.76281,-28.508119999999998,0.38095029164098876,0.7882349780314741,0.3809475449065382,0.8271600089254019
22.26,13.76281,-28.835794999999997,0.38095029164098876,0.788235007950544,0.3809475449065382,0.8251024068036
22.28,13.10745,-29.16347,0.3772873268774623,0.7862742317912316,0.3772845635596515,0.8251024382001169
22.3,13.10745,-28.83579,0.3772873268774623,0.788235007950544,0.3772845635596515,0.8251024382001169
22.32,13.10745,-28.83579,0.3772873268774623,0.788235007950544,0.3772845635596515,0.8251024382001169
22.34,12.77977,-28.508105,0.3772873268774623,0.7882350378696138,0.3736215822127647,0.8271600403219185
22.36,12.124414999999999,-28.83579,0.3736243621139358,0.788235007950544,0.3699586567585377,0.8251024382001169
22.38,12.124414999999999,-28.5081,0.37362441800634244,0.7882350378696138,0.36995860086587795,0.8271600717184352
22.4,11.469059999999999,-28.508095,0.3662984884792895,0.7882350677886836,0.3699586567585377,0.8271600717184352
22.42,11.14138,-28.835774999999998,0.3662984884792895,0.7882350677886836,0.36629567541165087,0.8251024695966336
22.44,10.48602,-28.83577,0.36263552371576296,0.7882350677886836,0.36263269406476406,0.8251025009931502
22.46,10.48602,-28.50809,0.36263552371576296,0.7882350677886836,0.36263269406476406,0.827160103114952
22.48,11.469055,-28.50809,0.3662984884792895,0.7882350677886836,0.36995860086587795,0.827160103114952
22.5,15.073554999999999,-27.852725,0.3736243621139358,0.7882350677886836,0.40292571245115755,0.8312753387550722
22.52,19.988825,-27.197355,0.4175804982003204,0.7921566500263781,0.4139148800624567,0.831275370151589
22.54,19.333455,-26.86967,0.4102545127808607,0.7941174561047603,0.41391482416979697,0.831275370151589
22.56,19.66114,-27.19735,0.41391747754438724,0.7921566799454479,0.4139148800624567,0.831275370151589
22.58,19.661135,-26.86967,0.41391747754438724,0.7941174561047603,0.41391482416979697,0.831275370151589
22.6,19.333444999999998,-27.19735,0.410254456888454,0.7921566799454479,0.4139147682771373,0.831275370151589
22.62,19.33345,-27.19735,0.41391742165198053,0.7921566799454479,0.41025184282291016,0.831275370151589
22.64,18.678089999999997,-26.541985,0.410254456888454,0.79411748602383,0.40658886147602347,0.8333329722733906
22.66,18.02273,-26.541980000000002,0.4029285273614011,0.79411748602383,0.40658886147602347,0.8333330036699075
22.68,17.69505,-26.2143,0.4029285273614011,0.7960782621831425,0.40292588012913666,0.8333330036699075
22.7,17.03969,-25.558934999999998,0.3992655625978746,0.7980390383424547,0.39926289878224985,0.835390637188226
22.72,16.38433,-25.886615,0.3956025978343481,0.7960782921022123,0.3955999174353631,0.8353906057917091
22.74,15.728965,-25.886609999999997,0.3919396330708216,0.7960782921022123,0.39193688019581663,0.835390637188226
22.76,16.056645,-25.886609999999997,0.3919396330708216,0.7960782921022123,0.3955998615427033,0.835390637188226
22.78,26.542555,-22.609785000000002,0.4322327485012731,0.8058822327369135,0.4725236435731797,0.8456787419867847
22.8,33.423955,-21.626735,0.49084113488861036,0.8098038448936778,0.49083894155623164,0.8477363441085866
22.82,32.768605,-21.299055,0.4871782819098972,0.8098038448936778,0.48717596020934484,0.8497939462303882
22.84,33.42396,-21.29905,0.490841190781017,0.8098038448936778,0.49083894155623164,0.849793977626905
22.86,32.7686,-20.971375000000002,0.4871782260174905,0.8117646210529903,0.48717596020934484,0.8497939462303882
22.88,32.768595000000005,-21.95442,0.4871782260174905,0.8078430388152957,0.4871759043166851,0.8477363441085866
22.9,32.44092,-22.2821,0.4871782260174905,0.8078430388152957,0.4835129788624581,0.8456787419867847
22.92,32.11324,-22.60978,0.48351526125396405,0.8058822626559834,0.4835129788624581,0.8456787419867847
22.94,31.785559999999997,-22.93746,0.48351526125396405,0.8058822626559834,0.4798499975155713,0.8436211398649831
22.96,31.45788,-23.265140000000002,0.47985229649043754,0.8039214864966711,0.4798499975155713,0.8436211398649831
22.98,31.130200000000002,-22.937455,0.476189331726911,0.8058822925750532,0.4798499975155713,0.8436211398649831
23.0,30.80252,-23.59282,0.476189331726911,0.8039214864966711,0.4761870161686845,0.8415635377431813
23.02,30.474845000000002,-23.920495,0.4725263669633845,0.8019607402564285,0.4761870720613442,0.8415635377431813
23.04,30.47485,-23.920495,0.4725264228557912,0.8019607402564285,0.4761870720613442,0.8415635377431813
23.06,30.147165,-24.24817,0.4725264228557912,0.8019607402564285,0.47252403482179767,0.8395059670178963
23.08,30.14718,-23.92049,0.47252647874819786,0.8019607402564285,0.47252414660711717,0.8415635691396981
23.1,29.819499999999998,-24.24817,0.46886351398467135,0.8019607402564285,0.47252414660711717,0.8395059670178963
23.12,29.49182,-24.24817,0.46886351398467135,0.8019607402564285,0.46886116526023036,0.8395059670178963
23.14,29.49182,-24.90353,0.46886351398467135,0.7999999640971163,0.46886116526023036,0.8374483648960946
23.16,29.49182,-24.90353,0.46886351398467135,0.7999999640971163,0.46886116526023036,0.8374483648960946
23.18,29.491815000000003,-24.90352,0.46886351398467135,0.7999999940161859,0.46886110936757064,0.8374483962926114
23.2,29.49182,-25.231205,0.46886351398467135,0.7980392178568737,0.46886116526023036,0.8374483648960946
23.22,28.83646,-24.90352,0.4652005492211449,0.7999999940161859,0.46519818391334355,0.8374483962926114
23.24,27.525725,-26.541925,0.4652005492211449,0.7980392178568737,0.4505460908478174,0.8292179564088877
23.26,-4.5873550000000005,-40.30453,0.34432114703738387,0.7627451572320421,0.2124489497405938,0.779835317106546
23.28,-26.214525000000002,-44.89208,0.15384429649848602,0.7392156937249448,0.16116665195758173,0.7757200814664258
23.3,-24.576095000000002,-44.564405,0.16483347025109885,0.7392156937249448,0.168492670544015,0.7777776521917107
23.32,-24.248424999999997,-43.909045,0.16849632322981203,0.7411764698842571,0.168492670544015,0.7798352543135124
23.34,-23.920745,-43.90905,0.16849637912221868,0.7431372161244997,0.17215559599824207,0.7777776521917107
23.36,-22.93772,-44.236745,0.17582219686445835,0.7411764100461176,0.17581852145246915,0.7777775893986774
23.38,-21.954695,-43.58139,0.17948510573557816,0.7431371562863601,0.18314437236092326,0.779835191520479
23.4,-21.954695,-43.581395,0.17948510573557816,0.7431371562863601,0.18314437236092326,0.7798351601239623
23.42,-21.954700000000003,-42.926035,0.1794850498431715,0.7450979324456724,0.18314437236092326,0.7818927622457639
23.44,-21.62702,-42.926035,0.18314801460669797,0.7450979324456724,0.18314437236092326,0.7818927622457639
23.46,-21.627025000000003,-43.25372,0.18314801460669797,0.7450979025266026,0.18314431646826357,0.7798351601239623
23.48,-21.627025000000003,-42.92604,0.18314801460669797,0.7450979025266026,0.18314431646826357,0.7818927622457639
23.5,-21.62703,-42.598355,0.18314795871429132,0.7470587086049847,0.18314431646826357,0.7818927622457639
23.52,-23.593125,-45.5475,0.17582202918723833,0.7392155441295958,0.1684922234027373,0.7716046574472051
23.54,-23.920814999999997,-46.20286,0.16849598787537198,0.7352939618919012,0.1721552047496241,0.7716046888437218
23.56,-24.2485,-45.547495,0.16849593198296534,0.7372547679702834,0.1684922234027373,0.7736622909655235
23.58,-24.57618,-45.5475,0.16849593198296534,0.7392155142105259,0.1648292420558505,0.7716046888437218
23.6,-24.90386,-45.547489999999996,0.16483296721943883,0.7372547679702834,0.1648292420558505,0.7736623223620404
23.62,-25.55923,-45.547489999999996,0.16116994656350567,0.7372547679702834,0.16116620481630403,0.7736623223620404
23.64,-25.559485000000002,-45.547495,0.16116709605076548,0.7372547679702834,0.16116620481630403,0.7736622909655235
23.66,-25.559224999999998,-45.87518,0.16117000245591234,0.7372547380512136,0.16116620481630403,0.7716046888437218
23.68,-25.55922,-46.53054,0.16117000245591234,0.7352939618919012,0.16116626070896373,0.7695470867219202
23.7,-26.21458,-46.858225,0.15750703769238583,0.7333331857325889,0.15750327936207695,0.7695470553254034
23.72,-26.86993,-46.85823,0.15384412882126602,0.7352939319728314,0.1538403539078499,0.7674894532036016
23.74,-27.1976,-48.16895,0.1538441847136727,0.7294116034948943,0.15017742845362284,0.7654318510817999
23.76,-28.508325,-49.80735,0.1465182551866197,0.7254900511762697,0.14285140986718953,0.7592590447163948
23.78,-30.474415,-50.46272,0.13552930500363355,0.7235292450978875,0.1318624099338695,0.7572014111980764
23.8,-32.440505,-50.46272,0.1245403548206474,0.7235292450978875,0.12087341000054944,0.7572014111980764
23.82,-33.751234999999994,-51.118075000000005,0.11721436940118775,0.7215684988576451,0.11354739141411617,0.7551438090762747
23.84,-32.1128,-51.11807,0.11355140463766125,0.7215684988576451,0.13552567074405483,0.7551438404727914
23.86,-29.818984999999998,-51.77343,0.13919266101400674,0.7196077226983327,0.13552578252937425,0.7530862383509896
23.88,-30.802025,-51.445750000000004,0.1318666755945471,0.7196077226983327,0.1318628570751472,0.7551438404727914
23.9,-30.80201,-51.118065,0.13186678737936042,0.7215685287767147,0.1318629129678069,0.7551438404727914
23.92,-30.146645,-51.445750000000004,0.1355297521428869,0.7196077226983327,0.13552595020735336,0.7551438404727914
23.94,-30.14664,-50.79039,0.13552980803529358,0.7215684988576451,0.13552595020735336,0.757201442594593
23.96,-29.81896,-50.46271,0.13552980803529358,0.7235292750169573,0.13918893155424017,0.757201442594593
23.98,-29.81896,-50.79039,0.13552980803529358,0.7215684988576451,0.13918893155424017,0.757201442594593
24.0,-29.81896,-50.4627,0.13919277279882009,0.7235293049360272,0.13552595020735336,0.7572014739911098
24.02,-29.49128,-50.13502,0.13919277279882009,0.7235293049360272,0.13918893155424017,0.7592590761129115
24.04,-29.491284999999998,-50.4627,0.13919277279882009,0.7235293049360272,0.13918887566158045,0.7572014739911098
24.06,-29.49129,-50.462695,0.1391927169064134,0.723529334855097,0.13918887566158045,0.7572014739911098
24.08,-29.49129,-50.46269,0.1391927169064134,0.723529334855097,0.13918887566158045,0.7572015053876265
24.1,-29.81897,-50.135005,0.1355297521428869,0.7235293647741667,0.13918887566158045,0.7592591075094283
24.12,-30.14665,-50.135005,0.1355297521428869,0.7235293647741667,0.13552589431469367,0.7592591075094283
24.14,-32.768125,-51.11804,0.1245407460674941,0.7215685886148544,0.11721070811696122,0.7551439346623415
24.16,-33.42349,-50.790355000000005,0.11721470475562776,0.7215685886148544,0.11721076400962091,0.7572015681806601
24.18,-33.42349,-50.790350000000004,0.11721470475562776,0.7215686185339243,0.11721076400962091,0.7572015681806601
24.2,-33.423485,-51.11803,0.11721476064803445,0.7215686185339243,0.11721076400962091,0.7551439660588584
24.22,-33.42349,-51.11803,0.11721470475562776,0.7215686185339243,0.11721076400962091,0.7551439660588584
24.24,-32.76814,-50.790350000000004,0.12087766951915427,0.7215686185339243,0.12087363357118829,0.7572015681806601
24.26,-32.112805,-50.13499,0.12454046660546074,0.7235293946932366,0.1245365031327556,0.7592591703024618
24.28,-31.785135000000004,-50.13498,0.12454041071305405,0.7235294246123064,0.1281994285869827,0.7592592016989785
24.3,-31.78514,-49.47962,0.12820331958417389,0.7254902007716187,0.12453644724009592,0.7613168038207803
24.32,-32.11282,-48.82425,0.1245403548206474,0.727451006850001,0.12453644724009592,0.7633744373390987
24.34,-32.112825,-48.82425,0.1245403548206474,0.727451006850001,0.12453639134743619,0.7633744373390987
24.36,-32.11283,-48.82425,0.12454029892824071,0.727451006850001,0.12453639134743619,0.7633744373390987
24.38,-31.78515,-48.82425,0.12454029892824071,0.727451006850001,0.128199372694323,0.7633744373390987
24.4,-31.78515,-48.49657,0.1282032636917672,0.7294117830093133,0.12453639134743619,0.7633744373390987
24.42,-32.112835000000004,-48.824245000000005,0.12454029892824071,0.727451006850001,0.1245363354547765,0.7633744687356155
24.44,-32.11284,-48.82424,0.12454024303583407,0.7274510367690707,0.1245363354547765,0.7633744687356155
24.46,-32.11284,-48.496555,0.12454024303583407,0.7294118129283831,0.1245363354547765,0.7633745001321321
24.48,-32.7682,-48.82423,0.12087727827230757,0.7274510666881406,0.12087335410788971,0.7633745001321321
24.5,-33.09588,-48.496545,0.11721431350878106,0.7294118727665226,0.12087335410788971,0.7633745001321321
24.52,-32.768205,-48.82422,0.12087727827230757,0.7274510966072103,0.12087329821522998,0.763374531528649
24.54,-32.768215,-48.49655,0.12087722237990088,0.7294118428474529,0.1208732423225703,0.7633745001321321
24.56,-33.095895,-48.49655,0.11721425761637441,0.7294118428474529,0.1208732423225703,0.7633745001321321
24.58,-33.423575,-48.82422,0.11721425761637441,0.7274510966072103,0.1172102609756835,0.763374531528649
24.6,-33.42358,-48.16886,0.11721420172396772,0.7294118727665226,0.1172102609756835,0.7654321336504507
24.62,-33.423575,-48.82422,0.11721425761637441,0.7274510966072103,0.1172102609756835,0.763374531528649
24.64,-32.440525,-47.841175,0.11355123696044123,0.7294118727665226,0.13186235404120977,0.7674897671687692
24.66,-29.491355,-47.1858,0.1391923815519734,0.733333484923287,0.13918848441296247,0.7674897985652859
24.68,-30.146725,-46.85812,0.13552936089604023,0.733333484923287,0.13552544717341597,0.7695474006870876
24.7,-29.81904,-46.85812,0.1391923256595667,0.733333484923287,0.1355255030660757,0.7695474006870876
24.72,-30.146725,-47.1858,0.13552936089604023,0.733333484923287,0.13552544717341597,0.7674897985652859
24.74,-30.47441,-46.85812,0.13552936089604023,0.733333484923287,0.1318624099338695,0.7695474006870876
24.76,-30.80209,-47.51348,0.13186634024010707,0.7313727087639746,0.1318624658265292,0.7674897985652859
24.78,-30.474420000000002,-47.185805,0.13552924911122688,0.733333484923287,0.1318624099338695,0.7674897671687692
24.8,-30.8021,-47.51348,0.1318662843477004,0.7313727087639746,0.1318624099338695,0.7674897985652859
24.82,-30.802104999999997,-46.85812,0.1318662843477004,0.733333484923287,0.13186235404120977,0.7695474006870876
24.84,-31.12979,-47.1858,0.13186622845529372,0.733333484923287,0.128199372694323,0.7674897985652859
24.86,-21.95463,-44.564345,0.16483330257387885,0.7392158433202939,0.19779696846038694,0.7777778719673281
24.88,-16.05629,-43.908575,0.21611564764934985,0.7431374255579885,0.21244917331123264,0.7777804150851849
24.9,-16.711660000000002,-43.581295,0.20878966222989015,0.7431374554770581,0.21244911741857292,0.7798354740891297
24.92,-16.711655,-43.581295,0.20878971812229682,0.7431374554770581,0.21244911741857292,0.7798354740891297
24.94,-16.383985000000003,-43.253625,0.21245262699341663,0.7450982017173007,0.2124490615259132,0.7798354426926131
24.96,-17.039344999999997,-43.25362,0.20878966222989015,0.7450982017173007,0.20878608017902645,0.7798354740891297
24.98,-17.03935,-43.581305,0.2087896063374835,0.7431374255579885,0.20878608017902645,0.7798354426926131
25.0,-17.039355,-43.58131,0.2087896063374835,0.7431373956389185,0.20878602428636675,0.7798354426926131
25.02,-16.711685,-43.58131,0.20878955044507685,0.7431373956389185,0.2124489497405938,0.7798354426926131
25.04,-15.72866,-43.581315000000004,0.21611536818731647,0.7431373956389185,0.21611187519482086,0.7798354112960962
25.06,-15.400995,-43.25363,0.2161153122949098,0.7450981717982309,0.2197747447563882,0.7798354426926131
25.08,-16.056365,-43.58131,0.2161152564025031,0.7450981717982309,0.21244872616995497,0.7777778405708112
25.1,-26.2146,-45.219715,0.16849598787537198,0.7392158433202939,0.14651405585811805,0.7736626049306911
25.12,-28.508385,-44.89204,0.14285489917624652,0.7392158134012241,0.14651411175077775,0.7757202070524928
25.14,-28.180705000000003,-44.89204,0.14651791983217968,0.7392158134012241,0.14651405585811805,0.7757202070524928
25.16,-28.50839,-44.564364999999995,0.14285489917624652,0.7411765895605364,0.14651405585811805,0.7757201756559761
25.18,-28.180715,-44.236689999999996,0.146517863939773,0.7411765596414666,0.14651399996545833,0.7777777777777778
25.2,-28.508395,-43.90901,0.14285489917624652,0.7431373358007789,0.14651399996545833,0.7777777777777778
25.22,-28.83608,-43.90901,0.14285484328383985,0.7431373358007789,0.14285101861857155,0.7777777777777778
25.24,-28.83609,-43.58133,0.14285478739143317,0.7431373358007789,0.14285096272591186,0.7798353798995795
25.26,-28.508405,-43.58133,0.14285484328383985,0.7431373358007789,0.1465139440727986,0.7798353798995795
25.28,-28.836084999999997,-43.581335,0.14285484328383985,0.7431373358007789,0.14285096272591186,0.7798353485030628
25.3,-29.16377,-43.58133,0.14285478739143317,0.7431373358007789,0.13918798137902505,0.7798353798995795
25.32,-28.836095,-43.581335,0.14285478739143317,0.7431373358007789,0.14285090683325213,0.7798353485030628
25.34,-28.8361,-43.25365,0.14285473149902653,0.7431373358007789,0.14285090683325213,0.7818929820213812
25.36,-29.49146,-43.25365,0.13919176673550002,0.7450981119600913,0.13918792548636535,0.7798353798995795
25.38,-28.50843,-43.25365,0.14285467560661982,0.7450981119600913,0.1465138322874792,0.7798353798995795
25.4,-26.214669999999998,-44.236684999999994,0.15384356989719933,0.7431373657198488,0.16116575767502633,0.7757201756559761
25.42,-24.248605,-45.875085,0.16483240829537213,0.7372550372419118,0.17215458993036725,0.7716049714123726
25.44,-23.593255,-46.53045,0.17215828193001845,0.7352942311635295,0.17215453403770753,0.7695473692905709
25.46,-24.248615,-46.85813,0.16849531716649196,0.7333334550042172,0.16849155269082075,0.7695473692905709
25.48,-25.231655,-46.53044,0.16483235240296545,0.7352942610825993,0.1611655899970472,0.7695474006870876
25.5,-26.214695,-46.202754999999996,0.15750642287591246,0.7352942910016692,0.15750260865016041,0.7716050028088893
25.52,-26.214685000000003,-46.53044,0.15750647876831914,0.7352942610825993,0.1575026645428201,0.7695474006870876
25.54,-33.096064999999996,-48.824205,0.12453934875732735,0.7294119326046623,0.1135462176682622,0.761316960803364
25.56,-33.423745,-48.824214999999995,0.11721325155305436,0.7274510966072103,0.1172093666931281,0.7633745629251657
25.58,-33.423745,-48.49653,0.117213307445461,0.7294119026855925,0.11720931080046841,0.7633745629251657
25.6,-33.42374,-48.168855,0.117213307445461,0.7294119026855925,0.1172093666931281,0.7654321336504507
25.62,-33.42374,-48.16885,0.117213307445461,0.7294119026855925,0.1172093666931281,0.7654321650469674
25.64,-33.42375,-47.51349,0.11721325155305436,0.7313726788449049,0.11720931080046841,0.7674897671687692
25.66,-33.42374,-47.18581,0.117213307445461,0.7333334550042172,0.1172093666931281,0.7674897671687692
25.68,-33.42374,-47.18581,0.117213307445461,0.7333334550042172,0.1172093666931281,0.7674897671687692
25.7,-33.096064999999996,-47.84117,0.117213307445461,0.7313726788449049,0.1208722921473552,0.7654321650469674
25.72,-33.42375,-47.84117,0.11721325155305436,0.7313726788449049,0.11720931080046841,0.7654321650469674
25.74,-33.42375,-48.16885,0.11721325155305436,0.7294119026855925,0.11720931080046841,0.7654321650469674
25.76,-33.42375,-48.49653,0.11721325155305436,0.7294119026855925,0.11720931080046841,0.7633745629251657
25.78,-33.75143,-48.16885,0.11355028678952785,0.7294119026855925,0.11720931080046841,0.7654321650469674
25.8,-33.42375,-48.16885,0.11721325155305436,0.7294119026855925,0.11720931080046841,0.7654321650469674
25.82,-32.768384999999995,-48.168845,0.1208762722089875,0.7294119326046623,0.1208722921473552,0.7654321650469674
25.84,-32.440705,-48.49653,0.1208762722089875,0.7294119026855925,0.12453527349424195,0.7633745629251657
25.86,-32.11303,-48.16885,0.12453918108010732,0.7294119026855925,0.12453527349424195,0.7654321650469674
25.88,-32.113034999999996,-48.16885,0.12453918108010732,0.7294119026855925,0.12453521760158226,0.7654321650469674
25.9,-30.80232,-47.185805,0.12820208995122714,0.7294119026855925,0.1355241616422426,0.7716050028088893
25.92,-27.52548,-44.892025000000004,0.1501801021020128,0.7392158433202939,0.15017631060042858,0.7757202698455262
25.94,-28.18085,-43.908975,0.14651708144607964,0.741176649398676,0.14651327336088207,0.7798355054856465
25.96,-28.83621,-42.59825,0.14285411668255313,0.7450982316363705,0.1428502920139953,0.78395070972925
25.98,-29.819245000000002,-41.615205,0.13919120781143332,0.749019813874065,0.13552432932022174,0.7860083118510517
26.0,-30.474605,-40.95984,0.1355282430479068,0.7509805900333774,0.13186134797333496,0.7880659453693701
26.02,-31.129965,-40.30448,0.12820231352085382,0.7529413661926897,0.13186134797333496,0.7901235474911719
26.04,-31.12997,-39.9768,0.13186522239197365,0.754902142352002,0.12819836662644815,0.7901235474911719
26.06,-31.457655000000003,-40.30448,0.12820225762844717,0.7529413661926897,0.12819831073378846,0.7901235474911719
26.08,-21.299445,-38.338385,0.15750631109109914,0.7588237245896966,0.2124479995653787,0.7962964166496106
26.1,-12.45193,-37.683009999999996,0.23809276552162875,0.7607845605871485,0.23076340933375,0.7983540501679289
26.12,-14.41801,-37.027645,0.22344090646752274,0.7627453666655307,0.22343744663997642,0.8004116522897307
26.14,-15.07337,-37.02765,0.22344090646752274,0.7627453367464608,0.2161114839462029,0.8004116522897307
26.16,-16.38409,-36.04461,0.2124520121769433,0.7666668890650856,0.21244850259931608,0.8024692544115324
26.18,-17.03945,-35.388865,0.2087890474134168,0.7666669189841554,0.20878552125242933,0.8065868447904089
26.2,-17.694815,-34.733869999999996,0.2051260826498903,0.7686277250625375,0.20512248401288283,0.8086421235699711
26.22,-19.00553,-33.75083,0.1978001531228373,0.7725492773811623,0.19779657721176896,0.8106997256917727
26.24,-19.00553,-33.423145,0.1978001531228373,0.772549307300232,0.19779657721176896,0.8127573278135746
26.26,-19.005525,-33.095455,0.19780020901524398,0.7745101133786142,0.19779657721176896,0.8127573592100912
26.28,-19.00552,-33.09546,0.19780020901524398,0.7745100834595444,0.1977966331044287,0.8127573592100912
26.3,-19.333199999999998,-33.09545,0.19780020901524398,0.7745101133786142,0.1941336517575419,0.812757390606608
26.32,-19.66088,-33.09545,0.1941372442517175,0.7745101133786142,0.1941336517575419,0.812757390606608
26.34,-18.022455,-32.112405,0.19047427948819098,0.7764709194569963,0.21611181930216114,0.8168725948502115
26.36,-11.141065000000001,-32.1124,0.23809354801532212,0.7764709194569963,0.2454161731111928,0.8168726262467282
26.38,-11.14106,-32.1124,0.24175656867125525,0.7784316956163088,0.241753191764306,0.8148150241249266
26.4,-10.485695,-32.112395,0.24541958932718844,0.7784317255353785,0.2454161731111928,0.8148150241249266
26.42,-10.4857,-32.440075,0.24541953343478176,0.7764709493760662,0.2454161731111928,0.8148150241249266
26.44,-10.15802,-32.440075,0.24541953343478176,0.7764709493760662,0.2490791544580796,0.8148150241249266
26.46,-9.83034,-32.767755,0.24908249819830827,0.7764709493760662,0.2490791544580796,0.8127574220031247
26.48,-9.502659999999999,-33.42312,0.24908249819830827,0.7745101432976841,0.2527421358049664,0.8106998198813231
26.5,-9.83034,-33.7508,0.24908249819830827,0.7725493671383716,0.2490791544580796,0.8106998198813231
26.52,-9.83034,-33.423114999999996,0.24908249819830827,0.7745101732167539,0.2490791544580796,0.8106998198813231
26.54,-9.17498,-33.09543,0.25274546296183475,0.7745101732167539,0.2527421358049664,0.8127574533996416
26.56,-9.17498,-33.42311,0.25274546296183475,0.7745101732167539,0.2527421358049664,0.8106998512778397
26.58,-8.51962,-33.423114999999996,0.25640842772536127,0.7745101732167539,0.25640511715185316,0.8106998198813231
26.6,-8.191939999999999,-33.75079,0.25640842772536127,0.7725493970574415,0.2600680984987399,0.8106998512778397
26.62,-7.5365850000000005,-34.078475,0.2600713924888877,0.7725493970574415,0.263731023952967,0.8086422177595213
26.64,-6.88124,-33.75079,0.2637342454676009,0.7725493970574415,0.2673939494071941,0.8106998512778397
26.66,-6.22589,-33.75079,0.26739715433872074,0.7725493970574415,0.27105687486142116,0.8106998512778397
26.68,-6.2258949999999995,-33.42311,0.26739715433872074,0.7725493970574415,0.27105681896876144,0.8127574533996416
26.7,-6.55358,-33.095425,0.26739709844631404,0.7745102031358237,0.26739383762187463,0.8127574533996416
26.72,-4.259785,-32.44006,0.2710601191022472,0.776470979295136,0.2893720610591536,0.8148150869179601
26.74,-1.9659849999999999,-32.440055,0.29303829893025285,0.7764710092142058,0.2930350982987001,0.8148150869179601
26.76,-1.964715,-31.784689999999998,0.2930382430378462,0.7784317853735182,0.2930493509269267,0.8168727204362783
26.78,-2.29367,-31.784689999999998,0.2930382430378462,0.7784317853735182,0.2893721169518133,0.8168727204362783
26.8,-2.293675,-31.784689999999998,0.2893752782743197,0.7784317853735182,0.2930350424060404,0.8168727204362783
26.82,-2.621365,-31.784685,0.28937522238191304,0.7784317853735182,0.2893720051664939,0.8168727518327952
26.84,-2.62136,-31.784689999999998,0.28937522238191304,0.7784317853735182,0.2893720610591536,0.8168727204362783
26.86,-3.27672,-31.784685,0.28571225761838653,0.7784317853735182,0.28570907971226683,0.8168727518327952
26.88,-2.94904,-31.78468,0.28571225761838653,0.7784318152925879,0.2893720610591536,0.8168727518327952
26.9,-2.293685,-32.112355,0.28937522238191304,0.7784318452116578,0.2930349865133807,0.8148151497109934
26.92,-1.310645,-32.11236,0.296701151908966,0.7784318152925879,0.2966979678602675,0.8148151497109934
26.94,-0.655295,-32.767714999999995,0.3003640607800858,0.7764710690523454,0.30036089331449456,0.8127575475891918
26.96,5.4999999996141496e-05,-32.767714999999995,0.3040269696512057,0.7764710690523454,0.3040238187687216,0.8127575475891918
26.98,4.9999999994554e-05,-32.76771,0.304026913758799,0.7764710690523454,0.3040238187687216,0.8127575789857084
27.0,0.32771999999999923,-33.42308,0.30402685786639233,0.7745102629739632,0.30768674422294867,0.8106999454673901
27.02,0.98308,-34.406125,0.31135278739344535,0.772549486814651,0.30768674422294867,0.8065847098272698
27.04,6.553705,-32.76770500000001,0.3260048141247713,0.7745102928930331,0.35530606065907394,0.8148152125040269
27.06,12.779705,-31.45698,0.37728699152302225,0.78039265129004,0.3736211909641467,0.8168728146258287
27.08,12.45202,-32.11234,0.3736239708670891,0.7784318751307275,0.3736211909641467,0.8148152125040269
27.1,13.435054999999998,-32.440025000000006,0.37728693563061555,0.7784318751307275,0.38094709776526053,0.8127575789857084
27.12,13.762735,-33.423065,0.38094990039414206,0.7745103228121029,0.38094709776526053,0.8106999768639068
27.14,13.76273,-33.750745,0.3809498445017354,0.7725495466527906,0.38094709776526053,0.8106999768639068
27.16,13.76273,-34.07843,0.3809498445017354,0.7725495167337206,0.38094709776526053,0.8086423747421052
27.18,13.10737,-34.07843,0.3772868797382089,0.7705887405744084,0.3772841164183738,0.8106999768639068
27.2,13.10737,-34.07843,0.3772868797382089,0.7725495167337206,0.3772841164183738,0.8086423747421052
27.22,12.779689999999999,-34.406115,0.3736239149746824,0.7705887405744084,0.3772841164183738,0.8086423433455884
27.24,12.45201,-34.40611,0.3736239149746824,0.7705887405744084,0.373621135071487,0.8086423747421052
27.26,13.10737,-34.733795,0.3772868797382089,0.7705887405744084,0.3772841164183738,0.8065847412237865
27.28,10.813585,-35.71684,0.3772868797382089,0.7686279344960262,0.35164296752686774,0.8024695369801832
27.3,5.242945000000001,-36.372205,0.3333306877594176,0.7647063821774015,0.33332778132913526,0.8024695055836664
27.32,5.898325,-36.04453,0.3369938202001641,0.7666671284176441,0.3369908185686818,0.8024695055836664
27.34,5.89832,-36.044525,0.33699376430775746,0.766667158336714,0.3369908185686818,0.8024695055836664
27.36,6.554945,-35.71685,0.34065667317887727,0.7666671284176441,0.34066799665113545,0.8045271077054682
27.38,6.881335,-35.06149,0.3406566172864706,0.7686279045769565,0.3443166135844762,0.8065847098272698
27.4,6.881335,-35.061495,0.3406566172864706,0.7686279045769565,0.3443166135844762,0.8065846784307532
27.42,6.88133,-34.733815,0.3406565613940639,0.7686279045769565,0.3443166135844762,0.8086422805525548
27.44,6.553655,-34.40613,0.3406566172864706,0.7705886807362687,0.34065363223758943,0.8086423119490717
27.46,6.553655,-34.07845,0.3406566172864706,0.7725494568955812,0.34065363223758943,0.8086423119490717
27.48,6.55366,-33.42309,0.3406566172864706,0.7725494568955812,0.34065368813024915,0.8127575161926751
27.5,5.8983,-33.09541,0.3369936525229441,0.7745102330548934,0.33699070678336235,0.8127575161926751
27.52,5.8983,-32.44005,0.3369936525229441,0.7764710092142058,0.33699070678336235,0.8148151183144767
27.54,5.89831,-32.44005,0.3369937084153508,0.7764710092142058,0.33699076267602207,0.8148151183144767
27.56,-1.9999999999686935e-05,-33.0954,0.32966766710348444,0.7764710391332756,0.27838216684327816,0.8106999454673901
27.58,-6.881405,-32.76772,0.26373323940428084,0.7745102629739632,0.2673931110172984,0.8148151497109934
27.6,-5.89834,-32.76772,0.2710593925009605,0.7745102629739632,0.2710561482568449,0.8148151497109934
27.62,-5.89834,-32.440039999999996,0.2710593925009605,0.7764710391332756,0.2710561482568449,0.8148151497109934
27.64,-5.898339999999999,-32.440039999999996,0.27105944839336715,0.7764710391332756,0.27105609236418515,0.8148151497109934
27.66,-5.24298,-32.440045,0.27472235726448696,0.7764710391332756,0.2747191296037316,0.8148151183144767
27.68,-5.89834,-32.76773,0.2710593925009605,0.7764710092142058,0.2710561482568449,0.8127575161926751
27.7,-5.57066,-32.44005,0.2710593925009605,0.7764710092142058,0.2747191296037316,0.8148151183144767
27.72,-5.89834,-32.440039999999996,0.2710593925009605,0.7764710391332756,0.2710561482568449,0.8148151497109934
27.74,-5.89833,-32.767725,0.27105944839336715,0.7764710391332756,0.2710562041495046,0.8127575161926751
27.76,-6.55369,-32.44005,0.2673964836298407,0.7764710092142058,0.26739322280261785,0.8148151183144767
27.78,-6.88137,-32.440045,0.2673964836298407,0.7764710391332756,0.26373024145573104,0.8148151183144767
27.8,-7.864405,-32.76773,0.2600706099951944,0.7764710092142058,0.26006726010884423,0.8127575161926751
27.82,-8.51976,-32.76773,0.25640764523166787,0.7764710092142058,0.2564043346546172,0.8127575161926751
27.84,-8.51976,-32.76773,0.25640764523166787,0.7764710092142058,0.2564043346546172,0.8127575161926751
27.86,-9.175115,-32.767725,0.25274468046814136,0.7764710391332756,0.2527414092003901,0.8127575161926751
27.88,-9.830465,-33.09541,0.24908177159702155,0.7745102330548934,0.24907848374616304,0.8127575161926751
27.9,-9.83046,-32.44005,0.2490818274894282,0.7764710092142058,0.24907848374616304,0.8148151183144767
27.92,-10.48581,-32.44005,0.2454189186183084,0.7764710092142058,0.24541555829193598,0.8148151183144767
27.94,-10.48581,-32.11237,0.2454189186183084,0.7784317853735182,0.24541555829193598,0.8148151183144767
27.96,-10.813485,-32.11237,0.24175600974718858,0.7784317853735182,0.24541555829193598,0.8148151183144767
27.98,-11.14116,-32.11237,0.24175600974718858,0.7784317853735182,0.2417526328377089,0.8148151183144767
28.0,-10.813479999999998,-31.784685000000003,0.24175600974718858,0.7784318152925879,0.2454156141845957,0.8168727204362783
28.02,-10.813479999999998,-31.129325,0.24175600974718858,0.7803925914519003,0.2454156141845957,0.8189303225580802
28.04,-10.813479999999998,-30.473965,0.2454189745107151,0.7823533676112125,0.2417526328377089,0.8209879246798818
28.06,-7.536635,-29.490920000000003,0.24541903040312174,0.784314143770525,0.27838289344785444,0.8251031603200021
28.08,-3.2767150000000003,-28.835549999999998,0.28571225761838653,0.7862749498489072,0.28570913560492656,0.8271607938383206
28.1,-3.6043950000000002,-27.19715,0.28571225761838653,0.7921572783268441,0.28204615425803975,0.8312759980819241
28.12,-3.2767,-25.886425,0.2857123694031999,0.7960788605645388,0.2857091914975863,0.8353912023255275
28.14,-2.949015,-25.558745000000002,0.2857123694031999,0.7960788605645388,0.28937222873713275,0.8374488044473292
28.16,-2.29364,-24.90339,0.28937544595153974,0.8000003829640936,0.2930352659766792,0.8374488044473292
28.18,-1.63829,-24.57571,0.29303835482265955,0.8000003829640936,0.2966981914309063,0.8395064065691308
28.2,-0.3275750000000019,-24.57571,0.3003642843497125,0.8000003829640936,0.30402409823202015,0.8395064065691308
28.22,0.655454999999995,-23.920360000000002,0.30769015798435884,0.801961129204336,0.3076870236862472,0.8415639772944158
28.24,1.638495,-23.920355,0.31135312274788535,0.801961159123406,0.3150129863800208,0.8415639772944158
28.26,2.6215349999999997,-24.24804,0.3186790522749383,0.801961129204336,0.3186759677269076,0.8395063751726141
28.28,3.6045749999999996,-24.9034,0.3223420170384648,0.8000003530450238,0.32600193042068115,0.8374487730508124
28.3,4.587605,-25.23108,0.32966789067311114,0.8000003530450238,0.32966485587490824,0.8353911709290106
28.32,5.24296,-26.21413,0.3296678347807045,0.7960787708073293,0.3369908185686818,0.8333335374106922
28.34,6.553675,-26.869495,0.3406567290712839,0.7941179946480169,0.3406537440229089,0.8312759038923737
28.36,7.20903,-27.197175,0.3443196379424038,0.7921572184887046,0.34431672536979563,0.8312759038923737
28.38,7.864385,-27.852539999999998,0.3479826027059303,0.7901964124103223,0.34797965082402266,0.8292183017705721
28.4,7.86438,-27.852545,0.3479825468135236,0.7901964124103223,0.34797965082402266,0.8292182703740552
28.42,8.51973,-29.16327,0.35164545568464345,0.7882356063319402,0.3516425762782498,0.8230454640086501
28.44,8.519725,-29.81863,0.35164545568464345,0.7862748301726279,0.3516425203855901,0.8209878618868484
28.46,8.192035,-30.146315,0.34798243502871024,0.7843140540133157,0.3516424644929303,0.8209878304903316
28.48,9.502745,-30.801675000000003,0.35530830866335655,0.7823532778540032,0.3589683712940442,0.81893022836853
28.5,9.830404999999999,-30.80169,0.35897116164206977,0.7823532180158635,0.3589682595087248,0.8189301969720132
28.52,10.48576,-31.45705,0.3626340705131896,0.7803924418565513,0.3626312408556116,0.8168725948502115
28.54,11.141115,-32.11241,0.3662970352767161,0.7784316656972389,0.36629416630983863,0.8148149927284097
28.56,16.711755,-32.11242,0.380949062008042,0.7784316656972389,0.413913650423943,0.8148149299353762
28.58,20.316290000000002,-33.09547,0.42124228922330675,0.7745100535404745,0.413913650423943,0.8127573278135746
28.6,19.66092,-32.76779,0.4139162479114405,0.776470829699787,0.413913650423943,0.8127573278135746
28.62,19.988599999999998,-32.440115,0.4139162479114405,0.776470829699787,0.4175766317708298,0.8148148985388595
28.64,19.33324,-32.440115,0.410253283147914,0.776470829699787,0.413913650423943,0.8148148985388595
28.66,19.66092,-32.767804999999996,0.4139162479114405,0.7764707997807171,0.413913650423943,0.812757265020541
28.68,19.660915000000003,-33.42317,0.4139162479114405,0.7745099937023349,0.4139135945312834,0.8106996628987394
28.7,19.660915000000003,-34.078535,0.4139162479114405,0.7725492175430226,0.4139135945312834,0.8086420293804208
28.72,19.66092,-34.40622,0.4139162479114405,0.7705884114646404,0.413913650423943,0.8086420293804208
28.74,19.334515,-34.73391,0.41026753571161484,0.7705883815455707,0.413913650423943,0.8065843958621024
28.76,16.711759999999998,-33.423175,0.3992641652877078,0.7745099937023349,0.3955985201188703,0.8106996315022226
28.78,17.367125,-33.75086,0.3992642211801145,0.7725491876239529,0.4029244828126438,0.8106996315022226
28.8,17.039445,-34.078545,0.3992642211801145,0.7725491876239529,0.399261501465757,0.808641997983904
28.82,17.36712,-34.73391,0.4029271300512343,0.7705883815455707,0.399261501465757,0.8065843958621024
28.84,17.03944,-34.73391,0.3992641652877078,0.7705883815455707,0.399261501465757,0.8065843958621024
28.86,17.03944,-35.06159,0.3992641652877078,0.7686276053862583,0.399261501465757,0.8065843958621024
28.88,17.039445,-35.389275,0.3992642211801145,0.7686276053862583,0.399261501465757,0.804526762343784
28.9,16.385355,-35.389285,0.3956154530878822,0.7686275754671885,0.3955985201188703,0.8045267309472671
28.92,16.71177,-35.061605,0.3992642211801145,0.7686275754671885,0.39559857601153,0.8065843330690688
28.94,16.711759999999998,-35.06161,0.39560120052418135,0.7686275455481186,0.399261501465757,0.8065843330690688
28.96,17.03943,-34.733935,0.39926410939530116,0.7686275455481186,0.3992614455730974,0.8086419037943539
28.98,16.384065,-34.078575,0.395601088739368,0.7705883217074311,0.3955984642262106,0.8106995059161555
29.0,16.05639,-33.095535,0.3956011446317747,0.7745098740260558,0.3919354828793238,0.8127571080379573
29.02,25.559260000000002,-29.818705,0.42856838642757983,0.7843138146607571,0.46519622767025365,0.8230452442330329
29.04,30.14689,-28.18029,0.4761877667395243,0.7882354268175215,0.4688596002657584,0.8292180819949548
29.06,29.163854999999998,-26.54188,0.4651989842337581,0.7941177852145282,0.46885954437309874,0.8333333176350749
29.08,28.508495,-25.88652,0.4651989283413515,0.7960785613738406,0.4615336375719849,0.8353909197568767
29.1,28.18082,-25.558835,0.46153601947023165,0.7960785912929105,0.4615336375719849,0.8374485218786784
29.12,27.85314,8.51989,0.46153601947023165,0.9999993118613941,0.4578706562250981,0.8374485532751951
29.14,27.19778,-24.903475,0.4578730547067052,0.8000001436115352,0.4542076748782113,0.8374485218786784
29.16,26.8701,-25.23115,0.4542100899431787,0.7980393674522227,0.4542076748782113,0.8374485532751951
29.18,26.21475,-26.21419,0.4505471810720589,0.7960785912929105,0.45054474942398426,0.8333333490315918
29.2,25.55939,-26.21419,0.44688421630853237,0.7960785912929105,0.44688176807709745,0.8333333490315918
29.22,29.81929,-26.21419,0.46153624303985835,0.7960785912929105,0.4798491032330159,0.8333333490315918
29.24,31.785415,-26.86955,0.4835144787602707,0.794117815133598,0.47984915912567566,0.83127574690979
29.26,31.785415,-26.54187,0.4798515139967442,0.794117815133598,0.4835121404725624,0.8333333490315918
29.28,32.1131,-25.886505,0.4835144787602707,0.7960786212119801,0.48351219636522214,0.8353909511533935
29.3,31.45774,-25.886499999999998,0.4798515139967442,0.7960786212119801,0.4798492150183354,0.8353909825499101
29.32,31.457745000000003,-25.886495,0.4798515139967442,0.7960786212119801,0.479849270910995,0.8353910139464269
29.34,31.13007,-25.886495,0.47618860512562433,0.7960786212119801,0.479849270910995,0.8353910139464269
29.36,30.80239,-25.886490000000002,0.47618860512562433,0.7960786511310499,0.47618628956410824,0.8353910139464269
29.38,30.474719999999998,-25.23113,0.47252569625450447,0.7980394272903624,0.47618634545676797,0.8374486160682286
29.4,30.802394999999997,-25.5588,0.47618860512562433,0.7980394572094321,0.47618634545676797,0.8353910453429436
29.42,30.474725,-25.886485,0.47252569625450447,0.7960786810501198,0.4761864013494277,0.8353910139464269
29.44,33.096230000000006,-25.23111,0.48717789066305056,0.798039487128502,0.4908387179855928,0.8374486788612621
29.46,32.76855,-24.90343,0.48717794655545715,0.798039487128502,0.4871756807460463,0.8395062809830639
29.48,32.76856,-24.90342,0.48717800244786386,0.8000002932068841,0.487175736638706,0.837448710257779
29.5,32.44088,-24.90342,0.48717800244786386,0.8000002932068841,0.4835127552918192,0.837448710257779
29.52,32.113205,-24.90342,0.48351509357674405,0.8000002932068841,0.4835127552918192,0.837448710257779
29.54,31.45785,-24.903419999999997,0.47985212881321754,0.7980395170475717,0.47984982983759217,0.8395063123795806
29.56,31.45786,-24.90341,0.47985218470562424,0.8000003231259539,0.4798498857302519,0.8374487416542956
29.58,31.13018,-25.231090000000002,0.47618921994209773,0.7980395469666417,0.4798498857302519,0.8374487416542956
29.6,31.13018,-25.558774999999997,0.47618921994209773,0.7980395469666417,0.4798498857302519,0.8353911081359772
29.62,31.13019,-25.558774999999997,0.4761892758345044,0.7980395469666417,0.47984994162291156,0.8353911081359772
29.64,30.80251,-25.886454999999998,0.4761892758345044,0.7960787708073293,0.4761869602760248,0.8353911081359772
29.66,30.802515,-26.214135,0.4761892758345044,0.7960787708073293,0.4761870161686845,0.8333335060141756
29.68,31.130195,-26.214135,0.476189331726911,0.7960787708073293,0.47984994162291156,0.8333335060141756
29.7,31.785545,-26.54182,0.47985224059803083,0.794117964728947,0.4835128670771386,0.8333335060141756
29.72,32.113215,-26.54182,0.48351514946915064,0.794117964728947,0.483512811184479,0.8333335060141756
29.74,32.11321,-25.88646,0.48351509357674405,0.7960787408882595,0.483512811184479,0.8353911081359772
29.76,31.78553,-25.886454999999998,0.47985212881321754,0.7960787708073293,0.483512811184479,0.8353911081359772
29.78,31.457855000000002,-25.231099999999998,0.47985218470562424,0.7980395170475717,0.47984982983759217,0.837448710257779
29.8,31.130175,-24.575735,0.47618921994209773,0.8000003231259539,0.47984982983759217,0.8395063123795806
29.82,30.80249,-24.248055,0.476189164049691,0.8000003231259539,0.47618684849070536,0.8415639145013823
29.84,30.474815,-23.265015,0.47618921994209773,0.8039218754445786,0.47252386714381855,0.8436215166231841
29.86,29.491774999999997,-22.937335,0.4688632904150447,0.8039218754445786,0.4688608857969318,0.8456791187449858
29.88,33.0963,-21.298925,0.4725262551785712,0.8078434277632033,0.505491202299737,0.8518519879034244
29.9,40.633055,-19.33283,0.5238085443616355,0.8156865922385924,0.5384585374556555,0.8559672235435446
29.92,41.288430000000005,-18.67746,0.5384606269853681,0.8176473983169745,0.5311325188692223,0.858024857061863
29.94,40.960745,-18.349784999999997,0.5311346415659085,0.8196081744762868,0.534795500216109,0.8580248256653464
29.96,56.361875,-14.745280000000001,0.5787536306310063,0.8274513090326059,0.6593383192194121,0.8724281661040254
29.98,66.520095,-13.434535,0.6849810060834413,0.8333337571868223,0.6666644495911648,0.874485799622344
30.0,64.2263,-12.451495,0.6593399173843159,0.8352945333461347,0.666664393698505,0.8786010038659473
30.02,64.88293,-11.79613,0.6666658469113688,0.837255309505447,0.666678590434072,0.8806586373842659
30.04,65.20933,-11.46845,0.6666657910189621,0.8392160856647594,0.670327319152732,0.8806586373842659
30.06,65.86469,-11.14077,0.6703287557824886,0.8411768618240718,0.6739903004996188,0.8806586373842659
30.08,65.86468500000001,-11.796135,0.670328699890082,0.8392160856647594,0.6739903004996188,0.8786010038659473
30.1,66.192365,-11.796145,0.6739917205460151,0.8392160557456896,0.6739902446069591,0.8786009724694305
30.12,66.192365,-11.796145,0.6739917205460151,0.8392160557456896,0.6739902446069591,0.8786009724694305
30.14,66.52003500000001,-12.451505000000001,0.6739916646536084,0.8372552795863771,0.6776531700611863,0.8765433703476289
30.16,64.553935,-14.089915000000001,0.6739916646536084,0.835294473507995,0.6556750584092267,0.8683129304639051
30.18,59.310985,-15.400655,0.6336984933307503,0.8274513090326059,0.637359928104154,0.8683128676708718
30.2,60.294035,-16.383695000000003,0.6410245346426167,0.8254905328732937,0.6410229094510408,0.8641976634272683
30.22,60.29403,-17.039065,0.6410244787502101,0.8235297267949115,0.6410229094510408,0.8621400299089499
30.24,60.621719999999996,-17.694425000000003,0.6410245346426167,0.8215689506355992,0.6446859466905873,0.860082427787148
30.26,60.9494,-19.33284,0.6446874994061432,0.8176473384788349,0.6446859466905873,0.8539095900252262
30.28,61.60477,-20.31588,0.6483505200620764,0.8137257861602102,0.6483489839301338,0.8518519879034244
30.3,61.60478,-21.29893,0.648350575954483,0.8117649800818281,0.6483490398227935,0.8477367522633044
30.32,61.60479,-21.626624999999997,0.6483506318468897,0.8098041740034458,0.6483490957154532,0.8477366894702708
30.34,61.27712,-21.954304999999998,0.6483506877392963,0.8098041440843761,0.6446861702612261,0.8456791187449858
30.36,60.621775,-21.95431,0.6446877788681765,0.8078433679250637,0.6410233006996587,0.8477366894702708
30.38,60.294105,-21.954315,0.6410248699970567,0.8078433679250637,0.6410233565923185,0.847736658073754
30.4,59.311065,-22.93735,0.6373619611259369,0.8058825917657514,0.6336973380058851,0.8436214852266674
30.42,58.983385,-22.937355,0.6336989404700036,0.8058825917657514,0.6336973938985448,0.8436214538301505
30.44,58.00035,-22.937355,0.6300360315988839,0.8058825917657514,0.6263714312047712,0.8436214538301505
30.46,58.655725,-22.60968,0.6263730668353573,0.8058825618466815,0.6373605429234108,0.8456790559519524
30.48,62.26028,-22.937355,0.6520143232117029,0.8039218156064389,0.6520128036669163,0.8456790559519524
30.5,61.9326,-22.28199,0.6520143232117029,0.8058825917657514,0.6483498223200295,0.8477366894702708
30.52,61.60492,-21.95432,0.6483513584481764,0.807843338005994,0.6483498223200295,0.847736658073754
30.54,61.93261,-21.62664,0.6483514143405831,0.8098041141653062,0.652012859559576,0.847736658073754
30.56,62.260275,-21.954325,0.6520143232117029,0.807843338005994,0.6520127477742564,0.8477366266772373
30.58,63.243305,-21.62665,0.6556772320828227,0.8098040842462365,0.6593386545753703,0.8477366266772373
30.6,62.915615,-21.954335,0.655677176190416,0.8078433080869241,0.6556756173358238,0.8477365952807204
30.62,62.915605,-21.626655,0.6556771202980094,0.8098040842462365,0.6556755614431641,0.8477365952807204
30.64,62.58792,-21.298975,0.6520140996420762,0.8098040842462365,0.6556755614431641,0.8497941974025223
30.66,62.58792,-21.298975,0.6556770644056027,0.8098040842462365,0.6520125800962774,0.8497941974025223
30.68,62.260235,-21.62666,0.6520140996420762,0.8098040543271665,0.6520125242036177,0.8477365952807204
30.7,61.604875,-21.626665000000003,0.6483511348785498,0.8098040543271665,0.6483495428567309,0.8477365638842038
30.72,62.260235,-22.282024999999997,0.6520140996420762,0.8078432781678543,0.6520125242036177,0.845678961762402
30.74,62.26023,-22.282035,0.6520140437496695,0.8078432482487844,0.6520125242036177,0.8456789303658853
30.76,61.932545000000005,-22.9374,0.6520140437496695,0.8058824421704022,0.6483494869640712,0.8436213282440834
30.78,62.260225,-24.24813,0.6520140437496695,0.8019608599327077,0.6520124683109579,0.8395060926039634
30.8,60.949484999999996,-26.214215,0.6520140437496695,0.798039307614083,0.6373603193527719,0.8312756527202397
30.82,59.638755,-27.197265,0.6336989963624103,0.7921569492170762,0.6410234124849782,0.8312756213237229
30.84,59.966445,-27.524955,0.6373620729107502,0.7921569192980065,0.6410234124849782,0.8292179878054045
30.86,59.966445,-28.180325,0.6373620729107502,0.7901961132196242,0.6410234124849782,0.827160354287086
30.88,60.29413,-28.8357,0.6410250376742768,0.7882353071412421,0.6410234683776379,0.8251026893722508
30.9,60.94949,-29.16339,0.6446880024378032,0.7862744711437902,0.6446864497245247,0.8251026893722508
30.92,60.949495,-29.163384999999998,0.6446880583302099,0.7862745010628599,0.6446864497245247,0.8251026893722508
30.94,60.621809999999996,-29.16339,0.6410250376742768,0.7882352473031025,0.6446864497245247,0.8230450872504491
30.96,60.621809999999996,-29.49107,0.6410250376742768,0.7862744711437902,0.6446864497245247,0.8230450872504491
30.98,60.623085,-29.818755,0.6410250376742768,0.7843136949844778,0.6447007023527511,0.8230450558539323
31.0,60.29413,-29.818759999999997,0.6410250376742768,0.784313665065408,0.6410234683776379,0.8230450558539323
31.02,60.29413,-29.16339,0.6410250376742768,0.7862744711437902,0.6410234683776379,0.8251026893722508
31.04,59.638774999999995,-29.163395,0.6373621288031569,0.7862744711437902,0.6373604870307511,0.8251026579757341
31.06,59.63878,-29.16339,0.6373621288031569,0.7862744711437902,0.6373605429234108,0.8251026893722508
31.08,59.311099999999996,-29.163384999999998,0.6373621288031569,0.7862745010628599,0.633697561576524,0.8251026893722508
31.1,58.98342,-29.163384999999998,0.6336991640396304,0.7862745010628599,0.633697561576524,0.8251026893722508
31.12,58.98342,-28.508020000000002,0.6336991640396304,0.7882352772221723,0.633697561576524,0.8271603228905693
31.14,58.65574,-28.508020000000002,0.6300361992761039,0.7882352772221723,0.633697561576524,0.8271603228905693
31.16,58.983415,-28.508020000000002,0.6336991640396304,0.7882352772221723,0.6336975056838643,0.8271603228905693
31.18,58.65574,-28.508025,0.6300361992761039,0.7882352772221723,0.633697561576524,0.8271602914940526
31.2,59.311095,-28.508025,0.6336991640396304,0.7882352772221723,0.6373604870307511,0.8271602914940526
31.22,63.243305,-27.852665000000002,0.6410250935666835,0.7901960234624149,0.673990859426216,0.8292179250123711
31.24,72.090795,-27.524965,0.7032964447175472,0.7901961132196242,0.7106211759290213,0.8312755585306895
31.26,72.418475,-27.197285,0.7106224301370069,0.7921568893789366,0.7069581386894748,0.8312755585306895
31.28,72.41848,-26.86961,0.7069594653734804,0.7921568594598668,0.7106211759290213,0.8333331606524912
31.3,72.74616,-26.86961,0.7106224301370069,0.794117635619179,0.7106211759290213,0.8312755585306895
31.32,72.41848,-26.86961,0.7069594653734804,0.794117635619179,0.7106211759290213,0.8312755585306895
31.34,72.74616,-26.869615000000003,0.7106224301370069,0.794117635619179,0.7106211759290213,0.8312755271341727
31.36,72.74616,-26.86961,0.7106224301370069,0.794117635619179,0.7106211759290213,0.8312755585306895
31.38,73.729195,-27.197295,0.7142853949005334,0.7921568594598668,0.7179470827301352,0.8312755271341727
31.4,74.384535,-26.541935000000002,0.7179482478792465,0.794117635619179,0.7216099522917025,0.8333331292559744
31.42,74.71221,-26.54194,0.7216111567503664,0.7941176057001094,0.7216099522917025,0.8333331292559744
31.44,65.209365,-29.491075000000002,0.6886440826317811,0.7882352772221723,0.6483493192860921,0.8209874223356138
31.46,62.260194999999996,-30.14644,0.6483508554165164,0.7823528889060956,0.6556753378725253,0.8230450558539323
31.48,62.587885,-29.818759999999997,0.6556768967283828,0.784313665065408,0.6520123565256385,0.8230450558539323
31.5,62.91556,-29.49108,0.6556768408359761,0.7862744412247203,0.6556753378725253,0.8230450558539323
31.52,62.587875,-29.491084999999998,0.6520138760724495,0.7862744412247203,0.6556752819798656,0.8230450244574157
31.54,62.2602,-29.1634,0.6520138760724495,0.7862744412247203,0.6520123565256385,0.8251026579757341
31.56,62.58788,-29.49108,0.6556768408359761,0.7862744412247203,0.6520123565256385,0.8230450558539323
31.58,62.2602,-29.49108,0.6520138760724495,0.7862744412247203,0.6520123565256385,0.8230450558539323
31.6,62.2602,-29.49108,0.6520138760724495,0.7862744412247203,0.6520123565256385,0.8230450558539323
31.62,62.2602,-29.81875,0.6520138760724495,0.7843136949844778,0.6520123565256385,0.8230450872504491
31.64,61.60484,-29.491075000000002,0.6483509113089231,0.7862744711437902,0.6483493751787518,0.8230450558539323
31.66,61.93252,-29.16339,0.6483509113089231,0.7862744711437902,0.6520123565256385,0.8251026893722508
31.68,62.2602,-29.16339,0.6520138760724495,0.7862744711437902,0.6520123565256385,0.8251026893722508
31.7,62.2602,-29.16339,0.6520138760724495,0.7862744711437902,0.6520123565256385,0.8251026893722508
31.72,61.93252,-28.835704999999997,0.6483509113089231,0.7882352772221723,0.6520123565256385,0.8251026893722508
31.74,61.93252,-29.163384999999998,0.6483509113089231,0.7862745010628599,0.6520123565256385,0.8251026893722508
31.76,62.915565,-28.835704999999997,0.6483509113089231,0.7843136949844778,0.6630013564589586,0.8292179250123711
31.78,79.627465,-23.92044,0.721611044965553,0.8000000837733955,0.7765553990995804,0.8436213596406004
31.8,87.49192500000001,-23.265065,0.7948715698690295,0.8039217258492296,0.7912076598430859,0.8436213596406004
31.82,85.853525,-22.93739,0.7838826755784501,0.8058824720894722,0.7838816971493123,0.8436213596406004
31.84,86.1812,-22.93739,0.78754558444957,0.8058824720894722,0.7838816971493123,0.8436213596406004
31.86,85.85352,-23.592754999999997,0.7838826196860434,0.8039216959301597,0.7838816971493123,0.8415637261222818
31.88,85.52584,-24.24812,0.780219654922517,0.8019608898517777,0.7838816971493123,0.83950612400048
31.9,85.85352,-24.903485,0.7838826196860434,0.8000001136924653,0.7838816971493123,0.8374484904821617
31.92,85.198165,-24.90349,0.7838826755784501,0.8000000837733955,0.7765557344555388,0.8374484904821617
31.94,84.870485,-25.231165,0.7765567460513971,0.7980393375331529,0.7802187158024255,0.8374484904821617
31.96,85.19818,-25.231165,0.7802197667073302,0.7980393375331529,0.7802188275877449,0.8374484904821617
31.98,85.525865,-24.903489999999998,0.7802197667073302,0.798039307614083,0.7838818648272914,0.8395060926039634
32.0,86.18124,-24.903485,0.78388284325567,0.8000001136924653,0.7875449020668379,0.8374484904821617
32.02,86.83662,-24.5758,0.7875459198040099,0.8000001136924653,0.7912079951990442,0.83950612400048
32.04,86.83663,-23.920434999999998,0.7875459756964166,0.8019608898517777,0.7912080510917039,0.8415637575187985
32.06,86.508955,-23.59275,0.7875460315888233,0.8039216959301597,0.7875450697448171,0.8415637575187985
32.08,85.853585,-23.92042,0.7838830109328901,0.8019609496899172,0.7838820325052706,0.8415637889153154
32.1,85.853575,-24.24809,0.7838829550404834,0.801960979608987,0.7838819766126108,0.8395062181900304
32.12,85.198195,-24.24808,0.7802198784921436,0.8019610095280568,0.7802188834804046,0.8395062495865471
32.14,91.096525,-23.920385,0.7875458639116033,0.8019610394471267,0.8388275352058082,0.8415639145013823
32.16,103.54857999999999,-23.920360000000002,0.8754585832236258,0.801961129204336,0.8901101124521189,0.8415639772944158
32.18,104.859295,-22.609634999999997,0.8901104981701385,0.8039219352827183,0.8901100006667995,0.847736783659821
32.2,105.842325,-21.29891,0.8937734070412583,0.8098042637606553,0.8974359074679132,0.8497944171781395
32.22,106.17,-20.97123,0.8974363159123782,0.8117650399199676,0.8974359074679132,0.8497944171781395
32.24,106.170005,-20.643549999999998,0.8974363718047849,0.8117650399199676,0.8974359074679132,0.8518520192999411
32.26,106.497685,-20.31586,0.8974363718047849,0.8137258459983499,0.9010988888148,0.851852050696458
32.28,106.82537,-20.315865000000002,0.9010993365683113,0.8137258459983499,0.9010989447074598,0.8518520192999411
32.3,106.170005,-19.988175,0.8974363718047849,0.8137258759174196,0.8974359074679132,0.8539096528182596
32.32,106.17001,-19.332810000000002,0.8974363718047849,0.815686652076732,0.897435963360573,0.8559672863365781
32.34,105.84233,-19.00513,0.8937734070412583,0.815686652076732,0.897435963360573,0.8580248884583799
32.36,106.17001,-18.67744,0.8974363718047849,0.8176474581551142,0.897435963360573,0.8580249198548966
32.38,105.84233,-18.34975,0.8974363718047849,0.8196082642334963,0.8937729820136863,0.8580249512514133
32.4,105.186965,-18.022064999999998,0.8937734070412583,0.8196082941525661,0.8901099447741397,0.860082553373215
32.42,105.51465,-18.02206,0.8937734070412583,0.8196082941525661,0.8937729820136863,0.8600825847697318
32.44,105.51465,-18.02206,0.8937734070412583,0.8196082941525661,0.8937729820136863,0.8600825847697318
32.46,106.49769,-18.022055,0.8974363718047849,0.8196082941525661,0.9010989447074598,0.8600826161662486
32.48,107.15304,-19.005105,0.9010992806759046,0.8176475179932539,0.9047618701616869,0.8559673491296116
32.5,110.75753499999999,-19.987834999999997,0.9120881749664842,0.8137259656746292,0.9340658886147603,0.8539116935918485
32.52,113.379,-20.315820000000002,0.9377291518807963,0.8117651895153167,0.9377289258543068,0.8539097784043267
32.54,113.379,-19.988135,0.9377291518807963,0.8137259656746292,0.9377289258543068,0.8539098098008433
32.56,113.05132,-19.988135,0.9340661871172697,0.8137259955936988,0.9377289258543068,0.8539097784043267
32.58,113.05132,-19.988129999999998,0.9377291518807963,0.8137259955936988,0.93406594450742,0.8539098098008433
32.6,112.72364,-19.660455,0.9340661871172697,0.8137259955936988,0.93406594450742,0.8559673805261283
32.62,112.068285,-19.988129999999998,0.9304032223537433,0.8137259955936988,0.9304030190531929,0.8539098098008433
32.64,111.740605,-19.33277,0.9304032223537433,0.8156867717530112,0.9267400377063061,0.8559674119226451
32.66,111.412925,-19.660455,0.9267403134826234,0.8156867717530112,0.9267399818136464,0.8539097784043267
32.68,110.757565,-19.660455,0.923077348719097,0.8156867717530112,0.9230770004667596,0.8539097784043267
32.7,111.085255,-19.66046,0.9230774046115037,0.8156867418339414,0.9267400377063061,0.8539097784043267
32.72,111.085255,-19.98814,0.9230774046115037,0.8137259656746292,0.9267400377063061,0.8539097784043267
32.74,110.757575,-20.31582,0.9230774046115037,0.8137259656746292,0.9230770563594193,0.8518521762825251
32.76,110.75758,-20.315824999999997,0.9230774046115037,0.8137259656746292,0.923077112252079,0.8518521448860081
32.78,110.75758,-20.64351,0.9230774046115037,0.811765159596247,0.923077112252079,0.8518521448860081
32.8,110.757575,-20.643504999999998,0.9230774046115037,0.8117651895153167,0.9230770563594193,0.8518521448860081
32.82,110.757575,-20.64351,0.9230774046115037,0.811765159596247,0.9230770563594193,0.8518521448860081
32.84,111.08526,-20.64351,0.9230774046115037,0.811765159596247,0.9267400935989658,0.8518521448860081
32.86,111.08526,-20.64351,0.9230774046115037,0.811765159596247,0.9267400935989658,0.8518521448860081
32.88,107.808425,-20.643504999999998,0.9120883985361109,0.8117651895153167,0.9010989447074598,0.8518521448860081
32.9,106.825385,-20.64351,0.901099392460718,0.811765159596247,0.9010990564927792,0.8518521448860081
32.92,106.825385,-20.64351,0.9010994483531247,0.811765159596247,0.9010990006001195,0.8518521448860081
32.94,106.4977,-20.643515,0.8974364276971916,0.811765159596247,0.9010990006001195,0.8518521134894915
32.96,107.153055,-20.643520000000002,0.901099392460718,0.8117651296771771,0.9047619260543466,0.8518521134894915
32.98,108.13608500000001,-20.315845000000003,0.9084252660953643,0.8137259058364895,0.9084248515085737,0.8518520820929747
33.0,108.13608,-20.31585,0.9084252102029576,0.8137258759174196,0.9084248515085737,0.8518520820929747
33.02,108.136075,-19.98817,0.9084252102029576,0.8137258759174196,0.9084247956159139,0.8539096842147764
33.04,107.80839,-19.98817,0.9047622454394312,0.8137258759174196,0.9084247397232542,0.8539096842147764
33.06,108.13607,-19.332805,0.9084251543105509,0.8156866819958017,0.9084247956159139,0.8559672863365781
33.08,108.13607,-19.332805,0.9084251543105509,0.8156866819958017,0.9084247956159139,0.8559672863365781
33.1,108.136065,-19.00512,0.9084251543105509,0.8176474581551142,0.9084247397232542,0.855967317733095
33.12,107.80839,-19.332810000000002,0.9047621895470245,0.815686652076732,0.9084247956159139,0.8559672863365781
33.14,108.136065,-19.332810000000002,0.9084251543105509,0.815686652076732,0.9084247397232542,0.8559672863365781
33.16,112.395955,-19.3328,0.9230771810418771,0.8176474581551142,0.9413919630938533,0.8539097156112931
33.18,114.362055,-19.98816,0.9450551931926626,0.8137259058364895,0.9413919630938533,0.8539097156112931
33.2,114.03438,-19.98816,0.9413922284291362,0.8137259058364895,0.941392018986513,0.8539097156112931
33.22,114.034385,-19.98816,0.9413922843215429,0.8137259058364895,0.941392018986513,0.8539097156112931
33.24,114.034385,-19.98816,0.9413922843215429,0.8137259058364895,0.941392018986513,0.8539097156112931
33.26,114.03438,-19.66048,0.9413922284291362,0.8156866819958017,0.941392018986513,0.8539097156112931
33.28,114.03438,-19.332805,0.9413922284291362,0.8156866819958017,0.941392018986513,0.8559672863365781
33.3,114.03438,-19.332810000000002,0.9413922284291362,0.815686652076732,0.941392018986513,0.8559672863365781
33.32,117.96656,-17.3667,0.9487182138485958,0.8196082642334963,0.9780220001333599,0.864197820409852
33.34,123.209475,-16.38363,0.9926740145805403,0.8254907123877127,0.9926740931988861,0.8641978832028856
33.36,123.53715,-16.055955,0.9926740145805403,0.8254907123877127,0.9963370186531132,0.8662554539281705
33.38,123.86483,-15.400590000000001,0.9963369793440668,0.8274514885470249,0.9963370186531132,0.868313087446489
33.4,124.52019,-15.072905,0.9999999441075933,0.8274514885470249,1.0,0.8703707209648075
33.42,124.520195,-14.417535,1.0,0.829412294625407,1.0,0.8724283544831258
33.44,123.537155,-13.76217,0.9963370352364735,0.8313731007037892,0.9926740373062264,0.8744859566049277
33.46,123.20948,-12.451435,0.992674070472947,0.8352946829414837,0.9926740931988861,0.8786012236415646
33.48,123.20948,-9.829965,0.992674070472947,0.8411771011766301,0.9926740931988861,0.8888893284401234
33.5,120.26036500000001,-7.863849999999999,0.9890111616018272,0.8509810717304014,0.963370242423792,0.8909470561479922
33.52,73.72919999999999,-15.728180000000002,0.8205130498150016,0.8352948923749723,0.6117190027832867,0.8580253280096144
33.54,11.469100000000001,-21.95411,0.42490681897422006,0.8078439663064599,0.31135050806707143,0.8477373174006059
33.56,0.00019500000000000073,-16.71121,0.3003646755965592,0.8196086531814039,0.30768769439816374,0.8683134328081733
33.58,1.310935,-13.10671,0.3113537934567654,0.8313733998944873,0.31135067574505054,0.8786014748136985
33.6,1.966305,-9.829895,0.31501675822029185,0.8431380867694312,0.31501376887725674,0.8868319460939389
33.62,2.293995,-7.208445,0.3150168700051052,0.8509812512448202,0.31867675022414355,0.8950623545811458
33.64,2.62168,-6.225405,0.3186798347686317,0.8549028035634448,0.31867680611680327,0.8971199567029474
33.66,3.60472,-5.57005,0.3223427995321582,0.8568635498036874,0.3260027688105768,0.8991775588247493
33.68,4.26007,-4.587015,0.326005708403278,0.8588243259629998,0.3296656942648039,0.9032927316718359
33.7,4.58774,-4.58702,0.3296686172743979,0.8607850722032424,0.3296656383721442,0.9012351295500343
33.72,-15.400984999999999,-10.81295,0.26007150427370107,0.8450988629287436,0.17581846555980943,0.8786014434171818
33.74,-27.853009999999998,-12.779050000000002,0.14651797572458636,0.8352948923749723,0.15017714899032425,0.8765438098988634
33.76,-26.869954999999997,-12.451375,0.15384401703645267,0.8372556685342848,0.15384018622987075,0.8765437785023465
33.78,-26.86996,-12.123705000000001,0.15384396114404603,0.837255638615215,0.15384018622987075,0.8786013492276317
33.8,-26.2146,-12.123715,0.1575069259075725,0.8372556086961451,0.15750316757675753,0.8786013178311148
33.82,-25.88692,-12.451405,0.1575069259075725,0.8372555787770753,0.1611661489236443,0.8765436843127963
33.84,-25.55924,-12.779084999999998,0.161169890671099,0.835294802617763,0.1611661489236443,0.8765436843127963
33.86,-25.231555,-13.434455,0.16116994656350567,0.8352947726986932,0.1648291302705311,0.8724284486726762
33.88,-25.23156,-14.089825000000001,0.161169890671099,0.8313731904609986,0.1648291302705311,0.8724284172761594
33.9,-24.90387,-14.745185,0.16483291132703215,0.8294124143016863,0.1648291861631908,0.8703708151543577
33.92,-24.576195,-15.07288,0.16483285543462547,0.8294123544635467,0.1684921675100776,0.8683131816360392
33.94,-22.93778,-17.03897,0.16849587609055866,0.825490802144922,0.18314420468294412,0.8600827103557988
33.96,-18.3502,-20.315795,0.2014629502091438,0.8137260554318385,0.2014593908806766,0.8518522390755584
33.98,-17.694845,-21.298835,0.2051259149726703,0.8098045031132138,0.20512231633490371,0.8497946369537568
34.0,-16.7118,-22.281895,0.20878887973619675,0.8078436671157619,0.21244833492133694,0.8456793699171198
34.02,-15.72876,-23.59262,0.21611480926324975,0.8039220848780673,0.21611131626822372,0.8415641656735163
34.04,-15.0734,-24.575670000000002,0.21977777402677626,0.8019612787996852,0.21977429761511053,0.8374489300333962
34.06,-14.090354999999999,-26.541755000000002,0.22344079468270941,0.7960789503217481,0.2271002603088841,0.8312760922714743
34.08,-12.77964,-28.507849999999998,0.23076666831735573,0.7901965620056716,0.23442622300265764,0.8251032545095524
34.1,-13.10731,-30.146265,0.2307667242097624,0.7843142036086647,0.23076329754843058,0.8209879874729153
34.12,-13.434989999999999,-31.12931,0.2307667242097624,0.7803926213709701,0.2271003162015438,0.8189303853511137
34.14,-14.418015,-31.129315,0.22710381533864257,0.7803926213709701,0.21977446529308964,0.8189303539545969
34.16,-15.401050000000001,-31.12932,0.21977794170399625,0.7803925914519003,0.2161114839462029,0.8189303539545969
34.18,-16.38408,-31.457005000000002,0.21245206806934994,0.7803925914519003,0.21244855849197578,0.8168727204362783
34.2,-16.711755,-32.112375,0.2124521239617566,0.7784317853735182,0.20878557714508902,0.8148150869179601
34.22,-17.694785000000003,-32.112385,0.20512619443470362,0.7784317554544482,0.20512270758352166,0.8148150555214432
34.24,-18.35014,-32.767745000000005,0.20146328556358378,0.776470979295136,0.20145972623663486,0.8127574533996416
34.26,-19.00549,-33.095434999999995,0.19780037669246398,0.7764709493760662,0.1977968007824078,0.8106998198813231
34.28,-19.005485,-33.750805,0.19780037669246398,0.7725493671383716,0.19779685667506752,0.8106997884848063
34.3,-19.660845000000002,-34.73385,0.19413746782134417,0.7705885610599895,0.19413381943552102,0.8065845842412028
34.32,-19.660845000000002,-35.389215,0.19413741192893746,0.7686277849006772,0.19413387532818074,0.8045269507228843
34.34,-19.333165,-36.699955,0.19413746782134417,0.7647061727439128,0.1977968007824078,0.8004116836862474
34.36,-7.536560000000001,-36.044585,0.22710437426270927,0.7647061727439128,0.29669847089420487,0.8045269507228843
34.38,5.8984950000000005,-36.699945,0.33699471447867085,0.7666669788222951,0.3369918246365566,0.7983541129609625
34.4,6.553855,-38.338364999999996,0.3369947703710775,0.7607845905062184,0.3443177314376704,0.7942388459243256
34.42,8.519925,-39.321425000000005,0.35164657353277684,0.756862978349454,0.3516436382387843,0.7921811810094903
34.44,9.83064,-40.304475,0.3589724471674231,0.7549021722710719,0.3589696009325578,0.7880659453693701
34.46,9.83064,-40.632165,0.3589724471674231,0.7529413661926897,0.3589696009325578,0.7880659139728534
34.48,10.813680000000002,-41.287535,0.3626354119309496,0.7509805601143076,0.3662955636263314,0.7860082804545349
34.5,10.15833,-40.304495,0.3626354678233563,0.7529413362736199,0.3589696568252176,0.7901234846981383
34.52,9.83066,-39.321455,0.35897255895223645,0.7549021124329323,0.3589697127178773,0.7942386889417418
34.54,9.175315,-38.666095,0.35530965008111665,0.7588236647515569,0.35530684315630995,0.7942386889417418
34.56,8.519965,-38.338409999999996,0.3516467412099968,0.7588236647515569,0.35164391770208286,0.7962963224600602
34.58,8.19229,-38.33842,0.3516467971024035,0.7588236348324872,0.34798093635519606,0.7962962910635435
34.6,6.88157,-38.33842,0.34432086757535046,0.7588236348324872,0.3406549736614225,0.7962962910635435
34.62,6.22621,-38.6661,0.340657902811824,0.7588236348324872,0.33699199231453575,0.7942386889417418
34.64,5.57085,-38.33842,0.3369949380482975,0.7588236348324872,0.33332901096764894,0.7962962910635435
34.66,4.587815,-38.6661,0.32966900852124453,0.7588236348324872,0.32966608551342186,0.7942386889417418
34.68,5.24319,-38.33843,0.33333208506958434,0.7588236049134173,0.3333291227529684,0.7962962596670268
34.7,5.2432,-38.66611,0.33333214096199104,0.7568628287541049,0.3333291786456281,0.7962962596670268
34.72,5.89856,-38.9938,0.3369951057255175,0.7568627988350352,0.33699215999251486,0.7942386261487082
34.74,5.89857,-39.32149,0.3369951616179242,0.7568627689159654,0.3369922158851746,0.7921809926303899
34.76,6.226255,-39.649175,0.34065818227385736,0.7549019927566529,0.3369922158851746,0.792180961233873
34.78,15.401425,-36.700035,0.3626362503170497,0.7627451273129722,0.41757897926253773,0.802469066032432
34.8,26.87042,-36.372355,0.4542118226077854,0.7647059333913544,0.45420951933598186,0.8024690346359151
34.82,25.887385000000002,-37.027725000000004,0.4505489696290723,0.7647059034722845,0.4468835007495485,0.798353798995795
34.84,25.887375,-37.683095,0.4468859489731391,0.76078432123459,0.4505464262037756,0.7983537675992782
34.86,25.559694999999998,-37.683105,0.4468859489731391,0.7607842913155202,0.4468834448568888,0.7983537362027614
34.88,25.5597,-38.01079,0.4468859489731391,0.7607842613964505,0.4468835007495485,0.7962961340809598
34.9,25.559705,-37.683115,0.4468860048655458,0.7607842613964505,0.4468835007495485,0.7983537048062448
34.92,26.21508,-38.0108,0.450549025521479,0.7607842314773805,0.4505465938817548,0.796296102684443
34.94,26.87044,-38.338480000000004,0.4542119902850054,0.7588234553180683,0.45420957522864147,0.796296102684443
34.96,27.52581,-38.338480000000004,0.4542120461774121,0.7588234553180683,0.4615355938150748,0.796296102684443
34.98,28.181179999999998,-38.66616,0.4578750668333453,0.7588234553180683,0.4651986310546212,0.7942385005626413
35.0,28.836545,-38.66616,0.46520099636039824,0.7588234553180683,0.46519868694728095,0.7942385005626413
35.02,27.198124999999997,-39.976875,0.45787501094093863,0.7549019329185134,0.45420957522864147,0.7901232963190379
35.04,27.853495000000002,-39.6492,0.45787501094093863,0.7549019029994436,0.46153564970773453,0.7921808984408396
35.06,28.50886,-39.97688,0.4615380315968718,0.7549019029994436,0.4651986310546212,0.7901232963190379
35.08,28.836545,-40.304565,0.4652010522528049,0.7529411268401313,0.4651986310546212,0.790123264922521
35.1,28.83655,-40.30457,0.4652010522528049,0.7529410969210614,0.46519868694728095,0.790123264922521
35.12,28.18119,-40.30457,0.4615380874892784,0.7529410969210614,0.4615357056003942,0.790123264922521
35.14,28.50887,-40.30457,0.4615380874892784,0.7529410969210614,0.46519868694728095,0.790123264922521
35.16,29.16422,-40.30457,0.46520099636039824,0.7529410969210614,0.46886161240150803,0.790123264922521
35.18,-12.451139999999999,-39.9769,0.4688639611239247,0.7549018431613039,0.0,0.7901232335260043
35.2,29.819589999999998,-39.32154,0.4688640170163314,0.7568626193206163,0.47252464964105456,0.7921808356478061
35.22,30.14728,-38.993854999999996,0.4725270376722646,0.756862649239686,0.4725247055337143,0.7942384377696078
35.24,30.47496,-38.33849,0.4725270376722646,0.7588234253989985,0.4761876868806011,0.7962960712879262
35.26,30.80265,-38.338495,0.4761900583281978,0.7588234253989985,0.4761877427732608,0.7962960398914095
35.28,33.42413,-37.683135,0.4761901142206044,0.7588233954799286,0.505491984796973,0.8004112755315297
35.3,41.943934999999996,-37.027770000000004,0.5347983888231284,0.7627449777176232,0.542122357192438,0.8004112755315297
35.32,41.943945,-37.355455,0.5384614653714682,0.7627449777176232,0.5384593758455511,0.7983536420132112
35.34,42.5993,-37.683144999999996,0.5421243742425881,0.760784171639241,0.542122357192438,0.7983536106166945
35.36,42.599305,-38.010835,0.5421243742425881,0.7607841417201712,0.5421224130850977,0.796295977098376
35.38,43.254665,-38.99389,0.5457873390061145,0.7568625594824766,0.5457853944319844,0.7942383121835407
35.4,44.23771,-39.64926,0.5494503596620477,0.7568625295634068,0.553111357125758,0.7901230765434206
35.42,44.237705,-40.304635,0.5494503596620477,0.7529409174066426,0.5531113012330983,0.7901230451469039
35.44,45.220745,-40.63232,0.5567762891891007,0.7529408874875727,0.5567742825799851,0.7880654430251022
35.46,45.220745,-41.28769,0.5567762891891007,0.7509800814091906,0.5567742825799851,0.7860078095067836
35.48,45.54842,-41.615375,0.5604392539526271,0.7490193052498783,0.5567742266873255,0.7860077781102669
35.5,45.220735000000005,-41.61538,0.556776233296694,0.7490192753308084,0.5567742266873255,0.7860077781102669
35.52,45.22073,-41.94307,0.5567761774042874,0.7490192454117386,0.5567742266873255,0.7839501445919485
35.54,50.463685,-42.92612,0.5750912247915465,0.7470584393333565,0.5970676363223368,0.7798349089518282
35.56,53.740535,-43.581475,0.6043954459314185,0.7431369169338015,0.6043936549087701,0.7798349089518282
35.58,53.412855,-43.2538,0.600732481167892,0.7431368870147318,0.6043936549087701,0.78189251107363
35.6,53.740535,-42.926114999999996,0.6043954459314185,0.7450976930931138,0.6043936549087701,0.78189251107363
35.62,53.74054,-42.926125,0.6043954459314185,0.745097663174044,0.6043937108014298,0.7818924796771132
35.64,53.412855,-42.92613,0.600732481167892,0.7450976332549742,0.6043936549087701,0.7818924796771132
35.66,53.08517,-43.25381,0.6007324252754853,0.7450976332549742,0.6007306735618833,0.7798348775553116
35.68,52.757495000000006,-43.25381,0.600732481167892,0.7450976332549742,0.5970676922149966,0.7798348775553116
35.7,58.328104999999994,-41.6154,0.6080584106949449,0.7450976332549742,0.6520129713448953,0.7901229509573535
35.72,71.10781,-39.976975,0.6886447533406612,0.7529408575685029,0.7142846044171858,0.7921805844756721
35.74,72.418565,-40.304665,0.7106229331686669,0.752940827649433,0.7069586417234122,0.7901229509573535
35.76,72.746235,-40.632345,0.7106228772762603,0.752940827649433,0.7106215671776392,0.7880653488355518
35.78,72.746235,-41.28771,0.7106228772762603,0.7509800215710509,0.7106215671776392,0.7860077467137501
35.8,72.746235,-41.28772,0.7106228772762603,0.750979991651981,0.7106215671776392,0.7860077153172333
35.82,73.40159,-41.615395,0.7106228213838536,0.7509800215710509,0.7179475298714129,0.7839501131954316
35.84,74.384625,-41.943084999999996,0.7179487509109066,0.7490192154926687,0.7216104553256399,0.783950081798915
35.86,74.38461,-42.598455,0.7179486391260932,0.7470584094142866,0.7216103994329802,0.7818924482805965
35.88,75.039965,-42.59845,0.7216116038896196,0.7470584094142866,0.7252733248872073,0.7818924796771132
35.9,74.71229,-42.59845,0.7216116038896196,0.7450976332549742,0.7216103994329802,0.783950081798915
35.92,75.03997,-41.94309,0.7216116038896196,0.749019185573599,0.725273380779867,0.783950081798915
35.94,75.367655,-41.943084999999996,0.7252745686531462,0.7490192154926687,0.7252734366725268,0.783950081798915
35.96,75.03998,-42.59845,0.7216116597820263,0.7470584094142866,0.7252734366725268,0.7818924796771132
35.98,74.7123,-42.92613,0.7252746245455529,0.7450976332549742,0.7179474739787531,0.7818924796771132
36.0,76.35073,-42.92613,0.7216116597820263,0.7450976332549742,0.7399256974160321,0.7818924796771132
36.02,78.64453,-42.926125,0.747252860265965,0.745097663174044,0.7399256974160321,0.7818924796771132
36.04,77.989165,-42.59844,0.7399268748465055,0.745097663174044,0.7399256974160321,0.7839501131954316
36.06,77.661485,-42.270759999999996,0.7399268748465055,0.7470584393333565,0.7362627160691453,0.7839501131954316
36.08,77.66149,-42.270759999999996,0.7399268748465055,0.7470584393333565,0.736262771961805,0.7839501131954316
36.1,77.661495,-41.94308,0.7362639100829791,0.7490192154926687,0.7399258092013515,0.7839501131954316
36.12,77.98918,-42.270765,0.7399269307389122,0.7470584393333565,0.7399258092013515,0.783950081798915
36.14,78.64455,-42.59845,0.7435899513948453,0.7470584094142866,0.743588846440898,0.7818924796771132
36.16,79.29991,-42.926135,0.7472529161583717,0.7450976332549742,0.7472518277877848,0.7818924482805965
36.18,79.299915,-43.253825,0.7472529720507785,0.7450976033359045,0.7472518277877848,0.779834814762278
36.2,79.299915,-44.236864999999995,0.7472529720507785,0.7431368271765921,0.7472518277877848,0.7757196105186746
36.22,79.299915,-44.56455,0.7472529720507785,0.7411760210982099,0.7472518277877848,0.7757196105186746
36.24,79.299915,-44.89223,0.7472529720507785,0.7392152449388976,0.7472518277877848,0.7757196105186746
36.26,79.29991,-45.54759,0.7472529161583717,0.7372544687795852,0.7472518277877848,0.7736620083968728
36.28,77.98919,-45.87476,0.7399269866313187,0.7372575205247062,0.7399258650940111,0.7716044062750711
36.3,79.29992999999999,-45.875280000000004,0.7399270425237254,0.7352936627012031,0.7545779581595374,0.7736619770003561
36.32,86.18131500000001,-45.54759,0.7802202138465837,0.7372544687795852,0.7912083864476621,0.7736620083968728
36.34,85.85364,-45.219905,0.7838832903949234,0.7392152748579675,0.7838823678612288,0.7736620083968728
36.36,85.19828,-45.21991,0.7802203256313969,0.7392152449388976,0.780219386514342,0.7736620083968728
36.38,84.215245,-44.89223,0.7765573608678704,0.7392152449388976,0.7728934797132282,0.7757196105186746
36.4,83.88757,-44.236869999999996,0.7728944519967506,0.7411760210982099,0.7728934797132282,0.7777772126404763
36.42,83.5599,-44.236869999999996,0.7728945078891573,0.7411760210982099,0.7692305542590011,0.7777772126404763
36.44,82.90455,-44.56455,0.7655686342545109,0.7411760210982099,0.7692306101516608,0.7757196105186746
36.46,82.90456,-44.56455,0.7692316549104442,0.7411760210982099,0.7655676846974337,0.7757196105186746
36.48,82.576875,-44.89223,0.7655686901469176,0.7392152449388976,0.765567628804774,0.7757196105186746
36.5,81.921515,-44.564555,0.7619057253833912,0.7411760210982099,0.7619046474578872,0.7757195791221578
36.52,84.54296500000001,-44.23688,0.7619056694909845,0.7372544388605154,0.7912086659109607,0.7818923854875629
36.54,98.961075,-41.61542,0.8461548092230072,0.749019155654529,0.8681324479414371,0.7860076525241999
36.56,22.939355,-41.28774,0.8644700801798931,0.7509799318138415,5.868729269758093e-06,0.7860076525241999
36.58,100.59951,-40.96006,0.8644700242874864,0.7509799318138415,0.8681324479414371,0.7880652546460015
36.6,100.27183,-40.304705,0.8644700242874864,0.7529407079731538,0.8644694665945503,0.7901228253712865
36.62,100.92719,-39.97703,0.8681329890510129,0.7549014542133963,0.8681324479414371,0.7901228253712865
36.64,101.254865,-40.304715,0.8681329890510129,0.752940678054084,0.8717953733956642,0.7901227939747698
36.66,101.58254,-40.96008,0.8717958979221327,0.7529406481350143,0.8717953733956642,0.7860075897311664
36.68,102.237895,-41.287774999999996,0.8754588626856592,0.750979842056632,0.8754582988498912,0.7860075269381329
36.7,102.56556499999999,-41.943145,0.8754588067932526,0.7490190359782499,0.8791212243041182,0.7839498934198144
36.72,109.77465000000001,-41.615455,0.893773798288105,0.7490190359782499,0.9413931368397073,0.7860075583346496
36.74,118.94984,-40.960085,0.9633714702128686,0.750979842056632,0.9743603043176464,0.7880651918529681
36.76,118.62216,-40.63241,0.967034434976395,0.7529406182159444,0.9670343416238729,0.7880651604564514
36.78,118.94984,-40.63241,0.967034434976395,0.7529406182159444,0.9706973229707597,0.7880651604564514
36.8,119.27752,-40.632415,0.9706973997399214,0.7529406182159444,0.9706973229707597,0.7880651290599346
36.82,118.62216,-40.9601,0.967034434976395,0.7509798121375623,0.9670343416238729,0.7880651290599346
36.84,118.62216,-40.30474,0.967034434976395,0.7529405882968746,0.9670343416238729,0.7901227311817364
36.86,118.62215499999999,-39.977055,0.967034434976395,0.7529406182159444,0.9670342857312133,0.7921803333035381
36.88,117.63912,-40.304735,0.959708505449342,0.7529406182159444,0.9633713602769862,0.7901227311817364
36.9,117.9668,-39.649375,0.9633714702128686,0.7549013943752567,0.9633713602769862,0.7921803333035381
36.92,117.31144,-39.64937,0.959708505449342,0.7549013943752567,0.9597083789300994,0.7921803647000548
36.94,116.65608499999999,-38.99401,0.9597085613417486,0.7568621705345691,0.9523824162363259,0.7942379668218564
36.96,115.673045,-39.321695,0.9487196670511693,0.7568621705345691,0.9523824162363259,0.7921803333035381
36.98,115.345365,-39.977064999999996,0.9487196670511693,0.7549013644561869,0.9487194348894391,0.7901226997852195
37.0,114.69,-40.960105,0.9487196111587626,0.7529405882968746,0.9413934721956655,0.7860074955416161
37.02,114.03463500000001,-41.615475,0.9413936816317096,0.74901900605918,0.9413934163030058,0.7860074641450994
37.04,113.051585,-42.598524999999995,0.9377306609757764,0.7470581999807979,0.9340673977165724,0.7818922285049792
37.06,112.06852,-43.581565,0.93040461966391,0.7450974238214856,0.9304042486917067,0.7777770242613757
37.08,110.43010000000001,-44.564615,0.9230785783520438,0.741175841583791,0.9194151928657268,0.7757193907430573
37.1,109.11935,-45.219975000000005,0.9157524811477706,0.7392150654244788,0.912089062493974,0.7736617886212556
37.12,108.136285,-45.547664999999995,0.9084263839434977,0.7392150355054089,0.9084259693617679,0.7716041551029371
37.14,108.136275,-46.53071,0.9084263280510911,0.7352934532677144,0.9084259134691082,0.7695465529811354
37.16,107.48092,-46.858395,0.9047633632875646,0.733332677108402,0.9047629880148812,0.7695465215846186
37.18,107.8086,-46.8584,0.9047633632875646,0.7333326471893322,0.9084259693617679,0.7695465215846186
37.2,108.13629,-47.186085,0.9084263839434977,0.7333326471893322,0.9084260252544276,0.7674888880663001
37.22,108.46397999999999,-47.84145,0.9084264398359044,0.7313718411109501,0.912089062493974,0.7654312859444984
37.24,108.46399,-48.169135,0.908426495728311,0.7294110649516377,0.9120891183866338,0.7654312545479818
37.26,109.447025,-48.169135,0.9120894604918375,0.7294110649516377,0.9194150251877476,0.7654312545479818
37.28,110.10237000000001,-48.824505,0.9194153341264838,0.7274502588732557,0.9194149134024283,0.7633736210296632
37.3,110.75772,-48.824505,0.9230781871051971,0.7274502588732557,0.9230778947493151,0.7633736210296632
37.32,110.430035,-48.496825,0.9194152223416706,0.7294110350325679,0.9230778388566554,0.7633736210296632
37.34,114.034565,-49.15218,0.9340671931805898,0.7274502588732557,0.9487191554261405,0.7613160503043783
37.36,115.673005,-49.47986,0.952382408245069,0.7254894827139432,0.9487192113188002,0.7613160503043783
37.38,115.345325,-48.8245,0.9487193875891358,0.7274502588732557,0.9487192672114599,0.7633736524261799
37.4,115.67302,-48.8245,0.9523824641374756,0.7274502588732557,0.9487193231041197,0.7633736524261799
37.42,115.67301,-48.49682,0.952382408245069,0.7294110350325679,0.9487192672114599,0.7633736524261799
37.44,116.32838,-48.49682,0.9523824641374756,0.7294110350325679,0.9560452857978932,0.7633736524261799
37.46,116.32838,-48.824510000000004,0.9523824641374756,0.7274502289541858,0.9560452857978932,0.7633736210296632
37.48,116.984945,-49.152195,0.9560589548634163,0.7274502289541858,0.9597082112521202,0.7613159875113448
37.5,103.87632500000001,-56.361165,0.9487193875891358,0.7196071243169364,0.8205126843640341,0.7242790865258802
37.52,32.44104,-76.677395,0.593406551640839,0.6568620777854526,0.37728551373486663,0.6625508030962114
37.54,-15.07319,-83.8864,0.23443086271382896,0.6215679573224815,0.20512349008075764,0.6543202690229376
37.56,-16.056215,-82.5757,0.21245313002507668,0.6274502259622787,0.2161125459067374,0.6563778083517058
37.58,-15.073185,-82.248035,0.2161160388961965,0.6274501661241391,0.22343845270785123,0.6584353790769907
37.6,-13.43479,-81.592685,0.22710487729436932,0.6294109123643816,0.23076441540162482,0.6604929498022757
37.62,-12.451744999999999,-81.592705,0.23443086271382896,0.6294108525262421,0.23442739674851162,0.6604928870092422
37.64,-11.796395,-82.575755,0.2380937715849488,0.62745004644786,0.23809032220273868,0.656377651369122
37.66,-11.468715,-83.231135,0.24175673634847528,0.625489210450408,0.23809032220273868,0.6543199864542869
37.68,-11.796395,-83.8865,0.2380937715849488,0.6235284043720257,0.23809032220273868,0.6522623843324851
37.7,-11.796405,-84.214185,0.23809371569254212,0.6215676282127135,0.23809026631007896,0.6522623529359683
37.72,-12.45177,-84.214185,0.23443069503660893,0.6215676282127135,0.23442728496319215,0.6522623529359683
37.74,-12.124089999999999,-83.88651,0.23443069503660893,0.6235283744529561,0.23809026631007896,0.6522623529359683
37.76,-11.796395,-84.214195,0.23809371569254212,0.6215675982936436,0.23809037809539838,0.6522623215394515
37.78,-11.468705,-83.55884,0.2380937715849488,0.6235283445338861,0.24175341533494488,0.6543199236612534
37.8,-11.141015,-83.558845,0.24175684813328863,0.6235283445338861,0.24175341533494488,0.6543198922647365
37.82,-10.48564,-83.558845,0.2454198687892218,0.6235283445338861,0.2454165084671511,0.6543198922647365
37.84,-10.813320000000001,-83.23116,0.2417569040256953,0.6254891206931985,0.2454165084671511,0.6543199236612534
37.86,-13.43478,-85.524925,0.24541992468162846,0.6235283445338861,0.21244939688187148,0.6419742795339263
37.88,-22.937615,-90.112475,0.1758228116809317,0.6039204931835532,0.17581908037906627,0.6337437768571691
37.9,-22.282255,-89.784795,0.1794857764444582,0.6058812693428657,0.17948206172595305,0.6337437768571691
37.92,-22.609935,-90.44016,0.1794857764444582,0.6039204632644835,0.17581908037906627,0.6316861747353674
37.94,-22.60994,-90.44016500000001,0.17582275578852505,0.6039204632644835,0.17948206172595305,0.6316861433388506
37.96,-22.282245000000003,-90.11248499999999,0.17948583233686485,0.6039204632644835,0.17948211761861277,0.6337437454606524
37.98,-22.28224,-90.11248499999999,0.17948583233686485,0.6039204632644835,0.17948217351127246,0.6337437454606524
38.0,-21.954549999999998,-90.11248499999999,0.17948588822927156,0.6039204632644835,0.18314521075081894,0.6337437454606524
38.02,-21.62687,-90.11248,0.183148852992798,0.6039204632644835,0.18314521075081894,0.6337437768571691
38.04,-22.282224999999997,-90.439445,0.1794859441216782,0.6039204632644835,0.1794822294039322,0.6316906644372627
38.06,-22.282224999999997,-90.44016500000001,0.1794859441216782,0.6039204632644835,0.1794822294039322,0.6316861433388506
38.08,-22.609904999999998,-90.76785,0.1794859441216782,0.6019596571861013,0.17581924805704538,0.6316861433388506
38.1,-22.93759,-91.095525,0.17582292346574505,0.6019596871051711,0.17581924805704538,0.6296285412170489
38.12,-22.93759,-91.75089,0.17582292346574505,0.599998881026789,0.17581924805704538,0.6275709390952472
38.14,-23.26527,-91.75089,0.17215995870221856,0.599998881026789,0.17581924805704538,0.6275709390952472
38.16,-23.265265,-92.07857,0.17215995870221856,0.5980381048674765,0.1758193039497051,0.6275709390952472
38.18,-23.59294,-92.078575,0.17216001459462524,0.5980381048674765,0.17215632260281832,0.6275709076987305
38.2,-23.59294,-92.07857,0.17216001459462524,0.5980381048674765,0.17215632260281832,0.6275709390952472
38.22,-23.59294,-91.75089,0.17216001459462524,0.5980381048674765,0.17215632260281832,0.6296285412170489
38.24,-23.59294,-91.42321,0.17216001459462524,0.599998881026789,0.17215632260281832,0.6296285412170489
38.26,-23.59294,-91.42321,0.17216001459462524,0.599998881026789,0.17215632260281832,0.6296285412170489
38.28,-23.592934999999997,-91.42321,0.17216007048703189,0.599998881026789,0.17215632260281832,0.6296285412170489
38.3,-22.609904999999998,-91.750895,0.17582297935815172,0.599998881026789,0.1794822294039322,0.6275709076987305
38.32,-21.954565000000002,-91.7509,0.17948583233686485,0.5999988511077191,0.18314509896549955,0.6275709076987305
38.34,-21.62689,-91.42322,0.18314874120798472,0.5999988511077191,0.18314509896549955,0.6296285098205322
38.36,-21.62689,-91.7509,0.18314874120798472,0.5999988511077191,0.18314509896549955,0.6275709076987305
38.38,-21.954575,-92.078585,0.18314874120798472,0.5999988511077191,0.17948206172595305,0.6255132741804119
38.4,-8.84721,-89.129445,0.21611581532656982,0.605881209504726,0.2930359366885958,0.6378589811007725
38.42,1.31104,-88.146395,0.31501731714435854,0.6098028216614904,0.3076883092174206,0.6399165832225743
38.44,-0.32737000000000055,-87.49104,0.3003654021978459,0.6117635679017329,0.3040252719778741,0.6419741853443759
38.46,0.0003099999999989,-87.49104,0.3040283669613724,0.6117635679017329,0.3040252719778741,0.6419741853443759
38.48,-0.655055000000005,-87.16336,0.3003654021978459,0.6117635679017329,0.30036223473832757,0.6440317874661777
38.5,-0.655055000000005,-87.16336,0.3003654021978459,0.6137243440610451,0.30036223473832757,0.6419741853443759
38.52,-1.3104149999999999,-86.83568,0.29670243743431945,0.6137243440610451,0.2966992533914408,0.6440317874661777
38.54,-1.6381000000000001,-86.83568,0.29670238154191275,0.6137243440610451,0.29303627204455407,0.6440317874661777
38.56,-2.62114,-86.83568,0.2893764520148598,0.6137243440610451,0.2893732906976673,0.6440317874661777
38.58,-2.29346,-86.835675,0.2893764520148598,0.613724373980115,0.29303627204455407,0.6440317874661777
38.6,-2.29346,-86.83568,0.2893764520148598,0.6137243440610451,0.29303627204455407,0.6440317874661777
38.62,-2.6211450000000003,-86.18032,0.2893764520148598,0.6156851202203576,0.28937323480500754,0.6460893895879793
38.64,-2.29346,-86.18031500000001,0.29303941677838624,0.6156851501394273,0.2893732906976673,0.6460893895879793
38.66,-2.62114,-86.507995,0.2893764520148598,0.6156851501394273,0.2893732906976673,0.6440317874661777
38.68,-2.62114,-86.83567500000001,0.2893764520148598,0.6156851501394273,0.2893732906976673,0.6419741853443759
38.7,-0.32735500000000006,-86.18031500000001,0.2893764520148598,0.6137243440610451,0.3150144395891733,0.6481470231062979
38.72,4.260245,-85.85262,0.3296696792301246,0.6176459562178095,0.3260036630931322,0.6460894523810129
38.74,3.604875,-85.85262,0.3260066585741914,0.6176459562178095,0.3223406258535857,0.6460894523810129
38.76,3.93256,-85.852625,0.3260066585741914,0.6176459562178095,0.3260036630931322,0.6460894209844962
38.78,3.93256,-85.85263,0.3260066585741914,0.6176459262987397,0.3260036630931322,0.6460894209844962
38.8,4.2602400000000005,-86.18031,0.3260066585741914,0.6156851501394273,0.32966664444001903,0.6460894209844962
38.82,4.58792,-85.85263,0.32966962333771793,0.6156851501394273,0.32966664444001903,0.6481470231062979
38.84,4.587925,-86.83568,0.3296696792301246,0.6156851202203576,0.32966664444001903,0.6419741853443759
38.86,17.69529,-82.90350000000001,0.3699627387681693,0.6235282547766767,0.4358945008162285,0.65843509650834
38.88,30.475,-81.920445,0.4725272053494846,0.6294106730118232,0.4761879663438996,0.65843509650834
38.9,29.491975,-80.937405,0.46886440826317816,0.6313714192520657,0.46886200365012604,0.6625503321484603
38.92,29.16429,-80.28204,0.46886435237077145,0.633332225330448,0.4651990223032393,0.6646079342702619
38.94,28.83661,-79.626675,0.46520138760724494,0.63529303140883,0.4651990223032393,0.6666655363920636
38.96,28.83662,-79.62668,0.46520144349965165,0.6352930014897602,0.465199078195899,0.6666655363920636
38.98,28.83662,-79.95435499999999,0.46520144349965165,0.63529303140883,0.465199078195899,0.6646079342702619
39.0,29.1643,-79.95436,0.46520144349965165,0.6352930014897602,0.4688620595427858,0.6646079342702619
39.02,29.49197,-79.954365,0.46886435237077145,0.6352930014897602,0.46886200365012604,0.6646079028737452
39.04,30.147315,-80.282045,0.47252726124189126,0.633332225330448,0.4725248732116934,0.6646079028737452
39.06,30.80266,-80.60973,0.4761901142206044,0.633332195411378,0.4761877986659205,0.6625503007519434
39.08,30.802655,-80.609725,0.4761901142206044,0.633332225330448,0.4761877427732608,0.6625503007519434
39.1,31.13033,-80.93741,0.4761900583281978,0.6313714192520657,0.4798507241201476,0.6625503007519434
39.12,31.130325,-80.937405,0.4761900583281978,0.6313714491711355,0.47985066822748784,0.6625503007519434
39.14,30.802645,-80.60972,0.4761900583281978,0.6313714491711355,0.4761876868806011,0.6646079342702619
39.16,30.80264,-80.28204,0.4761900024357911,0.633332225330448,0.4761876868806011,0.6646079342702619
39.18,30.80264,-79.62668,0.4761900024357911,0.6352930014897602,0.4761876868806011,0.6666655363920636
39.2,32.113375,-79.62668,0.4761900024357911,0.6352930014897602,0.49083977994612726,0.6666655363920636
39.22,37.35634,-80.28205,0.5128202089951227,0.633332195411378,0.5128180592760659,0.6646079028737452
39.24,37.35633,-79.626685,0.512820153102716,0.6352930014897602,0.5128180033834062,0.6666655049955469
39.26,37.356335,-79.954365,0.5128202089951227,0.6352930014897602,0.5128180033834062,0.6646079028737452
39.28,37.356335,-79.626685,0.512820153102716,0.6352930014897602,0.5128180592760659,0.6666655049955469
39.3,37.356335,-79.626685,0.5128202089951227,0.6352930014897602,0.5128180033834062,0.6666655049955469
39.32,37.35633,-79.95437,0.512820153102716,0.6352929715706904,0.5128180033834062,0.6646079028737452
39.34,37.68401,-79.954375,0.512820153102716,0.6352929715706904,0.516480984730293,0.6646078714772283
39.36,38.0117,-79.954375,0.5164831737586492,0.6352929715706904,0.5164810406229527,0.6646078714772283
39.38,38.66705,-79.6267,0.520146082629769,0.6352929416516205,0.5201439660771798,0.6666654735990302
39.4,43.91,-78.31597500000001,0.520146082629769,0.6352929416516205,0.5787524501246043,0.6748959134827537
39.42,67.50332,-75.03916,0.6630037764263491,0.6490184346049467,0.6996327908149581,0.6810687512446757
39.44,68.81409,-74.383795,0.6923081652434411,0.6509792406833287,0.6849807536420914,0.6831263533664773
39.46,67.83104,-74.05611999999999,0.6849821239315748,0.6529400168426411,0.6813177722952046,0.6831263219699606
39.48,67.503355,-75.366855,0.6813191591680482,0.6490184046858768,0.6813177164025449,0.6790110863298404
39.5,66.848,-79.299065,0.6813191591680482,0.6431359864507303,0.6739918096014311,0.6604924474580076
39.52,61.277585,-134.349815,0.6593416500489226,0.5705865205794283,0.6337003562095096,0.3909441519701926
39.54,67.17633000000001,-273.286635,0.6666703183039023,0.11176166804079973,0.6923109641780032,0.0
39.56,72.747075,-291.963435,0.72161713723788,1.3164390718816577e-06,0.6996366474084782,1.94658403847374e-06
39.58,64.22692500000001,-280.82284000000004,0.666669535810209,0.0,0.6593417286716545,0.06995850353777514
39.6,62.916205000000005,-243.46762,0.6556805297348163,0.12156695503364266,0.6556788591100872,0.17695315454461283
39.62,65.53753499999999,-216.92561999999998,0.6666689209937356,0.20587997085523574,0.6739930392399448,0.25514190958701116
39.64,67.831205,-197.92013,0.6813201652313683,0.2705856738697526,0.684981592031987,0.3065821824076713
39.66,67.50348,-182.846765,0.6849828505328615,0.3156837948055648,0.6776554057675748,0.3539072823812449
39.68,66.520405,-170.06717500000002,0.6776566974361817,0.35686030358461274,0.6739922567427088,0.3909443403492931
39.7,64.554305,-159.58135499999997,0.666667691360789,0.38823290164802915,0.663003200916729,0.42386616267722116
39.72,62.5882,-150.07858,0.6556786852853961,0.41960549971144556,0.6520140891980896,0.4506151472432272
39.74,62.26048,-142.86955999999998,0.6520154969522429,0.4411742169783002,0.6520138656274508,0.4732489589621467
39.76,62.260455,-136.31592,0.6520153292750229,0.4627428744070152,0.6520137538421313,0.49176750364442917
39.78,62.58811,-131.072995,0.6520151615978029,0.4764684571175507,0.6556766234036987,0.5102860483267116
39.8,62.260425,-126.81312,0.6520151615978029,0.4901939799899466,0.6520135861641522,0.5226317866435889
39.82,62.260405,-122.22557,0.6520150498129896,0.5039195028623424,0.6520134743788327,0.5370350956857513
39.84,62.2604,-118.62104500000001,0.6520149939205829,0.5156843094135656,0.6520134743788327,0.5473232318808269
39.86,62.2604,-115.67191,0.6520149939205829,0.5254882500482669,0.6520134743788327,0.5555536717645504
39.88,62.2604,-113.378125,0.6520149939205829,0.533331414523656,0.6520134743788327,0.561726572319506
39.9,62.260395,-111.084345,0.6520149939205829,0.5392138028397326,0.6520134184861731,0.5699570435997463
39.92,62.589349999999996,-109.77361,0.6520149939205829,0.5450961911558092,0.6556906524612863,0.5720146771180648
39.94,62.91576,-108.13519500000001,0.6556779586841094,0.5490177733935038,0.6556764557257195,0.5781875462765034
39.96,63.243435,-107.80751000000001,0.6556779586841094,0.5509785794718859,0.6593393811799466,0.5781875462765034
