t_s,x,y,x_left,y_left,x_right,y_right
0.14,1.6383800000000002,5.000000001587e-06,1.31071,0.0,1.96605,1.0000000003174e-05
0.16,1.9660549999999999,5.000000001587e-06,1.96606,0.0,1.96605,1.0000000003174e-05
0.18,1.638375,-0.327675,1.96606,0.0,1.31069,-0.65535
0.2,1.310695,5.000000001587e-06,1.3107,0.0,1.31069,1.0000000003174e-05
0.22,1.96606,9.99999999962135e-06,1.96606,9.9999999960687e-06,1.96606,1.0000000003174e-05
0.24,2.293745,9.99999999962135e-06,1.96607,9.9999999960687e-06,2.62142,1.0000000003174e-05
0.26,1.966065,5.000000001587e-06,1.96607,0.0,1.96606,1.0000000003174e-05
0.28,2.293745,5.000000001587e-06,2.62143,0.0,1.96606,1.0000000003174e-05
0.3,2.6214250000000003,0.32768,2.62143,0.65536,2.62142,0.0
0.32,2.6214250000000003,-0.327679999999995,2.62143,0.0,2.62142,-0.65535999999999
0.34,2.293745,0.0,2.62143,0.0,1.96606,0.0
0.36,2.6214250000000003,0.0,2.62143,0.0,2.62142,0.0
0.38,2.6214250000000003,-5.000000001587e-06,2.62143,-1.0000000003174e-05,2.62142,0.0
0.4,2.6214250000000003,0.0,2.62143,0.0,2.62142,0.0
0.42,2.6214250000000003,0.655355,2.62143,0.65535,2.62142,0.65536
0.44,2.293745,0.327675,2.62143,0.65535,1.96606,0.0
0.46,2.293745,0.65536,2.62143,0.65536,1.96606,0.65536
0.48,1.96607,0.65536,1.96607,0.65536,1.96607,0.65536
0.5,1.96607,1.3107250000000001,1.96607,1.31072,1.96607,1.31073
0.52,1.310715,1.966085,1.31072,1.96608,1.31071,1.96609
0.54,1.310715,2.949125,1.31072,2.62144,1.31071,3.27681
0.56,1.6384049999999948,3.6044850000000004,0.65535999999999,3.2768,2.62145,3.93217
0.58,2.2937849999999997,4.25984,2.62147,3.93216,1.9661,4.58752
0.6,1.966105,4.9152000000000005,1.96611,4.58752,1.9661,5.24288
0.62,1.31075,5.57056,1.31075,5.24287,1.31075,5.89825
0.64,1.31075,5.57056,1.31075,5.89824,1.31075,5.24288
0.66,1.310755,5.898245,1.31076,5.89824,1.31075,5.89825
0.68,0.655395,6.553595,0.6554,6.55359,0.65539,6.5536
0.7,0.655395,6.8812750000000005,0.6554,6.55359,0.65539,7.20896
0.72,0.6554,7.208955,0.65541,7.20895,0.65539,7.20896
0.74,0.32772000000000123,7.208955,0.65541,7.20895,3.0000000002417e-05,7.20896
0.76,3.9999999998486e-05,7.8643149999999995,3.9999999998486e-05,7.86431,3.9999999998486e-05,7.86432
0.78,4.4999999996520005e-05,8.519675,4.9999999994554e-05,8.51967,3.9999999998486e-05,8.51968
0.8,-0.655315,9.175035,-0.65531,9.17503,-0.65532,9.17504
0.82,-0.9829950000000001,9.502714999999998,-0.65531,9.17503,-1.31068,9.8304
0.84,-0.655315,9.83039,-0.65531,9.83039,-0.65532,9.83039
0.86,-0.655315,10.158065,-0.65531,10.48574,-0.65532,9.83039
0.88,-0.32763999999999877,10.158065,-0.65531,9.83038,3.0000000002417e-05,10.48575
0.9,-0.3276449999999988,9.83038,-0.65532,9.83038,3.0000000002417e-05,9.83038
0.92,-0.655330000000005,10.158055000000001,-0.65533000000001,10.48573,-0.65533,9.83038
0.94,-0.9830049999999999,10.485735,-0.65532,10.48573,-1.31069,10.48574
0.96,-0.65532,10.813424999999999,-0.65532,11.1411,-0.65532,10.48575
0.98,-1.310675,10.813424999999999,-1.31067,11.1411,-1.31068,10.48575
1.0,-0.98299,10.813414999999999,-0.65531,11.14109,-1.31067,10.48574
1.02,-0.982985,10.48573,-1.31066,10.48573,-0.65531,10.48573
1.04,-0.655305,10.813410000000001,-0.6553,10.48573,-0.65531,11.14109
1.06,-0.655305,10.158045000000001,-0.6553,10.48572,-0.65531,9.83037
1.08,-0.6553,10.158045000000001,-0.6553,10.48572,-0.6553,9.83037
1.1,-0.98298,10.48572,-0.6553,10.48572,-1.31066,10.48572
1.12,-1.3106550000000001,9.830355,-1.31065,9.83035,-1.31066,9.83036
1.14,-0.6553,9.830355,-0.6553,9.83035,-0.6553,9.83036
1.16,-0.655295,9.830355,-0.65529,9.83035,-0.6553,9.83036
1.18,-0.655295,9.830355,-0.65529,9.83035,-0.6553,9.83036
1.2,-0.655295,9.50267,-0.65529,9.83034,-0.6553,9.175
1.22,-0.6553,9.502675,-0.65529,9.83035,-0.65531,9.175
1.24,-0.655295,9.174995,-0.65529,9.17499,-0.6553,9.175
1.26,11.796655,10.15804,5.89836,9.83035,17.69495,10.48573
1.28,19.988770000000002,11.141095,20.97181,11.14109,19.00573,11.1411
1.3,19.005735,11.14109,19.00574,11.14109,19.00573,11.14109
1.32,18.350375,11.14109,18.35038,11.14109,18.35037,11.14109
1.34,18.35038,11.46877,18.35038,11.79644,18.35038,11.1411
1.36,18.022705000000002,11.796455,18.35039,11.79645,17.69502,11.79646
1.38,17.695025,11.796455,17.69503,11.79645,17.69502,11.79646
1.4,17.695025,11.796455,17.69503,11.79645,17.69502,11.79646
1.42,17.695025,11.796455,17.69503,11.79645,17.69502,11.79646
1.44,17.695025,11.79645,17.69503,11.79645,17.69502,11.79645
1.46,18.022705000000002,11.796455,18.35039,11.79645,17.69502,11.79646
1.48,18.350385000000003,11.46877,18.35039,11.79645,18.35038,11.14109
1.5,18.350385000000003,11.46877,18.35039,11.79645,18.35038,11.14109
1.52,19.005755,11.141095,17.69503,11.14109,20.31648,11.1411
1.54,27.853209999999997,11.141095,26.87016,11.14109,28.83626,11.1411
1.56,28.180905000000003,11.796455,28.18091,11.79645,28.1809,11.79646
1.58,28.180905000000003,11.468775,28.18091,11.79645,28.1809,11.1411
1.6,28.180905000000003,11.141095,28.18091,11.14109,28.1809,11.1411
1.62,28.836264999999997,10.813424999999999,28.83627,11.1411,28.83626,10.48575
1.64,28.836264999999997,10.485745,28.83627,10.48574,28.83626,10.48575
1.66,28.836264999999997,10.485745,28.83627,10.48574,28.83626,10.48575
1.68,28.836264999999997,10.485745,28.83627,10.48574,28.83626,10.48575
1.7,42.926649999999995,13.107225,35.38993,12.45184,50.46337,13.76261
1.72,60.621575,15.073355,60.29388,15.07335,60.94927,15.07336
1.74,59.638555,15.401035,59.63856,15.72871,59.63855,15.07336
1.76,59.638555,15.073355,59.63856,15.07335,59.63855,15.07336
1.78,59.310874999999996,15.073355,59.63856,15.07335,58.98319,15.07336
1.8,59.310874999999996,15.073355,59.63856,15.07335,58.98319,15.07336
1.82,58.983194999999995,15.073355,58.9832,15.07335,58.98319,15.07336
1.84,58.983194999999995,15.401035,58.9832,15.72871,58.98319,15.07336
1.86,59.31088,15.728715,58.9832,15.72871,59.63856,15.72872
1.88,58.9832,16.056395000000002,58.9832,16.38407,58.9832,15.72872
1.9,58.983194999999995,15.72871,58.9832,15.72871,58.98319,15.72871
1.92,58.983194999999995,15.728705,58.9832,15.7287,58.98319,15.72871
1.94,58.9832,16.056385,58.98321,16.38406,58.98319,15.72871
1.96,58.983194999999995,15.728705,58.9832,15.7287,58.98319,15.72871
1.98,58.983194999999995,15.728705,58.9832,15.7287,58.98319,15.72871
2.0,58.983205,15.728705,58.98321,15.7287,58.9832,15.72871
2.02,59.310885,15.7287,58.98321,15.7287,59.63856,15.7287
2.04,64.226135,17.03944,58.9832,15.7287,69.46907,18.35018
2.06,94.045385,20.316335000000002,87.81942,19.66095,100.27135,20.97172
2.08,100.926725,20.971715000000003,102.23745,20.97171,99.616,20.97172
2.1,99.288325,20.971715000000003,98.96065,20.97171,99.616,20.97172
2.12,99.288325,21.299395,99.61601,21.62707,98.96064,20.97172
2.14,99.616,21.627074999999998,99.61601,21.62707,99.61599,21.62708
2.16,99.615995,21.627074999999998,99.616,21.62707,99.61599,21.62708
2.18,99.288315,21.954755,99.616,22.28243,98.96063,21.62708
2.2,99.61599,22.282435,99.616,22.28243,99.61598,22.28244
2.22,109.44641999999999,23.59319,102.8928,22.9378,116.00004,24.24858
2.24,122.88137,25.88702,122.55368,25.55933,123.20906,26.21471
2.26,122.55369,26.21471,122.5537,26.21471,122.55368,26.21471
2.28,123.209045,25.887035,123.20905,26.21471,123.20904,25.55936
2.3,122.881355,25.887045,122.55368,26.21472,123.20903,25.55937
2.32,123.209025,25.559365,123.20903,25.55936,123.20902,25.55937
2.34,123.209025,25.887055,123.20903,26.21473,123.20902,25.55938
2.36,123.536705,25.887055,123.20903,25.55937,123.86438,26.21474
2.38,123.864375,25.55938,123.86438,25.55938,123.86437,25.55938
2.4,123.864375,25.231695000000002,123.86438,25.55937,123.86437,24.90402
2.42,123.86437,25.23169,123.86437,25.55937,123.86437,24.90401
2.44,124.192055,25.231685,124.51974,25.55936,123.86437,24.90401
2.46,124.192055,24.248645000000003,123.86438,24.24864,124.51973,24.24865
2.48,125.175095,23.920975,125.1751,24.24865,125.17509,23.5933
2.5,104.20345499999999,19.66104,120.58755,21.62717,87.81936,17.69491
2.52,22.282505,6.881385,39.97742,9.83051,4.58759,3.93226
2.54,-8.847365,4.259915,-9.83043,3.27687,-7.8643,5.24296
2.56,-5.898194999999999,5.242945000000001,-5.89819,5.24294,-5.8982,5.24295
2.58,-4.91515,4.91526,-5.24283,5.24294,-4.58747,4.58758
2.6,-4.2597949999999996,4.915265,-4.58747,5.24294,-3.93212,4.58759
2.62,-3.603155,4.91527,-3.92955,5.24295,-3.27676,4.58759
2.64,-2.949065,4.2599149999999995,-3.27674,4.58759,-2.62139,3.93224
2.66,-2.621385,4.2599149999999995,-2.62138,4.58759,-2.62139,3.93224
2.68,-2.62139,3.60455,-2.62138,3.93223,-2.6214,3.27687
2.7,-2.62139,3.27687,-2.62139,3.27687,-2.62139,3.27687
2.72,-1.966035,3.276865,-1.96603,3.27686,-1.96604,3.27687
2.74,2.621539999999995,1.310785,0.65544999999999,1.96614,4.58763,0.65543
2.76,4.587635000000001,1.31078,4.58764,1.31078,4.58763,1.31078
2.78,4.25996,1.31077,3.93228,1.31077,4.58764,1.31077
2.8,4.58764,0.98309,4.58764,1.31077,4.58764,0.65541
2.82,4.587635000000001,1.310775,4.58764,1.31077,4.58763,1.31078
2.84,5.2429950000000005,1.310775,5.243,1.31077,5.24299,1.31078
2.86,5.570675,1.310765,5.243,1.31076,5.89835,1.31077
2.88,5.898350000000001,1.638445,5.89836,1.96612,5.89834,1.31077
2.9,11.79664,1.9661300000000002,6.55372,1.96612,17.03956,1.96614
2.92,29.491545000000002,2.949185,27.52544,2.6215,31.45765,3.27687
2.94,31.457665,2.621505,31.45767,2.6215,31.45766,2.62151
2.96,32.113015000000004,2.6215,32.11302,2.6215,32.11301,2.6215
2.98,32.113020000000006,2.6215,32.11303,2.6215,32.11301,2.6215
3.0,32.113015000000004,2.621505,32.11302,2.6215,32.11301,2.62151
3.02,32.113020000000006,2.949185,32.11303,2.6215,32.11301,3.27687
3.04,32.76838,2.94918,32.76838,2.6215,32.76838,3.27686
3.06,32.768384999999995,2.9491750000000003,32.76839,2.62149,32.76838,3.27686
3.08,33.096064999999996,2.94917,33.42375,3.27685,32.76838,2.62149
3.1,34.40679,2.949165,33.42375,2.62148,35.38983,3.27685
3.12,60.29378,5.570655,51.11864,5.24295,69.46892,5.89836
3.14,72.418165,7.536765,74.05656,7.86444,70.77977,7.20909
3.16,70.452095,7.536754999999999,70.12442,7.20907,70.77977,7.86444
3.18,70.77978,7.864435,70.77978,7.86443,70.77978,7.86444
3.2,71.107465,7.864435,70.77979,7.86443,71.43514,7.86444
3.22,71.10747,7.86443,70.77979,7.86443,71.43515,7.86443
3.24,71.435155,7.53674,71.43516,7.86442,71.43515,7.20906
3.26,71.43515,7.20906,71.43515,7.20906,71.43515,7.20906
3.28,72.090525,7.536735,72.09053,7.86441,72.09052,7.20906
3.3,72.41821,7.53673,72.09053,7.86441,72.74589,7.20905
3.32,72.7459,7.536735,72.7459,7.86441,72.7459,7.20906
3.34,72.09052,6.226,73.40127,7.20904,70.77977,5.24296
3.36,30.8023,-0.327635,44.56502,0.65541,17.03958,-1.31068
3.38,11.796690000000002,-1.310695,10.48595,-1.96606,13.10743,-0.65533
3.4,13.762805,-0.6553450000000001,13.76281,-0.65535,13.7628,-0.65534
3.42,14.09048,-0.655355,14.41816,-0.65536,13.7628,-0.65535
3.44,14.418155,-0.9830400000000001,14.41816,-0.65536,14.41815,-1.31072
3.46,14.745840000000001,-0.9830450000000001,14.41817,-0.65537,15.07351,-1.31072
3.48,15.073515,-1.310735,15.07352,-1.31074,15.07351,-1.31073
3.5,15.401195000000001,-1.310735,15.07352,-1.31074,15.72887,-1.31073
3.52,15.728875,-0.9830650000000001,15.72888,-0.65539,15.72887,-1.31074
3.54,15.728875,-1.31075,15.72888,-1.31075,15.72887,-1.31075
3.56,15.728875,-0.983075,15.72888,-0.6554,15.72887,-1.31075
3.58,16.056555,-1.310755,16.38424,-1.31076,15.72887,-1.31075
3.6,16.056555,-0.98308,16.38424,-0.6554,15.72887,-1.31076
3.62,20.971795,-0.32771999999999923,17.0396,-0.6554,24.90399,-3.9999999998486e-05
3.64,29.49158,0.6553249999999999,30.14695,0.65532,28.83621,0.65533
3.66,28.508525,0.6553249999999999,28.18085,0.65532,28.8362,0.65533
3.68,28.836199999999998,-3.4999999996899e-05,28.83621,-3.9999999998486e-05,28.83619,-2.9999999995312e-05
3.7,28.836195,-0.3277100000000012,28.8362,-3.0000000002417e-05,28.83619,-0.65539
3.72,28.180835000000002,-3.4999999996899e-05,28.18084,-3.9999999998486e-05,28.18083,-2.9999999995312e-05
3.74,28.508515000000003,-0.3277099999999992,28.8362,-3.9999999998486e-05,28.18083,-0.65538
3.76,53.08475,3.27682,41.28815,2.62143,64.88135,3.93221
3.78,74.056595,4.587595,75.3673,4.58759,72.74589,4.5876
3.8,70.779805,5.570625,70.77981,5.24294,70.7798,5.89831
3.82,70.124455,6.5536650000000005,70.12446,6.55366,70.12445,6.55367
3.84,70.124455,6.55366,70.12446,6.55366,70.12445,6.55366
3.86,69.796775,6.553655,69.4691,6.55365,70.12445,6.55366
3.88,69.4691,6.553655,69.4691,6.55365,69.4691,6.55366
3.9,69.469095,6.55365,69.4691,6.55365,69.46909,6.55365
3.92,69.79678,6.881325,69.4691,7.209,70.12446,6.55365
3.94,69.796785,6.881325,70.12447,7.209,69.4691,6.55365
3.96,70.124465,6.881325,70.12447,7.209,70.12446,6.55365
3.98,70.12447,6.22596,70.12447,5.89828,70.12447,6.55364
4.0,70.12447,6.22596,70.12448,6.55364,70.12446,5.89828
4.02,70.12447,6.225955,70.12448,6.55363,70.12446,5.89828
4.04,70.12447,6.225955,70.12447,6.55363,70.12447,5.89828
4.06,75.03974,7.209015,72.09058,7.209,77.9889,7.20903
4.08,77.66123999999999,7.86438,77.98893,7.86438,77.33355,7.86438
4.1,77.33356,7.864385,77.33356,7.86438,77.33356,7.86439
4.12,77.005885,7.864385,76.67821,7.86438,77.33356,7.86439
4.14,77.333565,7.864375,77.33357,7.86437,77.33356,7.86438
4.16,77.333555,7.20902,77.33356,7.20902,77.33355,7.20902
4.18,77.005875,7.209015,77.33356,7.20901,76.67819,7.20902
4.2,77.333555,7.536695,77.33356,7.86437,77.33355,7.20902
4.22,77.333545,7.209015,77.33355,7.20901,77.33354,7.20902
4.24,77.333545,6.881335,77.33355,7.20901,77.33354,6.55366
4.26,79.954995,7.536714999999999,77.33354,6.55366,82.57645,8.51977
4.28,117.63843,8.192205,108.79105,8.51985,126.48581,7.86456
4.3,124.19205500000001,9.17529,125.83046,8.51993,122.55365,9.83065
4.32,122.55366,10.486005,122.55366,10.486,122.55366,10.48601
4.34,122.55366,11.141365,122.55366,11.14136,122.55366,11.14137
4.36,122.55365499999999,11.796725,122.55366,11.79672,122.55365,11.79673
4.38,122.22598500000001,12.124405,122.55367,12.45208,121.8983,11.79673
4.4,122.22598500000001,12.45209,122.55367,12.45209,121.8983,12.45209
4.42,121.89831,13.107445,121.89831,13.10744,121.89831,13.10745
4.44,121.89831000000001,13.107455,122.55368,13.10745,121.24294,13.10746
4.46,121.89831,13.107455,121.89831,13.10745,121.89831,13.10746
4.48,121.898315,13.107455,122.55368,13.10745,121.24295,13.10746
4.5,121.898305,13.76281,121.89831,13.76281,121.8983,13.76281
4.52,121.570625,13.762815,121.24295,13.76281,121.8983,13.76282
4.54,122.553665,13.762815,122.55367,13.76281,122.55366,13.76282
4.56,121.8983,14.090495,121.24294,14.41817,122.55366,13.76282
4.58,122.55366000000001,13.762815,122.55367,13.76281,122.55365,13.76282
4.6,122.881345,14.090505,122.55367,14.41818,123.20902,13.76283
4.62,123.536705,13.10747,123.86439,13.76283,123.20902,12.45211
4.64,80.93793,4.587664999999999,105.51424,9.17522,56.36162,0.0001099999999993
4.66,9.502894999999999,-10.15802,16.38423,-8.51961,2.62156,-11.79643
4.68,5.5707450000000005,-7.864280000000001,5.24306,-8.51964,5.89843,-7.20892
4.7,5.89843,-6.8812549999999995,5.89843,-7.20893,5.89843,-6.55358
4.72,6.881475,-5.89822,7.20916,-5.89822,6.55379,-5.89822
4.74,7.209149999999999,-5.89823,7.20916,-5.89823,7.20914,-5.89823
4.76,7.86451,-5.242875,7.86451,-5.24288,7.86451,-5.24287
4.78,8.192195,-4.915195000000001,7.86452,-5.24288,8.51987,-4.58751
4.8,8.19219,-4.915195,7.86451,-4.58752,8.51987,-5.24287
4.82,8.519874999999999,-4.9152000000000005,8.51988,-4.58752,8.51987,-5.24288
4.84,9.83061,-3.932155,9.17525,-4.58752,10.48597,-3.27679
4.86,12.124405,-2.62143,11.79673,-2.62143,12.45208,-2.62143
4.88,12.452085,-2.293755,12.45209,-2.62144,12.45208,-1.96607
4.9,12.124410000000001,-2.293755,11.79673,-1.96608,12.45209,-2.62143
4.92,12.45336,-2.293755,12.45209,-1.96608,12.45463,-2.62143
4.94,12.452085,-2.621435,12.45209,-2.62144,12.45208,-2.62143
4.96,12.452085,-2.94912,12.45209,-2.62144,12.45208,-3.2768
4.98,12.452085,-2.62144,12.45209,-2.62144,12.45208,-2.62144
5.0,13.435125,-2.293755,13.10745,-1.96608,13.7628,-2.62143
5.02,26.542445,-1.6383800000000002,22.28256,-1.31071,30.80233,-1.96605
5.04,32.440754999999996,-1.310695,32.76844,-1.3107,32.11307,-1.31069
5.06,32.768435,-1.31069,32.76844,-1.31069,32.76843,-1.31069
5.08,-9.502280000000003,-1.966045,32.76844,-1.96605,-51.773,-1.96604
5.1,32.768445,-1.310675,32.76845,-1.31068,32.76844,-1.31067
5.12,32.76844,-1.310675,32.76845,-1.31068,32.76843,-1.31067
5.14,33.096115,-1.31067,32.76844,-1.31067,33.42379,-1.31067
5.16,33.4238,-1.63835,33.42381,-1.31067,33.42379,-1.96603
5.18,33.423795,-1.638355,33.4238,-1.31068,33.42379,-1.96603
5.2,35.717569999999995,-0.982985,32.76844,-1.31067,38.6667,-0.6553
5.22,63.570679999999996,2.94923,57.01698,1.96617,70.12438,3.93229
5.24,71.76291,4.915335,72.74595,4.58765,70.77987,5.24302
5.26,70.779875,5.24301,70.77988,5.24301,70.77987,5.24301
5.28,70.452195,4.915325,70.77988,5.243,70.12451,4.58765
5.3,70.45220499999999,5.243005,70.12453,5.243,70.77988,5.24301
5.32,70.77988500000001,5.243005,70.77989,5.243,70.77988,5.24301
5.34,71.107565,5.2429950000000005,71.43525,5.24299,70.77988,5.243
5.36,71.107565,5.2429950000000005,71.43525,5.24299,70.77988,5.243
5.38,71.10757,5.2429950000000005,71.43525,5.24299,70.77989,5.243
5.4,71.107565,5.24299,70.77989,5.24299,71.43524,5.24299
5.42,74.05672999999999,5.898365,70.77989,5.24299,77.33357,6.55374
5.44,90.768615,7.53681,88.47483,7.20912,93.0624,7.8645
5.46,91.42401000000001,7.8645,91.7517,7.8645,91.09632,7.8645
5.48,91.096335,7.86449,91.09634,7.86449,91.09633,7.86449
5.5,91.096335,7.86449,91.09634,7.86449,91.09633,7.86449
5.52,91.096335,7.864485,91.09634,7.86448,91.09633,7.86449
5.54,91.09633,7.864485,91.09634,7.86448,91.09632,7.86449
5.56,91.424015,7.864485,91.09634,7.86448,91.75169,7.86449
5.58,91.09633,7.864485,91.09634,7.86448,91.09632,7.86449
5.6,91.75169,7.86448,91.75169,7.86448,91.75169,7.86448
5.62,91.75169,8.192155,91.75169,8.51983,91.75169,7.86448
5.64,92.079365,8.192165,92.40705,8.51984,91.75168,7.86449
5.66,91.751685,8.519845,91.75169,8.51984,91.75168,8.51985
5.68,91.75168,8.51984,91.75169,8.51984,91.75167,8.51984
5.7,91.751685,8.51984,91.75169,8.51983,91.75168,8.51985
5.72,101.909775,10.813635,93.71777,9.83057,110.10178,11.7967
5.74,131.40106500000002,15.40129,127.14118,15.07358,135.66095,15.729
5.76,135.00563,16.384375,136.31636,16.38437,133.6949,16.38438
5.78,135.00561499999998,16.38437,135.00562,16.38436,135.00561,16.38438
5.8,134.67793,16.712049999999998,135.00561,17.03973,134.35025,16.38437
5.82,134.350255,17.039735,134.35026,17.03973,134.35025,17.03974
5.84,134.022585,17.039735,134.35027,17.03973,133.6949,17.03974
5.86,134.022585,17.695095000000002,134.35027,17.69509,133.6949,17.6951
5.88,133.367225,18.022775000000003,133.03955,17.69509,133.6949,18.35046
5.9,133.694905,18.350455,133.69491,18.35045,133.6949,18.35046
5.92,133.694905,18.350455,133.69491,18.35045,133.6949,18.35046
5.94,136.64405,18.678165,133.69491,18.35045,139.59319,19.00588
5.96,142.214685,19.005905,142.87005,19.0059,141.55932,19.00591
5.98,140.248605,19.661265,140.24861,19.66126,140.2486,19.66127
6.0,139.59324500000002,19.988945,139.59325,20.31662,139.59324,19.66127
6.02,139.59324500000002,19.661265,139.59325,19.66126,139.59324,19.66127
6.04,139.59324500000002,20.316625000000002,139.59325,20.31662,139.59324,20.31663
6.06,138.610195,19.661250000000003,139.59325,20.31663,137.62714,19.00587
6.08,93.062265,10.15831,116.00006,14.4182,70.12447,5.89842
6.1,26.54255,-2.948995,33.42389,-2.62131,19.66121,-3.27668
6.12,20.6443,-1.3106200000000001,19.66126,-1.96598,21.62734,-0.65526
6.14,20.971985,9.500000000172299e-05,20.97199,9.0000000000146e-05,20.97198,0.0001000000000033
6.16,21.627345,0.655440000000005,21.62735,0.65544,21.62734,0.65544000000001
6.18,21.955019999999998,0.9831099999999999,21.62734,0.65543,22.2827,1.31079
6.2,22.610374999999998,1.966145,22.2827,1.96614,22.93805,1.96615
6.22,23.593425,2.621505,23.59343,2.6215,23.59342,2.62151
6.24,24.576465,2.621505,24.24879,2.6215,24.90414,2.62151
6.26,-13.10673,2.6215149999999996,-51.77297,2.62151,25.55951,2.62152
6.28,26.214875,2.949195,26.21488,3.27687,26.21487,2.62152
6.3,26.87024,3.276875,26.87024,3.27687,26.87024,3.27688
6.32,26.214875,2.949195,26.87025,3.27687,25.5595,2.62152
6.34,25.559505,2.62152,25.55951,2.62151,25.5595,2.62153
6.36,25.5595,3.276875,25.5595,3.27687,25.5595,3.27688
6.38,25.559505,2.6215149999999996,25.55951,2.62151,25.5595,2.62152
6.4,25.88719,2.6215149999999996,25.55951,2.62151,26.21487,2.62152
6.42,26.214865000000003,2.6215149999999996,26.21487,2.62151,26.21486,2.62152
6.44,26.214865000000003,2.6215149999999996,26.21487,2.62151,26.21486,2.62152
6.46,26.214865000000003,2.6215149999999996,26.21487,2.62151,26.21486,2.62152
6.48,26.214865000000003,2.949195,26.21487,3.27687,26.21486,2.62152
6.5,32.768515,4.259925,26.87022,3.27687,38.66681,5.24298
6.52,63.243105,8.192145,57.01709,7.20909,69.46912,9.1752
6.54,70.12459000000001,9.175205,71.43532,9.1752,68.81386,9.17521
6.56,69.14154500000001,9.17521,68.81387,9.17521,69.46922,9.17521
6.58,69.7969,9.17521,69.46923,9.1752,70.12457,9.17522
6.6,70.124565,8.51985,70.12457,8.51985,70.12456,8.51985
6.62,70.124565,8.51985,70.12457,8.51985,70.12456,8.51985
6.64,70.452245,8.519855,70.77993,8.51985,70.12456,8.51986
6.66,70.452245,8.519855,70.12457,8.51985,70.77992,8.51986
6.68,70.124565,8.847535,70.12457,9.17521,70.12456,8.51986
6.7,70.452245,8.51986,70.77993,8.51986,70.12456,8.51986
6.72,70.45224,8.19218,70.12457,8.51985,70.77991,7.86451
6.74,70.452235,8.192174999999999,70.77992,8.51985,70.12455,7.8645
6.76,70.124565,8.192185,70.12457,8.51986,70.12456,7.86451
6.78,70.124555,7.8645,70.12456,7.8645,70.12455,7.8645
6.8,70.124555,7.2091449999999995,70.12456,7.20914,70.12455,7.20915
6.82,70.452235,7.20914,70.12456,7.20914,70.77991,7.20914
6.84,70.452245,7.20914,70.77993,7.20913,70.12456,7.20915
6.86,81.5935,9.175255,74.71213,8.51987,88.47487,9.83064
6.88,100.599085,11.46908,98.96069,11.14139,102.23748,11.79677
6.9,100.271405,11.796765,100.27141,11.79676,100.2714,11.79677
6.92,100.271405,12.124445000000001,100.27141,12.45212,100.2714,11.79677
6.94,100.2714,12.124445000000001,100.2714,12.45212,100.2714,11.79677
6.96,99.616045,12.452125,99.61605,12.45212,99.61604,12.45213
6.98,99.616045,12.45212,99.61605,12.45212,99.61604,12.45212
7.0,99.94373,12.452115,100.27142,12.45211,99.61604,12.45212
7.02,99.94373,12.452115,100.27142,12.45211,99.61604,12.45212
7.04,100.271405,12.452110000000001,100.27141,12.4521,100.2714,12.45212
7.06,104.85894,13.107479999999999,100.27141,12.4521,109.44647,13.76286
7.08,132.71186,15.401365,128.452,15.07365,136.97172,15.72908
7.1,134.67798,16.71212,135.66102,17.0398,133.69494,16.38444
7.12,133.69495,17.03979,133.69495,17.03979,133.69495,17.03979
7.14,133.694955,17.039785000000002,133.69496,17.03978,133.69495,17.03979
7.16,133.039585,17.039785000000002,133.03959,17.03978,133.03958,17.03979
7.18,133.03959500000002,17.03978,133.0396,17.03978,133.03959,17.03978
7.2,133.039585,17.039775,133.03959,17.03977,133.03958,17.03978
7.22,133.367265,17.03978,133.69495,17.03978,133.03958,17.03978
7.24,137.29944,17.69517,133.03958,17.03977,141.5593,18.35057
7.26,152.700585,18.678355,151.38984,19.00602,154.01133,18.35069
7.28,151.38987,19.006034999999997,151.38988,19.00603,151.38986,19.00604
7.3,151.389865,19.333714999999998,151.38987,19.66139,151.38986,19.00604
7.32,151.389855,19.006045,151.38986,19.00604,151.38985,19.00605
7.34,151.389855,18.678365,151.38986,19.00604,151.38985,18.35069
7.36,151.38984499999998,18.678365,151.38985,19.00604,151.38984,18.35069
7.38,151.38984,18.02301,151.38984,18.35069,151.38984,17.69533
7.4,152.04519499999998,17.695335,152.0452,17.69533,152.04519,17.69534
7.42,151.717505,17.367655,152.04519,17.69533,151.38982,17.03998
7.44,134.35028499999999,12.779975,149.42371,15.07382,119.27686,10.48613
7.46,48.824929999999995,-1.9658350000000002,68.15826,1.31098,29.4916,-5.24265
7.48,18.02277,-4.58733,17.03972,-5.89805,19.00582,-3.27661
7.5,19.6612,-3.27663,19.66121,-3.27663,19.66119,-3.27663
7.52,20.316560000000003,-2.62128,19.6612,-2.62128,20.97192,-2.62128
7.54,21.299595,-2.29361,20.97192,-2.62129,21.62727,-1.96593
7.56,21.95495,-2.94898,21.62727,-2.6213,22.28263,-3.27666
7.58,22.610315,-2.948985,22.28264,-2.62131,22.93799,-3.27666
7.6,-14.417525,-2.9489900000000002,22.938,-2.62131,-51.77305,-3.27667
7.62,23.593355000000003,-3.60436,23.59336,-3.27668,23.59335,-3.93204
7.64,23.593355000000003,-3.93204,23.59336,-3.93204,23.59335,-3.93204
7.66,23.921035,-3.932045,23.59336,-3.93205,24.24871,-3.93204
7.68,22.610304999999997,-5.57045,22.938,-4.58741,22.28261,-6.55349
7.7,22.28262,-5.89814,22.28262,-5.89814,22.28262,-5.89814
7.72,22.937984999999998,-5.8981449999999995,22.93799,-5.89815,22.93798,-5.89814
7.74,22.61031,-6.225825,22.28263,-5.89815,22.93799,-6.5535
7.76,22.937995,-6.225825,22.938,-5.89815,22.93799,-6.5535
7.78,23.593355000000003,-6.5535049999999995,23.59336,-6.55351,23.59335,-6.5535
7.8,23.593355000000003,-6.5535049999999995,23.59336,-6.55351,23.59335,-6.5535
7.82,23.593355000000003,-6.5535049999999995,23.59336,-6.55351,23.59335,-6.5535
7.84,23.921035,-6.5535049999999995,23.59336,-6.55351,24.24871,-6.5535
7.86,24.248705,-6.881185,24.24871,-6.55351,24.2487,-7.20886
7.88,24.57639,-7.208864999999999,24.24871,-7.20887,24.90407,-7.20886
7.9,24.904075,-6.88119,24.90408,-6.55351,24.90407,-7.20887
7.92,25.231755,-6.55351,24.90408,-6.55351,25.55943,-6.55351
7.94,25.888385,-7.20887,25.56199,-7.20887,26.21478,-7.20887
7.96,26.870145,-7.864235000000001,26.87015,-7.20888,26.87014,-8.51959
7.98,26.870134999999998,-7.864235,26.87014,-7.86424,26.87013,-7.86423
8.0,26.542455,-7.536555,26.87014,-7.20888,26.21477,-7.86423
8.02,41.288195,-6.55348,33.4238,-6.5535,49.15259,-6.55346
8.04,53.74019,-6.22577,54.39555,-6.55345,53.08483,-5.89809
8.06,52.758425,-5.570410000000001,52.42947,-5.24274,53.08738,-5.89808
8.08,53.412515,-5.570415000000001,53.08484,-5.24274,53.74019,-5.89809
8.1,53.412515,-5.242735,53.08484,-5.24274,53.74019,-5.24273
8.12,53.740195,-5.242735,53.7402,-5.24274,53.74019,-5.24273
8.14,53.740195,-5.898095,53.7402,-5.8981,53.74019,-5.89809
8.16,54.06788,-5.898095,54.39556,-5.8981,53.7402,-5.89809
8.18,54.395565000000005,-5.898095,54.39557,-5.8981,54.39556,-5.89809
8.2,54.723245,-5.898095,54.39557,-5.8981,55.05092,-5.89809
8.22,55.378614999999996,-5.898085,55.05094,-5.89809,55.70629,-5.89808
8.24,55.70629,-5.89809,55.70629,-5.89809,55.70629,-5.89809
8.26,76.022685,-4.58732,67.50289,-4.58734,84.54248,-4.5873
8.28,89.130155,-2.94889,89.78551,-2.62122,88.4748,-3.27656
8.3,87.819445,-2.6212150000000003,87.81945,-2.62122,87.81944,-2.62121
8.32,88.147125,-2.2935350000000003,87.81945,-2.62122,88.4748,-1.96585
8.34,87.819455,-1.6381700000000001,87.81946,-1.96585,87.81945,-1.31049
8.36,88.14713499999999,-1.31049,88.47482,-1.31049,87.81945,-1.31049
8.38,87.819455,-1.31049,87.81946,-1.31049,87.81945,-1.31049
8.4,88.474815,-0.982815,88.47482,-0.65514,88.47481,-1.31049
8.42,87.81945999999999,-0.982815,87.81947,-0.65514,87.81945,-1.31049
8.44,87.81945999999999,-0.982815,87.81947,-1.3105,87.81945,-0.65513
8.46,87.81946500000001,-0.655135,87.81947,-0.65514,87.81946,-0.65513
8.48,88.474825,-0.982815,88.47483,-0.65514,88.47482,-1.31049
8.5,18.023625000000003,-0.982815,-51.77221,-0.65514,87.81946,-1.31049
8.52,88.474825,-1.31049,88.47483,-1.31049,88.47482,-1.31049
8.54,81.92111,-2.94891,88.47483,-1.3105,75.36739,-4.58732
8.56,56.03401,-6.225745,57.67242,-5.89807,54.3956,-6.55342
8.58,56.034035,-5.898065,56.36172,-5.89807,55.70635,-5.89806
8.6,56.03403,-5.5703949999999995,55.70636,-5.24272,56.3617,-5.89807
8.62,56.361705,-5.898075,56.36171,-5.89808,56.3617,-5.89807
8.64,57.017065,-6.2257549999999995,57.01707,-5.89808,57.01706,-6.55343
8.66,57.017065,-5.89808,57.01707,-5.89808,57.01706,-5.89808
8.68,57.672425000000004,-6.225759999999999,57.67243,-5.89809,57.67242,-6.55343
8.7,58.655455,-6.55344,58.32778,-6.55344,58.98313,-6.55344
8.72,59.310805,-6.881125,58.98313,-6.55345,59.63848,-7.2088
8.74,58.983125,-6.881114999999999,58.98313,-6.55344,58.98312,-7.20879
8.76,58.983125,-7.2088,58.98313,-7.20881,58.98312,-7.20879
8.78,58.655435,-7.536475,58.98312,-7.2088,58.32775,-7.86415
8.8,71.762775,-5.89804,61.60458,-6.55343,81.92097,-5.24265
8.82,100.59904,-3.93188,98.30525,-4.58725,102.89283,-3.27651
8.84,99.94371000000001,-2.94884,100.2714,-3.27652,99.61602,-2.62116
8.86,99.943715,-1.9658,99.61604,-1.9658,100.27139,-1.9658
8.88,99.61602500000001,-1.965805,99.61603,-1.96581,99.61602,-1.9658
8.9,99.61602500000001,-1.965805,99.61603,-1.96581,99.61602,-1.9658
8.92,99.61602500000001,-1.965805,99.61603,-1.96581,99.61602,-1.9658
8.94,99.61602500000001,-2.2934900000000003,99.61603,-1.96581,99.61602,-2.62117
8.96,99.61602500000001,-1.96581,99.61603,-1.96581,99.61602,-1.96581
8.98,99.61603,-1.965815,99.61603,-1.96582,99.61603,-1.96581
9.0,99.616035,-1.6381350000000001,99.61604,-1.31046,99.61603,-1.96581
9.02,99.943715,-2.293495,99.61604,-1.96582,100.27139,-2.62117
9.04,97.649925,-3.6042249999999996,98.30529,-3.93191,96.99456,-3.27654
9.06,97.649925,-2.6211849999999997,97.64993,-2.62119,97.64992,-2.62118
9.08,97.32224500000001,-2.6211849999999997,97.64993,-2.62119,96.99456,-2.62118
9.1,96.66688500000001,-1.965825,96.99457,-1.96583,96.3392,-1.96582
9.12,96.66688500000001,-1.965825,96.99457,-1.96583,96.3392,-1.96582
9.14,96.66688500000001,-1.965825,96.99457,-1.96583,96.3392,-1.96582
9.16,96.994565,-1.965815,96.99457,-1.96582,96.99456,-1.96581
9.18,112.72328,19.98879,107.48039,0.0002899999999996,117.96617,39.97729
9.2,120.25996,1.638735,120.58764,1.96641,119.93228,1.31106
9.22,118.621555,1.966415,118.62156,1.96641,118.62155,1.96642
9.24,118.621555,2.9494550000000004,118.62156,2.62177,118.62155,3.27714
9.26,118.621555,2.9494550000000004,118.62156,3.27713,118.62155,2.62178
9.28,118.621555,3.2771350000000004,118.62156,3.27713,118.62155,3.27714
9.3,118.293875,3.2771350000000004,118.62156,3.27713,117.96619,3.27714
9.32,117.966195,3.60481,117.9662,3.93249,117.96619,3.27713
9.34,120.58764,4.26018,117.9662,3.93249,123.20908,4.58787
9.36,129.762725,4.91558,129.76273,5.24325,129.76272,4.58791
9.38,128.779685,5.570935,129.10737,5.24325,128.452,5.89862
9.4,128.45200499999999,5.8986149999999995,128.45201,5.89861,128.452,5.89862
9.42,127.796645,6.226295,127.79665,5.89861,127.79664,6.55398
9.44,127.796645,5.8986149999999995,127.79665,5.89861,127.79664,5.89862
9.46,128.451995,5.8986149999999995,128.452,5.89861,128.45199,5.89862
9.48,129.10735499999998,5.570925,129.10736,5.8986,129.10735,5.24325
9.5,129.10735499999998,5.570935,129.10736,5.89861,129.10735,5.24326
9.52,129.10735499999998,5.570935,129.10736,5.24325,129.10735,5.89862
9.54,129.10735499999998,5.2432549999999996,129.10736,5.24325,129.10735,5.24326
9.56,129.10735499999998,5.2432549999999996,129.10736,5.24325,129.10735,5.24326
9.58,129.10735499999998,5.24326,129.10736,5.24326,129.10735,5.24326
9.6,129.76271500000001,4.587899999999999,129.76272,4.58789,129.76271,4.58791
9.62,126.15821,3.6048400000000003,129.76272,4.5879,122.5537,2.62178
9.64,65.53683000000001,-11.140895,86.50865,-6.55335,44.56501,-15.72844
9.66,25.231765,-20.31599,24.24872,-21.62671,26.21481,-19.00527
9.68,27.197875,-17.0392,27.52556,-17.0392,26.87019,-17.0392
9.7,27.85323,-16.056179999999998,27.52555,-16.38386,28.18091,-15.7285
9.72,28.83627,-15.72851,28.83628,-15.72851,28.83626,-15.72851
9.74,29.163945,-16.056195000000002,28.83627,-15.72852,29.49162,-16.38387
9.76,30.146985,-16.0562,30.14699,-15.72852,30.14698,-16.38388
9.78,30.474665,-15.400839999999999,30.14699,-15.72853,30.80234,-15.07315
9.8,36.37296499999999,-11.46866,35.3899,-12.45171,37.35603,-10.48561
9.82,38.011395,-9.174904999999999,38.01141,-9.83027,38.01138,-8.51954
9.84,38.666745,-7.86419,38.66675,-7.86419,38.66674,-7.86419
9.86,38.666745,-7.20884,38.66675,-7.20884,38.66674,-7.20884
9.88,38.994425,-7.208845,38.66675,-7.20885,39.3221,-7.20884
9.9,39.322105,-7.208855,39.32211,-7.20886,39.3221,-7.20885
9.92,38.994425,-7.5365400000000005,39.32211,-7.20886,38.66674,-7.86422
9.94,38.666745,-7.536545,38.66675,-7.20887,38.66674,-7.86422
9.96,38.339065000000005,-7.864225,38.66675,-7.86423,38.01138,-7.86422
9.98,37.6837,-8.1919,38.01139,-8.51958,37.35601,-7.86422
10.0,37.356015,-8.519585,37.35602,-8.51959,37.35601,-8.51958
10.02,35.389915,-8.847259999999999,37.35602,-8.51958,33.42381,-9.17494
10.04,27.853185,-9.502625,28.18087,-9.17495,27.5255,-9.8303
10.06,28.180864999999997,-9.174945000000001,28.18087,-9.17495,28.18086,-9.17494
10.08,28.180864999999997,-9.502625,28.18087,-9.17495,28.18086,-9.8303
10.1,27.853180000000002,-9.502625,28.18087,-9.17495,27.52549,-9.8303
10.12,28.18085,-9.830300000000001,28.18086,-9.83031,28.18084,-9.83029
10.14,28.180835000000002,-10.813334999999999,28.18084,-10.48566,28.18083,-11.14101
10.16,28.180835000000002,-10.813334999999999,28.18084,-10.48566,28.18083,-11.14101
10.18,28.18083,-10.81333,28.18083,-10.48566,28.18083,-11.141
10.2,28.180835000000002,-11.141005,28.18084,-11.14101,28.18083,-11.141
10.22,41.615849999999995,-9.502575,34.07913,-9.83028,49.15257,-9.17487
10.24,55.706255,-8.5195,56.36161,-8.51951,55.0509,-8.51949
10.26,54.395534999999995,-8.519495,54.39554,-8.5195,54.39553,-8.51949
10.28,54.72322,-8.847185,55.05091,-8.51951,54.39553,-9.17486
10.3,53.740175,-9.174865,53.74018,-9.17487,53.74017,-9.17486
10.32,54.067845,-9.50255,53.74017,-9.17487,54.39552,-9.83023
10.34,54.067855,-9.50255,53.74018,-9.17487,54.39553,-9.83023
10.36,53.74017,-10.15792,53.74017,-9.83024,53.74017,-10.4856
10.38,53.740165000000005,-10.15792,53.74017,-9.83024,53.74016,-10.4856
10.4,54.395525,-10.157924999999999,54.39553,-9.83025,54.39552,-10.4856
10.42,54.067845,-10.485605,53.74017,-10.48561,54.39552,-10.4856
10.44,53.740165000000005,-10.485615,53.74017,-10.48562,53.74016,-10.48561
10.46,53.740165000000005,-10.813300000000002,53.74017,-10.48562,53.74016,-11.14098
10.48,72.745815,-7.864129999999999,61.60454,-8.51952,83.88709,-7.20874
10.5,95.02844,-5.897995,95.6838,-6.55336,94.37308,-5.24263
10.52,92.734675,-5.242635,92.407,-5.24264,93.06235,-5.24263
10.54,92.734685,-4.587275,93.06237,-4.58728,92.407,-4.58727
10.56,92.407,-4.587285,92.40701,-4.58729,92.40699,-4.58728
10.58,92.406995,-4.58729,92.407,-4.58729,92.40699,-4.58729
10.6,92.734675,-4.587295,93.06236,-4.5873,92.40699,-4.58729
10.62,93.062355,-4.5873,93.06236,-4.5873,93.06235,-4.5873
10.64,93.390035,-4.58731,93.06236,-4.58731,93.71771,-4.58731
10.66,93.71771,-4.58731,93.71772,-4.58731,93.7177,-4.58731
10.68,93.71771,-4.259635,93.71771,-3.93196,93.71771,-4.58731
10.7,93.71771,-4.58732,93.71772,-4.58732,93.7177,-4.58732
10.72,93.717705,-4.587325,93.71771,-4.58733,93.7177,-4.58732
10.74,94.045385,-4.587325,93.71771,-4.58733,94.37306,-4.58732
10.76,94.37306000000001,-4.58733,94.37307,-4.58733,94.37305,-4.58733
10.78,96.66684000000001,-3.931955,93.71771,-4.58733,99.61597,-3.27658
10.8,125.83051,-0.327385,119.27687,-1.31046,132.38415,0.65569
10.82,136.643995,1.63876,136.97168,1.96643,136.31631,1.31109
10.84,134.67791,1.966445,135.00559,1.96644,134.35023,1.96645
10.86,135.005595,1.966445,135.0056,1.96644,135.00559,1.96645
10.88,134.35023,1.966445,134.35023,1.96644,134.35023,1.96645
10.9,134.677905,1.63877,135.00559,1.96645,134.35022,1.31109
10.92,134.022545,1.6389,134.35023,1.96644,133.69486,1.31136
10.94,134.35022500000002,1.311085,134.35023,1.31108,134.35022,1.31109
10.96,134.35022,1.311085,134.35022,1.31108,134.35022,1.31109
10.98,134.022535,0.983405000000005,134.35022,1.31108,133.69485,0.65573000000001
11.0,134.35021,0.655725000000005,134.35022,0.65572,134.3502,0.65573000000001
11.02,134.35021,0.655725000000005,134.35022,0.65572,134.3502,0.65573000000001
11.04,134.35021,0.3280450000000018,134.35022,0.65572,134.3502,0.0003700000000037
11.06,134.35020500000002,0.655725000000005,134.35021,0.65572,134.3502,0.65573000000001
11.08,134.35020500000002,0.3280450000000018,134.35021,0.65572,134.3502,0.0003700000000037
11.1,134.35021,0.00036500000000209997,134.35022,0.0003600000000005,134.3502,0.0003700000000037
11.12,142.54224499999998,1.311125,139.59311,1.3111,145.49138,1.31115
11.14,145.491405,1.638835,146.14677,1.96651,144.83604,1.31116
11.16,145.163725,1.966515,145.49141,1.96651,144.83604,1.96652
11.18,145.491405,1.638835,145.49141,1.96651,145.4914,1.31116
11.2,144.836045,1.638835,144.18069,1.96651,145.4914,1.31116
11.22,145.491405,1.31115,145.49141,1.31115,145.4914,1.31115
11.24,145.491405,1.311145,145.49141,1.31114,145.4914,1.31115
11.26,145.491405,1.311145,145.49141,1.31114,145.4914,1.31115
11.28,145.491405,1.31114,145.49141,1.31114,145.4914,1.31114
11.3,146.14676500000002,0.983455,146.14677,1.31113,146.14676,0.65578
11.32,145.4914,0.6557649999999995,146.14677,1.31113,144.83603,0.000399999999999
11.34,127.796585,-2.29343,133.0395,-1.96574,122.55367,-2.62112
11.36,122.55368,-2.948805,121.89832,-3.27649,123.20904,-2.62112
11.38,122.553685,-2.62113,122.55369,-2.62113,122.55368,-2.62113
11.4,123.209045,-2.6211349999999998,123.20905,-2.62114,123.20904,-2.62113
11.42,123.864405,-2.6211349999999998,123.86441,-2.62114,123.8644,-2.62113
11.44,123.864405,-3.2764949999999997,123.86441,-3.2765,123.8644,-3.27649
11.46,124.19208,-3.604185,124.51976,-3.27651,123.8644,-3.93186
11.48,124.192075,-3.931865,123.8644,-3.93187,124.51975,-3.93186
11.5,125.175115,-3.931865,125.17512,-3.93187,125.17511,-3.93186
11.52,124.519745,-4.914915000000001,125.17512,-3.93187,123.86437,-5.89796
11.54,100.59895,-11.140920000000001,108.13563,-9.83019,93.06227,-12.45165
11.56,92.406935,-12.451655,91.75157,-12.45166,93.0623,-12.45165
11.58,93.38998,-12.451665,93.0623,-12.45167,93.71766,-12.45166
11.6,93.71766,-12.123985000000001,93.71766,-11.79631,93.71766,-12.45166
11.62,93.717665,-12.451665,93.71767,-12.45167,93.71766,-12.45166
11.64,94.373025,-13.107025,94.37303,-12.45167,94.37302,-13.76238
11.66,94.373025,-13.434705000000001,94.37303,-13.10703,94.37302,-13.76238
11.68,94.37302,-13.76239,94.37302,-13.76239,94.37302,-13.76239
11.7,95.028385,-14.09007,95.02839,-13.76239,95.02838,-14.41775
11.72,94.700705,-14.745429999999999,94.37303,-14.41775,95.02838,-15.07311
11.74,95.028385,-15.07311,95.02839,-15.07311,95.02838,-15.07311
11.76,95.02838,-15.728475,95.02838,-15.72848,95.02838,-15.72847
11.78,94.37302,12.12433,95.02839,-15.72847,93.71765,39.97713
11.8,70.1243,-20.643700000000003,76.678,-19.66065,63.5706,-21.62675
11.82,64.881365,-21.299065,64.226,-21.62675,65.53673,-20.97138
11.84,65.53674,-20.971395,65.53674,-20.31604,65.53674,-21.62675
11.86,65.536745,-20.971395,65.53675,-20.9714,65.53674,-20.97139
11.88,65.20906,-20.971395,64.88138,-20.9714,65.53674,-20.97139
11.9,64.88138,-21.62675,64.88138,-21.62675,64.88138,-21.62675
11.92,65.20906,-21.299075000000002,65.53674,-20.9714,64.88138,-21.62675
11.94,65.209065,-21.299075000000002,65.53675,-20.9714,64.88138,-21.62675
11.96,65.53675,-20.9714,65.53675,-20.9714,65.53675,-20.9714
11.98,65.536755,-21.299084999999998,65.53676,-21.62677,65.53675,-20.9714
12.0,64.881395,-21.62676,64.8814,-21.62677,64.88139,-21.62675
12.02,65.209075,-21.626765,64.8814,-21.62677,65.53675,-21.62676
12.04,64.88139,-21.954445,64.88139,-21.62677,64.88139,-22.28212
12.06,64.88139,-21.626765,64.88139,-21.62677,64.88139,-21.62676
12.08,64.88062,-21.626765,64.8814,-21.62677,64.87984,-21.62676
12.1,64.553715,-21.626765,64.8814,-21.62677,64.22603,-21.62676
12.12,64.553715,-21.62676,64.22604,-21.62676,64.88139,-21.62676
12.14,64.88139,-21.62676,64.88139,-21.62676,64.88139,-21.62676
12.16,64.553715,-21.954439999999998,64.8814,-21.62677,64.22603,-22.28211
12.18,64.22602499999999,-22.282114999999997,64.22603,-22.28212,64.22602,-22.28211
12.2,64.553705,-22.609795,64.22603,-22.28212,64.88138,-22.93747
12.22,74.056495,-20.971355,66.84747,-22.2821,81.26552,-19.66061
12.24,103.54811,-18.02216,98.30518,-18.34986,108.79104,-17.69446
12.26,107.48032,-15.728385,108.79105,-16.38375,106.16959,-15.07302
12.28,105.51424,-14.417665,105.51424,-14.41767,105.51424,-14.41766
12.3,105.514245,-13.762305,105.51425,-13.76231,105.51424,-13.7623
12.32,105.514235,-14.089984999999999,105.51424,-13.76231,105.51423,-14.41766
12.34,105.51423,-13.762305,105.51424,-13.76231,105.51422,-13.7623
12.36,105.514225,-14.417665,105.51423,-14.41767,105.51422,-14.41766
12.38,105.51421500000001,-14.089984999999999,105.51422,-13.76231,105.51421,-14.41766
12.4,105.841895,-13.762305,105.51422,-13.76231,106.16957,-13.7623
12.42,105.51422,-13.7623,105.51423,-13.7623,105.51421,-13.7623
12.44,105.51422,-13.10694,105.51422,-13.10695,105.51422,-13.10693
12.46,105.51421500000001,-12.779255,105.51422,-12.45158,105.51421,-13.10693
12.48,105.51421500000001,-12.779255,105.51422,-12.45158,105.51421,-13.10693
12.5,105.186535,-12.451575,104.85886,-12.45158,105.51421,-12.45157
12.52,105.51421500000001,-12.12389,104.85886,-12.45158,106.16957,-11.7962
12.54,127.46889000000002,-9.502375,119.93219,-9.83009,135.00559,-9.17466
12.56,138.937765,-7.86392,139.59313,-7.86392,138.2824,-7.86392
12.58,137.627045,-7.208565,137.62705,-7.20857,137.62704,-7.20856
12.6,137.299365,-7.208565,137.62705,-7.20857,136.97168,-7.20856
12.62,137.299365,-6.880885,136.97169,-7.20857,137.62704,-6.5532
12.64,136.971695,-6.880885,136.9717,-6.55321,136.97169,-7.20856
12.66,136.644015,-6.880885,136.9717,-6.55321,136.31633,-7.20856
12.68,137.62705499999998,-6.88089,137.62706,-6.55321,137.62705,-7.20857
12.7,136.971695,-6.553215,136.9717,-6.55322,136.97169,-6.55321
12.72,136.971695,-6.553215,136.9717,-6.55322,136.97169,-6.55321
12.74,149.0959,-5.24242,142.86995,-5.24247,155.32185,-5.24237
12.76,72.746565,-3.60393,157.28801,-3.93161,-11.79488,-3.27625
12.78,154.994245,-3.276255,154.66657,-3.27626,155.32192,-3.27625
12.8,154.666565,-2.6209,154.66657,-2.6209,154.66656,-2.6209
12.82,154.33889,-1.96554,154.66658,-1.96554,154.0112,-1.96554
12.84,154.01121,-1.96554,154.01122,-1.96554,154.0112,-1.96554
12.86,154.338885,-1.310185,154.66657,-1.31019,154.0112,-1.31018
12.88,154.01120500000002,-1.31019,154.01121,-1.31019,154.0112,-1.31019
12.9,156.63268,0.32824,154.01121,-1.3102,159.25415,1.96668
12.92,175.63835999999998,5.5711949999999995,171.70618,4.58815,179.57054,6.55424
12.94,180.553575,7.864955,181.53662,7.86495,179.57053,7.86496
12.96,178.91517499999998,7.864955,178.91518,7.86495,178.91517,7.86496
12.98,178.91517499999998,8.520315,178.91518,8.52031,178.91517,8.52032
13.0,178.91517499999998,8.520315,178.91518,8.52031,178.91517,8.52032
13.02,178.91517,8.847995000000001,178.91518,9.17567,178.91516,8.52032
13.04,179.57052499999998,8.847995000000001,179.57053,9.17567,179.57052,8.52032
13.06,179.570515,8.520315,179.57052,8.52031,179.57051,8.52032
13.08,179.570515,8.520315,179.57052,8.52031,179.57051,8.52032
13.1,180.225865,8.520315,180.22587,8.52031,180.22586,8.52032
13.12,180.225865,8.520315,180.22587,8.52031,180.22586,8.52032
13.14,180.225865,9.175675,180.22587,9.17567,180.22586,9.17568
13.16,180.225865,9.175675,180.22587,9.17567,180.22586,9.17568
13.18,179.898185,9.175675,180.22587,9.17567,179.5705,9.17568
13.2,179.570495,8.847995000000001,179.5705,9.17567,179.57049,8.52032
13.22,179.570495,9.175675,179.5705,9.17567,179.57049,9.17568
13.24,179.570495,9.175675,179.5705,9.17567,179.57049,9.17568
13.26,179.570495,8.847995000000001,179.5705,9.17567,179.57049,8.52032
13.28,179.570495,8.847995000000001,179.5705,9.17567,179.57049,8.52032
13.3,180.22585500000002,8.520315,180.22586,8.52031,180.22585,8.52032
13.32,180.22585500000002,8.847995000000001,180.22586,9.17567,180.22585,8.52032
13.34,180.55353000000002,8.192635,180.88122,8.52031,180.22584,7.86496
13.36,142.87,-3.6040050000000003,167.11856,1.3113,118.62144,-8.51931
13.38,55.05089,-23.920364999999997,71.43505,-20.97123,38.66673,-26.8695
13.4,25.231805,-25.886499999999998,24.90412,-26.86954,25.55949,-24.90346
13.42,27.197915000000002,-23.59276,26.87024,-23.59276,27.52559,-23.59276
13.44,27.853275,-22.93742,27.5256,-22.93742,28.18095,-22.93742
13.46,28.836305000000003,-22.937435,28.83631,-22.93744,28.8363,-22.93743
13.48,29.81934,-22.93744,29.49167,-22.93744,30.14701,-22.93744
13.5,30.802374999999998,-23.59281,30.80238,-23.59281,30.80237,-23.59281
13.52,31.130055,-21.626725,31.45774,-22.28209,30.80237,-20.97136
13.54,31.13006,-20.64369,30.80238,-20.31601,31.45774,-20.97137
13.56,32.113095,-20.643700000000003,32.1131,-20.31602,32.11309,-20.97138
13.58,32.1131,-20.643695,32.1131,-20.31602,32.1131,-20.97137
13.6,32.440775,-20.643695,32.1131,-20.31602,32.76845,-20.97137
13.62,32.768465,-20.643695,32.76847,-20.97138,32.76846,-20.31601
13.64,32.768465,-19.988335,32.76847,-20.31602,32.76846,-19.66065
13.66,33.096145,-19.988335,32.76847,-19.66066,33.42382,-20.31601
13.68,33.423825,-19.66065,32.76847,-19.66065,34.07918,-19.66065
13.7,60.62155,-16.711465,49.15261,-17.03918,72.09049,-16.38375
13.72,85.19799499999999,-14.089965,85.19797,-14.41765,85.19802,-13.76228
13.74,83.88728,-13.4346,83.88729,-13.10692,83.88727,-13.76228
13.76,84.542635,-13.434605000000001,84.54264,-13.10693,84.54263,-13.76228
13.78,84.542625,-13.106915,84.54263,-13.10692,84.54262,-13.10691
13.8,84.542625,-12.45155,84.54263,-12.45155,84.54262,-12.45155
13.82,84.542625,-11.796195,84.54263,-11.7962,84.54262,-11.79619
13.84,84.54262,-11.140825,84.54263,-11.14083,84.54261,-11.14082
13.86,84.542615,-11.140825,84.54262,-11.14083,84.54261,-11.14082
13.88,85.197975,-10.81315,85.19798,-10.48547,85.19797,-11.14083
13.9,74.38436999999999,-13.76229,81.92115,-12.45156,66.84759,-15.07302
13.92,60.62158,-16.05608,60.2939,-15.7284,60.94926,-16.38376
13.94,61.27695,-15.073045,61.60464,-15.07305,60.94926,-15.07304
13.96,61.60463,-15.073045,61.60464,-15.07305,61.60462,-15.07304
13.98,61.932315,-15.073045,61.60464,-15.07305,62.25999,-15.07304
14.0,62.259995,-15.40073,62.26,-15.07305,62.25999,-15.72841
14.02,62.91536,-15.728405,62.91536,-15.72841,62.91536,-15.7284
14.04,63.570715,-15.728414999999998,63.57072,-15.07306,63.57071,-16.38377
14.06,64.22609,-16.383775,64.22609,-16.38378,64.22609,-16.38377
14.08,53.41251,-18.677554999999998,59.63852,-17.69451,47.1865,-19.6606
14.1,45.220425,-18.677565,43.9097,-19.00525,46.53115,-18.34988
14.12,46.531155,-18.34989,46.53116,-18.34989,46.53115,-18.34989
14.14,47.18652,-18.3499,47.18652,-18.3499,47.18652,-18.3499
14.16,47.186525,-18.349905,47.18653,-18.34991,47.18652,-18.3499
14.18,47.841895,-18.02223,47.8419,-17.69455,47.84189,-18.34991
14.2,48.497254999999996,-18.349915000000003,48.49726,-18.34992,48.49725,-18.34991
14.22,48.824934999999996,-19.332955,49.15262,-19.00528,48.49725,-19.66063
14.24,55.706255,-18.67757,49.15262,-20.316,62.25989,-17.03914
14.26,112.395555,-13.762205,99.61597,-14.41761,125.17514,-13.1068
14.28,124.84751,-10.813035,127.14128,-11.14071,122.55374,-10.48536
14.3,121.89838,-9.502324999999999,121.24302,-9.83001,122.55374,-9.17464
14.32,122.226065,-8.846975,121.89839,-9.17466,122.55374,-8.51929
14.34,122.55374499999999,-7.86394,122.55375,-7.86394,122.55374,-7.86394
14.36,123.209105,-8.191625,123.20911,-7.86395,123.2091,-8.5193
14.38,123.209105,-7.86395,123.20911,-7.86395,123.2091,-7.86395
14.4,123.86447,-7.20859,123.86448,-7.20859,123.86446,-7.20859
14.42,123.53678500000001,-7.208595,123.86447,-7.2086,123.2091,-7.20859
14.44,123.864465,-7.208595,123.86447,-7.2086,123.86446,-7.20859
14.46,124.192145,-6.553235,123.86447,-6.55324,124.51982,-6.55323
14.48,124.519825,-7.208595,124.51983,-7.2086,124.51982,-7.20859
14.5,125.17518,-6.880915,125.17519,-6.55324,125.17517,-7.20859
14.52,125.83053000000001,-7.208595,125.83054,-7.2086,125.83052,-7.20859
14.54,130.09038999999999,-6.225535,126.48589,-7.20859,133.69489,-5.24248
14.56,137.62707,-3.93173,136.97171,-3.93174,138.28243,-3.93172
14.58,137.627075,-3.604045,137.62708,-3.27637,137.62707,-3.93172
14.6,137.299405,-3.276365,137.62709,-3.27637,136.97172,-3.27636
14.62,137.954765,-3.2763549999999997,138.28245,-3.27636,137.62708,-3.27635
14.64,138.282445,-3.2763549999999997,138.28245,-3.27636,138.28244,-3.27635
14.66,138.28243500000002,-4.259395,138.28244,-3.93172,138.28243,-4.58707
14.68,138.28243500000002,-4.25939,137.62708,-4.58708,138.93779,-3.9317
14.7,162.8587,-0.654739999999995,154.01122,-1.96548,171.70618,0.65600000000001
14.72,176.94907,2.6220749999999997,178.2598,2.62207,175.63834,2.62208
14.74,174.327625,3.2774349999999997,174.32763,3.27743,174.32762,3.27744
14.76,173.999945,3.9327949999999996,174.32763,3.93279,173.67226,3.9328
14.78,173.67226499999998,3.9327949999999996,173.67227,3.93279,173.67226,3.9328
14.8,173.67226499999998,4.588155,173.67227,4.58815,173.67226,4.58816
14.82,173.67226499999998,3.9327949999999996,173.67227,3.93279,173.67226,3.9328
14.84,173.67226499999998,3.9327949999999996,173.67227,3.93279,173.67226,3.9328
14.86,173.344585,3.9327949999999996,173.67227,3.93279,173.0169,3.9328
14.88,172.689225,3.9327949999999996,172.36155,3.93279,173.0169,3.9328
14.9,169.41240499999998,0.0006349999999999412,173.67227,3.27743,165.15254,-3.27616
14.92,105.84187,-19.005020000000002,125.83049,-13.7621,85.85325,-24.24794
14.94,53.084895,-25.231025000000002,58.32781,-26.21406,47.84198,-24.24799
14.96,49.154005,-23.264985,48.49992,-23.59266,49.80809,-22.93731
14.98,49.808095,-22.28197,49.8081,-22.28197,49.80809,-22.28197
15.0,50.463445,-21.95431,50.46345,-22.28199,50.46344,-21.62663
15.02,51.118795,-21.954325,51.1188,-21.62665,51.11879,-22.282
15.04,51.446470000000005,-21.62665,51.1188,-21.62665,51.77414,-21.62665
15.06,51.774145000000004,-21.62666,51.77415,-21.62666,51.77414,-21.62666
15.08,52.101815,-21.626665000000003,51.77414,-21.62667,52.42949,-21.62666
15.1,52.4295,-21.954345,52.4295,-21.62667,52.4295,-22.28202
15.12,52.757180000000005,-21.954345,52.42951,-21.62667,53.08485,-22.28202
15.14,51.118764999999996,-22.609704999999998,53.08486,-22.28203,49.15267,-22.93738
15.16,39.322165,-23.265075,40.6329,-23.59276,38.01143,-22.93739
15.18,38.66681,-22.937395000000002,38.66681,-22.9374,38.66681,-22.93739
15.2,39.32217,-22.282024999999997,39.32218,-22.28203,39.32216,-22.28202
15.22,39.32217,-22.609704999999998,39.32218,-22.28203,39.32216,-22.93738
15.24,39.32217,-22.609704999999998,39.32218,-22.28203,39.32216,-22.93738
15.26,39.322175,-22.937385,39.32218,-22.93739,39.32217,-22.93738
15.28,39.64985,-22.609704999999998,39.32217,-22.28203,39.97753,-22.93738
15.3,39.977525,-22.609695000000002,39.97753,-22.28202,39.97752,-22.93737
15.32,44.56506,-22.60969,40.63288,-22.93739,48.49724,-22.28199
15.34,76.35038,-19.66049,68.81364,-20.31587,83.88712,-19.00511
15.36,86.18099000000001,-18.02205,87.16405,-18.34974,85.19793,-17.69436
15.38,85.525635,-17.694364999999998,85.19796,-17.69437,85.85331,-17.69436
15.4,85.525635,-17.366675,85.85332,-17.039,85.19795,-17.69435
15.42,85.853315,-17.038995,85.85332,-17.039,85.85331,-17.03899
15.44,85.85331,-17.366675,85.85332,-17.039,85.8533,-17.69435
15.46,85.853305,-16.711315,85.85331,-16.38364,85.8533,-17.03899
15.48,85.853295,-17.039,85.8533,-17.039,85.85329,-17.039
15.5,85.853295,-17.039,85.8533,-17.039,85.85329,-17.039
15.52,85.853285,-17.039005000000003,85.85329,-17.03901,85.85328,-17.039
15.54,85.853285,-17.366675,85.85329,-17.039,85.85328,-17.69435
15.56,86.180965,-17.69436,85.85329,-17.69436,86.50864,-17.69436
15.58,86.508645,-17.694364999999998,86.50865,-17.69437,86.50864,-17.69436
15.6,86.83633,-18.022045,86.50865,-17.69437,87.16401,-18.34972
15.62,75.36739,-20.643515,79.95498,-20.31583,70.7798,-20.9712
15.64,70.12444500000001,-20.97121,69.46908,-20.97121,70.77981,-20.97121
15.66,70.77981,-20.64354,70.77982,-20.31586,70.7798,-20.97122
15.68,71.10749,-20.643545,70.77981,-20.97123,71.43517,-20.31586
15.7,71.43518,-20.315865000000002,71.43518,-20.31587,71.43518,-20.31586
15.72,72.418225,-20.971224999999997,72.09055,-20.97123,72.7459,-20.97122
15.74,72.090535,-20.97123,72.09054,-20.97123,72.09053,-20.97123
15.76,72.418225,-20.971235,72.74591,-20.97124,72.09054,-20.97123
15.78,72.7459,-20.971245000000003,72.74591,-20.97125,72.74589,-20.97124
15.8,73.073585,-20.971245000000003,72.74591,-20.97125,73.40126,-20.97124
15.82,73.401265,-21.29893,73.40127,-20.97125,73.40126,-21.62661
15.84,74.056625,-21.626604999999998,74.05663,-21.62661,74.05662,-21.6266
15.86,74.05663,-21.626615,74.05663,-21.62662,74.05663,-21.62661
15.88,74.71199,-21.626615,74.71199,-21.62662,74.71199,-21.62661
15.9,75.039675,-21.62662,74.712,-21.62662,75.36735,-21.62662
15.92,73.72894,-22.28199,75.36736,-21.62663,72.09052,-22.93735
15.94,61.93231,-23.592725,63.57073,-23.59273,60.29389,-23.59272
15.96,61.604625,-22.937375000000003,61.60463,-22.93738,61.60462,-22.93737
15.98,61.276939999999996,-22.93738,60.94927,-22.93738,61.60461,-22.93738
16.0,61.604625,-22.937385,61.60463,-22.93739,61.60462,-22.93738
16.02,62.259975,-22.937385,62.25998,-22.93739,62.25997,-22.93738
16.04,62.587645,-22.937385,62.25997,-22.93739,62.91532,-22.93738
16.06,78.644155,-20.643575,72.09047,-20.97128,85.19784,-20.31587
16.08,88.802425,-19.00514,89.1301,-19.00515,88.47475,-19.00513
16.1,88.474745,-18.67746,88.47475,-19.00514,88.47474,-18.34978
16.12,88.474745,-18.349775,88.47475,-18.34978,88.47474,-18.34977
16.14,88.47474,-18.022100000000002,88.47474,-17.69442,88.47474,-18.34978
16.16,88.47474,-17.69442,88.47475,-17.69442,88.47473,-17.69442
16.18,88.802415,-18.349784999999997,89.1301,-18.34979,88.47473,-18.34978
16.2,88.474735,-17.69443,88.47474,-17.69443,88.47473,-17.69443
16.22,88.474735,-17.69443,88.47474,-17.69444,88.47473,-17.69442
16.24,88.147055,-18.022109999999998,88.47474,-17.69443,87.81937,-18.34979
16.26,88.147055,-18.34979,88.47474,-18.34979,87.81937,-18.34979
16.28,98.96055000000001,-16.055999999999997,91.09618,-17.03906,106.82492,-15.07294
16.3,120.91524000000001,-13.762170000000001,119.27683,-14.41754,122.55365,-13.1068
16.32,119.932215,-12.779125,119.93222,-12.45145,119.93221,-13.1068
16.34,119.932215,-13.106805,119.93222,-13.10681,119.93221,-13.1068
16.36,119.93221,-12.451445,119.93222,-12.45145,119.9322,-12.45144
16.38,119.932205,-12.123764999999999,119.93221,-11.79609,119.9322,-12.45144
16.4,119.27684500000001,-12.12377,119.27685,-12.45145,119.27684,-11.79609
16.42,119.604525,-11.796085,119.93221,-11.79609,119.27684,-11.79608
16.44,118.949165,-12.779125,118.62149,-12.45145,119.27684,-13.1068
16.46,111.41247999999999,-15.072925000000001,118.62149,-13.10683,104.20347,-17.03902
16.48,89.45780500000001,-19.00514,90.44085,-19.00514,88.47476,-19.00514
16.5,89.785495,-18.349784999999997,89.7855,-18.34979,89.78549,-18.34978
16.52,89.78549,-18.022109999999998,89.78549,-17.69443,89.78549,-18.34979
16.54,90.113175,-18.349795,89.7855,-18.3498,90.44085,-18.34979
16.56,90.440845,-18.677475,90.44085,-18.3498,90.44084,-19.00515
16.58,91.096205,-18.3498,91.09621,-18.3498,91.0962,-18.3498
16.6,91.09620000000001,-18.3498,91.09621,-18.3498,91.09619,-18.3498
16.62,91.423875,-18.677485,91.0962,-18.34981,91.75155,-19.00516
16.64,91.096195,-19.332845,91.0962,-19.00517,91.09619,-19.66052
16.66,108.790985,-17.36671,98.96053,-17.69442,118.62144,-17.039
16.68,127.796565,-15.728245000000001,128.45192,-16.38361,127.14121,-15.07288
16.7,125.17512500000001,-14.417525,125.17513,-14.41753,125.17512,-14.41752
16.72,125.830485,-14.417525,125.83049,-14.41753,125.83048,-14.41752
16.74,126.158155,-14.745204999999999,125.83048,-14.41753,126.48583,-15.07288
16.76,126.485825,-14.745204999999999,126.48583,-14.41753,126.48582,-15.07288
16.78,125.830465,-14.745215,125.83047,-14.41754,125.83046,-15.07289
16.8,125.830465,-14.089849999999998,125.83047,-14.41753,125.83046,-13.76217
16.82,125.830465,-13.762175,125.83047,-13.76218,125.83046,-13.76217
16.84,125.830465,-13.4345,125.83047,-13.76218,125.83046,-13.10682
16.86,125.502785,-13.434495,125.83047,-13.10682,125.1751,-13.76217
16.88,126.158145,-14.41754,125.83047,-13.76218,126.48582,-15.0729
16.9,108.79099500000001,-16.383665,122.55364,-16.38365,95.02835,-16.38368
16.92,43.581925,-14.417635,57.01693,-15.07299,30.14692,-13.76228
16.94,23.59332,-10.485520000000001,22.93795,-11.14087,24.24869,-9.83017
16.96,24.248694999999998,-8.191794999999999,24.2487,-8.51947,24.24869,-7.86412
16.98,24.576375,-7.20877,24.2487,-7.20877,24.90405,-7.20877
17.0,24.24869,-6.55343,24.2487,-6.55343,24.24868,-6.55343
17.02,24.57637,-6.553435,24.90406,-6.55344,24.24868,-6.55343
17.04,24.248685000000002,-6.88113,24.24869,-6.55345,24.24868,-7.20881
17.06,23.593325,-6.553455,23.59333,-6.55346,23.59332,-6.55345
17.08,22.937955000000002,-6.553465,22.93796,-6.55347,22.93795,-6.55346
17.1,22.937955000000002,-5.898105,22.93796,-5.89811,22.93795,-5.8981
17.12,22.282595,-5.242745,22.2826,-5.24275,22.28259,-5.24274
17.14,22.937955000000002,-5.570425,22.93796,-5.24275,22.93795,-5.8981
17.16,22.93796,-5.898105,22.93797,-5.89811,22.93795,-5.8981
17.18,22.937955000000002,-5.8980999999999995,22.93796,-5.89811,22.93795,-5.89809
17.2,22.937955000000002,-5.898095,22.93796,-5.8981,22.93795,-5.89809
17.22,22.282595,-5.898085,22.2826,-5.89809,22.28259,-5.89808
17.24,22.282595,-5.898070000000001,22.2826,-5.89808,22.28259,-5.89806
17.26,22.61028,-7.864134999999999,22.2826,-7.20879,22.93796,-8.51948
17.28,-8.847370000000002,-19.660515,10.48597,-13.76233,-28.18071,-25.5587
17.3,-51.774195,-41.94247,-51.77415,-37.35502,-51.77424,-46.52992
17.32,-51.774235000000004,-57.343365,-51.77423,-53.73889,-51.77424,-60.94784
17.34,-51.774235000000004,-67.829125,-51.77423,-66.84609,-51.77424,-68.81216
17.36,-51.774235000000004,-60.947845,-51.77423,-65.53537,-51.77424,-56.36032
17.38,-51.774235000000004,-45.546885,-51.77423,-48.49601,-51.77424,-42.59776
17.4,-51.774235000000004,-36.371845,-51.77423,-38.01025,-51.77424,-34.73344
17.42,-51.774235000000004,-30.801285,-51.77423,-31.45665,-51.77424,-30.14592
17.44,-51.774235000000004,-27.524485,-51.77423,-28.17985,-51.77424,-26.86912
17.46,-51.774235000000004,-24.575364999999998,-51.77423,-24.90305,-51.77424,-24.24768
17.48,-51.774235000000004,-22.93698,-51.77423,-22.93697,-51.77424,-22.93699
17.5,-51.774235000000004,-21.29862,-51.77423,-21.6263,-51.77424,-20.97094
17.52,-51.774235000000004,-19.98793,-51.77423,-20.31561,-51.77424,-19.66025
17.54,-51.774235000000004,-18.349545,-51.77423,-18.34955,-51.77424,-18.34954
17.56,-51.774235000000004,-18.67722,-51.77423,-18.34954,-51.77424,-19.0049
17.58,-51.774235000000004,-18.349545,-51.77423,-18.34955,-51.77424,-18.34954
17.6,-51.774235000000004,-17.366505,-51.77423,-17.03883,-51.77424,-17.69418
17.62,-51.774235000000004,-17.038835,-51.77423,-17.03884,-51.77424,-17.03883
17.64,-51.774235000000004,-16.055799999999998,-51.77423,-16.38348,-51.77424,-15.72812
17.66,-51.774235000000004,-15.07277,-51.77423,-15.07277,-51.77424,-15.07277
17.68,-51.774235000000004,-14.417415,-51.77423,-14.41742,-51.77424,-14.41741
17.7,-51.774235000000004,-15.07277,-51.77423,-15.07278,-51.77424,-15.07276
17.72,-51.774235000000004,-16.38348,-51.77423,-15.72813,-51.77424,-17.03883
17.74,-51.774235000000004,-19.988014999999997,-51.77423,-22.28175,-51.77424,-17.69428
17.76,-49.152695,-13.434525,-51.77423,-14.41755,-46.53116,-12.4515
17.78,-21.954635,-4.914899999999999,-22.93777,-6.55329,-20.9715,-3.27651
17.8,-25.23132,0.000270000000000048,-24.90364,-0.65509,-25.559,0.65563
17.82,-24.90363,1.310975,-24.90363,1.31097,-24.90363,1.31098
17.84,-24.90363,1.9663249999999999,-24.90362,1.96632,-24.90364,1.96633
17.86,-24.248275,1.31096,-24.24827,1.31096,-24.24828,1.31096
17.88,-24.575965,1.6386349999999998,-24.24828,1.96631,-24.90365,1.31096
17.9,-24.903644999999997,1.63863,-24.90364,1.96631,-24.90365,1.31095
17.92,-24.575965,1.966305,-24.24828,1.9663,-24.90365,1.96631
17.94,-24.90365,1.63863,-24.90364,1.9663,-24.90366,1.31096
17.96,-24.24829,1.310945,-24.24829,1.31094,-24.24829,1.31095
17.98,-24.248295,1.310945,-24.24829,1.31094,-24.2483,1.31095
18.0,-17.03927,4.26007,-23.59293,1.9663,-10.48561,6.55384
18.02,9.50316,12.12444,6.55398,11.14139,12.45234,13.10749
18.04,10.813970000000001,13.76285,11.14166,13.76285,10.48628,13.76285
18.06,10.158605000000001,14.090525,10.48629,13.76284,9.83092,14.41821
18.08,8.847875,14.090525,9.17556,14.4182,8.52019,13.76285
18.1,7.537145000000001,13.76284,7.86483,13.76284,7.20946,13.76284
18.12,6.8817699999999995,13.10747,7.20946,13.10747,6.55408,13.10747
18.14,5.89872,26.54235,5.89873,39.97723,5.89871,13.10747
18.16,5.2433499999999995,13.10746,5.24336,13.10746,5.24334,13.10746
18.18,4.915665000000001,12.452095,5.24335,12.45209,4.58798,12.4521
18.2,4.587985,12.124410000000001,4.58799,12.45209,4.58798,11.79673
18.22,5.571020000000001,11.469045000000001,5.24335,11.79672,5.89869,11.14137
18.24,5.8987,10.813680000000002,5.8987,11.14136,5.8987,10.486
18.26,6.2263850000000005,10.48599,5.89871,10.48599,6.55406,10.48599
18.28,6.88175,10.48598,6.55407,10.48598,7.20943,10.48598
18.3,7.20944,10.813659999999999,7.20944,10.48598,7.20944,11.14134
18.32,7.2094450000000005,11.141335,7.20945,11.14133,7.20944,11.14134
18.34,7.53713,10.813655,7.86481,11.14133,7.20945,10.48598
18.36,7.86482,10.158294999999999,7.86482,10.48597,7.86482,9.83062
18.38,8.192495000000001,9.50293,8.52018,9.83061,7.86481,9.17525
18.4,8.520175,8.519885,8.52018,8.51988,8.52017,8.51989
18.42,8.520175,7.86452,8.52018,7.86452,8.52017,7.86452
18.44,13.43542,4.915405,8.52018,7.20915,18.35066,2.62166
18.46,57.6727,-14.745325000000001,46.53144,-9.17479,68.81396,-20.31586
18.48,74.056995,-19.988190000000003,74.71236,-22.28196,73.40163,-17.69442
18.5,72.74628,-15.72835,72.74628,-15.72835,72.74628,-15.72835
18.52,73.073965,-14.74532,72.74629,-15.073,73.40164,-14.41764
18.54,73.40165,-14.41765,73.40165,-14.41765,73.40165,-14.41765
18.56,74.057015,-14.089984999999999,74.05702,-13.76231,74.05701,-14.41766
18.58,74.384695,-13.762305,74.05702,-13.76231,74.71237,-13.7623
18.6,75.367745,-13.762315000000001,75.36775,-13.76232,75.36774,-13.76231
18.62,76.35078,-14.089995,76.02311,-13.76232,76.67845,-14.41767
18.64,76.67846,-13.762325,76.67846,-13.76233,76.67846,-13.76232
18.66,77.333815,-13.76233,77.33382,-13.76233,77.33381,-13.76233
18.68,77.66149,-13.76234,77.33382,-13.76234,77.98916,-13.76234
18.7,78.316845,-13.762345,77.98917,-13.76235,78.64452,-13.76234
18.72,79.29988,-13.762355,79.29989,-13.76236,79.29987,-13.76235
18.74,79.627555,-13.762355,79.29988,-13.76236,79.95523,-13.76235
18.76,79.95523,-13.434674999999999,79.95524,-13.107,79.95522,-13.76235
18.78,82.90436,-11.79627,80.61059,-13.10701,85.19813,-10.48553
18.8,102.2376,-6.55332,98.30543,-7.2087,106.16977,-5.89794
18.82,104.85906,-4.58723,105.51443,-4.58723,104.20369,-4.58723
18.84,105.186735,-3.93187,105.51442,-3.93187,104.85905,-3.93187
18.86,105.186735,-3.93187,104.85906,-3.93187,105.51441,-3.93187
18.88,104.859045,-3.604195,104.85905,-3.27652,104.85904,-3.93187
18.9,105.51438999999999,-3.276515,105.5144,-3.27652,105.51438,-3.27651
18.92,105.186695,-3.6042,104.85903,-3.27652,105.51436,-3.93188
18.94,105.84203500000001,-3.604195,105.51437,-3.27652,106.1697,-3.93187
18.96,106.16969499999999,-3.6042,106.16971,-3.27652,106.16968,-3.93188
18.98,106.825045,-4.2595600000000005,106.82505,-3.93189,106.82504,-4.58723
19.0,107.808075,-5.242595,107.4804,-5.2426,108.13575,-5.24259
19.02,108.13574,-5.242595,108.13575,-5.2426,108.13573,-5.24259
19.04,108.463415,-5.2426,108.7911,-4.58724,108.13573,-5.89796
19.06,101.90978,-6.55334,108.7911,-5.89797,95.02846,-7.20871
19.08,53.084824999999995,-8.5195,62.91533,-8.51949,43.25432,-8.51951
19.1,43.582025,-7.536485,42.59898,-7.86417,44.56507,-7.2088
19.12,44.89275,-7.86418,44.56507,-7.86418,45.22043,-7.86418
19.14,45.875795,-8.191875,45.8758,-7.8642,45.87579,-8.51955
19.16,46.20348,-8.191880000000001,45.87581,-7.8642,46.53115,-8.51956
19.18,47.18652,-8.847245000000001,47.18652,-8.51957,47.18652,-9.17492
19.2,47.18653,-9.174935,47.18653,-9.17494,47.18653,-9.17493
19.22,47.18654,-9.50262,47.18654,-9.17494,47.18654,-9.8303
19.24,47.841905,-9.50263,47.84191,-9.17495,47.8419,-9.83031
19.26,47.841915,-9.830315,47.84192,-9.83032,47.84191,-9.83031
19.28,47.841925,-10.157995,47.84193,-9.83032,47.84192,-10.48567
19.3,47.841925,-10.158000000000001,47.84193,-9.83032,47.84192,-10.48568
19.32,48.49729,-10.158000000000001,48.49729,-9.83032,48.49729,-10.48568
19.34,48.49729,-10.158005,47.84194,-9.83033,49.15264,-10.48568
19.36,49.480335,-9.830325,49.15266,-9.83033,49.80801,-9.83032
19.38,37.35607,-11.141065000000001,42.59904,-10.4857,32.1131,-11.79643
19.4,25.887115,-10.15804,24.90407,-9.83036,26.87016,-10.48572
19.42,26.542495000000002,-10.48573,26.87018,-9.83037,26.21481,-11.14109
19.44,26.870175000000003,-10.158059999999999,26.87018,-10.48574,26.87017,-9.83038
19.46,26.214824999999998,-9.50271,26.21483,-9.83039,26.21482,-9.17503
19.48,26.214824999999998,-9.175035,26.21483,-9.17504,26.21482,-9.17503
19.5,25.23178,-8.519684999999999,25.55947,-8.51969,24.90409,-8.51968
19.52,22.937995,-7.864325,23.59337,-7.86433,22.28262,-7.86432
19.54,18.67812,-7.20897,19.66117,-7.20897,17.69507,-7.20897
19.56,13.76288,-6.8812999999999995,15.07362,-7.20898,12.45214,-6.55362
19.58,8.51994,-6.225944999999999,9.83068,-6.55363,7.2092,-5.89826
19.6,2.949325,-5.898275,3.93238,-5.89827,1.96627,-5.89828
19.62,-1.638255,-4.915235,-0.6552,-5.24292,-2.62131,-4.58755
19.64,-4.25974,-4.915240000000001,-4.5874,-4.58757,-3.93208,-5.24291
19.66,42.271255,-11.14109,22.28258,-8.51969,62.25993,-13.76249
19.68,79.954975,-12.451740000000001,80.61029,-13.76246,79.29966,-11.14102
19.7,76.02284,-9.17496,76.02285,-9.17496,76.02283,-9.17496
19.72,75.69515,-7.86425,76.02284,-7.86425,75.36746,-7.86425
19.74,75.03978000000001,-6.88123,74.71211,-7.20891,75.36745,-6.55355
19.76,74.71208,-6.22588,74.71209,-6.55356,74.71207,-5.8982
19.78,74.712065,-5.57053,74.71207,-5.89821,74.71206,-5.24285
19.8,74.712065,-5.570539999999999,74.71207,-5.89823,74.71206,-5.24285
19.82,74.384385,-4.259825,74.05671,-4.58751,74.71206,-3.93214
19.84,74.71207,-3.6044549999999997,74.71208,-3.93214,74.71206,-3.27677
19.86,75.039745,-3.27677,75.36743,-3.27678,74.71206,-3.27676
19.88,75.367425,-1.966045,75.36743,-1.96605,75.36742,-1.96604
19.9,76.350455,-1.638365,76.02278,-1.96605,76.67813,-1.31068
19.92,76.35044500000001,-0.655315,76.67813,-0.65532,76.02276,-0.65531
19.94,70.779775,3.999999999998449e-05,76.67813,-0.65532,64.88142,0.6554
19.96,20.31646,10.813469999999999,34.73451,7.86435,5.89841,13.76259
19.98,-16.056350000000002,20.31617,-11.79649,19.00545,-20.31621,21.62689
20.0,-20.31618,22.28223,-20.31618,22.28223,-20.31618,22.28223
20.02,-20.316164999999998,23.265259999999998,-20.31616,22.93758,-20.31617,23.59294
20.04,-21.299194999999997,22.609885,-20.97151,22.93756,-21.62688,22.28221
20.06,-22.6099,22.609875000000002,-22.28222,22.93755,-22.93758,22.2822
20.08,-22.93757,22.282185,-22.93757,22.28218,-22.93757,22.28219
20.1,-23.9206,22.937545,-23.59292,22.93754,-24.24828,22.93755
20.12,-23.592905000000002,22.28218,-23.5929,22.28218,-23.59291,22.28218
20.14,-23.592905000000002,22.93754,-23.5929,22.93754,-23.59291,22.93754
20.16,-23.5929,22.937534999999997,-23.5929,22.93753,-23.5929,22.93754
20.18,-23.5929,22.93753,-23.5929,22.93753,-23.5929,22.93753
20.2,-23.5929,22.60985,-23.59289,22.93753,-23.59291,22.28217
20.22,-23.920575,22.60985,-23.59289,22.93753,-24.24826,22.28217
20.24,-24.248244999999997,22.609845,-24.24824,22.93752,-24.24825,22.28217
20.26,-24.57592,22.937525,-24.9036,22.93752,-24.24824,22.93753
20.28,-24.57591,23.592885000000003,-24.24823,23.59288,-24.90359,23.59289
20.3,-24.248215000000002,23.59288,-24.24821,23.59288,-24.24822,23.59288
20.32,-24.248205,24.248235,-24.2482,24.24823,-24.24821,24.24824
20.34,-24.2482,23.92055,-24.2482,24.24823,-24.2482,23.59287
20.36,-24.2482,24.248224999999998,-24.2482,24.24822,-24.2482,24.24823
20.38,-24.248195000000003,23.59286,-24.24819,23.59286,-24.2482,23.59286
20.4,-24.248195000000003,23.920535,-24.24819,24.24821,-24.2482,23.59286
20.42,-24.248185,23.59285,-24.24818,23.59285,-24.24819,23.59285
20.44,-24.248175,23.592844999999997,-24.24817,23.59284,-24.24818,23.59285
20.46,-23.92049,23.59284,-24.24817,23.59284,-23.59281,23.59284
20.48,-23.920485,23.265155,-23.5928,23.59283,-24.24817,22.93748
20.5,-23.592795000000002,22.93746,-23.59279,22.93746,-23.5928,22.93746
20.52,-23.592785,22.282094999999998,-23.59278,22.28209,-23.59279,22.2821
20.54,-23.592775000000003,22.28209,-23.59277,22.28209,-23.59278,22.28209
20.56,-23.592765,21.62672,-23.59276,21.62672,-23.59277,21.62672
20.58,-22.937395000000002,21.299030000000002,-22.93739,21.62671,-22.9374,20.97135
20.6,-23.265075,20.971335,-23.59275,20.97133,-22.9374,20.97134
20.62,-22.937395000000002,20.643639999999998,-22.93739,20.97132,-22.9374,20.31596
20.64,-22.93739,20.31595,-22.93739,20.31595,-22.93739,20.31595
20.66,-22.609704999999998,19.988255000000002,-22.93738,20.31593,-22.28203,19.66058
20.68,-22.282015,19.660575,-22.28201,19.66057,-22.28202,19.66058
20.7,-22.282004999999998,19.005205,-22.282,19.0052,-22.28201,19.00521
20.72,-21.626645,18.677515,-21.62664,19.00519,-21.62665,18.34984
20.74,-21.95432,18.02215,-21.62664,18.34983,-22.282,17.69447
20.76,-21.62663,17.694474999999997,-21.62663,17.69447,-21.62663,17.69448
20.78,-21.626624999999997,17.694465,-21.62662,17.69446,-21.62663,17.69447
20.8,-20.97126,17.694465,-20.97125,17.69446,-20.97127,17.69447
20.82,-20.315905,17.039105,-20.3159,17.0391,-20.31591,17.03911
20.84,-20.315905,16.711425,-20.3159,17.0391,-20.31591,16.38375
20.86,-19.988225,16.71142,-20.3159,17.0391,-19.66055,16.38374
20.88,-19.33286,16.383744999999998,-19.66054,16.38374,-19.00518,16.38375
20.9,-19.332855000000002,16.056065,-19.66053,16.38374,-19.00518,15.72839
20.92,-19.00517,15.728385,-19.00516,15.72838,-19.00518,15.72839
20.94,-18.349805,15.72838,-18.3498,15.72838,-18.34981,15.72838
20.96,-18.022125,15.72838,-18.3498,15.72838,-17.69445,15.72838
20.98,-17.694445,15.07302,-17.69444,15.07301,-17.69445,15.07303
21.0,-17.039074999999997,15.073015,-17.03907,15.07301,-17.03908,15.07302
21.02,-17.039074999999997,15.073015,-17.03907,15.07301,-17.03908,15.07302
21.04,-17.03907,15.073015,-17.03907,15.07301,-17.03907,15.07302
21.06,-16.383705,14.745335,-16.3837,15.07301,-16.38371,14.41766
21.08,-16.056015000000002,14.417655,-16.38369,14.41765,-15.72834,14.41766
21.1,-16.056005,14.417655,-16.38368,14.41765,-15.72833,14.41766
21.12,-15.72832,14.745335,-15.72832,15.07301,-15.72832,14.41766
21.14,-15.728315,14.417655,-15.72831,14.41765,-15.72832,14.41766
21.16,-15.728305,14.417655,-15.7283,14.41765,-15.72831,14.41766
21.18,-15.728295,14.417655,-15.72829,14.41765,-15.7283,14.41766
21.2,-15.72828,14.41765,-15.72828,14.41764,-15.72828,14.41766
21.22,-15.728275,14.089974999999999,-15.72827,14.41765,-15.72828,13.7623
21.24,-15.728265,14.089974999999999,-15.72826,14.41765,-15.72827,13.7623
21.26,-16.05594,13.76229,-15.72826,13.76229,-16.38362,13.76229
21.28,-16.38361,13.76229,-16.38361,13.76229,-16.38361,13.76229
21.3,-16.383605000000003,13.76229,-16.38361,13.76229,-16.3836,13.76229
21.32,-16.383595,13.434615,-16.38359,13.10693,-16.3836,13.7623
21.34,-16.38359,13.76229,-16.38359,13.76229,-16.38359,13.76229
21.36,-16.38358,13.434605000000001,-16.38358,13.76228,-16.38358,13.10693
21.38,-16.38357,13.106925,-16.38357,13.10692,-16.38357,13.10693
21.4,-16.383564999999997,13.43461,-16.38356,13.76229,-16.38357,13.10693
21.42,-16.383564999999997,13.76229,-16.38356,13.76229,-16.38357,13.76229
21.44,-16.055889999999998,14.089970000000001,-16.38356,13.76229,-15.72822,14.41765
21.46,-15.072855,15.073015,-15.07285,15.07301,-15.07286,15.07302
21.48,-13.762135,15.728375,-13.76213,15.72837,-13.76214,15.72838
21.5,-12.779105000000001,16.05606,-13.10678,16.38373,-12.45143,15.72839
21.52,-11.796075,16.383744999999998,-11.79607,16.38374,-11.79608,16.38375
21.54,-11.468399999999999,17.03911,-11.79607,17.0391,-11.14073,17.03912
21.56,-11.140725,17.039115000000002,-11.14072,17.03911,-11.14073,17.03912
21.58,-10.813044999999999,18.022165,-11.14072,17.69448,-10.48537,18.34985
21.6,-10.157685,19.33289,-10.48536,19.0052,-9.83001,19.66058
21.62,-9.502324999999999,20.315935000000003,-9.83,20.31593,-9.17465,20.31594
21.64,-8.519285,20.9713,-8.51928,20.97129,-8.51929,20.97131
21.66,-7.86393,21.626665000000003,-7.86392,21.62666,-7.86394,21.62667
21.68,-7.208565,22.28203,-7.20856,22.28202,-7.20857,22.28204
21.7,-6.5532,23.592754999999997,-6.5532,23.59275,-6.5532,23.59276
21.72,-6.553205,23.592765,-5.89783,22.9374,-7.20858,24.24813
21.74,-28.18038,34.406245,-20.97134,31.45711,-35.38942,37.35538
21.76,-41.287685,39.649150000000006,-40.63233,39.32146,-41.94304,39.97684
21.78,-41.61533,39.976825,-41.28765,39.97682,-41.94301,39.97683
21.8,-47.18588,39.976835,-51.7734,39.97683,-42.59836,39.97684
21.82,-43.25371,39.977215,-43.25371,39.97759,-43.25371,39.97684
21.84,-43.253705,39.976835,-43.2537,39.97683,-43.25371,39.97684
21.86,-43.909065,39.976835,-43.90906,39.97683,-43.90907,39.97684
21.88,-44.564425,39.976835,-44.56442,39.97683,-44.56443,39.97684
21.9,-44.564425,39.976835,-44.56442,39.97683,-44.56443,39.97684
21.92,-45.219785,39.976835,-45.21978,39.97683,-45.21979,39.97684
21.94,-45.219795000000005,39.97683,-45.21979,39.97683,-45.2198,39.97683
21.96,-46.202835,39.97683,-45.87515,39.97683,-46.53052,39.97683
21.98,-47.185874999999996,39.976825,-47.18587,39.97682,-47.18588,39.97683
22.0,-48.496595,39.976825,-48.49659,39.97682,-48.4966,39.97683
22.02,-49.479635,39.976825,-49.15195,39.97682,-49.80732,39.97683
22.04,-49.807315,39.97683,-49.80731,39.97683,-49.80732,39.97683
22.06,-50.462680000000006,39.976835,-50.46267,39.97683,-50.46269,39.97684
22.08,-51.445719999999994,39.976835,-51.11803,39.97683,-51.77341,39.97684
22.1,-51.773399999999995,39.97684,-51.77339,39.97684,-51.77341,39.97684
22.12,-51.77341,39.976835,-51.77341,39.97683,-51.77341,39.97684
22.14,-51.77341,39.97684,-51.7734,39.97684,-51.77342,39.97684
22.16,-51.77341,39.976839999999996,-51.77341,39.97683,-51.77341,39.97685
22.18,-51.77342,39.97684,-51.77341,39.97684,-51.77343,39.97684
22.2,-51.773415,39.976845,-51.77341,39.97684,-51.77342,39.97685
22.22,-51.773415,39.976845,-51.77341,39.97684,-51.77342,39.97685
22.24,-51.773425,39.976835,-51.77342,39.97683,-51.77343,39.97684
22.26,-51.773425,39.976845,-51.77342,39.97684,-51.77343,39.97685
22.28,-51.773430000000005,39.976835,-51.77342,39.97683,-51.77344,39.97684
22.3,-51.773439999999994,39.64916,-51.77343,39.97684,-51.77345,39.32148
22.32,-51.773455,38.338445,-51.77345,38.66612,-51.77346,38.01077
22.34,-50.790485000000004,30.801840000000002,-51.77349,34.73398,-49.80748,26.8697
22.36,-38.666525,8.51977,-43.90934,15.07329,-33.42371,1.96625
22.38,-23.920935,-16.055755,-25.55943,-8.51919,-22.28244,-23.59232
22.4,-10.81316,-58.981764999999996,-19.66072,-47.84065,-1.9656,-70.12288
22.42,2.29487,-78.970245,5.24385,-76.67649,-0.65411,-81.264
22.44,-12.778175000000001,-78.64256499999999,-7.86297,-79.29793,-17.69338,-77.9872
22.46,-29.16247,-72.416645,-26.86853,-77.33185,-31.45641,-67.50144
22.48,-32.4401,-44.236165,-32.76759,-53.73889,-32.11261,-34.73344
22.5,-33.09591,-11.795845,-32.76815,-15.72801,-33.42367,-7.86368
22.52,-37.02818,-0.32713499999999995,-36.04512,-2.62085,-38.01124,1.96658
22.54,-42.598755,9.1754,-41.28804,7.20935,-43.90947,11.14145
22.56,-46.530895,15.728884999999998,-45.87553,13.76282,-47.18626,17.69495
22.58,-49.152305,22.610100000000003,-48.49695,20.97171,-49.80766,24.24849
22.6,-51.118345,27.525260000000003,-50.46299,26.8699,-51.7737,28.18062
22.62,-51.77368,31.4574,-51.77368,30.80204,-51.77368,32.11276
22.64,-51.773655000000005,35.06188,-51.77366,34.7342,-51.77365,35.38956
22.66,-51.77363,37.027955000000006,-51.77363,36.70027,-51.77363,37.35564
22.68,-51.773615,38.338675,-51.77362,38.66635,-51.77361,38.011
22.7,-51.77359,38.338675,-51.77359,38.66635,-51.77359,38.011
22.72,-51.773575,38.666345,-51.77358,38.66634,-51.77357,38.66635
22.74,-51.773555,38.994025,-51.77355,39.3217,-51.77356,38.66635
22.76,-51.77355,39.321704999999994,-51.77355,38.66634,-51.77355,39.97707
22.78,-51.773545,39.97706,-51.77354,39.97706,-51.77355,39.97706
22.8,-51.773610000000005,37.683285,-51.77356,39.97705,-51.77366,35.38952
22.82,-51.773665,33.423424999999995,-51.77367,32.1127,-51.77366,34.73415
22.84,-51.773655000000005,37.355595,-51.77365,37.35559,-51.77366,37.3556
22.86,-51.773645,37.68327,-51.77364,38.01095,-51.77365,37.35559
22.88,-51.773655000000005,37.355585000000005,-51.77365,37.35558,-51.77366,37.35559
22.9,-51.77366000000001,36.700215,-51.77365,37.35557,-51.77367,36.04486
22.92,-51.773669999999996,35.71716,-51.77366,36.04484,-51.77368,35.38948
22.94,-51.7737,33.095715,-51.77368,34.73411,-51.77372,31.45732
22.96,-48.824690000000004,14.41807,-51.77376,22.28233,-45.87562,6.55381
22.98,-17.69504,-16.055785,-32.76849,-8.51925,-2.62159,-23.59232
23.0,52.757055,-46.857605,39.97735,-44.56385,65.53676,-49.15136
23.02,63.57078,-36.371845,66.19224,-41.28705,60.94932,-31.45664
23.04,58.655555,-22.28174,59.63861,-24.24777,57.6725,-20.31571
23.06,56.03407,-14.417570000000001,56.36176,-15.72827,55.70638,-13.10687
23.08,54.395655000000005,-11.468520000000002,54.39566,-11.14084,54.39565,-11.7962
23.1,55.051,-17.366715,54.39565,-15.07299,55.70635,-19.66044
23.12,62.259985,-40.304005,61.60451,-28.17985,62.91546,-52.42816
23.14,77.00658,-99.941765,72.09103,-89.78369,81.92213,-110.09984
23.16,45.549675,-100.597125,60.29533,-107.47841,30.80402,-93.71584
23.18,6.555545,-81.919365,11.1431,-80.60865,1.96799,-83.23008
23.2,2.9509349999999994,-100.26944499999999,-3.93031,-96.99265,9.83218,-103.54624
23.22,31.786295000000003,-89.78368499999999,26.21596,-97.64801,37.35663,-81.91936
23.24,44.89295,-57.343365,43.2546,-64.88001,46.5313,-49.80672
23.26,46.20343,-37.682665,47.18651,-40.63174,45.22035,-34.73359
23.28,43.254239999999996,-27.524729999999998,43.90961,-29.49079,42.59887,-25.55867
23.3,39.649755,-20.315855,40.6328,-21.62656,38.66671,-19.00515
23.32,35.38993000000001,-15.7284,36.70065,-16.38375,34.07921,-15.07305
23.34,31.1301,-12.779325,32.11314,-13.107,30.14706,-12.45165
23.36,27.525624999999998,-10.485585,28.18099,-11.14095,26.87026,-9.83022
23.38,24.248825,-8.847195,24.90419,-9.17488,23.59346,-8.51951
23.4,22.61044,-7.864145000000001,22.93812,-7.86415,22.28276,-7.86414
23.42,21.9551,-9.50253,22.28278,-8.5195,21.62742,-10.48556
23.44,24.904205,-19.660505,22.93814,-15.07304,26.87027,-24.24797
23.46,38.339055,-56.032650000000004,35.38989,-39.97634,41.28822,-72.08896
23.48,57.34571,-124.845445,51.77474,-117.30881,62.91668,-132.38208
23.5,3.278855,-84.540805,19.00762,-110.09985,-12.44991,-58.98176
23.52,-39.31985,6.554234999999999,-32.7662,-6.55297,-45.8735,19.66144
23.54,-51.77175,-20.315524999999997,-51.77175,5.89887,-51.77175,-46.52992
23.56,-29.489715,-92.732805,-46.52891,-87.81761,-12.45052,-97.648
23.58,15.729405,-71.761285,12.45272,-80.60865,19.00609,-62.91392
23.6,21.955025,-40.959450000000004,22.28278,-45.87459,21.62727,-36.04431
23.62,17.367295,-24.903305,19.00571,-28.18009,15.72888,-21.62652
23.64,14.090489999999999,-12.451545,15.07352,-14.41761,13.10746,-10.48548
23.66,10.486075,-4.91498,11.14143,-6.55337,9.83072,-3.27659
23.68,8.192355,1.3108950000000001,8.52003,0.0001800000000002,7.86468,2.62161
23.7,7.53702,6.22607,7.8647,5.24303,7.20934,7.20911
23.72,5.89865,9.175175,5.89865,8.51981,5.89865,9.83054
23.74,5.570975,11.46893,5.89866,11.14125,5.24329,11.79661
23.76,5.57097,12.45196,5.2433,12.45196,5.89864,12.45196
23.78,6.226325,13.1073,5.89865,13.1073,6.554,13.1073
23.8,6.88167,14.090309999999999,6.554,13.76263,7.20934,14.41799
23.82,8.84774,14.41798,8.52007,14.41798,9.17541,14.41798
23.84,9.503095,15.401,9.17542,15.07332,9.83077,15.72868
23.86,10.158445,17.367065,9.83077,17.03938,10.48612,17.69475
23.88,10.158449999999998,19.988505,9.83077,19.66082,10.48613,20.31619
23.9,10.48613,22.28226,10.48613,21.6269,10.48613,22.93762
23.92,10.486125,24.903705,10.48613,24.24834,10.48612,25.55907
23.94,9.83076,26.869785,9.83077,26.86978,9.83075,26.86979
23.96,9.503074999999999,28.180505,9.83076,28.1805,9.17539,28.18051
23.98,8.520035,28.835875,8.52004,28.83587,8.52003,28.83588
24.0,7.864685,30.146594999999998,7.86469,30.14659,7.86468,30.1466
24.02,7.537005000000001,30.80197,7.86469,30.80196,7.20932,30.80198
24.04,7.537015,31.457340000000002,7.8647,31.45733,7.20933,31.45735
24.06,7.209345,32.112705,7.20935,32.1127,7.20934,32.11271
24.08,7.53703,32.76807,7.86471,32.76807,7.20935,32.76807
24.1,7.20935,33.09575,7.20935,33.42343,7.20935,32.76807
24.12,7.20935,33.423425,7.20935,33.42342,7.20935,33.42343
24.14,7.209355,32.76807,7.20936,32.76807,7.20935,32.76807
24.16,7.209355,32.1127,7.20936,32.1127,7.20935,32.1127
24.18,2.294095,33.095735,7.20937,31.45733,-2.62118,34.73414
24.2,-41.615595,39.977045000000004,-31.45739,39.97703,-51.7738,39.97706
24.22,-51.77382,39.97704,-51.77384,39.97704,-51.7738,39.97704
24.24,-51.773775,39.97703,-51.77377,39.97703,-51.77378,39.97703
24.26,-51.77376,39.977025,-51.77376,39.97702,-51.77376,39.97703
24.28,-51.772485,39.977015,-51.77121,39.97701,-51.77376,39.97702
24.3,-51.773755,39.97701,-51.77375,39.97701,-51.77376,39.97701
24.32,-51.773755,39.977,-51.77375,39.977,-51.77376,39.977
24.34,-51.773765,39.977,-51.77376,39.977,-51.77377,39.977
24.36,-51.772490000000005,39.976995,-51.77376,39.97699,-51.77122,39.977
24.38,-51.773775,39.97699,-51.77377,39.97698,-51.77378,39.977
24.4,-51.77378,39.976985,-51.77377,39.97698,-51.77379,39.97699
24.42,-51.77378,39.97699,-51.77377,39.97699,-51.77379,39.97699
24.44,-51.773785000000004,39.97699,-51.77378,39.97698,-51.77379,39.977
24.46,-51.77379,39.97699,-51.77379,39.97699,-51.77379,39.97699
24.48,-51.773790000000005,39.976995,-51.77378,39.97699,-51.7738,39.977
24.5,-51.773785000000004,39.976985,-51.77378,39.97698,-51.77379,39.97699
24.52,-51.773795,39.976985,-51.77379,39.97698,-51.7738,39.97699
24.54,-51.773795,39.97699,-51.77379,39.97699,-51.7738,39.97699
24.56,-51.773799999999994,39.976985,-51.77379,39.97698,-51.77381,39.97699
24.58,-51.773804999999996,39.976985,-51.7738,39.97698,-51.77381,39.97699
24.6,-51.77381,39.97699,-51.7738,39.97699,-51.77382,39.97699
24.62,-51.773804999999996,39.97698,-51.7738,39.97698,-51.77381,39.97698
24.64,-51.77381,39.976974999999996,-51.7738,39.97697,-51.77382,39.97698
24.66,-51.773815,39.97698,-51.77381,39.97698,-51.77382,39.97698
24.68,-51.773799999999994,39.97697,-51.77381,39.97697,-51.77379,39.97697
24.7,-50.13525,28.835794999999997,-51.77365,31.45724,-48.49685,26.21435
24.72,-47.841495,28.835785,-47.84149,28.18042,-47.8415,29.49115
24.74,-47.186125000000004,28.835785,-47.18612,28.83578,-47.18613,28.83579
24.76,-47.18612,29.49114,-47.18612,29.49114,-47.18612,29.49114
24.78,-46.530765,30.146495,-46.53076,30.14649,-46.53077,30.1465
24.8,-46.858445,30.146495,-46.53076,30.14649,-47.18613,30.1465
24.82,-46.530765,30.14649,-46.53076,30.14649,-46.53077,30.14649
24.84,-46.20308,30.146485,-46.53075,30.14648,-45.87541,30.14649
24.86,-46.203085,30.14648,-46.53076,30.14648,-45.87541,30.14648
24.88,-46.530765,30.146475000000002,-46.53076,30.14647,-46.53077,30.14648
24.9,-46.203095,30.146475000000002,-46.53077,30.14647,-45.87542,30.14648
24.92,-46.203095,30.146475000000002,-46.53077,30.14647,-45.87542,30.14648
24.94,-46.530775,30.14647,-46.53077,30.14647,-46.53078,30.14647
24.96,-46.53078,29.818785,-46.53078,29.4911,-46.53078,30.14647
24.98,-46.53078,29.491104999999997,-46.53078,29.4911,-46.53078,29.49111
25.0,-46.530789999999996,28.835745000000003,-46.53078,28.83574,-46.5308,28.83575
25.02,-46.203115,28.50807,-45.87543,28.83575,-46.5308,28.18039
25.04,-46.5308,28.18039,-46.5308,28.18039,-46.5308,28.18039
25.06,-47.186165,28.18039,-47.18616,28.18038,-47.18617,28.1804
25.08,-47.513845,27.852715,-47.18616,28.18039,-47.84153,27.52504
25.1,-47.841530000000006,26.542005,-47.84152,26.86968,-47.84154,26.21433
25.12,-48.82458,26.214315,-48.49689,26.86967,-49.15227,25.55896
25.14,-50.135315000000006,24.57592,-49.80763,24.9036,-50.463,24.24824
25.16,-50.790684999999996,23.265205,-50.463,23.59288,-51.11837,22.93753
25.18,-50.135329999999996,24.24825,-51.77373,22.93752,-48.49693,25.55898
25.2,-37.68333,35.38942,-38.66641,33.42332,-36.70025,37.35552
25.22,-39.32165,37.355509999999995,-38.66629,38.01087,-39.97701,36.70015
25.24,-40.632365,36.372465,-39.977,36.70014,-41.28773,36.04479
25.26,-41.943084999999996,35.061755,-41.94308,35.38943,-41.94309,34.73408
25.28,-42.92613,34.734075000000004,-42.59845,34.73407,-43.25381,34.73408
25.3,-43.909175000000005,34.734075000000004,-43.90917,34.73407,-43.90918,34.73408
25.32,-44.236845,34.406395,-43.90916,34.73407,-44.56453,34.07872
25.34,-45.21989000000001,33.423365000000004,-45.21988,33.42336,-45.2199,33.42337
25.36,-45.219895,33.751045,-45.21989,34.07872,-45.2199,33.42337
25.38,-45.219895,34.078735,-45.21989,34.07873,-45.2199,34.07874
25.4,-44.89223,33.751045,-45.2199,34.07872,-44.56456,33.42337
25.42,-43.9092,33.423355,-43.90919,33.42335,-43.90921,33.42336
25.44,-43.25386,32.767970000000005,-43.25385,33.42334,-43.25387,32.1126
25.46,-42.270849999999996,32.112575,-42.59852,32.11258,-41.94318,32.11257
25.48,-40.632485,30.8018,-41.28783,31.45717,-39.97714,30.14643
25.5,-38.338750000000005,29.163335,-38.66642,29.49103,-38.01108,28.83564
25.52,-36.70036,28.180225,-36.70035,28.18024,-36.70037,28.18021
25.54,-35.717325,26.86945,-36.045,27.52482,-35.38965,26.21408
25.56,-35.061975000000004,24.903315,-35.38965,25.55868,-34.7343,24.24795
25.58,-34.07894,23.92023,-34.07893,24.24792,-34.07895,23.59254
25.6,-32.76823,21.954105,-33.42358,22.28179,-32.11288,21.62642
25.62,-31.785204999999998,19.98799,-32.11288,20.31567,-31.45753,19.66031
25.64,-33.423655000000004,19.332615,-30.80217,19.6603,-36.04514,19.00493
25.66,-50.135575,22.937075,-48.49715,22.28171,-51.774,23.59244
25.68,-51.77399,22.937044999999998,-51.77399,22.93705,-51.77399,22.93704
25.7,-51.774,21.953985,-51.77399,22.28166,-51.77401,21.62631
25.72,-51.774015,21.29862,-51.77401,21.6263,-51.77402,20.97094
25.74,-51.774015,21.29862,-51.77401,20.97094,-51.77402,21.6263
25.76,-51.774015,21.626305000000002,-51.77401,21.6263,-51.77402,21.62631
25.78,-51.774005,22.28166,-51.774,22.28166,-51.77401,22.28166
25.8,-51.773995,22.281655,-51.77399,22.28165,-51.774,22.28166
25.82,-51.773984999999996,22.609325,-51.77398,22.937,-51.77399,22.28165
25.84,-51.4463,20.970915,-51.77397,21.62627,-51.11863,20.31556
25.86,-49.807919999999996,19.004825,-50.46327,19.66018,-49.15257,18.34947
25.88,-47.18651,15.40033,-47.84186,16.38337,-46.53116,14.41729
25.9,-48.497344999999996,10.81282,-45.22045,11.79584,-51.77424,9.8298
25.92,-51.774235000000004,11.14059,-51.77423,11.14058,-51.77424,11.1406
25.94,-51.774235000000004,10.812865,-51.77423,11.14056,-51.77424,10.48517
25.96,-51.774235000000004,10.812815,-51.77423,11.1405,-51.77424,10.48513
25.98,-51.774235000000004,10.157425,-51.77423,10.48511,-51.77424,9.82974
26.0,-51.774235000000004,11.140445,-51.77423,10.48508,-51.77424,11.79581
26.02,-51.774235000000004,10.48507,-51.77423,9.82971,-51.77424,11.14043
26.04,-51.774235000000004,12.123465,-51.77423,11.79578,-51.77424,12.45115
26.06,-51.774235000000004,14.417225,-51.77423,13.76186,-51.77424,15.07259
26.08,-51.774235000000004,17.366345,-51.77423,16.3833,-51.77424,18.34939
26.1,-51.774235000000004,19.33242,-51.77423,19.00474,-51.77424,19.6601
26.12,-51.774235000000004,20.643145,-51.77423,20.31546,-51.77424,20.97083
26.14,-51.774235000000004,21.953865,-51.77423,21.62618,-51.77424,22.28155
26.16,-51.774235000000004,23.592280000000002,-51.77423,22.93691,-51.77424,24.24765
26.18,-51.774235000000004,33.095034999999996,-51.77423,30.14589,-51.77424,36.04418
26.2,-51.774235000000004,39.976344999999995,-51.77423,39.97634,-51.77424,39.97635
26.22,-51.774235000000004,39.97634,-51.77423,39.97634,-51.77424,39.97634
26.24,-51.774235000000004,39.976344999999995,-51.77423,39.97634,-51.77424,39.97635
26.26,-51.774235000000004,39.976355,-51.77423,39.97635,-51.77424,39.97636
26.28,-51.774235000000004,39.97637,-51.77423,39.97636,-51.77424,39.97638
26.3,-51.774235000000004,39.976385,-51.77423,39.97638,-51.77424,39.97639
26.32,-51.774235000000004,39.976395,-51.77423,39.97639,-51.77424,39.9764
26.34,-51.774235000000004,39.9764,-51.77423,39.97639,-51.77424,39.97641
26.36,-51.774235000000004,39.976415,-51.77423,39.97641,-51.77424,39.97642
26.38,-51.774235000000004,39.976420000000005,-51.77423,39.97641,-51.77424,39.97643
26.4,-51.774235000000004,39.97642999999999,-51.77423,39.97642,-51.77424,39.97644
26.42,-51.774235000000004,39.976445,-51.77423,39.97644,-51.77424,39.97645
26.44,-51.774235000000004,39.976455,-51.77423,39.97645,-51.77424,39.97646
26.46,-51.774235000000004,39.976465000000005,-51.77423,39.97646,-51.77424,39.97647
26.48,-51.774235000000004,39.976470000000006,-51.77423,39.97646,-51.77424,39.97648
26.5,-51.774235000000004,39.976479999999995,-51.77423,39.97647,-51.77424,39.97649
26.52,-51.774235000000004,39.976485,-51.77423,39.97648,-51.77424,39.97649
26.54,-51.774235000000004,39.97649,-51.77423,39.97648,-51.77424,39.9765
26.56,-51.774235000000004,39.976495,-51.77423,39.97649,-51.77424,39.9765
26.58,-51.774235000000004,39.976495,-51.77423,39.97649,-51.77424,39.9765
26.6,-51.774235000000004,39.97649,-51.77423,39.97649,-51.77424,39.97649
26.62,-51.774235000000004,39.976495,-51.77423,39.97649,-51.77424,39.9765
26.64,-51.774235000000004,39.976495,-51.77423,39.97649,-51.77424,39.9765
26.66,-44.565205000000006,35.71663,-51.77423,39.97648,-37.35618,31.45678
26.68,-28.836425,22.9371,-29.49178,22.93709,-28.18107,22.93711
26.7,-27.525695,24.90321,-27.52569,24.9032,-27.5257,24.90322
26.72,-27.52569,24.90324,-27.52569,24.90323,-27.52569,24.90325
26.74,-28.50745,24.575575,-28.18104,24.90325,-28.83386,24.2479
26.76,-28.836395000000003,23.920225000000002,-28.83639,24.2479,-28.8364,23.59255
26.78,-28.83639,22.937195000000003,-28.83639,22.93719,-28.83639,22.9372
26.8,-29.164065,23.264875,-28.83638,22.93719,-29.49175,23.59256
26.82,-28.836385,23.592554999999997,-28.83638,23.59255,-28.83639,23.59256
26.84,-28.18103,24.903285,-28.83639,24.24792,-27.52567,25.55865
26.86,-27.19799,26.86937,-27.52567,26.86937,-26.87031,26.86937
26.88,-26.870305000000002,26.869365000000002,-26.8703,26.86936,-26.87031,26.86937
26.9,-27.525660000000002,27.197035,-27.52565,26.86935,-27.52567,27.52472
26.92,-27.525655,28.18007,-27.52565,28.18007,-27.52566,28.18007
26.94,-27.197969999999998,28.835434999999997,-26.87029,28.83543,-27.52565,28.83544
26.96,-26.87029,28.180075000000002,-26.87029,28.18007,-26.87029,28.18008
26.98,-23.59346,27.524715,-26.21492,28.18007,-20.972,26.86936
27.0,-14.090620000000001,24.57612,-14.4183,24.24895,-13.76294,24.90329
27.02,-14.4183,25.230964999999998,-14.4183,25.55864,-14.4183,24.90329
27.04,-15.07366,24.575615,-15.07366,24.90329,-15.07366,24.24794
27.06,-15.729025,23.920265,-15.07366,24.24794,-16.38439,23.59259
27.08,-16.384385,23.26491,-16.38438,23.59258,-16.38439,22.93724
27.1,-17.039745,23.264915000000002,-17.03974,23.59259,-17.03975,22.93724
27.12,-17.03975,22.281875,-17.03975,22.28187,-17.03975,22.28188
27.14,-17.03848,21.626514999999998,-17.0372,21.62651,-17.03976,21.62652
27.16,-17.36743,21.298835,-17.6951,21.62651,-17.03976,20.97116
27.18,-17.367424999999997,20.643475000000002,-17.03974,20.97115,-17.69511,20.3158
27.2,-17.69511,20.315795,-17.69511,20.31579,-17.69511,20.3158
27.22,-17.36743,20.643485,-17.69511,20.97116,-17.03975,20.31581
27.24,-18.02279,20.315804999999997,-17.69511,20.3158,-18.35047,20.31581
27.26,-17.695104999999998,20.315804999999997,-17.6951,20.3158,-17.69511,20.31581
27.28,-17.695104999999998,20.315804999999997,-17.6951,20.3158,-17.69511,20.31581
27.3,-17.6951,20.31581,-17.6951,20.3158,-17.6951,20.31582
27.32,-18.02278,20.643485,-17.6951,20.97116,-18.35046,20.31581
27.34,-17.695095000000002,20.315815,-17.69509,20.31581,-17.6951,20.31582
27.36,-18.022775000000003,20.315815,-17.69509,20.31581,-18.35046,20.31582
27.38,-17.69509,19.988135,-17.69509,19.66045,-17.69509,20.31582
27.4,-18.022775,19.988135,-18.35045,20.31581,-17.6951,19.66046
27.42,-18.35045,19.988135,-18.35045,19.66045,-18.35045,20.31582
27.44,-18.0215,20.315815,-18.3479,20.31581,-17.6951,20.31582
27.46,-18.350455,19.988135,-18.35045,20.31581,-18.35046,19.66046
27.48,-18.350455,20.31581,-18.35045,20.31581,-18.35046,20.31581
27.5,-18.350455,19.988125,-18.35045,19.66044,-18.35046,20.31581
27.52,-18.350455,20.31581,-18.35045,20.3158,-18.35046,20.31582
27.54,-18.350445,20.315815,-18.35044,20.31581,-18.35045,20.31582
27.56,-18.022765,20.643504999999998,-18.35044,20.97118,-17.69509,20.31583
27.58,-17.695085,20.315815,-17.69508,20.31581,-17.69509,20.31582
27.6,-17.695085,20.315815,-17.69508,20.31581,-17.69509,20.31582
27.62,-17.039724999999997,20.315815,-17.03972,20.31581,-17.03973,20.31582
27.64,-17.039735,20.315815,-17.03973,20.31581,-17.03974,20.31582
27.66,-17.039745,20.31582,-17.03974,20.31582,-17.03975,20.31582
27.68,-17.039745,20.643495,-17.03974,20.97117,-17.03975,20.31582
27.7,-17.03974,20.643504999999998,-17.03974,20.97118,-17.03974,20.31583
27.72,-17.039735,20.971185,-17.03973,20.97118,-17.03974,20.97119
27.74,-16.384375,20.643504999999998,-16.38437,20.97118,-16.38438,20.31583
27.76,-16.712055,20.971185,-17.03973,20.97118,-16.38438,20.97119
27.78,-17.039735,20.643504999999998,-17.03973,20.97118,-17.03974,20.31583
27.8,-17.039735,20.643504999999998,-17.03973,20.31582,-17.03974,20.97119
27.82,-17.039745,20.31583,-17.03974,20.31583,-17.03975,20.31583
27.84,-17.039740000000002,20.315835,-17.03973,20.31583,-17.03975,20.31584
27.86,-17.039745,20.315835,-17.03974,20.31583,-17.03975,20.31584
27.88,-17.039735,20.315835,-17.03973,20.31583,-17.03974,20.31584
27.9,-17.03974,20.315835,-17.03974,20.31583,-17.03974,20.31584
27.92,-17.03974,20.315835,-17.03974,20.31583,-17.03974,20.31584
27.94,-17.039735,19.988155,-17.03973,20.31583,-17.03974,19.66048
27.96,-16.712055,19.66048,-16.38437,19.66047,-17.03974,19.66049
27.98,-16.71206,19.332810000000002,-17.03974,19.66048,-16.38438,19.00514
28.0,-10.486075,14.74529,-16.38437,18.34977,-4.58778,11.14081
28.02,19.333109999999998,-5.243169999999999,15.7286,-1.96638,22.93762,-8.51996
28.04,21.954575,-5.898529999999999,22.28226,-7.20926,21.62689,-4.5878
28.06,22.60994,-5.24316,22.28226,-5.24316,22.93762,-5.24316
28.08,22.60994,-5.570835,22.28226,-5.24316,22.93762,-5.89851
28.1,23.265295000000002,-5.5708400000000005,22.93762,-5.24316,23.59297,-5.89852
28.12,24.248334999999997,-4.915475,24.24834,-4.5878,24.24833,-5.24315
28.14,24.248325,-5.89853,24.24833,-5.89853,24.24832,-5.89853
28.16,25.231365,-5.24318,24.90369,-5.24318,25.55904,-5.24318
28.18,27.85279,-3.604795,27.52512,-3.93248,28.18046,-3.27711
28.2,29.81886,-2.294085,29.49119,-2.62177,30.14653,-1.9664
28.22,31.457254999999996,-1.966405,30.8019,-1.96641,32.11261,-1.9664
28.24,32.440285,-1.31104,32.76797,-1.31104,32.1126,-1.31104
28.26,12.12388,3.27649,19.00525,1.3104,5.24251,5.24258
28.28,0.3272699999999989,9.174755000000001,0.65495,8.51939,-0.0004100000000022,9.83012
28.3,-0.98344,10.157785,-0.65575,9.8301,-1.31113,10.48547
28.32,-2.294165,10.48546,-1.96648,10.48545,-2.62185,10.48547
28.34,-3.2772050000000004,10.48547,-3.2772,10.48546,-3.27721,10.48548
28.36,-3.9325650000000003,10.485475000000001,-3.93256,10.48547,-3.93257,10.48548
28.38,-3.93256,10.485485,-3.93256,10.48548,-3.93256,10.48549
28.4,-3.93256,10.48549,-3.93256,10.48548,-3.93256,10.4855
28.42,-4.2602400000000005,10.4855,-3.93256,10.48549,-4.58792,10.48551
28.44,-4.587925,10.81318,-4.58792,11.14086,-4.58793,10.4855
28.46,-4.915605,10.157824999999999,-4.58792,10.4855,-5.24329,9.83015
28.48,-5.243285,9.830145,-5.24328,9.83014,-5.24329,9.83015
28.5,-5.57097,10.48551,-5.24329,10.48551,-5.89865,10.48551
28.52,-5.570975,10.15783,-5.24329,9.83015,-5.89866,10.48551
28.54,-5.57097,10.485505,-5.89865,10.4855,-5.24329,10.48551
28.56,-5.898655,10.15783,-5.89865,10.48551,-5.89866,9.83015
28.58,-5.89865,10.157834999999999,-5.89864,10.48551,-5.89866,9.83016
28.6,-6.226335000000001,9.830155,-5.89865,9.83015,-6.55402,9.83016
28.62,-6.554005,9.830155,-6.554,9.83015,-6.55401,9.83016
28.64,-5.898645,9.830155,-5.89864,9.83015,-5.89865,9.83016
28.66,-6.554005,9.502469999999999,-6.554,9.83015,-6.55401,9.17479
28.68,-6.554,9.502469999999999,-6.554,9.17478,-6.554,9.83016
28.7,-6.5539950000000005,9.174795,-6.55399,9.83015,-6.554,8.51944
28.72,-15.073809999999998,13.762315000000001,-9.83086,11.79623,-20.31676,15.7284
28.74,-24.5766,19.005200000000002,-24.24892,18.34984,-24.90428,19.66056
28.76,-25.231935,19.66054,-24.90425,19.66054,-25.55962,19.66054
28.78,-26.21497,20.31589,-26.21497,20.31589,-26.21497,20.31589
28.8,-27.198005000000002,20.315885,-26.87032,20.31588,-27.52569,20.31589
28.82,-27.853360000000002,20.97124,-27.52568,20.97124,-28.18104,20.97124
28.84,-28.181035,21.954275,-28.18103,22.28195,-28.18104,21.6266
28.86,-28.181035,22.281955,-28.18103,22.28195,-28.18104,22.28196
28.88,-28.836385,22.609625,-28.83638,22.28194,-28.83639,22.93731
28.9,-29.164065,22.937305000000002,-28.83638,22.9373,-29.49175,22.93731
28.92,-29.819425000000003,22.9373,-29.49174,22.9373,-30.14711,22.9373
28.94,-29.49175,22.937295,-29.49174,22.93729,-29.49176,22.9373
28.96,-29.81943,22.937295,-29.49174,22.93729,-30.14712,22.9373
28.98,-30.147115,23.264975,-30.14711,23.59265,-30.14712,22.9373
29.0,-30.80248,23.26498,-30.80247,23.59266,-30.80249,22.9373
29.02,-31.45784,23.264985,-31.45784,23.59266,-31.45784,22.93731
29.04,-31.457835000000003,22.937305000000002,-31.45783,22.9373,-31.45784,22.93731
29.06,-31.457835000000003,22.93731,-31.45783,22.93731,-31.45784,22.93731
29.08,-31.457835000000003,22.60963,-31.45783,22.93731,-31.45784,22.28195
29.1,-31.130155000000002,22.937314999999998,-31.45783,22.93731,-30.80248,22.93732
29.12,-31.457835000000003,22.60963,-31.45783,22.93731,-31.45784,22.28195
29.14,-31.785510000000002,21.95427,-31.45783,22.28195,-32.11319,21.62659
29.16,-32.44086,21.95427,-32.11318,22.28195,-32.76854,21.62659
29.18,-33.42388,21.62659,-33.42388,21.62658,-33.42388,21.6266
29.2,-33.423874999999995,21.298915,-33.42387,21.62659,-33.42388,20.97124
29.22,-33.423865,20.643555,-33.42386,20.97123,-33.42387,20.31588
29.24,-33.423855,19.988195,-33.42385,20.31587,-33.42386,19.66052
29.26,-33.423855,19.988195,-33.42385,20.31587,-33.42386,19.66052
29.28,-33.751525,19.988195,-33.42384,20.31587,-34.07921,19.66052
29.3,-34.079205,19.660525,-34.0792,19.66052,-34.07921,19.66053
29.32,-34.079195,19.660525,-34.07919,19.66052,-34.0792,19.66053
29.34,-34.734555,19.660525,-34.73455,19.66052,-34.73456,19.66053
29.36,-35.062235,19.005175,-34.73455,19.00517,-35.38992,19.00518
29.38,-35.062245000000004,19.005175,-34.73456,19.00517,-35.38993,19.00518
29.4,-40.63287,23.265030000000003,-38.66678,22.28198,-42.59896,24.24808
29.42,-42.92661,24.903435,-43.25429,24.90343,-42.59893,24.90344
29.44,-43.58196,25.886465,-43.25428,25.55878,-43.90964,26.21415
29.46,-43.581955,26.214145000000002,-43.25427,26.21414,-43.90964,26.21415
29.48,-43.909625,26.214154999999998,-43.90962,26.21415,-43.90963,26.21416
29.5,-44.237305,26.214145000000002,-43.90962,26.21414,-44.56499,26.21415
29.52,-44.564975000000004,27.19719,-44.56497,26.8695,-44.56498,27.52488
29.54,-44.89266,26.541835,-44.56498,26.86951,-45.22034,26.21416
29.56,-45.54801,26.214145000000002,-45.22033,26.21414,-45.87569,26.21415
29.58,-45.875685000000004,26.214145000000002,-45.87568,26.21414,-45.87569,26.21415
29.6,-45.875675,26.541825,-45.87567,26.8695,-45.87568,26.21415
29.62,-46.53103,25.886465,-46.53103,26.21414,-46.53103,25.55879
29.64,-46.85871,25.88646,-46.53103,26.21414,-47.18639,25.55878
29.66,-45.875654999999995,25.231105,-47.18638,25.55878,-44.56493,24.90343
29.68,-28.836095,19.988235,-31.45757,20.97127,-26.21462,19.0052
29.7,-28.836055,20.97128,-28.18069,20.97127,-29.49142,20.97129
29.72,-29.49141,21.626649999999998,-29.49141,21.62664,-29.49141,21.62666
29.74,-29.491394999999997,21.626655,-29.49139,21.62665,-29.4914,21.62666
29.76,-30.14675,21.954335,-30.14675,22.28201,-30.14675,21.62666
29.78,-30.146745000000003,21.954340000000002,-30.14674,21.62666,-30.14675,22.28202
29.8,-30.802095,21.626665000000003,-30.80209,21.62666,-30.8021,21.62667
29.82,-31.129765,21.626665000000003,-30.80208,21.62666,-31.45745,21.62667
29.84,-31.457434999999997,21.62667,-31.45743,21.62667,-31.45744,21.62667
29.86,-32.11278,21.298994999999998,-32.11278,21.62667,-32.11278,20.97132
29.88,-32.440455,21.626685000000002,-32.11277,21.62668,-32.76814,21.62669
29.9,-33.095815,22.282045,-32.76813,22.28204,-33.4235,22.28205
29.92,-33.423485,22.282045,-33.42348,22.28204,-33.42349,22.28205
29.94,-33.751155,21.62669,-33.42347,21.62668,-34.07884,21.6267
29.96,-33.751145,22.282055,-34.07882,22.28205,-33.42347,22.28206
29.98,-34.07881,22.609735,-34.07881,22.93741,-34.07881,22.28206
30.0,-33.75112,22.93742,-33.42344,22.93741,-34.0788,22.93743
30.02,-23.59292,18.349905,-31.45733,21.6267,-15.72851,15.07311
30.04,-1.63808,8.847185,-2.62114,9.17486,-0.65502,8.51951
30.06,-1.96573,9.83023,-1.96573,9.83022,-1.96573,9.83024
30.08,-1.96571,9.50255,-1.96571,9.83023,-1.96571,9.17487
30.1,-1.965705,8.519505,-1.9657,8.5195,-1.96571,8.51951
30.12,-1.9657,8.519515,-1.9657,8.51951,-1.9657,8.51952
30.14,-0.98265,8.191835000000001,-1.31033,8.51951,-0.65497,7.86416
30.16,0.3280799999999995,8.19183,0.000399999999999,7.86414,0.65576,8.51952
30.18,1.638805,8.847195,1.31113,8.51951,1.96648,9.17488
30.2,3.6048850000000003,8.51951,3.27721,8.51951,3.93256,8.51951
30.22,4.915605,8.19182,4.58793,8.5195,5.24328,7.86414
30.24,5.570965,7.864134999999999,5.24329,8.51949,5.89864,7.20878
30.26,5.898630000000001,6.88109,5.89864,7.20877,5.89862,6.55341
30.28,5.2432549999999996,6.881500000000001,5.24327,7.20959,5.24324,6.55341
30.3,5.24324,6.5534,5.24325,6.5534,5.24323,6.5534
30.32,5.24322,5.898045,5.24323,5.89804,5.24321,5.89805
30.34,5.89856,5.5703700000000005,5.89857,5.89804,5.89855,5.2427
30.36,5.898555,5.242694999999999,5.89856,5.24269,5.89855,5.2427
30.38,5.5708649999999995,5.242699999999999,5.24319,5.24269,5.89854,5.24271
30.4,5.5708649999999995,4.91503,5.24319,5.2427,5.89854,4.58736
30.42,5.89855,5.2427150000000005,5.89856,5.24271,5.89854,5.24272
30.44,6.881595,5.24272,6.55392,5.24271,7.20927,5.24273
30.46,7.209275,4.91504,7.20928,5.24272,7.20927,4.58736
30.48,7.864625,4.587365,7.86463,4.58736,7.86462,4.58737
30.5,7.864625,4.259685,7.86463,4.58736,7.86462,3.93201
30.52,8.191749999999999,4.25969,7.86462,3.932,8.51888,4.58738
30.54,8.519975,4.259695,8.51998,4.58737,8.51997,3.93202
30.56,8.19229,4.259695,8.51998,4.58737,7.8646,3.93202
30.58,8.192285,3.9320199999999996,7.86461,4.58738,8.51996,3.27666
30.6,8.519965,3.93201,8.51997,3.93201,8.51996,3.93201
30.62,8.519965,3.932005,8.51997,3.932,8.51996,3.93201
30.64,8.519965,4.259695,8.51997,4.58737,8.51996,3.93202
30.66,7.864605,4.259685,7.86461,4.58736,7.8646,3.93201
30.68,7.536925,4.58737,7.86461,4.58736,7.20924,4.58738
30.7,6.881565,4.587375,7.20925,4.58737,6.55388,4.58738
30.72,5.89853,4.587375,5.89853,4.58737,5.89853,4.58738
30.74,5.570855,4.259695,5.89854,3.93201,5.24317,4.58738
30.76,4.587815,3.604335,4.58782,3.93201,4.58781,3.27666
30.78,4.5878250000000005,2.9489650000000003,4.58783,3.27664,4.58782,2.62129
30.8,3.6047849999999997,2.62128,3.93247,2.62128,3.2771,2.62128
30.82,3.2771150000000002,2.2936,3.27712,2.62128,3.27711,1.96592
30.84,3.277125,1.96591,3.27713,1.96591,3.27712,1.96591
30.86,3.277125,1.63821,3.27713,1.96589,3.27712,1.31053
30.88,3.27711,2.293555,3.27712,1.96587,3.2771,2.62124
30.9,3.60478,1.965865,3.27711,1.96586,3.93245,1.96587
30.92,-1.310525,7.208755,3.27708,4.5873,-5.89813,9.83021
30.94,-22.937645,16.383805000000002,-20.31618,15.07309,-25.55911,17.69452
30.96,-26.8698,18.677545000000002,-26.8698,18.34987,-26.8698,19.00522
30.98,-27.852835,19.66056,-27.52515,19.66056,-28.18052,19.66056
31.0,-28.508195,19.988235,-28.18051,19.66055,-28.83588,20.31592
31.02,-28.18052,20.64359,-28.18051,20.97126,-28.18053,20.31592
31.04,-27.52518,20.97127,-27.52517,20.97127,-27.52519,20.97127
31.06,-27.525185,21.298945,-27.52518,20.97126,-27.52519,21.62663
31.08,-27.52392,21.62663,-27.52264,21.62662,-27.5252,21.62664
31.1,-28.508235,22.93737,-28.18055,22.282,-28.83592,23.59274
31.12,-29.1636,24.248095,-28.83591,24.24809,-29.49129,24.2481
31.14,-29.49129,24.90347,-29.49128,24.90346,-29.4913,24.90348
31.16,-29.491295,25.88652,-29.49129,25.55883,-29.4913,26.21421
31.18,-28.835935,25.886535000000002,-28.83593,26.21421,-28.83594,25.55886
31.2,-27.852895,26.214215000000003,-28.18057,26.21421,-27.52522,26.21422
31.22,-26.54216,26.5419,-26.86984,26.21421,-26.21448,26.86959
31.24,-24.57607,24.903515,-24.90375,25.55887,-24.24839,24.24816
31.26,-19.333205,16.05621,-21.62695,20.31602,-17.03946,11.7964
31.28,-10.813659999999999,-3.6044349999999996,-11.14125,-1.9999999999243e-05,-10.48607,-7.20885
31.3,-20.644460000000002,-9.502369999999999,-18.35065,-9.17477,-22.93827,-9.82997
31.32,-25.55966,-2.29333,-23.59359,-6.55314,-27.52573,1.96648
31.34,-36.373005,14.418199999999999,-34.07927,11.14144,-38.66674,17.69496
31.36,-42.92653,22.282435,-41.9435,21.62708,-43.90956,22.93779
31.38,-46.203285,26.869945,-45.87561,25.55922,-46.53096,28.18067
31.4,-49.480064999999996,31.785114999999998,-48.49703,30.80208,-50.4631,32.76815
31.42,-51.44611,37.683305000000004,-51.11843,36.04491,-51.77379,39.3217
31.44,-51.773755,39.977025,-51.77376,39.97703,-51.77375,39.97702
31.46,-51.773714999999996,39.977005,-51.77372,39.97701,-51.77371,39.977
31.48,-51.77369,39.97698,-51.77369,39.97698,-51.77369,39.97698
31.5,-51.773675,39.97697,-51.77367,39.97697,-51.77368,39.97697
31.52,-51.77367,39.97696,-51.77367,39.97696,-51.77367,39.97696
31.54,-51.77365,39.976955000000004,-51.77365,39.97695,-51.77365,39.97696
31.56,-51.773645,39.976945,-51.77364,39.97694,-51.77365,39.97695
31.58,-51.77365,39.976935,-51.77364,39.97694,-51.77366,39.97693
31.6,-51.77366000000001,39.97692,-51.77365,39.97692,-51.77367,39.97692
31.62,-51.773665,39.97692,-51.77366,39.97692,-51.77367,39.97692
31.64,-51.773675,39.976915,-51.77367,39.97691,-51.77368,39.97692
31.66,-51.77368,39.976915,-51.77368,39.97691,-51.77368,39.97692
31.68,-51.77368,39.9769,-51.77367,39.9769,-51.77369,39.9769
31.7,-51.773685,39.976895,-51.77368,39.97689,-51.77369,39.9769
31.72,-51.773685,39.976895,-51.77368,39.97689,-51.77369,39.9769
31.74,-51.77369,39.976884999999996,-51.77369,39.97688,-51.77369,39.97689
31.76,-51.773695000000004,39.97689,-51.77369,39.97689,-51.7737,39.97689
31.78,-51.773695000000004,39.97689,-51.77369,39.97689,-51.7737,39.97689
31.8,-51.773695000000004,39.976895,-51.77369,39.97689,-51.7737,39.9769
31.82,-51.77369,39.976895,-51.77369,39.97689,-51.77369,39.9769
31.84,-51.77368,39.976895,-51.77368,39.97689,-51.77368,39.9769
31.86,-51.773675,39.976905,-51.77367,39.9769,-51.77368,39.97691
31.88,-51.77367,39.976910000000004,-51.77367,39.9769,-51.77367,39.97692
31.9,-51.773655000000005,39.976905,-51.77365,39.9769,-51.77366,39.97691
31.92,-51.773655000000005,39.9769,-51.77365,39.9769,-51.77366,39.9769
31.94,-51.773655000000005,39.976895,-51.77365,39.97689,-51.77366,39.9769
31.96,-51.773655000000005,39.976895,-51.77365,39.97689,-51.77366,39.9769
31.98,-51.773655000000005,39.97689,-51.77365,39.97689,-51.77366,39.97689
32.0,-51.77365,39.97689,-51.77365,39.97689,-51.77365,39.97689
32.02,-51.773645,39.976884999999996,-51.77364,39.97688,-51.77365,39.97689
32.04,-51.773645,39.976884999999996,-51.77364,39.97688,-51.77365,39.97689
32.06,-51.77364,39.97688,-51.77364,39.97688,-51.77364,39.97688
32.08,-51.773635,39.976875,-51.77363,39.97687,-51.77364,39.97688
32.1,-51.77363,39.976875,-51.77363,39.97687,-51.77363,39.97688
32.12,-51.77362,39.976870000000005,-51.77362,39.97686,-51.77362,39.97688
32.14,-51.773700000000005,39.97689,-51.77364,39.97687,-51.77376,39.97691
32.16,-51.773765,39.976910000000004,-51.77377,39.9769,-51.77376,39.97692
32.18,-51.773735,39.9769,-51.77373,39.9769,-51.77374,39.9769
32.2,-51.773725,39.976895,-51.77372,39.97689,-51.77373,39.9769
32.22,-51.773714999999996,39.976895,-51.77371,39.97689,-51.77372,39.9769
32.24,-51.773705,39.976884999999996,-51.7737,39.97688,-51.77371,39.97689
32.26,-51.7737,39.976884999999996,-51.7737,39.97688,-51.7737,39.97689
32.28,-51.773685,39.97688,-51.77368,39.97688,-51.77369,39.97688
32.3,-51.77368,39.97688,-51.77368,39.97688,-51.77368,39.97688
32.32,-51.77367,39.976875,-51.77367,39.97687,-51.77367,39.97688
32.34,-51.773675,39.976865000000004,-51.77367,39.97686,-51.77368,39.97687
32.36,-51.773669999999996,39.976855,-51.77366,39.97685,-51.77368,39.97686
32.38,-51.773665,39.976855,-51.77366,39.97685,-51.77367,39.97686
32.4,-51.77366000000001,39.976855,-51.77365,39.97685,-51.77367,39.97686
32.42,-51.773665,39.976855,-51.77366,39.97685,-51.77367,39.97686
32.44,-51.77366000000001,39.97685,-51.77365,39.97685,-51.77367,39.97685
32.46,-51.773675,39.97685,-51.77367,39.97685,-51.77368,39.97685
32.48,-51.773675,39.976845,-51.77367,39.97684,-51.77368,39.97685
32.5,-51.773675,39.976845,-51.77367,39.97684,-51.77368,39.97685
32.52,-51.773675,39.976845,-51.77367,39.97684,-51.77368,39.97685
32.54,-51.773695000000004,39.976845,-51.77368,39.97684,-51.77371,39.97685
32.56,-51.773825,39.97689,-51.77376,39.97686,-51.77389,39.97692
32.58,-51.774055000000004,20.31642,-51.77403,28.18058,-51.77408,12.45226
32.6,-35.389765,-17.366405,-42.59887,-2.62081,-28.18066,-32.112
32.62,8.847759999999997,-69.467525,0.0001199999999954,-62.91393,17.6954,-76.02112
32.64,15.730080000000001,-76.02112500000001,20.9728,-77.33185,10.48736,-74.7104
32.66,-11.794705,-58.654085,-5.24113,-66.19073,-18.34828,-51.11744
32.68,-34.404624999999996,-38.010245,-28.83404,-39.32097,-39.97521,-36.69952
32.7,-50.133375,-56.688005000000004,-49.80563,-46.52993,-50.46112,-66.84608
32.72,-25.23029,-79.29792499999999,-32.76668,-79.29793,-17.6939,-79.29792
32.74,-1.9657749999999983,-57.998725,-3.93174,-65.53537,0.0001900000000034,-50.46208
32.76,0.327655,-28.180005,1.31077,-33.42284,-0.65546,-22.93717
32.78,-3.6046199999999997,-12.779205000000001,-1.9662,-15.7283,-5.24304,-9.83011
32.8,-9.83054,-0.6551750000000001,-8.51982,-3.27659,-11.14126,1.96624
32.82,-15.07339,7.536725000000001,-13.76267,5.89834,-16.38411,9.17511
32.84,-19.33321,13.76259,-18.35017,12.45187,-20.31625,15.07331
32.86,-22.282310000000003,19.33312,-21.62695,18.35008,-22.93767,20.31616
32.88,-24.903725,23.920625,-24.24837,22.93758,-25.55908,24.90367
32.9,-27.19746,27.85277,-26.86978,27.52509,-27.52514,28.18045
32.92,-28.835835,28.835785,-28.18047,28.83579,-29.4912,28.83578
32.94,-31.78494,30.47417,-30.8019,30.14649,-32.76798,30.80185
32.96,-34.406355,31.45719,-34.07868,31.45719,-34.73403,31.45719
32.98,-35.717060000000004,31.784865,-35.38938,31.45718,-36.04474,32.11255
33.0,-35.389365,32.112545,-36.04472,32.7679,-34.73401,31.45719
33.02,-32.767945,26.869680000000002,-34.07865,28.83574,-31.45724,24.90362
33.04,-24.24842,9.502835000000001,-28.1805,17.03937,-20.31634,1.9663
33.06,-8.51957,-37.027205,-9.17517,-17.69409,-7.86397,-56.36032
33.08,24.24974,-98.631045,22.28334,-94.37121,26.21614,-102.89088
33.1,-25.557270000000003,-72.416645,-9.82856,-87.81761,-41.28598,-57.01568
33.12,-51.771915,-17.694085,-51.77187,-24.24769,-51.77196,-11.14048
33.14,-51.77203,-41.287045,-51.77202,-24.24769,-51.77204,-58.3264
33.16,-47.184754999999996,-84.540805,-51.77214,-81.26401,-42.59737,-87.8176
33.18,-19.66039,-65.207685,-21.62629,-74.71041,-17.69449,-55.70496
33.2,-17.36712,-31.456850000000003,-16.38398,-37.35502,-18.35026,-25.55868
33.22,-20.97182,-13.76233,-19.00571,-17.0391,-22.93793,-10.48556
33.24,-26.54239,-1.638285,-25.55936,-3.93202,-27.52542,0.65545
33.26,-30.802169999999997,8.519695,-29.49146,6.55363,-32.11288,10.48576
33.28,-33.423575,16.38395,-32.76822,14.41788,-34.07893,18.35002
33.3,-35.717304999999996,20.97144,-35.38962,20.31608,-36.04499,21.6268
33.32,-37.028005,23.920540000000003,-36.70033,23.59286,-37.35568,24.24822
33.34,-38.011035,24.575875,-38.01103,24.90355,-38.01104,24.2482
33.36,-38.99407,25.231225000000002,-38.66639,24.90355,-39.32175,25.5589
33.38,-40.632475,26.541935000000002,-39.97711,26.21425,-41.28784,26.86962
33.4,-42.598545,27.85266,-41.94318,27.52498,-43.25391,28.18034
33.42,-44.236940000000004,29.49106,-43.90926,29.49106,-44.56462,29.49106
33.44,-45.54764,30.474095,-45.21996,30.14641,-45.87532,30.80178
33.46,-46.20299,30.801775,-45.87531,30.80177,-46.53067,30.80178
33.48,-47.186015,31.784815,-47.18601,31.45713,-47.18602,32.1125
33.5,-48.169045,32.440174999999996,-47.84136,32.11249,-48.49673,32.76786
33.52,-49.47976,33.095535,-49.15208,32.76785,-49.80744,33.42322
33.54,-50.790475,34.40626,-50.46279,34.07858,-51.11816,34.73394
33.56,-51.44583,35.3893,-51.77351,35.3893,-51.11815,35.3893
33.58,-51.773505,35.3893,-51.7735,35.3893,-51.77351,35.3893
33.6,-51.77349,35.38929,-51.77349,35.38929,-51.77349,35.38929
33.62,-51.77348,35.716965,-51.77348,35.38928,-51.77348,36.04465
33.64,-51.77347,37.027685000000005,-51.77347,36.7,-51.77347,37.35537
33.66,-51.773455,38.010735,-51.77345,38.01073,-51.77346,38.01074
33.68,-51.773465,38.01073,-51.77346,38.01073,-51.77347,38.01073
33.7,-51.773465,37.68305,-51.77346,37.35537,-51.77347,38.01073
33.72,-51.773465,38.010725,-51.77346,38.01072,-51.77347,38.01073
33.74,-51.773465,38.338409999999996,-51.77346,38.66608,-51.77347,38.01074
33.76,-51.77345,38.666095,-51.77345,38.66609,-51.77345,38.6661
33.78,-51.445750000000004,38.66609,-51.77343,38.66609,-51.11807,38.66609
33.8,-50.4627,39.32145,-50.4627,39.32145,-50.4627,39.32145
33.82,-49.47964,39.9768,-49.80732,39.9768,-49.15196,39.9768
33.84,-48.82426,39.976794999999996,-49.15194,39.97679,-48.49658,39.9768
33.86,-48.49657,39.976794999999996,-48.49657,39.97679,-48.49657,39.9768
33.88,-48.824245000000005,39.976785,-48.49656,39.97678,-49.15193,39.97679
33.9,-49.479600000000005,39.976785,-49.15191,39.97678,-49.80729,39.97679
33.92,-50.790335,38.99374,-49.80728,39.97678,-51.77339,38.0107
33.94,-51.773489999999995,32.767795,-51.77348,33.42315,-51.7735,32.11244
33.96,-51.773485,34.078514999999996,-51.77348,34.07851,-51.77349,34.07852
33.98,-51.7735,34.078514999999996,-51.77349,34.07851,-51.77351,34.07852
34.0,-51.773505,33.750825,-51.7735,34.0785,-51.77351,33.42315
34.02,-51.773515,33.750825,-51.77351,34.0785,-51.77352,33.42315
34.04,-51.773525,33.42313,-51.77352,33.42313,-51.77353,33.42313
34.06,-51.77352,32.76777,-51.77352,32.76777,-51.77352,32.76777
34.08,-51.77351,32.440084999999996,-51.77351,32.76776,-51.77351,32.11241
34.1,-51.773495,32.76776,-51.77349,32.76776,-51.7735,32.76776
34.12,-51.773485,33.423114999999996,-51.77348,33.42311,-51.77349,33.42312
34.14,-51.773480000000006,34.406165,-51.77347,34.07848,-51.77349,34.73385
34.16,-51.773485,34.733845,-51.77348,34.73384,-51.77349,34.73385
34.18,-51.773489999999995,34.406165,-51.77348,34.73384,-51.7735,34.07849
34.2,-51.773495,33.750795,-51.77349,34.07847,-51.7735,33.42312
34.22,-51.7735,33.42311,-51.7735,33.42311,-51.7735,33.42311
34.24,-51.77351,32.767735,-51.7735,32.76773,-51.77352,32.76774
34.26,-51.773520000000005,32.440055,-51.77351,32.76773,-51.77353,32.11238
34.28,-51.773529999999994,32.44006,-51.77352,32.76773,-51.77354,32.11239
34.3,-51.773534999999995,31.7847,-51.77353,32.11237,-51.77354,31.45703
34.32,-51.77354,31.129345,-51.77354,31.45702,-51.77354,30.80167
34.34,-51.773545,30.47399,-51.77354,30.80167,-51.77355,30.14631
34.36,-51.773545,30.146304999999998,-51.77354,30.1463,-51.77355,30.14631
34.38,-51.773545,29.818615,-51.77354,30.14629,-51.77355,29.49094
34.4,-51.773545,29.490935,-51.77354,29.49093,-51.77355,29.49094
34.42,-51.773555,28.50789,-51.77355,28.83557,-51.77356,28.18021
34.44,-51.773555,28.180214999999997,-51.77355,28.18021,-51.77356,28.18022
34.46,-51.77356,28.18021,-51.77356,28.18021,-51.77356,28.18021
34.48,-51.773565000000005,27.52485,-51.77356,27.52485,-51.77357,27.52485
34.5,-51.773565000000005,27.852525,-51.77356,28.18021,-51.77357,27.52484
34.52,-51.773565000000005,27.52484,-51.77356,27.52484,-51.77357,27.52484
34.54,-51.773575,27.52484,-51.77357,27.52484,-51.77358,27.52484
34.56,-51.773585,27.197155000000002,-51.77358,27.52483,-51.77359,26.86948
34.58,-51.77359,26.541795,-51.77358,26.86947,-51.7736,26.21412
34.6,-51.7736,26.541800000000002,-51.77359,26.86947,-51.77361,26.21413
34.62,-51.773615,27.197165,-51.77361,27.52484,-51.77362,26.86949
34.64,-51.773619999999994,27.197165,-51.77361,27.52484,-51.77363,26.86949
34.66,-51.773624999999996,27.19717,-51.77362,27.52485,-51.77363,26.86949
34.68,-51.773619999999994,27.524845,-51.77361,27.52484,-51.77363,27.52485
34.7,-51.773624999999996,27.524855000000002,-51.77362,27.52485,-51.77363,27.52486
34.72,-51.773624999999996,27.52485,-51.77362,27.52485,-51.77363,27.52485
34.74,-51.77363,26.86949,-51.77362,26.86949,-51.77364,26.86949
34.76,-51.773624999999996,26.541809999999998,-51.77362,26.86949,-51.77363,26.21413
34.78,-51.445955,25.886445000000002,-51.77363,26.21412,-51.11828,25.55877
34.8,-50.7906,25.231085,-51.11827,25.55876,-50.46293,24.90341
34.82,-49.47989,24.575735,-49.80756,24.90341,-49.15222,24.24806
34.84,-50.13537,21.626624999999997,-48.49685,22.93733,-51.77389,20.31592
34.86,-51.774235000000004,12.12399,-51.77423,14.41771,-51.77424,9.83027
34.88,-51.774235000000004,10.813385,-51.77423,9.17496,-51.77424,12.45181
34.9,-51.774235000000004,8.519665,-51.77423,8.51967,-51.77424,8.51966
34.92,-51.774235000000004,9.17501,-51.77423,9.83037,-51.77424,8.51965
34.94,-51.774235000000004,9.175,-51.77423,9.175,-51.77424,9.175
34.96,-51.774235000000004,10.15803,-51.77423,9.83035,-51.77424,10.48571
34.98,-51.774235000000004,10.48569,-51.77423,10.48569,-51.77424,10.48569
35.0,-51.774235000000004,11.468720000000001,-51.77423,11.14104,-51.77424,11.7964
35.02,-51.774235000000004,12.12408,-51.77423,11.7964,-51.77424,12.45176
35.04,-51.774235000000004,12.451744999999999,-51.77423,12.45174,-51.77424,12.45175
35.06,-51.774235000000004,12.45173,-51.77423,12.45173,-51.77424,12.45173
35.08,-51.774235000000004,15.073155,-51.77423,14.4178,-51.77424,15.72851
35.1,-51.774235000000004,21.95438,-51.77423,17.03919,-51.77424,26.86957
35.12,-51.77386,31.78474,-51.77399,30.8017,-51.77373,32.76778
35.14,-51.7737,35.71689,-51.7737,35.38921,-51.7737,36.04457
35.16,-51.77367,37.682964999999996,-51.77367,37.35528,-51.77367,38.01065
35.18,-51.77366,38.99369,-51.77366,38.666,-51.77366,39.32138
35.2,-51.77364,39.976735000000005,-51.77364,39.97673,-51.77364,39.97674
35.22,-51.773635,39.976749999999996,-51.77363,39.97674,-51.77364,39.97676
35.24,-51.77362,39.976765,-51.77362,39.97676,-51.77362,39.97677
35.26,-51.773624999999996,39.976765,-51.77362,39.97676,-51.77363,39.97677
35.28,-51.773624999999996,39.976775,-51.77362,39.97677,-51.77363,39.97678
35.3,-51.773635,39.976785,-51.77363,39.97678,-51.77364,39.97679
35.32,-51.77365,39.976794999999996,-51.77364,39.97679,-51.77366,39.9768
35.34,-51.77368,36.04465,-51.77367,37.35536,-51.77369,34.73394
35.36,-51.773695000000004,34.733935,-51.77369,34.73393,-51.7737,34.73394
35.38,-51.773705,34.07858,-51.7737,34.07857,-51.77371,34.07859
35.4,-51.77371,34.406270000000006,-51.77371,34.07858,-51.77371,34.73396
35.42,-48.8244,28.18036,-51.77357,30.8018,-45.87523,25.55892
35.44,-45.875235,28.180365000000002,-45.87523,27.525,-45.87524,28.83573
35.46,-45.54754,29.818775000000002,-45.87522,30.14645,-45.21986,29.4911
35.48,-44.236815,30.474135,-44.56449,30.14645,-43.90914,30.80182
35.5,-43.909139999999994,30.80181,-43.90913,30.80181,-43.90915,30.80181
35.52,-43.581464999999994,30.80181,-43.25378,30.80181,-43.90915,30.80181
35.54,-43.581464999999994,30.47412,-43.25378,30.8018,-43.90915,30.14644
35.56,-43.909144999999995,30.801795,-43.90914,30.80179,-43.90915,30.8018
35.58,-43.909155,31.457155,-43.90915,31.45715,-43.90916,31.45716
35.6,-44.236835,31.457155,-43.90915,31.45715,-44.56452,31.45716
35.62,-48.168994999999995,31.78483,-44.56451,32.11251,-51.77348,31.45715
35.64,-44.564515,32.112505,-44.56451,32.1125,-44.56452,32.11251
35.66,-44.23683,32.44019,-43.90915,32.11251,-44.56451,32.76787
35.68,-44.564505,32.767865,-44.5645,32.76786,-44.56451,32.76787
35.7,-44.56451,32.440185,-44.56451,32.76786,-44.56451,32.11251
35.72,-44.564505,32.440185,-44.5645,32.76786,-44.56451,32.11251
35.74,-43.909144999999995,32.44018,-43.90914,32.76786,-43.90915,32.1125
35.76,-36.37241,26.541935,-41.28768,30.14642,-31.45714,22.93745
35.78,-27.524929999999998,20.971355,-26.86957,20.31599,-28.18029,21.62672
35.8,-28.18029,22.93743,-28.18029,22.93743,-28.18029,22.93743
35.82,-27.85261,22.937424999999998,-28.18029,22.93742,-27.52493,22.93743
35.84,-27.852605,22.937415,-28.18028,22.93741,-27.52493,22.93742
35.86,-27.524925000000003,22.93741,-27.52492,22.93741,-27.52493,22.93741
35.88,-26.869565,22.937405,-26.86956,22.9374,-26.86957,22.93741
35.9,-26.869565,22.937405,-26.86956,22.9374,-26.86957,22.93741
35.92,-26.869565,22.282035,-26.86956,22.28203,-26.86957,22.28204
35.94,-26.541890000000002,21.954355,-26.2142,22.28203,-26.86958,21.62668
35.96,-25.88654,21.954345,-26.21421,22.28202,-25.55887,21.62667
35.98,-25.88655,22.609695000000002,-25.55885,21.62665,-26.21425,23.59274
36.0,-43.909220000000005,36.37231,-37.35555,32.7678,-50.46289,39.97682
36.02,-51.773655000000005,39.976839999999996,-51.77365,39.97683,-51.77366,39.97685
36.04,-51.773610000000005,39.97682,-51.77362,39.97682,-51.7736,39.97682
36.06,-51.773585,39.97681,-51.77358,39.97681,-51.77359,39.97681
36.08,-51.773575,39.976805,-51.77357,39.9768,-51.77358,39.97681
36.1,-51.77358,39.97681,-51.77358,39.97681,-51.77358,39.97681
36.12,-51.773575,39.976805,-51.77357,39.9768,-51.77358,39.97681
36.14,-51.773575,39.9768,-51.77357,39.9768,-51.77358,39.9768
36.16,-51.77357,39.9768,-51.77357,39.97679,-51.77357,39.97681
36.18,-51.773565000000005,39.976794999999996,-51.77356,39.97679,-51.77357,39.9768
36.2,-51.773565000000005,39.976794999999996,-51.77356,39.97679,-51.77357,39.9768
36.22,-51.77357000000001,39.976794999999996,-51.77356,39.97679,-51.77358,39.9768
36.24,-51.773575,39.97679,-51.77357,39.97679,-51.77358,39.97679
36.26,-51.773575,39.976794999999996,-51.77357,39.97679,-51.77358,39.9768
36.28,-51.773585,39.976794999999996,-51.77358,39.97679,-51.77359,39.9768
36.3,-51.773585,39.976794999999996,-51.77358,39.97679,-51.77359,39.9768
36.32,-51.773585,39.976789999999994,-51.77358,39.97678,-51.77359,39.9768
36.34,-51.77359,39.97679,-51.77359,39.97679,-51.77359,39.97679
36.36,-51.773595,39.97679,-51.77359,39.97679,-51.7736,39.97679
36.38,-51.773595,39.97679,-51.77359,39.97679,-51.7736,39.97679
36.4,-51.773595,39.976794999999996,-51.77359,39.97679,-51.7736,39.9768
36.42,-51.773595,39.976794999999996,-51.77359,39.97679,-51.7736,39.9768
36.44,-51.773595,39.9768,-51.77359,39.9768,-51.7736,39.9768
36.46,-51.7736,39.976794999999996,-51.7736,39.97679,-51.7736,39.9768
36.48,-51.773595,39.976794999999996,-51.77359,39.97679,-51.7736,39.9768
36.5,-51.7736,39.976794999999996,-51.77359,39.97679,-51.77361,39.9768
36.52,-51.773605,39.976794999999996,-51.7736,39.97679,-51.77361,39.9768
36.54,-51.773605,39.976785,-51.7736,39.97678,-51.77361,39.97679
36.56,-51.773615,39.976794999999996,-51.77361,39.97679,-51.77362,39.9768
36.58,-51.773615,39.976785,-51.77361,39.97678,-51.77362,39.97679
36.6,-47.513675,39.97676,-51.77361,39.97677,-43.25374,39.97675
36.62,-18.349815,29.163249999999998,-22.28201,33.4231,-14.41762,24.9034
36.64,-12.12386,24.90339,-12.45153,24.24802,-11.79619,25.55876
36.66,-10.813130000000001,25.231085,-11.14081,25.55876,-10.48545,24.90341
36.68,-9.502405,24.57572,-9.83008,24.9034,-9.17473,24.24804
36.7,-9.174725,24.903405,-9.17472,24.9034,-9.17473,24.90341
36.72,-8.519375,24.248044999999998,-8.51937,24.24804,-8.51938,24.24805
36.74,-8.191690000000001,23.92037,-8.51936,24.24805,-7.86402,23.59269
36.76,-7.86401,23.265005000000002,-7.86401,23.59268,-7.86401,22.93733
36.78,-7.536325,23.26501,-7.864,23.59269,-7.20865,22.93733
36.8,-7.208645,23.265,-7.20864,23.59268,-7.20865,22.93732
36.82,-7.208645,22.937314999999998,-7.20864,22.93731,-7.20865,22.93732
36.84,-6.5532900000000005,22.281955,-6.55328,22.28195,-6.5533,22.28196
36.86,-5.570259999999999,22.281955,-5.89793,22.28195,-5.24259,22.28196
36.88,-5.242585,21.954275,-5.24258,22.28195,-5.24259,21.6266
36.9,-5.242595,21.626595000000002,-5.24259,21.62659,-5.2426,21.6266
36.92,-4.914915000000001,20.971235,-5.24259,20.97123,-4.58724,20.97124
36.94,-4.259555,20.971245000000003,-4.58723,20.97124,-3.93188,20.97125
36.96,-3.604195,20.643565000000002,-3.93187,20.97124,-3.27652,20.31589
36.98,-2.948835,20.315885,-3.27651,20.31588,-2.62116,20.31589
37.0,-19.005365,22.281985,-9.83021,20.97126,-28.18052,23.59271
37.02,-36.372605,25.558785,-35.38956,25.55878,-37.35565,25.55879
37.04,-36.700265,25.558774999999997,-36.70026,25.55877,-36.70027,25.55878
37.06,-37.355635,25.55877,-37.35563,25.55877,-37.35564,25.55877
37.08,-37.355635,25.55877,-37.35563,25.55877,-37.35564,25.55877
37.1,-36.372595000000004,26.21413,-36.70027,26.21412,-36.04492,26.21414
37.12,-35.06187,25.231090000000002,-35.38955,25.55877,-34.73419,24.90341
37.14,-33.75114,24.248044999999998,-34.07882,24.24804,-33.42346,24.24805
37.16,-32.768105,24.248044999999998,-32.7681,24.24804,-32.76811,24.24805
37.18,-32.112745000000004,24.248035,-32.11274,24.24803,-32.11275,24.24804
37.2,-32.768115,23.59267,-33.42347,23.59267,-32.11276,23.59267
37.22,-32.440439999999995,22.609625,-32.11275,22.9373,-32.76813,22.28195
37.24,-33.095815,22.28194,-32.76813,22.28194,-33.4235,22.28194
37.26,-33.751175,22.937295,-33.42349,22.93729,-34.07886,22.9373
37.28,-34.078865,23.920335,-34.07886,23.59265,-34.07887,24.24802
37.3,-33.751185,24.903374999999997,-34.07886,24.90337,-33.42351,24.90338
37.32,-33.423495,24.57569,-33.42349,24.90337,-33.4235,24.24801
37.34,-33.095815,24.903365,-32.76813,24.90336,-33.4235,24.90337
37.36,-33.095805,25.23104,-32.76812,25.55872,-33.42349,24.90336
37.38,-32.768115,25.231035,-32.76811,25.55871,-32.76812,24.90336
37.4,-33.42347,25.231035,-33.42347,25.55871,-33.42347,24.90336
37.42,-33.75114000000001,24.57566,-33.42345,24.24797,-34.07883,24.90335
37.44,-34.406504999999996,25.23103,-34.07882,25.55871,-34.73419,24.90335
37.46,-34.406505,24.903345,-34.73418,24.90334,-34.07883,24.90335
37.48,-33.423465,25.558715,-33.42346,25.55871,-33.42347,25.55872
37.5,-32.44042,26.21408,-32.7681,26.21407,-32.11274,26.21409
37.52,-31.45736,27.8525,-31.45736,27.52481,-31.45736,28.18019
37.54,-30.4743,29.818604999999998,-30.80198,29.49091,-30.14662,30.1463
37.56,-29.81892,31.78471,-30.1466,31.45702,-29.49124,32.1124
37.58,-29.16355,32.112399999999994,-29.49122,32.11239,-28.83588,32.11241
37.6,-28.508185,31.78472,-28.83586,32.1124,-28.18051,31.45704
37.62,-28.180505,31.457045,-28.1805,31.45704,-28.18051,31.45705
37.64,-27.85283,31.784715,-27.52515,32.11239,-28.18051,31.45704
37.66,-27.852825000000003,32.112404999999995,-27.52514,32.1124,-28.18051,32.11241
37.68,-27.852835,31.784725,-27.52515,32.1124,-28.18052,31.45705
37.7,-27.852835,31.457045,-27.52515,31.45704,-28.18052,31.45705
37.72,-28.180525000000003,31.457054999999997,-28.18052,31.45705,-28.18053,31.45706
37.74,-28.508205,31.129375,-28.83588,31.45705,-28.18053,30.8017
37.76,-28.835884999999998,31.129375,-28.83588,31.45705,-28.83589,30.8017
37.78,-29.163575,31.45706,-28.83589,31.45705,-29.49126,31.45707
37.8,-29.49125,31.457054999999997,-29.49125,31.45705,-29.49125,31.45706
37.82,-29.491255000000002,31.129379999999998,-29.49125,30.8017,-29.49126,31.45706
37.84,-29.81893,30.47402,-30.14661,30.8017,-29.49125,30.14634
37.86,-30.801965000000003,29.163294999999998,-30.80196,29.49097,-30.80197,28.83562
37.88,-31.784999999999997,28.507935,-31.45732,28.83561,-32.11268,28.18026
37.9,-33.4234,27.852575,-33.4234,28.18025,-33.4234,27.5249
37.92,-33.423395,27.524895,-33.42339,27.52489,-33.4234,27.5249
37.94,-33.423395,27.524884999999998,-33.42339,27.52489,-33.4234,27.52488
37.96,-33.423395,27.852565,-33.42339,28.18024,-33.4234,27.52489
37.98,-33.095715,27.197195,-33.42339,27.52487,-32.76804,26.86952
38.0,-32.440355,26.869515,-32.76803,26.86951,-32.11268,26.86952
38.02,-32.112674999999996,26.86951,-32.11267,26.86951,-32.11268,26.86951
38.04,-31.785,26.541825,-32.11267,26.8695,-31.45733,26.21415
38.06,-31.457324999999997,26.869504999999997,-31.45732,26.8695,-31.45733,26.86951
38.08,-30.801975,26.869495,-30.80197,26.86949,-30.80198,26.8695
38.1,-30.801975,26.541809999999998,-30.80197,26.86949,-30.80198,26.21413
38.12,-30.4743,25.886445000000002,-30.80197,26.21412,-30.14663,25.55877
38.14,-29.491275,25.886445000000002,-29.49127,26.21412,-29.49128,25.55877
38.16,-29.163605,25.231085,-29.49128,25.55876,-28.83593,24.90341
38.18,-28.180574999999997,25.231095,-28.18057,25.55877,-28.18058,24.90342
38.2,-28.180574999999997,25.231095,-28.18057,25.55877,-28.18058,24.90342
38.22,-27.852895,24.575735,-27.52521,24.90341,-28.18058,24.24806
38.24,-28.180574999999997,24.903415000000003,-28.18057,24.90341,-28.18058,24.90342
38.26,-28.835935,24.903425,-28.83593,24.90342,-28.83594,24.90343
38.28,-28.508265,25.558785,-28.83594,25.55878,-28.18059,25.55879
38.3,-28.508265,25.231105,-28.18058,25.55878,-28.83595,24.90343
38.32,-28.508265,25.558785,-28.83594,25.55878,-28.18059,25.55879
38.34,-28.18059,25.558785,-28.18058,25.55878,-28.1806,25.55879
38.36,-28.18059,25.886465,-28.18058,26.21414,-28.1806,25.55879
38.38,-28.508274999999998,25.886465,-28.18059,26.21414,-28.83596,25.55879
38.4,-28.835955,26.21415,-28.83595,26.21414,-28.83596,26.21416
38.42,-29.16364,26.541829999999997,-29.49132,26.86951,-28.83596,26.21415
38.44,-29.49132,26.214145000000002,-29.49132,26.21414,-29.49132,26.21415
38.46,-29.819000000000003,26.86951,-30.14667,26.86951,-29.49133,26.86951
38.48,-28.835965,26.86951,-29.49132,26.8695,-28.18061,26.86952
38.5,25.231695000000002,35.716965,-0.65528,32.11242,51.11867,39.32151
38.52,119.276985,39.977199999999996,99.61604,39.97705,138.93793,39.97735
38.54,188.41813000000002,39.977595,177.60471,39.97759,199.23155,39.9776
38.56,206.76829500000002,39.977595,211.02813,39.97759,202.50846,39.9776
38.58,197.92098,39.977595,198.57634,39.97759,197.26562,39.9776
38.6,194.971895,39.977595,195.95493,39.97759,193.98886,39.9776
38.62,192.35046999999997,39.977595,192.67815,39.97759,192.02279,39.9776
38.64,191.695125,39.977595,192.02281,39.97759,191.36744,39.9776
38.66,190.7121,39.977595,190.71211,39.97759,190.71209,39.9776
38.68,189.729055,39.977595,190.05674,39.97759,189.40137,39.9776
38.7,188.09065,39.977595,188.09065,39.97759,188.09065,39.9776
38.72,186.77994,39.977595,187.43531,39.97759,186.12457,39.9776
38.74,185.141525,39.977595,185.46921,39.97759,184.81384,39.9776
38.76,183.830805,39.977595,184.15849,39.97759,183.50312,39.9776
38.78,183.175435,39.977595,183.50312,39.97759,182.84775,39.9776
38.8,181.86470500000001,39.977595,182.19239,39.97759,181.53702,39.9776
38.82,181.53701999999998,39.977595,181.53703,39.97759,181.53701,39.9776
38.84,181.53701,39.977595,181.53701,39.97759,181.53701,39.9776
38.86,181.864685,39.977595,181.53701,39.97759,182.19236,39.9776
38.88,183.175395,39.977595,182.84772,39.97759,183.50307,39.9776
38.9,174.0003,39.977595,182.84771,39.97759,165.15289,39.9776
38.92,84.215345,39.977175,110.1023,39.97724,58.32839,39.97711
38.94,-10.812999999999999,39.97703,11.14179,39.97704,-32.76779,39.97702
38.96,-51.77362,39.977005,-51.7736,39.977,-51.77364,39.97701
38.98,-51.773585,39.977,-51.77358,39.977,-51.77359,39.977
39.0,-51.77359,39.977005,-51.77358,39.977,-51.7736,39.97701
39.02,-51.773595,39.976995,-51.77359,39.97699,-51.7736,39.977
39.04,-51.773595,39.97699,-51.77359,39.97699,-51.7736,39.97699
39.06,-51.773605,39.976985,-51.7736,39.97698,-51.77361,39.97699
39.08,-51.773615,39.97698,-51.77361,39.97698,-51.77362,39.97698
39.1,-51.773624999999996,39.97698,-51.77362,39.97697,-51.77363,39.97699
39.12,-51.77363,39.976985,-51.77362,39.97698,-51.77364,39.97699
39.14,-51.773635,39.976985,-51.77363,39.97698,-51.77364,39.97699
39.16,-51.77364,39.97699,-51.77364,39.97698,-51.77364,39.977
39.18,-51.773645,39.976985,-51.77364,39.97698,-51.77365,39.97699
39.2,-51.773645,39.976974999999996,-51.77364,39.97697,-51.77365,39.97698
39.22,-51.773645,39.976974999999996,-51.77364,39.97697,-51.77365,39.97698
39.24,-51.773655000000005,39.976974999999996,-51.77365,39.97697,-51.77366,39.97698
39.26,-51.773655000000005,39.976974999999996,-51.77365,39.97697,-51.77366,39.97698
39.28,-51.77366000000001,39.976974999999996,-51.77365,39.97697,-51.77367,39.97698
39.3,-51.773665,39.976974999999996,-51.77366,39.97697,-51.77367,39.97698
39.32,-51.773675,39.976974999999996,-51.77367,39.97697,-51.77368,39.97698
39.34,-51.77368,39.97696,-51.77367,39.97696,-51.77369,39.97696
39.36,-51.773685,39.976965,-51.77368,39.97696,-51.77369,39.97697
39.38,-51.773685,39.976955000000004,-51.77368,39.97695,-51.77369,39.97696
39.4,-51.773685,39.97695,-51.77368,39.97695,-51.77369,39.97695
39.42,-51.773685,39.976945,-51.77368,39.97694,-51.77369,39.97695
39.44,-51.77368,39.97694,-51.77367,39.97694,-51.77369,39.97694
39.46,-51.77369,39.97693,-51.77368,39.97693,-51.7737,39.97693
39.48,-51.773695000000004,39.97693,-51.77369,39.97693,-51.7737,39.97693
39.5,-51.773695000000004,39.976925,-51.77369,39.97692,-51.7737,39.97693
39.52,-51.773695000000004,39.976915,-51.77369,39.97691,-51.7737,39.97692
39.54,-51.773705,39.97691,-51.7737,39.97691,-51.77371,39.97691
39.56,-51.7737,39.9769,-51.7737,39.9769,-51.7737,39.9769
39.58,-51.773700000000005,39.9769,-51.77369,39.9769,-51.77371,39.9769
39.6,-51.773709999999994,39.976895,-51.7737,39.97689,-51.77372,39.9769
39.62,-51.773725,39.976884999999996,-51.77372,39.97688,-51.77373,39.97689
39.64,-51.77373,39.976884999999996,-51.77372,39.97688,-51.77374,39.97689
39.66,-51.773735,39.976884999999996,-51.77373,39.97688,-51.77374,39.97689
39.68,-51.773735,39.976884999999996,-51.77373,39.97688,-51.77374,39.97689
39.7,-51.773735,39.976884999999996,-51.77373,39.97688,-51.77374,39.97689
39.72,-51.773735,39.976884999999996,-51.77373,39.97688,-51.77374,39.97689
39.74,-51.77374,39.976884999999996,-51.77374,39.97688,-51.77374,39.97689
39.76,-51.773735,39.976884999999996,-51.77373,39.97688,-51.77374,39.97689
39.78,-51.77374,39.976884999999996,-51.77374,39.97688,-51.77374,39.97689
39.8,-51.773745,39.976884999999996,-51.77374,39.97688,-51.77375,39.97689
39.82,-51.773775,39.976905,-51.77375,39.97689,-51.7738,39.97692
39.84,-51.77381,39.97695,-51.77381,39.97694,-51.77381,39.97696
39.86,-51.77379,39.97696,-51.77379,39.97696,-51.77379,39.97696
39.88,-51.773775,39.976955000000004,-51.77377,39.97695,-51.77378,39.97696
39.9,-51.77377,39.976955000000004,-51.77376,39.97695,-51.77378,39.97696
39.92,-51.773765,39.97695,-51.77376,39.97695,-51.77377,39.97695
39.94,-51.77376,39.976945,-51.77376,39.97694,-51.77376,39.97695
39.96,-51.77376,39.976945,-51.77376,39.97694,-51.77376,39.97695
