t_s,x,y,x_left,y_left,x_right,y_right
0.02,0.3276900000000016,1.638415,0.65537,2.62147,1.0000000003174e-05,0.65536
0.04,0.32770000000000316,2.62147,0.65538,2.62148,2.0000000006348e-05,2.62146
0.06,0.983055,2.2937849999999997,1.31074,3.27684,0.65537,1.31073
0.08,0.983035000000005,1.9660950000000001,1.31072,2.62147,0.65535000000001,1.31072
0.1,2.29377,2.2937950000000003,1.96609,3.27684,2.62145,1.31075
0.12,4.259855,1.638445,4.58754,1.96614,3.93217,1.31075
0.14,4.91523,1.31077,5.24291,1.96614,4.58755,0.6554
0.16,6.553635,1.3107599999999997,5.89828,2.6215,7.20899,1.9999999999243e-05
0.18,9.175095,0.6554099999999993,9.17509,1.31078,9.1751,3.9999999998486e-05
0.2,10.81351,0.655425,11.14119,0.65544,10.48583,0.65541
0.22,11.468885,0.9831099999999999,11.79656,1.3108,11.14121,0.65542
0.24,10.81353,2.2938549999999998,11.79658,3.2769,9.83048,1.31081
0.26,10.48586,3.6045949999999998,10.48586,3.27693,10.48586,3.93226
0.28,11.141235,6.553725,11.14124,7.2091,11.14123,5.89835
0.3,12.451965,8.192129999999999,12.45196,8.51982,12.45197,7.86444
0.32,13.435025,10.813575,13.7627,11.14127,13.10735,10.48588
0.34,14.745750000000001,10.813575,15.07343,11.14127,14.41807,10.48588
0.36,13.762735,14.090375,14.41809,13.76271,13.10738,14.41804
0.38,14.41811,15.401105000000001,14.41811,15.7288,14.41811,15.07341
0.4,14.090435,17.367175000000003,14.41812,17.69487,13.76275,17.03948
0.42,13.43508,18.35022,14.41812,19.00559,12.45204,17.69485
0.44,13.1074,19.333255,13.76276,20.31631,12.45204,18.3502
0.46,12.779725,20.31629,13.10741,20.3163,12.45204,20.31628
0.48,12.45205,20.971645000000002,13.10741,21.62702,11.79669,20.31627
0.5,11.796695,21.62701,12.45206,22.28238,11.14133,20.97164
0.52,9.50292,23.5931,9.8306,23.59311,9.17524,23.59309
0.54,9.502945,25.55919,9.83063,26.21457,9.17526,24.90381
0.56,9.502939999999999,25.55918,9.83062,25.55919,9.17526,25.55917
0.58,9.17528,27.197585,9.83064,27.52528,8.51992,26.86989
0.6,9.502960000000002,27.852939999999997,9.83064,28.836,9.17528,26.86988
0.62,9.83065,28.5083,10.48601,28.83599,9.17529,28.18061
0.64,10.15832,28.5083,10.48601,29.49136,9.83063,27.52524
0.66,9.83064,28.5083,10.486,28.83599,9.17528,28.18061
0.68,8.847615000000001,29.491345,9.17529,30.14672,8.51994,28.83597
0.7,8.847625,29.491345,9.17531,30.14672,8.51994,28.83597
0.72,7.86459,30.14671,8.51995,30.80208,7.20923,29.49134
0.74,7.864605,29.49135,7.86461,30.80209,7.8646,28.18061
0.76,9.17533,28.835985,9.83069,29.49136,8.51997,28.18061
0.78,8.847665,28.83599,8.51998,30.14672,9.17535,27.52526
0.8,9.17535,28.180615,9.83072,28.836,8.51998,27.52523
0.82,8.52127,28.83597,9.1779,29.49134,7.86464,28.1806
0.84,9.503060000000001,27.19756,9.83074,28.83598,9.17538,25.55914
0.86,10.486105,25.231465,10.4861,26.21452,10.48611,24.24841
0.88,13.435224999999999,22.610014999999997,12.45219,24.24844,14.41826,20.97159
0.9,26.87019,23.592995000000002,24.90409,23.59302,28.83629,23.59297
0.92,27.525575000000003,24.248355,28.83629,24.90372,26.21486,23.59299
0.94,25.88721,24.576055,26.21489,25.55911,25.55953,23.593
0.96,25.887230000000002,24.24837,26.21491,24.90375,25.55955,23.59299
0.98,25.55957,23.26533,26.21493,24.24839,24.90421,22.28227
1.0,25.887259999999998,22.609955,26.21494,23.59301,25.55958,21.6269
1.02,26.87031,21.954585,26.87031,22.93764,26.87031,20.97153
1.04,27.197995,21.62689,27.52568,22.28227,26.87031,20.97151
1.06,26.870315,20.971525,27.52568,21.6269,26.21495,20.31615
1.08,27.19799,20.316155000000002,27.52568,20.97153,26.8703,19.66078
1.1,27.525665,19.660785,28.18103,20.31616,26.8703,19.00541
1.12,27.19798,19.660780000000003,27.52567,20.31616,26.87029,19.0054
1.14,27.197965,19.66077,27.52565,20.31614,26.87028,19.0054
1.16,27.197960000000002,19.660764999999998,27.52564,20.31614,26.87028,19.00539
1.18,26.542595,19.66076,26.87028,20.31614,26.21491,19.00538
1.2,25.887230000000002,19.00539,26.21491,19.66077,25.55955,18.35001
1.22,26.542595,19.005380000000002,26.87028,20.31612,26.21491,17.69464
1.24,27.197944999999997,18.02232,27.52563,19.00538,26.87026,17.03926
1.26,26.870255,18.022309999999997,27.52562,19.00536,26.21489,17.03926
1.28,26.87025,17.694625000000002,27.52562,18.35,26.21488,17.03925
1.3,27.19793,18.34999,27.52561,19.00536,26.87025,17.69462
1.32,27.197944999999997,18.34999,27.52563,19.00537,26.87026,17.69461
1.34,27.853305,19.00534,28.18099,19.66072,27.52562,18.34996
1.36,27.52563,19.33301,28.18099,20.31607,26.87027,18.34995
1.38,28.181,19.660674999999998,26.87027,19.66069,29.49173,19.66066
1.4,30.802485,21.95445,31.45784,22.28214,30.14713,21.62676
1.42,31.130185,22.937515,31.45786,23.59288,30.80251,22.28215
1.44,31.13019,22.937514999999998,31.45787,23.59289,30.80251,22.28214
1.46,30.80252,23.265195,30.80252,24.24825,30.80252,22.28214
1.48,31.130209999999998,23.265185000000002,31.45789,23.59288,30.80253,22.93749
1.5,30.802545,23.26518,31.45791,24.24824,30.14718,22.28212
1.52,31.130229999999997,22.282130000000002,31.45791,22.9375,30.80255,21.62676
1.54,31.130235,21.954435,31.45792,22.9375,30.80255,20.97137
1.56,31.130229999999997,21.95442,31.45791,22.28211,30.80255,21.62673
1.58,30.802545,21.954405,31.45791,22.28211,30.14718,21.6267
1.6,35.0624,24.248105,32.11326,24.24814,38.01154,24.24807
1.62,38.99459,25.23113,39.32227,25.55881,38.66691,24.90345
1.64,38.99461,27.197265,39.32229,27.52495,38.66693,26.86958
1.66,38.666925000000006,28.507995,39.32229,28.83569,38.01156,28.1803
1.68,38.33925,28.180315,38.66693,28.83569,38.01157,27.52494
1.7,38.011565000000004,28.180320000000002,38.66693,28.83569,37.3562,27.52495
1.72,38.339259999999996,28.180329999999998,38.66694,28.8357,38.01158,27.52496
1.74,38.339254999999994,28.180329999999998,38.66694,28.8357,38.01157,27.52496
1.76,38.011579999999995,28.180335,38.66694,28.83571,37.35622,27.52496
1.78,-7.535935000000002,28.50801,38.01159,28.8357,-53.08346,28.18032
1.8,39.650014999999996,30.4741,40.63305,30.80179,38.66698,30.14641
1.82,38.33931,31.457160000000002,38.66699,32.11253,38.01163,30.80179
1.84,38.66699,31.784840000000003,39.32235,32.11254,38.01163,31.45714
1.86,38.011645,32.11253,38.667,32.7679,37.35629,31.45716
1.88,37.683965,32.112535,38.01165,32.76791,37.35628,31.45716
1.9,37.35629,32.44057,38.01165,33.42398,36.70093,31.45716
1.92,36.37326,32.767905,36.70094,33.42328,36.04558,32.11253
1.94,36.373265,32.112539999999996,36.70095,32.76792,36.04558,31.45716
1.96,36.70095,32.44022,37.35631,32.76791,36.04559,32.11253
1.98,35.390245,33.423280000000005,36.04561,34.07865,34.73488,32.76791
2.0,34.734880000000004,33.423280000000005,35.39024,34.07865,34.07952,32.76791
2.02,34.734894999999995,33.095595,35.39026,34.07865,34.07953,32.11254
2.04,34.407215,33.095605,34.7349,34.07866,34.07953,32.11255
2.06,34.40721,32.767925,34.73489,33.4233,34.07953,32.11255
2.08,35.390235000000004,32.112555,35.39024,32.76793,35.39023,31.45718
2.1,35.39023,31.129505,35.39023,32.11256,35.39023,30.14645
2.12,35.717915,31.129514999999998,36.04559,31.4572,35.39024,30.80183
2.14,36.0456,31.4572,36.70096,32.11258,35.39024,30.80182
2.16,36.37327,30.801825,36.70095,31.4572,36.04559,30.14645
2.18,36.373275,30.474145,36.70096,31.4572,36.04559,29.49109
2.2,36.373265,29.81877,36.70095,30.80183,36.04558,28.83571
2.22,37.35631,30.146445,37.35631,30.14646,37.35631,30.14643
2.24,43.254615,32.767880000000005,43.25461,33.42325,43.25462,32.11251
2.26,43.254645,33.423275000000004,43.91,34.07864,42.59929,32.76791
2.28,43.25466,32.767925,43.91002,33.4233,42.5993,32.11255
2.3,43.58234,33.095615,43.91002,34.07867,43.25466,32.11256
2.32,43.25467,32.767935,43.25467,33.42331,43.25467,32.11256
2.34,42.92699,32.440255,43.25467,33.42331,42.59931,31.4572
2.36,42.599325,32.11258,43.25468,32.76795,41.94397,31.45721
2.38,44.89313,33.09562,44.56544,33.42331,45.22082,32.76793
2.4,44.565465,34.406355000000005,45.22082,34.73404,43.91011,34.07867
2.42,43.254760000000005,34.73406,43.91012,35.38943,42.5994,34.07869
2.44,42.92709,34.406385,43.25477,35.38944,42.59941,33.42333
2.46,42.927094999999994,34.40638,43.25478,35.38943,42.59941,33.42333
2.48,42.927094999999994,34.734065,43.25478,35.38944,42.59941,34.07869
2.5,42.27174,35.061745,42.59942,35.38943,41.94406,34.73406
2.52,41.944075,35.389435,42.59944,36.04481,41.28871,34.73406
2.54,42.927115,34.406395,43.2548,35.38944,42.59943,33.42335
2.56,44.893195,34.734075,44.56552,35.38945,45.22087,34.0787
2.58,46.203914999999995,35.061755,46.5316,36.04481,45.87623,34.0787
2.6,47.18695,35.06175,47.18695,36.0448,47.18695,34.0787
2.62,49.15302,33.423345,49.15303,34.73408,49.15301,32.11261
2.64,50.136044999999996,31.457259999999998,50.46373,32.76799,49.80836,30.14653
2.66,48.825329999999994,29.818865,49.80837,30.80192,47.84229,28.83581
2.68,47.842305,29.163510000000002,48.49766,30.14656,47.18695,28.18046
2.7,48.169995,27.525109999999998,48.49768,28.18048,47.84231,26.86974
2.72,48.169995,27.525109999999998,48.49768,28.83584,47.84231,26.21438
2.74,48.49769,26.869754999999998,49.15305,27.52513,47.84233,26.21438
2.76,48.82539,25.886725,49.15307,26.86978,48.49771,24.90367
2.78,49.15307,25.559045,49.80843,26.21442,48.49771,24.90367
2.8,48.17004,25.23137,48.49772,26.21442,47.84236,24.24832
2.82,48.825405,24.248345,49.15309,24.90372,48.49772,23.59297
2.84,48.825405,24.248359999999998,49.15309,24.90373,48.49772,23.59299
2.86,49.153085000000004,23.593,49.80845,24.90373,48.49772,22.28227
2.88,50.136125,22.609965,50.46381,23.59302,49.80844,21.62691
2.9,50.13613,22.937649999999998,50.46381,23.59302,49.80845,22.28228
2.92,52.102239999999995,24.24837,51.11918,24.24838,53.0853,24.24836
2.94,52.757645,25.55912,53.74068,26.21449,51.77461,24.90375
2.96,53.08534,25.559134999999998,53.7407,26.21451,52.42998,24.90376
2.98,52.429985,25.886825,53.08534,26.86988,51.77463,24.90377
3.0,52.102305,24.576095,52.42999,25.55915,51.77462,23.59304
3.02,51.44593,23.92073,51.7726,24.24842,51.11926,23.59304
3.04,51.77463,22.610015,52.42999,23.59307,51.11927,21.62696
3.06,52.75767,21.954655,53.08535,22.93771,52.42999,20.9716
3.08,53.08535,20.643925,53.08535,21.62698,53.08535,19.66087
3.1,53.413025000000005,20.31625,53.74071,20.97163,53.08534,19.66087
3.12,53.085345000000004,19.333199999999998,53.74071,19.66089,52.42998,19.00551
3.14,52.757665,19.333205,53.08535,20.31626,52.42998,18.35015
3.16,52.757665,19.00553,53.08535,19.6609,52.42998,18.35016
3.18,53.085345,19.00553,53.7407,19.6609,52.42999,18.35016
3.2,53.08535,19.660895,53.08535,20.31627,53.08535,19.00552
3.22,52.757675,19.660890000000002,53.08536,20.31627,52.42999,19.00551
3.24,52.75766,19.333195,53.08534,20.31625,52.42998,18.35014
3.26,53.085345000000004,19.005515,53.08535,19.66089,53.08534,18.35014
3.28,52.75767,19.005515,53.08535,19.66089,52.42999,18.35014
3.3,52.102315000000004,19.005515,52.43,19.66089,51.77463,18.35014
3.32,54.068415,19.66087,53.08536,19.66089,55.05147,19.66085
3.34,55.051485,20.643905,55.70685,20.97159,54.39612,20.31622
3.36,54.725094999999996,22.610015,55.0515,22.9377,54.39869,22.28233
3.38,54.39615,24.576105,55.05151,24.9038,53.74079,24.24841
3.4,54.723839999999996,24.576099999999997,55.05152,25.55916,54.39616,23.59304
3.42,55.3792,24.903779999999998,55.70688,25.55915,55.05152,24.24841
3.44,55.379205,24.24842,55.70689,24.9038,55.05152,23.59304
3.46,55.706875,24.903785,56.36224,25.55916,55.05151,24.24841
3.48,55.379194999999996,24.903785,55.70688,25.55916,55.05151,24.24841
3.5,55.3792,25.23147,55.70688,25.55916,55.05152,24.90378
3.52,55.379205,25.559155,55.70689,26.21453,55.05152,24.90378
3.54,56.034565,26.214505000000003,56.36225,26.21452,55.70688,26.21449
3.56,56.03457,26.542195,56.36225,27.52525,55.70689,25.55914
3.58,56.362245,26.2145,56.36225,27.52524,56.36224,24.90376
3.6,60.949805,26.54216,60.9498,26.86985,60.94981,26.21447
3.62,61.605185,28.180575,62.26054,28.83594,60.94983,27.52521
3.64,61.27752,29.163635,61.6052,29.49133,60.94984,28.83594
3.66,61.605205,29.163625,61.60521,30.14668,61.6052,28.18057
3.68,61.932874999999996,26.869844999999998,62.26056,27.52522,61.60519,26.21447
3.7,61.605185000000006,26.542155,62.26055,27.52521,60.94982,25.5591
3.72,61.2775,25.23142,61.60519,26.21448,60.94981,24.24836
3.74,60.949794999999995,24.903725,61.60516,25.5591,60.29443,24.24835
3.76,59.96675,24.903725,60.29443,25.5591,59.63907,24.24835
3.78,59.96675,24.248365,60.29443,24.90374,59.63907,23.59299
3.8,60.949794999999995,24.57604,60.29443,24.90374,61.60516,24.24834
3.82,63.243584999999996,25.886765,64.22663,26.21445,62.26054,25.55908
3.84,62.260549999999995,27.852865,62.91591,28.18055,61.60519,27.52518
3.86,62.260549999999995,27.852875,62.91591,28.83593,61.60519,26.86982
3.88,62.260555,27.525195,62.91592,28.18057,61.60519,26.86982
3.9,61.605194999999995,28.18056,62.26056,28.83593,60.94983,27.52519
3.92,60.94984,28.508255,61.6052,29.49131,60.29448,27.5252
3.94,60.622164999999995,28.180585,60.94985,28.83596,60.29448,27.52521
3.96,60.294489999999996,28.180585,60.94985,28.83596,59.63913,27.52521
3.98,59.639125,28.50827,60.29449,28.83596,58.98376,28.18058
4.0,58.65609,29.163635,58.98377,30.14669,58.32841,28.18058
4.02,58.656095,28.508275,59.63914,29.49133,57.67305,27.52522
4.04,55.379239999999996,29.491325,55.70692,30.1467,55.05156,28.83595
4.06,56.034620000000004,29.819015,56.3623,30.1467,55.70694,29.49133
4.08,55.051585,30.474384999999998,55.70694,30.80208,54.39623,30.14669
4.1,54.39623,30.802065,55.05159,31.45744,53.74087,30.14669
4.12,54.39623,30.80207,55.05159,31.45744,53.74087,30.1467
4.14,54.06856,31.457440000000002,54.39624,32.11281,53.74088,30.80207
4.16,54.39624,32.440479999999994,55.0516,32.76817,53.74088,32.11279
4.18,54.72394,32.44049,55.05162,32.76818,54.39626,32.1128
4.2,54.723935,32.440495,55.05162,32.76819,54.39625,32.1128
4.22,54.72394,32.440495,55.05162,33.42355,54.39626,31.45744
4.24,54.72395,31.457455,55.05163,32.11282,54.39627,30.80209
4.26,54.723965,31.129780000000004,55.05164,32.11283,54.39629,30.14673
4.28,55.379329999999996,30.474415,55.70701,31.45747,55.05165,29.49136
4.3,55.05166,29.163695,55.70702,30.14675,54.3963,28.18064
4.32,57.674414999999996,28.50833,58.33105,29.49138,57.01778,27.52528
4.34,56.36242,28.836019999999998,57.01778,29.49139,55.70706,28.18065
4.36,56.36243,28.508345,56.36243,29.4914,56.36243,27.52529
4.38,57.017785,27.852975,57.01779,28.83603,57.01778,26.86992
4.4,57.673154999999994,27.197605,58.32852,28.18066,57.01779,26.21455
4.42,58.00083,27.1976,58.32851,27.52529,57.67315,26.86991
4.44,58.983875,27.197595,58.98388,28.18065,58.98387,26.21454
4.46,59.31155,26.54224,59.63923,26.86993,58.98387,26.21455
4.48,58.00084,27.85297,58.98388,28.18066,57.0178,27.52528
4.5,57.34548,28.180645,57.67316,28.83602,57.0178,27.52527
4.52,57.34548,28.18065,57.67316,28.83602,57.0178,27.52528
4.54,57.34548,28.508335000000002,57.67316,28.83603,57.0178,28.18064
4.56,57.34548,28.836015,57.67316,29.49139,57.0178,28.18064
4.58,57.34548,29.1637,57.67316,29.49139,57.0178,28.83601
4.6,57.0178,29.491385,57.67316,30.14676,56.36244,28.83601
4.62,57.0178,29.81906,57.67316,30.14675,56.36244,29.49137
4.64,56.36244,30.474429999999998,57.0178,30.80212,55.70708,30.14674
4.66,56.690124999999995,30.146745,57.01781,30.80212,56.36244,29.49137
4.68,56.362444999999994,30.474425,57.01781,31.45748,55.70708,29.49137
4.7,56.03476,30.474425,56.36244,30.80212,55.70708,30.14673
4.72,56.034755000000004,30.802105,56.36244,31.45748,55.70707,30.14673
4.74,58.00085,31.785130000000002,57.0178,31.45746,58.9839,32.1128
4.76,59.3116,35.06196,60.29464,35.38965,58.32856,34.73427
4.78,58.983935,36.372699999999995,59.63929,36.70039,58.32858,36.04501
4.8,58.0009,36.700385,58.32858,37.35576,57.67322,36.04501
4.82,58.000905,36.700385,58.32859,37.35576,57.67322,36.04501
4.84,57.673225,36.70039,58.32859,37.35576,57.01786,36.04502
4.86,57.345545,37.355755,57.67323,38.01113,57.01786,36.70038
4.88,56.690174999999996,37.355755,57.01786,38.01113,56.36249,36.70038
4.9,56.690174999999996,37.35575,57.01786,38.01112,56.36249,36.70038
4.92,57.017855,38.338785,57.67322,38.66648,56.36249,38.01109
4.94,56.690174999999996,38.666465,57.01786,39.32184,56.36249,38.01109
4.96,56.69017,39.321825000000004,57.01785,39.9772,56.36249,38.66645
4.98,56.690165,39.32182,57.01785,39.97719,56.36248,38.66645
5.0,56.36248500000001,39.321825000000004,57.01785,39.9772,55.70712,38.66645
5.02,56.034800000000004,39.977185,56.36248,40.63256,55.70712,39.32181
5.04,56.034805000000006,39.977185,56.36249,40.63256,55.70712,39.32181
5.06,59.639305,39.97717,57.67321,40.63255,61.6054,39.32179
5.08,60.950050000000005,39.977185000000006,61.60541,40.63255,60.29469,39.32182
5.1,59.96702,39.97721,60.2947,40.63258,59.63934,39.32184
5.12,59.96703,39.977215,60.29471,40.63259,59.63935,39.32184
5.14,59.63935,39.977215,60.29471,40.63259,58.98399,39.32184
5.16,59.31166,39.977215,59.63934,40.63259,58.98398,39.32184
5.18,58.98398,39.97721,59.63935,40.63258,58.32861,39.32184
5.2,58.983965,39.977199999999996,58.98397,40.63258,58.98396,39.32182
5.22,59.966985,39.97719,60.29467,40.63256,59.6393,39.32182
5.24,60.622344999999996,39.97719,60.95003,40.63257,60.29466,39.32181
5.26,60.622344999999996,39.977374999999995,60.95003,40.63256,60.29466,39.32219
5.28,60.62235,39.97719,60.95003,40.63256,60.29467,39.32182
5.3,59.966985,39.97719,60.29467,40.63256,59.6393,39.32182
5.32,59.6393,39.977195,60.29466,40.63257,58.98394,39.32182
5.34,58.328565,39.977194999999995,60.29466,40.63256,56.36247,39.32183
5.36,55.379405000000006,39.977199999999996,55.05172,40.63257,55.70709,39.32183
5.38,55.707105,39.97722,56.36247,40.63259,55.05174,39.32185
5.4,56.03479,39.97723,56.36247,40.6326,55.70711,39.32186
5.42,55.707115,39.97723,56.36248,40.6326,55.05175,39.32186
5.44,55.37944,39.977235,55.70712,40.63261,55.05176,39.32186
5.46,55.37944,39.977235,55.70712,40.63261,55.05176,39.32186
5.48,54.724075,39.977235,55.05176,40.63261,54.39639,39.32186
5.5,54.396405,39.977239999999995,55.05177,40.63261,53.74104,39.32187
5.52,54.3964,39.977244999999996,55.05176,40.63262,53.74104,39.32187
5.54,54.396405,39.977239999999995,55.05177,40.63261,53.74104,39.32187
5.56,52.75798,39.97726,53.08566,40.63263,52.4303,39.32189
5.58,53.08567,39.977275000000006,53.74103,40.63264,52.43031,39.32191
5.6,53.41336,39.97728,53.74104,40.63265,53.08568,39.32191
5.62,52.758,39.977285,53.08568,40.63266,52.43032,39.32191
5.64,53.41337,39.977285,53.74105,40.63266,53.08569,39.32191
5.66,53.41337,39.977285,53.74105,40.63266,53.08569,39.32191
5.68,53.413365,39.977285,53.74105,40.63266,53.08568,39.32191
5.7,53.41337,39.977285,53.74105,40.63266,53.08569,39.32191
5.72,53.0857,39.977289999999996,53.74106,40.63266,52.43034,39.32192
5.74,53.413375,39.977289999999996,53.74106,40.63266,53.08569,39.32192
5.76,53.413380000000004,39.977285,53.74106,40.63266,53.0857,39.32191
5.78,54.06874,39.977285,54.39642,40.63266,53.74106,39.32191
5.8,53.413385000000005,39.977285,53.74107,40.63266,53.0857,39.32191
5.82,54.06875,39.977285,54.39643,40.63266,53.74107,39.32191
5.84,54.068754999999996,39.977289999999996,54.39644,40.63266,53.74107,39.32192
5.86,54.068765,39.977285,54.39645,40.63266,53.74108,39.32191
5.88,54.06876,39.977285,54.39644,40.63266,53.74108,39.32191
5.9,54.724125,39.977275,55.05181,40.63265,54.39644,39.3219
5.92,55.379490000000004,39.977284999999995,56.36253,40.63265,54.39645,39.32192
5.94,55.3795,39.977289999999996,55.70718,40.63266,55.05182,39.32192
5.96,55.379504999999995,39.977295,55.70719,40.63267,55.05182,39.32192
5.98,55.051824999999994,39.977295,55.70719,40.63267,54.39646,39.32192
6.0,55.3795,39.977285,55.70718,40.63266,55.05182,39.32191
6.02,56.034855,39.977270000000004,56.36254,40.63265,55.70717,39.32189
6.04,56.034855,39.977265,56.36254,40.63264,55.70717,39.32189
6.06,56.362535,39.977265,56.36254,40.63264,56.36253,39.32189
6.08,56.690205000000006,39.977244999999996,57.01789,40.63262,56.36252,39.32187
6.1,56.36252,39.977244999999996,56.36252,40.63262,56.36252,39.32187
6.12,56.362515,39.97724,57.01788,40.63262,55.70715,39.32186
6.14,56.034819999999996,39.97722,56.3625,40.63259,55.70714,39.32185
6.16,56.362505,39.977225,57.01787,40.6326,55.70714,39.32185
6.18,56.690185,39.97722,57.01787,40.6326,56.3625,39.32184
6.2,57.017865,39.97722,57.67323,40.6326,56.3625,39.32184
6.22,56.690174999999996,39.97721,57.01786,40.63258,56.36249,39.32184
6.24,53.085645,39.97722,53.74102,40.63259,52.43027,39.32185
6.26,53.41333,39.97723499999999,53.74101,40.6326,53.08565,39.32187
6.28,53.41334,39.977239999999995,53.74102,40.63261,53.08566,39.32187
6.3,54.0687,39.977235,54.39638,40.63261,53.74102,39.32186
6.32,53.741015000000004,39.977235,54.39638,40.63261,53.08565,39.32186
6.34,54.396375,39.977225,54.39638,40.6326,54.39637,39.32185
6.36,54.39637,39.97723,54.39637,40.6326,54.39637,39.32186
6.38,55.379405000000006,39.977225,55.70709,40.6326,55.05172,39.32185
6.4,55.70709,39.977225,56.36245,40.6326,55.05173,39.32185
6.42,55.707085,39.977215,55.70709,40.63259,55.70708,39.32184
6.44,56.690129999999996,39.977215,57.01781,40.63259,56.36245,39.32184
6.46,56.690124999999995,39.97721,57.01781,40.63259,56.36244,39.32183
6.48,56.690115000000006,39.977205,57.0178,40.63258,56.36243,39.32183
6.5,56.36243,39.977205,57.01779,40.63258,55.70707,39.32183
6.52,56.690105,39.977205,57.01779,40.63258,56.36242,39.32183
6.54,57.345465000000004,39.977199999999996,57.67315,40.63258,57.01778,39.32182
6.56,62.2607,39.977180000000004,60.94996,40.63255,63.57144,39.32181
6.58,62.588395000000006,39.977199999999996,62.91608,40.63257,62.26071,39.32183
6.6,62.588390000000004,39.977215,62.91608,40.63259,62.2607,39.32184
6.62,63.243735,39.97721,63.57142,40.63258,62.91605,39.32184
6.64,62.916045,39.977205,63.57141,40.63258,62.26068,39.32183
6.66,63.24371,39.977205,63.57139,40.63258,62.91603,39.32183
6.68,63.24371,39.977205,63.57139,40.63258,62.91603,39.32183
6.7,62.588350000000005,39.97719,62.91604,40.63257,62.26066,39.32181
6.72,62.58833,39.97717,62.91601,40.63255,62.26065,39.32179
6.74,62.58834,39.977165,62.91602,40.63254,62.26066,39.32179
6.76,62.26066,39.977165,62.91602,40.63254,61.6053,39.32179
6.78,67.50358,39.97713,66.19285,40.63251,68.81431,39.32175
6.8,66.52052499999999,39.977125,66.84821,40.6325,66.19284,39.32175
6.82,66.52053000000001,39.977135000000004,66.84822,40.63251,66.19284,39.32176
6.84,66.192845,39.977135000000004,66.84821,40.63251,65.53748,39.32176
6.86,65.865165,39.977135000000004,66.19285,40.63251,65.53748,39.32176
6.88,65.53748,39.97713,66.19284,40.6325,64.88212,39.32176
6.9,65.2098,39.977135000000004,65.53748,40.63251,64.88212,39.32176
6.92,64.882125,39.977140000000006,65.53749,40.63251,64.22676,39.32177
6.94,64.554445,39.977135000000004,64.88213,40.63251,64.22676,39.32176
6.96,63.899085,39.977135000000004,64.22677,40.63251,63.5714,39.32176
6.98,65.86518000000001,39.97713,64.22677,40.63251,67.50359,39.32175
7.0,74.712615,39.977125,74.71261,40.6325,74.71262,39.32175
7.02,74.71264,39.977140000000006,75.368,40.63251,74.05728,39.32177
7.04,74.384975,39.977165,74.71265,40.63254,74.0573,39.32179
7.06,74.384975,39.977165,74.71266,40.63254,74.05729,39.32179
7.08,75.368015,39.97716,76.02338,40.63253,74.71265,39.32179
7.1,75.6957,39.977165,76.02338,40.63254,75.36802,39.32179
7.12,76.35106,39.977165,76.67874,40.63254,76.02338,39.32179
7.14,77.00642,39.977165,77.3341,40.63254,76.67874,39.32179
7.16,77.00643,39.977180000000004,77.33411,40.63255,76.67875,39.32181
7.18,77.006435,39.977185,77.33411,40.63256,76.67876,39.32181
7.2,77.00644,39.977185,77.33412,40.63256,76.67876,39.32181
7.22,77.00645,39.977195,77.33413,40.63257,76.67877,39.32182
7.24,77.006455,39.977205,77.33414,40.63258,76.67877,39.32183
7.26,79.300245,39.977199999999996,79.30024,40.63257,79.30025,39.32183
7.28,79.62794,39.97722,79.95562,40.63259,79.30026,39.32185
7.3,79.30027,39.977225,79.95563,40.6326,78.64491,39.32185
7.32,78.64492,39.97723,79.30028,40.6326,77.98956,39.32186
7.34,77.98956,39.977235,78.64492,40.63261,77.3342,39.32186
7.36,77.3342,39.977235,77.98956,40.63261,76.67884,39.32186
7.38,77.00652,39.977225,77.3342,40.6326,76.67884,39.32185
7.4,76.67883499999999,39.97723,77.3342,40.6326,76.02347,39.32186
7.42,76.67883499999999,39.977235,77.3342,40.63261,76.02347,39.32186
7.44,76.351155,39.977225,76.67884,40.6326,76.02347,39.32185
7.46,76.35116,39.97723,76.67884,40.6326,76.02348,39.32186
7.48,76.023485,39.977235,76.67885,40.63261,75.36812,39.32186
7.5,77.006535,39.97723,76.67885,40.6326,77.33422,39.32186
7.52,76.67886,39.977239999999995,77.33422,40.63261,76.0235,39.32187
7.54,76.02351,39.97725,76.67887,40.63262,75.36815,39.32188
7.56,75.69583,39.977255,76.02351,40.63263,75.36815,39.32188
7.58,75.040465,39.977255,75.36815,40.63263,74.71278,39.32188
7.6,75.69583,39.97725,76.02351,40.63262,75.36815,39.32188
7.62,75.695825,39.97725,76.02351,40.63262,75.36814,39.32188
7.64,75.36814,39.977255,76.0235,40.63263,74.71278,39.32188
7.66,74.3851,39.977255,74.71278,40.63263,74.05742,39.32188
7.68,74.385095,39.977255,74.71278,40.63263,74.05741,39.32188
7.7,73.402045,39.977255,74.05741,40.63263,72.74668,39.32188
7.72,72.746685,39.977255,73.40205,40.63263,72.09132,39.32188
7.74,72.74668,39.97726,73.40204,40.63263,72.09132,39.32189
7.76,71.76364,39.977270000000004,72.09132,40.63264,71.43596,39.3219
7.78,71.43597,39.97728,72.09133,40.63265,70.78061,39.32191
7.8,70.45294,39.977295,70.78062,40.63266,70.12526,39.32193
7.82,70.12527,39.97731,70.78063,40.63268,69.46991,39.32194
7.84,69.797595,39.977315000000004,70.12528,40.63268,69.46991,39.32195
7.86,69.46992,39.97732,70.12528,40.63269,68.81456,39.32195
7.88,69.14225,39.977329999999995,69.46993,40.6327,68.81457,39.32196
7.9,68.81457499999999,39.977335,69.46994,40.63271,68.15921,39.32196
7.92,68.81458,39.97734,69.46994,40.63271,68.15922,39.32197
7.94,68.81458,39.977345,68.81458,40.63272,68.81458,39.32197
7.96,65.53775,39.97735,69.46995,40.63271,61.60555,39.32199
7.98,29.820175,39.977425,41.94448,40.63277,17.69587,39.32208
8.0,2.294795,39.97753,3.27782,40.63288,1.31177,39.32218
8.02,3.9332700000000003,39.977565,3.93326,40.63294,3.93328,39.32219
8.04,4.588665,39.977565,4.58866,40.63294,4.58867,39.32219
8.06,5.89941,39.977565,5.89941,40.63294,5.89941,39.32219
8.08,6.88246,39.977565,7.21014,40.63294,6.55478,39.32219
8.1,7.8655100000000004,39.977565,8.52087,40.63294,7.21015,39.32219
8.12,8.193204999999999,39.977565,8.52088,40.63294,7.86553,39.32219
8.14,6.882490000000001,39.977565,7.86554,40.63294,5.89944,39.32219
8.16,-4.91413,39.977565,-1.96498,40.63294,-7.86328,39.32219
8.18,-9.173985,39.977565,-8.51863,40.63294,-9.82934,39.32219
8.2,-9.501639999999998,39.977565,-9.17396,40.63294,-9.82932,39.32219
8.22,-8.84627,39.977565,-8.51859,40.63294,-9.17395,39.32219
8.24,-8.1909,39.977565,-7.86322,40.63294,-8.51858,39.32219
8.26,-8.19089,39.977565,-7.86321,40.63294,-8.51857,39.32219
8.28,-7.535525,39.977565,-7.20784,40.63294,-7.86321,39.32219
8.3,-7.20785,39.977565,-7.20785,40.63294,-7.20785,39.32219
8.32,-10.157005,39.977565,-9.17395,40.63294,-11.14006,39.32219
8.34,-10.157,39.977565,-9.82932,40.63294,-10.48468,39.32219
8.36,-10.156984999999999,39.977565,-9.8293,40.63294,-10.48467,39.32219
8.38,-10.15698,39.977565,-9.8293,40.63294,-10.48466,39.32219
8.4,-9.82929,39.977565,-9.17393,40.63294,-10.48465,39.32219
8.42,-10.156970000000001,39.977565,-9.82929,40.63294,-10.48465,39.32219
8.44,-10.156965,39.977565,-9.82928,40.63294,-10.48465,39.32219
8.46,-10.156970000000001,39.977565,-9.82929,40.63294,-10.48465,39.32219
8.48,-10.812325000000001,39.977565,-10.48464,40.63294,-11.14001,39.32219
8.5,-12.123075,39.977565,-11.14002,40.63294,-13.10613,39.32219
8.52,-10.812345,39.977565,-10.48467,40.63294,-11.14002,39.32219
8.54,-11.14002,39.977565,-10.48466,40.63294,-11.79538,39.32219
8.56,-11.467694999999999,39.977565,-11.14001,40.63294,-11.79538,39.32219
8.58,-11.467694999999999,39.977565,-11.14001,40.63294,-11.79538,39.32219
8.6,-11.467694999999999,39.977565,-11.14001,40.63294,-11.79538,39.32219
8.62,-11.79538,39.977565,-11.14002,40.63294,-12.45074,39.32219
8.64,-11.79538,39.977565,-11.14001,40.63294,-12.45075,39.32219
8.66,-11.467725000000002,39.977565,-11.14004,40.63294,-11.79541,39.32219
8.68,-11.795425,39.977565,-11.14006,40.63294,-12.45079,39.32219
8.7,-11.795435,39.977565,-11.14007,40.63294,-12.4508,39.32219
8.72,-12.123135000000001,39.977565,-11.79545,40.63294,-12.45082,39.32219
8.74,-12.123145000000001,39.977565,-11.79546,40.63294,-12.45083,39.32219
8.76,-12.450835,39.977565,-11.79547,40.63294,-13.1062,39.32219
8.78,-8.19097,39.977565,-11.79547,40.63294,-4.58647,39.32219
8.8,0.6564749999999999,39.977565,0.65647,40.63294,0.65648,39.32219
8.82,0.32882500000000003,39.977565,1.31186,40.63294,-0.65421,39.32219
8.84,0.3288350000000013,39.977565,0.65652,40.63294,0.0011500000000026,39.32219
8.86,0.65651,39.977565,0.65651,40.63294,0.65651,39.32219
8.88,0.6565050000000033,39.977565,1.31187,40.63294,0.0011400000000066,39.32219
8.9,0.3288150000000017,39.977565,0.6565,40.63294,0.0011300000000034,39.32219
8.92,0.984175000000005,39.97756,1.31186,40.63294,0.65649000000001,39.32218
8.94,1.3118550000000049,39.977555,1.96722,40.63293,0.65649000000001,39.32218
8.96,0.98418,39.977555,1.31186,40.63293,0.6565,39.32218
8.98,1.311865,39.977545,1.96723,40.63292,0.6565,39.32217
9.0,0.6565000000000033,39.977545,1.31186,40.63292,0.0011400000000066,39.32217
9.02,0.6565050000000033,39.977535,1.31187,40.63291,0.0011400000000066,39.32216
9.04,0.6565100000000014,39.977535,1.31187,40.63291,0.0011500000000026,39.32216
9.06,0.65651,39.977540000000005,0.65651,40.63291,0.65651,39.32217
9.08,0.9841949999999999,39.977535,1.31188,40.63291,0.65651,39.32216
9.1,2.294925,39.97752,1.96724,40.6329,2.62261,39.32214
9.12,2.6226149999999997,39.97753,3.27798,40.6329,1.96725,39.32216
9.14,1.967255,39.977540000000005,2.62261,40.63291,1.3119,39.32217
9.16,1.639575,39.97754,1.96726,40.63292,1.31189,39.32216
9.18,1.63958,39.977535,1.96726,40.63291,1.3119,39.32216
9.2,1.639575,39.977535,1.96726,40.63291,1.31189,39.32216
9.22,1.96726,39.97753,2.62262,40.6329,1.3119,39.32216
9.24,1.63958,39.977525,1.96726,40.6329,1.3119,39.32215
9.26,1.96726,39.977525,2.62262,40.6329,1.3119,39.32215
9.28,1.639575,39.977515,1.96726,40.63289,1.31189,39.32214
9.3,1.96726,39.977515,1.96726,40.63289,1.96726,39.32214
9.32,2.2949349999999997,39.977505,2.62262,40.63288,1.96725,39.32213
9.34,2.6226149999999997,39.977505,3.27798,40.63288,1.96725,39.32213
9.36,2.294925,39.977495,2.6226,40.63287,1.96725,39.32212
9.38,2.29493,39.977495,2.62261,40.63287,1.96725,39.32212
9.4,2.62261,39.9775,3.27797,40.63288,1.96725,39.32212
9.42,7.210155,39.977459999999994,3.27797,40.63285,11.14234,39.32207
9.44,15.72991,39.97744,16.38527,40.63281,15.07455,39.32207
9.46,14.4192,39.977464999999995,15.07456,40.63283,13.76384,39.3221
9.48,14.091529999999999,39.977475,14.41921,40.63285,13.76385,39.3221
9.5,13.76385,39.97748,14.41921,40.63285,13.10849,39.32211
9.52,14.091529999999999,39.97748,14.41921,40.63285,13.76385,39.32211
9.54,14.091535,39.97748,14.41922,40.63285,13.76385,39.32211
9.56,14.419215,39.97748,15.07458,40.63286,13.76385,39.3221
9.58,14.746894999999999,39.97748,15.07458,40.63285,14.41921,39.32211
9.6,14.746894999999999,39.977475,15.07458,40.63285,14.41921,39.3221
9.62,14.74817,39.977475,15.07458,40.63285,14.42176,39.3221
9.64,14.74689,39.977475,15.07457,40.63285,14.41921,39.3221
9.66,14.74689,39.977465,15.07457,40.63284,14.41921,39.32209
9.68,15.07457,39.977465,15.72993,40.63284,14.41921,39.32209
9.7,14.74689,39.97746,15.07457,40.63283,14.41921,39.32209
9.72,15.07457,39.97746,15.72993,40.63283,14.41921,39.32209
9.74,14.419205,39.97746,15.07457,40.63283,13.76384,39.32209
9.76,14.41919,39.97747,14.41918,40.63284,14.4192,39.3221
9.78,14.74689,39.97748,15.07457,40.63285,14.41921,39.32211
9.8,14.74689,39.977485,15.07457,40.63286,14.41921,39.32211
9.82,14.746894999999999,39.97749,15.07458,40.63286,14.41921,39.32212
9.84,14.74689,39.97749,15.07457,40.63286,14.41921,39.32212
9.86,14.74689,39.97749,15.07457,40.63286,14.41921,39.32212
9.88,14.74689,39.977495,15.07457,40.63287,14.41921,39.32212
9.9,14.746894999999999,39.977495,15.07458,40.63287,14.41921,39.32212
9.92,14.74689,39.977495,15.07457,40.63287,14.41921,39.32212
9.94,15.074575,39.9775,15.72994,40.63287,14.41921,39.32213
9.96,15.074575,39.9775,15.72994,40.63287,14.41921,39.32213
9.98,15.402249999999999,39.977495,15.72993,40.63287,15.07457,39.32212
10.0,15.402245,39.977495,15.72993,40.63287,15.07456,39.32212
10.02,15.07456,39.977485,15.72992,40.63286,14.4192,39.32211
10.04,15.402235000000001,39.977485,15.72992,40.63286,15.07455,39.32211
10.06,15.402239999999999,39.97748,15.72992,40.63285,15.07456,39.32211
10.08,15.07456,39.97748,15.72992,40.63285,14.4192,39.32211
10.1,15.074555,39.977475,15.07456,40.63285,15.07455,39.3221
10.12,15.402235000000001,39.977475,15.72992,40.63285,15.07455,39.3221
10.14,15.402239999999999,39.977475,15.72992,40.63285,15.07456,39.3221
10.16,15.402239999999999,39.97747,15.72992,40.63284,15.07456,39.3221
10.18,15.402239999999999,39.977465,15.72992,40.63284,15.07456,39.32209
10.2,15.402239999999999,39.977465,15.72992,40.63284,15.07456,39.32209
10.22,15.402239999999999,39.977455,15.72992,40.63283,15.07456,39.32208
10.24,15.074555,39.977455,15.72992,40.63283,14.41919,39.32208
10.26,15.402239999999999,39.977455,15.72992,40.63283,15.07456,39.32208
10.28,15.402239999999999,39.97744,15.72992,40.63282,15.07456,39.32206
10.3,15.40223,39.97742,15.72992,40.6328,15.07454,39.32204
10.32,15.402215,39.97741499999999,15.72989,40.63278,15.07454,39.32205
10.34,15.07455,39.977435,15.72991,40.6328,14.41919,39.32207
10.36,15.402235000000001,39.977435,15.72992,40.63281,15.07455,39.32206
10.38,15.402235000000001,39.97744,15.72992,40.63281,15.07455,39.32207
10.4,15.07455,39.977445,15.72991,40.63282,14.41919,39.32207
10.42,14.746870000000001,39.977445,15.07455,40.63282,14.41919,39.32207
10.44,15.074555,39.977445,15.72992,40.63282,14.41919,39.32207
10.46,15.40223,39.977445,15.72991,40.63282,15.07455,39.32207
10.48,15.72991,39.97744,15.72991,40.63281,15.72991,39.32207
10.5,16.057589999999998,39.977435,16.38527,40.63281,15.72991,39.32206
10.52,15.72991,39.97744,16.38527,40.63281,15.07455,39.32207
10.54,16.057585,39.977445,16.38527,40.63282,15.7299,39.32207
10.56,15.729904999999999,39.977445,16.38527,40.63282,15.07454,39.32207
10.58,15.402225000000001,39.977445,15.72991,40.63282,15.07454,39.32207
10.6,15.729894999999999,39.977445,16.38526,40.63282,15.07453,39.32207
10.62,16.05758,39.977450000000005,16.38526,40.63282,15.7299,39.32208
10.64,16.057575,39.977450000000005,16.38526,40.63282,15.72989,39.32208
10.66,16.057575,39.977455,16.38525,40.63283,15.7299,39.32208
10.68,16.05758,39.97746,16.38526,40.63283,15.7299,39.32209
10.7,15.7299,39.97747,16.38526,40.63284,15.07454,39.3221
10.72,15.40222,39.977475,15.7299,40.63285,15.07454,39.3221
10.74,15.402215,39.97748,15.7299,40.63285,15.07453,39.32211
10.76,14.746855,39.977475,15.07454,40.63285,14.41917,39.3221
10.78,15.40222,39.977485,15.7299,40.63286,15.07454,39.32211
10.8,15.402225000000001,39.977485,15.72991,40.63286,15.07454,39.32211
10.82,15.40222,39.977475,15.7299,40.63285,15.07454,39.3221
10.84,15.40222,39.977475,15.7299,40.63285,15.07454,39.3221
10.86,15.07453,39.977475,15.72989,40.63285,14.41917,39.3221
10.88,14.746855,39.97748,15.07454,40.63285,14.41917,39.32211
10.9,14.746855,39.977485,15.07454,40.63286,14.41917,39.32211
10.92,15.074535000000001,39.977485,15.7299,40.63286,14.41917,39.32211
10.94,15.402215,39.977475,15.7299,40.63285,15.07453,39.3221
10.96,15.402215,39.977475,15.7299,40.63285,15.07453,39.3221
10.98,19.98977,39.977475,19.66208,40.63284,20.31746,39.32211
11.0,20.317475,39.977485,20.97283,40.63285,19.66212,39.32212
11.02,19.989805,39.9775,20.31748,40.63287,19.66213,39.32213
11.04,19.989800000000002,39.977505,20.31748,40.63288,19.66212,39.32213
11.06,19.98981,39.9775,20.31749,40.63287,19.66213,39.32213
11.08,20.317495,39.9775,20.97286,40.63287,19.66213,39.32213
11.1,20.317485,39.977485,20.97285,40.63287,19.66212,39.3221
11.12,19.989784999999998,39.97749,20.31748,40.63294,19.66209,39.32204
11.14,20.317459999999997,39.977419999999995,20.97282,40.63279,19.6621,39.32205
11.16,19.989784999999998,39.97743,20.31746,40.6328,19.66211,39.32206
11.18,20.31747,39.977445,20.97283,40.63282,19.66211,39.32207
11.2,20.64515,39.977450000000005,20.97283,40.63282,20.31747,39.32208
11.22,20.64515,39.977445,20.97283,40.63282,20.31747,39.32207
11.24,20.645145,39.977450000000005,20.97283,40.63282,20.31746,39.32208
11.26,20.645139999999998,39.977445,20.97282,40.63282,20.31746,39.32207
11.28,20.317465,39.977445,20.97283,40.63282,19.6621,39.32207
11.3,30.475610000000003,39.977415,26.21574,40.6328,34.73548,39.32203
11.32,36.7016,39.97741499999999,37.35696,40.63278,36.04624,39.32205
11.34,35.718575,39.97744,36.04626,40.63281,35.39089,39.32207
11.36,35.71858,39.977445,36.04626,40.63282,35.3909,39.32207
11.38,35.718575,39.977445,36.04626,40.63282,35.39089,39.32207
11.4,34.73554,39.977445,35.3909,40.63282,34.08018,39.32207
11.42,34.735535,39.977435,35.3909,40.63281,34.08017,39.32206
11.44,34.407855,39.977435,34.73554,40.63281,34.08017,39.32206
11.46,34.73553,39.977425,35.39089,40.6328,34.08017,39.32205
11.48,34.73553,39.97743,35.39089,40.63281,34.08017,39.32205
11.5,35.063215,39.977425,35.3909,40.6328,34.73553,39.32205
11.52,32.769425,39.97743,34.08016,40.6328,31.45869,39.32206
11.54,32.76943,39.977455000000006,32.76943,40.63282,32.76943,39.32209
11.56,33.097115,39.97747,33.4248,40.63284,32.76943,39.3221
11.58,32.76943,39.977435,33.4248,40.63283,32.11406,39.32204
11.6,32.769405,39.97737,32.76941,40.63275,32.7694,39.32199
11.62,33.09709,39.977374999999995,33.42477,40.63274,32.76941,39.32201
11.64,32.76942,39.97739,33.42478,40.63276,32.11406,39.32202
11.66,32.76942,39.977405,33.42478,40.63278,32.11406,39.32203
11.68,32.76942,39.97741499999999,33.42478,40.63278,32.11406,39.32205
11.7,32.44175,39.97743,32.76943,40.6328,32.11407,39.32206
11.72,32.44175,39.97744,32.76943,40.63281,32.11407,39.32207
11.74,32.114065,39.977445,32.76943,40.63282,31.4587,39.32207
11.76,32.11407,39.977445,32.76943,40.63282,31.45871,39.32207
11.78,36.046260000000004,39.977435,34.73552,40.63281,37.357,39.32206
11.8,37.357,39.977455000000006,38.01236,40.63282,36.70164,39.32209
11.82,37.357005,39.97747,38.01237,40.63284,36.70164,39.3221
11.84,37.684685,39.97747,38.01237,40.63284,37.357,39.3221
11.86,37.356995,39.977465,38.01236,40.63284,36.70163,39.32209
11.88,37.684675,39.977455,38.01236,40.63283,37.35699,39.32208
11.9,37.35699,39.977455,37.35699,40.63283,37.35699,39.32208
11.92,37.356984999999995,39.977455,38.01235,40.63283,36.70162,39.32208
11.94,37.029315,39.977455,37.357,40.63283,36.70163,39.32208
11.96,37.02931,39.977455,37.35699,40.63283,36.70163,39.32208
11.98,37.029315,39.977445,37.357,40.63282,36.70163,39.32207
12.0,36.04627,39.97744,36.70163,40.63281,35.39091,39.32207
12.02,35.71859,39.97744,36.04627,40.63281,35.39091,39.32207
12.04,35.71859,39.977435,36.04627,40.63281,35.39091,39.32206
12.06,42.27223,39.977395,39.97845,40.63278,44.56601,39.32201
12.08,43.582975,39.9774,44.56601,40.63276,42.59994,39.32204
12.1,43.25531,39.977419999999995,43.91067,40.63279,42.59995,39.32205
12.12,42.927625,39.977415,43.25531,40.63279,42.59994,39.32204
12.14,43.2553,39.977415,43.91066,40.63279,42.59994,39.32204
12.16,43.2553,39.977415,43.2553,40.63279,43.2553,39.32204
12.18,43.58298,39.9774,43.91066,40.63278,43.2553,39.32202
12.2,43.582975000000005,39.977385,43.91066,40.63276,43.25529,39.32201
12.22,43.582975000000005,39.977385,43.91066,40.63276,43.25529,39.32201
12.24,51.447355,39.977375,50.4643,40.63275,52.43041,39.322
12.26,52.758105,39.97738,53.08578,40.63275,52.43043,39.32201
12.28,52.75812,39.9774,53.0858,40.63277,52.43044,39.32203
12.3,52.758125,39.977405,53.08581,40.63278,52.43044,39.32203
12.32,52.430440000000004,39.977405,53.0858,40.63278,51.77508,39.32203
12.34,52.430445000000006,39.977405,53.08581,40.63278,51.77508,39.32203
12.36,52.102765000000005,39.977405,52.43045,40.63278,51.77508,39.32203
12.38,51.77509,39.977405,52.43045,40.63278,51.11973,39.32203
12.4,52.102765000000005,39.977405,52.43045,40.63278,51.77508,39.32203
12.42,51.447405,39.9774,51.77509,40.63277,51.11972,39.32203
12.44,51.119725,39.9774,51.77509,40.63277,50.46436,39.32203
12.46,51.4474,39.977395,51.77508,40.63277,51.11972,39.32202
12.48,50.792024999999995,39.977395,51.11971,40.63277,50.46434,39.32202
12.5,50.79202,39.977395,51.1197,40.63277,50.46434,39.32202
12.52,50.79201,39.977405,51.11969,40.63278,50.46433,39.32203
12.54,51.1197,39.977415,51.1197,40.63279,51.1197,39.32204
12.56,51.447395,39.97743,51.77508,40.6328,51.11971,39.32206
12.58,51.77507,39.97744,52.43043,40.63281,51.11971,39.32207
12.6,51.119715,39.977455,51.77508,40.63283,50.46435,39.32208
12.62,50.46436,39.97746,51.11972,40.63283,49.809,39.32209
12.64,49.808994999999996,39.97747,50.46436,40.63284,49.15363,39.3221
12.66,49.808994999999996,39.977475,50.46436,40.63285,49.15363,39.3221
12.68,49.809,39.97748,50.46436,40.63285,49.15364,39.32211
12.7,50.464355,39.977475,51.11972,40.63285,49.80899,39.3221
12.72,50.464355,39.977475,51.11972,40.63285,49.80899,39.3221
12.74,49.808994999999996,39.97747,50.46436,40.63284,49.15363,39.3221
12.76,49.153634999999994,39.977475,49.809,40.63285,48.49827,39.3221
12.78,47.84291,39.97747,48.49827,40.63284,47.18755,39.3221
12.8,47.51523,39.977475,47.84291,40.63285,47.18755,39.3221
12.82,46.859875,39.977485,47.18756,40.63286,46.53219,39.32211
12.84,47.51523,39.97747,47.84291,40.63285,47.18755,39.32209
12.86,52.430465,39.97746,52.43046,40.63283,52.43047,39.32209
12.88,52.75815,39.97748,53.08583,40.63285,52.43047,39.32211
12.9,52.758160000000004,39.977495,53.08584,40.63287,52.43048,39.32212
12.92,53.085845,39.977495,53.7412,40.63287,52.43049,39.32212
12.94,52.758160000000004,39.9775,53.08584,40.63287,52.43048,39.32213
12.96,52.430475,39.977495,53.08584,40.63287,51.77511,39.32212
12.98,52.43048,39.97749,52.43048,40.63286,52.43048,39.32212
13.0,52.430475,39.977485,53.08584,40.63286,51.77511,39.32211
13.02,52.1028,39.977485,52.43048,40.63286,51.77512,39.32211
13.04,52.102805000000004,39.977485,52.43049,40.63286,51.77512,39.32211
13.06,51.775125,39.977485,52.43049,40.63286,51.11976,39.32211
13.08,51.119765,39.977485,51.77513,40.63286,50.4644,39.32211
13.1,50.792075,39.977485,51.11976,40.63286,50.46439,39.32211
13.12,51.447435,39.977475,51.77512,40.63285,51.11975,39.3221
13.14,51.44743,39.977475,51.77511,40.63285,51.11975,39.3221
13.16,51.44743,39.977475,51.77511,40.63285,51.11975,39.3221
13.18,52.10279,39.97747,52.43047,40.63284,51.77511,39.3221
13.2,52.10279,39.977475,52.43047,40.63285,51.77511,39.3221
13.22,52.10279,39.977475,52.43047,40.63285,51.77511,39.3221
13.24,52.102795,39.977475,52.43048,40.63285,51.77511,39.3221
13.26,52.102795,39.977475,52.43048,40.63285,51.77511,39.3221
13.28,51.447435,39.977475,51.77512,40.63285,51.11975,39.3221
13.3,51.447435,39.97748,51.77512,40.63285,51.11975,39.32211
13.32,50.79208,39.977485,51.11976,40.63286,50.4644,39.32211
13.34,49.809039999999996,39.977475,50.4644,40.63285,49.15368,39.3221
13.36,54.39658,39.97746,53.08585,40.63283,55.70731,39.32209
13.38,55.707325,39.97749,56.36268,40.63286,55.05197,39.32212
13.4,55.37966,39.977505,55.70734,40.63288,55.05198,39.32213
13.42,55.37966,39.977509999999995,55.70734,40.63288,55.05198,39.32214
13.44,55.051985,39.977515,55.05199,40.63289,55.05198,39.32214
13.46,55.051995000000005,39.977515,55.70736,40.63289,54.39663,39.32214
13.48,54.724315000000004,39.97752,55.052,40.63289,54.39663,39.32215
13.5,56.035045,39.97751,55.052,40.63289,57.01809,39.32213
13.52,58.65651,39.977509999999995,58.98419,40.63288,58.32883,39.32214
13.54,58.65652,39.97752,58.9842,40.63289,58.32884,39.32215
13.56,58.656530000000004,39.977535,58.98421,40.63291,58.32885,39.32216
13.58,58.656535000000005,39.97753,58.98422,40.6329,58.32885,39.32216
13.6,58.656535000000005,39.97753,58.98422,40.6329,58.32885,39.32216
13.62,58.328855000000004,39.97753,58.98422,40.63291,57.67349,39.32215
13.64,58.328855000000004,39.97753,58.98422,40.6329,57.67349,39.32216
13.66,58.00118,39.977525,58.32886,40.6329,57.6735,39.32215
13.68,58.00118,39.977525,58.32886,40.6329,57.6735,39.32215
13.7,58.00118,39.97752,58.32886,40.6329,57.6735,39.32214
13.72,58.32886499999999,39.977515,58.98423,40.63289,57.6735,39.32214
13.74,58.00119,39.977515,58.32887,40.63289,57.67351,39.32214
13.76,58.328869999999995,39.97751,58.98423,40.63289,57.67351,39.32213
13.78,58.656549999999996,39.977509999999995,58.98423,40.63288,58.32887,39.32214
13.8,58.98545,39.97752,59.64202,40.63289,58.32888,39.32215
13.82,58.656575000000004,39.97753,58.98425,40.6329,58.3289,39.32216
13.84,58.65658,39.977535,58.98426,40.63291,58.3289,39.32216
13.86,58.328905000000006,39.977554999999995,58.98427,40.63294,57.67354,39.32217
13.88,58.32891,39.977540000000005,58.98427,40.63291,57.67355,39.32217
13.9,58.32891,39.977545,58.98427,40.63292,57.67355,39.32217
13.92,58.001225000000005,39.977545,58.32891,40.63292,57.67354,39.32217
13.94,57.673545000000004,39.977545,58.32891,40.63292,57.01818,39.32217
13.96,57.345865,39.977535,57.67355,40.63291,57.01818,39.32216
13.98,57.67354,39.977535,58.3289,40.63291,57.01818,39.32216
14.0,57.345855,39.977535,57.67354,40.63291,57.01817,39.32216
14.02,56.03512,39.977545,56.3628,40.63292,55.70744,39.32217
14.04,56.362809999999996,39.97756,57.01817,40.63293,55.70745,39.32219
14.06,56.362809999999996,39.977555,57.01817,40.63293,55.70745,39.32218
14.08,56.362809999999996,39.977555,57.01817,40.63293,55.70745,39.32218
14.1,56.03513,39.97756,56.36281,40.63293,55.70745,39.32219
14.12,56.035125,39.977555,56.36281,40.63293,55.70744,39.32218
14.14,56.035125,39.977555,56.36281,40.63293,55.70744,39.32218
14.16,56.035125,39.977555,56.36281,40.63293,55.70744,39.32218
14.18,56.36281,39.97754,56.36281,40.63292,56.36281,39.32216
14.2,57.01817,39.97755,57.67353,40.63292,56.36281,39.32218
14.22,57.01817,39.977545,57.67353,40.63292,56.36281,39.32217
14.24,57.018175,39.977545,57.67354,40.63292,56.36281,39.32217
14.26,56.362809999999996,39.977540000000005,57.01817,40.63291,55.70745,39.32217
14.28,56.69049,39.977540000000005,57.01817,40.63291,56.36281,39.32217
14.3,56.69049,39.977535,57.01817,40.63291,56.36281,39.32216
14.32,56.362804999999994,39.977535,57.01817,40.63291,55.70744,39.32216
14.34,56.69049,39.977540000000005,57.01817,40.63291,56.36281,39.32217
14.36,56.362804999999994,39.97753,57.01817,40.63291,55.70744,39.32215
14.38,56.03513,39.977535,56.36281,40.63291,55.70745,39.32216
14.4,56.690484999999995,39.977525,57.01817,40.6329,56.3628,39.32215
14.42,56.69047,39.977515,57.01815,40.63289,56.36279,39.32214
14.44,56.69047,39.977515,57.01815,40.63289,56.36279,39.32214
14.46,56.69046,39.977515,57.01814,40.63289,56.36278,39.32214
14.48,57.018145000000004,39.977509999999995,57.01815,40.63288,57.01814,39.32214
14.5,57.34583,39.977509999999995,57.67351,40.63288,57.01815,39.32214
14.52,57.345825000000005,39.977505,57.67351,40.63288,57.01814,39.32213
14.54,57.01814,39.977495,57.6735,40.63287,56.36278,39.32212
14.56,57.018135,39.977495,57.6735,40.63287,56.36277,39.32212
14.58,57.018135,39.977495,57.6735,40.63287,56.36277,39.32212
14.6,56.690455,39.97749,57.01814,40.63287,56.36277,39.32211
14.62,62.261055,39.977485,60.95032,40.63285,63.57179,39.32212
14.64,62.58875,39.977504999999994,62.91643,40.63287,62.26107,39.32214
14.66,62.916435,39.977515,63.5718,40.63289,62.26107,39.32214
14.68,62.588755,39.977515,62.91644,40.63289,62.26107,39.32214
14.7,62.588755,39.977509999999995,62.91644,40.63288,62.26107,39.32214
14.72,62.261070000000004,39.977505,62.91643,40.63288,61.60571,39.32213
14.74,62.26107,39.977505,62.26107,40.63288,62.26107,39.32213
14.76,62.58875,39.9775,62.91643,40.63287,62.26107,39.32213
14.78,62.261070000000004,39.977495,62.91643,40.63287,61.60571,39.32212
14.8,62.261075000000005,39.9775,62.91644,40.63287,61.60571,39.32213
14.82,61.93339,39.977495,62.26107,40.63287,61.60571,39.32212
14.84,61.93339,39.977495,62.26107,40.63287,61.60571,39.32212
14.86,61.93339,39.977495,62.26107,40.63287,61.60571,39.32212
14.88,61.93339,39.977495,62.26107,40.63287,61.60571,39.32212
14.9,61.933385,39.97749,62.26107,40.63287,61.6057,39.32211
14.92,61.933385,39.977485,62.26107,40.63286,61.6057,39.32211
14.94,62.261065,39.977485,62.91643,40.63286,61.6057,39.32211
14.96,61.93338,39.977525,62.26106,40.63286,61.6057,39.32219
14.98,62.26106,39.97748,62.91642,40.63285,61.6057,39.32211
15.0,61.93338,39.977475,62.26106,40.63285,61.6057,39.3221
15.02,61.933375,39.977465,62.26106,40.63284,61.60569,39.32209
15.04,61.933364999999995,39.977455,62.26105,40.63283,61.60568,39.32208
15.06,62.26104,39.977455,62.9164,40.63283,61.60568,39.32208
15.08,61.60568,39.97746,62.26104,40.63283,60.95032,39.32209
15.1,61.60568,39.97746,61.60568,40.63283,61.60568,39.32209
15.12,61.60568,39.97746,62.26104,40.63283,60.95032,39.32209
15.14,62.26105,39.97745,62.26105,40.63283,62.26105,39.32207
15.16,65.86556,39.977450000000005,66.8486,40.63282,64.88252,39.32208
15.18,65.86557,39.97747,66.19325,40.63284,65.53789,39.3221
15.2,64.88254,39.97748,65.5379,40.63285,64.22718,39.32211
15.22,64.88255,39.97749,65.53791,40.63286,64.22719,39.32212
15.24,64.55487,39.977495,64.88255,40.63287,64.22719,39.32212
15.26,64.227195,39.97749,64.88256,40.63286,63.57183,39.32212
15.28,64.2272,39.97753,64.88256,40.63287,63.57184,39.32219
15.3,63.89953,39.977495,64.22721,40.63287,63.57185,39.32212
15.32,63.57185,39.977495,64.22721,40.63287,62.91649,39.32212
15.34,63.244175,39.9775,64.22722,40.63287,62.26113,39.32213
15.36,63.244175,39.977495,63.57186,40.63287,62.91649,39.32212
15.38,63.899535,39.97748,64.22722,40.63286,63.57185,39.3221
15.4,64.22721,39.977465,64.88257,40.63284,63.57185,39.32209
15.42,64.227215,39.97746,64.88258,40.63284,63.57185,39.32208
15.44,64.227205,39.97744,64.88257,40.63282,63.57184,39.32206
15.46,64.227195,39.97742,64.88256,40.6328,63.57183,39.32204
15.48,63.899495,39.97737,64.22718,40.63276,63.57181,39.32198
15.5,42.599995,39.977305,54.39664,40.6327,30.80335,39.32191
15.52,10.48686,33.09594,13.7637,33.42362,7.21002,32.76826
15.54,6.882445,39.321960000000004,7.2101,39.32195,6.55479,39.32197
15.56,7.53786,39.977395,7.86553,40.63275,7.21019,39.32204
15.58,7.865575,39.97746,7.86557,40.63282,7.86558,39.3221
15.6,8.19327,39.977504999999994,8.52095,40.63287,7.86559,39.32214
15.62,8.193290000000001,39.97753,8.52097,40.6329,7.86561,39.32216
15.64,8.1933,39.97755,8.52098,40.63292,7.86562,39.32218
15.66,8.19331,39.97756,8.52099,40.63293,7.86563,39.32219
15.68,8.19331,39.977565,9.17636,40.63294,7.21026,39.32219
15.7,-4.58639,39.977565,-0.65418,40.63294,-8.5186,39.32219
15.72,-7.863205000000001,39.977565,-7.86322,40.63294,-7.86319,39.32219
15.74,-6.88013,39.977565,-6.55245,40.63294,-7.20781,39.32219
15.76,-5.56939,39.977565,-5.24171,40.63294,-5.89707,39.32219
15.78,-4.586335,39.977565,-4.58634,40.63294,-4.58633,39.32219
15.8,-3.93096,39.977565,-3.93096,40.63294,-3.93096,39.32219
15.82,-3.2755900000000002,39.977565,-2.62023,40.63294,-3.93095,39.32219
15.84,-2.9479,39.977565,-2.62022,40.63294,-3.27558,39.32219
15.86,-4.25863,39.977565,-2.62022,40.63294,-5.89704,39.32219
15.88,-10.81231,39.977565,-9.82926,40.63294,-11.79536,39.32219
15.9,-11.467665,39.977565,-11.13999,40.63294,-11.79534,39.32219
15.92,-11.13997,39.977565,-10.48461,40.63294,-11.79533,39.32219
15.94,-11.467645000000001,39.977565,-11.13996,40.63294,-11.79533,39.32219
15.96,-11.13996,39.977565,-10.4846,40.63294,-11.79532,39.32219
15.98,-11.467635000000001,39.977565,-11.13995,40.63294,-11.79532,39.32219
16.0,-12.122995,39.977565,-11.79531,40.63294,-12.45068,39.32219
16.02,-12.450675,39.977565,-11.79531,40.63294,-13.10604,39.32219
16.04,-12.778355000000001,39.977565,-12.45067,40.63294,-13.10604,39.32219
16.06,-12.778355000000001,39.977565,-12.45067,40.63294,-13.10604,39.32219
16.08,-13.106035,39.977565,-12.45067,40.63294,-13.7614,39.32219
16.1,-12.77835,39.977565,-12.45067,40.63294,-13.10603,39.32219
16.12,-13.10603,39.977565,-12.45067,40.63294,-13.76139,39.32219
16.14,-13.433710000000001,39.977565,-13.10603,40.63294,-13.76139,39.32219
16.16,-13.433710000000001,39.977565,-13.10603,40.63294,-13.76139,39.32219
16.18,-13.433710000000001,39.977565,-13.10603,40.63294,-13.76139,39.32219
16.2,-13.433705,39.977565,-13.10602,40.63294,-13.76139,39.32219
16.22,-13.433705,39.977565,-13.10602,40.63294,-13.76139,39.32219
16.24,-13.433705,39.977565,-13.10602,40.63294,-13.76139,39.32219
16.26,-13.761385,39.977565,-13.10602,40.63294,-14.41675,39.32219
16.28,-14.089065000000002,39.977565,-13.76138,40.63294,-14.41675,39.32219
16.3,-14.089065000000002,39.977565,-13.76138,40.63294,-14.41675,39.32219
16.32,-13.433715,39.977565,-13.10603,40.63294,-13.7614,39.32219
16.34,-13.433720000000001,39.977565,-13.10604,40.63294,-13.7614,39.32219
16.36,-14.416765,39.977565,-13.7614,40.63294,-15.07213,39.32219
16.38,-8.84618,39.977565,-13.10604,40.63294,-4.58632,39.32219
16.4,2.29503,39.977565,1.96734,40.63294,2.62272,39.32219
16.42,2.622735,39.977565,3.2781,40.63294,1.96737,39.32219
16.44,1.6397,39.977565,1.96738,40.63294,1.31202,39.32219
16.46,1.31202,39.977565,1.96738,40.63294,0.65666,39.32219
16.48,0.98434,39.977565,1.31202,40.63294,0.65666,39.32219
16.5,0.0013000000000050194,39.977565,0.65666,40.63294,-0.65405999999999,39.32219
16.52,-0.32638499999999976,39.977565,0.0013000000000005,40.63294,-0.65407,39.32219
16.54,-2.29249,39.977565,-0.65407,40.63294,-3.93091,39.32219
16.56,-3.9309149999999997,39.977565,-3.93092,40.63294,-3.93091,39.32219
16.58,-2.947865,39.977565,-2.62018,40.63294,-3.27555,39.32219
16.6,-3.275545,39.977565,-2.62018,40.63294,-3.93091,39.32219
16.62,-3.603225,39.977565,-3.27554,40.63294,-3.93091,39.32219
16.64,-3.93091,39.977565,-3.27555,40.63294,-4.58627,39.32219
16.66,-4.25859,39.977565,-3.93091,40.63294,-4.58627,39.32219
16.68,-4.258595,39.977565,-3.93091,40.63294,-4.58628,39.32219
16.7,-4.2586,39.977565,-3.93092,40.63294,-4.58628,39.32219
16.72,-4.2586,39.977565,-3.93092,40.63294,-4.58628,39.32219
16.74,-4.2586,39.977565,-3.93092,40.63294,-4.58628,39.32219
16.76,-4.9139800000000005,39.977565,-3.93093,40.63294,-5.89703,39.32219
16.78,-4.9139800000000005,39.977565,-4.5863,40.63294,-5.24166,39.32219
16.8,-5.24166,39.977565,-5.24166,40.63294,-5.24166,39.32219
16.82,-5.2416599999999995,39.977565,-4.5863,40.63294,-5.89702,39.32219
16.84,-4.913985,39.977565,-4.5863,40.63294,-5.24167,39.32219
16.86,-4.9139800000000005,39.977565,-4.5863,40.63294,-5.24166,39.32219
16.88,-4.9139800000000005,39.977565,-4.5863,40.63294,-5.24166,39.32219
16.9,-4.586305,39.977565,-3.93094,40.63294,-5.24167,39.32219
16.92,-4.25863,39.977565,-4.58631,40.63294,-3.93095,39.32219
16.94,-3.2755850000000004,39.977565,-2.62022,40.63294,-3.93095,39.32219
16.96,-3.2755900000000002,39.977565,-2.62023,40.63294,-3.93095,39.32219
16.98,-3.603275,39.977565,-3.27559,40.63294,-3.93096,39.32219
17.0,-3.603275,39.977565,-3.2756,40.63294,-3.93095,39.32219
17.02,-3.603275,39.977565,-3.27559,40.63294,-3.93096,39.32219
17.04,-3.603275,39.977565,-3.27559,40.63294,-3.93096,39.32219
17.06,-3.603275,39.977565,-3.27559,40.63294,-3.93096,39.32219
17.08,-3.93096,39.977565,-3.2756,40.63294,-4.58632,39.32219
17.1,-3.603275,39.977565,-3.27559,40.63294,-3.93096,39.32219
17.12,-3.93096,39.977565,-3.2756,40.63294,-4.58632,39.32219
17.14,-4.258635,39.977565,-3.93095,40.63294,-4.58632,39.32219
17.16,-4.258645,39.977565,-3.93096,40.63294,-4.58633,39.32219
17.18,-4.25863,39.977565,-3.93095,40.63294,-4.58631,39.32219
17.2,-4.25862,39.977565,-3.93094,40.63294,-4.5863,39.32219
17.22,-3.9309450000000004,39.977565,-3.27558,40.63294,-4.58631,39.32219
17.24,-3.9309399999999997,39.977565,-3.27558,40.63294,-4.5863,39.32219
17.26,-4.25862,39.977565,-3.93094,40.63294,-4.5863,39.32219
17.28,-4.25862,39.977565,-3.93094,40.63294,-4.5863,39.32219
17.3,-4.25862,39.977565,-3.93094,40.63294,-4.5863,39.32219
17.32,-4.25862,39.977565,-3.93094,40.63294,-4.5863,39.32219
17.34,-4.258615,39.977565,-3.93093,40.63294,-4.5863,39.32219
17.36,-4.913985,39.977565,-4.5863,40.63294,-5.24167,39.32219
17.38,-1.309479999999997,39.977565,-2.62021,40.63294,0.001250000000006,39.32219
17.4,-0.326419999999999,39.977565,0.001260000000002,40.63294,-0.6541,39.32219
17.42,-0.3264100000000009,39.977565,0.0012699999999981,40.63294,-0.65409,39.32219
17.44,-0.3264100000000009,39.977565,0.0012699999999981,40.63294,-0.65409,39.32219
17.46,-0.32641500000000095,39.977565,0.0012699999999981,40.63294,-0.6541,39.32219
17.48,-0.3264100000000009,39.977565,0.0012699999999981,40.63294,-0.65409,39.32219
17.5,-0.3264100000000009,39.977565,0.0012699999999981,40.63294,-0.65409,39.32219
17.52,-0.32640499999999933,39.977565,0.0012800000000013,40.63294,-0.65409,39.32219
17.54,0.32895000000000263,39.977565,0.65663,40.63294,0.0012700000000052,39.32219
17.56,0.0012700000000000489,39.977565,0.65663,40.63294,-0.65409,39.32219
17.58,-0.32641500000000095,39.977565,0.0012699999999981,40.63294,-0.6541,39.32219
17.6,-0.326419999999999,39.977565,0.001260000000002,40.63294,-0.6541,39.32219
17.62,-0.6541049999999989,39.977565,0.001260000000002,40.63294,-1.30947,39.32219
17.64,-0.6541049999999989,39.977565,0.001260000000002,40.63294,-1.30947,39.32219
17.66,-0.6541100000000005,39.977565,0.0012499999999989,40.63294,-1.30947,39.32219
17.68,2.29503,39.977545,1.31198,40.63292,3.27808,39.32217
17.7,3.278095,39.977565,3.93345,40.63294,2.62274,39.32219
17.72,2.95043,39.977565,3.27811,40.63294,2.62275,39.32219
17.74,2.2950749999999998,39.977565,2.62276,40.63294,1.96739,39.32219
17.76,2.2950749999999998,39.977565,2.62276,40.63294,1.96739,39.32219
17.78,2.29508,39.977565,2.62276,40.63294,1.9674,39.32219
17.8,2.2950749999999998,39.977565,2.62276,40.63294,1.96739,39.32219
17.82,1.63972,39.977565,1.9674,40.63294,1.31204,39.32219
17.84,1.63972,39.977565,1.9674,40.63294,1.31204,39.32219
17.86,2.29508,39.977565,2.62276,40.63294,1.9674,39.32219
17.88,4.261175,39.977565,1.9674,40.63294,6.55495,39.32219
17.9,10.81483,39.977565,11.79787,40.63294,9.83179,39.32219
17.92,9.83181,39.977565,10.48717,40.63294,9.17645,39.32219
17.94,9.83181,39.977565,10.48717,40.63294,9.17645,39.32219
17.96,9.504135000000002,39.977565,9.83182,40.63294,9.17645,39.32219
17.98,9.50413,39.977565,9.83181,40.63294,9.17645,39.32219
18.0,9.176449999999999,39.977565,9.83181,40.63294,8.52109,39.32219
18.02,8.848765,39.977565,9.17645,40.63294,8.52108,39.32219
18.04,9.176445000000001,39.977565,9.83181,40.63294,8.52108,39.32219
18.06,9.17644,39.977565,9.8318,40.63294,8.52108,39.32219
18.08,8.848759999999999,39.977565,9.17644,40.63294,8.52108,39.32219
18.1,9.17644,39.977565,9.8318,40.63294,8.52108,39.32219
18.12,9.176435,39.977565,9.8318,40.63294,8.52107,39.32219
18.14,9.83179,39.97756,9.83179,40.63294,9.83179,39.32218
18.16,9.8318,39.977565,9.8318,40.63294,9.8318,39.32219
18.18,9.8318,39.977565,10.48716,40.63294,9.17644,39.32219
18.2,9.504125,39.977565,9.83181,40.63294,9.17644,39.32219
18.22,9.504114999999999,39.977565,9.8318,40.63294,9.17643,39.32219
18.24,9.176435,39.97756,9.8318,40.63294,8.52107,39.32218
18.26,9.176425,39.977555,9.83179,40.63293,8.52106,39.32218
18.28,9.504105,39.977545,9.83179,40.63292,9.17642,39.32217
18.3,9.504095,39.977535,9.83178,40.63291,9.17641,39.32216
18.32,9.831769999999999,39.97753,10.48714,40.63291,9.1764,39.32215
18.34,10.15944,39.977515,10.48712,40.63289,9.83176,39.32214
18.36,13.108585,39.97752,13.10858,40.63289,13.10859,39.32215
18.38,13.43627,39.97753,13.76395,40.6329,13.10859,39.32216
18.4,13.1086,39.977535,13.76396,40.63291,12.45324,39.32216
18.42,12.780925,39.977545,13.1086,40.63292,12.45325,39.32217
18.44,13.10861,39.977540000000005,13.76397,40.63291,12.45325,39.32217
18.46,12.780935,39.977540000000005,13.10862,40.63291,12.45325,39.32217
18.48,12.12558,39.977545,12.45326,40.63292,11.7979,39.32217
18.5,12.12558,39.977535,12.45326,40.63291,11.7979,39.32216
18.52,11.797905,39.977535,12.45327,40.63291,11.14254,39.32216
18.54,12.12558,39.977525,12.45326,40.6329,11.7979,39.32215
18.56,12.125575000000001,39.977525,12.45326,40.6329,11.79789,39.32215
18.58,12.125575000000001,39.977525,12.45326,40.6329,11.79789,39.32215
18.6,11.79789,39.97752,12.45325,40.63289,11.14253,39.32215
18.62,12.125565,39.977515,12.45325,40.63289,11.79788,39.32214
18.64,12.780925,39.977515,13.10861,40.63289,12.45324,39.32214
18.66,13.436275,39.97751,13.76396,40.63289,13.10859,39.32213
18.68,13.43627,39.9775,13.76395,40.63287,13.10859,39.32213
18.7,13.436264999999999,39.977495,13.76395,40.63287,13.10858,39.32212
18.72,13.43626,39.977485,13.76394,40.63286,13.10858,39.32211
18.74,13.436250000000001,39.977485,14.4193,40.63286,12.4532,39.32211
18.76,11.14245,39.97748,11.14245,40.63285,11.14245,39.32211
18.78,12.125505,39.9775,12.45318,40.63287,11.79783,39.32213
18.8,12.125509999999998,39.97751,12.45319,40.63289,11.79783,39.32213
18.82,12.125509999999998,39.977505,12.45319,40.63288,11.79783,39.32213
18.84,12.125520000000002,39.977509999999995,12.4532,40.63288,11.79784,39.32214
18.86,11.79784,39.977515,12.4532,40.63289,11.14248,39.32214
18.88,11.79784,39.977515,12.4532,40.63289,11.14248,39.32214
18.9,12.125515,39.977515,12.4532,40.63289,11.79783,39.32214
18.92,12.125515,39.977505,12.45319,40.63288,11.79784,39.32213
18.94,12.4532,39.977505,13.10856,40.63288,11.79784,39.32213
18.96,12.453195000000001,39.977495,13.10856,40.63287,11.79783,39.32212
18.98,12.453185,39.977485,12.45319,40.63286,12.45318,39.32211
19.0,12.45318,39.977475,12.45318,40.63285,12.45318,39.3221
19.02,12.78086,39.977465,13.10854,40.63284,12.45318,39.32209
19.04,12.453175,39.977465,12.45318,40.63284,12.45317,39.32209
19.06,12.780854999999999,39.977465,13.10853,40.63284,12.45318,39.32209
19.08,13.10854,39.977465,13.7639,40.63284,12.45318,39.32209
19.1,12.780854999999999,39.977465,13.10854,40.63284,12.45317,39.32209
19.12,15.074629999999999,39.97747,14.41926,40.63284,15.73,39.3221
19.14,15.402325000000001,39.97748,15.73001,40.63285,15.07464,39.32211
19.16,15.07465,39.97749,15.07465,40.63286,15.07465,39.32212
19.18,14.746970000000001,39.977495,15.07465,40.63287,14.41929,39.32212
19.2,14.41929,39.97749,15.07465,40.63286,13.76393,39.32212
19.22,14.41929,39.977485,15.07465,40.63286,13.76393,39.32211
19.24,14.419285,39.977485,15.07465,40.63286,13.76392,39.32211
19.26,14.419285,39.977485,15.07465,40.63286,13.76392,39.32211
19.28,14.41928,39.97748,15.07464,40.63285,13.76392,39.32211
19.3,14.41928,39.97749,15.07464,40.63286,13.76392,39.32212
19.32,14.419285,39.97749,15.07465,40.63287,13.76392,39.32211
19.34,14.41929,39.977485,14.41929,40.63286,14.41929,39.32211
19.36,14.41929,39.97749,15.07465,40.63286,13.76393,39.32212
19.38,14.419285,39.977485,15.07465,40.63286,13.76392,39.32211
19.4,14.41929,39.977485,15.07465,40.63286,13.76393,39.32211
19.42,14.091605000000001,39.977485,14.41929,40.63286,13.76392,39.32211
19.44,14.09161,39.977485,14.41929,40.63286,13.76393,39.32211
19.46,14.091605000000001,39.977475,14.41929,40.63285,13.76392,39.3221
19.48,14.09161,39.977475,14.41929,40.63285,13.76393,39.3221
19.5,13.76393,39.977465,14.41929,40.63284,13.10857,39.32209
19.52,15.73002,39.977445,13.76393,40.63284,17.69611,39.32205
19.54,27.854275,39.977365,28.18195,40.63274,27.5266,39.32199
19.56,26.215885,39.97738,26.87124,40.63275,25.56053,39.32201
19.58,25.88822,39.977395,26.2159,40.63277,25.56054,39.32202
19.6,25.232865,39.977395,25.56055,40.63277,24.90518,39.32202
19.62,24.90518,39.97739,25.56054,40.63276,24.24982,39.32202
19.64,24.249814999999998,39.97739,24.90518,40.63276,23.59445,39.32202
19.66,23.594455,39.9774,24.24982,40.63277,22.93909,39.32203
19.68,22.939095000000002,39.977405,23.59446,40.63278,22.28373,39.32203
19.7,21.62838,39.977405,22.28374,40.63278,20.97302,39.32203
19.72,21.3007,39.97741,21.62838,40.63278,20.97302,39.32204
19.74,21.956065000000002,39.977405,22.28375,40.63278,21.62838,39.32203
19.76,24.24983,39.977405,22.93911,40.63278,25.56055,39.32203
19.78,26.871295,39.977419999999995,27.52666,40.63279,26.21593,39.32205
19.8,26.543615,39.97743,26.87129,40.6328,26.21594,39.32206
19.82,25.888255,39.977435,26.21594,40.63281,25.56057,39.32206
19.84,24.905205,39.977435,25.56057,40.63281,24.24984,39.32206
19.86,24.249845,39.97743,24.90521,40.6328,23.59448,39.32206
19.88,23.922165,39.977425,24.24985,40.6328,23.59448,39.32205
19.9,24.249834999999997,39.97742,24.24984,40.6328,24.24983,39.32204
19.92,24.577515,39.977419999999995,24.9052,40.63279,24.24983,39.32205
19.94,24.577515,39.977419999999995,24.9052,40.63279,24.24983,39.32205
19.96,24.577515,39.977425,24.9052,40.6328,24.24983,39.32205
19.98,24.249835,39.97743,24.9052,40.6328,23.59447,39.32206
20.0,-14.416405000000001,39.977425,-52.42728,40.6328,23.59447,39.32205
20.02,23.922155,39.977425,24.24984,40.6328,23.59447,39.32205
20.04,23.922155,39.977425,24.24984,40.6328,23.59447,39.32205
20.06,22.939104999999998,39.977419999999995,24.24984,40.63279,21.62837,39.32205
20.08,22.611415,39.97743,22.93909,40.6328,22.28374,39.32206
20.1,22.939100000000003,39.97744,23.59446,40.63281,22.28374,39.32207
20.12,22.611425,39.977445,22.93911,40.63282,22.28374,39.32207
20.14,22.611420000000003,39.97744,22.9391,40.63281,22.28374,39.32207
20.16,22.611425,39.977445,22.9391,40.63282,22.28375,39.32207
20.18,22.611420000000003,39.977445,22.9391,40.63282,22.28374,39.32207
20.2,22.93911,39.977450000000005,23.59447,40.63282,22.28375,39.32208
20.22,23.266785,39.977450000000005,23.59447,40.63282,22.9391,39.32208
20.24,22.93911,39.977455,22.93911,40.63283,22.93911,39.32208
20.26,22.93911,39.977455,23.59447,40.63283,22.28375,39.32208
20.28,22.93911,39.977455,22.93911,40.63283,22.93911,39.32208
20.3,22.93911,39.977450000000005,23.59447,40.63282,22.28375,39.32208
20.32,22.93911,39.977450000000005,23.59447,40.63282,22.28375,39.32208
20.34,23.26679,39.977445,23.59447,40.63282,22.93911,39.32207
20.36,23.266795000000002,39.977455,23.59448,40.63283,22.93911,39.32208
20.38,23.922159999999998,39.977455,24.24984,40.63283,23.59448,39.32208
20.4,23.266795000000002,39.977505,23.59448,40.63282,22.93911,39.32219
20.42,23.268075,39.977450000000005,23.59448,40.63282,22.94167,39.32208
20.44,23.2668,39.977445,23.59448,40.63282,22.93912,39.32207
20.46,22.939125,39.977445,23.59449,40.63282,22.28376,39.32207
20.48,23.266804999999998,39.977435,23.59449,40.63281,22.93912,39.32206
20.5,22.939120000000003,39.97741,23.59448,40.63279,22.28376,39.32203
20.52,26.21593,39.977355,24.9052,40.63274,27.52666,39.32197
20.54,27.52666,39.977355,28.18202,40.63272,26.8713,39.32199
20.56,27.85435,39.97737,28.18203,40.63274,27.52667,39.322
20.58,27.52668,39.97738,28.18204,40.63275,26.87132,39.32201
20.6,27.85436,39.97739,28.18204,40.63276,27.52668,39.32202
20.62,27.854365,39.977395,28.18205,40.63277,27.52668,39.32202
20.64,27.85437,39.9774,28.18205,40.63277,27.52669,39.32203
20.66,28.509729999999998,39.977395,28.83741,40.63277,28.18205,39.32202
20.68,28.509729999999998,39.9774,28.83741,40.63277,28.18205,39.32203
20.7,28.182049999999997,39.977395,28.83741,40.63277,27.52669,39.32202
20.72,27.854374999999997,39.977395,28.18206,40.63277,27.52669,39.32202
20.74,27.526690000000002,39.9774,28.18205,40.63277,26.87133,39.32203
20.76,27.854374999999997,39.977395,28.18206,40.63277,27.52669,39.32202
20.78,27.854374999999997,39.97739,28.18206,40.63276,27.52669,39.32202
20.8,28.182055,39.977395,28.83742,40.63277,27.52669,39.32202
20.82,28.509735,39.977395,28.83742,40.63277,28.18205,39.32202
20.84,28.50974,39.9774,28.83742,40.63277,28.18206,39.32203
20.86,28.509735,39.9774,28.83742,40.63277,28.18205,39.32203
20.88,28.509735,39.977395,28.83742,40.63277,28.18205,39.32202
20.9,28.509725,39.97739,28.83741,40.63277,28.18204,39.32201
20.92,28.837400000000002,39.977375,29.49276,40.63275,28.18204,39.322
20.94,28.837400000000002,39.97737,29.49276,40.63274,28.18204,39.322
20.96,24.577505000000002,39.977385,24.9052,40.63276,24.24981,39.32201
20.98,26.215919999999997,39.977405000000005,26.87128,40.63277,25.56056,39.32204
21.0,25.888244999999998,39.977415,26.21593,40.63279,25.56056,39.32204
21.02,26.21593,39.977419999999995,26.87129,40.63279,25.56057,39.32205
21.04,26.215925,39.977425,26.21593,40.6328,26.21592,39.32205
21.06,26.21593,39.977425,26.87129,40.6328,25.56057,39.32205
21.08,26.543605,39.977419999999995,26.87129,40.63279,26.21592,39.32205
21.1,26.54361,39.977425,26.87129,40.6328,26.21593,39.32205
21.12,26.543605,39.977419999999995,26.87129,40.63279,26.21592,39.32205
21.14,27.19896,39.977415,27.52664,40.63279,26.87128,39.32204
21.16,27.19896,39.97741,27.52664,40.63278,26.87128,39.32204
21.18,26.871275,39.977395,27.52664,40.63277,26.21591,39.32202
21.2,27.19896,39.9774,27.52664,40.63277,26.87128,39.32203
21.22,27.526635,39.977395,27.52664,40.63277,27.52663,39.32202
21.24,27.526635,39.97738,28.182,40.63276,26.87127,39.322
21.26,28.83735,39.97735,28.18199,40.63273,29.49271,39.32197
21.28,30.475755,39.977345,30.80344,40.63272,30.14807,39.32197
21.3,31.13112,39.977360000000004,31.4588,40.63273,30.80344,39.32199
21.32,31.131115,39.977355,31.4588,40.63274,30.80343,39.32197
21.34,31.786465,39.97734,32.11415,40.63271,31.45878,39.32197
21.36,32.441824999999994,39.977335,32.76951,40.63271,32.11414,39.32196
21.38,32.44182,39.977325,32.7695,40.6327,32.11414,39.32195
21.4,33.42486,39.977325,33.42486,40.6327,33.42486,39.32195
21.42,33.752534999999995,39.977325,34.08022,40.6327,33.42485,39.32195
21.44,34.407894999999996,39.97732,34.73558,40.6327,34.08021,39.32194
21.46,35.718595,39.97731,36.04628,40.63268,35.39091,39.32194
21.48,36.37396,39.977329999999995,36.70164,40.6327,36.04628,39.32196
21.5,37.029305,39.977360000000004,37.35699,40.63272,36.70162,39.322
21.52,38.012315,39.977385,38.01232,40.63275,38.01231,39.32202
21.54,38.995335,39.97741,39.32303,40.63278,38.66764,39.32204
21.56,38.99529,39.977419999999995,39.32298,40.63279,38.6676,39.32205
21.58,39.978314999999995,39.977425,40.63368,40.6328,39.32295,39.32205
21.6,39.97832,39.977435,40.63368,40.63281,39.32296,39.32206
21.62,39.322959999999995,39.977445,39.97832,40.63282,38.6676,39.32207
21.64,38.99529,39.977450000000005,39.32297,40.63282,38.66761,39.32208
21.66,38.995295,39.97746,39.32298,40.63283,38.66761,39.32209
21.68,39.65066,39.977465,39.97834,40.63284,39.32298,39.32209
21.7,39.65067,39.97747,39.97835,40.63284,39.32299,39.3221
21.72,40.961389999999994,39.977455,41.28908,40.63283,40.6337,39.32208
21.74,41.616749999999996,39.977450000000005,41.94443,40.63282,41.28907,39.32208
21.76,41.616755,39.977445,41.94444,40.63282,41.28907,39.32207
21.78,40.633725,39.97744,41.28909,40.63282,39.97836,39.32206
21.8,39.978375,39.977445,40.63373,40.63282,39.32302,39.32207
21.82,39.323025,39.97743,39.97839,40.63281,38.66766,39.32205
21.84,38.995329999999996,39.977425,39.32301,40.6328,38.66765,39.32205
21.86,38.99534,39.977435,39.32302,40.63281,38.66766,39.32206
21.88,39.32302,39.977425,39.32302,40.6328,39.32302,39.32205
21.9,39.323025,39.97742,39.97839,40.6328,38.66766,39.32204
21.92,38.99535,39.977419999999995,39.32303,40.63279,38.66767,39.32205
21.94,38.995345,39.977415,39.32303,40.63279,38.66766,39.32204
21.96,38.667665,39.97741,39.32303,40.63278,38.0123,39.32204
21.98,38.66766,39.977405,39.32302,40.63278,38.0123,39.32203
22.0,38.339974999999995,39.977405,38.66766,40.63278,38.01229,39.32203
22.02,38.995315000000005,39.977395,39.323,40.63277,38.66763,39.32202
22.04,38.995315000000005,39.977395,39.323,40.63277,38.66763,39.32202
22.06,38.995315000000005,39.97739,39.323,40.63277,38.66763,39.32201
22.08,38.99532,39.977385,39.323,40.63276,38.66764,39.32201
22.1,38.995329999999996,39.97738,39.32301,40.63275,38.66765,39.32201
22.12,38.667654999999996,39.977375,39.32302,40.63275,38.01229,39.322
22.14,38.99534,39.977365,39.32302,40.63274,38.66766,39.32199
22.16,38.667654999999996,39.322,39.32302,39.97737,38.01229,38.66663
22.18,38.339985,38.338955,38.66767,39.32201,38.0123,37.3559
22.2,38.66767,38.011275,38.66767,38.66665,38.66767,37.3559
22.22,38.99535,37.355914999999996,39.32303,38.01129,38.66767,36.70054
22.24,39.32304,37.355909999999994,39.32304,38.01128,39.32304,36.70054
22.26,39.323049999999995,37.02824,39.97841,38.01129,38.66769,36.04519
22.28,38.667694999999995,36.700565,39.32306,37.35594,38.01233,36.04519
22.3,38.34001,36.372875,38.66769,37.35593,38.01233,35.38982
22.32,38.012335,36.045195,38.6677,36.70057,37.35697,35.38982
22.34,37.0293,36.045190000000005,38.01234,36.70056,36.04626,35.38982
22.36,36.373945,36.372875,36.70163,36.70057,36.04626,36.04518
22.38,36.37395,36.045195,36.70163,36.70057,36.04627,35.38982
22.4,36.046274999999994,36.70055,36.70164,37.35592,35.39091,36.04518
22.42,35.718595,36.700555,36.04628,37.35593,35.39091,36.04518
22.44,35.718595,36.70055,36.04628,37.35592,35.39091,36.04518
22.46,35.7186,36.700555,36.04628,37.35593,35.39092,36.04518
22.48,35.39092,38.338955,36.04628,40.63273,34.73556,36.04518
22.5,35.06324,36.700545,35.39092,37.35592,34.73556,36.04517
22.52,35.063235000000006,37.028225,35.39092,38.01128,34.73555,36.04517
22.54,35.389754999999994,37.355895000000004,35.3886,38.01127,35.39091,36.70052
22.56,43.91066,38.994254999999995,43.25529,39.32195,44.56603,38.66656
22.58,43.255305,39.649635,43.91067,39.97732,42.59994,39.32195
22.6,42.927625,39.97732,43.25531,40.63269,42.59994,39.32195
22.62,43.58298,39.97732,43.91066,40.63269,43.2553,39.32195
22.64,43.58299,39.977329999999995,43.91067,40.6327,43.25531,39.32196
22.66,43.58299,39.977335,43.91067,40.63271,43.25531,39.32196
22.68,43.255314999999996,39.977345,43.91068,40.63272,42.59995,39.32197
22.7,42.59995,39.977345,43.25531,40.63272,41.94459,39.32197
22.72,42.92764,39.977335,41.9446,40.63272,43.91068,39.32195
22.74,47.84289,39.977329999999995,48.49825,40.6327,47.18753,39.32196
22.76,47.187529999999995,39.977335,47.84289,40.63271,46.53217,39.32196
22.78,46.85985,39.97733,47.18753,40.63271,46.53217,39.32195
22.8,47.5152,39.97731,47.84288,40.63269,47.18752,39.32193
22.82,47.515190000000004,39.977305,47.84287,40.63268,47.18751,39.32193
22.84,47.842875,39.977305,47.84288,40.63268,47.84287,39.32193
22.86,48.17056,39.977305,48.49824,40.63268,47.84288,39.32193
22.88,48.170564999999996,39.977305,48.49824,40.63268,47.84289,39.32193
22.9,48.17057,39.977305,48.49825,40.63268,47.84289,39.32193
22.92,48.17057,39.9773,48.49825,40.63267,47.84289,39.32193
22.94,47.84289,39.977305,48.49825,40.63268,47.18753,39.32193
22.96,47.842895,39.977305,48.49826,40.63268,47.18753,39.32193
22.98,47.515225,39.977305,47.84291,40.63268,47.18754,39.32193
23.0,47.187545,39.977305,47.84291,40.63268,46.53218,39.32193
23.02,47.187545,39.9773,47.84291,40.63267,46.53218,39.32193
23.04,46.204505,39.977295,47.18755,40.63267,45.22146,39.32192
23.06,43.910705,39.977289999999996,43.9107,40.63266,43.91071,39.32192
23.08,43.910725,39.977305,44.56609,40.63268,43.25536,39.32193
23.1,43.583045,39.977315,43.91072,40.63269,43.25537,39.32194
23.12,42.92769,39.977315,43.25537,40.63269,42.60001,39.32194
23.14,42.927685,39.977315,43.25537,40.63269,42.6,39.32194
23.16,42.927685,39.977315,43.25537,40.63269,42.6,39.32194
23.18,42.600004999999996,39.977315,43.25537,40.63269,41.94464,39.32194
23.2,42.600004999999996,39.977305,43.25537,40.63268,41.94464,39.32193
23.22,42.272324999999995,39.977305,42.60001,40.63268,41.94464,39.32193
23.24,42.27232,39.977305,42.6,40.63268,41.94464,39.32193
23.26,42.600004999999996,39.9773,43.25537,40.63267,41.94464,39.32193
23.28,42.27233,39.977305,42.60001,40.63268,41.94465,39.32193
23.3,41.94466,39.649625,42.60002,40.63268,41.2893,38.66657
23.32,41.616985,39.321945,41.94467,40.63268,41.2893,38.01121
23.34,41.617,38.666585,41.94468,39.32196,41.28932,38.01121
23.36,41.289320000000004,38.66659,41.94468,39.32196,40.63396,38.01122
23.38,41.61701,38.33891,41.94469,39.32197,41.28933,37.35585
23.4,41.617005,38.011224999999996,41.94469,38.6666,41.28932,37.35585
23.42,41.94469,38.011215,41.94469,38.66659,41.94469,37.35584
23.44,43.25542,39.321945,43.91078,39.97732,42.60006,38.66657
23.46,43.25542,39.321955,43.91078,39.97733,42.60006,38.66658
23.48,43.58311,39.321960000000004,43.91079,39.97733,43.25543,38.66659
23.5,43.255430000000004,38.99428,43.91079,39.32197,42.60007,38.66659
23.52,42.92775,38.666605000000004,43.25543,39.32198,42.60007,38.01123
23.54,42.92775,38.666595,43.25544,39.32197,42.60006,38.01122
23.56,42.600065,38.666595,43.25543,39.32197,41.9447,38.01122
23.58,42.92774,38.994275,43.25542,39.97733,42.60006,38.01122
23.6,43.583095,38.338905,43.91078,39.32196,43.25541,37.35585
23.62,43.58309,38.338905,43.91077,39.32196,43.25541,37.35585
23.64,43.91077,38.666575,44.56613,39.32195,43.25541,38.0112
23.66,43.91077,38.666579999999996,44.56613,39.32195,43.25541,38.01121
23.68,43.583075,38.99425,43.91076,39.97731,43.25539,38.01119
23.7,44.238434999999996,38.011205000000004,44.56612,38.66658,43.91075,37.35583
23.72,54.396585,38.99421,50.46439,39.32191,58.32878,38.66651
23.74,58.6565,39.977255,58.98418,40.63262,58.32882,39.32189
23.76,58.32882,39.977265,58.98418,40.63264,57.67346,39.32189
23.78,58.32882,39.977265,58.98418,40.63264,57.67346,39.32189
23.8,58.32882,39.977270000000004,58.98418,40.63264,57.67346,39.3219
23.82,58.001135000000005,39.977270000000004,58.32882,40.63264,57.67345,39.3219
23.84,58.32882,39.977270000000004,58.32882,40.63264,58.32882,39.3219
23.86,58.984175,39.977275,58.98418,40.63265,58.98417,39.3219
23.88,59.31185,39.977265,59.63953,40.63264,58.98417,39.32189
23.9,61.27794,39.977255,60.29489,40.63263,62.26099,39.32188
23.92,62.91636,39.977270000000004,63.57172,40.63264,62.261,39.3219
23.94,61.93333,39.977289999999996,62.26101,40.63266,61.60565,39.32192
23.96,61.93334,39.977295,62.26102,40.63267,61.60566,39.32192
23.98,62.588695,39.977295,62.91638,40.63267,62.26101,39.32192
24.0,62.26102,39.977295,62.91638,40.63267,61.60566,39.32192
24.02,62.588695,39.97743,62.91638,40.63294,62.26101,39.32192
24.04,62.261015,39.977285,62.91638,40.63266,61.60565,39.32191
24.06,61.605655,39.977285,62.26102,40.63266,60.95029,39.32191
24.08,61.60566,39.977285,61.60566,40.63266,61.60566,39.32191
24.1,63.89945,39.977275000000006,64.22713,40.63264,63.57177,39.32191
24.12,63.571785000000006,39.977289999999996,64.22714,40.63266,62.91643,39.32192
24.14,62.91644,39.97731,63.5718,40.63268,62.26108,39.32194
24.16,62.261084999999994,39.977315,62.91645,40.63269,61.60572,39.32194
24.18,61.93341,39.64964,62.26109,40.63269,61.60573,38.66659
24.2,60.622695,38.666595,61.60574,39.97733,59.63965,37.35586
24.22,58.656605,37.68355,59.63965,38.66661,57.67356,36.70049
24.24,56.035160000000005,36.045145,57.0182,37.35588,55.05212,34.73441
24.26,53.741384999999994,33.751360000000005,54.39675,34.73442,53.08602,32.7683
24.28,52.43066,32.112944999999996,53.08602,33.42368,51.7753,30.80221
24.3,52.102975,30.474539999999998,52.43066,31.4576,51.77529,29.49148
24.32,52.758335,29.163815,53.08602,30.14687,52.43065,28.18076
24.34,52.758325,28.508445000000002,53.08601,29.4915,52.43064,27.52539
24.36,53.41368,27.197719999999997,53.74136,28.18078,53.086,26.21466
24.38,54.069024999999996,26.870025,54.39671,27.5254,53.74134,26.21465
24.4,55.052054999999996,26.214645,55.05206,26.87002,55.05205,25.55927
24.42,58.984235,26.214615000000002,58.32887,26.86999,59.6396,25.55924
24.44,59.967265,26.214605,60.29495,26.86998,59.63958,25.55923
24.46,60.622609999999995,26.214585,60.9503,26.86996,60.29492,25.55921
24.48,60.622605,25.55921,60.95029,26.21458,60.29492,24.90384
24.5,61.277969999999996,24.903855,61.60565,25.55923,60.95029,24.24848
24.52,61.277975,24.576169999999998,61.60566,25.55923,60.95029,23.59311
24.54,61.277975,23.920805,61.60566,24.90386,60.95029,22.93775
24.56,61.27798,23.593125,61.60566,24.2485,60.9503,22.93775
24.58,61.60567,23.265445,62.26103,24.2485,60.95031,22.28239
24.6,61.93336,23.265445,62.26104,23.59314,61.60568,22.93775
24.62,61.93336,22.937765,62.26104,23.59314,61.60568,22.28239
24.64,61.93336,22.937765,62.26104,23.59314,61.60568,22.28239
24.66,62.26105,22.282405,62.26105,22.93778,62.26105,21.62703
24.68,62.26105,21.954725,62.91641,22.93778,61.60569,20.97167
24.7,64.55483000000001,22.282400000000003,64.22714,22.93777,64.88252,21.62703
24.72,65.210195,22.61009,65.53788,22.93778,64.88251,22.2824
24.74,65.21021,22.93778,65.53789,23.59315,64.88253,22.28241
24.76,65.21021,23.265465,65.53789,23.59316,64.88253,22.93777
24.78,65.21021,24.248514999999998,65.53789,24.90389,64.88253,23.59314
24.8,65.21021999999999,24.24852,65.5379,24.90389,64.88254,23.59315
24.82,65.21021999999999,24.90388,65.5379,25.55925,64.88254,24.24851
24.84,65.21021999999999,24.90388,65.5379,25.55925,64.88254,24.24851
24.86,65.210215,24.90388,65.5379,25.55925,64.88253,24.24851
24.88,65.21021,25.559245,65.53789,26.21462,64.88253,24.90387
24.9,65.21021,25.886924999999998,65.53789,26.21462,64.88253,25.55923
24.92,65.210205,26.86996,65.53789,27.52533,64.88252,26.21459
24.94,65.210205,26.869965,65.53789,27.52534,64.88252,26.21459
24.96,65.210205,26.542275,65.53789,27.52533,64.88252,25.55922
24.98,64.882525,26.214595,65.53789,26.86997,64.22716,25.55922
25.0,65.210205,26.869945,65.53789,27.52532,64.88252,26.21457
25.02,64.882515,26.542255,65.53788,27.52532,64.22715,25.55919
25.04,63.89945,23.593075,64.8825,25.55918,62.9164,21.62697
25.06,44.89375,15.7287,53.08587,19.6609,36.70163,11.7965
25.08,32.769305,7.208855,32.11396,7.86424,33.42465,6.55347
25.1,31.13095,12.12415,32.76934,10.48572,29.49256,13.76258
25.12,30.475655,21.62701,30.14796,20.31628,30.80335,22.93774
25.14,31.13107,27.197665,31.45874,26.86998,30.8034,27.52535
25.16,30.803420000000003,29.81918,31.45878,30.14686,30.14806,29.4915
25.18,31.131115,31.7853,31.4588,32.11298,30.80343,31.45762
25.2,31.13112,33.42373499999999,31.4588,34.0791,30.80344,32.76837
25.22,31.45881,34.07912,32.11417,34.73449,30.80345,33.42375
25.24,31.13113,34.73449,31.45881,35.38986,30.80345,34.07912
25.26,31.78649,35.38986,32.11417,36.04523,31.45881,34.73449
25.28,31.786499999999997,36.045225,32.11418,36.7006,31.45882,35.38985
25.3,31.786495,36.700585000000004,32.11418,37.35596,31.45881,36.04521
25.32,32.44185,36.700565,32.76954,37.35594,32.11416,36.04519
25.34,34.735595,35.38978,32.76952,37.35591,36.70167,33.42365
25.36,42.92756,32.11283,43.25527,32.76822,42.59985,31.45744
25.38,43.58283,32.768145000000004,43.91053,33.42353,43.25513,32.11276
25.4,44.893435,34.078795,45.22115,34.73419,44.56572,33.4234
25.42,46.531760000000006,34.078745,46.53177,34.73412,46.53175,33.42337
25.44,46.85942,35.06178,47.18708,35.38947,46.53176,34.73409
25.46,47.5148,35.38946,47.84248,36.04484,47.18712,34.73408
25.48,48.170145,35.38945,48.49784,36.04483,47.84245,34.73407
25.5,48.170109999999994,35.061735,48.4978,36.0448,47.84242,34.07867
25.52,48.497749999999996,35.061710000000005,49.15312,36.04477,47.84238,34.07865
25.54,48.8254,34.40634,49.15309,35.3894,48.49771,33.42328
25.56,48.497695,34.734004999999996,49.15306,35.38938,47.84233,34.07863
25.58,49.153040000000004,34.733999999999995,49.8084,35.38937,48.49768,34.07863
25.6,49.15305,35.061685,49.15305,36.04474,49.15305,34.07863
25.62,50.136095,34.733995,50.46378,35.38937,49.80841,34.07862
25.64,50.136095,34.733985000000004,50.46378,35.38936,49.80841,34.07861
25.66,51.11912,34.733975,51.11912,35.38935,51.11912,34.0786
25.68,52.102149999999995,34.733959999999996,51.77448,35.38935,52.42982,34.07857
25.7,66.84781,35.06156,62.91563,35.38927,70.77999,34.73385
25.72,79.29979499999999,37.682995000000005,78.64441,38.01068,79.95518,37.35531
25.74,79.299855,38.3384,79.95521,39.32144,78.6445,37.35536
25.76,80.610595,34.40628,80.6106,37.3554,80.61059,31.45716
25.78,81.9213,25.231265,81.92131,28.1804,81.92129,22.28213
25.8,82.90429,17.03925,83.23198,19.6607,82.5766,14.4178
25.82,82.57656,11.141010000000001,83.23194,13.10711,81.92118,9.17491
25.84,81.92114000000001,6.225805,82.57652,7.86422,81.26576,4.58739
25.86,81.26572999999999,3.27669,81.9211,4.58742,80.61036,1.96596
25.88,80.28265999999999,1.638655,80.61035,2.62206,79.95497,0.65525
25.9,79.954965,0.9829499999999983,80.61033,1.966,79.2996,-0.0001000000000033
25.92,79.29958500000001,-0.32776,79.29959,0.65529,79.29958,-1.31081
25.94,78.644185,-0.9831300000000005,79.29956,-7.0000000000903e-05,77.98881,-1.96619
25.96,78.97178500000001,-2.293895,79.29949,-1.31083,78.64408,-3.27696
25.98,79.954735,-2.62164,79.95476,-1.96624,79.95471,-3.27704
26.0,70.451795,-7.537,78.64393,-3.93244,62.25966,-11.14156
26.02,34.73409,-35.0626,39.97706,-28.18119,29.49112,-41.94401
26.04,45.547385,-53.085300000000004,38.66612,-52.42991,52.42865,-53.74069
26.06,45.21969,-44.565614999999994,49.8072,-46.53169,40.63218,-42.59954
26.08,39.649105000000006,-36.045845,39.32144,-36.70122,39.97677,-35.39047
26.1,41.28749,-31.785874999999997,44.56429,-31.45822,38.01069,-32.11353
26.12,24.575795,-28.836655,27.52492,-28.1813,21.62667,-29.49201
26.14,15.400755,-30.802645,17.03916,-28.83656,13.76235,-32.76873
26.16,14.74539,-34.73476,15.07308,-33.42403,14.4177,-36.04549
26.18,15.728425,-38.011520000000004,15.72842,-36.7008,15.72843,-39.32224
26.2,17.36684,-40.63291,17.69452,-39.32218,17.03916,-41.94364
26.22,18.677575,-43.254325,19.00525,-41.9436,18.3499,-44.56505
26.24,19.33296,-44.892685,19.66063,-43.90965,19.00529,-45.87572
26.26,8.51948,-44.564899999999994,15.07312,-44.56493,1.96584,-44.56487
26.28,-4.26011,-41.287965,-2.62171,-41.94334,-5.89851,-40.63259
26.3,-6.553835,-36.700375,-5.89848,-37.35573,-7.20919,-36.04502
26.32,-9.17524,-33.09583,-8.51989,-32.76815,-9.83059,-33.42351
26.34,-9.175229999999999,-32.440439999999995,-8.51987,-32.11275,-9.83059,-32.76813
26.36,-10.158249999999999,-30.474345,-9.17521,-30.14666,-11.14129,-30.80203
26.38,-10.813590000000001,-29.491285,-10.48591,-28.83592,-11.14127,-30.14665
26.4,-11.141265,-28.50824,-10.4859,-28.18054,-11.79663,-28.83594
26.42,-12.45198,-27.19752,-11.79662,-26.86983,-13.10734,-27.52521
26.44,-13.762699999999999,-26.21447,-12.45197,-25.5591,-15.07343,-26.86984
26.46,-20.644025,-24.90372,-19.66098,-24.90371,-21.62707,-24.90373
26.48,-20.31633,-22.282265000000002,-19.66097,-22.28225,-20.97169,-22.28228
26.5,-20.31633,-18.67778,-20.31633,-19.00544,-20.31633,-18.35012
26.52,-20.316319999999997,-14.745615,-19.66096,-15.07329,-20.97168,-14.41794
26.54,-20.643990000000002,-11.796479999999999,-20.31631,-11.79647,-20.97167,-11.79649
26.56,-20.97166,-9.502704999999999,-20.3163,-9.17502,-21.62702,-9.83039
26.58,-21.29932,-7.20894,-20.97164,-6.55357,-21.627,-7.86431
26.6,-21.95467,-6.225885,-21.62699,-5.89819,-22.28235,-6.55358
26.62,-21.299300000000002,-6.2258949999999995,-20.97162,-5.24284,-21.62698,-7.20895
26.64,-20.64394,-6.55359,-20.31626,-5.89821,-20.97162,-7.20897
26.66,-19.660905,-6.88129,-19.6609,-5.89823,-19.66091,-7.86435
26.68,-16.711779999999997,-9.502755,-17.03946,-7.86433,-16.3841,-11.14118
26.7,-14.745685,-11.79653,-14.418,-10.48579,-15.07337,-13.10727
26.72,-13.43496,-13.107275000000001,-13.10728,-12.4519,-13.76264,-13.76265
26.74,-12.779585,-14.745695,-12.45191,-13.10727,-13.10726,-16.38412
26.76,-10.158115,-17.039475,-11.14117,-16.38411,-9.17506,-17.69484
26.78,-9.5027,-17.36714,-9.17503,-16.38409,-9.83037,-18.35019
26.8,-8.847280000000001,-18.350160000000002,-8.51961,-17.69479,-9.17495,-19.00553
26.82,-9.83028,-18.677844999999998,-9.17493,-18.35015,-10.48563,-19.00554
26.84,-10.485605,-18.022485000000003,-9.83025,-17.69479,-11.14096,-18.35018
26.86,-11.140935,-17.039450000000002,-10.48558,-17.03943,-11.79629,-17.03947
26.88,-11.468605,-15.40106,-11.14092,-15.07336,-11.79629,-15.72876
26.9,-11.468605,-14.418040000000001,-11.14092,-13.76266,-11.79629,-15.07342
26.92,-11.468605,-13.762675,-11.14092,-13.1073,-11.79629,-14.41805
26.94,-11.140925,-13.434995,-10.48556,-13.1073,-11.79629,-13.76269
26.96,-10.813245,-13.107325,-10.48556,-12.45195,-11.14093,-13.7627
26.98,-10.813245,-11.796605,-10.48556,-11.14123,-11.14093,-12.45198
27.0,-10.813255,-10.81357,-10.48557,-10.48588,-11.14094,-11.14126
27.02,-10.81326,-9.83053,-10.48557,-9.17515,-11.14095,-10.48591
27.04,-10.81327,-9.830545,-10.48559,-9.17517,-11.14095,-10.48592
27.06,-10.813265000000001,-8.519829999999999,-10.48558,-7.86445,-11.14095,-9.17521
27.08,-11.140945,-7.8644750000000005,-10.48559,-7.2091,-11.7963,-8.51985
27.1,-11.468625,-7.209115000000001,-11.14094,-6.55374,-11.79631,-7.86449
27.12,-11.79631,-6.5537600000000005,-11.79631,-5.89839,-11.79631,-7.20913
27.14,-12.123995,-5.898405,-11.79631,-5.24303,-12.45168,-6.55378
27.16,-11.14096,-4.9153649999999995,-11.14096,-4.58767,-11.14096,-5.24306
27.18,-11.14096,-4.587695,-10.4856,-3.93232,-11.79632,-5.24307
27.2,-11.468634999999999,-3.604655,-11.14095,-3.27696,-11.79632,-3.93235
27.22,-11.468630000000001,-3.276975,-11.14095,-2.6216,-11.79631,-3.93235
27.24,-12.123985000000001,-2.621625,-11.7963,-1.96625,-12.45167,-3.277
27.26,-12.45167,-1.9662700000000002,-11.79631,-1.3109,-13.10703,-2.62164
27.28,-12.779354999999999,-1.966275,-12.45167,-1.3109,-13.10704,-2.62165
27.3,-13.107035,-1.310915,-13.10703,-0.65554,-13.10704,-1.96629
27.32,-12.77936,-0.6555650000000017,-12.45168,-0.0001900000000034,-13.10704,-1.31094
27.34,-12.77935,0.6551649999999987,-12.45167,1.31054,-13.10703,-0.0002100000000027
27.36,-13.10703,1.310505,-12.45167,1.96588,-13.76239,0.65513
27.38,-13.434705000000001,1.310505,-13.10702,1.96588,-13.76239,0.65513
27.4,-13.76238,1.9658699999999998,-13.10702,2.62124,-14.41774,1.3105
27.42,-14.090055,2.293545,-13.76237,2.62124,-14.41774,1.96585
27.44,-14.417735,3.276585,-13.76238,3.93196,-15.07309,2.62121
27.46,-15.07307,3.931955,-14.41771,4.58733,-15.72843,3.27658
27.48,-14.745375,4.587315,-14.4177,5.24269,-15.07305,3.93194
27.5,-13.106945,6.225720000000001,-13.10696,6.55341,-13.10693,5.89803
27.52,-13.4346,7.208765,-13.10692,7.86414,-13.76228,6.55339
27.54,-13.4346,8.19181,-13.10692,8.5195,-13.76228,7.86412
27.56,-13.76227,8.519495,-13.76227,9.17487,-13.76227,7.86412
27.58,-14.08995,9.174855,-13.76227,9.83023,-14.41763,8.51948
27.6,-13.43458,9.502535,-13.1069,9.83023,-13.76226,9.17484
27.62,-13.43457,10.485579999999999,-13.10689,11.14095,-13.76225,9.83021
27.64,-13.43457,11.14094,-13.10689,11.79631,-13.76225,10.48557
27.66,-13.434565,11.468625,-13.10688,11.79632,-13.76225,11.14093
27.68,-13.434560000000001,12.123985000000001,-13.10688,12.45168,-13.76224,11.79629
27.7,-12.779195000000001,12.451665,-12.45151,13.10704,-13.10688,11.79629
27.72,-12.7792,12.779345,-12.45152,13.10704,-13.10688,12.45165
27.74,-12.77919,13.76239,-11.79615,14.41776,-13.76223,13.10702
27.76,-16.71138,15.7285,-16.3837,15.72851,-17.03906,15.72849
27.78,-15.40063,17.039245,-15.07296,17.69461,-15.7283,16.38388
27.8,-15.40061,18.349975,-15.07293,19.00535,-15.72829,17.6946
27.82,-15.400590000000001,19.33302,-15.07291,19.66071,-15.72827,19.00533
27.84,-14.745225000000001,20.31607,-14.41755,20.97144,-15.0729,19.6607
27.86,-14.41753,20.971435,-14.41753,21.62681,-14.41753,20.31606
27.88,-14.41752,21.62679,-13.76216,22.28216,-15.07288,20.97142
27.9,-14.089839999999999,21.29911,-13.76216,21.62681,-14.41752,20.97141
27.92,-13.762165,21.626784999999998,-13.1068,22.28216,-14.41753,20.97141
27.94,-13.762165,21.626775000000002,-13.1068,22.28215,-14.41753,20.9714
27.96,-13.43449,22.282135,-13.10681,22.93751,-13.76217,21.62676
27.98,-13.434484999999999,22.28214,-13.1068,22.93751,-13.76217,21.62677
28.0,-13.43449,22.28214,-13.10681,22.93751,-13.76217,21.62677
28.02,-13.434474999999999,22.937505,-13.1068,23.59288,-13.76215,22.28213
28.04,-5.897775,24.575885,-7.20851,24.90358,-4.58704,24.24819
28.06,-5.570075,25.88662,-5.2424,26.2143,-5.89775,25.55894
28.08,-6.225415,25.88664,-5.89774,26.86969,-6.55309,24.90359
28.1,-6.225405,26.21433,-5.89772,26.8697,-6.55309,25.55896
28.12,-6.225395,26.542015,-5.89772,26.86971,-6.55307,26.21432
28.14,-6.55307,26.542025,-5.89771,27.52508,-7.20843,25.55897
28.16,-6.22537,26.869715,-5.89769,27.52509,-6.55305,26.21434
28.18,-6.880725,27.197395,-6.55304,27.52509,-7.20841,26.8697
28.2,-6.22409,27.52507,-5.89768,28.18044,-6.5505,26.8697
28.22,-5.242315,27.852755000000002,-5.89768,28.18045,-4.58695,27.52506
28.24,-4.259265,28.835785,-3.93158,29.49116,-4.58695,28.18041
28.26,-3.6039149999999998,28.83578,-3.27623,29.49116,-3.9316,28.1804
28.28,-3.9316000000000004,29.163445,-3.27624,30.1465,-4.58696,28.18039
28.3,-3.9316,29.163445,-3.9316,30.1465,-3.9316,28.18039
28.32,-4.25926,29.491135,-3.93158,30.14651,-4.58694,28.83576
28.34,-4.25924,28.835785,-3.93157,29.49116,-4.58691,28.18041
28.36,-4.586895,29.163475,-3.93154,30.14653,-5.24225,28.18042
28.38,-4.91455,28.508125,-4.58687,29.49118,-5.24223,27.52507
28.4,-2.620765,29.491165000000002,-3.27614,29.49117,-1.96539,29.49116
28.42,-2.293055,30.80191,-1.96538,31.45728,-2.62073,30.14654
28.44,-2.62072,31.45729,-1.96536,32.11266,-3.27608,30.80192
28.46,-2.29304,32.44033,-1.96536,32.76802,-2.62072,32.11264
28.48,-1.63767,33.75107,-1.30999,34.07878,-1.96535,33.42336
28.5,-0.6546249999999998,34.078739999999996,0.0007400000000004,34.73412,-1.30999,33.42336
28.52,-0.3269449999999998,33.423365000000004,0.0007400000000004,34.07874,-0.65463,32.76799
28.54,-0.6546199999999998,32.440325,0.0007400000000004,33.42338,-1.30998,31.45727
28.56,-0.3269399999999983,31.457279999999997,0.0007500000000035,32.11266,-0.65463,30.8019
28.58,0.3284100000000072,31.129585,0.0007300000000043,32.11264,0.65609000000001,30.14653
28.6,4.588285,31.45724,4.58828,32.11262,4.58829,30.80186
28.62,5.243645,30.801875,5.89901,31.45725,4.58828,30.1465
28.64,5.243645,30.4742,5.24365,31.45725,5.24364,29.49115
28.66,6.22668,29.818835,6.55436,30.80189,5.899,28.83578
28.68,6.88205,29.491165000000002,7.20973,30.14654,6.55437,28.83579
28.7,6.55438,29.49117,7.20974,30.14654,5.89902,28.8358
28.72,7.209745,29.49118,7.86511,30.14655,6.55438,28.83581
28.74,6.88206,29.49118,7.20974,30.14655,6.55438,28.83581
28.76,6.226694999999999,29.49118,6.55438,30.14656,5.89901,28.8358
28.78,5.899005,28.508125,6.55437,29.49118,5.24364,27.52507
28.8,5.243645,28.180445,5.899,28.83582,4.58829,27.52507
28.82,4.91597,28.180445,5.24366,28.83582,4.58828,27.52507
28.84,5.571325,27.525080000000003,5.89901,28.18045,5.24364,26.86971
28.86,6.226675,27.525075,6.55436,28.18045,5.89899,26.8697
28.88,6.226675,27.197395,6.55436,28.18045,5.89899,26.21434
28.9,6.554355,26.869715,6.55436,27.52509,6.55435,26.21434
28.92,6.22667,26.869709999999998,6.55435,27.52508,5.89899,26.21434
28.94,6.22668,26.542035,6.55436,27.52509,5.899,25.55898
28.96,6.226675,26.542025,6.55436,27.52508,5.89899,25.55897
28.98,6.22668,26.542029999999997,6.55436,27.52508,5.899,25.55898
29.0,6.88204,26.542035,7.20972,27.52509,6.55436,25.55898
29.02,5.57131,26.54204,6.55436,26.86973,4.58826,26.21435
29.04,7.5374,27.19743,7.20972,27.52512,7.86508,26.86974
29.06,8.192775000000001,28.50846,8.52046,28.83585,7.86509,28.18107
29.08,8.84814,30.474245,8.52046,30.80194,9.17582,30.14655
29.1,9.503505,31.457285,9.83119,32.11266,9.17582,30.80191
29.12,7.8651,32.440325,9.17582,32.76802,6.55438,32.11263
29.14,5.89903,33.095690000000005,6.55439,33.42338,5.24367,32.768
29.16,4.58832,34.078735,5.24368,34.73411,3.93296,33.42336
29.18,4.260645,33.75105,4.58833,34.73411,3.93296,32.76799
29.2,3.9329600000000005,34.078725,4.58832,34.7341,3.2776,33.42335
29.22,3.6052850000000003,34.406405,3.93297,35.38946,3.2776,33.42335
29.24,4.26064,34.078715,4.58832,34.73409,3.93296,33.42334
29.26,6.88209,35.061745,5.24368,35.38945,8.5205,34.73404
29.28,10.4866,35.717085,11.14197,36.70014,9.83123,34.73403
29.3,10.158919999999998,36.372460000000004,10.4866,36.70015,9.83124,36.04477
29.32,10.486605,37.027825,10.48661,38.01088,10.4866,36.04477
29.34,11.141960000000001,36.372455,11.14197,37.35551,11.14195,35.3894
29.36,12.780349999999999,35.38942,12.45267,36.04479,13.10803,34.73405
29.38,15.72947,34.406369999999995,15.72947,35.38943,15.72947,33.42331
29.4,18.350904999999997,33.75101,18.35091,34.73407,18.3509,32.76795
29.42,19.9893,32.44028,20.31698,33.42334,19.66162,31.45722
29.44,19.66162,32.112595,20.31698,32.76797,19.00626,31.45722
29.46,19.33394,31.784925,19.66162,32.11262,19.00626,31.45723
29.48,19.33395,32.112605,19.66163,32.76798,19.00627,31.45723
29.5,19.98931,32.11259,19.66163,32.76797,20.31699,31.45721
29.52,26.21528,33.4233,26.21527,34.07867,26.21529,32.76793
29.54,26.21532,33.42331,26.87068,34.07868,25.55996,32.76794
29.56,25.55997,34.078685,26.21533,34.73406,24.90461,33.42331
29.58,24.904609999999998,34.078685,25.55997,34.73406,24.24925,33.42331
29.6,25.23229,34.078680000000006,25.55997,34.73405,24.90461,33.42331
29.62,24.904609999999998,34.078680000000006,25.55997,34.73405,24.24925,33.42331
29.64,24.249245000000002,34.078675000000004,24.90461,34.73405,23.59388,33.4233
29.66,23.921565,34.078665,24.24925,34.73404,23.59388,33.42329
29.68,24.576915,34.078665,24.9046,34.73404,24.24923,33.42329
29.7,24.576909999999998,33.75098,24.90459,34.73403,24.24923,32.76793
29.72,24.576909999999998,34.078655,24.90459,34.73403,24.24923,33.42328
29.74,23.92155,33.750975,24.24923,34.73403,23.59387,32.76792
29.76,24.576905,32.767920000000004,24.90459,33.4233,24.24922,32.11254
29.78,25.23225,32.76791,25.55993,33.42328,24.90457,32.11254
29.8,24.90456,32.440225,25.55992,33.42328,24.2492,31.45717
29.82,24.90456,32.11255,25.55992,32.76792,24.2492,31.45718
29.84,24.90456,31.784865000000003,24.90456,32.11256,24.90456,31.45717
29.86,24.576875,32.112555,24.90455,32.76793,24.2492,31.45718
29.88,24.576885,32.112570000000005,24.90456,32.76794,24.24921,31.4572
29.9,24.249209999999998,31.784895,24.90457,32.76795,23.59385,30.80184
29.92,24.576895,31.129525,24.90458,32.11258,24.24921,30.14647
29.94,24.249209999999998,31.12952,24.90457,32.11257,23.59385,30.14647
29.96,23.92153,30.474155,24.24921,31.45721,23.59385,29.4911
29.98,23.921525000000003,30.146475000000002,24.24921,30.80185,23.59384,29.4911
30.0,23.92153,30.14648,24.24921,30.80185,23.59385,29.49111
30.02,23.921525000000003,30.146475000000002,24.24921,30.80185,23.59384,29.4911
30.04,25.887625,30.474155000000003,24.24921,30.80186,27.52604,30.14645
30.06,33.752025,31.457175,33.42434,32.11255,34.07971,30.8018
30.08,33.424369999999996,31.45719,34.07973,32.11256,32.76901,30.80182
30.1,32.44135,31.457205000000002,32.76903,32.11258,32.11367,30.80183
30.12,32.11367,31.457214999999998,32.76903,32.11259,31.45831,30.80184
30.14,31.458309999999997,31.129534999999997,32.11367,32.11259,30.80295,30.14648
30.16,31.13064,30.801855,31.45832,31.45723,30.80296,30.14648
30.18,31.13064,30.474175,31.45832,31.45723,30.80296,29.49112
30.2,30.802965,30.474175,31.45833,31.45723,30.1476,29.49112
30.22,31.13064,30.801845,31.45832,31.45722,30.80296,30.14647
30.24,28.50918,30.474175000000002,30.80296,30.80186,26.2154,30.14649
30.26,27.198445,31.784914999999998,27.52612,32.1126,26.87077,31.45723
30.28,26.543100000000003,32.112610000000004,26.87078,32.76798,26.21542,31.45724
30.3,25.88775,32.767979999999994,26.21543,33.42335,25.56007,32.11261
30.32,25.232390000000002,33.75103,25.56007,34.07872,24.90471,33.42334
30.34,24.577025,34.07871,24.90471,34.73408,24.24934,33.42334
30.36,24.249335,34.734075,24.9047,35.38945,23.59397,34.0787
30.38,23.92165,34.73408,24.24933,35.38945,23.59397,34.07871
30.4,23.266275,34.734085,23.59396,35.38946,22.93859,34.07871
30.42,24.249319999999997,34.73408,23.59396,35.38946,24.90468,34.0787
30.44,24.90468,35.717119999999994,25.56005,36.04481,24.24931,35.38943
30.46,24.576990000000002,36.044815,24.90467,36.70019,24.24931,35.38944
30.48,24.576995,35.717135,24.90467,36.70019,24.24932,34.73408
30.5,24.24933,36.044815,24.90469,36.70019,23.59397,35.38944
30.52,24.577025,35.389455,24.9047,36.04483,24.24935,34.73408
30.54,24.577035000000002,35.38945,24.90472,36.04482,24.24935,34.73408
30.56,24.57704,35.061769999999996,24.90472,36.04482,24.24936,34.07872
30.58,24.57705,34.734085,24.90473,35.38946,24.24937,34.07871
30.6,24.57705,34.406405,24.90473,35.38946,24.24937,33.42335
30.62,24.577055,34.406395,24.90474,35.38945,24.24937,33.42334
30.64,24.577055,34.406395,24.90474,35.38945,24.24937,33.42334
30.66,24.577055,34.078715,24.90474,34.73409,24.24937,33.42334
30.68,25.232419999999998,33.423345,25.5601,34.07872,24.90474,32.76797
30.7,25.232419999999998,34.078715,25.5601,34.73409,24.90474,33.42334
30.72,24.904745,33.751035,25.5601,34.73409,24.24939,32.76798
30.74,25.23243,34.406395,25.56011,34.73409,24.90475,34.0787
30.76,24.904760000000003,34.078715,25.56012,34.73409,24.2494,33.42334
30.78,24.577075,33.751035,24.90476,34.73409,24.24939,32.76798
30.8,24.577075,33.42336,24.90476,34.07873,24.24939,32.76799
30.82,24.577080000000002,33.42336,24.90476,34.07873,24.2494,32.76799
30.84,24.577075,33.751035,24.90476,34.73409,24.24939,32.76798
30.86,24.577080000000002,33.42336,24.90476,34.07873,24.2494,32.76799
30.88,23.921725000000002,33.095685,24.24941,34.07874,23.59404,32.11263
30.9,23.59404,32.768005,24.2494,33.42338,22.93868,32.11263
30.92,23.921725000000002,33.09568,24.24941,34.07873,23.59404,32.11263
30.94,23.594050000000003,32.768005,24.24941,33.42338,22.93869,32.11263
30.96,23.266370000000002,32.768005,23.59405,33.42338,22.93869,32.11263
30.98,23.266370000000002,32.768010000000004,23.59405,33.42338,22.93869,32.11264
31.0,23.266375,32.11265,23.59406,32.76802,22.93869,31.45728
31.02,22.938695,32.112655000000004,23.59406,32.76803,22.28333,31.45728
31.04,22.611015000000002,32.112655000000004,22.9387,32.76803,22.28333,31.45728
31.06,22.28333,32.112655000000004,22.93869,32.76803,21.62797,31.45728
31.08,22.28333,31.784975000000003,22.93869,32.76803,21.62797,30.80192
31.1,21.955655,31.457295000000002,22.28334,32.11267,21.62797,30.80192
31.12,22.611005,31.129604999999998,22.93869,32.11266,22.28332,30.14655
31.14,22.611005,30.14656,22.93869,30.80193,22.28332,29.49119
31.16,23.266354999999997,29.49118,23.59404,30.80192,22.93867,28.18044
31.18,23.266345,28.508125,23.59403,29.49118,22.93866,27.52507
31.2,23.266334999999998,28.180439999999997,23.59402,28.83581,22.93865,27.52507
31.22,23.266334999999998,27.525075,23.59402,28.18045,22.93865,26.8697
31.24,23.267605,27.525075,23.59656,28.18045,22.93865,26.8697
31.26,23.594009999999997,27.197395,24.24937,28.18045,22.93865,26.21434
31.28,23.921685,27.197395,24.24937,28.18045,23.594,26.21434
31.3,24.249364999999997,26.21435,24.24937,27.52509,24.24936,24.90361
31.32,24.57704,25.231295,24.90472,26.21435,24.24936,24.24824
31.34,24.57704,25.55898,24.90472,26.21435,24.24936,24.90361
31.36,24.249364999999997,25.55898,24.24936,26.21436,24.24937,24.9036
31.38,37.028980000000004,26.869645,34.7352,28.1804,39.32276,25.55889
31.4,38.339725,25.886589999999998,39.32277,26.21427,37.35668,25.55891
31.42,36.373655,26.86966,36.70134,27.52503,36.04597,26.21429
31.44,38.33974,27.19735,38.01206,28.1804,38.66742,26.2143
31.46,39.97814,26.86967,39.97814,27.52504,39.97814,26.2143
31.48,40.961175,26.214315,41.28886,26.86969,40.63349,25.55894
31.5,40.305809999999994,25.55896,41.28885,26.21433,39.32277,24.90359
31.52,38.6674,26.21432,39.32276,26.86969,38.01204,25.55895
31.54,38.339715,26.869680000000002,38.6674,27.52505,38.01203,26.21431
31.56,37.68436,26.869680000000002,38.01204,27.52505,37.35668,26.21431
31.58,37.35669,27.19737,38.01205,28.18042,36.70133,26.21432
31.6,37.68438,26.8697,38.01206,27.52507,37.3567,26.21433
31.62,37.35671,26.8697,38.01207,27.52507,36.70135,26.21433
31.64,37.356715,26.869715,37.35671,27.52509,37.35672,26.21434
31.66,37.684415,27.525085,38.66746,28.18045,36.70137,26.86972
31.68,36.04602,28.180464999999998,36.70138,28.83583,35.39066,27.5251
31.7,35.39067,28.180485,35.39067,28.83586,35.39067,27.52511
31.72,36.37372,28.18049,36.7014,28.83586,36.04604,27.52512
31.74,36.37373,28.835855,36.70141,29.49122,36.04605,28.18049
31.76,37.0291,28.83586,37.35678,29.49123,36.70142,28.18049
31.78,36.701415,29.16355,37.35678,29.49124,36.04605,28.83586
31.8,36.70143,29.163555,37.35679,30.14661,36.04607,28.1805
31.82,36.37375,29.491245,36.70143,30.14662,36.04607,28.83587
31.84,35.39071,28.835885,36.04607,29.49126,34.73535,28.18051
31.86,35.06304,28.83589,35.39072,29.49126,34.73536,28.18052
31.88,35.06304,28.835895,35.39072,29.49127,34.73536,28.18052
31.9,35.063045,28.835895,35.39073,29.49127,34.73536,28.18052
31.92,35.063050000000004,29.163585,35.39073,30.14664,34.73537,28.18053
31.94,35.063050000000004,29.16359,35.39073,30.14664,34.73537,28.18054
31.96,35.063055000000006,29.49127,35.39074,30.14664,34.73537,28.8359
31.98,34.4077,29.491275,34.73538,30.14665,34.08002,28.8359
32.0,34.080015,28.835915,34.73538,29.49129,33.42465,28.18054
32.02,34.407695000000004,28.835915,34.73538,29.49129,34.08001,28.18054
32.04,33.75233,28.835915,34.08001,29.49129,33.42465,28.18054
32.06,34.080015,28.835915,34.73538,29.49129,33.42465,28.18054
32.08,34.080015,28.508235,34.73538,29.49129,33.42465,27.52518
32.1,33.752340000000004,27.852870000000003,34.08002,28.83592,33.42466,26.86982
32.12,34.080020000000005,27.525195,34.73538,28.18057,33.42466,26.86982
32.14,34.080020000000005,27.197515,34.73538,28.18057,33.42466,26.21446
32.16,33.752340000000004,26.869835000000002,34.08002,27.52521,33.42466,26.21446
32.18,33.752340000000004,26.86984,34.08002,27.52521,33.42466,26.21447
32.2,33.752335,26.214485,34.08002,26.86986,33.42465,25.55911
32.22,33.752335,25.559115,34.08002,26.21449,33.42465,24.90374
32.24,33.752340000000004,25.55912,34.08002,26.21449,33.42466,24.90375
32.26,33.752335,24.903755,34.08002,25.55913,33.42465,24.24838
32.28,33.752335,24.903755,34.08002,25.55913,33.42465,24.24838
32.3,32.441595,25.23144,33.42465,25.55913,31.45854,24.90375
32.32,32.11392,26.214495,32.76928,26.86986,31.45856,25.55913
32.34,32.11392,26.542180000000002,32.76928,27.52523,31.45856,25.55913
32.36,32.113915,25.886825,32.11392,26.86988,32.11391,24.90377
32.38,32.441595,25.886825,32.76928,26.21452,32.11391,25.55913
32.4,32.4416,25.55914,32.76928,26.21451,32.11392,24.90377
32.42,32.769279999999995,25.55914,33.42464,26.21451,32.11392,24.90377
32.44,33.096954999999994,25.55914,33.42464,26.21451,32.76927,24.90377
32.46,32.4416,25.559145,32.76928,26.21452,32.11392,24.90377
32.48,32.769279999999995,25.55914,33.42464,26.21451,32.11392,24.90377
32.5,32.4416,24.903785,32.76928,25.55916,32.11392,24.24841
32.52,32.769279999999995,24.5761,33.42464,25.55915,32.11392,23.59305
32.54,32.769275,24.24841,32.76928,24.90379,32.76927,23.59303
32.56,32.76927,23.920725,33.42463,24.90378,32.11391,22.93767
32.58,34.079995,23.92072,34.73536,24.24841,33.42463,23.59303
32.6,33.75232,24.24841,34.08,24.90378,33.42464,23.59304
32.62,33.75233,24.248415,34.08001,24.90379,33.42465,23.59304
32.64,34.40769,24.248415,34.73537,24.90379,34.08001,23.59304
32.66,34.40769,24.248415,34.73537,24.90379,34.08001,23.59304
32.68,34.08001,23.92073,34.73537,24.90378,33.42465,22.93768
32.7,33.75233,23.593055,34.08001,24.24843,33.42465,22.93768
32.72,33.42465,23.593055,34.08001,24.24843,32.76929,22.93768
32.74,33.42465,22.937685000000002,34.08001,23.59306,32.76929,22.28231
32.76,33.424645,22.937685000000002,34.08001,23.59306,32.76928,22.28231
32.78,37.029155,23.92072,36.70146,24.24841,37.35685,23.59303
32.8,37.029174999999995,24.90377,37.35686,25.55914,36.70149,24.2484
32.82,36.701499999999996,24.903779999999998,37.35686,25.55915,36.04614,24.24841
32.84,36.37382,24.903779999999998,36.7015,25.55915,36.04614,24.24841
32.86,36.37382,24.903785,36.7015,25.55916,36.04614,24.24841
32.88,36.701505,24.903785,37.35687,25.55916,36.04614,24.24841
32.9,36.373825,24.903785,36.70151,25.55916,36.04614,24.24841
32.92,36.04614,24.248425,36.7015,24.9038,35.39078,23.59305
32.94,36.04615,24.903785,36.70151,25.55916,35.39079,24.24841
32.96,36.04615,24.903785,36.70151,25.55916,35.39079,24.24841
32.98,36.04615,24.903785,36.70151,25.55916,35.39079,24.24841
33.0,35.718469999999996,24.903785,36.04615,25.55916,35.39079,24.24841
33.02,36.046155,24.248425,36.70152,24.9038,35.39079,23.59305
33.04,35.71848,24.24843,36.04616,24.9038,35.3908,23.59306
33.06,35.390795,24.248425,36.04616,24.9038,34.73543,23.59305
33.08,37.02921,24.576105,36.04616,24.9038,38.01226,24.24841
33.1,38.012265,25.23147,38.66763,26.21452,37.3569,24.24842
33.12,38.01227,25.55916,38.66763,26.21453,37.35691,24.90379
33.14,38.33995,26.214525000000002,38.66763,26.8699,38.01227,25.55915
33.16,38.012275,26.214525000000002,38.66764,26.8699,37.35691,25.55915
33.18,37.684595,25.886845,38.01228,26.8699,37.35691,24.90379
33.2,37.68459,25.231475,38.01227,26.21453,37.35691,24.24842
33.22,37.68459,24.90379,38.01227,25.55916,37.35691,24.24842
33.24,37.68459,24.903795000000002,38.01227,25.55917,37.35691,24.24842
33.26,37.684585,24.576105,38.01227,25.55916,37.3569,23.59305
33.28,37.356899999999996,24.24843,38.01226,24.9038,36.70154,23.59306
33.3,37.02922,24.248425,37.3569,24.9038,36.70154,23.59305
33.32,37.029215,23.920745,37.3569,24.9038,36.70153,22.93769
33.34,37.02922,24.248425,37.3569,24.9038,36.70154,23.59305
33.36,37.356899999999996,23.920745,38.01226,24.9038,36.70154,22.93769
33.38,37.356899999999996,23.593065,38.01226,24.24844,36.70154,22.93769
33.4,36.70154,22.9377,37.3569,23.59307,36.04618,22.28233
33.42,36.37386,23.265385000000002,36.70154,24.24844,36.04618,22.28233
33.44,36.046175000000005,22.937705,36.70154,23.59308,35.39081,22.28233
33.46,38.01227,22.610005,36.70154,22.9377,39.323,22.28231
33.48,39.323004999999995,25.23147,39.97837,25.55916,38.66764,24.90378
33.5,38.995335,25.55917,39.32301,26.21454,38.66766,24.9038
33.52,38.99534,25.886850000000003,39.32302,26.8699,38.66766,24.9038
33.54,38.667665,25.559175,39.32303,26.21455,38.0123,24.9038
33.56,38.33998,25.559175,38.66766,26.21455,38.0123,24.9038
33.58,37.685895,25.559179999999998,38.0123,26.21455,37.35949,24.90381
33.6,37.35694,25.559185,38.0123,26.21456,36.70158,24.90381
33.62,36.3739,25.559185,36.70158,26.21456,36.04622,24.90381
33.64,36.70158,25.2315,37.35694,25.55919,36.04622,24.90381
33.66,36.3739,25.559185,36.70158,26.21456,36.04622,24.90381
33.68,36.70158,25.231499999999997,36.70158,26.21456,36.70158,24.24844
33.7,40.961445,24.903795000000002,40.63376,24.90381,41.28913,24.90378
33.72,40.63378,26.214535,41.28914,26.8699,39.97842,25.55917
33.74,40.633790000000005,26.869909999999997,41.28915,27.52528,39.97843,26.21454
33.76,40.306110000000004,26.54223,40.63379,27.52528,39.97843,25.55918
33.78,39.97843,26.214555,40.63379,26.86993,39.32307,25.55918
33.8,39.978435000000005,26.542234999999998,40.6338,27.52529,39.32307,25.55918
33.82,39.650745,26.869915,39.97843,27.52529,39.32306,26.21454
33.84,39.650745,26.869909999999997,40.63379,27.52528,38.6677,26.21454
33.86,39.65074,26.869905,39.97842,27.52528,39.32306,26.21453
33.88,39.978415,26.54222,39.97842,26.86991,39.97841,26.21453
33.9,40.633775,26.542215,40.63378,26.86991,40.63377,26.21452
33.92,40.961445,26.542215,41.28913,27.52527,40.63376,25.55916
33.94,40.961434999999994,26.21453,41.28912,26.8699,40.63375,25.55916
33.96,41.616794999999996,25.886845,41.94448,26.8699,41.28911,24.90379
33.98,41.28911,25.886845,41.94447,26.8699,40.63375,24.90379
34.0,41.290385,25.88684,41.94447,26.86989,40.6363,24.90379
34.02,41.289114999999995,26.21452,41.94448,26.86989,40.63375,25.55915
34.04,41.28912,25.886845,41.94448,26.8699,40.63376,24.90379
34.06,43.582905,27.19757,43.91058,26.8699,43.25523,27.52524
34.08,42.27219,27.525260000000003,42.59987,28.18063,41.94451,26.86989
34.1,41.944514999999996,27.525265,42.59988,28.18064,41.28915,26.86989
34.12,41.289159999999995,27.525265,41.94452,28.18064,40.6338,26.86989
34.14,40.6338,27.852945,41.28916,28.836,39.97844,26.86989
34.16,40.63381,27.525265,41.28917,28.18064,39.97845,26.86989
34.18,40.306135,27.52527,40.63382,28.18064,39.97845,26.8699
34.2,40.30614,27.197589999999998,40.63382,28.18064,39.97846,26.21454
34.22,40.306135,27.525265,40.63382,28.18064,39.97845,26.86989
34.24,40.30614,27.197585,40.63382,28.18064,39.97846,26.21453
34.26,40.306135,26.869905,40.63382,27.52528,39.97845,26.21453
34.28,40.30614,26.8699,40.63382,27.52527,39.97846,26.21453
34.3,39.65078,26.869905,39.97846,27.52528,39.3231,26.21453
34.32,40.30614,26.869905,40.63382,27.52528,39.97846,26.21453
34.34,39.65078,26.869905,39.97846,27.52528,39.3231,26.21453
34.36,39.97846,26.869905,40.63382,27.52528,39.3231,26.21453
34.38,39.650785,26.8699,39.97847,27.52527,39.3231,26.21453
34.4,39.65078,26.869905,39.97846,27.52528,39.3231,26.21453
34.42,39.323105,27.197580000000002,39.97847,27.52527,38.66774,26.86989
34.44,39.3231,26.869895,39.97846,27.52527,38.66774,26.21452
34.46,43.25529,26.214525000000002,40.63383,26.8699,45.87675,25.55915
34.48,45.876760000000004,27.19757,46.53212,27.52526,45.2214,26.86988
34.5,44.89374,29.163665,45.22142,29.49136,44.56606,28.83597
34.52,44.89374,29.491355,45.22142,30.14673,44.56606,28.83598
34.54,44.89374,29.491355,45.22142,30.14673,44.56606,28.83598
34.56,44.893744999999996,29.491355,45.22143,30.14673,44.56606,28.83598
34.58,45.54911,30.146715,45.87679,30.80209,45.22143,29.49134
34.6,45.54911,29.819035,45.87679,30.80209,45.22143,28.83598
34.62,45.549105,30.146715,45.87679,30.80209,45.22142,29.49134
34.64,45.549105,29.819025,45.87679,30.80208,45.22142,28.83597
34.66,44.893735,29.491345,45.22142,30.14672,44.56605,28.83597
34.68,45.549099999999996,29.491345,45.87678,30.14672,45.22142,28.83597
34.7,45.549105,29.491345,45.87679,30.14672,45.22142,28.83597
34.72,47.187515000000005,28.835974999999998,46.53215,29.49135,47.84288,28.1806
34.74,47.515204999999995,29.49134,47.84289,30.14671,47.18752,28.83597
34.76,47.187535,29.491349999999997,47.8429,30.14672,46.53217,28.83598
34.78,47.187529999999995,29.163665,47.84289,30.14672,46.53217,28.18061
34.8,46.859845,28.18061,47.18753,28.83599,46.53216,27.52523
34.82,46.53217,28.180605,47.18753,28.83598,45.87681,27.52523
34.84,46.53216,28.180605,46.53216,28.83598,46.53216,27.52523
34.86,46.204485000000005,27.525244999999998,46.53217,28.18062,45.8768,26.86987
34.88,46.204485000000005,27.197565,46.53217,28.18062,45.8768,26.21451
34.9,46.53217,26.542195,46.53217,27.52526,46.53217,25.55913
34.92,49.808994999999996,25.88682,50.46436,26.21451,49.15363,25.55913
34.94,49.48132,26.86987,49.809,27.52524,49.15364,26.2145
34.96,49.15365,27.52524,49.80901,28.18061,48.49829,26.86987
34.98,49.153655,27.52525,49.80902,28.18062,48.49829,26.86988
35.0,48.825975,27.52525,49.15366,28.18062,48.49829,26.86988
35.02,48.498295,28.180605,49.15366,28.83598,47.84293,27.52523
35.04,48.4983,28.50829,49.15366,28.83598,47.84294,28.1806
35.06,48.82598,29.491345,49.15366,30.14672,48.4983,28.83597
35.08,49.48135,29.491349999999997,49.80903,30.14672,49.15367,28.83598
35.1,49.80903,29.49136,50.46439,30.14673,49.15367,28.83599
35.12,50.13672,29.819045000000003,50.4644,30.14674,49.80904,29.49135
35.14,50.13672,30.14674,50.4644,30.80211,49.80904,29.49137
35.16,49.48136,30.474420000000002,49.80904,31.45747,49.15368,29.49137
35.18,49.481365,30.146745,49.80905,30.80212,49.15368,29.49137
35.2,49.481365,30.474425,49.80905,31.45748,49.15368,29.49137
35.22,49.481365,30.474435,49.80905,30.80213,49.15368,30.14674
35.24,49.481365,31.129795,49.80905,31.45749,49.15368,30.8021
35.26,49.48137,30.802115,49.80905,31.45749,49.15369,30.14674
35.28,49.48137,30.802120000000002,49.80905,31.45749,49.15369,30.14675
35.3,49.481375,30.474435,49.80906,31.45749,49.15369,29.49138
35.32,49.80905,29.819065000000002,50.46441,30.80212,49.15369,28.83601
35.34,49.481355,28.508325,49.80904,29.49138,49.15367,27.52527
35.36,50.792075,27.85295,49.80903,28.83601,51.77512,26.86989
35.38,53.413545,28.50832,53.74123,28.83601,53.08586,28.18063
35.4,53.41355,28.836005,53.74123,29.49138,53.08587,28.18063
35.42,54.06891,29.163685,54.39659,30.14674,53.74123,28.18063
35.44,54.06891,28.508325,54.39659,29.49138,53.74123,27.52527
35.46,54.068905,27.52527,54.39659,28.18065,53.74122,26.86989
35.48,53.741215,26.21453,54.39658,27.52527,53.08585,24.90379
35.5,53.41352,24.576105,53.7412,25.55916,53.08584,23.59305
35.52,53.41352,23.920740000000002,53.7412,24.9038,53.08584,22.93768
35.54,53.741195000000005,22.93769,54.39656,24.24843,53.08583,21.62695
35.56,53.4135,18.35013,53.74119,20.31624,53.08581,16.38402
35.58,53.741145,11.79646,53.74115,14.41792,53.74114,9.175
35.6,54.724175,6.22589,55.05186,7.8643,54.39649,4.58748
35.62,54.396485,3.276765,55.05185,4.5875,53.74112,1.96603
35.64,54.068805,1.3106849999999999,54.39649,1.96606,53.74112,0.65531
35.66,54.068799999999996,0.9830049999999991,54.39648,1.96606,53.74112,-5.000000000166e-05
35.68,54.06881,0.6553249999999992,54.39649,1.3107,53.74113,-5.000000000166e-05
35.7,53.74113,0.6553300000000007,54.39649,1.3107,53.08577,-3.9999999998486e-05
35.72,53.41345,0.6553399999999988,53.74113,1.31071,53.08577,-3.0000000002417e-05
35.74,53.08577,0.6553449999999988,53.74113,1.31072,52.43041,-3.0000000002417e-05
35.76,52.758095,0.983025,53.08578,1.31072,52.43041,0.65533
35.78,52.7581,1.9660700000000002,53.08578,2.62144,52.43042,1.3107
35.8,53.085785,2.621435,53.74115,3.27681,52.43042,1.96606
35.82,53.41346,2.9491199999999997,53.74114,3.27681,53.08578,2.62143
35.84,48.17053,3.6045049999999996,52.43042,3.93218,43.91064,3.27683
35.86,38.99536,5.24297,39.32304,5.24298,38.66768,5.24296
35.88,38.99539,7.86444,39.32307,7.86445,38.66771,7.86443
35.9,38.66772,9.502849999999999,39.32308,9.83054,38.01236,9.17516
35.92,38.995400000000004,10.485895,39.32308,11.14127,38.66772,9.83052
35.94,38.995405000000005,11.141259999999999,39.32309,11.79663,38.66772,10.48589
35.96,38.99541,12.124305,39.32309,12.452,38.66773,11.79661
35.98,38.995419999999996,12.45222,39.3231,13.10782,38.66774,11.79662
36.0,38.995419999999996,13.435035,39.3231,13.76273,38.66774,13.10734
36.02,38.995414999999994,13.76272,39.3231,14.41809,38.66773,13.10735
36.04,38.34006,14.418075,38.66774,15.07345,38.01238,13.7627
36.06,38.340055,14.418075,38.66774,15.07345,38.01237,13.7627
36.08,38.66773499999999,14.745745,39.3231,15.07344,38.01237,14.41805
36.1,39.323105,14.09038,38.66774,15.07344,39.97847,13.10732
36.12,42.92761,14.74574,43.91065,15.07343,41.94457,14.41805
36.14,41.94458,16.056465000000003,42.59994,16.38416,41.28922,15.72877
36.16,41.944585000000004,16.384145,42.59995,17.03952,41.28922,15.72877
36.18,42.27227,17.039505,42.59995,17.69488,41.94459,16.38413
36.2,41.944585000000004,17.367185,42.59995,18.35024,41.28922,16.38413
36.22,41.94458,17.367185,42.59994,17.69488,41.28922,17.03949
36.24,52.430435,17.69483,48.49823,18.35021,56.36264,17.03945
36.26,57.018029999999996,18.67787,57.67339,19.00556,56.36267,18.35018
36.28,56.034994999999995,19.660925,56.36268,20.3163,55.70731,19.00555
36.3,56.362675,19.660925,57.01803,20.3163,55.70732,19.00555
36.32,56.362674999999996,19.660919999999997,57.01804,20.31629,55.70731,19.00555
36.34,56.034994999999995,19.660915,56.36268,20.31629,55.70731,19.00554
36.36,56.03499,19.660915,56.36267,20.31629,55.70731,19.00554
36.38,56.03499,19.66091,56.36267,20.31628,55.70731,19.00554
36.4,55.70731,19.333225,55.70731,20.31628,55.70731,18.35017
36.42,55.70731,19.333225,56.36267,20.31628,55.05195,18.35017
36.44,55.051945,19.005535000000002,55.70731,19.66091,54.39658,18.35016
36.46,53.08584,19.33321,55.05195,19.6609,51.11973,19.00552
36.48,50.464365,19.988590000000002,50.46436,20.31628,50.46437,19.6609
36.5,50.1367,20.97164,50.46438,21.62701,49.80902,20.31627
36.52,50.1367,21.627005,50.46438,22.28238,49.80902,20.97163
36.54,50.136705,21.627005,50.46439,22.28238,49.80902,20.97163
36.56,50.136705,21.299325,50.46439,22.28238,49.80902,20.31627
36.58,50.13671,21.627005,50.46439,22.28238,49.80903,20.97163
36.6,50.13671,21.627005,50.46439,22.28238,49.80903,20.97163
36.62,50.136714999999995,21.627005,50.4644,22.28238,49.80903,20.97163
36.64,49.481355,21.62701,49.80904,22.28238,49.15367,20.97164
36.66,49.48136,21.954695,49.80904,22.93775,49.15368,20.97164
36.68,49.48136,21.627005,49.80904,22.28238,49.15368,20.97163
36.7,49.15368,21.627005,49.80904,22.28238,48.49832,20.97163
36.72,49.481365,21.627005,49.80905,22.28238,49.15368,20.97163
36.74,49.481365,22.28237,49.80905,22.93774,49.15368,21.627
36.76,49.48137,22.28237,49.80905,22.93775,49.15369,21.62699
36.78,49.481365,21.954685,49.80905,22.93774,49.15368,20.97163
36.8,49.48136,21.627005,49.80904,22.28238,49.15368,20.97163
36.82,33.097145,20.31631,41.94463,21.62703,24.24966,19.00559
36.84,0.984075,17.694945,5.89933,18.3503,-3.93118,17.03959
36.86,-2.6204,20.31645,-2.62042,20.31644,-2.62038,20.31646
36.88,-1.6373199999999999,22.61027,-1.30964,22.93795,-1.965,22.28259
36.9,-1.6373,24.248710000000003,-1.30962,24.90408,-1.96498,23.59334
36.92,-1.309615,25.23176,-0.65425,25.55945,-1.96498,24.90407
36.94,-0.98193,25.559445,-0.65425,26.21482,-1.30961,24.90407
36.96,-1.6372900000000001,26.214805,-1.30961,26.87018,-1.96497,25.55943
36.98,-1.30961,26.542485,-1.30961,27.52554,-1.30961,25.55943
37.0,-0.9819249999999999,26.214805,-0.65424,26.87018,-1.30961,25.55943
37.02,-0.98193,26.214805,-0.65425,26.87018,-1.30961,25.55943
37.04,-2.29266,25.887125,-0.65424,26.87018,-3.93108,24.90407
37.06,-18.34918,24.576435,-13.76161,25.55948,-22.93675,23.59339
37.08,-22.93674,25.231825,-22.93675,25.55951,-22.93673,24.90414
37.1,-21.953670000000002,25.88721,-21.62599,26.2149,-22.28135,25.55952
37.12,-21.95366,26.542569999999998,-21.62598,27.52562,-22.28134,25.55952
37.14,-21.95365,26.870260000000002,-21.62597,27.52563,-22.28133,26.21489
37.16,-21.95365,27.525624999999998,-21.62597,28.181,-22.28133,26.87025
37.18,-21.95365,27.525624999999998,-21.62597,28.181,-22.28133,26.87025
37.2,-21.625970000000002,27.853305,-20.97061,28.83636,-22.28133,26.87025
37.22,-21.29829,28.180985,-20.97061,28.83636,-21.62597,27.52561
37.24,-21.953645,28.18099,-21.62596,28.83636,-22.28133,27.52562
37.26,-21.29828,28.18099,-20.9706,28.83636,-21.62596,27.52562
37.28,-21.29828,28.180985,-20.9706,28.83636,-21.62596,27.52561
37.3,-21.29828,28.508670000000002,-20.9706,29.49172,-21.62596,27.52562
37.32,-21.298285,28.508665,-20.9706,29.49172,-21.62597,27.52561
37.34,-23.59206,28.180979999999998,-21.62596,28.83635,-25.55816,27.52561
37.36,-26.21353,28.83636,-26.21354,29.49173,-26.21352,28.18099
37.38,-25.230475,28.836365,-24.90279,29.49174,-25.55816,28.18099
37.4,-25.230475,28.836365,-24.90279,29.49174,-25.55816,28.18099
37.42,-25.230475,28.836365,-24.90279,29.49174,-25.55816,28.18099
37.44,-25.23048,28.836365,-24.9028,29.49174,-25.55816,28.18099
37.46,-25.230475,28.508675,-24.90279,29.49173,-25.55816,27.52562
37.48,-25.230475,28.508670000000002,-24.90279,29.49172,-25.55816,27.52562
37.5,-24.902805,28.180985,-24.9028,28.83636,-24.90281,27.52561
37.52,-24.9028,27.853299999999997,-24.24744,28.83635,-25.55816,26.87025
37.54,-24.575125,28.180975,-24.24744,28.83635,-24.90281,27.5256
37.56,-23.91976,27.525615000000002,-23.59208,28.18099,-24.24744,26.87024
37.58,-23.91976,27.525615000000002,-23.59208,28.18099,-24.24744,26.87024
37.6,-24.24743,27.85329,-24.24743,28.83634,-24.24743,26.87024
37.62,-23.91975,27.525605,-23.59207,28.18098,-24.24743,26.87023
37.64,-24.24743,27.197924999999998,-23.59207,27.52562,-24.90279,26.87023
37.66,-24.575105,27.525595,-24.24742,28.18097,-24.90279,26.87022
37.68,-25.88584,27.85329,-24.90279,28.18098,-26.86889,27.5256
37.7,-25.230475,28.83634,-24.9028,29.49171,-25.55815,28.18097
37.72,-25.230465000000002,28.836345,-24.90278,29.49172,-25.55815,28.18097
37.74,-38.66534,28.50866,-52.4279,29.49172,-24.90278,27.5256
37.76,-24.5751,28.180979999999998,-24.24742,28.83636,-24.90278,27.5256
37.78,-24.5751,28.180975,-24.24742,28.83635,-24.90278,27.5256
37.8,-24.575094999999997,28.180970000000002,-24.24741,28.83634,-24.90278,27.5256
37.82,-24.247415,27.52561,-23.59205,28.18098,-24.90278,26.87024
37.84,-24.57509,27.197925,-24.24741,28.18098,-24.90277,26.21487
37.86,-23.919735000000003,27.525595,-23.59205,28.18097,-24.24742,26.87022
37.88,-23.919735000000003,26.870235,-23.59205,27.52561,-24.24742,26.21486
37.9,-23.919735000000003,27.19791,-23.59205,28.18096,-24.24742,26.21486
37.92,-23.91973,26.87023,-23.59205,27.52561,-24.24741,26.21485
37.94,-23.59205,26.214865,-22.93669,26.87024,-24.24741,25.55949
37.96,-23.592055000000002,25.231805,-22.93669,26.21487,-24.24742,24.24874
37.98,-23.59206,25.231794999999998,-22.9367,25.55949,-24.24742,24.9041
38.0,-23.91974,25.55948,-23.59206,26.21485,-24.24742,24.90411
38.02,-23.59206,25.231805,-22.9367,26.21486,-24.24742,24.24875
38.04,-23.264364999999998,25.55949,-22.93668,26.21486,-23.59205,24.90412
38.06,-23.264364999999998,25.55949,-22.93668,26.21486,-23.59205,24.90412
38.08,-22.936685,25.559485000000002,-22.28132,26.21486,-23.59205,24.90411
38.1,-22.936685,25.55949,-22.28132,26.21486,-23.59205,24.90412
38.12,-23.26436,25.559495,-22.93668,26.21487,-23.59204,24.90412
38.14,-23.26436,25.559495,-22.93668,26.21487,-23.59204,24.90412
38.16,-23.264355000000002,25.559495,-22.93667,26.21487,-23.59204,24.90412
38.18,-23.26435,25.559495,-22.93667,26.21487,-23.59203,24.90412
38.2,-22.93667,25.5595,-22.93667,26.21487,-22.93667,24.90413
38.22,-22.60899,25.231815,-22.28131,26.21487,-22.93667,24.24876
38.24,-22.93667,25.23182,-22.28131,25.55951,-23.59203,24.90413
38.26,-22.60771,25.559505,-22.2813,26.21488,-22.93412,24.90413
38.28,-22.608980000000003,25.559505,-22.2813,26.21488,-22.93666,24.90413
38.3,-21.95362,25.5595,-21.62594,26.21488,-22.2813,24.90412
38.32,-18.6768,25.88717,-18.34912,26.21486,-19.00448,25.55948
38.34,-18.349110000000003,26.542525,-17.69375,27.52558,-19.00447,25.55947
38.36,-18.349110000000003,26.54253,-17.69375,27.52558,-19.00447,25.55948
38.38,-18.67679,26.87021,-18.34911,27.52558,-19.00447,26.21484
38.4,-18.67679,26.214845,-18.34911,26.87022,-19.00447,25.55947
38.42,-18.34911,26.214845,-18.34911,26.87022,-18.34911,25.55947
38.44,-18.021430000000002,26.214835,-17.69375,26.87021,-18.34911,25.55946
38.46,-18.021430000000002,26.54252,-17.69375,27.52557,-18.34911,25.55947
38.48,-17.69375,26.214835,-17.03839,26.87021,-18.34911,25.55946
38.5,-17.36607,26.214835,-17.03839,26.87021,-17.69375,25.55946
38.52,-17.038384999999998,26.214835,-16.38302,26.87021,-17.69375,25.55946
38.54,-16.05534,26.214835,-15.72766,26.87021,-16.38302,25.55946
38.56,-15.399975000000001,26.214835,-15.07229,26.87021,-15.72766,25.55946
38.58,-15.072295,26.21482,-15.07229,26.8702,-15.0723,25.55944
38.6,-9.829385,26.870155,-9.82939,27.52553,-9.82938,26.21478
38.62,-10.48474,26.87016,-9.82938,27.52553,-11.1401,26.21479
38.64,-11.1401,26.870165,-10.48474,27.52554,-11.79546,26.21479
38.66,-11.14009,26.54249,-10.48473,27.52554,-11.79545,25.55944
38.68,-11.467780000000001,26.542485,-11.1401,27.52554,-11.79546,25.55943
38.7,-11.140105,26.214805,-10.48474,26.87018,-11.79547,25.55943
38.72,-11.795475,26.870155,-11.14011,27.52553,-12.45084,26.21478
38.74,-11.79549,26.870155,-11.79549,27.52553,-11.79549,26.21478
38.76,-12.123180000000001,25.887105,-11.7955,26.87016,-12.45086,24.90405
38.78,-12.123185,25.887095,-11.7955,26.87015,-12.45087,24.90404
38.8,-12.123180000000001,25.559415,-11.7955,26.21479,-12.45086,24.90404
38.82,-12.450865,25.559415,-11.79551,26.21479,-13.10622,24.90404
38.84,-12.778545000000001,25.559415,-12.45086,26.21479,-13.10623,24.90404
38.86,-13.106225,25.55941,-12.45086,26.21478,-13.76159,24.90404
38.88,-13.433905,25.23173,-13.10622,26.21479,-13.76159,24.24867
38.9,-13.433905,24.904035,-13.10622,25.55941,-13.76159,24.24866
38.92,-13.433910000000001,24.904035,-13.10623,25.55941,-13.76159,24.24866
38.94,-13.433905,25.231715,-13.10622,25.55941,-13.76159,24.90402
38.96,-13.433900000000001,24.904035,-13.10622,25.55941,-13.76158,24.24866
38.98,-13.761575,24.904035,-13.10622,25.55941,-14.41693,24.24866
39.0,-13.76157,24.57636,-13.10621,25.55941,-14.41693,23.59331
39.02,-14.41692,24.904040000000002,-13.76156,25.55941,-15.07228,24.24867
39.04,-16.710700000000003,25.88709,-15.72765,26.21478,-17.69375,25.5594
39.06,-17.038355,26.21479,-16.383,26.87016,-17.69371,25.55942
39.08,-17.6937,26.87016,-17.03834,27.52553,-18.34906,26.21479
39.1,-17.366005,26.870165,-17.03833,27.52554,-17.69368,26.21479
39.12,-17.36599,26.870165,-17.03831,27.52554,-17.69367,26.21479
39.14,-17.36598,26.214805,-17.0383,26.87018,-17.69366,25.55943
39.16,-17.36598,25.559435,-17.0383,26.21481,-17.69366,24.90406
39.18,-17.36597,25.231755,-17.03829,26.21481,-17.69365,24.2487
39.2,-17.365975,24.576385000000002,-17.03829,25.55944,-17.69366,23.59333
39.22,-17.693665,24.248705,-17.0383,24.90408,-18.34903,23.59333
39.24,-18.021345,24.2487,-17.69366,24.90407,-18.34903,23.59333
39.26,-17.693669999999997,24.24869,-17.03831,24.90406,-18.34903,23.59332
39.28,-17.366,23.921005,-17.03831,24.90406,-17.69369,22.93795
39.3,-18.021365,23.593325,-17.69368,24.2487,-18.34905,22.93795
39.32,-18.021369999999997,23.593315,-17.69369,24.90405,-18.34905,22.28258
39.34,-16.38297,23.265615,-17.69369,24.24868,-15.07225,22.28255
39.36,-8.846264999999999,24.24863,-7.86322,24.904,-9.82931,23.59326
39.38,-10.15699,24.904004999999998,-9.82931,25.55938,-10.48467,24.24863
39.4,-10.484675,24.24864,-9.82931,24.90402,-11.14004,23.59326
39.42,-10.48468,24.248635,-9.82932,24.90401,-11.14004,23.59326
39.44,-10.812370000000001,24.248635,-10.48469,24.90401,-11.14005,23.59326
39.46,-10.812370000000001,24.248635,-10.48469,24.90401,-11.14005,23.59326
39.48,-10.812380000000001,24.248635,-10.4847,24.90401,-11.14006,23.59326
39.5,-10.4847,24.24863,-9.82934,24.904,-11.14006,23.59326
39.52,-10.812384999999999,24.903985,-10.4847,25.55936,-11.14007,24.24861
39.54,-10.812384999999999,24.903985,-10.4847,25.55936,-11.14007,24.24861
39.56,-8.51862,25.23166,-10.48471,25.55936,-6.55253,24.90396
39.58,-2.2926349999999998,27.19774,-1.96496,27.52543,-2.62031,26.87005
39.6,-2.292625,28.180805,-1.96494,28.83617,-2.62031,27.52544
39.62,-2.292625,28.508505,-1.96494,29.49156,-2.62031,27.52545
39.64,-2.29262,28.836190000000002,-1.96494,29.49156,-2.6203,28.18082
39.66,-2.94798,28.836195,-2.6203,29.49157,-3.27566,28.18082
39.68,-2.94798,28.508515000000003,-2.6203,28.83621,-3.27566,28.18082
39.7,-3.275665,28.836185,-2.6203,29.49156,-3.93103,28.18081
39.72,-3.275665,28.180825,-2.6203,28.8362,-3.93103,27.52545
39.74,-3.931025,28.180825,-3.27566,28.8362,-4.58639,27.52545
39.76,-3.931025,28.18083,-3.27566,28.8362,-4.58639,27.52546
39.78,-3.60334,28.180825,-3.27566,28.8362,-3.93102,27.52545
39.8,-3.603345,27.525465,-3.27566,28.18084,-3.93103,26.87009
39.82,-4.2587,27.525465,-3.93102,28.18084,-4.58638,26.87009
39.84,-4.2587,27.197775,-3.93102,28.18083,-4.58638,26.21472
39.86,-4.258705,27.19778,-3.93102,28.18083,-4.58639,26.21473
39.88,-4.258695,26.8701,-3.93101,27.52547,-4.58638,26.21473
39.9,-4.2586949999999995,26.870095,-3.93102,27.52547,-4.58637,26.21472
39.92,-4.91405,26.8701,-4.58637,27.52547,-5.24173,26.21473
39.94,-4.58637,26.54242,-3.93101,27.52547,-5.24173,25.55937
39.96,-4.58637,26.870095,-3.93101,27.52547,-5.24173,26.21472
