t_s,x,y,x_left,y_left,x_right,y_right
0.0,0.0,0.0,0.1840362896826209,0.8396931799077568,0.18444523344733113,0.8388732278061323
0.02,-0.655375,-0.32767499999999694,0.18181895074714996,0.8396932187339479,0.18222300090198834,0.8363156990183235
0.04,-0.9830650000000001,-0.32767499999999694,0.17960164564455364,0.8396932187339479,0.18222296699392806,0.8363156990183235
0.06,-0.65539,-1.310705,0.18181891691427537,0.8346042310453449,0.18222293308586782,0.833758209255307
0.08,-0.32771999999999923,-1.63839,0.18181888308140076,0.8346041922191537,0.18444509781509008,0.8312006804674982
0.1,-4.9999999998107e-05,-1.31071,0.18403612051824791,0.8346041922191537,0.1844450639070298,0.833758209255307
0.12,-0.65542,-1.310705,0.18181881541565156,0.8346042310453449,0.18222283136168702,0.833758209255307
0.14,-0.655435,-1.310695,0.18181874774990237,0.8346042698715359,0.18222279745362677,0.8337582482800993
0.16,-0.983125,-0.983005,0.17960144264730604,0.834604308697727,0.18222276354556652,0.8363158160927003
0.18,-0.655460000000005,-1.31068,0.18181868008415317,0.834604308697727,0.18222269572944594,0.8337583263296839
0.2,-0.983145000000005,-0.655315,0.17960137498155682,0.8371488607813151,0.18222269572944594,0.8363158551174927
0.22,-0.983145,-0.655315,0.18181864625127858,0.8371488607813151,0.18000049709216345,0.8363158551174927
0.24,-0.983145,-0.32762999999999914,0.18181864625127858,0.8371488607813151,0.18000049709216345,0.8388734229300938
0.26,-0.6554650000000051,5.000000000166e-05,0.18181864625127858,0.8396933740387122,0.18222269572944594,0.8388734229300938
0.28,-0.6554650000000051,-0.32762999999999914,0.18181864625127858,0.8396933740387122,0.18222269572944594,0.836315894142285
0.3,-0.65547,0.32773500000000083,0.18181864625127858,0.8422379261223002,0.18222266182138572,0.8388734229300938
0.32,-0.65547,-0.32763000000000114,0.18181864625127858,0.8396934128649032,0.18222266182138572,0.8363158551174927
0.34,-0.6554650000000051,-1.31068,0.18181864625127858,0.8371488607813151,0.18222269572944594,0.8312007585170827
0.36,-9.9999999999723e-05,-2.949095,0.18403591752100032,0.8295152433567418,0.18444492827478878,0.8260856619166729
0.38,-9.499999999818e-05,-2.9491,0.1840359513538749,0.8295152433567418,0.18444492827478878,0.8260856228918806
0.4,0.32759999999999995,-2.9491050000000003,0.1840359851867495,0.8295152045305507,0.18666719472819182,0.8260856228918806
0.42,0.655285,-3.60447,0.1862532902893458,0.8269706524469626,0.18666719472819182,0.8235280941040718
0.44,1.310645,-3.276795,0.18847056155906755,0.8269706524469626,0.18888939336547436,0.8260855838670883
0.46,1.966,-3.27679,0.1906878328287893,0.8269706524469626,0.19111155809469663,0.8260856228918806
0.48,1.6383,-2.9491050000000003,0.18847049389331838,0.8295152045305507,0.1911114902785761,0.8260856228918806
0.5,1.96596,-2.621435,0.19068769749729092,0.8295151657043596,0.19111142246245558,0.8286431126548971
0.52,1.96594,-2.62143,0.19068762983154172,0.8295151657043596,0.19111135464633505,0.8286431516796894
0.54,1.96593,-2.29375,0.1906875959986671,0.8320596789617567,0.1911113207382748,0.8286431516796894
0.56,1.9659149999999999,-1.966065,0.1906875283329179,0.8320597177879477,0.19111128683021453,0.8312006804674982
0.58,2.293585,-1.63838,0.1906874945000433,0.8346042310453449,0.19333345155943682,0.8312007194922905
0.6,2.62125,-1.638375,0.19290473193689042,0.8346042698715359,0.1933333837433163,0.8312007194922905
0.62,2.62124,-1.310695,0.19290469810401584,0.8346042698715359,0.19333334983525602,0.8337582482800993
0.64,2.62123,-1.31069,0.19290466427114122,0.8346042698715359,0.19333331592719574,0.8337582873048915
0.66,3.27658,-1.310695,0.19512190170798838,0.8346042698715359,0.19555548065641803,0.8337582482800993
0.68,3.27657,-1.310695,0.19512186787511376,0.8346042698715359,0.19555544674835776,0.8337582482800993
0.7,3.9319249999999997,-1.31069,0.19733910531196092,0.8346042698715359,0.1977776453856403,0.8337582873048915
0.72,3.604235,-1.638365,0.1951218002093646,0.834604308697727,0.19777761147758002,0.8312007585170827
0.74,3.60423,-1.638365,0.1951218002093646,0.834604308697727,0.19777757756951977,0.8312007585170827
0.76,3.931905,-1.638365,0.19733903764621172,0.834604308697727,0.19777757756951977,0.8312007585170827
0.78,4.26086,-1.3106849999999999,0.19733903764621172,0.834604308697727,0.20000842276216893,0.8337582873048915
0.8,3.931905,-1.31069,0.19733903764621172,0.8346042698715359,0.19777757756951977,0.8337582873048915
0.82,3.931895,-1.3106849999999999,0.19733900381333713,0.834604308697727,0.1977775436614595,0.8337582873048915
0.84,3.27654,-0.655315,0.19512176637648998,0.8371488219551241,0.19555534502417696,0.836315894142285
0.86,2.94885,-0.65531,0.1951217325436154,0.8371488607813151,0.1933331124788342,0.836315894142285
0.88,1.96581,-0.3276199999999976,0.19068719000417192,0.837148899607506,0.19111091384155166,0.8388734619548861
0.9,1.638125,0.65543,0.19068715617129733,0.8422379649484913,0.18888871520426914,0.8414310297674871
0.92,1.965805,1.310795,0.19068715617129733,0.8447825170320795,0.19111091384155166,0.8439885585552959
0.94,1.6381350000000001,1.9661499999999998,0.19068719000417192,0.8473270302894765,0.1888887491123294,0.8465460483183124
0.96,1.310455,1.966145,0.18846991873445018,0.8473269914632855,0.1888887491123294,0.8465460483183124
0.98,0.982775,2.949185,0.18846991873445018,0.8524160179780796,0.18666655047504685,0.8491035771061212
1.0,0.32741499999999785,3.27687,0.18625264746472844,0.8524160179780796,0.1844443518377643,0.8516611449187222
1.02,-0.655625,3.604545,0.18181810492528497,0.8549605312354767,0.1822221532004818,0.8516611058939298
1.04,-1.638665,3.9322350000000004,0.17960083365556326,0.8549605700616678,0.17777775592591674,0.854218673706531
1.06,-2.62171,3.6045550000000004,0.17516629111611978,0.8549605700616678,0.17555552338057395,0.8516611449187222
1.08,-3.6047450000000003,3.6045550000000004,0.17294901984639804,0.8549605700616678,0.17111116001406915,0.8516611449187222
1.1,-3.93243,3.6045550000000004,0.17073171474380172,0.8549605700616678,0.17111116001406915,0.8516611449187222
1.12,-4.260115,3.6045550000000004,0.17073171474380172,0.8549605700616678,0.16888892746872636,0.8516611449187222
1.14,-4.587795,3.6045550000000004,0.16851444347407998,0.8549605700616678,0.16888892746872636,0.8516611449187222
1.16,-4.587795,3.6045550000000004,0.16851444347407998,0.8549605700616678,0.16888892746872636,0.8516611449187222
1.18,-4.587795,3.60455,0.16851444347407998,0.8549605312354767,0.16888892746872636,0.8516611449187222
1.2,-3.93243,2.949185,0.16851444347407998,0.8524160179780796,0.1733333586513517,0.8491035771061212
1.22,6.225785,3.27684,0.19290476576976504,0.8524159403256975,0.2177779078340267,0.851660988819553
1.24,8.847259999999999,3.27684,0.21507774912997915,0.8524159014995064,0.2133334766514014,0.8516610278443453
1.26,7.864215,3.60452,0.2106431727576611,0.8549604147569034,0.21111127801411889,0.8516610278443453
1.28,7.864205,2.949155,0.2106431389247865,0.8524159014995064,0.2111112441060586,0.8491034600317442
1.3,7.536515,2.949155,0.20842583382219015,0.8524159014995064,0.21111121019799833,0.8491034600317442
1.32,7.536505,2.94915,0.20842579998931557,0.8524158626733154,0.21111117628993809,0.8491034600317442
1.34,7.536505,2.9491449999999997,0.20842579998931557,0.8524158626733154,0.21111117628993809,0.849103421006952
1.36,7.864179999999999,2.62146,0.2106430374261627,0.8524158238471242,0.21111117628993809,0.8465458922191432
1.38,7.864185,2.29378,0.21064307125903728,0.8498713105897273,0.21111117628993809,0.8465458922191432
1.4,8.519545,2.293775,0.21286034252875902,0.8498713105897273,0.21333337492722063,0.8465458531943509
1.42,8.519535,2.293775,0.2128603086958844,0.8498713105897273,0.21333334101916035,0.8465458531943509
1.44,8.519535,1.966095,0.2128603086958844,0.8473267973323302,0.21333334101916035,0.8465458531943509
1.46,8.519535,2.29377,0.2128603086958844,0.8498712717635362,0.21333334101916035,0.8465458531943509
1.48,8.519535,2.94913,0.2128603086958844,0.8524157850209333,0.21333334101916035,0.8491033819821597
1.5,4.587345,3.27682,0.2106430374261627,0.8524158238471242,0.18888895256069094,0.8516609497947607
1.52,-4.5878250000000005,5.242940000000001,0.17073164707805252,0.8600494800978887,0.1666665931992028,0.8593337312821485
1.54,-4.260149999999999,5.570625,0.1685143081425816,0.8625940710076679,0.1711110243818281,0.8593336922573562
1.56,-4.58783,4.915265,0.16851434197545617,0.8600495577502708,0.16888879183648534,0.8567761634695474
1.58,-4.58783,4.91526,0.16851434197545617,0.8600495189240798,0.16888879183648534,0.8567761634695474
1.6,-4.58783,4.91526,0.16851434197545617,0.8600495189240798,0.16888879183648534,0.8567761634695474
1.62,-4.58783,4.915265,0.16851434197545617,0.8600495577502708,0.16888879183648534,0.8567761634695474
1.64,-4.5878250000000005,4.587585,0.16851434197545617,0.8575050444928738,0.16888882574454558,0.8567761634695474
1.66,-4.915505,4.259905,0.16851434197545617,0.8575050444928738,0.16666662710726304,0.8542186346817386
1.68,-4.915505,3.604545,0.16851434197545617,0.8549605312354767,0.16666662710726304,0.8516611058939298
1.7,-4.5878250000000005,3.604545,0.16851434197545617,0.8549605312354767,0.16888882574454558,0.8516611058939298
1.72,-4.9155,2.94918,0.16629710453860905,0.8524159791518885,0.16888882574454558,0.8491035771061212
1.74,-4.915495,2.6215,0.16629710453860905,0.8498714658944915,0.16888885965260586,0.8491035771061212
1.76,-4.587815,2.94918,0.16851437580833079,0.8524159791518885,0.16888885965260586,0.8491035771061212
1.78,-4.587815,2.621505,0.16851437580833079,0.8498715047206825,0.16888885965260586,0.8491035771061212
1.8,-4.587815,2.6215100000000002,0.16851437580833079,0.8524160179780796,0.16888885965260586,0.8465460873431047
1.82,-4.915495,2.293835,0.16851437580833079,0.8498715435468737,0.16666666101532332,0.8465460873431047
1.84,-5.570855,1.63848,0.16629710453860905,0.8473270302894765,0.16444446237804078,0.8439885975800882
1.86,-5.898524999999999,7.999999999996898e-05,0.16407983326888734,0.8422380426008734,0.1644445301941613,0.8363159721918695
1.88,7.208855000000001,-1.63836,0.19290483343551423,0.8346043475239181,0.22444463937811535,0.8312007585170827
1.9,11.141065,-1.6383649999999998,0.2239469695403645,0.8346042698715359,0.2200002421035503,0.8312007975418751
1.92,9.830345,-1.638365,0.21729515573119929,0.834604308697727,0.21777804346626775,0.8312007585170827
1.94,9.502665,-2.2937250000000002,0.21507788446147755,0.8320597954403299,0.21777804346626775,0.8286432297292741
1.96,9.830345,-1.966045,0.21729515573119929,0.8320597954403299,0.21777804346626775,0.8312007585170827
1.98,9.830345,-1.96605,0.21729515573119929,0.8320597566141388,0.21777804346626775,0.8312007585170827
2.0,9.830345,-2.29373,0.21729515573119929,0.8320597566141388,0.21777804346626775,0.8286432297292741
2.02,10.48571,-2.293735,0.21951246083379564,0.8320597566141388,0.2200002421035503,0.8286431907044817
2.04,10.485710000000001,-2.293735,0.21951242700092102,0.8320597566141388,0.22000027601161054,0.8286431907044817
2.06,12.12412,-1.966065,0.22172973210351732,0.8320597177879477,0.22888910446880092,0.8312006804674982
2.08,15.72863,-1.966065,0.23725076632306788,0.8320597177879477,0.23777796683405156,0.8312006804674982
2.1,15.07325,-1.63839,0.23503342738759692,0.8346041922191537,0.23555570038064852,0.8312006804674982
2.12,15.073245,-1.3107250000000001,0.23503339355472236,0.8346041533929627,0.23555570038064852,0.8337581312057224
2.14,15.07324,-1.3107250000000001,0.23503339355472236,0.8346041533929627,0.23555566647258824,0.8337581312057224
2.16,15.073235,-0.983045,0.23503335972184775,0.8371486666503598,0.23555566647258824,0.8337581312057224
2.18,15.073235,-0.655365,0.23503335972184775,0.8371486666503598,0.23555566647258824,0.8363156599935312
2.2,14.745550000000001,-0.327685,0.23503335972184775,0.8396931799077568,0.23333343392724545,0.8363156599935312
2.22,14.745545,-0.327679999999995,0.23503332588897313,0.8396931799077568,0.23333343392724545,0.8363156990183235
2.24,15.07322,0.0,0.23503332588897313,0.8396931799077568,0.23555559865646772,0.8388732278061323
2.26,15.073215,-0.327679999999995,0.23503329205609852,0.8396931799077568,0.23555559865646772,0.8363156990183235
2.28,15.073205,4.99999999803435e-06,0.2350332582232239,0.8396932187339479,0.2355555647484075,0.8388732278061323
2.3,15.073205,0.32768,0.2350332582232239,0.842237693165154,0.2355555647484075,0.8388732278061323
2.32,15.0732,0.32768,0.2350332582232239,0.842237693165154,0.23555553084034722,0.8388732278061323
2.34,15.073195,0.327685,0.23503322439034935,0.842237731991345,0.23555553084034722,0.8388732278061323
2.36,15.073195,4.99999999803435e-06,0.23503322439034935,0.8396932187339479,0.23555553084034722,0.8388732278061323
2.38,15.07319,4.99999999803435e-06,0.23503319055747474,0.8396932187339479,0.23555553084034722,0.8388732278061323
2.4,14.417825,0.32768499999999806,0.232815919287753,0.8396932187339479,0.2333332982950044,0.8414307565939411
2.42,14.745505000000001,0.0,0.232815919287753,0.8396931799077568,0.23555549693228695,0.8388732278061323
2.44,14.417825,0.327685,0.232815919287753,0.842237731991345,0.2333332982950044,0.8388732278061323
2.46,14.745495,0.655365,0.2328158854548784,0.842237731991345,0.23555546302422672,0.8414307565939411
2.48,14.417815000000001,0.327685,0.2328158854548784,0.842237731991345,0.23333326438694418,0.8388732278061323
2.5,14.745495,0.327685,0.2328158854548784,0.842237731991345,0.23555546302422672,0.8388732278061323
2.52,14.745495,4.99999999803435e-06,0.23503315672460015,0.8396932187339479,0.23333326438694418,0.8388732278061323
2.54,15.073174999999999,0.3276900000000016,0.23503315672460015,0.842237731991345,0.23555546302422672,0.8388732668309246
2.56,14.417815000000001,0.3276900000000016,0.2328158854548784,0.842237731991345,0.23333326438694418,0.8388732668309246
2.58,19.005365,0.655365,0.23503315672460015,0.842237731991345,0.2622220501199786,0.8414307565939411
2.6,39.321704999999994,2.949115,0.3082037176171601,0.8498712329373451,0.32666642094625664,0.8516608327203838
2.62,40.960145,3.2768,0.3237248533353344,0.8524157461947423,0.32222205757975186,0.8516608717451761
2.64,40.632464999999996,3.60448,0.3215075820656127,0.8549602594521393,0.32222205757975186,0.8516608717451761
2.66,40.63247,3.276805,0.32150761589848725,0.8524157850209333,0.32222205757975186,0.8516608717451761
2.68,40.632475,3.60449,0.32150761589848725,0.8549602982783303,0.3222220914878121,0.8516609107699685
2.7,40.632475,3.6044850000000004,0.32150761589848725,0.8549602982783303,0.3222220914878121,0.8516608717451761
2.72,40.304805,3.60449,0.3192903784616401,0.8549602982783303,0.32222212539587236,0.8516609107699685
2.74,41.287845000000004,3.27681,0.3237249210010836,0.8524157850209333,0.3244443240331549,0.8516609107699685
2.76,40.96017,3.60449,0.3237249548339582,0.8549602982783303,0.32222212539587236,0.8516609107699685
2.78,41.287855,3.27681,0.3237249548339582,0.8524157850209333,0.3244443579412152,0.8516609107699685
2.8,41.287855,3.604495,0.3237249548339582,0.8549603371045214,0.3244443579412152,0.8516609107699685
2.82,50.790675,2.9491199999999997,0.34146329415610505,0.8524157850209333,0.3711110379450522,0.849103303932575
2.84,60.293515,3.27679,0.38802656597912966,0.8524157073685511,0.3888888643997343,0.8516608327203838
2.86,59.63816,3.604475,0.3858092947094079,0.8549602594521393,0.38666669967051204,0.8516608327203838
2.88,60.293525,3.276795,0.38802659981200427,0.8524157461947423,0.38888889830779455,0.8516608327203838
2.9,59.63817,3.276795,0.3858093285422825,0.8524157461947423,0.3866667335785723,0.8516608327203838
2.92,60.29353,2.94911,0.3880266336448788,0.8524157461947423,0.38888889830779455,0.8491032649077828
2.94,60.293525,2.6214250000000003,0.38802659981200427,0.8498711941111541,0.38888889830779455,0.8491032649077828
2.96,60.6212,2.293735,0.38802659981200427,0.8498711552849629,0.3911110630370168,0.8465456970951817
2.98,60.948875,2.2937250000000002,0.39024383724885137,0.8498711164587719,0.3911110630370168,0.8465456580703894
3.0,60.621195,2.2937250000000002,0.39024383724885137,0.8498711164587719,0.3888888643997343,0.8465456580703894
3.02,61.27656,1.966045,0.38802656597912966,0.8473266032013749,0.3955554942196422,0.8465456580703894
3.04,67.17488499999999,2.6214,0.40798227806962195,0.8498710776325809,0.4155555871277272,0.8491031868581982
3.06,68.157935,2.94908,0.4146341595445364,0.8524155908899779,0.4155555871277272,0.8491031868581982
3.08,68.157935,2.94908,0.4146341595445364,0.8524155908899779,0.4155555871277272,0.8491031868581982
3.1,68.157935,2.2937149999999997,0.4146341595445364,0.8498710776325809,0.4155555871277272,0.8465456190455971
3.12,67.50257,1.966035,0.41241688827481465,0.8473265643751837,0.4133333545823845,0.8465456190455971
3.14,67.502565,2.293705,0.41241685444194004,0.8498710388063898,0.4133333545823845,0.8465455800208047
3.16,67.502565,1.9660250000000001,0.41241685444194004,0.8473265255489927,0.4133333545823845,0.8465455800208047
3.18,67.502565,1.9660250000000001,0.41241685444194004,0.8473265255489927,0.4133333545823845,0.8465455800208047
3.2,67.17488,1.638345,0.41019958317221833,0.8473265255489927,0.4133333206743242,0.843988051232996
3.22,66.847195,1.31066,0.41241685444194004,0.8447819734654046,0.4088888894916989,0.843988051232996
3.24,61.604245000000006,1.9660250000000001,0.394678447454044,0.8473264867228016,0.3911110630370168,0.8465456190455971
3.26,60.621195,1.63835,0.38802656597912966,0.8473265255489927,0.3911110630370168,0.8439880902577883
3.28,60.948875,1.638345,0.39024383724885137,0.8473265255489927,0.3911110630370168,0.843988051232996
3.3,60.948875,1.310665,0.39024383724885137,0.8473265255489927,0.3911110630370168,0.8414305224451873
3.32,60.948875,0.982985,0.39024383724885137,0.8447820122915957,0.3911110630370168,0.8414305224451873
3.34,60.621195,0.98298,0.39024383724885137,0.8447819734654046,0.3888888643997343,0.8414305224451873
3.36,60.94887,0.982985,0.39024383724885137,0.8447820122915957,0.39111102912895657,0.8414305224451873
3.38,60.29351,0.655305,0.38802656597912966,0.8422374990341985,0.388888830491674,0.8414305224451873
3.4,65.86413,0.3276200000000031,0.39246110851857313,0.8422374990341985,0.4222222169476351,0.8388729546325862
3.42,81.592995,0.655265000000005,0.4567628549952429,0.8422373437294344,0.4644446353091481,0.8414303663460181
3.44,81.92068499999999,0.9829600000000001,0.4611974990333102,0.8447818958130225,0.4622224027638053,0.8414304443956027
3.46,81.920695,0.9829600000000001,0.4611975328661847,0.8447818958130225,0.46222243667186563,0.8414304443956027
3.48,82.24838,0.65528,0.4611975666990593,0.8422373825556254,0.4644446353091481,0.8414304443956027
3.5,82.57606,0.6552800000000001,0.46341480413590647,0.8422374213818165,0.46444466921720845,0.8414304053708104
3.52,82.576065,0.655285,0.4634148379687811,0.8422374213818165,0.46444466921720845,0.8414304443956027
3.54,82.576065,0.65528,0.4634148379687811,0.8422373825556254,0.46444466921720845,0.8414304443956027
3.56,82.248395,0.32760500000000153,0.4611976005319339,0.8422374213818165,0.46444470312526864,0.8388729156077939
3.58,82.57607,0.655285,0.4634148379687811,0.8422374213818165,0.46444470312526864,0.8414304443956027
3.6,82.57607,0.65529,0.4634148718016557,0.8422374213818165,0.46444466921720845,0.841430483420395
3.62,82.57608,0.655285,0.4634149056345303,0.8422374213818165,0.46444470312526864,0.8414304443956027
3.64,82.903755,0.3276100000000031,0.4634148718016557,0.8422374213818165,0.46666690176255127,0.8388729546325862
3.66,82.576075,0.65529,0.4634148718016557,0.8422374213818165,0.46444470312526864,0.841430483420395
3.68,82.248395,0.3276150000000031,0.4634148718016557,0.8422374602080076,0.4622225044879862,0.8388729546325862
3.7,82.2484,0.3276150000000031,0.4634149056345303,0.8422374602080076,0.4622225044879862,0.8388729546325862
3.72,89.45746,0.6552899999999999,0.4700667871094447,0.8422374602080076,0.5044448889414389,0.8414304443956027
3.74,106.49706499999999,2.29368,0.541020482726778,0.8473264090704196,0.5488895059402344,0.849103030759029
3.76,106.16939,2.9490550000000004,0.5432378554951236,0.8524155132375958,0.5444450408495489,0.8491030697838213
3.78,106.49706499999999,2.94905,0.543237821662249,0.8524154744114046,0.5466672394868314,0.8491030697838213
3.8,106.82473,3.276725,0.5454550590990961,0.8524154744114046,0.5466671716707109,0.8516605595468378
3.82,106.824725,2.949045,0.5454550252662216,0.8524154744114046,0.5466671716707109,0.849103030759029
3.84,106.82472,3.27672,0.5454550252662216,0.8524154355852137,0.5466671377626506,0.8516605595468378
3.86,107.480075,2.949045,0.5476722627030687,0.8524154744114046,0.5488893363999331,0.849103030759029
3.88,107.480075,2.949045,0.5476722627030687,0.8524154744114046,0.5488893363999331,0.849103030759029
3.9,107.480075,2.949045,0.5476722627030687,0.8524154744114046,0.5488893363999331,0.849103030759029
3.92,107.80775,2.29368,0.5476722288701941,0.8498709223278167,0.5511115350372158,0.8465455019712202
3.94,108.135425,1.63832,0.5498895001399158,0.8473264090704196,0.5511115011291554,0.8439879731834115
3.96,108.463105,1.31064,0.5498895001399158,0.8447819346392136,0.553333699766438,0.8439879341586192
3.98,108.790785,0.982955,0.5521067714096375,0.8447818958130225,0.553333699766438,0.8414304053708104
4.0,108.790785,0.65528,0.5521067714096375,0.8422373825556254,0.553333699766438,0.8414304443956027
4.02,109.446145,0.3275949999999999,0.5543240426793593,0.8422373825556254,0.5555558984037204,0.8388728765830016
4.04,110.101515,0.32758999999999994,0.5565413477819556,0.8422373437294344,0.5577781309490633,0.8388728765830016
4.06,105.18626,-0.9831400000000001,0.5565413477819556,0.8396928304720372,0.5244447784011624,0.8312002121699906
4.08,58.65516,-5.5706500000000005,0.4412417869428178,0.8218811600178757,0.3244446970218178,0.8132976667544983
4.1,0.3276549999999998,-6.225935,0.1973399849667005,0.814247969681404,0.17333400290449663,0.815855429691061
4.12,-0.9831049999999999,-5.24287,0.17960151031305524,0.8193371126747713,0.18222283136168702,0.8184130365284542
4.14,-0.655435,-5.242865,0.18181874774990237,0.8193371515009624,0.18222279745362677,0.8184130365284542
4.16,-0.32776000000000205,-5.24286,0.18181874774990237,0.8193371515009624,0.18444496218284903,0.8184130755532466
4.18,-8.500000000211149e-05,-4.915175,0.1840359851867495,0.8218817035845505,0.18444496218284903,0.8184130755532466
4.2,0.655265000000005,-4.915175,0.18625322262359667,0.8218817035845505,0.1866671269120713,0.8184130755532466
4.22,0.982945,-5.570535,0.18847049389331838,0.8193371903271535,0.1866671269120713,0.8158555467654378
4.24,1.638305,-5.2428550000000005,0.18847049389331838,0.8193371903271535,0.19111152418663635,0.8184130755532466
4.26,1.9659900000000001,-5.570535,0.19068776516304012,0.8193371903271535,0.19111155809469663,0.8158555467654378
4.28,-1.9662399999999978,-5.242845,0.1840358836881257,0.8193371903271535,0.17111136346243072,0.8184131536028312
4.3,-6.226179999999999,-4.58746,0.1618626634977894,0.8218818200631237,0.16444459801028183,0.8209707604402245
4.32,-5.57081,-4.587465,0.16629723987010744,0.8218818200631237,0.16444463191834208,0.8209707214154323
4.34,-5.243119999999999,-4.915145,0.16629727370298206,0.8218818200631237,0.16666686446368487,0.8184131926276235
4.36,-5.2431149999999995,-5.242825,0.16629730753585667,0.8193373068057267,0.16666686446368487,0.8184131926276235
4.38,-4.915430000000001,-5.57051,0.16629730753585667,0.8193372679795355,0.16888909700902768,0.8158556638398147
4.4,-4.587745,-5.57051,0.168514612638453,0.8193372679795355,0.16888909700902768,0.8158556638398147
4.42,-4.58774,-5.898194999999999,0.168514612638453,0.8167927547221385,0.16888913091708793,0.8158556248150224
4.44,-4.5877300000000005,-5.570515,0.16851464647132758,0.8193372679795355,0.1688891648251482,0.8158556248150224
4.46,-4.58772,-6.225875,0.1685147141370768,0.8167927547221385,0.1688891648251482,0.8132980960272136
4.48,-3.9323550000000003,-5.898194999999999,0.17073198540679851,0.8167927547221385,0.17111139737049097,0.8158556248150224
4.5,-3.9323449999999998,-6.225875,0.17073201923967313,0.8167927547221385,0.17111143127855125,0.8132980960272136
4.52,-3.932335,-6.22588,0.1707320530725477,0.8167927158959475,0.1711114651866115,0.8132980960272136
4.54,-3.9323249999999996,-6.553555,0.17073208690542233,0.8142482414647414,0.17111149909467177,0.8132980960272136
4.56,-3.604635,-6.553555,0.17294939200801865,0.8142482414647414,0.17111153300273202,0.8132980960272136
4.58,-3.604635,-7.20892,0.17294939200801865,0.8117036893811533,0.17111153300273202,0.8107405672394048
4.6,-3.604635,-7.208925,0.17294939200801865,0.8117036893811533,0.17111153300273202,0.8107405282146125
4.62,-3.6046449999999997,-7.2089300000000005,0.17073208690542233,0.8117036893811533,0.17333369773195428,0.8107404891898202
4.64,-3.27697,-7.20894,0.17294935817514406,0.8117036505549622,0.17333366382389404,0.810740450165028
4.66,-3.27697,-7.536625,0.17294932434226945,0.8117036117287711,0.17333369773195428,0.8081829213772193
4.68,-3.6046449999999997,-7.536625,0.17073208690542233,0.8117036117287711,0.17333369773195428,0.8081829213772193
4.7,-3.2769649999999997,-7.536625,0.17294935817514406,0.8117036117287711,0.17333369773195428,0.8081829213772193
4.72,-3.2769649999999997,-7.536625,0.17294935817514406,0.8117036117287711,0.17333369773195428,0.8081829213772193
4.74,-3.93233,-7.536635,0.17073208690542233,0.8117035729025802,0.1711114651866115,0.808182882352427
4.76,-3.27697,-7.536635,0.17294935817514406,0.8117035729025802,0.17333366382389404,0.808182882352427
4.78,-3.604655,-7.536635,0.17294932434226945,0.8117035729025802,0.1711114651866115,0.808182882352427
4.8,-3.27698,-8.192,0.17294932434226945,0.809159020818992,0.17333362991583376,0.8056253535646182
4.82,0.9829600000000001,-8.192015,0.175166697110615,0.809159020818992,0.20000059000024858,0.8056252364902412
4.84,12.779585,-7.86436,0.22838191807430314,0.8091588655142278,0.226667244912121,0.8081827262532577
4.86,12.124220000000001,-7.864355,0.22394737553485966,0.8091589043404188,0.22666721100406073,0.8081827262532577
4.88,12.451895,-8.192045,0.22616461297170679,0.8091588655142278,0.22666721100406073,0.8056251584406566
4.9,12.451895,-8.519725,0.22616461297170679,0.8066143522568306,0.22666721100406073,0.8056251584406566
4.92,12.451895,-8.51973,0.22616461297170679,0.8066143522568306,0.22666721100406073,0.8056251194158642
4.94,12.451895,-8.519735,0.22616461297170679,0.8066143134306396,0.22666721100406073,0.8056251194158642
4.96,12.451895,-8.519735,0.22616461297170679,0.8066143134306396,0.22666721100406073,0.8056251194158642
4.98,11.796535,-8.192055,0.22394734170198505,0.8091588266880366,0.2244450123667782,0.8056251194158642
5.0,11.796535,-8.19205,0.22394734170198505,0.8091588266880366,0.2244450123667782,0.8056251584406566
5.02,11.79654,-8.519735,0.22394737553485966,0.8066143134306396,0.2244450123667782,0.8056251194158642
5.04,11.46886,-8.51974,0.22394737553485966,0.8066142746044486,0.2222228137294957,0.8056251194158642
5.06,14.745685,-8.84743,0.22394737553485966,0.8066142746044486,0.24444496964262227,0.803067512578471
5.08,38.6665,-9.502825000000001,0.3015524113011139,0.8040696060422873,0.3288891621125034,0.8005098667162853
5.1,42.271025,-8.51978,0.32815993720077147,0.8066141192996843,0.32666699738328114,0.8056249633166952
5.12,42.598695,-9.175135000000001,0.32815990336789685,0.8040696448684783,0.3288891621125034,0.8030674345288864
5.14,42.271015000000006,-9.502815,0.32594263209817514,0.8040696448684783,0.3288891621125034,0.8005099057410776
5.16,42.271015000000006,-9.8305,0.32594263209817514,0.8015250927848901,0.3288891621125034,0.8005099057410776
5.18,42.598699999999994,-9.502815,0.32815990336789685,0.8040696448684783,0.32888919602056366,0.8005099057410776
5.2,42.598695,-9.830494999999999,0.32815990336789685,0.8015251316110813,0.3288891621125034,0.8005099057410776
5.22,42.598704999999995,-10.158175,0.32815993720077147,0.8015251316110813,0.32888919602056366,0.7979523769532688
5.24,42.598704999999995,-10.158175,0.32815993720077147,0.8015251316110813,0.32888919602056366,0.7979523769532688
5.26,42.598704999999995,-10.158175,0.32815993720077147,0.8015251316110813,0.32888919602056366,0.7979523769532688
5.28,42.598704999999995,-10.485855,0.32815993720077147,0.7989806183536842,0.32888919602056366,0.7979523769532688
5.3,41.943345,-10.813535,0.3259426659310497,0.7989806183536842,0.32666699738328114,0.79539484816546
5.32,50.135414999999995,-10.48586,0.3370290899454076,0.7989805795274931,0.37111137702565483,0.7979523769532688
5.34,65.536555,-9.50283,0.3991133959879827,0.8040695672160961,0.41333365975492686,0.8005098667162853
5.36,66.519615,-8.847465,0.41019988766808974,0.8066141192996843,0.4088892624803618,0.8030673955040941
5.38,66.191935,-9.175145,0.40798261639836797,0.8040696060422873,0.4088892624803618,0.8030673955040941
5.4,66.519605,-9.50283,0.4101998538352151,0.8040696060422873,0.4088892285723015,0.800509827691493
5.42,66.84727,-9.502835000000001,0.4101998200023405,0.8040695672160961,0.4111113593934635,0.800509827691493
5.44,66.84726,-9.830525,0.41019978616946595,0.8015250151325081,0.41111132548540325,0.8005097886667006
5.46,66.84725,-10.158204999999999,0.4101997523365914,0.8015250151325081,0.411111291577343,0.7979522598788918
5.48,66.51957,-9.502839999999999,0.4101997523365914,0.8040695283899051,0.4088890929400605,0.800509827691493
5.5,66.51956,-9.502839999999999,0.4101997185037168,0.8040695283899051,0.4088890590320002,0.800509827691493
5.52,66.19187,-9.830525,0.4079824134011204,0.8015250151325081,0.40888902512393993,0.8005097886667006
5.54,66.191865,-9.502839999999999,0.4079823795682458,0.8040695283899051,0.40888902512393993,0.800509827691493
5.56,66.191855,-9.830525,0.4079823457353712,0.8015250151325081,0.4088889912158797,0.8005097886667006
5.58,65.536485,-10.158204999999999,0.40576504063277485,0.8015250151325081,0.40666675867053687,0.7979522598788918
5.6,65.53648,-10.48589,0.40576504063277485,0.7989804630489199,0.4066667247624766,0.7979522598788918
5.62,65.536475,-9.830525,0.40576500679990024,0.8015250151325081,0.4066667247624766,0.8005097886667006
5.64,65.53647,-10.158204999999999,0.40576500679990024,0.8015250151325081,0.4066666908544163,0.7979522598788918
5.66,75.694665,-8.847484999999999,0.42128604101945083,0.8040695283899051,0.460000102402342,0.8056248462423182
5.68,91.751205,-7.53678,0.49223966897103505,0.8091584772523172,0.49777802176510927,0.8107398647931435
5.7,91.09584,-6.55373,0.49223970280390955,0.8142475814194934,0.4933335566744237,0.8132973935809523
5.72,91.751195,-6.22605,0.4944569402407567,0.8167920558506994,0.4955557553117061,0.8132974326057446
5.74,91.751195,-6.55373,0.4944569402407567,0.8142475814194934,0.4955557553117061,0.8132973935809523
5.76,91.75118499999999,-6.226045,0.4944569064078822,0.8167920946768905,0.49555572140364595,0.8132974326057446
5.78,91.75118499999999,-6.226045,0.4944569064078822,0.8167920946768905,0.49555572140364595,0.8132974326057446
5.8,91.75118499999999,-6.226045,0.4944569064078822,0.8167920946768905,0.49555572140364595,0.8132974326057446
5.82,91.75118499999999,-6.226045,0.4944569064078822,0.8167920946768905,0.49555572140364595,0.8132974326057446
5.84,91.75118,-6.226045,0.4944569064078822,0.8167920946768905,0.49555568749558565,0.8132974326057446
5.86,91.095815,-6.553725,0.4922396013052858,0.8142475814194934,0.49333348885830314,0.8132974326057446
5.88,92.73422500000001,-6.881405,0.4944568725750076,0.8142475814194934,0.5022223512235539,0.8107399038179358
5.9,96.33877000000001,-7.8644549999999995,0.5077607370234601,0.8091585160785082,0.513333547858328,0.8081823360053347
5.92,96.338765,-6.88141,0.5099780082931819,0.8142475425933023,0.5111113153129853,0.8107399038179358
5.94,96.338775,-6.88141,0.5099780421260565,0.8142475425933023,0.5111113492210454,0.8107399038179358
5.96,96.666455,-7.20909,0.5121953133957782,0.8117030293359052,0.5111113492210454,0.8107399038179358
5.98,96.33877,-7.20909,0.5099780082931819,0.8117030293359052,0.5111113492210454,0.8107399038179358
6.0,96.994135,-7.536770000000001,0.5121953133957782,0.8117030681620964,0.513333547858328,0.8081823360053347
6.02,96.666455,-7.20909,0.5099780421260565,0.8117030293359052,0.513333547858328,0.8107399038179358
6.04,98.63256,-7.53677,0.5099780421260565,0.8117030293359052,0.5266669092223245,0.808182375030127
6.06,111.08457,-7.209095,0.5521067714096375,0.8117030293359052,0.5688892597677169,0.8107398647931435
6.08,113.050685,-5.89837,0.5676278732949372,0.8167920558506994,0.5666670950384947,0.8158549613935534
6.1,113.378365,-5.898365,0.5676278732949372,0.8167920946768905,0.5688892936757772,0.8158549613935534
6.12,113.050695,-6.226045,0.5676279071278119,0.8167920946768905,0.566667128946555,0.8132974326057446
6.14,113.378375,-6.226045,0.5676279071278119,0.8167920946768905,0.5688893275838375,0.8132974326057446
6.16,113.378375,-6.226045,0.5676279071278119,0.8167920946768905,0.5688893275838375,0.8132974326057446
6.18,113.0507,-6.226045,0.5676279409606865,0.8167920946768905,0.566667128946555,0.8132974326057446
6.2,112.723025,-6.226045,0.5654106696909648,0.8167920946768905,0.5666671628546152,0.8132974326057446
6.22,112.72301999999999,-6.226045,0.5654106358580901,0.8167920946768905,0.5666671628546152,0.8132974326057446
6.24,113.050705,-6.553725,0.5654106696909648,0.8142475814194934,0.5688893614918977,0.8132974326057446
6.26,113.37838,-6.881405,0.5676279409606865,0.8142475814194934,0.5688893275838375,0.8107399038179358
6.28,113.37837,-6.553735,0.5676279071278119,0.8142475425933023,0.5688892936757772,0.8132973935809523
6.3,113.706035,-6.881425,0.5676278394620626,0.8142475037671113,0.5711114584049996,0.8107398257683512
6.32,113.378345,-7.209105,0.5654105343594664,0.8117029905097142,0.5711114244969392,0.8107398257683512
6.34,113.378345,-6.553745,0.567627805629188,0.8142475037671113,0.5688892258596567,0.81329735455616
6.36,113.70601500000001,-6.881425,0.5698450430660352,0.8142475037671113,0.5688891919515964,0.8107398257683512
6.38,113.37833,-6.553745,0.5676277717963135,0.8142475037671113,0.5688891580435362,0.81329735455616
6.4,113.05064,-6.553735,0.5676277379634389,0.8142475425933023,0.5666669254981934,0.8132973935809523
6.42,113.050635,-6.226055000000001,0.5654104328608426,0.8167920558506994,0.5688891241354759,0.8132973935809523
6.44,113.37831,-6.226055000000001,0.5676277041305643,0.8167920558506994,0.5688890902274156,0.8132973935809523
6.46,113.378305,-5.89837,0.5676276702976897,0.8167920558506994,0.5688890902274156,0.8158549613935534
6.48,113.05062,-5.89837,0.5676276702976897,0.8167920558506994,0.5666668576820728,0.8158549613935534
6.5,113.05062,-5.57069,0.5676276702976897,0.8193365691080965,0.5666668576820728,0.8158549613935534
6.52,92.40652499999999,-6.88141,0.5299335850521758,0.8167920558506994,0.4644444657688468,0.808182375030127
6.54,45.220115,-9.175115,0.37472287069505006,0.8040696448684783,0.30000017293110737,0.8030675906280557
6.56,31.457405,-7.86436,0.2860311740843158,0.8091588655142278,0.295555606116241,0.8081827262532577
6.58,32.768115,-7.208985,0.2949002253303281,0.8117034175978158,0.2955555722081808,0.8107403330906511
6.6,32.44043,-6.22593,0.29268295406060635,0.8167925217649922,0.2955555383001205,0.8132979009032522
6.62,32.112745000000004,-5.89824,0.2926829202277318,0.8167925605911832,0.293333339662838,0.8158554687158532
6.64,32.112745000000004,-5.57056,0.2926829202277318,0.8193370738485802,0.293333339662838,0.8158554687158532
6.66,32.112745000000004,-5.24287,0.2926829202277318,0.8193371126747713,0.293333339662838,0.8184130365284542
6.68,32.11274,-4.91519,0.2926828863948572,0.8218816259321684,0.293333339662838,0.8184130365284542
6.7,22.937649999999998,-4.91518,0.2882483438554137,0.8218816647583594,0.23555583601288957,0.8184130755532466
6.72,-4.260035,-5.242815,0.1773839683803367,0.8193373068057267,0.16222243328105956,0.8184132706772081
6.74,-5.57081,-4.25976,0.16407996860038573,0.8244264109729028,0.16666683055562462,0.8209708384898092
6.76,-5.243125,-4.25975,0.16629727370298206,0.824426449799094,0.16666683055562462,0.8209708775146014
6.78,-5.243130000000001,-4.58743,0.16629723987010744,0.8218819365416968,0.16666683055562462,0.8209708775146014
6.8,-4.915445,-4.91511,0.16629727370298206,0.8218819365416968,0.16888902919290713,0.8184133487267926
6.82,-4.587765,-4.587425,0.1685145449727038,0.8218819753678879,0.16888902919290713,0.8209708775146014
6.84,-4.58776,-4.91511,0.16851457880557838,0.8218819365416968,0.16888902919290713,0.8184133487267926
6.86,-4.587755,-4.58743,0.16851457880557838,0.8218819365416968,0.1688890631009674,0.8209708775146014
6.88,-4.587755,-4.91511,0.16851457880557838,0.8218819365416968,0.1688890631009674,0.8184133487267926
6.9,-3.9323949999999996,-5.24279,0.17073185007530012,0.8193374232842998,0.17111126173824995,0.8184133487267926
6.92,-3.932385,-4.915115,0.17073188390817473,0.8218819365416968,0.1711112956463102,0.8184133097020004
6.94,-3.6047000000000002,-5.570475,0.17073188390817473,0.8193374232842998,0.17333352819165299,0.8158557809141916
6.96,-3.277015,-5.89816,0.17294918901077105,0.8167928712007118,0.17333352819165299,0.8158557809141916
6.98,-3.2770099999999998,-6.225845,0.17294918901077105,0.8167928712007118,0.17333356209971323,0.8132982131015906
7.0,-4.26009,-6.5535250000000005,0.17073185007530012,0.8142483579433146,0.1688889613767866,0.8132982131015906
7.02,-4.2600999999999996,-6.225835,0.1685144773069546,0.8167929100269028,0.17111119392212942,0.8132982521263828
7.04,-4.587775000000001,-6.5535250000000005,0.16851451113982918,0.8167928712007118,0.16888899528484688,0.8107406843137818
7.06,-4.26009,-7.208885,0.16851451113982918,0.8117038446859176,0.17111122783018967,0.8107406843137818
7.08,-3.93241,-7.53657,0.17073178240955092,0.8117038058597265,0.17111122783018967,0.808183155525973
7.1,-3.6047149999999997,-8.191935,0.17073185007530012,0.8091592926023294,0.1733334603755325,0.8056255877133719
7.12,-3.2770349999999997,-8.51962,0.17294912134502186,0.8066147405187413,0.1733334603755325,0.8056255877133719
7.14,-3.27704,-8.84731,0.17294912134502186,0.8066147405187413,0.1733334264674722,0.8030679808759784
7.16,-3.27706,-9.175,0.17294905367927266,0.8040701884351531,0.1733333586513517,0.8030679418511862
7.18,-3.2770650000000003,-9.175005,0.17294901984639804,0.8040701496089621,0.1733333586513517,0.8030679418511862
7.2,-2.9493850000000004,-9.502695,0.17294901984639804,0.801525597525374,0.17555555728863423,0.803067902826394
7.22,-2.6217050000000004,-9.502695,0.17516629111611978,0.804070110782771,0.17555555728863423,0.8005103740385852
7.24,-2.6217050000000004,-9.830375,0.17516629111611978,0.801525597525374,0.17555555728863423,0.8005103740385852
7.26,-2.621715,-9.830375,0.17516625728324517,0.801525597525374,0.17555552338057395,0.8005103740385852
7.28,-2.949395,-10.158065,0.17294898601352346,0.801525558699183,0.17555552338057395,0.7979528062259841
7.3,9.50263,-9.830414999999999,0.1884702232303216,0.8015254810468008,0.24444459665395943,0.8005101789146236
7.32,25.88678,-9.83044,0.2727273434687378,0.8015253257420365,0.2711111837497113,0.8005101398898313
7.34,24.248365,-9.502755,0.26607546199382337,0.8040698778256247,0.266666752567086,0.8005101398898313
7.36,24.248365,-9.502755,0.26607546199382337,0.8040698778256247,0.266666752567086,0.8005101398898313
7.38,23.920675,-9.502759999999999,0.26607542816094876,0.8040698389994336,0.26444452002174323,0.8005101398898313
7.4,23.92067,-9.830445000000001,0.2638581230583525,0.8015253257420365,0.2666667186590258,0.800510100865039
7.42,24.24835,-9.830445000000001,0.26607542816094876,0.8015253257420365,0.2666666847509655,0.800510100865039
7.44,24.248345,-9.175085,0.26607539432807414,0.8040698389994336,0.2666666847509655,0.8030676296528478
7.46,24.24834,-8.847405,0.26607539432807414,0.8066143522568306,0.26666665084290525,0.8030676296528478
7.48,24.248334999999997,-9.175085,0.2660753604951996,0.8040698389994336,0.26666665084290525,0.8030676296528478
7.5,23.920655,-8.519725,0.2660753604951996,0.8066143522568306,0.2644444522056227,0.8056251584406566
7.52,25.559060000000002,-8.847405,0.2616407841228815,0.8066143522568306,0.27999991048272094,0.8030676296528478
7.54,50.790635,-9.175135000000001,0.34146315882460665,0.8040696836946694,0.3711109023128112,0.8030673955040941
7.56,55.050529999999995,-8.519775,0.3725053287623315,0.8066141192996843,0.3688887036755287,0.8056250023414875
7.58,54.722845,-7.864405,0.3680707523900134,0.8091587102094635,0.3711109023128112,0.8081825311292963
7.6,54.722845,-8.192084999999999,0.3680707523900134,0.8091587102094635,0.3711109023128112,0.8056250023414875
7.62,54.722845,-8.519765,0.3680707523900134,0.8066141969520665,0.3711109023128112,0.8056250023414875
7.64,54.722845,-8.51977,0.3702880236597352,0.8066141581258754,0.3688887036755287,0.8056250023414875
7.66,54.722845,-8.847455,0.3680707523900134,0.8066141581258754,0.3711109023128112,0.8030674345288864
7.68,54.722849999999994,-8.847455,0.3680707523900134,0.8066141581258754,0.37111093622087143,0.8030674345288864
7.7,54.72285,-9.17514,0.368070786222888,0.8040696060422873,0.3711109023128112,0.8030674345288864
7.72,55.050534999999996,-9.175135000000001,0.3702880574926098,0.8040696448684783,0.37111093622087143,0.8030674345288864
7.74,55.050534999999996,-9.502815,0.3702880574926098,0.8040696448684783,0.37111093622087143,0.8005099057410776
7.76,55.378215,-9.8305,0.3702880574926098,0.8015250927848901,0.37333313485815395,0.8005099057410776
7.78,55.050545,-10.158185,0.37028809132548435,0.8015250927848901,0.3711109701289317,0.7979523379284765
7.8,55.050545,-10.158185,0.37028809132548435,0.8015250927848901,0.3711109701289317,0.7979523379284765
7.82,55.050545,-9.8305,0.37028809132548435,0.8015251316110813,0.3711109701289317,0.8005098667162853
7.84,63.570319999999995,-9.830505,0.3791572440701205,0.8015250927848901,0.41999991658617175,0.8005098667162853
7.86,81.92065,-8.519805,0.45676275349661905,0.8066140416473022,0.46666676613031016,0.8056248462423182
7.88,82.248345,-8.192125,0.46341470263728274,0.8091585549046992,0.46222233494768483,0.8056248462423182
7.9,82.576025,-8.192125,0.46341470263728274,0.8091585549046992,0.46444453358496735,0.8056248462423182
7.92,83.231385,-8.847494999999999,0.46563197390700445,0.8066140028211111,0.4666667322222499,0.8030672784297171
7.94,83.23137,-8.847505,0.46563194007412984,0.80661396399492,0.46666666440612936,0.803067239404925
7.96,83.23137,-9.175195,0.46563194007412984,0.8040694119113319,0.46666666440612936,0.8030672003801327
7.98,83.231365,-9.502875,0.4656319062412552,0.8040694119113319,0.46666666440612936,0.8005096715923239
8.0,83.23136,-9.175195,0.4656319062412552,0.8040694119113319,0.46666663049806906,0.8030672003801327
8.02,83.23135500000001,-9.502875,0.4656318724083806,0.8040694119113319,0.46666663049806906,0.8005096715923239
8.04,83.23135500000001,-9.502875,0.4656318724083806,0.8040694119113319,0.46666663049806906,0.8005096715923239
8.06,82.575995,-9.830555,0.4634146011386589,0.801524898653935,0.46444443186078654,0.8005096715923239
8.08,82.57599,-10.158245,0.4634146011386589,0.8015248598277438,0.4644443979527263,0.7979521037797228
8.1,82.57599,-10.158245,0.4634146011386589,0.8015248598277438,0.4644443979527263,0.7979521037797228
8.12,82.248305,-10.158245,0.4611972960360625,0.8015248598277438,0.4644443979527263,0.7979521037797228
8.14,82.248305,-10.158245,0.4634145673057843,0.8015248598277438,0.46222219931544384,0.7979521037797228
8.16,81.920625,-10.158245,0.4611972960360625,0.8015248598277438,0.46222219931544384,0.7979521037797228
8.18,81.920625,-10.158245,0.4611972960360625,0.8015248598277438,0.46222219931544384,0.7979521037797228
8.2,81.592935,-9.83056,0.4611972622031879,0.8015248598277438,0.459999966770101,0.8005096715923239
8.22,87.16357500000001,-10.158249999999999,0.4634145673057843,0.8015248598277438,0.4955556535875254,0.7979520647549305
8.24,109.118455,-9.830605,0.5410201782309066,0.8015247045229795,0.5666670611304345,0.8005094764683623
8.26,112.06763,-8.51988,0.5631932969226192,0.8066137310377737,0.5644448285850917,0.8056245730687722
8.28,111.73995,-7.864504999999999,0.5631932969226192,0.8091583219475529,0.5622226299478091,0.8081821408813733
8.3,111.41227,-7.536825,0.5609760256528975,0.81170283520495,0.5622226299478091,0.8081821408813733
8.32,111.412275,-7.2091449999999995,0.5609760256528975,0.81170283520495,0.5622226638558694,0.8107396696691821
8.34,110.756905,-7.53682,0.5587587205503012,0.81170283520495,0.5600004313105266,0.8081821799061656
8.36,111.084585,-7.53682,0.5609759918200229,0.81170283520495,0.5600004313105266,0.8081821799061656
8.38,110.756905,-7.53682,0.5587587205503012,0.81170283520495,0.5600004313105266,0.8081821799061656
8.4,110.756905,-7.53682,0.5587587205503012,0.81170283520495,0.5600004313105266,0.8081821799061656
8.42,116.655225,-7.20914,0.5698452122304082,0.811702874031141,0.5888894204919225,0.8107396696691821
8.44,121.570495,-7.20914,0.5964528396286896,0.81170283520495,0.595556118127951,0.8107397086939744
8.46,120.587455,-6.881455,0.5898010258195243,0.8142473872885381,0.595556118127951,0.8107397086939744
8.48,120.587455,-6.881455,0.5920182970892461,0.8142473872885381,0.5933339194906684,0.8107397086939744
8.5,120.587455,-6.881455,0.5920182970892461,0.8142473872885381,0.5933339194906684,0.8107397086939744
8.52,120.587455,-6.881455,0.5920182970892461,0.8142473872885381,0.5933339194906684,0.8107397086939744
8.54,120.587465,-7.20914,0.5920183309221208,0.81170283520495,0.5933339533987286,0.8107397086939744
8.56,120.58746,-6.88146,0.5920182970892461,0.814247348462347,0.5933339533987286,0.8107397086939744
8.58,120.259785,-6.88146,0.5898010596523989,0.814247348462347,0.5933339533987286,0.8107397086939744
8.6,120.587465,-7.209135,0.5920183309221208,0.811702874031141,0.5933339533987286,0.8107397086939744
8.62,120.259785,-6.881455,0.5920183309221208,0.8142473872885381,0.5911117547614462,0.8107397086939744
8.64,119.93211,-7.209135,0.5898010934852735,0.811702874031141,0.5911117547614462,0.8107397086939744
8.66,120.25979,-7.209135,0.5920183647549954,0.811702874031141,0.5911117547614462,0.8107397086939744
8.68,119.604435,-6.881455,0.5875838222155518,0.8142473872885381,0.5911117886695064,0.8107397086939744
8.7,124.5197,-7.536815,0.5986703138956588,0.811702874031141,0.6133340802148741,0.8081821799061656
8.72,126.485815,-6.881455,0.6119741445112369,0.8142473872885381,0.6133341141229343,0.8107397086939744
8.74,126.48582,-6.553765,0.6119741445112369,0.8142474261147291,0.6133341480309946,0.8132972765065755
8.76,126.48582,-6.553775,0.6119741783441115,0.8142473872885381,0.6133341141229343,0.8132972374817832
8.78,126.48581,-6.881465,0.6119741445112369,0.814247348462347,0.6133340802148741,0.8107396696691821
8.8,127.14116,-7.209155,0.614191381948084,0.811702796378759,0.6155562449440964,0.8107396306443898
8.82,127.141155,-7.20916,0.6141913481152094,0.8117027575525678,0.6155562449440964,0.8107396306443898
8.84,127.141155,-6.881475,0.6141913481152094,0.814247309636156,0.6155562449440964,0.8107396306443898
8.86,126.485795,-6.5538050000000005,0.6119740768454877,0.814247270809965,0.6133340463068138,0.8132971204074063
8.88,126.485795,-6.881485,0.6119740768454877,0.814247270809965,0.6133340463068138,0.8107395916195975
8.9,126.4858,-7.536855,0.6119740768454877,0.8117027187263768,0.6133340802148741,0.8081820238069964
8.92,126.813485,-7.864545,0.6119741106783623,0.8091581666427886,0.6155562788521566,0.808181984782204
8.94,127.141165,-8.192225,0.614191381948084,0.8091581666427886,0.6155562788521566,0.8056244559943952
8.96,127.468845,-8.519915000000001,0.614191381948084,0.8066136145592004,0.6177784774894391,0.805624416969603
8.98,127.468835,-8.847605000000001,0.6141913481152094,0.8066135757330094,0.6177784435813788,0.803066849157002
9.0,126.81346500000001,-9.175285,0.6119740430126132,0.8066135757330094,0.615556211036036,0.8005093203691932
9.02,126.81345999999999,-9.502965,0.6141912804494603,0.8040690624756124,0.6133340123987536,0.8005093203691932
9.04,127.14114,-10.158335000000001,0.6141913142823348,0.8015245103920243,0.6155561771279758,0.7979517525565921
9.06,127.468815,-10.158339999999999,0.6141912804494603,0.8015244715658332,0.6177783757652583,0.7979517525565921
9.08,128.124175,-10.48602,0.616408551719182,0.7989799583084362,0.620000574402541,0.7979517525565921
9.1,128.45185500000002,-10.813704999999999,0.6186258229889038,0.7989799583084362,0.620000574402541,0.795394184743991
9.12,128.45185,-10.486025,0.6186258229889038,0.7989799583084362,0.6200005404944806,0.7979517135317998
9.14,128.124165,-10.486025,0.6164085178863073,0.7989799583084362,0.6200005404944806,0.7979517135317998
9.16,127.79648,-10.813704999999999,0.6164085178863073,0.7989799583084362,0.6177783079491378,0.795394184743991
9.18,128.124145,-10.8137,0.6164084502205581,0.7989799583084362,0.6200004726783601,0.7953942237687833
9.2,132.05635999999998,-10.486015,0.6297122470032616,0.7989799971346272,0.6333338679504168,0.7979517525565921
9.22,131.72868,-9.830645,0.6297122808361362,0.8015245492182154,0.6311116354050741,0.8005093203691932
9.24,132.056365,-10.158325000000001,0.6297122808361362,0.8015245492182154,0.6333338679504168,0.7979517915813844
9.26,132.056365,-9.830645,0.6319295521058579,0.8015245492182154,0.6311116693131343,0.8005093203691932
9.28,132.38404500000001,-10.486005,0.6319295521058579,0.7989800359608182,0.6333338679504168,0.7979517915813844
9.3,133.03941500000002,-10.813685,0.6341468572084542,0.7989800359608182,0.6355561004957596,0.7953942627935756
9.32,132.711735,-10.486,0.6319295859387325,0.7989800359608182,0.6355561004957596,0.7979518306061767
9.34,132.38405,-10.15832,0.6319295521058579,0.8015245492182154,0.6333339018584772,0.7979518306061767
9.36,132.71173,-10.158315,0.6319295859387325,0.8015245880444063,0.6355560665876994,0.7979518306061767
9.38,132.711735,-10.158315,0.6319295859387325,0.8015245880444063,0.6355561004957596,0.7979518306061767
9.4,133.03942,-10.485994999999999,0.6341468572084542,0.7989800747870094,0.63555613440382,0.7979518306061767
9.42,132.384055,-11.141359999999999,0.6341468910413288,0.7989800747870094,0.6311116693131343,0.7928367340057668
9.44,105.51396,-13.435115,0.5809317039105153,0.7888019829312299,0.5022225546719152,0.7851642256919251
9.46,61.604345,-12.45201,0.42128634551532224,0.7913467291457734,0.36444471329768674,0.7902795564410887
9.48,52.101485,-11.468935,0.3569846667044016,0.7964359497915229,0.3644445776654457,0.7928371632784821
9.5,52.75684,-11.46893,0.3636364805135668,0.7964359497915229,0.3622223451201029,0.7928372023032745
9.52,52.756825,-12.12429,0.36141914157809585,0.7938914753603168,0.36444450984932514,0.7902796344906733
9.54,53.084505,-12.124295,0.36363641284781756,0.7938914365341259,0.36444450984932514,0.7902796344906733
9.56,53.084505,-12.779655,0.36363641284781756,0.7913469232767287,0.36444450984932514,0.7877221057028646
9.58,53.739865,-12.779655,0.3658536841175393,0.7913469232767287,0.36666670848660765,0.7877221057028646
9.6,54.395224999999996,-13.107334999999999,0.36807095538726103,0.7888024100193317,0.3688889071238902,0.7877221057028646
9.62,30.47442,-12.779634999999999,0.33037707313899484,0.7888024100193317,0.244444935734562,0.7902797905898424
9.64,-2.62148,-12.779585,0.1773843743748319,0.7913471950600661,0.17333407072061716,0.7877223788764106
9.66,-1.31078,-12.779589999999999,0.17960154414592983,0.7913471950600661,0.1800006327244045,0.7877223398516183
9.68,-1.63848,-12.45191,0.1773842052104589,0.7913471562338751,0.18000056490828398,0.7902799076642194
9.7,-1.638495,-12.779589999999999,0.17960140881443143,0.7913471562338751,0.1777783323629412,0.7877223788764106
9.72,-1.966185,-12.779595,0.1773841037118351,0.7913471562338751,0.1777782984548809,0.7877223398516183
9.74,-1.966195,-12.45191,0.1773840698789605,0.7913471562338751,0.17777826454682066,0.7902799076642194
9.76,-1.966195,-12.45191,0.1773840698789605,0.7913471562338751,0.17777826454682066,0.7902799076642194
9.78,-1.310835,-12.451915,0.17960134114868223,0.7913471562338751,0.18000046318410318,0.7902798686394271
9.8,-3.93231,-13.762635,0.1773840360460859,0.7888026429764781,0.16444486927476393,0.7826072822760007
9.82,-6.881485,-14.41799,0.15964559522531527,0.7837136164616839,0.16222256891330059,0.782607321300793
9.84,-7.20917,-13.76263,0.15964559522531527,0.7862581297190809,0.1600003363679578,0.7851648500886018
9.86,-6.553815,-13.76263,0.1618628326621624,0.7862581297190809,0.16222253500524034,0.7851648500886018
9.88,-6.553815,-13.762625,0.1618628326621624,0.786258168545272,0.16222253500524034,0.7851648500886018
9.9,-6.55382,-14.090305,0.1618628326621624,0.786258168545272,0.16222250109718006,0.782607321300793
9.92,-6.55382,-14.74567,0.1618627988292878,0.7837136164616839,0.16222253500524034,0.7800497925129842
9.94,-5.898465,-15.073355,0.16408007009900955,0.7811691032042868,0.1644446997344626,0.7800497534881919
9.96,-5.570785,-14.745674999999999,0.16408007009900955,0.7837136164616839,0.16666689837174514,0.7800497534881919
9.98,-5.898465,-15.073355,0.16408007009900955,0.7811691032042868,0.1644446997344626,0.7800497534881919
10.0,-5.243105,-15.401039999999998,0.16629734136873126,0.7811690643780957,0.16666689837174514,0.7774922247003831
10.02,-5.243105,-15.401045,0.16629734136873126,0.7811690643780957,0.16666689837174514,0.7774921856755909
10.04,-5.243105,-15.72872,0.16629734136873126,0.7786245511206986,0.16666689837174514,0.7774922247003831
10.06,-4.915425,-16.0564,0.16629734136873126,0.7786245511206986,0.16888909700902768,0.7749346959125744
10.08,-4.58774,-16.38408,0.168514612638453,0.7760800378633016,0.16888913091708793,0.7749346959125744
10.1,-4.587735,-16.711759999999998,0.16851464647132758,0.7760800378633016,0.16888913091708793,0.7723771671247656
10.12,-4.587735,-16.711765,0.16851464647132758,0.7760800378633016,0.16888913091708793,0.7723771280999734
10.14,-4.587725,-17.367125,0.1685146803042022,0.7735355246059046,0.1688891648251482,0.7698195993121646
10.16,-3.932365,-17.69481,0.17073195157392393,0.7709909725223164,0.17111136346243072,0.7698195993121646
10.18,-3.932365,-18.022485,0.17073195157392393,0.7709910113485074,0.17111136346243072,0.7672620705243558
10.2,-4.587735,-18.677855,0.17073195157392393,0.7684464592649194,0.16666689837174514,0.7647045027117547
10.22,-5.243105,-19.00553,0.16629734136873126,0.7659019460075223,0.16666689837174514,0.764704541736547
10.24,-5.2431,-19.00553,0.16629734136873126,0.7684464592649194,0.1666669322798054,0.7621470129487382
10.26,-4.915425,-19.333215000000003,0.16629734136873126,0.7659019460075223,0.16888909700902768,0.7621469739239459
10.28,-5.243095,-19.988574999999997,0.16629737520160587,0.7633574327501252,0.1666669322798054,0.7595894451361371
10.3,-4.587725,-20.316265,0.1685146803042022,0.7608128806665371,0.1688891648251482,0.7595894061113448
10.32,-4.587725,-20.31626,0.1685146803042022,0.7608128806665371,0.1688891648251482,0.7595894451361371
10.34,-4.260035,-20.643945000000002,0.1685147141370768,0.7608128806665371,0.17111139737049097,0.757031877323536
10.36,-3.9323550000000003,-20.643945000000002,0.17073198540679851,0.7608128806665371,0.17111139737049097,0.757031877323536
10.38,-3.9323550000000003,-20.97162,0.17073198540679851,0.7582683674091399,0.17111139737049097,0.7570319163483283
10.4,-4.260035,-20.971615,0.1685147141370768,0.7582684062353311,0.17111139737049097,0.7570319163483283
10.42,-3.60467,-20.643935,0.17073198540679851,0.7608129194927281,0.17333362991583376,0.7570319163483283
10.44,-3.604655,-20.643935,0.1707320530725477,0.7608129194927281,0.17333366382389404,0.7570319163483283
10.46,-3.932335,-20.64394,0.1707320530725477,0.7608128806665371,0.1711114651866115,0.7570319163483283
10.48,-3.932335,-20.643935,0.1707320530725477,0.7608129194927281,0.1711114651866115,0.7570319163483283
10.5,-3.276985,-20.971625000000003,0.17294932434226945,0.7582683674091399,0.1733335960077735,0.757031877323536
10.52,9.502625,-21.29933,0.181818443254031,0.7582683285829489,0.2511111247496865,0.7544741924365581
10.54,36.37258,-20.971705,0.30376924274346584,0.7582680567996115,0.31111092876109814,0.7570315651251976
10.56,36.0449,-20.31633,0.3059865478460621,0.7608126088831997,0.30666649757847286,0.7595891719625911
10.58,36.044895,-19.988655,0.30598651401318755,0.7633571221405967,0.30666649757847286,0.7595891329377988
10.6,36.044895,-20.31633,0.30598651401318755,0.7608126088831997,0.30666649757847286,0.7595891719625911
10.62,36.044895,-19.988655,0.30598651401318755,0.7633571221405967,0.30666649757847286,0.7595891329377988
10.64,36.044885,-20.31634,0.30598648018031294,0.7608125700570086,0.3066664636704126,0.7595891329377988
10.66,36.04489,-20.31634,0.30598651401318755,0.7608125700570086,0.3066664636704126,0.7595891329377988
10.68,36.04488,-20.644025,0.30598648018031294,0.7608125700570086,0.30666642976235237,0.7570315651251976
10.7,36.044880000000006,-20.644025,0.3059864463474384,0.7608125700570086,0.3066664636704126,0.7570315651251976
10.72,36.04488,-20.644025,0.30598648018031294,0.7608125700570086,0.30666642976235237,0.7570315651251976
10.74,36.04488,-20.64403,0.30598648018031294,0.7608125312308175,0.30666642976235237,0.7570315651251976
10.76,36.04488,-20.97171,0.30598648018031294,0.7582680179734205,0.30666642976235237,0.7570315651251976
10.78,36.044875000000005,-21.299395,0.3059864463474384,0.7582680179734205,0.30666642976235237,0.7544739973125966
10.8,35.717195000000004,-20.971715000000003,0.30376917507771667,0.7582680179734205,0.30666642976235237,0.7570315261004054
10.82,35.38951,-20.971725,0.30376917507771667,0.7582679791472293,0.30444419721700955,0.7570314870756131
10.84,35.389515,-21.299405,0.30376917507771667,0.7582679791472293,0.3044442311250698,0.7544739582878043
10.86,42.926215,-20.97173,0.3104210227197564,0.7582679791472293,0.3488885768593833,0.7570314480508208
10.88,62.259545,-19.66103,0.3858090240464111,0.7633569280096414,0.4044441870445915,0.7621464275768537
10.9,63.897975,-18.677979999999998,0.40133012593171086,0.7684459545244355,0.3999997897700264,0.7647040344142472
10.92,63.570295,-18.350305,0.3991128546619891,0.7709904677818326,0.3999997897700264,0.7647039953894548
10.94,63.5703,-18.35031,0.3991128884948637,0.7684459156982445,0.3999997897700264,0.7672615241772636
10.96,63.570305000000005,-18.350315000000002,0.3991128884948637,0.7709904289556415,0.3999998236780867,0.7647039563646625
10.98,63.570310000000006,-18.022635,0.3991128884948637,0.7709904289556415,0.399999857586147,0.7672614851524713
11.0,63.570315,-18.350315000000002,0.39911292232773826,0.7684459156982445,0.399999857586147,0.7672614851524713
11.02,63.570325,-17.694955,0.3991129561606129,0.7709904289556415,0.39999989149420717,0.7698190139402801
11.04,63.242644999999996,-18.350315000000002,0.39689568489089116,0.7684459156982445,0.39999989149420717,0.7672614851524713
11.06,63.24265,-18.02263,0.3991129561606129,0.7709904289556415,0.3977777267649849,0.7672615241772636
11.08,62.91498,-18.02263,0.3968957187237657,0.7709904289556415,0.3977777606730452,0.7672615241772636
11.1,62.914975,-18.02263,0.3968957187237657,0.7709904289556415,0.3977777267649849,0.7672615241772636
11.12,62.587295,-18.022635,0.394678447454044,0.7709904289556415,0.3977777267649849,0.7672614851524713
11.14,65.53645,-18.022635,0.394678447454044,0.7709904289556415,0.4177777518569495,0.7672614851524713
11.16,77.98846,-18.350335,0.4434590582125395,0.7684458380458623,0.45333343867437387,0.7672614071028868
11.18,78.64382499999999,-17.694965,0.45011093968745397,0.7709903901294505,0.45111120612903105,0.7698189749154878
11.2,78.64383000000001,-18.022644999999997,0.45011093968745397,0.7709903901294505,0.4511112400370914,0.7672614461276791
11.22,78.643835,-18.022644999999997,0.4501109735203285,0.7709903901294505,0.4511112400370914,0.7672614461276791
11.24,78.643835,-18.678005,0.4501109735203285,0.7684458768720533,0.4511112400370914,0.7647039173398702
11.26,78.643835,-18.67801,0.4501109735203285,0.7684458380458623,0.4511112400370914,0.7647039173398702
11.28,79.299185,-19.005695000000003,0.4523282109571757,0.7659013247884653,0.4533334047663137,0.764703878315078
11.3,79.29918,-19.661065,0.45232817712430107,0.7633567727048772,0.4533334047663137,0.7621463105024769
11.32,85.525165,-19.66108,0.46119732986893713,0.7633567338786861,0.48666675731421455,0.7621462324528923
11.34,95.68339,-19.005735,0.5055433642551146,0.765901169483701,0.5111113153129853,0.7647037222159088
11.36,96.33875499999999,-18.67805,0.5099779744603073,0.765901169483701,0.5111112814049249,0.7672612900285098
11.38,96.33875499999999,-18.67805,0.5099779744603073,0.7684456827410981,0.5111112814049249,0.764703761240701
11.4,96.666435,-19.33342,0.5099779744603073,0.76590113065751,0.5133334800422075,0.7621461934281
11.42,96.66643,-19.33343,0.5121952457300291,0.7659010918313189,0.5111112474968647,0.7621461544033077
11.44,96.338745,-19.33343,0.5099779406274327,0.7659010918313189,0.5111112474968647,0.7621461544033077
11.46,96.33874,-19.9888,0.5099779406274327,0.7633565785739218,0.5111112135888044,0.7595885475659144
11.48,96.338745,-19.988805,0.5099779406274327,0.7633565397477308,0.5111112474968647,0.7595885475659144
11.5,96.33874,-19.988805,0.5099779067945581,0.7633565397477308,0.5111112474968647,0.7595885475659144
11.52,96.338745,-19.98881,0.5099779406274327,0.7633565009215398,0.5111112474968647,0.7595885475659144
11.54,96.338745,-19.98881,0.5099779406274327,0.7633565009215398,0.5111112474968647,0.7595885475659144
11.56,96.338745,-20.64369,0.5099779406274327,0.7608157538046756,0.5111112474968647,0.7570309797533133
11.58,95.683385,-20.3165,0.5099779744603073,0.7608119488379517,0.5066668163142394,0.7595885085411221
11.6,91.751175,-20.3165,0.4966741438447293,0.7608119488379517,0.49333348885830314,0.7595885085411221
11.62,91.75118,-19.98882,0.4944568725750076,0.7633564620953487,0.49555572140364595,0.7595885085411221
11.64,91.423505,-20.316495000000003,0.49223963513816044,0.7608119876641426,0.49555572140364595,0.7595885085411221
11.66,91.095825,-20.3165,0.49223963513816044,0.7608119488379517,0.4933335227663634,0.7595885085411221
11.68,91.09583,-20.64418,0.49223966897103505,0.7608119876641426,0.4933335227663634,0.757030940728521
11.7,91.095835,-20.316505,0.49223966897103505,0.7608119488379517,0.4933335566744237,0.7595884695163297
11.72,91.095835,-20.64418,0.49223966897103505,0.7608119876641426,0.4933335566744237,0.757030940728521
11.74,90.76815500000001,-20.64418,0.49223966897103505,0.7608119488379517,0.491111358037141,0.7570309797533133
11.76,97.64953,-20.316505,0.49667427917622764,0.7608119488379517,0.5333337085825336,0.7595884695163297
11.78,117.96598,-19.661175,0.5764971952039464,0.7633563456167755,0.5911116869453257,0.7621458812297617
11.8,118.29367500000001,-18.67812,0.5853664156143318,0.7684454109577608,0.5844450571254178,0.764703488067155
11.82,118.62135,-19.005795,0.5853664156143318,0.7659009365265547,0.58666722185464,0.764703488067155
11.84,118.29367500000001,-19.0058,0.5831491443446101,0.7659008977003636,0.5866672557627003,0.764703488067155
11.86,118.621355,-19.005795,0.5853664156143318,0.7659009365265547,0.5866672557627003,0.764703488067155
11.88,118.94903500000001,-19.333485,0.5853664156143318,0.7659008977003636,0.5888894543999829,0.762145920254554
11.9,119.276725,-19.66116,0.587583720716928,0.7633563844429666,0.5888894883080431,0.7621459592793463
11.92,118.949045,-19.66116,0.587583720716928,0.7633563844429666,0.5866672896707606,0.7621459592793463
11.94,119.276725,-19.98884,0.587583720716928,0.7633563844429666,0.5888894883080431,0.7595884304915375
11.96,118.949045,-19.66116,0.587583720716928,0.7633563844429666,0.5866672896707606,0.7621459592793463
11.98,118.949045,-19.66116,0.5853664494472063,0.7633563844429666,0.5888894883080431,0.7621459592793463
12.0,119.276725,-19.661155,0.587583720716928,0.7633564232691576,0.5888894883080431,0.7621459592793463
12.02,121.57052,-20.644205,0.5898010258195243,0.7608118711855695,0.6022228835800999,0.7570308626789364
12.04,126.158095,-20.97188,0.6119740091797385,0.7582673579281725,0.6111117798534108,0.7570309017037287
12.06,125.175055,-20.971885,0.607539466640295,0.7582673579281725,0.6088895812161282,0.7570308626789364
12.08,125.50274,-21.299565,0.607539466640295,0.7582673579281725,0.6111118137614711,0.7544733338911276
12.1,125.83042,-21.299565,0.6097567717428914,0.7582673579281725,0.6111117798534108,0.7544733338911276
12.12,125.50274,-21.954935,0.6075395004731696,0.7557228058445843,0.6111117798534108,0.7519157660785265
12.14,126.15808,-22.282625000000003,0.6097567040771422,0.7531782537609961,0.6133339106745728,0.7519157270537342
12.16,125.83039,-22.282635,0.6097566702442676,0.7531782149348051,0.61111167812923,0.7519156880289419
12.18,126.48574500000001,-22.610315,0.609756636411393,0.7531782149348051,0.615556075403795,0.7493581592411332
12.2,134.02248,-20.64422,0.6297122808361362,0.7582672802757903,0.6466672971305338,0.7595883524419529
12.22,136.64396,-19.00581,0.6474507216569069,0.7659008588741726,0.6466672971305338,0.7647034490423628
12.24,136.316265,-19.005805000000002,0.6452333827214359,0.7659008977003636,0.6466672632224736,0.7647034490423628
12.26,136.316255,-19.333485,0.6452333488885613,0.7659008977003636,0.6466672293144133,0.762145920254554
12.28,136.316255,-19.333495,0.6452333488885613,0.7659008588741726,0.6466672293144133,0.7621458812297617
12.3,136.64393,-19.988855,0.6452333488885613,0.7633563456167755,0.6488893940436355,0.7595883524419529
12.32,136.9716,-19.988860000000003,0.6474505863254084,0.7633563067905844,0.6488893601355753,0.7595883524419529
12.34,136.31623,-19.661175,0.6430160099530904,0.7633563456167755,0.648889326227515,0.7621458812297617
12.36,136.971585,-19.988860000000003,0.6474505186596592,0.7633563067905844,0.648889326227515,0.7595883524419529
12.38,136.971585,-19.988865,0.6474505186596592,0.7633563067905844,0.648889326227515,0.7595883134171606
12.4,135.66084,-21.627270000000003,0.6496677899293809,0.7582672802757903,0.6377781635008011,0.7519156880289419
12.42,98.96023,-25.887115,0.5676277379634389,0.7430000842528347,0.4711112312209958,0.7340130645638652
12.44,44.564795000000004,-27.85312,0.37028842965423037,0.7302778285753778,0.30000034247140867,0.7314558089496024
12.46,34.734275,-26.214705000000002,0.2971177672630466,0.7379114848261422,0.30666683665907546,0.73657086652522
12.48,34.40657,-26.2147,0.3015522421367409,0.7379114848261422,0.3000001390230471,0.7365709055500123
12.5,34.07887,-25.88702,0.29933490320127,0.7404559980835393,0.30000007120692657,0.7365709055500123
12.52,34.078865,-25.559334999999997,0.2993348693683954,0.7404560369097304,0.30000007120692657,0.739128434337821
12.54,34.078855000000004,-25.231655,0.29933483553552076,0.7430005501671275,0.30000003729886626,0.739128434337821
12.56,34.734215,-25.55934,0.30155210680524247,0.7404560369097304,0.30222223593614883,0.7391283953130288
12.58,35.061895,-25.231659999999998,0.30155210680524247,0.7430005113409364,0.30444443457343134,0.739128434337821
12.6,35.717254999999994,-25.231659999999998,0.30376937807496424,0.7430005113409364,0.3066666332107139,0.739128434337821
12.62,23.593035,-25.559325,0.2949002591632027,0.7404560369097304,0.23333370519172758,0.7391285123874055
12.64,-0.6554799999999951,-24.903914999999998,0.18625322262359667,0.7430007442980827,0.1777781628226399,0.7416862362991758
12.66,-1.310865,-24.24855,0.1773839683803367,0.7455452963816709,0.18222256009720492,0.7442437650869846
12.68,-0.655505,-24.576225,0.18181851091978019,0.7455453352078619,0.18222256009720492,0.7416862362991758
12.7,-1.31087,-25.231595,0.17960120581718386,0.7430007831242738,0.1800003614599224,0.7391286684865748
12.72,-0.983185,-25.231595,0.17960123965005845,0.7430007831242738,0.18222256009720492,0.7391286684865748
12.74,-0.655505,-25.886944999999997,0.18181851091978019,0.7404563086930678,0.18222256009720492,0.7365711787235583
12.76,-0.655505,-25.886955,0.18181851091978019,0.7404562698668767,0.18222256009720492,0.736571139698766
12.78,-0.6554949999999999,-26.214635,0.1818185447526548,0.7379117566094796,0.1822225940052652,0.736571139698766
12.8,-0.00013499999999665,-26.54231,0.18403581602237654,0.7379117566094796,0.18444479264254773,0.7340136499357495
12.82,-0.00012500000000055002,-26.54231,0.18403584985525112,0.7379117566094796,0.18444482655060798,0.7340136499357495
12.84,0.3275550000000007,-26.542315000000002,0.18403584985525112,0.7379117566094796,0.18666702518789052,0.7340136109109572
12.86,0.3275650000000023,-26.542315000000002,0.1840358836881257,0.7379117566094796,0.1866670590959508,0.7340136109109572
12.88,0.3275700000000023,-27.197665,0.1840358836881257,0.7353672821782736,0.18666709300401105,0.7314561211479407
12.9,-9.9999999999723e-05,-27.197665,0.18403591752100032,0.7353672821782736,0.18444492827478878,0.7314561211479407
12.92,-9.499999999818e-05,-27.85303,0.1840359513538749,0.7328227689208766,0.18444492827478878,0.7288985533353396
12.94,0.3275900000000019,-28.18071,0.1840359513538749,0.7302782168372884,0.18666716082013154,0.7288985923601319
12.96,0.3275900000000019,-28.508395,0.1840359513538749,0.7302782168372884,0.18666716082013154,0.7263410245475308
12.98,0.655260000000005,-29.163764999999998,0.18625322262359667,0.7277336647537003,0.18666709300401105,0.7237834567349298
13.0,0.65525,-29.163775,0.18625318879072206,0.7277336259275093,0.1866670590959508,0.7237834177101375
13.02,0.6552450000000001,-29.49146,0.18625315495784744,0.7251890738439212,0.1866670590959508,0.7237834177101375
13.04,0.6552450000000001,-29.491464999999998,0.18625315495784744,0.7251890738439212,0.1866670590959508,0.7237833786853453
13.06,1.310605,-29.818694999999998,0.18847042622756918,0.7251890738439212,0.18888925773323328,0.7212293621288429
13.08,1.310605,-30.146825,0.18847042622756918,0.722644560586524,0.18888925773323328,0.7212258498975365
13.1,1.63956,-30.474505,0.19068769749729092,0.722644560586524,0.18889790428859995,0.7186683211097277
13.12,1.965965,-30.802185,0.19068769749729092,0.720100047329127,0.19111145637051583,0.7186683211097277
13.14,1.965965,-30.80219,0.19068769749729092,0.720100047329127,0.19111145637051583,0.7186682820849354
13.16,1.965965,-31.129875,0.19068769749729092,0.720100008502936,0.19111145637051583,0.7161107532971266
13.18,2.2936449999999997,-31.129875,0.19068769749729092,0.720100008502936,0.19333365500779837,0.7161107532971266
13.2,2.9490049999999997,-31.457555,0.19290496876701263,0.7175554952455389,0.1955558536450809,0.7161107532971266
13.22,11.796445,-30.80221,0.2106433080891595,0.7200999696767448,0.23777800074211183,0.7186682040353507
13.24,16.384005000000002,-30.802214999999997,0.23946807142566418,0.7200998920243628,0.24000023328745462,0.7186682430601431
13.26,16.384005000000002,-30.802205,0.23946807142566418,0.7200999696767448,0.24000023328745462,0.7186682430601431
13.28,16.711685000000003,-31.129894999999998,0.23946807142566418,0.7200999308505538,0.24222243192473716,0.7161106752475419
13.3,17.039365,-31.457575,0.2416853426953859,0.7175554175931567,0.24222243192473716,0.7161106752475419
13.32,16.384005000000002,-31.1299,0.23946807142566418,0.7200998920243628,0.24000023328745462,0.7161106752475419
13.34,16.384005000000002,-30.80221,0.23946807142566418,0.7200999308505538,0.24000023328745462,0.7186682430601431
13.36,16.711695,-31.12989,0.24168537652826053,0.7200999696767448,0.24000026719551487,0.7161106752475419
13.38,17.039375,-30.802214999999997,0.24168537652826053,0.7200999308505538,0.24222246583279738,0.7186682040353507
13.4,16.711695,-30.80221,0.24168537652826053,0.7200999308505538,0.24000026719551487,0.7186682430601431
13.42,16.38402,-31.12989,0.2394681052585388,0.7200999308505538,0.24000030110357512,0.7161107142723343
13.44,17.03938,-30.802214999999997,0.24168537652826053,0.7200999308505538,0.24222249974085766,0.7186682040353507
13.46,17.039385000000003,-31.12989,0.24168541036113514,0.7200999308505538,0.24222249974085766,0.7161107142723343
13.48,17.039385000000003,-31.129885,0.24168541036113514,0.7200999696767448,0.24222249974085766,0.7161107142723343
13.5,17.039385000000003,-30.80221,0.24168541036113514,0.7200999308505538,0.24222249974085766,0.7186682430601431
13.52,17.367075,-31.12989,0.24168544419400975,0.7200999308505538,0.24444473228620048,0.7161107142723343
13.54,10.48575,-30.8022,0.2305990201796519,0.7200999696767448,0.20888931673325817,0.7186682820849354
13.56,3.276725,-29.491464999999998,0.19512237536823276,0.7251890738439212,0.19555598927732196,0.7237833786853453
13.58,3.2767350000000004,-29.819145,0.19512240920110735,0.7251890738439212,0.1955560231853822,0.7212258498975365
13.6,3.2767350000000004,-29.491464999999998,0.19512240920110735,0.7251890738439212,0.1955560231853822,0.7237833786853453
13.62,3.2767350000000004,-29.491464999999998,0.19512240920110735,0.7251890738439212,0.1955560231853822,0.7237833786853453
13.64,3.2767350000000004,-29.819145,0.19512240920110735,0.7251890738439212,0.1955560231853822,0.7212258498975365
13.66,3.276745,-29.819145,0.19512244303398196,0.7251890738439212,0.19555605709344245,0.7212258498975365
13.68,3.27674,-30.146825,0.19512244303398196,0.722644560586524,0.1955560231853822,0.7212258498975365
13.7,3.604425,-30.146825,0.19512244303398196,0.7251890738439212,0.197778255730725,0.7186683211097277
13.72,3.604425,-30.146825,0.1973397143037037,0.722644560586524,0.19555605709344245,0.7212258498975365
13.74,3.276745,-30.474505,0.19512244303398196,0.722644560586524,0.19555605709344245,0.7186683211097277
13.76,3.9321,-30.474515,0.1973397143037037,0.722644521760333,0.19777822182266472,0.7186682820849354
13.78,3.932085,-30.474525,0.1973396466379545,0.722644482934142,0.19777818791460447,0.7186682430601431
13.8,3.932075,-30.80221,0.19733961280507992,0.7200999308505538,0.1977781540065442,0.7186682430601431
13.82,3.932075,-30.474535,0.19733961280507992,0.7226444441079508,0.1977781540065442,0.7186682040353507
13.84,3.9320649999999997,-30.802214999999997,0.1973395789722053,0.7200999308505538,0.19777812009848397,0.7186682040353507
13.86,4.259745,-30.802214999999997,0.19955685024192704,0.7200999308505538,0.19777812009848397,0.7186682040353507
13.88,3.93206,-30.802225,0.1973395789722053,0.7200998920243628,0.1977780861904237,0.7186681650105584
13.9,3.93205,-30.474545,0.1973395451393307,0.7226444052817598,0.19777805228236342,0.7186681650105584
13.92,3.60437,-30.802225,0.1973395451393307,0.7200998920243628,0.1955558536450809,0.7186681650105584
13.94,3.2766849999999996,-31.129905,0.19512224003673437,0.7200998920243628,0.1955558536450809,0.7161106362227496
13.96,3.604355,-31.45759,0.1973394774735815,0.7175553399407746,0.19555581973702063,0.7161106362227496
13.98,3.27667,-31.45759,0.19512220620385978,0.7175553399407746,0.19555578582896038,0.7161106362227496
14.0,9.502635,-31.129915,0.19512220620385978,0.7175553399407746,0.23777786510987078,0.7186681259857661
14.02,40.304765,-29.819225,0.3104210903855056,0.7226442499769956,0.33111085212888197,0.7237830664870069
14.04,40.632445,-28.836174999999997,0.3237247856695852,0.7277333153179807,0.31999979112634885,0.7263406342996078
14.06,40.960125000000005,-28.180805,0.3215075143998635,0.7302778674015689,0.3244441884009139,0.728898202112209
14.08,40.632435,-27.85313,0.3215074805669889,0.7328223418327748,0.3222219558555711,0.728898202112209
14.1,40.632435,-28.508490000000002,0.3215074805669889,0.7302778285753778,0.3222219558555711,0.7263406733244002
14.12,40.63371,-28.18081,0.3215074805669889,0.7302778285753778,0.3222306024109377,0.728898202112209
14.14,39.97707,-27.853125,0.31929017546439253,0.732822380658966,0.31999975721828855,0.728898202112209
14.16,39.97707,-28.180805,0.31929020929726715,0.7302778674015689,0.3199997233102283,0.728898202112209
14.18,39.649385,-28.180805,0.31929017546439253,0.7302778674015689,0.31777752467294573,0.728898202112209
14.2,39.321705,-28.180805,0.3170729041946708,0.7302778674015689,0.31777752467294573,0.728898202112209
14.22,39.32171,-28.180805,0.31707293802754544,0.7302778674015689,0.31777752467294573,0.728898202112209
14.24,39.321705,-28.508485,0.3170729041946708,0.7302778674015689,0.31777752467294573,0.7263406733244002
14.26,49.47986,-29.16385,0.33259390458134674,0.7277333541441718,0.3711106988644496,0.7237831055117993
14.28,59.96573,-29.16387,0.38802622765038364,0.7251887244082016,0.3866662927737889,0.7263405952748156
14.3,58.98269,-28.83618,0.38359168511094016,0.7277332764917898,0.3844440941365063,0.7263406342996078
14.32,58.982695,-28.83618,0.38359168511094016,0.7277332764917898,0.3844441280445666,0.7263406342996078
14.34,58.327335000000005,-28.508499999999998,0.38137441384121845,0.7302777897491868,0.38222192940728406,0.7263406342996078
14.36,58.327335000000005,-28.508499999999998,0.38137441384121845,0.7302777897491868,0.38222192940728406,0.7263406342996078
14.38,58.327335000000005,-28.83618,0.38137441384121845,0.7277332764917898,0.38222192940728406,0.7263406342996078
14.4,58.327345,-29.163854999999998,0.381374447674093,0.7277333153179807,0.38222196331534436,0.7237831055117993
14.42,58.327345,-29.16386,0.381374447674093,0.7277332764917898,0.38222196331534436,0.7237831055117993
14.44,58.327349999999996,-28.83617,0.381374447674093,0.7277333153179807,0.3822219972234046,0.7263406733244002
14.46,54.395155,-28.508490000000002,0.37693990513464953,0.7277333153179807,0.3599997734941575,0.728898202112209
14.48,44.236995,-27.85311,0.33702868395091234,0.732822419485157,0.331110987761123,0.7288982801617936
14.5,43.909305,-27.525425,0.33259407374571975,0.7328224583113481,0.3333331863984056,0.7314558089496024
14.52,43.253955000000005,-27.525425,0.33037683630887266,0.7328224583113481,0.3311110216691833,0.7314558089496024
14.54,43.253955000000005,-27.197744999999998,0.33037683630887266,0.7353669715687452,0.3311110216691833,0.7314558089496024
14.56,43.253945,-27.853115000000003,0.33037680247599804,0.732822419485157,0.331110987761123,0.7288982411370013
14.58,43.253935,-27.853115000000003,0.33037676864312343,0.732822419485157,0.3311109538530628,0.7288982411370013
14.6,43.25392,-27.85312,0.3303767348102488,0.732822380658966,0.3311108860369422,0.7288982411370013
14.62,42.926230000000004,-27.853125,0.3303767009773742,0.7302778674015689,0.32888865349159946,0.7314557309000178
14.64,42.598545,-27.525444999999998,0.3281593958747779,0.732822380658966,0.32888865349159946,0.7314557309000178
14.66,42.270865,-27.525444999999998,0.3281593958747779,0.732822380658966,0.32666645485431695,0.7314557309000178
14.68,41.943185,-27.853125,0.3259421246050561,0.732822380658966,0.32666645485431695,0.728898202112209
14.7,41.943185,-27.853125,0.3259421246050561,0.732822380658966,0.32666645485431695,0.728898202112209
14.72,41.94318,-27.853125,0.3259421246050561,0.732822380658966,0.32666642094625664,0.728898202112209
14.74,47.186095,-27.853125,0.32594209077218156,0.732822380658966,0.3622218704072593,0.728898202112209
14.76,66.84708499999999,-27.197795,0.40354726186993417,0.7353668162639809,0.41777744668440714,0.7314555748008487
14.78,67.83015,-26.21475,0.4146338212157904,0.7379112906951869,0.41333301550178186,0.7365707104260507
14.8,67.830145,-26.214745,0.4124165161131941,0.737911329521378,0.4155552141390644,0.7365707104260507
14.82,68.157825,-26.54243,0.4146337873829158,0.7379112906951869,0.4155552141390644,0.7340131816382419
14.84,68.15782,-26.542434999999998,0.4146337873829158,0.7379112906951869,0.41555518023100413,0.7340131426134497
14.86,68.15782,-26.870115,0.4146337873829158,0.7353667774377898,0.41555518023100413,0.7340131426134497
14.88,68.485495,-26.54244,0.4146337535500412,0.7379112518689959,0.41777737886828664,0.7340131426134497
14.9,68.48549,-26.54244,0.4146337535500412,0.7379112518689959,0.4177773449602264,0.7340131426134497
14.92,68.157805,-26.870125,0.41463371971716656,0.7353667386115987,0.4155551463229439,0.7340131035886575
14.94,68.1578,-27.197805000000002,0.41463371971716656,0.7353667386115987,0.4155551124148836,0.7314555748008487
14.96,74.38380000000001,-27.525495,0.421285601192081,0.7328221865280107,0.4511107653242477,0.7314555357760564
14.98,84.869715,-26.87015,0.4700662796163257,0.7353666221330256,0.4733330907776757,0.7340130255390728
15.0,84.214355,-26.54246,0.4700662796163257,0.7379111742166138,0.46888869350311063,0.7340130645638652
15.02,84.542045,-26.21478,0.4700663134492003,0.7379111742166138,0.47111092604845345,0.7365705933516739
15.04,84.869725,-26.21478,0.4700663134492003,0.7379111742166138,0.47333312468573585,0.7365705933516739
15.06,84.86973,-26.21478,0.4722836185517966,0.7379111742166138,0.47111092604845345,0.7365705933516739
15.08,85.19741,-26.542455,0.4722836185517966,0.7379112130428047,0.47333312468573585,0.7340130645638652
15.1,84.869735,-26.54246,0.4722836185517966,0.7379111742166138,0.4711109599565136,0.7340130645638652
15.12,84.869735,-26.87014,0.4722836185517966,0.7353666609592167,0.4711109599565136,0.7340130645638652
15.14,84.86973499999999,-27.19782,0.47006634728207486,0.7353666997854078,0.47333315859379615,0.731455496751264
15.16,91.09574,-27.197825,0.4855874153345,0.7353666609592167,0.4999999491379096,0.731455496751264
15.18,92.73417,-26.870145,0.4988912797829526,0.7353666609592167,0.4977777165925669,0.7340130255390728
15.2,93.06184999999999,-26.87014,0.498891245950078,0.7353666609592167,0.4999999491379096,0.7340130645638652
15.22,93.06185500000001,-27.19782,0.4988912797829526,0.7353666609592167,0.4999999491379096,0.7314555357760564
15.24,93.061865,-27.525505,0.4988913136158272,0.7353666609592167,0.49999998304596993,0.7288979679634552
15.26,92.734185,-27.853185,0.49667404234610546,0.7328221477018196,0.49999998304596993,0.7288979679634552
15.28,93.061875,-28.180864999999997,0.49889134744870184,0.7302776344444225,0.5000000169540302,0.7288979679634552
15.3,93.061875,-28.180864999999997,0.49889134744870184,0.7302776344444225,0.5000000169540302,0.7288979679634552
15.32,93.061875,-28.508544999999998,0.49889134744870184,0.7302776344444225,0.5000000169540302,0.7263404391756465
15.34,93.71723,-29.163915,0.5011086187184236,0.7277330823608343,0.5022221816832525,0.7237828713630453
15.36,93.717225,-29.163925,0.501108584885549,0.7277330435346433,0.5022221816832525,0.723782832338253
15.38,93.717215,-29.819290000000002,0.5011085510526744,0.7251884914510551,0.5022221477751921,0.7212253035504442
15.4,93.71721,-29.49161,0.5011085510526744,0.7251884914510551,0.5022221138671319,0.723782832338253
15.42,93.717205,-29.819295,0.5011085172197998,0.7251884914510551,0.5022221138671319,0.721225264525652
15.44,93.71721,-29.819295,0.5011085510526744,0.7251884914510551,0.5022221138671319,0.721225264525652
15.46,93.717205,-30.146974999999998,0.5011085172197998,0.7226439781936581,0.5022221138671319,0.721225264525652
15.48,94.044885,-30.47466,0.5011085172197998,0.7226439393674671,0.5044443125044145,0.7186677357378431
15.5,94.044885,-30.802345000000003,0.5011085172197998,0.72009942611007,0.5044443125044145,0.718667696713051
15.52,94.372565,-31.130025,0.5033257884895215,0.72009942611007,0.5044443125044145,0.7161101679252422
15.54,94.372565,-31.130029999999998,0.5033257884895215,0.72009942611007,0.5044443125044145,0.7161101289004499
15.56,94.372565,-31.45771,0.5033257884895215,0.72009942611007,0.5044443125044145,0.7135526001126411
15.58,95.027925,-31.785394999999998,0.5055430597592432,0.7175548740264819,0.506666511141697,0.7135526001126411
15.6,96.99403,-32.440754999999996,0.5055430597592432,0.7150103607690849,0.5199998725056935,0.7109950713248323
15.62,110.75676999999999,-31.130049999999997,0.549889060312546,0.7175548352002908,0.568888886779054,0.718667579638674
15.64,113.70592,-30.47468,0.5698447385701638,0.7200993484576879,0.5688888528709939,0.7212251864760675
15.66,113.378235,-30.147,0.5676274334675675,0.722643861715085,0.5688888528709939,0.7212251864760675
15.68,113.705915,-30.146994999999997,0.5676274334675675,0.722643900541276,0.5711110515082763,0.7212251864760675
15.7,113.37824,-29.491635000000002,0.5676274334675675,0.725188413798673,0.568888886779054,0.7237827152638763
15.72,113.70592500000001,-29.491635000000002,0.5698447385701638,0.725188413798673,0.568888886779054,0.7237827152638763
15.74,114.033605,-29.16395,0.5698447385701638,0.7277329270560702,0.5711110854163366,0.7237827542886686
15.76,113.70593,-29.491625,0.5676274673004421,0.7251884526248641,0.5711111193243968,0.7237827542886686
15.78,114.03361000000001,-28.836264999999997,0.5698447385701638,0.7277329658822612,0.5711111193243968,0.7263402830764772
15.8,114.033615,5.897815000000001,0.5698447724030383,0.9999958844237478,0.5711111193243968,0.7237827542886686
15.82,114.033625,-29.819305,0.5698448062359129,0.7251884526248641,0.5711111532324572,0.7212252255008598
15.84,101.25395,-29.49162,0.5498891279782953,0.7251884526248641,0.504444380320535,0.7237827933134607
15.86,79.95449500000001,-28.18086,0.4589799232677171,0.7302776344444225,0.45111096877260926,0.7288980069882476
15.88,79.626795,-27.853175,0.45232797412705344,0.7328221865280107,0.45555536604717434,0.7288980069882476
15.9,79.954485,-27.853180000000002,0.45454527922964977,0.7328221477018196,0.4555553999552347,0.7288980069882476
15.92,79.954485,-27.853175,0.45454527922964977,0.7328221865280107,0.4555553999552347,0.7288980069882476
15.94,79.626805,-28.18086,0.452328007959928,0.7302776344444225,0.4555553999552347,0.7288980069882476
15.96,79.626805,-28.508544999999998,0.452328007959928,0.7302776344444225,0.4555553999552347,0.7263404391756465
15.98,79.95449,-28.180864999999997,0.4545453130625244,0.7302776344444225,0.4555553999552347,0.7288979679634552
16.0,79.299135,-28.508544999999998,0.4523280417928026,0.7302776344444225,0.4533332352260123,0.7263404391756465
16.02,79.299135,-28.18086,0.4523280417928026,0.7302776344444225,0.4533332352260123,0.7288980069882476
16.04,79.299135,-28.50854,0.4523280417928026,0.7302776344444225,0.4533332352260123,0.7263404782004388
16.06,79.29914,-28.508535000000002,0.4523280417928026,0.7302776732706137,0.4533332691340726,0.7263404782004388
16.08,78.971465,-28.508535000000002,0.4501108043559555,0.7302776732706137,0.4533332691340726,0.7263404782004388
16.1,78.64378500000001,-29.163899999999998,0.4501108043559555,0.7277331211870255,0.45111107049679006,0.72378294941263
16.12,73.07316,-28.836215000000003,0.43680704140612675,0.7277331600132165,0.4266665803141399,0.7263404782004388
16.14,71.76242,-28.836215000000003,0.4257205497260197,0.7277331600132165,0.42888877895142247,0.7263404782004388
16.16,71.762405,-29.163899999999998,0.42793775332999223,0.7277331600132165,0.42666654640607965,0.7237829103878377
16.18,71.762395,-29.163915,0.4279377194971176,0.7277330823608343,0.4266665124980194,0.7237828713630453
16.2,71.434715,-29.163915,0.42572044822739585,0.7277330823608343,0.4266665124980194,0.7237828713630453
16.22,71.434715,-29.491605,0.42572044822739585,0.7251885302772463,0.4266665124980194,0.723782832338253
16.24,71.434715,-29.819285,0.42572044822739585,0.7251885302772463,0.4266665124980194,0.7212253035504442
16.26,71.762395,-29.819285,0.42572044822739585,0.7251885302772463,0.4288887111353019,0.7212253035504442
16.28,72.090075,-30.47465,0.4279377194971176,0.7226439781936581,0.4288887111353019,0.7186677747626354
16.3,72.090075,-30.474655,0.4279377194971176,0.7226439781936581,0.4288887111353019,0.7186677357378431
16.32,72.090075,-30.802335,0.4279377194971176,0.720099464936261,0.4288887111353019,0.7186677357378431
16.34,75.039215,-30.802345000000003,0.43015499076683933,0.72009942611007,0.4466664358658032,0.718667696713051
16.36,79.299105,-30.47466,0.45232794029417883,0.7226439393674671,0.4533331335018315,0.7186677357378431
16.38,78.64374,-30.47466,0.45011066902445707,0.7226439393674671,0.4511109009564887,0.7186677357378431
16.4,78.64373499999999,-30.80234,0.45011063519158256,0.72009942611007,0.4511109009564887,0.7186677357378431
16.42,79.29909,-30.802345000000003,0.4523279064613043,0.72009942611007,0.4533330656857111,0.718667696713051
16.44,78.971405,-31.130025,0.45232787262842966,0.72009942611007,0.4511108670484285,0.7161101679252422
16.46,78.643725,-31.130025,0.45011060135870795,0.72009942611007,0.4511108670484285,0.7161101679252422
16.48,78.9714,-30.80235,0.45232787262842966,0.720099387283879,0.45111083314036826,0.718667696713051
16.5,78.643715,-30.474665,0.45011056752583334,0.7226439393674671,0.45111083314036826,0.718667696713051
16.52,78.316035,-30.14698,0.45011056752583334,0.7226439393674671,0.44888863450308575,0.721225264525652
16.54,77.988345,-30.47466,0.447893262423237,0.7226439393674671,0.44888860059502544,0.7186677357378431
16.56,86.180455,-30.146985,0.4567624490007477,0.7226439393674671,0.49555541623110355,0.7212252255008598
16.58,102.23700500000001,-28.18091,0.5277161446180811,0.7302774403134672,0.5333333355938707,0.728897811864286
16.6,101.58164,-26.87018,0.5277161446180811,0.7353665056544524,0.5288889044112454,0.7340129084646959
16.62,102.237005,-26.5425,0.5299334497206775,0.7379110189118495,0.5311111030485279,0.7340129084646959
16.64,102.237005,-26.542495000000002,0.5299334497206775,0.7379110577380406,0.5311111030485279,0.7340129084646959
16.66,102.564685,-26.87018,0.5299334497206775,0.7353665056544524,0.5333333016858105,0.7340129084646959
16.68,102.56469,-27.197855,0.5299334497206775,0.7353665444806434,0.5333333355938707,0.7314553796768871
16.7,102.892375,-26.870175000000003,0.5321507548232738,0.7353665444806434,0.5333333355938707,0.7340129084646959
16.72,102.892375,-26.54249,0.5321507548232738,0.7379110577380406,0.5333333355938707,0.7340129474894882
16.74,107.47995,-26.870175000000003,0.5365853311955919,0.7353665444806434,0.5600000583218637,0.7340129084646959
16.76,115.67206,-26.21482,0.5742794502739803,0.7379110189118495,0.5777778847765458,0.7365704372525047
16.78,115.01798,-25.231769999999997,0.5742881114898776,0.7430000842528347,0.5733334875019808,0.7391280050651058
16.8,115.672065,-25.231769999999997,0.5764967553765766,0.7430000842528347,0.5755556861392632,0.7391280050651058
16.82,116.327425,-25.887135,0.5764967553765766,0.7404555709954376,0.5800000834138282,0.7365704372525047
16.84,116.65510499999999,-26.214824999999998,0.5787140266462983,0.7379110189118495,0.5800000834138282,0.7365703982277124
16.86,117.310455,-26.214835,0.5809312640831455,0.7379109800856584,0.5822222481430506,0.73657035920292
16.88,117.31045,-26.54252,0.5809312640831455,0.7379109412594673,0.5822222142349903,0.7340128304151112
16.9,117.310445,-26.21484,0.5809312302502709,0.7379109412594673,0.5822222142349903,0.73657035920292
16.92,117.310445,-26.214844999999997,0.5809312302502709,0.7379109412594673,0.5822222142349903,0.7365703201781277
16.94,117.310435,-26.21484,0.5809311964173963,0.7379109412594673,0.5822221803269301,0.73657035920292
16.96,117.310435,-25.88716,0.5809311964173963,0.7404554545168645,0.5822221803269301,0.73657035920292
16.98,117.310425,-26.21484,0.5809311625845217,0.7379109412594673,0.5822221464188698,0.73657035920292
17.0,117.310425,-26.21484,0.5809311625845217,0.7379109412594673,0.5822221464188698,0.73657035920292
17.02,117.310415,-26.21484,0.5809311287516471,0.7379109412594673,0.5822221125108095,0.73657035920292
17.04,117.310415,-26.214844999999997,0.5809311287516471,0.7379109412594673,0.5822221125108095,0.7365703201781277
17.06,117.310415,-26.21484,0.5809311287516471,0.7379109412594673,0.5822221125108095,0.73657035920292
17.08,116.655055,-26.214844999999997,0.5787138574819254,0.7379109412594673,0.579999913873527,0.7365703201781277
17.1,117.310415,-26.214844999999997,0.5809311287516471,0.7379109412594673,0.5822221125108095,0.7365703201781277
17.12,117.638085,-26.542524999999998,0.5809310949187725,0.7379109412594673,0.5844442772400319,0.734012791390319
17.14,117.63809,-26.54253,0.5809311287516471,0.7379109024332764,0.5844442772400319,0.734012791390319
17.16,117.638085,-27.19789,0.5809310949187725,0.7353663891758792,0.5844442772400319,0.7314552626025103
17.18,118.29345,-27.197895000000003,0.5831483661884942,0.7353663891758792,0.5866665097853746,0.731455223577718
17.2,115.34429,-28.508625000000002,0.5853656374582159,0.7328218370922911,0.5644442521480671,0.7237825981894993
17.22,78.64369500000001,-33.751485,0.49445643274763773,0.7124657310331145,0.4066662839576932,0.7033225239861982
17.24,28.50822,-35.062135,0.30155203913949324,0.7022879886130547,0.2600000210229974,0.703322758134952
17.26,24.903685,-33.42372,0.266075326662325,0.7099216060376281,0.27111101420941003,0.7084378547353619
17.28,24.90367,-32.76836,0.2682925640991721,0.7124661192950251,0.268888747756007,0.7109953835231706
17.3,25.231344999999997,-32.76836,0.2682925302662975,0.7124661192950251,0.27111094639328953,0.7109953835231706
17.32,25.559015000000002,-32.768355,0.27050976770314467,0.7124661581212163,0.2711109124852293,0.7109953835231706
17.34,25.559015000000002,-33.096035,0.27050976770314467,0.7124661581212163,0.2711109124852293,0.7084378547353619
17.36,25.55901,-32.76836,0.27050976770314467,0.7124661192950251,0.271110878577169,0.7109953835231706
17.38,25.559015000000002,-33.09604,0.27050976770314467,0.7124661192950251,0.2711109124852293,0.7084378547353619
17.4,21.626829999999998,-33.42372,0.2727270389728664,0.7099216060376281,0.24222216066025504,0.7084378547353619
17.42,1.3105149999999999,-31.785285000000002,0.19512200320661216,0.7175552622883925,0.18222228883272285,0.7135530684101486
17.44,0.98282,-31.12992,0.18625278279622684,0.7200998143719806,0.1888889186526307,0.7161105971979573
17.46,0.982815,-31.785285,0.18847005406594858,0.7175553011145837,0.18666668610728793,0.7135530293853564
17.48,1.3105,-31.785285,0.18847008789882316,0.7175553011145837,0.1888888847445704,0.7135530293853564
17.5,0.655135,-32.440645,0.18625278279622684,0.7150107878571864,0.18666668610728793,0.7109955005975476
17.52,0.9828250000000001,-33.096005000000005,0.18847008789882316,0.7124662745997895,0.18666672001534818,0.7084379718097388
17.54,0.655145,-33.42369,0.18625281662910145,0.7099217225162013,0.18666672001534818,0.7084379718097388
17.56,0.982835,-33.75137,0.18847012173169778,0.7099217225162013,0.18666675392340842,0.70588044302193
17.58,1.310515,-34.079055,0.18847012173169778,0.7073772092588042,0.18888895256069094,0.7058804039971377
17.6,1.31051,-34.734425,0.18847012173169778,0.704832657175216,0.1888889186526307,0.7033228361845366
17.62,1.96586,-34.734425,0.1906873591685449,0.704832657175216,0.19111108338185295,0.7033228361845366
17.64,1.96585,-35.062115000000006,0.19068732533567032,0.704832618349025,0.1911110494737927,0.7007652683719355
17.66,2.9489,-34.40675,0.1906872915027957,0.704832618349025,0.1977777471098211,0.7058803649723454
17.68,4.587325,-33.423715,0.19955651191318102,0.7099216448638191,0.19999997965516386,0.7084378547353619
17.7,4.259635,-33.751385,0.1973392068105847,0.7099216836900102,0.19999994574710359,0.7058803649723454
17.72,3.93196,-33.75139,0.1973392068105847,0.7099216448638191,0.19777778101788135,0.7058803649723454
17.74,4.587315,-33.751385,0.19955647808030644,0.7099216836900102,0.19999994574710359,0.7058803649723454
17.76,4.587325,-34.07907,0.19955651191318102,0.7073771704326132,0.19999997965516386,0.7058803259475531
17.78,4.915005,-34.07907,0.19955651191318102,0.7073771316064221,0.20222217829244638,0.7058803649723454
17.8,4.915005,-34.406755000000004,0.19955651191318102,0.7073771316064221,0.20222217829244638,0.7033227971597443
17.82,5.242685,-34.406755000000004,0.20177378318290276,0.7073771316064221,0.20222217829244638,0.7033227971597443
17.84,4.915005,-34.734435000000005,0.20177378318290276,0.704832618349025,0.19999997965516386,0.7033227971597443
17.86,4.915005,-34.73443,0.19955651191318102,0.704832618349025,0.20222217829244638,0.7033228361845366
17.88,4.25964,-34.734435000000005,0.20177378318290276,0.704832618349025,0.19555554847253856,0.7033227971597443
17.9,1.638155,-34.07907,0.19068725766992112,0.7073771316064221,0.18888881692844992,0.7058803649723454
17.92,1.965835,-34.079065,0.19068725766992112,0.7073771704326132,0.19111101556573243,0.7058803649723454
17.94,1.965835,-34.406745,0.19068725766992112,0.7073771704326132,0.19111101556573243,0.7033228361845366
17.96,1.965835,-34.734425,0.19068725766992112,0.704832657175216,0.19111101556573243,0.7033228361845366
17.98,1.965835,-34.73443,0.19068725766992112,0.704832618349025,0.19111101556573243,0.7033228361845366
18.0,1.965845,-35.389790000000005,0.1906872915027957,0.702288143917819,0.1911110494737927,0.7007652683719355
18.02,1.965845,-35.389795,0.1906872915027957,0.702288105091628,0.1911110494737927,0.7007652683719355
18.04,1.96585,-35.717475,0.1906872915027957,0.702288105091628,0.19111108338185295,0.6982077395841267
18.06,2.2935350000000003,-35.717475,0.19068732533567032,0.702288105091628,0.1933332820191355,0.6982077395841267
18.08,2.6212150000000003,-35.717475,0.19290459660539203,0.702288105091628,0.1933332820191355,0.6982077395841267
18.1,2.6212150000000003,-35.717475,0.19290459660539203,0.702288105091628,0.1933332820191355,0.6982077395841267
18.12,2.621225,-35.717475,0.19290463043826664,0.702288105091628,0.19333331592719574,0.6982077395841267
18.14,2.621225,-35.717475,0.19290463043826664,0.702288105091628,0.19333331592719574,0.6982077395841267
18.16,2.948905,-35.71747,0.19290463043826664,0.702288105091628,0.19555551456447828,0.698207778608919
18.18,2.621225,-36.045155,0.19290463043826664,0.6997435918342308,0.19333331592719574,0.6982077395841267
18.2,3.27659,-35.717475,0.19512190170798838,0.702288105091628,0.19555554847253856,0.6982077395841267
18.22,2.621235,-36.04515,0.19290466427114122,0.6997435918342308,0.19333334983525602,0.698207778608919
18.24,3.60428,-36.045155,0.19512193554086296,0.6997435918342308,0.19777778101788135,0.6982077395841267
18.26,11.141,-36.37285,0.21507761379848075,0.6997435530080398,0.2288888671123791,0.6956501327467335
18.28,12.451735,-36.04517,0.22616407164571323,0.6997435141818487,0.22666666847509656,0.6982077005593346
18.3,12.451735,-36.045165,0.22616407164571323,0.6997435530080398,0.22666666847509656,0.6982077005593346
18.32,12.779425,-36.372845,0.22616410547858778,0.6997435530080398,0.22888890102043938,0.6956501717715257
18.34,12.779425,-36.372845,0.22616410547858778,0.6997435530080398,0.22888890102043938,0.6956501717715257
18.36,13.107105,-36.700535,0.22838137674830952,0.6971990009244518,0.22888890102043938,0.6956501327467335
18.38,13.10709,-36.700545,0.22838134291543497,0.6971989620982607,0.22888883320431883,0.6956500937219411
18.4,13.434764999999999,-36.372865000000004,0.22838130908256035,0.6997434753556577,0.23111103184160137,0.6956500937219411
18.42,13.107075,-36.372865000000004,0.22838127524968574,0.6997434753556577,0.22888879929625858,0.6956500937219411
18.44,12.451705,-36.70055,0.22616397014708942,0.6997434365294667,0.22666656675091582,0.6930925649341323
18.46,25.23131,-37.355925,0.23503312289172554,0.6946544100146725,0.30444402767670825,0.6930924478597554
18.48,57.671904999999995,-36.372935,0.37028771916386377,0.6971986903149231,0.38888838968689066,0.6982073493362039
18.5,57.999595,-35.71757,0.3813742108439709,0.7022877168297174,0.37999952732164,0.698207388360996
18.52,58.327265,-35.71757,0.38137417701109627,0.7022877168297174,0.38222169205086226,0.698207388360996
18.54,58.32726,-35.717575,0.38137417701109627,0.7022877168297174,0.382221658142802,0.6982073493362039
18.56,57.999575,-35.717575,0.38137414317822166,0.7022877168297174,0.37999945950551944,0.6982073493362039
18.58,58.327245000000005,-35.717575,0.38137410934534705,0.7022877168297174,0.3822216242347417,0.6982073493362039
18.6,57.999565000000004,-36.045255,0.38137410934534705,0.6997432035723202,0.3799994255974592,0.6982073493362039
18.62,57.671885,-36.372935,0.3791568380756253,0.6997432035723202,0.3799994255974592,0.695649820548395
18.64,57.67188,-36.37294,0.3791568380756253,0.6997431647461292,0.37999939168939895,0.695649820548395
18.66,57.671875,-36.37294,0.37915680424275067,0.6997431647461292,0.37999939168939895,0.695649820548395
18.68,58.327235,-36.372935,0.38137407551247243,0.6997432035723202,0.3822215903266815,0.695649820548395
18.7,57.67187,-36.70062,0.37915680424275067,0.6971986514887322,0.3799993577813387,0.695649820548395
18.72,57.671865,-36.70062,0.3791567704098761,0.6971986514887322,0.3799993577813387,0.695649820548395
18.74,57.344184999999996,-37.028295,0.3791567704098761,0.6971986903149231,0.37777715914405613,0.6930922917605863
18.76,57.344184999999996,-37.028295,0.3769394991401544,0.6971986903149231,0.3799993577813387,0.6930922917605863
18.78,72.74531999999999,-36.37295,0.4146334828870444,0.6971986514887322,0.44666613069326083,0.6982072712866193
18.8,79.626705,-36.045285,0.45454494090090375,0.6997430482675561,0.45333286223734953,0.6982072712866193
18.82,78.315985,-35.717595,0.44789312709173856,0.7022876391773352,0.4511106636000669,0.6982072712866193
18.84,78.643665,-35.7176,0.4501103983614603,0.7022876003511442,0.4511106636000669,0.6982072712866193
18.86,78.64367,-35.7176,0.4501103983614603,0.7022876003511442,0.45111069750812727,0.6982072712866193
18.88,78.643675,-36.04528,0.4501104321943349,0.6997430870937471,0.45111069750812727,0.6982072712866193
18.9,77.988325,-36.04528,0.4478931947574878,0.6997430870937471,0.448888532778905,0.6982072712866193
18.92,77.988325,-36.37296,0.4478931947574878,0.6997430870937471,0.448888532778905,0.6956497424988105
18.94,77.988325,-36.37296,0.4478931947574878,0.6997430870937471,0.448888532778905,0.6956497424988105
18.96,77.988325,-36.372955000000005,0.4478931947574878,0.6997431259199381,0.448888532778905,0.6956497424988105
18.98,77.988335,-36.700635,0.4478932285903624,0.6971986126625411,0.4488885666869652,0.6956497424988105
19.0,77.660655,-37.028315,0.4478932285903624,0.6971986126625411,0.44666636804968274,0.6930922137110017
19.02,80.609815,-37.356004999999996,0.4501105336929587,0.694654060578953,0.46444419450436475,0.6930921746862094
19.04,85.19741,-37.35601,0.4722836185517966,0.6946540217527619,0.47333312468573585,0.6930921746862094
19.06,84.86972,-37.356004999999996,0.4700663134492003,0.694654060578953,0.4733330907776757,0.6930921746862094
19.08,84.86971,-37.683695,0.4700662796163257,0.6946540217527619,0.47333305686961535,0.6905346068736082
19.1,84.542025,-37.6837,0.4700662457834511,0.6946539829265708,0.4711108582323329,0.6905346068736082
19.12,84.542025,-37.356025,0.4700662457834511,0.6946539829265708,0.4711108582323329,0.6930920966366247
19.14,84.21433999999999,-38.011385000000004,0.4678489406808548,0.6921094696691737,0.4711108582323329,0.690534567848816
19.16,84.214335,-38.011385000000004,0.4700662119505765,0.6921094696691737,0.4688886256869901,0.690534567848816
19.18,83.886655,-38.339065000000005,0.4678489406808548,0.6921094696691737,0.4688886256869901,0.6879770390610072
19.2,83.886655,-38.339065000000005,0.4678489406808548,0.6921094696691737,0.4688886256869901,0.6879770390610072
19.22,83.886655,-38.339065000000005,0.4678489406808548,0.6921094696691737,0.4688886256869901,0.6879770390610072
19.24,84.54201,-38.666745,0.4678489068479802,0.6895649564117766,0.47333302296155516,0.6879770390610072
19.26,85.197385,-38.66675,0.4722835170531728,0.6895649175855856,0.47333305686961535,0.6879770390610072
19.28,85.197385,-38.339065000000005,0.4722835170531728,0.6921094696691737,0.47333305686961535,0.6879770390610072
19.3,85.197375,-38.339065000000005,0.4722834832202983,0.6921094696691737,0.47333302296155516,0.6879770390610072
19.32,84.8697,-38.339065000000005,0.4722835170531728,0.6921094696691737,0.47111082432427254,0.6879770390610072
19.34,85.19738000000001,-38.994425,0.4722834832202983,0.6895649564117766,0.47333305686961535,0.6854195102731984
19.36,85.197375,-38.994429999999994,0.4722834832202983,0.6895649564117766,0.47333302296155516,0.6854194712484062
19.38,85.197375,-38.994425,0.4722834832202983,0.6895649564117766,0.47333302296155516,0.6854195102731984
19.4,85.197375,-39.649795,0.4722834832202983,0.6870204043281886,0.47333302296155516,0.6828619424605973
19.42,85.197375,-39.322105,0.4722834832202983,0.6870204431543796,0.47333302296155516,0.6854195102731984
19.44,85.197375,-39.32211,0.4722834832202983,0.6870204043281886,0.47333302296155516,0.6854195102731984
19.46,85.52506,-39.649789999999996,0.47450075449001994,0.6870204043281886,0.47333305686961535,0.6828619814853897
19.48,85.19738,-39.649789999999996,0.4722835170531728,0.6870204043281886,0.47333302296155516,0.6828619814853897
19.5,85.197385,-39.97747,0.4722835170531728,0.6844758910707914,0.47333305686961535,0.6828619814853897
19.52,85.525065,-39.649784999999994,0.4722835170531728,0.6870204431543796,0.475555255506898,0.6828619814853897
19.54,85.525065,-40.305144999999996,0.4722835170531728,0.6844759298969825,0.475555255506898,0.6803044526975809
19.56,85.52507,-40.305144999999996,0.4722835170531728,0.6844759298969825,0.4755552894149581,0.6803044526975809
19.58,85.852755,-40.63283,0.47450082215576916,0.6819313778133945,0.4755552894149581,0.6803044526975809
19.6,85.852755,-40.960505,0.47450082215576916,0.6819314166395855,0.4755552894149581,0.6777469239097722
19.62,85.852755,-40.960505,0.47450082215576916,0.6819314166395855,0.4755552894149581,0.6777469239097722
19.64,85.852765,-40.96051,0.4745008559886438,0.6819313778133945,0.47555532332301853,0.6777469239097722
19.66,85.852765,-40.632825,0.4745008559886438,0.6819314166395855,0.47555532332301853,0.6803044526975809
19.68,85.852765,-40.960505,0.4745008559886438,0.6819314166395855,0.47555532332301853,0.6777469239097722
19.7,85.852765,-40.960505,0.4745008559886438,0.6819314166395855,0.47555532332301853,0.6777469239097722
19.72,85.852765,-40.960499999999996,0.4745008559886438,0.6819314166395855,0.47555532332301853,0.6777469629345644
19.74,85.85405,-41.28818,0.4745008898215184,0.6793869033821884,0.47556400378644526,0.6777469629345644
19.76,85.85277,-40.960494999999995,0.4745008898215184,0.6819314554657765,0.47555532332301853,0.6777469629345644
19.78,85.85277500000001,-40.960494999999995,0.4745008898215184,0.6819314554657765,0.47555535723107867,0.6777469629345644
19.8,85.85277500000001,-41.288174999999995,0.4745008898215184,0.6793869422083795,0.47555535723107867,0.6777469629345644
19.82,85.85277500000001,-40.96049,0.4745008898215184,0.6819314554657765,0.47555535723107867,0.6777470019593567
19.84,15.401570000000003,-40.96049,0.4722836185517966,0.6819314554657765,4.81494455711067e-06,0.6777470019593567
19.86,85.197405,-40.96049,0.472283584718922,0.6819314942919675,0.47333312468573585,0.6777469629345644
19.88,85.52508,-41.615854999999996,0.4745008559886438,0.6793869422083795,0.4733330907776757,0.6751894341467557
19.9,85.525065,-41.615865,0.4722835170531728,0.6793869033821884,0.475555255506898,0.6751893951219633
19.92,85.852735,-41.28819,0.47450075449001994,0.6793868645559973,0.4755552215988376,0.6777469239097722
19.94,85.525045,-41.615865,0.47450072065714544,0.6793869033821884,0.47333298905349486,0.6751893951219633
19.96,84.86968,-41.288185,0.47228344938742367,0.6793869033821884,0.4711107565081521,0.6777469239097722
19.98,79.626745,-40.960499999999996,0.4678488730151056,0.6793869033821884,0.43999963650559404,0.6803044917223732
20.0,52.10134,-38.99437,0.38359165127806555,0.6870205984591439,0.3377774819487898,0.6879773122345534
20.02,43.90925,-37.68363,0.3303765994787504,0.6921097414525111,0.33555521549538675,0.6930924088349631
20.04,43.90924,-37.028275,0.33259387074847213,0.6971987679673053,0.33333294904198374,0.6930923698101709
20.06,43.581554999999994,-37.02827,0.3303765656458758,0.6971987679673053,0.33333294904198374,0.6930924088349631
20.08,43.581545,-37.355955,0.33259380308272296,0.6946542547099083,0.331110716496641,0.6930923698101709
20.1,43.253865000000005,-37.355955,0.33037653181300125,0.6946542547099083,0.331110716496641,0.6930923698101709
20.12,42.926175,-37.355955,0.3281592267104049,0.6946542547099083,0.3311106825885807,0.6930923698101709
20.14,42.598495,-37.35595,0.3281592267104049,0.6946542547099083,0.32888848395129816,0.6930924088349631
20.16,42.92617,-37.683634999999995,0.3281592267104049,0.6946542547099083,0.3311106486805204,0.6905348410223621
20.18,43.25385,-37.355955,0.33037649798012664,0.6946542547099083,0.3311106486805204,0.6930923698101709
20.2,42.598485,-37.683634999999995,0.3281591928775303,0.6946542547099083,0.3288884500432379,0.6905348410223621
20.22,42.598485,-37.683634999999995,0.3281591928775303,0.6946542547099083,0.3288884500432379,0.6905348410223621
20.24,42.598485,-37.355955,0.3281591928775303,0.6946542547099083,0.3288884500432379,0.6930923698101709
20.26,42.59848,-37.683634999999995,0.3281591928775303,0.6946542547099083,0.3288884161351776,0.6905348410223621
20.28,42.59848,-37.683634999999995,0.3281591928775303,0.6946542547099083,0.3288884161351776,0.6905348410223621
20.3,42.59848,-37.35595,0.3281591928775303,0.6946542547099083,0.3288884161351776,0.6930924088349631
20.32,42.598485,-37.68363,0.3281591928775303,0.6946542547099083,0.3288884500432379,0.6905348800471544
20.34,42.270804999999996,-37.683625,0.32594192160780855,0.6946542935360993,0.3288884500432379,0.6905348800471544
20.36,34.07875,-36.700575,0.31042092122113263,0.6971988067934963,0.28888860330767024,0.6956500156723565
20.38,29.163515,-36.37288,0.2815961917175025,0.6971988844458785,0.2844441721250449,0.6982075834849576
20.4,29.4912,-36.0452,0.2838134629872242,0.6997433977032756,0.2844442060331052,0.6982075834849576
20.42,29.491205,-36.045195,0.2838134968200988,0.6997434365294667,0.2844442060331052,0.6982075834849576
20.44,29.49121,-35.717515000000006,0.2838134968200988,0.7022879497868637,0.28444423994116547,0.6982075834849576
20.46,29.818894999999998,-35.717510000000004,0.28381353065297343,0.7022879497868637,0.286666438578448,0.6982076225097499
20.48,29.8189,-36.04519,0.2860308019226952,0.6997434365294667,0.2844442738492257,0.6982076225097499
20.5,29.491225,-36.045185000000004,0.28381356448584805,0.6997434753556577,0.2844442738492257,0.6982076225097499
20.52,29.491235000000003,-36.045185000000004,0.28381359831872266,0.6997434753556577,0.284444307757286,0.6982076225097499
20.54,29.49124,-36.37286,0.28381359831872266,0.6997434753556577,0.28444434166534627,0.6956501327467335
20.56,29.491245,-36.37286,0.2838136321515972,0.6997434753556577,0.28444434166534627,0.6956501327467335
20.58,29.491245,-36.37286,0.2838136321515972,0.6997434753556577,0.28444434166534627,0.6956501327467335
20.6,29.163575,-36.37286,0.28381366598447183,0.6997434753556577,0.28222217693612395,0.6956501327467335
20.62,28.835895,-36.372855,0.2815963947147501,0.6997435141818487,0.28222217693612395,0.6956501327467335
20.64,28.508225,-37.028215,0.27937915727790297,0.6971990009244518,0.28222221084418425,0.6930926039589247
20.66,28.508229999999998,-37.028215,0.28159642854762473,0.6971990009244518,0.280000046114962,0.6930926039589247
20.68,28.18055,-37.683575000000005,0.27937915727790297,0.6946544876670545,0.280000046114962,0.6905350751711159
20.7,27.525199999999998,-39.32199,0.27716191984105587,0.6895654223260694,0.2777778813857397,0.6828624107581049
20.72,43.25395,-41.28809,0.2904656489580101,0.6819318049014961,0.37111086840475094,0.6751897463450939
20.74,87.49124,-41.615809999999996,0.45454527922964977,0.6768426230819378,0.5066667484981189,0.6777471190337336
20.76,97.3218,-39.649735,0.5166298559352216,0.6844760852017469,0.5111112474968647,0.6854197444219523
20.78,95.355695,-38.666685,0.5055433642551146,0.689565189368923,0.5088890149515218,0.6879772732097609
20.8,96.33872,-38.011335,0.5099778729616835,0.692109663800129,0.5111111457726839,0.6905347629727775
20.82,96.338705,-37.355975,0.5099778052959343,0.6946541770575262,0.5111111118646235,0.6930922917605863
20.84,96.3387,-37.35597,0.5099778052959343,0.6946541770575262,0.5111110779565634,0.6930923307853785
20.86,96.338695,-37.028285,0.5099777714630597,0.6971987291411142,0.5111110779565634,0.6930923307853785
20.88,96.338695,-37.02829,0.5099777714630597,0.6971986903149231,0.5111110779565634,0.6930923307853785
20.9,96.666375,-36.70061,0.5121950427327814,0.6971986903149231,0.5111110779565634,0.6956498595731874
20.92,96.338695,-37.02829,0.5099777714630597,0.6971986903149231,0.5111110779565634,0.6930923307853785
20.94,96.33869,-37.683655,0.5099777714630597,0.6946541770575262,0.511111044048503,0.6905347629727775
20.96,96.338685,-37.683655,0.5099777376301851,0.6946541770575262,0.511111044048503,0.6905347629727775
20.98,89.457315,-38.01133,0.4988912797829526,0.692109663800129,0.47555535723107867,0.6905348019975698
21.0,77.332995,-38.011314999999996,0.4478933300889862,0.6921097414525111,0.44444420332046036,0.6905348410223621
21.02,77.98835,-37.683634999999995,0.4478932962561116,0.6946542547099083,0.44888860059502544,0.6905348410223621
21.04,77.332995,-38.339,0.44567602498638986,0.6921097414525111,0.4466664358658032,0.6879772732097609
21.06,77.332995,-38.99436,0.44567602498638986,0.689565189368923,0.4466664358658032,0.6854197834467445
21.08,77.660675,-38.994365,0.44567602498638986,0.689565189368923,0.44888863450308575,0.6854197444219523
21.1,77.988355,-39.322045,0.4478932962561116,0.689565189368923,0.44888863450308575,0.6828622156341435
21.12,77.98836,-39.649725000000004,0.4478932962561116,0.6870206761115261,0.448888668411146,0.6828622156341435
21.14,77.988365,-39.322045,0.4478933300889862,0.6870206761115261,0.448888668411146,0.6854197444219523
21.16,77.988365,-39.649725000000004,0.4478933300889862,0.6870206761115261,0.448888668411146,0.6828622156341435
21.18,77.988375,-40.305085000000005,0.4478933639218608,0.6844761628541288,0.44888870231920625,0.6803046868463347
21.2,78.31606500000001,-40.960445,0.4478933977547354,0.6819316495967319,0.45111093486454906,0.6777471580585259
21.22,75.03924,-40.305080000000004,0.4501107028573317,0.6819316495967319,0.42666654640607965,0.6828622546589358
21.24,52.756765,-38.99431,0.37693997280039876,0.6870208314162902,0.3488887803077449,0.6879775463833071
21.26,48.496880000000004,-37.3559,0.34589787052842313,0.6946544488408636,0.3511109789450274,0.6930926039589247
21.28,49.152245,-37.02821,0.35033244690074117,0.6971990009244518,0.3511109789450274,0.693092642983717
21.3,49.152245,-37.355895000000004,0.35033244690074117,0.6946544876670545,0.3511109789450274,0.6930926039589247
21.32,49.152245,-37.68357,0.35033244690074117,0.6946544876670545,0.3511109789450274,0.6905351141959082
21.34,49.152255,-37.683575000000005,0.3503324807336158,0.6946544876670545,0.3511110128530876,0.6905350751711159
21.36,49.15226,-38.338935,0.3503324807336158,0.6921099744096576,0.3511110467611479,0.6879775463833071
21.38,49.479945,-38.33894,0.35033251456649034,0.6921099355834666,0.3533332453984304,0.6879775463833071
21.4,49.15227,-38.66662,0.35033251456649034,0.6895654223260694,0.3511110806692081,0.6879775463833071
21.42,49.807635000000005,-38.666615,0.3525498196690867,0.6895654611522605,0.35333327930649067,0.6879775463833071
21.44,49.807640000000006,-38.9943,0.3525498196690867,0.6895654223260694,0.3533333132145509,0.6854200175954983
21.46,49.807645,-38.9943,0.35254985350196133,0.6895654223260694,0.3533333132145509,0.6854200175954983
21.48,49.80765,-39.64966,0.35254988733483594,0.6870209090686724,0.3533333132145509,0.6828624888076895
21.5,50.135335,-39.64966,0.35254988733483594,0.6870209090686724,0.35555554575989373,0.6828624888076895
21.52,44.89242,-39.97733,0.3458980396927961,0.6844764346374663,0.3266667600268593,0.6828625278324818
21.54,39.32182,-39.649635,0.31707327635629146,0.6870210255472455,0.31777793156966894,0.6828625668572741
21.56,39.97718,-40.305004999999994,0.3192905814588877,0.6844764734636575,0.3200000962988912,0.680304999044673
21.58,39.64949,-40.305015,0.31707327635629146,0.6844764346374663,0.3200000623908309,0.6803049600198807
21.6,39.97716,-40.632695,0.31929051379313855,0.6819319213800693,0.32000002848277065,0.6803049600198807
21.62,39.977154999999996,-39.97734,0.31929047996026394,0.6844764346374663,0.32000002848277065,0.6828624497828972
21.64,39.977154999999996,-40.305025,0.31929047996026394,0.6844763958112753,0.32000002848277065,0.6803049209950884
21.66,39.321795,-40.30502,0.31707320869054223,0.6844763958112753,0.31777782984548814,0.6803049600198807
21.68,39.321795,-40.30502,0.31707320869054223,0.6844763958112753,0.31777782984548814,0.6803049600198807
21.7,39.649474999999995,-40.305015,0.31707320869054223,0.6844764346374663,0.32000002848277065,0.6803049600198807
21.72,46.85849,-39.64966,0.3370287854495362,0.6870209478948635,0.34888884812386534,0.6828624497828972
21.74,48.4969,-39.32198,0.35033251456649034,0.6870209090686724,0.34666661557852263,0.6854200175954983
21.76,47.841535,-39.32198,0.3458979381941723,0.6870209090686724,0.34666661557852263,0.6854200175954983
21.78,48.496894999999995,-39.64966,0.34811520946389407,0.6870209090686724,0.3488888142158051,0.6828624888076895
21.8,47.84153,-39.32198,0.3458979381941723,0.6870209090686724,0.3466665816704623,0.6854200175954983
21.82,47.84153,-39.977335,0.3458979381941723,0.6844764346374663,0.3466665816704623,0.6828624888076895
21.84,47.841525000000004,-40.305015,0.34589790436129775,0.6844764346374663,0.3466665816704623,0.6803049600198807
21.86,47.841525000000004,-39.977335,0.34589790436129775,0.6844764346374663,0.3466665816704623,0.6828624888076895
21.88,47.841525000000004,-39.977335,0.34589790436129775,0.6844764346374663,0.3466665816704623,0.6828624888076895
21.9,48.169205000000005,-39.32197,0.34589790436129775,0.6870209478948635,0.3488887803077449,0.6854200566202906
21.92,48.496894999999995,-39.64965,0.34811520946389407,0.6870209478948635,0.3488888142158051,0.6828625278324818
21.94,48.824574999999996,-39.977325,0.34811520946389407,0.6844764734636575,0.3511110128530876,0.6828625278324818
21.96,49.15226,-39.97733,0.3503324807336158,0.6844764346374663,0.3511110467611479,0.6828625278324818
21.98,49.15227,-39.97733,0.35033251456649034,0.6844764346374663,0.3511110806692081,0.6828625278324818
22.0,49.152275,-39.64965,0.35033254839936495,0.6870209478948635,0.3511110806692081,0.6828625278324818
22.02,49.152280000000005,-39.649645,0.35033254839936495,0.6870209867210545,0.3511111145772684,0.6828625278324818
22.04,49.152285,-39.649645,0.35033258223223956,0.6870209867210545,0.3511111145772684,0.6828625278324818
22.06,49.152285,-39.97732,0.35033258223223956,0.6844764734636575,0.3511111145772684,0.6828625668572741
22.08,48.824605000000005,-39.97732,0.34811531096251785,0.6844764734636575,0.3511111145772684,0.6828625668572741
22.1,48.824605000000005,-40.304995000000005,0.34811531096251785,0.6844765122898484,0.3511111145772684,0.6803050380694653
22.12,48.496925000000005,-40.304995000000005,0.34811531096251785,0.6844765122898484,0.34888891593998583,0.6803050380694653
22.14,48.496925000000005,-40.304995000000005,0.34811531096251785,0.6844765122898484,0.34888891593998583,0.6803050380694653
22.16,47.841565,-40.63267,0.3458980396927961,0.6819319990324514,0.3466667173027033,0.6803050770942576
22.18,47.841565,-41.28803,0.3458980396927961,0.6793874857750544,0.3466667173027033,0.6777475483064489
22.2,47.841565,-40.960355,0.3458980396927961,0.6819319990324514,0.3466667173027033,0.6777475092816565
22.22,48.169245000000004,-41.28803,0.3458980396927961,0.6819319990324514,0.34888891593998583,0.6751900195186401
22.24,47.841575,-41.615705000000005,0.3458980735256707,0.6793875246012454,0.34666675121076357,0.6751900195186401
22.26,50.13535,-41.61571,0.34811534479539247,0.6793874857750544,0.36000004475863956,0.6751900195186401
22.28,57.672070000000005,-40.96036,0.3769401757976463,0.6793874469488633,0.3822222684878867,0.6803050380694653
22.3,57.672079999999994,-40.632675,0.3791574809002427,0.6819319990324514,0.38000010375866444,0.6803050380694653
22.32,57.672084999999996,-40.63267,0.3791575147331173,0.6819319990324514,0.38000010375866444,0.6803050770942576
22.34,57.672095,-40.96035,0.37915754856599193,0.6819319990324514,0.3800001376667247,0.6777475483064489
22.36,57.672095,-40.632665,0.37915754856599193,0.6819320378586424,0.3800001376667247,0.6803050770942576
22.38,57.99977,-40.960355,0.37915754856599193,0.6819319990324514,0.38222230239594696,0.6777475092816565
22.4,57.99976,-40.960359999999994,0.3791575147331173,0.6819319990324514,0.3822222684878867,0.6777474702568642
22.42,57.999745000000004,-40.63269,0.3791574470673681,0.6819319602062603,0.3822222345798264,0.6803049600198807
22.44,58.32742,-40.63269,0.3813747183370898,0.6819319213800693,0.38222220067176615,0.680304999044673
22.46,57.672055,0.654989999999998,0.3791574132344935,0.6844764346374663,0.38000000203448364,0.9999960975207705
22.48,57.67205,-40.632684999999995,0.3791573794016189,0.6844764734636575,0.38000000203448364,0.6777474702568642
22.5,51.446070000000006,-40.304995000000005,0.3725055317595791,0.6819319602062603,0.34444445084930037,0.6828626058820664
22.52,39.97717,-38.994254999999995,0.31929054762601317,0.6895656164570247,0.3200000623908309,0.6854201736946676
22.54,39.977165,-38.99425,0.31929051379313855,0.6895656164570247,0.3200000623908309,0.6854202127194597
22.56,39.3218,-38.666565,0.31707324252341684,0.6895656552832158,0.31777782984548814,0.6879777415072685
22.58,39.32179,-38.66657,0.31707320869054223,0.6895656164570247,0.31777779593742783,0.6879777415072685
22.6,39.64947,-38.666575,0.31929047996026394,0.6895656164570247,0.31777779593742783,0.6879777024824761
22.62,39.977145,-38.99425,0.3192904461273893,0.6895656164570247,0.31999999457471034,0.6854202127194597
22.64,39.649475,-38.99425,0.31929047996026394,0.6895656164570247,0.31777782984548814,0.6854202127194597
22.66,39.321785,-38.666565,0.3170731748576676,0.6895656552832158,0.31777779593742783,0.6879777415072685
22.68,39.321785,-38.666565,0.3170731748576676,0.6895656552832158,0.31777779593742783,0.6879777415072685
22.7,38.994105,-38.666565,0.3170731748576676,0.6895656552832158,0.3155555973001453,0.6879777415072685
22.72,39.32178,-38.66657,0.3170731748576676,0.6895656164570247,0.3177777620293676,0.6879777415072685
22.74,38.666425000000004,-38.666565,0.31485590358794585,0.6895656552832158,0.3155555973001453,0.6879777415072685
22.76,38.338735,-38.66657,0.31485586975507124,0.6895656164570247,0.31333336475480256,0.6879777415072685
22.78,38.011055,-38.338885000000005,0.31263859848534953,0.6921101685406128,0.31333336475480256,0.6879777415072685
22.8,38.011055,-38.33889,0.31263859848534953,0.6895656164570247,0.31333336475480256,0.6905352702950773
22.82,37.35569,-38.338885000000005,0.3104213272156278,0.6921101685406128,0.3111111322094598,0.6879777415072685
22.84,37.355689999999996,-38.338885000000005,0.3104212933827532,0.6921101685406128,0.31111116611752,0.6879777415072685
22.86,37.355695,-38.666565,0.3082040559459061,0.6895656552832158,0.31333336475480256,0.6879777415072685
22.88,53.41214,-39.321945,0.34811520946389407,0.6870210643734366,0.3822220989475854,0.6854201346698751
22.9,59.63812,-38.66659,0.3880264644805058,0.6895655388046426,0.38444433149292817,0.687977663457684
22.92,58.655065,-37.683544999999995,0.3813745830055914,0.6946546041456277,0.384444297584868,0.6905351922454926
22.94,58.327385,-37.683535,0.3813745830055914,0.6946546429718189,0.3822220989475854,0.6905352312702849
22.96,58.65506,-38.011215,0.3813745830055914,0.6921101297144218,0.3844442636768077,0.6905352312702849
22.98,58.982735,-38.01121,0.38359182044243856,0.6921101297144218,0.3844442636768077,0.6905352702950773
23.0,58.655055,-37.68353,0.38359182044243856,0.6946546429718189,0.38222206503952516,0.6905352702950773
23.02,58.982735,-37.683525,0.38359182044243856,0.6946546817980099,0.3844442636768077,0.6905352702950773
23.04,58.982735,-37.683525,0.38359182044243856,0.6946546817980099,0.3844442636768077,0.6905352702950773
23.06,58.655055000000004,-37.68352,0.38137454917271685,0.6946546817980099,0.3844442636768077,0.6905353093198696
23.08,58.327375,-38.338885000000005,0.38137454917271685,0.6921101685406128,0.38222206503952516,0.6879777415072685
23.1,58.982735000000005,-38.011205000000004,0.38137454917271685,0.6921101685406128,0.38666646231409024,0.6905352702950773
23.12,66.84714,-37.02817,0.40354746486718174,0.6946546429718189,0.4177776162247085,0.6956503278706948
23.14,67.50251,-35.38976,0.4124166852775671,0.7022882215702011,0.4133331511340229,0.7007654244711047
23.16,66.847145,-35.389755,0.41019938017497076,0.7022882603963922,0.41111095249674035,0.7007654244711047
23.18,66.847155,-34.73439,0.4101994140078454,0.7048327736537893,0.41111098640480065,0.7033229922837059
23.2,66.51947,-35.717434999999995,0.4079821427381236,0.7022882603963922,0.41111095249674035,0.698207895683296
23.22,66.19178,-36.045114999999996,0.407982108905249,0.6997437471389951,0.4088887199513976,0.698207895683296
23.24,66.84713,-36.372805,0.41019934634209615,0.6997437083128041,0.41111088468061985,0.6956503278706948
23.26,66.51943,-36.700495000000004,0.4079820074066252,0.6971991562292159,0.41111081686449935,0.6956502888459025
23.28,77.00532000000001,-36.700514999999996,0.4345895333062828,0.6971990785768338,0.4555553999552347,0.6956502107963181
23.3,80.28216499999999,-35.3898,0.4567625843322461,0.7022880662654368,0.45555536604717434,0.7007652683719355
23.32,79.954475,-35.062115000000006,0.45454524539677515,0.704832618349025,0.45555536604717434,0.7007652683719355
23.34,79.299115,-35.062115000000006,0.45232797412705344,0.704832618349025,0.4533331674098919,0.7007652683719355
23.36,79.299115,-35.062115000000006,0.45232797412705344,0.704832618349025,0.4533331674098919,0.7007652683719355
23.38,78.971435,-35.06212,0.45232797412705344,0.704832579522834,0.45111096877260926,0.7007652683719355
23.4,78.97143,-35.06212,0.45232797412705344,0.704832579522834,0.45111093486454906,0.7007652683719355
23.42,78.643755,-35.06212,0.4501107028573317,0.704832579522834,0.45111096877260926,0.7007652683719355
23.44,78.643745,-34.734435000000005,0.45011066902445707,0.704832618349025,0.45111093486454906,0.7033227971597443
23.46,78.316065,-34.73444,0.45011066902445707,0.704832579522834,0.44888873622726644,0.7033227971597443
23.48,77.988385,-34.734435000000005,0.4478933977547354,0.704832618349025,0.44888873622726644,0.7033227971597443
23.5,87.491235,-34.734445,0.46784910984522776,0.704832579522834,0.49333331931800184,0.703322758134952
23.52,92.406515,-33.423725000000005,0.4966740761789801,0.7099216060376281,0.49777781831674767,0.7084378157105695
23.54,92.078835,-32.768355,0.49445680490925836,0.7124661581212163,0.49777781831674767,0.7109953835231706
23.56,92.40651,-33.09604,0.4966740761789801,0.7124661192950251,0.49777778440868736,0.7084378547353619
23.58,92.406515,-33.09604,0.4966740761789801,0.7124661192950251,0.49777781831674767,0.7084378547353619
23.6,92.406515,-33.096045000000004,0.4966740761789801,0.7124661192950251,0.49777781831674767,0.7084378157105695
23.62,92.40652,-33.42372,0.4966740761789801,0.7099216060376281,0.4977778522248079,0.7084378547353619
23.64,92.406525,-33.423725000000005,0.4966741100118547,0.7099216060376281,0.4977778522248079,0.7084378157105695
23.66,93.06189,-33.751400000000004,0.4966741100118547,0.7099216060376281,0.5022222834074332,0.7058803259475531
23.68,101.25399999999999,-33.423735,0.5188470933720688,0.709921567211437,0.5355557376795148,0.7084377766857772
23.7,103.54779500000001,-33.42373,0.5343682290902431,0.709921567211437,0.5355557376795148,0.7084378157105695
23.72,103.875475,-33.09605,0.5343682290902431,0.7124660804688341,0.5377779363167974,0.7084378157105695
23.74,104.203155,-33.42373,0.5365855003599649,0.709921567211437,0.5377779363167974,0.7084378157105695
23.76,104.20316,-33.751405000000005,0.5365855003599649,0.7099216060376281,0.5377779702248576,0.7058802869227607
23.78,103.875485,-33.751405000000005,0.5365855341928395,0.7099216060376281,0.5355557715875751,0.7058802869227607
23.8,104.203165,-34.40677,0.5365855341928395,0.7073770539540399,0.5377779702248576,0.703322758134952
23.82,103.87549,-34.079085,0.5343682967559923,0.707377092780231,0.5377779702248576,0.7058802869227607
23.84,104.530845,-34.406765,0.5365855341928395,0.707377092780231,0.5400001688621402,0.703322758134952
23.86,104.203175,-34.40677,0.5365855680257141,0.7073770539540399,0.5377780041329179,0.703322758134952
23.88,104.859805,-34.406765,0.5388114328455839,0.707377092780231,0.5400002027702004,0.703322758134952
23.9,104.53085,-34.73445,0.5388028054625612,0.7048325406966428,0.5377780041329179,0.703322758134952
23.92,104.85853,-34.73445,0.5388028392954358,0.7048325406966428,0.5400001688621402,0.703322758134952
23.94,104.530845,-34.73445,0.5388028054625612,0.7048325406966428,0.5377779702248576,0.703322758134952
23.96,104.530855,-35.389804999999996,0.5388028392954358,0.7022880662654368,0.5377780041329179,0.7007652293471432
23.98,104.530855,-35.389815,0.5388028392954358,0.7022880274392459,0.5377780041329179,0.700765190322351
24.0,104.858535,-35.717495,0.5388028392954358,0.7022880274392459,0.5400002027702004,0.6982076615345421
24.02,104.858535,-36.045175,0.5388028392954358,0.7022880274392459,0.5400002027702004,0.6956501327467335
24.04,110.42915500000001,-36.372875,0.5454546869374756,0.6997434365294667,0.5711113566808187,0.6956500546971488
24.06,120.587355,-35.717525,0.5920179925933747,0.6997433977032756,0.5933335465020056,0.7007650732479741
24.08,119.93198,-34.734480000000005,0.5898006536579038,0.7048324630442607,0.5911113139566628,0.7033226020357829
24.1,119.931965,-34.406805000000006,0.5898005859921547,0.7073769374754667,0.5911112800486026,0.7033226020357829
24.12,119.93197,-34.079125000000005,0.5898005859921547,0.7073769374754667,0.5911113139566628,0.7058801308235917
24.14,119.93198000000001,-34.079125000000005,0.5898006198250293,0.7073769374754667,0.591111347864723,0.7058801308235917
24.16,119.276625,-34.406805000000006,0.587583382388182,0.7073769374754667,0.5888891492274405,0.7033226020357829
24.18,118.94895,-34.406805000000006,0.5853661111184604,0.7073769374754667,0.5888891831355008,0.7033226020357829
24.2,120.91504499999999,-34.079125000000005,0.5898006874907784,0.7073769374754667,0.5977780455007514,0.7058801308235917
24.22,124.51957999999999,-33.096085,0.6053217893760781,0.709921450732864,0.6066670095901828,0.7109951883992092
24.24,123.864215,-32.768405,0.6031045181063563,0.7124659639902609,0.60444477704484,0.7109951883992092
24.26,123.86421,-32.440725,0.6031044842734817,0.7150104772476581,0.60444477704484,0.7109951883992092
24.28,123.864205,-32.7684,0.6031044842734817,0.7124659639902609,0.6044447431367799,0.7109952274240016
24.3,123.864205,-33.096085,0.6031044842734817,0.7124659639902609,0.6044447431367799,0.7084376596114005
24.32,123.864205,-33.096085,0.6031044842734817,0.7124659639902609,0.6044447431367799,0.7084376596114005
24.34,123.8642,-33.751455,0.6031044842734817,0.7099214119066728,0.6044447092287195,0.7058800917987994
24.36,123.86419,-34.079135,0.6031044504406071,0.7073768986492758,0.6044446753206593,0.7058800917987994
24.38,123.86418499999999,-34.079135,0.6031044166077326,0.7073768986492758,0.6044446753206593,0.7058800917987994
24.4,123.864175,-34.406814999999995,0.603104382774858,0.7073768986492758,0.604444641412599,0.7033225630109906
24.42,123.536495,-34.406814999999995,0.6008871115051363,0.7073768986492758,0.604444641412599,0.7033225630109906
24.44,123.208815,-34.7345,0.6008871115051363,0.7048323465656876,0.6022224427753164,0.7033225630109906
24.46,123.53649,-35.062174999999996,0.6008871115051363,0.7048323853918786,0.6044446075045388,0.7007650342231818
24.48,123.536485,-35.38986,0.6008870776722617,0.7022878333082905,0.6044446075045388,0.7007650342231818
24.5,122.881125,-35.71754,0.59866980640254,0.7022878333082905,0.6022224088672562,0.698207505435373
24.52,122.881125,-35.717535,0.6008870776722617,0.7022878721344816,0.6000002102299736,0.698207505435373
24.54,123.208805,-35.71754,0.6008870776722617,0.7022878721344816,0.6022224088672562,0.6982074664105807
24.56,123.20881,-36.3729,0.6008870776722617,0.6997433200508935,0.6022224427753164,0.6956499766475642
24.58,123.20881,-36.372905,0.6008871115051363,0.6997433200508935,0.6022224088672562,0.6956499376227719
24.6,123.20881,-36.70058,0.6008871115051363,0.6971988067934963,0.6022224088672562,0.6956499766475642
24.62,123.20881,-37.028265000000005,0.6008870776722617,0.6971988067934963,0.6022224427753164,0.6930924088349631
24.64,126.157965,-37.028265000000005,0.603104382774858,0.6971988067934963,0.6200002353219383,0.6930924088349631
24.66,134.02239500000002,-36.04522,0.6363638916480538,0.6997433200508935,0.6400003282300234,0.698207505435373
24.68,133.69471499999997,-35.389855,0.6363639254809283,0.7022878721344816,0.6377780956846806,0.7007650342231818
24.7,133.69471,-35.38985,0.6363639254809283,0.7022878721344816,0.6377780617766203,0.7007650732479741
24.72,133.69471,-35.71753,0.6363639254809283,0.7022878721344816,0.6377780617766203,0.6982075444601653
24.74,133.36703,-36.045204999999996,0.6363639254809283,0.6997433977032756,0.6355558631393379,0.6982075444601653
24.76,133.694705,-36.04521,0.6363638916480538,0.6997433588770845,0.6377780617766203,0.6982075444601653
24.78,133.694705,-36.372885,0.6363638916480538,0.6997433977032756,0.6377780617766203,0.6956500156723565
24.8,135.00543,-36.700565,0.6363638916480538,0.6997433977032756,0.6466668902338107,0.6930924868845477
24.82,148.112815,-37.028265,0.6740579768935676,0.6946542935360993,0.6977782387766949,0.6956499376227719
24.84,153.02808,-35.71755,0.7028829093944453,0.6997432812247024,0.7022226699593203,0.7007649951983894
24.86,152.045025,-34.07914,0.696231027919531,0.7073768598230846,0.70222263605126,0.7058800917987994
24.88,152.70038499999998,-33.423779999999994,0.7006655704589744,0.7099214119066728,0.70222263605126,0.7084375815618158
24.9,152.3727,-33.423775,0.7006655704589744,0.7099214119066728,0.7000004035059172,0.7084376205866081
24.92,152.04502,-33.096095000000005,0.6984482991892527,0.7124659251640699,0.7000004035059172,0.7084376205866081
24.94,151.71733,-32.768415000000005,0.6962309602537817,0.7124659251640699,0.7000004035059172,0.7109951493744169
24.96,151.71732500000002,-32.768415000000005,0.6962309602537817,0.7124659251640699,0.7000003695978568,0.7109951493744169
24.98,151.389645,-32.44073,0.6962309602537817,0.7124659251640699,0.6977781709605744,0.7135527171870181
25.0,151.389645,-32.11305,0.6962309602537817,0.7150104384214668,0.6977781709605744,0.7135527171870181
25.02,151.389645,-31.785375,0.6962309602537817,0.7175549516788641,0.6977781709605744,0.7135526781622257
25.04,151.389645,-31.78537,0.6962309602537817,0.7175549516788641,0.6977781709605744,0.7135527171870181
25.06,153.02807,-31.785375,0.698448265356378,0.7175549516788641,0.7066671011419455,0.7135526781622257
25.08,155.32186,-32.11305,0.7095347908693597,0.7150104384214668,0.7111115323245708,0.7135527171870181
25.1,154.666495,-31.45769,0.7073174857667635,0.7175549516788641,0.7088893336872883,0.7161102459748266
25.12,154.99417499999998,-31.78537,0.7073174857667635,0.7175549516788641,0.7111115323245708,0.7135527171870181
25.14,154.994175,-31.457684999999998,0.7095347570364852,0.717554990505055,0.7088893336872883,0.7161102459748266
25.16,154.99418,-31.457684999999998,0.7073175195996381,0.717554990505055,0.7111115323245708,0.7161102459748266
25.18,154.66649999999998,-30.802325000000003,0.7073174857667635,0.7200995037624521,0.7088893675953486,0.7186677747626354
25.2,154.6665,-30.802325000000003,0.7073175195996381,0.7200995037624521,0.7088893336872883,0.7186677747626354
25.22,154.666505,-30.80232,0.7073175195996381,0.7200995037624521,0.7088893675953486,0.7186678137874278
25.24,154.338835,-31.129995,0.7051002821627909,0.7200995425886432,0.7088894015034088,0.716110284999619
25.26,154.666515,-30.802315,0.7073175534325126,0.7200995425886432,0.7088894015034088,0.7186678137874278
25.28,154.666515,-30.802315,0.7073175534325126,0.7200995425886432,0.7088894015034088,0.7186678137874278
25.3,155.321885,-31.129995,0.7095348585351089,0.7200995425886432,0.7111116340487517,0.716110284999619
25.32,154.994205,-31.130000000000003,0.7073175872653872,0.7200995037624521,0.7111116340487517,0.716110284999619
25.34,154.66652499999998,-31.45768,0.7073175872653872,0.717554990505055,0.7088894354114691,0.716110284999619
25.36,154.666535,-31.457675000000002,0.7073176210982618,0.717555029331246,0.7088894693195293,0.716110284999619
25.38,154.338855,-31.45768,0.7073176210982618,0.717554990505055,0.7066672706822469,0.716110284999619
25.4,154.33886,-31.12999,0.7073176549311364,0.7200995425886432,0.7066672706822469,0.7161103240244113
25.42,154.338865,-31.12999,0.7051003836614146,0.7200995425886432,0.7088895032275896,0.7161103240244113
25.44,154.994235,-30.80231,0.707317688764011,0.7200995425886432,0.7111117357729324,0.7186678528122201
25.46,154.338885,-30.474629999999998,0.7073177225968856,0.7226440558460402,0.7066673724064276,0.7186678528122201
25.48,154.66657,-30.474629999999998,0.7073177225968856,0.7226440558460402,0.7088896049517704,0.7186678528122201
25.5,153.02814999999998,-30.146945000000002,0.7051004851600384,0.7226440946722313,0.7000006408623389,0.7212253816000289
25.52,149.75130000000001,-29.81926,0.6917965868787113,0.7251886079296284,0.6911117784970884,0.7212254206248212
25.54,149.42362500000002,-29.163895,0.6895793494418642,0.7277331600132165,0.6911117784970884,0.72378294941263
25.56,149.095945,-29.491575,0.6873620781721423,0.7277331600132165,0.6911117784970884,0.7212254206248212
25.58,149.42363,-29.81926,0.6895793832747388,0.7251886467558195,0.6911117784970884,0.7212253816000289
25.6,150.07899,-30.47463,0.6917966545444605,0.7226440946722313,0.693333977134371,0.7186678137874278
25.62,150.07898,-30.802325000000003,0.6917966207115859,0.7200995037624521,0.6933339432263106,0.7186677747626354
25.64,149.4236,-31.130005,0.6917965868787113,0.7200995037624521,0.6888894442275647,0.7161102459748266
25.66,119.276645,-32.44072,0.6363640269795522,0.7150104384214668,0.5400002366782606,0.7109952664487937
25.68,53.084585000000004,-32.440615,0.4257208203890165,0.7124662745997895,0.3022226767409323,0.7135532635341101
25.7,6.225965,-31.45751,0.2062092053770858,0.715011137292906,0.20444512290705466,0.7186684772088968
25.72,7.208975000000001,-29.491425,0.20842634131530915,0.7251892291486853,0.20888945236549922,0.7237835347845144
25.74,6.55359,-29.819105,0.2062089685469636,0.7251892291486853,0.20666718591209615,0.7212260059967056
25.76,6.55358,-30.47447,0.20620893471408902,0.7226446770650972,0.20666715200403588,0.7186684772088968
25.78,7.20893,-30.146794999999997,0.20842617215093615,0.7226446770650972,0.20888931673325817,0.7212259669719133
25.8,7.20891,-30.802165000000002,0.20842610448518697,0.7201001249815091,0.20888924891713764,0.7186683991593122
25.82,7.208915,-31.129845,0.20842610448518697,0.7201001249815091,0.2088892828251979,0.7161108703715034
25.84,7.2089,-30.802175,0.20842607065231236,0.7201000861553181,0.20888921500907737,0.71866836013452
25.86,7.864255,-31.78522,0.2106433080891595,0.717555572897921,0.2111114136463599,0.7135532635341101
25.88,7.864255,-32.440585,0.2106433080891595,0.7150110208143329,0.2111114136463599,0.7109957347463013
25.9,8.84729,-35.38973,0.2106432742562849,0.7048328901323624,0.21777800955820753,0.6982079737328806
25.92,10.485705,-35.717425000000006,0.21951242700092102,0.7022882992225833,0.2200002421035503,0.6982079347080883
25.94,10.813379999999999,-36.04510500000001,0.2195123931680464,0.7022882992225833,0.2222224407408328,0.6956504059202795
25.96,11.141055,-36.372794999999996,0.22172966443776815,0.6997437471389951,0.22222240683277256,0.6956503668954872
25.98,10.813379999999999,-36.372794999999996,0.21951242700092102,0.6997437471389951,0.22222240683277256,0.6956503668954872
26.0,10.813385,-37.028155,0.22172969827064276,0.6971992338815981,0.2200002421035503,0.6930928381076784
26.02,10.813385,-37.028155,0.21951242700092102,0.6971992338815981,0.2222224407408328,0.6930928381076784
26.04,10.485705,-37.355835,0.21951242700092102,0.694654720624201,0.2200002421035503,0.6930928381076784
26.06,10.485705,-37.355835,0.21951242700092102,0.694654720624201,0.2200002421035503,0.6930928381076784
26.08,10.813385,-37.68352,0.22172969827064276,0.6946546817980099,0.2200002421035503,0.6905353093198696
26.1,10.813395,-37.683515,0.21951246083379564,0.694654720624201,0.22222247464889308,0.6905353093198696
26.12,12.12412,-37.683515,0.21951246083379564,0.694654720624201,0.23111130310608347,0.6905353093198696
26.14,36.7003,-37.355855000000005,0.2815964623804993,0.6946546817980099,0.3355554528518086,0.6930927210333014
26.16,47.186145,-37.028195,0.3458978366955485,0.6971990397506427,0.3422221165797767,0.6930927210333014
26.18,46.858464999999995,-36.700505,0.34146329415610505,0.6971991174030249,0.34444431521705926,0.6956502498211102
26.2,47.186144999999996,-36.7005,0.3436805654258268,0.6971991174030249,0.34444431521705926,0.6956502888459025
26.22,47.513825,-37.02817,0.3436805654258268,0.6971991562292159,0.3466665138543418,0.6930927990828861
26.24,47.513825,-36.37281,0.3436805654258268,0.699743669486613,0.3466665138543418,0.6956503278706948
26.26,47.513825,-37.028165,0.3436805654258268,0.697199195055407,0.3466665138543418,0.6930927990828861
26.28,47.513825,-37.02816,0.3436805654258268,0.697199195055407,0.3466665138543418,0.6930928381076784
26.3,47.84151,-37.028155,0.3458978366955485,0.6971992338815981,0.3466665477624021,0.6930928381076784
26.32,47.513835,-37.02815,0.34589787052842313,0.6971992338815981,0.3444443491251195,0.6930928771324707
26.34,47.84152,-37.028155,0.34589787052842313,0.6971992338815981,0.3466665816704623,0.6930928381076784
26.36,47.84152,-37.028155,0.34589790436129775,0.6971992338815981,0.3466665477624021,0.6930928381076784
26.38,55.378225,-37.683525,0.35033244690074117,0.694654720624201,0.3933331599501185,0.6905352312702849
26.4,76.0223,-37.028205,0.43458966863778115,0.6946545264932458,0.448888804043387,0.6956501717715257
26.42,77.00534999999999,-36.372845,0.4456761603178882,0.6997435530080398,0.44444433895270147,0.6956501717715257
26.44,77.005335,-36.045165,0.4434588213824173,0.6997435530080398,0.44666650368192373,0.6982077005593346
26.46,77.33301,-36.045165,0.4456760926521391,0.6997435530080398,0.4466664697738635,0.6982077005593346
26.48,76.67765,-36.372855,0.4434587875495427,0.6997435141818487,0.4444443050446412,0.6956501327467335
26.5,76.677655,-37.028215,0.4434588213824173,0.6971990009244518,0.4444443050446412,0.6930926039589247
26.52,77.005335,-37.683585,0.4434588213824173,0.6946544488408636,0.44666650368192373,0.6905350361463235
26.54,77.333015,-38.33895,0.4456760926521391,0.6921098967572754,0.44666650368192373,0.6879775073585148
26.56,77.00533,-38.011275,0.4456760926521391,0.6921098967572754,0.4444442711365809,0.6905349971215312
26.58,77.33301,-38.011275,0.4456760926521391,0.6921098967572754,0.4466664697738635,0.6905349971215312
26.6,77.33301,-38.338955,0.4456760588192645,0.6921098967572754,0.44666650368192373,0.6879774683337224
26.62,80.28216,-38.994325,0.4478933639218608,0.6921098579310844,0.4644442623204853,0.6828623717333125
26.64,86.180475,-39.97738,0.47450095748726756,0.684476240506511,0.47777762368448173,0.6828623327085204
26.66,85.852795,-39.97738,0.47450095748726756,0.684476279332702,0.4755554250471992,0.682862293683728
26.68,85.852795,-39.97738,0.47450095748726756,0.684476240506511,0.4755554250471992,0.6828623327085204
26.7,85.852795,-40.305065,0.47450095748726756,0.684476240506511,0.4755554250471992,0.6803047648959193
26.72,86.180475,-40.632745,0.4767182287569893,0.681931727249114,0.4755554250471992,0.6803047648959193
26.74,86.180475,-40.632745,0.47450095748726756,0.681931727249114,0.47777762368448173,0.6803047648959193
26.76,86.508155,-40.632745,0.4767182287569893,0.681931727249114,0.47777762368448173,0.6803047648959193
26.78,88.801935,-40.960425,0.47450092365439295,0.681931727249114,0.4955553823230433,0.6777472361081104
26.8,115.34437,-40.63277,0.5454545177731026,0.6793871363393348,0.6044446075045388,0.6828621766093511
26.82,132.38398,-38.99438,0.6319293491086103,0.6870205984591439,0.6333336305939951,0.6879772341849687
26.84,131.073245,-38.011325,0.6274947389034177,0.6921097026263202,0.6288891994113697,0.6905348019975698
26.86,131.72860500000002,-38.339005,0.6297120101731394,0.6921097026263202,0.6311113980486522,0.6879772732097609
26.88,132.05629,-38.339005,0.6297120101731394,0.6921097026263202,0.6333336305939951,0.6879772732097609
26.9,132.38397500000002,-38.339005,0.6319293152757357,0.6921097026263202,0.6333336305939951,0.6879772732097609
26.92,132.38397500000002,-38.666685,0.6319293152757357,0.689565189368923,0.6333336305939951,0.6879772732097609
26.94,132.056295,-38.994365,0.629712044006014,0.689565189368923,0.6333336305939951,0.6854197444219523
26.96,132.38398,-38.99437,0.6319293152757357,0.689565150542732,0.6333336645020553,0.6854197444219523
26.98,135.66082,-38.99437,0.6341465865454575,0.689565150542732,0.6533337235020801,0.6854197444219523
27.0,146.146745,-38.6667,0.6740581122250661,0.689565111716541,0.6844449791368792,0.6879772341849687
27.02,146.80211500000001,-38.011335,0.680710027532855,0.692109663800129,0.6822227465915364,0.6905347629727775
27.04,146.474445,-38.01134,0.6784927900960078,0.692109624973938,0.6822227804995967,0.6905347629727775
27.06,146.474445,-38.011345,0.6807100613657296,0.692109624973938,0.6800005818623142,0.6905347239479852
27.08,146.802125,-38.666705,0.6807100613657296,0.689565111716541,0.6822227804995967,0.6879771951601764
27.1,146.80213,-38.994384999999994,0.6807100951986043,0.689565111716541,0.6822227804995967,0.6854196663723676
27.12,146.80213,-39.32208,0.6807100951986043,0.6870205596329528,0.6822227804995967,0.685419588322783
27.14,146.80211500000001,-39.322085,0.680710027532855,0.6870205208067617,0.6822227465915364,0.685419588322783
27.16,146.80210499999998,-39.649775000000005,0.6807099936999804,0.6870204819805706,0.6822227126834761,0.682862020510182
27.18,146.80210499999998,-39.649775000000005,0.6784927224302587,0.6870204819805706,0.6844449113207587,0.682862020510182
27.2,147.129785,-39.64978,0.6807099936999804,0.6870204431543796,0.6844449113207587,0.682862020510182
27.22,146.80210499999998,-39.64978,0.6807099936999804,0.6870204431543796,0.6822227126834761,0.682862020510182
27.24,146.80210499999998,-39.977464999999995,0.6807099936999804,0.6844759298969825,0.6822227126834761,0.6828619814853897
27.26,146.8021,-40.305144999999996,0.6807099936999804,0.6844759298969825,0.6822226787754159,0.6803044526975809
27.28,146.802095,-40.305144999999996,0.6807099598671058,0.6844759298969825,0.6822226787754159,0.6803044526975809
27.3,146.80209,-40.63283,0.6807099260342312,0.6844758910707914,0.6822226787754159,0.6777469239097722
27.32,139.26536,-41.943555,0.6762753496619132,0.6793868645559973,0.6355559309554583,0.6726318273093623
27.34,97.64951,-44.89265,0.5565412124504573,0.6692088503526001,0.4733335993985796,0.6598443394694876
27.36,76.350065,-45.547995,0.43902458333884525,0.6615754270589822,0.4466668088544661,0.6624018682572963
27.38,78.31614,-45.548,0.45011093968745397,0.6641199014901882,0.44888897358368834,0.6598443394694876
27.4,77.333085,-46.203365000000005,0.44567632948226127,0.6615753882327909,0.4466667410383455,0.6572867716568865
27.42,77.33307,-46.531045,0.44567629564938666,0.659030874975394,0.4466666732222251,0.6572867716568865
27.44,77.00538,-46.531054999999995,0.44567626181651204,0.659030836149203,0.44444444067688227,0.6572867326320941
27.46,76.677695,-46.531054999999995,0.44345895671391566,0.659030836149203,0.44444444067688227,0.6572867326320941
27.48,76.677685,-46.531054999999995,0.44345892288104105,0.659030836149203,0.4444444067688219,0.6572867326320941
27.5,76.677685,-46.53106,0.44345892288104105,0.659030836149203,0.4444444067688219,0.6572866936073019
27.52,76.677685,-46.85874,0.44345892288104105,0.6590307973230118,0.4444444067688219,0.6547292038442853
27.54,76.677685,-47.514105,0.44345892288104105,0.6564862840656148,0.4444444067688219,0.6521716360316843
27.56,56.68902,-48.824799999999996,0.4146341257116618,0.6513972963770117,0.337777888845513,0.6470567345552359
27.58,13.107240000000001,-49.1524,0.24390288462810444,0.6488531325553342,0.21333381573200402,0.6470570077287819
27.6,11.796475000000001,-48.497045,0.22172986743501577,0.6513976458127313,0.2266670075556992,0.6496144974917984
27.62,11.796465,-48.824725,0.2239471048718629,0.6513976458127313,0.2244447750103564,0.6470569687039897
27.64,11.468779999999999,-48.824725,0.22172983360214116,0.6513976458127313,0.22444474110229612,0.6470569687039897
27.66,11.468775,-49.152405,0.22394707103898828,0.6488531325553342,0.22222254246501358,0.6470569687039897
27.68,11.141095,-49.15241,0.22172979976926654,0.6488530937291431,0.22222254246501358,0.6470569687039897
27.7,11.141095,-49.480090000000004,0.22172979976926654,0.6488530937291431,0.22222254246501358,0.6444994399161809
27.72,11.141095,-49.480090000000004,0.22172979976926654,0.6488530937291431,0.22222254246501358,0.6444994399161809
27.74,11.1411,-49.480095000000006,0.22172979976926654,0.6488530937291431,0.22222257637307385,0.6444994008913886
27.76,5.570500000000001,-49.48008,0.21286068085750504,0.6488531325553342,0.19333375673197917,0.6444994789409733
27.78,1.638305,-49.480075,0.18847049389331838,0.6488531713815252,0.19111152418663635,0.6444994789409733
27.8,1.9659849999999999,-49.480075,0.19068776516304012,0.6488531713815252,0.19111152418663635,0.6444994789409733
27.82,1.9659900000000001,-49.48007,0.19068776516304012,0.6488532102077164,0.19111155809469663,0.6444994789409733
27.84,1.965995,-50.13543,0.1906877989959147,0.6463086969503192,0.19111155809469663,0.6419419501531645
27.86,1.966005,-50.46311,0.1906878328287893,0.6437641448667311,0.19111159200275687,0.6419419891779568
27.88,1.966005,-50.13543,0.1906878328287893,0.6463086581241282,0.19111159200275687,0.6419419891779568
27.9,1.966,-50.790795,0.1906878328287893,0.6437641448667311,0.19111155809469663,0.6393844213653557
27.92,2.62135,-50.790795,0.19290507026563644,0.6437641448667311,0.1933337228239189,0.6393844213653557
27.94,2.62133,-51.118485,0.19290500259988724,0.641219592783143,0.19333365500779837,0.6393843823405633
27.96,2.949,-51.44617,0.19290496876701263,0.6412195539569518,0.19555581973702063,0.6368268535527546
27.98,2.621315,-51.44617,0.19290493493413804,0.6412195539569518,0.1933336210997381,0.6368268535527546
28.0,2.62131,-51.44617,0.19290493493413804,0.6412195539569518,0.19333358719167784,0.6368268535527546
28.02,2.6213,-51.773855,0.19290490110126343,0.6386750406995548,0.19333355328361757,0.6368268145279622
28.04,2.621295,-51.773855,0.19290486726838885,0.6386750406995548,0.19333355328361757,0.6368268145279622
28.06,3.276655,-52.101535,0.19512213853811056,0.6386750406995548,0.1955557519209001,0.6342692857401535
28.08,3.2766450000000003,-52.756905,0.19512210470523597,0.6361304886159667,0.19555571801283986,0.6317117179275524
28.1,3.2766349999999997,-52.756905,0.19512207087236136,0.6361304886159667,0.19555568410477958,0.6317117179275524
28.12,3.27662,-52.756905,0.19512203703948677,0.6361304886159667,0.19555561628865908,0.6317117179275524
28.14,3.2766149999999996,-52.756905,0.19512200320661216,0.6361304886159667,0.19555561628865908,0.6317117179275524
28.16,3.27661,-52.756905,0.19512196937373757,0.6361304886159667,0.19555561628865908,0.6317117179275524
28.18,2.621245,-53.084585000000004,0.19290469810401584,0.6335859753585696,0.1933333837433163,0.6317117179275524
28.2,3.60429,-53.412265000000005,0.1906874268342941,0.6335859753585696,0.20222221220050665,0.6291541891397436
28.22,33.423410000000004,-52.756955,0.2616406487913831,0.6335858588799965,0.3333330168581043,0.6342689735418151
28.24,49.80755,-51.77394,0.3547668202758117,0.6386746912638352,0.35111077549666575,0.6368265023296239
28.26,47.84146,-51.118575,0.3458977013640501,0.6412192433474234,0.3466663443140405,0.6393840311174327
28.28,48.169135,-51.118575,0.3481149388008973,0.6412192433474234,0.3466663443140405,0.6393840311174327
28.3,47.841454999999996,-51.11857,0.34589766753117557,0.6412192433474234,0.3466663443140405,0.639384070142225
28.32,47.513765,-51.118565000000004,0.34589763369830095,0.6412192821736145,0.3444441117686977,0.639384070142225
28.34,47.186075,-51.118555,0.34368032859570463,0.6412192821736145,0.34444407786063747,0.6393841481918096
28.36,47.18606,-51.446215,0.34368029476283,0.6386748853947907,0.3444440100445169,0.639384187216602
28.38,46.530695,-51.446205,0.3414629896602337,0.6412194374783787,0.34222181140723434,0.6368266974535854
28.4,46.530695,-51.118515,0.3414629896602337,0.6412194763045699,0.34222181140723434,0.6393842652661865
28.42,45.875335,-51.446195,0.33924571839051193,0.6412194763045699,0.33999961276995183,0.6368267364783777
28.44,45.875335,-51.118515,0.33924571839051193,0.6412194763045699,0.33999961276995183,0.6393842652661865
28.46,45.875335,-51.446195,0.33924571839051193,0.6412194763045699,0.33999961276995183,0.6368267364783777
28.48,45.87534,-51.446195,0.3370284471207902,0.6412194763045699,0.34222184531529465,0.6368267364783777
28.5,59.965715,-52.101575,0.3725050919322093,0.6386749242209817,0.40222181886700764,0.6342690906161921
28.52,65.53635,-51.77391,0.4057646008054051,0.6386748077424085,0.4066662839576932,0.6368266194040008
28.54,64.880995,-51.773905,0.4035473295356834,0.6386748465685995,0.40444411922847096,0.6368266194040008
28.56,64.881,-51.773905,0.4035473295356834,0.6386748465685995,0.4044441531365312,0.6368266194040008
28.58,64.881005,-51.446225,0.40354736336855795,0.6412193598259966,0.4044441531365312,0.6368266194040008
28.6,64.881005,-51.773905,0.40354736336855795,0.6386748465685995,0.4044441531365312,0.6368266194040008
28.62,64.881005,-51.446225,0.40354736336855795,0.6412193598259966,0.4044441531365312,0.6368266194040008
28.64,64.881005,-51.44622,0.40354736336855795,0.6412193598259966,0.4044441531365312,0.6368266584287932
28.66,63.897975,-52.101585,0.40133012593171086,0.6386748465685995,0.3999997897700264,0.6342690906161921
28.68,64.225655,-52.429255,0.40133012593171086,0.6361303721373935,0.40222198840730894,0.6342691296409844
28.7,63.570295,-52.429265,0.3991128546619891,0.6361303333112025,0.3999997897700264,0.6342690906161921
28.72,63.570295,-52.101585,0.3991128546619891,0.6386748465685995,0.3999997897700264,0.6342690906161921
28.74,63.57029,-52.75695,0.3991128546619891,0.6361303333112025,0.3999997558619662,0.6317115228035909
28.76,65.536365,-53.412319999999994,0.3991127869962399,0.6335857812276143,0.4133329815937216,0.6291539549909899
28.78,84.542025,-52.429305,0.4523278387955551,0.6361302168326293,0.48888868468701496,0.6342688954922306
28.8,90.44035,-51.1186,0.4922392629765398,0.6412191268688503,0.48888871859507516,0.639383953067848
28.82,89.457295,-50.463235,0.4855873815016254,0.6437636789524384,0.48888868468701496,0.6419414818556569
28.84,89.78497,-50.463235,0.48780465277134716,0.6437636789524384,0.4888886507789546,0.6419414818556569
28.86,89.78497,-50.790915,0.48780465277134716,0.6437636789524384,0.4888886507789546,0.639383953067848
28.88,89.784965,-51.44628,0.48780461893847255,0.6412191268688503,0.4888886507789546,0.6368264242800394
28.9,90.112645,-51.773965000000004,0.48780461893847255,0.6386746136114531,0.4911108494162372,0.636826385255247
28.92,89.78496,-51.118605,0.48780461893847255,0.6412191268688503,0.4888886168708944,0.6393839140430558
28.94,89.78495,-50.790925,0.48780458510559793,0.6437636401262473,0.48888858296283405,0.6393839140430558
28.96,90.440305,-50.463245,0.49002182254244503,0.6437636401262473,0.4911107816001167,0.6419414428308645
28.98,93.389455,-50.790915,0.49002182254244503,0.6437636789524384,0.5111107727840211,0.639383953067848
29.0,100.27082,-50.463245,0.5232812975827662,0.6437636401262473,0.5244441341480175,0.6419414428308645
29.02,99.615455,-49.807885,0.5210639924801699,0.6463081533836444,0.5222219355107349,0.6444989716186734
29.04,100.27081,-50.135565,0.5232812637498916,0.6463081533836444,0.5244441002399571,0.6419414428308645
29.06,99.94313,-49.807885,0.5210639924801699,0.6463081533836444,0.5244441002399571,0.6444989716186734
29.08,100.270805,-50.135565,0.523281229917017,0.6463081533836444,0.5244441002399571,0.6419414428308645
29.1,100.27082,-51.773975,0.5232812637498916,0.6412190880426593,0.5244441680560777,0.634268817442646
29.12,100.270825,-52.757014999999996,0.5232812975827662,0.6361300615278651,0.5244441680560777,0.6317112886548372
29.14,100.270825,-53.412385,0.5232812975827662,0.6335855094442769,0.5244441680560777,0.6291537208422361
29.16,100.270825,-54.395435,0.5232812975827662,0.6284964441032918,0.5244441680560777,0.626596153029635
29.18,100.59851,-55.706154999999995,0.5232812975827662,0.6259519308458946,0.5266664006014206,0.6189235666662087
29.2,102.8923,-65.536595,0.5277159416208336,0.6030512338769389,0.537777495512014,0.5652152279734706
29.22,105.51383,-90.768075,0.5388025009666898,0.516537356037337,0.5444444983205847,0.4552409827753932
29.24,107.48006000000001,-117.31024,0.5476721273715703,0.40457834562376416,0.5488893703079935,0.3606121834777146
29.26,106.16940500000001,-129.762045,0.543237821662249,0.34351006627242553,0.5444451764817899,0.3248070145971455
29.28,104.85871,-134.021815,0.5388033806214294,0.3231542319965864,0.5400008470233453,0.3120196438316476
29.3,103.875715,-134.677125,0.5410208887212733,0.31297637309795345,0.5311121202903357,0.3171348965312266
29.32,94.372915,-120.259095,0.5144134643202395,0.3536889734782172,0.49333437046786993,0.38874617088738
29.34,81.26552000000001,-97.32137,0.4700674299340621,0.4376583768866132,0.4488896856529539,0.48337524335860466
29.36,69.14112499999999,-70.7792,0.4257212263835116,0.5419838863541857,0.41111149502570454,0.5856766290197096
29.38,64.22571,-49.80765,0.4035477355301786,0.6310419280154653,0.3999998236780867,0.6598451199653333
29.4,61.60414,-36.7004,0.39467814295817266,0.6895659270665532,0.39111065614029367,0.7033233044820442
29.42,59.965665,-31.457485,0.388026024653136,0.7201002414600822,0.38666605541736704,0.7135535367076561
29.44,62.25944,-38.338795000000005,0.3902432620899832,0.7048331619156998,0.3999993828733033,0.6751903707417707
29.46,66.191725,-56.688985,0.40576449930678127,0.6437644554762596,0.41111088468061985,0.5933489812343822
29.48,69.14103499999999,-85.52494,0.4146341595445364,0.539438946008687,0.42222258993629797,0.47314469893465433
29.5,70.77964,-114.688545,0.42572129404926085,0.41730196021790816,0.42222320028138266,0.368285706436156
29.52,52.1018,-125.174215,0.3680722748693704,0.3562336420403785,0.3533344660885998,0.3478261785799471
29.54,44.237305,-133.69359,0.35033352955272834,0.33842317519813975,0.3177786775469946,0.2992343804049337
29.56,39.322135,-146.47264,0.3037705622255752,0.2799009233256496,0.3311123440835335,0.25831602713877705
29.58,49.152969999999996,-156.630405,0.3436825953983027,0.24682407581046764,0.35778052485811773,0.21228113335489582
29.6,55.05166,-162.856325,0.36807433867472095,0.20611186369211454,0.3733372038253853,0.20460854699146944
29.62,55.707155,-157.285765,0.3725096255374056,0.21628991672170284,0.3733373733656866,0.23785642123298356
29.64,48.49796,-125.828485,0.3614228631943018,0.3028033674732032,0.3355588097497745,0.39642320607712794
29.66,33.424,-68.4846,0.30598898381303324,0.519086994351954,0.28889012917038204,0.6265998994096954
29.68,28.180625,-17.039045,0.27937986776826956,0.7353693011402088,0.2799998426666004,0.8107416989583813
29.7,24.57577,18.35047,0.27272656531262196,0.8804067897689881,0.2622212024184721,0.9411760183597598
29.72,18.02201,40.305184999999994,0.24833587085531633,0.992365916661134,0.24222104169426645,0.9999998439008307
29.74,15.40057,41.288315,0.23724941300808391,1.0,0.23555454750659965,1.0
29.76,13.43456,41.288315,0.23059783602904088,1.0,0.22888818895117385,1.0
29.78,10.485485,41.288315,0.22172892011452697,1.0,0.21777733139700228,1.0
29.8,8.19175,41.288315,0.21285993653426385,1.0,0.2111108033012752,1.0
29.82,5.898015,41.288315,0.20620822422372245,1.0,0.2022220765682656,1.0
29.84,2.621235,41.288315,0.19512190170798838,1.0,0.19111118510603375,1.0
29.86,-0.3279149999999998,41.288315,0.1840356130251289,1.0,0.18222211929242152,1.0
29.88,-21.299819999999997,41.288315,0.12860274863009843,1.0,0.09555484657569113,1.0
29.9,-31.130415,41.288315,0.07760449444026062,1.0,0.07999915094217107,1.0
29.92,-30.475045,41.288315,0.08203907081257869,1.0,0.07999918485023133,1.0
29.94,-31.785775,41.288315,0.07760449444026062,1.0,0.07555475366760601,1.0
29.96,-32.441135,41.288315,0.07538722317053888,1.0,0.07333255503032347,1.0
29.98,-33.424175,41.288315,0.07095268063109543,1.0,0.07111035639304096,1.0
30.0,-34.079535,41.288315,0.06873540936137369,1.0,0.06888815775575843,1.0
30.02,-34.734895,41.288315,0.06651813809165195,1.0,0.06666595911847589,1.0
30.04,-35.390254999999996,41.288315,0.06430086682193023,1.0,0.06444376048119335,1.0
30.06,-36.045615,41.288315,0.0620835955522085,1.0,0.062221561843910825,1.0
30.08,-36.045615,41.288315,0.0620835955522085,1.0,0.062221561843910825,1.0
30.1,-36.700975,41.288315,0.05986632428248676,1.0,0.05999936320662831,1.0
30.12,-37.356335,41.288315,0.057649053012765024,1.0,0.05777716456934578,1.0
30.14,-38.011695,41.288315,0.05543178174304331,1.0,0.05555496593206324,1.0
30.16,-38.667055000000005,41.288315,0.05321451047332157,1.0,0.0533327672947807,1.0
30.18,-38.667055000000005,41.288315,0.05321451047332157,1.0,0.0533327672947807,1.0
30.2,-38.667055000000005,41.288315,0.05321451047332157,1.0,0.0533327672947807,1.0
30.22,-38.667055000000005,41.288315,0.05321451047332157,1.0,0.0533327672947807,1.0
30.24,-38.667055000000005,41.288315,0.05321451047332157,1.0,0.0533327672947807,1.0
30.26,-38.667055000000005,41.288315,0.05321451047332157,1.0,0.0533327672947807,1.0
30.28,-38.667055000000005,41.288315,0.05321451047332157,1.0,0.0533327672947807,1.0
30.3,-38.667055000000005,41.288315,0.05321451047332157,1.0,0.0533327672947807,1.0
30.32,-38.339375000000004,41.288315,0.05321451047332157,1.0,0.05555496593206324,1.0
30.34,-29.81955,41.28828,0.05321451047332157,1.0,0.1133331138351566,0.999999726826454
30.36,42.27110999999999,-6.881374999999999,0.2527721050384898,0.862594109833859,0.40222293783299623,0.7621463105024769
30.38,73.401055,-19.66112,0.43459051445964614,0.7582674355805545,0.4311116896579705,0.7672612510037176
30.4,73.72865999999999,-18.678044999999997,0.43015563359145675,0.7684457215672892,0.4377781160295168,0.764703761240701
30.42,75.69472,-17.695,0.4390246510045945,0.7709902348246863,0.4422224454879613,0.7698188578411109
30.44,77.005415,-16.384275000000002,0.44345912587828873,0.7760793001656715,0.4466667410383455,0.7749339154167285
30.46,78.64379,-16.0566,0.44789356691910837,0.7760792613394805,0.4533332691340726,0.7774914442045373
30.48,80.937535,-14.090509999999998,0.454545346895399,0.7837128399378626,0.4622219958670822,0.7851640695927559
30.5,81.59288000000001,-14.4182,0.4611970592059404,0.7837128011116715,0.45999979722979967,0.7826065017801548
30.52,82.24824,-12.452105,0.46119709303881495,0.7913464185362449,0.46444416059630445,0.7902791271683735
30.54,84.214315,-11.469065,0.4678488730151056,0.793890931793642,0.4711107565081521,0.795394184743991
30.56,84.86968999999999,-11.14138,0.47006617811770196,0.796435445051039,0.47333302296155516,0.7953942237687833
30.58,85.52507,-11.469055,0.4722835170531728,0.7964354838772302,0.4755552894149581,0.7928366949809745
30.6,86.50813,-11.469045000000001,0.4745008559886438,0.7964355227034212,0.47999975450564375,0.7928367340057668
30.62,86.180465,-12.45208,0.4767181949241147,0.7938910094460241,0.47555539113913897,0.7877217154549416
30.64,85.852785,-12.77975,0.47450092365439295,0.7913465350148181,0.47555539113913897,0.7877217544797339
30.66,85.85281,-14.090465,0.4745009913201422,0.7862575473262151,0.4755554928633198,0.7826066969041163
30.68,85.525165,-16.384235,0.4745010928187659,0.7786239687278328,0.4733334298582782,0.7723765427280889
30.7,86.50824499999999,-17.039605,0.47450122815026435,0.7735349033868475,0.48000016140236684,0.7723765037032966
30.72,83.231435,-13.10742,0.47671860091860996,0.7760794166442446,0.4555558068519578,0.8005095154931546
30.74,66.519635,4.587475,0.41685180297587876,0.8473264478966106,0.40222270047657444,0.8670059664224443
30.76,64.881235,8.84736,0.40133083642207734,0.8727718134277276,0.40666716556726,0.8746786698602474
30.78,65.864285,9.502735000000001,0.4079827178969918,0.877860956421095,0.40666716556726,0.8746786698602474
30.8,66.19196,7.864330000000001,0.4079827178969918,0.8727719299063008,0.4088893302964823,0.8670060444720288
30.82,66.847325,6.22592,0.4101999891667135,0.8651383124817275,0.4111115628418251,0.8618909868964112
30.84,66.19195,5.57056,0.4079826840641172,0.8625937992243304,0.40888929638842203,0.8593334581086025
30.86,66.19195,4.587515,0.4079826840641172,0.8600492859669334,0.40888929638842203,0.8542183615081926
30.88,66.51962499999999,3.604475,0.4079826502312426,0.8549602594521393,0.41111149502570454,0.8516608327203838
30.9,67.50266500000001,4.259845,0.41241719277068606,0.8575048115357273,0.41333369366298706,0.8542184005329849
30.92,68.158025,3.60448,0.4146344640404078,0.8549602594521393,0.4155558923002696,0.8516608717451761
30.94,68.485705,3.276795,0.4146344640404078,0.8549602594521393,0.41777809093755214,0.849103303932575
30.96,68.81339,2.94911,0.41685176914300415,0.8524157073685511,0.41777809093755214,0.849103303932575
30.98,68.81338,2.62143,0.41685173531012953,0.8498711941111541,0.4177780570294919,0.849103303932575
31.0,69.14105,2.293745,0.4168517014772549,0.8498711941111541,0.42000022175871415,0.846545736119974
31.02,68.81336,0.9830150000000023,0.4168516676443803,0.8473266420275659,0.4177779892133714,0.8388731107317553
31.04,67.830315,-0.6553849999999997,0.414634362541784,0.8396931022553746,0.4133335919388063,0.8337580531561377
31.06,67.17495,-2.29379,0.4124170912720622,0.8346040757405805,0.4111113593934635,0.8260854277679192
31.08,66.1919,-3.276835,0.41019978616946595,0.8269704971421984,0.4066669282108382,0.8260854277679192
31.1,27.85305,-1.638395,0.3481156492912638,0.8295150492257863,0.2088898253541621,0.8363158160927003
31.12,-16.38417,1.966175,0.13082140704767872,0.8473270691156676,0.12666728899259933,0.8465462044174815
31.14,-16.384245,3.276915,0.12638639084799086,0.8524162121090348,0.13111165235910413,0.8516613010178913
31.16,-17.03962,2.94924,0.12638635701511627,0.8524162121090348,0.12666718726841855,0.8491038112548749
31.18,-16.38427,2.949225,0.1286035944519634,0.8524161732828438,0.12888935199764082,0.8491037332052903
31.2,-16.384285,3.27691,0.1286035267862142,0.8524161732828438,0.12888931808958057,0.8516613010178913
31.22,-16.384295,2.949225,0.12860349295333962,0.8524161732828438,0.12888928418152032,0.8491037332052903
31.24,-16.384285,2.9492149999999997,0.1286035267862142,0.8524161344566529,0.12888931808958057,0.849103694180498
31.26,-16.384295,3.2768949999999997,0.12860349295333962,0.8524161344566529,0.12888928418152032,0.8516612229683068
31.28,-16.3843,3.604565,0.12860349295333962,0.8549606088878589,0.12888925027346007,0.8516611839435145
31.3,-16.38431,3.932245,0.12860345912046503,0.8549606088878589,0.1288892163653998,0.8542187127313233
31.32,-16.056645,4.25992,0.12860339145471583,0.8575050833190648,0.13111138109462206,0.8542187127313233
31.34,-16.05666,4.25992,0.12860335762184122,0.8575050833190648,0.13111131327850153,0.8542187127313233
31.36,-15.729,4.5876,0.13082056122581376,0.8575050833190648,0.131111245462381,0.8567762415191321
31.38,-15.401340000000001,5.24296,0.13082049356006456,0.860049596576462,0.133333376283543,0.8593337703069409
31.4,-14.746009999999998,5.898315,0.1330376633311625,0.862594109833859,0.13555547319664477,0.8618912600699573
31.42,-14.41835,6.225995,0.13525486693513503,0.8651386230912561,0.1355554053805242,0.8618912600699573
31.44,-26.87027,-17.367105000000002,0.12860291779447144,0.8320597566141388,0.05777804617891256,0.7109961640190166
31.46,-47.512905,-70.12389,0.04656344098739756,0.6005076524481273,9.494256873157305e-06,0.5319681732525946
31.48,-53.41242,-76.677525,8.119889903699106e-07,0.5419835369184661,0.006667375797233598,0.5396407986408132
31.5,-53.74016,-75.3668,0.004435185364060845,0.5445280890020543,5.425289641838593e-07,0.5473133850042396
31.52,-54.395585,-72.089985,4.0599449517293543e-07,0.5572507329414218,3.3908060262394697e-07,0.5601010679680758
31.54,-54.39565,-69.79621,2.0299724758646772e-07,0.5674288247972012,1.0172418079200272e-07,0.5677737323810867
31.56,-54.395695,-68.48548,0.0,0.5750624033955835,0.0,0.5703313001936878
31.58,-54.395695,-72.08995999999999,0.0,0.5699734157069803,0.0,0.5473135020786165
31.6,-54.39564,-93.06152,0.0,0.5114494943082746,3.729886628718858e-07,0.44245462665449503
31.62,-3.500000000045134e-05,-131.72787,0.09756152601286236,0.35877831060253984,0.27111192972703707,0.2941174886640783
31.64,108.46317499999999,-160.89132,0.4789363120157014,0.23918599337392224,0.6244450394932264,0.1867020210471631
31.66,173.34463499999998,-178.585555,0.7317080787254452,0.15776312218485852,0.8111124376697798,0.13043861212853072
31.68,199.23197499999998,-193.985925,0.8558777396297079,0.10433133339623173,0.8622247356383513,0.06394446366198653
31.7,188.091045,-203.816325,0.8337059742529794,0.05089655499089336,0.8088923074241733,0.040926704571707564
31.72,175.31135,-186.77696500000002,0.7871430069258263,0.08397522733705523,0.7688918164354607,0.1406703272962499
31.74,163.842085,-148.43905,0.7427961267177838,0.22646610609412016,0.7355571414732096,0.29667642234440966
31.76,159.58182,-113.050065,0.7272734685202525,0.3689568295464208,0.7222228306835259,0.4296663973435667
31.78,155.64946500000002,-83.88669,0.7139691980773049,0.4910924564205125,0.7088889606986255,0.5345249605693498
31.8,152.044835,-63.57049000000001,0.7006650291329808,0.577606062476777,0.6977774927993692,0.6061359227271649
31.82,150.07867,-50.135575,0.6940128769950696,0.6335855094442769,0.6911106595310997,0.6547290867699085
31.84,147.78485,-39.32208,0.6851435889189351,0.6793869422083795,0.6844438601708905,0.693092252735794
31.86,145.818715,-31.457700000000003,0.6784915721125223,0.7124658475116877,0.6777770947187417,0.7212253035504442
31.88,144.18026,-25.55941,0.6740568604087058,0.7353666609592167,0.6711102953585325,0.7442432577646848
31.9,141.886455,-20.64415,0.6651876061654459,0.7557229999755396,0.6644435638144439,0.7621461934281
31.92,140.575695,-17.367314999999998,0.660752928294504,0.7684457215672892,0.6599990309076378,0.7749339544415207
31.94,138.93726,-14.090475000000001,0.6563182504235623,0.7837129564164358,0.6533323332716094,0.7851642256919251
31.96,138.28188,-11.469005,0.6518836402183695,0.7938911259245972,0.653332265455489,0.795394457917537
31.98,137.62651499999998,-9.8306,0.6496663351157732,0.8015247045229795,0.6511100668182064,0.8005095154931546
32.0,136.97116,-8.519874999999999,0.6474490638460515,0.8066137698639648,0.6488879020889841,0.8056245730687722
32.02,136.31582,-8.519885,0.6452318602420789,0.8066137310377737,0.6466657712678221,0.8056245340439799
32.04,119.60397,-7.86451,0.6274935885856813,0.8066137310377737,0.5511101787148053,0.8107397086939744
32.06,39.977005,-0.3276999999999999,0.4190678562621149,0.826970303011243,0.21999990302294767,0.8491034990565365
32.08,-13.43552,15.07351,0.1818171914376708,0.8931286571845344,0.0955547787595706,0.9028125401955359
32.1,-23.92139,20.316475,0.09756013886500381,0.9160297812415918,0.1088879705832658,0.9207153978093665
32.12,-21.955295,22.937945,0.11086383414908339,0.9287524640071503,0.10888800449132605,0.9283881012471699
32.14,-21.299915,24.24867,0.110863867981958,0.9338415293481356,0.11333250349007189,0.9335031588227874
32.16,-20.316854999999997,25.55939,0.11529851202002527,0.9389305558629297,0.11555473603541468,0.9386182163984049
32.18,-20.316834999999998,26.214745,0.11529857968577446,0.9414750691203267,0.11555480385153521,0.9411757061614214
32.2,-19.66147,26.8701,0.11751588478837079,0.9440195435515328,0.11777700248881773,0.9437332349492302
32.22,-19.66147,27.52546,0.11751588478837079,0.9465640568089299,0.11777700248881773,0.946290763737039
32.24,-20.316834999999998,27.853135,0.11529857968577446,0.949108570066327,0.11555480385153521,0.9462907247122467
32.26,-28.181240000000003,31.45772,0.11086393564770718,0.9541976742335031,0.06666595911847589,0.9693092252735793
32.28,-29.492015,41.288315,0.08647357951914755,1.0,0.08222134957945361,1.0
32.3,-30.147374999999997,41.288315,0.08203903697970409,1.0,0.08222134957945361,1.0
32.32,-30.147374999999997,41.288315,0.08203903697970409,1.0,0.08222134957945361,1.0
32.34,-30.802735,41.288315,0.07982176570998235,1.0,0.07999915094217107,1.0
32.36,-30.802735,41.288315,0.07982176570998235,1.0,0.07999915094217107,1.0
32.38,-30.802735,41.288315,0.07982176570998235,1.0,0.07999915094217107,1.0
32.4,-31.458095,41.288315,0.07760449444026062,1.0,0.07777695230488854,1.0
32.42,-31.458095,41.288315,0.07760449444026062,1.0,0.07777695230488854,1.0
32.44,-31.785775,41.288315,0.07760449444026062,1.0,0.07555475366760601,1.0
32.46,-31.785775,41.288315,0.07538722317053888,1.0,0.07777695230488854,1.0
32.48,-31.785775,41.288315,0.07538722317053888,1.0,0.07777695230488854,1.0
32.5,-31.458095,41.288315,0.07760449444026062,1.0,0.07777695230488854,1.0
32.52,-31.130415,41.288315,0.07760449444026062,1.0,0.07999915094217107,1.0
32.54,-30.475054999999998,41.288315,0.07982176570998235,1.0,0.08222134957945361,1.0
32.56,-29.819695,41.288315,0.08203903697970409,1.0,0.08444354821673612,1.0
32.58,-29.819695,41.288315,0.08203903697970409,1.0,0.08444354821673612,1.0
32.6,-29.164335,41.288315,0.08425630824942582,1.0,0.08666574685401866,1.0
32.62,-33.096495,41.288315,0.08647357951914755,1.0,0.05777716456934578,1.0
32.64,-54.395695,19.988965,0.0,0.9694658409112353,0.0,0.8644498035023658
32.66,-41.943855,-36.700275000000005,0.035476340315547715,0.7251899668463155,0.048888370020215656,0.6675180185270981
32.68,-37.356335,-41.615525,0.05543178174304331,0.6793881846464934,0.05999936320662831,0.6751907609896937
32.7,-36.373295,-41.287845000000004,0.05986632428248676,0.6793882234726846,0.062221561843910825,0.6777482507527102
32.72,-35.717935,-41.61553,0.0620835955522085,0.6793881846464934,0.06444376048119335,0.6751907219649014
32.74,-35.390254999999996,-41.615534999999994,0.06430086682193023,0.6793881846464934,0.06444376048119335,0.6751906829401091
32.76,-34.734895,-41.943225,0.06651813809165195,0.6768436325629054,0.06666595911847589,0.6751906439153168
32.78,-34.734895,-41.94323,0.06651813809165195,0.6768435937367142,0.06666595911847589,0.6751906439153168
32.8,-34.734895,-41.287875,0.06651813809165195,0.6793881069941113,0.06666595911847589,0.6777481336783332
32.82,-34.734895,-41.615555,0.06651813809165195,0.6793881069941113,0.06666595911847589,0.6751906048905244
32.84,-35.062575,-41.615565000000004,0.06651813809165195,0.6793880681679202,0.06444376048119335,0.6751905658657321
32.86,-35.390254999999996,-41.943245000000005,0.06430086682193023,0.6793880681679202,0.06444376048119335,0.6726330370779233
32.88,-35.390254999999996,-41.943245000000005,0.06430086682193023,0.6768435549105232,0.06444376048119335,0.6751905658657321
32.9,-35.390254999999996,-41.94326,0.06430086682193023,0.676843477258141,0.06444376048119335,0.6751905268409398
32.92,-34.734895,-41.61559,0.06651813809165195,0.6793879516893472,0.06666595911847589,0.6751904878161477
32.94,-34.734895,-41.615584999999996,0.06651813809165195,0.6793879905155381,0.06666595911847589,0.6751904878161477
32.96,-34.734895,-41.943265,0.06651813809165195,0.6793879905155381,0.06666595911847589,0.6726329590283388
32.98,-34.734895,-41.61559,0.06651813809165195,0.6793879516893472,0.06666595911847589,0.6751904878161477
33.0,-34.407215,-42.270945,0.06651813809165195,0.676843477258141,0.06888815775575843,0.6726329590283388
33.02,-34.079535,-42.270945,0.06873540936137369,0.676843477258141,0.06888815775575843,0.6726329590283388
33.04,-34.079535,-42.59863,0.06873540936137369,0.674298925174553,0.06888815775575843,0.6726329590283388
33.06,-34.079535,-42.926315,0.06873540936137369,0.674298925174553,0.06888815775575843,0.6700753912157378
33.08,-34.079535,-44.564724999999996,0.06873540936137369,0.6717543730909649,0.06888815775575843,0.6598452370397103
33.1,1.965485000000001,-57.01671,0.08203903697970409,0.628497337105686,0.299998307987793,0.6061363129750877
33.12,117.31016,-65.86432500000001,0.49889006179946704,0.5877840378539833,0.6644437672628055,0.5780025987389684
33.14,192.677755,-76.02245500000001,0.7849224200343938,0.5648830691016901,0.8888895595149696,0.521736926382383
33.16,228.06762500000002,-111.73966999999999,0.9467855571924275,0.44783518747808754,0.9666670882568826,0.36061214445292233
33.18,234.621205,-153.68268,0.9711754396607428,0.27989719601130775,0.9866668420843652,0.2020457108319086
33.2,239.86407,-178.91393499999998,0.9933480846922109,0.15521655113933522,1.0,0.13043521697160115
33.22,240.191775,-171.377345,1.0,0.15267199905574708,0.9955556705415555,0.19181555665588126
33.24,237.24265,-149.75060000000002,0.9889136436513912,0.24172945832416065,0.9866668420843652,0.2710984027308612
33.26,233.96582,-133.36668,0.9778272196370335,0.3078864147545739,0.9755557132657114,0.33247885948951816
33.28,231.67199,-121.57024,0.9689578977280243,0.3587764857715599,0.9688888799974422,0.3733992030200818
33.3,229.70587,-113.050585,0.962305914754486,0.3943995548965457,0.9622221823614135,0.40408947042420257
33.32,227.73973,-105.841635,0.9556539317809479,0.4249336751591195,0.9555553490931442,0.42966471927749805
33.34,226.428965,-101.581785,0.9512192200771316,0.440200793529693,0.9511108161863383,0.44756745981695184
33.36,225.118205,-96.666575,0.9467845422061896,0.46055689958886953,0.946666283279532,0.46547023938119786
33.38,223.80746,-94.04513,0.9423498981681224,0.47327950470204594,0.9422218181888465,0.4731428257446242
33.4,223.807445,-92.40672,0.9423498305023732,0.4783685700430311,0.9422217842807862,0.4808154511328428
33.42,223.479755,-90.76832,0.9401325253997769,0.4860021098152223,0.9422217503727259,0.4859305087084604
33.44,223.47975,-89.785275,0.9401325253997769,0.49109117515620754,0.9422217164646658,0.4884880374962692
33.46,223.47974,-88.802235,0.9401324915669022,0.4936356884136046,0.9422216825566054,0.4936030950718867
33.48,223.47974499999998,-90.112965,0.9401324915669022,0.49109113633001644,0.9422217164646658,0.4859304696836681
33.5,223.47974499999998,-93.062095,0.9401324915669022,0.48345755773163424,0.9422217164646658,0.4705852579320231
33.52,227.739675,-108.790795,0.9445671017720948,0.4503787689068991,0.9666664440037377,0.3810713991355852
33.54,233.638065,-128.45168,0.9756096777043148,0.3384197196671353,0.9755554759092897,0.3401507434066833
33.56,232.32733000000002,-124.519525,0.9711751013319969,0.35368679921151774,0.9711110108186041,0.35549587710874364
33.58,231.016575,-122.55344,0.9667404234610549,0.36386485224110604,0.9666665118198581,0.3606109737091535
33.6,229.705815,-121.898085,0.9623057455901131,0.3664093654985031,0.9622219789130522,0.36316846347216997
33.62,228.72272,-120.259685,0.9578710338862967,0.3714983920132972,0.959999576827408,0.3708410498355963
33.64,227.41196,-118.62129,0.9534363221824802,0.3791318929592974,0.9555550778286621,0.3759561074112138
33.66,226.75656500000002,-116.982895,0.9512189494141347,0.38422091947409154,0.9533327435591386,0.3836286547498479
33.68,226.75654,-115.016815,0.9512188479155109,0.39185445924628276,0.9533326757430182,0.39130124111327425
33.7,226.10116,-114.36145,0.9490015089800399,0.3943989725036798,0.951110409289615,0.3938588089258753
33.72,225.773465,-113.37841,0.9490014413142907,0.3994879990184739,0.9488881767442722,0.39641633771368406
33.74,225.118095,-113.37841,0.9467841362116944,0.3994879990184739,0.9466659441989294,0.39641633771368406
33.76,224.7904,-112.723045,0.9445668311090981,0.4020325511020621,0.9466658763828091,0.39897386650149286
33.78,224.13503,-112.067685,0.9423495260065018,0.40712157761685625,0.944443643837466,0.39897386650149286
33.8,223.47967,-114.03377499999999,0.9401322209039055,0.402032512275871,0.9422214791082438,0.38874371232546545
33.82,224.46274,-121.89812,0.9423495598393763,0.37913181530691525,0.94666601201505,0.35038066343395685
33.84,226.10123,-141.88662,0.9467843730418166,0.3155188673934154,0.9533329470075002,0.25830958804804854
33.86,229.05042500000002,-169.41173,0.955653762616575,0.20864934940892949,0.9644441436422744,0.15089341798487205
33.88,220.858355,-191.366155,0.9534365590126024,0.1094135653275902,0.9111108338185295,0.07928343144686446
33.9,180.55329999999998,-194.64253,0.8381370996720884,0.08396998580126194,0.7533332725248786,0.07928518756251772
33.92,131.073385,-194.31446,0.6651890271461791,0.08142694793912522,0.5911120938420488,0.084401806129827
33.94,84.21494,-192.34798999999998,0.5232829553936217,0.09160655401635592,0.4155577233355237,0.08951834664755179
33.96,58.983405,-185.138645,0.3725078323950518,0.10941977751816,0.39555742697907703,0.12788264433241378
33.98,46.859075000000004,-172.031425,0.368072816195364,0.15522159854417314,0.3177797965129833,0.1841478483914917
34.0,23.921120000000002,-147.12804,0.26829456023877346,0.2391894489049267,0.26222347425850956,0.2941203764987081
34.02,20.971584999999997,-115.670975,0.25942398651340415,0.3587805625216214,0.25111115865774675,0.4194386236798693
34.04,17.694495,-80.60934,0.24611934390883583,0.4961837348543882,0.2422214146829293,0.5549872201610193
34.06,15.07275,-54.722555,0.23724927767658552,0.6081424734846236,0.23333153507587084,0.6445010789574573
34.08,11.79571,-36.04475,0.2261619740074881,0.6844780265112999,0.22221986372825295,0.7135545513522558
34.1,10.157264999999999,-19.988365,0.2195098557024515,0.748091090903373,0.2177754664536879,0.7749355154332126
34.12,8.191185,-6.881080000000001,0.21285804189328628,0.8015261799182399,0.2111088705418403,0.82352891362471
34.14,6.552785,4.5878049999999995,0.20842349935384283,0.8473277679871067,0.20444227462999273,0.8670072152157976
34.16,4.914385,13.435255,0.20177168554467764,0.8854958162837823,0.19999787735542765,0.8976979118926336
34.18,3.6036650000000003,19.00589,0.19733714300523417,0.9083967073836934,0.1955534800808626,0.9181584543934422
34.2,1.309905,23.59348,0.19068532919606898,0.9287531240523984,0.1866646855317325,0.9335038612690487
34.22,-0.32849499999999865,26.542635,0.1840335153869038,0.941475845644148,0.1822202882571674,0.9437340934946606
34.24,-2.622255,27.525695,0.17738170157773855,0.9465649886375153,0.1733314937080373,0.9462916613072617
34.26,-4.588335,28.181055,0.17072988776857337,0.9491095018949124,0.16666489779618973,0.9488491900950705
34.28,-6.5544150000000005,27.853375,0.16407807395940818,0.9491095018949124,0.15999830188434214,0.9462916613072617
34.3,-9.175855,27.198,0.15520898888052126,0.9465649498113242,0.15110950733521203,0.9437340544698684
34.32,-10.814255,25.88726,0.14855717507135607,0.941475845644148,0.14666511006064695,0.9386189188446663
34.34,-8.192815,28.18099,0.14855717507135607,0.9389312547343688,0.1644426991589072,0.9590789930479674
34.36,49.151709999999994,41.288165,0.294897789363357,0.9999994176071342,0.4066651988997648,0.9999994146281155
34.38,133.366665,41.288275,0.5720608595221491,0.9999996893904717,0.6999993523560492,1.0
34.4,169.41216,41.288315,0.7560976228650145,1.0,0.7600001736092686,1.0
34.42,166.46304,41.288315,0.749445842888724,1.0,0.7466669478775132,1.0
34.44,165.80771,41.288315,0.7450114018479043,1.0,0.7466670496016939,1.0
34.46,164.824675,41.288315,0.7427941644110572,1.0,0.7422226523271289,1.0
34.48,163.51395000000002,41.288315,0.7383596218716136,1.0,0.7377782211445036,1.0
34.5,162.20321,41.288315,0.733925011666421,1.0,0.733333756053818,1.0
34.52,161.54784,41.288315,0.7317077065638247,1.0,0.7311115235084752,1.0
34.54,160.56479,41.288315,0.7272731301915065,1.0,0.7288892909631324,1.0
34.56,160.56477999999998,41.288315,0.7272730625257574,1.0,0.7288892909631324,1.0
34.58,159.581745,41.288315,0.7228385538191885,1.0,0.7266670923258498,1.0
34.6,159.581745,41.288315,0.7250558250889103,1.0,0.7244448936885673,1.0
34.62,158.271025,41.288315,0.7184040112797451,1.0,0.7222226950512849,1.0
34.64,157.615675,41.288315,0.7184040451126197,1.0,0.71777833168478,1.0
34.66,155.649595,41.288315,0.7117522313034544,1.0,0.7111117357729324,1.0
34.68,154.66655500000002,41.288315,0.7095349600337327,1.0,0.7066673384983674,1.0
34.7,161.87563,41.288315,0.7139695702389254,1.0,0.7511120233132834,1.0
34.72,178.915345,41.288315,0.7849237056836286,1.0,0.7955569454846213,1.0
34.74,177.604645,41.288315,0.7871411122848486,1.0,0.7844459522982087,1.0
34.76,175.96624500000001,41.288315,0.7804892984756836,1.0,0.7800015550236437,1.0
34.78,173.6725,41.288315,0.7760547897691147,1.0,0.7688906296533515,1.0
34.8,172.68947,41.288315,0.7671857385231023,1.0,0.7711128621986942,1.0
34.82,174.655545,41.288315,0.7738375523322675,1.0,0.7777794242024816,1.0
34.84,176.94931,41.288315,0.7804893999743073,1.0,0.7866682187516117,1.0
34.86,180.22611,41.288315,0.7915757224900414,1.0,0.7977792458460847,1.0
34.88,181.86452,41.288315,0.7982275701320812,1.0,0.80222367702871,1.0
34.9,182.19222,41.288315,0.8004449090675521,1.0,0.8022237448448305,1.0
34.92,182.192225,41.288315,0.8004449429004267,1.0,0.8022237448448305,1.0
34.94,182.192225,41.288315,0.8004449429004267,1.0,0.8022237448448305,1.0
34.96,181.53686499999998,41.288315,0.798227671630705,1.0,0.8000015462075479,1.0
34.98,182.519905,41.288315,0.8004449429004267,1.0,0.8044459434821131,1.0
35.0,183.175265,41.288315,0.8026622141701484,1.0,0.8066681421193955,1.0
35.02,177.276975,41.288315,0.796010332695234,1.0,0.7733348912956756,1.0
35.04,171.37867,41.288315,0.7627509253206621,1.0,0.7666681936596471,1.0
35.06,172.36173,41.288315,0.7671855355258547,1.0,0.7688904601130502,1.0
35.08,173.01709499999998,41.288315,0.7671855693587293,1.0,0.7733348573876153,1.0
35.1,174.000135,41.288305,0.7716201118981728,0.9999999611738091,0.7755570560248978,0.9999999609752076
35.12,175.31087000000002,41.28829,0.7760546882704908,0.999999922347618,0.7800015211155834,0.9999998829256229
35.14,176.29392,41.288275,0.780489264642809,0.999999844695236,0.7822237536609261,0.9999998439008307
35.16,177.276965,41.288264999999996,0.7827065697454052,0.9999998058690447,0.7866681509354913,0.9999998048760383
35.18,178.26000499999998,41.288255,0.7871411122848486,0.9999997670428538,0.7888903495727737,0.9999997658512462
35.2,175.63855,41.28823,0.7893583835545704,0.9999997282166626,0.7688904601130502,0.9999996097520769
35.22,121.24282500000001,41.28821,0.6674066367446468,0.9999994952595164,0.5222225119477594,0.9999996878016616
35.24,11.46882,41.288315,0.2705108503551318,1.0,0.17555559119669448,1.0
35.26,-34.407165,41.288315,0.07095301895984144,1.0,0.06444376048119335,1.0
35.28,-35.062574999999995,41.288315,0.0620835955522085,1.0,0.06888815775575843,1.0
35.3,-34.079535,41.288315,0.06873540936137369,1.0,0.06888815775575843,1.0
35.32,-34.079535,41.288315,0.06873540936137369,1.0,0.06888815775575843,1.0
35.34,-33.751855,41.288315,0.06873540936137369,1.0,0.07111035639304096,1.0
35.36,-34.079535,41.288315,0.06873540936137369,1.0,0.06888815775575843,1.0
35.38,-33.751855,41.288315,0.07095268063109543,1.0,0.06888815775575843,1.0
35.4,-34.079535,41.288315,0.06873540936137369,1.0,0.06888815775575843,1.0
35.42,-34.079535,41.288315,0.06873540936137369,1.0,0.06888815775575843,1.0
35.44,-33.751855,41.288315,0.06873540936137369,1.0,0.07111035639304096,1.0
35.46,-33.424175,41.288315,0.07095268063109543,1.0,0.07111035639304096,1.0
35.48,-33.424175,41.288315,0.07095268063109543,1.0,0.07111035639304096,1.0
35.5,-33.096495000000004,41.288315,0.07095268063109543,1.0,0.07333255503032347,1.0
35.52,-31.785775,41.288315,0.07538722317053888,1.0,0.07777695230488854,1.0
35.54,-31.458095,41.288315,0.07760449444026062,1.0,0.07777695230488854,1.0
35.56,-19.66156,41.288315,0.09312539332831275,1.0,0.14222108577474477,1.0
35.58,58.65505,41.288315,0.2572061062519396,1.0,0.5088886080547987,1.0
35.6,152.70062000000001,41.2883,0.6474506539911576,0.999999922347618,0.7555574039215961,0.9999999609752076
35.62,180.55387000000002,41.288315,0.7960106033582308,1.0,0.7955572506571638,1.0
35.64,178.91543,41.288315,0.7893586203846926,1.0,0.7911127516584178,1.0
35.66,179.57078,41.288315,0.7915758578215398,1.0,0.7933349163876402,1.0
35.68,179.243085,41.288315,0.7915757901557906,1.0,0.7911126838422974,1.0
35.7,178.58771000000002,41.288315,0.7893584850531943,1.0,0.7888904173888943,1.0
35.72,178.587705,41.288315,0.7871411799505978,1.0,0.7911126160261768,1.0
35.74,178.91538,41.288315,0.7893584512203197,1.0,0.7911125821181165,1.0
35.76,178.91538,41.288315,0.7893584512203197,1.0,0.7911125821181165,1.0
35.78,179.24304999999998,41.288315,0.789358417387445,1.0,0.7933347468473388,1.0
35.8,179.57071,41.288315,0.7893583497216958,1.0,0.7955568776685008,1.0
35.82,180.22606,41.288315,0.7937928584282646,1.0,0.7955568437604406,1.0
35.84,180.22605499999997,41.288315,0.79379282459539,1.0,0.7955568437604406,1.0
35.86,179.898375,41.288315,0.7915755533256684,1.0,0.7955568437604406,1.0
35.88,179.898375,41.288315,0.7915755533256684,1.0,0.7955568437604406,1.0
35.9,180.22605499999997,41.288315,0.79379282459539,1.0,0.7955568437604406,1.0
35.92,180.22605,41.288315,0.7937927907625155,1.0,0.7955568437604406,1.0
35.94,180.226045,41.288315,0.7937927907625155,1.0,0.7955568098523803,1.0
35.96,180.226045,41.288315,0.7937927907625155,1.0,0.7955568098523803,1.0
35.98,180.226045,41.288315,0.7937927907625155,1.0,0.7955568098523803,1.0
36.0,180.55372,41.288315,0.7937927907625155,1.0,0.7977789745816026,1.0
36.02,180.881395,41.288315,0.7960100281993626,1.0,0.7977789745816026,1.0
36.04,180.553715,41.288315,0.7960100281993626,1.0,0.7955567759443201,1.0
36.06,181.536755,41.288315,0.7982272994690844,1.0,0.8000011732188851,1.0
36.08,181.86443500000001,41.288315,0.7982272994690844,1.0,0.8022233718561677,1.0
36.1,183.17516,41.288315,0.8004445707388061,1.0,0.8088900016760755,1.0
36.12,187.43501500000002,41.288315,0.8181828085623292,1.0,0.8200010287705485,1.0
36.14,187.43501500000002,41.288315,0.8181828085623292,1.0,0.8200010287705485,1.0
36.16,188.090375,41.288315,0.8204000798320509,1.0,0.8222232274078309,1.0
36.18,188.418055,41.288315,0.8204000798320509,1.0,0.8244454260451135,1.0
36.2,188.74573500000002,41.288315,0.8226173511017727,1.0,0.8244454260451135,1.0
36.22,188.74573,41.288315,0.8226173511017727,1.0,0.8244453921370533,1.0
36.24,188.745725,41.288315,0.8226173172688981,1.0,0.8244453921370533,1.0
36.26,188.745725,41.288315,0.8226173172688981,1.0,0.8244453921370533,1.0
36.28,188.74571500000002,41.288315,0.8226172834360235,1.0,0.824445358228993,1.0
36.3,188.74571500000002,41.288315,0.8204000121663017,1.0,0.8266675568662755,1.0
36.32,189.401075,41.288315,0.8248345547057452,1.0,0.8266675568662755,1.0
36.34,189.728755,41.288315,0.8248345547057452,1.0,0.828889755503558,1.0
36.36,189.728755,41.28831,0.8248345547057452,0.9999999611738091,0.828889755503558,1.0
36.38,189.07339000000002,41.288315,0.8270518259754669,1.0,0.8222231256836502,1.0
36.4,186.77961,41.288315,0.8159653681282344,1.0,0.8177786945010248,1.0
36.42,187.434975,41.288315,0.8181826732308307,1.0,0.8200008931383074,1.0
36.44,187.107295,41.288315,0.815965401961109,1.0,0.8200008931383074,1.0
36.46,187.434975,41.288315,0.8181826732308307,1.0,0.8200008931383074,1.0
36.48,187.43498499999998,41.288315,0.8181827070637053,1.0,0.8200009270463676,1.0
36.5,187.43498499999998,41.288315,0.8181827070637053,1.0,0.8200009270463676,1.0
36.52,187.43499,41.288315,0.8181827408965799,1.0,0.8200009270463676,1.0
36.54,187.762675,41.288315,0.8204000121663017,1.0,0.8200009609544279,1.0
36.56,187.43499500000001,41.288315,0.8181827408965799,1.0,0.8200009609544279,1.0
36.58,187.762685,41.288315,0.8181827747294546,1.0,0.8222231934997707,1.0
36.6,187.762685,41.288315,0.8181827747294546,1.0,0.8222231934997707,1.0
36.62,188.09036500000002,41.288315,0.8204000459991763,1.0,0.8222231934997707,1.0
36.64,188.090355,41.288315,0.8204000121663017,1.0,0.8222231595917104,1.0
36.66,188.090355,41.288315,0.8204000121663017,1.0,0.8222231595917104,1.0
36.68,188.090345,41.28831,0.820399978333427,0.9999999611738091,0.8222231256836502,1.0
36.7,188.090345,41.28831,0.820399978333427,0.9999999611738091,0.8222231256836502,1.0
36.72,188.09035,41.288305,0.820399978333427,0.9999999611738091,0.8222231595917104,0.9999999609752076
36.74,183.17512,41.288255,0.820399978333427,0.999999922347618,0.7888899765841109,0.9999996097520769
36.76,139.26534,33.095905,0.7028829432273199,0.999998757561886,0.6088890725952244,0.9360598290651657
36.78,92.07879,9.175045,0.5299333820549282,0.8804054696784921,0.4622220975912629,0.8695635342350453
36.8,80.609805,9.50273,0.45232787262842966,0.8778609175949039,0.46222186023484113,0.8746786698602474
36.82,82.575865,9.175055,0.46341419514416365,0.8753164431636979,0.46444395714794295,0.8746786698602474
36.84,81.92048,9.17505,0.4611968223758182,0.8753164043375069,0.46222169069453983,0.8746786698602474
36.86,82.24814,8.847365,0.461196754710069,0.8753164043375069,0.46444382151570185,0.8721211020476464
36.88,82.5758,8.519680000000001,0.4634139583140415,0.8753164043375069,0.4644437536995814,0.8695635342350453
36.9,82.90346,7.536625,0.4634138906482923,0.8702273001703306,0.4666658845207433,0.8670059664224443
36.92,82.90344999999999,6.553575,0.46341385681541775,0.8676827480867425,0.4666658506126831,0.8618908698220344
36.94,82.90344,5.57053,0.46341382298254313,0.8625937215719484,0.4666658167046228,0.8593333020094333
36.96,83.23111,4.587475,0.4656310604193903,0.8600491306621691,0.46666578279656257,0.8542182054090234
36.98,83.231105,4.25979,0.4656310265865157,0.857504578578581,0.46666578279656257,0.8542182054090234
37.0,83.231095,3.27675,0.46563099275364106,0.854960065321184,0.4666657488885023,0.8491031478334059
37.02,83.88645,2.9490600000000002,0.4678482640233628,0.8524155132375958,0.4688879136177246,0.8491031088086135
37.04,83.886445,1.966015,0.4678482301904882,0.8498709999801987,0.4688879136177246,0.8439880122082037
37.06,83.88644,1.638335,0.4678482301904882,0.8473264867228016,0.4688878797096643,0.8439880122082037
37.08,84.54179,0.9829749999999999,0.4700654676273353,0.8447819734654046,0.47111004443888654,0.841430483420395
37.1,84.541785,0.3276150000000031,0.4700654337944607,0.8422374602080076,0.47111004443888654,0.8388729546325862
37.12,84.541785,-0.983115,0.4700654337944607,0.8371483948670223,0.47111004443888654,0.8337578580321763
37.14,81.92032,-15.728805000000001,0.4700654337944607,0.8218812376702578,0.45333228580032503,0.7340136109109572
37.16,60.293275,-89.784865,0.4101985681859804,0.5776065672172609,0.36666596250928196,0.4015333075041241
37.18,50.135295,-153.35501,0.3458977690297993,0.2722638115438808,0.36222217557980163,0.21227559183439002
37.2,57.344364999999996,-166.46221500000001,0.37694010813189716,0.19847284942698368,0.3799999681264234,0.18414281419328568
37.22,57.999750000000006,-170.066695,0.3791574470673681,0.18320576988260123,0.3822222684878867,0.17135517025424174
37.24,59.310475,-172.032785,0.3835920234396862,0.17557219128421894,0.38666666576245173,0.16368254486602318
37.26,59.96583,-173.998875,0.3858092947094079,0.16539409942843966,0.388888830491674,0.1585674482656133
37.28,60.621185,-175.964965,0.38802653214625504,0.16030503408745445,0.39111102912895657,0.14833729408958585
37.3,60.948875,-178.258725,0.39024383724885137,0.15012698105786615,0.3911110630370168,0.1406647077261596
37.32,60.948875,-179.897135,0.39024383724885137,0.14249340245948394,0.3911110630370168,0.13554961112574973
37.34,60.94888,-182.1909,0.39024383724885137,0.13740433711849873,0.3911110969450771,0.12276196718670579
37.36,67.83021,-176.62032,0.39689575255664034,0.12722628408891043,0.4311109097725844,0.1764702278298593
37.38,83.23138499999999,-138.93699500000002,0.46119722837031335,0.269719492417439,0.4711113329451765,0.32736493363287716
37.4,83.55915999999999,-121.89758499999999,0.46784961733834673,0.3562332537784679,0.46666700348673196,0.3734005298630198
37.42,84.869715,-103.87517,0.4700664487806987,0.4198461240395857,0.47333292123737436,0.4501264715468678
37.44,83.88654,-90.767975,0.4678486361849834,0.4783698901335272,0.4688881509741465,0.493604460939617
37.46,83.88646,-81.92060000000001,0.467848331689112,0.5139931533894684,0.4688879136177246,0.5268523742059235
37.48,83.886395,-74.05626000000001,0.46784809485898976,0.5470719033880124,0.46888771016936304,0.5549852689214047
37.5,83.23099500000001,-68.158005,0.46563068825776965,0.5699726003569681,0.4666653758998395,0.578003067036476
37.52,82.57561,-64.22583,0.4634133154894241,0.5877842319849386,0.4644431094464363,0.5907907890251044
37.54,82.57559,-60.29366,0.463413247823675,0.6030513503555122,0.46444304163031586,0.6061360007767493
37.56,81.920215,-57.016850000000005,0.461195908888204,0.6157739554686885,0.4622208090849731,0.6189236837405856
37.58,81.59252000000001,-54.067715,0.46119587505532944,0.628496599408056,0.45999854263157,0.6291538379166131
37.6,82.90324,-47.514084999999994,0.45897853611985845,0.6386746524376443,0.4711096036341031,0.6700745326703073
37.62,91.423045,-28.50854,0.4900207398904579,0.7226440558460402,0.497776428086277,0.7340131035886575
37.64,91.42303,-20.97185,0.494455316262776,0.7531784090657604,0.4933318951794708,0.7621461153785154
37.66,90.76765,-18.022705000000002,0.4900207060575833,0.768445605088716,0.4933318273633503,0.7698187797915264
37.68,90.439965,-16.71198,0.4900206722247087,0.7735346704297013,0.49110962872606784,0.7749338373671439
37.7,89.78459,-16.0566,0.48780336712211236,0.7786237745968775,0.48888736227266466,0.7749339154167285
37.72,89.12923,-14.745875,0.4855860958523907,0.7811682878542745,0.4866651636353822,0.7826065408049471
37.74,88.14618,-13.76282,0.4811515194800726,0.7862573920214507,0.4844429310900394,0.7851641086175482
37.76,87.49082,-13.10745,0.4811515194800726,0.7888019441050389,0.47999853381547436,0.7877216764301492
37.78,86.83546,-11.79672,0.47893424821035085,0.7938910094460241,0.4777763351781918,0.7928367730305592
37.8,86.835455,-10.813669999999998,0.4789342143774763,0.7964355615296123,0.4777763351781918,0.7979518696309691
37.82,86.50777,-10.485985,0.4767169092748799,0.7989801136132003,0.4777763351781918,0.7979518696309691
37.84,85.52473499999999,-10.158304999999999,0.4744996718380328,0.8015246268705974,0.4733319379036267,0.7979518696309691
37.86,58.327075,-5.89841,0.430153840449103,0.8117027575525678,0.33333233869689904,0.8209699799443787
37.88,16.38374,-2.293835,0.2439018019761173,0.8295148162686401,0.235554852679142,0.8312003682691599
37.9,17.36677,-0.6554150000000001,0.24168439537489714,0.8371484725194045,0.2444437150443926,0.8363154648695698
37.92,16.383725,-0.983095,0.23946712410517543,0.8371484725194045,0.2399992838617673,0.833757936081761
37.94,16.383725,-0.983095,0.23946712410517543,0.8371484725194045,0.2399992838617673,0.833757936081761
37.96,16.383725,-0.98309,0.23946712410517543,0.8371484725194045,0.2399992838617673,0.8337579751065533
37.98,16.383725,-1.638455,0.23946712410517543,0.8346039592620074,0.2399992838617673,0.8312004072939522
38.0,16.711405,-1.31077,0.24168439537489714,0.8346039592620074,0.2399992838617673,0.8337579751065533
38.02,16.383725,-0.983085,0.23946712410517543,0.8346039980881985,0.2399992838617673,0.836315503894362
38.04,16.383725,-0.6554,0.23946712410517543,0.8371485113455955,0.2399992838617673,0.8363155429191543
38.06,15.728365,-2.99999999988645e-05,0.2372498528354537,0.8396930634291836,0.23777708522448476,0.8388731107317553
38.08,15.400694999999999,0.32765500000000236,0.2372498866683283,0.8422376155127718,0.2355549204952625,0.8388731107317553
38.1,15.073015,0.983030000000005,0.23503261539860656,0.8447821675963599,0.2355549204952625,0.8414307175691487
38.12,14.745335,1.31071,0.23503261539860656,0.8447821675963599,0.23333272185797999,0.8439882463569575
38.14,14.417665,1.96608,0.23281537796175944,0.8473267196799481,0.23333275576604023,0.8465458141695587
38.16,13.762315000000001,2.62145,0.23059814052491226,0.8498712717635362,0.23111059103681797,0.8491033819821597
38.18,13.762319999999999,2.62145,0.23059814052491226,0.8498712717635362,0.23111062494487825,0.8491033819821597
38.2,14.090005000000001,2.949135,0.2328154456275086,0.8524158238471242,0.23111062494487825,0.8491033819821597
38.22,14.090005000000001,2.949135,0.23059817435778687,0.8524158238471242,0.23333282358216073,0.8491033819821597
38.24,14.41768,3.27681,0.2328154456275086,0.8524157850209333,0.2333327896741005,0.8516609107699685
38.26,14.745355,2.9491199999999997,0.232815411794634,0.8524157850209333,0.23555498831138305,0.849103303932575
38.28,14.745349999999998,2.94912,0.232815411794634,0.8524157461947423,0.23555495440332277,0.8491033429573673
38.3,14.745339999999999,3.604475,0.23281537796175944,0.8549602594521393,0.2355549204952625,0.8516608327203838
38.32,14.417655,3.932155,0.23281534412888483,0.8549602594521393,0.23333272185797999,0.8542183615081926
38.34,14.745335,3.6044650000000003,0.23281534412888483,0.8549602206259482,0.2355549204952625,0.8516607936955916
38.36,15.07301,3.2767850000000003,0.23503261539860656,0.8524157073685511,0.23555488658720225,0.8516607936955916
38.38,14.745325000000001,3.27678,0.23503258156573195,0.8524156685423601,0.2333326879499197,0.8516607936955916
38.4,14.417645,3.27678,0.2328153102960102,0.8524156685423601,0.2333326879499197,0.8516607936955916
38.42,14.089970000000001,3.9321349999999997,0.23281534412888483,0.8549601817997572,0.23111048931263722,0.8542182834586081
38.44,13.762295,3.9321450000000002,0.2305980728591631,0.8549602206259482,0.23111052322069744,0.8542183224834003
38.46,13.106935,3.93214,0.22838080158944135,0.8549601817997572,0.2288883245834149,0.8542183224834003
38.48,12.779264999999999,4.259825,0.22616356415259423,0.8575047338833452,0.22888835849147518,0.8542183224834003
38.5,12.451585,4.259825,0.22616356415259423,0.8575047338833452,0.22666615985419264,0.8542183224834003
38.52,11.140865,3.93215,0.22172902161315075,0.8549602206259482,0.2222217625796276,0.8542183615081926
38.54,9.830145,4.587515,0.21729447907370733,0.8575047727095364,0.21777736530506256,0.8567758902960014
38.56,9.174795,6.226235,0.21507724163686018,0.8625962841005583,0.21555520057584027,0.8644484766594277
38.58,8.519435,8.19199,0.21285997036713844,0.8702273001703306,0.21333300193855775,0.8721210630228541
38.6,7.8640799999999995,9.830385,0.2106426990974167,0.8778608399425217,0.21111083720933546,0.8772360815736793
38.62,7.208724999999999,10.485745,0.20842546166056958,0.8804053531999189,0.20888863857205295,0.8797936103614881
38.64,7.208729999999999,10.158065,0.20842546166056958,0.8804053531999189,0.2088886724801132,0.8772360815736793
38.66,6.881055,9.830375,0.20620822422372245,0.8778608011163307,0.2088886724801132,0.877236042548887
38.68,5.898015,9.17501,0.20842552932631878,0.8753162490327426,0.19999984402292284,0.8746785137610782
38.7,-9.175515,15.073345,0.15742778262959994,0.8854944961932862,0.1488880885833155,0.9104844631374933
38.72,-22.28303,25.231605000000002,0.11529827518990307,0.9338410634338428,0.10222113731499637,0.9411753939630831
38.74,-23.921455,27.85308,0.10421174967692141,0.9491083371091805,0.10222113731499637,0.9462905295882852
38.76,-24.576815,27.853095,0.10199447840719968,0.9491084147615626,0.09999893867771384,0.9462905686130775
38.78,-25.887535,26.870060000000002,0.09755993586775621,0.9465639015041656,0.09555454140314878,0.9411755500622523
38.8,-26.870575000000002,26.87007,0.09312539332831275,0.9440194270729596,0.09333234276586624,0.9437331178748534
38.82,-26.870575000000002,26.542385,0.09312539332831275,0.9440194270729596,0.09333234276586624,0.9411755500622523
38.84,-25.887520000000002,26.542385,0.09534269843090909,0.9440194270729596,0.09777680785655182,0.9411755500622523
38.86,-24.2491,26.542385,0.09977730863610175,0.9440194270729596,0.10444347158451994,0.9411755500622523
38.88,-23.26604,25.887014999999998,0.10421191884129441,0.9414748749893714,0.106665738037923,0.9386179822496511
38.9,-28.50894,26.21474,0.10642925777676533,0.9389303617319743,0.06888815775575843,0.9437333910483994
38.92,-51.774255,37.356135,0.011086356348608667,0.9694656856064711,0.006666595911847606,1.0
38.94,-51.774255,41.288315,0.002217271269721714,1.0,0.015555390460977724,1.0
38.96,-49.480495000000005,41.288315,0.015520898888052118,1.0,0.017777589098260237,1.0
38.98,-50.463535,41.288315,0.015520898888052118,1.0,0.011110993186412652,1.0
39.0,-52.429615,41.288315,0.00665181380916519,1.0,0.006666595911847606,1.0
39.02,-54.068015,41.288315,0.002217271269721714,1.0,0.0,1.0
39.04,-54.395695,41.288315,0.0,1.0,0.0,1.0
39.06,-54.395695,41.288315,0.0,1.0,0.0,1.0
39.08,-54.395695,41.288315,0.0,1.0,0.0,1.0
39.1,-53.740335,41.288315,0.0,1.0,0.0044443972745650704,1.0
39.12,-50.135855,41.288315,0.011086356348608667,1.0,0.017777589098260237,1.0
39.14,-47.514415,41.288315,0.02217271269721731,1.0,0.024444185010107842,1.0
39.16,-45.220654999999994,41.288315,0.028824526506382522,1.0,0.03333297955923796,1.0
39.18,-43.582255,41.288315,0.035476340315547715,1.0,0.03777737683380301,1.0
39.2,-43.254575,41.288315,0.03769361158526945,1.0,0.03777737683380301,1.0
39.22,-43.254575,41.288315,0.03769361158526945,1.0,0.03777737683380301,1.0
39.24,-42.599215,41.288315,0.03991088285499116,1.0,0.03999957547108554,1.0
39.26,-40.960815,41.288315,0.0421281541247129,1.0,0.048888370020215656,1.0
39.28,-33.751855,23.265845,0.05321451047332157,0.9898219469704118,0.08666574685401866,0.8695654854746601
39.3,2.6211300000000004,-60.94867,0.1596442080774567,0.7201011344624767,0.2266670075556992,0.4833751653090201
39.32,60.621555,-157.61482,0.3303779527937344,0.31043182101436534,0.44889022818191804,0.1406647077261596
39.34,93.71773,-208.40542499999998,0.49889290376093337,0.05597952461988189,0.504446211355789,0.0
39.36,91.096285,-213.97602999999998,0.4966758016555846,0.0,0.4888906174464498,0.01278752686466701
39.38,87.491715,-208.07781,0.4811546321045357,0.027989568178985576,0.48000148381671714,0.0306901503297439
39.4,86.180905,-202.179585,0.4767197512363463,0.050890109843177114,0.4755568152776699,0.05370787039523056
39.42,85.52548999999999,-198.57511,0.47228500569965515,0.06615718938755957,0.4755566457373686,0.06649547530948219
39.44,86.18081,-194.970645,0.4745021078050039,0.08142419127955987,0.4777787426504703,0.07928308022373382
39.46,88.146855,-193.33225499999998,0.4811538201155453,0.08905769222556002,0.484445202930077,0.08439809877455907
39.48,89.45758000000001,-192.6769,0.4855883626549888,0.08905765339936896,0.4888896341127022,0.08951315635017665
39.5,90.44062,-191.69386500000002,0.48780560009183593,0.09669119317156007,0.49333406529532753,0.08951311732538435
39.52,91.751375,-195.62603000000001,0.49445751539962496,0.08396858805838373,0.4955563995648512,0.07161041581072283
39.54,92.406745,-194.970665,0.49667485433509584,0.08142411362717773,0.4977785982021336,0.0792830021741492
39.56,92.405845,-194.31529999999998,0.496668764417668,0.08651314014197188,0.4977785982021336,0.0792830411989415
39.58,93.38979499999999,-193.659945,0.49889215943769216,0.08651314014197188,0.5022230293847589,0.08439805974976677
39.6,102.56491,-184.157205,0.505544007079732,0.09669119317156007,0.5577784700296659,0.14833643554415543
39.62,141.886865,-143.524815,0.6363641623110506,0.23663969411173633,0.6933338415021298,0.32480619507650726
39.64,156.632555,-110.42905999999999,0.7139693672416778,0.3943998655060742,0.7155557261507743,0.42455005194980344
39.66,155.977075,-96.338775,0.7117516223117116,0.4554683389883681,0.7133331884328892,0.47314329404213173
39.68,155.649345,-88.80212499999999,0.7095341480447424,0.49109156341811816,0.7133330528006482,0.49616109215720305
39.7,155.976995,-84.214595,0.7117513178158403,0.5089032338722798,0.7133329510764674,0.5140637936718645
39.72,155.97697499999998,-79.62707,0.7117512501500911,0.5267148266740592,0.7133328832603468,0.5319665342113183
39.74,155.3216,-76.67793,0.7095339112146201,0.5394374706134267,0.711110650715004,0.542196727412138
39.76,154.99391,-74.38416,0.7073166061120238,0.5496155624692061,0.7111106168069438,0.5498693528003566
39.78,154.01086,-72.41806,0.7050993010094275,0.5572491798937794,0.7066661856243185,0.5575420172133676
39.8,153.35549,-70.45197,0.7028819959068312,0.5648827584921616,0.7044439530789757,0.5652146426015862
39.82,152.70011499999998,-68.48588,0.7006646908042348,0.572516337090544,0.7022216866255726,0.5728872679898048
39.84,139.26511,-46.203495000000004,0.6784917074440208,0.6234069128480139,0.6333329524327898,0.6956494693252643
39.86,122.55333,-22.28267,0.600886705510641,0.7429999677742615,0.597777604695968,0.7621457251305924
39.88,123.53637,-15.073644999999999,0.6008866716777664,0.7760789119037609,0.6044442345158758,0.7851637183696253
39.9,122.88101,-11.79682,0.5986694004080447,0.7938906211841135,0.6022220358785934,0.7928363827826362
39.92,123.536385,-11.79682,0.6008867393435157,0.7938906211841135,0.6044442684239361,0.7928363827826362
39.94,123.536385,-11.141455,0.6031040106132374,0.7964351732677016,0.6022220697866536,0.795393911570445
39.96,123.53638,-10.486095,0.6008867393435157,0.7989796865250988,0.6044442345158758,0.7979514403582538
