t_s,x,y,x_left,y_left,x_right,y_right
0.0,0.0,0.0,0.24339355586014377,0.619628172845079,0.10344631092975692,0.8632414126072323
0.02,9.99999999962135e-06,0.327679999999995,0.24339360060719964,0.6257631645683257,0.10344636354567292,0.8632414126072323
0.04,-0.32767000000000196,0.327685,0.24046105755460292,0.619628172845079,0.10344636354567292,0.8717885716357486
0.06,-0.327665000000002,4.99999999803435e-06,0.24046110230165876,0.619628172845079,0.10344636354567292,0.8632415430245388
0.08,-0.6553350000000023,0.6553599999999951,0.23752855924906205,0.6257631645683257,0.10344646877750495,0.8717884412184419
0.1,-1.63837,0.655364999999995,0.23459606094352117,0.6257631645683257,0.09654999543293849,0.8717885716357486
0.12,-1.63837,0.65537,0.23459606094352117,0.6257632581808705,0.09654999543293849,0.8717885716357486
0.14,-1.637085,0.98305,0.23459610569057704,0.6318982499041174,0.09656346510743961,0.8717885716357486
0.16,-1.966035,0.65537,0.2345961504376329,0.6257632581808705,0.09310181137657128,0.8717885716357486
0.18,-2.2937149999999997,0.65537,0.2316636073850362,0.6257632581808705,0.09310181137657128,0.8717885716357486
0.2,-2.29371,0.98305,0.2316636073850362,0.6318982499041174,0.0931018639924873,0.8717885716357486
0.22,-2.29371,0.65537,0.2316636073850362,0.6257632581808705,0.0931018639924873,0.8717885716357486
0.24,-2.6213800000000003,0.983055,0.22873110907949534,0.6318982499041174,0.09310191660840332,0.8717887020530551
0.26,-2.293705,0.983055,0.23166365213209203,0.6318982499041174,0.0931018639924873,0.8717887020530551
0.28,-2.9490600000000002,0.655375,0.22873110907949534,0.6257632581808705,0.08965367993612008,0.8717887020530551
0.3,-2.2937,0.983055,0.23166365213209203,0.6318982499041174,0.09310191660840332,0.8717887020530551
0.32,-2.6213800000000003,0.655375,0.22873110907949534,0.6257632581808705,0.09310191660840332,0.8717887020530551
0.34,-2.29371,0.65537,0.23166365213209203,0.6257632581808705,0.09310181137657128,0.8717885716357486
0.36,-1.966035,9.9999999960687e-06,0.2316636073850362,0.6196282664576235,0.0965500480488545,0.8632415430245388
0.38,-1.6383649999999998,9.9999999960687e-06,0.23459610569057704,0.6196282664576235,0.09654999543293849,0.8632415430245388
0.4,-0.983005000000005,9.9999999960687e-06,0.23752864874317378,0.6196282664576235,0.09999823210522168,0.8632415430245388
0.42,-1.310685,0.32768999999999804,0.23459606094352117,0.6257632581808705,0.09999828472113775,0.8632415430245388
0.44,-0.9830000000000001,0.65537,0.23752864874317378,0.6257632581808705,0.09999828472113775,0.8717885716357486
0.46,-0.983005000000005,0.32768999999999804,0.23752864874317378,0.6257632581808705,0.09999823210522168,0.8632415430245388
0.48,-0.983005000000005,9.9999999960687e-06,0.23752864874317378,0.6196282664576235,0.09999823210522168,0.8632415430245388
0.5,-1.31069,4.99999999803435e-06,0.2375286039961179,0.619628172845079,0.09654999543293849,0.8632415430245388
0.52,-1.310690000000005,0.0,0.23459606094352117,0.619628172845079,0.09999823210522168,0.8632414126072323
0.54,-1.63837,0.327684999999993,0.23752864874317378,0.6257631645683257,0.09310170614473924,0.8632415430245388
0.56,-5.570575,0.655365,0.21406803584006487,0.6257632581808705,0.07930860160785821,0.8717884412184419
0.58,-4.5875200000000005,0.6553599999999951,0.21993321143937003,0.6257631645683257,0.08275689089605748,0.8717884412184419
0.6,-4.587525,0.9830400000000001,0.21993321143937003,0.6318981562915728,0.08275683828014146,0.8717884412184419
0.62,-4.587525,-5.000000000032756e-06,0.21993321143937003,0.6257630709557812,0.08275683828014146,0.8546943839960227
0.64,-4.915205,-0.3276900000000016,0.21993321143937003,0.6196280792325344,0.07930860160785821,0.854694253578716
0.66,-4.25984,-0.3276850000000016,0.22286575449196674,0.6196280792325344,0.08275689089605748,0.8546943839960227
0.68,-4.25984,-0.3276900000000016,0.22286575449196674,0.6196280792325344,0.08275689089605748,0.854694253578716
0.7,-4.259835,-1.0000000003174e-05,0.22286579923902258,0.6196280792325344,0.08275689089605748,0.8632412821899256
0.72,-4.25983,-1.0000000003174e-05,0.22286579923902258,0.6196280792325344,0.08275694351197349,0.8632412821899256
0.74,-4.25983,0.3276699999999984,0.22286579923902258,0.6257630709557812,0.08275694351197349,0.8632412821899256
0.76,-3.60447,-1.0000000003174e-05,0.22286579923902258,0.6196280792325344,0.08965341685653998,0.8632412821899256
0.78,6.22607,0.9830450000000001,0.26392193894004695,0.6318981562915728,0.14482604546772815,0.8717885716357486
0.8,6.226075,1.3107250000000001,0.26978715928640795,0.6318981562915728,0.13792946689132962,0.8803356002469582
0.82,5.898405,0.9830400000000001,0.2697872040334638,0.6318981562915728,0.13448128283496238,0.8717884412184419
0.84,6.226084999999999,1.6384,0.26978715928640795,0.6380331480148197,0.13792957212316168,0.8803354698296515
0.86,6.22609,1.6384,0.2697872040334638,0.6380331480148197,0.13792957212316168,0.8803354698296515
0.88,5.89841,1.31071,0.2668546609808671,0.6318980626790281,0.13792957212316168,0.8803353394123448
0.9,5.24306,1.31071,0.2668547057279229,0.6318980626790281,0.1310331513945112,0.8803353394123448
0.92,17.36738,2.2937700000000003,0.2903153186310318,0.6441681397380665,0.2310333829045417,0.8888827592754743
0.94,25.231865,2.29378,0.3577650617583203,0.6441683269631556,0.23448188265640502,0.8888827592754743
0.96,24.576484999999998,1.9661,0.3518998414119593,0.6380333352399088,0.23448183004048903,0.8888827592754743
0.98,24.90415,1.63841,0.35189979666490345,0.6380332416273642,0.23792996148094023,0.8803356002469582
1.0,25.23182,1.63841,0.3548322949704443,0.6380332416273642,0.2379299088650242,0.8803356002469582
1.02,25.887169999999998,1.31073,0.35776474852892937,0.6318982499041174,0.24137814553730744,0.8803356002469582
1.04,26.21485,0.98305,0.35776474852892937,0.6318982499041174,0.2448263822095907,0.8717885716357486
1.06,25.887165,0.98305,0.35776474852892937,0.6318982499041174,0.2413780929213914,0.8717885716357486
1.08,25.88716,0.98305,0.35776470378187347,0.6318982499041174,0.2413780929213914,0.8717885716357486
1.1,26.214845,0.65537,0.35776474852892937,0.6257632581808705,0.24482632959367465,0.8717885716357486
1.12,37.3561,1.966125,0.36949496548637206,0.6318983435166619,0.3482747977759884,0.8974304399732175
1.14,58.65566,3.27691,0.5014615059648496,0.650304161199304,0.41724084661955374,0.9059779902536538
1.16,58.655654999999996,3.276915,0.5043940937645022,0.650304161199304,0.41379250471543844,0.9059781206709605
1.18,58.983329999999995,2.949225,0.5043940490174463,0.6503040675867594,0.41724074138772166,0.8974309616424442
1.2,58.983325,2.949225,0.5043940490174463,0.6503040675867594,0.41724068877180565,0.8974309616424442
1.22,59.311,2.94923,0.5073265473229872,0.650304161199304,0.41724068877180565,0.8974309616424442
1.24,59.311005,2.94923,0.507326592070043,0.650304161199304,0.41724068877180565,0.8974309616424442
1.26,59.311,2.94923,0.5073265473229872,0.650304161199304,0.41724068877180565,0.8974309616424442
1.28,59.311,2.29387,0.5073265473229872,0.6441691694760571,0.41724068877180565,0.8888839330312346
1.3,75.03985,4.260025000000001,0.5395848341309422,0.6564395273727293,0.5448272872033463,0.9230734820664465
1.32,86.50887499999999,5.2431149999999995,0.6334279122021595,0.6687102597195799,0.5551723655316081,0.9316207715122695
1.34,85.19812999999999,5.24311,0.6216975610035493,0.6748452514428268,0.555172312915692,0.9230736124837532
1.36,84.870445,5.24311,0.6216975610035493,0.6687102597195799,0.5517240236274928,0.9316206410949628
1.38,84.215085,5.243105,0.6187650179509526,0.6687101661070353,0.5482757869552096,0.9316206410949628
1.4,84.215085,5.243105,0.6187650179509526,0.6687101661070353,0.5482757869552096,0.9316206410949628
1.42,83.887395,5.24311,0.6158324301513,0.6687102597195799,0.5482757343392936,0.9316206410949628
1.44,84.21508,5.24311,0.6187649732038967,0.6687102597195799,0.5482757869552096,0.9316206410949628
1.46,84.215075,5.57079,0.6187649732038967,0.6748452514428268,0.5482757343392936,0.9316206410949628
1.48,84.870435,5.570795,0.6187649732038967,0.6687102597195799,0.5551722076838601,0.9401678001234791
1.5,99.94397000000001,7.20927,0.6715515535976431,0.6871157965645881,0.6517245708330195,0.9572630311016583
1.52,102.89315500000001,8.192325,0.703810153634989,0.6993860608487156,0.644828044872537,0.9658100597128679
1.54,102.893145,7.53696,0.7008775658353364,0.6932510691254687,0.6482762289289042,0.9572629006843518
1.56,102.89314,8.192319999999999,0.7008775210882805,0.6993860608487156,0.6482762289289042,0.9658099292955612
1.58,103.220815,7.864644999999999,0.7038100641408772,0.6932510691254687,0.6482761763129882,0.9658100597128679
1.6,102.893135,7.86464,0.7008775210882805,0.6932510691254687,0.6482761763129882,0.9658099292955612
1.62,103.22081,8.192319999999999,0.7038100193938214,0.6993860608487156,0.6482761763129882,0.9658099292955612
1.64,103.220805,8.192319999999999,0.7038100193938214,0.6932510691254687,0.6482761236970721,0.9743569579067708
1.66,102.893125,7.53696,0.7008774763412247,0.6932510691254687,0.6482761236970721,0.9572629006843518
1.68,103.54847,7.53696,0.7038099298997097,0.6932510691254687,0.6517243077534394,0.9572629006843518
1.7,103.876145,7.20928,0.7038099298997097,0.6932510691254687,0.6551724918098065,0.9487158720731422
1.72,104.531495,6.881595,0.7096749712578472,0.6871159837896773,0.6551724391938906,0.9487158720731422
1.74,105.51454,6.881595,0.7096749712578472,0.6809809920664305,0.6655172018266563,0.9572629006843518
1.76,127.79713000000001,10.15852,0.7888547076072993,0.7116568868081108,0.8068973257224061,1.0
1.78,133.040125,10.486215,0.8387090134307841,0.7177922529815361,0.8034490364342068,0.9999998695826933
1.8,132.38475499999998,10.81389,0.8328438378314789,0.723927244704783,0.8034490364342068,0.9999997391653865
1.82,132.712425,10.15852,0.8357763361370197,0.7177921593689915,0.8034489838182908,0.9914525801368702
1.84,133.367775,10.15852,0.8387088344425606,0.7177921593689915,0.8068971678746579,0.9914525801368702
1.86,133.36777,9.503160000000001,0.8387087896955047,0.7116571676457446,0.8068971678746579,0.9829055515256606
1.88,133.69545,9.503155,0.8387087896955047,0.7116570740332001,0.8103454045469413,0.9829055515256606
1.9,133.695445,9.503160000000001,0.8416413327481015,0.7116571676457446,0.806897115258742,0.9829055515256606
1.92,133.36777,9.503165,0.8387087896955047,0.7116571676457446,0.8068971678746579,0.9829056819429673
1.94,133.367765,9.83084,0.8387087896955047,0.7116571676457446,0.806897115258742,0.9914525801368702
1.96,134.023125,9.503160000000001,0.8416413327481015,0.7116571676457446,0.8103453519310252,0.9829055515256606
1.98,134.023125,9.503155,0.8416413327481015,0.7116570740332001,0.8103453519310252,0.9829055515256606
2.0,133.69544,9.17548,0.8387087449484488,0.7055221759224978,0.8103453519310252,0.9829055515256606
2.02,134.023115,9.175475,0.8416412880010455,0.7055220823099532,0.8103452993151091,0.9829055515256606
2.04,133.36775999999998,9.17548,0.8387087449484488,0.7055221759224978,0.806897115258742,0.9829055515256606
2.06,133.69544,8.8478,0.8387087449484488,0.7055221759224978,0.8103453519310252,0.9743585229144512
2.08,91.42416,5.89861,0.7565964655464003,0.6932519116383702,0.46206881782980813,0.9145278880456105
2.1,2.94942,-1.3104799999999999,0.310844014940326,0.6196307003837833,0.05517183937244787,0.8290560369258345
2.12,-5.5703,-0.65516,0.21113665621092043,0.6134950533727243,0.08275836414170604,0.8546969923421566
2.14,-3.27652,-0.98288,0.22579955046212744,0.6134947725350903,0.08965483748627251,0.8461493116444135
2.16,-1.9657900000000001,-1.310585,0.23166468131437673,0.6073594999742097,0.09655136344675501,0.8461490508098001
2.18,-0.9827550000000049,-1.63828,0.2375297674195702,0.6073593127491206,0.09999954750312219,0.8376018917812839
2.2,-0.32739499999999677,-1.96597,0.24046231047216693,0.601224227413329,0.10344778417540546,0.8376017613639771
2.22,0.00028000000000005,-1.96598,0.24339480877770778,0.6012241338007844,0.10344778417540546,0.8376016309466704
2.24,0.3279600000000018,-2.293665,0.24339480877770778,0.6012241338007844,0.10689602084768872,0.8290544719181542
2.26,-7.864135,-3.604385,0.22873195927355658,0.5950891420775375,0.03793044554736759,0.8034133860845255
2.28,-13.762475,-3.932085,0.17887796667946282,0.5828189714059546,0.034482051027336286,0.8119601538611216
2.3,-13.43478,-3.93209,0.18181059922617127,0.58281887779341,0.034482103643252306,0.8119601538611216
2.32,-13.107099999999999,-3.60441,0.18181059922617127,0.5889538695166568,0.03793034031553555,0.8119601538611216
2.34,-12.77942,-3.6044150000000004,0.18474314227876795,0.5889537759041122,0.03793034031553555,0.8119601538611216
2.36,-13.107099999999999,-3.932085,0.18181059922617127,0.58281887779341,0.03793034031553555,0.8119602842784284
2.38,-12.451745,-3.9320899999999996,0.18474314227876795,0.5889538695166568,0.041378524371902765,0.8034131252499122
2.4,-11.796395,-4.5874500000000005,0.18767564058430886,0.58281887779341,0.04482670842826999,0.7948660966387026
2.42,-11.141045,-4.9151299999999996,0.1906081388898497,0.5766838860701632,0.04827489248463721,0.7948660966387026
2.44,-10.4857,-5.570485,0.1935405924483347,0.5705488943469162,0.05172307654100443,0.7863191984447997
2.46,-10.158024999999999,-5.570485,0.1964731355009314,0.5705488943469162,0.051723023925088416,0.7863191984447997
2.48,-10.158024999999999,-5.89816,0.1964731355009314,0.564413996236214,0.051723023925088416,0.7863191984447997
2.5,-9.830345,-6.225835,0.19940567855352814,0.564413996236214,0.051723023925088416,0.7777723002508967
2.52,-7.864255,-5.570460000000001,0.1964731355009314,0.5644140898487586,0.07586078586290314,0.7948666183079293
2.54,12.779905,-3.604305,0.28151800270263266,0.5889547120295583,0.19310288474125806,0.811961718868802
2.56,16.71212,-4.259665,0.31670914579257525,0.5828198139188561,0.19310272689351002,0.8034145598402858
2.58,17.03978,-4.25967,0.3167090115514077,0.5828198139188561,0.19655091094987723,0.803414429422979
2.6,17.695140000000002,-4.58735,0.3196415546040044,0.5766848221956092,0.19999914762216048,0.803414429422979
2.62,17.367465,-4.915035,0.3196415993510603,0.5766847285830645,0.19655091094987723,0.7948674008117694
2.64,18.02282,-4.5873550000000005,0.32257409765660117,0.5766847285830645,0.19999914762216048,0.803414429422979
2.66,18.022815,-4.91504,0.32257409765660117,0.5766847285830645,0.19999909500624447,0.7948672703944627
2.68,31.457874999999998,-3.604045,0.3431020780130016,0.5828242137084525,0.3172408255731873,0.8205092691492383
2.7,49.808255,-2.2935049999999997,0.4633382672928688,0.6012255379889535,0.3689652701280082,0.8290566890123678
2.72,50.13592,-2.29351,0.4662707655984097,0.6012255379889535,0.3689651648961762,0.8290565585950612
2.74,50.463595,-2.94888,0.4692033086510064,0.5950904526531621,0.3689651122802602,0.8205093995665449
2.76,51.118945,-2.94889,0.4721358069565473,0.5950903590406175,0.3724132963366274,0.8205092691492383
2.78,51.118945,-3.27657,0.4692032639039506,0.5889553673173705,0.3758615330089106,0.8205092691492383
2.8,51.118945,-3.27657,0.4692032639039506,0.5889553673173705,0.3758615330089106,0.8205092691492383
2.82,51.446619999999996,-3.604255,0.47213576220949144,0.5889552737048259,0.3758615330089106,0.8119622405380287
2.84,51.446619999999996,-3.93194,0.47213576220949144,0.5828202819815791,0.3758615330089106,0.8119621101207221
2.86,51.446619999999996,-4.25962,0.47213576220949144,0.5828202819815791,0.3758615330089106,0.8034150815095125
2.88,55.378815,-3.6042449999999997,0.4750683052620881,0.5828202819815791,0.41379250471543844,0.8205095299838516
2.9,66.192435,-3.27653,0.5366526490547923,0.5950907334907959,0.45517213402157763,0.8119627622072554
2.92,66.520105,-3.60421,0.539585192107389,0.588955741767549,0.4551720287897456,0.8119627622072554
2.94,66.847785,-3.6042199999999998,0.539585192107389,0.5889556481550045,0.45862026546202883,0.8119626317899488
2.96,66.847775,-3.9319,0.5425176904129299,0.5828206564317575,0.45517197617382954,0.8119626317899488
2.98,67.175455,-3.9319100000000002,0.5425176904129299,0.5889555545424597,0.4586202128461128,0.8034154727614324
3.0,67.17545,-3.93171,0.542517645665874,0.5828205628192129,0.4586202128461128,0.8119677180649096
3.02,66.84777,-3.604235,0.5395851026132773,0.5889554609299151,0.4586202128461128,0.811962501372642
3.04,66.847765,-3.93192,0.5395851026132773,0.5828204692066683,0.45862016023019675,0.8119623709553354
3.06,66.520085,-3.60424,0.5395851026132773,0.5889554609299151,0.4551719235579135,0.8119623709553354
3.08,67.175445,-3.9319249999999997,0.542517645665874,0.5828203755941237,0.45862016023019675,0.8119623709553354
3.1,67.83079000000001,-3.9319249999999997,0.5454501439714148,0.5828203755941237,0.462068291670648,0.8119623709553354
3.12,90.44103,-0.327345,0.5982365453769377,0.6073609041623789,0.6379309927528942,0.871793397076096
3.14,111.08524,1.311135,0.7390010282425964,0.6319019944059016,0.6896555951554632,0.8803409473565323
3.16,110.757535,0.9834449999999999,0.7360683956958881,0.6319019944059016,0.6896554373077152,0.8717936579107095
3.18,111.41289,0.9834400000000001,0.739000894001429,0.631901900793357,0.6931036739799985,0.8717936579107095
3.2,112.068245,0.65575,0.7419334370540257,0.6257668154575654,0.6965518580363657,0.8717935274934028
3.22,29.165200000000002,0.65575,0.0,0.6257668154575654,0.6965518580363657,0.8717935274934028
3.24,112.723595,0.00037999999999499545,0.7448659353595665,0.6257667218450208,0.7000000420927329,0.854699339853677
3.26,112.395905,-0.3273000000000001,0.7448658906125106,0.619631730121774,0.6965517528045336,0.854699339853677
3.28,113.05127,-0.65498,0.7477984336651073,0.6134967383985271,0.7000000420927329,0.854699339853677
3.3,113.378945,-0.65498,0.7477984336651073,0.6134967383985271,0.7034482261491001,0.854699339853677
3.32,113.706635,-0.654985000000005,0.75073102146476,0.6134966447859824,0.7034482787650161,0.854699339853677
3.34,113.70791,-0.65498,0.7507424319640033,0.6134967383985271,0.7034482787650161,0.854699339853677
3.36,121.89875,0.3280949999999957,0.7683264587685636,0.6257669090701099,0.768965775240802,0.8632470205514199
3.38,126.15867,0.655795,0.8093827774578114,0.6257672835202885,0.7655175385685187,0.8717940491626295
3.4,125.5033,0.0004249999999963,0.803517646605562,0.619632198184497,0.7655174859526027,0.8632468901341132
3.42,125.503295,-0.32725500000000085,0.8035176018585062,0.6196321045719523,0.7655174859526027,0.8546999919402105
3.44,124.84793,-0.32726500000000086,0.8005850140588537,0.6196321045719523,0.7620692492803196,0.854699731105597
3.46,124.847935,-0.32727000000000245,0.8005850588059095,0.6196320109594077,0.7620692492803196,0.854699731105597
3.48,125.17689,-0.654945,0.8035176018585062,0.613497019236161,0.7620826663389046,0.8546998615229038
3.5,124.52025499999999,-0.32727500000000054,0.8005850588059095,0.6196319173468632,0.7586210126080364,0.854699731105597
3.52,94.37333000000001,-1.96571,0.7536638777467477,0.6134969256236164,0.49655176332771683,0.8205107037396119
3.54,4.58786,-8.847104999999999,0.34016989293685174,0.5521457914280679,0.03793055077919962,0.7264920848432396
3.56,-13.107025,-9.174845,0.17594569210920122,0.5276050756347235,0.04482739243517825,0.7521326490076415
3.58,-10.485565,-8.519515,0.19354121890711667,0.539874871856128,0.051723760547912695,0.7521321273384148
3.6,-8.519485,-8.519535,0.20233884806490685,0.5398746846310387,0.06206847056476241,0.7521318665038015
3.62,-7.864125,-8.519545,0.20527139111750356,0.5398745910184942,0.06551670723704564,0.7521317360864948
3.64,-7.20877,-8.51956,0.2082038894230444,0.539874403793405,0.06896494390932889,0.7521316056691881
3.66,-6.5534099999999995,-8.84724,0.21113643247564112,0.539874403793405,0.07241318058161214,0.7435845770579785
3.68,-5.898055,-9.50261,0.21406897552823786,0.5337393184576135,0.07586136463797935,0.7350374180294623
3.7,-5.242694999999999,-9.83029,0.21700151858083458,0.5276043267343666,0.07930960131026259,0.7350374180294623
3.72,-4.91502,-9.83029,0.21993401688637546,0.5276043267343666,0.07930960131026259,0.7350374180294623
3.74,-4.259665,-10.157979999999998,0.22286655993897217,0.527604233121822,0.08275778536662982,0.726490259000946
3.76,-4.587345,-9.830295,0.22286655993897217,0.527604233121822,0.07930954869434657,0.7350374180294623
3.78,-12.451744999999999,-10.485665000000001,0.1876756853313647,0.5214692413985752,0.03793028769961952,0.7264901285836393
3.8,-11.468695,-9.830315,0.19060827313101725,0.5276041395092774,0.044826813660102036,0.7350370267775421
3.82,-11.79638,-9.83032,0.1876756853313647,0.5276040458967328,0.044826813660102036,0.7350370267775421
3.84,-10.813355000000001,-10.48568,0.19354072668950226,0.5214690541734859,0.048274945100553225,0.7264899981663325
3.86,-9.830325,-10.485685,0.19647322499504313,0.5214689605609414,0.05517136582920369,0.7264899981663325
3.88,-9.502655,-10.81336,0.199405723300584,0.5214690541734859,0.05517131321328767,0.7179429695551229
3.9,-9.174985,-10.81336,0.19940567855352814,0.5214690541734859,0.058619497269654895,0.7179429695551229
3.92,5.57081,-9.174904999999999,0.22873137756183046,0.5337393184576135,0.17930951712479695,0.7435850987272052
3.94,20.972029999999997,-8.51951,0.3343046725904907,0.539874871856128,0.21724080452682085,0.7521322577557216
3.96,21.627380000000002,-8.847190000000001,0.33723717089603156,0.539874871856128,0.22068898858318808,0.743585229144512
3.98,22.284010000000002,-8.8472,0.3401811244478717,0.5398747782435834,0.2241371726395553,0.7435850987272052
4.0,22.282725,-9.17488,0.3401696692015724,0.5337397865203365,0.2241371200236393,0.7435850987272052
4.02,22.282725,-9.174885,0.3401696692015724,0.5337397865203365,0.2241371200236393,0.7435849683098986
4.04,22.938085,-9.174885,0.34310221225416915,0.5337396929077919,0.22758535669592256,0.7435850987272052
4.06,23.26576,-8.8472,0.34603471055970997,0.5398747782435834,0.22758535669592256,0.7435850987272052
4.08,27.197965,-7.864145000000001,0.34603471055970997,0.5398747782435834,0.26896467030656557,0.769226575812754
4.1,48.825195,-6.225675,0.4486752835475501,0.5582805023136809,0.37586184870440675,0.7863214155390134
4.12,50.791309999999996,-6.22567,0.46920348763922987,0.5644155876494723,0.37241350680029145,0.7777743869278038
4.14,51.446659999999994,-6.88104,0.47213598594477074,0.5582805023136809,0.37586169085665866,0.7692272278992875
4.16,51.774335,-7.20873,0.47213594119771485,0.5521454169778893,0.37930992752894194,0.7692270974819808
4.18,51.774335,-7.53641,0.47213594119771485,0.5521454169778893,0.37930992752894194,0.7606800688707713
4.2,52.102015,-7.53641,0.4750684842503116,0.5521454169778893,0.37930992752894194,0.7606800688707713
4.22,52.102019999999996,-7.20873,0.4750684842503116,0.5521454169778893,0.37930998014485795,0.7692270974819808
4.24,52.102025,-7.53641,0.47506852899736746,0.5521454169778893,0.37930998014485795,0.7606800688707713
4.26,52.102019999999996,-7.536405,0.4750684842503116,0.5521454169778893,0.37930998014485795,0.760680199288078
4.28,56.03423,-6.553345,0.47213594119771485,0.5521454169778893,0.42413758304370025,0.7863218067909334
4.3,78.972215,-4.587175,0.5835742775845126,0.5766864136088674,0.5344832085774888,0.8034167769344994
4.32,80.938325,-4.25949,0.6041024816761924,0.582821498944659,0.5310348140574574,0.8034167769344994
4.34,80.938315,-4.2595,0.6041024369291366,0.5828214053321144,0.5310347614415415,0.8034166465171927
4.36,81.59367,-4.58719,0.6070349352346774,0.5766863199963229,0.5344829981138247,0.8034165160998861
4.38,81.59367,-4.91487,0.6070349352346774,0.5766863199963229,0.5344829981138247,0.7948694874886765
4.4,81.59367,-4.91487,0.6070349352346774,0.5766863199963229,0.5344829981138247,0.7948694874886765
4.42,81.265985,-5.24255,0.6041023921820807,0.570551328273076,0.5344829454979086,0.7948694874886765
4.44,80.938305,-5.570235,0.6041023921820807,0.5705512346605315,0.5310347088256254,0.7863224588774669
4.46,80.938305,-5.242554999999999,0.6041023921820807,0.5705512346605315,0.5310347088256254,0.7948694874886765
4.48,80.938305,-5.570235,0.6041023921820807,0.5705512346605315,0.5310347088256254,0.7863224588774669
4.5,80.61063,-5.570235,0.601169849129484,0.5705512346605315,0.5310347614415415,0.7863224588774669
4.52,80.93831,-5.570235,0.6041023921820807,0.5705512346605315,0.5310347614415415,0.7863224588774669
4.54,80.938305,-5.57024,0.6041023921820807,0.5705512346605315,0.5310347088256254,0.7863223284601601
4.56,81.265975,-6.2256,0.6041023474350248,0.5644162429372845,0.5344828928819927,0.7777752998489506
4.58,81.921325,-6.55328,0.6070348457405657,0.5582812512140377,0.5379310769383598,0.7777752998489506
4.6,82.249,-6.88096,0.6099673440461065,0.5582812512140377,0.5379310769383598,0.769228271237741
4.62,100.27163999999999,-3.6040550000000002,0.6363605000018122,0.5705515154981652,0.6965521737318617,0.837606847638938
4.64,131.72939,-0.3270900000000004,0.8240461191795769,0.6196336023726661,0.8068973257224061,0.8547022090344242
4.66,131.72936499999997,-0.3270950000000023,0.8299111605377145,0.6196336959852106,0.8000006419141754,0.8547019481998107
4.68,132.38471,-0.982470000000005,0.8328436588432555,0.6134985170368745,0.8034487733546267,0.8461547891712945
4.7,132.712385,-1.63784,0.8357761571487964,0.6073634317010832,0.8034487733546267,0.8376076301427782
4.72,133.367735,-1.63785,0.8387086554543373,0.6073633380885386,0.806896957410994,0.8376074997254714
4.74,133.36774000000003,-2.29322,0.8387086554543373,0.601228252752747,0.80689701002691,0.8290603406969552
4.76,133.367735,-2.29322,0.8387086554543373,0.601228252752747,0.806896957410994,0.8290603406969552
4.78,133.36774000000003,-2.6209,0.8387086554543373,0.5950932610295002,0.80689701002691,0.8290603406969552
4.8,133.04006,-2.94859,0.8357761124017405,0.5950931674169556,0.80689701002691,0.820513181668439
4.82,133.36774000000003,-2.94859,0.8387086554543373,0.5950931674169556,0.80689701002691,0.820513181668439
4.84,133.36774000000003,-3.27628,0.8387086554543373,0.5889580820811642,0.80689701002691,0.8205130512511323
4.86,133.04006,-3.27628,0.8357761124017405,0.5889580820811642,0.80689701002691,0.8205130512511323
4.88,132.712375,-3.27629,0.8357761124017405,0.5889579884686195,0.8034487207387108,0.8205129208338255
4.9,132.713615,-3.27629,0.8357872096715928,0.5889579884686195,0.8034487207387108,0.8205129208338255
4.92,132.71238,-3.60397,0.8357761124017405,0.5889579884686195,0.8034487733546267,0.8119658922226161
4.94,90.11355499999999,-5.89778,0.753664369964362,0.582822903132828,0.45172479181986674,0.7606825467995983
4.96,3.277285,-12.123825,0.3108448203873314,0.515336683601488,0.05862107574713549,0.6923048833195482
4.98,-4.2594,-11.140845,0.21700254776311925,0.5153359347011311,0.08965578457276088,0.7179454474839501
5.0,-2.621005,-11.468565,0.22873280946761787,0.5153355602509528,0.09310386339729605,0.7093978972035138
5.02,-0.98261,-11.796265,0.237530438625408,0.5153353730258635,0.10000028412594651,0.7008506077576908
5.04,0.0004250000000000087,-12.123954999999999,0.24046293693094886,0.5092002876900721,0.106896757470513,0.7008504773403842
5.06,0.6557800000000027,-12.779330000000002,0.24339543523648977,0.5030651087417359,0.11034499414279622,0.6923033183118679
5.08,1.6388150000000001,-12.779340000000001,0.2492605213416832,0.5030650151291913,0.11379317819916346,0.6923031878945612
5.1,2.294175,-13.434709999999999,0.2521930643942799,0.4969299297933999,0.1172414148714467,0.6837560288660449
5.12,2.949535,-13.10703,0.2551256074468766,0.4969299297933999,0.12068965154372994,0.6923030574772545
5.14,-15.073055,-13.107035,0.196474209430272,0.5030649215166468,0.0,0.6837558984487382
5.16,-19.332965,-12.77937,0.15248539243548334,0.4969297425683107,0.006896525960482498,0.7008498252538508
5.18,-18.349915,-12.4517,0.15835056803478847,0.5030646406790129,0.010344762632765748,0.700849694836544
5.2,-18.022235000000002,-12.45171,0.16128311108738522,0.5030645470664684,0.010344762632765748,0.7008495644192373
5.22,-17.694560000000003,-12.779399999999999,0.16128311108738522,0.5030644534539237,0.013792946689132961,0.6923024053907211
5.24,-16.383845,-13.43476,0.16714815244552278,0.49079447000743004,0.020689420033699443,0.6923024053907211
5.26,-16.056175,-13.76245,0.17008065075106366,0.4907943763948854,0.020689367417783423,0.6837552463622047
5.28,-15.72851,-14.090129999999998,0.17008056125695195,0.4907943763948854,0.024137551474150646,0.6752082177509952
5.3,-15.07315,-13.43477,0.17301310430954867,0.49692936811813226,0.027585788146433886,0.6837552463622047
5.32,-15.07315,-13.76245,0.17301310430954867,0.4907943763948854,0.027585788146433886,0.6837552463622047
5.34,-11.79632,-13.107075,0.17594564736214538,0.4907943763948854,0.058620233892479175,0.700849694836544
5.36,12.780065,-11.4686,0.27858617560292964,0.5092001004649829,0.19655196326819768,0.71794466498011
5.38,18.023035,-11.468595,0.32257512683888584,0.5153351858007743,0.20000019994048088,0.7093976363689004
5.4,18.678375000000003,-11.79628,0.3225749925977182,0.5092001940775275,0.20689662066913134,0.7093975059515938
5.42,19.66141,-12.123965,0.3284400339558558,0.5092001004649829,0.2103448573414146,0.7008504773403842
5.44,19.989085,-12.12397,0.3313725770084525,0.5092001004649829,0.21034480472549857,0.7008503469230775
5.46,20.316760000000002,-12.12397,0.3313725322613967,0.5092001004649829,0.21379304139778182,0.7008503469230775
5.48,20.972119999999997,-12.451655,0.3343050753139934,0.5030650151291913,0.21724127807006502,0.7008503469230775
5.5,24.904315,-11.140920000000001,0.3372376183665901,0.5092001004649829,0.25517224977659286,0.7264916935913195
5.52,46.531530000000004,-9.83012,0.43694551406066595,0.5276058245350803,0.36551766484671727,0.7350397655409827
5.54,49.153,-9.50244,0.46040626120494244,0.5337409098708717,0.3655175069989691,0.735039635123676
5.56,49.808350000000004,-9.83013,0.46333875951048326,0.5276058245350803,0.36896569105533644,0.7350395047063694
5.58,49.808350000000004,-10.157810000000001,0.4633387147634274,0.5276058245350803,0.3689657436712524,0.7264924760951598
5.6,50.463705,-10.4855,0.46627125781602413,0.5214707391992888,0.3724139277276196,0.726492345677853
5.62,50.79139,-10.81318,0.46920380086862085,0.5214707391992888,0.3724139803435356,0.7179453170666434
5.64,51.119065,-10.81318,0.46920380086862085,0.5214707391992888,0.37586216439990283,0.7179453170666434
5.66,51.119060000000005,-11.140855,0.469203756121565,0.5153357474760419,0.37586216439990283,0.7179454474839501
5.68,51.11907,-10.81318,0.46920380086862085,0.5214707391992888,0.3758622170158189,0.7179453170666434
5.7,51.119065,-10.81318,0.46920380086862085,0.5214707391992888,0.37586216439990283,0.7179453170666434
5.72,67.5033,-8.519325,0.5043947202232841,0.5398761824317524,0.5068971573514748,0.7521352573537754
5.74,83.2322,-7.53622,0.6129006030515971,0.5521471956162368,0.5448283921375826,0.7606825467995983
5.76,83.232175,-7.863915,0.6129005135574853,0.5460121102804454,0.5448282342898346,0.760682285964985
5.78,83.559845,-8.519285,0.6158330118630262,0.539877024944654,0.5448281816739186,0.7521351269364688
5.8,83.55984,-8.519295,0.6158329671159704,0.5398769313321093,0.5448281816739186,0.752134996519162
5.82,83.232155,-9.17466,0.6129004240633736,0.5337418459963178,0.5448281290580026,0.7435879679079523
5.84,83.55983499999999,-9.50234,0.6158329671159704,0.5337418459963178,0.5448281290580026,0.7350409392967429
5.86,83.23216,-9.50235,0.6129004240633736,0.5337417523837732,0.5448281816739186,0.7350408088794361
5.88,83.23216,-10.157710000000002,0.6129004240633736,0.5276067606605264,0.5448281816739186,0.7264937802682265
5.9,83.55983499999999,-10.157710000000002,0.6158329671159704,0.5276067606605264,0.5448281290580026,0.7264937802682265
5.92,83.55983,-11.14076,0.6158329223689144,0.5214716753247349,0.5448281290580026,0.7093995926285007
5.94,84.542855,-11.79612,0.6187654206744553,0.5092016918782412,0.551724497170737,0.7093995926285007
5.96,101.582435,-8.846905,0.6539562505350069,0.5276070414981602,0.6896559108509593,0.7606837205553585
5.98,118.294375,-7.86378,0.7741923950678183,0.5460133272435252,0.7241388037329519,0.7606841118072787
6.0,117.638985,-8.191475,0.7683271299744014,0.5460132336309806,0.7241386985011199,0.7521368223614556
6.02,117.966655,-8.191485,0.7683270852273456,0.546013140018436,0.727586882557487,0.7521366919441489
6.04,117.966645,-8.51916,0.7712595835328865,0.5398781482951892,0.7241385932692878,0.7521368223614556
6.06,118.622005,-8.51917,0.7741921265854832,0.5398780546826445,0.7275868299415711,0.7521366919441489
6.08,118.294315,-8.84685,0.7683269957332338,0.5398780546826445,0.7310350139979382,0.7435896633329393
6.1,118.949675,-9.502215,0.7741920818384274,0.5337430629593977,0.7310350139979382,0.7350425043044231
6.12,118.949665,-9.502220000000001,0.7712594940387747,0.5337429693468531,0.7344831980543055,0.7350425043044231
6.14,119.605025,-9.502220000000001,0.7771245801439681,0.5337429693468531,0.7344831980543055,0.7350425043044231
6.16,120.26039,-9.17454,0.780057123196565,0.5337429693468531,0.7379314873425048,0.7435895329156327
6.18,120.260395,-9.17455,0.7800571679436208,0.5337428757343086,0.7379314873425048,0.7435894024983261
6.2,120.915755,-9.50223,0.7829897109962175,0.5337428757343086,0.741379724014788,0.7350423738871165
6.22,120.91575,-9.17455,0.7829897109962175,0.5337428757343086,0.741379671398872,0.7435894024983261
6.24,120.91575,-9.50224,0.7829896662491617,0.5337427821217638,0.741379724014788,0.7350422434698097
6.26,120.91575,-9.829835,0.780057123196565,0.5337427821217638,0.7448279606870712,0.7264974319528139
6.28,121.57111,-9.502234999999999,0.7859222093017584,0.5337427821217638,0.7448279606870712,0.7350423738871165
6.3,135.006115,-6.880705000000001,0.8152478635630048,0.546013140018436,0.8517243498461722,0.7863263713966675
6.32,147.78580499999998,-4.914555,0.9061578616169553,0.5766892219852057,0.8793106641517663,0.7948736608424906
6.34,146.14738499999999,-4.914565,0.894427555165401,0.5766892219852057,0.875862374863567,0.7948734000078771
6.36,146.475055,-5.242255,0.8973600534709418,0.5705541366494142,0.8758623222476509,0.7948732695905704
6.38,146.475055,-5.56994,0.8973600534709418,0.5705540430368695,0.8758623222476509,0.7863262409793608
6.4,146.47505999999998,-5.56994,0.8973600534709418,0.5705540430368695,0.875862374863567,0.7863262409793608
6.42,146.47505999999998,-5.56995,0.8973600534709418,0.570553949424325,0.875862374863567,0.7863261105620541
6.44,146.80274500000002,-5.897625,0.8973600982179977,0.5644189577010781,0.8793106115358502,0.7863262409793608
6.46,147.458105,-5.897635,0.9002926412705944,0.5644188640885335,0.8827588482081334,0.7863261105620541
6.48,147.45811,-5.897635,0.9002926412705944,0.5644189577010781,0.8827589008240495,0.7863259801447474
6.5,147.130425,-6.22532,0.9002926412705944,0.5644188640885335,0.8793106115358502,0.7777789515335379
6.52,147.45811,-6.22532,0.9002926412705944,0.5644188640885335,0.8827589008240495,0.7777789515335379
6.54,147.130425,-5.89765,0.8973600982179977,0.5644187704759889,0.8827588482081334,0.7863258497274408
6.56,147.78579000000002,-5.89765,0.9032251843231911,0.5644187704759889,0.8827589008240495,0.7863258497274408
6.58,137.95532,-6.880699999999999,0.9032251843231911,0.5644187704759889,0.779311064032728,0.7606845030591988
6.6,53.085300000000004,-14.417465,0.5894400796425999,0.5092030024538656,0.2551731442471652,0.6410240158253576
6.62,0.32821500000000003,-18.677425,0.24046338440150744,0.4478517746457724,0.11034562553378847,0.615381625818662
6.64,4.5881,-18.349795,0.25805895594647876,0.45398620469375167,0.13448338747160318,0.6153811041494353
6.66,7.209515,-19.005195,0.2697889491686422,0.44171575318453493,0.14827628154482014,0.6153807128975151
6.68,9.17558,-19.660585,0.28151903188491734,0.4417154723469011,0.1551727022734706,0.5982862644231759
6.7,10.813965,-20.31596,0.29031661629565164,0.42944530167531814,0.16206907038620505,0.5982861340058692
6.72,12.124680000000001,-20.64365,0.29618165765378923,0.4294452080627736,0.16896554373077155,0.5897389749773531
6.74,12.78004,-20.64366,0.29618165765378923,0.429445114450229,0.175862017075338,0.5897388445600463
6.76,13.107715,-20.971345,0.3020467437589827,0.4233100291144375,0.17241372778713876,0.5897388445600463
6.78,-10.157815,-20.97135,0.2228673206389217,0.429445114450229,0.020689577881447506,0.5811915551142234
6.8,-16.38383,-21.62673,0.16421560939292607,0.41717485016610145,0.024137814553730746,0.5811914246969166
6.82,-14.745425000000001,-21.626745,0.17594587109742466,0.41717475655355685,0.027585998610097966,0.5811911638623032
6.84,-14.090065,-21.954430000000002,0.17887841415002137,0.4171746629410122,0.031034235282381206,0.5726441352510936
6.86,-13.434705000000001,-21.954435,0.18181091245556222,0.4171745693284675,0.034482524570580465,0.5726441352510936
6.88,-13.10702,-21.954439999999998,0.1818109572026181,0.4171745693284675,0.03793076124286371,0.572644004833787
6.9,-12.779340000000001,-21.954439999999998,0.18474350025521483,0.4171745693284675,0.03793076124286371,0.572644004833787
6.92,-12.123985000000001,-21.954435,0.18767604330781154,0.4171745693284675,0.041378945299230925,0.5726441352510936
6.94,-12.123985000000001,-22.28212,0.18767604330781154,0.41103957760522075,0.041378945299230925,0.572644004833787
6.96,-11.468625,-22.609795,0.19060858636040826,0.41103957760522075,0.04482718197151417,0.564097106639884
6.98,-11.468630000000001,-22.60979,0.19060854161335242,0.4110396712177653,0.04482718197151417,0.564097106639884
7.0,-11.468630000000001,-22.282105,0.19060854161335242,0.4110396712177653,0.04482718197151417,0.5726442656684003
7.02,-10.813265000000001,-22.609785000000002,0.19354112941300497,0.4110396712177653,0.048275418643797405,0.5640972370571907
7.04,-11.14095,-22.60978,0.19060854161335242,0.41103976483030996,0.048275418643797405,0.5640972370571907
7.06,-11.468630000000001,-22.937465,0.19060854161335242,0.4110396712177653,0.04482718197151417,0.5555502084459811
7.08,-11.140955,-22.937455,0.19060854161335242,0.4049047731070631,0.04827536602788139,0.5640973674744975
7.1,0.32801500000000017,-21.62669,0.21993428536871057,0.4171750373911906,0.13448270346469493,0.5811922072007567
7.12,7.537085,-21.29899,0.2756535430562212,0.4233104035646159,0.1448274660974607,0.5811922072007567
7.14,7.86476,-21.298994999999998,0.27565349830916536,0.4233103099520713,0.14827570276974394,0.5811922072007567
7.16,7.86476,-21.626675,0.27565349830916536,0.4171753182288244,0.14827570276974394,0.5811922072007567
7.18,8.192440000000001,-21.954355,0.27858604136176207,0.4171753182288244,0.14827570276974394,0.5726451785895472
7.2,8.192440000000001,-21.954355,0.27858604136176207,0.4171753182288244,0.14827570276974394,0.5726451785895472
7.22,8.192440000000001,-21.954355,0.27858604136176207,0.4171753182288244,0.14827570276974394,0.5726451785895472
7.24,19.66142,-19.660535,0.302046654264871,0.43558057423619884,0.241379671398872,0.6068344667901457
7.26,30.14738,-18.677455000000002,0.3753617072326322,0.4478512129705049,0.2655176964162668,0.615381625818662
7.28,30.80272,-18.67747,0.3782941160440613,0.44785111935796024,0.26896588047263403,0.6153813649840486
7.3,32.11343,-19.660519999999998,0.38415920214925475,0.4417160340221687,0.27586224858536845,0.5982871773443228
7.32,33.096455,-19.9882,0.3900241987603365,0.4355810422989218,0.2793104326417357,0.5982871773443228
7.34,33.424125000000004,-20.31588,0.3900241540132806,0.42944605057567503,0.2827586166981029,0.5982871773443228
7.36,33.751795,-21.298920000000003,0.3929566523188215,0.42331105885242815,0.2827585640821869,0.5811931201219036
7.38,34.407155,-20.97124,0.3958891953714182,0.42331105885242815,0.2862068007544702,0.5897401487331132
7.4,34.734835,-20.97124,0.3958891953714182,0.42944605057567503,0.28965503742675336,0.5811931201219036
7.42,34.73484,-21.298925,0.3988217384240149,0.42331096523988354,0.28620685337038615,0.5811931201219036
7.44,35.062515,-21.298925,0.3988217384240149,0.42331105885242815,0.28965503742675336,0.5811929897045969
7.46,46.20377,-19.332795,0.41055191063440183,0.42944605057567503,0.39310355822498316,0.6239294369337116
7.48,73.401645,-17.038915000000003,0.5630465657104474,0.46012250699262297,0.5000006313909923,0.6410245374945843
7.5,74.38468,-17.3666,0.5747768721620018,0.46012250699262297,0.496552184255045,0.6324773784660681
7.52,74.712345,-17.366615,0.5747767826678901,0.4601224133800784,0.5000003683114121,0.6324771176314548
7.54,75.040025,-17.6943,0.5777093257204868,0.453987328044287,0.5000003683114121,0.6324771176314548
7.56,76.023065,-18.021990000000002,0.5806418687730835,0.4539872344317423,0.5068968416559787,0.6239299586029384
7.58,75.695375,-18.021995,0.577709280973431,0.4539872344317423,0.5068967890400626,0.6239298281856318
7.6,76.023055,-18.67736,0.5806418240260277,0.4478521490959509,0.5068967890400626,0.6153827995744222
7.62,75.695365,-18.34969,0.5806417792789718,0.44785205548340634,0.5034484997518633,0.6239296977683251
7.64,75.695365,-18.67737,0.5806417792789718,0.44785205548340634,0.5034484997518633,0.6153826691571155
7.66,60.294255,-19.00507,0.5278555568616723,0.4478519618708617,0.40344858393732896,0.6068352492939858
7.68,56.689724999999996,-19.66044,0.49266454801289733,0.4355817911992787,0.40689687322552825,0.6068352492939858
7.7,57.34509,-19.00509,0.49852967886514654,0.44171668930998104,0.40689687322552825,0.6153821474878888
7.72,57.34509,-19.66046,0.49852967886514654,0.4355816039741895,0.40689687322552825,0.6068349884593724
7.74,57.345095,-19.66046,0.4955971358125499,0.4355816039741895,0.4103451625137275,0.6068349884593724
7.76,57.345095,-19.332785,0.49852972361220244,0.44171650208489177,0.40689687322552825,0.6068349884593724
7.78,58.000455,-19.66047,0.5014622666647992,0.4355815103616449,0.41034510989781153,0.6068348580420657
7.8,57.3451,-19.988155,0.49852972361220244,0.4355814167491003,0.4068969258414443,0.5982878294308562
7.82,57.67278,-19.98816,0.49852972361220244,0.4355814167491003,0.4103451625137275,0.5982876990135495
7.84,57.67278,-20.643525,0.49852972361220244,0.42944633141330885,0.4103451625137275,0.58974067040234
7.86,57.34509,-20.31585,0.49852967886514654,0.42944633141330885,0.40689687322552825,0.5982875685962429
7.88,57.67277,-20.64353,0.49852967886514654,0.42944633141330885,0.41034510989781153,0.5897405399850333
7.9,57.67277,-21.2989,0.49852967886514654,0.42331124607751736,0.41034510989781153,0.581193380956517
7.92,61.277275,-19.98816,0.49852963411809076,0.42331124607751736,0.4482760289884233,0.615382017070582
7.94,87.492055,-16.383564999999997,0.6129003793163177,0.46625731149078076,0.5896558898045929,0.6495715661057939
7.96,91.096565,-16.71125,0.6480913881650927,0.4662574051033253,0.5862073900527296,0.641024276659971
7.98,92.407265,-17.36663,0.6539563400291186,0.4601222261549892,0.5931038107813801,0.632476987214148
8.0,93.390285,-17.69432,0.6598213366402005,0.4539871408191977,0.5965519422218313,0.6324768567968413
8.02,93.717955,-18.022,0.6598212918931445,0.4539871408191977,0.6000001262781985,0.6239298281856318
8.04,94.045625,-18.02201,0.6627537901986854,0.4539870472066531,0.6000000736622825,0.6239296977683251
8.06,94.37225000000001,-18.02201,0.6627537454516296,0.4539870472066531,0.6034372609922015,0.6239296977683251
8.08,94.700985,-17.36665,0.6656863332512821,0.4601220389299,0.6034483103345657,0.6324767263795347
8.1,94.700975,-17.69434,0.6656862885042263,0.45398695359410857,0.6034482577186497,0.6324765959622279
8.12,94.045605,-17.69434,0.6627537007045736,0.45398695359410857,0.5999999684304504,0.6324765959622279
8.14,95.02864,-17.694345,0.6656861990101145,0.45398685998156396,0.6068964417750169,0.6324765959622279
8.16,94.70096,-17.69435,0.6656861990101145,0.45398685998156396,0.6034482051027337,0.6324764655449212
8.18,95.02864,-17.366675,0.6656861990101145,0.4601217580922662,0.6068964417750169,0.6324764655449212
8.2,93.71791999999999,-17.366680000000002,0.6627537007045736,0.4601217580922662,0.5965516791422512,0.6324763351276145
8.22,51.11908,-19.988135,0.5571812111229187,0.4478518682583171,0.2724139066812532,0.5811936417911304
8.24,9.83089,-23.920385,0.2815187634025822,0.3926359130111046,0.162068965154373,0.5555516430363548
8.26,12.780045000000001,-22.609685,0.2991142902004977,0.411040700955756,0.17241372778713876,0.564098410812951
8.28,13.76307,-23.59275,0.3020466990119268,0.3987704366716285,0.17931020113170526,0.5555511213671281
8.3,14.418425,-23.920445,0.30497924206452354,0.3987703430590838,0.18275838518807247,0.5470038319213051
8.32,15.401465,-23.59278,0.31084432816971697,0.39877015583399456,0.18620662186035566,0.555550730115208
8.34,15.40146,-23.92047,0.3108442834226611,0.39877006222145,0.18620662186035566,0.5470035710866917
8.36,16.05682,-24.248154999999997,0.3137768264752578,0.3926350704982032,0.18965485853263891,0.547003440669385
8.38,16.3845,-24.57584,0.3137768264752578,0.39263497688565857,0.19310309520492216,0.5384564120581754
8.4,13.76304,-24.24816,0.3167094142749104,0.3926348832731139,0.1620687020747929,0.5470035710866917
8.42,-13.434695000000001,-24.90354,0.20233902705313028,0.386499891549867,0.010344604785017676,0.5384560208062554
8.44,-17.039205,-24.24819,0.16421556464587023,0.3926346960480247,0.01724123597733223,0.5470030494174649
8.46,-16.05616,-24.57589,0.17008069549811952,0.3926345088229355,0.02068947264961547,0.538455759971642
8.48,-15.728475,-24.90358,0.1700807402451754,0.386499423487144,0.02413770932189871,0.5384556295543352
8.5,-15.4008,-25.231270000000002,0.17301323855071624,0.3864993298745994,0.02413770932189871,0.5299084705258191
8.52,-15.073115,-24.903599999999997,0.17301328329777207,0.39263422798530173,0.02758594599418195,0.5299083401085124
8.54,-15.400794999999999,-25.231279999999998,0.17301328329777207,0.38649923626205485,0.02413770932189871,0.5299083401085124
8.56,-15.400794999999999,-25.231279999999998,0.17301328329777207,0.38649923626205485,0.02413770932189871,0.5299083401085124
8.58,-15.07311,-25.231279999999998,0.17301328329777207,0.38649923626205485,0.027585998610097966,0.5299083401085124
8.6,-14.745429999999999,-25.231279999999998,0.17594582635036882,0.38649923626205485,0.027585998610097966,0.5299083401085124
8.62,-14.745429999999999,-25.23129,0.17594582635036882,0.38649914264951024,0.027585998610097966,0.5299082096912057
8.64,-13.762395,-26.214329999999997,0.17887836940296553,0.38036415092626336,0.03448241933874843,0.5128141524687865
8.66,-13.107054999999999,-26.54202,0.18181082296145054,0.37422906559047187,0.03793055077919962,0.5128140220514797
8.68,-12.451705,-26.8697,0.18474332126699142,0.368094073867225,0.041378734835566845,0.5128140220514797
8.7,-12.451715,-27.197380000000003,0.18474327651993552,0.368094073867225,0.041378682219650825,0.5042669934402703
8.72,-12.124044999999999,-27.525065,0.1876757748254764,0.36809398025468043,0.04137862960373481,0.49571996482906067
8.74,-11.796365,-27.852745,0.1876757748254764,0.36195898853143355,0.04482686627601805,0.49571996482906067
8.76,7.537014999999999,-24.248175,0.22873178028533317,0.38036443176389717,0.19999977901315272,0.5640978891437243
8.78,31.45808,-22.282004999999998,0.38122665909665804,0.4171756926790029,0.2724141171449173,0.564098410812951
8.8,31.458045,-22.609704999999998,0.3812265248554904,0.41104051373066675,0.2724139066812532,0.5640981499783376
8.82,32.768745,-23.265079999999998,0.3870915214665722,0.4049053347823307,0.2793102747939877,0.5555509909498214
8.84,33.09642,-23.920445,0.39002401977211304,0.3987702494465392,0.2793102747939877,0.5470039623386118
8.86,33.75177,-24.24813,0.3929565180776539,0.39263525772329233,0.2827584588503549,0.5470038319213051
8.88,33.751765,-24.248134999999998,0.3929565180776539,0.3926351641107478,0.2827584062344388,0.5470038319213051
8.9,34.40713,-24.575815,0.39588906113025063,0.3926351641107478,0.2862066955226381,0.5384568033100955
8.92,34.734805,-24.57582,0.39588906113025063,0.3926351641107478,0.2896548795790053,0.5384566728927888
8.94,35.062485,-24.9035,0.39882160418284734,0.3865001723875009,0.2896548795790053,0.5384566728927888
8.96,35.06248,-24.9035,0.3988215594357915,0.3865001723875009,0.2896548795790053,0.5384566728927888
8.98,35.390165,-25.231180000000002,0.39882160418284734,0.3865001723875009,0.2931031162512886,0.5299096442815793
9.0,35.39017,-24.9035,0.39882160418284734,0.3865001723875009,0.2931031688672046,0.5384566728927888
9.02,35.71785,-25.231180000000002,0.40175414723544406,0.3865001723875009,0.2931031688672046,0.5299096442815793
9.04,35.0625,-25.231180000000002,0.3988216489299032,0.3865001723875009,0.2896549848108374,0.5299096442815793
9.06,35.062505,-25.231180000000002,0.398821693676959,0.3865001723875009,0.2896549848108374,0.5299096442815793
9.08,32.113385,-25.558864999999997,0.3753613492561853,0.3803650870517094,0.2862067481385542,0.5299096442815793
9.1,43.254615,-24.2481,0.4017542367295558,0.38036518066425407,0.3724138224957876,0.5640988020648711
9.12,68.486385,-22.281905000000002,0.5366533650076859,0.41104154346865746,0.47931094827771276,0.5726468740145342
9.14,69.79712,-22.60959,0.5542488470585455,0.41104154346865746,0.4724143697013142,0.564099714986018
9.16,70.780145,-22.6096,0.5571813453640864,0.41104144985611285,0.4793107378140487,0.5640995845687112
9.18,70.78014,-22.93729,0.5571813006170305,0.4049063645203213,0.4793107378140487,0.5640994541514045
9.2,70.452455,-22.937295,0.5571813006170305,0.40490627090777676,0.4758624485258494,0.5640994541514045
9.22,71.107815,-23.59266,0.5601138436696272,0.3987712791845299,0.47931068519813264,0.5555522951228883
9.24,70.45246,-23.92034,0.5571813006170305,0.3987712791845299,0.4758625011417654,0.5470052665116787
9.26,70.780135,-23.92035,0.5571813006170305,0.39877118557198526,0.47931068519813264,0.547005136094372
9.28,71.107815,-23.92035,0.5601138436696272,0.39877118557198526,0.47931068519813264,0.547005136094372
9.3,71.10782,-23.920344999999998,0.5601138436696272,0.39877118557198526,0.4793107378140487,0.5470052665116787
9.32,71.10782,-24.24803,0.5601138436696272,0.3926361938487384,0.4793107378140487,0.547005136094372
9.34,71.4355,-24.24803,0.5601138436696272,0.3926361938487384,0.4827589744863319,0.547005136094372
9.36,52.102205,-23.264995,0.5366533202606301,0.40490617729523215,0.30689727310648995,0.5555520342882748
9.38,18.350775,-24.248085000000003,0.3255078936267618,0.39263572578601535,0.20000056825189302,0.5470043535905318
9.4,20.316875,-23.592750000000002,0.33137311397312286,0.40490552200741986,0.21379356755694198,0.5470039623386118
9.42,21.955244999999998,-24.575825000000002,0.34017056414268954,0.3926351641107478,0.22068993566967646,0.5384565424754821
9.44,22.938275,-24.57583,0.3431030624482304,0.3926350704982032,0.22758635639832692,0.5384565424754821
9.46,23.593625,-24.90352,0.3460355607537713,0.3864999851624117,0.23103454045469413,0.5384564120581754
9.48,24.57666,-25.2312,0.3519006021119088,0.3864999851624117,0.23448277712697738,0.5299093834469658
9.5,24.24899,-25.2312,0.348968103806368,0.3864999851624117,0.2344828297428934,0.5299093834469658
9.52,24.904355,-24.90353,0.3519006916060206,0.386499891549867,0.23793106641517664,0.5384562816408687
9.54,25.23203,-25.231205,0.35483318991156143,0.386499891549867,0.23793106641517664,0.5299093834469658
9.56,25.23203,-25.558889999999998,0.35483318991156143,0.386499891549867,0.23793106641517664,0.5213622244184496
9.58,25.559705,-25.55889,0.35483318991156143,0.38036489982662014,0.24137925047154385,0.5299092530296591
9.6,25.559710000000003,-25.88657,0.35483318991156143,0.38036489982662014,0.2413793030874599,0.5213622244184496
9.62,25.887394999999998,-25.88656,0.35776577771121404,0.3803649934391648,0.2413793030874599,0.5213623548357562
9.64,25.8874,-25.88656,0.35776577771121404,0.3803649934391648,0.2413793557033759,0.5213623548357562
9.66,25.232039999999998,-25.88656,0.3548332346586173,0.3803649934391648,0.23793111903109265,0.5213623548357562
9.68,25.232045,-25.88656,0.35483327940567316,0.3803649934391648,0.23793111903109265,0.5213623548357562
9.7,25.232045,-25.886555,0.35483327940567316,0.3803649934391648,0.23793111903109265,0.521362485253063
9.72,25.232045,-26.214235000000002,0.35483327940567316,0.3742300017159179,0.23793111903109265,0.521362485253063
9.74,25.232045,-26.214235000000002,0.35483327940567316,0.3742300017159179,0.23793111903109265,0.521362485253063
9.76,33.424175,-25.886515,0.3753613492561853,0.3803652742767986,0.30000043145051136,0.5213631373395965
9.78,37.028725,-25.886499999999998,0.40761994929353124,0.3803655551144325,0.30000043145051136,0.5213631373395965
9.8,37.02872,-25.88651,0.40761990454647534,0.3803654615018878,0.30000043145051136,0.5213630069222898
9.82,37.028715,-25.88651,0.40761990454647534,0.3803654615018878,0.30000037883459535,0.5213630069222898
9.84,36.373355000000004,-26.21419,0.40468736149387863,0.37423046977864094,0.2965521421623121,0.5213630069222898
9.86,36.37335,-26.214195,0.40468731674682284,0.3742303761660963,0.2965521421623121,0.5213630069222898
9.88,36.37335,-26.541875,0.40468731674682284,0.3742303761660963,0.2965521421623121,0.5128159783110801
9.9,36.373345,-26.2142,0.40468731674682284,0.3742303761660963,0.2965520895463961,0.521362876504983
9.92,45.220815,-24.248075,0.4105524028520162,0.38036536788934316,0.3827591639036296,0.5640991933167911
9.94,69.141825,-21.954205,0.5454513968889788,0.4171767224169935,0.4758630799168416,0.5726471348491475
9.96,69.469505,-22.609575,0.5513166172353398,0.4110417306937466,0.4724146853968103,0.5640998454033247
9.98,70.124855,-22.60959,0.5542491155408806,0.41104154346865746,0.4758628694531776,0.564099714986018
10.0,70.124845,-22.93727,0.5542490707938248,0.40490655174541057,0.4758628168372615,0.564099714986018
10.02,70.124845,-23.264955,0.5571816138464215,0.40490645813286597,0.47241458016497834,0.5555526863748084
10.04,70.45251999999999,-23.264960000000002,0.554249026046769,0.40490645813286597,0.4793110535095448,0.5555525559575016
10.06,70.45251,-23.592640000000003,0.5571815243523098,0.40490645813286597,0.47586276422134555,0.547005527346292
10.08,70.45251,-23.92032,0.5571815243523098,0.3987714664096191,0.47586276422134555,0.547005527346292
10.1,71.435535,-24.57569,0.5601140226578507,0.3926363810738276,0.48275913233407997,0.5384583683177758
10.12,71.763205,-24.57569,0.5630465209633916,0.3926363810738276,0.48275907971816395,0.5384583683177758
10.14,72.74623,-25.231054999999998,0.5659789745218765,0.38650129573803615,0.4896555004468144,0.5299113397065662
10.16,72.74623,-25.231054999999998,0.5659789745218765,0.3865013893505808,0.4896555004468144,0.5299112092892595
10.18,72.74623,-25.23105,0.5659789745218765,0.3865013893505808,0.4896555004468144,0.5299113397065662
10.2,72.746235,-25.558735,0.5659790192689325,0.38036639762733393,0.4896555004468144,0.5299112092892595
10.22,72.746235,-25.55874,0.5659790192689325,0.38036630401478927,0.4896555004468144,0.5299112092892595
10.24,73.401595,-25.231054999999998,0.5659789745218765,0.38036630401478927,0.49655202640729695,0.5384583683177758
10.26,100.271735,-20.31571,0.6539563847761745,0.42331227581550807,0.6758630167777424,0.6068369447189729
10.28,112.39608000000001,-19.332625,0.7477992838591686,0.44171809349815,0.6931043579869066,0.6068369447189729
10.3,111.74068,-19.332639999999998,0.74193392927164,0.4417179062730609,0.6931042527550746,0.6068368143016661
10.32,112.068355,-19.98801,0.74193392927164,0.43558282093726935,0.6965524368114417,0.5982896552731498
10.34,112.396025,-20.64338,0.7448664275771808,0.4294477356014779,0.6965523841955258,0.5897424962446336
10.36,113.05138,-20.3157,0.7477989258827217,0.4294477356014779,0.700000620867809,0.5982895248558432
10.38,113.05137,-20.64339,0.747798881135666,0.4294476419889333,0.700000568251893,0.589742365827327
10.4,113.051365,-21.29875,0.747798881135666,0.42331265026568643,0.7000005156359771,0.5811953372161174
10.42,113.706725,-21.954115,0.7507314241882627,0.41717756492989494,0.7034487523082603,0.5726483086049078
10.44,109.44685000000001,-21.95412,0.7507313794412068,0.41717756492989494,0.6586213598730821,0.572648178187601
10.46,79.627675,-23.592575,0.6187657786509021,0.40490720703322275,0.5000007366228243,0.5470061794328255
10.48,76.67851999999999,-23.59261,0.5835748145491829,0.39877184085979744,0.510345604487422,0.5555528167921151
10.5,77.006195,-23.59263,0.5835748145491829,0.3987715600221637,0.5137937885437893,0.5555526863748084
10.52,77.661545,-23.92032,0.5894398559073205,0.3987714664096191,0.5137937359278734,0.547005527346292
10.54,78.316905,-24.248005,0.5923723989599173,0.3926364746863722,0.5172419726001566,0.5470053969289853
10.56,78.316895,-23.92034,0.5923723542128614,0.3987712791845299,0.5172419199842405,0.5470052665116787
10.58,78.644575,-24.24802,0.5923723542128614,0.39263628746128304,0.5206901566565237,0.5470052665116787
10.6,56.03441,-24.575715,0.5483837162062962,0.3987712791845299,0.33448337694842006,0.5299108180373395
10.62,34.73497,-25.88648,0.39295718928349177,0.37423075061627475,0.29310406333777694,0.5299104267854193
10.64,37.02875,-25.231144999999998,0.40762008353469875,0.3865005468376793,0.30000053668234344,0.5299100355334994
10.66,37.356415,-25.23116,0.407619994040587,0.38650035961259005,0.30344872073871065,0.5299099051161926
10.68,38.01177,-25.55885,0.4105524923461279,0.3803652742767986,0.3068969574109939,0.5299097746988859
10.7,38.667125,-25.55886,0.4134850353987246,0.38036518066425407,0.31034514146736114,0.5299096442815793
10.72,38.9948,-25.88654,0.4164175337042655,0.38036518066425407,0.31034514146736114,0.5213626156703697
10.74,38.994805,-25.886544999999998,0.4164175784513213,0.3803650870517094,0.31034514146736114,0.5213626156703697
10.76,39.650165,-25.88655,0.41935012150391804,0.3803650870517094,0.31379337813964436,0.521362485253063
10.78,39.650165,-25.88655,0.41935012150391804,0.3803650870517094,0.31379337813964436,0.521362485253063
10.8,39.977825,-26.869594999999997,0.41935003200980636,0.3680950099926711,0.31724150958009556,0.5128154566418534
10.82,41.616209999999995,-27.19728,0.4281476164205406,0.3680950099926711,0.32413787769283,0.5042682976133371
10.84,41.6162,-27.852645000000003,0.42814752692642893,0.3619600182694242,0.32413787769283,0.4957211385848209
10.86,64.55409499999999,-23.59269,0.4750687079855908,0.3926354449483816,0.510345183560094,0.564099714986018
10.88,85.853655,-22.609569999999998,0.6275634525557482,0.4110418243062912,0.5551731021544324,0.5640998454033247
10.9,85.198265,-22.937265,0.6216981874623314,0.40490664535795523,0.5551729969226004,0.564099714986018
10.92,86.181285,-23.264969999999998,0.627563184073413,0.4049063645203213,0.5586211283630516,0.5555524255401949
10.94,86.508965,-23.920344999999998,0.627563184073413,0.3987712791845299,0.5620693650353348,0.547005136094372
10.96,87.16431,-23.92035,0.6304956376318981,0.39877118557198526,0.565517549091702,0.547005136094372
10.98,87.491985,-24.57573,0.6334281806844948,0.3926360066236492,0.565517496475786,0.538457846648549
11.0,87.819665,-24.57573,0.6334281806844948,0.3926360066236492,0.5689657331480692,0.538457846648549
11.02,104.859235,-22.609575,0.686214492595906,0.41104144985611285,0.6862073584831799,0.5641002366552447
11.04,112.068285,-21.9542,0.7448662038419016,0.4171768160295381,0.6931037792118304,0.5726471348491475
11.06,112.39594,-22.609575,0.744866069600734,0.4110417306937466,0.6965519106522816,0.5640998454033247
11.08,112.395935,-22.60959,0.7448660248536781,0.41104154346865746,0.6965519106522816,0.564099714986018
11.1,113.05128500000001,-23.264960000000002,0.747798523159219,0.40490645813286597,0.7000000947086489,0.5555525559575016
11.12,113.051275,-23.92032,0.7477984784121633,0.3987714664096191,0.7000000420927329,0.547005527346292
11.14,113.378955,-24.24801,0.75073102146476,0.3926363810738276,0.7000000420927329,0.5470053969289853
11.16,132.38458,-20.971095,0.7976520682827543,0.4171770032546273,0.8448275081901936,0.5982896552731498
11.18,142.87047,-19.988005,0.8826969354844555,0.435582914549814,0.8551722708229593,0.5982896552731498
11.2,141.8874,-20.64339,0.8768316703910387,0.4294476419889333,0.851723928918844,0.589742365827327
11.22,141.887385,-21.29876,0.8738990378443302,0.4233125566531418,0.8551721129752112,0.5811952067988106
11.24,142.21506,-21.62645,0.8768315361498711,0.4171774713173504,0.8551721129752112,0.5811950763815039
11.26,142.87041499999998,-21.95413,0.8797640792024678,0.4171774713173504,0.8586202970315784,0.5726480477702943
11.28,143.52578,-22.60949,0.8826966222550645,0.4110424795941035,0.8620685863197777,0.5641010191590848
11.3,144.18113499999998,-22.93717,0.8856291653076612,0.4049074878708567,0.8655167703761449,0.5641010191590848
11.32,144.83648499999998,-22.60949,0.8885616636132021,0.4110424795941035,0.8689649544325121,0.5641010191590848
11.34,144.83648,-22.6095,0.8885616188661463,0.4110423859815589,0.8689649544325121,0.5641008887417781
11.36,155.32237500000002,-20.315665000000003,0.9061569666758383,0.4233125566531418,0.9586204233097769,0.6068377272228129
11.38,169.74054999999998,-18.021815,1.0,0.4539889194575452,1.0,0.6239321756971522
11.4,169.412835,-18.34952,0.9999998657588324,0.44785364689666457,0.9965515528640527,0.6239319148625389
11.42,169.08513499999998,-18.349535000000003,0.9970672332121239,0.44785355328411997,0.9965514476322207,0.6239316540279254
11.44,169.412805,-18.677225,0.9999997315176647,0.4478534596715753,0.9965513950163046,0.6153844949994092
11.46,169.08511499999997,-18.677235,0.9970671437180122,0.44785327244648615,0.9965513424003886,0.6153844949994092
11.48,163.514495,-19.004925,0.9999996420235531,0.44785327244648615,0.9344825035242141,0.6068372055535861
11.5,79.95527,-24.9033,0.7331358526432914,0.4049074878708567,0.3689657962871684,0.5128175433187604
11.52,0.9834949999999998,-30.47402,0.2697887254333629,0.3374209875018828,0.08275899553269828,0.4615334153919027
11.54,1.96656,-29.81872,0.24632829151847746,0.34355513671222826,0.12068996723922606,0.4700800527511921
11.56,4.58797,-30.47414,0.2580582847406409,0.3374195833137137,0.13448280869652698,0.4615322416361425
11.58,6.88171,-31.12954,0.26978841220397193,0.3312842171402884,0.14482736086562864,0.4529846913557061
11.6,8.520085,-31.784924999999998,0.2785859071205945,0.32514894457940774,0.15172372897836306,0.4444374019098832
11.62,9.830795,-31.784945,0.2844509484787321,0.3251487573543185,0.15862014970701355,0.4444371410752697
11.64,10.486145,-32.112635,0.28738344678427297,0.31901357840598243,0.16206833376338076,0.4444371410752697
11.66,11.796865,-32.44032,0.2932485328894664,0.31901357840598243,0.16896480710794726,0.4358899820467535
11.68,11.796865,-32.76801,0.2932485328894664,0.312878493070191,0.16896480710794726,0.4358898516294468
11.7,12.124535,-33.09569,0.29618103119500727,0.312878493070191,0.16896475449203122,0.42734282301823723
11.72,12.452215,-33.42337,0.29618103119500727,0.3067435013469441,0.17241299116431447,0.42734282301823723
11.74,12.77989,-33.42337,0.2991135295005481,0.3067435013469441,0.17241299116431447,0.42734282301823723
11.76,12.77989,-33.751055,0.2991135295005481,0.30674340773439945,0.17241299116431447,0.41879579440702763
11.78,29.16413,-29.491120000000002,0.32550673020330956,0.33128384269010996,0.3137928519804841,0.49572087775020746
11.8,55.05129,-27.524929999999998,0.4838667398668837,0.3680952908303049,0.4000002420332137,0.4957216602540476
11.82,55.051265,-27.85262,0.48679923817242454,0.3619602054945134,0.39655179489726644,0.4957215298367409
11.84,56.034295,-28.18031,0.49266427953056213,0.3558251201587219,0.39999997895363365,0.49572139941943427
11.86,56.68965,-29.163355,0.495596777836103,0.3496900348229305,0.4034482156259169,0.47862734219701514
11.88,56.68964,-29.163355,0.495596777836103,0.3496900348229305,0.4034481103940848,0.47862734219701514
11.9,57.344995,-28.835675000000002,0.4985292761416439,0.3496900348229305,0.40689634706636807,0.4871743708082247
11.92,58.000355,-29.16336,0.5014618191942406,0.3496900348229305,0.4103445837386513,0.4786272117797084
11.94,58.32803,-29.163355,0.5014617744471848,0.3496900348229305,0.41379282041093457,0.47862734219701514
11.96,58.655705,-29.491039999999998,0.5043943174997815,0.3496900348229305,0.4137927677950185,0.4700801831684988
11.98,58.655705,-29.81872,0.5043943174997815,0.3435550430996836,0.4137927677950185,0.4700801831684988
12.0,58.655699999999996,-29.818730000000002,0.5043942727527256,0.343554949487139,0.4137927677950185,0.4700800527511921
12.02,60.621785,-29.491039999999998,0.5043942727527256,0.3374199577638921,0.43448224044463396,0.4871743708082247
12.04,94.37330499999999,-24.575655,0.6158323854042441,0.3865012021254915,0.6586209389457539,0.5470065706847456
12.06,110.10218,-23.592565,0.7390010282425964,0.40490720703322275,0.6793106746749494,0.5470064402674389
12.08,109.77446499999999,-24.575625000000002,0.7302031753495271,0.3926370363616399,0.6862070427876839,0.5384591508216159
12.1,110.757495,-25.230995,0.7360682167076646,0.38650195102584833,0.6896552268440511,0.5299119917930997
12.12,111.085165,-25.231009999999998,0.7390007150132054,0.3865017638007592,0.689655174228135,0.5299118613757929
12.14,111.085165,-25.886375,0.7390007150132054,0.3803667720775123,0.689655174228135,0.5213647023472766
12.16,112.068195,-25.886380000000003,0.744865756371343,0.3803666784649677,0.6931033582845022,0.5213647023472766
12.18,112.39588,-26.214064999999998,0.744865756371343,0.3742315931291762,0.6965516475727015,0.5213647023472766
12.2,112.723555,-26.54175,0.744865756371343,0.3742315931291762,0.6999998316290688,0.5128175433187604
12.22,113.378915,-26.86943,0.7477982994239397,0.3680966014059293,0.703448068301352,0.5128175433187604
12.24,113.706595,-26.54176,0.7507308424765365,0.37423149951663165,0.703448068301352,0.5128174129014538
12.26,113.706585,-27.197125,0.7477982546768839,0.36809650779338476,0.7068962523577192,0.5042702538729374
12.28,115.34497,-27.852494999999998,0.7565957943405623,0.36196132884504867,0.7137926730863696,0.49572322526172785
12.3,116.00032,-28.83554,0.7595282926461032,0.3558263371218018,0.7172408571427369,0.4786290376220021
12.32,121.24322000000001,-27.852475,0.762460790951644,0.34355635367530807,0.7689646703065657,0.5213648327645833
12.34,154.66700500000002,-22.937085,0.9002917910765331,0.3987729642103328,0.9586204233097769,0.5726496127779747
12.36,162.203775,-22.609375,0.9706740772564183,0.41104360294463876,0.9551720814056616,0.5641024537494583
12.38,162.20373999999998,-22.937085,0.9677413104685424,0.41104332210700495,0.9586202128461128,0.5555550338863288
12.4,162.531405,-23.59245,0.9677412209744306,0.40490823677121346,0.96206839690248,0.5470080052751192
12.42,163.51443,-23.920144999999998,0.9736062623325682,0.39877315143542197,0.9655165283429312,0.5470077444405058
12.44,163.51441499999999,-24.24784,0.9736061728384564,0.39263797248708593,0.9655164757270153,0.5470076140231991
12.46,164.16977,-24.247844999999998,0.9736061280914007,0.3926378788745413,0.9724129490715816,0.5470076140231991
12.48,164.49744500000003,-24.57553,0.9765386711439974,0.3926378788745413,0.9724128964556658,0.5384604549946828
12.5,164.82512000000003,-24.575535000000002,0.9794711694495383,0.39263778526199666,0.9724128964556658,0.5384604549946828
12.52,164.82512000000003,-24.90322,0.9794711694495383,0.3865027935387498,0.9724128964556658,0.538460324577376
12.54,164.49744,-24.90323,0.9794711694495383,0.3926376916494521,0.9689646597833825,0.5299131655488599
12.56,114.68964,-27.8524,0.8709660920682307,0.37423262286716685,0.5724139698203525,0.4786298201258422
12.58,20.644435,-34.40616,0.4017543262236675,0.3128811142214399,0.13448265084877892,0.3931575777541461
12.6,7.20941,-35.389285,0.2668557796572635,0.28834002397791714,0.15172414990569125,0.4017039542788222
12.62,9.503174999999999,-35.717,0.2815186739084705,0.2883398367528279,0.15862046540250965,0.3931562735810792
12.64,11.796935,-36.372395,0.2932488461188574,0.2822044705794026,0.1689651754193594,0.38460885371794956
12.66,13.763005,-37.027775000000005,0.3020464305295917,0.2760692916310666,0.17930983282029306,0.3760615642721266
12.68,14.418365,-37.683155,0.3049789735821884,0.26993411268273054,0.1827580694925763,0.3675142748263036
12.7,15.401395,-38.010850000000005,0.310844014940326,0.2699339254576413,0.18620625354894352,0.3589671157977874
12.72,15.729074999999998,-38.338544999999996,0.310844014940326,0.2637988401218498,0.18965449022122677,0.35896685496317404
12.74,9.175415000000001,-39.321585,0.31377651324586686,0.25766375478605835,0.11724094132820251,0.34187292815806153
12.76,-11.140975000000001,-40.96002,0.19354103991889327,0.23312350705543705,0.04482697150785009,0.33332537787762523
12.78,-9.830245,-40.304665,0.19647358297148998,0.24539349050193082,0.05517178675653185,0.3333252474603185
12.8,-8.519535,-40.30469,0.20233862432962757,0.2392582179410501,0.062068207485182304,0.34187201523691474
12.82,-8.191855,-40.63238,0.20527116738222428,0.23925812432850552,0.062068207485182304,0.33332485620839847
12.84,-8.191855,-40.304705,0.20527116738222428,0.24539302243920777,0.062068207485182304,0.33332485620839847
12.86,-8.19186,-40.632385,0.20527112263516842,0.23925803071596088,0.062068207485182304,0.33332485620839847
12.88,-7.864179999999999,-40.96007,0.20527112263516842,0.23925803071596088,0.06551644415746556,0.32477769717988214
12.9,-7.536505,-40.96007,0.20820366568776516,0.23925803071596088,0.06551639154154953,0.32477769717988214
12.92,-7.2088350000000005,-41.28776,0.2082036209407093,0.23312294538016945,0.06896457559791674,0.3247775667625755
12.94,-6.225805,-41.615449999999996,0.21113611924625014,0.23312285176762482,0.07586099632656722,0.31623040773405925
12.96,-5.242775,-41.943124999999995,0.2170011606043877,0.226987860044378,0.07930918038293444,0.3162305381513659
12.98,25.887245,-36.372415000000004,0.28738299931371436,0.26379865289676063,0.3241374567655018,0.41025059163811173
13.0,60.94961,-34.078535,0.5102599853167011,0.3067453735978362,0.43103479301109104,0.4102512437246452
13.02,60.621895,-35.061585,0.5102598958225893,0.29447529653879784,0.4275862932592277,0.4017040846961289
13.04,62.260285,-35.389285,0.5190574802333237,0.2883401175904618,0.43448271398787813,0.4017038238615155
13.06,62.915635,-35.71698,0.5219899785388645,0.2883399303653726,0.4379308980442454,0.39315666483299927
13.08,63.57098499999999,-36.70003,0.5249224768444054,0.2760698533063342,0.4413790821006126,0.38460950580448305
13.1,64.22634,-37.02771,0.5278549751499462,0.2760698533063342,0.44482731877289583,0.3760624771932734
13.12,64.226335,-37.027715,0.5278549751499462,0.2760697596937896,0.4448272661569799,0.3760624771932734
13.14,64.55401499999999,-37.027725000000004,0.530787518202543,0.27606966608124506,0.4448272661569799,0.37606234677596667
13.16,64.55401,-37.355405000000005,0.530787473455487,0.26993467435799817,0.4448272661569799,0.37606234677596667
13.18,65.209375,-37.68309,0.5337200612551397,0.26993467435799817,0.44827550282926304,0.36751518774745046
13.2,64.88168999999999,-37.68309,0.530787473455487,0.26993467435799817,0.44827550282926304,0.36751518774745046
13.22,65.20937,-38.33845,0.5337200165080838,0.2637996826347513,0.44827550282926304,0.35896815913624086
13.24,65.537045,-38.666135,0.5337200165080838,0.2576645972989598,0.45172368688563036,0.35896815913624086
13.26,65.86473,-38.993815,0.5366525595606805,0.2576645972989598,0.4517237395015463,0.3504211305250314
13.28,65.53705,-38.666135,0.5337200165080838,0.2576645972989598,0.4517237395015463,0.35896815913624086
13.3,65.86474,-38.993815,0.5366526043077364,0.2576645972989598,0.45172379211746233,0.3504211305250314
13.32,65.537055,-38.993815,0.5366526043077364,0.2576645972989598,0.44827550282926304,0.3504211305250314
13.34,39.6501,-39.976870000000005,0.46333849102814817,0.2576646909115044,0.26206888096890735,0.32477952302217583
13.36,28.181155,-40.63226,0.36363077432229574,0.23925924767904075,0.2586205916807081,0.3333264212160787
13.38,29.491880000000002,-40.304595,0.3724284929741976,0.24539414578974306,0.2620687757370753,0.33332616038146534
13.4,30.14658,-40.304604999999995,0.3753610360267943,0.24539405217719842,0.26551006710844394,0.33332602996415867
13.42,29.819555,-40.6323,0.3753610360267943,0.23925887322886233,0.2620687231211593,0.33332589954685193
13.44,30.47491,-40.6323,0.3782935343323352,0.23925887322886233,0.26551695979344253,0.33332589954685193
13.46,29.81955,-41.287665000000004,0.3753609912797385,0.23312388150561544,0.2620687231211593,0.3247787405183357
13.48,30.802595,-41.28767,0.37829357907939104,0.2331237878930709,0.2689651964657258,0.3247787405183357
13.5,31.457955,-40.95999,0.3812261221319878,0.23925877961631778,0.27241343313800903,0.3247787405183357
13.52,31.78564,-40.95999,0.38415866518458447,0.23925877961631778,0.2724134857539251,0.3247787405183357
13.54,31.130285,-41.28767,0.3812261221319878,0.2331237878930709,0.26896530169755783,0.3247787405183357
13.56,31.13028,-40.95999,0.3812261221319878,0.23925877961631778,0.2689652490816418,0.3247787405183357
13.58,31.785645000000002,-41.287665000000004,0.3812261221319878,0.2331237878930709,0.2758617750421243,0.32477887093564234
13.6,54.068225,-38.33843,0.45454081712330213,0.2576646909115044,0.42413821443469246,0.3675157094166772
13.62,63.571085,-38.66608,0.5278555121146166,0.2638001506974743,0.4379313189715735,0.35042178261156476
13.64,64.881775,-39.321455,0.5307878761789898,0.251530073638436,0.44827592375659125,0.35042152177695135
13.66,66.192475,-39.97682,0.5366528727900715,0.2453949883026445,0.4551722918693257,0.34187449316574187
13.68,66.847825,-40.959865,0.5395853710956123,0.23925999657939762,0.4586204759256929,0.32478030552601594
13.7,66.520135,-40.959865,0.5395853263485565,0.23925990296685298,0.4551721866374936,0.3247804359433227
13.72,66.52013,-41.61523,0.5395852816015007,0.2331249112436061,0.4551721866374936,0.3162332769148064
13.74,67.830855,-41.61523,0.5454504124537499,0.2331249112436061,0.4620686599820601,0.3162332769148064
13.76,68.158525,-41.615235,0.5454503677066941,0.23312481763106155,0.4655168440384273,0.3162332769148064
13.78,68.486195,-41.942915,0.548382866012235,0.22698982590781466,0.4655167914225113,0.3162332769148064
13.8,79.62745,-39.64909,0.5630456260222744,0.23925999657939762,0.5655170229325418,0.35896985456122793
13.82,97.65012999999999,-38.33829,0.6744840071561281,0.26380118043546497,0.6241379408319292,0.3589702458131479
13.84,98.30548,-38.993655000000004,0.6803490932613215,0.2576661887122181,0.6241378356000973,0.3504230867846317
13.86,98.960825,-39.649029999999996,0.6832815915668624,0.251531009763882,0.6275859670405484,0.3418759277561154
13.88,99.616175,-39.64904,0.6862140898724032,0.25153091615133744,0.6310341510969156,0.3418757973388087
13.9,100.271535,-39.97673,0.689146632925,0.2453958308155459,0.6344823877691989,0.34187566692150195
13.92,100.926885,-40.30442,0.6920791312305408,0.2453957372030013,0.6379305718255661,0.33332850789298574
13.94,101.254555,-40.959785,0.6950116295360816,0.23926074547975443,0.63793051920965,0.3247813488644695
13.96,101.58223,-40.95979,0.6950115847890258,0.23926065186720988,0.6413787558819333,0.3247813488644695
13.98,101.90991,-41.28747,0.6979441278416225,0.233125660143963,0.6413787558819333,0.3247813488644695
14.0,102.237585,-41.28748,0.6979441278416225,0.23312556653141836,0.6448269399383005,0.3247812184471628
14.02,102.892945,-41.61516,0.7008766261471634,0.23312556653141836,0.6482752292264998,0.31623418983595325
14.04,103.22062,-41.61517,0.7038091691997601,0.23312547291887378,0.6482751766105838,0.3162340594186465
14.06,103.548295,-41.94285,0.7038091691997601,0.2269904811956269,0.6517233606669509,0.3162340594186465
14.08,103.87597,-42.27054,0.706741667505301,0.22699038758308226,0.6517233606669509,0.3076869003901303
14.1,104.53133,-42.9259,0.7096742105578977,0.22085539585983543,0.6551715973392342,0.2991398717789207
14.12,104.859005,-43.908950000000004,0.7096742105578977,0.21472031052404392,0.6586197813956014,0.28204568413919484
14.14,105.514365,-44.56431,0.7126067536104944,0.20858531880079711,0.6620680180678846,0.27349865552798525
14.16,106.82509,-45.54735,0.7184718397156878,0.19631533535430334,0.6689645440283672,0.26495162691677565
14.18,108.13581500000001,-46.53039,0.7243369258208813,0.19018034363105646,0.6758610699888496,0.24785756969435657
14.2,109.11887,-47.185739999999996,0.7272695583675898,0.1840454455203542,0.6827575959493322,0.2393106715004537
14.22,110.429595,-47.51343,0.7331346892198392,0.17791036018456274,0.6896540692938986,0.23931054108314698
14.24,112.068,-47.84111,0.7419323183776292,0.17177536846131586,0.6965505952543811,0.23931054108314698
14.26,112.723355,-47.51344,0.7448648614302259,0.1779102665720181,0.6999987793107483,0.23931041066584033
14.28,113.051035,-48.1688,0.7477974044828226,0.1717752748487713,0.6999987793107483,0.23076338205463073
14.3,113.706395,-49.15184,0.7507299475354193,0.16564028312552442,0.7034470159830316,0.21366932483221154
14.32,113.7064,-49.479515,0.7507299475354193,0.15950529140227754,0.7034470685989476,0.21366945524951828
14.34,114.689445,-50.79023,0.7536625353350719,0.1472354015683284,0.7103435419435141,0.19657539802709906
14.36,115.34481,-51.117905,0.7565950783876687,0.14110040984508151,0.7137918312317134,0.1965755284444058
14.38,116.000155,-50.79023,0.7595275766932095,0.1472354015683284,0.7172399626721646,0.19657539802709906
14.4,116.983175,-50.790245,0.7653925733042912,0.14723530795578377,0.7206880941126157,0.1965751371924857
14.42,118.29387,-51.44561,0.771257569915373,0.1411002226199923,0.7275844096094342,0.1880281085812761
14.44,117.966165,-52.100975,0.7712574356742055,0.13496513728420084,0.7241360677053189,0.1794810799700666
14.46,117.966145,-52.756335,0.768324803127497,0.12883014556095396,0.7275841991457701,0.170934051358857
14.48,119.27687,-54.394725,0.7741898892326904,0.11656025572700483,0.7344807251062526,0.14529309594253492
14.5,121.898365,-43.581165,0.7917852370423824,0.16564075118824745,0.7413776719940632,0.35897115873429475
14.52,114.03403,-29.818575000000003,0.7565948993994451,0.3312867446789927,0.6999984636152522,0.4871756749812915
14.54,113.05093,-25.55884,0.7507295000648607,0.3742305633911856,0.696549963863389,0.5384566728927888
14.56,111.41378,-23.920499999999997,0.7419431919122023,0.3926348832731139,0.6896533326710743,0.5555500780286745
14.58,110.75713,-22.28213,0.7389991041191947,0.41103948399267615,0.6862050959987911,0.5726438744164803
14.6,110.10176,-21.62678,0.736066516319542,0.4171743821033784,0.6827568067105918,0.5811907726103832
14.62,110.101765,-20.31606,0.7331340180140011,0.42944436554987214,0.686205043382875,0.5982848298328023
14.64,109.774085,-19.660705,0.7331340180140011,0.43557926366057437,0.6827568067105918,0.6068318584440119
14.66,109.77409,-19.33303,0.7331340180140011,0.43557926366057437,0.6827568593265079,0.6153787566379147
14.68,109.446415,-18.67767,0.7302015197084604,0.44784924710706814,0.6827568593265079,0.6153787566379147
14.7,109.446415,-18.34999,0.7331340627610571,0.44784924710706814,0.6793086226542246,0.6239257852491243
14.72,108.463375,-18.349995,0.7272689766558635,0.4478491534945235,0.6758603859819413,0.6239257852491243
14.74,107.80801,-17.694634999999998,0.724336388856211,0.45398414521777036,0.6724121493096582,0.6324728138603339
14.76,107.15265,-18.022315,0.7214038458036143,0.45398414521777036,0.6689639126373749,0.6239257852491243
14.78,107.15266,-17.039275,0.7214038905506701,0.4601191369410172,0.6689639652532909,0.6410198424715435
14.8,106.82499,-16.383915000000002,0.7214039352977261,0.4662541286642641,0.6655157811969238,0.6495668710827531
14.82,106.49732,-16.05623,0.7184714369921852,0.4723892140000556,0.6655158338128397,0.6495668710827531
14.84,90.44086999999999,-14.745515000000001,0.7008760891824932,0.4785242057233025,0.517240394122676,0.6752078264990752
14.86,56.36179,-13.762505,0.5073262788406521,0.49079390833216235,0.3862059273302642,0.6837544638583647
14.88,54.72338,-11.796445,0.4867982984842516,0.5091986962768137,0.39310250590666274,0.70939528885738
14.9,54.723385,-11.79646,0.4867983432313075,0.5091985090517246,0.39310250590666274,0.7093951584400734
14.92,55.05106,-11.141105,0.4867982984842516,0.5153334071624268,0.39655074257894596,0.7179421870512829
14.94,54.72339,-10.485745,0.4867983432313075,0.5214683988856738,0.39310255852257875,0.7264892156624925
14.96,54.72339,-10.158059999999999,0.4867983432313075,0.5276034842214652,0.39310255852257875,0.7264892156624925
14.98,54.7234,-10.485735,0.4867983879783633,0.5214684924982184,0.3931026111384948,0.7264893460797991
15.0,54.395725,-10.48574,0.4838658449257666,0.5214684924982184,0.39310266375441083,0.7264892156624925
15.02,54.39573,-10.15805,0.4867984327254192,0.5276035778340098,0.3896544270821276,0.7264893460797991
15.04,54.39574,-10.48573,0.486798477472475,0.5214685861107629,0.3896544796980436,0.7264893460797991
15.06,53.74038,-10.15804,0.4809333913672816,0.5276036714465544,0.3896544796980436,0.7264894764971058
15.08,58.983329999999995,-9.17497,0.4838659791669342,0.5276036714465544,0.44137871378920046,0.7521313448345748
15.1,75.039885,-8.84723,0.5747761114620523,0.5398744974059495,0.5034479209767871,0.7435847074752853
15.12,75.03988,-8.84723,0.577708654514649,0.5398744974059495,0.4999996316885879,0.7435847074752853
15.14,74.384525,-9.17492,0.5747761562091082,0.5337394120701581,0.49655139501630463,0.7435845770579785
15.16,74.384515,-9.502600000000001,0.5747761114620523,0.5337394120701581,0.4965513424003887,0.7350375484467689
15.18,74.38451,-9.83028,0.5747761114620523,0.5337394120701581,0.49655128978447266,0.7264905198355593
15.2,75.039855,-10.81333,0.5777085650205372,0.5214693350111198,0.49999947384083987,0.717943360807043
15.22,76.022885,-10.813324999999999,0.5777085202734814,0.5214693350111198,0.5103441312417736,0.7179434912243498
15.24,77.66127,-12.451715,0.5865060599371599,0.5091994451771706,0.5172405519704241,0.6923025358080277
15.26,78.97198,-14.090105000000001,0.5923711012952975,0.4907945636199746,0.5241369726990744,0.6752086090029152
15.28,80.61037999999999,-15.073125000000001,0.6011687304530876,0.4846597591218169,0.5310334460436409,0.6581148126151095
15.3,74.71251000000001,-22.60941,0.5865067311429978,0.4478518682583171,0.486209421027088,0.5128217166725745
15.32,60.622299999999996,-54.394235,0.5102616409577677,0.20245472686714666,0.4275885031277006,0.02564108583362861
15.34,55.05164,-64.224635,0.4926659799186847,0.024539966892987472,0.38965732095750866,0.017094057222419013
15.36,60.94978,-60.947835,0.5131935575515825,0.04294494206272806,0.42758713511388396,0.0769232575008861
15.38,69.797125,-63.896955,0.5454511731536995,0.04294494206272806,0.48275918494999603,0.0
15.4,75.695435,-65.863035,0.5571817480875891,0.0,0.5310347614415415,0.008547028611209598
15.42,87.49198,-61.275515,0.6275626918557986,0.024539966892987472,0.5724143907476806,0.09401731472330531
15.44,93.39043,-50.134395,0.6539569217408447,0.12883482618818426,0.603449152189222,0.2393168011138681
15.46,96.99484000000001,-43.253115,0.6744844546266866,0.20245472686714666,0.6172416779510269,0.31624005861475424
15.48,98.960835,-38.010234999999994,0.6832816810609741,0.2576696523763685,0.6275859670405484,0.3760692588932213
15.5,99.943825,-35.3889,0.6891465434308882,0.2822089639815437,0.6310339406332516,0.4102555474957659
15.52,100.271445,-33.7506,0.6891462749485531,0.30061290941329366,0.6344818616100386,0.4273484309624249
15.54,100.92675,-32.439955,0.6920785942658706,0.31288214395943054,0.6379297825868258,0.4444415752636972
15.56,101.25438,-30.80161,0.6950108688361322,0.3312865574539035,0.6379295721231617,0.4615349803995829
15.58,101.582035,-29.163235,0.6950107345949647,0.34355626006276346,0.6413777035636129,0.4871758053985982
15.6,102.237385,-27.852535,0.6979432329005055,0.35582605628416797,0.6448258876199802,0.504269601786404
15.62,102.565055,-26.86951,0.7008757312060463,0.36809585250557253,0.6448258350040641,0.512816499980307
15.64,101.909685,-26.86952,0.6979431434063937,0.36809575889302787,0.6413775457158648,0.5128163695630003
15.66,100.598955,-26.541854999999998,0.6920780125541445,0.3742306570037302,0.6344810197553824,0.5128161087283868
15.68,99.615905,-26.214195,0.6891454247544918,0.37423046977864094,0.6275844937948998,0.521362876504983
15.7,98.63286,-25.558844999999998,0.6832802939022425,0.38036536788934316,0.6241362571226166,0.5299097746988859
15.72,98.63286,-25.23117,0.6832802939022425,0.38650026600004544,0.6241362571226166,0.5299097746988859
15.74,98.632865,-24.248134999999998,0.6832803386492984,0.3926351641107478,0.6241362571226166,0.5470038319213051
15.76,97.97749999999999,-23.920455,0.6803477508496459,0.39877015583399456,0.6206880204503333,0.5470038319213051
15.78,97.649815,-23.592775000000003,0.6803477508496459,0.39877015583399456,0.6172397311621342,0.5555508605325147
15.8,97.649805,-23.26508,0.6744825752503407,0.3987702494465392,0.6241362045067006,0.5640981499783376
15.82,106.169645,-20.64357,0.7126063061399358,0.42331096523988354,0.668964175716955,0.5982870469270161
15.84,105.1866,-19.00519,0.7126063956340476,0.44171575318453493,0.6586193078523572,0.6153808433148218
15.86,105.186585,-18.349835,0.7126063061399358,0.4478506512952372,0.6586192552364412,0.6239278719260315
15.88,105.18657999999999,-18.34984,0.7126063061399358,0.4478506512952372,0.6586192026205252,0.6239277415087248
15.9,105.186565,-18.67752,0.7126062166458242,0.4478506512952372,0.6586191500046092,0.6153807128975151
15.92,105.51423,-18.34985,0.7126061718987683,0.44785055768269255,0.6620672814450604,0.623927611091418
15.94,105.18653,-18.349854999999998,0.7126060824046566,0.44785055768269255,0.6586189395409452,0.6239274806741113
15.96,104.858835,-18.34987,0.7126059929105448,0.4478503704576034,0.6551706502527459,0.6239273502568047
15.98,104.531145,-18.022185,0.7096734051108923,0.4539853621808502,0.6551705976368298,0.6239274806741113
16.0,104.531145,-19.005215,0.7096734051108923,0.45398545579339483,0.6551705976368298,0.5982865252577892
16.02,95.02854500000001,-37.682935,0.6774157895087752,0.3435561664502188,0.5931031793903878,0.26495267025522923
16.04,94.700905,-49.151759999999996,0.6568883461170452,0.1533708613542983,0.6137925994240873,0.23076468622769758
16.06,96.994655,-48.168710000000004,0.6744836044326253,0.1717762109742173,0.6172407308645386,0.2307644253930842
16.08,98.305345,-48.49641,0.6803485115495954,0.16564093841333666,0.624137098977273,0.23076429497577758
16.1,99.616035,-48.496425,0.6862134634136213,0.16564084480079203,0.6310334144740913,0.2307640341411642
16.12,100.926735,-48.824115,0.692078460024703,0.16564065757570282,0.6379297825868258,0.2222170055299546
16.14,101.58212,-44.564229999999995,0.6979435013828406,0.1779108282472858,0.637930098282322,0.3162352331744067
16.16,99.616075,-38.993645,0.6862137318959564,0.2576663759373073,0.6310335197059234,0.3504230867846317
16.18,101.254435,-38.338314999999994,0.6920785495188148,0.26380099321037576,0.6413781244909411,0.35896985456122793
16.2,102.892815,-38.993695,0.7008760891824932,0.257665720649495,0.6482744926036755,0.35042269553271155
16.22,103.875845,-38.66602,0.703808587488034,0.257665720649495,0.6551709133323259,0.35896959372661447
16.24,104.858875,-38.99371,0.7096736288461716,0.25766562703695045,0.6586190973886932,0.3504224346980982
16.26,105.18655,-39.321394999999995,0.7126061271517125,0.25153063531370357,0.6586190973886932,0.3504223042807916
16.28,105.514225,-38.993719999999996,0.7126061271517125,0.25766553342440585,0.6620672814450604,0.3504223042807916
16.3,105.841915,-38.993719999999996,0.7155387149513651,0.25766553342440585,0.6620673340609764,0.3504223042807916
16.32,105.84192,-38.66604,0.7155387149513651,0.25766553342440585,0.6620673866768925,0.35896933289200106
16.34,105.84192,-38.33837,0.7155387149513651,0.2638004315351081,0.6620673866768925,0.35896920247469444
16.36,106.49728,-38.66605,0.7184712580039618,0.25766543981186124,0.6655156233491757,0.35896920247469444
16.38,106.49728,-38.66605,0.7184712580039618,0.25766543981186124,0.6655156233491757,0.35896920247469444
16.4,103.22047,-38.66605,0.715538759698421,0.2638004315351081,0.6344813354508785,0.35042217386348484
16.42,80.93802,-40.63217,0.6275617074205697,0.23926018380448683,0.5034470265062149,0.33332746455453227
16.44,76.02275,-39.976825,0.5806404368672962,0.2453949883026445,0.506895210562582,0.34187436274843513
16.46,76.350425,-39.976845,0.5835729799198929,0.24539480107755524,0.5068951579466661,0.3418741019138218
16.48,76.6781,-39.97685,0.583572935172837,0.2453947074650107,0.5103433946189493,0.3418741019138218
16.5,76.678095,-39.3215,0.583572935172837,0.2515296055757129,0.5103433420030332,0.35042100010772465
16.52,77.33345,-38.99383,0.5865054334783779,0.2576645036864152,0.5137915786753164,0.3504208696904179
16.54,78.316485,-39.32152,0.5923705195835713,0.2515294183506237,0.5172397627316837,0.35042073927311124
16.56,83.887085,-34.40628,0.5923704748365155,0.257664316461326,0.575860259703743,0.47008031358580554
16.58,114.689585,-15.400559999999999,0.7243370600620489,0.4539867663690193,0.744827434527911,0.692306578744535
16.6,124.52016,-11.14076,0.8035172438820594,0.5092018791033304,0.7551721971606769,0.7264933890163066
16.62,122.881715,-9.830110000000001,0.7917868031893374,0.5276061053727141,0.7517238026406455,0.735039635123676
16.64,123.537045,-9.17478,0.7947192120007666,0.5337407226457825,0.7551718814651808,0.7435864029002722
16.66,123.20935,-8.84711,0.791786624201114,0.5398756207564849,0.7551717762333487,0.7435862724829655
16.68,123.53702,-8.51944,0.7947191225066549,0.5398755271439402,0.7551717236174327,0.7521331706768684
16.7,124.520055,-8.51944,0.7976516208121958,0.5398755271439402,0.7620681969619991,0.7521331706768684
16.72,124.19237,-8.51945,0.7976515760651398,0.5398754335313957,0.7586199602897159,0.7521330402595616
16.74,124.520045,-7.86409,0.7976515760651398,0.5460104252546425,0.7620681443460832,0.7606800688707713
16.76,124.192365,-6.88105,0.7976515760651398,0.5582804087011363,0.7586199076737998,0.7692270974819808
16.78,124.192365,-6.881055,0.7976515760651398,0.5582803150885917,0.7586199076737998,0.7692270974819808
16.8,123.209325,-6.55337,0.7947190330125431,0.5582804087011363,0.7517234343292334,0.7777741260931904
16.82,122.88164499999999,-6.22549,0.7917864452128905,0.5644192385387119,0.7517234869451495,0.7777739956758838
16.84,122.55396,-6.2257,0.7888539021602938,0.5644153068118385,0.7517234343292334,0.7777739956758838
16.86,122.553965,-6.2257,0.7888539469073497,0.5644153068118385,0.7517234343292334,0.7777739956758838
16.88,116.000325,-6.55338,0.7888539469073497,0.5582803150885917,0.6827582799562404,0.7777739956758838
16.9,87.16417999999999,-7.86415,0.6451579501713789,0.5521449489151664,0.5482754712597134,0.7521321273384148
16.92,85.85346,-7.2088,0.6246299698149784,0.5521447616900772,0.5586203917402273,0.769226184560834
16.94,85.85345,-6.88113,0.6246299250679226,0.5582796598007794,0.5586203391243112,0.7692260541435273
16.96,86.18113,-7.2088149999999995,0.6275624681205193,0.5521445744649879,0.5586203391243112,0.7692260541435273
16.98,86.18113,-7.20882,0.6275624681205193,0.5521445744649879,0.5586203391243112,0.7692259237262206
17.0,85.525765,-7.20883,0.6246299250679226,0.5521444808524433,0.555172049836112,0.7692257933089139
17.02,85.525765,-6.88115,0.6246299250679226,0.5582794725756902,0.555172049836112,0.7692257933089139
17.04,85.853445,-7.20883,0.6246299250679226,0.5521444808524433,0.5586202865083952,0.7692257933089139
17.06,86.18113,-6.881145,0.6275624681205193,0.5582794725756902,0.5586203391243112,0.7692259237262206
17.08,86.18113,-6.88115,0.6275624681205193,0.5582794725756902,0.5586203391243112,0.7692257933089139
17.1,86.181135,-7.536515,0.6275625128675751,0.5521443872398987,0.5586203391243112,0.7606787646977043
17.12,86.181135,-7.536505,0.6275625128675751,0.5521444808524433,0.5586203391243112,0.7606788951150111
17.14,86.18114,-7.864185,0.6275625128675751,0.5460094891291964,0.5586203917402273,0.7606788951150111
17.16,86.50882,-7.53651,0.6275625128675751,0.5521444808524433,0.5620686284125105,0.7606787646977043
17.18,86.836495,-8.191875,0.6304950559201719,0.5460093955166518,0.5620685757965945,0.7521317360864948
17.2,87.819535,-8.191875,0.6334275989727686,0.5460093955166518,0.568965049141161,0.7521317360864948
17.22,88.474885,-9.174915,0.6363600972783094,0.539874403793405,0.5724132331975282,0.7350376788640757
17.24,108.79129,-6.225695,0.6862137318959564,0.5582799406384131,0.7275859880869148,0.7863216763736267
17.26,124.192505,-6.22564,0.7976522025239218,0.5644158684871061,0.7586206442966241,0.7777747781797238
17.28,124.192485,-5.897965,0.7976521130298102,0.5644158684871061,0.7586205390647922,0.7863216763736267
17.3,124.19248,-6.55333,0.7976520682827543,0.5582807831513146,0.7586205390647922,0.7777746477624171
17.32,125.175515,-6.55333,0.800584611335351,0.5582807831513146,0.7655169597934426,0.7777746477624171
17.34,125.83087,-6.553335000000001,0.8035171096408918,0.5582806895387701,0.7689651964657259,0.7777746477624171
17.36,125.830865,-6.88102,0.8035171096408918,0.5582806895387701,0.7689651438498099,0.7692274887339009
17.38,126.48622,-7.2087,0.8064496079464327,0.5521456978155231,0.7724133805220931,0.7692274887339009
17.4,125.83086,-7.2087,0.803517064893836,0.5521456978155231,0.7689651438498099,0.7692274887339009
17.42,126.48622,-7.53638,0.8064496079464327,0.5521456978155231,0.7724133805220931,0.7606804601226913
17.44,126.813905,-7.2087,0.8093821957460853,0.5521456978155231,0.7724133805220931,0.7692274887339009
17.46,127.46926,-6.881025,0.8123146940516262,0.5582806895387701,0.7758616171943763,0.7692273583165943
17.48,127.14158,-6.881025,0.8093821509990294,0.5582805959262255,0.7758616171943763,0.7692274887339009
17.5,127.46926,16.38425,0.8123146940516262,1.0,0.7758616171943763,0.7606803297053847
17.52,127.79694,-7.86407,0.8123146940516262,0.5460106124797317,0.7793098538666596,0.7606803297053847
17.54,128.124615,-8.191749999999999,0.8152472371042229,0.5460106124797317,0.7793098012507436,0.7521333010941751
17.56,129.10766,-8.847104999999999,0.8181797801568197,0.5460106124797317,0.7862063272112261,0.7350393742890626
17.58,131.401445,-12.451535,0.8240449557561247,0.5153359347011311,0.8034476684203903,0.683758115542952
17.6,137.29978999999997,-21.95404,0.8475054791651219,0.4478523363210401,0.837930929613795,0.5299153826430736
17.62,126.15885,-44.891515,0.8416417354716041,0.27607462754610906,0.7275876717962273,0.1709405722241915
17.64,99.94412,-61.603195,0.7184737638390897,0.049079933785974944,0.5965525736128235,0.051282171667257404
17.66,78.97242,-57.343355,0.63049626409068,0.06748490895571553,0.47931205321194914,0.13675245777935321
17.68,55.706985,-46.529915,0.5131937812868618,0.15337479308117172,0.37241597974834445,0.2991460013923351
17.7,50.13638,-46.529915,0.4633403256574382,0.20858971859039355,0.37241576928468034,0.22222274389144892
17.72,54.39624,-56.687995,0.4809354049847951,0.11042985101844359,0.39655384691799117,0.09401731472330531
17.74,69.141985,-61.275515,0.5249244904619189,0.04294494206272806,0.5000013680138166,0.06837622888967651
17.76,79.627765,-57.015675,0.5953053447360167,0.06748490895571553,0.5275876823194107,0.1452994863905627
17.78,84.543125,-48.823675,0.6129014979927141,0.14723980135792483,0.558622443760952,0.24786382972507762
17.8,88.14754500000001,-42.59775500000001,0.6334292098667794,0.21472471031364038,0.5724148642909248,0.31624005861475424
17.82,89.45819,-39.320955,0.6392938932484702,0.24539966892987472,0.5793110219399952,0.3589752016708021
17.84,90.768845,-36.371875,0.6480912091768694,0.27607462754610906,0.5827589429167823,0.39316227277718696
17.86,92.0795,-34.078245,0.6510234837471309,0.3006132838634721,0.59310328462222,0.41880179360313535
17.88,93.71786,-32.439935000000006,0.6598208891696419,0.31288233118451975,0.5999996001190383,0.44444183609831056
17.9,95.02853999999999,-31.45696,0.6656857962866118,0.3251516593432013,0.6068958629999407,0.45298808220568004
17.92,96.011545,-29.818615,0.6686181603509851,0.3374211747269719,0.6137921784967592,0.47862838553546866
17.94,96.66688500000001,-28.50793,0.6744831569620667,0.35582568183398955,0.6137920732649271,0.4871751533120648
17.96,97.6499,-28.18027,0.6774156105205519,0.35582558822144494,0.6206883887617455,0.49572179067135436
17.98,97.322205,-26.869574999999998,0.6774155210264402,0.3680952908303049,0.6172400994735462,0.5128155870591601
18.0,96.994505,-26.21424,0.6774154315323284,0.3742300017159179,0.6137917575694309,0.5213623548357562
18.02,96.99449,-25.558905000000003,0.6744828437326759,0.3803648062140756,0.6172398890098821,0.5299089921950458
18.04,96.99449,-24.575885,0.6744827989856199,0.39263460243548015,0.6172399416257982,0.538455759971642
18.06,97.32216,-23.59286,0.6774152972911608,0.39876940693363777,0.6172398890098821,0.5555496867767544
18.08,96.994485,-22.609825,0.6744827989856199,0.41103939038013154,0.6172398890098821,0.5640965849706573
18.1,96.339125,-22.282155000000003,0.6715502559330232,0.4110392031550423,0.6137916523375989,0.5726436135818669
18.12,96.33912000000001,-21.6268,0.6715502111859675,0.41717419487828916,0.6137916523375989,0.5811905117757697
18.14,95.68376,-21.299129999999998,0.6686176681333708,0.4233090929889914,0.6103434156653157,0.5811903813584631
18.16,95.35734500000001,-20.971455,0.6686290338855582,0.42330899937644684,0.6068951263771164,0.5897374099696726
18.18,95.35607,-20.971455,0.6686176233863149,0.42330899937644684,0.6068951263771164,0.5897374099696726
18.2,95.356065,-20.316094999999997,0.6686176233863149,0.4294439910996937,0.6068950737612004,0.5982844385808822
18.22,95.356075,-19.988415,0.6686176681333708,0.43557898282294055,0.6068951263771164,0.5982844385808822
18.24,96.339125,-19.33304,0.665685125080774,0.43557907643548516,0.6206881782980814,0.6153787566379147
18.26,110.429585,-17.366880000000002,0.7243367915797138,0.46011979222882954,0.6999989897744124,0.6324738571987875
18.28,112.06801,-17.366889999999998,0.7448649509243376,0.46011979222882954,0.6931023585820979,0.6324735963641741
18.3,111.740325,-17.366895,0.741932363124685,0.4601196986162849,0.6931023585820979,0.6324735963641741
18.32,112.068005,-17.366889999999998,0.741932363124685,0.46011979222882954,0.6965505952543811,0.6324735963641741
18.34,112.395685,-17.3669,0.7448649061772817,0.4601196986162849,0.6965505952543811,0.6324734659468674
18.36,112.39568,-17.039215,0.7448648614302259,0.4601196986162849,0.6965505952543811,0.6410206249753837
18.38,111.740325,-17.3669,0.741932363124685,0.4601196986162849,0.6931023585820979,0.6324734659468674
18.4,111.412635,-17.3669,0.7389997753250325,0.4601196986162849,0.6931023059661818,0.6324734659468674
18.42,111.08494999999999,-17.03923,0.7389997305779766,0.4601196050037403,0.6896540692938986,0.6410203641407702
18.44,111.084955,-17.366905000000003,0.7389997753250325,0.4601196986162849,0.6896540692938986,0.6324733355295606
18.46,111.08496,-17.03922,0.7389997753250325,0.4601196986162849,0.6896541219098146,0.641020494558077
18.48,111.41264,-16.711550000000003,0.7389997753250325,0.46625459672698716,0.6931023585820979,0.6410203641407702
18.5,111.74032,-17.03923,0.7419323183776292,0.4601196050037403,0.6931023585820979,0.6410203641407702
18.52,111.740315,-16.383875000000003,0.7419323183776292,0.4662545031144425,0.6931023059661818,0.6495673927519798
18.54,111.08494999999999,-16.71156,0.7389997305779766,0.4662545031144425,0.6896540692938986,0.6410202337234636
18.56,111.41262,-17.03924,0.7389997305779766,0.46011951139119567,0.6931022007343499,0.6410202337234636
18.58,112.067965,-17.36693,0.7419321841364617,0.4601194177786511,0.6965503847907171,0.6324730746949474
18.6,112.39564,-17.366934999999998,0.7448646824420025,0.46011932416610646,0.6965503847907171,0.6324730746949474
18.62,113.051,-17.03926,0.7477972254945993,0.46011932416610646,0.6999986214630004,0.6410199728888503
18.64,113.051,-16.711579999999998,0.7477972254945993,0.46625431588935334,0.6999986214630004,0.6410199728888503
18.66,113.051005,-16.3839,0.7477972702416551,0.46625431588935334,0.6999986214630004,0.6495670015000599
18.68,112.723325,-16.05623,0.7448647271890584,0.4723892140000556,0.6999986214630004,0.6495668710827531
18.7,112.39564,-16.05623,0.7448646824420025,0.4723892140000556,0.6965503847907171,0.6495668710827531
18.72,121.898485,-14.74546,0.7595275319461536,0.4785243929483917,0.7793092224756673,0.6752090002548353
18.74,136.97202,-12.779309999999999,0.8533704310291478,0.49693030424357837,0.827585430358205,0.7008506077576908
18.76,136.64433000000002,-11.796285000000001,0.8533704310291478,0.5092001940775275,0.8241370884540898,0.7093973755342871
18.78,136.31665500000003,-11.796295,0.8533704757762037,0.5092000068524383,0.8206888517818065,0.7093973755342871
18.8,136.64433000000002,-11.468620000000001,0.8504378879765511,0.5153349985756851,0.8275853251263731,0.7093972451169803
18.82,136.316645,-11.468620000000001,0.8504378432294952,0.5153349985756851,0.8241370884540898,0.7093972451169803
18.84,135.98897,-12.12399,0.8504378879765511,0.5091999132398937,0.8206888517818065,0.7008500860884641
18.86,135.66129,-11.79631,0.8504378879765511,0.5091999132398937,0.8172406151095233,0.7093971146996737
18.88,135.66129,-11.46864,0.8475053449239544,0.5153348113505959,0.8206888517818065,0.709396984282367
18.9,135.988975,-11.14096,0.850437932723607,0.5153348113505959,0.8206888517818065,0.7179440128935766
18.92,135.33362,-11.468630000000001,0.8445728466184135,0.5091999132398937,0.8206889043977226,0.7179441433108832
18.94,135.00594,-12.123995,0.8445728466184135,0.5091998196273491,0.8172406677254394,0.7008500860884641
18.96,112.068105,-12.779375,0.8123146493045703,0.5091998196273491,0.6137924941922552,0.6837555071968181
18.98,58.655595,-16.711615,0.5278544829323317,0.47238912038751096,0.3862059273302642,0.6324722921911071
19.0,55.706475,-15.7286,0.4897310652721276,0.4723888395498772,0.39999929494672537,0.6581131171901224
19.02,56.03416,-16.056305000000002,0.4926636530717802,0.4723885587122434,0.39999929494672537,0.6495658277442996
19.04,57.0172,-15.72863,0.49559619612437694,0.47238846509969873,0.4068957682912918,0.6581128563555091
19.06,57.67256,-15.400960000000001,0.5014612822295703,0.47852336321040106,0.4068957682912918,0.6581127259382025
19.08,57.672555,-16.05632,0.49852873917697366,0.4723883714871542,0.4103439523476591,0.6495656973269929
19.1,58.00024,-15.400970000000001,0.5014612822295703,0.4785232695978564,0.41034400496357504,0.6581125955208957
19.12,58.00024,-15.400970000000001,0.5014612822295703,0.4785232695978564,0.41034400496357504,0.6581125955208957
19.14,58.000235,-15.40098,0.5014612822295703,0.4785231759853118,0.4103439523476591,0.6581124651035891
19.16,58.00024,-15.0733,0.5014612822295703,0.4785231759853118,0.41034400496357504,0.6666594937147986
19.18,58.32791,-15.40098,0.5014612374825145,0.4785231759853118,0.41379218901994225,0.6581124651035891
19.2,58.00022,-15.72867,0.4985286944299178,0.4785230823727672,0.4137920837881103,0.6495653060750729
19.22,58.983245,-16.38404,0.5043936910409995,0.47238799703697576,0.4172402678444775,0.6410181470465566
19.24,58.983239999999995,-16.711714999999998,0.5043936462939437,0.4662530053137289,0.4172402678444775,0.6410182774638633
19.26,59.63859,-16.384034999999997,0.5073261445994844,0.4662530053137289,0.4206884519008447,0.6495653060750729
19.28,72.745945,-13.43485,0.5219889493565798,0.4785231759853118,0.5413782612923227,0.7093959409439135
19.3,111.74045,-9.830224999999999,0.7184721529450788,0.5276047947970897,0.7206894095105162,0.7350384613679157
19.32,115.345,-9.50254,0.7595285611284384,0.5337399737454257,0.7103444890300025,0.7350383309506091
19.34,115.017285,-10.157910000000001,0.7565957943405623,0.5276048884096343,0.7103443837981703,0.7264911719220928
19.36,115.344955,-10.485595,0.7565957495935065,0.5214698030738428,0.7137925678545376,0.7264911719220928
19.38,115.672625,-10.4856,0.762460790951644,0.5214698030738428,0.7103442785663383,0.7264910415047862
19.4,116.00031,-10.4856,0.7595282478990473,0.5214698030738428,0.7172408045268208,0.7264910415047862
19.42,116.98335,-10.157915,0.7653933340042408,0.5276047947970897,0.720689041199104,0.7264911719220928
19.44,116.00031,-9.83024,0.7595282478990473,0.5276047947970897,0.7172408045268208,0.7350380701159956
19.46,116.65567,-9.83024,0.762460790951644,0.5276047947970897,0.720689041199104,0.7350380701159956
19.48,104.20371,-10.485610000000001,0.7360676797429943,0.5276047947970897,0.6206891780004858,0.7179437520589632
19.5,95.028555,-11.141,0.6656857962866118,0.5153344369004175,0.6068960208476888,0.7179434912243498
19.52,95.35624,-11.468689999999999,0.6686183840862644,0.5153343432878729,0.6068960208476888,0.7093963321958335
19.54,95.68392,-11.79637,0.6686183840862644,0.509199351564626,0.610344257519972,0.7093963321958335
19.56,96.0116,-11.468689999999999,0.6715509271388611,0.5153343432878729,0.610344257519972,0.7093963321958335
19.58,96.01161,-11.14101,0.6715509718859171,0.5153343432878729,0.6103443101358881,0.717943360807043
19.6,96.011615,-11.468689999999999,0.6715510166329729,0.5153343432878729,0.6103443101358881,0.7093963321958335
19.62,96.011615,-10.813334999999999,0.6715510166329729,0.5214692413985752,0.6103443101358881,0.717943360807043
19.64,95.356245,-11.468699999999998,0.6686184288333203,0.5153342496753283,0.6068960208476888,0.7093962017785268
19.66,95.02856,-12.12406,0.6686183840862644,0.5091992579520814,0.6034477841754056,0.7008491731673172
19.68,95.028565,-12.12407,0.6656858857807235,0.5091991643395368,0.6068960208476888,0.7008490427500105
19.7,95.02857,-12.779430000000001,0.6656858857807235,0.5030641726162899,0.6068960734636047,0.692302014138801
19.72,95.68394,-12.45175,0.6686184735803762,0.5030641726162899,0.610344362751804,0.7008490427500105
19.74,95.68394,-12.12407,0.6686184735803762,0.5091991643395368,0.610344362751804,0.7008490427500105
19.76,95.356255,-12.451755,0.6686184735803762,0.5030641726162899,0.6068960734636047,0.7008489123327039
19.78,94.70089,-12.779440000000001,0.6656858857807235,0.5030640790037453,0.6034478367913215,0.6923018837214943
19.8,94.700885,-12.779444999999999,0.6656858857807235,0.5030639853912008,0.6034477841754056,0.6923018837214943
19.82,94.37321,-12.779440000000001,0.6627533427281268,0.5030640790037453,0.6034478367913215,0.6923018837214943
19.84,95.02857,-12.779444999999999,0.6656858857807235,0.5030639853912008,0.6068960734636047,0.6923018837214943
19.86,95.02857,-12.779444999999999,0.6656858857807235,0.5030639853912008,0.6068960734636047,0.6923018837214943
19.88,95.028575,-13.10713,0.6656859305277795,0.5030639853912008,0.6068960734636047,0.683754724692978
19.9,96.0116,-13.434819999999998,0.6686183840862644,0.49692890005540924,0.6137924941922552,0.6837545942756713
19.92,88.80254500000001,-14.09018,0.674483425444402,0.49079390833216235,0.5310338669709691,0.6752075656644618
19.94,36.373115,-16.383975,0.463337909316422,0.47238865232478794,0.22758525146409048,0.6410189295503967
19.96,20.64427,-17.36705,0.3284391390147387,0.4539833027048689,0.220688725503608,0.6410185382984765
