t_s,x,y,x_left,y_left,x_right,y_right
0.02,0.3276850000000016,-2.62149,0.65536,-2.62149,1.0000000003174e-05,-2.62149
0.04,0.65536,-3.93224,0.65536,-4.58761,0.65536,-3.27687
0.06,0.65536,-3.93224,1.31072,-4.58761,0.0,-3.27687
0.08,0.9830350000000001,-4.25993,1.31071,-5.24298,0.65536,-3.27688
0.1,0.9830400000000001,-3.93225,1.31072,-4.58762,0.65536,-3.27688
0.12,0.9830350000000001,-3.93225,1.31071,-4.58762,0.65536,-3.27688
0.14,0.32767000000000196,-4.2599350000000005,0.65535,-4.58762,-9.9999999960687e-06,-3.93225
0.16,0.32767,-4.5876149999999996,0.65534,-5.24298,0.0,-3.93225
0.18,0.32767000000000196,-4.259935,0.65535,-5.24299,-9.9999999960687e-06,-3.27688
0.2,-1.4999999997655852e-05,-4.587619999999999,-1.9999999999243e-05,-5.24299,-9.9999999960687e-06,-3.93225
0.22,0.327665000000002,-4.91531,0.65534,-5.89836,-9.9999999960687e-06,-3.93226
0.24,0.3276600000000004,-3.932265,0.65534,-4.58764,-1.9999999999243e-05,-3.27689
0.26,0.3276600000000004,-4.58763,0.65534,-5.243,-1.9999999999243e-05,-3.93226
0.28,0.3276600000000004,-3.9322549999999996,0.65534,-5.24299,-1.9999999999243e-05,-2.62152
0.3,0.32765500000000036,-2.9492149999999997,0.65533,-3.93227,-1.9999999999243e-05,-1.96616
0.32,0.32765500000000036,-2.621525,0.65533,-3.93226,-1.9999999999243e-05,-1.31079
0.34,0.32765500000000036,-1.966155,0.65533,-2.62153,-1.9999999999243e-05,-1.31078
0.36,0.32765500000000036,-0.9831049999999972,0.65533,-1.96616,-1.9999999999243e-05,-4.9999999994554e-05
0.38,0.3276600000000004,-0.6554149999999992,0.65534,-1.31079,-1.9999999999243e-05,-3.9999999998486e-05
0.4,0.3276600000000004,-0.32773,0.65534,-1.31078,-1.9999999999243e-05,0.65532
0.42,-2.4999999995001243e-05,-0.6554099999999993,0.65533,-1.31078,-0.65537999999999,-3.9999999998486e-05
0.5,-4.99999999803435e-06,4.259875,-9.9999999960687e-06,2.62146,0.0,5.89829
0.52,-0.327684999999993,4.91525,-9.9999999960687e-06,3.9322,-0.65535999999999,5.8983
0.54,-0.9830450000000001,4.915255,-0.65537,3.9322,-1.31072,5.89831
0.56,-0.9830450000000001,4.915255,-0.65537,3.9322,-1.31072,5.89831
0.58,-1.6384050000000001,4.91526,-1.31073,3.93221,-1.96608,5.89831
0.6,-1.638395,5.570625,-1.31072,4.58757,-1.96607,6.55368
0.62,-23.592955,5.5706299999999995,-45.21984,4.58758,-1.96607,6.55368
0.64,-1.966075,6.225985,-1.96608,5.24293,-1.96607,7.20904
0.66,-1.638395,6.553675,-1.31072,5.8983,-1.96607,7.20905
0.68,-1.638385,6.881360000000001,-1.31071,5.89831,-1.96606,7.86441
0.7,-2.293745,7.2090499999999995,-1.96607,6.55368,-2.62142,7.86442
0.72,-2.293745,7.209045,-1.96607,6.55367,-2.62142,7.86442
0.74,-0.32764499999999996,6.881365000000001,-1.96606,6.55368,1.31077,7.20905
0.76,3.276875,5.242945,3.93223,3.93221,2.62152,6.55368
0.78,2.6215149999999996,6.881375,2.62151,5.89832,2.62152,7.86443
0.8,2.949195,7.536745,3.27687,6.55369,2.62152,8.5198
0.82,2.949195,8.192105,3.27687,7.20905,2.62152,9.17516
0.84,2.29383,8.84747,2.62151,7.86442,1.96615,9.83052
0.86,1.9661549999999999,8.51979,2.62151,7.86442,1.3108,9.17516
0.88,1.6384699999999999,9.17516,1.96615,8.51979,1.31079,9.83053
0.9,1.6384750000000001,8.84748,1.96615,7.86443,1.3108,9.83053
0.92,1.6384750000000001,9.502839999999999,1.96615,8.51979,1.3108,10.48589
0.94,1.966155,9.17516,1.96615,8.51979,1.96616,9.83053
0.96,2.2938349999999996,9.502839999999999,2.62151,8.51979,1.96616,10.48589
0.98,2.2938349999999996,9.502839999999999,2.62151,8.51979,1.96616,10.48589
1.0,1.9661549999999999,9.17516,2.62151,8.51979,1.3108,9.83053
1.02,1.310795000000005,9.502835000000001,1.96615,8.51978,0.65544000000001,10.48589
1.04,0.9831099999999999,8.19211,1.31079,7.86442,0.65543,8.5198
1.06,0.32775000000000043,7.864420000000001,0.65543,7.20905,7.0000000000903e-05,8.51979
1.08,0.32774500000000045,7.53674,0.65542,7.20905,7.0000000000903e-05,7.86443
1.1,0.32774500000000045,7.2090499999999995,0.65542,6.55368,7.0000000000903e-05,7.86442
1.12,-0.32761500000000116,7.2090499999999995,5.9999999997729e-05,6.55368,-0.65529,7.86442
1.14,-0.32761500000000116,6.55368,5.9999999997729e-05,5.89831,-0.65529,7.20905
1.16,6.4999999999316e-05,5.89831,5.9999999997729e-05,5.8983,7.0000000000903e-05,5.89832
1.18,21.62706,6.553685,12.45196,5.8983,30.80216,7.20907
1.2,36.37277,6.22602,36.70045,5.24297,36.04509,7.20907
1.22,35.717405,7.209059999999999,36.04508,6.55369,35.38973,7.86443
1.24,35.717415,5.898325,36.04509,5.24296,35.38974,6.55369
1.26,35.71741,4.915265,36.04509,4.58758,35.38973,5.24295
1.28,35.717415,3.93221,36.04509,3.27684,35.38974,4.58758
1.3,35.717415,3.9322,36.04509,3.27683,35.38974,4.58757
1.32,35.71741,2.94915,36.04509,2.62146,35.38973,3.27684
1.34,35.71741,2.6214649999999997,36.04508,1.96609,35.38974,3.27684
1.36,35.38973,1.96609,35.38973,1.31072,35.38973,2.62146
1.38,35.717405,1.96609,36.04508,1.31072,35.38973,2.62146
1.4,35.38973,1.6383999999999999,36.04509,1.31071,34.73437,1.96609
1.42,35.06205,0.6553599999999984,35.38973,-1.0000000003174e-05,34.73437,1.31073
1.44,40.30496,-1.4999999999987246e-05,38.01117,-0.65539,42.59875,0.65536
1.46,43.909490000000005,-0.327685,44.56485,-1.31074,43.25413,0.65537
1.48,43.581805,0.6553599999999984,43.90948,-1.0000000003174e-05,43.25413,1.31073
1.5,43.581805,0.32767500000000005,43.90948,-0.65537,43.25413,1.31072
1.52,43.909485000000004,0.3276700000000001,44.56484,-0.65538,43.25413,1.31072
1.54,43.909495,-1.4999999999987246e-05,44.56485,-0.65539,43.25414,0.65536
1.56,44.23717,0.3276700000000001,44.56485,-0.65538,43.90949,1.31072
1.58,43.909485000000004,-0.32769999999999505,44.56484,-1.31075,43.25413,0.65535000000001
1.6,44.237175,-0.32769999999999505,44.56485,-1.31075,43.9095,0.65535000000001
1.62,43.909490000000005,-0.327695,44.56485,-0.65539,43.25413,0.0
1.64,43.581810000000004,-1.31074,43.90948,-1.96611,43.25414,-0.65537
1.66,43.581815,-1.63843,43.90949,-2.62148,43.25414,-0.65538
1.68,43.25413,-1.96611,43.90948,-2.62148,42.59878,-1.31074
1.7,43.581805,-2.62148,43.90948,-3.27685,43.25413,-1.96611
1.72,43.581810000000004,-2.949165,43.90949,-3.27685,43.25413,-2.62148
1.74,43.581810000000004,-3.27685,43.90949,-3.93222,43.25413,-2.62148
1.76,43.581810000000004,-3.932225,43.90949,-4.58759,43.25413,-3.27686
1.78,43.909495,-4.5875900000000005,43.90949,-5.24296,43.9095,-3.93222
1.8,44.56485,-4.5876,44.56485,-5.24297,44.56485,-3.93223
1.82,45.875585,-4.25992,45.22021,-5.24297,46.53096,-3.27687
1.84,50.463155,-3.932215,50.46314,-4.58759,50.46317,-3.27684
1.86,50.79084,-3.2764100000000003,51.11852,-3.93222,50.46316,-2.6206
1.88,50.790835,-3.27685,51.11851,-3.93222,50.46316,-2.62148
1.9,50.790835,-3.27686,51.11851,-3.93223,50.46316,-2.62149
1.92,50.463155,-3.93223,50.46315,-4.5876,50.46316,-3.27686
1.94,50.790835,-3.9322350000000004,51.11851,-4.5876,50.46316,-3.27687
1.96,51.446205,-3.27688,50.46315,-4.58761,52.42926,-1.96615
1.98,63.24284,-1.966115,61.6044,-2.62149,64.88128,-1.31074
2.0,64.88128499999999,-1.3107499999999996,65.53665,-2.62148,64.22592,-1.9999999999243e-05
2.02,64.881285,-0.3277099999999996,64.88128,-0.6554,64.88129,-1.9999999999243e-05
2.04,64.881295,-0.6553899999999996,64.88129,-1.31076,64.8813,-1.9999999999243e-05
2.06,65.208965,-0.6554049999999992,65.53664,-1.31077,64.88129,-3.9999999998486e-05
2.08,65.86433,-0.6554099999999993,66.19201,-1.31078,65.53665,-3.9999999998486e-05
2.1,65.86431999999999,-0.9831049999999989,66.192,-1.96615,65.53664,-5.9999999997729e-05
2.12,65.86431999999999,-0.9831099999999988,66.192,-1.96616,65.53664,-5.9999999997729e-05
2.14,66.519675,-0.9831150000000004,66.84735,-1.96616,66.192,-7.0000000000903e-05
2.16,66.51967,-0.6554450000000005,66.84735,-1.31082,66.19199,-7.0000000000903e-05
2.18,66.51967,-0.6554499999999985,66.84735,-1.31082,66.19199,-7.9999999996971e-05
2.2,66.847345,-0.6554499999999985,66.84734,-1.31082,66.84735,-7.9999999996971e-05
2.22,67.17502999999999,-9.00000000000345e-05,67.50271,-0.65546,66.84735,0.65528
2.24,67.17502999999999,-9.500000000001174e-05,67.50271,-0.65547,66.84735,0.65528
2.26,67.17502999999999,0.32758499999999996,67.50271,-0.65546,66.84735,1.31063
2.28,67.175025,-9.999999999998899e-05,67.5027,-0.65547,66.84735,0.65527
2.3,67.175025,0.32758,67.5027,-0.65547,66.84735,1.31063
2.32,67.175025,0.327585,67.5027,-0.65547,66.84735,1.31064
2.34,67.502705,0.32758,68.15806,-0.65547,66.84735,1.31063
2.36,67.5027,0.6552550000000003,67.5027,-0.0001099999999993,67.5027,1.31062
2.38,77.333225,3.2767399999999998,73.401,1.96599,81.26545,4.58749
2.4,83.23157499999999,4.25981,83.88694,3.27676,82.57621,5.24286
2.42,82.903885,4.58749,83.23156,3.93212,82.57621,5.24286
2.44,82.903885,4.2598,83.23156,3.27675,82.57621,5.24285
2.46,83.559245,3.93211,83.88692,3.27674,83.23157,4.58748
2.48,83.559245,4.259785,83.88692,3.27673,83.23157,5.24284
2.5,83.55925,3.9321,83.88693,3.27673,83.23157,4.58747
2.52,83.55925500000001,3.27673,83.88693,2.62136,83.23158,3.9321
2.54,83.55925500000001,3.604405,83.88693,2.62136,83.23158,4.58745
2.56,83.23157499999999,2.94904,83.23157,2.62135,83.23158,3.27673
2.58,82.90389,2.293675,83.23157,1.96599,82.57621,2.62136
2.6,87.49145999999999,2.62136,85.19766,1.31062,89.78526,3.9321
2.62,90.44064,2.2937,91.096,1.31065,89.78528,3.27675
2.64,89.785265,2.62137,89.78526,1.966,89.78527,3.27674
2.66,89.78527,1.638325,90.44063,1.31064,89.12991,1.96601
2.68,89.785265,0.982945,90.44062,0.65526,89.12991,1.31063
2.7,90.11295,0.6552450000000006,90.44063,-0.0001299999999986,89.78527,1.31062
2.72,90.44063,-0.00012499999999998623,90.44063,-0.65549,90.44063,0.65524
2.74,90.11295,-0.6554999999999993,90.44063,-1.31087,89.78527,-0.0001299999999986
2.76,90.112945,-0.6555099999999974,90.44062,-1.31088,89.78527,-0.0001399999999947
2.78,89.785265,-0.9831949999999989,90.44062,-1.96624,89.12991,-0.0001499999999978
2.8,89.457585,-1.31088,89.78526,-1.96625,89.12991,-0.65551
2.82,89.45758000000001,-1.63856,89.78526,-2.62161,89.1299,-0.65551
2.84,89.129895,-1.96624,89.12989,-2.62161,89.1299,-1.31087
2.86,88.474535,-1.96624,89.12989,-2.62161,87.81918,-1.31087
2.88,88.474535,-2.6216049999999997,88.47453,-3.27697,88.47454,-1.96624
2.9,84.542325,-3.6046750000000003,87.16379,-4.58771,81.92086,-2.62164
2.92,81.26548,-3.60468,81.26547,-4.58774,81.26549,-2.62162
2.94,81.92085,-2.949295,82.57621,-3.93235,81.26549,-1.96624
2.96,81.920845,-3.27698,81.92084,-3.93235,81.92085,-2.62161
2.98,81.593165,-3.60466,81.92084,-4.58771,81.26549,-2.62161
3.0,81.593165,-3.93234,81.92084,-4.58771,81.26549,-3.27697
3.02,81.265485,-4.587695,81.92084,-5.24307,80.61013,-3.93232
3.04,80.937795,-4.260005,81.26547,-5.24306,80.61012,-3.27695
3.06,80.937795,-4.26,81.26547,-5.24305,80.61012,-3.27695
3.08,85.85306,-3.27693,84.54231,-3.9323,87.16381,-2.62156
3.1,86.83613,-2.62156,87.16381,-3.93229,86.50845,-1.31083
3.12,86.180765,-2.2938650000000003,86.50844,-3.27692,85.85309,-1.31081
3.14,85.85308,-1.96618,85.85308,-2.62155,85.85308,-1.31081
3.16,85.197715,-2.29386,85.85307,-2.62155,84.54236,-1.96617
3.18,85.197715,-2.29385,85.85307,-3.2769,84.54236,-1.3108
3.2,84.870035,-2.293835,85.19771,-3.27689,84.54236,-1.31078
3.22,84.214675,-1.638465,84.54235,-2.62152,83.887,-0.65541
3.24,84.214675,-1.31077,84.54235,-1.96614,83.887,-0.6554
3.26,84.214675,-0.6554049999999977,84.54235,-1.31078,83.887,-2.9999999995312e-05
3.28,84.21468,0.32765500000000003,84.54235,-0.6554,83.88701,1.31071
3.3,84.542365,0.9830199999999988,84.54236,-3.0000000002417e-05,84.54237,1.96607
3.32,84.87005500000001,0.9830300000000004,85.19773,-1.9999999999243e-05,84.54238,1.96608
3.34,85.525415,1.638395,85.85309,0.65534,85.19774,2.62145
3.36,86.180775,1.966075,86.50845,1.31071,85.8531,2.62144
3.38,86.180775,0.6553349999999988,86.50845,-3.0000000002417e-05,85.8531,1.3107
3.4,86.836135,0.9830099999999992,86.50845,-5.000000000166e-05,87.16382,1.96607
3.42,89.45761,1.966085,89.78528,1.31071,89.12994,2.62146
3.44,90.11297,2.293775,90.44065,1.31072,89.78529,3.27683
3.46,90.44065,2.62145,91.09601,1.96608,89.78529,3.27682
3.48,90.44065499999999,2.29376,90.44065,1.31071,90.44066,3.27681
3.5,90.76833,2.621435,91.09601,1.96607,90.44065,3.2768
3.52,90.76833,2.29375,91.09601,1.3107,90.44065,3.2768
3.54,90.440655,2.29374,91.09601,1.31069,89.7853,3.27679
3.56,90.440655,2.29373,91.09601,1.31068,89.7853,3.27678
3.58,90.440645,2.29373,90.44064,1.31068,90.44065,3.27678
3.6,90.440645,1.96605,91.096,1.31068,89.78529,2.62142
3.62,90.112965,1.966045,90.44064,1.31067,89.78529,2.62142
3.64,90.112965,1.63836,90.44064,0.65531,89.78529,2.62141
3.66,90.112955,1.96604,90.44063,1.31067,89.78528,2.62141
3.68,89.785285,2.29372,89.78528,1.31067,89.78529,3.27677
3.7,87.819185,0.98298,89.78528,0.6553,85.85309,1.31066
3.72,82.576225,0.6552749999999984,82.57623,-0.0001000000000033,82.57622,1.31065
3.74,83.559275,1.6383349999999999,83.88695,0.65528,83.2316,2.62139
3.76,83.559275,1.966015,83.88695,1.31065,83.2316,2.62138
3.78,83.559275,1.310645,83.88695,0.65527,83.2316,1.96602
3.8,83.559275,0.9829549999999984,83.88695,-0.0001000000000033,83.2316,1.96601
3.82,82.90391,0.9829499999999983,83.23159,-0.0001000000000033,82.57623,1.966
3.84,82.90391,0.3275899999999983,83.23159,-0.0001000000000033,82.57623,0.65528
3.86,82.576225,0.327585,82.57622,-0.65547,82.57623,1.31064
3.88,88.14685,0.655294999999998,87.81915,-8.0000000004077e-05,88.47455,1.31067
3.9,88.14686499999999,0.655295,88.47455,-0.65544,87.81918,1.96603
3.92,88.146855,1.310665,88.47453,0.65529,87.81918,1.96604
3.94,88.146855,0.9829799999999995,88.47453,-7.0000000000903e-05,87.81918,1.96603
3.96,88.146855,0.327604999999998,88.47453,-8.0000000004077e-05,87.81918,0.65529
3.98,88.146855,-7.999999999996898e-05,88.47453,-0.65545,87.81918,0.65529
4.0,88.146855,-0.6554450000000005,88.47453,-1.31082,87.81918,-7.0000000000903e-05
4.02,87.491495,-0.6554499999999985,87.81917,-1.31082,87.16382,-7.9999999996971e-05
4.04,87.819175,-0.6554499999999985,88.47453,-1.31082,87.16382,-7.9999999996971e-05
4.06,87.491495,-0.6554499999999985,87.81917,-1.31082,87.16382,-7.9999999996971e-05
4.08,87.163815,-0.6554499999999985,87.16381,-1.31082,87.16382,-7.9999999996971e-05
4.1,87.4915,-0.6554499999999985,87.81918,-1.31082,87.16382,-7.9999999996971e-05
4.12,87.491495,-0.983135,87.81917,-1.31083,87.16382,-0.65544
4.14,86.836135,-1.310819999999995,87.16381,-1.96619,86.50846,-0.65544999999999
4.16,86.836135,-1.6385100000000001,87.16381,-1.9662,86.50846,-1.31082
4.18,86.508455,-2.29388,87.16381,-2.62157,85.8531,-1.96619
4.2,86.50845,-2.293875,87.16381,-3.27693,85.85309,-1.31082
4.22,86.508445,-2.94924,87.1638,-3.27693,85.85309,-2.62155
4.24,86.180765,-2.94925,86.50844,-3.9323,85.85309,-1.9662
4.26,86.18077,-2.9492450000000003,86.50845,-3.9323,85.85309,-1.96619
4.28,86.180765,-3.2769250000000003,86.50844,-3.9323,85.85309,-2.62155
4.3,85.525415,-2.94925,85.85309,-3.9323,85.19774,-1.9662
4.32,84.87003999999999,-3.60461,86.50845,-3.93229,83.23163,-3.27693
4.34,80.28247,-4.25999,80.61015,-5.24304,79.95479,-3.27694
4.36,81.26552000000001,-3.604605,81.26551,-4.58766,81.26553,-2.62155
4.38,80.93784,-2.62156,81.26552,-3.27693,80.61016,-1.96619
4.4,81.26552,-2.94924,81.92088,-3.93229,80.61016,-1.96619
4.42,81.265525,-3.27692,81.26552,-3.93229,81.26553,-2.62155
4.44,81.265525,-3.60461,81.26552,-3.9323,81.26553,-3.27692
4.46,81.593205,-3.9323,81.92088,-4.58767,81.26553,-3.27693
4.48,81.593205,-3.932305,81.92088,-4.58768,81.26553,-3.27693
4.5,81.5932,-4.25999,81.92088,-5.24304,81.26552,-3.27694
4.52,81.5932,-4.25999,81.92088,-5.24304,81.26552,-3.27694
4.54,81.593195,-4.25999,81.92087,-5.24304,81.26552,-3.27694
4.56,82.90393,-4.587675,81.92087,-5.24305,83.88699,-3.9323
4.58,85.19773,-4.259975,85.85309,-5.24303,84.54237,-3.27692
4.6,84.87004,-4.25997,85.19772,-5.24302,84.54236,-3.27692
4.62,85.197715,-3.93229,85.19771,-4.58766,85.19772,-3.27692
4.64,85.525395,-3.93229,85.85307,-4.58766,85.19772,-3.27692
4.66,85.197715,-3.93229,85.19771,-4.58766,85.19772,-3.27692
4.68,85.19772,-3.9323,85.85308,-4.58767,84.54236,-3.27693
4.7,84.870035,-3.604615,85.19771,-4.58767,84.54236,-2.62156
4.72,84.870045,-3.27693,85.19772,-3.9323,84.54237,-2.62156
4.74,84.542365,-3.60461,85.19772,-4.58766,83.88701,-2.62156
4.76,84.870045,-2.94925,85.19772,-3.9323,84.54237,-1.9662
4.78,84.542365,-3.27692,84.54236,-3.93229,84.54237,-2.62155
4.8,84.542365,-3.27692,85.19772,-3.93229,83.88701,-2.62155
4.82,79.29942,-4.587675,80.61015,-5.24304,77.98869,-3.93231
4.84,78.64405,-3.9322999999999997,78.64404,-4.58768,78.64406,-3.27692
4.86,78.971735,-3.604615,79.29941,-4.58767,78.64406,-2.62156
4.88,78.64405,-3.9323050000000004,78.64405,-4.58767,78.64405,-3.27694
4.9,78.971735,-4.58767,79.29941,-5.24304,78.64406,-3.9323
4.92,78.971735,-5.243055,79.29941,-5.89842,78.64406,-4.58769
4.94,79.299415,-5.898435,79.29941,-6.5538,79.29942,-5.24307
4.96,79.62709,-6.5538050000000005,79.29941,-7.20917,79.95477,-5.89844
4.98,79.954765,-7.53687,79.95476,-8.51992,79.95477,-6.55382
5.0,80.28245,-7.209194999999999,80.61013,-7.86456,79.95477,-6.55383
5.02,85.197695,-6.2261299999999995,83.23158,-7.2092,87.16381,-5.24306
5.04,88.14687,-5.898425,88.47455,-7.20916,87.81919,-4.58769
5.06,88.14686,-4.260005,88.47453,-5.24306,87.81919,-3.27695
5.08,87.4915,-3.93232,87.81918,-4.58769,87.16382,-3.27695
5.1,87.4915,-3.27696,87.81918,-3.93233,87.16382,-2.62159
5.12,87.491505,-3.60463,87.81918,-4.58768,87.16383,-2.62158
5.14,87.491505,-2.94927,87.81918,-3.93232,87.16383,-1.96622
5.16,87.163825,-2.621585,87.81918,-3.27696,86.50847,-1.96621
5.18,87.491505,-2.9487750000000004,87.81918,-3.93231,87.16383,-1.96524
5.2,87.163825,-2.949265,87.16382,-3.93232,87.16383,-1.96621
5.22,86.836145,-2.62158,87.16382,-3.27695,86.50847,-1.96621
5.24,87.491505,-2.621575,87.81918,-3.27695,87.16383,-1.9662
5.26,87.49151499999999,-2.62158,87.81919,-3.27695,87.16384,-1.96621
5.28,84.54236499999999,-3.60464,86.50846,-3.93232,82.57627,-3.27696
5.3,82.576245,-3.27696,82.57624,-3.93234,82.57625,-2.62158
5.32,82.90393,-2.949265,83.23161,-3.93232,82.57625,-1.96621
5.34,82.90393,-3.27695,83.23161,-3.93232,82.57625,-2.62158
5.36,83.231615,-3.276945,83.23161,-3.93232,83.23162,-2.62157
5.38,82.903935,-3.27694,83.23161,-3.93231,82.57626,-2.62157
5.4,82.903935,-2.94926,83.23161,-3.93231,82.57626,-1.96621
5.42,82.903935,-2.949255,83.23161,-3.93231,82.57626,-1.9662
5.44,82.903945,-3.27693,83.23162,-3.9323,82.57627,-2.62156
5.46,82.90395000000001,-3.27693,83.23162,-3.9323,82.57628,-2.62156
5.48,82.90395000000001,-3.9323,83.23162,-3.9323,82.57628,-3.9323
5.5,85.197735,-3.932295,83.88699,-5.24305,86.50848,-2.62154
5.52,87.49154,-2.62154,87.81922,-3.93228,87.16386,-1.3108
5.54,86.836175,-1.63848,87.16385,-2.62153,86.5085,-0.65543
5.56,86.836175,-1.6384699999999999,87.16385,-2.62152,86.5085,-0.65542
5.58,86.836175,-1.310785,87.16385,-1.96616,86.5085,-0.65541
5.6,86.836175,-0.9830999999999973,87.16385,-1.96615,86.5085,-4.9999999994554e-05
5.62,86.836175,-0.9830949999999993,87.16385,-1.96615,86.5085,-3.9999999998486e-05
5.64,86.5085,-4.500000000001725e-05,87.16385,-0.65542,85.85315,0.65533
5.66,86.5085,0.32765,86.5085,-0.6554,86.5085,1.3107
5.68,86.18082,0.6553300000000007,86.5085,-3.9999999998486e-05,85.85314,1.3107
5.7,86.18082,0.6553300000000007,86.5085,-3.9999999998486e-05,85.85314,1.3107
5.72,86.180815,0.6553399999999988,86.50849,-3.0000000002417e-05,85.85314,1.31071
5.74,86.180825,0.6553300000000007,86.5085,-3.9999999998486e-05,85.85315,1.3107
5.76,86.180825,0.6553399999999988,86.5085,-3.0000000002417e-05,85.85315,1.31071
5.78,86.180825,0.9830150000000007,86.5085,-3.9999999998486e-05,85.85315,1.96607
5.8,85.853145,1.3107,85.85314,0.65533,85.85315,1.96607
5.82,85.525465,0.6553300000000007,85.85314,-3.9999999998486e-05,85.19779,1.3107
5.84,85.52546,-2.999999999997449e-05,85.85314,-0.6554,85.19778,0.65534
5.86,85.525455,-0.32772,85.85313,-1.31077,85.19778,0.65533
5.88,85.19777500000001,-0.32772500000000004,85.85313,-1.31078,84.54242,0.65533
5.9,88.802295,2.62143,87.81923,1.31068,89.78536,3.93218
5.92,89.78536,2.94913,89.78536,1.96608,89.78536,3.93218
5.94,89.45767000000001,3.6045049999999996,89.78535,2.62145,89.12999,4.58756
5.96,89.457675,3.6045,89.78535,3.27681,89.13,3.93219
5.98,89.12998999999999,3.2768100000000002,89.78535,2.62144,88.47463,3.93218
6.0,21.627905000000002,2.621445,89.12998,1.96608,-45.87417,3.27681
6.02,89.129985,2.29375,89.12998,1.96606,89.12999,2.62144
6.04,89.457665,1.966075,89.78534,1.3107,89.12999,2.62145
6.06,89.457665,2.62143,89.78534,1.96606,89.12999,3.2768
6.08,89.457665,2.621435,89.78534,1.96606,89.12999,3.27681
6.1,89.457665,2.621435,89.78534,1.96606,89.12999,3.27681
6.12,89.12999500000001,2.62143,89.12999,1.96606,89.13,3.2768
6.14,89.457675,2.94912,89.78535,1.96607,89.13,3.93217
6.16,88.802315,2.949115,89.12999,1.96607,88.47464,3.93216
6.18,88.802315,2.62143,89.12999,1.96606,88.47464,3.2768
6.2,88.802315,2.293745,89.12999,1.31069,88.47464,3.2768
6.22,88.146955,1.9660700000000002,88.47463,1.3107,87.81928,2.62144
6.24,87.819275,2.293745,88.47463,1.3107,87.16392,3.27679
6.26,88.14695,1.9660600000000001,88.47463,1.31069,87.81927,2.62143
6.28,87.819275,1.9660600000000001,87.81927,1.31069,87.81928,2.62143
6.3,88.146955,2.293735,88.47463,1.31068,87.81928,3.27679
6.32,87.819275,1.966055,87.81927,1.31068,87.81928,2.62143
6.34,88.14695,1.9660549999999999,88.47462,1.31069,87.81928,2.62142
6.36,87.819275,2.293735,87.81927,1.31068,87.81928,3.27679
6.38,87.81927,2.29374,87.81927,1.31069,87.81927,3.27679
6.4,87.819275,2.293735,88.47463,1.31069,87.16392,3.27678
6.42,87.819275,2.29373,88.47463,1.31068,87.16392,3.27678
6.44,87.49159,1.96605,87.81927,1.31068,87.16391,2.62142
6.46,87.491595,1.966045,87.81927,1.31067,87.16392,2.62142
6.48,86.83623,2.2937250000000002,87.16391,1.31068,86.50855,3.27677
6.5,91.423795,2.949085,87.81926,1.31066,95.02833,4.58751
6.52,101.25434000000001,3.604475,100.92664,2.62142,101.58204,4.58753
6.54,100.92666,4.587524999999999,100.92666,3.27679,100.92666,5.89826
6.56,101.25434,4.91522,101.58202,3.93217,100.92666,5.89827
6.58,101.25434,4.91521,101.58201,3.93216,100.92667,5.89826
6.6,101.25434,5.242889999999999,101.58201,4.58752,100.92667,5.89826
6.62,101.254345,4.91521,101.58202,3.93216,100.92667,5.89826
6.64,101.254345,5.242889999999999,101.58202,4.58752,100.92667,5.89826
6.66,100.59899,5.570575,100.92667,4.58752,100.27131,6.55363
6.68,101.254355,5.898265,101.58203,5.24289,100.92668,6.55364
6.7,101.25435,5.89827,101.58203,5.2429,100.92667,6.55364
6.72,101.25435,6.225949999999999,101.58203,5.2429,100.92667,7.209
6.74,101.254345,6.881315,101.58202,5.89826,100.92667,7.86437
6.76,101.254345,6.88133,101.58202,5.89828,100.92667,7.86438
6.78,101.582035,7.209009999999999,101.58203,6.55364,101.58204,7.86438
6.8,105.84194,6.881349999999999,105.51424,5.8983,106.16964,7.8644
6.82,106.497315,8.192085,106.82499,7.20903,106.16964,9.17514
6.84,106.49860000000001,8.519770000000001,106.82755,7.8644,106.16965,9.17514
6.86,106.49733,8.519770000000001,106.82501,7.8644,106.16965,9.17514
6.88,106.49733,7.86441,106.82501,7.20904,106.16965,8.51978
6.9,105.84197,7.8644050000000005,106.16964,7.20903,105.5143,8.51978
6.92,105.841975,7.2090499999999995,106.16965,6.55368,105.5143,7.86442
6.94,105.84197,7.2090499999999995,106.16965,6.55368,105.51429,7.86442
6.96,105.514295,7.209045,106.82501,6.55367,104.20358,7.86442
6.98,106.169655,7.2090499999999995,106.16965,6.55368,106.16966,7.86442
7.0,106.169665,7.20904,106.82502,6.55367,105.51431,7.86441
7.02,105.84198,7.20904,106.82502,6.55367,104.85894,7.86441
7.04,104.85893,6.881355,104.85892,5.8983,104.85894,7.86441
7.06,105.51430500000001,7.53673,105.5143,6.55368,105.51431,8.51978
7.08,105.51432,7.53673,106.16967,6.55368,104.85897,8.51978
7.1,105.18666,7.536725000000001,105.51433,6.55367,104.85899,8.51978
7.12,104.858995,7.20904,104.85899,6.55367,104.859,7.86441
7.14,104.53132,6.881360000000001,104.859,5.89831,104.20364,7.86441
7.16,103.875955,6.881349999999999,104.20363,5.8983,103.54828,7.8644
7.18,103.875965,6.881349999999999,104.20364,5.8983,103.54829,7.8644
7.2,103.875965,6.881345,104.20364,5.89829,103.54829,7.8644
7.22,103.875965,7.20903,104.20364,6.55366,103.54829,7.8644
7.24,103.875965,7.5367049999999995,104.20364,6.55365,103.54829,8.51976
7.26,103.54829,7.86439,103.54829,7.20902,103.54829,8.51976
7.28,103.54829000000001,8.19207,104.20365,7.20902,102.89293,9.17512
7.3,103.220605,8.51976,103.54828,7.86439,102.89293,9.17513
7.32,105.18671,9.175135000000001,103.54829,7.86439,106.82513,10.48588
7.34,108.135865,9.502839999999999,108.79122,8.51979,107.48051,10.48589
7.36,107.152815,10.813575,107.48049,9.83052,106.82514,11.79663
7.38,107.480495,10.81357,108.13585,9.83052,106.82514,11.79662
7.4,107.15281,10.813575,107.48049,10.48588,106.82513,11.14127
7.42,106.49745,10.813575,106.82513,9.83052,106.16977,11.79663
7.44,106.497455,10.81357,106.82513,10.48588,106.16978,11.14126
7.46,106.169775,10.158205,106.16977,9.17515,106.16978,11.14126
7.48,106.49745,10.485885,106.82513,9.83051,106.16977,11.14126
7.5,108.13587000000001,10.813585,106.82513,9.83052,109.44661,11.79665
7.52,110.75735,12.12433,111.41271,11.14128,110.10199,13.10738
7.54,111.08502,13.107375000000001,111.4127,12.452,110.75734,13.76275
7.56,110.75734,13.76274,111.4127,13.10737,110.10198,14.41811
7.58,110.75734,13.43506,110.75734,12.45201,110.75734,14.41811
7.6,111.085015,13.76274,111.41269,13.10737,110.75734,14.41811
7.62,110.757335,13.762744999999999,110.75733,13.10737,110.75734,14.41812
7.64,111.085015,13.43506,111.41269,12.45201,110.75734,14.41811
7.66,111.085015,13.76274,111.41269,13.10737,110.75734,14.41811
7.68,111.085015,13.43506,111.41269,12.45201,110.75734,14.41811
7.7,111.085015,13.43506,111.41269,12.45201,110.75734,14.41811
7.72,110.429655,13.43506,110.75733,13.10737,110.10198,13.76275
7.74,111.085015,13.76274,111.41269,13.10737,110.75734,14.41811
7.76,110.757335,13.435065,111.41269,12.45201,110.10198,14.41812
7.78,110.757335,13.76275,111.41269,13.10738,110.10198,14.41812
7.8,111.085025,13.762744999999999,111.4127,13.10737,110.75735,14.41812
7.82,111.085025,13.76275,111.4127,13.10738,110.75735,14.41812
7.84,111.08503,14.090435,111.4127,13.10738,110.75736,15.07349
7.86,110.429675,13.76275,110.75735,13.10738,110.102,14.41812
7.88,110.429675,13.762754999999999,110.75735,13.10738,110.102,14.41813
7.9,110.429675,13.76275,110.75735,13.10738,110.102,14.41812
7.92,110.101995,13.76275,110.75735,13.10738,109.44664,14.41812
7.94,109.774315,13.76275,110.10199,13.10738,109.44664,14.41812
7.96,109.774315,13.76275,110.10199,13.10738,109.44664,14.41812
7.98,109.446645,13.76274,109.44664,13.10737,109.44665,14.41811
8.0,109.77432,13.76275,110.102,13.10738,109.44664,14.41812
8.02,109.118965,13.76274,109.44664,13.10737,108.79129,14.41811
8.04,113.051155,15.07347,109.44663,13.10737,116.65568,17.03957
8.06,132.384545,20.31644,129.76304,19.66106,135.00605,20.97182
8.08,134.35068,21.299495,135.00605,19.66108,133.69531,22.93791
8.1,134.350665,22.9379,134.35066,22.28253,134.35067,23.59327
8.12,134.02298000000002,22.610219999999998,134.35066,21.62717,133.6953,23.59327
8.14,134.35065500000002,22.28253,134.35065,21.62716,134.35066,22.9379
8.16,134.67831999999999,22.282519999999998,135.006,21.62715,134.35064,22.93789
8.18,134.678315,21.62715,135.00599,20.97178,134.35064,22.28252
8.2,135.00599,21.62715,135.00599,20.97178,135.00599,22.28252
8.22,135.005985,21.627145,135.00598,20.97177,135.00599,22.28252
8.24,134.678305,21.627139999999997,135.00598,20.97177,134.35063,22.28251
8.26,135.00598,21.299455000000002,135.00598,20.31641,135.00598,22.2825
8.28,135.00597499999998,21.62713,135.66133,20.97176,134.35062,22.2825
8.3,134.35062499999998,20.97177,134.35062,20.3164,134.35063,21.62714
8.32,134.678305,20.644084999999997,135.00598,20.31639,134.35063,20.97178
8.34,134.02294,20.3164,134.35061,19.66103,133.69527,20.97177
8.36,134.02294,19.66104,134.35062,19.00567,133.69526,20.31641
8.38,133.367575,19.33335,134.35061,19.00566,132.38454,19.66104
8.4,133.36757,19.005670000000002,133.69525,18.3503,133.03989,19.66104
8.42,133.367575,18.350299999999997,133.69525,17.69493,133.0399,19.00567
8.44,133.367575,18.35029,133.69525,17.69492,133.0399,19.00566
8.46,133.367575,17.69493,133.69525,17.03956,133.0399,18.3503
8.48,133.03989,17.69492,133.03989,17.03955,133.03989,18.35029
8.5,132.384535,17.69492,132.38453,17.03955,132.38454,18.35029
8.52,132.71221000000003,17.36723,133.03989,16.38418,132.38453,18.35028
8.54,132.38453500000003,16.711865000000003,133.03989,16.38417,131.72918,17.03956
8.56,132.056855,16.056494999999998,132.38453,15.07344,131.72918,17.03955
8.58,132.056855,16.05649,132.38453,15.07344,131.72918,17.03954
8.6,132.05685,15.72881,132.38453,15.07344,131.72917,16.38418
8.62,131.401495,15.728805000000001,131.72917,15.07344,131.07382,16.38417
8.64,131.401495,15.07344,131.72917,14.41807,131.07382,15.72881
8.66,131.4015,15.07344,131.72918,14.41807,131.07382,15.72881
8.68,131.4015,15.073435,131.72918,14.41806,131.07382,15.72881
8.7,131.07382,15.07343,131.07382,14.41806,131.07382,15.7288
8.72,133.367615,13.762715,133.03991,13.10734,133.69532,14.41809
8.74,134.02300000000002,13.76271,134.35068,12.45198,133.69532,15.07344
8.76,134.02300000000002,14.74576,134.35067,13.76271,133.69533,15.72881
8.78,134.02300000000002,15.40112,134.35068,14.41807,133.69532,16.38417
8.8,134.022995,16.05649,134.35067,15.07344,133.69532,17.03954
8.82,134.35067500000002,16.711865,134.35067,15.72881,134.35068,17.69492
8.84,135.006035,17.36723,135.00603,16.38418,135.00604,18.35028
8.86,135.333715,17.36723,135.66139,17.03954,135.00604,17.69492
8.88,108.791335,6.22598,125.83088,11.14124,91.75179,1.31072
8.9,39.97757,-9.830505,54.39569,-7.86441,25.55945,-11.7966
8.92,22.610284999999998,-9.83052,20.97185,-11.79663,24.24872,-7.86441
8.94,25.559435,-7.20905,26.2148,-8.51978,24.90407,-5.89832
8.96,26.214775000000003,-5.5706500000000005,26.21477,-6.5537,26.21478,-4.5876
8.98,26.542455,-5.242985,26.87013,-5.89835,26.21478,-4.58762
9.0,26.542445,-5.89836,26.87012,-6.55373,26.21477,-5.24299
9.02,26.54244,-6.553735,26.87012,-7.2091,26.21476,-5.89837
9.04,26.54244,-7.209115000000001,26.87012,-7.86448,26.21476,-6.55375
9.06,26.54243,-8.192174999999999,26.87011,-8.51986,26.21475,-7.86449
9.08,9.830630000000001,-13.762795,15.72891,-13.76279,3.93235,-13.7628
9.1,3.93233,-13.762820000000001,3.27696,-14.4182,4.5877,-13.10744
9.12,5.24306,-14.090495,5.24306,-15.07354,5.24306,-13.10745
9.14,5.243055,-13.762825,5.24305,-14.41819,5.24306,-13.10746
9.16,5.89842,-14.41819,5.89841,-15.07356,5.89843,-13.76282
9.18,6.881465,-14.74588,7.20914,-15.07357,6.55379,-14.41819
9.2,7.864504999999999,-15.728935,7.8645,-16.3843,7.86451,-15.07357
9.22,8.51987,-16.384305,8.51987,-17.03967,8.51987,-15.72894
9.24,8.847545,-17.03967,9.17522,-17.69504,8.51987,-16.3843
9.26,8.19218,-18.02272,8.51986,-18.35041,7.8645,-17.69503
9.28,7.864495,-19.005765,8.51985,-19.66113,7.20914,-18.3504
9.3,7.209125,-20.644190000000002,7.86448,-20.97188,6.55377,-20.3165
9.32,7.209125,-22.282605,7.20912,-22.93797,7.20913,-21.62724
9.34,7.20912,-23.593335,7.20912,-24.2487,7.20912,-22.93797
9.36,7.536795,-24.57638,7.86447,-25.55943,7.20912,-23.59333
9.38,8.192155,-24.904069999999997,8.51983,-25.55944,7.86448,-24.2487
9.4,9.175195,-25.559425,9.17519,-26.2148,9.1752,-24.90405
9.42,8.847515000000001,-25.88711,9.17519,-26.2148,8.51984,-25.55942
9.44,8.847515000000001,-26.21479,9.17519,-26.87016,8.51984,-25.55942
9.46,8.519825,-26.870150000000002,8.51982,-27.52552,8.51983,-26.21478
9.48,8.19214,-27.52552,8.51982,-28.18089,7.86446,-26.87015
9.5,7.53677,-28.180885,7.86445,-28.83625,7.20909,-27.52552
9.52,6.881405,-28.180889999999998,7.20908,-28.83626,6.55373,-27.52552
9.54,19.333315,-28.180880000000002,10.48589,-29.49162,28.18074,-26.87014
9.56,39.322005,-27.85317,38.01125,-28.18086,40.63276,-27.52548
9.58,39.64971,-27.85317,39.97739,-28.83622,39.32203,-26.87012
9.6,39.649715,-27.525489999999998,39.97739,-28.18086,39.32204,-26.87012
9.62,39.64972,-27.853180000000002,39.9774,-28.83623,39.32204,-26.87013
9.64,39.649715,-28.180865,39.97739,-28.83624,39.32204,-27.52549
9.66,39.977395,-28.18087,39.97739,-28.83624,39.9774,-27.5255
9.68,39.649715,-28.83623,39.97739,-29.4916,39.32204,-28.18086
9.7,39.649715,14.417525000000001,39.97739,57.67128,39.32204,-28.83623
9.72,39.64971,-29.491605,39.97739,-30.14697,39.32203,-28.83624
9.74,39.649705,-30.14697,39.97738,-30.80234,39.32203,-29.4916
9.76,38.994345,-30.47466,39.32202,-30.80235,38.66667,-30.14697
9.78,38.33898,-31.130020000000002,38.66666,-32.11307,38.0113,-30.14697
9.8,38.011295,-31.457700000000003,38.66665,-32.11307,37.35594,-30.80233
9.82,35.062135,-31.130015,36.70055,-32.11307,33.42372,-30.14696
9.84,33.423715,-30.474655,33.42371,-31.45771,33.42372,-29.4916
9.86,33.096045000000004,-29.819285,33.42372,-30.80234,32.76837,-28.83623
9.88,32.768365,-29.81928,32.76836,-30.80233,32.76837,-28.83623
9.9,32.768370000000004,-29.163919999999997,33.42372,-30.14697,32.11302,-28.18087
9.92,32.440695,-29.163915,32.76837,-30.14697,32.11302,-28.18086
9.94,31.785335000000003,-28.836235000000002,32.11301,-29.49161,31.45766,-28.18086
9.96,31.785335000000003,-28.50855,32.11301,-29.4916,31.45766,-27.5255
9.98,31.785335000000003,-27.853185,32.11301,-28.83624,31.45766,-26.87013
10.0,31.785335000000003,-27.197825,32.11301,-28.18088,31.45766,-26.21477
10.02,31.457659999999997,-26.54246,32.11302,-27.52551,30.8023,-25.55941
10.04,31.785345,-26.54246,32.11302,-27.52551,31.45767,-25.55941
10.06,31.78535,-25.88709,32.11303,-26.87014,31.45767,-24.90404
10.08,31.78535,-24.904049999999998,32.11303,-25.55942,31.45767,-24.24868
10.1,31.78535,-24.904045,32.11302,-25.55941,31.45768,-24.24868
10.12,32.113034999999996,-24.576369999999997,32.76839,-25.55942,31.45768,-23.59332
10.14,32.113034999999996,-24.904045,32.11303,-25.55942,32.11304,-24.24867
10.16,32.440715,-24.904049999999998,32.76839,-25.55942,32.11304,-24.24868
10.18,33.096075,-24.576369999999997,33.42375,-25.55942,32.7684,-23.59332
10.2,33.096075,-24.576369999999997,33.42375,-25.55942,32.7684,-23.59332
10.22,33.423765,-24.248685000000002,33.42376,-24.90406,33.42377,-23.59331
10.24,33.751445000000004,-24.24869,34.07912,-24.90406,33.42377,-23.59332
10.26,34.079125000000005,-24.24869,34.07912,-24.90406,34.07913,-23.59332
10.28,34.406805,-24.57638,34.73448,-25.55943,34.07913,-23.59333
10.3,34.406805,-24.57638,34.73448,-25.55943,34.07913,-23.59333
10.32,34.734485,-24.57638,34.73448,-25.55943,34.73449,-23.59333
10.34,35.06344,-24.248694999999998,35.39239,-24.90407,34.73449,-23.59332
10.36,34.40681,-23.921010000000003,34.73449,-24.90406,34.07913,-22.93796
10.38,34.40681,-24.24869,34.73449,-24.90406,34.07913,-23.59332
10.4,35.717545,-23.593325,34.73449,-24.90406,36.7006,-22.28259
10.42,38.339020000000005,-23.265625,38.66669,-24.24868,38.01135,-22.28257
10.44,38.339025,-21.954895,38.6667,-22.93795,38.01135,-20.97184
10.46,38.011345,-21.95489,38.01134,-22.93794,38.01135,-20.97184
10.48,38.011345,-21.95489,38.01134,-22.93794,38.01135,-20.97184
10.5,38.339025,-21.627205,38.6667,-22.28258,38.01135,-20.97183
10.52,38.339025,-21.627205,38.6667,-22.28257,38.01135,-20.97184
10.54,38.339025,-21.627205,38.6667,-22.28258,38.01135,-20.97183
10.56,38.339035,-21.954885,38.66671,-22.93794,38.01136,-20.97183
10.58,38.33903,-21.627205,38.6667,-22.28258,38.01136,-20.97183
10.6,38.339035,-21.29952,38.66671,-22.28257,38.01136,-20.31647
10.62,37.683665000000005,-21.627209999999998,38.66671,-22.28258,36.70062,-20.97184
10.64,35.062185,-21.627215,35.38986,-22.93795,34.73451,-20.31648
10.66,35.06219,-20.31648,35.38986,-20.97185,34.73452,-19.66111
10.68,35.062195,-19.33343,35.38987,-20.31648,34.73452,-18.35038
10.7,35.062185,-19.333440000000003,35.38986,-20.31649,34.73451,-18.35039
10.72,35.389865,-19.333435,35.38986,-20.31649,35.38987,-18.35038
10.74,35.38987,-19.00575,35.38987,-19.66112,35.38987,-18.35038
10.76,35.062185,-19.33344,35.38986,-19.66113,34.73451,-19.00575
10.78,35.38986,-19.66112,35.38986,-20.31649,35.38986,-19.00575
10.8,35.717535,-19.333435,36.04521,-20.31649,35.38986,-18.35038
10.82,35.71753,-19.00575,36.04521,-19.66112,35.38985,-18.35038
10.84,35.717525,-19.00575,36.0452,-19.66112,35.38985,-18.35038
10.86,35.717525,-19.00575,36.0452,-19.66112,35.38985,-18.35038
10.88,35.717525,-19.00575,36.0452,-19.66112,35.38985,-18.35038
10.9,35.717525,-19.00575,36.0452,-19.66112,35.38985,-18.35038
10.92,35.717525,-19.00575,36.0452,-19.66112,35.38985,-18.35038
10.94,35.71753,-19.00575,36.04521,-19.66112,35.38985,-18.35038
10.96,35.389845,-19.66112,35.38984,-20.31649,35.38985,-19.00575
10.98,35.062165,-19.66112,35.38984,-20.31649,34.73449,-19.00575
11.0,35.717524999999995,-19.988799999999998,35.38984,-20.97185,36.04521,-19.00575
11.02,45.875735,-18.350355,44.56498,-19.00573,47.18649,-17.69498
11.04,46.85881,-18.022675,47.18649,-19.00573,46.53113,-17.03962
11.06,46.531130000000005,-18.022669999999998,46.53112,-19.00572,46.53114,-17.03962
11.08,46.531125,-18.350355,47.18648,-19.00573,45.87577,-17.69498
11.1,46.203445,-18.350355,46.53112,-19.00572,45.87577,-17.69499
11.12,46.858805000000004,-18.678040000000003,47.18648,-19.66109,46.53113,-17.69499
11.14,46.858805000000004,-18.350360000000002,47.18648,-19.00573,46.53113,-17.69499
11.16,49.152604999999994,-17.367305,46.53113,-19.00573,51.77408,-15.72888
11.18,56.689364999999995,-16.05655,57.01703,-17.0396,56.3617,-15.0735
11.2,56.034005,-15.401184999999998,56.36168,-16.38424,55.70633,-14.41813
11.22,56.034005,-15.0735,56.36168,-15.72887,55.70633,-14.41813
11.24,56.034005,-15.728869999999999,56.36168,-16.38424,55.70633,-15.0735
11.26,55.378645,-16.056555,55.70632,-16.38424,55.05097,-15.72887
11.28,55.378645,-16.38424,55.70632,-17.03961,55.05097,-15.72887
11.3,55.050965000000005,-16.384245,55.05096,-17.03961,55.05097,-15.72888
11.32,54.723285000000004,-16.71193,55.05096,-17.03962,54.39561,-16.38424
11.34,54.723285000000004,-17.03961,55.05096,-17.69498,54.39561,-16.38424
11.36,54.3956,-17.69498,55.05096,-18.35035,53.74024,-17.03961
11.38,54.06791,-18.350340000000003,54.39559,-19.00571,53.74023,-17.69497
11.4,54.395585,-18.67802,55.05094,-19.66107,53.74023,-17.69497
11.42,54.723265,-18.678024999999998,55.05094,-19.66108,54.39559,-17.69497
11.44,54.395585,-18.67802,54.39558,-19.66107,54.39559,-17.69497
11.46,54.723265,-19.00571,55.05094,-19.66108,54.39559,-18.35034
11.48,54.723265,-19.00571,55.05094,-19.66108,54.39559,-18.35034
11.5,54.723265,-19.661075,55.05094,-20.31644,54.39559,-19.00571
11.52,55.378625,-19.661075,55.7063,-20.31645,55.05095,-19.0057
11.54,55.378625,-20.31644,55.7063,-20.97181,55.05095,-19.66107
11.56,55.706305,-20.971809999999998,56.36166,-21.62718,55.05095,-20.31644
11.58,55.37863,-21.627175,55.70631,-22.28255,55.05095,-20.9718
11.6,55.378625,-22.282539999999997,55.7063,-22.93791,55.05095,-21.62717
11.62,55.706305,-22.610225,56.36166,-23.59328,55.05095,-21.62717
11.64,55.378625,-22.937910000000002,55.7063,-23.59328,55.05095,-22.28254
11.66,55.706305,-23.59328,55.7063,-24.24865,55.70631,-22.93791
11.68,55.378625,-24.24864,55.7063,-24.90401,55.05095,-23.59327
11.7,55.706305,-24.248649999999998,55.7063,-24.90402,55.70631,-23.59328
11.72,56.03398,-25.2317,56.36166,-25.55939,55.7063,-24.90401
11.74,56.689350000000005,-25.23171,56.36166,-26.21476,57.01704,-24.24866
11.76,62.915355000000005,-24.904015,62.25997,-25.55939,63.57074,-24.24864
11.78,63.89841,-24.57633,64.22609,-25.55938,63.57073,-23.59328
11.8,63.898415,-24.248649999999998,64.22609,-24.90402,63.57074,-23.59328
11.82,63.898415,-24.248649999999998,64.22609,-24.90402,63.57074,-23.59328
11.84,63.898415,-24.904015,64.22609,-25.55939,63.57074,-24.24864
11.86,63.898415,-25.2317,64.22609,-25.55939,63.57074,-24.90401
11.88,63.570724999999996,-25.559385,63.57072,-26.21476,63.57073,-24.90401
11.9,69.14135,-23.593285,65.53682,-24.90403,72.74588,-22.28254
11.92,75.695065,-23.26557,76.02274,-24.24862,75.36739,-22.28252
11.94,75.367385,-22.282515,75.36738,-22.93789,75.36739,-21.62714
11.96,76.02274,-21.954839999999997,76.02274,-22.93789,76.02274,-20.97179
11.98,76.02274,-22.610210000000002,76.6781,-22.9379,75.36738,-22.28252
12.0,76.35042,-23.26558,76.6781,-23.59327,76.02274,-22.93789
12.02,75.69505,-23.92094,76.02273,-24.24863,75.36737,-23.59325
12.04,75.695045,-24.248625,76.02272,-24.904,75.36737,-23.59325
12.06,76.35040000000001,-24.248620000000003,76.67808,-24.90399,76.02272,-23.59325
12.08,76.35040000000001,-24.248620000000003,76.67808,-24.90399,76.02272,-23.59325
12.1,76.02272500000001,-25.231665,76.02272,-25.55935,76.02273,-24.90398
12.12,64.226095,-28.508499999999998,68.15831,-28.83618,60.29388,-28.18082
12.14,59.310805,-28.508525,58.98311,-29.49158,59.6385,-27.52547
12.16,60.29514,-28.180835000000002,60.29641,-28.8362,60.29387,-27.52547
12.18,60.293865,-28.83621,60.29386,-29.49158,60.29387,-28.18084
12.2,60.293865,-29.491585,60.29386,-30.14695,60.29387,-28.83622
12.22,59.96618,-30.474635,60.29386,-30.80232,59.6385,-30.14695
12.24,59.638495,-32.440745,60.29385,-32.76843,58.98314,-32.11306
12.26,59.966165000000004,-33.751495000000006,60.29384,-34.07918,59.63849,-33.42381
12.28,59.966165000000004,-35.7176,60.29384,-36.04528,59.63849,-35.38992
12.3,59.966165000000004,-37.02835,60.29384,-37.35604,59.63849,-36.70066
12.32,59.96617,-37.68373,60.29385,-38.01142,59.63849,-37.35604
12.34,59.966165000000004,-38.66678,60.29384,-39.32215,59.63849,-38.01141
12.36,59.966165000000004,-39.32215,60.29384,-39.97752,59.63849,-38.66678
12.38,59.966165000000004,-39.64984,60.29384,-39.97753,59.63849,-39.32215
12.4,59.966165000000004,-39.97752,60.29384,-40.63289,59.63849,-39.32215
12.42,59.966165000000004,-40.63289,60.29384,-41.28826,59.63849,-39.97752
12.44,59.966165000000004,-40.63289,60.29384,-41.28826,59.63849,-39.97752
12.46,60.293845000000005,-40.960570000000004,60.29384,-41.94362,60.29385,-39.97752
12.48,59.96617,-40.6329,60.29385,-41.28827,59.63849,-39.97753
12.5,59.966165000000004,-40.960575,60.29384,-41.94363,59.63849,-39.97752
12.52,59.966165000000004,-40.96058,60.29384,-41.28827,59.63849,-40.63289
12.54,59.966165000000004,-41.28826,60.29384,-41.94363,59.63849,-40.63289
12.56,68.158265,-38.011425,64.88141,-39.97754,71.43512,-36.04531
12.58,76.67809,-35.389939999999996,76.67808,-36.70068,76.6781,-34.0792
12.6,76.350415,-32.76846,76.67809,-34.0792,76.02274,-31.45772
12.62,76.35042,-31.130045000000003,76.6781,-32.1131,76.02274,-30.14699
12.64,76.35042,-30.474685,76.6781,-31.45774,76.02274,-29.49163
12.66,76.35042,-30.80237,76.6781,-31.45774,76.02274,-30.147
12.68,76.02274,-30.80238,76.02274,-31.45775,76.02274,-30.14701
12.7,76.350415,-31.45775,76.67809,-32.11312,76.02274,-30.80238
12.72,76.022735,-31.130070000000003,76.67809,-32.11312,75.36738,-30.14702
12.74,76.02273,-31.45775,76.67809,-32.11312,75.36737,-30.80238
12.76,75.695045,-31.45776,76.02272,-32.11313,75.36737,-30.80239
12.78,75.695045,-32.11312,76.02272,-32.76849,75.36737,-31.45775
12.8,80.28262000000001,-30.802395,78.64418,-31.45777,81.92106,-30.14702
12.82,82.90411,-31.130070000000003,83.23179,-32.11312,82.57643,-30.14702
12.84,82.24874,-30.147015,82.57641,-30.80239,81.92107,-29.49164
12.86,81.921065,-29.49165,82.57642,-30.14702,81.26571,-28.83628
12.88,81.593375,-29.49165,81.92105,-30.14702,81.2657,-28.83628
12.9,81.593375,-29.163965,81.92105,-30.14702,81.2657,-28.18091
12.92,80.93801500000001,-28.5086,81.26569,-29.49165,80.61034,-27.52555
12.94,80.93801500000001,-28.508595,81.26569,-29.49165,80.61034,-27.52554
12.96,80.93801,-28.508595,81.26569,-29.49165,80.61033,-27.52554
12.98,80.93801,-28.508589999999998,81.26569,-29.49164,80.61033,-27.52554
13.0,80.28264,-28.180909999999997,80.61032,-28.83628,79.95496,-27.52554
13.02,80.28264,-28.180905,80.61032,-28.83628,79.95496,-27.52553
13.04,79.62727,-27.197855,79.95495,-28.18091,79.29959,-26.2148
13.06,79.29958,-27.197850000000003,79.29958,-28.1809,79.29958,-26.2148
13.08,79.627255,-26.870165,79.95493,-27.52554,79.29958,-26.21479
13.1,79.299575,-26.87017,79.95494,-27.52554,78.64421,-26.2148
13.12,78.316515,-25.887125,78.64419,-26.87018,77.98884,-24.90407
13.14,78.644205,-25.231749999999998,79.29956,-26.2148,77.98885,-24.2487
13.16,78.644205,-25.231749999999998,79.29956,-26.2148,77.98885,-24.2487
13.18,78.97189,-25.231749999999998,79.29957,-26.2148,78.64421,-24.2487
13.2,78.644205,-25.231745,79.29956,-26.2148,77.98885,-24.24869
13.22,78.644205,-24.90406,78.6442,-25.55943,78.64421,-24.24869
13.24,78.97189,-24.576369999999997,79.29957,-25.55942,78.64421,-23.59332
13.26,78.644215,-24.248685000000002,79.29957,-24.90406,77.98886,-23.59331
13.28,78.316535,-24.248685000000002,78.64421,-24.90406,77.98886,-23.59331
13.3,79.29958500000001,-23.593315,78.64421,-24.90405,79.95496,-22.28258
13.32,82.90539,-22.610255,83.23178,-23.59331,82.579,-21.6272
13.34,82.90412,-21.299515,83.2318,-22.28257,82.57644,-20.31646
13.36,83.231795,-20.971825,83.23179,-21.6272,83.2318,-20.31645
13.38,83.55948000000001,-19.98878,83.88716,-20.97183,83.2318,-19.00573
13.4,83.55948000000001,-19.988785,83.88715,-20.97184,83.23181,-19.00573
13.42,83.887165,-19.98879,83.88716,-20.97184,83.88717,-19.00574
13.44,83.887165,-20.316465,84.54252,-20.97184,83.23181,-19.66109
13.46,83.559495,-20.316470000000002,83.88717,-20.97184,83.23182,-19.6611
13.48,83.88717,-20.316470000000002,83.88717,-20.97184,83.88717,-19.6611
13.5,91.423905,-19.661105,89.78547,-20.31648,93.06234,-19.00573
13.52,93.717715,-19.33341,94.37308,-20.31646,93.06235,-18.35036
13.54,93.062355,-18.678045,93.06235,-19.6611,93.06236,-17.69499
13.56,92.734665,-19.00573,93.06234,-19.6611,92.40699,-18.35036
13.58,92.40698,-19.661099999999998,93.06234,-20.31647,91.75162,-19.00573
13.6,92.0793,-20.316470000000002,92.40698,-20.97184,91.75162,-19.6611
13.62,92.079295,-20.316470000000002,92.40697,-20.97184,91.75162,-19.6611
13.64,92.079295,-20.31648,92.40697,-20.97185,91.75162,-19.66111
13.66,102.23751,-17.03964,98.96065,-18.35039,105.51437,-15.72889
13.68,110.75733500000001,-16.71194,110.75732,-17.03963,110.75735,-16.38425
13.7,110.429655,-17.039630000000002,110.75733,-17.695,110.10198,-16.38426
13.72,110.42965,-18.02268,110.75733,-18.35037,110.10197,-17.69499
13.74,109.77428,-19.00573,110.10196,-19.6611,109.4466,-18.35036
13.76,109.77428,-19.005740000000003,110.10196,-19.66111,109.4466,-18.35037
13.78,109.774275,-19.333425,110.10195,-20.31647,109.4466,-18.35038
13.8,110.101955,-19.66111,110.10195,-20.31648,110.10196,-19.00574
13.82,110.429635,-19.66112,110.75731,-20.31649,110.10196,-19.00575
13.84,111.084995,-19.333445,111.41267,-20.3165,110.75732,-18.35039
13.86,111.084995,-19.00577,111.41267,-19.66114,110.75732,-18.3504
13.88,111.41267500000001,-19.66114,111.41267,-20.31651,111.41268,-19.00577
13.9,111.740355,-19.00578,112.06803,-19.66115,111.41268,-18.35041
13.92,111.41267500000001,-19.00578,111.41267,-19.66115,111.41268,-18.35041
13.94,111.740355,-19.333460000000002,112.06803,-20.31651,111.41268,-18.35041
13.96,112.395715,-19.333460000000002,112.72339,-20.31651,112.06804,-18.35041
13.98,113.051075,-19.00578,113.37875,-19.66115,112.7234,-18.35041
14.0,112.723395,-19.661135,113.37875,-20.31651,112.06804,-19.00576
14.02,113.378765,-19.66114,114.03412,-20.31651,112.72341,-19.00577
14.04,113.706455,-19.988819999999997,114.03413,-20.97187,113.37878,-19.00577
14.06,113.706455,-19.661144999999998,114.03413,-20.31652,113.37878,-19.00577
14.08,113.706465,-19.333460000000002,114.03414,-20.31651,113.37879,-18.35041
14.1,113.378795,-19.00577,113.37879,-19.66114,113.3788,-18.3504
14.12,112.723435,-18.022725,112.72343,-19.00578,112.72344,-17.03967
14.14,113.051115,-17.69504,113.37879,-18.35041,112.72344,-17.03967
14.16,112.723435,-17.695045,112.72343,-18.35042,112.72344,-17.03967
14.18,112.39574999999999,-17.367359999999998,112.72343,-18.35041,112.06807,-16.38431
14.2,112.39574999999999,-17.367355,112.72342,-18.35041,112.06808,-16.3843
14.22,112.39574999999999,-17.367350000000002,112.72343,-18.3504,112.06807,-16.3843
14.24,112.39574999999999,-17.367350000000002,112.72342,-18.3504,112.06808,-16.3843
14.26,112.395745,-17.367345,112.72342,-18.3504,112.06807,-16.38429
14.28,112.395745,-17.039665,112.72342,-17.69504,112.06807,-16.38429
14.3,112.39574,-17.039665,112.72342,-17.69504,112.06806,-16.38429
14.32,112.39574,-17.03967,112.72342,-17.69504,112.06806,-16.3843
14.34,112.068065,-17.03967,112.72342,-17.69504,111.41271,-16.3843
14.36,111.085015,-18.02272,112.72342,-18.3504,109.44661,-17.69504
14.38,104.53133,-19.005805000000002,105.51438,-20.31653,103.54828,-17.69508
14.4,104.859005,-18.02274,104.859,-19.0058,104.85901,-17.03968
14.42,105.186685,-17.695055,105.51436,-18.35042,104.85901,-17.03969
14.44,104.858995,-17.695055,104.85899,-18.35043,104.859,-17.03968
14.46,104.53132,-17.695050000000002,104.859,-18.35042,104.20364,-17.03968
14.48,104.531315,-17.695050000000002,104.85899,-18.35042,104.20364,-17.03968
14.5,104.531315,-17.03969,104.85899,-17.69506,104.20364,-16.38432
14.52,104.531315,-17.039695000000002,104.85899,-17.69507,104.20364,-16.38432
14.54,105.186675,-17.695059999999998,105.51435,-18.35043,104.859,-17.03969
14.56,105.186665,-17.695059999999998,105.51434,-18.35043,104.85899,-17.03969
14.58,105.186665,-17.695059999999998,105.51434,-18.35043,104.85899,-17.03969
14.6,105.842025,-17.03969,105.51433,-18.35043,106.16972,-15.72895
14.62,107.808135,-16.056625,108.13581,-17.03968,107.48046,-15.07357
14.64,107.48045,-14.745899999999999,108.13581,-15.72895,106.82509,-13.76285
14.66,107.808135,-14.41821,108.13581,-15.07358,107.48046,-13.76284
14.68,107.808135,-14.41821,108.13581,-15.07358,107.48046,-13.76284
14.7,108.13581500000001,-14.090530000000001,108.13581,-15.07358,108.13582,-13.10748
14.72,107.808135,-14.090530000000001,108.13581,-15.07358,107.48046,-13.10748
14.74,108.13581,-13.76285,108.13581,-14.41822,108.13581,-13.10748
14.76,107.80812,-13.762844999999999,108.1358,-14.41822,107.48044,-13.10747
14.78,107.80812,-14.090525,108.1358,-15.07357,107.48044,-13.10748
14.8,107.808115,-14.41821,108.13579,-15.07358,107.48044,-13.76284
14.82,107.808115,-14.745895,108.13579,-15.72895,107.48044,-13.76284
14.84,107.808115,-14.41821,108.13579,-15.07358,107.48044,-13.76284
14.86,107.80812,-14.41821,108.1358,-15.07358,107.48044,-13.76284
14.88,107.152765,-14.745885,107.48044,-15.72894,106.82509,-13.76283
14.9,105.186645,-12.779795,105.51432,-13.76285,104.85897,-11.79674
14.92,105.51434,-11.796745000000001,105.51433,-13.10748,105.51435,-10.48601
14.94,105.842015,-10.813690000000001,106.16969,-11.79674,105.51434,-9.83064
14.96,105.84202,-10.48601,106.1697,-11.14138,105.51434,-9.83064
14.98,105.842015,-10.486004999999999,106.16969,-11.14138,105.51434,-9.83063
15.0,105.514335,-10.486,105.51433,-11.14137,105.51434,-9.83063
15.02,105.842015,-10.15832,106.16969,-11.14137,105.51434,-9.17527
15.04,105.51433,-10.15832,106.16969,-11.14137,104.85897,-9.17527
15.06,105.842015,-9.830639999999999,106.16969,-10.48601,105.51434,-9.17527
15.08,105.842015,-9.50295,106.16969,-10.486,105.51434,-8.5199
15.1,105.51433,-8.847585,105.51433,-9.83064,105.51433,-7.86453
15.12,106.16969,-8.192219999999999,106.16969,-9.17527,106.16969,-7.20917
15.14,106.16969,-7.53686,106.82505,-8.51991,105.51433,-6.55381
15.16,106.169685,-7.20918,106.82504,-7.86455,105.51433,-6.55381
15.18,106.16968,-7.864545,106.16968,-8.51991,106.16968,-7.20918
15.2,106.49736,-7.536875,106.82504,-8.51993,106.16968,-6.55382
15.22,106.497365,-7.864555,106.82504,-8.51993,106.16969,-7.20918
15.24,106.497355,-7.53687,106.82503,-8.51992,106.16968,-6.55382
15.26,106.825045,-6.881505000000001,106.82504,-7.86456,106.82505,-5.89845
15.28,106.497365,-7.20918,106.82504,-7.86455,106.16969,-6.55381
15.3,106.82505,-5.89846,106.82504,-7.86456,106.82506,-3.93236
15.32,109.44652500000001,-3.9323249999999996,109.44651,-4.5877,109.44654,-3.27695
15.34,109.77421,-3.276945,110.10189,-4.58768,109.44653,-1.96621
15.36,109.774205,-2.621575,110.10188,-3.27695,109.44653,-1.9662
15.38,109.446525,-3.276935,110.10188,-3.93231,108.79117,-2.62156
15.4,109.446515,-2.94925,110.10187,-3.9323,108.79116,-1.9662
15.42,109.118835,-2.94925,109.44651,-3.9323,108.79116,-1.9662
15.44,109.44652500000001,-2.62157,109.44652,-3.27694,109.44653,-1.9662
15.46,109.774205,-2.62157,110.10188,-3.27694,109.44653,-1.9662
15.48,109.44651999999999,-2.62157,110.10188,-3.27694,108.79116,-1.9662
15.5,109.774205,-2.62157,110.10188,-3.27694,109.44653,-1.9662
15.52,109.446525,-2.62157,110.10188,-3.27694,108.79117,-1.9662
15.54,109.11884,-2.9492450000000003,109.44652,-3.9323,108.79116,-1.96619
15.56,109.44652500000001,-2.62157,109.44652,-3.27694,109.44653,-1.9662
15.58,109.44651999999999,-2.94925,109.44651,-3.9323,109.44653,-1.9662
15.6,109.774205,-3.27693,110.10188,-3.9323,109.44653,-2.62156
15.62,109.774205,-3.27693,110.10188,-3.9323,109.44653,-2.62156
15.64,109.446525,-3.60461,110.10188,-4.58766,108.79117,-2.62156
15.66,109.44653,-3.604615,109.44652,-3.9323,109.44654,-3.27693
15.68,114.361795,-4.587655,114.0341,-5.24303,114.68949,-3.93228
15.7,114.3618,-4.259955,114.68948,-5.24301,114.03412,-3.2769
15.72,114.361795,-2.949225,114.68947,-3.93228,114.03412,-1.96617
15.74,114.034115,-3.276905,114.03411,-3.93228,114.03412,-2.62153
15.76,114.3618,-3.276905,114.68948,-3.93227,114.03412,-2.62154
15.78,113.706435,-3.27691,114.03411,-3.93228,113.37876,-2.62154
15.8,113.706435,-3.60459,114.03411,-3.93228,113.37876,-3.2769
15.82,113.706435,-3.93227,114.03411,-4.58764,113.37876,-3.2769
15.84,113.706435,-4.58764,114.03411,-5.24301,113.37876,-3.93227
15.86,114.03411,-4.58764,114.03411,-5.24301,114.03411,-3.93227
15.88,114.361785,-4.58764,114.68946,-5.24301,114.03411,-3.93227
15.9,114.361785,-4.58764,114.68946,-5.24301,114.03411,-3.93227
15.92,114.68947,-4.58764,115.34483,-5.24301,114.03411,-3.93227
15.94,114.68947,-4.58764,115.34483,-5.24301,114.03411,-3.93227
15.96,114.689475,-4.9153199999999995,114.68947,-5.89837,114.68948,-3.93227
15.98,114.03411,-5.24301,115.34483,-5.89838,112.72339,-4.58764
16.0,109.774205,-5.24301,110.75725,-5.89838,108.79116,-4.58764
16.02,109.77420000000001,-5.24301,109.44652,-5.89838,110.10188,-4.58764
16.04,109.774195,-4.915325,110.10187,-5.89838,109.44652,-3.93227
16.06,109.774195,-5.24301,110.10187,-5.89838,109.44652,-4.58764
16.08,109.77419,-5.24301,110.10187,-5.89838,109.44651,-4.58764
16.1,109.44651,-5.8983799999999995,109.44651,-6.55375,109.44651,-5.24301
16.12,109.77419,-5.570695000000001,110.10187,-6.55375,109.44651,-4.58764
16.14,109.11883,-5.243015,109.44651,-5.89839,108.79115,-4.58764
16.16,109.11883,-4.91533,109.44651,-5.89838,108.79115,-3.93228
16.18,109.11883,-5.24301,109.44651,-5.89838,108.79115,-4.58764
16.2,109.11883,-5.570690000000001,109.44651,-6.55374,108.79115,-4.58764
16.22,109.118835,-5.8983799999999995,109.44651,-6.55375,108.79116,-5.24301
16.24,109.118835,-6.226065,109.44651,-7.20912,108.79116,-5.24301
16.26,108.463475,-6.22607,108.79115,-7.20912,108.1358,-5.24302
16.28,108.791155,-6.22607,109.44651,-7.20912,108.1358,-5.24302
16.3,108.46347,-6.5537600000000005,108.79115,-7.20913,108.13579,-5.89839
16.32,108.463465,-6.226075,108.79114,-7.20913,108.13579,-5.24302
16.34,108.46347,-6.5537600000000005,108.79114,-7.20913,108.1358,-5.89839
16.36,108.463465,-6.88144,108.79114,-7.86449,108.13579,-5.89839
16.38,107.808105,-6.553765,108.13578,-7.20914,107.48043,-5.89839
16.4,108.463465,-6.553765,108.79114,-7.20914,108.13579,-5.89839
16.42,108.135785,-6.88144,108.13578,-7.86449,108.13579,-5.89839
16.44,108.463465,-7.20913,108.79114,-7.8645,108.13579,-6.55376
16.46,108.463465,-7.5368200000000005,108.79114,-7.86451,108.13579,-7.20913
16.48,102.89284,-7.864515000000001,104.85894,-9.17524,100.92674,-6.55379
16.5,101.582095,-6.55379,101.58209,-7.20917,101.5821,-5.89841
16.52,101.909775,-5.89841,102.23745,-6.55378,101.5821,-5.24304
16.54,101.90978,-6.5537849999999995,102.23746,-6.55379,101.5821,-6.55378
16.56,101.909775,-7.864525,102.23745,-8.51989,101.5821,-7.20916
16.58,101.909775,-8.51989,102.23745,-9.17526,101.5821,-7.86452
16.6,101.909775,-8.192215,102.23745,-9.17527,101.5821,-7.20916
16.62,101.909775,-8.5199,102.23745,-9.17527,101.5821,-7.86453
16.64,101.909775,-8.84758,102.23745,-9.83063,101.5821,-7.86453
16.66,101.254415,-9.175265,101.58209,-9.83063,100.92674,-8.5199
16.68,106.16966500000001,-10.15831,105.51429,-11.14136,106.82504,-9.17526
16.7,106.49736,-9.502935,106.82504,-10.48599,106.16968,-8.51988
16.72,106.497355,-8.84757,106.82503,-9.83062,106.16968,-7.86452
16.74,105.841995,-9.17526,106.16967,-9.83063,105.51432,-8.51989
16.76,105.841995,-9.175255,106.16967,-9.83063,105.51432,-8.51988
16.78,105.841995,-9.175255,106.16967,-9.83062,105.51432,-8.51989
16.8,105.841995,-9.502939999999999,106.16967,-10.48599,105.51432,-8.51989
16.82,105.842,-9.830625000000001,106.16968,-10.486,105.51432,-9.17525
16.84,105.842005,-9.175265,106.16968,-9.83063,105.51433,-8.5199
16.86,105.842005,-9.502945,106.16968,-9.83064,105.51433,-9.17525
16.88,105.514325,-9.50295,105.51432,-10.486,105.51433,-8.5199
16.9,105.514325,-9.175270000000001,106.16968,-9.83064,104.85897,-8.5199
16.92,105.18664,-9.50295,105.51432,-10.486,104.85896,-8.5199
16.94,105.186645,-9.50295,105.51432,-10.486,104.85897,-8.5199
16.96,105.514325,-9.175270000000001,105.51432,-9.83064,105.51433,-8.5199
16.98,105.186645,-9.175270000000001,105.51432,-9.83064,104.85897,-8.5199
17.0,105.18664,-9.830639999999999,105.51432,-10.48601,104.85896,-9.17527
17.02,105.186635,-9.830639999999999,105.51431,-10.48601,104.85896,-9.17527
17.04,105.186635,-9.830639999999999,105.51431,-10.48601,104.85896,-9.17527
17.06,105.186635,-9.830639999999999,105.51431,-10.48601,104.85896,-9.17527
17.08,105.514315,-10.158325000000001,105.51431,-10.48601,105.51432,-9.83064
17.1,105.514315,-10.15832,105.51431,-11.14137,105.51432,-9.17527
17.12,105.514315,-9.830639999999999,105.51431,-10.48601,105.51432,-9.17527
17.14,105.841995,-9.830635000000001,106.16967,-10.48601,105.51432,-9.17526
17.16,105.841995,-9.50295,106.16967,-10.486,105.51432,-8.5199
17.18,105.841995,-9.83063,106.16967,-10.486,105.51432,-9.17526
17.2,106.16968,-9.830639999999999,106.16968,-10.48601,106.16968,-9.17527
17.22,106.49736,-9.83063,106.82503,-10.486,106.16969,-9.17526
17.24,106.497365,-9.175275,106.82504,-9.83065,106.16969,-8.5199
17.26,107.152725,-9.175270000000001,107.4804,-9.83064,106.82505,-8.5199
17.28,106.497365,-9.83063,106.82504,-10.486,106.16969,-9.17526
17.3,106.49736,-9.83063,106.82504,-10.486,106.16968,-9.17526
17.32,106.497365,-9.830635000000001,106.82504,-10.486,106.16969,-9.17527
17.34,107.152735,-9.50296,107.48041,-10.48601,106.82506,-8.51991
17.36,106.82505,-9.50296,106.82504,-10.48601,106.82506,-8.51991
17.38,107.15273,-9.50295,107.48041,-10.486,106.82505,-8.5199
17.4,107.152735,-9.175270000000001,107.48041,-9.83064,106.82506,-8.5199
17.42,107.152735,-8.84759,107.48041,-9.83064,106.82506,-7.86454
17.44,106.825055,-8.51991,107.48041,-9.17528,106.1697,-7.86454
17.46,107.15274,-9.17528,107.48042,-9.83065,106.82506,-8.51991
17.48,107.15274,-9.17528,107.48042,-9.83065,106.82506,-8.51991
17.5,110.101895,-8.192225,108.13578,-9.83065,112.06801,-6.5538
17.52,115.017175,-7.209155,115.34485,-7.86453,114.6895,-6.55378
17.54,114.361815,-6.22611,114.68949,-7.20916,114.03414,-5.24306
17.56,114.361815,-6.5537849999999995,114.68949,-7.20915,114.03414,-5.89842
17.58,114.361815,-6.553795,114.68949,-7.20917,114.03414,-5.89842
17.6,114.361825,-6.553800000000001,114.6895,-7.20917,114.03415,-5.89843
17.62,114.361825,-6.88148,114.6895,-7.86453,114.03415,-5.89843
17.64,115.34487999999999,-6.553795,114.03414,-7.86453,116.65562,-5.24306
17.66,125.830795,-4.91535,123.86468,-5.89841,127.79691,-3.93229
17.68,127.14155,-4.259975,127.79691,-5.24303,126.48619,-3.27692
17.7,126.81386499999999,-3.93229,127.14154,-4.58766,126.48619,-3.27692
17.72,126.158505,-4.58766,127.14154,-5.24303,125.17547,-3.93229
17.74,125.83083,-4.915355,125.83083,-5.8984,125.83083,-3.93231
17.76,126.158505,-5.57072,126.48618,-5.89841,125.83083,-5.24303
17.78,126.486185,-5.24305,126.48618,-5.89842,126.48619,-4.58768
17.8,126.158515,-5.24305,126.48619,-5.89842,125.83084,-4.58768
17.82,126.486195,-5.243045,126.48619,-5.89842,126.4862,-4.58767
17.84,126.158515,-4.587680000000001,126.48619,-5.24305,125.83084,-3.93231
17.86,126.158515,-4.587680000000001,126.48619,-5.24305,125.83084,-3.93231
17.88,126.486205,-4.587680000000001,127.14156,-5.24305,125.83085,-3.93231
17.9,126.158525,-4.915355,126.4862,-5.89841,125.83085,-3.9323
17.92,126.158525,-4.58767,126.4862,-5.24304,125.83085,-3.9323
17.94,126.15853,-4.58766,126.48621,-5.24303,125.83085,-3.93229
17.96,125.503165,-4.58766,125.83084,-5.24303,125.17549,-3.93229
17.98,125.503165,-4.587655,125.83084,-5.24303,125.17549,-3.93228
18.0,124.847805,-4.58765,125.17548,-5.24302,124.52013,-3.93228
18.02,125.503165,-4.58766,125.83084,-5.24303,125.17549,-3.93229
18.04,124.847805,-4.58766,125.17548,-5.24303,124.52013,-3.93229
18.06,124.8478,-4.915335,125.17548,-5.89839,124.52012,-3.93228
18.08,124.520115,-4.587655,125.17547,-5.24302,123.86476,-3.93229
18.1,124.192435,-4.9153400000000005,124.52011,-5.89839,123.86476,-3.93229
18.12,124.520115,-4.9153400000000005,124.52011,-5.24303,124.52012,-4.58765
18.14,120.915595,-5.898395,121.89865,-6.55376,119.93254,-5.24303
18.16,119.60486,-5.243035,119.93253,-6.55377,119.27719,-3.9323
18.18,119.932535,-4.915345,120.58789,-5.24303,119.27718,-4.58766
18.2,119.60486,-5.243029999999999,119.93254,-5.8984,119.27718,-4.58766
18.22,119.604855,-5.243029999999999,119.93253,-5.8984,119.27718,-4.58766
18.24,119.932535,-5.243024999999999,119.93253,-5.8984,119.93254,-4.58765
18.26,119.604855,-5.243029999999999,119.93253,-5.8984,119.27718,-4.58766
18.28,119.93253,-5.57071,119.93253,-6.55376,119.93253,-4.58766
18.3,119.93253,-5.243029999999999,120.58789,-5.8984,119.27717,-4.58766
18.32,121.24327,-5.243035,119.93253,-6.55377,122.55401,-3.9323
18.34,128.452325,-5.243005,128.45231,-5.89838,128.45234,-4.58763
18.36,128.124645,-4.587645,128.45232,-5.24302,127.79697,-3.93227
18.38,128.12465,-4.58764,128.45233,-5.24301,127.79697,-3.93227
18.4,128.124645,-4.58765,128.45232,-5.24302,127.79697,-3.93228
18.42,127.79697,-5.243015,127.79697,-5.89839,127.79697,-4.58764
18.44,127.796965,-5.243015,128.45232,-5.89839,127.14161,-4.58764
18.46,128.124645,-5.5707,128.45232,-5.89839,127.79697,-5.24301
18.48,127.469285,-5.243024999999999,127.79696,-5.8984,127.14161,-4.58765
18.5,128.12465,-4.9153400000000005,128.45233,-5.89839,127.79697,-3.93229
18.52,127.46929,-4.91535,127.79697,-5.24304,127.14161,-4.58766
18.54,127.796965,-4.91535,127.79696,-5.8984,127.79697,-3.9323
18.56,130.41844500000002,-3.932285,129.76307,-4.58766,131.07382,-3.27691
18.58,130.74613,-3.6045949999999998,130.41845,-4.58765,131.07381,-2.62154
18.6,131.07381,-3.276905,131.07381,-3.93228,131.07381,-2.62153
18.62,130.74613,-3.27691,131.07381,-3.93228,130.41845,-2.62154
18.64,130.41845,-3.6046,131.07381,-4.58765,129.76309,-2.62155
18.66,129.763085,-3.93228,130.41844,-4.58765,129.10773,-3.27691
18.68,130.090765,-4.58765,130.41844,-5.24302,129.76309,-3.93228
18.7,130.09076,-4.58766,130.41844,-5.24303,129.76308,-3.93229
18.72,130.090755,-5.243024999999999,130.41843,-5.8984,129.76308,-4.58765
18.74,129.76307,-4.91535,129.76307,-5.8984,129.76307,-3.9323
18.76,130.09075,-5.243029999999999,130.41843,-5.8984,129.76307,-4.58766
18.78,129.76307500000001,-5.8984000000000005,130.41843,-6.55377,129.10772,-5.24303
18.8,130.09075,-6.226089999999999,130.41843,-6.55378,129.76307,-5.8984
18.82,130.090755,-6.553775,130.41843,-7.20915,129.76308,-5.8984
18.84,128.78003,-7.5368200000000005,130.41844,-7.20915,127.14162,-7.86449
18.86,88.47487,-25.887059999999998,106.16984,-20.31644,70.7799,-31.45768
18.88,38.994445,-36.700649999999996,43.90971,-38.01138,34.07918,-35.38992
18.9,38.339079999999996,-31.457685,37.35602,-34.07916,39.32214,-28.83621
18.92,39.64981,-24.90403,39.97749,-26.87013,39.32213,-22.93793
18.94,40.305165,-21.627205,40.63284,-22.93794,39.97749,-20.31647
18.96,40.96052,-20.644170000000003,41.2882,-21.62722,40.63284,-19.66112
18.98,40.960515,-20.316499999999998,41.28819,-20.97187,40.63284,-19.66113
19.0,40.960515,-21.299554999999998,41.28819,-21.62724,40.63284,-20.97187
19.02,40.960515,-21.627254999999998,41.28819,-22.28262,40.63284,-20.97189
19.04,33.423775,-23.921035,36.70061,-24.24872,30.14694,-23.59335
19.06,29.819225,-23.921035,29.49154,-24.90409,30.14691,-22.93798
19.08,30.47459,-24.248715,30.80227,-24.90408,30.14691,-23.59335
19.1,30.802265,-24.576405,30.80226,-25.55945,30.80227,-23.59336
19.12,31.129945,-25.55945,31.45762,-26.21482,30.80227,-24.90408
19.14,30.802265,-25.88714,30.80226,-26.21483,30.80227,-25.55945
19.16,30.802265,-26.87019,30.80226,-27.52556,30.80227,-26.21482
19.18,31.129945,-27.85323,31.45762,-28.83628,30.80227,-26.87018
19.2,25.887014999999998,-29.16396,30.14689,-29.49165,21.62714,-28.83627
19.22,18.02259,-30.147005,18.35027,-30.80238,17.69491,-29.49163
19.24,18.677955,-29.819315,19.00563,-30.80237,18.35028,-28.83626
19.26,18.677955,-29.49163,19.00563,-30.147,18.35028,-28.83626
19.28,19.005634999999998,-30.146990000000002,19.00563,-30.80236,19.00564,-29.49162
19.3,18.677955,-30.146990000000002,19.00563,-30.80236,18.35028,-29.49162
19.32,19.33332,-29.81931,19.661,-30.80236,19.00564,-28.83626
19.34,19.33332,-29.491625,19.661,-30.147,19.00564,-28.83625
19.36,19.988685,-29.163935,20.31636,-30.14699,19.66101,-28.18088
19.38,19.988685,-29.491615,20.31636,-30.14699,19.66101,-28.83624
19.4,19.98996,-29.491619999999998,20.31891,-30.14699,19.66101,-28.83625
19.42,20.316364999999998,-29.819295,20.31636,-30.14698,20.31637,-29.49161
19.44,20.644045,-30.14698,20.97172,-30.80235,20.31637,-29.49161
19.46,20.644045,-30.474665,20.97172,-30.80236,20.31637,-30.14697
19.48,21.299405,-30.802349999999997,21.62708,-31.45772,20.97173,-30.14698
19.5,22.610135,-31.130024999999996,20.97172,-32.11308,24.24855,-30.14697
19.52,35.7175,-30.802315,33.42369,-31.45769,38.01131,-30.14694
19.54,38.994365,-30.474629999999998,39.97741,-31.45768,38.01132,-29.49158
19.56,38.338995,-30.80231,38.66667,-31.45768,38.01132,-30.14694
19.58,38.338995,-31.129995,38.66667,-31.45768,38.01132,-30.80231
19.6,38.338995,-32.11305,38.66667,-32.76842,38.01132,-31.45768
19.62,38.338995,-32.44073,38.66667,-32.76842,38.01132,-32.11304
19.64,38.338995,-33.0961,38.66667,-33.42379,38.01132,-32.76841
19.66,38.338995,-33.751464999999996,38.66667,-34.07915,38.01132,-33.42378
19.68,38.340270000000004,-34.40683,38.66667,-35.38988,38.01387,-33.42378
19.7,38.666675,-34.40684,38.66667,-35.38989,38.66668,-33.42379
19.72,38.666675,-35.062205000000006,38.66667,-35.38989,38.66668,-34.73452
19.74,39.322035,-36.045255,39.32203,-36.70062,39.32204,-35.38989
19.76,39.649715,-36.04526,39.97739,-36.70063,39.32204,-35.38989
19.78,39.977395,-36.37294,39.97739,-37.35599,39.9774,-35.38989
19.8,39.977395,-36.700625,39.97739,-37.356,39.9774,-36.04525
19.82,39.977395,-36.700625,40.63275,-37.35599,39.32204,-36.04526
19.84,39.649715,-37.355990000000006,39.97739,-38.01136,39.32204,-36.70062
19.86,39.64972,-38.011354999999995,39.9774,-38.66672,39.32204,-37.35599
19.88,39.649725000000004,-38.339029999999994,39.9774,-38.66672,39.32205,-38.01134
19.9,39.649735,-38.66672,39.97741,-39.32209,39.32206,-38.01135
19.92,39.322055,-38.9944,39.97741,-39.97745,38.6667,-38.01135
19.94,38.99437,-39.321425,39.32205,-39.97745,38.66669,-38.6654
19.96,38.666685,-39.977445,38.66668,-40.63282,38.66669,-39.32207
19.98,38.339005,-39.97744,38.66668,-40.63281,38.01133,-39.32207
20.0,38.339,-40.305125,38.66668,-41.28818,38.01132,-39.32207
20.02,38.339005,-40.30512,38.66668,-41.28817,38.01133,-39.32207
20.04,38.339005,-40.30512,38.66668,-41.28817,38.01133,-39.32207
20.06,38.99437,-39.649770000000004,39.32205,-40.63282,38.66669,-38.66672
20.08,38.99437,-39.32208,39.32205,-39.97745,38.66669,-38.66671
20.1,38.66669,-39.649770000000004,38.66669,-40.63282,38.66669,-38.66672
20.12,38.994365,-39.649770000000004,39.32204,-40.63282,38.66669,-38.66672
20.14,38.994365,-39.649770000000004,39.32204,-40.63282,38.66669,-38.66672
20.16,38.994365,-39.322095000000004,39.32204,-39.97746,38.66669,-38.66673
20.18,38.666685,-39.649770000000004,39.32204,-40.63282,38.01133,-38.66672
20.2,38.339,-39.322095,38.66668,-39.97747,38.01132,-38.66672
20.22,38.339005,-39.649775,38.66668,-39.97747,38.01133,-39.32208
20.24,39.322055,-39.322095,38.66668,-39.97747,39.97743,-38.66672
20.26,47.514165,-38.66671,46.53109,-39.32209,48.49724,-38.01133
20.28,47.841875,-38.01133,48.49724,-39.32206,47.18651,-36.7006
20.3,47.514195,-37.35597,47.84187,-38.01134,47.18652,-36.7006
20.32,47.514195,-37.35597,47.84187,-38.01134,47.18652,-36.7006
20.34,47.186525,-37.355975,47.18652,-38.01134,47.18653,-36.70061
20.36,46.858835,-37.68366,47.18651,-38.66671,46.53116,-36.70061
20.38,46.85884,-37.683655,47.18652,-38.66671,46.53116,-36.7006
20.4,47.18652,-37.68366,47.18652,-38.66671,47.18652,-36.70061
20.42,59.63853,-35.06218,55.7063,-36.04524,63.57076,-34.07912
20.44,65.86456,-34.406800000000004,66.19224,-35.38985,65.53688,-33.42375
20.46,65.209195,-33.751435,65.53687,-34.73449,64.88152,-32.76838
20.48,65.209195,-33.09607,65.53687,-34.07912,64.88152,-32.11302
20.5,64.88151500000001,-32.768395,64.88151,-33.42376,64.88152,-32.11303
20.52,65.2092,-33.42376,65.53688,-34.07913,64.88152,-32.76839
20.54,58.327845,-33.75144,64.22615,-34.07913,52.42954,-33.42375
20.56,42.598969999999994,-34.406814999999995,43.90971,-35.38986,41.28823,-33.42377
20.58,43.254335,-33.423765,43.25433,-34.7345,43.25434,-32.11303
20.6,43.582015,-33.423765,43.90969,-34.07913,43.25434,-32.7684
20.62,43.58202,-34.079145,43.9097,-34.73451,43.25434,-33.42378
20.64,43.582015,-34.734515,43.90969,-35.38988,43.25434,-34.07915
20.66,43.582015,-36.045255,43.90969,-36.70062,43.25434,-35.38989
20.68,43.58201,-37.02832,43.90969,-37.356,43.25433,-36.70064
20.7,43.909684999999996,-38.01138,43.90968,-38.66675,43.90969,-37.35601
20.72,43.909684999999996,-38.66676,43.90968,-39.32213,43.90969,-38.01139
20.74,43.582005,-39.32212,43.90968,-39.97749,43.25433,-38.66675
20.76,43.909675,-39.32213,43.90967,-39.9775,43.90968,-38.66676
20.78,43.90968,-39.649815000000004,44.56504,-39.9775,43.25432,-39.32213
20.8,43.58327,-39.977509999999995,43.91222,-40.63288,43.25432,-39.32214
20.82,59.638504999999995,-37.356044999999995,51.1187,-39.32216,68.15831,-35.38993
20.84,74.384375,-37.683695,75.36741,-38.01138,73.40134,-37.35601
20.86,71.7629,-38.339085,72.09058,-38.66677,71.43522,-38.0114
20.88,71.762895,-42.59899,72.09057,-41.94362,71.43522,-43.25436
20.9,71.4352,-53.084945000000005,71.4352,-49.80807,71.4352,-56.36182
20.92,72.090585,-72.7461,72.74593,-69.46924,71.43524,-76.02296
20.94,72.090605,-77.00601,72.0906,-79.2998,72.09061,-74.71222
20.96,72.418275,-70.779985,72.74595,-72.7461,72.0906,-68.81387
20.98,68.813745,-66.847745,72.09057,-68.15848,65.53692,-65.53701
21.0,61.932355,-63.243224999999995,62.26004,-65.53702,61.60467,-60.94943
21.02,61.932335,-57.672565,62.26001,-59.63868,61.60466,-55.70645
21.04,61.27697,-53.740345,61.60465,-55.05108,60.94929,-52.42961
21.06,61.276965000000004,-52.429595000000006,61.60464,-53.74034,60.94929,-51.11885
21.08,61.27696,-50.463480000000004,61.60464,-51.77422,60.94928,-49.15274
21.1,61.276965000000004,-48.825050000000005,61.60464,-49.80811,60.94929,-47.84199
21.12,61.276955,-47.841985,61.60463,-49.15272,60.94928,-46.53125
21.14,60.949275,-47.186615,60.94927,-47.84199,60.94928,-46.53124
21.16,61.27696,-46.531245,61.60464,-47.84198,60.94928,-45.22051
21.18,60.94928,-45.875865,61.60464,-46.53124,60.29392,-45.22049
21.2,61.27696,-45.54818,61.60464,-46.53124,60.94928,-44.56512
21.22,60.621595,-44.892815,60.94927,-45.87587,60.29392,-43.90976
21.24,61.604645000000005,-44.237445,60.94928,-45.2205,62.26001,-43.25439
21.26,65.209165,-42.926685,64.88147,-43.90974,65.53686,-41.94363
21.28,65.20918,-41.615944999999996,65.53686,-42.599,64.8815,-40.63289
21.3,65.209175,-40.96058,65.53685,-41.94363,64.8815,-39.97753
21.32,65.209175,-40.96058,65.53685,-41.94363,64.8815,-39.97753
21.34,65.209175,-40.632895,65.53685,-41.28827,64.8815,-39.97752
21.36,64.881495,-40.30521,64.88149,-41.28826,64.8815,-39.32216
21.38,64.553815,-39.649845,64.88149,-40.6329,64.22614,-38.66679
21.4,66.519915,-38.994485,64.88149,-40.6329,68.15834,-37.35607
21.42,86.50868,-33.42384,81.92107,-34.73459,91.09629,-32.11309
21.44,92.73474,-32.768454999999996,93.71778,-34.07919,91.7517,-31.45772
21.46,91.751685,-30.802355,91.75168,-32.11309,91.75169,-29.49162
21.48,91.42401,-29.81931,91.75169,-30.80236,91.09633,-28.83626
21.5,91.09631999999999,-29.819319999999998,91.75168,-30.80237,90.44096,-28.83627
21.52,90.76864,-29.819319999999998,91.09632,-30.80237,90.44096,-28.83627
21.54,90.768635,-30.147,91.09631,-30.80237,90.44096,-29.49163
21.56,90.11327,-30.80237,90.44095,-31.45774,89.78559,-30.147
21.58,89.78559,-30.80237,89.78559,-31.45774,89.78559,-30.147
21.6,89.457905,-31.45774,89.78558,-32.11311,89.13023,-30.80237
21.62,89.457905,-32.113095,89.78558,-32.76847,89.13023,-31.45772
21.64,88.80254,-32.44077,89.13022,-33.42382,88.47486,-31.45772
21.66,88.474855,-32.768460000000005,88.47485,-33.42383,88.47486,-32.11309
21.68,88.80253,-33.42382,89.13021,-34.07919,88.47485,-32.76845
21.7,88.474845,-34.734555,88.47484,-35.38992,88.47485,-34.07919
21.72,89.457885,-35.389925000000005,89.78556,-36.04529,89.13021,-34.73456
21.74,89.45789500000001,-35.38993,89.78557,-36.0453,89.13022,-34.73456
21.76,89.45789500000001,-35.38993,89.78557,-36.0453,89.13022,-34.73456
21.78,89.785585,-35.389935,89.78558,-36.04531,89.78559,-34.73456
21.8,89.785585,-35.717614999999995,90.44094,-36.70066,89.13023,-34.73457
21.82,89.78559,-36.045294999999996,89.78559,-36.70067,89.78559,-35.38992
21.84,89.457905,-36.372975,89.78558,-36.70067,89.13023,-36.04528
21.86,89.4579,-36.70066,89.78558,-37.35603,89.13022,-36.04529
21.88,89.4579,-36.700655,89.78558,-37.35603,89.13022,-36.04528
21.9,89.13022,-36.70066,89.13022,-37.35603,89.13022,-36.04529
21.92,89.130225,-37.02834,89.13022,-38.01139,89.13023,-36.04529
21.94,89.4579,-37.028345,89.78558,-38.0114,89.13022,-36.04529
21.96,89.457905,-36.37232,89.78558,-37.35604,89.13023,-35.3886
21.98,89.785585,-36.0453,89.78558,-36.70067,89.78559,-35.38993
22.0,89.785585,-35.71762,89.78558,-36.70067,89.78559,-34.73457
22.02,89.785585,-36.0453,90.44094,-36.70067,89.13023,-35.38993
22.04,91.424,-34.734565,91.09631,-35.38994,91.75169,-34.07919
22.06,91.42401,-34.079195,91.75169,-35.38993,91.09633,-32.76846
22.08,91.751685,-33.751509999999996,92.40704,-34.73456,91.09633,-32.76846
22.1,91.424005,-33.096145,91.75168,-34.0792,91.09633,-32.11309
22.12,91.424005,-33.096145,91.75168,-34.07919,91.09633,-32.1131
22.14,91.751685,-33.09615,92.40704,-34.0792,91.09633,-32.1131
22.16,92.07936,-33.096145,92.40704,-34.0792,91.75168,-32.11309
22.18,91.75168,-32.768460000000005,92.40704,-33.42383,91.09632,-32.11309
22.2,92.07936,-32.440775,92.40704,-33.42383,91.75168,-31.45772
22.22,92.07936000000001,-32.11309,92.40703,-32.76846,91.75169,-31.45772
22.24,92.079365,-32.44077,92.40704,-33.42382,91.75169,-31.45772
22.26,91.751685,-32.11309,92.40704,-32.76846,91.09633,-31.45772
22.28,91.751685,-32.11308,91.75168,-32.76845,91.75169,-31.45771
22.3,91.751685,-31.785400000000003,91.75168,-32.76845,91.75169,-30.80235
22.32,92.079375,-31.785395,92.40705,-32.76845,91.7517,-30.80234
22.34,92.079365,-31.78539,92.40704,-32.76844,91.75169,-30.80234
22.36,92.734735,-30.802345,93.06241,-31.45772,92.40706,-30.14697
22.38,92.407055,-30.802335,93.06241,-31.45771,91.7517,-30.14696
22.4,93.39010999999999,-29.49161,93.06242,-30.80235,93.7178,-28.18087
22.42,93.390125,-29.163905,93.7178,-30.14696,93.06245,-28.18085
22.44,93.39012,-28.180855,93.7178,-28.83623,93.06244,-27.52548
22.46,93.390125,-27.525489999999998,93.7178,-28.18086,93.06245,-26.87012
22.48,93.390125,-27.525489999999998,93.7178,-28.18086,93.06245,-26.87012
22.5,93.390125,-27.52548,93.7178,-28.18085,93.06245,-26.87011
22.52,93.390125,-27.197805,93.7178,-28.18086,93.06245,-26.21475
22.54,92.734765,-27.853155,93.06244,-28.83621,92.40709,-26.8701
22.56,93.062445,-27.52548,93.06244,-28.18085,93.06245,-26.87011
22.58,92.73476,-27.197795,93.06244,-28.18085,92.40708,-26.21474
22.6,93.06244,-27.197789999999998,93.06244,-28.18084,93.06244,-26.21474
22.62,93.062445,-26.54243,93.7178,-26.87012,92.40709,-26.21474
22.64,92.734765,-26.542430000000003,93.06244,-27.52548,92.40709,-25.55938
22.66,93.062435,-26.214750000000002,93.71779,-26.87012,92.40708,-25.55938
22.68,92.734755,-26.54184,93.06243,-27.5243,92.40708,-25.55938
22.7,92.734755,-26.87012,93.06243,-27.52549,92.40708,-26.21475
22.72,93.06243,-27.19781,93.06243,-27.5255,93.06243,-26.87012
22.74,92.734745,-27.525495,93.06242,-28.18086,92.40707,-26.87013
22.76,92.734745,-27.853180000000002,93.06242,-28.83623,92.40707,-26.87013
22.78,92.734735,-28.180860000000003,93.06241,-28.83623,92.40706,-27.52549
22.8,92.40705,-28.18087,92.40705,-28.83624,92.40705,-27.5255
22.82,92.407045,-28.83623,93.06241,-29.4916,91.75168,-28.18086
22.84,92.40704,-29.49099,92.40704,-30.14574,92.40704,-28.83624
22.86,92.73472,-29.819290000000002,93.0624,-30.80234,92.40704,-28.83624
22.88,92.734715,-30.14697,93.06239,-30.80234,92.40704,-29.4916
22.9,92.734715,-29.819290000000002,93.06239,-30.80234,92.40704,-28.83624
22.92,93.062395,-30.14697,93.06239,-30.80234,93.0624,-29.4916
22.94,92.73471,-30.146965,93.06239,-30.80233,92.40703,-29.4916
22.96,92.73471,-30.14697,93.06239,-30.80234,92.40703,-29.4916
22.98,93.062395,-30.80234,93.06239,-31.45771,93.0624,-30.14697
23.0,93.062395,-31.45771,93.06239,-32.11308,93.0624,-30.80234
23.02,93.390075,-32.44076,93.71775,-32.76845,93.0624,-32.11307
23.04,93.39006499999999,-33.423815000000005,93.71774,-34.07918,93.06239,-32.76845
23.06,92.734705,-33.423824999999994,93.06238,-34.07919,92.40703,-32.76846
23.08,92.407015,-34.07919,92.40701,-34.73456,92.40702,-33.42382
23.1,92.407015,-34.73456,93.06237,-35.38993,91.75166,-34.07919
23.12,92.734695,-35.389925000000005,93.06237,-36.04529,92.40702,-34.73456
23.14,92.40701,-36.045294999999996,93.06237,-36.70066,91.75165,-35.38993
23.16,92.407005,-36.0453,93.06236,-36.70067,91.75165,-35.38993
23.18,92.079325,-36.70066,92.407,-37.35603,91.75165,-36.04529
23.2,92.079315,-37.02835,92.40699,-38.0114,91.75164,-36.0453
23.22,92.07930999999999,-37.356030000000004,92.40699,-38.0114,91.75163,-36.70066
23.24,92.07930999999999,-37.356030000000004,92.40698,-38.0114,91.75164,-36.70066
23.26,92.07930999999999,-37.68372,92.40699,-38.66677,91.75163,-36.70067
23.28,92.07930999999999,-37.68372,92.40699,-38.66677,91.75163,-36.70067
23.3,92.079315,-38.011399999999995,92.40699,-38.66677,91.75164,-37.35603
23.32,92.07930999999999,-38.01141,92.40699,-38.66678,91.75163,-37.35604
23.34,92.07930999999999,-38.33909,92.40699,-39.32214,91.75163,-37.35604
23.36,92.079305,-38.666765,92.40698,-39.32214,91.75163,-38.01139
23.38,92.079305,-38.66677,92.40698,-39.32214,91.75163,-38.0114
23.4,92.079315,-38.66677,92.40699,-39.32214,91.75164,-38.0114
23.42,91.423945,-38.33909,91.75162,-38.66678,91.09627,-38.0114
23.44,91.423945,-38.33909,91.75162,-39.32214,91.09627,-37.35604
23.46,91.423945,-38.66677,91.75162,-39.32214,91.09627,-38.0114
23.48,90.76858,-39.32213,91.09626,-39.9775,90.4409,-38.66676
23.5,93.71773,-39.649815,91.75162,-40.63287,95.68384,-38.66676
23.52,98.96069,-39.649795,99.61605,-40.63285,98.30533,-38.66674
23.54,98.30531500000001,-38.66675,98.30531,-39.32212,98.30532,-38.01138
23.56,98.632995,-38.33906,98.96067,-39.32211,98.30532,-37.35601
23.58,98.632995,-38.011385,98.96067,-38.66676,98.30532,-37.35601
23.6,98.633,-38.01139,98.96067,-38.66676,98.30533,-37.35602
23.62,98.633005,-38.339065,98.96068,-39.32212,98.30533,-37.35601
23.64,98.633005,-38.01138,98.96068,-38.66675,98.30533,-37.35601
23.66,98.305325,-38.01138,98.96068,-38.66675,97.64997,-37.35601
23.68,98.305325,-38.011375,98.96068,-38.66675,97.64997,-37.356
23.7,97.97765,-38.01137,98.30533,-38.66674,97.64997,-37.356
23.72,97.97765,-37.68369,98.30533,-38.66674,97.64997,-36.70064
23.74,97.977655,-37.683685,98.30533,-38.66674,97.64998,-36.70063
23.76,98.305335,-37.35601,98.30533,-38.01138,98.30534,-36.70064
23.78,97.977655,-37.68369,98.30533,-38.66674,97.64998,-36.70064
23.8,97.977655,-37.683685,98.30533,-38.66674,97.64998,-36.70063
23.82,97.649975,-37.355999999999995,97.64997,-38.01137,97.64998,-36.70063
23.84,98.305335,-37.683679999999995,98.30533,-38.66673,98.30534,-36.70063
23.86,98.30533,-38.011365,98.30533,-38.66674,98.30533,-37.35599
23.88,98.305335,-38.01137,98.30533,-38.66674,98.30534,-37.356
23.9,98.63301,-38.011365,98.96069,-38.66674,98.30533,-37.35599
23.92,98.633005,-38.01137,98.96068,-38.66674,98.30533,-37.356
23.94,98.305325,-38.011365,98.30532,-38.66673,98.30533,-37.356
23.96,98.305325,-38.01137,98.30532,-38.66674,98.30533,-37.356
23.98,97.97765,-38.011365,98.30533,-38.66674,97.64997,-37.35599
24.0,97.977645,-38.011365,98.30532,-38.66674,97.64997,-37.35599
24.02,97.649965,-38.011365,97.64996,-38.66673,97.64997,-37.356
24.04,97.322285,-37.355999999999995,97.64996,-38.01137,96.99461,-36.70063
24.06,97.97764,-37.35601,98.30532,-38.01138,97.64996,-36.70064
24.08,97.64996,-37.35601,97.64996,-38.01138,97.64996,-36.70064
24.1,100.27142,-37.35601,98.30532,-38.01138,102.23752,-36.70064
24.12,114.034165,-37.028310000000005,112.06804,-38.01137,116.00029,-36.04525
24.14,116.65567,-36.04525,117.31103,-37.35598,116.00031,-34.73452
24.16,116.655655,-35.389885,116.65565,-36.04526,116.65566,-34.73451
24.18,116.98334,-35.062195,117.31102,-36.04525,116.65566,-34.07914
24.2,116.98334,-34.734515,117.31102,-35.38989,116.65566,-34.07914
24.22,116.983335,-34.734515,117.31101,-35.38989,116.65566,-34.07914
24.24,116.983345,-34.406835,117.31102,-35.38989,116.65567,-33.42378
24.26,116.983345,-33.751475,117.31102,-34.73453,116.65567,-32.76842
24.28,116.983345,-33.75147,117.31102,-34.73452,116.65567,-32.76842
24.3,117.638705,-33.42379,117.96638,-34.07916,117.31103,-32.76842
24.32,116.98335,-33.0961,117.31103,-34.07915,116.65567,-32.11305
24.34,116.98335,-32.768415,117.31102,-33.42379,116.65568,-32.11304
24.36,116.983355,-32.768415,117.31103,-33.42379,116.65568,-32.11304
24.38,116.983365,-32.440725,117.31104,-33.42378,116.65569,-31.45767
24.4,117.31104500000001,-32.440715,117.31104,-33.42377,117.31105,-31.45766
24.42,116.983365,-32.11303,117.31104,-32.7684,116.65569,-31.45766
24.44,125.50315,-28.50851,121.89861,-30.14694,129.10769,-26.87008
24.46,132.05687,-27.52543,132.38454,-28.1808,131.7292,-26.87006
24.48,131.07383,-26.214695,131.07382,-27.52543,131.07384,-24.90396
24.5,131.07383499999997,-25.559330000000003,131.72919,-26.2147,130.41848,-24.90396
24.52,130.746155,-25.559330000000003,131.07383,-26.2147,130.41848,-24.90396
24.54,130.41848,-25.559330000000003,131.07383,-26.2147,129.76313,-24.90396
24.56,130.0908,-25.231645,130.41848,-25.55934,129.76312,-24.90395
24.58,130.0908,-25.231645,130.41848,-26.21469,129.76312,-24.2486
24.6,130.090805,-24.90397,130.41848,-25.55934,129.76313,-24.2486
24.62,134.67838,-23.920905,134.35068,-24.90396,135.00608,-22.93785
24.64,134.6784,-22.61017,135.00608,-23.59322,134.35072,-21.62712
24.66,134.023045,-21.299425,134.35072,-22.28248,133.69537,-20.31637
24.68,132.38464,-19.661,133.04,-20.97174,131.72928,-18.35026
24.7,130.41855500000003,-17.03951,131.07391,-18.35025,129.7632,-15.72877
24.72,128.452475,-15.0734,128.45247,-16.38414,128.45248,-13.76266
24.74,127.79711,-14.418025,127.79711,-15.0734,127.79711,-13.76265
24.76,128.124785,-14.09035,128.45246,-15.0734,127.79711,-13.1073
24.78,128.124785,-13.76267,128.45246,-14.41804,127.79711,-13.1073
24.8,128.45246500000002,-13.76267,128.45246,-14.41804,128.45247,-13.1073
24.82,130.418565,-13.43498,129.10783,-14.41804,131.7293,-12.45192
24.84,133.367715,-13.107289999999999,133.69539,-14.41802,133.04004,-11.79656
24.86,134.023075,-12.124235,134.35075,-13.10729,133.6954,-11.14118
24.88,134.678435,-11.796545,135.00611,-12.45192,134.35076,-11.14117
24.9,134.678435,-11.79654,135.00611,-12.45191,134.35076,-11.14117
24.92,135.006125,-11.796545,135.00612,-12.45192,135.00613,-11.14117
24.94,135.006125,-11.79654,135.66148,-13.10727,134.35077,-10.48581
24.96,135.33381,-11.79654,135.66149,-12.45191,135.00613,-11.14117
24.98,135.333815,-11.46886,135.66149,-12.45191,135.00614,-10.48581
25.0,135.333815,-10.81349,135.66149,-11.79654,135.00614,-9.83044
25.02,134.678465,-10.48581,135.00614,-11.14118,134.35079,-9.83044
25.04,134.678465,-10.158125,135.00614,-11.14118,134.35079,-9.17507
25.06,134.678465,-9.50276,134.35078,-10.48581,135.00615,-8.51971
25.08,137.95532,-8.51969,137.62762,-9.83043,138.28302,-7.20895
25.1,138.28301499999998,-6.881270000000001,138.93837,-7.86432,137.62766,-5.89822
25.12,138.610695,-6.225899999999999,138.93837,-7.20895,138.28302,-5.24285
25.14,138.610695,-5.89822,138.93837,-6.55359,138.28302,-5.24285
25.16,138.610695,-6.225899999999999,138.93837,-7.20895,138.28302,-5.24285
25.18,137.95533999999998,-6.55359,138.28302,-7.20896,137.62766,-5.89822
25.2,137.955335,-6.553599999999999,138.28301,-7.20897,137.62766,-5.89823
25.22,137.95533999999998,-6.22592,138.28302,-7.20897,137.62766,-5.24287
25.24,137.95533999999998,-6.553599999999999,138.28302,-7.20897,137.62766,-5.89823
25.26,137.62766499999998,-6.553599999999999,138.28302,-7.20897,136.97231,-5.89823
25.28,137.955345,-6.553605,138.28302,-7.20897,137.62767,-5.89824
25.3,137.299985,-6.553605,137.62766,-7.20898,136.97231,-5.89823
25.32,136.972305,-6.553610000000001,136.9723,-7.20898,136.97231,-5.89824
25.34,137.29998999999998,-6.553610000000001,137.62767,-7.20898,136.97231,-5.89824
25.36,134.02315,-9.175075,137.62766,-7.86435,130.41864,-10.4858
25.38,97.65021999999999,-23.920845,108.79149,-21.62705,86.50895,-26.21464
25.4,71.10772,-28.83613,72.09077,-30.14687,70.12467,-27.52539
25.42,72.090765,-27.52539,72.09076,-28.18076,72.09077,-26.87002
25.44,72.41843,-28.180775,72.74611,-28.83614,72.09075,-27.52541
25.46,73.073795,-29.163835,73.40147,-29.49152,72.74612,-28.83615
25.48,73.72915,-30.474584999999998,74.05683,-30.80227,73.40147,-30.1469
25.5,73.72915,-31.785330000000002,74.05683,-32.11301,73.40147,-31.45765
25.52,73.729145,-32.768395,74.05682,-33.42376,73.40147,-32.11303
25.54,74.384505,-34.406825,74.71218,-34.73451,74.05683,-34.07914
25.56,74.38451,-35.717565,74.71218,-36.04525,74.05684,-35.38988
25.58,63.243264999999994,-41.94353,72.74609,-38.66671,53.74044,-45.22035
25.6,24.57648,-52.429415000000006,30.8025,-52.4294,18.35046,-52.42943
25.62,20.97192,-52.757115,20.31654,-53.74017,21.6273,-51.77406
25.64,21.954965,-52.101765,22.28265,-53.08481,21.62728,-51.11872
25.66,22.610315,-52.10178,22.93799,-53.08483,22.28264,-51.11873
25.68,23.26567,-52.75716,23.59335,-53.74021,22.93799,-51.77411
25.7,23.26567,-53.08486,23.59335,-53.74023,22.93799,-52.42949
25.72,23.921030000000002,-53.412555,24.24871,-53.74024,23.59335,-53.08487
25.74,22.610284999999998,-54.067925,24.2487,-54.39561,20.97187,-53.74024
25.76,17.039645,-54.395610000000005,17.69501,-55.05098,16.38428,-53.74024
25.78,17.694995,-54.39561,17.69499,-55.70634,17.695,-53.08488
25.8,18.35035,-54.395610000000005,18.35035,-55.05098,18.35035,-53.74024
25.82,18.350344999999997,-54.39561500000001,18.35034,-55.05098,18.35035,-53.74025
25.84,19.00571,-54.723304999999996,19.00571,-55.70635,19.00571,-53.74026
25.86,19.333385,-55.706355,19.66106,-56.36172,19.00571,-55.05099
25.88,19.66107,-55.37868,19.66107,-55.70637,19.66107,-55.05099
25.9,19.661075,-55.706360000000004,20.31643,-56.36173,19.00572,-55.05099
25.92,19.988754999999998,-55.706360000000004,20.31643,-56.36173,19.66108,-55.05099
25.94,19.988754999999998,-55.706355,20.31643,-56.36172,19.66108,-55.05099
25.96,20.31643,-55.706360000000004,20.31643,-56.36173,20.31643,-55.05099
25.98,20.31643,-55.70635,20.31643,-56.36172,20.31643,-55.05098
26.0,20.644095,-55.378665,20.97177,-56.36172,20.31642,-54.39561
26.02,20.644085,-55.050979999999996,20.97176,-55.70635,20.31641,-54.39561
26.04,20.644085,-55.70634,20.97176,-56.36171,20.31641,-55.05097
26.06,20.644085,-56.034025,20.97176,-57.01708,20.31641,-55.05097
26.08,20.97176,-56.36171,20.97176,-57.01708,20.97176,-55.70634
26.1,21.62712,-56.034035,21.62712,-57.01708,21.62712,-55.05099
26.12,21.9548,-56.361725,22.28248,-57.01709,21.62712,-55.70636
26.14,21.9548,-56.361725,22.28248,-57.0171,21.62712,-55.70635
26.16,22.610155,-56.034040000000005,22.93783,-57.01709,22.28248,-55.05099
26.18,22.610155,-56.361720000000005,22.93783,-57.01709,22.28248,-55.70635
26.2,22.610155,-56.361720000000005,22.93783,-57.01709,22.28248,-55.70635
26.22,22.610155,-56.689409999999995,22.93783,-57.0171,22.28248,-56.36172
26.24,22.610155,-57.017085,22.93783,-57.67246,22.28248,-56.36171
26.26,22.610155,-57.34477,22.93783,-58.32782,22.28248,-56.36172
26.28,22.610155,-57.34477,22.93783,-58.32782,22.28248,-56.36172
26.3,22.610155,-57.67245,22.93783,-58.32782,22.28248,-57.01708
26.32,22.937835,-58.000135,23.59319,-58.98319,22.28248,-57.01708
26.34,22.61016,-58.983180000000004,22.93784,-59.63855,22.28248,-58.32781
26.36,22.937835,-58.983185,22.93783,-59.63856,22.93784,-58.32781
26.38,23.265520000000002,-58.983180000000004,23.5932,-59.63855,22.93784,-58.32781
26.4,25.886989999999997,-58.6555,24.90393,-59.63856,26.87005,-57.67244
26.42,27.85311,-58.327799999999996,28.18078,-58.98317,27.52544,-57.67243
26.44,27.85311,-58.327799999999996,28.18079,-58.98317,27.52543,-57.67243
26.46,27.853115,-58.327799999999996,28.18079,-58.98317,27.52544,-57.67243
26.48,27.853115,-59.31085,28.18079,-59.63854,27.52544,-58.98316
26.5,32.112995,-58.65549,28.83615,-60.29391,35.38984,-57.01707
26.52,38.33903,-58.32779,38.6667,-58.98316,38.01136,-57.67242
26.54,37.68366,-58.000119999999995,38.01134,-58.98317,37.35598,-57.01707
26.56,37.35598,-58.327799999999996,38.01134,-58.98317,36.70062,-57.67243
26.58,37.028295,-58.327799999999996,37.35597,-58.98317,36.70062,-57.67243
26.6,36.700605,-59.31085,37.35596,-59.63854,36.04525,-58.98316
26.62,36.372925,-59.638535,36.7006,-60.29391,36.04525,-58.98316
26.64,36.372925,-59.96622,36.7006,-60.94927,36.04525,-58.98317
26.66,36.372925,-59.63854,36.7006,-60.29391,36.04525,-58.98317
26.68,36.372925,-59.63854,36.7006,-60.29391,36.04525,-58.98317
26.7,36.37293,-59.310865,36.70061,-60.29392,36.04525,-58.32781
26.72,36.372935,-59.31087,36.70061,-60.29392,36.04526,-58.32782
26.74,36.70061,-59.31087,36.70061,-60.29392,36.70061,-58.32782
26.76,36.70061,-59.96624,37.35597,-60.94929,36.04525,-58.98319
26.78,38.994395,-59.966245,37.35597,-60.9493,40.63282,-58.98319
26.8,43.581990000000005,-60.29391,43.90966,-60.94928,43.25432,-59.63854
26.82,43.254305,-60.293905,43.90966,-60.94928,42.59895,-59.63853
26.84,43.25431,-59.96622,43.25431,-60.94927,43.25431,-58.98317
26.86,42.926625,-59.638545,43.2543,-60.29392,42.59895,-58.98317
26.88,42.92663,-59.966229999999996,43.25431,-60.94928,42.59895,-58.98318
26.9,43.254315,-60.293915,43.25431,-60.94928,43.25432,-59.63855
26.92,42.926635,-60.6216,43.25431,-61.60465,42.59896,-59.63855
26.94,42.926625,-60.94928,43.2543,-61.60465,42.59895,-60.29391
26.96,42.92662,-61.603825,43.2543,-62.25838,42.59894,-60.94927
26.98,42.271255,-61.60464,42.59893,-62.26001,41.94358,-60.94927
27.0,42.271255,-62.260005,42.59893,-62.91538,41.94358,-61.60463
27.02,42.27125,-62.26001,42.59893,-62.91538,41.94357,-61.60464
27.04,42.271245,-62.26001,42.59892,-62.91538,41.94357,-61.60464
27.06,42.271245,-62.26001,42.59892,-62.91538,41.94357,-61.60464
27.08,42.271245,-62.260005,42.59892,-62.91538,41.94357,-61.60463
27.1,42.271249999999995,-62.587689999999995,42.59892,-62.91538,41.94358,-62.26
27.12,42.926615,-62.587695,43.25429,-63.57074,42.59894,-61.60465
27.14,42.926615,-62.91538,43.25429,-63.57075,42.59894,-62.26001
27.16,42.926615,-63.24306,43.25429,-64.22611,42.59894,-62.26001
27.18,42.598935,-62.91538,42.59893,-63.57075,42.59894,-62.26001
27.2,42.598935,-62.91538,43.25429,-63.57075,41.94358,-62.26001
27.22,42.598935,-62.915385,43.25429,-63.57076,41.94358,-62.26001
27.24,38.9944,-63.243065,39.97745,-64.22612,38.01135,-62.26001
27.26,38.33904,-62.587695,38.66671,-63.57075,38.01137,-61.60464
27.28,38.33904,-61.932325,38.66672,-62.91538,38.01136,-60.94927
27.3,38.994395,-62.26001,39.32207,-62.91538,38.66672,-61.60464
27.32,38.339035,-61.93233,38.66671,-62.91538,38.01136,-60.94928
27.34,38.994395,-61.932339999999996,39.32207,-62.91539,38.66672,-60.94929
27.36,38.33903,-62.26002,38.66671,-62.91539,38.01135,-61.60465
27.38,38.994389999999996,-62.26002,39.32207,-62.91539,38.66671,-61.60465
27.4,38.99438,-62.58771,39.32206,-63.57076,38.6667,-61.60466
27.42,38.99438,-62.91539,39.32206,-63.57076,38.6667,-62.26002
27.44,38.994375,-62.58771,39.32205,-63.57076,38.6667,-61.60466
27.46,38.99437,-62.260035,39.32205,-62.91541,38.66669,-61.60466
27.48,38.99437,-62.260040000000004,39.32205,-62.91541,38.66669,-61.60467
27.5,38.99437,-62.260045,39.32205,-62.91542,38.66669,-61.60467
27.52,39.32205,-62.26005,39.32205,-62.91542,39.32205,-61.60468
27.54,39.64973,-62.58773,39.97741,-63.57078,39.32205,-61.60468
27.56,39.64973,-62.58774,39.97741,-63.57079,39.32205,-61.60469
27.58,39.322055,-62.91542,39.32205,-63.57079,39.32206,-62.26005
27.6,39.64973,-62.91543,39.97741,-63.5708,39.32205,-62.26006
27.62,39.64973,-63.24311,39.97741,-64.22616,39.32205,-62.26006
27.64,39.649730000000005,-63.5708,39.9774,-64.22617,39.32206,-62.91543
27.66,39.649735,-63.5708,39.97741,-64.22617,39.32206,-62.91543
27.68,39.649744999999996,-63.89848,39.97742,-64.88153,39.32207,-62.91543
27.7,39.649744999999996,-63.570809999999994,39.97742,-64.22618,39.32207,-62.91544
27.72,39.649744999999996,-63.570809999999994,39.97742,-64.22618,39.32207,-62.91544
27.74,39.649744999999996,-63.570809999999994,39.97742,-64.22618,39.32207,-62.91544
27.76,39.64975,-63.898495,39.97743,-64.88155,39.32207,-62.91544
27.78,39.649755,-64.22618,39.97743,-64.88155,39.32208,-63.57081
27.8,39.649755,-64.22619,39.97743,-64.88156,39.32208,-63.57082
27.82,-3.2763250000000035,-64.88155,39.32207,-65.53692,-45.87472,-64.22618
27.84,38.994395,-64.88155,39.32207,-65.53692,38.66672,-64.22618
27.86,38.994405,-64.88155499999999,39.32208,-65.53692,38.66673,-64.22619
27.88,38.994405,-65.20924,39.32208,-66.19229,38.66673,-64.22619
27.9,38.994405,-65.536925,39.32208,-66.1923,38.66673,-64.88155
27.92,38.66673,-65.536925,38.66672,-66.1923,38.66674,-64.88155
27.94,36.70062,-66.192305,38.01135,-66.84767,35.38989,-65.53694
27.96,35.717575,-65.86462499999999,36.04525,-66.84768,35.3899,-64.88157
27.98,35.717575,-65.209255,36.04525,-66.1923,35.3899,-64.22621
28.0,35.717575,-66.19229999999999,36.04525,-66.84767,35.3899,-65.53693
28.02,36.04525,-66.192305,36.04525,-66.84767,36.04525,-65.53694
28.04,36.372925,-66.84767,36.7006,-67.50304,36.04525,-66.1923
28.06,36.372925,-67.175355,36.7006,-68.15841,36.04525,-66.1923
28.08,36.700604999999996,-67.17536000000001,36.7006,-68.15841,36.70061,-66.19231
28.1,37.02829,-67.50305,37.35597,-68.15842,36.70061,-66.84768
28.12,36.700604999999996,-67.50305,36.7006,-68.15842,36.70061,-66.84768
28.14,37.028285,-68.15841,37.35596,-68.81378,36.70061,-67.50304
28.16,37.028285,-67.830735,37.35596,-68.81379,36.70061,-66.84768
28.18,37.02828,-67.83072999999999,37.35596,-68.81378,36.7006,-66.84768
28.2,37.028275,-68.15841,37.35595,-68.81378,36.7006,-67.50304
28.22,37.028285,-68.81378000000001,37.35596,-69.46915,36.70061,-68.15841
28.24,37.683635,-69.46915,38.01131,-70.12452,37.35596,-68.81378
28.26,37.355955,-69.46915,37.35595,-70.12452,37.35596,-68.81378
28.28,37.68364,-69.14147,38.01131,-70.12452,37.35597,-68.15842
28.3,37.355965,-68.81378000000001,38.01132,-69.46915,36.70061,-68.15841
28.32,37.355975,-68.486095,38.01133,-69.46915,36.70062,-67.50304
28.34,37.028295,-67.830725,37.35597,-68.81378,36.70062,-66.84767
28.36,37.028305,-67.503045,37.35598,-68.15842,36.70063,-66.84767
28.38,36.700635,-67.503035,36.70063,-68.1584,36.70064,-66.84767
28.4,36.700635,-66.84767,37.35599,-67.50304,36.04528,-66.1923
28.42,40.960535,-66.847665,39.97747,-67.50304,41.9436,-66.19229
28.44,42.27129,-67.17534,42.59897,-68.15839,41.94361,-66.19229
28.46,42.27129,-66.847655,42.59897,-67.50303,41.94361,-66.19228
28.48,41.943615,-66.51997,41.94361,-67.50302,41.94362,-65.53692
28.5,41.615935,-66.51997,41.94361,-67.50302,41.28826,-65.53692
28.52,41.615935,-66.51997,41.94361,-67.50302,41.28826,-65.53692
28.54,41.615935,-66.847645,41.94361,-67.50302,41.28826,-66.19227
28.56,41.615935,-66.51997,41.94361,-66.84766,41.28826,-66.19228
28.58,41.615944999999996,-66.19228000000001,41.94362,-66.84765,41.28827,-65.53691
28.6,41.61594,-66.19228000000001,41.94362,-66.84765,41.28826,-65.53691
28.62,41.61594,-66.192275,41.94362,-66.84765,41.28826,-65.5369
28.64,41.94362,-66.51996,41.94362,-67.50301,41.94362,-65.53691
28.66,42.271295,-66.51996,42.59897,-66.84765,41.94362,-66.19227
28.68,42.2713,-66.51995,42.59897,-67.503,41.94363,-65.5369
28.7,41.943615,-66.84763000000001,41.94361,-67.503,41.94362,-66.19226
28.72,42.271295,-66.847635,42.59897,-67.50301,41.94362,-66.19226
28.74,42.271295,-66.51995,42.59897,-67.503,41.94362,-65.5369
28.76,41.615935,-66.519945,41.94361,-67.503,41.28826,-65.53689
28.78,41.943615,-66.19226499999999,42.59897,-66.84764,41.28826,-65.53689
28.8,42.271295,-66.19225499999999,42.59897,-66.84763,41.94362,-65.53688
28.82,42.2713,-65.864575,42.59898,-66.84763,41.94362,-64.88152
28.84,41.615935,-65.53688500000001,41.94361,-66.19226,41.28826,-64.88151
28.86,41.61594,-65.20920000000001,41.94362,-66.19225,41.28826,-64.22615
28.88,41.615939999999995,-64.88152,41.94361,-65.53689,41.28827,-64.22615
28.9,41.615944999999996,-63.89848,41.94362,-66.19225,41.28827,-61.60471
28.92,41.61594,-64.55383,41.94362,-65.53688,41.28826,-63.57078
28.94,41.615944999999996,-64.22614,41.94362,-64.88151,41.28827,-63.57077
28.96,41.615944999999996,-63.89846,41.94362,-64.88151,41.28827,-62.91541
28.98,41.615944999999996,-64.22614,41.94362,-64.88151,41.28827,-63.57077
29.0,41.615944999999996,-64.55382,41.94362,-65.53687,41.28827,-63.57077
29.02,41.28827,-64.22614,41.28826,-64.88151,41.28828,-63.57077
29.04,41.615944999999996,-63.89846,41.94362,-64.88151,41.28827,-62.91541
29.06,41.615955,-63.898455,41.94363,-64.88151,41.28828,-62.9154
29.08,41.615955,-63.570769999999996,41.94363,-64.8815,41.28828,-62.26004
29.1,40.960589999999996,-63.570769999999996,41.28826,-64.22614,40.63292,-62.9154
29.12,40.960595,-63.243085,41.28827,-64.22614,40.63292,-62.26003
29.14,40.960595,-62.915405,41.28827,-63.57078,40.63292,-62.26003
29.16,40.960595,-62.915400000000005,41.28827,-63.57077,40.63292,-62.26003
29.18,40.960595,-62.587720000000004,41.28827,-62.91541,40.63292,-62.26003
29.2,40.63292,-62.587720000000004,41.28828,-63.57077,39.97756,-61.60467
29.22,44.237435000000005,-62.26003,42.59901,-62.9154,45.87586,-61.60466
29.24,46.203555,-61.932345,46.53123,-62.9154,45.87588,-60.94929
29.26,45.875875,-60.9493,45.87587,-61.60467,45.87588,-60.29393
29.28,46.203555,-61.27698,46.53123,-62.26003,45.87588,-60.29393
29.3,46.531234999999995,-61.27698,46.53123,-62.26003,46.53124,-60.29393
29.32,46.531234999999995,-60.949304999999995,46.53123,-61.60467,46.53124,-60.29394
29.34,46.858914999999996,-60.9493,47.18659,-61.60467,46.53124,-60.29393
29.36,50.135755,-58.327839999999995,47.1866,-60.94931,53.08491,-55.70637
29.38,59.638605,-55.706345,59.63858,-56.36172,59.63863,-55.05097
29.4,59.63862,-54.395605,60.29398,-55.70634,58.98326,-53.08487
29.42,59.310945000000004,-53.740235,59.63862,-54.39561,58.98327,-53.08486
29.44,59.310945000000004,-53.74023,59.63862,-54.3956,58.98327,-53.08486
29.46,58.98326,-53.74023,59.63862,-54.3956,58.3279,-53.08486
29.48,58.983265,-53.740225,59.63862,-54.3956,58.32791,-53.08485
29.5,58.655585,-54.06791,58.98326,-55.05096,58.32791,-53.08486
29.52,58.655595,-53.74023,58.98327,-54.3956,58.32792,-53.08486
29.54,58.327915000000004,-53.41254,58.32791,-54.39559,58.32792,-52.42949
29.56,58.327915,-53.084855,58.98327,-53.74023,57.67256,-52.42948
29.58,58.000235,-52.75717,58.32791,-53.74022,57.67256,-51.77412
29.6,58.000235,-52.757165,58.32791,-53.74022,57.67256,-51.77411
29.62,57.672555,-52.42948,58.32791,-53.08485,57.0172,-51.77411
29.64,64.88160500000001,-50.791065,61.60475,-51.77413,68.15846,-49.808
29.66,70.124585,-50.791039999999995,70.77994,-51.77409,69.46923,-49.80799
29.68,69.469225,-50.135675,69.46922,-51.11873,69.46923,-49.15262
29.7,69.14154500000001,-50.463359999999994,69.46922,-51.11873,68.81387,-49.80799
29.72,69.14154500000001,-50.463364999999996,69.46922,-51.11873,68.81387,-49.808
29.74,68.81386499999999,-51.118735,68.81386,-51.7741,68.81387,-50.46337
29.76,69.14155,-51.11874,69.46923,-51.77411,68.81387,-50.46337
29.78,68.48619,-51.774105000000006,68.81386,-52.42947,68.15852,-51.11874
29.8,68.486185,-51.774105,68.81386,-52.42948,68.15851,-51.11873
29.82,68.486185,-52.10179,68.81386,-53.08484,68.15851,-51.11874
29.84,68.486185,-52.429469999999995,68.81386,-53.08484,68.15851,-51.7741
29.86,68.486185,-52.429469999999995,68.81386,-53.08484,68.15851,-51.7741
29.88,68.158505,-52.42948,68.81386,-53.08485,67.50315,-51.77411
29.9,68.486185,-52.429485,68.81386,-53.08485,68.15851,-51.77412
29.92,68.813855,-53.740210000000005,68.81385,-54.39558,68.81386,-53.08484
29.94,69.141535,-53.740215,69.46921,-54.39559,68.81386,-53.08484
29.96,69.141535,-53.74022,69.46921,-54.39559,68.81386,-53.08485
29.98,69.141535,-53.74022,69.46921,-54.39559,68.81386,-53.08485
30.0,69.796895,-54.067905,70.12457,-55.05096,69.46922,-53.08485
30.02,69.796895,-54.06791,70.12457,-55.05096,69.46922,-53.08486
30.04,69.796895,-54.395595,70.12457,-55.05097,69.46922,-53.74022
30.06,69.796895,-54.3956,70.12457,-55.05097,69.46922,-53.74023
30.08,69.796895,-54.72328,70.12457,-55.70633,69.46922,-53.74023
30.1,69.469205,-55.050965,70.12456,-55.70634,68.81385,-54.39559
30.12,79.299725,-52.429485,74.71213,-54.3956,83.88732,-50.46337
30.14,87.819565,-51.44641,88.47492,-52.42946,87.16421,-50.46336
30.16,86.836515,-51.11874,87.16419,-51.77411,86.50884,-50.46337
30.18,86.836515,-51.44642,87.16419,-51.77411,86.50884,-51.11873
30.2,86.836515,-51.774115,87.16419,-52.42949,86.50884,-51.11874
30.22,86.83651,-51.774115,87.16419,-52.42949,86.50883,-51.11874
30.24,86.181145,-51.774115,86.50882,-52.42949,85.85347,-51.11874
30.26,86.181145,-51.774119999999996,86.50882,-52.42949,85.85347,-51.11875
30.28,91.42409,-51.774125,89.78566,-52.4295,93.06252,-51.11875
30.3,93.39021,-51.774119999999996,93.71789,-53.08485,93.06253,-50.46339
30.32,92.734845,-51.446434999999994,93.06252,-52.42948,92.40717,-50.46339
30.34,92.734845,-51.118759999999995,93.06252,-51.77413,92.40717,-50.46339
30.36,92.40716,-51.118759999999995,93.06252,-51.77413,91.7518,-50.46339
30.38,92.07948,-51.446439999999996,92.40716,-52.42949,91.7518,-50.46339
30.4,92.079485,-51.774125,92.40716,-52.4295,91.75181,-51.11875
30.42,92.07948,-51.774125,92.40716,-52.4295,91.7518,-51.11875
30.44,92.079485,-51.77413,92.40716,-52.4295,91.75181,-51.11876
30.46,92.07948,-51.44645,92.40716,-52.4295,91.7518,-50.4634
30.48,93.062535,-50.79108,91.75179,-51.77414,94.37328,-49.80802
30.5,96.011705,-50.79105,96.33938,-51.7741,95.68403,-49.808
30.52,95.356345,-50.46337,95.68402,-51.11874,95.02867,-49.808
30.54,95.684025,-50.79105,95.68402,-51.7741,95.68403,-49.808
30.56,96.0117,-50.46337,96.33938,-51.11874,95.68402,-49.808
30.58,96.011705,-50.46337,96.33938,-51.11874,95.68403,-49.808
30.6,96.011705,-50.46337,96.33938,-51.11874,95.68403,-49.808
30.62,96.011705,-50.46338,96.33938,-51.11875,95.68403,-49.80801
30.64,96.011705,-50.463385,96.33938,-51.11876,95.68403,-49.80801
30.66,96.0117,-50.46338,96.33938,-51.11875,95.68402,-49.80801
30.68,96.011705,-50.463385,96.33938,-51.11876,95.68403,-49.80801
30.7,96.01171,-50.46338,96.33939,-51.11875,95.68403,-49.80801
30.72,95.356345,-50.1357,95.68402,-51.11875,95.02867,-49.15265
30.74,96.011705,-50.46338,96.33938,-51.11875,95.68403,-49.80801
30.76,95.35634,-50.463390000000004,95.68402,-51.11876,95.02866,-49.80802
30.78,95.684015,-50.463390000000004,96.33937,-51.11876,95.02866,-49.80802
30.8,95.028665,-50.463385,95.02866,-51.11875,95.02867,-49.80802
30.82,95.356345,-50.463390000000004,95.68402,-51.11876,95.02867,-49.80802
30.84,95.02866,-50.463395,95.68402,-51.11877,94.3733,-49.80802
30.86,95.35634,-50.79108,95.02865,-51.77413,95.68403,-49.80803
30.88,96.339395,-51.118759999999995,96.99475,-51.77413,95.68404,-50.46339
30.9,96.011715,-50.79108,96.33939,-51.77413,95.68404,-49.80803
30.92,96.011715,-51.446455,96.33939,-51.77414,95.68404,-51.11877
30.94,96.011715,-53.412549999999996,96.33939,-53.74023,95.68404,-53.08487
30.96,96.667075,-54.723304999999996,96.99475,-55.05099,96.3394,-54.39562
30.98,96.33939000000001,-55.05099,96.99475,-55.70636,95.68403,-54.39562
31.0,96.667075,-55.706360000000004,96.99475,-56.36173,96.3394,-55.05099
31.02,96.667075,-55.378675,96.99475,-56.36173,96.3394,-54.39562
31.04,96.66707,-55.70635,96.99475,-56.36172,96.33939,-55.05098
31.06,96.667075,-55.70635,96.99475,-56.36172,96.3394,-55.05098
31.08,97.322435,-55.70635,96.99475,-56.36173,97.65012,-55.05097
31.1,98.96085,-55.70633,99.61621,-56.3617,98.30549,-55.05096
31.12,98.960855,-54.067905,98.96085,-55.05096,98.96086,-53.08485
31.14,99.61622,-53.412535,99.61621,-54.39559,99.61623,-52.42948
31.16,99.94391,-52.75717,100.27158,-53.74022,99.61624,-51.77412
31.18,100.599275,-52.42949,100.92695,-53.08486,100.2716,-51.77412
31.2,100.599275,-52.42949,100.92695,-53.08486,100.2716,-51.77412
31.22,100.926955,-52.42949,101.58231,-53.08486,100.2716,-51.77412
31.24,100.59927,-52.42949,100.92695,-53.08486,100.27159,-51.77412
31.26,100.92695,-51.77413,101.58231,-52.4295,100.27159,-51.11876
31.28,100.27158,-51.77413,100.92694,-52.4295,99.61622,-51.11876
31.3,94.04558,-53.740255000000005,95.02863,-54.39562,93.06253,-53.08489
31.32,94.04557,-52.757205,94.37324,-53.74026,93.7179,-51.77415
31.34,94.04557,-51.77417,94.37325,-52.42954,93.71789,-51.1188
31.36,94.045565,-52.10185,94.37324,-53.0849,93.71789,-51.1188
31.38,94.045565,-52.101855,94.37324,-53.0849,93.71789,-51.11881
31.4,94.04556,-52.10186,94.37324,-53.08491,93.71788,-51.11881
31.42,94.04555500000001,-51.774185,94.37323,-52.42955,93.71788,-51.11882
31.44,93.390195,-52.10187,93.71787,-53.08492,93.06252,-51.11882
31.46,93.39019,-52.10187,93.71787,-53.08492,93.06251,-51.11882
31.48,93.717865,-51.44651,93.71786,-52.42956,93.71787,-50.46346
31.5,94.045545,-50.79115,94.37322,-51.7742,93.71787,-49.8081
31.52,95.683955,-49.808094999999994,94.37321,-51.11884,96.9947,-48.49735
31.54,100.599235,-48.82502,100.92691,-49.80807,100.27156,-47.84197
31.56,100.59923,-48.169650000000004,100.92691,-49.1527,100.27155,-47.1866
31.58,100.599225,-47.84197,100.9269,-48.49734,100.27155,-47.1866
31.6,100.599225,-47.51429,100.9269,-48.49734,100.27155,-46.53124
31.62,99.943855,-47.51429,100.27153,-48.49734,99.61618,-46.53124
31.64,99.616175,-47.84197,100.27153,-48.49734,98.96082,-47.1866
31.66,98.96081,-47.186615,99.61617,-47.84198,98.30545,-46.53125
31.68,98.960805,-47.51429,99.61616,-48.49734,98.30545,-46.53124
31.7,98.63312,-47.51429,98.9608,-48.49734,98.30544,-46.53124
31.72,98.633115,-46.85893,98.96079,-47.84198,98.30544,-45.87588
31.74,98.633115,-46.20357,98.96079,-47.18662,98.30544,-45.22052
31.76,98.633125,-46.20357,98.9608,-47.18662,98.30545,-45.22052
31.78,98.633125,-46.53125,98.9608,-47.18662,98.30545,-45.87588
31.8,98.633125,-45.875885,98.9608,-46.53126,98.30545,-45.22051
31.82,98.305445,-46.20357,98.9608,-47.18662,97.65009,-45.22052
31.84,97.97903500000001,-46.53125,98.30544,-47.18662,97.65263,-45.87588
31.86,97.977755,-46.531255,98.30543,-47.18663,97.65008,-45.87588
31.88,98.30543,-46.20357,98.30543,-47.18662,98.30543,-45.22052
31.9,97.97775,-46.531255,98.30543,-47.18663,97.65007,-45.87588
31.92,96.33932999999999,-46.20358,97.65006,-47.18663,95.0286,-45.22053
31.94,95.683955,-45.54822,95.68395,-46.53127,95.68396,-44.56517
31.96,96.339315,-45.220535,96.33931,-45.87591,96.33932,-44.56516
31.98,96.01164,-45.220535,96.33932,-45.8759,95.68396,-44.56517
32.0,96.33932,-45.220535,96.99468,-45.8759,95.68396,-44.56517
32.02,96.011635,-45.22054,96.33931,-45.87591,95.68396,-44.56517
32.04,96.01164,-45.548225,96.33932,-46.53127,95.68396,-44.56518
32.06,96.011635,-45.875910000000005,96.33931,-46.53128,95.68396,-45.22054
32.08,95.68395,-46.20359,95.68395,-47.18664,95.68395,-45.22054
32.1,95.35626500000001,-46.2036,95.68394,-47.18665,95.02859,-45.22055
32.12,95.35626500000001,-46.531279999999995,95.68394,-47.18665,95.02859,-45.87591
32.14,95.35626500000001,-46.53129,95.68394,-47.18666,95.02859,-45.87592
32.16,95.35626,-46.531285,95.68394,-47.18666,95.02858,-45.87591
32.18,95.35626,-46.203605,95.68394,-47.18666,95.02858,-45.22055
32.2,94.700895,-46.2036,95.02857,-47.18665,94.37322,-45.22055
32.22,94.7009,-46.53129,95.02858,-47.18666,94.37322,-45.87592
32.24,96.01163,-45.87592,95.68394,-47.18666,96.33932,-44.56518
32.26,96.667005,-45.548225,96.99468,-46.53127,96.33933,-44.56518
32.28,96.667,-45.22054,96.99468,-45.87591,96.33932,-44.56517
32.3,96.666995,-45.54821,96.99467,-46.53126,96.33932,-44.56516
32.32,96.667,-45.22054,96.99468,-45.87591,96.33932,-44.56517
32.34,96.339315,-45.22054,96.99467,-45.87591,95.68396,-44.56517
32.36,96.01163,-45.22054,96.33931,-45.87591,95.68395,-44.56517
32.38,96.011635,-45.220535,96.33931,-45.87591,95.68396,-44.56516
32.4,96.011635,-44.892849999999996,96.33931,-45.8759,95.68396,-43.9098
32.42,96.011635,-44.565169999999995,96.33931,-45.22054,95.68396,-43.9098
32.44,96.011635,-44.892849999999996,96.33931,-45.8759,95.68396,-43.9098
32.46,96.011635,-44.89286,96.33931,-45.87591,95.68396,-43.90981
32.48,96.011635,-44.89286,96.33931,-45.87591,95.68396,-43.90981
32.5,96.011625,-44.56518,96.3393,-45.22055,95.68395,-43.90981
32.52,96.66699,-45.22054,96.99467,-45.87591,96.33931,-44.56517
32.54,96.666985,-44.892855,96.99466,-45.87591,96.33931,-43.9098
32.56,96.666985,-44.892855,96.99466,-45.87591,96.33931,-43.9098
32.58,96.666985,-44.565174999999996,96.99466,-45.22055,96.33931,-43.9098
32.6,96.666985,-44.892855,96.99466,-45.8759,96.33931,-43.90981
32.62,96.666985,-44.565174999999996,96.99466,-45.22055,96.33931,-43.9098
32.64,96.66699,-44.237489999999994,96.99467,-44.56518,96.33931,-43.9098
32.66,96.339315,-44.23749,96.33931,-45.22054,96.33932,-43.25444
32.68,96.66699,-44.565169999999995,96.99466,-45.22054,96.33932,-43.9098
32.7,96.666995,-43.909805,96.99467,-44.56518,96.33932,-43.25443
32.72,96.666995,-44.565169999999995,96.99467,-45.22054,96.33932,-43.9098
32.74,96.339315,-43.909800000000004,96.99467,-44.56517,95.68396,-43.25443
32.76,96.33931,-43.909800000000004,96.99467,-44.56517,95.68395,-43.25443
32.78,96.339315,-44.237475,96.33931,-45.22053,96.33932,-43.25442
32.8,96.01163,-43.909795,96.33931,-44.56517,95.68395,-43.25442
32.82,96.011625,-43.90979,96.3393,-44.56516,95.68395,-43.25442
32.84,96.011635,-43.909785,96.33931,-44.56516,95.68396,-43.25441
32.86,96.339315,-43.5821,96.33931,-44.56515,96.33932,-42.59905
32.88,96.011635,-43.254415,96.33931,-43.90979,95.68396,-42.59904
32.9,96.011635,-42.92673,96.33931,-43.90978,95.68396,-41.94368
32.92,96.011635,-42.92673,96.33931,-43.90978,95.68396,-41.94368
32.94,96.011645,-42.599045000000004,96.33932,-43.25442,95.68397,-41.94367
32.96,96.01164,-42.59904,96.33932,-43.25441,95.68396,-41.94367
32.98,96.01164,-42.27136,96.33932,-43.25441,95.68396,-41.28831
33.0,96.01164,-42.27135,96.33932,-43.2544,95.68396,-41.2883
33.02,96.01164,-41.61599,96.33932,-42.59904,95.68396,-40.63294
33.04,98.30543,-39.649874999999994,97.65005,-40.63294,98.96081,-38.66681
33.06,99.943865,-38.339125,100.27154,-39.32218,99.61619,-37.35607
33.08,99.61618,-37.68375,99.61618,-38.6668,99.61618,-36.7007
33.1,99.288505,-37.028385,99.61618,-38.01144,98.96083,-36.04533
33.12,98.960825,-36.700694999999996,98.96082,-37.35607,98.96083,-36.04532
33.14,99.288505,-36.700694999999996,99.61618,-38.01142,98.96083,-35.38997
33.16,98.960825,-36.373015,98.96082,-37.35607,98.96083,-35.38996
33.18,99.2885,-36.37301,99.61618,-37.35606,98.96082,-35.38996
33.2,98.633145,-36.373005,98.96082,-37.35606,98.30547,-35.38995
33.22,102.565355,-34.406895000000006,101.58229,-35.38996,103.54842,-33.42383
33.24,103.876125,-33.42383,104.2038,-34.73456,103.54845,-32.1131
33.26,103.87612,-32.440780000000004,104.20379,-33.42383,103.54845,-31.45773
33.28,103.54845,-32.1131,103.54844,-32.76847,103.54846,-31.45773
33.3,103.54845,-31.78541,103.54844,-32.76846,103.54846,-30.80236
33.32,103.548455,-31.45773,103.54845,-32.1131,103.54846,-30.80236
33.34,103.220775,-30.80173,103.54845,-31.45646,102.8931,-30.147
33.36,103.220775,-31.13005,103.54845,-32.1131,102.8931,-30.147
33.38,102.8931,-31.45773,103.54846,-32.1131,102.23774,-30.80236
33.4,110.10214,-28.83627,106.16992,-30.80238,114.03436,-26.87016
33.42,117.31123,-27.197825,117.96658,-28.18088,116.65588,-26.21477
33.44,116.328195,-26.54246,116.65587,-27.52551,116.00052,-25.55941
33.46,116.328195,-26.54246,116.65587,-27.52551,116.00052,-25.55941
33.48,116.328195,-26.870150000000002,116.65587,-27.52552,116.00052,-26.21478
33.5,116.32819,-27.197834999999998,116.65586,-28.18088,116.00052,-26.21479
33.52,116.00051,-27.853195,116.00051,-28.83624,116.00051,-26.87015
33.54,116.328195,-27.853205000000003,116.65587,-28.1809,116.00052,-27.52551
33.56,115.672835,-28.180885,116.00051,-28.83626,115.34516,-27.52551
33.58,115.672835,-28.180885,116.00051,-28.83626,115.34516,-27.52551
33.6,115.01747,-28.50857,115.34515,-29.49162,114.68979,-27.52552
33.62,118.621985,-27.853205,116.65587,-28.83626,120.5881,-26.87015
33.64,121.24348499999999,-27.853185,121.24348,-28.83624,121.24349,-26.87013
33.66,121.57116500000001,-27.19782,121.89884,-28.18087,121.24349,-26.21477
33.68,121.243485,-27.19782,121.89884,-28.18087,120.58813,-26.21477
33.7,120.915805,-26.870134999999998,121.24348,-27.52551,120.58813,-26.21476
33.72,120.91581,-27.19782,121.24348,-28.18087,120.58814,-26.21477
33.74,120.915815,-27.19782,121.24349,-28.18087,120.58814,-26.21477
33.76,120.588135,-26.870145,121.24349,-27.52552,119.93278,-26.21477
33.78,120.588135,-27.525505,120.58813,-28.18088,120.58814,-26.87013
33.8,120.91582,-27.52551,120.58813,-28.83624,121.24351,-26.21478
33.82,127.79719,-25.887079999999997,127.14181,-26.87014,128.45257,-24.90402
33.84,128.45256,-25.88707,129.10792,-26.87012,127.7972,-24.90402
33.86,128.124885,-25.55939,128.45256,-26.21476,127.79721,-24.90402
33.88,128.124885,-25.55939,128.45256,-26.21476,127.79721,-24.90402
33.9,127.469525,-26.214755,127.7972,-26.87012,127.14185,-25.55939
33.92,127.14185,-26.542445,127.79721,-27.5255,126.48649,-25.55939
33.94,127.46953500000001,-26.214765,127.79721,-26.87014,127.14186,-25.55939
33.96,127.46953500000001,-26.87012,127.79721,-27.52549,127.14186,-26.21475
33.98,127.46953500000001,-26.87012,127.79721,-27.52549,127.14186,-26.21475
34.0,125.17575,-27.853180000000002,126.48648,-28.18086,123.86502,-27.5255
34.02,123.209645,-27.853189999999998,123.20964,-28.83624,123.20965,-26.87014
34.04,123.537325,-28.180860000000003,123.865,-28.83623,123.20965,-27.52549
34.06,123.53732,-28.180875,123.865,-28.83624,123.20964,-27.52551
34.08,123.209645,-28.836244999999998,123.865,-29.49161,122.55429,-28.18088
34.1,124.192695,-28.50857,122.55428,-29.49162,125.83111,-27.52552
34.12,135.99051500000002,-26.870134999999998,134.35327,-27.52551,137.62776,-26.21476
34.14,137.62775,-26.54244,138.28311,-27.52549,136.97239,-25.55939
34.16,137.300075,-26.214765,137.62775,-26.87014,136.9724,-25.55939
34.18,137.30007,-25.88709,137.62775,-26.87014,136.97239,-24.90404
34.2,136.97239,-26.21477,137.62775,-26.87014,136.31703,-25.5594
34.22,136.644705,-26.54246,136.97238,-27.52551,136.31703,-25.55941
34.24,136.644705,-26.542465,136.97238,-27.52551,136.31703,-25.55942
34.26,136.6447,-26.542465,136.97238,-27.52552,136.31702,-25.55941
34.28,135.989335,-26.21479,136.31701,-26.87016,135.66166,-25.55942
34.3,135.98933,-26.542475,136.31701,-27.52553,135.66165,-25.55942
34.32,136.6447,-26.214795000000002,136.31701,-27.52553,136.97239,-24.90406
34.34,137.955435,-25.559420000000003,138.28311,-26.21479,137.62776,-24.90405
34.36,137.955425,-25.559420000000003,138.2831,-26.21479,137.62775,-24.90405
34.38,137.95542999999998,-26.21479,138.28311,-26.87016,137.62775,-25.55942
34.4,137.955425,-26.2148,138.2831,-26.87017,137.62775,-25.55943
34.42,137.62774,-26.870165,138.2831,-27.52553,136.97238,-26.2148
34.44,137.955415,-27.52554,138.28309,-28.18091,137.62774,-26.87017
34.46,137.955415,-27.525545,138.28309,-28.18092,137.62774,-26.87017
34.48,136.644675,-28.836280000000002,138.93845,-28.18092,134.3509,-29.49164
34.5,119.6051,-34.406925,123.20963,-34.7346,116.00057,-34.07925
34.52,116.328235,-34.406935,116.00055,-35.38999,116.65592,-33.42388
34.54,116.9836,-34.406935000000004,117.31128,-35.38998,116.65592,-33.42389
34.56,116.983595,-34.40694,117.31127,-35.38999,116.65592,-33.42389
34.58,116.983595,-34.40694,117.31127,-35.38999,116.65592,-33.42389
34.6,116.983595,-34.734629999999996,117.31127,-35.39,116.65592,-34.07926
34.62,116.983585,-35.062315,117.31126,-36.04536,116.65591,-34.07927
34.64,116.98358,-35.39,117.31126,-36.04537,116.6559,-34.73463
34.66,116.983575,-36.045365000000004,117.31125,-36.70073,116.6559,-35.39
34.68,120.26041000000001,-36.045355,119.27735,-36.70073,121.24347,-35.38998
34.7,121.57115,-36.045345,121.89883,-36.70071,121.24347,-35.38998
34.72,121.571145,-36.045339999999996,121.89882,-36.70071,121.24347,-35.38997
34.74,121.57115,-36.04535,121.89883,-36.70072,121.24347,-35.38998
34.76,121.24347,-36.37303,121.89883,-36.70072,120.58811,-36.04534
34.78,121.243475,-36.373035,121.24347,-37.35608,121.24348,-35.38999
34.8,121.571155,-36.700720000000004,121.89883,-37.35609,121.24348,-36.04535
34.82,121.571155,-37.356089999999995,121.89883,-38.01146,121.24348,-36.70072
34.84,121.57116,-37.356089999999995,121.89884,-38.01146,121.24348,-36.70072
34.86,121.571155,-37.356089999999995,121.89883,-38.01146,121.24348,-36.70072
34.88,121.571155,-38.011449999999996,121.89883,-38.66682,121.24348,-37.35608
34.9,108.13611,-42.271335,116.65589,-41.28828,99.61633,-43.25439
34.92,92.40721,-44.23748,92.40721,-45.22053,92.40721,-43.25443
34.94,94.045625,-43.5821,94.3733,-44.56515,93.71795,-42.59905
34.96,93.71794,-43.254419999999996,93.71794,-43.90979,93.71794,-42.59905
34.98,94.04562,-43.254419999999996,94.3733,-43.90979,93.71794,-42.59905
35.0,94.373295,-43.254425,94.37329,-43.90979,94.3733,-42.59906
35.02,94.700975,-43.909795,95.02865,-44.56516,94.3733,-43.25443
35.04,94.700975,-43.909800000000004,95.02865,-44.56517,94.3733,-43.25443
35.06,95.028655,-43.909805000000006,95.02865,-44.56517,95.02866,-43.25444
35.08,95.684015,-44.23749,95.68401,-45.22054,95.68402,-43.25444
35.1,96.011695,-44.56518,96.33937,-45.22055,95.68402,-43.90981
35.12,96.33938,-44.565169999999995,96.33938,-45.22054,96.33938,-43.9098
35.14,96.33938,-44.892089999999996,96.99474,-45.8759,95.68402,-43.90828
35.16,96.667055,-45.22054,96.99473,-45.87591,96.33938,-44.56517
35.18,96.011695,-45.220535,96.33937,-45.87591,95.68402,-44.56516
35.2,92.734845,-47.18664,94.37326,-47.842,91.09643,-46.53128
35.22,91.424095,-47.186635,91.75177,-47.84201,91.09642,-46.53126
35.24,91.424095,-46.858945,91.75177,-47.842,91.09642,-45.87589
35.26,91.424095,-46.531265,91.75177,-47.18664,91.09642,-45.87589
35.28,91.424105,-46.203575,91.75178,-47.18663,91.09643,-45.22052
35.3,91.4241,-46.203575,91.75177,-47.18663,91.09643,-45.22052
35.32,91.096425,-45.875895,91.09642,-46.53127,91.09643,-45.22052
35.34,91.751785,-45.54821,91.75178,-46.53126,91.75179,-44.56516
35.36,92.07947,-45.54821,92.40715,-46.53126,91.75179,-44.56516
35.38,92.079475,-45.548205,92.40715,-46.53126,91.7518,-44.56515
35.4,91.751795,-45.220525,91.75179,-45.8759,91.7518,-44.56515
35.42,92.079485,-44.89284,92.40716,-45.87589,91.75181,-43.90979
35.44,92.079485,-44.89284,92.40716,-45.87589,91.75181,-43.90979
35.46,94.700955,-44.237465,93.06252,-45.22053,96.33939,-43.2544
35.48,98.633185,-43.582065,98.96086,-44.56512,98.30551,-42.59901
35.5,98.305505,-42.9267,98.3055,-43.90976,98.30551,-41.94364
35.52,97.977825,-42.27133,98.3055,-43.25438,97.65015,-41.28828
35.54,97.977825,-42.271325,98.3055,-43.25438,97.65015,-41.28827
35.56,97.97783,-42.271325,98.3055,-43.25438,97.65016,-41.28827
35.58,97.650155,-42.27132,97.65015,-43.25437,97.65016,-41.28827
35.6,97.650155,-41.615955,97.65015,-42.59901,97.65016,-40.6329
35.62,103.22079500000001,-39.64983,102.89309,-40.63289,103.5485,-38.66677
35.64,103.87618,-39.32213,104.20386,-40.63286,103.5485,-38.0114
35.66,103.876175,-38.66676,104.20385,-39.32213,103.5485,-38.01139
35.68,103.548495,-38.339075,103.54849,-39.32213,103.5485,-37.35602
35.7,103.87618,-38.339075,104.20386,-39.32213,103.5485,-37.35602
35.72,103.876175,-38.66676,104.20385,-39.32213,103.5485,-38.01139
35.74,104.20386,-38.66676,104.20386,-39.32213,104.20386,-38.01139
35.76,104.20385,-38.666755,104.20385,-39.32213,104.20385,-38.01138
35.78,104.203855,-38.33907,104.20385,-39.32212,104.20386,-37.35602
35.8,103.876175,-38.33907,104.20385,-39.32212,103.5485,-37.35602
35.82,104.531535,-38.33907,104.85921,-39.32212,104.20386,-37.35602
35.84,104.203855,-38.01139,104.85921,-38.66676,103.5485,-37.35602
35.86,104.53154,-38.011399999999995,104.85921,-38.66677,104.20387,-37.35603
35.88,104.53154,-38.011399999999995,104.85922,-38.66677,104.20386,-37.35603
35.9,104.85922,-38.339079999999996,104.85922,-39.32213,104.85922,-37.35603
35.92,104.85922,-38.011399999999995,104.85922,-38.66677,104.85922,-37.35603
35.94,104.20386,-38.339085,104.20386,-39.32214,104.20386,-37.35603
35.96,104.531535,-38.66677,104.85921,-39.32214,104.20386,-38.0114
35.98,104.203855,-38.66677,104.20385,-39.32214,104.20386,-38.0114
36.0,104.20386,-39.322140000000005,104.20386,-39.97751,104.20386,-38.66677
36.02,104.20385999999999,-39.32215,104.85922,-39.97752,103.5485,-38.66678
36.04,104.53154,-39.64983,104.85922,-40.63288,104.20386,-38.66678
36.06,104.53154,-39.649834999999996,104.85922,-40.63288,104.20386,-38.66679
36.08,104.531545,-39.64984,104.85922,-39.97753,104.20387,-39.32215
36.1,104.531545,-39.97753,104.85922,-40.6329,104.20387,-39.32216
36.12,104.53154,-40.632904999999994,104.85922,-41.28827,104.20386,-39.97754
36.14,104.20386,-40.6329,104.20386,-41.28827,104.20386,-39.97753
36.16,104.203855,-40.30523,104.85921,-41.28828,103.5485,-39.32218
36.18,104.203855,-40.632909999999995,104.20385,-41.28828,104.20386,-39.97754
36.2,103.876175,-40.9606,104.20385,-41.28829,103.5485,-40.63291
36.22,108.463735,-39.977540000000005,106.16994,-41.28829,110.75753,-38.66679
36.24,114.68975,-38.99447,114.68974,-39.97752,114.68976,-38.01142
36.26,114.36207,-38.66679,114.68975,-39.32216,114.03439,-38.01142
36.28,114.362075,-38.994474999999994,114.68975,-39.97752,114.0344,-38.01143
36.3,114.362065,-39.322165,114.68974,-39.97753,114.03439,-38.6668
36.32,114.034385,-39.97753,114.03438,-40.6329,114.03439,-39.32216
36.34,114.362065,-40.30522,114.68974,-41.28827,114.03439,-39.32217
36.36,113.706695,-40.632909999999995,114.68974,-41.28828,112.72365,-39.97754
36.38,103.22079,-42.92671,105.51458,-43.90975,100.927,-41.94367
36.4,101.91003,-42.27136,101.58234,-43.25442,102.23772,-41.2883
36.42,101.910035,-41.94367,102.23771,-42.59904,101.58236,-41.2883
36.44,102.23771500000001,-42.27136,102.23771,-43.25441,102.23772,-41.28831
36.46,102.23770999999999,-41.94368,102.89307,-42.59905,101.58235,-41.28831
36.48,101.91003,-42.599050000000005,102.23771,-43.25442,101.58235,-41.94368
36.5,102.56538,-43.254419999999996,102.89306,-43.90979,102.2377,-42.59905
36.52,101.910015,-43.254425,102.23769,-43.90979,101.58234,-42.59906
36.54,101.910015,-43.90979,102.23769,-44.56516,101.58234,-43.25442
36.56,101.910015,-43.909800000000004,102.23769,-44.56517,101.58234,-43.25443
36.58,102.237695,-43.90981,102.23769,-44.56518,102.2377,-43.25444
36.6,102.237695,-44.565169999999995,102.89305,-45.22054,101.58234,-43.9098
36.62,98.96085,-44.892095,100.27158,-45.87438,97.65012,-43.90981
36.64,98.63316499999999,-44.237495,98.30548,-45.22055,98.96085,-43.25444
36.66,98.633165,-43.90981,98.96084,-44.56518,98.30549,-43.25444
36.68,98.305485,-44.23749,98.30548,-45.22054,98.30549,-43.25444
36.7,98.633165,-44.565169999999995,98.96084,-45.22054,98.30549,-43.9098
36.72,98.63317,-44.23749,98.96084,-45.22054,98.3055,-43.25444
36.74,98.633175,-43.90981,98.96085,-44.56518,98.3055,-43.25444
36.76,98.63317,-44.23749,98.96085,-45.22054,98.30549,-43.25444
36.78,98.633175,-45.220535,98.96085,-45.8759,98.3055,-44.56517
36.8,97.97781,-45.22054,98.30549,-45.87591,97.65013,-44.56517
36.82,98.305485,-44.892865,98.30548,-45.87592,98.30549,-43.90981
36.84,98.30549500000001,-45.22054,98.30549,-45.87591,98.3055,-44.56517
36.86,98.633175,-44.565169999999995,98.96085,-45.22054,98.3055,-43.9098
36.88,98.633175,-44.565169999999995,98.96085,-45.22054,98.3055,-43.9098
36.9,98.633175,-44.23749,98.96085,-45.22054,98.3055,-43.25444
36.92,98.63317,-44.23749,98.96085,-45.22054,98.30549,-43.25444
36.94,97.97780499999999,-44.892855,98.96085,-45.22054,96.99476,-44.56517
36.96,92.73482999999999,-45.875925,93.71788,-47.18666,91.75178,-44.56519
36.98,93.062495,-45.22055,93.06249,-45.87592,93.0625,-44.56518
37.0,93.390175,-45.220555,93.71785,-45.87593,93.0625,-44.56518
37.02,93.390165,-45.22055,93.71784,-45.87592,93.06249,-44.56518
37.04,93.06249,-44.89287,93.06249,-45.87592,93.06249,-43.90982
37.06,93.390165,-45.22055,93.71784,-45.87592,93.06249,-44.56518
37.08,93.390165,-45.22055,93.71784,-45.87592,93.06249,-44.56518
37.1,93.390155,-45.22056,93.71783,-45.87593,93.06248,-44.56519
37.12,93.39015,-45.22056,93.71783,-45.87593,93.06247,-44.56519
37.14,93.062475,-45.22056,93.06247,-45.87593,93.06248,-44.56519
37.16,93.390155,-45.548249999999996,93.71783,-45.87594,93.06248,-45.22056
37.18,93.06247,-45.87593,93.71783,-46.5313,92.40711,-45.22056
37.2,94.70088,-44.892894999999996,93.06246,-46.53131,96.3393,-43.25448
37.22,118.29415499999999,-36.373085,112.06812,-38.6669,124.52019,-34.07927
37.24,128.45245,-34.40694,129.10781,-35.38999,127.79709,-33.42389
37.26,127.14171,-32.768519999999995,127.14171,-34.07926,127.14171,-31.45778
37.28,127.1417,-31.457774999999998,127.79706,-32.76851,126.48634,-30.14704
37.3,127.141695,-31.1301,127.79705,-32.11315,126.48634,-30.14705
37.32,127.141695,-31.1301,127.14169,-32.11315,127.1417,-30.14705
37.34,127.141695,-30.802425,127.14169,-31.4578,127.1417,-30.14705
37.36,127.141695,-31.457790000000003,127.14169,-32.11316,127.1417,-30.80242
37.38,127.141695,-31.457790000000003,127.79705,-32.11316,126.48634,-30.80242
37.4,126.81401,-31.457790000000003,127.14169,-32.11316,126.48633,-30.80242
37.42,127.797055,-31.78548,127.14168,-32.76853,128.45243,-30.80243
37.44,136.972225,-31.457785,135.00611,-32.11316,138.93834,-30.80241
37.46,137.95529,-31.457774999999998,138.28297,-32.76851,137.62761,-30.14704
37.48,137.62760500000002,-30.802410000000002,138.28296,-31.45778,136.97225,-30.14704
37.5,137.955295,-30.802410000000002,138.28297,-31.45778,137.62762,-30.14704
37.52,137.955295,-31.130094999999997,138.28297,-32.11315,137.62762,-30.14704
37.54,137.299935,-30.802419999999998,137.62761,-31.45779,136.97226,-30.14705
37.56,137.299935,-31.130105,137.62761,-32.11315,136.97226,-30.14706
37.58,137.627615,-31.457790000000003,137.62761,-32.11316,137.62762,-30.80242
37.6,137.627615,-32.768519999999995,138.28298,-32.76853,136.97225,-32.76851
37.62,100.92699,-48.82498,119.27732,-43.25436,82.57666,-54.3956
37.64,40.305245,-60.293895,49.15274,-61.60463,31.45775,-58.98316
37.66,33.751549999999995,-52.10178,32.76848,-55.70632,34.73462,-48.49724
37.68,35.062285,-42.27126,35.38997,-45.2204,34.7346,-39.32212
37.7,35.06228,-36.045275000000004,35.38995,-38.01138,34.73461,-34.07917
37.72,35.717645,-34.40686,36.04532,-35.38991,35.38997,-33.42381
37.74,35.71764,-33.09614,36.04532,-34.07919,35.38996,-32.11309
37.76,36.04532,-32.768465000000006,36.04532,-33.42383,36.04532,-32.1131
37.78,36.373,-34.079205,36.70068,-34.73457,36.04532,-33.42384
37.8,35.71764,-35.062259999999995,36.04532,-35.38995,35.38996,-34.73457
37.82,33.75154,-37.35604,36.70068,-36.70068,30.8024,-38.0114
37.84,18.35038,-43.254355000000004,20.31649,-43.90972,16.38427,-42.59899
37.86,18.350360000000002,-43.582035000000005,18.35035,-43.90973,18.35037,-43.25434
37.88,18.350365,-43.582044999999994,18.35036,-44.56509,18.35037,-42.599
37.9,18.678045,-43.909729999999996,19.00572,-44.5651,18.35037,-43.25436
37.92,18.678045,-44.892785,19.00572,-45.22047,18.35037,-44.5651
37.94,19.005724999999998,-45.875845,19.00572,-46.53121,19.00573,-45.22048
37.96,19.005735,-47.186575000000005,19.00573,-47.84194,19.00574,-46.53121
37.98,19.33341,-47.84195,19.66109,-48.49732,19.00573,-47.18658
38.0,19.333415000000002,-48.825005000000004,19.66109,-49.15269,19.00574,-48.49732
38.02,19.66109,-49.480374999999995,19.66109,-49.80806,19.66109,-49.15269
38.04,19.333405,-50.46342,19.66108,-51.11879,19.00573,-49.80805
38.06,19.988765,-50.463425,20.31644,-51.11879,19.66109,-49.80806
38.08,19.988770000000002,-51.118790000000004,20.31645,-51.77416,19.66109,-50.46342
38.1,19.988765,-51.446475,20.31644,-52.42953,19.66109,-50.46342
38.12,19.988765,-51.44649,20.31644,-52.42954,19.66109,-50.46344
38.14,19.988765,-51.774159999999995,20.31644,-52.42953,19.66109,-51.11879
38.16,19.988765,-51.1188,20.31644,-52.42953,19.66109,-49.80807
38.18,19.988765,-48.825010000000006,20.31644,-50.46343,19.66109,-47.18659
38.2,19.98876,-45.548155,20.31644,-47.18658,19.66108,-43.90973
38.22,20.316445,-41.943619999999996,20.31644,-43.90972,20.31645,-39.97752
38.24,19.988765,-37.68373,20.31644,-39.32215,19.66109,-36.04531
38.26,19.988765,-34.40688,20.31644,-36.0453,19.66109,-32.76846
38.28,20.316454999999998,-31.130045,20.31645,-32.76846,20.31646,-29.49163
38.3,20.316454999999998,-28.836264999999997,20.31645,-30.147,20.31646,-27.52553
38.32,20.64414,-27.197855,20.97182,-28.18091,20.31646,-26.2148
38.34,20.64414,-24.904075,20.97182,-26.21481,20.31646,-23.59334
38.36,20.971825,-23.26565,21.62718,-24.24871,20.31647,-22.28259
38.38,20.64415,-22.610280000000003,20.97183,-23.59333,20.31647,-21.62723
38.4,28.836235000000002,-22.61027,25.55938,-23.59333,32.11309,-21.62721
38.42,35.06227,-22.282564999999998,35.38994,-23.5933,34.7346,-20.97183
38.44,34.406909999999996,-20.644155,34.73459,-21.62721,34.07923,-19.6611
38.46,34.406915,-20.971835,34.73459,-21.62721,34.07924,-20.31646
38.48,34.406915,-21.29952,34.73459,-22.28257,34.07924,-20.31647
38.5,34.079229999999995,-21.95489,34.73459,-22.28258,33.42387,-21.6272
38.52,33.75155,-22.282575,34.07923,-22.93795,33.42387,-21.6272
38.54,34.079229999999995,-22.937935,34.73459,-23.5933,33.42387,-22.28257
38.56,30.8024,-23.59331,34.07923,-23.59332,27.52557,-23.5933
38.58,19.661125,-25.23173,20.97186,-26.21478,18.35039,-24.24868
38.6,19.66112,-25.231720000000003,19.66111,-26.21477,19.66113,-24.24867
38.62,19.333444999999998,-24.904040000000002,19.66112,-25.55941,19.00577,-24.24867
38.64,19.333444999999998,-25.887095000000002,19.66112,-26.21478,19.00577,-25.55941
38.66,19.005760000000002,-26.870150000000002,19.66112,-27.52552,18.3504,-26.21478
38.68,19.33344,-27.52552,19.66112,-28.18089,19.00576,-26.87015
38.7,18.678075,-28.508575,19.00575,-28.83626,18.3504,-28.18089
38.72,18.678075,-29.819315,19.00575,-30.147,18.3504,-29.49163
38.74,18.678075,-31.130055,19.00575,-31.45774,18.3504,-30.80237
38.76,18.678069999999998,-32.440794999999994,19.00575,-32.76848,18.35039,-32.11311
38.78,18.678069999999998,-34.07921,19.00575,-34.73458,18.35039,-33.42384
38.8,18.678065,-35.062265,19.00574,-35.38995,18.35039,-34.73458
38.82,18.678060000000002,-37.028365,19.00574,-37.35605,18.35038,-36.70068
38.84,18.678055,-37.68374,19.00573,-38.01143,18.35038,-37.35605
38.86,18.349915,-39.64984,19.00481,-39.97753,17.69502,-39.32215
38.88,18.022695,-41.28825500000001,18.35037,-41.94362,17.69502,-40.63289
38.9,19.005745,-42.926675,18.35037,-43.25436,19.66112,-42.59899
38.92,23.26565,-44.565079999999995,22.93796,-45.22045,23.59334,-43.90971
38.94,23.59334,-45.220445,23.59334,-45.87582,23.59334,-44.56507
38.96,23.265665,-45.548135,23.59334,-45.87582,22.93799,-45.22045
38.98,23.265665,-46.531184999999994,23.59334,-47.18655,22.93799,-45.87582
39.0,23.265665,-47.186555,23.59334,-47.84192,22.93799,-46.53119
39.02,23.265665,-47.841925,23.59334,-48.49729,22.93799,-47.18656
39.04,23.265665,-48.49729,23.59334,-49.15266,22.93799,-47.84192
39.06,22.610305,-49.152665,22.93798,-49.80804,22.28263,-48.49729
39.08,22.937984999999998,-50.4634,22.93798,-51.11877,22.93799,-49.80803
39.1,22.610305,-51.118775,22.93798,-51.77414,22.28263,-50.46341
39.12,21.29957,-52.757189999999994,22.93798,-53.08488,19.66116,-52.4295
39.14,17.695034999999997,-53.41257,17.69503,-54.39562,17.69504,-52.42952
39.16,18.022725,-53.740245,18.3504,-54.39562,17.69505,-53.08487
39.18,18.02272,-54.067930000000004,18.3504,-54.39562,17.69504,-53.74024
39.2,18.022725,-54.39562,18.3504,-55.05099,17.69505,-53.74025
39.22,18.022725,-55.050979999999996,18.3504,-55.70635,17.69505,-54.39561
39.24,18.022725,-55.706355,18.3504,-56.36172,17.69505,-55.05099
39.26,18.678085,-55.706360000000004,19.00576,-56.36173,18.35041,-55.05099
39.28,18.678085,-56.034040000000005,19.00576,-56.36173,18.35041,-55.70635
39.3,18.350405000000002,-56.689409999999995,18.3504,-57.0171,18.35041,-56.36172
39.32,18.350405,-57.017095,19.00576,-57.67246,17.69505,-56.36173
39.34,18.02272,-57.67246,18.3504,-58.32783,17.69504,-57.01709
39.36,17.69504,-58.32783,17.69504,-58.9832,17.69504,-57.67246
39.38,17.367359999999998,-58.655515,17.69504,-59.63857,17.03968,-57.67246
39.4,17.695034999999997,-58.9832,17.69503,-59.63857,17.69504,-58.32783
39.42,18.022714999999998,-59.31088,18.35039,-60.29393,17.69504,-58.32783
39.44,18.350395,-59.31088,18.35039,-60.29393,18.3504,-58.32783
39.46,18.678085,-58.327835,19.00576,-58.98321,18.35041,-57.67246
39.48,18.678085,-58.327835,19.00576,-59.63856,18.35041,-57.01711
39.5,19.661135,-57.017105,19.66113,-57.67248,19.66114,-56.36173
39.52,19.98882,-56.68942,20.31649,-57.67247,19.66115,-55.70637
39.54,20.644195,-56.36174,20.97187,-57.67247,20.31652,-55.05101
39.56,20.971874999999997,-55.706375,20.97187,-56.36175,20.97188,-55.051
39.58,20.644195,-55.70637,20.97187,-56.36174,20.31652,-55.051
39.6,21.29956,-55.706379999999996,21.62724,-56.36175,20.97188,-55.05101
39.62,20.316515000000003,-55.706379999999996,20.31651,-56.36175,20.31652,-55.05101
39.64,20.644190000000002,-56.03406,20.97187,-57.01711,20.31651,-55.05101
39.66,19.988825,-56.03406,20.3165,-57.01711,19.66115,-55.05101
39.68,19.988825,-56.361745,20.3165,-57.01711,19.66115,-55.70638
39.7,19.661144999999998,-57.01711,19.66114,-57.67248,19.66115,-56.36174
39.72,19.988825,-56.68943,20.3165,-57.67248,19.66115,-55.70638
39.74,19.661145,-56.689440000000005,20.3165,-57.67249,19.00579,-55.70639
39.76,19.988825,-57.017120000000006,20.3165,-57.67249,19.66115,-56.36175
39.78,19.988835,-57.6725,20.31651,-58.32787,19.66116,-57.01713
39.8,19.661145,-57.017129999999995,20.3165,-57.6725,19.00579,-56.36176
39.82,19.661155,-57.344815,19.66115,-58.32787,19.66116,-56.36176
39.84,19.333475,-58.00018,19.66115,-58.32787,19.0058,-57.67249
39.86,20.31651,-58.65555,20.31651,-59.6386,20.31651,-57.6725
39.88,20.644190000000002,-58.65555,20.97187,-59.6386,20.31651,-57.6725
39.9,20.644195,-58.98323,20.97187,-59.6386,20.31652,-58.32786
39.92,20.644195,-58.98323,20.97187,-59.6386,20.31652,-58.32786
39.94,20.644195,-58.655545000000004,20.97187,-59.63859,20.31652,-57.6725
39.96,20.97187,-58.327865,20.97187,-58.98324,20.97187,-57.67249
