t_s,x,y,x_left,y_left,x_right,y_right
0.0,0.0,0.0,0.27573595759601627,0.5934559714494039,0.2750934770442796,0.5915472959899204
0.02,0.0,-0.3276749999999934,0.27573595759601627,0.5887831015745981,0.2750934770442796,0.591547367627012
0.04,-0.327675,0.0,0.2720595985843423,0.5934559714494039,0.2750934770442796,0.5915472959899204
0.06,-0.32767000000000196,5.000000001587e-06,0.2720595985843423,0.5934559714494039,0.275093533767508,0.591547367627012
0.08,-0.32767000000000196,0.3276900000000016,0.2720595985843423,0.5934560427517397,0.275093533767508,0.5962421760654889
0.1,-0.32767000000000196,0.655365,0.2720595985843423,0.5981288413242098,0.275093533767508,0.5962421760654889
0.12,-0.6540750000000051,0.65537,0.2720739034832204,0.5981289126265457,0.27137612026958047,0.5962421760654889
0.14,-0.983030000000005,1.31073,0.26838318347502566,0.6028017825013515,0.27137612026958047,0.6009369845039658
0.16,-1.310705,1.31073,0.26838323957266835,0.6028017825013515,0.26765870677165304,0.6009369845039658
0.18,-1.638385,0.98305,0.264706768365709,0.5981289126265457,0.2676587634948815,0.6009369845039658
0.2,-1.63838,0.98305,0.2647068244633517,0.6028017825013515,0.2676587634948815,0.5962421760654889
0.22,-1.63838,1.31073,0.2647068244633517,0.6028017825013515,0.2676587634948815,0.6009369845039658
0.24,-1.638385,0.65537,0.264706768365709,0.5981289126265457,0.2676587634948815,0.5962421760654889
0.26,-1.638385,0.98305,0.2647068244633517,0.6028017825013515,0.26765870677165304,0.5962421760654889
0.28,-0.9830400000000001,0.65536,0.26838312737738296,0.5981288413242098,0.27137606354635213,0.5962421044283972
0.3,-0.3276900000000016,0.32768,0.27205948638905697,0.5981288413242098,0.27509342032105116,0.5915472959899204
0.32,0.327665000000002,-9.9999999960687e-06,0.2757359014983736,0.5934559001470683,0.2788107770957503,0.5915472243528288
0.34,-0.3277150000000028,1.310725,0.2720593741937717,0.5981288413242098,0.2750932501513659,0.6056317929424426
0.36,-0.3277049999999962,1.63841,0.2720594302914144,0.6028017825013515,0.2750933068745943,0.6056317929424426
0.38,0.32765000000000233,2.29377,0.27573578930308834,0.6121475222509634,0.27881072037252186,0.6056317929424426
0.4,0.32765000000000233,2.621445,0.27573578930308834,0.6121474509486277,0.27881072037252186,0.6103266013809195
0.42,0.6553350000000003,1.96609,0.27573584540073093,0.6074746523761574,0.2825281338704494,0.6056317929424426
0.44,0.6553300000000023,1.966085,0.27573578930308834,0.6074745810738218,0.2825281338704494,0.6056317929424426
0.46,0.983005000000005,1.6384050000000001,0.279412204412405,0.6028017111990158,0.28252807714722095,0.6056317929424426
0.48,0.9830100000000049,1.96608,0.279412204412405,0.6074745810738218,0.2825281338704494,0.605631721305351
0.5,0.9830049999999999,1.96608,0.2794121483147623,0.6074745810738218,0.2825281338704494,0.605631721305351
0.52,0.9830049999999999,1.96608,0.2794121483147623,0.6074745810738218,0.2825281338704494,0.605631721305351
0.54,0.983005000000005,1.96608,0.279412204412405,0.6074745810738218,0.28252807714722095,0.605631721305351
0.56,0.9830000000000001,1.6384,0.2794121483147623,0.6028017111990158,0.28252807714722095,0.605631721305351
0.58,0.9830000000000001,1.96608,0.2794121483147623,0.6074745810738218,0.28252807714722095,0.605631721305351
0.6,0.9830000000000001,1.966085,0.2794121483147623,0.6074745810738218,0.28252807714722095,0.6056317929424426
0.62,0.9830000000000001,2.29377,0.2794121483147623,0.6074746523761574,0.28252807714722095,0.6103266013809195
0.64,0.65532,2.621445,0.2794121483147623,0.6121474509486277,0.27881066364929347,0.6103266013809195
0.66,0.6553249999999999,3.27681,0.2794121483147623,0.6168203921257693,0.27881072037252186,0.6150214098193965
0.68,0.32764500000000074,3.27681,0.27573573320544564,0.6168203921257693,0.27881072037252186,0.6150214098193965
0.7,0.655325000000005,3.60449,0.279412204412405,0.6168203921257693,0.27881066364929347,0.6197162182578733
0.72,0.32764500000000235,3.604495,0.27573578930308834,0.6168203921257693,0.27881066364929347,0.619716289894965
0.74,0.32765000000000233,4.58754,0.27573578930308834,0.626166203177717,0.27881072037252186,0.6244110983334419
0.76,-2.99999999988645e-05,4.25986,0.27573578930308834,0.626166203177717,0.2750933068745943,0.619716289894965
0.78,-3.50000000004515e-05,4.259855,0.27573578930308834,0.6214932620005753,0.2750932501513659,0.6244110983334419
0.8,-0.3277150000000028,4.58754,0.2720593741937717,0.626166203177717,0.2750932501513659,0.6244110983334419
0.82,-0.3277200000000028,4.25986,0.272059318096129,0.626166203177717,0.2750932501513659,0.619716289894965
0.84,-0.3277200000000028,4.58754,0.272059318096129,0.626166203177717,0.2750932501513659,0.6244110983334419
0.86,-0.983085,4.587545,0.26838290298681233,0.626166203177717,0.27137577993021,0.6244111699705335
0.88,-1.63845,4.58755,0.2647064317798531,0.6261662744800526,0.2676583664322825,0.6244111699705335
0.9,-1.9661400000000002,4.58755,0.2610299605728938,0.6261662744800526,0.2676583097090541,0.6244111699705335
0.92,5.89832,6.55361,0.29411825753317006,0.6355118716249931,0.3234205331960783,0.6431902604502577
0.94,6.881365,7.536655,0.31250061356796655,0.6448576113746048,0.3159854793073096,0.6478851405258262
0.96,7.5367049999999995,7.20897,0.31617691648199786,0.6448576113746048,0.31970277935878016,0.6431902604502577
0.98,7.864380000000001,7.20897,0.3161768603843552,0.6448576113746048,0.3234201928567077,0.6431902604502577
1.0,8.192055,7.208965,0.3198532193960292,0.6448575400722693,0.3234201928567077,0.6431902604502577
1.02,8.19206,7.53665,0.3198532754936718,0.6448576113746048,0.3234201928567077,0.6478850688887345
1.04,8.84742,7.864325,0.3235296906029885,0.6495304099470751,0.32713760635463524,0.6478850688887345
1.06,8.51975,7.53664,0.3198533315913145,0.6495304099470751,0.3271376630778636,0.6431901888131661
1.08,8.84743,7.208955,0.3235297467006311,0.6448575400722693,0.3271376630778636,0.6431901171760744
1.1,8.84743,7.20896,0.3235297467006311,0.6448575400722693,0.3271376630778636,0.6431901888131661
1.12,8.847425000000001,6.55359,0.3235297467006311,0.6401845988951275,0.32713760635463524,0.6384953087375975
1.14,8.19206,6.22591,0.3198532754936718,0.6355117290203216,0.3234201928567077,0.6384953087375975
1.16,7.864385,5.24287,0.3198532754936718,0.6308388591455156,0.3197028360820086,0.6291056918606438
1.18,7.5367049999999995,5.24287,0.31617691648199786,0.6308388591455156,0.31970277935878016,0.6291056918606438
1.2,7.5367049999999995,4.58751,0.31617691648199786,0.6261659892707097,0.31970277935878016,0.6244108834221669
1.22,13.10735,4.915175,0.3272062740052331,0.6261659179683741,0.3717474191781916,0.6291055485864605
1.24,20.31644,6.22588,0.38970639671882645,0.6355115151133144,0.3903348837304281,0.6384950938263226
1.26,19.988754999999998,6.55357,0.3860299255118671,0.640184456290456,0.3903348837304281,0.6384951654634142
1.28,19.66108,6.88125,0.3860299816095098,0.6448573261652619,0.38661747023250054,0.6384951654634142
1.3,19.333399999999997,6.88125,0.38235356650019314,0.640184456290456,0.38661747023250054,0.643189973901891
1.32,18.67804,6.88125,0.3786771513908765,0.6448573261652619,0.38290005673457306,0.6384951654634142
1.34,18.02268,5.89821,0.37500073628155983,0.6355115864156502,0.3791826432366455,0.6338003570249374
1.36,20.971835,6.553565,0.3750006801839172,0.6355115864156502,0.41263981850382053,0.6431899022647996
1.38,35.062355,8.8473,0.4669127408461128,0.6542028520078667,0.4795547362704546,0.6572741843060469
1.4,33.75163,10.158024999999999,0.4632364379320815,0.6635485917574786,0.4684023256069867,0.6666638728200922
1.42,34.407,10.813395,0.4669129091390408,0.6682215329346202,0.4721197958281427,0.6713587528956608
1.44,33.751635,11.141075,0.46323649402972417,0.6728944028094261,0.4684023256069867,0.6713587528956608
1.46,33.751635,11.46876,0.4632364379320815,0.6728944741117618,0.46840238233021514,0.6760535613341376
1.48,33.42395,11.79644,0.4632364379320815,0.6775673439865678,0.4646849121090592,0.6760535613341376
1.5,33.096265,11.796445,0.45956002282276487,0.6775673439865678,0.4646848553858308,0.6760536329712292
1.52,32.440905,11.79645,0.4558836077134482,0.6775674152889034,0.46096744188790334,0.6760536329712292
1.54,32.4409,11.79644,0.4558835516158055,0.6775673439865678,0.46096744188790334,0.6760535613341376
1.56,32.440895,11.796445,0.4558835516158055,0.6775673439865678,0.4609673851646749,0.6760536329712292
1.58,33.751625000000004,11.79644,0.45588349551816293,0.6775673439865678,0.47583720932607015,0.6760535613341376
1.6,48.497495,13.762495,0.5294129757549915,0.6869129411315081,0.5687744186407957,0.6948325801767703
1.62,50.791305,14.745535,0.5588250258988792,0.6962586095787843,0.5650568349731829,0.6995274602523387
1.64,51.118975,15.4009,0.5625013849105531,0.700931550755926,0.5650567782499545,0.7042222686908156
1.66,51.44665,15.728575,0.5625013288129104,0.7056043493283962,0.568774191747882,0.7042222686908156
1.68,51.446645000000004,15.72858,0.5625013288129104,0.7056044206307318,0.5687741350246536,0.7042222686908156
1.7,51.11896,15.72858,0.5625012727152677,0.7056044206307318,0.5650567215267261,0.7042222686908156
1.72,50.791275,15.72858,0.5588248576059511,0.7056044206307318,0.5650566648034977,0.7042222686908156
1.74,50.463585,15.4009,0.5588248015083085,0.7056044206307318,0.5613391945823418,0.6995274602523387
1.76,49.80822,15.073225,0.5551483303013491,0.700931550755926,0.5576217810844143,0.6995275318894304
1.78,49.15285,15.07323,0.5514718590943899,0.7009316220582616,0.5539043108632583,0.6995275318894304
1.8,48.497475,15.07323,0.5477953878874307,0.7009316220582616,0.5501867839188739,0.6995275318894304
1.82,48.169785,14.417864999999999,0.5441189166804713,0.6962586808811201,0.5501867271956455,0.6948327234509535
1.84,50.79126,14.090174999999999,0.5441188605828287,0.6915858110063141,0.579926488964893,0.6948325801767703
1.86,63.57106,14.417835,0.6323545622333503,0.6962585382764486,0.6356891095145161,0.6948324369025869
1.88,61.604945,14.745515000000001,0.6176487335031559,0.6962584669741128,0.6282540556257474,0.6995273169781555
1.9,61.932625,15.72856,0.6213252047101151,0.7056042780260604,0.628253998902519,0.7042221254166323
1.92,61.93262,16.383924999999998,0.6213251486124725,0.7102771479008664,0.628253998902519,0.7089170054922008
1.94,61.60493,16.05625,0.6213250925148298,0.7056043493283962,0.624536528681363,0.7089170054922008
1.96,61.60492,16.383924999999998,0.6213250364171871,0.7102771479008664,0.6245364719581346,0.7089170054922008
1.98,61.60492,16.38393,0.6213250364171871,0.7102772192032021,0.6245364719581346,0.7089170054922008
2.0,61.27724,17.366970000000002,0.6176486213078705,0.7149500890780079,0.6245364719581346,0.7183066223691547
2.02,60.949555000000004,18.02234,0.6176486213078705,0.7196230302551497,0.6208190017369787,0.7230015024447232
2.04,60.62187,19.333064999999998,0.6139721501009111,0.7289687700047616,0.6208190017369787,0.7323911909587687
2.06,60.29419,19.988425,0.6139721501009111,0.7336416398795675,0.6171015882390511,0.7370859993972455
2.08,59.966499999999996,20.97147,0.6102956788939519,0.7429874509315151,0.6171015315158227,0.7417808078357223
2.1,58.983450000000005,19.66075,0.6102956788939519,0.7383145810567091,0.6059491775755834,0.7276963825202918
2.12,32.440905,8.51964,0.5147073714153676,0.682240142559038,0.4014876914564949,0.6244107401479836
2.14,-3.60449,-2.293745,0.2904420668144241,0.584110231699792,0.21933170734308285,0.5680734687088109
2.16,-10.81352,-1.638375,0.20955992465189027,0.5747646345548517,0.21933193423599653,0.5868527024627184
2.18,-10.158169999999998,0.3277100000000012,0.2169128109681662,0.5934561853564112,0.21933176406631127,0.5962423193396722
2.2,-9.50281,1.63843,0.22058922607748283,0.602801925106023,0.2230491775642388,0.6056319362166259
2.22,-9.17514,2.29379,0.22058916997984016,0.6074747949808289,0.22676653433893787,0.6103267446551028
2.24,-8.847460000000002,2.94915,0.22426558508915678,0.6121476648556349,0.22676653433893787,0.6150215530935798
2.26,-8.51978,3.27683,0.22426558508915678,0.6168205347304409,0.23048394783686535,0.6150215530935798
2.28,-8.1921,3.27683,0.2279420001984734,0.6168205347304409,0.23048394783686535,0.6150215530935798
2.3,-7.53674,3.2768249999999997,0.23161841530779004,0.616820463428105,0.23420136133479286,0.6150215530935798
2.32,-6.881385,2.6214649999999997,0.2352948304171067,0.6121475935532992,0.23791871810949192,0.6103267446551028
2.34,-6.55371,2.621455,0.23529477431946405,0.6121475222509634,0.24163613160741945,0.6103266730180111
2.36,-5.89835,2.621455,0.23897118942878065,0.6121475222509634,0.24535354510534696,0.6103266730180111
2.38,-5.57067,2.62145,0.2426476045380973,0.6121475222509634,0.24535354510534696,0.6103266013809195
2.4,-3.932245,2.621445,0.23897118942878065,0.6121475222509634,0.2676583097090541,0.610326529743828
2.42,12.124345,3.932125,0.32720649839580374,0.6214929767912323,0.3605953488540944,0.6197158600724151
2.44,15.0735,4.58748,0.35661832414912076,0.6261657753637025,0.364312648905565,0.6244106685108919
2.46,15.401185,4.587485,0.36029479535608006,0.6261657753637025,0.364312648905565,0.6244107401479836
2.48,15.401185,4.2598,0.36029479535608006,0.6261657753637025,0.364312648905565,0.6197158600724151
2.5,15.0735,3.93212,0.36029473925843736,0.6214929054888966,0.3605952354076375,0.6197158600724151
2.52,14.745819999999998,3.932125,0.35661832414912076,0.6214929054888966,0.3605952354076375,0.6197159317095067
2.54,14.745819999999998,3.27676,0.35661832414912076,0.6168200356140906,0.3605952354076375,0.6150210516339382
2.56,14.41814,3.604445,0.35661832414912076,0.6168200356140906,0.35687782190971,0.6197159317095067
2.58,14.41814,3.60445,0.35661832414912076,0.6168201069164264,0.35687782190971,0.6197159317095067
2.6,14.418144999999999,3.604445,0.3529419090398041,0.6168201069164264,0.36059529213086594,0.6197158600724151
2.62,27.19789,5.570505,0.4080890332418362,0.6308385739361727,0.44981486105475027,0.6338001421136624
2.64,29.819385,6.55354,0.44117749849504045,0.6401842423834488,0.4460973341103659,0.6384949505521392
2.66,30.14707,6.881225000000001,0.44485391360435705,0.6401842423834488,0.44609739083359434,0.6431898306277078
2.68,29.819385,6.55354,0.44117749849504045,0.6401842423834488,0.4460973341103659,0.6384949505521392
2.7,30.14706,6.22586,0.4448538575067144,0.6355113725086429,0.4460973341103659,0.6384949505521392
2.72,30.47473,5.89818,0.44485380140907177,0.6355113725086429,0.449814690885065,0.6338001421136624
2.74,30.802405,5.89818,0.44485380140907177,0.6355113725086429,0.4535320476597641,0.6338001421136624
2.76,31.130074999999998,5.89818,0.4485301604207457,0.6355113725086429,0.4535319909365357,0.6338001421136624
2.78,31.13007,5.24282,0.44853010432310303,0.6308385026338369,0.4535319909365357,0.6291053336751855
2.8,31.13007,5.5705,0.44853010432310303,0.6308385026338369,0.4535319909365357,0.6338001421136624
2.82,30.802394999999997,5.89818,0.44853010432310303,0.6355113725086429,0.4498146341618366,0.6338001421136624
2.84,31.130074999999998,5.89819,0.44853010432310303,0.6355114438109787,0.4535320476597641,0.633800213750754
2.86,30.474715,6.2258700000000005,0.44485374531142907,0.6401843136857845,0.4498145774386082,0.633800213750754
2.88,30.474715,6.2258700000000005,0.44485374531142907,0.6355114438109787,0.4498145774386082,0.6384950221892309
2.9,30.47471,6.55355,0.4448536892137865,0.6401843136857845,0.4498145774386082,0.6384950221892309
2.92,29.81935,6.553555,0.44117727410446983,0.6401843136857845,0.44609716394068066,0.6384950938263226
2.94,21.29955,4.25981,0.40808914543712144,0.6261658466660383,0.3829001701810299,0.6197159317095067
2.96,19.00575,3.6044549999999997,0.3786772635861619,0.6168201069164264,0.3866176971254142,0.6197160033465984
2.98,18.678069999999998,3.93214,0.37867731968380447,0.6214930480935681,0.38290022690425835,0.6197160033465984
3.0,19.33343,3.60446,0.38235373479312107,0.6214930480935681,0.3866176404021859,0.6150211949081215
3.02,19.333425,3.2767749999999998,0.38235373479312107,0.6168201069164264,0.38661758367895743,0.6150211949081215
3.04,19.00575,3.60446,0.38235373479312107,0.6168201782187621,0.38290022690425835,0.6197160033465984
3.06,18.678069999999998,3.93214,0.37867731968380447,0.6214930480935681,0.38290022690425835,0.6197160033465984
3.08,19.00575,4.5875,0.38235373479312107,0.6261659179683741,0.38290022690425835,0.6244108117850753
3.1,18.678075,4.587505,0.3786773757814471,0.6261659179683741,0.38290022690425835,0.6244108834221669
3.12,18.02271,4.91519,0.3750009045744878,0.6261659892707097,0.37918281340633087,0.6291056918606438
3.14,18.02271,5.24287,0.3750009045744878,0.6308388591455156,0.37918281340633087,0.6291056918606438
3.16,18.02271,5.898235,0.3750009045744878,0.6355117290203216,0.37918281340633087,0.6338005719362123
3.18,18.02271,5.89824,0.3750009045744878,0.6355118003226573,0.37918281340633087,0.6338005719362123
3.2,19.33345,5.242875,0.3750009045744878,0.6308389304478513,0.3940526942909545,0.6291056918606438
3.22,41.94375,7.864269999999999,0.4816185695763074,0.6448572548629263,0.5427519001997906,0.65257937586757
3.24,43.909905,9.830355,0.5220602016340009,0.6588757931850082,0.5241646058172393,0.6666639444571839
3.26,44.565265,12.45181,0.5257366167433175,0.6775674152889034,0.5278820193151668,0.6854432498481831
3.28,43.58222,13.762545,0.5183837304270416,0.6869132263408511,0.5241646058172393,0.6948330099993202
3.3,43.582215000000005,14.41791,0.5183836743293989,0.6962590373927987,0.5241646058172393,0.6948330099993202
3.32,43.25453,14.41791,0.5147072592200822,0.6962590373927987,0.5241645490940109,0.6948330099993202
3.34,43.25453,15.07327,0.5183836743293989,0.7009319072676047,0.5204471355960835,0.6995278184377971
3.36,42.92685,15.07327,0.5147072592200822,0.7009319072676047,0.5204471355960835,0.6995278184377971
3.38,43.254515,15.400950000000002,0.5147072031224396,0.7009319072676047,0.5241644356475541,0.7042226268762739
3.4,43.58218,15.72863,0.5183835060364709,0.7056047771424105,0.5241643789243257,0.7042226268762739
3.42,44.237535,15.72863,0.5220599211457876,0.7056047771424105,0.5278817356990247,0.7042226268762739
3.44,44.56521,16.05631,0.5220598650481449,0.7102776470172165,0.5315991491969523,0.7042226268762739
3.46,44.89289,15.728625000000001,0.5257362801574615,0.7056047058400748,0.5315991491969523,0.7042226268762739
3.48,45.220569999999995,15.72863,0.5257362801574615,0.7056047771424105,0.5353165626948797,0.7042226268762739
3.5,52.429665,17.36702,0.5588245771177379,0.7149504455896867,0.5836439024628205,0.7183069805546128
3.52,53.412715,17.6947,0.5735305180432176,0.7196233154644927,0.5799263187952076,0.7183069805546128
3.54,54.06807,18.02238,0.5772068770548916,0.7196233154644927,0.5836437322931352,0.7230017889930898
3.56,54.06807,17.6947,0.5772068770548916,0.7196233154644927,0.5836437322931352,0.7183069805546128
3.58,54.06806,17.6947,0.577206820957249,0.7196233154644927,0.5836436755699068,0.7183069805546128
3.6,53.74038,17.6947,0.577206820957249,0.7196233154644927,0.5799262620719793,0.7183069805546128
3.62,53.412695,17.6947,0.5735303497502896,0.7196233154644927,0.5799262620719793,0.7183069805546128
3.64,53.74037,18.350065,0.5772067648596063,0.7242961853392985,0.5799262053487508,0.7230018606301815
3.66,54.395745,18.35006,0.5735303497502896,0.7242961853392985,0.5910786160122186,0.7230017889930898
3.68,60.621775,19.3331,0.6139715891244846,0.7289690552141045,0.6208184912279229,0.7323914058700436
3.7,60.621764999999996,19.98846,0.6139715891244846,0.7336419250889105,0.6208183777814661,0.7370862143085205
3.72,60.294084999999995,20.64383,0.6139715330268419,0.738314866266052,0.6171010210067669,0.7417810943840889
3.74,5.57152,21.29919,1.0209770963955793e-05,0.742987736140858,0.6171009642835386,0.7464759028225658
3.76,59.9664,21.954549999999998,0.6102951179175253,0.747660606015664,0.6171009642835386,0.7511707112610427
3.78,59.9664,22.28223,0.6102951179175253,0.75233347589047,0.6171009642835386,0.7511707112610427
3.8,59.63871,22.9376,0.6102950618198827,0.7570064170676116,0.6133834940623826,0.7558655913366114
3.82,59.31103,23.59296,0.6066186467105661,0.7616792869424175,0.6133834940623826,0.7605603997750882
3.84,59.31103,24.24832,0.6066186467105661,0.7663521568172235,0.6133834940623826,0.7652552082135651
3.86,59.638715000000005,23.59296,0.6066186467105661,0.7616792869424175,0.6171009642835386,0.7605603997750882
3.88,58.65567,24.24832,0.6066187028082086,0.7663521568172235,0.6059486103432992,0.7652552082135651
3.9,46.203630000000004,22.282265,0.5441186922899006,0.757006559672283,0.5278816222525679,0.7464761893709324
3.92,45.54826,22.609949999999998,0.5294127513644208,0.7523337610998129,0.5353166194181082,0.7558658062478862
3.94,45.54826,23.26531,0.5294127513644208,0.7570066309746187,0.5353166194181082,0.7605606146863632
3.96,45.548255,22.937635,0.5294127513644208,0.7570066309746187,0.5353165626948797,0.7558658778849779
3.98,45.548255,22.609949999999998,0.5294127513644208,0.7570066309746187,0.5353165626948797,0.7511709978094093
4.0,45.87593,22.609949999999998,0.5330891103760947,0.7523337610998129,0.5353165626948797,0.7558658062478862
4.02,45.548249999999996,21.95459,0.5294126952667781,0.7523337610998129,0.5353165626948797,0.7464761893709324
4.04,45.22056,20.97155,0.5294126391691355,0.742988021350201,0.5315990924737238,0.7417813809324556
4.06,43.909845000000004,20.31618,0.5220598089505023,0.7383150801730594,0.5241643222010972,0.7370865008568871
4.08,42.59914,19.988505,0.5147070909271543,0.7336422102982534,0.5167295519284707,0.7370865724939788
4.1,42.271465,20.971555,0.5110306758178377,0.7383151514753951,0.5167296086516991,0.7464762610080241
4.12,40.960755,24.24837,0.5073543168061637,0.7616796434540961,0.505577424881145,0.7699503748375002
4.14,41.288444999999996,24.24837,0.5036779577944897,0.7710253832037081,0.5130123086002284,0.7605607579605463
4.16,25.231855000000003,14.417965,0.4705896608342134,0.7242966131533131,0.3643132728610777,0.6666645891910088
4.18,-7.536695,0.655415,0.2610303532563924,0.6074749375855004,0.20446193990491598,0.5868529173739934
4.2,-12.451915,3.27687,0.19853067932394033,0.6074750088878361,0.21189716396336994,0.6244115281559918
4.22,-11.796524999999999,8.84746,0.20956020514010357,0.6448581817932908,0.20817980718867088,0.6666650190135587
4.24,-12.124165,15.07342,0.20588395832371487,0.691587165750693,0.208180090804813,0.7089185815082173
4.26,-12.45182,20.971705,0.20588412661664288,0.7336432798332894,0.2044627907533423,0.7511722156399675
4.28,-13.76252,26.21462,0.19853146469093758,0.7710265240410799,0.19702802048071574,0.7887308980590575
4.3,-15.400935,31.12986,0.19117857837466165,0.8084097682488702,0.1858756665404764,0.8215948436767623
4.32,-18.677745,36.045095,0.17647286183975244,0.8457930124566606,0.16357112882968297,0.8544587176573754
4.34,-24.248365,38.99425,0.15441425898856734,0.8644846345605558,0.12267901312019619,0.8779331180352181
4.36,-31.129735,39.977315000000004,0.09926724698182059,0.8785035293943166,0.10037430523971747,0.8779331896723097
4.38,-33.09585,38.01124,0.09191430456790198,0.8691578609470405,0.08550436763186534,0.8591539559184022
4.4,-35.061975000000004,35.71747,0.08088483484938146,0.850466310145481,0.07435184352194071,0.8450694589658799
4.42,-37.683454999999995,34.079065,0.06617889392390162,0.8364476292187274,0.05948201936054546,0.8356798420889261
4.44,-40.304919999999996,34.079065,0.05147312129134977,0.8364476292187274,0.04461219519915016,0.8356798420889261
4.46,-42.59871,34.07907,0.03676729256115524,0.8364477005210632,0.03345978453568238,0.8356798420889261
4.48,-43.90945,33.42372,0.029414294049594,0.831774901948593,0.026024900816598955,0.8309851052875409
4.5,-45.220185,32.44067,0.022061407733318075,0.8271019607714514,0.018589960374287087,0.8215954167734955
4.52,-45.87556,31.129945,0.018384880428716117,0.8177562210218394,0.014872490153131173,0.81220572825945
4.54,-47.18629,30.1469,0.01103199411244019,0.8084104099698919,0.007437606434047747,0.8075109198209732
4.56,-48.824705,29.491535,2.6926868476218e-06,0.8037374687927502,2.665991735879237e-06,0.8028161113824963
4.58,-48.824725,29.163854999999998,2.5804915623075464e-06,0.8037374687927502,2.5525452790375995e-06,0.7981213029440194
4.6,-43.25408,28.508470000000003,2.5804915623075464e-06,0.7943917290431384,0.06319954630492981,0.7981209447585611
4.62,-26.21446,28.836105,0.12132613032121901,0.7990641711039299,0.1338314805068924,0.7981207298472862
4.64,-25.886789999999998,28.180735,0.12867896053985228,0.7943911586244524,0.13011395356250804,0.7934259214088093
4.66,-26.869855,27.52537,0.12500243323525032,0.7897182887496464,0.12267895639696777,0.7887310413332407
4.68,-27.197555,26.214640000000003,0.12132590593064836,0.7850453475725049,0.12267884295051093,0.7746465443807184
4.7,-28.180625,25.23159,0.11764932252840375,0.7756995365205572,0.11524384578497064,0.7699516643051499
4.72,-28.836005,23.920859999999998,0.11397279522380181,0.7663537254686096,0.11152631884058628,0.7605619757911045
4.74,-29.491394999999997,22.610135,0.11029621182155719,0.7570079857189977,0.10780873517297353,0.7511722872770591
4.76,-30.474449999999997,22.282455,0.10294326940763861,0.7523350445418561,0.1040912649518176,0.7511723589141507
4.78,-31.129825,21.627085,0.09926679820067931,0.7476621033647145,0.10037373800743324,0.7464774788385822
4.8,-31.45752,20.97171,0.099266686005394,0.7429891621875728,0.09665626778627733,0.7417825271259221
4.82,-31.785215,19.98866,0.09559021479843469,0.738316221010431,0.09665615433982047,0.7323928386118765
4.84,-21.627010000000002,19.333260000000003,0.11764887374726248,0.7289703386561478,0.18959273969903334,0.7323924087893268
4.86,-9.830345000000001,19.6609,0.22059012363976538,0.7336427807169392,0.2193325014682808,0.7323922655151434
4.88,-10.15805,19.33322,0.2169134841398781,0.7336427807169392,0.21933244474505234,0.7276974570766664
4.9,-10.485745,19.005544999999998,0.21691342804223543,0.7289699108421334,0.21561491780066802,0.7276975287137581
4.92,-11.468805,18.35019,0.20956048562831683,0.7242971122696631,0.21189739085628362,0.7230027202752812
4.94,-12.124189999999999,19.005564999999997,0.20588390222607222,0.7289700534468049,0.2081798639118993,0.7276976719879414
4.96,-13.434925,19.98863,0.1985310159097963,0.7336430659262821,0.20074492346958744,0.7370875037761702
4.98,-14.41798,20.644,0.19485448860519436,0.7383160784057596,0.193310039750504,0.741782312214647
5.0,-15.401039999999998,21.62705,0.18750154619127574,0.7476618894577072,0.18959251280611966,0.7464771922902156
5.02,-15.401050000000001,20.644,0.18750149009363312,0.7429889482805655,0.18959245608289127,0.7370875037761702
5.04,-15.07338,19.005580000000002,0.18750143399599042,0.728970267353812,0.19330981285759033,0.7276976719879414
5.06,-13.762665,18.3502,0.19117779300766444,0.7242972548743346,0.20446205335137282,0.7230027202752812
5.08,-4.259795,19.98858,0.24264833380745185,0.7336427807169392,0.2602242201151686,0.7370870739536203
5.1,-4.259805,20.31626,0.25000127622137047,0.7383156505917452,0.25278916622639985,0.7370870739536203
5.12,-4.259805,20.316265,0.25000127622137047,0.7383156505917452,0.25278916622639985,0.737087145590712
5.14,-5.24286,20.316265,0.2463247489167685,0.7383156505917452,0.24535428250731645,0.737087145590712
5.16,-5.89822,20.31627,0.24264833380745185,0.738315721894081,0.24163686900938894,0.737087145590712
5.18,-5.570525,21.299315,0.24264838990509455,0.7429885917688869,0.24535439595377329,0.7464768341047573
5.2,-5.570515,22.282359999999997,0.2426484460027372,0.7476615329460286,0.24535445267700173,0.7558664509817111
5.22,-4.915134999999999,23.265394999999998,0.24632497330733913,0.7570072726956404,0.24907197962138608,0.7605611877830963
5.24,-4.587435,24.576115,0.24632508550262444,0.7663529411429165,0.25278950656577037,0.7699508762971418
5.26,-3.93205,24.9038,0.2500016128072264,0.7710258823200582,0.2565070902333832,0.7699508762971418
5.28,0.00017000000000000348,26.214509999999997,0.2573546113187877,0.7756986808925285,0.293681735721714,0.7840352299754807
5.3,14.09069,28.508245000000002,0.345590200774024,0.7943900177870807,0.364314123709504,0.7981194403796364
5.32,15.401435,29.81897,0.3602961416995038,0.8037357575366925,0.364314123709504,0.8075091288936819
5.34,16.05682,31.1297,0.36397272510174844,0.8130815685886401,0.3680316506538884,0.8168988174077273
5.36,16.056825,31.45738,0.36397272510174844,0.8177544384634461,0.3680317073771168,0.8168988174077273
5.38,16.05682,32.11274,0.36397272510174844,0.8224273083382521,0.3680316506538884,0.8215936258462042
5.4,16.05682,31.1297,0.36397272510174844,0.8177544384634461,0.3680316506538884,0.8122040089692504
5.42,15.401444999999999,31.1297,0.3639726690041058,0.8177544384634461,0.3605967102115765,0.8122040089692504
5.44,15.073755,30.474345,0.3602961977971465,0.8130815685886401,0.36059665348834813,0.8075092721678652
5.46,14.418375000000001,29.81899,0.35661967049254456,0.80840877001617,0.3568791265439637,0.8028144637293883
5.48,14.418355,29.49131,0.3566195582972592,0.803735900141364,0.3568790130975069,0.8028144637293883
5.5,13.435305,29.49131,0.3492666719809833,0.803735900141364,0.35316154287635093,0.8028144637293883
5.52,12.77992,29.49131,0.3455900885787387,0.803735900141364,0.3494440159319666,0.8028144637293883
5.54,12.452225,29.16364,0.34559003248109604,0.8037359714436998,0.34572648898758224,0.798119726928003
5.56,11.796845,28.1806,0.34191350517649405,0.7943902316940878,0.3420089620431979,0.7934249184895261
5.58,12.124514999999999,27.852915,0.3419134490788514,0.7897172905169462,0.345726318817897,0.7934249184895261
5.6,12.124505,27.525235000000002,0.3419133368835661,0.7897173618192819,0.345726318817897,0.7887300384139576
5.62,12.779865000000001,26.86987,0.3455897519928827,0.7850444206421402,0.34944373231582454,0.7840352299754807
5.64,-0.3275199999999998,20.643965,0.3235310369464123,0.7663530124452523,0.2230498015197514,0.7136132466725108
5.66,-40.30509,5.24306,0.09558976601729344,0.6448586809096409,1.644973624264197e-06,0.6150227709241378
5.68,-48.82496,4.58774,1.1219528531823933e-06,0.6168218894748198,1.361357482180256e-06,0.6338021479522287
5.7,-48.82492,7.53686,1.51463635180221e-06,0.6448591087236554,1.4180807105809224e-06,0.6478865732676593
5.72,-48.82492,9.175265,1.4585387091251534e-06,0.6542048484732673,1.4748039390218933e-06,0.6619710702201816
5.74,-48.82492,10.48599,1.4585387091251534e-06,0.6635506595252149,1.4748039390218933e-06,0.6713606870971354
5.76,-48.82492,10.48599,1.4585387091251534e-06,0.6682235294000208,1.4748039390218933e-06,0.6666658786586585
5.78,-48.82492,10.48598,1.4585387091251534e-06,0.668223458097685,1.4748039390218933e-06,0.6666658070215669
5.8,-48.824915000000004,10.48598,1.4585387091251534e-06,0.668223458097685,1.5315271674225598e-06,0.6666658070215669
5.82,-48.82491,10.48598,1.51463635180221e-06,0.668223458097685,1.5315271674225598e-06,0.6666658070215669
5.84,-48.8249,10.158294999999999,1.5707339944394067e-06,0.6635505169205435,1.5882503958635305e-06,0.6666658070215669
5.86,-48.82494,7.86453,1.51463635180221e-06,0.6542047771709315,1.191187796897648e-06,0.6431916931920908
5.88,-48.824965,6.88149,1.1219528531823933e-06,0.6401861675465137,1.304634253739285e-06,0.6431916931920908
5.9,-48.824955,7.20917,1.2341481384966466e-06,0.6448590374213197,1.304634253739285e-06,0.6431916931920908
5.92,-48.82494,7.20917,1.3463434238109e-06,0.6448590374213197,1.361357482180256e-06,0.6431916931920908
5.94,-48.82494,7.20917,1.3463434238109e-06,0.6448590374213197,1.361357482180256e-06,0.6431916931920908
5.96,-48.824934999999996,6.88149,1.3463434238109e-06,0.6401861675465137,1.4180807105809224e-06,0.6431916931920908
5.98,-48.824925,7.53685,1.4024410664480967e-06,0.6448590374213197,1.4748039390218933e-06,0.6478865016305676
6.0,-48.824915000000004,7.2091650000000005,1.4585387091251534e-06,0.6448590374213197,1.5315271674225598e-06,0.6431916215549991
6.02,-48.824915000000004,7.536845,1.4585387091251534e-06,0.6495318359937898,1.5315271674225598e-06,0.6431916931920908
6.04,-48.82491,7.536845,1.51463635180221e-06,0.6448589661189839,1.5315271674225598e-06,0.6478865016305676
6.06,-48.4972,7.86452,1.51463635180221e-06,0.6448590374213197,0.0037192853644654605,0.6525811667948612
6.08,-31.457545,10.813590000000001,0.07720769047071026,0.6682230302836706,0.11896097566675602,0.6713600423633105
6.1,-27.85302,11.796625,0.11764892984490515,0.677568627428611,0.11896080549707076,0.676054922438879
6.12,-27.52536,11.141265,0.11764881764961982,0.6728958288561409,0.12267810554854142,0.6713600423633105
6.14,-26.870025,9.83054,0.12132506446600848,0.6635500178041932,0.12639540560001206,0.6619704254863568
6.16,-26.870055,8.51982,0.12500131128239714,0.6542042780545814,0.12267782193239932,0.6525808086094029
6.18,-26.870085000000003,7.53678,0.12500114298946916,0.6448585383049695,0.12267765176271403,0.647886000170926
6.2,-27.525464999999997,6.553735,0.1213246156848672,0.6401856684301636,0.1189601248183297,0.6384963116568807
6.22,-28.18084,5.89837,0.11764808838026525,0.6355127272530219,0.11524265459717375,0.6338015032184038
6.24,-29.163899999999998,5.898375,0.11029514596634667,0.6355127272530219,0.11152512765278941,0.6338015748554955
6.26,-24.904004999999998,6.553725,0.11029514596634667,0.6355127985553577,0.1598521270813596,0.6431909768211742
6.28,-8.19205,8.519765,0.22058933827276814,0.6542039215429026,0.23791917189531933,0.652580378786853
6.3,-7.86438,9.17513,0.23161863969836072,0.6588767914177086,0.23048417472977906,0.6572752588624216
6.32,-7.5367,9.830485,0.23161863969836072,0.6635495899901788,0.23420158822770654,0.6619700673008985
6.34,-6.88133,9.83049,0.23529511090532,0.6635496612925146,0.2379190584488625,0.6619700673008985
6.36,-6.22597,9.830485,0.23897152601463664,0.6635495899901788,0.24163647194678997,0.6619700673008985
6.38,-6.22596,9.830485,0.23897158211227928,0.6635495899901788,0.24163652867001842,0.6619700673008985
6.4,-5.89828,10.158159999999999,0.2426479972215959,0.6682224598649847,0.24163652867001842,0.6619699956638068
6.42,-5.5706050000000005,10.48584,0.24264794112395324,0.6682224598649847,0.24535394216794593,0.6666648041022837
6.44,-5.89828,10.158159999999999,0.2426479972215959,0.6682224598649847,0.24163652867001842,0.6619699956638068
6.46,-5.5706,9.83048,0.2426479972215959,0.6635495899901788,0.24535394216794593,0.6619699956638068
6.48,-5.896995,9.83048,0.24264805331923855,0.6635495899901788,0.2416510498164947,0.6619699956638068
6.5,-5.24291,9.175115,0.24264805331923855,0.6588767201153728,0.24907141238910183,0.6572751155882384
6.52,-4.91522,9.175115,0.24632452452619788,0.6588766488130372,0.24907146911233027,0.6572751872253298
6.54,-4.91522,9.502790000000001,0.24632452452619788,0.6588766488130372,0.24907146911233027,0.6619699240267152
6.56,-4.587535,9.17511,0.24632458062384052,0.6588766488130372,0.2527888826102577,0.6572751155882384
6.58,2.9492350000000003,10.158135000000001,0.27205976687727024,0.6635494473855074,0.3122686897648947,0.6666645891910088
6.6,7.53683,10.813490000000002,0.3161775896537098,0.6728951158327835,0.3197035167607497,0.6666645891910088
6.62,7.20915,10.48581,0.3161775896537098,0.6682222459579775,0.3159861032628222,0.6666645891910088
6.64,7.53683,10.48581,0.3161775896537098,0.6682222459579775,0.3197035167607497,0.6666645891910088
6.66,7.53683,10.48581,0.3161775896537098,0.6682222459579775,0.3197035167607497,0.6666645891910088
6.68,7.20915,10.48581,0.3161775896537098,0.6682222459579775,0.3159861032628222,0.6666645891910088
6.7,6.88147,10.48581,0.31250117454439313,0.6682222459579775,0.3159861032628222,0.6666645891910088
6.72,6.881475,10.48581,0.31250117454439313,0.6682222459579775,0.3159861599860506,0.6666645891910088
6.74,6.88148,10.48581,0.31250123064203583,0.6682222459579775,0.3159861599860506,0.6666645891910088
6.76,8.192225,10.813485,0.31250123064203583,0.6682222459579775,0.3308560975939027,0.671359325992394
6.78,20.31662,12.45187,0.37867799285551634,0.6822407129777238,0.40148831541200747,0.6807488712322561
6.8,20.971989999999998,13.434915,0.3897074625740369,0.6869135828525298,0.39777078846762315,0.6901385597463016
6.82,20.971995,13.7626,0.39338393378099623,0.6915865240296715,0.3940533749696956,0.6901385597463016
6.84,20.97199,13.7626,0.39338387768335353,0.6915865240296715,0.3940533749696956,0.6901385597463016
6.86,20.97199,14.09028,0.39338387768335353,0.6915865240296715,0.3940533749696956,0.6948333681847784
6.88,20.64432,14.417965,0.3897075186716796,0.6962593939044773,0.39405343169292406,0.6948334398218701
6.9,20.64432,14.745645,0.3897075186716796,0.6962593939044773,0.39405343169292406,0.6995282482603469
6.92,20.64432,16.056375000000003,0.3897075186716796,0.705605204956425,0.39405343169292406,0.7089179367743924
6.94,20.316645,17.03942,0.3897075186716796,0.7149510160083726,0.3903360749182249,0.7136127452128693
6.96,19.98896,17.69479,0.3860311035623629,0.7196239571855142,0.3903360181949966,0.7183076252884377
6.98,20.31664,18.35015,0.3860311035623629,0.7242968270603202,0.39405343169292406,0.7230024337269146
7.0,20.971995,18.350144999999998,0.3897075186716796,0.7242968270603202,0.39777078846762315,0.7230023620898229
7.02,29.164115,19.66086,0.419119120034426,0.7289696256327903,0.4609678956737307,0.7370867874052537
7.04,31.13023,20.643905,0.4522075291899876,0.7383153653824023,0.4498153715638061,0.7417816674808221
7.06,31.785579999999996,21.62695,0.4522073608970596,0.7476611764343498,0.4572502552828895,0.746476475919299
7.08,31.785574999999998,21.62695,0.45220730479941695,0.7476611764343498,0.4572502552828895,0.746476475919299
7.1,31.78557,21.95463,0.45220730479941695,0.7476611764343498,0.45725019855966104,0.7511712843577759
7.12,32.113254999999995,22.60999,0.45220730479941695,0.7523340463091558,0.460967668780817,0.7558660927962528
7.14,32.440934999999996,23.265349999999998,0.45588377600637625,0.7570069161839617,0.46096761205758857,0.7605609012347297
7.16,31.78557,21.95463,0.45588371990873355,0.7570069161839617,0.45353278506173356,0.7417816674808221
7.18,3.6046450000000005,3.932225,0.3602955807230772,0.6728952584374549,0.2304842881762359,0.5680736836200858
7.2,-37.02828,-13.10709,0.11029531425927463,0.5093449554239188,0.022306352854102984,0.4882624416256204
7.22,-48.49718,-12.124020000000002,1.68292927975366e-06,0.49999957218598556,0.0037193420876939012,0.5117365554550964
7.24,-48.169485,-8.519535,0.0036783224291670265,0.5280367914348212,0.0037192853644654605,0.5352106692845725
7.26,-47.841805,-5.89809,0.007354681440840993,0.5467283422363807,0.0037193420876939012,0.5539899030384801
7.28,-47.514125,-4.259685,0.007354681440840993,0.5607469518607985,0.007436755585621414,0.5633795915525255
7.3,-47.514125,-3.6043250000000002,0.00735473753848367,0.5654198217356043,0.007436698862392973,0.5680743999910024
7.32,-46.85877,-3.27665,0.011031096550157637,0.5700926916104103,0.011154112360320486,0.5680743283539107
7.34,-46.85877,-3.27665,0.011031096550157637,0.5700926916104103,0.011154112360320486,0.5680743283539107
7.36,-46.531085000000004,-2.94897,0.011031096550157637,0.5700926916104103,0.0148715825814764,0.5727691367923876
7.38,-45.87572,-3.604335,0.014707567757116919,0.5700926916104103,0.018588996079403914,0.5633794482783422
7.4,-47.51414,-3.27665,0.014707567757116919,0.5654197504332686,1.7016968527051678e-06,0.5727692084294792
7.42,-48.497185,-2.621275,1.7390269224307165e-06,0.574765632787552,0.0037192286412370597,0.5727692800665709
7.44,-48.1695,-2.9489549999999998,0.003678210233881712,0.574765632787552,0.0037192286412370597,0.568074471628094
7.46,-47.840545,-2.94896,0.007354625343198356,0.574765632787552,0.003733693064484913,0.5680743999910024
7.48,-48.1695,-3.2766349999999997,0.003678210233881712,0.5700928342150818,0.0037192286412370597,0.5680743999910024
7.5,-48.169505,-3.6043149999999997,0.003678154136239035,0.56541989303794,0.0037192286412370597,0.568074471628094
7.52,-48.1695,-3.6043149999999997,0.003678210233881712,0.5654199643402759,0.0037192286412370597,0.5680743999910024
7.54,-48.1695,-3.9319949999999997,0.003678210233881712,0.56541989303794,0.0037192286412370597,0.5633796631896172
7.56,-48.169495,-3.93199,0.003678210233881712,0.5654199643402759,0.0037192853644654605,0.5633796631896172
7.58,-48.169489999999996,-3.9319949999999997,0.003678266331524389,0.56541989303794,0.0037192853644654605,0.5633796631896172
7.6,-48.169489999999996,-4.259675,0.003678266331524389,0.5607470231631342,0.0037192853644654605,0.5633796631896172
7.62,-48.169489999999996,-3.9319949999999997,0.003678266331524389,0.5654199643402759,0.0037192853644654605,0.5633795915525255
7.64,-48.497164999999995,-4.259675,1.8512222077449699e-06,0.5607470231631342,0.0037193420876939012,0.5633796631896172
7.66,-48.49716,-3.932,0.0036783224291670265,0.56541989303794,1.9285897663884425e-06,0.5633795915525255
7.68,-48.16948,-3.932,0.0036783224291670265,0.56541989303794,0.0037193420876939012,0.5633795915525255
7.7,-48.169470000000004,-3.6043149999999997,0.0036783785268097034,0.56541989303794,0.003719398810922302,0.568074471628094
7.72,-48.49715500000001,-3.60432,1.9073198503821668e-06,0.570092762912746,0.003719398810922302,0.5633795915525255
7.74,-39.977355,-1.3105749999999992,0.025737093573280117,0.5747655614852162,0.07435133301288491,0.5915482989092035
7.76,-33.423640000000006,0.6555,0.08823727238451609,0.5981298395569102,0.08550374367635269,0.5962431073476804
7.78,-33.095965,1.31086,0.08823716018923078,0.6028027094317161,0.08922121389750864,0.6009379157861573
7.8,-33.09596,1.31086,0.08823721628687345,0.6028027094317161,0.08922121389750864,0.6009379157861573
7.82,-33.09596,0.983175,0.08823721628687345,0.5981298395569102,0.08922121389750864,0.6009378441490656
7.84,-33.094685,0.9831749999999999,0.08825152118575155,0.5981297682545744,0.08922121389750864,0.6009379157861573
7.86,-33.42364,0.9831749999999999,0.08456080117755681,0.5981297682545744,0.08922121389750864,0.6009379157861573
7.88,-33.09596,0.6554949999999999,0.08823721628687345,0.5981297682545744,0.08922121389750864,0.5962431073476804
7.9,-33.09596,0.65549,0.08823721628687345,0.5981297682545744,0.08922121389750864,0.5962430357105887
7.92,-32.768285,0.65549,0.0919136313961901,0.5981297682545744,0.0892211571742802,0.5962430357105887
7.94,-32.112935,0.65549,0.09191357529854742,0.5981297682545744,0.09665592744690678,0.5962430357105887
7.96,-31.78526,0.65549,0.09558993431022139,0.5981297682545744,0.09665592744690678,0.5962430357105887
7.98,-31.129910000000002,0.655485,0.09926629332189538,0.5981297682545744,0.10037328422160585,0.5962429640734971
8.0,-30.146865,0.3277949999999996,0.09926629332189538,0.5981296969522387,0.1115255814386168,0.5915480839979285
8.02,-21.627045000000003,1.6385,0.1433839478054069,0.6028024242223732,0.16357027798125662,0.6056324376762675
8.04,-20.316315,1.6385,0.1580897765356014,0.6028024242223732,0.1635702212580282,0.6056324376762675
8.06,-19.98863,1.63849,0.1617662477425607,0.6074752227948433,0.1635702212580282,0.600937557600699
8.08,-19.66095,1.63849,0.1617662477425607,0.6028023529200375,0.16728763475595568,0.6056323660391759
8.1,-19.66096,1.310805,0.1654426067542347,0.6028022816177017,0.16357016453479978,0.600937557600699
8.12,-19.988644999999998,0.65544,0.16176619164491804,0.5981294117428957,0.16357010781157136,0.5962426775251305
8.14,-19.98865,0.65544,0.1617661355472754,0.5981294117428957,0.16357010781157136,0.5962426775251305
8.16,-20.316335000000002,0.65545,0.1617661355472754,0.5981294830452315,0.1598526375904154,0.5962427491622221
8.18,-19.333289999999998,1.3108,0.1580896643403161,0.5981294117428957,0.17472240502858227,0.6056322944020842
8.2,-8.191980000000001,3.604545,0.2169132036516648,0.6168208199397838,0.24163709590230265,0.6197165764433316
8.22,-6.22588,4.259895,0.23897203089342056,0.6214935472099182,0.24163698245584578,0.6244113848818085
8.24,-5.57051,4.58757,0.24264850210037986,0.6261664170847241,0.24535445267700173,0.6244113132447168
8.26,-4.91515,4.58757,0.2463249172096965,0.6261664170847241,0.24907186617492924,0.6244113132447168
8.28,-4.91515,4.91525,0.2463249172096965,0.6261664170847241,0.24907186617492924,0.6291061216831937
8.3,-4.58746,5.24293,0.24632497330733913,0.6308392869595301,0.25278933639608514,0.6291061216831937
8.32,-4.587455,5.57061,0.25000138841665576,0.6308392869595301,0.24907197962138608,0.6338009301216706
8.34,-4.25977,5.57061,0.25000144451429845,0.6308392869595301,0.25278939311931353,0.6338009301216706
8.36,-5.24281,5.89829,0.2463250294049818,0.635512156834336,0.24535456612345857,0.6338009301216706
8.38,-0.32754499999999975,6.881315,0.25000144451429845,0.6355120855320002,0.2973990924964131,0.647885212162918
8.4,10.813785,8.519705,0.3308840915556162,0.6542034937288883,0.34200890531996947,0.6525799489643032
8.42,10.813780000000001,8.51971,0.3345605066649328,0.6542034937288883,0.3382914350988136,0.6525800206013949
8.44,10.813780000000001,8.84739,0.3345605066649328,0.6542034937288883,0.3382914350988136,0.6572748290398717
8.46,11.46914,9.17507,0.33823692177424947,0.6588763636036943,0.342008848596741,0.6572748290398717
8.48,10.813780000000001,9.83043,0.3345605066649328,0.6635492334785001,0.3382914350988136,0.6619696374783486
8.5,11.141455,9.83043,0.3345605066649328,0.6635492334785001,0.34200879187351263,0.6619696374783486
8.52,11.46914,9.83043,0.33823692177424947,0.6635492334785001,0.342008848596741,0.6619696374783486
8.54,7.2092600000000004,8.8474,0.3345605066649328,0.6635492334785001,0.29739943283578363,0.6478853554371011
8.56,-15.7287,2.621525,0.2095605417259595,0.6168208912421195,0.16357033470448504,0.6056323660391759
8.58,-21.29931,3.276905,0.1544135858168554,0.612148163971985,0.15613567787831528,0.6197169346287899
8.6,-21.29931,4.587625,0.15441364191449808,0.6261667735964028,0.15613562115508686,0.6244117430672668
8.62,-20.97163,4.91531,0.1580900570238147,0.6261668448987386,0.15613562115508686,0.6291065515057437
8.64,-21.29931,5.57067,0.15441364191449808,0.6308397147735445,0.15613562115508686,0.6338013599442204
8.66,-21.29931,6.22603,0.15441364191449808,0.6355125846483504,0.15613562115508686,0.6384961683826973
8.68,-21.29931,6.22603,0.15441364191449808,0.6355125846483504,0.15613562115508686,0.6384961683826973
8.7,-21.299305,6.55371,0.15441369801214075,0.6401854545231563,0.15613562115508686,0.6384961683826973
8.72,-21.29931,6.55371,0.15441364191449808,0.6401854545231563,0.15613562115508686,0.6384961683826973
8.74,-21.299305,6.8813949999999995,0.15441369801214075,0.640185525825492,0.15613562115508686,0.6431909768211742
8.76,-21.299300000000002,6.88139,0.15441369801214075,0.6448583243979623,0.15613567787831528,0.6384961683826973
8.78,-22.93772,5.570675,0.15441369801214075,0.6355125846483504,0.13754838349576406,0.6291066231428352
8.8,-28.180685,4.58765,0.1139725147355885,0.62616698750341,0.11896097566675602,0.62441188634145
8.82,-27.197645,4.58765,0.12132540105186443,0.62616698750341,0.12267833244145512,0.62441188634145
8.84,-27.197655,4.587645,0.12132534495422177,0.62616698750341,0.12267827571822668,0.6244118147043584
8.86,-26.54231,4.25996,0.12500164786825307,0.6214940463262684,0.12639563249292576,0.6244118147043584
8.88,-26.54231,4.25996,0.12500164786825307,0.6214940463262684,0.12639563249292576,0.6244118147043584
8.9,-26.214635,4.25995,0.12867806297756973,0.6214939750239327,0.12639557576969734,0.6244117430672668
8.92,-25.886955,4.587635000000001,0.12867800687992706,0.6261668448987386,0.13011304599085327,0.6244118147043584
8.94,-25.88695,4.58763,0.12867806297756973,0.6261668448987386,0.13011304599085327,0.6244117430672668
8.96,-25.88695,4.587635000000001,0.12867806297756973,0.6261668448987386,0.13011304599085327,0.6244118147043584
8.98,-25.886960000000002,4.58763,0.12867800687992706,0.6261668448987386,0.13011298926762485,0.6244117430672668
9.0,-20.971690000000002,4.5876149999999996,0.13235447808688636,0.6214939750239327,0.1821575156405794,0.6291063365944686
9.02,-8.19197,5.898305000000001,0.227942729467828,0.6355122994390074,0.23048468523883486,0.6338010017587623
9.04,-7.864295,6.5536650000000005,0.227942729467828,0.6401850980114776,0.23420204201353395,0.6384958818343307
9.06,-7.536614999999999,6.55367,0.23161914457714464,0.6401851693138134,0.23420204201353395,0.6384958818343307
9.08,-7.53662,6.22598,0.23161908847950197,0.6355122281366717,0.23420204201353395,0.638495810197239
9.1,-7.53662,6.55366,0.23161908847950197,0.6401850980114776,0.23420204201353395,0.638495810197239
9.12,-7.20894,6.22598,0.23161908847950197,0.6401850980114776,0.23791945551146146,0.6338010017587623
9.14,-6.881265,6.22598,0.23529544749117592,0.6355122281366717,0.23791945551146146,0.638495810197239
9.16,-6.881265,6.22598,0.23529544749117592,0.6355122281366717,0.23791945551146146,0.638495810197239
9.18,-6.88126,6.22598,0.23529550358881862,0.6355122281366717,0.23791945551146146,0.638495810197239
9.2,-6.88126,6.22598,0.23529550358881862,0.6355122281366717,0.23791945551146146,0.638495810197239
9.22,-6.88126,6.22598,0.23529550358881862,0.6355122281366717,0.23791945551146146,0.638495810197239
9.24,-7.20894,6.55366,0.23161908847950197,0.6401850980114776,0.23791945551146146,0.638495810197239
9.26,-7.20894,6.88134,0.23529550358881862,0.6401850980114776,0.23420204201353395,0.6431906186357159
9.28,-7.53662,6.55366,0.23161908847950197,0.6401850980114776,0.23420204201353395,0.638495810197239
9.3,-7.53662,6.22598,0.23161908847950197,0.6401850980114776,0.23420204201353395,0.6338010017587623
9.32,3.93236,7.86435,0.26470727324449295,0.6448578252816122,0.33085638121004485,0.6525799489643032
9.34,11.14146,9.502745,0.3382369778718921,0.6588762923013585,0.33829137837558515,0.6619696374783486
9.36,10.813770000000002,10.15811,0.33456045056729017,0.6635492334785001,0.33829137837558515,0.6666644459168254
9.38,10.813770000000002,10.48579,0.33456045056729017,0.668222103353306,0.33829137837558515,0.6666644459168254
9.4,10.813770000000002,10.48579,0.33456045056729017,0.668222103353306,0.33829137837558515,0.6666644459168254
9.42,10.813770000000002,10.813469999999999,0.33456045056729017,0.668222103353306,0.33829137837558515,0.6713592543553023
9.44,10.813770000000002,11.141155,0.33456045056729017,0.6728950445304477,0.33829137837558515,0.6713592543553023
9.46,10.813770000000002,11.468834999999999,0.33456045056729017,0.672894973228112,0.33829137837558515,0.6760541344308709
9.48,10.813770000000002,11.79652,0.33456045056729017,0.6775679144052537,0.33829137837558515,0.6760541344308709
9.5,10.48609,12.45188,0.33456045056729017,0.6822407842800596,0.33457396487765767,0.6807489428693477
9.52,10.813775,12.45188,0.33456045056729017,0.6822407842800596,0.3382914350988136,0.6807489428693477
9.54,8.51999,12.124205,0.3345605066649328,0.6822407842800596,0.3122692002739505,0.6760542060679625
9.56,1.31091,10.813495,0.27941338246290076,0.6682222459579775,0.28624685200263056,0.6713594692665773
9.58,1.31093,11.14118,0.2830899658651454,0.6728951871351192,0.2825294952279315,0.6713594692665773
9.6,1.310935,11.14118,0.28309002196278804,0.6728951871351192,0.2825294952279315,0.6713594692665773
9.62,1.6386150000000002,11.14118,0.28309002196278804,0.6728951871351192,0.286246908725859,0.6713594692665773
9.64,1.31094,11.14118,0.28309002196278804,0.6728951871351192,0.28252955195116,0.6713594692665773
9.66,0.98326,11.79654,0.2794136068534714,0.6775680570099251,0.28252955195116,0.6760542777050541
9.68,0.98326,11.796545,0.2794136068534714,0.6775680570099251,0.28252955195116,0.6760543493421458
9.7,-5.242735,6.88135,0.2794136068534714,0.6635494473855074,0.21189784464211103,0.619716719717515
9.72,-37.028175,-8.191895,0.099266686005394,0.5514007842971721,0.03345916058016973,0.51643122061939
9.74,-46.20331,-8.847235000000001,0.011031601428941572,0.5233638502576795,0.01858956331168812,0.5352104543732976
9.76,-44.892585,-6.55347,0.022060958952176777,0.5420553297569032,0.022306920086387235,0.5492949513258198
9.78,-44.892595,-4.915065,0.02206090285453414,0.556073939381321,0.02230686336315879,0.5586846398398653
9.8,-43.90956,-3.60434,0.02573726186620811,0.5654197504332686,0.02974169035901382,0.568074256716819
9.82,-44.23724,-2.94898,0.02573726186620811,0.5700926203080745,0.026024276861086305,0.5727690651552959
9.84,-44.23724,-2.29362,0.02573726186620811,0.5747654901828805,0.026024276861086305,0.5774638735937728
9.86,-43.58188,-1.96594,0.02941367697552475,0.5794383600576865,0.02974169035901382,0.5774638735937728
9.88,-43.254205,-2.62131,0.029413620877882074,0.5747654188805448,0.03345910385694129,0.5727689935182043
9.9,-42.92653,-2.9489900000000002,0.03309003598719872,0.5700925490057389,0.033459047133712894,0.5727689935182043
9.92,-42.92653,-3.60435,0.03309003598719872,0.5700925490057389,0.033459047133712894,0.5633793766412505
9.94,-42.271175,-4.91508,0.03676639499887269,0.5607467379537913,0.0371764606316404,0.5539896881272051
9.96,-42.27118,-5.24277,0.03676639499887269,0.5560737967766495,0.03717640390841196,0.5539896164901134
9.98,-42.271175,-5.89813,0.03676639499887269,0.5514009269018436,0.0371764606316404,0.5492948080516366
10.0,-42.271175,-6.22582,0.03676639499887269,0.5514008555995079,0.0371764606316404,0.544599927976068
10.02,-41.615815,-6.5535,0.04044281010818933,0.5467279857247019,0.040893874129567874,0.544599927976068
10.04,-41.9435,-7.20887,0.04044281010818933,0.5420550445475603,0.03717640390841196,0.5399050479004994
10.06,-41.61582,-7.86422,0.04044281010818933,0.5373822459750901,0.040893817406339475,0.5352103110991142
10.08,-41.61582,-8.51959,0.04044281010818933,0.5327093047979484,0.040893817406339475,0.5305154310235458
10.1,-38.994344999999996,-7.864240000000001,0.04044281010818933,0.5327093047979484,0.07063352245235846,0.5399049046263162
10.12,-21.627025,-5.242845,0.14338400390304956,0.5560732976602994,0.16357044815094188,0.5539890433933802
10.14,-20.64398,-5.24285,0.15808988873088672,0.5560732263579636,0.1598528644833291,0.5539890433933802
10.16,-20.643974999999998,-4.58749,0.1580899448285294,0.5607460962327696,0.1598528644833291,0.5586838518318571
10.18,-19.98861,-4.91517,0.16176635993784602,0.5560732263579636,0.16357033470448504,0.5586838518318571
10.2,-20.31629,-4.58749,0.16176635993784602,0.5607460962327696,0.15985292120655753,0.5586838518318571
10.22,-19.988615,-4.58749,0.16176635993784602,0.5607460962327696,0.16357027798125662,0.5586838518318571
10.24,-20.316295,-4.58749,0.15808988873088672,0.5607460962327696,0.16357033470448504,0.5586838518318571
10.26,-20.64397,-4.58749,0.1580899448285294,0.5607460962327696,0.15985292120655753,0.5586838518318571
10.28,-20.64397,-4.25981,0.1580899448285294,0.5607460962327696,0.15985292120655753,0.563378660270334
10.3,-20.64397,-3.93213,0.1580899448285294,0.5654189661075756,0.15985292120655753,0.563378660270334
10.32,-20.31629,-3.93213,0.16176635993784602,0.5654189661075756,0.15985292120655753,0.563378660270334
10.34,-20.64397,-3.60445,0.1580899448285294,0.5654189661075756,0.15985292120655753,0.5680734687088109
10.36,-20.64397,-3.604445,0.1580899448285294,0.5654189661075756,0.15985292120655753,0.5680735403459025
10.38,-20.316285,-3.60445,0.1580899448285294,0.5654189661075756,0.16357039142771346,0.5680734687088109
10.4,-9.501394999999999,-1.638395,0.20589837541787834,0.5794374331273219,0.23791990929728882,0.5821576791129666
10.42,-6.88119,-0.65535999999999,0.23529589627231723,0.5887831015745981,0.2379198525740604,0.5868524875514436
10.44,-6.88119,-0.983039999999995,0.23529589627231723,0.584110231699792,0.2379198525740604,0.5868524875514436
10.46,-6.88119,-0.65535999999999,0.23529589627231723,0.5887831015745981,0.2379198525740604,0.5868524875514436
10.48,-6.88119,-0.983039999999995,0.23529589627231723,0.584110231699792,0.2379198525740604,0.5868524875514436
10.5,-7.20887,-1.31072,0.23529589627231723,0.584110231699792,0.23420243907613292,0.5821576791129666
10.52,-7.20887,-0.983039999999995,0.23529589627231723,0.584110231699792,0.23420243907613292,0.5868524875514436
10.54,-7.53655,-0.65535999999999,0.2316194811630006,0.5887831015745981,0.23420243907613292,0.5868524875514436
10.56,-7.53655,-0.65535999999999,0.2316194811630006,0.5887831015745981,0.23420243907613292,0.5868524875514436
10.58,-7.53655,-0.983039999999995,0.2316194811630006,0.584110231699792,0.23420243907613292,0.5868524875514436
10.6,-6.88119,-0.65535999999999,0.23529589627231723,0.5887831015745981,0.2379198525740604,0.5868524875514436
10.62,-6.22584,-0.983039999999995,0.23897225528399121,0.5887831015745981,0.24163720934875949,0.5821576791129666
10.64,-6.22585,-1.63841,0.23897219918634852,0.5794372905226505,0.24163715262553107,0.5821576074758749
10.66,-5.5705,-1.31073,0.2426485581980225,0.5841101603974562,0.24535450940023013,0.5821576074758749
10.68,-5.57051,-1.3107250000000001,0.24264850210037986,0.584110231699792,0.24535445267700173,0.5821576074758749
10.7,-6.88125,-1.96608,0.2463249172096965,0.5841101603974562,0.22676715829445052,0.5727681338731044
10.72,-21.627055,-4.915165,0.16544271894952,0.5607460962327696,0.14126539993109263,0.5539891150304719
10.74,-22.61011,-4.58748,0.14706036291472355,0.5560732976602994,0.14870034037340446,0.5633787319074257
10.76,-22.610115,-4.2598,0.14706036291472355,0.5607461675351053,0.14870028365017604,0.5633787319074257
10.78,-22.610115,-3.60444,0.14706036291472355,0.5654190374099113,0.14870028365017604,0.5680735403459025
10.8,-22.610120000000002,-3.60444,0.14706030681708088,0.5654190374099113,0.14870028365017604,0.5680735403459025
10.82,-22.610120000000002,-3.60444,0.14706030681708088,0.5654190374099113,0.14870028365017604,0.5680735403459025
10.84,-22.9378,-3.2767549999999996,0.14706030681708088,0.5700919072847173,0.14498287015224856,0.5680736119829942
10.86,-22.937805,-2.9490749999999997,0.14338389170776422,0.5747647771595232,0.14870022692694762,0.5680736119829942
10.88,-22.610125,-3.27676,0.14706030681708088,0.5700919072847173,0.14870022692694762,0.5680735403459025
10.9,-22.610125,-3.27676,0.14706030681708088,0.5700919072847173,0.14870022692694762,0.5680735403459025
10.92,-22.610125,-3.604435,0.14706030681708088,0.5700919072847173,0.14870022692694762,0.5633788035445173
10.94,-22.610129999999998,-3.27676,0.1470602507194382,0.5700919072847173,0.14870022692694762,0.5680735403459025
10.96,-22.93781,-3.93212,0.14338383561012158,0.5654190374099113,0.14870022692694762,0.5633787319074257
10.98,-22.93781,-3.93212,0.1470602507194382,0.5654190374099113,0.14498281342902014,0.5633787319074257
11.0,-22.9378,-3.93212,0.14706030681708088,0.5654190374099113,0.14498287015224856,0.5633787319074257
11.02,-22.610115,-3.93213,0.14338389170776422,0.5654189661075756,0.152417753871332,0.563378660270334
11.04,-11.468810000000001,-2.293765,0.19485448860519436,0.5747644919501802,0.22676732846413575,0.5774627990373981
11.06,-9.17502,-1.31072,0.22058984315155208,0.584110231699792,0.2267672150176789,0.5821576791129666
11.08,-9.17501,-0.65535999999999,0.22426631435851135,0.5887831015745981,0.22304985824297985,0.5868524875514436
11.1,-9.502690000000001,-1.310715,0.22058989924919473,0.5841103030021279,0.22304985824297985,0.5821576791129666
11.12,-9.17501,-1.6384,0.22426631435851135,0.584110231699792,0.22304985824297985,0.5774628706744896
11.14,-8.51964,-1.96609,0.224266370456154,0.5794372905226505,0.23048474196206328,0.5774627990373981
11.16,-8.84732,-1.96609,0.224266370456154,0.5794372905226505,0.22676732846413575,0.5774627990373981
11.18,-8.191955,-1.31073,0.22794278556547065,0.5841101603974562,0.2304847986852917,0.5821576074758749
11.2,-8.519625,-1.31073,0.22426642655379667,0.5841101603974562,0.23048485540852012,0.5821576074758749
11.22,-8.51962,-0.65537,0.227942897760756,0.5887830302722622,0.22676744191059262,0.5868524159143518
11.24,-8.191935,-0.327685,0.227942897760756,0.5887830302722622,0.23048491213174857,0.5915472959899204
11.26,-8.519595,0.65536,0.22426659484672468,0.5981288413242098,0.2304850255782054,0.5962421044283972
11.28,-8.191905,1.6384,0.22794306605368395,0.6028017111990158,0.2304850823014338,0.605631721305351
11.3,-8.847259999999999,1.96608,0.22426670704201,0.6074745810738218,0.22676766880350632,0.605631721305351
11.32,-8.191885,1.310715,0.22794317824896926,0.60280163989668,0.23048519574789067,0.6009369128668741
11.34,-8.51957,1.3107199999999999,0.22794317824896926,0.60280163989668,0.22676772552673471,0.6009369845039658
11.36,-8.51957,1.6384,0.22794317824896926,0.6074745810738218,0.22676772552673471,0.6009369128668741
11.38,-2.293555,3.27679,0.23529612066288785,0.607474509771486,0.28996471928638545,0.6244108834221669
11.4,12.124615,6.2258949999999995,0.33823748275067606,0.6355116577179858,0.3494444129945656,0.6384951654634142
11.42,12.452285,6.881265,0.3419138978599927,0.6401845275927918,0.34944429954810874,0.6431901171760744
11.44,12.779959999999999,7.208945,0.3455903129693093,0.6448573974675977,0.34944424282488035,0.6431901171760744
11.46,13.10764,8.19199,0.34926672807862597,0.6495303386447394,0.34944424282488035,0.6525797340530283
11.48,13.435324999999999,8.847349999999999,0.34926672807862597,0.6588760783943513,0.3531617130460362,0.6525797340530283
11.5,14.090689999999999,9.502704999999999,0.35294319928558526,0.6588760070920155,0.3568791265439637,0.6619693509299819
11.52,14.0907,9.83038,0.3529432553832279,0.6635488769668215,0.35687918326719215,0.6619692792928903
11.54,15.07374,9.83038,0.35661967049254456,0.6635488769668215,0.36431401026304716,0.6619692792928903
11.56,15.401420000000002,10.158059999999999,0.36029608560186116,0.6635488769668215,0.36431401026304716,0.6666640877313671
11.58,15.72911,10.158059999999999,0.3602961416995038,0.6635488769668215,0.36803148048420303,0.6666640877313671
11.6,16.0568,10.48574,0.36397261290646316,0.6682217468416273,0.3680315372074315,0.6666640877313671
11.62,16.384475000000002,10.48574,0.36397255680882046,0.6682217468416273,0.371748950705359,0.6666640877313671
11.64,17.039825,9.502690000000001,0.3676489719181371,0.6635488056644857,0.37546625075682966,0.6572743992173218
11.66,17.3675,8.19197,0.3676489158204944,0.6542030659148739,0.37918366425475714,0.647884782340368
11.68,31.13028,9.502665,0.42647234293655784,0.6588757931850082,0.4758381168977249,0.6619689927445237
11.7,36.04557,10.48571,0.4779431642245586,0.6682215329346202,0.4795555303956524,0.6666638728200922
11.72,36.04556,10.813395,0.4779430520292733,0.6728944028094261,0.4795555303956524,0.6666639444571839
11.74,35.71787,9.174985,0.47426658082231393,0.6635486630598142,0.47955547367242396,0.65257937586757
11.76,36.04555,9.174975,0.47426658082231393,0.654202780705531,0.4832728871703515,0.6619689927445237
11.78,35.71787,10.15802,0.47426658082231393,0.6635485917574786,0.47955547367242396,0.6666638011830005
11.8,35.39019,10.813385,0.47426658082231393,0.6682214616322844,0.4758380601744965,0.6713586812585691
11.82,35.390195,11.796425,0.47426663691995663,0.6775672013818963,0.4758380601744965,0.676053489697046
11.84,35.06252,12.124115,0.47059022181064,0.677567272684232,0.4758381168977249,0.6807483697726145
11.86,35.390204999999995,12.45179,0.47059022181064,0.682240142559038,0.47955558711888085,0.680748298135523
11.88,45.220785,13.7625,0.5147078762941515,0.6869129411315081,0.5464703914390581,0.6948326518138619
11.9,48.169965,14.09018,0.5441199264380392,0.6915858110063141,0.5501877482137572,0.6948326518138619
11.92,48.16997,14.41786,0.5441199264380392,0.6962586808811201,0.5501878049369855,0.6948326518138619
11.94,48.16998,14.09018,0.5441199825356818,0.6962586808811201,0.5501878616602139,0.690137843375385
11.96,47.51462,14.09018,0.5404435674263652,0.6962586808811201,0.5464704481622865,0.690137843375385
11.98,47.18693,13.7625,0.5404435113287225,0.6915858110063141,0.5427529779411305,0.690137843375385
12.0,46.531555,15.07323,0.5367670401217632,0.7009316220582616,0.5390354509967463,0.6995275318894304
12.02,45.87619,15.073235,0.533090568914804,0.7009316220582616,0.5353180374988188,0.6995276035265221
12.04,45.548505,15.7286,0.5294141538054873,0.7056045632354033,0.5353179807755903,0.7042224119649989
12.06,45.22082,15.7286,0.5294140977078448,0.7056045632354033,0.5316005672776628,0.7042224119649989
12.08,40.96091,14.090205000000001,0.5257376265008854,0.7009316933605975,0.48699086790056323,0.6854432498481831
12.1,33.09643,11.796455,0.45956092038504737,0.6775674152889034,0.464685819680714,0.6760537046083209
12.12,33.751785,12.451815,0.463237335494364,0.6822402851637094,0.4684031764554131,0.6807485130467978
12.14,33.751785,12.779499999999999,0.463237335494364,0.6822403564660452,0.4684031764554131,0.6854433214852748
12.16,33.75178,13.762545,0.46323727939672144,0.6869132263408511,0.4684031764554131,0.6948330099993202
12.18,33.09642,14.745905,0.4595608642874048,0.6962634581376144,0.46468576295748565,0.6995278900748887
12.2,32.76874,15.400965,0.4595608642874048,0.7009319785699404,0.4609683494595581,0.7042227701504572
12.22,32.441064999999995,15.72865,0.4558844491780881,0.7056049197470821,0.4609684061827865,0.7042227701504572
12.24,32.441065,16.05633,0.4558845052757308,0.710277789621888,0.4609683494595581,0.7042227701504572
12.26,31.13034,16.38401,0.4558844491780881,0.710277789621888,0.4460986954678481,0.7089175785889341
12.28,31.785705,17.039375,0.45220809016641417,0.714950659496694,0.45725093596163063,0.7136124586645026
12.3,33.096445,17.039365,0.45220803406877147,0.714950659496694,0.47212087356948274,0.7136123153903193
12.32,44.2378,18.02239,0.5147083250752927,0.7196233867668284,0.5353183211149608,0.7230018606301815
12.34,45.54854,19.00543,0.5294143220984152,0.7289691265164403,0.535318207668504,0.7276966690686584
12.36,45.54853,19.660795,0.5294142660007726,0.7336420676935819,0.5353181509452756,0.7323914775071352
12.38,45.54853,19.66079,0.5294142660007726,0.7336419963912462,0.5353181509452756,0.7323914775071352
12.4,45.548519999999996,19.66079,0.52941420990313,0.7336419963912462,0.5353180942220471,0.7323914775071352
12.42,45.54851,20.64383,0.5294141538054873,0.738314866266052,0.5353180374988188,0.7417810943840889
12.44,45.54851,20.64383,0.5294141538054873,0.738314866266052,0.5353180374988188,0.7417810943840889
12.46,45.220825000000005,20.64383,0.5294141538054873,0.742987736140858,0.5316005672776628,0.7370862859456121
12.48,23.921300000000002,9.175040000000001,0.4742671978963832,0.7009319785699404,0.34572694277340965,0.6150213381823048
12.5,-22.937665000000003,-10.158025,0.2058844632024988,0.5420546167335459,0.0855042541854085,0.4976517003171159
12.52,-48.497025,-12.779409999999999,0.003679163893806903,0.4953264884041724,2.60926850747857e-06,0.5070415321053446
12.54,-48.824690000000004,-9.174915,2.804882132936053e-06,0.5233637789553438,2.7227149643202075e-06,0.5305157175719124
12.56,-48.824695000000006,-6.88115,2.6926868476218e-06,0.5420553297569032,2.7794381927208742e-06,0.5446001428873429
12.58,-48.824690000000004,-5.57042,2.7487844902988566e-06,0.5514011408088508,2.7794381927208742e-06,0.5539898314013885
12.6,-48.8247,-4.915065,2.6926868476218e-06,0.5560740106836568,2.7227149643202075e-06,0.5586845682027737
12.62,-48.8247,-4.58739,2.6926868476218e-06,0.560746809256127,2.7227149643202075e-06,0.5586845682027737
12.64,-48.824705,-4.5874,2.6926868476218e-06,0.5607467379537913,2.665991735879237e-06,0.558684496565682
12.66,-48.824709999999996,-5.24276,2.636589204984603e-06,0.5560738680789853,2.665991735879237e-06,0.5539896881272051
12.68,-48.82472,-5.89812,2.5804915623075464e-06,0.5514009982041793,2.60926850747857e-06,0.5492948796887281
12.7,-48.82473,-5.89812,2.5804915623075464e-06,0.5514009982041793,2.495822050636933e-06,0.5492948796887281
12.72,-48.82474,-6.2258,2.4682962769932933e-06,0.5467281283293733,2.495822050636933e-06,0.5492948796887281
12.74,-39.97726,-4.25974,0.03676706817058461,0.5607465953491197,0.06319943285847293,0.5633791617299755
12.76,-37.355805,-3.2767049999999998,0.06250231052165703,0.5700922637963959,0.0669166761867152,0.5680739701684524
12.78,-37.028135,-3.9320649999999997,0.06617866953333099,0.5654194652239256,0.06691661946348676,0.5633790900928839
12.8,-37.02814,-4.587425,0.06617861343568832,0.5607465953491197,0.06691661946348676,0.5586842816544071
12.82,-36.37278,-4.58743,0.06985502854500496,0.560746524046784,0.07063403296141427,0.5586842816544071
12.84,-36.37277,-5.242795,0.06985508464264764,0.5560735828696424,0.07063408968464267,0.5539894732159302
12.86,-36.04509,-4.91512,0.07353149975196424,0.5560735828696424,0.07063408968464267,0.5586842100173154
12.88,-36.37277,-5.2428,0.06985508464264764,0.5560735828696424,0.07063408968464267,0.5539894015788385
12.9,-24.248415,-2.62139,0.11029621182155719,0.5700920498893887,0.16728848560438203,0.5774631572228562
12.92,-17.367015000000002,-2.621405,0.18014938914435444,0.5747647058571874,0.17472336932346547,0.5727683487843794
12.94,-19.005445,-2.62139,0.16911991942583388,0.5747648484618588,0.1672884288811536,0.572768420421471
12.96,-19.988505,-3.60443,0.1654433921212319,0.570091978587053,0.15985348843884176,0.5633788035445173
12.98,-20.97158,-4.259785,0.15809039360967067,0.5654191087122471,0.15613584804800057,0.5586840667431321
13.0,-21.626965,-4.915145,0.15441381020742606,0.5607462388374411,0.15241832110361622,0.5539892583046553
13.02,-22.610025,-5.24282,0.14706086779350747,0.556073440264971,0.14870079415923185,0.5539892583046553
13.04,-22.610030000000002,-5.570505,0.14706081169586482,0.5514004990878292,0.14870079415923185,0.5539892583046553
13.06,-22.610030000000002,-4.91514,0.14706081169586482,0.556073440264971,0.14870079415923185,0.5586840667431321
13.08,-21.95466,-4.91515,0.1507372829028241,0.5560733689626352,0.1524182643803878,0.5586839951060405
13.1,-20.971605,-3.932115,0.1544137541097834,0.5654191087122471,0.15985320482269963,0.5633787319074257
13.12,-20.316225,-3.276765,0.15809028141438536,0.5700919072847173,0.163570731767084,0.5680734687088109
13.14,-19.988525000000003,-2.62141,0.1617668087189873,0.5700918359823814,0.16357084521354084,0.5774630855857646
13.16,-19.660825,-2.29373,0.16176692091427264,0.5747647058571874,0.1672883721579252,0.5774630855857646
13.18,-10.813335,-0.655359999999998,0.18382569205838573,0.5841103030021279,0.24535524680219967,0.5915472243528288
13.2,0.983365,1.63838,0.279414167829898,0.6028015685943443,0.2825301759066726,0.6056315780311677
13.22,1.31105,2.29374,0.279414167829898,0.6074744384691503,0.2862476461278285,0.6103263864696445
13.24,2.621785,3.27679,0.28676711024381657,0.6168202495210979,0.29368252984691195,0.6150212665452132
13.26,3.604855,3.93215,0.2904436936460612,0.6214931193959038,0.3011175270124522,0.6197160749836901
13.28,5.89864,4.25982,0.30514946627861306,0.6214930480935681,0.31226993767592,0.6244108117850753
13.3,7.209395000000001,4.91518,0.31250252088781694,0.6261659179683741,0.3197049348414603,0.6291056202235522
13.32,8.520145,5.57053,0.31985551939937823,0.6308387165408442,0.3271399320070006,0.6338003570249374
13.34,9.83088,5.898205,0.32720846181329677,0.6355115864156502,0.334574815726084,0.6338002853878457
13.36,18.023,6.88122,0.3492671768597672,0.6355114438109787,0.40520680665127495,0.6478844957920014
13.38,26.542825,8.19192,0.4227967692918811,0.6495298395283892,0.4275116279782105,0.6525792325933866
13.4,26.8705,8.5196,0.4227967131942384,0.6542027094031951,0.43122904147613805,0.6525792325933866
13.42,27.198169999999998,8.5196,0.4264730722059124,0.6542027094031951,0.4312289847529096,0.6525792325933866
13.44,27.853524999999998,8.19193,0.430149487315229,0.654202780705531,0.43494634152760875,0.6478844957920014
13.46,27.853515,8.191925,0.43014943121758636,0.6495298395283892,0.4349462848043803,0.6525793042304783
13.48,27.52583,8.847290000000001,0.43014937511994367,0.654202780705531,0.43122887130645277,0.6572741126689552
13.5,27.198145,8.847290000000001,0.4264729039129844,0.654202780705531,0.43122887130645277,0.6572741126689552
13.52,28.18119,9.17497,0.43014937511994367,0.6588756505803368,0.43866369830230784,0.6572741126689552
13.54,28.18119,9.83033,0.4338257902292603,0.6635485204551428,0.4349462848043803,0.6619689211074321
13.56,28.508885,9.83033,0.433825846326903,0.6635485204551428,0.4386638117487646,0.6619689211074321
13.58,28.50889,9.830325,0.43382590242454566,0.6635485204551428,0.4386638117487646,0.6619688494703404
13.6,38.667145000000005,10.813345,0.4595611447756181,0.6682212477252772,0.527883380672649,0.6713583230731108
13.62,47.514700000000005,11.79637,0.5441204874144657,0.6775668448702176,0.542753431726958,0.676053059874496
13.64,46.85932,12.124054999999998,0.5367674889029045,0.6775669161725534,0.5427533750037296,0.680747868312973
13.66,47.187,12.45174,0.5367674889029045,0.6822397860473592,0.5464707885016571,0.6807479399500647
13.68,47.514675,12.45174,0.5404438479145784,0.6822397860473592,0.5464707885016571,0.6807479399500647
13.7,48.170035,12.77942,0.5441202630238952,0.6822397860473592,0.5501882019995845,0.6854427483885416
13.72,48.170035,13.43478,0.5441203191215377,0.6869126559221652,0.5501881452763561,0.6901375568270184
13.74,48.497725,14.41783,0.5477967342308544,0.6962584669741128,0.550188258722813,0.6948324369025869
13.76,49.480779999999996,15.72855,0.5514732615354564,0.7009313368489187,0.5576231424418964,0.7089168622180175
13.78,49.480795,16.71159,0.551473317633099,0.7102770765985307,0.5576232558883533,0.7136116706564944
13.8,49.808475,16.056224999999998,0.558826203949375,0.7149498751710008,0.5539057856671973,0.6995272453410638
13.82,20.64449,2.94904,0.4558851223498,0.6495297682260536,0.3271397618373153,0.5774623692148482
13.84,-19.0054,-9.830415,0.20956127099531408,0.5280355792951136,0.12639659678780896,0.5164303609742902
13.86,-32.44042,-9.502715,0.088238113849156,0.518690053452509,0.09665717535793208,0.5305148579268125
13.88,-32.768100000000004,-7.53662,0.0919146972514006,0.5373816755564043,0.08922217819239181,0.539904546440858
13.9,-33.751155,-5.89822,0.08456169873983936,0.5514002851808221,0.0855047646944643,0.5492941633178118
13.92,-33.423485,-5.57054,0.088238113849156,0.5514002851808221,0.08550465124800746,0.5539889717562886
13.94,-34.07885,-5.89822,0.08088522753288008,0.5514002851808221,0.08550465124800746,0.5492941633178118
13.96,-33.75118,-6.2259,0.08456158654455405,0.5514002851808221,0.08550459452477906,0.5445993548793349
13.98,-33.423519999999996,-6.881265,0.08456147434926874,0.5467273440036803,0.08922189457624968,0.539904546440858
14.0,-33.09585,-7.20895,0.08823783336094271,0.5420544741288744,0.08922183785302129,0.5399044748037662
14.02,-36.37271,-8.847349999999999,0.08456130605634074,0.5373816042540684,0.055764549139389503,0.5211252410498588
14.04,-38.666515000000004,-10.48575,0.05514948030302374,0.5186901247548448,0.05948196263731702,0.5164304326113819
14.06,-37.683475,-10.48575,0.06250236661929966,0.5186901247548448,0.06319931941201609,0.5164304326113819
14.08,-38.011155,-10.158065,0.058825951509983015,0.5186901247548448,0.06319931941201609,0.5211253126869504
14.1,-38.01116,-9.175025,0.06250231052165703,0.5280359358067923,0.05948190591408861,0.5258200494883357
14.12,-37.68348,-9.17503,0.06250231052165703,0.5280358645044566,0.06319931941201609,0.5258200494883357
14.14,-37.68348,-9.17503,0.06250231052165703,0.5280358645044566,0.06319931941201609,0.5258200494883357
14.16,-37.3558,-9.17503,0.06617872563097363,0.5280358645044566,0.06319931941201609,0.5258200494883357
14.18,-37.68348,-9.502704999999999,0.06250231052165703,0.5280359358067923,0.06319931941201609,0.5211252410498588
14.2,-27.52527,-8.84738,0.08088449826352548,0.5280357932021209,0.15985343171561334,0.5305144997413542
14.22,-10.813310000000001,-7.208690000000001,0.20956121489767143,0.5420587522690186,0.2193330119773366,0.5399039017070331
14.24,-10.48564,-6.881345,0.2132375739093454,0.5420539037101886,0.21933295525410815,0.5445987817826017
14.26,-9.830285,-6.22598,0.21691393292101938,0.5513997147621361,0.22305036875203565,0.5445987817826017
14.28,-9.502614999999999,-6.55367,0.220590348030336,0.5467267735849944,0.22305025530557882,0.54459871014551
14.3,-9.50262,-6.88135,0.22059029193269333,0.5467267735849944,0.22305025530557882,0.5399039017070331
14.32,-9.830305,-7.20903,0.22059029193269333,0.5420539037101886,0.2193327850844229,0.5399039017070331
14.34,-9.83031,-7.20903,0.22059023583505066,0.5420539037101886,0.2193327850844229,0.5399039017070331
14.36,-10.81336,-7.20903,0.21323734951877477,0.5420539037101886,0.21561531486326693,0.5399039017070331
14.38,-11.468725,-7.20903,0.20956093440945814,0.5420539037101886,0.21189784464211103,0.5399039017070331
14.4,-9.174935,-6.88136,0.2058844632024988,0.5373810338353826,0.24163754968813003,0.5492933753098035
14.42,4.2601700000000005,-5.24299,0.29411982826716454,0.5560722281252634,0.30483471361746606,0.5539880404740971
14.44,4.58784,-4.25994,0.29779624337648114,0.560745169302405,0.3048346001710092,0.5633777289881425
14.46,4.91552,-3.60458,0.3014726584857978,0.565418039177211,0.3048346001710092,0.5680725374266195
14.48,5.24321,-3.60458,0.3014727145834405,0.565418039177211,0.3085520703921651,0.5680725374266195
14.5,5.57089,-3.276905,0.3051491296927571,0.5700908377496812,0.3085520703921651,0.5680725374266195
14.52,5.57089,-2.62154,0.3051491296927571,0.5747637789268228,0.3085520703921651,0.5727673458650964
14.54,5.57089,-2.94922,0.3051491296927571,0.5700909090520169,0.3085520703921651,0.5727673458650964
14.56,5.24321,-2.2938549999999998,0.3051491296927571,0.5747637789268228,0.3048346568942376,0.5774622259406648
14.58,5.5708850000000005,-1.96618,0.3051491296927571,0.5794366488016288,0.3085520136689367,0.5774621543035733
14.6,5.57089,-1.96618,0.3051491296927571,0.5794366488016288,0.3085520703921651,0.5774621543035733
14.62,5.57088,-1.96618,0.30514907359511445,0.5794366488016288,0.3085520136689367,0.5774621543035733
14.64,5.89856,-2.29386,0.30514907359511445,0.5747637789268228,0.3122694271668642,0.5774621543035733
14.66,6.55391,-1.6385,0.3088254326067884,0.5794366488016288,0.3159867839415633,0.58215696274205
14.68,7.209265,-1.96619,0.31250179161846237,0.579436577499293,0.31970419743949074,0.5774620826664816
14.7,7.5369399999999995,-1.96619,0.316178206727779,0.579436577499293,0.31970414071626235,0.5774620826664816
14.72,7.86462,-2.94923,0.316178206727779,0.5747637076244871,0.3234215542141899,0.5680724657895277
14.74,15.72908,-1.63853,0.3492664475904127,0.5794364348946215,0.3791838344244425,0.5821567478307751
14.76,17.695189999999997,-0.9831700000000001,0.37132538702745377,0.5841093047694275,0.3791837209779856,0.586851556269252
14.78,17.695185000000002,-0.65549,0.3750018021367704,0.5887821746442334,0.37546625075682966,0.586851556269252
14.8,18.022865,-0.65549,0.3750017460391277,0.5887821746442334,0.3791837209779856,0.586851556269252
14.82,18.02286,-0.65549,0.3750017460391277,0.5887821746442334,0.37918366425475714,0.586851556269252
14.84,18.350540000000002,-1.31085,0.3750017460391277,0.5841093047694275,0.38290107775268467,0.5821567478307751
14.86,18.35054,-0.65549,0.3786781611484444,0.5887821746442334,0.37918366425475714,0.586851556269252
14.88,18.35054,-0.65549,0.3786781611484444,0.5887821746442334,0.37918366425475714,0.586851556269252
14.9,18.67822,-0.65549,0.3786781611484444,0.5887821746442334,0.38290107775268467,0.586851556269252
14.92,18.67821,-0.65549,0.3786781050508017,0.5887821746442334,0.3829010210294562,0.586851556269252
14.94,16.05675,-1.966205,0.3786781611484444,0.5841093047694275,0.3531614294298941,0.572767202590913
14.96,5.8985,-4.91531,0.3125016233255344,0.5607450980000692,0.30483420310841025,0.5539880404740971
14.98,5.570825,-4.58763,0.30514879310690113,0.5607450980000692,0.3085516733295661,0.5586828489125739
15.0,5.57082,-4.58763,0.3051487370092585,0.5607450980000692,0.3085516733295661,0.5586828489125739
15.02,5.57082,-3.93227,0.3051487370092585,0.5654179678748752,0.3085516733295661,0.5633776573510508
15.04,5.8985,-3.93227,0.3088251521185751,0.5654179678748752,0.3085516733295661,0.5633776573510508
15.06,5.57082,-3.60459,0.3051487370092585,0.5654179678748752,0.3085516733295661,0.5680724657895277
15.08,5.57082,-2.949225,0.3051487370092585,0.5700908377496812,0.3085516733295661,0.5727673458650964
15.1,5.8985,-3.27691,0.3088251521185751,0.5700908377496812,0.3085516733295661,0.5680724657895277
15.12,5.57082,-2.949225,0.3051487370092585,0.5700909090520169,0.3085516733295661,0.5727672742280047
15.14,5.570815,-3.276905,0.3051487370092585,0.5700908377496812,0.30855161660633773,0.5680725374266195
15.16,5.57082,-2.2938650000000003,0.3051487370092585,0.5747637076244871,0.3085516733295661,0.5774621543035733
15.18,5.24314,-2.29386,0.3051487370092585,0.5747637789268228,0.30483425983163864,0.5774621543035733
15.2,5.570815,-1.96618,0.3051487370092585,0.5794366488016288,0.30855161660633773,0.5774621543035733
15.22,5.57082,-1.96618,0.3051487370092585,0.5794366488016288,0.3085516733295661,0.5774621543035733
15.24,5.24313,-1.31082,0.30514868091161584,0.5841095186764347,0.30483420310841025,0.58215696274205
15.26,4.91545,-1.6385,0.3014722658022992,0.5794366488016288,0.30483420310841025,0.58215696274205
15.28,5.24313,-1.310815,0.30514868091161584,0.5841095186764347,0.30483420310841025,0.5821570343791417
15.3,4.91545,-0.983134999999995,0.3014722658022992,0.5841095186764347,0.30483420310841025,0.5868518428176187
15.32,4.26009,-0.65544999999999,0.29779585069298253,0.5887824598535765,0.3011167896104827,0.5868518428176187
15.34,4.260075,0.3275949999999999,0.2977957945953399,0.5934553297283823,0.3011166761640259,0.596241531331664
15.36,4.587735,-7.0000000000903e-05,0.2977956824000546,0.5934554723330537,0.30483397621549657,0.5915467945302787
15.38,3.9323550000000003,-0.6554300000000004,0.29779557020476927,0.5934554723330537,0.29739903577318466,0.5821571776533251
15.4,3.60467,-6.881375,0.29411909899780997,0.5560723707299349,0.29739903577318466,0.5305140699188043
15.42,3.60468,-17.367185,0.29411909899780997,0.49999764702292065,0.2973991492196415,0.43661747132671674
15.44,5.898524999999999,-39.321825000000004,0.3014722658022992,0.350465240610445,0.3159868406647917,0.2722986028832926
15.46,7.20939,-57.344265,0.31617871160656297,0.21027878785458828,0.31598769151321804,0.1549281770100956
15.48,5.571135,-68.157715,0.30882672285256957,0.12149418893093981,0.3048362451446335,0.08920078723432753
15.5,7.8650400000000005,-68.4854,0.2977982067939743,0.0841111586301566,0.3420112876955632,0.1220644463036657
15.52,24.57687,-51.118355,0.4007390079053359,0.20093290550030496,0.42751230865695167,0.2535191542181101
15.54,27.52585,-36.37274,0.42647324049884044,0.30840898392317717,0.43494622808115185,0.35680508313878484
15.56,28.508795,-23.92087,0.4338254536434044,0.40186666662863874,0.43866318779325203,0.44131177830555207
15.58,28.18107,-15.40117,0.4338251731551911,0.4672869161782575,0.4349455474024108,0.4976496944785497
15.6,26.87032,-8.19218,0.4264721185459872,0.5233615685829359,0.4275106069600989,0.5445979937745934
15.62,25.559585,-3.276945,0.4191192322297112,0.5607448127907263,0.42007566651778705,0.5774618677552066
15.64,23.921174999999998,0.65523,0.41176634591343536,0.5887821033418976,0.40892336930077616,0.6056308616602512
15.66,22.938125,3.604365,0.40441345959715946,0.6121465953205988,0.40520589907962024,0.6244101670512504
15.68,22.28276,6.225815,0.4007369883902001,0.6355110159969641,0.4014884855816927,0.6384946640037726
15.7,21.955080000000002,6.88118,0.3970605732808835,0.6401839571741059,0.4014884855816927,0.6431894724422496
15.72,22.61044,7.8642199999999995,0.4007369883902001,0.6448568270489118,0.40520589907962024,0.6525790893192034
15.74,22.61044,7.864225,0.4007369883902001,0.6495296969237178,0.40520589907962024,0.6478843525178182
15.76,22.610435000000003,8.1919,0.4007369883902001,0.6495296969237178,0.4052058423563918,0.6525790893192034
15.78,22.93811,7.86422,0.40073693229255747,0.6495296969237178,0.40892325585431927,0.6478842808807265
15.8,22.610425,7.864215,0.40073687619491477,0.6495296256213821,0.4052058423563918,0.6478842808807265
15.82,22.610435000000003,7.86422,0.40073693229255747,0.6495296969237178,0.40520589907962024,0.6478842808807265
15.84,22.28277,7.20886,0.4007370444878428,0.6448568270489118,0.40148854230492115,0.6431894724422496
15.86,21.9551,7.86421,0.39706068547616885,0.6495296256213821,0.4014885990281496,0.6478842092436348
15.88,21.9551,8.847255,0.39706068547616885,0.6542025667985237,0.4014885990281496,0.6572738261205886
15.9,22.282780000000002,9.174935,0.39706068547616885,0.6588754366733296,0.4052060125260771,0.6572738261205886
15.92,22.28278,8.51957,0.4007371566831281,0.6542024954961879,0.40148854230492115,0.6525790176821117
15.94,15.40139,7.864225,0.3639724446135351,0.6495297682260536,0.36059631314897755,0.6478842808807265
15.96,15.401395,7.208855,0.3602959734065759,0.6448568270489118,0.36431384009336193,0.6431894008051579
15.98,15.40138,5.57045,0.36029586121129054,0.6355110159969641,0.3643137833701335,0.6291049754897273
16.0,15.07371,4.91508,0.3602959173089332,0.6308380748198226,0.3605964265954344,0.6244100954141587
16.02,15.40139,3.932035,0.3602959173089332,0.6214922637678749,0.36431384009336193,0.6197152869756818
16.04,15.40139,4.25971,0.3602959173089332,0.6214922637678749,0.36431384009336193,0.6244100237770671
16.06,14.74604,5.898125,0.3566195582972592,0.6308380748198226,0.36059648331866284,0.638494592366681
16.08,14.41837,7.536535000000001,0.3566196143949019,0.6448567557465761,0.3568791265439637,0.6478842808807265
16.1,14.090695,7.86422,0.35294319928558526,0.6495296969237178,0.35687918326719215,0.6478842808807265
16.12,13.763015,7.5365400000000005,0.3529432553832279,0.6495296969237178,0.3531617130460362,0.6431894724422496
16.14,14.090685,6.55349,0.35294319928558526,0.6448567557465761,0.3568790698207353,0.6337997839282041
16.16,14.41835,4.25971,0.3566195021996166,0.6261651336426809,0.3568790130975069,0.6197152153385902
16.18,14.09065,3.27667,0.3529430309926573,0.616819393893069,0.3568788429278216,0.6150204069001133
16.2,14.09063,2.621315,0.35294291879737194,0.6121465240182631,0.3568787294813648,0.6103256700987281
16.22,13.435255000000002,1.96596,0.34926639149277,0.6074737254457928,0.3531612592602088,0.6056308616602512
16.24,13.10755,1.31061,0.349266223199842,0.6028009268733227,0.34944373231582454,0.6009361248588659
16.26,13.43523,0.655255000000005,0.349266223199842,0.5981280569985167,0.35316114581375196,0.5962413880574808
16.28,5.89847,10.81345,0.3272073398604436,0.6401843849881204,0.28996415205410125,0.6995283198974386
16.3,-3.276655,21.627015,0.2573546674164303,0.7383157931964167,0.2565072604030684,0.755866665892986
16.32,-2.94895,26.214575,0.2573548357093583,0.7756991087065429,0.2602247873474528,0.7840357314351223
16.34,-2.94894,27.525315,0.2573548357093583,0.7897178609356321,0.26022490079390964,0.7887306831477825
16.36,-2.621245,28.180684999999997,0.25735494790464364,0.7943908021127737,0.26394237101506557,0.793425563223351
16.38,-2.29355,28.180889999999998,0.2610314752092456,0.7943937255085389,0.26394242773829396,0.793425563223351
16.4,-2.29354,28.18069,0.2610315313068882,0.7943908734151095,0.2639424844615224,0.793425563223351
16.42,-3.2765750000000002,29.16373,0.25735511619757157,0.7990637432899155,0.25650771418889584,0.8028151801003048
16.44,-3.27657,30.14677,0.25735517229521426,0.8084094830395273,0.25650771418889584,0.8075099885387818
16.46,-3.9319249999999997,31.457494999999998,0.2536788132835403,0.8130823529143333,0.2527903006909683,0.821594485491304
16.48,-5.24266,32.440545,0.24632587086962168,0.8224281639662808,0.2453554169718849,0.8262893655668725
16.5,-5.8980250000000005,33.751265000000004,0.24264945576030506,0.8317739037158927,0.241637946750729,0.8356789824438262
16.52,-6.22571,34.07895,0.23897298455334576,0.8364468448930343,0.241637946750729,0.8356789824438262
16.54,-6.5534,33.423585,0.2389729284557031,0.8317739037158927,0.23792047652957307,0.8309841740053493
16.56,-5.89804,33.42358,0.2389729284557031,0.8317739037158927,0.24535530352542806,0.8309841023682578
16.58,-5.24269,33.42357,0.2426492874673771,0.831773832413557,0.24907266030012712,0.8309840307311661
16.6,-4.58733,33.095885,0.2463257025766937,0.8271009625387511,0.2527900737980546,0.8309839590940745
16.62,-4.2596549999999995,33.42356,0.25000211768601033,0.8317737611112213,0.2527900170748262,0.8309839590940745
16.64,-4.25966,33.423555,0.2500020615883677,0.8317737611112213,0.2527900170748262,0.8309838874569828
16.66,-3.6043,32.76819,0.2536784766976843,0.8271008199340796,0.2565074305727537,0.8262890790185059
16.68,-3.27663,32.4405,0.2573548357093583,0.8271007486317439,0.2565073738495253,0.8215941989429374
16.7,-2.94896,32.11281,0.25735477961171566,0.8224278074546021,0.2602247306242244,0.8215941273058457
16.72,-2.94896,31.129765,0.25735477961171566,0.8177549375797962,0.2602247306242244,0.8122044387918004
16.74,-3.27664,30.80208,0.253678364502399,0.8130819964026545,0.2602247306242244,0.8122044387918004
16.76,-2.94896,30.80207,0.25735477961171566,0.8130819251003188,0.2602247306242244,0.8122043671547087
16.78,-3.60432,31.785109999999996,0.253678364502399,0.8177547949751247,0.2565073171262969,0.8215939840316624
16.8,-4.25968,31.785109999999996,0.2500019493930824,0.8224276648499306,0.25278990362836934,0.8168991755931856
16.82,-3.9320000000000004,30.474384999999998,0.2500019493930824,0.8130819251003188,0.2565073171262969,0.80750948707914
16.84,-3.932,30.1467,0.253678364502399,0.8084089839231771,0.25278990362836934,0.80750948707914
16.86,-4.58737,30.1467,0.2500018932954397,0.8084089839231771,0.24907243340721344,0.80750948707914
16.88,-4.58737,30.1467,0.2500018932954397,0.8084089839231771,0.24907243340721344,0.80750948707914
16.9,-4.91506,29.49135,0.24632542208848043,0.8037361853507069,0.24907237668398505,0.8028147502777548
16.92,-4.91506,29.163665,0.24632542208848043,0.8037361853507069,0.24907237668398505,0.7981198702021864
16.94,-4.91506,28.83598,0.24632542208848043,0.7990632441735653,0.24907237668398505,0.7981198702021864
16.96,-4.91507,27.52525,0.24632536599083776,0.7897174331216177,0.2490723199607566,0.7887301816881409
16.98,-4.91507,26.86989,0.24632536599083776,0.7850445632468117,0.2490723199607566,0.784035373249664
17.0,-4.58739,26.21453,0.24632536599083776,0.7803716933720057,0.2527897334586841,0.7793405648111872
17.02,-18.677825,22.937765,0.22059017973740802,0.7710260249247296,0.1189609189435276,0.7417825271259221
17.04,-48.824915000000004,13.10745,1.9634174930592232e-06,0.6962607486488563,1.0210181116150397e-06,0.6760557820839789
17.06,-48.824965,13.76283,1.0658552105053367e-06,0.6869152941085875,1.361357482180256e-06,0.6948350158378863
17.08,-48.824955,14.41819,1.2902457811338434e-06,0.6962610338581993,1.2479110252983144e-06,0.6948350158378863
17.1,-48.824960000000004,14.74587,1.2341481384966466e-06,0.6962610338581993,1.2479110252983144e-06,0.6995298242763632
17.12,-48.82497,14.74587,1.2341481384966466e-06,0.6962610338581993,1.134464568456677e-06,0.6995298242763632
17.14,-48.824985,14.41818,1.1219528531823933e-06,0.6962609625558637,1.0777413400560106e-06,0.6948349442007948
17.16,-48.824995,14.418185,1.0658552105053367e-06,0.6962609625558637,1.0210181116150397e-06,0.6948350158378863
17.18,-48.825015,14.418185,9.536599251910834e-07,0.6962609625558637,9.075716547734025e-07,0.6948350158378863
17.2,-48.825025,13.10746,8.975622825140268e-07,0.6915880926810577,8.50848426372736e-07,0.6807505188853641
17.22,-48.825045,10.15831,7.853669971997734e-07,0.6682235294000208,7.374019695310987e-07,0.6619710702201816
17.24,-48.825055,10.486,7.292693545625767e-07,0.6682236007023565,6.80678741090128e-07,0.6666659502957502
17.26,-48.825065,11.469045000000001,6.731717118855201e-07,0.6728964705771625,6.239555126491572e-07,0.6760556388097956
17.28,-48.82508,12.452095,5.609764265712668e-07,0.6775694117543041,5.672322842484907e-07,0.685445327323841
17.3,-48.825095,13.107465,5.0487878393407e-07,0.6869152228062517,4.537858274068534e-07,0.6854453989609327
17.32,-48.82512,12.779785,3.3658585594276003e-07,0.6869152941085875,3.403393705652161e-07,0.6807505188853641
17.34,-30.80229,8.192115,0.00735434485498505,0.6635503030135361,0.1970269427393757,0.6384957385601475
17.36,15.07354,2.6213550000000003,0.33823613640725225,0.6121469518322775,0.38290028362748674,0.6103258133729114
17.38,16.71195,5.24281,0.36397143485596734,0.6261655614566953,0.37546517301548965,0.6338000704765707
17.4,17.36731,6.55353,0.37132426507460053,0.640184171081113,0.37546517301548965,0.6384948789150476
17.42,18.022660000000002,7.20889,0.3750006240862745,0.644857040955919,0.37918252979018874,0.6431896873535244
17.44,19.005699999999997,6.22584,0.37867703919559115,0.6401840997787774,0.3866173567860437,0.6337999988394791
17.46,20.316415,5.24278,0.38602981331658176,0.630838217424494,0.3940521837818987,0.6291050471268189
17.48,20.971775,4.91509,0.38970628452354106,0.6308381461221584,0.39776954055659774,0.6244101670512504
17.5,21.954819999999998,4.5874,0.39705911474217437,0.6261652049450166,0.40148701077775373,0.6244100954141587
17.52,22.93786,4.58739,0.400735529851491,0.6261651336426809,0.40892183777360874,0.6244100237770671
17.54,23.593220000000002,4.58739,0.4044119449608077,0.6261651336426809,0.4126392512715363,0.6244100237770671
17.56,23.9209,4.91507,0.4080883600701242,0.6261651336426809,0.4126392512715363,0.6291048322155439
17.58,24.903945,5.57042,0.4117647751794409,0.630837932215151,0.42007413499061963,0.6337995690169291
17.6,25.55931,6.55345,0.4154412463864002,0.6401836006624272,0.42379154848854717,0.6384943058183145
17.62,25.88699,7.53649,0.41911766149571683,0.6448564705372332,0.42379154848854717,0.6478839226952682
17.64,26.21468,8.191845,0.4191177175933594,0.6495293404120391,0.4275090187097031,0.6525786594966534
17.66,26.870045,8.51952,0.4227941327026761,0.6542021389845093,0.43122648893085896,0.6525786594966534
17.68,27.197735,9.174875,0.42647060390963537,0.6588750088593153,0.4312265456540874,0.6572733962980386
17.7,27.19774,9.17486,0.42647066000727807,0.6588748662546438,0.4312265456540874,0.657273324660947
17.72,27.853105,9.83022,0.4301470751165947,0.6635477361294496,0.4349440158752434,0.6619681330994238
17.74,28.180799999999998,10.157895,0.43014713121423737,0.6635477361294496,0.4386615428196277,0.666662869900809
17.76,32.76841,11.14093,0.4558825418582377,0.6728934045767258,0.464683947814176,0.671357678339286
17.78,33.42376,11.14092,0.45955895696755433,0.67289333327439,0.46840124786564674,0.6713576067021944
17.8,33.751435,10.485555,0.463235372076871,0.6682204633995841,0.4684011911424183,0.6666627266266258
17.82,34.07911,10.48555,0.4632353159792283,0.6682203920972484,0.47211860464034583,0.6666627266266258
17.84,34.73446,10.48555,0.46691167499090225,0.6682203920972484,0.47583596141504486,0.6666627266266258
17.86,35.062145,9.830185,0.4705880901002189,0.6635475222224425,0.4758360181382733,0.6619678465510572
17.88,35.062145,10.15786,0.4705880901002189,0.6635474509201067,0.4758360181382733,0.6666626549895341
17.9,35.389825,9.830175,0.4705880901002189,0.6635474509201067,0.47955343163620073,0.6619677749139656
17.92,35.717510000000004,9.502500000000001,0.4742645613071782,0.6588745810453007,0.47955343163620073,0.6619678465510572
17.94,35.717510000000004,9.830175,0.4742645613071782,0.663547379617771,0.47955343163620073,0.6619678465510572
17.96,35.717510000000004,9.502495,0.4742645613071782,0.6588745810453007,0.47955343163620073,0.6619677749139656
17.98,36.37287,9.17481,0.47794097641649486,0.6588745097429651,0.48327084513412827,0.6572729664754888
18.0,35.717510000000004,9.502490000000002,0.4742645613071782,0.663547379617771,0.47955343163620073,0.6572729664754888
18.02,35.717505,9.17481,0.47426450520953556,0.6588745097429651,0.47955343163620073,0.6572729664754888
18.04,35.717510000000004,9.174805,0.4742645613071782,0.6588744384406293,0.47955343163620073,0.6572729664754888
18.06,36.37286,9.174805,0.47794092031885216,0.6588744384406293,0.4832707884108998,0.6572729664754888
18.08,36.37286,8.84712,0.47794092031885216,0.6542015685658235,0.4832707884108998,0.6572728948383971
18.1,36.372865000000004,8.51944,0.47794092031885216,0.6542015685658235,0.48327084513412827,0.6525780863999202
18.12,36.372865000000004,8.51944,0.47794092031885216,0.6542015685658235,0.48327084513412827,0.6525780863999202
18.14,36.70055,8.519435,0.4816173915258115,0.6542015685658235,0.48327084513412827,0.6525780147628285
18.16,36.700555,8.51943,0.4816173915258115,0.6542014972634876,0.4832709018573567,0.6525780147628285
18.18,36.70056,8.191749999999999,0.4816174476234542,0.6542014972634876,0.4832709018573567,0.6478832063243517
18.2,36.37288,7.864075,0.47794103251413755,0.6495286273886817,0.4832709018573567,0.6478832779614433
18.22,36.37288,7.86407,0.47794103251413755,0.6495286273886817,0.4832709018573567,0.6478832063243517
18.24,36.37288,7.53639,0.47794103251413755,0.6448557575138758,0.4832709018573567,0.6478832063243517
18.26,36.37288,7.20871,0.47794103251413755,0.6448557575138758,0.4832709018573567,0.6431883978858748
18.28,42.598895,5.570285,0.48161750372109685,0.6401828163367341,0.5501853658381634,0.6244088775836006
18.3,87.164195,-4.58795,0.6948532825058772,0.5841074509086983,0.8401491775528942,0.5352062277848901
18.32,118.94989,-14.418445,0.9227958997784198,0.5046678074089687,0.9702620533740621,0.4741732166250491
18.34,121.899085,-16.056855,0.9595611728244394,0.4719575043783199,0.9665443562599925,0.48356290513909456
18.36,121.89906500000001,-14.41845,0.9595610045315114,0.49064905517987933,0.9665442995367641,0.4882577135775713
18.38,121.899045,-13.435410000000001,0.9558844772269094,0.4953219250546853,0.9702615995882347,0.49764733045452514
18.4,122.88207,-12.78005,0.9632371952502573,0.4999947949294912,0.9739789563629337,0.502342138893002
18.42,122.882055,-12.124690000000001,0.9632371391526147,0.5046676648042971,0.9739788429164769,0.5070369473314789
18.44,123.5374,-12.124690000000001,0.9669134420666461,0.5046676648042971,0.977696199691176,0.5070369473314789
18.46,124.192745,-11.79701,0.97058980107832,0.5093405346791031,0.9814134997426467,0.5070369473314789
18.48,124.19273,-11.79701,0.9705896888830348,0.5093405346791031,0.9814134430194182,0.5070369473314789
18.5,124.848085,-11.469325000000001,0.9742661039923514,0.5093406059814389,0.9851307997941173,0.5117317557699558
18.52,125.50344,-11.141645,0.9779424630040253,0.5140134045539091,0.9888482132920449,0.5117318274070475
18.54,125.50344,-11.141645,0.9779424630040253,0.5140134758562448,0.9888482132920449,0.5117317557699558
18.56,125.17576,-10.813970000000001,0.9742660478947087,0.5140134045539091,0.9888482132920449,0.5164265642084327
18.58,125.50344,-11.14164,0.9779424630040253,0.5140134758562448,0.9888482132920449,0.5117318274070475
18.6,125.17575500000001,-11.141645,0.974265991797066,0.5140134045539091,0.9888482132920449,0.5117318274070475
18.62,126.158805,-13.10773,0.9816188781133419,0.5046676648042971,0.9925656835132007,0.4929525220160482
18.64,112.068285,-26.870295,0.9558835235669843,0.45326609618143193,0.8587360748728464,0.3474133887861732
18.66,66.84756999999999,-55.70609,0.713235245857175,0.2289684134930829,0.5910773113779648,0.1596216243438311
18.68,19.98867,-67.174775,0.4485293189561058,0.13083900175018714,0.3271375496314068,0.0938950942131629
18.7,-18.67805,-72.08988500000001,0.20955936367546366,0.07943814615067923,0.13011219514242695,0.07511643355598852
18.72,-25.8871,-66.847005,0.1250008064036132,0.10280256682704463,0.13382960864035442,0.12675925474214259
18.74,-24.57642,-62.25949,0.13235341223167582,0.14485839570029801,0.14126420874329576,0.1502332252974354
18.76,-23.265715,-58.98268,0.13970618635266643,0.16822281637666345,0.1486989222926939,0.17370733912691144
18.78,-22.282690000000002,-56.361239999999995,0.14705896047365705,0.18691429587588718,0.15241622234416458,0.192486572880819
18.8,-21.29966,-54.395160000000004,0.154411678497005,0.20093290550030496,0.15613363584209208,0.20657099819624963
18.82,-21.29966,-53.412115,0.154411678497005,0.2102786452499168,0.15613363584209208,0.2112658782718182
18.84,-28.508674999999997,-58.98265,0.154411678497005,0.20560584667744664,0.07434991493217437,0.13614922980455466
18.86,-48.825085,-80.609495,8.4146463987683e-07,0.0327099465189701,2.2689291372357884e-07,0.0
18.88,-48.825109999999995,-82.24789,3.3658585594276003e-07,0.0,4.537858274068534e-07,0.009389545239862117
18.9,-48.825115,-80.93717,3.926834985799568e-07,0.014018609624417835,3.403393705652161e-07,0.014084353678339014
18.92,-48.825125,-79.29877,3.3658585594276003e-07,0.023364349374029623,2.8361614212424536e-07,0.0281687789937696
18.94,-48.82512,-78.31573,3.3658585594276003e-07,0.03271008912364151,3.403393705652161e-07,0.032863587432246495
18.96,-48.825125,-77.66037,3.3658585594276003e-07,0.03738295899844746,2.8361614212424536e-07,0.03755839587072339
18.98,-48.825125,-77.00501,3.3658585594276003e-07,0.042055828873253404,2.8361614212424536e-07,0.042253204309200286
19.0,-48.825125,-76.021975,2.804882132657035e-07,0.051401568622865296,3.403393705652161e-07,0.04694794111058551
19.02,-48.82512,-75.69429,3.3658585594276003e-07,0.051401568622865296,3.403393705652161e-07,0.051642821186154084
19.04,-48.82512,-75.69429,3.3658585594276003e-07,0.051401568622865296,3.403393705652161e-07,0.051642821186154084
19.06,-48.82512,-75.366615,3.3658585594276003e-07,0.05607443849767124,3.403393705652161e-07,0.05164274954906241
19.08,-48.82512,-74.711255,3.3658585594276003e-07,0.06074723707014142,3.403393705652161e-07,0.056337629624630875
19.1,-48.825085,-74.711265,3.3658585594276003e-07,0.060747308372477084,7.374019695310987e-07,0.05633741471335595
19.12,-45.548145,-76.6774,0.018383421890006992,0.04672819963170914,0.018588372123891264,0.04225270284955867
19.14,-45.548154999999994,-76.34971,0.018383309694721676,0.0467282709340449,0.018588372123891264,0.04694758292512724
19.16,-44.8928,-76.349715,0.022059724804038283,0.04672819963170914,0.022305728898590334,0.04694758292512724
19.18,-45.548154999999994,-76.349715,0.018383309694721676,0.051401140808850845,0.018588372123891264,0.04225270284955867
19.2,-45.54815,-76.02204,0.018383365792364315,0.05140106950651508,0.018588372123891264,0.046947511288035565
19.22,-45.22047,-76.02204,0.02205978090168096,0.05140106950651508,0.018588372123891264,0.046947511288035565
19.24,-45.548145000000005,-76.02204,0.018383365792364315,0.05140106950651508,0.018588428847119663,0.046947511288035565
19.26,-45.87582,-76.02204,0.018383421890006992,0.05140106950651508,0.014871015349192192,0.046947511288035565
19.28,-46.2035,-76.34972,0.014707006780690347,0.04672819963170914,0.014871015349192192,0.046947511288035565
19.3,-46.203505,-75.36668,0.014707006780690347,0.05607393938132103,0.014870958625963751,0.05164231972651246
19.32,-46.2035,-76.02204,0.014707006780690347,0.05140106950651508,0.014871015349192192,0.046947511288035565
19.34,-46.2035,-77.33277,0.014707006780690347,0.04672812832937348,0.014871015349192192,0.03286301433551331
19.36,-45.548145,-77.00507999999999,0.014707006780690347,0.0280366488301497,0.022305785621818775,0.05633719980208103
19.38,-44.565174999999996,-62.58704,0.036765216948376866,0.12616755792209597,0.01115303461898043,0.16431886844342408
19.4,-48.825005000000004,-62.259249999999994,8.4146463987683e-07,0.16355144385090795,1.134464568456677e-06,0.13145585410791083
19.42,-48.82492499999999,-63.897645,1.51463635180221e-06,0.11215001783271421,1.361357482180256e-06,0.15962463310168043
19.44,-48.825050000000005,-47.51361,8.975622825140268e-07,0.22429910873506376,5.672322842484907e-07,0.28168993905044604
19.46,-48.82515,-32.11262,2.243905706285067e-07,0.33644819963741335,1.1344645684163728e-07,0.38967074804668933
19.48,-48.82518,-19.660745,0.0,0.4345787522176809,0.0,0.4694827064120713
19.5,-48.82518,-10.485669999999999,0.0,0.504672014246777,0.0,0.5305155026606373
19.52,-48.82518,-2.948995,0.0,0.5607467379537913,0.0,0.582158610395158
19.54,-48.82518,2.621595,0.0,0.6028027807340518,0.0,0.6197172928142481
19.56,-48.82518,6.553775,0.0,0.6355130124623648,0.0,0.6431914782808158
19.58,-48.82518,9.502915,0.0,0.65420463456626,0.0,0.6666656637473836
19.6,-48.82518,12.452055,0.0,0.6775691265449612,0.0,0.6854450407754744
19.62,-48.82518,14.418155,0.0,0.6915878787740504,0.0,0.6995296093650883
19.64,-48.82518,16.056565,0.0,0.705606559700804,0.0,0.7089192978791338
19.66,-48.82518,18.350340000000003,0.0,0.7196253119298932,0.0,0.7276986032701329
19.68,-48.82518,20.316435,0.0,0.7336439928566467,0.0,0.7417831718597468
19.7,-48.82518,21.954855000000002,0.0,0.7476627450857362,0.0,0.751172932010884
19.72,-48.82518,22.93805,0.0,0.7570084848353479,0.0,0.755869961199202
19.74,-48.825154999999995,27.525435,5.609764263719679e-08,0.7663542958872955,2.2689291372357884e-07,0.8122056566223584
19.76,-48.8251,38.66662,3.3658585594276003e-07,0.8598121924997644,5.672322842484907e-07,0.8779334045835847
19.78,-48.825055,45.22027,6.731717118855201e-07,0.9018683065823607,7.374019695310987e-07,0.9295767272293803
19.8,-48.825035,51.773920000000004,7.853669971997734e-07,0.9532703030192403,8.50848426372736e-07,0.971830289724039
19.82,-48.825015,56.689165,8.975622825140268e-07,0.9953264171018367,9.642948832143732e-07,0.9999994985403585
19.84,-48.824995,57.016885,1.00975756786814e-06,0.9999995721859855,1.0777413400560106e-06,0.999999785088725
19.86,-48.824985,57.01692,1.0658552105053367e-06,0.9999998573953285,1.134464568456677e-06,1.0
19.88,-48.82497,57.01693,1.17805049581959e-06,1.0,1.191187796897648e-06,1.0
19.9,-48.824965,57.01693,1.2341481384966466e-06,1.0,1.191187796897648e-06,1.0
19.92,-48.824960000000004,57.01693,1.2341481384966466e-06,1.0,1.2479110252983144e-06,1.0
19.94,-48.82495,57.01693,1.2902457811338434e-06,1.0,1.304634253739285e-06,1.0
19.96,-48.824985,57.01693,1.2341481384966466e-06,1.0,9.642948832143732e-07,1.0
19.98,-48.82516,57.01693,2.243905706285067e-07,1.0,0.0,1.0
20.0,-48.825165,57.01693,5.609764263719679e-08,1.0,1.1344645684163728e-07,1.0
20.02,-48.825165,57.01693,5.609764263719679e-08,1.0,1.1344645684163728e-07,1.0
20.04,-48.82516,57.01693,1.1219528531425335e-07,1.0,1.1344645684163728e-07,1.0
20.06,-48.82515,57.01693,1.6829292795145015e-07,1.0,1.7016968528260806e-07,1.0
20.08,-48.82515,57.01693,1.6829292795145015e-07,1.0,1.7016968528260806e-07,1.0
20.1,-48.82515,57.01693,1.6829292795145015e-07,1.0,1.7016968528260806e-07,1.0
20.12,-48.82514,57.01693,2.243905706285067e-07,1.0,2.2689291372357884e-07,1.0
20.14,-48.825145,57.01693,1.6829292795145015e-07,1.0,2.2689291372357884e-07,1.0
20.16,-48.82515,57.01693,1.6829292795145015e-07,1.0,1.7016968528260806e-07,1.0
20.18,-48.82516,57.01693,1.1219528531425335e-07,1.0,1.1344645684163728e-07,1.0
20.2,-48.825165,57.01693,1.1219528531425335e-07,1.0,5.6723228440970776e-08,1.0
20.22,-48.82517,57.01693,5.609764263719679e-08,1.0,5.6723228440970776e-08,1.0
20.24,-48.82517,57.01693,5.609764263719679e-08,1.0,5.6723228440970776e-08,1.0
20.26,-48.82518,57.01693,0.0,1.0,0.0,1.0
20.28,-48.82492,57.01693,4.487811412570134e-07,1.0,2.495822050636933e-06,1.0
20.3,-6.880920000000001,57.016864999999996,0.15073834875803463,0.9999996434883214,0.3234234260807278,0.9999994269032668
20.32,40.305965,57.01683,0.4522101096815499,0.9999992869766426,0.5539082247660194,0.9999992836290834
20.34,55.707425,57.016850000000005,0.5882414516588942,0.9999993582789783,0.5910840047189189,0.9999994985403585
20.36,55.379745,57.016885,0.5845650365495775,0.9999996434883214,0.5910840047189189,0.9999997134516333
20.38,54.72439,57.016895,0.5808886775379035,0.999999714790657,0.5873665912209913,0.999999785088725
20.4,54.724385,57.0169,0.5808886775379035,0.9999997860929927,0.5873665344977629,0.999999785088725
20.42,54.72438,57.01691,0.5808886214402609,0.9999998573953285,0.5873665344977629,0.9999998567258167
20.44,54.72438,57.01691,0.5808886214402609,0.9999998573953285,0.5873665344977629,0.9999998567258167
20.46,54.72438,57.016915,0.5808886214402609,0.9999998573953285,0.5873665344977629,0.9999999283629083
20.48,54.72438,57.01692,0.5808886214402609,0.9999999286976642,0.5873665344977629,0.9999999283629083
20.5,54.72438,57.01692,0.5808886214402609,0.9999999286976642,0.5873665344977629,0.9999999283629083
20.52,54.72438,57.01693,0.5808886214402609,1.0,0.5873665344977629,1.0
20.54,54.3967,57.01693,0.5808886214402609,1.0,0.5836491209998355,1.0
20.56,54.06902,57.01693,0.5772122063309443,1.0,0.5836491209998355,1.0
20.58,53.41366,57.01693,0.5735357912216277,1.0,0.5799317075019079,1.0
20.6,53.41366,57.01693,0.5735357912216277,1.0,0.5799317075019079,1.0
20.62,53.41366,57.01693,0.5735357912216277,1.0,0.5799317075019079,1.0
20.64,53.41366,57.01693,0.5735357912216277,1.0,0.5799317075019079,1.0
20.66,59.639669999999995,57.016875,0.5955946184633834,0.9999997860929927,0.6282587636537065,0.9999994269032668
20.68,62.26111,57.016855,0.6250061076308445,0.9999994295813142,0.6282585934840212,0.9999994985403585
20.7,61.605755,57.01686,0.6213296925215279,0.9999995008836499,0.6245412367093222,0.9999994985403585
20.72,61.60576,57.01686,0.6213297486191705,0.9999995008836499,0.6245412367093222,0.9999994985403585
20.74,61.27808,57.01686,0.6176533335098539,0.9999995008836499,0.6245412367093222,0.9999994985403585
20.76,61.27808,57.016855,0.6176533335098539,0.9999995008836499,0.6245412367093222,0.9999994269032668
20.78,61.278075,57.01685,0.6176532774122112,0.9999994295813142,0.6245412367093222,0.9999994269032668
20.8,61.278075,57.01684,0.6176533335098539,0.9999993582789783,0.6245411799860937,0.9999993552661751
20.82,61.278075,57.016835,0.6176532774122112,0.9999993582789783,0.6245412367093222,0.9999992836290834
20.84,61.278075,57.01682,0.6176532774122112,0.9999992156743068,0.6245412367093222,0.9999992119919918
20.86,61.605760000000004,57.01681,0.6176533335098539,0.9999991443719711,0.6282586502072497,0.9999991403549001
20.88,62.26112,57.016795,0.6213297486191705,0.9999990730696353,0.6319760637051772,0.9999989970807169
20.9,63.24415,57.01678,0.6286825227401611,0.9999989304649638,0.6356934204798762,0.9999989254436251
20.92,63.8995,57.016774999999996,0.6323588817518351,0.9999988591626283,0.6394107772545753,0.9999989254436251
20.94,64.554845,57.016765,0.636035240763509,0.9999988591626283,0.6431280773060459,0.9999987821694419
20.96,65.53788,57.01676,0.6397115997751831,0.9999987878602925,0.650562904301901,0.9999987821694419
20.98,65.86556,57.01675,0.6433880148844997,0.9999987165579568,0.650562904301901,0.9999987105323502
21.0,66.193235,57.01675,0.6470643738961737,0.9999987165579568,0.650562904301901,0.9999987105323502
21.02,65.86555,57.016755,0.6433879587868571,0.9999987165579568,0.6505628475786726,0.9999987821694419
21.04,66.193235,57.016755,0.6433880148844997,0.9999987165579568,0.6542802610766001,0.9999987821694419
21.06,66.193225,57.016755,0.6470643738961737,0.9999987165579568,0.6505627908554441,0.9999987821694419
21.08,66.520905,57.016755,0.6470643738961737,0.9999987165579568,0.6542802043533716,0.9999987821694419
21.1,65.86554,57.01676,0.6433879026892143,0.9999987878602925,0.6505627908554441,0.9999987821694419
21.12,66.19322,57.01675,0.6433879026892143,0.9999987165579568,0.6542802043533716,0.9999987105323502
21.14,66.5209,57.01675,0.647064317798531,0.9999987165579568,0.6542802043533716,0.9999987105323502
21.16,66.5209,57.01675,0.647064317798531,0.9999987165579568,0.6542802043533716,0.9999987105323502
21.18,67.176255,57.01674,0.650740676810205,0.999998645255621,0.6579976178512992,0.9999986388952586
21.2,67.17625,57.01674,0.650740676810205,0.999998645255621,0.6579975611280707,0.9999986388952586
21.22,66.84857,57.01673,0.6470642617008883,0.9999985739532852,0.6579975611280707,0.9999985672581669
21.24,67.17625,57.016735,0.650740676810205,0.9999985739532852,0.6579975611280707,0.9999986388952586
21.26,67.176255,57.01673,0.650740676810205,0.9999985739532852,0.6579976178512992,0.9999985672581669
21.28,67.17626,57.01673,0.6507407329078476,0.9999985739532852,0.6579976178512992,0.9999985672581669
21.3,67.17625,57.01673,0.650740676810205,0.9999985739532852,0.6579975611280707,0.9999985672581669
21.32,67.17626,57.01673,0.6507407329078476,0.9999985739532852,0.6579976178512992,0.9999985672581669
21.34,67.17626,57.01673,0.6507407329078476,0.9999985739532852,0.6579976178512992,0.9999985672581669
21.36,66.5209,57.01673,0.647064317798531,0.9999985739532852,0.6542802043533716,0.9999985672581669
21.38,66.84858,57.01673,0.6507407329078476,0.9999985739532852,0.6542802043533716,0.9999985672581669
21.4,66.52089000000001,57.01672,0.6507407329078476,0.9999985026509495,0.6505626774089873,0.9999984956210752
21.42,43.910465,57.016729999999995,0.5772109160851631,0.9999985026509495,0.4684052184916363,0.9999986388952586
21.44,4.260390000000001,57.016805000000005,0.3492681866173351,0.9999990017672998,0.24907385148792402,0.9999992119919918
21.46,-29.16344,57.01687,0.1470623263322166,0.9999995008836499,0.07435314815619445,0.9999996418145418
21.48,-38.66624,57.01688,0.05515099493937554,0.9999996434883214,0.05948355088771288,0.9999996418145418
21.5,-38.66624,57.016885,0.05882746614633482,0.9999996434883214,0.05576608066655692,0.9999997134516333
21.52,-38.338555,57.016885,0.0588275222439775,0.9999996434883214,0.05948349416448444,0.9999997134516333
21.54,-38.33856,57.01688,0.05882746614633482,0.9999996434883214,0.05948349416448444,0.9999996418145418
21.56,-38.33856,57.01688,0.05882746614633482,0.9999996434883214,0.05948349416448444,0.9999996418145418
21.58,-38.66624,57.016885,0.05882746614633482,0.9999996434883214,0.05576608066655692,0.9999997134516333
21.6,-38.33856,57.01688,0.05882746614633482,0.9999996434883214,0.05948349416448444,0.9999996418145418
21.62,-38.338570000000004,57.01688,0.05882741004869218,0.9999996434883214,0.059483437441256,0.9999996418145418
21.64,-38.010905,57.01688,0.0588273539510495,0.9999996434883214,0.06320073749272667,0.9999996418145418
21.66,-37.68323,57.016875,0.06250371296272347,0.9999996434883214,0.06320073749272667,0.99999957017745
21.68,-37.68324,57.01687,0.06250365686508083,0.9999995721859855,0.06320068076949827,0.99999957017745
21.7,-37.68324,57.01687,0.06250365686508083,0.9999995721859855,0.06320068076949827,0.99999957017745
21.72,-37.68324,57.01687,0.06250365686508083,0.9999995721859855,0.06320068076949827,0.99999957017745
21.74,-38.3386,57.01687,0.05882724175576419,0.9999995721859855,0.05948326727157075,0.99999957017745
21.76,-37.68324,57.01687,0.06250365686508083,0.9999995721859855,0.06320068076949827,0.99999957017745
21.78,-38.3386,57.01687,0.05882724175576419,0.9999995721859855,0.05948326727157075,0.99999957017745
21.8,-38.01093,57.01687,0.06250360076743816,0.9999995721859855,0.05948321054834231,0.99999957017745
21.82,-38.33861,57.01687,0.058827185658121554,0.9999995721859855,0.05948321054834231,0.99999957017745
21.84,-38.66629,57.01687,0.058827185658121554,0.9999995721859855,0.05576579705041484,0.99999957017745
21.86,-38.66629,57.016875,0.058827185658121554,0.9999995721859855,0.05576579705041484,0.9999996418145418
21.88,-38.993965,57.01687,0.05515082664644755,0.9999995721859855,0.05576579705041484,0.99999957017745
21.9,-39.32165,57.01688,0.055150770548804906,0.9999996434883214,0.05204838355248733,0.9999996418145418
21.92,-38.99397,57.016875,0.055150770548804906,0.9999996434883214,0.05576579705041484,0.99999957017745
21.94,-39.32165,57.01688,0.055150770548804906,0.9999996434883214,0.05204838355248733,0.9999996418145418
21.96,-38.99397,57.016875,0.055150770548804906,0.9999995721859855,0.05576579705041484,0.9999996418145418
21.98,-39.32165,57.01688,0.055150770548804906,0.9999996434883214,0.05204838355248733,0.9999996418145418
22.0,-39.64933,57.01688,0.051474355439488265,0.9999996434883214,0.05204838355248733,0.9999996418145418
22.02,-39.64933,57.01688,0.051474355439488265,0.9999996434883214,0.05204838355248733,0.9999996418145418
22.04,-39.649325,57.01688,0.05147441153713094,0.9999996434883214,0.05204838355248733,0.9999996418145418
22.06,-40.30469,57.016885,0.04779794033017162,0.9999996434883214,0.048330970054559816,0.9999997134516333
22.08,-40.30469,57.01688,0.04779794033017162,0.9999996434883214,0.048330970054559816,0.9999996418145418
22.1,-30.146495,57.01684,0.06250371296272347,0.9999995721859855,0.14870232568639927,0.9999991403549001
22.12,-5.242465,57.016725,0.23529752310395435,0.999998645255621,0.25650896209992113,0.9999984239839835
22.14,-4.259415000000001,57.016725,0.2500034079317915,0.9999985026509495,0.25279143515553676,0.9999985672581669
22.16,-3.93174,57.01673,0.25367982304110814,0.9999985739532852,0.25279137843230837,0.9999985672581669
22.18,-4.259425,57.01673,0.2500034079317915,0.9999985739532852,0.2527913217090799,0.9999985672581669
22.2,-4.25943,57.01673,0.25000335183414885,0.9999985739532852,0.2527913217090799,0.9999985672581669
22.22,-4.25944,57.01673,0.2500032957365062,0.9999985739532852,0.2527912649858515,0.9999985672581669
22.24,-4.58713,57.01673,0.2500032396388635,0.9999985739532852,0.2490737947646956,0.9999985672581669
22.26,-4.58713,57.01673,0.2463268245295469,0.9999985739532852,0.2527912082626231,0.9999985672581669
22.28,-4.58714,57.016725,0.25000318354122086,0.9999985026509495,0.24907373804146718,0.9999985672581669
22.3,-4.91483,57.01672,0.24632671233426157,0.9999985026509495,0.24907368131823876,0.9999984956210752
22.32,-4.58716,57.016715000000005,0.24632665623661892,0.9999985026509495,0.2527910380929378,0.9999984239839835
22.34,-3.27646,57.016705,0.25367943035760954,0.9999983600462782,0.2602256949191076,0.9999984239839835
22.36,-2.621125,57.016695,0.2573556771739982,0.9999983600462782,0.2639429949705782,0.9999982807098002
22.38,-1.965785,57.01669,0.2610319800880295,0.9999982887439421,0.2676602950220489,0.9999982807098002
22.4,-0.982765,57.01668,0.26838469811137744,0.9999982174416067,0.27137759507351955,0.9999982090727088
22.42,0.32792500000000496,57.016665,0.27206094492776617,0.9999981461392708,0.2825296653976168,0.9999980657985255
22.44,2.293975,57.016639999999995,0.28309002196278804,0.9999980035345993,0.293681735721714,0.9999978508872504
22.46,7.209125,57.01659,0.3051482882281172,0.9999977183252565,0.32713811686369104,0.9999974210647006
22.48,13.763945,51.445965,0.3419264076343057,0.9766328698348765,0.36431196822682393,0.9436592899804279
22.5,19.33318,41.61551,0.37499961432870665,0.9065393938987731,0.3940509358708734,0.8732368052178165
22.52,22.609935,35.38956,0.3970577683987505,0.850464670191759,0.4089204196928982,0.8403730028742951
22.54,24.24831,33.09579,0.41176326054308904,0.8317731193901997,0.41263771974436886,0.8262885059217727
22.56,24.575975,31.12971,0.41176320444544645,0.8177545097657818,0.4163550197958395,0.8122040806063421
22.58,24.249565,30.802035,0.4117631483478038,0.8130816398909759,0.41265207072115984,0.8122041522434338
22.6,26.869765,31.78508,0.4044102620315278,0.8130817111933116,0.4498121950630144,0.8262885775588644
22.62,59.96601,39.64936,0.5551455815168589,0.8551373261595577,0.6728610890111111,0.8967103459505593
22.64,88.147165,50.13511,0.7426469594152068,0.9345759001242514,0.802973964832279,0.9671325441648042
22.66,96.66714999999999,56.688739999999996,0.8198540889094903,0.9953234224037358,0.8215620533400282,0.9999964181454175
22.68,95.35641,57.016465,0.8088247313862551,0.9999966487902203,0.8178445263956438,0.999996704693784
22.7,94.04568,57.016465,0.8014719011676219,0.9999966487902203,0.810409585953332,0.999996704693784
22.72,93.71797000000001,57.016455,0.7977953177653772,0.9999966487902203,0.8104094157836468,0.9999965614196007
22.74,96.99473,57.016385,0.8125007538120732,0.999996220976206,0.8327136698782981,0.9999959883228675
22.76,100.92685,52.428805,0.8345590200774023,0.9813043136629679,0.8550179239729494,0.9530474741155489
22.78,103.87593,44.89212,0.8529408712334149,0.9252295186536179,0.8698873510717456,0.9014042947439365
22.8,105.51431,38.010805000000005,0.8639700043660795,0.8738276648214097,0.8773220646211438,0.8544559954478926
22.82,106.825,32.44022,0.8713226662917847,0.836444491915955,0.8847567214473135,0.8122025762274173
22.84,108.135685,27.197319999999998,0.8786752721198473,0.7943885204380302,0.8921913782734834,0.7793387738838959
22.86,108.46334,24.575865,0.8823515750338787,0.7710240997616647,0.892191208103798,0.765254205294282
22.88,109.446355,21.626730000000002,0.8860278218502674,0.7523324776577696,0.8996259216531962,0.741780091464806
22.9,110.101705,19.98831,0.8897041808619414,0.7383137254286803,0.9033432784278952,0.7323903313136688
22.92,110.757055,18.677585,0.8933805398736153,0.7289679856790684,0.9070606352025943,0.7230006427996234
22.94,111.740085,17.366860000000003,0.9007333139946059,0.7196221746271209,0.9107779919772936,0.7136110259226696
22.96,110.757015,18.677590000000002,0.9007332578969632,0.7102763635751732,0.8996254678673689,0.741780091464806
22.98,104.531105,33.75099,0.8676452414249002,0.8084074152717909,0.8624517299506927,0.8591512337089194
23.0,101.909755,42.9264,0.8455874239407123,0.8925239928794635,0.8550172432942083,0.9060996762791464
23.02,100.92672,46.858295,0.8419110649290383,0.9205572191974979,0.8475824162983532,0.9342687418212828
23.04,99.94368,50.135125,0.8345581786127624,0.9439217824785349,0.8438650595236541,0.9577429989249421
23.06,98.960655,53.411945,0.8308818756987311,0.9672862744572359,0.8364302892510277,0.98121718439151
23.08,98.63298499999999,55.378035,0.8272055166870571,0.9859778252587954,0.836430345974256,0.9906068729055552
23.1,98.632995,57.01645,0.8272056288823425,0.9999965774878846,0.836430345974256,0.9999965614196007
23.12,98.96068,57.01644,0.8272056288823425,0.9999965061855488,0.8401478161954119,0.999996489782509
23.14,99.28836,56.68875,0.8308820439916591,0.9999964348832133,0.8401478161954119,0.9953016097069404
23.16,99.28836,56.68875,0.8308820439916591,0.9953235650084071,0.8401478161954119,0.9999964181454175
23.18,98.632995,56.36107,0.8272055727846997,0.9953235650084071,0.8364304026974845,0.9953016097069404
23.2,98.30531,56.361064999999996,0.8272055727846997,0.9953235650084071,0.8327129324763286,0.9953015380698489
23.22,97.97763,56.36107,0.8235291576753831,0.9953235650084071,0.8327129324763286,0.9953016097069404
23.24,98.30530999999999,56.688745,0.8235291576753831,0.9953235650084071,0.836430345974256,0.9999963465083256
23.26,102.89295,57.01642,0.845588153210067,0.9999963635808773,0.8661705048061024,0.9999963465083256
23.28,103.87602000000001,57.016425,0.8566176790262301,0.9999963635808773,0.8661705615293308,0.9999964181454175
23.3,103.876035,57.01643,0.8566177912215155,0.9999964348832133,0.8661706182525593,0.9999964181454175
23.32,104.531415,57.01643,0.8602943185261173,0.9999964348832133,0.8698881451969437,0.9999964181454175
23.34,105.186795,57.016435,0.8639708458307193,0.9999964348832133,0.8736056721413279,0.999996489782509
23.36,105.51448500000001,57.01644,0.8676473170376786,0.9999965061855488,0.8736057288645563,0.999996489782509
23.38,105.842185,57.016445000000004,0.867647429232964,0.9999965061855488,0.8773232558089408,0.9999965614196007
23.4,106.16987499999999,57.016455,0.8676474853306066,0.9999965774878846,0.8810407260300966,0.9999966330566923
23.42,106.169885,57.016465,0.871323956537566,0.9999966487902203,0.8773233692553976,0.999996704693784
23.44,106.1699,57.016475,0.8713240687328512,0.9999967200925561,0.8773234259786259,0.9999967763308757
23.46,105.514545,57.016495,0.8676476536235346,0.9999968626972277,0.8736060692039268,0.999996919605059
23.48,105.51455999999999,57.016504999999995,0.8639712946118605,0.9999969339995634,0.8773235961483112,0.9999969912421505
23.5,107.480575,48.496705000000006,0.8602948795025439,0.9999966487902203,0.9033447532318343,0.8779305390999186
23.52,121.24302,20.97137,0.9411750582475847,0.7616783600120529,0.9776926828510139,0.723000714436715
23.54,121.89839,23.265135,0.959557133794168,0.7523324776577696,0.966540555803688,0.765254205294282
23.56,120.587705,26.541965,0.9522045279661052,0.7756970409388064,0.9591058989775185,0.7887284623979414
23.58,118.94933,30.47415,0.9448518099427573,0.8037344027923136,0.9479538286534213,0.8168975279400775
23.6,117.638635,34.078649999999996,0.937499148017052,0.8317718359481564,0.940519115104023,0.8403716417695536
23.62,116.00027,37.027784999999994,0.9264700709820302,0.8504633867497158,0.9330845150010817,0.8638458272361214
23.64,115.67261500000001,39.321555000000004,0.9227938241656415,0.8691549375512753,0.9330846284475384,0.8779303241886437
23.66,115.01728,41.943005,0.9191175773492527,0.8878464883528349,0.929367328396068,0.8967096295796428
23.68,115.017295,43.58141,0.9191176334468955,0.9018651692795883,0.9293674418425248,0.9060992464565966
23.7,115.34499,44.23677,0.9191176895445381,0.9065380391543941,0.933084968786909,0.9107940548950735
23.72,115.672685,45.21981,0.9227942168491401,0.9158837789040061,0.9330850255101375,0.9154888633335504
23.74,115.6727,45.21981,0.9227943290444255,0.9158837789040061,0.933085082233366,0.9154888633335504
23.76,116.32807,45.21981,0.9264708002513846,0.9158837789040061,0.9368025524545219,0.9154888633335504
23.78,117.63879,43.90908,0.9338236304700179,0.9065379678520585,0.9442373794503769,0.906099174819505
23.8,113.37887,44.23677,0.9301471592630586,0.9018650266749167,0.8996275666268205,0.9154890066077337
23.82,105.18671499999999,45.54753,0.863970397049578,0.9158840641133491,0.8736052183555005,0.9201839583203939
23.84,105.514405,45.87521,0.8639705092448634,0.9205569339881551,0.8773226318534281,0.9201839583203939
23.86,105.842085,45.219845,0.86764692435418,0.9158840641133491,0.8773226318534281,0.9154890782448254
23.88,105.842075,44.892155,0.8676468682565374,0.9112110516338716,0.8773225751301996,0.9154890782448254
23.9,106.49743,45.547515000000004,0.8713232272682113,0.9158839215086776,0.8810399886281272,0.9201838866833023
23.92,106.49744,45.54752,0.871323283365854,0.9205568626858193,0.8810400453513555,0.9154890782448254
23.94,107.80817,45.21984,0.87867616968213,0.9158839928110133,0.888474929070439,0.9154890782448254
23.96,108.13586000000001,45.54753,0.8786762257797727,0.9158840641133491,0.892192399291595,0.9201839583203939
23.98,107.80818,46.858555,0.8786762257797727,0.9252340820031051,0.8884749857936673,0.9295736468344394
24.0,107.152825,47.51363,0.874999810670456,0.9299028163424382,0.8847576290189683,0.9342685269100077
24.02,106.82514,48.168985,0.874999810670456,0.9392484847897143,0.8810401587978124,0.9342685269100077
24.04,106.49746,48.49667,0.8713233955611394,0.9392485560920502,0.8810401587978124,0.9389633353484846
24.06,105.842095,48.49667,0.8676469804518228,0.9392485560920502,0.8773226885766565,0.9389633353484846
24.08,104.85905,48.49667,0.8639705092448634,0.9392485560920502,0.8698878615808014,0.9389633353484846
24.1,104.531365,48.16899,0.8602940941355468,0.9345756862172442,0.869887804857573,0.9389633353484846
24.12,103.876,48.49667,0.8566176229285875,0.9392485560920502,0.8661703913596457,0.9389633353484846
24.14,103.54832,48.16899,0.8566176229285875,0.9392485560920502,0.8624529778617179,0.9342685269100077
24.16,103.876,47.841305,0.8566176229285875,0.9345756862172442,0.8661703913596457,0.9342684552729161
24.18,102.237565,45.87522,0.8566176229285875,0.9299027450401027,0.847582926807409,0.9107944130805318
24.2,71.435,25.559095,0.7389698711341781,0.8364454901486554,0.617098468461488,0.7136128168499608
24.22,22.937505,-0.9828899999999998,0.47793923738957245,0.6261669162010742,0.3308531479860247,0.5446005010728012
24.24,-27.853495000000002,-14.089955,0.18749879740678546,0.495327415334537,0.04832660236597123,0.4882638743674534
24.26,-48.82518,-8.519255000000001,0.0,0.5093472370986624,0.0,0.5539919805141379
24.28,-48.82518,5.898725,0.0,0.6168236720332132,0.0,0.6525833875447024
24.3,-48.82518,15.401495,0.0,0.6869171479693166,0.0,0.7183109922317454
24.32,-48.82518,22.61048,0.0,0.7429917290716593,0.0,0.7652592915277893
24.34,-48.82518,28.508745,0.0,0.7897206417267258,0.0,0.8028179023097877
24.36,-48.82518,33.423964999999995,0.0,0.8271037433298447,0.0,0.835681704653309
24.38,-48.825175,36.700765,0.0,0.8411223529542625,5.6723228440970776e-08,0.8685453637226472
24.4,-48.82517,39.97757,0.0,0.8785053832550457,1.1344645684163728e-07,0.877934980599601
24.42,-48.825125,43.25437,2.804882132657035e-07,0.8971968627542695,3.403393705652161e-07,0.9061038312304622
24.44,-48.825085,45.87581,5.0487878393407e-07,0.9158883422534931,5.672322842484907e-07,0.9248830649843699
24.46,-48.825050000000005,48.16957,6.731717118855201e-07,0.9345798217527169,7.941251979317652e-07,0.9389674902998005
24.48,-48.825095000000005,42.92669,6.731717118855201e-07,0.9158883422534931,2.8361614212424536e-07,0.8826297890380779
24.5,-48.825095000000005,41.943650000000005,3.926834985799568e-07,0.8878511230046576,5.672322842484907e-07,0.8967142143535085
24.52,-48.825075,43.25437,5.609764265712668e-07,0.9018697326290753,6.239555126491572e-07,0.9014090227919854
24.54,-48.825055,44.23741,6.731717118855201e-07,0.9065426025038813,7.374019695310987e-07,0.9107986396689391
24.56,-48.82504,44.56509,7.853669971997734e-07,0.9112154723786873,7.941251979317652e-07,0.9107986396689391
24.58,-48.82504,45.22045,7.853669971997734e-07,0.9158883422534931,7.941251979317652e-07,0.9154934481074161
24.6,-48.82503,45.87581,8.4146463987683e-07,0.9205612121282991,8.50848426372736e-07,0.920188256545893
24.62,-48.82502,46.20349,8.975622825140268e-07,0.9205612121282991,9.075716547734025e-07,0.9248830649843699
24.64,-48.82502,46.20349,8.975622825140268e-07,0.9205612121282991,9.075716547734025e-07,0.9248830649843699
24.66,-48.82501,47.51421,9.536599251910834e-07,0.9299069518779111,9.642948832143732e-07,0.9342726818613236
24.68,-48.824995,47.51421,1.00975756786814e-06,0.9299069518779111,1.0777413400560106e-06,0.9342726818613236
24.7,-48.82498,48.49725,1.1219528531823933e-06,0.9345798217527169,1.134464568456677e-06,0.9436622987382774
24.72,-48.824965000000006,49.15261,1.17805049581959e-06,0.9439255615023289,1.2479110252983144e-06,0.9436622987382774
24.74,-48.82495,50.13565,1.2902457811338434e-06,0.9485984313771348,1.304634253739285e-06,0.9530519156152311
24.76,-48.82495,50.46333,1.2902457811338434e-06,0.9532713012519406,1.304634253739285e-06,0.9530519156152311
24.78,-48.82494,50.46333,1.3463434238109e-06,0.9532713012519406,1.361357482180256e-06,0.9530519156152311
24.8,-48.82494,51.44637,1.3463434238109e-06,0.9579441711267467,1.361357482180256e-06,0.9624415324921848
24.82,-48.82494,52.10173,1.3463434238109e-06,0.9626170410015524,1.361357482180256e-06,0.9671363409306617
24.84,-48.82494,52.10173,1.3463434238109e-06,0.9672899108763584,1.361357482180256e-06,0.9624415324921848
24.86,-48.824955,50.79101,1.2902457811338434e-06,0.9626170410015524,1.2479110252983144e-06,0.9483571071767544
24.88,-48.82499,41.943635,1.1219528531823933e-06,0.9158883422534931,1.0210181116150397e-06,0.8685451488113723
24.9,-35.717645000000005,14.41831,1.0658552105053367e-06,0.7757013903812864,0.14869926263206443,0.6150234156579627
24.92,38.994275,-28.508245000000002,0.3970581610822492,0.44859700533042,0.5947945547062071,0.3286368056046568
24.94,87.81956,-47.513850000000005,0.7242648277709809,0.27102631013407263,0.8178445263956438,0.23473992046420258
24.96,102.893145,-39.649564999999996,0.8529425541626946,0.2710258110177225,0.85873630176576,0.3474153229876478
24.98,26.54354,-19.988705,0.8455886019912082,0.4252309447003327,1.3046342537312242e-05,0.4741755806490736
25.0,100.271455,-7.536804999999999,0.838235266893791,0.5233616398852717,0.843865456586253,0.5539877539257305
25.02,97.97765,0.98292,0.8272057410776278,0.5887821746442334,0.8289955757016294,0.6103257417358198
25.04,96.01154,8.19192,0.8161763274567498,0.6401840284764416,0.8178431650381617,0.6619689211074321
25.06,93.717755,12.779465,0.8014704987265554,0.6775672013818963,0.8066908110979223,0.6901379150124767
25.08,91.75166,17.039324999999998,0.7904411412033201,0.7102774331102093,0.7955385138809115,0.7183069089175214
25.1,90.440925,19.660785,0.7830882548870441,0.7289690552141045,0.7881035734385996,0.7370862859456121
25.12,88.802505,22.28224,0.7757353124731257,0.7476606773179997,0.7769512194983601,0.7558655913366114
25.14,87.81945,23.592965,0.7683823700592071,0.7570064170676116,0.7732337492772043,0.7652552798506567
25.16,86.50871000000001,24.57601,0.7610294837429311,0.7663522281195592,0.765798752111664,0.7699500882891336
25.18,85.197965,25.231375,0.7536764852313699,0.7710250979943651,0.7583638116693521,0.7746449683647021
25.2,89.457865,26.542095,0.7536763169384418,0.7663521568172235,0.8066910379908359,0.7981190821941782
25.22,99.61633499999999,38.338635,0.8272069191281236,0.845791301200603,0.8475846852274902,0.8873209439848805
25.24,100.27181999999999,46.20302,0.8419137015182434,0.9112120498665719,0.8401501418477773,0.9342693865551076
25.26,97.65036,51.118255000000005,0.8235314576787323,0.9532681639491684,0.8289978446307664,0.9624384520972439
25.28,96.66732,53.739705,0.816178627460099,0.9719597147507277,0.8252804311328389,0.9812177574882431
25.3,96.01197,55.705794999999995,0.812502268448425,0.9859783956774814,0.8215630743581398,0.9953022544407653
25.32,95.68429499999999,56.688845,0.812502268448425,0.9953242067294288,0.8178457175834407,0.9999971345163339
25.34,95.6843,57.016525,0.8125023245460675,0.9999970766042349,0.8178457175834407,0.9999971345163339
25.36,95.35662500000001,57.016535000000005,0.808825909436751,0.9999971479065705,0.817845774306669,0.9999972061534255
25.38,95.028955,57.01655,0.8088259655343936,0.999997290511242,0.81412841753197,0.9999972777905172
25.4,93.71825,57.016565,0.8014732475110456,0.9999973618135778,0.8066936472593436,0.9999974210647006
25.42,92.73521,57.01657,0.7977968324017289,0.9999974331159135,0.7992588202634885,0.9999974210647006
25.44,91.424485,57.016575,0.7867675870737793,0.9999974331159135,0.7955413500423325,0.9999974927017922
25.46,90.441435,57.01657,0.7830911158668199,0.9999974331159135,0.7881064663232491,0.9999974210647006
25.48,89.78606,57.016565,0.7794145885622179,0.9999973618135778,0.7843889961020932,0.9999974210647006
25.5,88.475325,57.016565,0.772061702245942,0.9999973618135778,0.7769540556597814,0.9999974210647006
25.52,83.88773499999999,57.016565,0.7610323447227068,0.9999974331159135,0.7360618265038376,0.9999973494276089
25.54,79.955465,57.01657,0.7205907687626558,0.9999974331159135,0.7323441861129965,0.9999974210647006
25.56,78.972425,57.016575,0.7169144658486245,0.9999974331159135,0.7249092456706846,0.9999974927017922
25.58,78.317055,57.01658,0.7132379946416653,0.9999975044182493,0.7211917754495287,0.9999974927017922
25.6,78.31704,57.016575,0.7132378824463801,0.9999974331159135,0.7211917187263004,0.9999974927017922
25.62,78.31702,57.016575,0.7132377702510947,0.9999974331159135,0.7211916052798435,0.9999974927017922
25.64,77.661655,57.01658,0.7132377702510947,0.9999975044182493,0.71375672156076,0.9999974927017922
25.66,77.66165,57.016575,0.713237714153452,0.9999974331159135,0.71375672156076,0.9999974927017922
25.68,77.66166,57.01658,0.7095613551417781,0.9999975044182493,0.717474191781916,0.9999974927017922
25.7,78.31703,57.016575,0.7132377702510947,0.9999974331159135,0.7211917187263004,0.9999974927017922
25.72,78.97240500000001,57.01658,0.7169142975556967,0.9999975044182493,0.7249091889474563,0.9999974927017922
25.74,79.62778,57.01658,0.7205908248602986,0.9999975044182493,0.7286266591686122,0.9999974927017922
25.76,80.28315,57.01657,0.7242672960672578,0.9999974331159135,0.7323441293897682,0.9999974210647006
25.78,80.61084,57.016575,0.7279437672742172,0.9999974331159135,0.7323441861129965,0.9999974927017922
25.8,80.610845,57.01658,0.7242674082625432,0.9999975044182493,0.736061599610924,0.9999974927017922
25.82,80.610845,57.01659,0.7279438233718598,0.999997575720585,0.7323441861129965,0.9999975643388839
25.84,79.62779,57.01661,0.7242673521649006,0.999997575720585,0.7249092456706846,0.9999978508872504
25.86,71.43578,57.016795,0.6948559190950822,0.999998645255621,0.661713216205917,0.9999994269032668
25.88,62.26075,57.016904999999994,0.6286804471273827,0.999999714790657,0.6245391946730989,0.9999999283629083
25.9,59.31165,57.01693,0.6102985398737275,1.0,0.6096695974046173,1.0
25.92,57.01789,57.01693,0.595592879436461,1.0,0.5985173569108347,1.0
25.94,55.3795,57.01693,0.5882401053154703,1.0,0.5873651731402807,1.0
25.96,53.741115,57.01693,0.5772109160851631,1.0,0.5799304595908825,1.0
25.98,51.447365,57.01693,0.5661817268548559,1.0,0.5650608623224009,1.0
26.0,49.481300000000005,57.01693,0.5551525376245486,1.0,0.5539087352750752,1.0
26.02,48.49828,57.01693,0.5477998756988434,1.0,0.5501913785003762,1.0
26.04,47.51525,57.01693,0.5404471015778527,1.0,0.5464740217256772,1.0
26.06,46.85989,57.01693,0.5367706864685361,1.0,0.5427566082277496,1.0
26.08,46.5322,57.01693,0.5367706303708935,1.0,0.5390391380065938,1.0
26.1,46.204515,57.01693,0.5330942152615767,1.0,0.5390390812833653,1.0
26.12,46.859880000000004,57.01693,0.5367706303708935,1.0,0.5427565515045212,1.0
26.14,46.532195,57.01693,0.5367706303708935,1.0,0.5390390812833653,1.0
26.16,46.85987,57.01693,0.5367705742732507,1.0,0.5427564947812928,1.0
26.18,46.859865,57.01693,0.5367705742732507,1.0,0.5427564380580644,1.0
26.2,46.85986,57.01693,0.5367705181756081,1.0,0.5427564380580644,1.0
26.22,46.532174999999995,57.01693,0.5367705181756081,1.0,0.5390389678369085,1.0
26.24,45.87681,57.01693,0.5330940469686488,1.0,0.535321554338981,1.0
26.26,46.20449,57.01693,0.5330940469686488,1.0,0.5390389678369085,1.0
26.28,46.532175,57.01693,0.5330941030662915,1.0,0.5427563813348361,1.0
26.3,45.221405000000004,57.01693,0.5404469332849247,1.0,0.5204513331149867,1.0
26.32,15.72948,57.01693,0.4264751478186908,1.0,0.30111866147702065,1.0
26.34,-32.76804,57.01693,0.15809145946488118,1.0,0.02230811127418409,1.0
26.36,-48.824985,57.01693,1.7951245650679134e-06,1.0,3.970625989658826e-07,1.0
26.38,-48.82518,57.01693,0.0,1.0,0.0,1.0
26.4,-48.82518,57.01693,0.0,1.0,0.0,1.0
26.42,-48.82518,57.01693,0.0,1.0,0.0,1.0
26.44,-48.82518,57.01693,0.0,1.0,0.0,1.0
26.46,-48.82518,57.01693,0.0,1.0,0.0,1.0
26.48,-48.82518,57.01693,0.0,1.0,0.0,1.0
26.5,-48.82518,57.01693,0.0,1.0,0.0,1.0
26.52,-48.82518,57.01693,0.0,1.0,0.0,1.0
26.54,-48.82518,57.01693,0.0,1.0,0.0,1.0
26.56,-48.823904999999996,57.01693,0.0,1.0,1.4464423247852861e-05,1.0
26.58,-48.82518,57.01693,0.0,1.0,0.0,1.0
26.6,-48.823904999999996,57.01693,0.0,1.0,1.4464423247852861e-05,1.0
26.62,-48.82518,57.01693,0.0,1.0,0.0,1.0
26.64,-48.82518,57.01693,0.0,1.0,0.0,1.0
26.66,-48.82518,57.01693,0.0,1.0,0.0,1.0
26.68,-48.82518,57.01693,0.0,1.0,0.0,1.0
26.7,-48.82518,57.01693,0.0,1.0,0.0,1.0
26.72,-48.82518,57.01693,0.0,1.0,0.0,1.0
26.74,-48.82518,57.01693,0.0,1.0,0.0,1.0
26.76,-48.82518,57.01693,0.0,1.0,0.0,1.0
26.78,-48.82518,57.01693,0.0,1.0,0.0,1.0
26.8,-48.82518,57.01693,0.0,1.0,0.0,1.0
26.82,-48.82518,57.01693,0.0,1.0,0.0,1.0
26.84,-48.82518,57.01693,0.0,1.0,0.0,1.0
26.86,-48.82518,57.01693,0.0,1.0,0.0,1.0
26.88,-48.82518,57.01693,0.0,1.0,0.0,1.0
26.9,-48.82518,57.01693,0.0,1.0,0.0,1.0
26.92,-48.82518,57.01693,0.0,1.0,0.0,1.0
26.94,-48.82518,57.01693,0.0,1.0,0.0,1.0
26.96,-48.82518,57.01693,0.0,1.0,0.0,1.0
26.98,-48.82518,57.01693,0.0,1.0,0.0,1.0
27.0,-39.32191,57.01693,1.8512222077449699e-06,1.0,0.10780935912848617,1.0
27.02,6.55399,57.016905,0.2610316995998162,1.0,0.3643144073256461,0.9999996418145418
27.04,25.23211,57.016859999999994,0.4191202980849218,0.9999994295813142,0.41635950093088486,0.99999957017745
27.06,22.93834,57.016895,0.4044146376476553,0.999999714790657,0.40520714699064553,0.999999785088725
27.08,23.266015,57.016905,0.4044146376476553,0.9999997860929927,0.4089245037653446,0.9999998567258167
27.1,22.610644999999998,57.016915,0.40073816644069593,0.9999998573953285,0.40520703354418874,0.9999999283629083
27.12,22.28423,57.01692,0.4007381103430533,0.9999999286976642,0.40150402774628063,0.9999999283629083
27.14,22.61063,57.01692,0.4007380542454107,0.9999999286976642,0.4052069768209603,0.9999999283629083
27.16,21.955264999999997,57.016925,0.39706158303845135,1.0,0.40148956332303276,0.9999999283629083
27.18,21.95527,57.01692,0.39706163913609405,0.9999999286976642,0.40148956332303276,0.9999999283629083
27.2,22.938305,57.01691,0.39706158303845135,0.9999998573953285,0.4126418038168153,0.9999998567258167
27.22,49.15313999999999,57.016819999999996,0.4889732510171484,0.9999995008836499,0.617103176489447,0.9999989254436251
27.24,77.00654,57.01672000000001,0.694856760559722,0.9999985739532852,0.7249106637513952,0.9999984239839835
27.26,77.66193,57.01672,0.7095628697781299,0.9999985026509495,0.7174757233090834,0.9999984956210752
27.28,77.661915,57.01673,0.7095628136804871,0.9999985739532852,0.7174756098626266,0.9999985672581669
27.3,77.66189,57.01673,0.7095626453875591,0.9999985739532852,0.7174754964161697,0.9999985672581669
27.32,78.317235,57.01672,0.7132390043992332,0.9999985026509495,0.7211927964676403,0.9999984956210752
27.34,78.6449,57.01672,0.7169153073132646,0.9999985026509495,0.721192739744412,0.9999984956210752
27.36,79.62792999999999,57.016705,0.7205916663249385,0.9999984313486137,0.7286275100170384,0.999998352346892
27.38,79.62792,57.01671,0.7205916102272959,0.9999984313486137,0.7286274532938101,0.9999984239839835
27.4,79.62792,57.0167,0.7205916102272959,0.9999983600462782,0.7286274532938101,0.999998352346892
27.42,79.627915,57.016705,0.7205916102272959,0.9999983600462782,0.7286273965705816,0.9999984239839835
27.44,79.62791,57.0167,0.7205915541296531,0.9999983600462782,0.7286273965705816,0.999998352346892
27.46,79.627905,57.0167,0.7205915541296531,0.9999983600462782,0.7286273398473532,0.999998352346892
27.48,79.30022,57.0167,0.7205914980320105,0.9999983600462782,0.7249099263494257,0.999998352346892
27.5,78.97254,57.01669,0.7169150829226939,0.9999982887439421,0.7249099263494257,0.9999982807098002
27.52,78.972535,57.01669,0.7169150829226939,0.9999982887439421,0.7249098696261973,0.9999982807098002
27.54,78.64485,57.01669,0.7169150268250511,0.9999982887439421,0.7211924561282699,0.9999982807098002
27.56,78.97253,57.016684999999995,0.7169150268250511,0.9999982174416067,0.7249098696261973,0.9999982807098002
27.58,79.627885,57.01668,0.7205914419343679,0.9999982174416067,0.7286272264008964,0.9999982090727088
27.6,79.62788,57.016675,0.7205913858367251,0.9999982174416067,0.7286272264008964,0.999998137435617
27.62,84.870785,54.39517,0.7279442160553584,0.9999980748369351,0.7806712989880236,0.9624388819197939
27.64,119.277405,0.9828850000000005,0.8970604891344195,0.719623244162157,1.0,0.4788698876279089
27.66,128.45238,-49.80787,1.0,0.28971600707490297,0.9999993760444873,0.18309509343948227
27.68,127.46938,-53.41236,0.9926473941719373,0.19625825306710562,0.9962821894394734,0.2253485842970492
27.7,125.83093,-47.514105,0.9816178683557741,0.24765996429464238,0.9888470788274764,0.2582123150034791
27.72,124.520175,-43.909605,0.9742648137465701,0.2803701960229554,0.9814120816619362,0.27699169203156987
27.74,124.520155,-42.271204999999995,0.9742647015512849,0.2850430658977613,0.9814119682154793,0.2957709257854774
27.76,123.209415,-39.322075,0.9669117591373663,0.3084074865741267,0.9739770277731673,0.31455023117647657
27.78,122.55404,-36.700630000000004,0.9632352318327643,0.3270990373756862,0.9702595575520114,0.3333294649303841
27.8,121.89868,-35.062219999999996,0.955882401614131,0.3411177183024397,0.9702595575520114,0.34271915344442955
27.82,122.22636,-33.42382,0.9595588167234477,0.3551363279268575,0.9702595575520114,0.3521087703213833
27.84,121.57101,-31.785420000000002,0.9558824577117737,0.36448206767646935,0.9665422007773123,0.36619319563681396
27.86,121.57101,-30.802375,0.9558824577117737,0.36915493755127526,0.9665422007773123,0.3755828841508594
27.88,121.571015,-29.819335000000002,0.9558825138094164,0.37850067730088716,0.9665422007773123,0.38027769258933625
27.9,121.24334,-29.49165,0.9558825138094164,0.38317361847802883,0.9628248440026133,0.38027769258933625
27.92,120.91566,-29.49165,0.9522060987000996,0.38317361847802883,0.9628248440026133,0.38027769258933625
27.94,120.2603,-29.16397,0.948529683590783,0.3878464883528347,0.9591074305046859,0.38027769258933625
27.96,120.587985,-30.4747,0.9522060987000996,0.37850067730088716,0.9591074872279142,0.3708880040752908
27.98,118.29420999999999,-33.751495000000006,0.9485297957860684,0.36448206767646935,0.936802722624207,0.3380244166430443
28.0,81.265715,-48.169325,0.8161764957496779,0.28971657749358887,0.6505568349164598,0.2065706400107914
28.02,19.98863,-62.91475,0.474264280818965,0.16355023171120045,0.30111514463685846,0.12206544922294883
28.04,-37.028325,-71.76195,0.13235374881753179,0.08878552585401307,1.4180807105809224e-06,0.07042363095607788
28.06,-48.825145000000006,-72.74489,3.926834985799568e-07,0.06542217471268366,0.0,0.07981367765558163
28.08,-48.82518,-66.846655,0.0,0.10747793228360131,0.0,0.12206695360187358
28.1,-48.82518,-62.58681,0.0,0.14018809270957858,0.0,0.15023580423273486
28.12,-48.82518,-59.309740000000005,0.0,0.163556292409738,0.0,0.17370984642511925
28.14,-48.82518,-57.34394,0.0,0.18224385028049628,0.0,0.18309939166498135
28.16,-48.82518,-55.70554,0.0,0.19626245990491406,0.0,0.19248900854193515
28.18,-48.82518,-54.7225,0.0,0.20093532977972,0.0,0.2018786254188889
28.2,-48.82518,-54.06715,0.0,0.2056081283521902,0.0,0.20657336222027417
28.22,-48.82518,-52.75642,0.0,0.2149539394041378,0.0,0.21596305073431957
28.24,-48.82518,-52.101065,0.0,0.21962680927894374,0.0,0.2206577875357048
28.26,-48.82518,-48.16888,0.0,0.21962673797660798,0.0,0.2769959186199773
28.28,-48.82518,-21.298945,0.0,0.39252399287946355,0.0,0.48826373109327015
28.3,-48.82518,-0.9826300000000001,0.0,0.5654215329916621,0.0,0.605634801700292
28.32,-48.82518,9.50321,0.0,0.6448608912820488,0.0,0.6760575013741784
28.34,-48.82518,15.073805,0.0,0.6915899465417868,0.0,0.7089213037177
28.36,-48.82518,19.005985,0.0,0.7243001782700997,0.0,0.7323954891842677
28.38,-48.82518,22.2828,0.0,0.7476645989464652,0.0,0.7558696746508354
28.4,-48.82518,25.559620000000002,0.0,0.7710291622275021,0.0,0.7793437884803115
28.42,-48.82518,28.181075,0.0,0.7897207130290615,0.0,0.7981231655084023
28.44,-48.82518,30.802525,0.0,0.808412263830621,0.0,0.8169024708994015
28.46,-48.82518,32.768609999999995,0.0,0.8224309447573745,0.0,0.8309868962148321
28.48,-48.82518,35.06237,0.0,0.8411224242565982,0.0,0.8450713215302629
28.5,-48.82518,37.02845,0.0,0.8551410338810161,0.0,0.8591557468456935
28.52,-48.82518,38.66685,0.0,0.864486773630628,0.0,0.8732401721611242
28.54,-48.82518,39.64989,0.0,0.8738325133802398,0.0,0.877934980599601
28.56,-48.82518,40.96061,0.0,0.8831782531298517,0.0,0.8873245974765548
28.58,-48.82518,42.27133,0.0,0.8925239928794635,0.0,0.8967142143535085
28.6,-48.82518,43.90973,0.0,0.9065426025038813,0.0,0.9061038312304622
28.62,-48.82518,44.89277,0.0,0.9112154723786873,0.0,0.9154934481074161
28.64,-48.82518,46.20349,0.0,0.9205612121282991,0.0,0.9248830649843699
28.66,-48.82518,45.87581,0.0,0.9205612121282991,0.0,0.920188256545893
28.68,-48.82518,45.54813,0.0,0.9158883422534931,0.0,0.920188256545893
28.7,-48.82518,44.89277,0.0,0.9158883422534931,0.0,0.9107986396689391
28.72,-48.82493,50.135605,1.6829292795145015e-07,0.9299068805755752,2.665991735879237e-06,0.9718305762724054
28.74,0.6557699999999995,57.016774999999996,0.19853202566736416,0.9999990017672998,0.360597844676145,0.9999987821694419
28.76,38.33979,57.016735,0.4705922413257757,0.9999985739532852,0.5130155418242485,0.9999986388952586
28.78,39.65189,57.016769999999994,0.49632838123913064,0.9999987878602925,0.5018777090304855,0.9999989254436251
28.8,39.65063,57.01678,0.49632843733677334,0.9999989304649638,0.5018633580536944,0.9999989254436251
28.82,38.995265,57.01679,0.492651966129814,0.9999990017672998,0.4981459445557669,0.9999989970807169
28.84,38.99527,57.0168,0.4926520222274567,0.9999990730696353,0.4981459445557669,0.9999990687178084
28.86,38.33991,57.016795,0.48897560711814003,0.9999990017672998,0.49442853105783935,0.9999990687178084
28.88,37.68454,57.0168,0.48529913591118073,0.9999990730696353,0.4907110608366835,0.9999990687178084
28.9,37.35687,57.0168,0.4852991920088234,0.9999990730696353,0.4869937040619844,0.9999990687178084
28.92,37.356865,57.016805000000005,0.48529913591118073,0.9999990730696353,0.4869937040619844,0.9999991403549001
28.94,41.94446,57.016785,0.48529913591118073,0.9999990730696353,0.5390383438813958,0.9999988538065336
28.96,57.673410000000004,57.016695,0.5919173618894269,0.9999983600462782,0.6096705049762721,0.9999982807098002
28.98,57.67338,57.01671,0.5992700238151322,0.9999984313486137,0.6022355078107319,0.9999984239839835
29.0,57.673365000000004,57.016705,0.5992699677174895,0.9999983600462782,0.602235394364275,0.9999984239839835
29.02,58.001035,57.01671,0.5992699116198469,0.9999984313486137,0.6059527511389741,0.9999984239839835
29.04,58.00102,57.01671,0.5992697994245616,0.9999984313486137,0.6059526944157456,0.9999984239839835
29.06,58.00102,57.01671,0.5992697994245616,0.9999984313486137,0.6059526944157456,0.9999984239839835
29.08,58.00101,57.01671,0.5992697433269188,0.9999984313486137,0.6059526376925172,0.9999984239839835
29.1,58.001005,57.01671,0.5992696872292762,0.9999984313486137,0.6059526376925172,0.9999984239839835
29.12,57.67332,57.01671,0.5992696872292762,0.9999984313486137,0.6022351674713612,0.9999984239839835
29.14,57.67331,57.01671,0.5955932160223169,0.9999984313486137,0.6059525242460604,0.9999984239839835
29.16,57.34563,57.01671,0.5955932160223169,0.9999984313486137,0.6022351107481329,0.9999984239839835
29.18,57.673305,57.01671,0.5955932160223169,0.9999984313486137,0.6059524675228319,0.9999984239839835
29.2,57.6733,57.01671,0.5955931599246743,0.9999984313486137,0.6059524675228319,0.9999984239839835
29.22,57.345614999999995,57.016715000000005,0.5955931038270316,0.9999984313486137,0.6022350540249044,0.9999984956210752
29.24,57.017925,57.016715000000005,0.591916688717715,0.9999984313486137,0.6022349405784476,0.9999984956210752
29.26,57.017925,57.01672,0.5955931038270316,0.9999985026509495,0.5985175270805201,0.9999984956210752
29.28,57.3456,57.01672,0.5955930477293889,0.9999985026509495,0.6022349405784476,0.9999984956210752
29.3,57.017920000000004,57.01672,0.5919166326200723,0.9999985026509495,0.6022349405784476,0.9999984956210752
29.32,57.01792,57.01672,0.5955930477293889,0.9999985026509495,0.5985175270805201,0.9999984956210752
29.34,55.707165,57.016725,0.5955930477293889,0.9999985026509495,0.5836474760262111,0.9999985672581669
29.36,22.28312,57.016760000000005,0.4742688247280204,0.9999985739532852,0.32714072613219847,0.9999989970807169
29.38,-34.73415,54.067764999999994,0.15809140336723854,0.9999994295813142,3.346670476969365e-06,0.9577466524166163
29.4,-48.825050000000005,44.23741,1.4024410664480967e-06,0.9205612121282991,5.6723228440970776e-08,0.8967142143535085
29.42,-48.82518,44.56509,0.0,0.8971968627542695,0.0,0.9248830649843699
29.44,-48.82518,48.82493,0.0,0.9392526916275229,0.0,0.9436622987382774
29.46,-48.82518,51.44637,0.0,0.9532713012519406,0.0,0.9671363409306617
29.48,-48.82518,53.41245,0.0,0.9719627807511644,0.0,0.9765259578076155
29.5,-48.82518,54.39549,0.0,0.9813085205007762,0.0,0.9812207662460924
29.52,-48.82518,56.03389,0.0,0.9906542602503882,0.0,0.9953051915615231
29.54,-48.82518,56.03389,0.0,0.9906542602503882,0.0,0.9953051915615231
29.56,-48.82518,56.36157,0.0,0.995327130125194,0.0,0.9953051915615231
29.58,-48.82518,57.01693,0.0,1.0,0.0,1.0
29.6,-48.82518,56.36157,0.0,0.995327130125194,0.0,0.9953051915615231
29.62,-48.82518,57.01693,0.0,1.0,0.0,1.0
29.64,-48.82518,57.01693,0.0,1.0,0.0,1.0
29.66,-48.82518,57.01693,0.0,1.0,0.0,1.0
29.68,-48.82518,57.01693,0.0,1.0,0.0,1.0
29.7,-48.82518,57.01693,0.0,1.0,0.0,1.0
29.72,-48.82518,57.01693,0.0,1.0,0.0,1.0
29.74,-48.82518,57.01693,0.0,1.0,0.0,1.0
29.76,-48.82518,57.01693,0.0,1.0,0.0,1.0
29.78,-48.82518,57.01693,0.0,1.0,0.0,1.0
29.8,-48.82518,57.01693,0.0,1.0,0.0,1.0
29.82,-48.82518,57.01693,0.0,1.0,0.0,1.0
29.84,-48.82518,57.01693,0.0,1.0,0.0,1.0
29.86,-48.82518,57.01693,0.0,1.0,0.0,1.0
29.88,-48.82518,57.01693,0.0,1.0,0.0,1.0
29.9,-48.82518,57.01693,0.0,1.0,0.0,1.0
29.92,-48.82518,57.01693,0.0,1.0,0.0,1.0
29.94,-48.82518,57.01693,0.0,1.0,0.0,1.0
29.96,-48.82518,57.01693,0.0,1.0,0.0,1.0
