t_s,x,y,x_left,y_left,x_right,y_right
0.0,0.0,0.0,0.21393948505972327,0.8680410147434684,0.21204356968638213,0.8674944768356916
0.02,0.655364999999995,4.99999999803435e-06,0.21634333782642806,0.8680410147434684,0.2144531836992053,0.8674945084273193
0.04,0.327685,4.99999999803435e-06,0.21634333782642806,0.8680410147434684,0.21204356968638213,0.8674945084273193
0.06,9.9999999960687e-06,-0.32767000000000196,0.21393952173904587,0.8659791968918226,0.21204360645417408,0.8674945084273193
0.08,0.655375,-0.65536,0.2163433745057507,0.8659791654304989,0.21445322046699727,0.865424087908633
0.1,0.3277050000000012,-0.65536,0.21393959509769114,0.8659791654304989,0.21445325723478925,0.865424087908633
0.12,0.3277100000000012,-0.65535,0.21393959509769114,0.8659791968918226,0.21445329400258117,0.8654241195002609
0.14,0.32771999999999923,-0.655355,0.21393963177701375,0.8659791654304989,0.21445333077037312,0.8654241195002609
0.16,0.6554,-0.9830400000000001,0.21634344786439594,0.8639173161175292,0.21445333077037312,0.865424087908633
0.18,0.983085,-1.310715,0.21634348454371857,0.8639173161175292,0.21686294478319634,0.8633537305732024
0.2,0.983095,-1.310715,0.21634352122304118,0.8639173161175292,0.21686298155098827,0.8633537305732024
0.22,0.9831000000000001,-1.31072,0.21634352122304118,0.8639173161175292,0.21686301831878022,0.8633536989815743
0.24,0.9831099999999999,-1.31072,0.21634355790236381,0.8639173161175292,0.21686305508657217,0.8633536989815743
0.26,0.983105,-1.6384050000000001,0.21634355790236381,0.8618554353432357,0.21686301831878022,0.8633536989815743
0.28,0.983105,-1.31072,0.21634355790236381,0.8639173161175292,0.21686301831878022,0.8633536989815743
0.3,0.9831049999999999,-1.31072,0.21634352122304118,0.8639173161175292,0.21686305508657217,0.8633536989815743
0.32,0.9831000000000001,-0.9830450000000001,0.21634352122304118,0.8639173161175292,0.21686301831878022,0.865424056317005
0.34,0.9831000000000001,-0.9830400000000001,0.21634352122304118,0.8659791654304989,0.21686301831878022,0.8633536989815743
0.36,0.6554249999999999,-0.983045,0.21634355790236381,0.8639172846562055,0.21445340430595702,0.865424087908633
0.38,0.9831099999999999,-0.9830400000000001,0.21634355790236381,0.8639173161175292,0.21686305508657217,0.865424087908633
0.4,0.983105,-0.65537,0.21634355790236381,0.865979133969175,0.21686301831878022,0.865424056317005
0.42,1.310785,-0.655365,0.21634355790236381,0.865979133969175,0.21927263233160343,0.865424087908633
0.44,1.310785,-0.65537,0.21634355790236381,0.865979133969175,0.21927263233160343,0.865424056317005
0.46,1.6384599999999998,-0.65537,0.21874737398974597,0.865979133969175,0.21927259556381148,0.865424056317005
0.48,0.983095,-0.655375,0.21634352122304118,0.8659791025078514,0.21686298155098827,0.865424056317005
0.5,0.983095,-0.983055,0.21634352122304118,0.8639172531948817,0.21686298155098827,0.865424056317005
0.52,0.98309,-0.32769500000000157,0.21634348454371857,0.8659791025078514,0.21686298155098827,0.8674944452440637
0.54,0.98309,-0.3276999999999996,0.21634348454371857,0.8659791025078514,0.21686298155098827,0.8674944136524357
0.56,0.983095,-0.3276999999999996,0.21634352122304118,0.8659791025078514,0.21686298155098827,0.8674944136524357
0.58,1.31077,-0.3276999999999996,0.21874730063110073,0.8659791025078514,0.21686298155098827,0.8674944136524357
0.6,1.31077,-0.3276999999999996,0.21634348454371857,0.8659791025078514,0.21927259556381148,0.8674944136524357
0.62,1.63845,-1.9999999999243e-05,0.21874730063110073,0.868040951820821,0.21927259556381148,0.8674944136524357
0.64,0.983095,-0.3276999999999996,0.21634352122304118,0.868040951820821,0.21686298155098827,0.8654240247253772
0.66,1.310765,-0.65538,0.21874730063110073,0.8659791025078514,0.21686294478319634,0.8654240247253772
0.68,0.98309,-0.65538,0.21634348454371857,0.8659791025078514,0.21686298155098827,0.8654240247253772
0.7,0.98309,-0.65539,0.21634348454371857,0.8659790710465275,0.21686298155098827,0.8654239931337492
0.72,0.983085,-0.65539,0.21634348454371857,0.8659790710465275,0.21686294478319634,0.8654239931337492
0.74,1.310765,-0.9830700000000001,0.21874730063110073,0.863917221733558,0.21686294478319634,0.8654239931337492
0.76,1.310765,-0.9830700000000001,0.21874730063110073,0.863917221733558,0.21686294478319634,0.8654239931337492
0.78,0.6554,-0.9830749999999999,0.21634344786439594,0.8639171902722341,0.21445333077037312,0.8654239931337492
0.8,1.31076,-1.310755,0.21874726395177813,0.8639171902722341,0.21686294478319634,0.8633536042066907
0.82,0.983075,-1.310755,0.21634344786439594,0.8639171902722341,0.2168629080154044,0.8633536042066907
0.84,0.983075,-1.31075,0.21634344786439594,0.863917221733558,0.2168629080154044,0.8633536042066907
0.86,0.983075,-1.31075,0.21634344786439594,0.863917221733558,0.2168629080154044,0.8633536042066907
0.88,0.9830700000000001,-1.310755,0.2163434111850733,0.8639171902722341,0.2168629080154044,0.8633536042066907
0.9,0.9830650000000001,-1.6384349999999999,0.2163434111850733,0.8639171902722341,0.21686287124761244,0.8612832152796319
0.92,0.9830650000000001,-1.310755,0.2163434111850733,0.8639171902722341,0.21686287124761244,0.8633536042066907
0.94,0.98306,-0.9830700000000001,0.2163433745057507,0.863917221733558,0.21686287124761244,0.8654239931337492
0.96,0.9830650000000001,-0.65539,0.2163434111850733,0.8659790710465275,0.21686287124761244,0.8654239931337492
0.98,0.98306,-0.65539,0.2163433745057507,0.8659790710465275,0.21686287124761244,0.8654239931337492
1.0,0.98306,-2.5000000000830002e-05,0.2163433745057507,0.8680409203594973,0.21686287124761244,0.8674944136524357
1.02,0.983055,-3.0000000002417e-05,0.2163433745057507,0.8680409203594973,0.2168628344798205,0.8674943820608079
1.04,1.638425,0.9830149999999988,0.2163433745057507,0.8680409203594973,0.2216821360410508,0.8737055804336116
1.06,4.58763,3.932175,0.23076660114394734,0.88041214208261,0.22891127222185598,0.879916873581299
1.08,4.259925,5.898275,0.22836271169791994,0.8845359036311967,0.22891116191848015,0.888198492472789
1.1,4.587595,8.192055,0.2307664911059795,0.8927833638057228,0.2289111251506882,0.8944097224372208
1.12,4.259905,10.158155,0.2283626383392747,0.8969071253543096,0.22891108838289628,0.9026913413287111
1.14,4.259895,12.779615,0.2283626016599521,0.9072164348418053,0.2289110516151043,0.9089025712931427
1.16,4.25988,13.434989999999999,0.22836256498062946,0.9092783156160986,0.22891097807952043,0.910973023403457
1.18,4.25988,13.762675,0.22836252830130685,0.911340196390392,0.22891101484731238,0.910973023403457
1.2,-26.869725,14.090354999999999,0.0,0.9134020457033616,0.22891097807952043,0.910973023403457
1.22,4.25987,14.41804,0.22836249162198421,0.9134020771646855,0.22891097807952043,0.9130434123305157
1.24,4.25987,14.745719999999999,0.22836249162198421,0.9134020771646855,0.22891097807952043,0.9151138012575742
1.26,4.259875,15.401085,0.22836252830130685,0.915463926477655,0.22891097807952043,0.9171842217762607
1.28,4.259875,15.40108,0.22836252830130685,0.915463926477655,0.22891097807952043,0.9171841901846329
1.3,4.259875,15.72876,0.22836252830130685,0.9175257757906247,0.22891097807952043,0.9171841901846329
1.32,4.259875,15.72877,0.22836252830130685,0.9175258072519483,0.22891097807952043,0.9171842217762607
1.34,5.898295,15.728755,0.22836252830130685,0.9175257757906247,0.24095919521480427,0.9171841585930048
1.36,16.384305,16.056404999999998,0.2692282087319015,0.9195875307196231,0.2771044349053268,0.9171840638181212
1.38,16.384335,15.401050000000001,0.2740361710205695,0.9154638320936838,0.27228509657630456,0.917184095409749
1.4,16.38432,15.401045,0.27403609766192427,0.9175256814066534,0.2722850598085126,0.9151136748910625
1.42,15.728955,14.417995,0.2716322448952195,0.9134019198580665,0.2698754457956894,0.913043285964004
1.44,15.073585,12.77958,0.2692283921285146,0.9092782212321273,0.2674657950150742,0.9068320244079444
1.46,14.418235,12.779575000000001,0.2668246127204551,0.9072163089965102,0.265056217770043,0.908902444926631
1.48,13.762875,12.124205,0.2644207966330729,0.9072163089965102,0.26264660375721977,0.9047616038892579
1.5,12.77983,10.813469999999999,0.25961312777898593,0.9010306981349538,0.2602369897443966,0.9026911833705714
1.52,12.452155,10.813455000000001,0.2596131644583085,0.9030925159865998,0.2578273757315733,0.900620731260257
1.54,12.124479999999998,10.485775,0.2572093483709264,0.90103066667363,0.2578274124993653,0.900620731260257
1.56,11.79681,10.485759999999999,0.25480553228354424,0.8989687544380129,0.2578274860349492,0.9026910885956877
1.58,15.729225,12.124144999999999,0.2716330885196398,0.9072161202285677,0.26987658559723965,0.9047614143394905
1.6,15.40155,13.107195,0.2692294558288707,0.9092779695415374,0.2698764385260719,0.9089022553768634
1.62,15.401544999999999,12.12415,0.26922941914954807,0.9072161202285677,0.2698764385260719,0.9047614459311184
1.64,15.401544999999999,10.81342,0.26922941914954807,0.9030923901413047,0.2698764385260719,0.9006206364853733
1.66,15.401544999999999,9.83038,0.26922941914954807,0.8989686915153654,0.2698764385260719,0.8985502475583146
1.68,15.07386,8.847339999999999,0.26922938247022543,0.8969068422023959,0.2674668245132487,0.8944094697041974
1.7,16.056975,9.175005,0.26682556638284327,0.8948449614281025,0.27710583208142064,0.8985501843750587
1.72,20.317035,9.17499,0.28605715878225674,0.8969067478184245,0.2891544536624159,0.8964797638563723
1.74,20.644695,9.502680000000002,0.2884609381903163,0.8969067792797484,0.28915434335904006,0.8985501843750587
1.76,20.64469,9.175005,0.2884609015109937,0.8969067792797484,0.28915434335904006,0.8964798270396281
1.78,20.644685,9.175,0.2884609015109937,0.8969067792797484,0.2891543065912481,0.8964797954480003
1.8,20.644675,9.175005,0.2884608648316711,0.8969067792797484,0.28915426982345616,0.8964798270396281
1.82,20.644675,8.519645,0.2884608648316711,0.8948449299667787,0.28915426982345616,0.8944094381125696
1.84,20.644675,8.19196,0.2884608648316711,0.8927830806538091,0.28915426982345616,0.8944094065209416
1.86,20.972355,8.19196,0.2884608648316711,0.8927830806538091,0.29156388383627935,0.8944094065209416
1.88,20.644669999999998,7.5366,0.28846082815234847,0.8927830806538091,0.28915426982345616,0.8902686286668243
1.9,27.19836,8.51963,0.29086464423973063,0.8907211998795157,0.3349375978873521,0.898550152783431
1.92,46.53177,9.502669999999998,0.38221104937451295,0.8989685971313943,0.38554022751247835,0.8964797638563723
1.94,47.51479,9.17499,0.38701860819063205,0.8969067478184245,0.38794976798971764,0.8964797638563723
1.96,47.842465000000004,8.84731,0.38942242427801427,0.8969067478184245,0.3879497312219258,0.8944093749293137
1.98,48.170135,8.519625,0.38942235091936905,0.8948448670441311,0.3903593452347489,0.8944093749293137
2.0,47.842455,7.86426,0.3894223875986917,0.8927830177311616,0.3879496944541338,0.8923389544106272
2.02,48.825495000000004,7.86426,0.3918262036860738,0.8927830177311616,0.39276892247978024,0.8923389544106272
2.04,48.82549,7.2089,0.3918261670067512,0.8907211684181918,0.39276892247978024,0.8902685654835685
2.06,57.67294,8.191939999999999,0.394230019773456,0.8907211684181918,0.45541951186564666,0.8964797322647444
2.08,85.52620999999999,10.81336,0.5168264375167555,0.9030922013733622,0.5373480428522732,0.9006204469356057
2.1,86.836945,10.813375,0.5336534802423345,0.9010303835217163,0.530118980207052,0.9026908990459201
2.12,86.50924,10.813375,0.5312495541169844,0.9010304149830402,0.530118906671468,0.9026908674542923
2.14,85.85386,10.485685,0.528845664670957,0.9010303835217163,0.5277092191230609,0.9006204469356057
2.16,85.52616,10.485685,0.5264417752249295,0.9010303520603926,0.5277091455874771,0.9006204785272336
2.18,85.19847,10.48568,0.5240379224582247,0.9010303520603926,0.5277091088196851,0.9006204469356057
2.2,84.87078,10.48568,0.5240378857789021,0.9010303520603926,0.52529945803907,0.9006204469356057
2.22,84.543095,10.48567,0.5240378490995794,0.901030320599069,0.5228898440262467,0.900620415343978
2.24,89.130675,11.468710000000002,0.5216339963328747,0.8989684712860992,0.5590345321998902,0.9089019710522122
2.26,112.06879,14.090145,0.6153847677448785,0.9134014164768867,0.6337344049870068,0.9109723283876429
2.28,113.7072,14.090160000000001,0.62980792102443,0.9113395986252407,0.6313246071352239,0.9130427804979574
2.3,113.70718,14.41784,0.6298078476657847,0.9134014479382105,0.63132453359964,0.9130427804979574
2.32,113.707165,14.090150000000001,0.6298077743071395,0.9113395671639171,0.631324496831848,0.9130427489063294
2.34,113.379475,13.76247,0.6298077376278168,0.9113395671639171,0.6289148460512328,0.9109723599792708
2.36,113.37945500000001,13.762465,0.6298076642691716,0.9113395357025933,0.6289147725156491,0.9109723599792708
2.38,113.379445,14.417825,0.6298076275898491,0.913401385015563,0.6289147357478572,0.9130427489063294
2.4,112.396395,14.417825,0.6274037748231442,0.913401385015563,0.6240954709544188,0.9130427489063294
2.42,113.051755,14.41782,0.6274037748231442,0.913401385015563,0.6289146989800651,0.9130427173147015
2.44,112.724065,13.76246,0.6274037381438216,0.9113395357025933,0.62650504819945,0.9109723283876429
2.46,113.051745,14.090140000000002,0.6274037381438216,0.9113395357025933,0.6289146622122732,0.9130427173147015
2.48,113.051735,14.417815000000001,0.627403701464499,0.9134013535542391,0.6289146254444813,0.9130427173147015
2.5,112.39637,13.76246,0.6249998486977941,0.9113395357025933,0.626505011431658,0.9109723283876429
2.52,113.05172999999999,13.76246,0.6274036647851764,0.9113395357025933,0.6289146254444813,0.9109723283876429
2.54,113.37941,13.434775,0.6298074808725586,0.9113395042412695,0.6289146254444813,0.9089019394605843
2.56,91.42452,7.536575,0.6033651371181283,0.9030922013733622,0.49397418173003277,0.8799166524399036
2.58,17.040285,-2.949105,0.32211524371740974,0.8639173161175292,0.22891362536054038,0.8530018491211652
2.6,4.91583,-1.638375,0.2259608762939594,0.8597936804142374,0.23614202618550667,0.8654241826835167
2.62,7.537245,0.32771499999999926,0.24038373613892983,0.8680411405887635,0.24096110713998534,0.8695649605376339
2.64,7.53722,0.3276949999999996,0.24038362610096198,0.8680410776661159,0.2409610336044014,0.869564897354378
2.66,7.537185,0.98305,0.24038347938367144,0.8701028955177619,0.24096092330102561,0.8716352862814366
2.68,7.209485,0.65536,0.24038340602502623,0.870102864056438,0.23855123575261852,0.86956486576275
2.7,7.209475,0.655355,0.2379795532583214,0.8701028325951143,0.2409608129976498,0.86956486576275
2.72,7.209465,0.3276699999999984,0.23797951657899877,0.8701028325951143,0.24096077622985784,0.8674944452440637
2.74,6.226375,-0.32767999999999964,0.24038329598705838,0.868040951820821,0.2313219892684375,0.8654241510918887
2.76,2.62178,1.0000000000010001e-05,0.22355603318554376,0.8659791968918226,0.2216832390748091,0.869564897354378
2.78,3.277125,1.9999999999243e-05,0.2259597759142807,0.8680410776661159,0.2240928163198404,0.8674945400189474
2.8,3.604795,1.4999999997655852e-05,0.22595973923495807,0.8680410776661159,0.22650239356487165,0.8674945084273193
2.82,3.60479,9.9999999960687e-06,0.22595970255563547,0.868041046204792,0.22650239356487165,0.8674945084273193
2.84,3.6047849999999997,0.32768,0.22595970255563547,0.8680410147434684,0.2265023567970797,0.86956486576275
2.86,3.60478,0.0,0.22595966587631283,0.8680410147434684,0.2265023567970797,0.8674944768356916
2.88,3.604775,0.0,0.22595966587631283,0.8680410147434684,0.22650232002928777,0.8674944768356916
2.9,3.27709,-1.0000000003174e-05,0.22595962919699022,0.8680409832821447,0.22409270601646455,0.8674944452440637
2.92,3.277085,-0.3276900000000016,0.22595962919699022,0.865979133969175,0.2240926692486726,0.8674944452440637
2.94,3.604755,-0.65538,0.2259595925176676,0.8659791025078514,0.22650224649370387,0.8654240247253772
2.96,3.6047450000000003,-0.98306,0.22595955583834498,0.8639172531948817,0.22650220972591192,0.8654240247253772
2.98,3.9324250000000003,-0.9830650000000001,0.22836337192572714,0.8659790710465275,0.22650220972591192,0.8633536357983185
3.0,7.537039999999999,-0.6554050000000008,0.2307672980510772,0.8639171902722341,0.25059923228115066,0.867494318877552
3.02,10.486329999999999,-0.9831099999999999,0.2524026698585502,0.8659789452012325,0.2505994528879023,0.863353477840179
3.04,9.830945,-0.65543,0.24999874373320016,0.8659789452012325,0.24818976533949524,0.8654238667672375
3.06,9.830945,-1.3108,0.24999874373320016,0.8639170644269393,0.24818976533949524,0.8633534462485511
3.08,9.503255,-1.63849,0.24759489096649537,0.8618551836526459,0.2481897285717033,0.8633534146569231
3.1,8.84789,-1.966175,0.2451910381997906,0.861855152191322,0.24578011455888008,0.8612830257298646
3.12,8.847875,-1.96618,0.24519100152046797,0.861855152191322,0.24578004102329618,0.8612829941382366
3.14,8.520195,-2.29387,0.24278718543308578,0.8618551207299984,0.24578004102329618,0.8592125736195501
3.16,15.07406,0.32755000000000006,0.2524028532551633,0.8659787878946138,0.28433540947572916,0.871634812407018
3.18,23.266275,-0.32783999999999885,0.30048060549638916,0.8659786305879952,0.296383626611013,0.8674940029612728
3.2,23.266244999999998,0.6552100000000011,0.29807660601239383,0.8680405428236122,0.29879320385604424,0.8716347808153899
3.22,22.93855,0.6552,0.2980765693330712,0.870102360675258,0.29638351630763715,0.8695643602967035
3.24,22.938535,0.98288,0.298076495974426,0.870102360675258,0.29638347953984523,0.8716347492237622
3.26,23.593885,0.655195,0.30048027538248556,0.8701023292139344,0.2987930567848765,0.8695643602967035
3.28,23.266205,0.65519,0.29807645929510335,0.8701023292139344,0.2987930567848765,0.8695643287050756
3.3,23.26619,0.65518,0.2980764226157807,0.8701022977526106,0.2987929832492926,0.8695642971134476
3.32,22.938505,-0.0001800000000002,0.29807638593645813,0.868040448439641,0.29638336923646935,0.867493908186389
3.34,22.610825,-0.32787000000000166,0.295672569849076,0.8659785676653476,0.29638336923646935,0.8674938765947613
3.36,22.283135,-0.655555,0.29567253316975334,0.8659785676653476,0.2939737184558542,0.8654234560760747
3.38,21.955445,-0.9832400000000001,0.29326868040304854,0.8639166868910543,0.2939736816880623,0.8654234560760747
3.4,22.283125,-1.31092,0.2956724964904307,0.8639166868910543,0.2939736816880623,0.863353067149016
3.42,21.955445,-1.63861,0.29326868040304854,0.8618548061167608,0.2939736816880623,0.8633530355573882
3.44,21.95544,-1.96629,0.2932686437237259,0.8618548061167608,0.2939736816880623,0.8612826466303295
3.46,25.88763,-1.63862,0.2932686437237259,0.8597929253424674,0.3228892704486925,0.8654233928928189
3.48,52.102335,-0.00023500000000004073,0.394230019773456,0.8701021719073158,0.4144557427375246,0.865423298117935
3.5,54.39611,-0.9832799999999999,0.411056952461067,0.8639165610457592,0.4144556324341488,0.865423329709563
3.52,54.723775,-0.9832799999999999,0.4134606951898039,0.8639165610457592,0.41445559566635687,0.865423329709563
3.54,54.396085,-1.310965,0.4134606585104813,0.8639165295844355,0.4120459448857417,0.8633529407825044
3.56,54.723755,-1.638645,0.41346062183115867,0.8639165610457592,0.41445552213077297,0.8612825202638178
3.58,54.39607,-1.96633,0.41105676906445393,0.8618546802714658,0.41445552213077297,0.8612825202638178
3.6,55.05143,-2.294015,0.41586440123921825,0.8597927994971726,0.41445552213077297,0.8612825202638178
3.62,54.723749999999995,-2.6217,0.41346062183115867,0.8597927994971726,0.41445548536298105,0.8592120997451315
3.64,54.723735,-2.9493850000000004,0.41346054847251346,0.8577309501842029,0.41445544859518907,0.8592120681535035
3.66,54.06837,-2.94939,0.41105669570580866,0.8577309187228792,0.4120458345823659,0.8592120681535035
3.68,54.068365,-2.62171,0.41105669570580866,0.8597927680358487,0.4120457978145739,0.8592120681535035
3.7,53.74068,-2.62171,0.411056659026486,0.8597927680358487,0.4096361838017507,0.8592120681535035
3.72,53.412995,-2.621715,0.4086528429391038,0.8597927680358487,0.4096361470339588,0.8592120365618756
3.74,63.89887,-1.638680000000002,0.4134604751138682,0.8577308872615553,0.48192541307786974,0.86749359227011
3.76,91.09681,0.655039999999999,0.5408647817871903,0.8721637066070479,0.5542154512454115,0.8674934659035983
3.78,91.75217,0.6550550000000005,0.5504802662126549,0.8680400394424322,0.5493960026130135,0.8716343069409713
3.8,91.752145,0.6550549999999999,0.5504801928540096,0.8701018887554021,0.5493958923096376,0.8695639180139126
3.82,91.424445,1.63809,0.5480762667286596,0.8721637380683716,0.5493958555418457,0.873704664276402
3.84,90.441385,1.31041,0.5456723772826322,0.8721637380683716,0.5445765539806153,0.8716342753493433
3.86,90.44138,1.96577,0.5456723406033095,0.8742255873813413,0.5445765539806153,0.873704664276402
3.88,90.44137,1.638085,0.5456723039239869,0.8721637066070479,0.5445765172128234,0.873704664276402
3.9,90.113685,1.3104,0.5432684878366048,0.8721637066070479,0.5445764804450315,0.8716342437577155
3.92,90.441355,0.98272,0.5456722672446643,0.8701018572940782,0.5445764436772396,0.8716342437577155
3.94,90.113675,1.3104,0.5432684511572822,0.8721637066070479,0.5445764436772396,0.8716342437577155
3.96,90.11367,1.3104,0.5432684144779595,0.8721637066070479,0.5445764436772396,0.8716342437577155
3.98,89.785995,0.982715,0.5432684511572822,0.872163675145724,0.5421668296644163,0.8695638548306568
4.0,90.11367,0.655035,0.5432684144779595,0.8701018258327545,0.5445764436772396,0.8695638548306568
4.02,90.113665,0.32735500000000095,0.5432684144779595,0.8680399765197848,0.5445764069094475,0.8695638548306568
4.04,90.113665,-0.0003299999999981,0.5432684144779595,0.8680399765197848,0.5445764069094475,0.8674934343119702
4.06,99.94426,3.60416,0.5576914943988657,0.8742255244586938,0.6024083933221307,0.8840566089116949
4.08,109.7749,3.276485,0.617788363756325,0.8783492545459567,0.6144567575285823,0.8778454421305192
4.1,109.447185,3.276485,0.6153843642723298,0.8783492860072806,0.6144566839929984,0.8778454105388912
4.12,108.791825,2.9488,0.6105767320975654,0.8783492545459567,0.6144566839929984,0.8757750216118327
4.14,109.119495,2.6211149999999996,0.6129805115056249,0.8762874052329872,0.6144566472252064,0.8757749900202046
4.16,108.79181,2.6211149999999996,0.6105766587389201,0.8762873737716633,0.6144566472252064,0.8757750216118327
4.18,109.11948,1.96575,0.6129804748263022,0.8742255244586938,0.6144565736896225,0.8737046010931462
4.2,108.7918,1.31039,0.6129804381469797,0.872163675145724,0.6120469964445913,0.8716342121660875
4.22,109.11947,1.31039,0.612980401467657,0.872163675145724,0.6144565736896225,0.8716342121660875
4.24,109.774835,0.98271,0.6153842542343618,0.872163675145724,0.6168661877024457,0.8695638232390289
4.26,109.77482499999999,0.32734499999999933,0.6153842175550392,0.8701018258327545,0.6168661509346539,0.8674934027203425
4.28,109.77483,-0.0003349999999997,0.6153842175550392,0.8680399450584612,0.6168661877024457,0.8674934343119702
4.3,109.77483,-0.0003299999999981,0.6153842175550392,0.8680399765197848,0.6168661877024457,0.8674934343119702
4.32,109.77483,-0.0003400000000013,0.6153842175550392,0.8680399450584612,0.6168661877024457,0.8674934027203425
4.34,96.66745,-5.89856,0.6081727326135701,0.8659781272068152,0.5277091823552691,0.83229688573523
4.36,22.610935,-18.67801,0.3822110860538356,0.8123701709148996,0.20963693386470636,0.8053821455997474
4.38,-7.208345,-15.401165,0.18269218672108017,0.8144322719184592,0.19035924963848988,0.8240156775349027
4.4,-4.58694,-11.141305,0.1947111571200232,0.8288652800318943,0.19758794460579174,0.8364380742805102
4.42,-3.9316199999999997,-7.536815,0.19711478981079228,0.8432982566840054,0.19999744831523913,0.8447196615803724
4.44,-2.94861,-5.24306,0.20192231194758875,0.8494838046229144,0.2024069520246865,0.8530011856969789
4.46,-3.276305,-3.27697,0.2019222385889435,0.8556693840231471,0.19999730124407133,0.8592123840697827
4.48,-2.948645,-2.2939249999999998,0.20192216523029827,0.8597930826490863,0.20240684172131065,0.8612828045884691
4.5,-2.9486600000000003,-1.63857,0.20192212855097563,0.8618549319620559,0.20240676818572678,0.8633531619238999
4.52,-2.948665,-1.310885,0.20192209187165303,0.8639167812750256,0.20240676818572678,0.8633531935155278
4.54,-3.9317849999999996,-0.32780500000000007,0.20192201851300778,0.8659786620493188,0.19517741139816994,0.8674941925110403
4.56,-5.24261,2.62135,0.19230616729431713,0.8742262795304636,0.19517722755921021,0.8778461371463332
4.58,-4.2595849999999995,3.6044,0.1971137261104362,0.8783500096177267,0.19758680480424148,0.8799165576650197
4.6,-4.259595,4.587435,0.1971136894311136,0.8824736767823421,0.19758676803644953,0.8819869465920784
4.62,-3.6042449999999997,4.915115,0.19951746883917315,0.882473708243666,0.1999963452814808,0.8840573039275091
4.64,-3.60425,5.24279,0.19951743215985052,0.8845355260953118,0.1999963452814808,0.8840573039275091
4.66,-3.604255,5.24279,0.19951743215985052,0.8845355260953118,0.19999630851368885,0.8840573039275091
4.68,-4.259625,5.24279,0.19711357939314572,0.8845355260953118,0.1975866577330737,0.8840573039275091
4.7,-4.259625,5.24278,0.19711357939314572,0.8845354946339881,0.1975866577330737,0.8840572723358812
4.72,-4.2596300000000005,4.587415,0.1971135427138231,0.8824736138596946,0.1975866577330737,0.8819868834088226
4.74,-4.587315,4.587415,0.1971135427138231,0.8824736138596946,0.19517700695245857,0.8819868834088226
4.76,-5.24268,4.259725,0.19470968994711832,0.8824736138596946,0.19276739293963535,0.879916431298508
4.78,-5.24268,3.93204,0.19470968994711832,0.8804117330854012,0.19276739293963535,0.879916431298508
4.8,-5.570365,3.27668,0.19230587385973613,0.8783498837724316,0.1927673561718434,0.8778460423714496
4.82,-5.242685,2.62131,0.19470968994711832,0.8762880029981382,0.1927673561718434,0.875775621852763
4.84,-5.57037,0.9829000000000001,0.19230583718041352,0.8721642729108753,0.1927673561718434,0.8695644234799593
4.86,11.141729999999999,7.2087900000000005,0.2115369527486329,0.8783497579271367,0.29638325893309353,0.9026905199463852
4.88,82.90482499999999,13.43467,0.4855764249082383,0.9113391896280322,0.549396921807812,0.9089015919526773
4.9,89.458605,13.107015,0.543269624895606,0.90927740323771,0.5397581716141836,0.9089016867275609
4.92,88.803185,13.10701,0.5384616992862608,0.90927740323771,0.5397580245430159,0.9089016551359331
4.94,88.80314,12.779325,0.5384615158896476,0.90927740323771,0.5397578774718481,0.9068312346172466
4.96,88.803115,12.45164,0.5384614058516797,0.9072155224634166,0.5397578039362643,0.9068312346172466
4.98,88.80309,11.79627,0.5384613324930344,0.9051536416891232,0.5397576936328884,0.90476081409856
5.0,89.13076,11.1409,0.5384612958137119,0.9030917609148298,0.5421672708779196,0.9026903935798735
5.02,89.458435,10.48553,0.5408650752217714,0.9010298801405364,0.5421672708779196,0.900619973061187
5.04,89.458425,9.1748,0.5408650385424488,0.8969061500532735,0.5421672341101277,0.8964791636154419
5.06,99.28903,9.83015,0.5624996767634693,0.8989679679049194,0.5927703417165492,0.8985495209508726
5.08,104.20435,10.157824999999999,0.596154055649208,0.8989679364435956,0.5951798821937885,0.9006199098779312
5.1,103.876645,10.15783,0.5937500928445354,0.8989679679049194,0.5951798454259966,0.9006199098779312
5.12,103.87663,10.15783,0.5937500194858901,0.9010298172178889,0.5951798086582047,0.8985495209508726
5.14,103.548935,9.50246,0.5937499828065675,0.8969060871306259,0.5927701211097975,0.8985494893592448
5.16,103.221255,9.50246,0.5913461667191853,0.8989679364435956,0.5927701211097975,0.896479100432186
5.18,103.221245,8.847100000000001,0.5913461300398627,0.8969060871306259,0.5927700843420056,0.8944087115051276
5.2,103.221245,8.51941,0.5913461300398627,0.8948442063563325,0.5927700843420056,0.8944086799134996
5.22,103.221245,8.19173,0.5913461300398627,0.8948442063563325,0.5927700843420056,0.892338290986441
5.24,103.22124,7.53637,0.5913461300398627,0.8907205077303932,0.5927700475742137,0.892338290986441
5.26,103.22123500000001,6.55332,0.59134609336054,0.8886586269560999,0.5927700475742137,0.8881974815406959
5.28,103.22123,6.55332,0.5913460566812174,0.8886586269560999,0.5927700475742137,0.8881974815406959
5.3,103.22123,6.881,0.5913460566812174,0.8886586269560999,0.5927700475742137,0.8902678704677546
5.32,102.89355,6.881005,0.5913460566812174,0.8886586269560999,0.5903604335613905,0.8902679020593823
5.34,102.56587,6.55332,0.5889422405938353,0.8886586269560999,0.5903604335613905,0.8881974815406959
5.36,100.59976,5.89797,0.5889422405938353,0.8886586269560999,0.5759025288776995,0.8840567668698345
5.38,51.119460000000004,-5.898445000000001,0.4783651967220277,0.8597929253424674,0.32289000580453137,0.8385084316159408
5.4,-12.12351,-12.451979999999999,0.17788506805683255,0.8288654058771892,0.15903401009724458,0.8281566765304152
5.42,-12.1237,-6.55372,0.16346107115286082,0.8432983825293003,0.17349140003184826,0.8509310495029436
5.44,-9.5023,-2.29385,0.17788385763918602,0.8577314850267066,0.17831044421853495,0.8633534146569231
5.46,-8.846985,0.6552749999999999,0.18028749032995506,0.8680407315915547,0.1807199111601904,0.8716350019567853
5.48,-8.19166,2.949045,0.18269115970004676,0.8742263109917874,0.18312941486963777,0.8799165892566477
5.5,-7.863995,4.58746,0.18509490242878368,0.8824737711663134,0.18312937810184585,0.8819870097753343
5.52,-7.5363299999999995,5.570505000000001,0.18509482907013844,0.8824737711663134,0.18553895534687712,0.8881982081481379
5.54,-6.553295,9.502695,0.18749864515752063,0.8948449614281025,0.19035814660473158,0.9006206364853733
5.56,-5.242565,16.384035,0.18990246124490281,0.9072161831512152,0.19758706217878508,0.9316767231242755
5.58,-1.63801,24.248475,0.20672950397048165,0.9422680304689077,0.20722573883682957,0.9461697931215927
5.6,-0.98267,27.197635,0.2091332466992186,0.9525774343403747,0.2096352793140689,0.9544514436047109
5.62,-1.310355,27.853,0.20913321001989596,0.9567011644276376,0.2072256653012457,0.9544514436047109
5.64,-1.63804,28.508364999999998,0.20672935725319116,0.9567011644276376,0.2072256653012457,0.958592253050456
5.66,-1.63804,28.180684999999997,0.20672935725319116,0.9567011644276376,0.2072256653012457,0.9565218641233975
5.68,-1.965725,28.18068,0.20672935725319116,0.9567011644276376,0.20481601452063053,0.9565218325317695
5.7,-1.965725,28.18069,0.20672935725319116,0.9567011958889615,0.20481601452063053,0.9565218641233975
5.72,-1.965725,28.180684999999997,0.20672935725319116,0.9567011958889615,0.20481601452063053,0.9565218325317695
5.74,-1.965725,27.52532,0.20672935725319116,0.954639315114668,0.20481601452063053,0.9544514436047109
5.76,-2.62109,26.86996,0.20432550448648634,0.9525774658016983,0.20240640050780734,0.9523810546776522
5.78,-2.62109,25.88691,0.20432554116580898,0.950515585027405,0.2024063637400154,0.9482402452319072
5.8,-2.9487750000000004,24.90386,0.20192168839910418,0.946391854940142,0.2024063637400154,0.9461698247132206
5.82,-3.2764550000000003,23.920805,0.20192168839910418,0.9443299741658486,0.1999967497271922,0.9420289836758476
5.84,-3.6041350000000003,22.610075000000002,0.199517872311722,0.9402062126172618,0.1999967497271922,0.9378882058217305
5.86,-3.6041350000000003,21.62702,0.199517872311722,0.9360824825299989,0.1999967497271922,0.9358177537114161
5.88,-3.6041350000000003,20.97166,0.199517872311722,0.9340206332170291,0.1999967497271922,0.9337473647843574
5.9,-3.93182,19.988605,0.19951783563239936,0.9319587524427357,0.19758713571436898,0.9296065237469844
5.92,-3.9318150000000003,18.677875,0.199517872311722,0.9278350223554728,0.19758713571436898,0.9254657143012393
5.94,-4.587175,17.69482,0.19711405622433983,0.923711260806886,0.1951775217015458,0.9233952937825528
5.96,-4.58717,16.711765,0.19711405622433983,0.9216493800325927,0.1951775584693377,0.9192544527451797
5.98,-4.914855,15.728715,0.19471024013695765,0.9175256184840058,0.1951775217015458,0.9171840638181212
6.0,-5.242535,14.090305,0.19471024013695765,0.9134019198580665,0.19276790768872257,0.9109728338536897
6.02,-5.57021,12.77957,0.19230642404957546,0.9092781583094799,0.1927679444565145,0.9068320244079444
6.04,-5.57021,12.124199999999998,0.19230642404957546,0.9072162775351865,0.1927679444565145,0.9047616038892579
6.06,-5.89789,10.48578,0.19230642404957546,0.90103066667363,0.1903583304436913,0.9006207628518849
6.08,-6.225575,8.847365,0.1899026079621933,0.8969069365863671,0.19035829367589935,0.8944095328874533
6.1,-6.880935,7.536625,0.1874987918748111,0.8927831750377803,0.18794867966307613,0.8902686918500802
6.12,-5.570225,11.141134999999998,0.1874987551954885,0.8969068736637196,0.19758709894657703,0.9089023817433751
6.14,-4.2594899999999996,11.468824999999999,0.19711409290366244,0.9051543967608932,0.19758713571436898,0.9026911517789435
6.16,-3.931835,10.813465,0.19951779895307675,0.9010306981349538,0.19758706217878508,0.9026911517789435
6.18,-4.259525,10.48578,0.19711394618637196,0.90103066667363,0.19758702541099316,0.9006207628518849
6.2,-4.259525,10.48577,0.19711394618637196,0.9010306352123063,0.19758702541099316,0.900620731260257
6.22,-4.259535,9.50273,0.19711390950704932,0.8969069365863671,0.1975869886432012,0.8985503423331985
6.24,-4.25953,9.830404999999999,0.19711390950704932,0.8989687858993368,0.19758702541099316,0.8985503107415704
6.26,-4.587215,9.50272,0.19471009341966716,0.8989687544380129,0.1975869886432012,0.896479921814512
6.28,-4.58721,8.847349999999999,0.19711390950704932,0.8969068736637196,0.19517741139816994,0.8944095012958254
6.3,-4.914895,8.191980000000001,0.19471009341966716,0.8948449928894262,0.195177374630378,0.892339080777139
6.32,-5.24258,7.8643,0.19230624065296237,0.8927831435764566,0.195177374630378,0.892339080777139
6.34,-5.57026,7.536614999999999,0.19230624065296237,0.8927831435764566,0.1927677606175548,0.8902686602584524
6.36,-5.24255,6.553559999999999,0.19230624065296237,0.8907212628021632,0.19517759523712966,0.8861278192210793
6.38,-3.931565,4.25973,0.19951871593614232,0.8824736453210185,0.19758812844475146,0.879916431298508
6.4,-4.259255,3.60437,0.19711493652808276,0.8783499152337554,0.19758801814137564,0.879916462890136
6.42,-4.25927,3.60437,0.19711489984876016,0.8804117645467251,0.19758794460579174,0.8778460739630773
6.44,-4.5869599999999995,3.27668,0.19711486316943752,0.8783498837724316,0.19517829382517657,0.8778460423714496
6.46,-5.242325,2.621315,0.19471101040273273,0.8762880344594621,0.19276867981235338,0.875775621852763
6.48,-5.5700199999999995,2.29363,0.19230715763602793,0.8742261536851688,0.19276860627676948,0.875775621852763
6.5,-5.57003,1.96594,0.1923071209567053,0.8742261222238449,0.19276856950897756,0.8737052013340765
6.52,-5.570035,1.310575,0.19230708427738266,0.8721642729108753,0.19276856950897756,0.8716347808153899
6.54,-6.225405,0.655215,0.18990323151067787,0.8701024235979056,0.1903589187283624,0.8695643918883315
6.56,-5.242305,1.6382349999999994,0.18990319483135526,0.8680405113622885,0.19758823874812728,0.87784588441331
6.58,11.797445,2.29354,0.24038479983928585,0.8762877513075484,0.2722876703217406,0.8737049170094252
6.6,16.05731,1.965855,0.2716347390891578,0.8742258390719312,0.27228752325057287,0.8737049486010533
6.62,16.384985,1.31049,0.27403851849721733,0.8721639897589616,0.27228752325057287,0.8716345280823667
6.64,16.712654999999998,0.327440000000001,0.2740384818178947,0.8701021089846682,0.27469710049560414,0.8674937186366215
6.66,16.712645000000002,-0.00024499999999955,0.27403844513857206,0.8680402282103749,0.27469706372781216,0.8674937186366215
6.68,17.368005,-0.0002500000000011,0.2764422612259543,0.8680402282103749,0.2771066777406354,0.8674936870449936
6.7,18.02335,-0.65562,0.2788460039546912,0.8659783474360814,0.2795162549856666,0.8654232665263072
6.72,18.023355000000002,-0.9833050000000001,0.2788460406340138,0.8659783159747577,0.2795162549856666,0.8633528775992486
6.74,18.023345,-1.63867,0.2788460039546912,0.863916466661788,0.2795162182178747,0.8612824570805622
6.76,17.36798,-2.29404,0.2764421511879864,0.8618545858874946,0.27710660420505145,0.8592120365618756
6.78,17.367975,-2.62172,0.2764421511879864,0.859792736574525,0.27710656743725953,0.8592120365618756
6.8,17.040295,-3.27708,0.2764421511879864,0.8577308872615553,0.2746969534244363,0.8571416476348169
6.82,17.367975,-3.93245,0.2764421511879864,0.855669006487262,0.27710656743725953,0.8550712271161304
6.84,17.36797,-4.26014,0.27644211450866374,0.8556689750259383,0.27710656743725953,0.8530008065974438
6.86,17.695659999999997,-5.243185,0.2764421511879864,0.8515452449386751,0.2795162182178747,0.8509304176703854
6.88,18.023339999999997,-5.24319,0.2788459672753686,0.8515452449386751,0.2795162182178747,0.8509303860787574
6.9,18.02333,-5.89855,0.27884593059604595,0.8494833956257056,0.2795161814500827,0.8488599971516988
6.92,18.02333,-6.55392,0.27884593059604595,0.8474215148514123,0.2795161814500827,0.8467895766330122
6.94,0.9838100000000001,-7.864575,0.2475960647048193,0.8453597913837375,0.185540315755179,0.8405786941764878
6.96,-8.191365,-6.8815100000000005,0.18269218672108017,0.8453599486903564,0.18313055467118802,0.8467898609576635
6.98,-7.86369,-6.8815100000000005,0.18509603948778497,0.8453599486903564,0.18313048113560415,0.8467898609576635
7.0,-7.536025,-6.881515,0.18509596612913973,0.8474217665420023,0.1855400583806354,0.844719472030605
7.02,-7.536035,-6.55384,0.18509592944981712,0.8474217665420023,0.18554002161284347,0.8467898293660356
7.04,-7.20836,-6.881525,0.18749970885787667,0.8453598857677088,0.18554002161284347,0.8467898293660356
7.06,-7.536035,-7.536885,0.18509592944981712,0.8432980364547391,0.18554002161284347,0.844719440438977
7.08,-3.6038099999999997,-6.55386,0.18749970885787667,0.8432980364547391,0.21204629050298598,0.8509305124452691
7.1,50.791735,-4.260175,0.3629804106374877,0.8577307614162604,0.43614315127994013,0.8509302597122458
7.12,59.31155,-4.915535,0.43269225090989477,0.851545150554704,0.42891412540251084,0.8530007118225602
7.14,58.983835,-3.93249,0.43028821474657686,0.8556688806419671,0.4289140886347189,0.8550711007496189
7.16,58.656130000000005,-4.26018,0.4278843253005495,0.8556688491806432,0.42891397833134304,0.8530006802309323
7.18,58.328435,-3.9324950000000003,0.425480435854522,0.8556688491806432,0.42891394156355106,0.8550711007496189
7.2,58.656105,-3.2771350000000004,0.4278842152625816,0.857730698493613,0.42891390479575914,0.8571414896766774
7.22,58.328415,-3.9325,0.42788417858325895,0.8556688491806432,0.42650425401514397,0.8550710691579908
7.24,58.328405000000004,-3.932505,0.4278841419039363,0.8556688491806432,0.4265042172473521,0.855071037566363
7.26,58.3284,-4.58787,0.42788410522461373,0.8536069684063499,0.4265042172473521,0.8530006486393044
7.28,58.656075,-5.24324,0.42788410522461373,0.8515450876320565,0.42891379449238337,0.8509302281206178
7.3,58.328385,-5.243245,0.4278840685452911,0.8515450561707328,0.4265041437117682,0.8509302281206178
7.32,59.9668,-4.91557,0.4278840685452911,0.8494831753964395,0.43855232407926004,0.855071005974735
7.34,63.89904,-4.58788,0.4471149640375747,0.8556687862579958,0.4481910007373045,0.8509302281206178
7.36,63.89901999999999,-4.91556,0.4471148539996068,0.8515450876320565,0.4481909639695125,0.8530006170476765
7.38,64.226695,-5.243245,0.449518670086989,0.8515450561707328,0.4481909272017207,0.8509302281206178
7.4,63.899010000000004,-5.89861,0.44711481732028424,0.8494832068577631,0.4481909272017207,0.8488598076019312
7.42,63.899005,-6.55397,0.44711481732028424,0.8474213575447935,0.44819089043392873,0.8467894186748728
7.44,63.899005,-6.55397,0.44711481732028424,0.8474213575447935,0.44819089043392873,0.8467894186748728
7.46,64.22669,-7.20933,0.4495186334076664,0.8453595082318238,0.4481909272017207,0.8447190297478141
7.48,64.55437,-7.864695,0.4495186334076664,0.8432976274575305,0.4506005412145439,0.8426486408207555
7.5,64.554365,-7.8647,0.4495186334076664,0.8432976274575305,0.450600504446752,0.8426486092291275
7.52,64.88205500000001,-7.864695,0.4519224861743712,0.8432976274575305,0.4506005412145439,0.8426486408207555
7.54,3.6058949999999967,-7.864685,5.061746521883211e-06,0.8432976903801779,0.45301015522736704,0.8426486408207555
7.56,64.55438,-7.86469,0.449518670086989,0.8432976589188542,0.45060057798233577,0.8426486408207555
7.58,65.20974,-7.86469,0.4519224861743712,0.8432976589188542,0.45301019199515896,0.8426486408207555
7.6,64.88206,-8.520055,0.4519224861743712,0.8412357781445609,0.45060057798233577,0.8405782518936968
7.62,69.797315,-7.864700000000001,0.4519224861743712,0.8391739288315913,0.4867451926203953,0.8467893870832447
7.64,98.96144000000001,-6.881705,0.5576923747026086,0.8494830810124683,0.5951802866395,0.8426484196793601
7.66,102.89367999999999,-7.864745,0.5913466068710568,0.8432974701509117,0.5903608380071018,0.8426484828626161
7.68,102.565975,-7.864745,0.5889426440663841,0.8432975016122356,0.5903608012393099,0.842648451270988
7.7,102.56594,-7.864745,0.5889425340284162,0.8432974701509117,0.5903606541681421,0.8426484828626161
7.72,102.565925,-7.20939,0.588942460669771,0.8453593194638814,0.5903606174003503,0.8447188401980467
7.74,102.238235,-7.53707,0.5889424239904485,0.8432974701509117,0.5879509666197351,0.8447188401980467
7.76,101.910545,-7.864755000000001,0.5865385712237436,0.8432974386895881,0.5879509298519431,0.842648451270988
7.78,101.58285000000001,-7.209395,0.586538534544421,0.8453592880025577,0.585541242303536,0.8447188401980467
7.8,109.447315,-5.243304999999999,0.5985577250192997,0.8494830180898207,0.6313248645097675,0.8530004274979089
7.82,116.00106,-5.898680000000001,0.6394235888465075,0.8494829551671732,0.638553780083821,0.8488596180521639
7.84,115.673355,-5.571,0.6370196260418349,0.8494829866284969,0.6385537433160291,0.8509299753875945
7.86,115.673345,-5.89868,0.6370195893625122,0.8494829866284969,0.6385537065482372,0.8488595864605358
7.88,115.673325,-5.89868,0.6370195160038671,0.8494829866284969,0.6385536330126532,0.8488595864605358
7.9,115.673315,-5.89868,0.6370194793245444,0.8494829866284969,0.6385535962448613,0.8488595864605358
7.92,115.67331,-5.89869,0.6370194426452218,0.8494829551671732,0.6385535962448613,0.8488595548689081
7.94,115.673305,-5.898685,0.6370194426452218,0.8494829551671732,0.6385535594770693,0.8488595864605358
7.96,115.345615,-6.22637,0.6370194059658991,0.8474211058542035,0.6361439086964541,0.8488595548689081
7.98,115.673295,-6.55405,0.6370194059658991,0.8474211058542035,0.6385535227092773,0.8467891659418494
8.0,115.67328499999999,-6.88174,0.6370193692865765,0.8474210743928798,0.6385534859414855,0.8447187454231628
8.02,116.32865,-8.52015,0.6394231853739587,0.8432973443056166,0.6409631367221006,0.8385075470503592
8.04,86.18167,-14.745985000000001,0.5913461300398627,0.8288645249601243,0.4674685746601452,0.813663290616819
8.06,5.899214999999999,-20.64407,0.3076925305897298,0.8020610187340228,0.16144461684045025,0.8033117882643168
8.08,-15.400285,-13.762735,0.151442760981725,0.8185560649283699,0.16144413885915498,0.8302269390909622
8.1,-12.778875,-8.847505,0.1658655841473728,0.8371128031290677,0.16626321981363365,0.8426493674281975
8.12,-11.79587,-5.24301,0.1682692535174645,0.8494839304682094,0.1710823375359042,0.8530013752467464
8.14,-11.468219999999999,-2.9492450000000003,0.1706729595668788,0.8577313591814116,0.1710822272325284,0.8592125420279222
8.16,-10.812875,-1.63852,0.17307670229561575,0.8618550892686745,0.17349180447755966,0.8633533198820394
8.18,-10.812895000000001,-1.31084,0.1730766289369705,0.8639169385816443,0.17349173094197576,0.8633533198820394
8.2,-10.812905,-0.655475,0.17307659225764788,0.8659787878946138,0.1734916941741838,0.865423740400726
8.22,-11.4683,-0.32777499999999965,0.17307659225764788,0.8680406686689072,0.1686722087739938,0.8654238351756096
8.24,-13.434484999999999,-0.9831450000000017,0.16346081439760246,0.8618551207299984,0.16385272337380377,0.8674941609194124
8.26,-12.123764999999999,-9.0000000000146e-05,0.1682684465723668,0.8680407315915547,0.16867195139945018,0.8674941925110403
8.28,-12.123785000000002,0.32758499999999835,0.16826837321372157,0.8701025809045243,0.1686718778638663,0.8674941609194124
8.3,-12.779145,-0.655465,0.16586455712633938,0.8659788508172613,0.1662622638510431,0.865423740400726
8.32,-12.779155,-0.983155,0.16586452044701674,0.863916970042968,0.16626222708325117,0.8654237088090979
8.34,-13.10684,-1.63852,0.16586448376769414,0.8639169385816443,0.16385261307042795,0.8612829309549808
8.36,-13.43452,-1.96621,0.16346066768031195,0.8618550578073508,0.16385261307042795,0.8612828993633529
8.38,-13.434525,-2.62158,0.16346066768031195,0.8597931770330575,0.163852576302636,0.8592124788446663
8.4,-13.434525,-3.27695,0.16346066768031195,0.8577312962587641,0.163852576302636,0.8571420583259799
8.42,-14.089894999999999,-4.259995,0.16105681491360718,0.8556694154844707,0.16144292552202086,0.8530012804718626
8.44,-12.779045,-5.2430699999999995,0.1610568515929298,0.8515456853972078,0.1710823007681123,0.8509307019950366
8.46,-9.501940000000001,-7.5369,0.17788510473615518,0.845359854306385,0.17831184139462883,0.8426489883286626
8.48,-10.157335,-7.86457,0.17548117861080512,0.8432980364547391,0.17590208031063786,0.8426490199202905
8.5,-10.485025,-8.51994,0.1754811419314825,0.8412361556804457,0.1734924295300227,0.840578599401604
8.52,-10.485035,-8.847635,0.17307728916477771,0.8412361242191221,0.17590200677505394,0.8385081472912895
8.54,-10.81146,-9.83068,0.17307721580613245,0.8371123941318591,0.17350169501359253,0.8364377583642311
8.56,-10.812750000000001,-10.158370000000001,0.17307717912680984,0.8371123626705352,0.17349224569106297,0.8343673378455445
8.58,-10.81276,-10.81374,0.1730771057681646,0.8329886325832724,0.17349224569106297,0.8343673062539165
8.6,-10.812764999999999,-11.141425,0.1730771057681646,0.8329886011219485,0.17349220892327102,0.8322969173268581
8.62,-11.140455,-11.141425,0.17307706908884196,0.8329886011219485,0.17108255814265588,0.8322969173268581
8.64,-11.468135,-11.141435,0.17067325300145977,0.8329886011219485,0.17108255814265588,0.8322968541436022
8.66,-11.46814,-11.7968,0.17067321632213717,0.8309267203476551,0.17108255814265588,0.8302264652165435
8.68,-4.586779999999999,-10.486095,0.17067325300145977,0.8309266888863315,0.22168500392882243,0.838507957741522
8.7,31.78609,-8.52006,0.31730757486332273,0.8432976589188542,0.34216702821049283,0.8385077997833825
8.72,33.752185,-8.84773,0.3365383603176385,0.8391739288315913,0.33734765311367865,0.8405782834853248
8.74,33.424495,-8.84773,0.33653828695899324,0.8391739288315913,0.3349380391008554,0.8405782834853248
8.76,33.424475,-8.52006,0.336538213600348,0.8412357781445609,0.33493796556527156,0.840578220302069
8.78,33.424465,-8.52006,0.3365381769210254,0.8412357781445609,0.3349379287974796,0.840578220302069
8.8,33.424465,-8.52006,0.33413436083364323,0.8412357781445609,0.3373475428103028,0.840578220302069
8.82,33.424455,-8.192385,0.3365381402417028,0.8412357466832372,0.33493789202968766,0.8426486092291275
8.84,33.75213,-8.847740000000002,0.3365381035623802,0.8412357781445609,0.33734750604251085,0.8385078313750105
8.86,33.75213,-9.17543,0.3365381035623802,0.8391738973702675,0.33734750604251085,0.8385077997833825
8.88,33.752125,-9.17543,0.3365381035623802,0.8391738973702675,0.3373474692747189,0.8385077997833825
8.9,33.42444,-9.83079,0.33653806688305754,0.8371120480572979,0.3349378552618957,0.836437410856324
8.92,33.424435,-9.830795,0.33653806688305754,0.8371120165959741,0.33493781849410376,0.836437410856324
8.94,53.413135,-8.19242,0.37740319712381293,0.83917383444762,0.44096219546662685,0.8447188401980467
8.96,72.418945,-7.864765,0.47836538011864077,0.8453592565412339,0.479516828563221,0.8405780307523014
8.98,71.435875,-7.86475,0.4735576379059085,0.8432974701509117,0.47710710424702185,0.842648451270988
9.0,71.76355000000001,-8.192440000000001,0.47596145399329065,0.8432974386895881,0.47710706747923004,0.8405780307523014
9.02,71.763535,-8.52012,0.4759613806346454,0.8412355893766184,0.47710703071143806,0.8405780307523014
9.04,71.763525,-8.52012,0.47596134395532286,0.8412355893766184,0.47710699394364614,0.8405780307523014
9.06,71.43584,-9.17548,0.4759613072760001,0.8391737400636488,0.4746973799308229,0.838507641825243
9.08,71.763515,-9.175485,0.4759613072760001,0.8391737400636488,0.47710695717585416,0.838507610233615
9.1,71.763515,-9.83085,0.4759613072760001,0.8371118592893554,0.47710695717585416,0.8364372213065564
9.12,71.435825,-9.83085,0.4759612705966776,0.8371118592893554,0.474697306395239,0.8364372213065564
9.14,71.7635,-10.485555,0.47596123391735495,0.8350541314097965,0.4771069204080622,0.8343668323794977
9.16,71.763505,-10.813894999999999,0.4759612705966776,0.835049978515062,0.4771069204080622,0.8322964434524392
9.18,71.435815,-11.469259999999998,0.4735574178299728,0.8329881292020924,0.47710688364027026,0.8302260229337527
9.2,77.33416,-10.813905,0.49519209273031595,0.835049978515062,0.49879385096918244,0.8322963802691834
9.22,77.661845,-11.796945000000001,0.4975959821763434,0.830926248427799,0.49879381420139046,0.8302260229337527
9.24,77.661835,-12.12463,0.49759594549702074,0.830926248427799,0.49879377743359854,0.8281556024150661
9.26,77.661835,-12.779995,0.49759594549702074,0.8288643991148293,0.49879377743359854,0.8260851818963797
9.28,77.989515,-13.763035,0.49759594549702074,0.8247406690275664,0.5012033914464218,0.824014824560949
9.3,77.98952,-14.4184,0.49759594549702074,0.8226788197145967,0.5012034282142137,0.8219444040422624
9.32,77.661835,-14.418405,0.49759594549702074,0.8226788197145967,0.49879377743359854,0.8219443724506346
9.34,77.98950500000001,-15.07377,0.4999997249050803,0.8206169389403032,0.4987937406658067,0.8198739835235759
9.36,77.66182,-15.72913,0.4975958721383755,0.8185550896273337,0.4987937406658067,0.8178035945965174
9.38,78.31718000000001,-15.72913,0.49999968822575774,0.8185550896273337,0.5012033546786298,0.8178035945965174
9.4,78.64486500000001,-16.05682,0.4975958721383755,0.8164932088530403,0.5060226194720682,0.8178035630048895
9.42,100.927525,-13.435400000000001,0.5600961907899908,0.8247405431822713,0.607228393471408,0.8260850555298681
9.44,108.13663500000001,-14.090765000000001,0.6105774290046952,0.8226786624079779,0.6096380074842311,0.8240146666028094
9.46,108.46428,-14.418445,0.6105772456080821,0.8226786624079779,0.6120475479614704,0.821944277675751
9.48,108.46426,-14.41845,0.6105771722494369,0.8226786624079779,0.6120474744258866,0.8219442460841229
9.5,108.13657,-14.746134999999999,0.6105771355701142,0.8206168130950084,0.6096378236452714,0.8219442144924951
9.52,108.46423,-15.401499999999999,0.610577062211469,0.8206167816336846,0.6120473641225107,0.8178034366383778
9.54,108.464225,-15.729185,0.6105770255321463,0.818554932320715,0.6120473641225107,0.8178034050467499
9.56,107.80885,-15.72918,0.6081731727654415,0.818554932320715,0.6096376765741037,0.8178034366383778
9.58,108.46420499999999,-16.38455,0.610576952173501,0.8164930515464216,0.6120472905869269,0.8157330161196914
9.6,108.464195,-16.712229999999998,0.6105769154941786,0.8164930515464216,0.6120472538191349,0.8136626271926326
9.62,109.44724,-16.38456,0.6081730627274737,0.8144311707721282,0.6216857834060115,0.817803373455122
9.64,125.17621,-15.073855,0.6658657492043245,0.8226785680240067,0.6795178433542787,0.8178032786802384
9.66,127.142305,-15.729215,0.680288902483876,0.81855480647542,0.6795176962831108,0.817803341863494
9.68,126.8146,-15.729215,0.677884976358526,0.8185548379367437,0.6795176227475269,0.8178033102718661
9.7,126.814585,-15.72922,0.6778849029998807,0.81855480647542,0.679517585979735,0.8178033102718661
9.72,126.81457,-16.0569,0.6778848296412355,0.8164929571624503,0.6795175492119431,0.8178033102718661
9.74,126.814565,-16.0569,0.6778848296412355,0.8164929571624503,0.6795175124441512,0.8178033102718661
9.76,126.81456,-15.72922,0.6778848296412355,0.81855480647542,0.6795174756763592,0.8178033102718661
9.78,126.814555,-15.729225,0.6778847929619128,0.8185547750140963,0.6795174756763592,0.8178033102718661
9.8,121.57159999999999,-17.36761,0.6778847929619128,0.8185547750140963,0.6409630999543087,0.807451460411457
9.82,62.588435000000004,-27.853265,0.512019318852508,0.7855654691584958,0.37349248835848986,0.7743256166780544
9.84,-13.106365,-29.49155,0.19471233085834713,0.7711329644262408,0.13493867886043523,0.7784666788568227
9.86,-19.33239,-24.576340000000002,0.13942390062074983,0.7896896397042912,0.14457702460835226,0.7908890440108023
9.88,-18.34939,-22.937935,0.14423138607822372,0.793813401252878,0.14698649155000768,0.7971001792003501
9.9,-17.69406,-21.29954,0.14663509212763803,0.7999989177304632,0.14939599525945504,0.8012409570544674
9.92,-17.366410000000002,-20.64418,0.14903879817705232,0.8020607670434328,0.14939588495607925,0.803311345981526
9.94,-17.36643,-19.98882,0.14903872481840708,0.8041226163564025,0.14939581142049532,0.8053817349085846
9.96,-17.36645,-19.98882,0.14903865145976183,0.8061844656693721,0.14939573788491148,0.803311345981526
9.98,-37.682625,-19.98883,1.980683421613273e-06,0.8061844342080482,0.1493957011171195,0.8033113143898981
10.0,-17.36647,-20.31652,0.14903854142179396,0.8041225534337549,0.1493957011171195,0.8033112827982701
10.02,-18.349555000000002,-20.971865,0.14903854142179396,0.8041225534337549,0.14216652816852238,0.7991705997190367
10.04,-20.64339,-21.627225,0.13701902083301162,0.7979370369561698,0.13734718983950012,0.8012409570544674
10.06,-19.988039999999998,-20.97186,0.1394228369203938,0.8020607670434328,0.13975673031673946,0.8012409570544674
10.08,-19.660365,-20.644190000000002,0.14182661632845336,0.802060735582109,0.13975673031673946,0.8033113143898981
10.1,-19.988065,-20.31651,0.1394227268824259,0.8041225848950787,0.13975665678115556,0.8033113143898981
10.12,-19.988075000000002,-19.98884,0.1394226902031033,0.8041225534337549,0.1397566200133636,0.8053816717253287
10.14,-19.988084999999998,-20.31652,0.1394226535237807,0.8041225534337549,0.1397565832455717,0.8033112827982701
10.16,-19.988095,-19.98885,0.13942261684445806,0.8041225219724312,0.13975654647777977,0.8053816401337008
10.18,-19.988105,-20.31654,0.13942258016513542,0.8041224905111074,0.13975650970998782,0.8033112196150143
10.2,-19.988115,-20.31654,0.13942254348581282,0.8041224905111074,0.13975647294219584,0.8033112196150143
10.22,-19.988120000000002,-20.64423,0.1394225068064902,0.8041224590497836,0.13975647294219584,0.8012407990963277
10.24,-19.988125,-20.64424,0.1394225068064902,0.8041224275884599,0.1397564361744039,0.8012407675046999
10.26,-20.64349,-20.97192,0.1370186540397854,0.8020605782754903,0.1373468221615807,0.8012407675046999
10.28,-20.315815,-20.97193,0.13942247012716757,0.8020605468141666,0.13734678539378878,0.801240735913072
10.3,-20.315815,-20.97193,0.13942247012716757,0.8020605468141666,0.13734678539378878,0.801240735913072
10.32,-20.64351,-20.97193,0.13701858068114015,0.8020605468141666,0.13734674862599683,0.801240735913072
10.34,-20.64351,-21.6273,0.13701861736046275,0.7999986660398732,0.13734671185820488,0.7991703153943854
10.36,-20.64351,-21.954985,0.13701858068114015,0.7999986660398732,0.13734674862599683,0.797099894875699
10.38,-20.64351,-22.28267,0.13701861736046275,0.7979367852655798,0.13734671185820488,0.797099894875699
10.4,-20.971185,-22.28267,0.13701861736046275,0.7979367852655798,0.1349371346131736,0.797099894875699
10.42,-20.97119,-22.938035,0.13701858068114015,0.7958749044912864,0.1349371346131736,0.7950295059486403
10.44,-21.298865,-23.26572,0.1346148012730806,0.7938130551783168,0.1349371346131736,0.7950294743570124
10.46,-20.971185,-23.593404999999997,0.13701861736046275,0.793813023716993,0.1349371346131736,0.7929590854299539
10.48,-21.298859999999998,-23.59341,0.1346148012730806,0.793813023716993,0.13493717138096556,0.7929590538383259
10.5,-21.62654,-24.248775000000002,0.1346148012730806,0.7917511429426997,0.13252755736814234,0.7908886649112673
10.52,-17.03887,-22.938074999999998,0.13942254348581282,0.7938129922556693,0.16144391825240334,0.7970997053259314
10.54,-5.242125,-23.921165000000002,0.19230792790180298,0.7938127720264031,0.19517902918101546,0.7908884437698719
10.56,-5.242135,-23.593474999999998,0.19230789122248038,0.7938128349490505,0.19517899241322353,0.7929588326969305
10.58,-4.259105,-23.921165000000002,0.19711548671792212,0.7938127720264031,0.19758856965825478,0.7908884437698719
10.6,-4.259105,-24.576529999999998,0.19711548671792212,0.7917509227134334,0.19758856965825478,0.7888180232511853
10.62,-3.9314349999999996,-24.90421,0.19711545003859948,0.7896890734004638,0.19999814690328604,0.7888180232511853
10.64,-3.60376,-25.2319,0.199519229446659,0.78968904193914,0.19999814690328604,0.7867476027324989
10.66,-3.603765,-26.214945,0.199519229446659,0.7855653118518771,0.1999981101354941,0.7846772138054402
10.68,-3.60376,-26.214945,0.199519229446659,0.7855653118518771,0.19999814690328604,0.7846772138054402
10.7,-3.60377,-26.87031,0.1995191927673364,0.7835034625389075,0.1999981101354941,0.7826067932867539
10.72,-3.27609,-27.525675,0.2019230088547186,0.7814415817646141,0.1999981101354941,0.7805364043596952
10.74,-2.94841,-28.18104,0.2019230088547186,0.7793797324516444,0.20240772414831731,0.7784659838410087
10.76,-0.3269549999999999,-27.853369999999998,0.2019230088547186,0.7793797009903206,0.2216847465542788,0.7805363411764393
10.78,16.057225,-27.19803,0.26923055620854935,0.7835033366936124,0.27469687988885244,0.7805362779931835
10.8,16.712564999999998,-28.18107,0.2740381517039911,0.7793796380676732,0.2746967695854766,0.7784658890661249
10.82,16.71256,-28.508760000000002,0.27403811502466846,0.7793796066063494,0.2746967695854766,0.7763954685474383
10.84,16.712555000000002,-28.836444999999998,0.27403811502466846,0.7773177258320559,0.2746967328176847,0.7763954685474383
10.86,16.712555000000002,-28.50877,0.27403811502466846,0.7773177258320559,0.2746967328176847,0.7784658258828691
10.88,16.712545,-28.508765,0.2740380783453459,0.7793795751450256,0.2746966960498927,0.7763954685474383
10.9,17.04022,-28.508765,0.2764418577534054,0.7773177258320559,0.2746966960498927,0.778465857474497
10.92,17.040215,-28.83645,0.2764418577534054,0.7773177258320559,0.27469665928210074,0.7763954369558105
10.94,17.3679,-28.83646,0.2764418577534054,0.7773176943707323,0.2771063100627159,0.7763954053641826
10.96,17.367895,-28.836455,0.2764418577534054,0.7773176943707323,0.277106273294924,0.7763954369558105
10.98,17.367895,-28.83646,0.2764418577534054,0.7773176943707323,0.277106273294924,0.7763954053641826
11.0,30.475205000000003,-29.16416,0.28365330601555194,0.7773176943707323,0.36626280066080547,0.7743248900706123
11.02,54.068475,-29.819595,0.4086532464116527,0.775255561905849,0.4144558530409005,0.7722543115937862
11.04,53.740775,-29.819580000000002,0.41105702581971226,0.773193744054203,0.4096365147118782,0.7743247637041007
11.06,53.740764999999996,-29.164215,0.41105698914038963,0.7752555933671728,0.40963647794408625,0.7763951842227872
11.08,53.413075,-28.50886,0.4086531363736848,0.7773174426801422,0.40963644117629433,0.7784655415582178
11.1,53.08539,-27.52581,0.40865309969436214,0.7814411727674053,0.4072268271634711,0.7805359620769043
11.12,53.413065,-27.19813,0.40865309969436214,0.7814411727674053,0.4096364044085024,0.7826063510039629
11.14,53.08538,-26.870445,0.40865306301503956,0.7835030220803749,0.4072267903956792,0.7826063825955909
11.16,52.75769,-26.870445,0.4062492102483348,0.7835030220803749,0.40722675362788724,0.7826063825955909
11.18,52.757685,-26.542765,0.4062492102483348,0.7855648713933446,0.4072267168600953,0.7826063825955909
11.2,52.43,-25.887405,0.4062491735690122,0.7835030220803749,0.40481710284727207,0.7888175493767666
11.22,52.430025,-23.59361,0.4038454308402752,0.7938123944905181,0.4072268271634711,0.7929584220057676
11.24,53.41306,-24.576655000000002,0.40865306301503956,0.7896886644032551,0.4096364044085024,0.790888033078709
11.26,53.413055,-24.90434,0.40865306301503956,0.7896886644032551,0.4096363676407105,0.7888176125600226
11.28,53.41305,-25.55971,0.40865302633571693,0.7876267836289618,0.4096363676407105,0.786747192041336
11.3,53.41305,-26.215065000000003,0.40865302633571693,0.7855649343159921,0.4096363676407105,0.7846768347059053
11.32,53.41305,-26.87043,0.40865302633571693,0.7835030850030225,0.4096363676407105,0.7826064141872188
11.34,53.740725,-27.198115,0.41105684242309914,0.7814412042287291,0.4096363308729185,0.7826064141872188
11.36,53.413045,-27.19812,0.40865302633571693,0.7835030535416987,0.4096363308729185,0.7805359936685323
11.38,55.70682,-27.525799999999997,0.41105684242309914,0.7793793549157594,0.42409412525323353,0.7826063825955909
11.4,70.78039000000001,-25.887425,0.46153793392051307,0.7855648399320209,0.484335652143156,0.7867470656748243
11.42,73.72955999999999,-26.2151,0.4831726455001788,0.7855648399320209,0.484335652143156,0.7846767083393936
11.44,73.72955,-26.2151,0.4831725721415336,0.7855648399320209,0.484335652143156,0.7846767083393936
11.46,73.72955,-26.2151,0.4831725721415336,0.7855648399320209,0.484335652143156,0.7846767083393936
11.48,73.074185,-26.87046,0.4807687560541514,0.7835029906190512,0.4819260013625408,0.782606319412335
11.5,73.729535,-27.525824999999998,0.48317253546221095,0.7814411413060816,0.4843355786075721,0.7805358988936486
11.52,73.729535,-28.18119,0.48317253546221095,0.7793792605317882,0.4843355786075721,0.7784655099665899
11.54,74.057215,-28.508875,0.48557635154959317,0.7793792605317882,0.4843355786075721,0.7763950894479035
11.56,74.712575,-29.16424,0.48557631487027053,0.7752555304445252,0.48915484340101045,0.7763950894479035
11.58,91.752245,-27.198169999999998,0.5336534435630117,0.7835028962350801,0.5662639625230309,0.7805358357103928
11.6,96.33985000000001,-28.508905,0.5673076023728147,0.7773172853735236,0.566263852219655,0.7784654151917062
11.62,96.01214,-28.83658,0.564903639568142,0.7773173168348474,0.5662637786840712,0.7763950262646476
11.64,96.01212,-28.836585,0.5649035662094968,0.7773173168348474,0.5662637051484872,0.7763949946730196
11.66,96.012115,-28.83659,0.5649035295301742,0.7773172853735236,0.5662637051484872,0.7763949946730196
11.68,96.012105,-29.49195,0.5649034928508516,0.7752554360605539,0.5662636683806954,0.7743246057459611
11.7,96.012095,-29.491954999999997,0.5649034561715289,0.7752554045992301,0.5662636316129034,0.7743246057459611
11.72,95.684415,-29.49195,0.5649034561715289,0.7752554360605539,0.5638540176000802,0.7743246057459611
11.74,95.68441,-29.164279999999998,0.5624996034048241,0.7752554045992301,0.5662636316129034,0.7763949630813918
11.76,95.684405,-29.491954999999997,0.5649034194922063,0.7752554045992301,0.5638539808322882,0.7743246057459611
11.78,95.68441,-29.164279999999998,0.5624996034048241,0.7752554045992301,0.5662636316129034,0.7763949630813918
11.8,96.012085,-29.49196,0.5649034194922063,0.7752554045992301,0.5662635948451115,0.7743245741543332
11.82,95.356725,-29.164275,0.5624996034048241,0.7752554045992301,0.5638539808322882,0.7763949946730196
11.84,95.356725,-29.164275,0.5624996034048241,0.7752554045992301,0.5638539808322882,0.7763949946730196
11.86,95.684395,-28.836595000000003,0.5649033828128837,0.7773172853735236,0.5638539440644963,0.7763949630813918
11.88,95.6844,-29.49196,0.5649033828128837,0.7752554045992301,0.5638539808322882,0.7743245741543332
11.9,95.356705,-29.49195,0.5624995300461789,0.7752554360605539,0.5638539072967044,0.7743246057459611
11.92,96.995125,-28.50891,0.5624994933668562,0.7731935552862605,0.5759021611997801,0.7826061930458235
11.94,99.944315,-28.18122,0.5793265727717578,0.779379166147817,0.5807215362965944,0.7784654151917062
11.96,99.61662,-27.525855,0.5793264994131125,0.7814410154607866,0.5783118855159792,0.7805358357103928
11.98,99.616615,-27.853540000000002,0.5793264994131125,0.779379166147817,0.5783118487481872,0.7805358041187648
12.0,99.944295,-28.181224999999998,0.5793264994131125,0.7793791346864932,0.5807214627610104,0.7784654151917062
12.02,99.944295,-28.181224999999998,0.5793264994131125,0.7793791346864932,0.5807214627610104,0.7784654151917062
12.04,99.944295,-28.836585,0.5793264994131125,0.7773172853735236,0.5807214627610104,0.7763950262646476
12.06,100.271975,-28.836585,0.5793264994131125,0.7773172853735236,0.5831310767738337,0.7763950262646476
12.08,100.599655,-28.83659,0.5817303155004946,0.7773172853735236,0.5831310767738337,0.7763949946730196
12.1,93.06293,-31.130325,0.5793264627337897,0.7752554675218777,0.530118980207052,0.7639727874771798
12.12,76.67872,-32.11335,0.4927880198876754,0.7649463468023245,0.4963839060462317,0.7681135337396691
12.14,78.317125,-32.441035,0.49999950482914457,0.764946283879677,0.5012031340718781,0.7660431764042384
12.16,78.317115,-32.441045,0.49999946814982194,0.7670081017313229,0.5012030973040862,0.7639727558855518
12.18,78.972465,-33.42409,0.5024032475578815,0.7628844031053836,0.5036126745491175,0.7619023353668654
12.2,79.30014,-33.096415,0.504807026965941,0.7628843716440599,0.5036126745491175,0.7639727242939239
12.22,79.627825,-33.096415,0.5048070636452637,0.7628843716440599,0.5060222885619406,0.7639727242939239
12.24,79.62782,-33.42409,0.504807026965941,0.7628844031053836,0.5060222885619406,0.7619023353668654
12.26,79.627815,-33.42409,0.504807026965941,0.7628844031053836,0.5060222517941487,0.7619023353668654
12.28,79.955495,-33.75178,0.5072108430533232,0.7608225223310903,0.5060222517941487,0.7619023037752374
12.3,79.9555,-34.07946,0.5072108430533232,0.7608225223310903,0.5060222885619406,0.7598319148481789
12.32,79.955495,-34.73483,0.5072108430533232,0.7587606415567969,0.5060222517941487,0.7577614943294924
12.34,80.61086,-35.062515,0.5096146591407055,0.7587606100954731,0.5084319025747639,0.7556911054024338
12.36,76.350965,-36.373215,0.5072108430533232,0.7546369429308576,0.479516129975174,0.7515504223232004
12.38,54.723815,-38.666934999999995,0.41826851076118143,0.7422660358209823,0.40963647794408625,0.7494800965793975
12.4,55.70684,-38.011585,0.41586462131515395,0.7484515208372436,0.41927489722758715,0.7474097076523389
12.42,55.70683,-37.683915,0.4158645846358313,0.74845148937592,0.41927486045979523,0.7494800649877696
12.44,56.034495,-37.35624,0.41826832736456826,0.7505133386888896,0.41927482369200325,0.7494800333961417
12.46,56.362165000000005,-37.356245,0.4206721067726278,0.7505133072275658,0.4192747869242114,0.7494800333961417
12.48,56.034475,-37.683930000000004,0.41826825400592305,0.7505133072275658,0.4192747501564194,0.7474096128774552
12.5,56.034475,-38.01161,0.41826825400592305,0.7484514579145962,0.4192747501564194,0.7474096128774552
12.52,56.034475,-37.683935,0.41826825400592305,0.7505132757662422,0.4192747501564194,0.7474096128774552
12.54,68.15884,-36.04555,0.4423067449936484,0.7525751250792118,0.48433550507198825,0.7556910738108058
12.56,78.64481,-36.045559999999995,0.5024033575958493,0.7546368800082102,0.5012031340718781,0.7536207164753752
12.58,78.31711,-36.04556,0.49999943147049936,0.7546369114695339,0.5012030973040862,0.7536206848837472
12.6,78.317105,-36.04556,0.49999943147049936,0.7546369114695339,0.5012030605362943,0.7536206848837472
12.62,78.317095,-35.71788,0.4999993947911767,0.7546369114695339,0.5012030237685023,0.7556910738108058
12.64,78.31709000000001,-35.717884999999995,0.4999993947911767,0.7566987607825035,0.5012029870007104,0.7536206532921194
12.66,77.98941,-35.39021,0.49999935811185414,0.7566987293211798,0.4987934097556792,0.7556910422191779
12.68,77.989405,-35.390205,0.49999935811185414,0.7566987293211798,0.49879337298788723,0.7556910738108058
12.7,78.317085,-35.390205,0.49999935811185414,0.7566987293211798,0.5012029870007104,0.7556910738108058
12.72,74.71255500000001,-37.02859,0.49999935811185414,0.7566987293211798,0.47469686518173565,0.7453392239503966
12.74,18.6787,-44.892804999999996,0.3629801538822294,0.7319568521787816,0.19999833074224577,0.7204949043336005
12.76,-23.92,-42.926685000000006,0.12259682121584836,0.7278333737821086,0.12770943237625423,0.7370580473416971
12.78,-21.626255,-39.977565,0.13461590165275927,0.7402044381986026,0.13252855009852482,0.7432692457145008
12.8,-21.29861,-38.66685,0.13461575493546876,0.7443281368245419,0.1349380538079722,0.7474099919769901
12.82,-21.298635,-38.011495,0.13461568157682352,0.7484518039891573,0.13493794350459637,0.7474099919769901
12.84,-20.6433,-37.68382,0.13701935094691522,0.7484518039891573,0.1373475207496276,0.7494803493124208
12.86,-20.643320000000003,-38.01151,0.1370193142675926,0.7484517725278337,0.13734741044625182,0.7474099287937344
12.88,-20.315645,-38.01151,0.13701927758826996,0.7484517725278337,0.13975702445907504,0.7474099287937344
12.9,-19.987975,-38.66688,0.1394230569963295,0.7463898917535403,0.13975698769128306,0.7453395082750478
12.92,-20.31566,-39.322235,0.1394230203170069,0.7443280424405706,0.13734737367845987,0.7432691509396172
12.94,-26.541685,-41.615995,0.11778830873734109,0.7360806766500159,0.11325082910451639,0.7370579525668134
12.96,-25.886335,-41.615995,0.11778827205801845,0.7381424945016617,0.11807002036237088,0.7349875952313828
12.98,-25.886345,-41.61599,0.11778823537869582,0.7360806766500159,0.11806998359457892,0.7370579841584414
13.0,-25.88635,-41.616,0.11778823537869582,0.7381424945016617,0.11806994682678697,0.7349875636397548
13.02,-25.558675,-41.94368,0.1201920147867554,0.7360806451886921,0.11806994682678697,0.7349875636397548
13.04,-25.231,-41.94368,0.12019197810743279,0.7360806451886921,0.12047956083961019,0.7349875636397548
13.06,-25.231,-42.271365,0.12019197810743279,0.7340187644143987,0.12047956083961019,0.7349875636397548
13.08,-25.231005,-42.59905,0.12019197810743279,0.7340187644143987,0.12047952407181822,0.7329171431210683
13.1,-25.231,-42.92673,0.12019197810743279,0.731956915101429,0.12047956083961019,0.7329171431210683
13.12,-25.231,-43.25441,0.12019197810743279,0.731956915101429,0.12047956083961019,0.7308467541940097
13.14,-25.231005,-43.25442,0.12019197810743279,0.7319568836401052,0.12047952407181822,0.7308467226023818
13.16,-25.231009999999998,-43.254415,0.12019197810743279,0.7319568836401052,0.1204794873040263,0.7308467541940097
13.18,-25.231015,-42.92674,0.12019194142811016,0.734018732953075,0.1204794873040263,0.7308467226023818
13.2,-25.231015,-43.25442,0.12019194142811016,0.7319568836401052,0.1204794873040263,0.7308467226023818
13.22,-25.558705000000003,-42.92674,0.12019190474878752,0.7319568836401052,0.11806983652341116,0.7329171115294404
13.24,-25.558705000000003,-43.25443,0.12019190474878752,0.7319568521787816,0.11806983652341116,0.7308466910107538
13.26,-25.886385,-43.25443,0.11778808866140533,0.7319568521787816,0.11806983652341116,0.7308466910107538
13.28,-25.5587,-43.254435,0.11778808866140533,0.7319568521787816,0.1204794873040263,0.7308466594191261
13.3,-25.558705,-43.25444,0.11778808866140533,0.7319568207174579,0.12047945053623436,0.7308466594191261
13.32,-25.55871,-43.58212,0.12019190474878752,0.7298949714044882,0.1180697997556192,0.7308466594191261
13.34,-25.886395,-43.58212,0.11778805198208273,0.7298949714044882,0.1180697997556192,0.7308466594191261
13.36,-5.89761,-39.64999,0.15144210075391779,0.7422660043596585,0.23132327614115553,0.7432688666149659
13.38,9.831199999999999,-40.63306,0.24999973407491097,0.7402039977400702,0.24819064776650188,0.7391280571692208
13.4,9.50349,-40.63305,0.24759577127023832,0.7402040606627177,0.248190574230918,0.7391280571692208
13.42,10.158835,-40.633055,0.24999955067829785,0.7402040606627177,0.2506001147081573,0.7391280255775928
13.44,10.158825,-41.28842,0.2499994773196526,0.7381421798884242,0.2506001147081573,0.7370576366505343
13.46,10.814174999999999,-40.633065,0.2524032567277122,0.7402039977400702,0.25300969195318856,0.7391280255775928
13.48,10.48649,-41.288425000000004,0.24999944064033,0.7381421484271005,0.25300965518539664,0.7370576366505343
13.5,10.48648,-41.288425000000004,0.24999936728168473,0.7381421798884242,0.25300965518539664,0.7370576050589064
13.52,10.814160000000001,-41.616105,0.2524031833690669,0.7360803305754546,0.25300965518539664,0.7370576050589064
13.54,-16.05583,-42.27138,0.18990348826593623,0.7360804878820734,0.1180700571301628,0.7329172063043241
13.56,-26.541719999999998,-40.30527,0.11298052984528624,0.7402043752759552,0.11806994682678697,0.7411987620125585
13.58,-25.23102,-39.97758,0.12019194142811016,0.7422662560502485,0.12047945053623436,0.7411987936041865
13.6,-25.558715,-39.322225,0.11778805198208273,0.7443280739018944,0.12047941376844241,0.743269182531245
13.62,-25.231045,-39.322225,0.12019183139014228,0.7443280739018944,0.12047937700065046,0.743269182531245
13.64,-25.23105,-39.32223,0.12019179471081967,0.7443280739018944,0.12047937700065046,0.7432691509396172
13.66,-25.23105,-39.32223,0.12019179471081967,0.7443280739018944,0.12047937700065046,0.7432691509396172
13.68,-25.231054999999998,-39.32223,0.12019179471081967,0.7443280739018944,0.12047934023285853,0.7432691509396172
13.7,-23.920315,-38.994555,0.12259561079820186,0.7443280739018944,0.12770832934249593,0.7453395082750478
13.72,2.294495,-37.028535,0.1874998922544898,0.7505134330728608,0.2554196368761393,0.7515504855064561
13.74,11.4696,-37.683904999999996,0.25480732957035274,0.7484515208372436,0.25541952657276346,0.7494800965793975
13.76,12.124939999999999,-38.01159,0.257211035619767,0.7484515208372436,0.2578291038177947,0.747409676060711
13.78,12.124925000000001,-38.33927,0.2572109989404444,0.7484515208372436,0.2578290302822108,0.7453392871336525
13.8,12.4526,-38.339275,0.2596148150278265,0.7484515208372436,0.2578289935144189,0.7453392555420244
13.82,12.78027,-38.66696,0.25961477834850394,0.7463896400629503,0.26023857075945017,0.7453392555420244
13.84,12.780265,-38.66696,0.2596147416691813,0.7463896400629503,0.26023857075945017,0.7453392555420244
13.86,12.780265,-39.32232,0.2596147416691813,0.7443277907499807,0.26023857075945017,0.7432688666149659
13.88,12.452575,-39.32233,0.25961470498985867,0.7443277592886569,0.257828919978835,0.743268835023338
13.9,12.780249999999999,-39.650005,0.25961466831053603,0.7422659099756873,0.2602385339916582,0.7432688666149659
13.92,12.45256,-39.32233,0.25961463163121345,0.7443277592886569,0.257828883211043,0.743268835023338
13.94,12.452555,-38.99465,0.25961463163121345,0.7443277592886569,0.2578288464432511,0.7453392239503966
13.96,12.45256,-38.994654999999995,0.25961463163121345,0.7443277278273331,0.257828883211043,0.7453392239503966
13.98,12.452555,-38.66697,0.25961463163121345,0.7463896086016266,0.2578288464432511,0.7453392239503966
14.0,12.780235000000001,-39.32233,0.25961463163121345,0.7443277592886569,0.2602384604560743,0.743268835023338
14.02,30.47511,-38.339325,0.30288361463867364,0.7484513635306249,0.3469854105769245,0.745339097583885
14.04,36.7011,-38.994690000000006,0.3485566704887743,0.7443276019820382,0.3469853738091326,0.7453391291755128
14.06,36.701085,-38.339330000000004,0.34855659713012904,0.7463894827563315,0.34698533704134066,0.7474094865109435
14.08,36.373395,-38.66701,0.3461527443634243,0.7463894827563315,0.34698530027354874,0.745339097583885
14.1,36.373395,-38.66701,0.3461527443634243,0.7463894827563315,0.34698530027354874,0.745339097583885
14.12,36.373395,-38.99469,0.3461527443634243,0.7463894827563315,0.34698530027354874,0.7432687086568263
14.14,36.04571,-38.994695,0.3461527443634243,0.7463894512950078,0.34457564949293357,0.7432687086568263
14.16,40.96096,-38.011665,0.3437488549173969,0.7443276019820382,0.3831299149116082,0.7515502011818048
14.18,61.277485,-37.028655,0.4326915173234423,0.7525749048499456,0.4433714785693225,0.7494797174798625
14.2,62.26052,-37.028645,0.4423068917109389,0.7505130555369758,0.4409617174853316,0.751550169590177
14.22,61.605154999999996,-37.028655,0.4399030389442341,0.7505130240756521,0.4385521034725084,0.7515501379985491
14.24,61.60514,-37.028655,0.4374991861775293,0.7525748733886217,0.4409616439497477,0.7494797490714904
14.26,61.932815,-37.35633,0.4399029655855889,0.7505130555369758,0.4409616439497477,0.7494797490714904
14.28,61.932815,-37.356335,0.4399029655855889,0.7505130240756521,0.4409616439497477,0.7494797490714904
14.3,61.93281,-37.35634,0.43990292890626626,0.7505130240756521,0.4409616439497477,0.7494797174798625
14.32,61.932815,-38.011695,0.4399029655855889,0.7484511747626825,0.4409616439497477,0.7474093601444319
14.34,61.93281,-38.0117,0.43990292890626626,0.7484511747626825,0.4409616439497477,0.747409328552804
14.36,61.932805,-38.66706,0.43990292890626626,0.7463893254497129,0.44096160718195576,0.7453389396257454
14.38,61.9328,-38.994745,0.43990292890626626,0.7463892939883892,0.4409615704141638,0.7432685506986868
14.4,61.932795,-39.32242,0.4399028922269436,0.7443274761367432,0.4409615704141638,0.7432685506986868
14.42,61.932795,-39.65011,0.4399028922269436,0.7443274446754194,0.4409615704141638,0.7411981301800002
14.44,61.932795,-39.97779,0.4399028922269436,0.7422655953624498,0.4409615704141638,0.7411981301800002
14.46,61.932795,-40.30547,0.4399028922269436,0.7422655953624498,0.4409615704141638,0.7391277412529417
14.48,68.814185,-38.99476,0.4471143771684128,0.7422655639011261,0.4843353947686124,0.7474092653695481
14.5,78.317085,-38.66708,0.49999935811185414,0.748451111840035,0.5012029870007104,0.743268487515431
14.52,78.31708,-39.32244,0.49999932143253145,0.7443274132140957,0.5012029870007104,0.743268487515431
14.54,78.97244,-39.977805000000004,0.5024031375199137,0.7422655324398023,0.5036126010135337,0.7411980985883723
14.56,78.97243,-40.63317,0.5024031008405909,0.7402036831268327,0.5036125642457417,0.7391276780696858
14.58,79.300115,-41.616215,0.5024031375199137,0.7381418023525393,0.5060221782585649,0.7349869002155686
14.6,79.627795,-41.943895,0.5048069536072958,0.7360799530395697,0.5060221782585649,0.7349869002155686
14.62,82.24927500000001,-42.599265,0.5048069536072958,0.7340181037266,0.5252993845034861,0.7329164481052542
14.64,93.71829,-42.59929,0.5504803028919775,0.7340180093426288,0.5638539440644963,0.7329163849219984
14.66,95.356695,-42.92697,0.5624994933668562,0.7319561600296592,0.5638538705289124,0.7329163849219984
14.68,95.356695,-42.926964999999996,0.5624994933668562,0.7319561600296592,0.5638538705289124,0.7329164165136263
14.7,96.01206,-43.25465,0.5649033094542385,0.7319561600296592,0.5662635213095276,0.7308459959949398
14.72,95.684375,-42.92697,0.5624994933668562,0.7340180093426288,0.5662634845417356,0.7308459959949398
14.74,95.684365,-43.25465,0.5649032727749158,0.7319561600296592,0.5638538337611204,0.7308459959949398
14.76,95.68436,-43.25465,0.562499420008211,0.7319561600296592,0.5662634477739437,0.7308459959949398
14.78,95.68436,-43.254655,0.5649032360955932,0.7319561285683355,0.5638538337611204,0.7308459959949398
14.8,95.028995,-43.25465,0.562499420008211,0.7319561600296592,0.5614441829805052,0.7308459959949398
14.82,95.02899,-43.254655,0.5624993833288884,0.7319561285683355,0.5614441829805052,0.7308459959949398
14.84,94.701315,-43.58233,0.5600956039208288,0.7298943107166895,0.5614441829805052,0.7308459959949398
14.86,94.701315,-43.25465,0.5600956039208288,0.7319561600296592,0.5614441829805052,0.7308459959949398
14.88,94.70132,-43.25466,0.5600956039208288,0.7319561285683355,0.5614442197482972,0.7308459644033118
14.9,96.33973,-42.926975,0.5600956039208288,0.7298942792553658,0.5734923633479972,0.734986773849057
14.92,113.051745,-38.339445,0.6153844009516524,0.7463891052204467,0.6409629896509329,0.7474091390030364
14.94,116.32860500000001,-38.99479,0.6394230753359909,0.7443273188301245,0.640962916115349,0.7453387816676057
14.96,116.32859,-38.339425000000006,0.639422965298023,0.7463891681430941,0.640962916115349,0.7474092021862923
14.98,116.000905,-38.01175,0.639422965298023,0.7484510174560638,0.6385532653347338,0.7474091705946644
15.0,115.67321,-38.011745000000005,0.6370190758519956,0.7484510174560638,0.6385532285669419,0.7474092021862923
15.02,115.67321,-38.011745000000005,0.6370190758519956,0.7484510174560638,0.6385532285669419,0.7474092021862923
15.04,116.000885,-38.011745000000005,0.6394228919393777,0.7484510174560638,0.6385531917991498,0.7474092021862923
15.06,115.345525,-38.01175,0.6370190758519956,0.7484510174560638,0.6361435777863267,0.7474091705946644
15.08,115.6732,-38.33943,0.6370190391726729,0.7463891681430941,0.6385531917991498,0.7474091705946644
15.1,115.67319499999999,-38.66711,0.6370190391726729,0.7463891681430941,0.638553155031358,0.7453387816676057
15.12,115.345515,-38.66711,0.6346152230852907,0.7463891681430941,0.638553155031358,0.7453387816676057
15.14,126.48682500000001,-37.3564,0.6490382296475516,0.74845098599474,0.7060236342631259,0.7515499168571537
15.16,148.769555,-37.02874,0.7548084482896927,0.7525746216980318,0.7638556574436008,0.7494794647468391
15.18,149.42489,-36.701045,0.7620198965518392,0.7525746531593556,0.761445859591818,0.7515499168571537
15.2,149.09719,-37.028729999999996,0.7596160071058118,0.750512803846386,0.761445786056234,0.7515498852655257
15.22,149.42485,-37.35641,0.7620197498345487,0.750512803846386,0.7614457125206501,0.7494794963384672
15.24,149.097155,-38.011775,0.7596158603885212,0.7484509230720926,0.7614456757528582,0.7474091074114085
15.26,149.097145,-37.68409,0.7596158237091987,0.7484509545334163,0.7614456389850663,0.7494794963384672
15.28,149.42481500000002,-38.011765,0.7596157870298761,0.7484509545334163,0.7638552162300976,0.7474091390030364
15.3,149.752495,-38.33945,0.7620196031172582,0.7463891052204467,0.7638552162300976,0.7474091074114085
15.32,124.84847500000001,-40.63313,0.7163464739085124,0.7422655639011261,0.6265053423417856,0.7370575102840227
15.34,103.87666,-38.339330000000004,0.5913462767571531,0.744327633443362,0.5975895697421957,0.7494798754380021
15.36,106.170425,-37.68397,0.6033654672320319,0.7484513320693013,0.6024087242322582,0.7494798754380021
15.38,106.1704,-37.3563,0.6009615411066819,0.7505131499209471,0.6048182647094975,0.7494798438463742
15.4,106.17039,-37.68399,0.6009615044273593,0.7484512691466537,0.6048182279417055,0.7494798122547462
15.42,106.498055,-38.01167,0.6033652471560962,0.7484512691466537,0.6048181911739136,0.7474094233276877
15.44,106.498055,-38.33936,0.6033652471560962,0.74845123768533,0.6048181911739136,0.7453390028090012
15.46,106.82573,-38.99472,0.6033652471560962,0.7443275390593906,0.6072277684189449,0.7453390028090012
15.48,107.15340499999999,-39.3224,0.6057690265641558,0.7443275390593906,0.6072277684189449,0.7432686138819425
15.5,107.1534,-39.650085000000004,0.6057689898848331,0.744327507598067,0.6072277684189449,0.741198224954884
15.52,102.89351500000001,-40.63311,0.6057689898848331,0.7443275390593906,0.5759024553421156,0.734987121356964
15.54,95.356775,-41.288475,0.5624997868014372,0.7381420225818056,0.5638541646712479,0.7370574471007668
15.56,96.012135,-41.616155,0.5649036028888195,0.7360801732688359,0.5662637786840712,0.7370574471007668
15.58,96.012125,-40.9608,0.5649035662094968,0.7381419911204818,0.5662637419162792,0.7391278360278254
15.6,96.339795,-41.28848,0.5649035295301742,0.7381419911204818,0.5686733191613105,0.7370574471007668
15.62,96.01211,-41.616164999999995,0.5649034928508516,0.7381419911204818,0.5662637051484872,0.7349870265820803
15.64,96.01211,-41.943844999999996,0.5649034928508516,0.7360801418075121,0.5662637051484872,0.7349870265820803
15.66,96.01211,-41.94385,0.5649034928508516,0.7360801103461885,0.5662637051484872,0.7349870265820803
15.68,96.012105,-41.61617,0.5649034928508516,0.7360801103461885,0.5662636683806954,0.7370574155091388
15.7,96.01211,-41.94386,0.5649034928508516,0.7360800788848647,0.5662637051484872,0.7349869949904524
15.72,96.01211,-42.271535,0.5673073456175564,0.734018229571895,0.5638540543678722,0.7349870265820803
15.74,71.437085,-43.909859999999995,0.5024035043131398,0.729894751175222,0.4482005603632099,0.7287761125339278
15.76,64.22675,-42.59914,0.44471122130883783,0.734018481262485,0.45301037583411874,0.7329168587964171
15.78,64.88209,-42.271465,0.4519226328916617,0.734018481262485,0.45060065151791967,0.7349872161318477
15.8,65.209755,-41.943795,0.45192255953301647,0.7360802676528071,0.45301022876295094,0.7349872161318477
15.82,65.209745,-41.61612,0.45192252285369383,0.7360802676528071,0.45301019199515896,0.7370575734672784
15.84,65.20974,-41.61612,0.45192252285369383,0.7360802676528071,0.45301015522736704,0.7370575734672784
15.86,65.20973000000001,-40.960765,0.4519224494950486,0.7381421169657768,0.45301015522736704,0.7391279308027091
15.88,65.537405,-40.96077,0.4543262655824307,0.7402039348174226,0.4530101184595752,0.7370575418756505
15.9,65.5374,-41.28845,0.451922412815726,0.738142085504453,0.45541973247239836,0.7370575418756505
15.92,65.865075,-42.271495,0.45432622890310814,0.738142085504453,0.45541969570460644,0.7308463435028468
15.94,66.520435,-48.497465000000005,0.45673004499049036,0.721647165155401,0.45782930971742963,0.7080718757554347
15.96,68.486515,-56.034155,0.4615376771652547,0.6989666654061162,0.4674677657687224,0.683227050672592
15.98,79.95537,-78.644185,0.4903835068931635,0.6494820616655789,0.5228892557415757,0.5900590750805366
16.0,92.40729999999999,-123.536375,0.557690870850381,0.5237087816545749,0.5469855429409756,0.43270980094873446
16.02,84.215345,-168.75606499999998,0.5168259606855614,0.35876143438215524,0.5277089985163093,0.31262759068724305
16.04,96.339755,-188.41673,0.555287825028774,0.2886588723544251,0.5783119222837712,0.25879801564139404
16.06,101.25533,-206.766405,0.5913463867951211,0.24123731345715962,0.5783133562276569,0.1904767606298562
16.08,103.22152,-228.392625,0.5793279665860174,0.15670350515012424,0.60481925743988,0.13871918568408956
16.1,110.10285999999999,-236.25672500000002,0.6153855380106537,0.12990103714770623,0.6192770518201951,0.11594471793667747
16.12,101.25547499999999,-238.55122,0.6033664208944202,0.1092805304932902,0.5662653964669166,0.12215326261273628
16.14,86.509585,-212.992795,0.5384627629866168,0.16701007750245406,0.5228908367566293,0.2256710662010145
16.16,76.02339,-167.77325,0.4999998716223708,0.2989672380022084,0.484335652143156,0.3788791833791644
16.18,65.53736,-126.15793,0.4639415666112821,0.44329650114214036,0.44337129473036285,0.49689128903824853
16.2,55.706784999999996,-98.63278,0.4254797756267148,0.540203450313037,0.4096361470339588,0.573495837297556
16.22,49.48075,-79.954935,0.3990373218343167,0.6041210307056857,0.39035886725345365,0.6273262337257308
16.24,45.548535,-67.503015,0.38221038914670574,0.6474201494299616,0.3783106133503779,0.6625230666271225
16.26,43.58243,-60.293994999999995,0.3749988308465914,0.6721625299535398,0.3710816977763244,0.6832271454474758
16.28,41.616330000000005,-56.034125,0.3653834931384174,0.6907192996155614,0.3662623962150941,0.691508764338966
16.3,41.616325,-54.72339,0.36538345645909476,0.6948430611641482,0.3662623962150941,0.6956495737847112
16.32,41.28864,-53.41266,0.36297960369239,0.6989667912514113,0.3662623962150941,0.6997903832304563
16.34,30.475144999999998,-53.41263,0.3533643393428613,0.7010286720257046,0.29638318539750963,0.6977201522615372
16.36,18.67859,-52.10189,0.2788455638028197,0.7030906471839692,0.2843350417978097,0.7039313190427131
16.38,19.006255000000003,-50.79116,0.28365315929826146,0.7072143772712323,0.2819253542494026,0.7080721284884581
16.4,18.678565,-49.80812,0.2812493065315566,0.7113380758971716,0.2819253174816107,0.7101425174155167
16.42,18.350875000000002,-49.808115,0.28124926985223403,0.7113380758971716,0.2795156667009956,0.7101425490071446
16.44,18.023195,-49.480435,0.27884545376485187,0.7113380758971716,0.2795156667009956,0.7122129379342033
16.46,17.695495,-49.15275,0.2788453070475614,0.7133999566714649,0.27710605268817234,0.7122129379342033
16.48,18.02319,-48.82508,0.27884541708552923,0.7133999252101412,0.2795156667009956,0.7142832952696339
16.5,18.350875,-48.82507,0.27884545376485187,0.7133999566714649,0.2819252807138187,0.7142833268612618
16.52,-19.33232,-49.152765,2.7876285193017775e-06,0.7133998937488174,0.2843349314944339,0.7122129063425753
16.54,-3.6038200000000007,-50.791084999999995,0.2451918451448883,0.7113382017424665,0.1542149291427659,0.703931698142248
16.56,-19.332615,-50.463365,0.1394230569963295,0.7072147548071173,0.1445762157169295,0.7101428649234238
16.58,-18.67727,-49.808,0.14423065249177125,0.7113384534330565,0.1445761421813456,0.7101428965150517
16.6,-18.677284999999998,-49.15265,0.14423057913312604,0.7134002712847024,0.14457610541355365,0.7122132538504824
16.62,-18.677284999999998,-49.152654999999996,0.14423057913312604,0.7134002398233786,0.14457610541355365,0.7122132538504824
16.64,-18.67729,-49.152654999999996,0.14423057913312604,0.7134002398233786,0.1445760686457617,0.7122132538504824
16.66,-18.677305,-49.808025,0.14423050577448077,0.7113383590490853,0.14457603187796977,0.7101428333317958
16.68,-18.349625000000003,-49.80803,0.14663432186186295,0.7113383590490853,0.14457603187796977,0.710142801740168
16.7,-18.02195,-50.4634,0.14663428518254032,0.7092764782747918,0.146985645890793,0.7080723812214814
16.72,-18.02195,-50.79108,0.14663428518254032,0.7072146289618222,0.146985645890793,0.7080723812214814
16.74,23.921519999999997,-47.51437,0.21874950139045807,0.7133999881327887,0.3831302458217357,0.7225647246113566
16.76,60.294495,-46.531369999999995,0.4350956268454055,0.7216471336940772,0.43373309605361365,0.720494335684298
16.78,58.65605,-45.54831,0.4278840318659685,0.7237090773910181,0.4289136841890075,0.7246351451300431
16.8,59.311395000000005,-45.22064,0.43269159068208757,0.725770895242664,0.4289136474212155,0.7246351135384153
16.82,59.311375,-45.548320000000004,0.43028770123606014,0.7237090459296943,0.4313231878984548,0.7246351135384153
16.84,59.966725,-45.22065,0.43269148064411966,0.7257708637813403,0.43373276514348613,0.7246350819467873
16.86,59.966715,-45.548339999999996,0.43269144396479703,0.7257708323200165,0.4337327283756942,0.7225646614281008
16.88,59.639025,-45.87602,0.43028759119809223,0.7237089830070469,0.43373269160790223,0.7225646614281008
16.9,59.639025000000004,-46.53138,0.4326914072854744,0.7216471336940772,0.4313230775950791,0.7204942725010421
16.92,59.966695,-47.514430000000004,0.4326913706061518,0.7195852529197838,0.4337326548401103,0.7163534630552971
16.94,63.898925,-46.531385,0.4399028922269436,0.7195852529197838,0.45541962216902254,0.7225646614281008
16.96,66.8481,-47.18675,0.4591338243985499,0.7195852529197838,0.45782923618184573,0.7184238519823556
16.98,66.84809,-46.85907,0.4591337510399046,0.7195852529197838,0.45782923618184573,0.7204942409094143
17.0,66.848085,-47.18675,0.4591337510399046,0.7195852529197838,0.45782919941405376,0.7184238519823556
17.02,67.175765,-47.84127,0.4591337510399046,0.7175287205705272,0.460238813426877,0.7163534314636691
17.04,67.83112,-48.49748,0.4615375304479642,0.7154615228325208,0.4626484274397002,0.7142830425366106
17.06,67.831125,-48.82516,0.46153756712728683,0.7154615228325208,0.4626484274397002,0.712212653609552
17.08,67.503445,-49.48053,0.46153756712728683,0.7133996420582275,0.460238813426877,0.7101422330908654
17.1,75.04017999999999,-47.514455,0.46153756712728683,0.7133996105969037,0.5156606343098576,0.7225645666532171
17.12,98.961265,-46.53144,0.5697111617049385,0.7237087942391044,0.5831312238450014,0.7184236940242161
17.14,99.616625,-46.203745,0.579326536092435,0.7216469763874586,0.5783118855159792,0.7225645350615891
17.16,99.61661000000001,-45.87607,0.5793264994131125,0.7237088257004282,0.5783118119803953,0.7225645034699613
17.18,99.28892,-45.54839,0.5769226099670851,0.7237088257004282,0.5783118119803953,0.7246348923970198
17.2,98.961235,-44.893024999999994,0.5769226099670851,0.7257706750133978,0.5759021611997801,0.7267053129157064
17.22,98.96123,-44.56535,0.5769225732877624,0.7278325243263675,0.5759021611997801,0.7267052813240784
17.24,99.288905,-44.565345,0.5769225732877624,0.7278325557876912,0.5783117384448113,0.7267052813240784
17.26,99.288905,-44.565345,0.5769225732877624,0.7278325243263675,0.5783117384448113,0.7267053129157064
17.28,99.2889,-44.565345,0.5769225366084398,0.7278325243263675,0.5783117384448113,0.7267053129157064
17.3,99.2889,-44.56535,0.5769225366084398,0.7278325243263675,0.5783117384448113,0.7267052813240784
17.32,99.288895,-44.893029999999996,0.5769225366084398,0.7257706750133978,0.5783117016770194,0.7267052813240784
17.34,99.288895,-45.22072,0.5769225366084398,0.725770643552074,0.5783117016770194,0.7246348608053919
17.36,102.89340999999999,-44.89304,0.5769225366084398,0.7237087942391044,0.6048177131926183,0.7287756386595091
17.38,124.84839000000001,-41.94394,0.6586536773936935,0.7360798271942747,0.6843366669342137,0.734986742257429
17.4,127.14219,-42.271605,0.6802884623320046,0.7340180093426288,0.6795172918373994,0.734986805440685
17.42,126.81449,-42.2716,0.6778845728859771,0.7340180408039526,0.6795172183018156,0.734986805440685
17.44,127.142155,-41.943925,0.680288315614714,0.7360798586555984,0.6795171815340236,0.734986805440685
17.46,127.14215,-42.27161,0.677884499527332,0.7360798586555984,0.681926758779055,0.7329163849219984
17.48,127.46982,-42.5993,0.6802882422560688,0.7340179778813051,0.681926758779055,0.7329163533303704
17.5,127.469815,-42.926975,0.6802882422560688,0.7340179778813051,0.6819267220112629,0.7308459959949398
17.52,127.469805,-43.25466,0.6802882055767462,0.7319561285683355,0.681926685243471,0.7308459644033118
17.54,128.125155,-43.91003,0.6826919849848058,0.729894247794042,0.6843362624885022,0.7287755438846253
17.56,144.18178,-41.943960000000004,0.72355751869811,0.7340179149586575,0.7614454919138984,0.7370570680012318
17.58,154.34006,-41.943945,0.7788464991255466,0.736079795732951,0.7807226613910278,0.734986742257429
17.6,154.340035,-41.943945,0.7788463890875787,0.736079795732951,0.7807225878554439,0.734986742257429
17.62,154.340025,-42.271625,0.7788463524082561,0.7360798271942747,0.7807225510876519,0.7329163217387425
17.64,154.995365,-42.926995000000005,0.781250095136993,0.7340179464199813,0.7831320915648913,0.730845901220056
17.66,154.995355,-43.25468,0.7812500584576704,0.7319560656456879,0.7831320547970992,0.730845901220056
17.68,154.667665,-43.25468,0.7812500217783477,0.7319560656456879,0.7807224040164842,0.730845901220056
17.7,154.66765500000002,-43.58236,0.7812499850990252,0.7298942163327183,0.7807223672486923,0.730845901220056
17.72,154.995335,-43.91004,0.7812499850990252,0.7298942163327183,0.7831319812615155,0.7287755122929974
17.74,154.339965,-43.910045,0.7788461323323204,0.7298941848713946,0.7807223304809003,0.7287755122929974
17.76,154.995325,-44.237725,0.7788461323323204,0.7298942163327183,0.7855415585065467,0.726705091774311
17.78,155.322995,-44.56541,0.7836537278277621,0.727832335558425,0.7831319077259316,0.726705091774311
17.8,155.650675,-44.89309,0.7836537278277621,0.7257704862454553,0.7855415217387548,0.726705091774311
17.82,155.322995,-45.220775,0.7836537278277621,0.7257704862454553,0.7831319077259316,0.7246346712556244
17.84,155.32299,-45.87614,0.7836536911484395,0.723708605471162,0.7831319077259316,0.7225642823285658
17.86,120.916125,-51.774275,0.7211536292520826,0.7113376983612866,0.592769826967462,0.6977200890782814
17.88,44.565775,-57.67236,0.44471129466748305,0.6865960099868309,0.3084321746564243,0.6852982293903485
17.9,-10.484915,-51.446349999999995,0.18028925093744094,0.6989675148618574,0.16867353241450378,0.7122134434002498
17.92,-9.829605,-45.220420000000004,0.17548139868674087,0.7216478887658472,0.17831184139462883,0.7287765864083466
17.94,-9.50197,-41.288250000000005,0.17788503137750994,0.7360808654179583,0.17831169432346106,0.7391285626352674
17.96,-9.501999999999999,-38.666799999999995,0.17788492133954206,0.7443282941311606,0.17831158402008523,0.7474101499351298
17.98,-9.502030000000001,-35.717675,0.17788481130157419,0.7546375406960087,0.17831147371670938,0.755691737234992
18.0,-9.829735,-35.71768,0.17788470126360634,0.7546375406960087,0.1759017861683023,0.7556917056433642
18.02,-10.157425,-35.39001,0.17548084849690151,0.7566993585476547,0.17590174940051037,0.7556916740517362
18.04,-10.157435,-35.06233,0.1754808118175789,0.7566993585476547,0.17590171263271842,0.7577620629787949
18.06,-10.157440000000001,-34.73465,0.17548077513825627,0.7587612078606243,0.17590171263271842,0.7577620629787949
18.08,-9.500805,-35.717705,0.1778939811322298,0.7566992956250072,0.17831128987774966,0.7536212535330498
18.1,-9.174405,-38.339164999999994,0.18028840731302065,0.7505137162247745,0.17831128987774966,0.7432692141228731
18.12,-10.812809999999999,-43.58211,0.1730769590508741,0.729895002865812,0.1734920250843113,0.7308466910107538
18.14,-10.485140000000001,-42.92674,0.17548073845893367,0.7319568836401052,0.17349198831651938,0.7329171115294404
18.16,-10.812825,-42.59907,0.17307688569222884,0.7340187014917513,0.17349198831651938,0.7329170799378125
18.18,-10.48515,-42.59907,0.1754806651002884,0.7340187014917513,0.17349198831651938,0.7329170799378125
18.2,-10.485155,-42.599075,0.1754806651002884,0.7340187014917513,0.17349195154872743,0.7329170483461845
18.22,-10.157475000000002,-42.92676,0.1754806651002884,0.7340186700304274,0.17590156556155065,0.7308466594191261
18.24,-10.15748,-43.58213,0.1754806284209658,0.7319567892561342,0.17590156556155065,0.7287762389004395
18.26,-10.15749,-44.2375,0.17548059174164318,0.7298949084818407,0.17590152879375867,0.726705818381753
18.28,13.763334999999998,-43.58218,0.21394190589501635,0.7298948455591933,0.31325063055843994,0.7308464066861026
18.3,34.079705000000004,-44.892935,0.3389415895358588,0.7278328074782812,0.3373470648290075,0.724635208313299
18.32,34.07967,-44.56525,0.33653762673118603,0.7278328389396049,0.33975656853845493,0.7267055972403575
18.34,34.407335,-44.565255,0.338941369459923,0.7278328389396049,0.339756531770663,0.7267055656487297
18.36,34.735005,-44.892939999999996,0.34134514886798256,0.7257709581653115,0.33975649500287103,0.7267055656487297
18.38,35.062685,-44.892945,0.34134514886798256,0.7257709267039878,0.3421661090156943,0.7267055656487297
18.4,35.390365,-44.892955,0.34134514886798256,0.7278327760169574,0.34457572302851747,0.7246351135384153
18.42,36.70109,-45.54833,0.3461527810427469,0.7257708637813403,0.3493949878219558,0.7225646930197287
18.44,38.011825,-46.203694999999996,0.3509604498968339,0.7237089830070469,0.3542142893831861,0.7204943040926701
18.46,38.339505,-46.53138,0.3533643026635387,0.7216471336940772,0.35421425261539413,0.7204942725010421
18.48,38.994875,-46.85907,0.35576815543024354,0.7195852529197838,0.3566239033960093,0.7204942409094143
18.5,37.68415,-47.186745,0.3533643393428613,0.7195852529197838,0.3493950245897477,0.7184238835739837
18.52,6.554349999999999,-49.480445,0.262018704473854,0.7113380444358478,0.21204618019961013,0.7122129063425753
18.54,1.6391149999999999,-48.497405,0.21634594205833427,0.715461743061787,0.22168463625090298,0.7142832952696339
18.56,1.31142,-48.49741,0.21874972146639382,0.715461743061787,0.21686533468967267,0.714283263678006
18.58,1.63909,-48.49741,0.21874968478707119,0.715461743061787,0.21927491193470394,0.714283263678006
18.6,1.9667649999999999,-48.8251,0.21874964810774858,0.7154617116004633,0.22168452594752716,0.7122128431593194
18.62,-27.852120000000003,-49.15278,0.22115346419513074,0.7133998622874936,0.0,0.7122128431593194
18.64,2.294435,-49.80814,0.22115342751580813,0.711338012974524,0.2216844891797352,0.7101424542322609
18.66,2.949795,-49.80815,0.22355724360319032,0.7113379815132003,0.22409410319255843,0.7101424226406329
18.68,2.9497850000000003,-50.463515,0.22355720692386769,0.7092761322002307,0.22409406642476645,0.7080720021219464
18.7,2.949775,-51.44656,0.22355717024454508,0.7072142514259373,0.22409402965697453,0.7039312242678293
18.72,2.622095,-51.774245,0.22355717024454508,0.7051523706516439,0.2216844156441513,0.7039312242678293
18.74,2.622095,-52.42961,0.22355717024454508,0.7030905213386742,0.2216844156441513,0.7018608037491427
18.76,19.006204999999998,-51.446585,0.23076858182736898,0.7030905213386742,0.3349371199060568,0.7080718757554347
18.78,50.136165,-49.80822,0.3942297630181977,0.7133996105969037,0.39999765421487404,0.7080718125721789
18.8,50.791515000000004,-50.79125,0.39903743187228463,0.7072140941193186,0.39999754391149817,0.7080718441638069
18.82,51.446870000000004,-51.11894,0.40144124795966685,0.7072140626579948,0.40240712115652943,0.7060014236451203
18.84,51.446855,-51.77431,0.4014411746010216,0.7051521818837014,0.40240708438873746,0.7039310031264338
18.86,51.446844999999996,-52.757365,0.40144113792169894,0.7030903011094081,0.40240704762094553,0.6997901620890609
18.88,51.446835,-53.08505,0.4014411012423763,0.7010284203351147,0.4024070108531536,0.6997901620890609
18.9,51.77451,-53.41274,0.40384488065043583,0.7010283888737909,0.4024070108531536,0.6977197415703743
18.92,54.39598,-53.41275,0.4014410278837311,0.6989665395608213,0.42409379434310607,0.699790067314177
18.94,67.83112,-53.41278,0.4567298249145546,0.7010282630284959,0.4674677290009304,0.6977196152038627
18.96,68.814165,-54.39582,0.46634519930205115,0.6969045644025567,0.46505804145252344,0.695649226276804
18.98,69.141845,-54.395825,0.46634519930205115,0.696904532941233,0.46746765546534663,0.695649226276804
19.0,69.141835,-55.05119,0.4663451626227285,0.6948426836282633,0.4674676186975547,0.6935788057581176
19.02,69.469505,-56.034235,0.4687489420307881,0.6927808028539699,0.46746758192976273,0.6894380279040003
19.04,69.14180999999999,-56.034245,0.46634508926408325,0.6927807713926462,0.46746750839417883,0.6894379963123725
19.06,69.141805,-56.361925,0.46634505258476067,0.6907189220796766,0.46746750839417883,0.6894379963123725
19.08,69.141795,-56.361925,0.46634501590543803,0.6886570727667068,0.46746747162638685,0.691508385239431
19.1,69.141795,-56.36193,0.46634501590543803,0.6907189220796766,0.46746747162638685,0.6894379647207445
19.12,73.073995,-55.70657,0.46394116313873324,0.6886570727667068,0.49879278470321603,0.6956491315019203
19.14,104.531845,-50.791385000000005,0.5697107949117123,0.7072136536607861,0.6240951768120832,0.7080714334726439
19.16,113.707055,-51.774415000000005,0.6322112602806181,0.7051518358091402,0.6289144048377296,0.7039306872101547
19.18,113.379335,-51.11905,0.6274034080299179,0.7072137165834336,0.6313239453149689,0.7060010761372132
19.2,112.72395,-51.119045,0.6274033346712727,0.7072137165834336,0.6265046069859467,0.7060011077288413
19.22,112.396255,-51.119045,0.6249994819045679,0.7072137480447575,0.6265045334503628,0.7060010761372132
19.24,112.068565,-50.79137,0.6225955924585405,0.7072137165834336,0.6265045334503628,0.708071465064272
19.26,112.068565,-51.446735000000004,0.6249994085459226,0.705151867270464,0.6240949194375396,0.7060010445455854
19.28,112.396235,-51.77442,0.6249993718666,0.7051518358091402,0.6265044966825709,0.7039306556185269
19.3,112.396235,-52.1021,0.6249993718666,0.7051518358091402,0.6265044966825709,0.7018602666914682
19.32,112.72391,-52.42978,0.6274031512746596,0.7030899864961706,0.6265044966825709,0.7018602666914682
19.34,112.723905,-53.412825,0.6274031512746596,0.7010281057218772,0.6265044599147789,0.697719488837351
19.36,112.723905,-53.74051,0.6274031512746596,0.6989662564089075,0.6265044599147789,0.697719457245723
19.38,112.7239,-54.39587,0.6274031512746596,0.6969044070959379,0.626504423146987,0.6956490683186645
19.4,112.06854,-55.051235,0.6225954824205727,0.6948425577829683,0.6265044599147789,0.6935786477999779
19.42,112.396215,-55.37892,0.6249992985079548,0.6927806770086749,0.626504423146987,0.6935786477999779
19.44,113.051575,-55.7066,0.627403114595337,0.6927806770086749,0.6289140371598102,0.6915082588729193
19.46,112.723895,-56.36196,0.627403114595337,0.6907188276957053,0.626504423146987,0.6894378699458608
19.48,124.84822,-55.706615,0.6370184156241884,0.6907187962343816,0.7060228621394949,0.6935785846167221
19.5,150.40782000000002,-54.39591,0.7620193830413224,0.6989661305636127,0.768674407487952,0.6935785530250943
19.52,150.08011,-55.378935,0.7644231991287046,0.6927806140860274,0.7638549588555539,0.69357861620835
19.54,150.08008999999998,-55.05126,0.7644231257700593,0.694842463398997,0.76385488531997,0.6935785846167221
19.56,149.75239,-55.70662,0.762019236324032,0.6927806140860274,0.7638548117843862,0.6915081956896636
19.58,150.08005500000002,-56.0343,0.7644229790527689,0.6927806140860274,0.7638547750165942,0.6894378067626049
19.6,150.40773000000002,-56.361985000000004,0.7644229790527689,0.6907187333117341,0.7662643522616255,0.6894378067626049
19.62,150.407715,-56.36104,0.7644229056941236,0.690724679501922,0.7662643154938336,0.6894378067626049
19.64,150.407705,-56.36199,0.764422869014801,0.6907187333117341,0.7662642787260415,0.689437775170977
19.66,150.407695,-56.03431,0.7644228323354784,0.6907187333117341,0.7662642419582496,0.6915081640980356
19.68,150.08001,-56.689675,0.7644227956561558,0.6907187018504103,0.7638546279454264,0.6873673862439185
19.7,117.639275,-66.520025,0.7067304759725311,0.6680384852530393,0.5831312606127933,0.6480301861795726
19.72,52.10248,-72.745835,0.44711514743418784,0.6371110601717322,0.36144412415203825,0.6397490095708732
19.74,34.07983,-69.141345,0.33173058142558365,0.6474204325818754,0.34457638484877245,0.6521712799499689
19.76,37.028909999999996,-67.50295,0.34855718399929103,0.6556677983724302,0.3493954290354591,0.6542416688770275
19.78,37.68423,-67.175295,0.35096081669006013,0.6577295847627523,0.3518049327449065,0.6542415741021439
19.8,37.684200000000004,-67.17530500000001,0.3509607066520922,0.6577295533014286,0.3518048224415307,0.6542415425105158
19.82,38.339535,-67.502995,0.35336441270150654,0.6556676725271352,0.35421436291877,0.654241510918888
19.84,38.33952,-67.50301,0.35336437602218396,0.6556676096044877,0.3542142893831861,0.65424147932726
19.86,38.994865,-68.158375,0.3557681187509209,0.6536057602915181,0.3566238666282174,0.6521710588085735
19.88,33.096575,-68.158355,0.3557681187509209,0.6536057288301943,0.3132504467194802,0.6521712167667131
19.9,-4.586840000000001,-65.86449999999999,0.21394208929162947,0.6577297735306947,0.17831136341333356,0.6625234141350295
19.92,-8.51904,-64.22609,0.18028844399234326,0.6659772337052209,0.1831305179033961,0.664593803062088
19.94,-8.846734999999999,-63.24306,0.18028837063369801,0.6680390515568667,0.18072086712278093,0.6687345493245773
19.96,-8.51907,-63.243065,0.18269211336243493,0.6680390515568667,0.180720830354989,0.6687345177329493
19.98,-8.519075,-63.24307,0.18269211336243493,0.668039020095543,0.18072079358719703,0.6687345177329493
20.0,-8.846765000000001,-62.586865,0.18028826059573014,0.6701008694085127,0.1807207568194051,0.6708102456451257
20.02,-8.84677,-62.26003,0.18028822391640753,0.6721627187214823,0.1807207568194051,0.670804906660008
20.04,-8.191415,-62.26004,0.1826920400037897,0.6721626872601585,0.18313033406443638,0.67080487506838
20.06,-18.34956,-61.932334999999995,0.15384606355859046,0.672162750182806,0.13734737367845987,0.6728753587703225
20.08,-19.00493,-61.604665,0.1418268730837117,0.6742245680344519,0.14457625248472142,0.6728753271786945
20.1,-18.349575,-61.276984999999996,0.14663450525847607,0.6762864488087453,0.1445762157169295,0.6728752955870666
20.12,-18.021895,-62.26004,0.14663450525847607,0.6721626872601585,0.1469858297297527,0.67080487506838
20.14,-18.021900000000002,-62.26004,0.14663446857915344,0.6721626872601585,0.1469858297297527,0.67080487506838
20.16,-17.36654,-62.91541,0.1490382846665356,0.6701008064858651,0.1493954437425759,0.6687344545496935
20.18,-17.366545000000002,-63.243095,0.1490382846665356,0.6701008064858651,0.14939540697478398,0.666664034031007
20.2,20.31696,-61.277065,0.21634553858578542,0.6721625614148634,0.3590336644800003,0.6770157575249046
20.22,51.11927,-60.94942,0.4014415413942478,0.6783479205858299,0.39999780128604173,0.6728749480791595
20.24,50.46387,-61.60478,0.39663376250219295,0.6742242219598906,0.39999765421487404,0.6728749480791595
20.26,50.79154,-62.26015,0.3990375419102525,0.6721623411855973,0.39999761744708207,0.6708045275604729
20.28,50.791520000000006,-62.26015,0.39903746855160727,0.6721623411855973,0.39999754391149817,0.6708045275604729
20.3,50.79151,-62.260155,0.39903743187228463,0.6721623411855973,0.3999975071437062,0.6708044959688452
20.32,50.791495,-62.26016,0.39903735851363936,0.6721623097242736,0.39999747037591427,0.6708044959688452
20.34,50.791485,-62.260165,0.3990373218343167,0.6721622782629497,0.39999743360812234,0.6708044959688452
20.36,51.446844999999996,-62.260175,0.3990372851549941,0.6701004289499802,0.40481669840156065,0.6728748217126479
20.38,59.31132,-61.93251,0.43028748116012444,0.674224064653272,0.43132300405949514,0.6708044011939613
20.4,58.655935,-61.93251,0.42788362839341965,0.6721622153403023,0.42891324297550415,0.6728747901210199
20.42,58.32825,-61.93251,0.427883591714097,0.674224064653272,0.42650362896268096,0.6708044011939613
20.44,58.655924999999996,-61.932514999999995,0.4278835550347744,0.6721621838789786,0.42891324297550415,0.6728747901210199
20.46,58.655915,-62.2602,0.42788351835545174,0.6721621838789786,0.4289132062077122,0.6708043696023335
20.48,58.65591,-62.587885,0.4278834816761291,0.6701003345660089,0.4289132062077122,0.6708043380107055
20.5,59.31127,-62.58789,0.4302873344428339,0.6701003031046852,0.4313227834527435,0.6708043380107055
20.52,56.362115,-63.57092,0.4302873344428339,0.6701002716433614,0.409635999962791,0.6645932660044135
20.54,38.994875,-64.88159,0.3605758242843305,0.6618530946207491,0.35180463860257094,0.6645933607792972
20.56,39.650220000000004,-65.20928,0.35817193483830306,0.6639149124723951,0.3590334438732486,0.6604525513335521
20.58,38.994845,-64.88160500000001,0.35576804539227563,0.6639149124723951,0.3566237930926334,0.6625229086689828
20.6,39.650195,-65.20929,0.35817182480033516,0.6618530316981016,0.35903337033766475,0.6625229086689828
20.62,39.650195,-65.86466,0.35817182480033516,0.6618530002367778,0.35903337033766475,0.6583820992232376
20.64,39.65019,-66.84771,0.3581717881210125,0.6577292701495149,0.35903337033766475,0.6563116787045511
20.66,41.289865000000006,-66.84772,0.36057560420839474,0.6577292386881912,0.3686812021759033,0.6563116471129233
20.68,74.7125,-61.932575,0.44471037768441746,0.670100208720714,0.5301187963680922,0.6749449263150552
20.7,91.096825,-62.915620000000004,0.5504803762506227,0.6701001143367428,0.544576774587367,0.6687338227171352
20.72,89.786065,-62.260255,0.5408648918251583,0.6721620265723599,0.5445767010517831,0.6708041800525659
20.74,90.11373,-62.91562,0.543268671233218,0.6701001457980665,0.5445766275161993,0.6687337911255073
20.76,90.113715,-62.91563,0.5432685978745727,0.6701001143367428,0.5445765907484074,0.6687337595338795
20.78,90.1137,-62.91563,0.5432685245159274,0.6701001143367428,0.5445765539806153,0.6687337595338795
20.8,90.441375,-63.571,0.5456723406033095,0.6680382335624494,0.5445765172128234,0.6666633390151929
20.82,91.096725,-63.571,0.5456723039239869,0.6680382335624494,0.5493957084706779,0.6666633390151929
20.84,91.09672,-64.22636,0.5480761200113691,0.6659763842494797,0.5469860576900627,0.6645929500881343
20.86,91.096715,-64.55405,0.5480760833320465,0.6659763527881559,0.5469860576900627,0.6625225295694478
20.88,91.09671,-65.5371,0.5480760833320465,0.661852622700893,0.5469860209222708,0.6604521090507612
20.9,91.424385,-66.19246,0.5480760466527239,0.6597907733879234,0.549395634935094,0.6583817201237028
20.92,91.752065,-65.86478,0.5504798627401061,0.6597907733879234,0.549395634935094,0.6604521090507612
20.94,92.079735,-66.52014,0.5504798260607834,0.6597907733879234,0.5518052121801252,0.6563113311966441
20.96,92.07973,-66.847825,0.5504797893814608,0.6577289240749536,0.5518052121801252,0.6563112996050162
20.98,92.079725,-66.847825,0.5504797893814608,0.65772889261363,0.5518051754123333,0.6563113311966441
21.0,92.079725,-67.50319,0.5504797893814608,0.6556670433006603,0.5518051754123333,0.6542409106779575
21.02,92.07972000000001,-68.158555,0.5504797893814608,0.6536051625263669,0.5518051386445414,0.6521705217508991
21.04,92.40739500000001,-68.486235,0.5528835687895203,0.6536051625263669,0.5518051386445414,0.6501001328238403
21.06,91.75203,-68.81392,0.5504797160228155,0.6515433132133973,0.5493955246317183,0.6501001012322125
21.08,91.752025,-69.46928,0.5504797160228155,0.6494814639004276,0.5493954878639262,0.6480297123051539
21.1,92.0797,-69.46929,0.550479679343493,0.649481432439104,0.5518051018767495,0.648029680713526
21.12,92.079695,-70.124645,0.550479679343493,0.6474195831261342,0.5518050651089575,0.6459593233780953
21.14,91.752015,-70.124645,0.550479679343493,0.647419614587458,0.5493954510961343,0.6459592917864674
21.16,92.407365,-70.78001,0.5528834587515525,0.6453577338131646,0.5518050283411655,0.6438889028594088
21.18,92.079685,-70.12465,0.5504796426641703,0.6474195831261342,0.5518050283411655,0.6459592917864674
21.2,92.40736,-70.45233999999999,0.5504796059848477,0.6474195516648105,0.5542146423539888,0.6438888712677809
21.22,92.079675,-70.12465,0.5504796059848477,0.6474195831261342,0.5518049915733736,0.6459592917864674
21.24,91.751995,-70.78001499999999,0.5480757898974654,0.645357702351841,0.5518049915733736,0.6438889028594088
21.26,91.751985,-70.78002,0.5504795693055251,0.645357702351841,0.5493953407927584,0.6438888712677809
21.28,92.079665,-70.78001499999999,0.5504795693055251,0.645357702351841,0.5518049548055817,0.6438889028594088
21.3,92.407345,-70.45233999999999,0.5504795693055251,0.645357702351841,0.5542145688184049,0.6459592601948394
21.32,92.40734499999999,-70.45233999999999,0.5528833853929073,0.645357702351841,0.5518049548055817,0.6459592601948394
21.34,92.735015,-70.78002,0.5528833487135846,0.645357702351841,0.5542145320506129,0.6438888712677809
21.36,91.751975,-70.45233999999999,0.5480757165388203,0.645357702351841,0.5518049180377897,0.6459592601948394
21.38,91.75197,-70.124655,0.5504794959468798,0.6474195831261342,0.5493953040249665,0.6459592601948394
21.4,91.42428,-70.124655,0.5480756798594977,0.6474195516648105,0.5493952304893825,0.6459592917864674
21.42,91.424275,-69.796965,0.548075643180175,0.6474195831261342,0.5493952304893825,0.6480297123051539
21.44,91.42427,-69.469285,0.548075643180175,0.649481432439104,0.5493951937215907,0.6480297123051539
21.46,91.42427,-69.46928,0.5480756065008524,0.6494814639004276,0.5493952304893825,0.6480297123051539
21.48,92.07963,-69.46928,0.5504794225882346,0.6494814639004276,0.5518048445022058,0.6480297123051539
21.5,91.751945,-68.81392,0.5504794225882346,0.6515433132133973,0.5493951937215907,0.6501001012322125
21.52,91.751945,-68.486235,0.5504794225882346,0.6515433132133973,0.5493951937215907,0.6521705217508991
21.54,92.07962,-68.81391500000001,0.5504793859089119,0.6515433132133973,0.551804807734414,0.6501001328238403
21.56,92.079625,-69.796965,0.5504794225882346,0.6494814639004276,0.551804807734414,0.6459592917864674
21.58,92.73498000000001,-72.418425,0.5528832019962941,0.6432958530388713,0.554214421747237,0.6356072839679185
21.6,95.6841,-81.265825,0.5576908341710585,0.6247391148381732,0.5710817198369995,0.5983401253227243
21.62,109.774395,-110.75713999999999,0.5985557810152008,0.5525740742709987,0.6337320150805305,0.4844683236433386
21.64,132.384535,-157.942975,0.6850937837094437,0.414430170302033,0.7132502702340788,0.3250489133175013
21.66,150.07978,-192.349065,0.7499983952796352,0.2865962994310093,0.778312128183406,0.2360233583442145
21.68,160.23842000000002,-219.54602,0.7884618735130432,0.19587634541991392,0.8144580296941836,0.1552798329535809
21.7,170.39668,-227.73744,0.8293275172643153,0.14845563597838954,0.8481931773905875,0.15114088741388274
21.72,180.55494499999998,-223.47708,0.8677893082488825,0.16289037446463045,0.8843380126353987,0.16356470578274637
21.74,186.45328999999998,-223.80458,0.8942317253619579,0.16907680332060424,0.9012056416352887,0.1552834028075353
21.76,184.81484,-242.155015,0.896635651487308,0.12990125737697242,0.8867474795770542,0.07867718019194819
21.78,174.65657499999998,-269.68096,0.8629814559981824,0.03505338892255591,0.8457834530743885,0.0
21.8,163.843015,-271.975305,0.8245199584481961,0.0,0.8048195736428907,0.020702151731050566
21.82,160.565925,-245.76132,0.8028847700373363,0.07010136649742771,0.8024086727573494,0.11593893666876892
21.84,156.30579,-209.06137,0.7908644791827788,0.17525486346446173,0.7831308046921732,0.24223215575329662
21.86,151.062725,-171.37822,0.7740370329846511,0.30308933210063665,0.7614436535243013,0.3519626425208906
21.88,142.21524,-143.19774,0.7427869103381661,0.40205806766185537,0.7277086528990651,0.4306374533407451
21.9,135.006195,-126.15835000000001,0.7115369344089716,0.45772809349600674,0.7060218694091125,0.48239727129209375
21.92,131.40168,-113.37878,0.697113891167388,0.5030889042266337,0.6939736890416207,0.5175940726018574
21.94,128.780215,-104.531375,0.6874985167798915,0.5340168012277969,0.6843351594547439,0.5424388660930721
21.96,121.24349,-92.079415,0.6730755102176305,0.5587591817513751,0.6433712064876622,0.5962695468458982
21.98,113.7068,-80.282805,0.6298064538515251,0.6123678931150605,0.6313231364235461,0.6169736256662517
22.0,112.396065,-76.678305,0.6274025644054977,0.6247390519155258,0.6240942576172847,0.6273256334848004
22.02,111.413015,-76.022955,0.6225948955514108,0.6288627190801412,0.6216846068366695,0.6273256018931725
22.04,110.102295,-76.350635,0.6177872633766464,0.6288627190801412,0.616865378811023,0.6252552129661139
22.06,109.446915,-77.333675,0.6153833739306189,0.624739020454202,0.6144556912626159,0.6231848240390554
22.08,108.791545,-77.33367,0.6129795211639141,0.6247390519155258,0.6120460404820007,0.6231848240390554
22.1,108.136165,-77.00599,0.6105756317178866,0.624739020454202,0.6096363529335938,0.625255244557742
22.12,106.82544,-75.69526,0.6057679628637997,0.6288627820027888,0.6048171249079473,0.629396022411859
22.14,105.842395,-75.039895,0.6033641467764175,0.6309246313157585,0.5999978601145088,0.6314664429305455
22.16,105.187025,-73.72916000000001,0.5985564779223306,0.6350483928643452,0.5999978233467169,0.6356072523762907
22.18,104.85934,-72.746115,0.598556441243008,0.6391720914902844,0.5975882093338937,0.6376776728949772
22.2,103.8763,-71.763065,0.5937488090682436,0.6412339722645778,0.5951785953210705,0.6418184823407223
22.22,103.548615,-70.78002,0.5937488090682436,0.645357702351841,0.5927689445404554,0.6438888712677809
22.24,102.89324500000001,-70.452335,0.5913449563015387,0.645357702351841,0.5903592937598403,0.6459592917864674
22.26,102.565555,-69.796965,0.5889411035348341,0.6474195831261342,0.5903592569920483,0.6480297123051539
22.28,101.91019,-69.141595,0.5865372874474518,0.6494814639004276,0.5879496062114331,0.6501001328238403
22.3,101.58251,-68.486235,0.5865372874474518,0.6515433132133973,0.58553999219861,0.6521705217508991
22.32,101.254825,-68.81391500000001,0.584133434680747,0.6515433132133973,0.58553999219861,0.6501001328238403
22.34,100.927145,-68.48623,0.584133434680747,0.651543344674721,0.5831303781857867,0.6521705217508991
22.36,100.271775,-67.83087,0.5793257658266601,0.6536051939876907,0.5831303414179948,0.6542409106779575
22.38,100.271775,-67.17551,0.5817295819140422,0.65772889261363,0.5807207274051716,0.6542409106779575
22.4,99.616405,-67.50319,0.5793257291473374,0.6556670433006603,0.5783110766245564,0.6542409106779575
22.42,99.289995,-66.84782,0.5769219130599552,0.6577289240749536,0.5783204156437101,0.6563113311966441
22.44,98.633355,-68.15855,0.5745180602932504,0.6536051939876907,0.5759014258439412,0.6521705217508991
22.46,100.59946500000001,-60.294160000000005,0.5793256924680148,0.670100082875419,0.5855401025019857,0.6852970920917435
22.48,100.59949,-58.32804,0.5817297286313327,0.6845332797567965,0.5831304517213706,0.683226703164685
22.5,100.59948,-58.32804,0.5817296919520102,0.6845332797567965,0.5831304149535786,0.683226703164685
22.52,100.927155,-58.65572,0.5841334713600697,0.6824714304438267,0.5831304149535786,0.683226703164685
22.54,100.599475,-58.00036,0.5817296552726874,0.6865951290697659,0.5831304149535786,0.683226703164685
22.56,100.92715,-58.983405000000005,0.5841334713600697,0.6824714304438267,0.5831303781857867,0.6811562826459985
22.58,100.27179,-58.9834,0.5817296185933649,0.6824714304438267,0.5807208009407554,0.6811563142376263
22.6,100.271785,-59.311080000000004,0.5817296185933649,0.6804095811308571,0.5807207641729635,0.6811563142376263
22.62,100.271785,-59.63876,0.5817296185933649,0.6804095811308571,0.5807207641729635,0.6790859253105679
22.64,97.32263499999999,-59.966425,0.5817296185933649,0.6804095811308571,0.559034017450803,0.677015631158393
22.66,80.61075500000001,-60.949439999999996,0.512018145114184,0.6742241590372432,0.5060218473484375,0.6770156627500209
22.68,81.593795,-60.29408,0.5120181084348614,0.6783478576631824,0.5132507261546989,0.6770156627500209
22.7,81.2661,-60.62176,0.5096142189888341,0.6762860083502128,0.513250689386907,0.6770156627500209
22.72,81.593775,-60.94944,0.5120180350762161,0.6762860083502128,0.513250652619115,0.6749452738229622
22.74,81.92145,-60.949445,0.5144218144842757,0.676285976888889,0.513250652619115,0.6749452738229622
22.76,81.266075,-61.604805,0.5120179617175709,0.6742241275759195,0.510840965070708,0.6728748848959036
22.78,81.266065,-62.26016,0.5120179250382483,0.6721622782629497,0.510840928302916,0.6708045275604729
22.8,80.61069499999999,-62.26016,0.5096140722715435,0.6721623097242736,0.5084312775223009,0.6708044959688452
22.82,79.955325,-62.91552,0.5072102195048387,0.6701004604113039,0.5060216267416857,0.6687341070417865
22.84,79.955315,-63.57088,0.507210182825516,0.6680386110983343,0.5060215899738937,0.6666637181147279
22.86,79.62763,-64.226245,0.5048063300588113,0.6659767617853646,0.5060215899738937,0.6645932975960414
22.88,79.62763,-64.553935,0.5048063300588113,0.6659766988627172,0.5060215899738937,0.6625229086689828
22.9,80.282985,-64.88162,0.5072101461461934,0.6639148495497476,0.508431167218925,0.6625228770773549
22.92,80.610665,-65.2093,0.5096139622335756,0.6618530002367778,0.508431167218925,0.6625228770773549
22.94,81.9214,-65.2093,0.5096139622335756,0.6618530002367778,0.5180697335735938,0.6625228770773549
22.96,83.88752,-65.53699,0.5216332627464222,0.6618529687754542,0.5204794211220009,0.6604524565586684
22.98,83.88751,-64.88162,0.521633189387777,0.6639148495497476,0.5204794211220009,0.6625228770773549
23.0,84.21519,-64.881625,0.521633189387777,0.6639148495497476,0.522889035134824,0.6625228454857269
23.02,84.21518499999999,-65.209305,0.5240370054751591,0.6639148180884238,0.5204793843542089,0.6604524881502962
23.04,84.542865,-65.864675,0.5240370054751591,0.6618529373141304,0.5228889983670321,0.6583820676316098
23.06,84.87055,-65.537,0.5240370054751591,0.6618529373141304,0.5252986491476471,0.6604524249670404
23.08,84.87054499999999,-66.192365,0.5240370054751591,0.659791056539837,0.5252986123798553,0.6583820360399818
23.1,84.87054,-65.86467999999999,0.5240369687958366,0.6618529373141304,0.5252986123798553,0.6583820360399818
23.12,84.87054,-66.84773,0.5240369687958366,0.6577292072268673,0.5252986123798553,0.6563116155212952
23.14,84.87054,-67.503095,0.5240369687958366,0.6556673579138977,0.5252986123798553,0.6542411950026088
23.16,85.19821999999999,-67.5031,0.5240369687958366,0.655667326452574,0.5277082263926784,0.6542411950026088
23.18,85.525905,-68.158465,0.5264408215625414,0.6536054456782806,0.5277082263926784,0.6521708060755502
23.2,86.18127,-68.158465,0.5288446376499235,0.6536054456782806,0.5301178771732936,0.6521708060755502
23.22,86.508955,-68.486155,0.5312484904166284,0.651543596365311,0.5301178771732936,0.6521707428922944
23.24,86.181275,-68.81384,0.5288446743292461,0.6515435649039872,0.5301178771732936,0.6501003539652358
23.26,86.83664,-69.4692,0.5312484904166284,0.6494817155910176,0.5325275279539088,0.6480299650381772
23.28,86.83791,-70.124565,0.5312578436438969,0.6474198348167242,0.5325274911861169,0.6459595761111186
23.3,87.164325,-70.77992499999999,0.5312485270959509,0.6453579855037547,0.534937141966732,0.64388918718406
23.32,87.492,-70.452245,0.5336523065040105,0.6453579855037547,0.534937141966732,0.6459595761111186
23.34,87.49201,-71.1076,0.5336523431833331,0.6432961676521087,0.534937178734524,0.64388918718406
23.36,87.492005,-71.43529,0.5336523431833331,0.643296136190785,0.534937141966732,0.6418187666653735
23.38,94.373435,-78.644345,0.5528832386756167,0.6268011529190854,0.5662628594892726,0.6128329109953903
23.4,95.68418,-78.64436,0.5649026125471086,0.6185535668992643,0.5638531351730734,0.6211145614785084
23.42,95.356495,-77.988985,0.5624987597804038,0.6226773284478512,0.5638531351730734,0.6211145930701363
23.44,96.011855,-78.31667,0.564902575867786,0.6226773284478512,0.5662627491858967,0.6190441725514498
23.46,96.01185,-78.316675,0.5649025391884633,0.6226772969865274,0.5662627491858967,0.6190441725514498
23.48,96.011845,-78.644355,0.5649025391884633,0.6206154476735578,0.5662627124181048,0.6190441725514498
23.5,96.33952,-78.644355,0.5649025025091409,0.6206154476735578,0.568672326430928,0.6190441725514498
23.52,96.011845,-79.29972,0.5649025391884633,0.6185535983605882,0.5662627124181048,0.6169737520327634
23.54,96.01183,-79.6274,0.5649024658298181,0.6185535983605882,0.5662626756503129,0.6149033631057047
23.56,96.66719499999999,-79.627405,0.5673063185965229,0.6164917175862948,0.5686722896631361,0.6169737520327634
23.58,96.66719499999999,-79.95508,0.5673063185965229,0.6164917490476185,0.5686722896631361,0.6149033631057047
23.6,96.6672,-80.61045,0.5673063185965229,0.6144298682733251,0.568672326430928,0.6128329425870181
23.62,96.66719499999999,-80.28277,0.5673063185965229,0.6144298682733251,0.5686722896631361,0.6149033315140768
23.64,96.66719499999999,-80.61044,0.5673063185965229,0.6144298997346489,0.5686722896631361,0.6128329741786461
23.66,96.667185,-80.61045,0.5673062819172003,0.6144298682733251,0.5686722528953442,0.6128329425870181
23.68,96.66718,-80.938135,0.5673062452378776,0.6123679874990317,0.5686722528953442,0.6128329425870181
23.7,96.339495,-80.28278,0.5673062452378776,0.6144298368120014,0.566262602114729,0.6149032999224489
23.72,96.011815,-80.28277,0.5649024291504956,0.6144298682733251,0.566262602114729,0.6149033315140768
23.74,95.684135,-80.28278,0.5649024291504956,0.6144298368120014,0.5638529881019058,0.6149032999224489
23.76,95.684135,-80.282775,0.5649024291504956,0.6144298682733251,0.5638529881019058,0.6149032999224489
23.78,96.011815,-80.28278,0.5649024291504956,0.616491686124971,0.566262602114729,0.6128329109953903
23.8,95.68413,-80.28278,0.5649023924711728,0.616491686124971,0.5638529881019058,0.6128329109953903
23.82,94.04571999999999,-79.62740500000001,0.5624986130631132,0.6144298368120014,0.554214421747237,0.6190441725514498
23.84,74.71236999999999,-73.073665,0.5048062933794886,0.6350487074775827,0.4698769753358342,0.6397485672880824
23.86,70.452465,-72.74598,0.46874864859620713,0.639172531948817,0.4746961298258968,0.6376780835861401
23.88,71.107815,-72.4183,0.4735562440916489,0.6412343812617866,0.4746960930581049,0.6376780835861401
23.9,71.763165,-72.41831,0.47596002349970845,0.6391725004874932,0.47710567030313616,0.6397484409215707
23.92,72.090845,-72.745995,0.47596002349970845,0.6391724690261695,0.47951528431595936,0.6376780519945121
23.94,72.41852,-72.746,0.47836380290776803,0.6391724690261695,0.47951528431595936,0.6376780204028842
23.96,72.41852,-72.746,0.47836380290776803,0.6391724690261695,0.47951528431595936,0.6376780204028842
23.98,72.746195,-72.746,0.4807676189951501,0.6391724690261695,0.4795152475481674,0.6376780204028842
24.0,73.073875,-72.41832,0.4807676189951501,0.6391724690261695,0.4819248615609906,0.6397484093299428
24.02,72.746195,-72.746,0.47836380290776803,0.6391724690261695,0.4819248615609906,0.6376780204028842
24.04,73.07387,-72.746,0.48076758231582756,0.6391724690261695,0.4819248615609906,0.6376780204028842
24.06,73.729235,-72.746005,0.48317143508253235,0.6391724375648457,0.4843344755738138,0.6376780204028842
24.08,73.72923,-73.07368,0.48317139840320966,0.6371106197131997,0.4843344755738138,0.6376780204028842
24.1,73.72923,-73.07368,0.48317139840320966,0.6371106197131997,0.4843344755738138,0.6376780204028842
24.12,74.05691,-73.07369,0.48317139840320966,0.637110588251876,0.48674408958663706,0.6376779888112563
24.14,74.05691,-73.401365,0.48557521449059193,0.637110588251876,0.4843344755738138,0.6356076314758256
24.16,73.729225,-73.729045,0.48317139840320966,0.6371106197131997,0.4843344388060219,0.6335372109571391
24.18,74.384585,-73.72905,0.48557521449059193,0.6350487389389063,0.4867440528188451,0.6356075998841978
24.2,74.056905,-73.729055,0.48557521449059193,0.6371105567905523,0.4843344388060219,0.6335372109571391
24.22,74.38458,-75.03978000000001,0.4855751778112692,0.632986858164613,0.4867440528188451,0.629396401511394
24.24,8.520895,-75.03978000000001,0.48797899389865146,0.632986858164613,1.98546076496374e-06,0.629396401511394
24.26,75.039935,-75.69515,0.48797899389865146,0.6309249773903197,0.48915363006387635,0.6273259809927075
24.28,75.03993,-76.6782,0.48797899389865146,0.6268012473030566,0.4891535932960844,0.625255560474021
24.3,75.039925,-77.00588,0.4879789572193287,0.624739397990087,0.4891535932960844,0.625255560474021
24.32,75.03992,-77.33356,0.4879789205400062,0.624739397990087,0.4891535932960844,0.6231851715469624
24.34,75.03991,-77.33356,0.48797888386068355,0.624739397990087,0.48915355652829245,0.6231851715469624
24.36,74.712225,-77.00588,0.48797888386068355,0.624739397990087,0.4867439057476773,0.625255560474021
24.38,74.38454,-76.678205,0.48557503109397876,0.6268012473030566,0.4867439057476773,0.625255528882393
24.4,74.384545,-76.67821,0.4855750677733014,0.6268012158417329,0.4867439057476773,0.625255528882393
24.42,74.056855,-76.35053,0.48557503109397876,0.6268012158417329,0.4843342549670621,0.6273259178094517
24.44,74.384545,-76.67821,0.4855750677733014,0.6268012158417329,0.4867439057476773,0.625255528882393
24.46,74.056855,-77.00589500000001,0.48557503109397876,0.6247393350674396,0.4843342549670621,0.625255528882393
24.48,80.938245,-77.33359999999999,0.4879788471813609,0.6268011843804091,0.5325273441149491,0.6211145930701363
24.5,94.045715,-79.627415,0.5576909075297037,0.6185535354379407,0.5590336865406754,0.6149033315140768
24.52,94.045695,-78.97203999999999,0.5576908341710585,0.6185535983605882,0.5590336130050916,0.6190441409598219
24.54,94.045685,-78.97205,0.5576907974917358,0.6185535668992643,0.5590335762372997,0.619044109368194
24.56,94.04568,-79.299725,0.5576907974917358,0.6185535983605882,0.5590335394695077,0.6169737204411353
24.58,94.045675,-79.29973,0.5576907608124133,0.6185535668992643,0.5590335394695077,0.6169737204411353
24.6,94.045675,-78.644365,0.5576907608124133,0.6206154476735578,0.5590335394695077,0.619044109368194
24.62,94.701025,-79.29973,0.5600945402204729,0.620615416212234,0.561443116714539,0.6149033315140768
24.64,95.028705,-80.282785,0.5624983563078549,0.6144298053506776,0.561443116714539,0.6149032999224489
24.66,94.701025,-78.972055,0.5600945402204729,0.6185535354379407,0.561443116714539,0.619044109368194
24.68,94.70102,-78.97205,0.5600945402204729,0.6185535668992643,0.561443079946747,0.619044109368194
24.7,94.701025,-78.31669,0.5600945402204729,0.620615416212234,0.561443116714539,0.6211144982952526
24.72,94.373335,-78.316685,0.5600945035411501,0.620615416212234,0.5590334659339238,0.6211145298868804
24.74,94.04566,-78.64436,0.557690687453768,0.6206154476735578,0.5590335027017158,0.6190441409598219
24.76,94.701015,-78.64436,0.5600944668618276,0.6206154476735578,0.561443116714539,0.6190441409598219
24.78,94.70102,-78.64436,0.5600945035411501,0.6206154476735578,0.561443116714539,0.6190441409598219
24.8,94.70102,-78.97204500000001,0.5600945035411501,0.6185535668992643,0.561443116714539,0.6190441409598219
24.82,94.701025,-78.64436,0.5600945402204729,0.6206154476735578,0.561443116714539,0.6190441409598219
24.84,94.70103,-79.29973,0.5600945402204729,0.6185535668992643,0.561443153482331,0.6169737204411353
24.86,94.373345,-78.97203999999999,0.5624983929871776,0.6185535668992643,0.5566238519211006,0.6190441725514498
24.88,75.039975,-77.66122,0.502402220536848,0.618553850051178,0.4746959092191451,0.6273260757675911
24.9,71.76313,-75.695135,0.4735560973743584,0.6309250088516434,0.47951513724479156,0.6273260441759634
24.92,72.418475,-76.02282,0.4783636561904775,0.6288631595386738,0.4795151004769996,0.6273260125843354
24.94,72.74615,-76.67818,0.480767435598537,0.6268013102257042,0.4795151004769996,0.6252556236572768
24.96,73.073825,-76.67819,0.480767435598537,0.6268012787643804,0.48192467772203085,0.6252555920656488
24.98,73.073825,-77.00587,0.480767435598537,0.6247394294514107,0.48192467772203085,0.6252555920656488
25.0,73.4015,-76.678195,0.4831712516859192,0.6268012473030566,0.48192464095423887,0.6252555920656488
25.02,73.07381000000001,-76.35051,0.4807673989192144,0.6268012787643804,0.481924604186447,0.6273259809927075
25.04,72.418445,-76.022825,0.47836354615250964,0.62886312807735,0.4795149901736238,0.6273260125843354
25.06,72.090755,-76.022825,0.47836350947318695,0.62886312807735,0.47710533939300864,0.6273260125843354
25.08,71.763075,-75.69514,0.47595969338580485,0.6288631595386738,0.47710533939300864,0.629396401511394
25.1,71.763065,-75.69514,0.4759596567064821,0.6288631595386738,0.47710530262521667,0.629396401511394
25.12,71.43538000000001,-75.36746,0.4759596567064821,0.6309250088516434,0.4746956518446015,0.629396401511394
25.14,70.124635,-75.36746,0.47115191449374993,0.6309250088516434,0.46987635028337116,0.629396401511394
25.16,68.48620500000001,-76.02282,0.46634420896034035,0.6288631595386738,0.46264736117373384,0.6273260125843354
25.18,66.19240500000001,-75.36744,0.4591326139809033,0.6309250717742909,0.4530087580512732,0.6293964646946498
25.2,63.57092,-74.38439,0.44711335014737935,0.6329869210872605,0.4457797689416358,0.6335373057320228
25.22,60.949435,-73.729015,0.43990175516794233,0.6350488333228776,0.43373151503856,0.6356077262507094
25.24,58.000265,-72.418275,0.4278824913344183,0.6391725948714644,0.4240928751483075,0.6397485672880824
25.26,55.051105,-71.762895,0.4182670802675991,0.6412345071070816,0.4120446580130237,0.6418190193983969
25.28,52.429625,-71.107525,0.40865166920077994,0.643296387881375,0.4024060548905631,0.6438894399170834
25.3,49.480459999999994,-71.107515,0.3966324053672559,0.6432964193426987,0.39276745176810246,0.6438894715087112
25.32,46.858990000000006,-70.452145,0.3870170309797593,0.645358300116992,0.3831288854134338,0.6459598920273978
25.34,44.565200000000004,-69.469095,0.37740165659226277,0.6494820302042551,0.3758999330715883,0.6480303125460843
25.36,42.271415000000005,-68.81372,0.37019009829214833,0.6515439424398722,0.36626140348471165,0.6501007330647708
25.38,40.96067,-68.81372,0.36538239275873874,0.6515439424398722,0.36144206515568933,0.6501007330647708
25.4,39.649935,-68.81372,0.36057468722532915,0.6515439424398722,0.35662280036225097,0.6501007330647708
25.42,38.339195000000004,-68.813715,0.35576698169191956,0.6515439424398722,0.35180349880102074,0.6501007646563987
25.44,61.604834999999994,-79.627335,0.4014399641833751,0.6329870783938792,0.4771055967675522,0.6004105142497829
25.46,81.593775,-89.78562,0.5144219245222436,0.5793779580329851,0.510840965070708,0.5900583168814665
25.48,80.93835,-86.83646,0.5096139989128983,0.593811091991715,0.5108407812317483,0.5941991579188396
25.5,80.93834,-86.1811,0.5096139622335756,0.5958729413046847,0.5108407444639562,0.5962695468458982
25.52,80.938335,-86.50879,0.509613925554253,0.5958729098433609,0.5108407444639562,0.5941991263272116
25.54,81.266005,-86.50879,0.5096138888749304,0.5958729098433609,0.5132503217089877,0.5941991263272116
25.56,81.266,-86.50879,0.5096138521956077,0.5958729098433609,0.5132503217089877,0.5941991263272116
25.58,81.265995,-86.50879499999999,0.51201766828299,0.5958728783820372,0.5108406709283725,0.5941991263272116
25.6,81.59367,-87.164155,0.51201766828299,0.5938110290690677,0.5132502481734037,0.592128737400153
25.62,81.59367,-87.81952,0.5120176316036672,0.5917491797560979,0.5132502849411956,0.5900583168814665
25.64,81.593665,-88.1472,0.5120176316036672,0.5896873304431284,0.5132502481734037,0.5900583168814665
25.66,81.92135,-88.80256,0.5144214476910495,0.5896873304431284,0.5132502849411956,0.5859175390273493
25.68,82.24902,-89.13026,0.5144214110117268,0.5876254182075111,0.515659862186227,0.5859174758440935
25.7,82.249025,-89.78562,0.5144214476910495,0.5855635688945415,0.515659862186227,0.5838470869170349
25.72,82.249025,-89.78562,0.5144214476910495,0.5855635688945415,0.515659862186227,0.5838470869170349
25.74,82.249015,-90.44099,0.5144214110117268,0.5835016881202482,0.5156598254184349,0.5817766663983485
25.76,81.921335,-90.44099,0.5144214110117268,0.5835016881202482,0.5132502114056118,0.5817766663983485
25.78,81.59365,-91.09635,0.5120175582450219,0.5814398388072786,0.5132502114056118,0.5797062774712898
25.8,81.59365,-90.440995,0.5120175582450219,0.5835016881202482,0.5132502114056118,0.5817766348067205
25.82,81.59365,-90.76868,0.5120175582450219,0.5835016566589244,0.5132502114056118,0.5797062458796619
25.84,82.249015,-90.76868,0.5144214110117268,0.5814398073459548,0.5156598254184349,0.5817766348067205
25.86,81.921335,-90.768685,0.5144214110117268,0.5835016566589244,0.5132502114056118,0.579706214288034
25.88,82.249015,-91.75173,0.5144214110117268,0.5793779265716614,0.5156598254184349,0.5776358253609754
25.9,81.921325,-91.75174,0.5144213743324042,0.5793778951103377,0.5132501746378197,0.5776357937693475
25.92,90.76878500000001,-84.87043,0.5144213743324042,0.5793778951103377,0.5783104883398853,0.6211141507873454
25.94,145.81995999999998,-52.429865,0.6874987735351498,0.6783473228206788,0.8096376618669868,0.7267048706329154
25.96,199.23289,-22.282975,0.9086541817343795,0.7814407637701967,0.9807239335566291,0.8136623112763536
25.98,210.37428999999997,-12.780075,0.9855782772140308,0.8268022351886222,0.9855432351178592,0.8281553812736708
26.0,210.37423,-8.192509999999999,0.9855779471001271,0.8391735198343826,0.9855431248144835,0.8447185874650233
26.02,209.39117,-5.89874,0.9807702415667175,0.8474209485475848,0.9831334372660765,0.850929785837827
26.04,209.39114999999998,-4.588015,0.9807701682080725,0.8515446471735241,0.9831333637304925,0.8550705952835721
26.06,209.06345499999998,-3.604965,0.980770094849427,0.855668377260787,0.9807237129498774,0.8571410158022585
26.08,208.408085,-2.621925,0.9783662420827224,0.8597920758867263,0.9783140621692622,0.8592114047293172
26.1,208.408075,-1.966555,0.9783662054033999,0.8597921073480501,0.9783140254014704,0.8633522141750624
26.12,208.080395,-1.96656,0.9759623893160175,0.8618539566610197,0.9783140254014704,0.8612817936563758
26.14,210.70195999999999,15.72836,0.983173947616132,0.8927819480461543,0.9903629043570091,0.9420279727437544
26.16,212.01289,33.423429999999996,0.9927902756660166,0.964947963914365,0.9903633823383042,0.9813662785150773
26.18,211.02984,38.666415,0.987982680170575,0.9855669289639176,0.9879536580221054,0.9937888016271963
26.2,209.719105,40.960205,0.9831749746371654,0.9958763013740607,0.9831343932286669,0.9979296426645693
26.22,209.391415,41.61556,0.9807711218704606,0.9979381506870303,0.9831343564608751,1.0
26.24,208.736055,41.615565000000004,0.9783673057830783,1.0,0.9807247424480517,0.9979296426645693
26.26,208.408365,41.28788,0.9783672691037557,0.9979381506870303,0.9783150916674366,0.9979296110729413
26.28,208.408365,40.960205,0.9783672691037557,0.9979381506870303,0.9783150916674366,0.9958592537375106
26.3,208.08067499999999,40.63252,0.9759634163370509,0.9958763013740607,0.9783150548996448,0.9958592221458828
26.32,208.08067999999997,40.30484,0.9759634163370509,0.9958763013740607,0.9783150916674366,0.9937888332188243
26.34,208.40835499999997,39.64947,0.9759634163370509,0.9938144205997673,0.9807246689124678,0.9917184127001377
26.36,208.08067499999999,38.994105000000005,0.9759634163370509,0.9917525712867977,0.9783150548996448,0.9896479921814513
26.38,208.40834999999998,38.66642,0.9783672324244332,0.9896906905125044,0.9783150181318528,0.9896479921814513
26.4,208.408355,38.33874,0.9783672324244332,0.9896906905125044,0.9783150548996448,0.9875776032543926
26.42,208.080665,37.683375,0.9759633796577284,0.987628809738211,0.9783150181318528,0.985507214327334
26.44,208.73602,37.028014999999996,0.978367159065788,0.9855669604252413,0.980724632144676,0.9834368254002753
26.46,208.73602,36.70033,0.978367159065788,0.9835051111122717,0.980724632144676,0.9834367938086475
26.48,208.736015,36.044965000000005,0.978367159065788,0.9814432303379783,0.9807245953768842,0.9813664048815888
26.5,208.736015,35.38961,0.978367159065788,0.9793814124863324,0.9807245953768842,0.9792960159545303
26.52,208.736015,35.3896,0.978367159065788,0.9793813810250086,0.9807245953768842,0.9792959843629023
26.54,208.40833,35.06192,0.9783671223864652,0.9793813810250086,0.9783149813640608,0.9772255954358438
26.56,204.148435,33.423515,0.978367159065788,0.9793813810250086,0.9469895579838559,0.9668736192089229
26.58,163.84321,27.197544999999998,0.8437515508476097,0.9525771826497846,0.7855430292182244,0.9544511276884317
26.6,156.30641,29.163629999999998,0.7836551216420217,0.9608245799016633,0.7903621101727031,0.9585919371341769
26.62,156.96174000000002,29.16362,0.7884626437788183,0.9587626991273698,0.7903619998693273,0.9606622944696076
26.64,157.617085,28.83593,0.7908663865075551,0.9587626676660461,0.7927715771143585,0.958591873950921
26.66,157.617075,28.83592,0.7908663498282326,0.9587626362047224,0.7927715403465666,0.9585918423592931
26.68,157.944745,28.83591,0.7932701292362921,0.9587626047433987,0.7927715035787746,0.9585918107676652
26.7,157.94474,28.508229999999998,0.7932700925569695,0.9567007554304289,0.7927715035787746,0.9585918107676652
26.72,157.617055,28.835904999999997,0.7908662764695873,0.9587625732820748,0.7927714668109827,0.9585918107676652
26.74,157.617055,28.18054,0.7908662764695873,0.9567007239691052,0.7927714668109827,0.9565213902489786
26.76,157.28936499999998,27.52517,0.7908662397902646,0.9546388431948118,0.7903618160303675,0.9544509697302922
26.78,157.28936499999998,26.542125,0.7908662397902646,0.9525769624205185,0.7903618160303675,0.9503101918761749
26.8,156.961675,26.21444,0.790866203110942,0.9505151131075489,0.7879521652497524,0.9503101602845472
26.82,157.617035,25.88675,0.790866203110942,0.9484532323332555,0.7927713932753987,0.9503101286929191
26.84,157.94471,25.55906,0.7908661664316194,0.9484532008719316,0.7951810072882219,0.9482397081742325
26.86,158.27239,24.576014999999998,0.7932700191983242,0.9463913515589621,0.7951809705204301,0.9440988987284875
26.88,158.272395,24.248325,0.7932700191983242,0.9443294393233449,0.7951810072882219,0.9440988987284875
26.9,158.927765,25.23137,0.795673871965029,0.9463913200976383,0.7975906580688371,0.9482396765826048
26.92,158.92777,25.886744999999998,0.795673871965029,0.9484532008719316,0.797590694836629,0.9503101286929191
26.94,158.600095,27.85284,0.7956739086443516,0.9525769309591948,0.7951810808238059,0.9585917475844093
26.96,157.944725,29.491265,0.7932700558776469,0.9587625732820748,0.7927714300431907,0.9627325886217825
26.98,157.289355,30.80199,0.790866203110942,0.9628863033693379,0.7903617792625757,0.9668733664758996
27.0,156.63399,31.457355,0.7884623503442373,0.9670100019952772,0.7879521652497524,0.9668733980675275
27.02,155.978635,31.45735,0.7860585709361777,0.9670100019952772,0.7855425512369292,0.9668733664758996
27.04,155.65096499999999,31.78503,0.7836547915281181,0.9670100019952772,0.7855425880047212,0.9689437554029582
27.06,155.65096,31.785024999999997,0.7860585709361777,0.9670099705339533,0.783132973991898,0.9689437554029582
27.08,154.995605,31.78503,0.7836547915281181,0.9690718513082468,0.7807233599790747,0.9668733664758996
27.1,154.995605,32.112705,0.781250975440736,0.969071819846923,0.783132973991898,0.9689437554029582
27.12,154.667915,31.45735,0.7788471226740312,0.9670100019952772,0.783132937224106,0.9668733664758996
27.14,154.34024,31.45734,0.7788471226740312,0.9670099705339533,0.7807233599790747,0.9668733348842716
27.16,154.34025000000003,31.45734,0.7788471593533538,0.9670099705339533,0.7807233967468666,0.9668733348842716
27.18,154.99561999999997,31.12966,0.7812510121200585,0.9649481212209838,0.7831330475274817,0.9668733348842716
27.2,154.66794499999997,30.80198,0.7812510487993811,0.9649481212209838,0.7807234335146586,0.964802945957213
27.22,154.34026,29.81893,0.7788471960326765,0.9628862404466904,0.7807234335146586,0.9606621365114679
27.24,146.47583,23.920655,0.7764433432659716,0.9567006610464577,0.725301539096094,0.9296061130558215
27.26,131.07464,17.694629999999997,0.6923086064692715,0.9216488137287652,0.6963856561931282,0.925465082468681
27.28,132.05767,18.677680000000002,0.6971162019647131,0.9257725438160284,0.6987952334381595,0.9275355029873675
27.3,132.057655,18.022309999999997,0.6947123125186858,0.9257725123547045,0.7012048106831908,0.9233946935416225
27.32,133.368365,17.69462,0.7019237241015097,0.9237106315804111,0.7036143879282221,0.9233946619499944
27.34,133.368355,17.69461,0.7019236874221871,0.9237106001190875,0.7036143511604301,0.9233946303583666
27.36,133.368355,17.039735,0.7019236874221871,0.9216487508061177,0.7036143511604301,0.9213273058192157
27.38,133.040665,16.38387,0.7019236507428644,0.9195868385705006,0.701204700379815,0.9192537893209936
27.4,132.712985,16.711550000000003,0.6995198346554823,0.9195868385705006,0.701204700379815,0.921324178248052
27.42,132.712985,16.383865,0.6995198346554823,0.919586807109177,0.701204700379815,0.9192537893209936
27.44,133.040665,15.40082,0.6995198346554823,0.9175249577962072,0.7036143143926382,0.9151129798752485
27.46,132.712985,14.417765,0.6995198346554823,0.9134012277089443,0.701204700379815,0.913042527764934
27.48,133.04066,13.7624,0.7019236140635419,0.9113393469346509,0.701204700379815,0.9109721388378754
27.5,133.04065500000002,13.76239,0.7019236140635419,0.911339315473327,0.701204663612023,0.9109721072462474
27.52,132.38529499999999,13.10703,0.6971159818887774,0.9092774661603575,0.701204663612023,0.908901718319189
27.54,135.66215,14.74544,0.699519761296837,0.9072155853860641,0.7228916309409352,0.9213241466564243
27.56,139.922115,16.056179999999998,0.7259624718444935,0.919586807109177,0.7277110428055413,0.917183368802307
27.58,139.922085,15.7285,0.7259623251272029,0.9175249577962072,0.7277109692699575,0.917183368802307
27.6,140.24976500000002,15.7285,0.7283661412145852,0.9175249577962072,0.7277109692699575,0.917183368802307
27.62,139.922075,15.07313,0.7259622884478804,0.9175249263348836,0.7277109325021656,0.913042559356562
27.64,139.922065,14.745439999999999,0.7259622517685577,0.9134011962476204,0.7277108957343735,0.9151129166919927
27.66,56.363655,14.745439999999999,0.11298911280677988,0.9154630455605902,0.7277108589665816,0.913042527764934
27.68,140.577405,14.417755,0.7283659944972947,0.9134011647862967,0.7301204362116129,0.913042527764934
27.7,140.5774,13.76239,0.728365957817972,0.911339315473327,0.7301204362116129,0.9109721072462474
27.72,140.24971499999998,13.434705000000001,0.7259621417305898,0.9092774661603575,0.7301203994438209,0.9109720756546196
27.74,141.23275,13.10702,0.7307697739053541,0.9092774346990337,0.7325299766888522,0.9089016867275609
27.76,141.23275,13.10702,0.7307697372260316,0.9092774346990337,0.7325300134566441,0.9089016867275609
27.78,141.88810999999998,13.10702,0.7331735899927364,0.9092774346990337,0.7349395907016754,0.9089016867275609
27.8,142.54347,12.779340000000001,0.7355773694007959,0.9092774346990337,0.7373492414822905,0.9068312978005024
27.82,142.543465,12.451655,0.7355773694007959,0.9072155539247403,0.7373492047144986,0.9068312978005024
27.84,143.198825,12.45165,0.7379811854881781,0.9072155539247403,0.7397588187273219,0.9068312662088744
27.86,143.198825,12.45165,0.7379811854881781,0.9072155539247403,0.7397588187273219,0.9068312662088744
27.88,143.19882,11.796285000000001,0.7379811488088555,0.905153673150447,0.7397588187273219,0.9047608772818159
27.9,142.87114,10.81324,0.7355773327214733,0.9030918238374773,0.7397588187273219,0.9006200678360708
27.92,143.198825,10.813234999999999,0.7379811854881781,0.9030917923761537,0.7397588187273219,0.9006200678360708
27.94,143.526505,9.830185,0.7403850015755603,0.8989680937502144,0.7397588187273219,0.8985496157257563
27.96,143.854185,8.84714,0.7403850015755603,0.896906212975921,0.7421684327401451,0.894408837871639
27.98,144.50955,6.225669999999999,0.7427888176629425,0.8907206021143644,0.7445780835207603,0.8840567668698345
28.0,147.458675,-8.192355,0.7475964865170295,0.863916340816493,0.7614453816105227,0.8198742678482271
28.02,159.255165,-50.135695,0.7836537645070848,0.7463901434441302,0.812047312647602,0.6728755483200899
28.04,174.00074,-103.547605,0.8461527627030856,0.5999982129968112,0.8578300156590349,0.4823999565804666
28.06,180.226875,-152.04399999999998,0.8701914737667467,0.414432404056019,0.8795175712726182,0.36231831496827754
28.08,178.58886,-180.879475,0.8629815293568277,0.3175265874927772,0.8746996668874817,0.2774335694407359
28.1,185.470305,-195.296915,0.884616681088365,0.25773440463755004,0.9036154394870716,0.24637931511625277
28.12,191.696245,-202.50567999999998,0.9134626575335643,0.24124061689615284,0.9204827008090422,0.21739409127882783
28.14,185.797885,-223.14981999999998,0.9038469897114866,0.1835082383678519,0.8867476266482219,0.14492918357503248
28.16,176.29507999999998,-240.84501,0.8701932710535552,0.11546576381896166,0.8506030855457464,0.10144949970866196
28.18,167.4475,-229.04896,0.8293278840575415,0.1278354124758872,0.8265058423837559,0.16355990385530325
28.2,165.15334000000001,-200.54108,0.8221148219051996,0.2206175933358372,0.816866062691953,0.2505155121843222
28.22,159.254895,-174.982155,0.8028834495817219,0.2989673323861796,0.7927692607434661,0.33333087971689856
28.24,158.927215,-180.224965,0.7908640390309073,0.3257714049161086,0.8024080477048864,0.27329001152336213
28.26,161.876995,-222.49497,0.8052890629559125,0.19175270971662214,0.8096396105599598,0.14078812139626404
28.28,169.741705,-205.4545,0.8245210588278747,0.18144789919842208,0.848194831941225,0.2588028491604651
28.3,168.43125500000002,-171.04809999999998,0.8389452758077823,0.31134440591550905,0.8240993536332479,0.3457591840969262
28.32,160.567105,-156.95785999999998,0.802888584686889,0.3711380359916285,0.802413526105886,0.37474462907574646
28.34,166.465385,-163.83914,0.8125041791503212,0.3690761866786588,0.836148085517619,0.33333685053457457
28.36,176.295565,-208.07594,0.8557725386092969,0.2659837210301771,0.8650621667987795,0.1573537917345939
28.38,162.532495,-247.398425,0.8389436985969095,0.08453937696133818,0.7807240585671217,0.0910973655236015
28.4,146.80346,-212.33764000000002,0.7572129246048821,0.15876214540807182,0.7469875872302075,0.23809264156429608
28.42,136.64481,-152.37249,0.7259609313129433,0.3443272936610655,0.7036127333775846,0.43063827472307087
28.44,123.864995,-106.824955,0.6802871785557127,0.5030895963757561,0.6554195339263218,0.5590025777504714
28.46,113.05141,-78.316685,0.637017865434349,0.6041205273245057,0.6192748825204704,0.6376777360782331
28.48,105.187015,-59.311115,0.6033641100970949,0.6680382650237731,0.5951785217854866,0.6935786477999779
28.5,100.599485,-47.186825,0.5865372874474518,0.7113375095933441,0.5783112604635161,0.7267052813240784
28.52,96.66735,-40.6331,0.5697106848737444,0.7360801418075121,0.5662632639349839,0.7432687402484542
28.54,94.373595,-37.02857,0.5600954572035384,0.7505132757662422,0.5590344218965143,0.7515504223232004
28.56,93.718245,-35.062455,0.5576916777954788,0.7546371002374763,0.5566248446514831,0.7598320728063185
28.58,93.390565,-34.079415,0.5552878617080965,0.760822679637709,0.5566248446514831,0.7598320412146905
28.6,93.062875,-33.75174,0.5528840089413918,0.7608226481763852,0.5566248078836912,0.7619024301417491
28.62,93.062875,-33.751755,0.555287825028774,0.7608226167150615,0.5542151938708679,0.7619023669584932
28.64,92.735195,-33.42408,0.5528840089413918,0.7628844345667074,0.5542151938708679,0.7619023669584932
28.66,92.735185,-33.75177,0.5528839722620692,0.760822553792414,0.554215157103076,0.7619023353668654
28.68,92.40751,-34.079454999999996,0.5528839722620692,0.7608225223310903,0.5518055798580447,0.7598319464398067
28.7,108.46405999999999,-27.198135,0.5841338748326185,0.7731936811315556,0.638553081495774,0.7908879698954532
28.72,122.22693000000001,-24.57665,0.6634615663237162,0.7917505137162247,0.6602401223602702,0.7888176757432784
28.74,120.916165,-24.24897,0.6562498979856338,0.7917505451775485,0.6578303980440712,0.790888033078709
28.76,120.588475,-24.90433,0.6562498613063114,0.7896886958645788,0.655420747263456,0.7888176441516503
28.78,120.26078,-25.23202,0.6538459718602839,0.7876268150902855,0.655420710495664,0.7888176125600226
28.8,120.260775,-25.88738,0.6538459718602839,0.7876268150902855,0.655420673727872,0.7846768347059053
28.82,119.93309500000001,-26.215065000000003,0.6538459718602839,0.7855649343159921,0.6530110597150489,0.7846768347059053
28.84,119.277725,-26.870435,0.6490383030061969,0.7835030850030225,0.653011022947257,0.7826063825955909
28.86,119.605415,-28.18116,0.6514421557729017,0.7793793549157594,0.6530110597150489,0.7784656047414736
28.88,119.277725,-28.508845,0.6514421190935792,0.7793793234544357,0.6506014089344337,0.7763952158144151
28.9,119.277725,-29.16421,0.6514421190935792,0.7752556248284964,0.6506014089344337,0.7763951842227872
28.92,118.950045,-29.819580000000002,0.6490383030061969,0.7752555933671728,0.6506014089344337,0.7722543747770421
28.94,118.622355,-30.14726,0.6490382663268743,0.773193744054203,0.6481917581538186,0.7722543747770421
28.96,117.966985,-30.80262,0.6466344135601695,0.7711318947412334,0.6457821073732034,0.7701839858499835
28.98,116.65625,-31.45798,0.6418267080267599,0.7690700454282638,0.640962842579765,0.7681135969229249
29.0,116.00088,-31.785665,0.6394228919393777,0.7690700139669401,0.638553155031358,0.7660432079958663
29.02,115.67319499999999,-31.78566,0.6370190391726729,0.7690700454282638,0.638553155031358,0.7660432079958663
29.04,115.017835,-32.76871,0.6322114069979087,0.7649463153410008,0.638553155031358,0.7639727874771798
29.06,115.345515,-33.096395,0.6370190391726729,0.764946283879677,0.6361435410185348,0.7619023985501212
29.08,112.72407,-58.98331999999999,0.6394228919393777,0.7340183554171901,0.6144569413675419,0.629396401511394
29.1,103.22145,-128.12449500000002,0.5889428274629972,0.5216457997339504,0.5951806910852113,0.4057920912002278
29.12,112.06898000000001,-175.63849499999998,0.6105780158738572,0.31752089299317937,0.6385541477617405,0.31055350553971833
29.14,116.656475,-173.6724,0.6394237722431206,0.3195828052287964,0.6433732287162192,0.3209054817666392
29.16,117.96715,-172.034005,0.644231221021272,0.3237065038547357,0.6481923096706977,0.32711661695618705
29.18,118.29479,-168.101855,0.6466348903913636,0.33813938612287564,0.64819216259953,0.33746856159148003
29.2,118.29477,-165.8081,0.6442310009453361,0.34226308474881495,0.6506017030767693,0.34782047463514515
29.22,118.95009999999999,-161.22057,0.6490385230821327,0.35875791071389573,0.6506015927733935,0.3602428397891246
29.24,119.277755,-159.58217000000002,0.6490384130441648,0.36494345865280464,0.6530111332506328,0.3643836176432418
29.26,119.277745,-158.59913,0.6490383763648422,0.36906715727874395,0.6530110964828408,0.36645400657030036
29.28,122.22688,-157.61608999999999,0.6490383396855196,0.37112900659171355,0.6746977696694174,0.37059478442441757
29.3,167.77517,-154.33932,0.7740387202334917,0.37319076152071196,0.8843379023320229,0.3892281899930612
29.32,198.577665,-153.683935,0.9399051846846075,0.3855619203211773,0.9445793189185696,0.3809467290597106
29.34,198.57759,-152.37321,0.9399048545707038,0.3876238010954707,0.9445790983118179,0.3871578958408863
29.36,199.56061,-153.028585,0.944712413386823,0.3855619203211773,0.9469886387890573,0.38508744373057197
29.38,200.54363,-153.35627499999998,0.94711615611556,0.38556188885985354,0.9518077932791198,0.3830170232118854
29.4,201.52665000000002,-154.01164,0.951923714931679,0.3835000080855602,0.954217333756359,0.38094663428482683
29.42,202.50968,-154.66700500000002,0.9543274943397386,0.38143812731126675,0.9590365250142135,0.3788762453577682
29.44,203.165035,-155.97774,0.9567312737477982,0.3793762465369734,0.9614461390270367,0.3726650153933366
29.46,203.82039500000002,-157.943825,0.9591350898351803,0.37319069859806453,0.96385575303986,0.3664538170205329
29.48,205.13111,-159.90993,0.9639426853306221,0.3670050562751843,0.9686749810655064,0.36024258705610124
29.5,206.769525,-162.203695,0.968750354184709,0.3587576590233058,0.9759038966395599,0.35403138868329753
29.52,209.390975,-163.51441999999997,0.978365691892883,0.35463392893604284,0.9855423526908528,0.34989061082918044
29.54,211.029385,-164.49747,0.9855771768343522,0.3505101988487798,0.9903616174842911,0.3478201903104939
29.56,212.34011500000003,-165.48050999999998,0.9903848456884391,0.34844834953581016,0.9951808822777295,0.3436794124563767
29.58,213.323145,-166.135875,0.995192441183881,0.3463865002228405,0.9975904595227608,0.3416089919376902
29.6,213.323135,-168.10196000000002,0.9951924045045581,0.3381390715096382,0.9975904227549688,0.33746821408357297
29.62,213.978485,-170.39573,0.9975961839126177,0.3319534921094056,1.0,0.32918662678371075
29.64,213.65079500000002,-171.706455,0.9951923311459131,0.3298916113351122,0.9999999632322082,0.3229754600025349
29.66,213.97848,-172.6895,0.9975961472332951,0.32576791270917294,1.0,0.3209050394838484
29.68,212.99544,-172.689495,1.0,0.3237060633962033,0.9903615071809153,0.3229754600025349
29.7,197.266625,-168.101895,0.9447116431210479,0.3340155616516414,0.9301204582722881,0.34160921307908554
29.72,196.28357499999998,-167.774225,0.930288636558787,0.3402011095905503,0.9373493370785496,0.3374683720417126
29.74,197.266615,-167.774245,0.9350962687335513,0.34020104666790285,0.9397589510913728,0.33746830885845674
29.76,197.92197,-168.42960499999998,0.9375000481416108,0.3381391658936095,0.942168565104196,0.33539795152302604
29.78,198.24964,-169.08498,0.9375000481416108,0.33607728511931606,0.9445781055814354,0.3333274994127116
29.8,198.90499,-170.06803000000002,0.9423076436370525,0.3340154043450227,0.9445780688136436,0.3291866899669665
29.82,198.57730500000002,-170.723395,0.9423076069577301,0.3298916742577596,0.9421684548008202,0.3291866899669665
29.84,198.90499499999999,-171.05108,0.9423076436370525,0.3298916742577596,0.9445781055814354,0.32711626944828
29.86,198.90499999999997,-171.051085,0.9423076436370525,0.3298916742577596,0.9445781423492272,0.3271162378566521
29.88,198.57783999999998,-170.06806,0.9423113849279602,0.33195346064808184,0.942168601871988,0.3312569841191414
29.9,198.249675,-169.41271,0.9399039375876383,0.33401527849972773,0.942168675407572,0.3333273414545721
29.92,192.679065,-168.42965500000003,0.9254809677047,0.3381390085869907,0.9156626271241811,0.3353977935648864
29.94,191.040635,-167.7743,0.9134617038711761,0.34020085789996035,0.9156625903563891,0.3374681509003171
29.96,190.71294,-168.10198000000003,0.9134616671918534,0.34020085789996035,0.913252902807982,0.3353977619732585
