t_s,x,y,x_left,y_left,x_right,y_right
0.0,0.0,0.0,0.040402580863922816,0.8156886100773894,0.2796864486779296,0.8556699860050994
0.02,-4.99999999803435e-06,-0.655365,0.04040250380020464,0.8137278315128256,0.2796864486779296,0.8536081111339134
0.04,-4.99999999803435e-06,-1.31073,0.04040250380020464,0.8117670230291552,0.2796864486779296,0.8515462677239612
0.06,-0.327685,-1.31073,0.03535205596367216,0.8117670230291552,0.2796864486779296,0.8515462677239612
0.08,-0.65537,-1.638415,0.03535205596367216,0.8098062444645913,0.27585498491050925,0.8515462362627275
0.1,-0.655365,-1.9661,0.03535205596367216,0.8098062145454847,0.27585504337311456,0.8494843928527753
0.12,-0.65537,-2.2937849999999997,0.03535197889995396,0.8078454359809208,0.27585504337311456,0.8494843613915416
0.14,-0.655365,-2.62147,0.03535205596367216,0.8078454060618144,0.27585504337311456,0.8474225179815894
0.16,-0.98305,-3.60451,0.03535205596367216,0.8039238489326868,0.2720235796056943,0.8453606745716371
0.18,-0.65537,-3.932195,0.03535205596367216,0.8039238489326868,0.27585498491050925,0.8432987997004512
0.2,0.983045000000005,-3.9321900000000003,0.04545295163673713,0.8019630703681228,0.28734937621277024,0.8453606745716371
0.22,1.3107250000000001,-3.9321900000000003,0.0505034765369877,0.8019630703681228,0.28734931775016487,0.8453606745716371
0.24,1.3107250000000001,-3.27683,0.0505034765369877,0.8058846274972504,0.28734931775016487,0.8453606745716371
0.26,1.3107250000000001,-3.60451,0.0505034765369877,0.8039238489326868,0.28734931775016487,0.8453606745716371
0.28,1.3107250000000001,-3.60451,0.0505034765369877,0.8039238489326868,0.28734931775016487,0.8453606745716371
0.3,1.3107250000000001,-3.60451,0.0505034765369877,0.8039238489326868,0.28734931775016487,0.8453606745716371
0.32,1.310735,-4.25987,0.050503553600705915,0.8019630703681228,0.28734937621277024,0.8432988311616849
0.34,1.638415,-3.932195,0.050503553600705915,0.8039238489326868,0.29118078151758514,0.8432987997004512
0.36,1.966095,-3.932195,0.055554001437238355,0.8039238489326868,0.29118078151758514,0.8432987997004512
0.38,1.966095,-3.604515,0.055554001437238355,0.8039238489326868,0.29118078151758514,0.8453606431104035
0.4,1.966095,-3.932195,0.055554001437238355,0.8039238489326868,0.29118078151758514,0.8432987997004512
0.42,1.310735,-4.259875,0.050503553600705915,0.8019630703681228,0.28734937621277024,0.8432987997004512
0.44,1.310735,-4.259875,0.050503553600705915,0.8019630703681228,0.28734937621277024,0.8432987997004512
0.46,1.310735,-4.25988,0.050503553600705915,0.8019630404490163,0.28734937621277024,0.8432987997004512
0.48,1.310735,-4.25988,0.050503553600705915,0.8019630404490163,0.28734937621277024,0.8432987997004512
0.5,1.310735,-4.58756,0.050503553600705915,0.8019630404490163,0.28734937621277024,0.841236956290499
0.52,1.310735,-4.9152450000000005,0.050503553600705915,0.8000022618844524,0.28734937621277024,0.8412369248292653
0.54,0.98305,-4.91525,0.045453105764173475,0.8000022319653459,0.28734931775016487,0.8412369248292653
0.56,0.983055,-4.91525,0.050503553600705915,0.8000022319653459,0.2835179709079552,0.8412369248292653
0.58,0.65537,-5.24293,0.045453105764173475,0.8000022319653459,0.28351791244534985,0.8391750814193131
0.6,0.655375,-5.57061,0.045453105764173475,0.7980414534007821,0.2835179709079552,0.8391750814193131
0.62,0.65537,-5.57061,0.04545302870045526,0.7980414534007821,0.2835179709079552,0.8391750814193131
0.64,0.655375,-5.570615,0.045453105764173475,0.7980414534007821,0.2835179709079552,0.8391750499580795
0.66,0.655375,-5.242935,0.045453105764173475,0.8000022319653459,0.2835179709079552,0.8391750499580795
0.68,0.3276949999999996,-5.57062,0.045453105764173475,0.7980414234816756,0.27968656560314026,0.8391750499580795
0.7,1.5000000001208501e-05,-5.57062,0.04040265792764105,0.7980414234816756,0.27968656560314026,0.8391750499580795
0.72,9.99999999962135e-06,-5.898305000000001,0.04040265792764105,0.7980414234816756,0.2796865071405349,0.8371131750868935
0.74,4.99999999803435e-06,-5.89831,0.040402580863922816,0.7980413935625691,0.2796865071405349,0.8371131750868935
0.76,-0.327675,-6.22599,0.040402580863922816,0.7960806149980052,0.27585510183572,0.8371131750868935
0.78,-0.655354999999995,-5.89831,0.03535213302739045,0.7980413935625691,0.27585510183572,0.8371131750868935
0.8,-0.655354999999995,-6.22599,0.03535213302739045,0.7960806149980052,0.27585510183572,0.8371131750868935
0.82,-0.655354999999995,-6.22599,0.03535213302739045,0.7960806149980052,0.27585510183572,0.8371131750868935
0.84,-0.6553450000000001,-5.898315,0.03535221009110858,0.7980413935625691,0.2758551602983253,0.8371131436256598
0.86,-0.65535,-6.225995,0.03535221009110858,0.7960806149980052,0.27585510183572,0.8371131436256598
0.88,-0.32767499999999694,-6.225995,0.03535213302739045,0.7960806149980052,0.2796865071405349,0.8371131436256598
0.9,4.99999999803435e-06,-5.24295,0.040402580863922816,0.7980413935625691,0.2796865071405349,0.841236861906798
0.92,4.99999999803435e-06,-3.93222,0.040402580863922816,0.8019629806108033,0.2796865071405349,0.8453605801879361
0.94,-0.32767499999999694,-4.2599,0.03535213302739045,0.8019629806108033,0.2796865071405349,0.843298736777984
0.96,-0.655349999999995,-1.3107649999999993,0.03535213302739045,0.8078453462236014,0.2758551602983253,0.8556698601601647
0.98,-0.65534,2.621425,0.03535221009110858,0.819610107368304,0.27585521876093066,0.8680410150035791
1.0,-0.65533,11.141165,0.03535228715482679,0.8411788211740387,0.27585527722353603,0.8989688863814985
1.02,-1.63834,21.95468,0.03030207050944898,0.8725514876408059,0.2681926420017222,0.9340204760405558
1.04,-2.29367,31.129795,0.025251853864071163,0.9039241840266796,0.2643614120847233,0.9587628171886184
1.06,-3.27669,37.02809,0.015151112318442699,0.9215713706223934,0.2605301237051191,0.9773195651843569
1.08,-3.932035,40.960285,0.010100818609346673,0.9352969402507663,0.2566987768629095,0.9876288766178192
1.1,-4.587389999999999,42.598704999999995,0.0050503707728142356,0.9411793357826708,0.25286743002069983,0.991752626360191
1.12,-4.587389999999999,44.564795,0.0050503707728142356,0.9470617313145755,0.25286743002069983,0.9979381565900477
1.14,-4.915065,43.90943,0.005050447836532441,0.9470617013954689,0.2490360247158849,0.9938144697701432
1.16,-5.242745,43.58175,0.0,0.9451009228309051,0.2490360247158849,0.9938144697701432
1.18,-4.58737,44.2371,0.0,0.9451008929117986,0.2566990107133309,0.9979381251288141
1.2,-0.98278,45.54783,0.0353540596203456,0.9509832585245966,0.2720252165586443,1.0
1.22,-1.310455,45.220145,0.030303688847531363,0.9509832585245966,0.2720252165586443,0.9979381251288141
1.24,-1.310465,43.581725000000006,0.030303611783813154,0.9470616415572558,0.272025158096039,0.9917525319764899
1.26,-1.310465,41.615629999999996,0.030303611783813154,0.9411792759444577,0.272025158096039,0.9855669388241659
1.28,-0.655115,38.994164999999995,0.03535398255662739,0.9333360719288829,0.2758565049382486,0.9773195022618896
1.3,-0.655115,36.37271,0.03535398255662739,0.925492927751521,0.2758565049382486,0.9690720656996133
1.32,-0.655125,34.406605,0.035353905492909184,0.9196105023005099,0.2758564464756432,0.9628864725472892
1.34,6.226265,33.42356,0.06060629880300781,0.9156889152522758,0.3371601006047898,0.960824629137337
1.36,13.435400000000001,32.112835000000004,0.14646599274445093,0.911767358123148,0.3563175948297075,0.9567009108561988
1.38,13.107725,31.129785,0.14141554490791852,0.9098065496394777,0.35631765329231285,0.9525771925750607
1.4,13.76308,29.491374999999998,0.14646599274445093,0.9039241840266796,0.36014900013452245,0.9484534742939226
1.42,13.763075,28.18064,0.14646591568073275,0.9000025670593389,0.36014900013452245,0.9443297560127843
1.44,13.43539,27.197595,0.14141539078048207,0.8980417884947751,0.36014900013452245,0.9402060377316462
1.46,13.763065000000001,25.886865,0.14646583861701454,0.8941202014465408,0.3601489416719171,0.9360823194505082
1.48,13.763065000000001,24.576135,0.14646583861701454,0.8901986143983066,0.3601489416719171,0.9319586011693699
1.5,14.090745,23.593085000000002,0.14646583861701454,0.8862770273500725,0.36398034697673204,0.929896726298184
1.52,13.763065000000001,22.282355000000003,0.14646583861701454,0.8823554403018382,0.3601489416719171,0.9257730080170459
1.54,21.299789999999998,20.64395,0.15151628645354695,0.8784338233344976,0.44444085224213736,0.9195875092484229
1.56,40.305485000000004,17.367195000000002,0.34343592440819887,0.8686300801072108,0.5210699522027278,0.9092784180435963
1.58,39.97778,16.711840000000002,0.3484862181172949,0.8647085828162961,0.5134069662052817,0.9092783865823627
1.6,39.977775,15.72879,0.34848614105357667,0.8627477444135193,0.5134069662052817,0.9051546997624582
1.62,39.650085000000004,15.07342,0.3484860639898585,0.860786935929849,0.5095755024378614,0.9030928248912723
1.64,39.650085000000004,14.745740000000001,0.343435616153326,0.8588261573652852,0.5134069077426764,0.9030928248912723
1.66,39.322395,14.418054999999999,0.34343553908960783,0.8588261573652852,0.5095754439752561,0.9010309500200864
1.68,39.3224,13.435005,0.34343553908960783,0.8549045703170509,0.5095755024378614,0.8989690751489005
1.7,39.322395,13.107325,0.34343553908960783,0.8549045703170509,0.5095754439752561,0.8969072317389483
1.72,39.322395,12.451955,0.34343553908960783,0.8529437618333805,0.5095754439752561,0.8948453568677623
1.74,39.650065,11.79659,0.34343546202588965,0.8509829832688167,0.5134067908174657,0.8927834819965764
1.76,37.356295,7.86439,0.33333448928910653,0.8392181922050076,0.4942497058307855,0.8804122956919282
1.78,37.356295,7.53671,0.32828404145257406,0.8372573837213372,0.49808111113560044,0.880412327153162
1.8,37.028615,7.20903,0.32323359361604165,0.8372573837213372,0.49808111113560044,0.8783504837432097
1.82,37.356295,7.5367,0.32828404145257406,0.8372573538022308,0.49808111113560044,0.8804122956919282
1.84,37.028615,7.5367049999999995,0.32828404145257406,0.8372573837213372,0.4942497058307855,0.8804122956919282
1.86,37.356295,7.5367049999999995,0.32828404145257406,0.8372573837213372,0.49808111113560044,0.8804122956919282
1.88,37.356295,8.19206,0.32828404145257406,0.8392181323667945,0.49808111113560044,0.8824741391018806
1.9,37.356295,7.5367,0.32828404145257406,0.8392181323667945,0.49808111113560044,0.8783504522819761
1.92,43.254599999999996,7.86442,0.3636373304357376,0.8392181922050076,0.540227212577224,0.8804124844593303
1.94,44.23773,8.192155,0.38384020067392227,0.8392184016387532,0.5363960411228305,0.8824744537142172
1.96,43.254684999999995,9.175195,0.3737392279371392,0.8431399587678808,0.5325646358180155,0.8845362971241695
1.98,42.926995,9.502870000000001,0.37373915087342097,0.8431399587678808,0.5287331720505951,0.886598109072888
2.0,42.927,9.502875,0.37373915087342097,0.8431399886869875,0.5287332305132005,0.886598109072888
2.02,42.599315000000004,9.502875,0.36868870303688855,0.8431399886869875,0.5287331720505951,0.886598109072888
2.04,42.271635,9.502870000000001,0.36868870303688855,0.8431399587678808,0.5249017667457802,0.886598109072888
2.06,42.271635,9.17518,0.36868870303688855,0.8431399288487744,0.5249017667457802,0.8845362342017021
2.08,41.943955,9.502865,0.3636382552003561,0.8431399587678808,0.5249017667457802,0.8865980776116543
2.1,41.943955,9.502859999999998,0.3636382552003561,0.8431399288487744,0.5249017667457802,0.8865980776116543
2.12,41.288595,8.8475,0.3585878073638236,0.8411791502842104,0.5210703614409652,0.8845362342017021
2.14,41.288595,8.519815,0.3585878073638236,0.8411791502842104,0.5210703614409652,0.8824743593305162
2.16,47.186949999999996,8.519874999999999,0.37879006109226265,0.8411792400415301,0.5747110295726658,0.8824746424816193
2.18,51.1192,9.175275,0.4393965910864251,0.8411794494752757,0.5747112049604819,0.8865983607627573
2.2,50.463835,9.502955,0.429295618349642,0.8431402280398395,0.5747112049604819,0.8865983607627573
2.22,50.136155,9.502949999999998,0.429295618349642,0.843140198120733,0.5708797996556669,0.8865983607627573
2.24,50.463835,9.83063,0.429295618349642,0.8451009766852968,0.5747112049604819,0.8865983607627573
2.26,50.463835,10.158304999999999,0.429295618349642,0.8451009766852968,0.5747112049604819,0.8886601727114759
2.28,50.46383,9.83062,0.429295618349642,0.8451009467661903,0.5747111464978765,0.8865983293015238
2.3,49.808475,10.15831,0.42424517051310956,0.8451009766852968,0.5708797996556669,0.8886602041727097
2.32,49.80847,11.796714999999999,0.4242450934493913,0.8490225338144245,0.5708797996556669,0.8948457658638002
2.34,48.825435,14.090495,0.4191947226765771,0.854904929346329,0.563216989046037,0.9030932024260763
2.36,48.49777,17.039635,0.41414435190376286,0.8647088820073614,0.5632171059712477,0.9113406389883526
2.38,48.170095,20.316465,0.4141444289674811,0.8745128645875001,0.5593857006664328,0.9216499504218149
2.4,47.842425,23.92098,0.4090940581946668,0.8823560686030751,0.5593857591290381,0.9360829801364152
2.42,47.187065000000004,27.19781,0.40404361035813446,0.8941208596668841,0.5555543538242231,0.9443304166986916
2.44,47.187055,29.163899999999998,0.4040435332944162,0.9000032252796822,0.5555542953616178,0.950515978389782
2.46,46.531695,30.80231,0.39899308545788376,0.9058855908924803,0.5517228900568029,0.9546396966709201
2.48,55.051525,34.734539999999996,0.439397284659889,0.9156896333108322,0.6206894717207901,0.9690728836916888
2.5,57.017685,37.6837,0.47980210037163984,0.9254937056482904,0.6130266611111602,0.9773203202539651
2.52,57.345365,38.666745,0.47980202330792165,0.9294152926965247,0.6168581248785805,0.9793821636639173
2.54,57.345365,38.666745,0.47980202330792165,0.9313760712610885,0.6168581248785805,0.9773203202539651
2.56,57.673045,38.99442,0.48485247114445407,0.9313760413419819,0.6168581248785805,0.9793821636639173
2.58,57.673045,38.666735,0.48485247114445407,0.9313760413419819,0.6168581248785805,0.9773202887927314
2.6,57.673035,38.01137,0.4848523940807358,0.9294152328583116,0.6168580664159752,0.9752584453827792
2.62,58.32839,37.02832,0.4899028419172683,0.9254936458100774,0.6206894132581847,0.9731965705115933
2.64,58.328385,36.70063,0.4899027648535501,0.9254936158909708,0.6206894132581847,0.9711346956404073
2.66,58.32838,35.389905,0.4899027648535501,0.9215720587618431,0.6206893547955794,0.9670109773592692
2.68,58.65606,34.73454,0.4899027648535501,0.9196112502781728,0.6245207601003944,0.9649491339493169
2.7,58.98374,34.406855,0.4949532126900825,0.917650471713609,0.6245207601003944,0.9649491024880833
2.72,59.639105,33.423805,0.5000036605266149,0.9156896632299386,0.6283522238678148,0.9608253842069451
2.74,59.639105,32.76844,0.5000036605266149,0.9137288547462682,0.6283522238678148,0.9587635407969929
2.76,59.639105,33.09612,0.5000036605266149,0.9137288547462682,0.6283522238678148,0.9608253842069451
2.78,59.639105,32.113074999999995,0.5000036605266149,0.9117680761817043,0.6283522238678148,0.956701665925807
2.8,59.639105,31.130025,0.5000036605266149,0.9098072676980341,0.6283522238678148,0.9525779476446689
2.82,60.29446,30.14698,0.5050541083631475,0.9058856806497998,0.6321835707100243,0.9505161042347166
2.84,60.29446,29.491615000000003,0.5050540312994292,0.903924902085236,0.6321836291726296,0.9484542293635306
2.86,60.294455,28.83625,0.5050540312994292,0.9019640936015657,0.6321835707100243,0.9463923859535784
2.88,60.62214,28.180885,0.5050540312994292,0.9000033150370017,0.6360150344774446,0.9443305110823925
2.9,60.949825000000004,27.525525000000002,0.5101045561996799,0.8980425364724379,0.6360150344774446,0.9422686676724402
2.92,60.949825000000004,27.197834999999998,0.5101045561996799,0.8960817279887676,0.6360150344774446,0.9422686362112066
2.94,60.94982,26.870154999999997,0.5101044791359617,0.8960817279887676,0.6360150344774446,0.9402067928012544
2.96,60.949815,25.887105,0.5101044791359617,0.8941209195050972,0.6360149760148393,0.9360830745201162
2.98,60.949815,24.904065000000003,0.5101044791359617,0.8901993623759695,0.6360149760148393,0.934021231110164
3.0,61.27749,24.90406,0.5101044020722434,0.8901993324568631,0.6398463813196541,0.934021231110164
3.02,61.60517,24.248694999999998,0.5151548499087759,0.8882385538922991,0.6398463813196541,0.9319593562389781
3.04,61.605175,23.921015,0.5151549269724941,0.8862777753277353,0.6398463813196541,0.9319593562389781
3.06,68.158845,23.593339999999998,0.5202053748090266,0.884316966844065,0.7126439005876135,0.9319594191614455
3.08,91.42441,25.88712,0.7222259855004615,0.8921601708596398,0.8314187512141953,0.938144980852536
3.1,93.06279,26.870179999999998,0.7626294911290028,0.8941210092624167,0.8199243599119342,0.9422687305949076
3.12,91.75206,26.87017,0.7474780705556873,0.8960817579078741,0.8160928961445139,0.9402068557237216
3.14,91.424365,26.542485,0.7424274685917185,0.8941209793433103,0.8160928376819085,0.940206824262488
3.16,91.09668500000001,26.2148,0.7424274685917185,0.8941209494242038,0.8122614323770936,0.938144980852536
3.18,90.76900499999999,25.231749999999998,0.7373770207551861,0.8901993623759695,0.8122614323770936,0.93608310598135
3.2,91.096675,24.904065000000003,0.7424273915280003,0.8901993623759695,0.8122613739144884,0.934021231110164
3.22,91.424355,23.59334,0.7474778393645327,0.8862777753277353,0.8122613739144884,0.9298975442902595
3.24,92.079705,23.593335000000003,0.7474777623008145,0.8862777753277353,0.8199241260615129,0.9298975128290258
3.26,92.079705,22.93798,0.7525282101373469,0.8843169967631714,0.8160927207566979,0.9278357008803072
3.28,92.40738,22.610295,0.7525282101373469,0.8823562181986077,0.8199240675989076,0.9278356694190736
3.3,92.079695,22.28261,0.7525281330736288,0.882356188279501,0.8160926622940926,0.9257738260091213
3.32,92.079695,21.62725,0.7525281330736288,0.8803954097149372,0.8160926622940926,0.9237119825991691
3.34,92.407375,21.29957,0.7525281330736288,0.8784346311503733,0.8199240675989076,0.9237119825991691
3.36,92.407375,20.64421,0.7525281330736288,0.8764738525858096,0.8199240675989076,0.9216501391892168
3.38,92.407375,20.644199999999998,0.7525281330736288,0.8764738226667032,0.8199240675989076,0.9216501077279832
3.4,92.407375,20.644205,0.7525281330736288,0.8764738525858096,0.8199240675989076,0.9216501077279832
3.42,92.407375,20.97189,0.7525281330736288,0.8784346311503733,0.8199240675989076,0.9216501391892168
3.44,92.40737,21.29957,0.7525280560099105,0.8784346311503733,0.8199240675989076,0.9237119825991691
3.46,92.407375,21.29957,0.7525281330736288,0.8784346311503733,0.8199240675989076,0.9237119825991691
3.48,92.0797,21.29957,0.7474776852370962,0.8784346311503733,0.8199241260615129,0.9237119825991691
3.5,92.40738,21.299565,0.7525282101373469,0.8784346311503733,0.8199240675989076,0.9237119511379354
3.52,92.40738,21.299565,0.7525281330736288,0.8784346311503733,0.8199241260615129,0.9237119511379354
3.54,92.40738,20.971885,0.7525281330736288,0.8784346311503733,0.8199241260615129,0.9216501077279832
3.56,92.079695,20.97189,0.7525281330736288,0.8784346311503733,0.8160926622940926,0.9216501391892168
3.58,64.226505,12.12449,0.6565690847334849,0.8607877437457249,0.5632157613313244,0.8845365802752726
3.6,29.491774999999997,7.53683,0.29798081498735196,0.8333362155405942,0.4291138863829543,0.8845363600466369
3.62,20.644215,14.09082,0.20201960886309825,0.8549071134411047,0.3984623516314078,0.903092950736207
3.64,19.661205000000002,17.03955,0.19191909850862443,0.8647086426545092,0.3946310047891982,0.9113403558372496
3.66,19.00585,18.350265,0.18686872773581018,0.8686301997836369,0.3907995994843832,0.9154640111959205
3.68,18.67817,19.33331,0.18686872773581018,0.8725517569127647,0.38696819417956824,0.9175258860671064
3.7,18.02281,19.660985,0.18181820283555955,0.8725517569127647,0.38313684733735864,0.919587698015825
3.72,17.695124999999997,19.66098,0.17676775499902708,0.8745125055582219,0.3831367888747533,0.9175258546058727
3.74,17.69513,18.67793,0.17676775499902708,0.8705909185099878,0.38313684733735864,0.9154639797346867
3.76,18.02282,17.69488,0.1767678320627453,0.8686301100263174,0.386968311104779,0.9113402614535486
3.78,15.729015,16.384149999999998,0.18181835696299598,0.8666693314617535,0.35631648404020566,0.9051546683012244
3.8,7.209175,14.41804,0.09595904834014385,0.8568653189625082,0.3218332516708174,0.903092761968805
3.82,6.881515,15.0734,0.09595927953129849,0.8588260975270722,0.3180019048286078,0.9051546053787572
3.84,6.88152,14.418035,0.09595935659501668,0.8588260975270722,0.3180019048286078,0.901030887097619
3.86,6.553834999999999,14.090345,0.09090883169476603,0.8588260676079655,0.3180019048286078,0.8989690122264331
3.88,6.553845,13.43498,0.09090890875848424,0.8549044805597315,0.31800196329121316,0.8989690122264331
3.9,6.553845,12.451925,0.09090890875848424,0.852943672076061,0.31800196329121316,0.8948452624840612
3.92,7.209210000000001,11.796555,0.09595935659501668,0.8509828635923906,0.3218334270586335,0.8927833876128755
3.94,7.5368949999999995,10.813505,0.0959594336587349,0.8470612765441565,0.32566483236344845,0.8907215127416895
3.96,8.51993,10.485825,0.10606025226808156,0.8470612765441565,0.3294962376682634,0.8886596693317372
3.98,8.519925,9.502780000000001,0.10606025226808156,0.8431396894959222,0.32949617920565805,0.886597825921785
4.0,8.519915000000001,8.519725,0.10606017520436337,0.8411788810122518,0.3294961207430527,0.8824740761794132
4.02,8.192235,7.53668,0.10100972736783093,0.8392180725285815,0.3294961207430527,0.8783503893595087
4.04,8.519905,6.881315,0.10606009814064515,0.8352965153994537,0.32949606228044737,0.8783503578982751
4.06,8.51991,5.89827,0.10606017520436337,0.8333357069157835,0.32949606228044737,0.8742266710783706
4.08,8.51991,5.242905,0.10606009814064515,0.8313749283512196,0.3294961207430527,0.8721647962071847
4.1,8.847595,4.9152249999999995,0.10606017520436337,0.8294141497866558,0.33332752604786764,0.8721647962071847
4.12,9.175265,4.587535,0.11111054597717758,0.8294141198675492,0.33332746758526227,0.8701029213359988
4.14,8.847584999999999,3.93217,0.11111054597717758,0.8274533113838789,0.32949606228044737,0.8680410779260465
4.16,8.519895,2.62144,0.10606002107692696,0.8235317243356447,0.329496003817842,0.8639173596449083
4.18,8.519895,1.310715,0.10606002107692696,0.819610167206517,0.329496003817842,0.8597936413637701
4.2,10.81366,0.9830300000000001,0.10605994401320874,0.8176493587228466,0.35631595787675746,0.8597936413637701
4.22,36.045474999999996,-3.9321200000000003,0.28282816139454503,0.8058847770927832,0.5172383715100967,0.8412372709028356
4.24,40.30547,-5.24279,0.358587190854078,0.7980418722682734,0.509575619363072,0.8412373652865368
4.26,38.667055000000005,-4.91511,0.33838524538051185,0.8000026807519437,0.5057441555956518,0.8412373338253031
4.28,37.685285,-4.915115,0.3333347975439794,0.8000026508328372,0.49809619448778303,0.8412373338253031
4.3,37.684005,-5.242805000000001,0.33333472048026114,0.8000026209137306,0.49808128652341654,0.839175458954117
4.32,37.356325,-5.89817,0.32828427264372867,0.7980418124300603,0.49808128652341654,0.837113615544165
4.34,37.356314999999995,-6.225855,0.3282841955800105,0.7960810338654963,0.4980812280608112,0.8371135840829311
4.36,37.028639999999996,-6.88122,0.3282841955800105,0.7941202253818261,0.4942498812186016,0.835051740672979
4.38,37.028635,-6.881225000000001,0.3282841955800105,0.7941202253818261,0.4942498227559962,0.8350517092117454
4.4,36.700955,-7.53659,0.323233747743478,0.7921594168981558,0.4942498227559962,0.8329898658017931
4.42,37.35633,-7.5365850000000005,0.323233747743478,0.7921594168981558,0.5019128087534422,0.8329898972630266
4.44,37.68405,-8.847294999999999,0.33333510579885217,0.7882379196072411,0.4980815203738379,0.8288662104431224
4.46,37.356359999999995,-8.51962,0.32828450383488333,0.7901986682526985,0.4980815203738379,0.8288662104431224
4.48,36.701,-9.174985,0.3232341330620691,0.7882378896881346,0.49425005660641763,0.8268043355719364
4.5,36.700995,-9.17499,0.32323405599835087,0.7862770812044642,0.49425005660641763,0.8288661789818886
4.52,36.373315,-8.847304999999999,0.32323405599835087,0.7882378896881346,0.49041865130160267,0.8288661789818886
4.54,36.045635000000004,-8.84731,0.31818360816181845,0.788237859769028,0.49041865130160267,0.8288661789818886
4.56,36.045635000000004,-8.84731,0.31818360816181845,0.788237859769028,0.49041865130160267,0.8288661789818886
4.58,38.66710500000001,-9.17498,0.31818360816181845,0.7862770812044642,0.5210702445157546,0.828866241904356
4.6,71.43548,-7.864105,0.5404054707533557,0.792159835765647,0.7356316893278444,0.8309286201552807
4.62,77.989235,-6.55334,0.6464670331046468,0.7941208237639563,0.7318004594108454,0.8371142133076046
4.64,77.989225,-6.553355,0.6414165082043962,0.7960815724094137,0.7356318062530551,0.8350523069751852
4.66,77.98922,-6.55336,0.6414165082043962,0.7960815424903072,0.7356317477904497,0.8350523069751852
4.68,77.66154,-6.22568,0.641416431140678,0.7960815424903072,0.7318004009482402,0.8371141503851373
4.7,77.333855,-6.553364999999999,0.6363659833041455,0.7960815424903072,0.7318003424856347,0.8350522755139516
4.72,77.333855,-6.88105,0.6363659833041455,0.7941207340066369,0.7318003424856347,0.8350522755139516
4.74,77.661535,-6.88106,0.6363659833041455,0.7941207040875304,0.7356317477904497,0.8350522440527177
4.76,77.661535,-6.55338,0.641416431140678,0.7960814826520941,0.7318003424856347,0.8350522440527177
4.78,77.333855,-6.88106,0.6363659833041455,0.7941207040875304,0.7318003424856347,0.8350522440527177
4.8,77.33385,-6.88106,0.6363659833041455,0.7941207040875304,0.7318002840230294,0.8350522440527177
4.82,77.006165,-6.5533850000000005,0.6363659062404273,0.7960814826520941,0.7279688787182144,0.8350522125914842
4.84,79.627645,-7.20875,0.6313154584038948,0.79215989560386,0.7624519941623918,0.8350522125914842
4.86,87.81980999999999,-7.208745,0.7171745358355923,0.7941206741684238,0.7931040550773866,0.8329904006427656
4.88,87.164455,-6.2257,0.7121242421264964,0.7960814826520941,0.7892725913099664,0.8371140874626701
4.9,87.164455,-6.225705,0.7121242421264964,0.7960814826520941,0.7892725913099664,0.8371140560014363
4.92,86.836775,-5.57035,0.7121242421264964,0.7980422312975515,0.7854411860051514,0.8391758994113887
4.94,86.18141,-4.91499,0.7070737172262457,0.8000030098621155,0.7816097807003365,0.8412377428213408
4.96,86.181415,-4.91499,0.7070737942899639,0.8000030098621155,0.7816097807003365,0.8412377428213408
4.98,86.509095,-3.93194,0.7070737942899639,0.8019638183457857,0.7854411860051514,0.8453614611024789
5.0,85.853735,-1.96585,0.7020233464534315,0.8078461839585837,0.7816097807003365,0.8515470227935693
5.02,85.526065,0.32792499999999997,0.7020234235171496,0.8137285495713817,0.7777784338581268,0.8597944593558456
5.04,84.543025,1.966335,0.6919225278440848,0.8215717236678503,0.7739470285533119,0.8618563027657979
5.06,84.870705,2.94938,0.6919225278440848,0.8215717236678503,0.7777784338581268,0.8680418644568882
5.08,84.54303,4.26011,0.6919225278440848,0.8274540892806483,0.7739470870159173,0.8701037393280742
5.1,83.887675,5.898515,0.6868721570712706,0.831375646409776,0.7701156817111023,0.8762893010191646
5.12,83.887675,7.20924,0.6868721570712706,0.8352972334580102,0.7701156817111023,0.8804129878390691
5.14,83.232325,8.519975,0.6818217862984564,0.8392188205062445,0.7662843348688927,0.8845367375814409
5.16,83.232325,9.50302,0.6818217862984564,0.8431404075544786,0.7662843348688927,0.8865985809913931
5.18,83.23232999999999,10.486065,0.6818217862984564,0.8470619946027127,0.7662843933314979,0.8886604244013454
5.2,82.904655,10.813745,0.6818218633621745,0.8470619946027127,0.7624529880266832,0.8907222678112976
5.22,82.24929,11.14143,0.6767713384619238,0.8490227731672767,0.7586215827218682,0.8907222992725313
5.24,56.36207,4.587745,0.5959622464844496,0.8352972932962232,0.5172386638231236,0.8639178315634135
5.26,26.870465,2.949235,0.24747656781318214,0.8196105262357951,0.43677804163250744,0.8701032359483354
5.28,28.18117,9.83054,0.257577078167656,0.8411791502842104,0.4444409691673481,0.8907217644315588
5.3,28.181185,13.76272,0.25757723229509244,0.8549046600743704,0.4444410276299535,0.9010310444037873
5.32,27.853515,15.7288,0.2575773093588106,0.8607869957680621,0.4406096807877438,0.9072165746336441
5.34,28.181195000000002,16.05648,0.2575773093588106,0.8627477743326257,0.4444410860925588,0.9072165746336441
5.36,28.181205,16.711840000000002,0.2575773864225288,0.8647085528971897,0.44444114455516415,0.9092784180435963
5.38,28.181205,16.384155,0.2575773864225288,0.8647085528971897,0.44444114455516415,0.9072165431724104
5.4,27.198124999999997,14.745745,0.2626278342590613,0.8627477444135193,0.4291150556350614,0.8989691380713678
5.42,17.039740000000002,13.107295,0.18181820283555955,0.8529437019951674,0.3716422806472816,0.8989689807651995
5.44,16.0567,14.090340000000001,0.1666667051985258,0.8568652591242951,0.3716423975724923,0.9010308556363854
5.46,15.401340000000001,14.090335,0.16161625736199334,0.8588260376888591,0.36781099226767733,0.8989689807651995
5.48,15.073655,12.779599999999999,0.1565657324617427,0.8529436421569544,0.36781099226767733,0.8969071058940136
5.5,15.073655,12.451915,0.1565657324617427,0.8529436421569544,0.36781099226767733,0.8948452310228276
5.52,15.073655,11.796545,0.1565657324617427,0.8509828336732842,0.36781099226767733,0.8927833561516417
5.54,15.073655,10.48581,0.1565657324617427,0.8470612167059435,0.36781099226767733,0.8886596378705036
5.56,15.729015,9.175075,0.16161618029827515,0.8431396296577092,0.3716423975724923,0.8845358881281318
5.58,15.401325,7.208985,0.16161618029827515,0.839218042609475,0.3678108753424666,0.8762884830270892
5.6,5.898415,4.587524999999999,0.09595897127642565,0.8294140899484428,0.30650722121332,0.870102889874765
5.62,5.243055,3.932155,0.0808074736393919,0.8274532814647724,0.3103387434433457,0.8680410150035791
5.64,4.915375,2.6214250000000003,0.07575702580285945,0.8235316944165381,0.3103387434433457,0.863917296722441
5.66,4.915369999999999,1.310695,0.08080739657567369,0.819610107368304,0.30650733813853076,0.8597935784413029
5.68,5.243045,0.6553249999999999,0.08080739657567369,0.8176492988846336,0.3103386849807404,0.857731703570117
5.7,5.57073,0.6553249999999999,0.0808074736393919,0.8176492988846336,0.3141700902855553,0.857731703570117
5.72,5.243045,-4.50000000036255e-05,0.08080739657567369,0.8156884904009633,0.3103386849807404,0.855669828698931
5.74,5.898405,-0.6554150000000001,0.08585784441220613,0.8137276819172928,0.3141700902855553,0.8536079538277451
5.76,17.03964,-2.62148,0.09090829224873857,0.8098060948690586,0.4406078099843723,0.8453607060328708
5.78,53.412805,0.32784,0.35353674301754556,0.8117673222202202,0.6666648153508303,0.8618562398433306
5.8,75.695425,3.9324950000000003,0.6313152272127402,0.8254934902307235,0.7164746043411642,0.8701039595567098
5.82,74.05705,6.226265,0.6111136670577652,0.833336664327192,0.7126433159615599,0.8762894897865666
5.84,74.057055,5.898575,0.6111137441214833,0.8333366344080854,0.7126433159615599,0.8742276149153807
5.86,74.057055,5.5708850000000005,0.6111137441214833,0.831375825924415,0.7126433159615599,0.874227583454147
5.88,74.057065,5.57088,0.6111138211852016,0.8313757960053085,0.7126433744241653,0.874227583454147
5.9,74.057055,4.91551,0.6111137441214833,0.8294149875216382,0.7126433159615599,0.8721657085829612
5.92,74.057065,4.260145,0.6111138211852016,0.8274542089570744,0.7126433744241653,0.8701038337117752
5.94,74.05706,3.277095,0.6111138211852016,0.825493400473404,0.7126433159615599,0.865980115430637
5.96,74.712415,2.62173,0.6161641919580159,0.8235325919897336,0.7164747212663749,0.8639182720206848
5.98,75.36776499999999,1.96636,0.6212145627308301,0.8215717835060633,0.7203060681085844,0.8618563971494989
6.0,75.36776499999999,1.6386850000000002,0.6212145627308301,0.8196110348606059,0.7203060681085844,0.8618563971494989
6.02,75.36776,1.638675,0.6212145627308301,0.8196110049414993,0.7203060096459791,0.8618563656882652
6.04,75.695435,0.983315,0.6262649335036443,0.8176502263769356,0.7203060096459791,0.859794522278313
6.06,76.02312,1.311,0.6262649335036443,0.8176502263769356,0.7241374734133994,0.8618563971494989
6.08,76.023125,1.638675,0.6262650105673625,0.8196110049414993,0.7241374734133994,0.8618563656882652
6.1,76.023125,0.983315,0.6262650105673625,0.8176502263769356,0.7241374734133994,0.859794522278313
6.12,57.672745,-3.9319749999999996,0.590911028010735,0.8098070223613607,0.5363957488098036,0.8371137728503333
6.14,28.836365,-7.864269999999999,0.2878796881231324,0.7882378896881346,0.4291134771447167,0.8350516777505117
6.16,24.90409,-1.638345,0.23232260413716577,0.8078456454146664,0.4252823641529286,0.8536083313625491
6.18,24.248745,5.500000000002725e-05,0.22727238749178794,0.8137280110274645,0.42145095884811357,0.85773198672122
6.2,23.92107,1.310765,0.22727238749178794,0.8196103168020495,0.417619612005904,0.8597937986699385
6.22,23.593395,1.638445,0.2222220167189737,0.8196103168020495,0.417619612005904,0.8618556420798907
6.24,23.92107,0.9830700000000001,0.22727246455550615,0.8176494783992727,0.4176195535432986,0.8597937672087048
6.26,23.593395,1.63843,0.2222220167189737,0.8196102569638365,0.417619612005904,0.8618556106186571
6.28,23.593384999999998,0.9830650000000001,0.2222219396552555,0.8176494783992727,0.4176195535432986,0.8597937357474712
6.3,22.93803,1.4999999997655852e-05,0.21717149181872306,0.8156886699156024,0.413788206701089,0.855670017466333
6.32,22.938025000000003,-1.310715,0.21717149181872306,0.8117670828673682,0.4137881482384837,0.8515462991851949
6.34,22.938025000000003,-2.949125,0.21717149181872306,0.8078454958191339,0.4137881482384837,0.8453607374941045
6.36,23.265705,-4.587540000000001,0.21717149181872306,0.8019631302063358,0.4176195535432986,0.8412369877517326
6.38,19.988840000000003,-6.8813200000000005,0.21717149181872306,0.7960807346744313,0.3793047404812794,0.8329895511894565
6.4,11.141295,-8.847435,0.12626142710446567,0.7882375007397499,0.34482144964928574,0.8288657699858508
6.42,11.468995,-8.847435,0.13131210613215274,0.7882375007397499,0.3448215081118911,0.8288657699858508
6.44,11.796675,-9.175125,0.13131210613215274,0.7882374708206433,0.34865291341670607,0.8268038951146649
6.46,11.796675,-9.17513,0.13131210613215274,0.7882374708206433,0.34865291341670607,0.8268038636534313
6.48,11.796675,-10.158180000000002,0.13131210613215274,0.7843158538533026,0.34865291341670607,0.8247420202434792
6.5,11.796675,-11.14123,0.13131210613215274,0.7823550453696322,0.34865291341670607,0.8206183019623409
6.52,11.468990000000002,-11.796595,0.13131210613215274,0.7803942668050685,0.34482144964928574,0.818556427091155
6.54,11.141305,-12.451955,0.12626158123190206,0.7784334882405045,0.34482144964928574,0.8164945836812028
6.56,11.141305,-13.762685,0.12626158123190206,0.7745119011922704,0.34482144964928574,0.8123708654000645
6.58,22.282575,-16.38412,0.16161494727878378,0.7705903141440361,0.44827097136963445,0.7999998678628185
6.6,33.751745,-19.333195,0.303031108696448,0.7568650137876218,0.4750923869936839,0.7958763068878487
6.62,32.76872,-19.00552,0.29293044421453773,0.7588257923521857,0.4712609816888689,0.7958762754266151
6.64,31.78568,-19.66089,0.2878800734417235,0.7568649838685153,0.4635981126166336,0.7938144005554292
6.66,31.130315,-20.316254999999998,0.2828295485414728,0.7549042053039514,0.4597667073118187,0.7917525256842433
6.68,30.802635000000002,-20.97162,0.2777791007049404,0.7529433968202811,0.4597667073118187,0.789690682274291
6.7,30.80263,-21.62699,0.2777790236412222,0.7509825883366107,0.4597667073118187,0.787628807403105
6.72,30.802635000000002,-22.282355000000003,0.2777791007049404,0.7490218097720469,0.4597667073118187,0.7855669325319191
6.74,30.80263,-22.28236,0.2777790236412222,0.7490217798529404,0.4597667073118187,0.7855669325319191
6.76,31.457985,-22.610039999999998,0.2828294714777546,0.7470610012883765,0.46359805415402827,0.7855669325319191
6.78,31.457985,-22.93773,0.2828294714777546,0.7470609713692701,0.46359805415402827,0.7835050576607333
6.8,31.457985,-23.593094999999998,0.2828294714777546,0.7451001928047062,0.46359805415402827,0.7814431827895474
6.82,31.457985,-24.24846,0.2828294714777546,0.7431393843210358,0.46359805415402827,0.7793813393795951
6.84,31.457985,-25.23094,0.2828294714777546,0.741178605756472,0.46359805415402827,0.775261176217862
6.86,31.785664999999998,-26.214554999999997,0.2828294714777546,0.7372570187082378,0.4674294594588432,0.773195746227271
6.88,33.751815,-26.214534999999998,0.297981200305943,0.7372570486273443,0.4789242015367363,0.7731958406109721
6.9,32.44111,-26.542195,0.29293106072428343,0.7352963598201,0.4674299271596861,0.7731958720722057
6.92,32.113425,-26.542205,0.2878805358240327,0.7352963299009935,0.4674299271596861,0.7731958406109721
6.94,31.785735000000003,-27.197575,0.28788045876031454,0.733335521417323,0.46359846339226574,0.7711339657397862
6.96,31.458055,-27.52526,0.2828300109237821,0.7333354914982165,0.46359846339226574,0.7690721223298339
6.98,31.458055,-27.85294,0.2828300109237821,0.7313747129336527,0.46359846339226574,0.7690721223298339
7.0,31.45806,-28.180625,0.2828300109237821,0.7313747129336527,0.46359852185487116,0.767010247458648
7.02,31.458055,-28.50831,0.2828300109237821,0.7294139044499823,0.46359846339226574,0.767010247458648
7.04,31.458055,-29.49136,0.2828300109237821,0.727453095966312,0.46359846339226574,0.7628865291775099
7.06,46.2038,-31.457410000000003,0.3434360785356353,0.7235315986753973,0.5900360077032667,0.7546392813826356
7.08,56.03429,-32.44043,0.4747488782412519,0.7176493527390253,0.6053618043103427,0.7546393128438692
7.1,55.05124,-32.44043,0.46464790550446883,0.7176493527390253,0.6015303405429223,0.7546393128438692
7.12,55.05124,-32.768115,0.46464790550446883,0.7176493527390253,0.6015303405429223,0.7525774379726833
7.14,55.051235,-32.440435,0.4646478284407506,0.7176493527390253,0.6015303405429223,0.7546392813826356
7.16,54.723555,-32.44044,0.4646478284407506,0.7176493228199188,0.5976989352381074,0.7546392813826356
7.18,54.72483,-32.76812,0.4595973806042182,0.7176493228199188,0.6015452485072889,0.7525774379726833
7.2,54.723555,-32.44044,0.4646478284407506,0.7176493228199188,0.5976989352381074,0.7546392813826356
7.22,54.395875000000004,-32.11276,0.4595973806042182,0.7196101013844827,0.5976989352381074,0.7546392813826356
7.24,54.068195,-32.112755,0.4545469327676857,0.7196101313035892,0.5976989352381074,0.7546392813826356
7.26,57.017340000000004,-31.785065000000003,0.4595973806042182,0.7176493228199188,0.6283504699896538,0.7587630625862412
7.28,59.966505,-30.80199,0.5050519505790375,0.7215710295445791,0.6283505869148647,0.7608249689186607
7.3,59.638815,-29.491265,0.5000014256787869,0.7274533951573772,0.6283505284522592,0.762886812328613
7.32,59.311135,-29.491265,0.49495097784225445,0.7254926165928134,0.6283505284522592,0.7649486557385651
7.34,59.311135,-29.491265,0.5000014256787869,0.7274533951573772,0.6245191231474443,0.762886812328613
7.36,59.638815,-29.81895,0.5000014256787869,0.7254925866737069,0.6283505284522592,0.762886812328613
7.38,59.311139999999995,-29.49127,0.5000014256787869,0.7274533652382706,0.6245191816100496,0.762886812328613
7.4,59.638819999999996,-29.49127,0.5000014256787869,0.7254925866737069,0.6283505869148647,0.7649486557385651
7.42,59.638815,-29.81895,0.5000014256787869,0.7254925866737069,0.6283505284522592,0.762886812328613
7.44,59.63881,-29.49127,0.5000014256787869,0.7274533652382706,0.6283504699896538,0.762886812328613
7.46,83.232045,-27.852765,0.621213098520184,0.7294143831556866,0.8122604385128025,0.7711345949644596
7.48,99.28864,-24.57593,0.8030325343752349,0.7411792041386023,0.8620694090266613,0.7793820315267359
7.5,98.30558500000001,-23.2652,0.7979819324112661,0.745100821105943,0.854406539954426,0.7835057183466404
7.52,98.305575,-22.937530000000002,0.7979818553475478,0.7451007911868365,0.8544064814918207,0.785567530295359
7.54,98.305575,-22.937534999999997,0.7979818553475478,0.7470615697514003,0.8544064814918207,0.783505655424173
7.56,97.977885,-22.609855,0.7979817782838297,0.7470615697514003,0.8505750177244005,0.7855674988341252
7.58,97.977885,-22.60985,0.7979817782838297,0.7470615697514003,0.8505750177244005,0.785567530295359
7.6,98.305555,-22.609859999999998,0.7979817012201114,0.7470615398322937,0.85440636456661,0.7855674988341252
7.62,97.650195,-22.93754,0.792931253383579,0.7470615398322937,0.850574959261795,0.783505655424173
7.64,97.650195,-23.26522,0.792931253383579,0.74510076126773,0.850574959261795,0.783505655424173
7.66,96.99483000000001,-22.609859999999998,0.7878807284833284,0.7470615398322937,0.8467435539569801,0.7855674988341252
7.68,97.32251,-22.609859999999998,0.7878808055470465,0.7470615398322937,0.8505749007991896,0.7855674988341252
7.7,97.32251,-21.9545,0.792931253383579,0.7490223183968576,0.8467434954943747,0.7876293422440774
7.72,97.322515,-21.62682,0.792931253383579,0.7509830969614214,0.8467435539569801,0.7876293422440774
7.74,96.667155,-20.971455,0.7878808055470465,0.7509830969614214,0.8429121486521651,0.7917530605252157
7.76,96.339475,-20.64377,0.7828303577105141,0.7529439054450918,0.8429121486521651,0.7917530605252157
7.78,96.33947,-20.316085,0.7828303577105141,0.7529439353641983,0.8429120901895597,0.793814903935168
7.8,96.339475,-19.988405,0.7828303577105141,0.7549047139287622,0.8429121486521651,0.793814903935168
7.82,96.011795,-19.988410000000002,0.7828303577105141,0.7549046840096557,0.8390807433473502,0.793814903935168
7.84,95.68411499999999,-19.988415,0.7777799098739817,0.7549046840096557,0.8390807433473502,0.7938148724739342
7.86,84.542855,-23.265185000000002,0.7424266208908181,0.7470616595087198,0.7356312800896069,0.7814439063979218
7.88,65.20937,-23.265245,0.5606068767808945,0.7431399228649531,0.6475074380511233,0.7855674044504243
7.9,62.915620000000004,-21.954525,0.5252536648614492,0.7490222585586447,0.6475076134389394,0.7876292478603766
7.92,62.915620000000004,-22.60989,0.5252536648614492,0.7470614500749743,0.6475076134389394,0.7855674044504243
7.94,62.915625,-21.954535,0.5252537419251673,0.7490222286395382,0.6475076134389394,0.7876292163991429
7.96,62.91563,-21.954535,0.5252537419251673,0.7490222286395382,0.6475076719015448,0.7876292163991429
7.98,62.915635,-22.28222,0.5252538189888855,0.7490221987204316,0.6475076719015448,0.7855673729891907
8.0,62.915639999999996,-21.95454,0.5252538189888855,0.7490221987204316,0.6475077303641501,0.7876292163991429
8.02,62.915645,-21.95454,0.5252538960526038,0.7490221987204316,0.6475077303641501,0.7876292163991429
8.04,63.571015,-22.282215,0.5303044209528545,0.7490222286395382,0.6513391941315704,0.7855673729891907
8.06,63.571015,-22.28222,0.5303044209528545,0.7490221987204316,0.6513391941315704,0.7855673729891907
8.08,63.898695000000004,-22.93758,0.5303044209528545,0.7470614201558677,0.6551705994363854,0.7835055295792384
8.1,64.554055,-23.265259999999998,0.5353548687893869,0.7451006415913038,0.6590020047412004,0.7835055295792384
8.12,64.88173499999999,-22.93758,0.5404053166259193,0.7470614201558677,0.6590020047412004,0.7835055295792384
8.14,65.209415,-22.93758,0.5404053166259193,0.7470614201558677,0.6628334100460154,0.7835055295792384
8.16,65.20942,-22.937585,0.5404053166259193,0.7470614201558677,0.6628334685086207,0.7835054981180046
8.18,65.537105,-23.265265,0.5454558415261699,0.7451006415913038,0.6628334685086207,0.7835054981180046
8.2,55.37892,-25.559075,0.5404053166259193,0.7431398331076335,0.5478901401120646,0.7711341545071881
8.22,25.559725,-29.491325,0.2373755180126809,0.7254924370781742,0.4291151140976668,0.7649484669711631
8.24,27.85347,-26.869889999999998,0.2525264762036871,0.733335521417323,0.44444085224213736,0.7731958406109721
8.26,28.18116,-27.19757,0.257577078167656,0.733335521417323,0.44444085224213736,0.7711339972010198
8.28,28.18116,-27.197585,0.2575770011039378,0.7333354914982165,0.44444091070474273,0.7711339342785525
8.3,28.181154999999997,-27.52527,0.2575770011039378,0.73333546157911,0.44444085224213736,0.7690720908686002
8.32,28.181165,-27.85296,0.257577078167656,0.7313746530954397,0.44444091070474273,0.7690720594073666
8.34,28.181154999999997,-28.180645,0.2575770011039378,0.7313746530954397,0.44444085224213736,0.7670101845361806
8.36,28.181165,-28.508335000000002,0.257577078167656,0.7294138446117694,0.44444091070474273,0.767010153074947
8.38,27.52579,-30.474415,0.257577078167656,0.7274530660472055,0.43677792470729676,0.7567009360251858
8.4,19.988835,-33.09591,0.20707044201822175,0.7156882450642897,0.3869676095535146,0.7525770604378793
8.42,19.005755,-31.785195,0.1868679570986281,0.719609772274311,0.390799073320935,0.7567007472577838
8.44,18.678075,-31.785199999999996,0.1868679570986281,0.7196097423552045,0.38696766801612,0.7567007472577838
8.46,18.350385000000003,-31.785204999999998,0.18181743219837745,0.7196097423552045,0.3869676095535146,0.7567007157965501
8.48,18.350385000000003,-32.112895,0.18181743219837745,0.7196097124360981,0.3869676095535146,0.7546388409253642
8.5,18.350385000000003,-32.44058,0.18181743219837745,0.7176489039524276,0.3869676095535146,0.7546388409253642
8.52,18.678065,-32.76826,0.1868678800349099,0.7176489039524276,0.3869676095535146,0.752576997515412
8.54,18.678069999999998,-33.751310000000004,0.18181743219837745,0.7156880954687572,0.390799073320935,0.7484532792342737
8.56,19.005755,-34.734365,0.1868679570986281,0.711766508420523,0.390799073320935,0.7463913729018542
8.58,12.452024999999999,-36.045109999999994,0.15656473063340598,0.7078448914531824,0.33715828826402366,0.7422675916982487
8.6,8.847484999999999,-35.717439999999996,0.10605925043974487,0.7078448316149694,0.33332694142181407,0.7443294351082009
8.62,9.502849999999999,-36.045125,0.11616022317652795,0.7078448316149694,0.33332694142181407,0.742267560237015
8.64,9.502855,-35.71745,0.11110985240371371,0.7078448016958628,0.33715834672662903,0.7443294036469673
8.66,9.175175,-36.045135,0.11110985240371371,0.7078448016958628,0.33332694142181407,0.7422675287757814
8.68,9.175175,-36.372820000000004,0.11110985240371371,0.7058839932121924,0.33332694142181407,0.7422675287757814
8.7,9.175175,-35.71746,0.11110985240371371,0.7078447717767563,0.33332694142181407,0.7443293721857336
8.72,9.830545,-36.372825,0.11616037730396436,0.7058839932121924,0.3371584051892344,0.7422674973145477
8.74,9.502865,-36.372825,0.11616037730396436,0.7058839932121924,0.33332699988441944,0.7422674973145477
8.76,9.50287,-36.37283,0.11616037730396436,0.7058839632930859,0.33332705834702475,0.7422674973145477
8.78,9.830555,-36.70051,0.11616045436768258,0.7058839632930859,0.3371584636518397,0.7402056539045955
8.8,9.502875,-37.028195,0.11616045436768258,0.703923184728522,0.33332705834702475,0.7402056224433619
8.82,9.175195,-37.35588,0.11111000653115015,0.7039231548094155,0.33332705834702475,0.7381437790334096
8.84,9.175195,-37.68356,0.11111000653115015,0.7039231548094155,0.33332705834702475,0.7360819356234574
8.86,11.79666,-38.994285,0.11111000653115015,0.7019623463257452,0.3639785930985713,0.7298964053936006
8.88,27.853389999999997,-42.598725,0.24747441002907233,0.6882369861311178,0.44827254985997916,0.72164918905996
8.9,27.198225,-42.92636,0.25252740096830567,0.6862763870811931,0.43677868472116643,0.721649283443661
8.92,26.21518,-42.598685,0.2424265052952408,0.6882371656457569,0.43294722095374605,0.7216492519824274
8.94,26.215175000000002,-42.92637,0.24242642823152258,0.6862763571620866,0.43294722095374605,0.7216492519824274
8.96,26.215175000000002,-42.598685,0.24242642823152258,0.6862763571620866,0.43294722095374605,0.7237111268536133
8.98,25.887495,-42.271,0.24242642823152258,0.6882371656457569,0.4291158156489311,0.7237111268536133
9.0,25.887495,-41.94332,0.24242642823152258,0.6901979442103208,0.4291158156489311,0.7237111268536133
9.02,25.559815,-41.61564,0.2373759803949901,0.6901979442103208,0.4291158156489311,0.7257729702635655
9.04,26.215175000000002,-41.94332,0.24242642823152258,0.6882371656457569,0.43294722095374605,0.7257729702635655
9.06,26.215175000000002,-41.61564,0.24242642823152258,0.6901979442103208,0.43294722095374605,0.7257729702635655
9.08,25.88749,-41.61564,0.2373759033312719,0.6901979442103208,0.43294722095374605,0.7257729702635655
9.1,25.887495,-41.615645,0.24242642823152258,0.6901979442103208,0.4291158156489311,0.7257729388023318
9.12,26.215165,-41.943325,0.24242635116780437,0.6901979442103208,0.4329471624911407,0.7237110953923795
9.14,26.21517,-41.94333,0.24242642823152258,0.6901979142912142,0.4329471624911407,0.7237110953923795
9.16,25.55981,-41.94333,0.2373759803949901,0.6901979142912142,0.4291157571863257,0.7237110953923795
9.18,25.887484999999998,-41.94333,0.2373759033312719,0.6901979142912142,0.4329471624911407,0.7237110953923795
9.2,25.559804999999997,-41.94333,0.2373759033312719,0.6901979142912142,0.4291157571863257,0.7237110953923795
9.22,25.559804999999997,-41.943335,0.2373759033312719,0.6882371357266504,0.4291157571863257,0.7257729073410981
9.24,25.55981,-41.943335000000005,0.2373759033312719,0.6901979142912142,0.4291158156489311,0.7237110639311459
9.26,25.559804999999997,-42.271015,0.2373759033312719,0.6882371357266504,0.4291157571863257,0.7237110639311459
9.28,25.23196,-43.581755,0.24242604291293152,0.6843155187593097,0.4214512511611404,0.7195873141887741
9.3,22.61031,-41.288,0.21212065866359955,0.6901978245338948,0.41378803131327296,0.727834687828583
9.32,22.93802,-40.960315,0.21717149181872306,0.6921586330175651,0.41378808977587833,0.727834687828583
9.34,22.938025000000003,-40.960319999999996,0.21717149181872306,0.6921586030984586,0.4137881482384837,0.727834687828583
9.36,22.93802,-40.63264,0.21717149181872306,0.6941193816630223,0.41378808977587833,0.727834687828583
9.38,23.265705,-40.960325,0.21717149181872306,0.6921586030984586,0.4176195535432986,0.7278346563673493
9.4,23.59339,-40.960325,0.2222219396552555,0.6921586030984586,0.417619612005904,0.7278346563673493
9.42,23.593395,-41.615685,0.2222220167189737,0.6901978245338948,0.417619612005904,0.7257728129573972
9.44,23.921084999999998,-41.288005,0.2222220937826919,0.692158573179352,0.42145107577332436,0.7257728444186308
9.46,24.248775000000002,-41.288005,0.22727261868294257,0.6921586030984586,0.4214511342359297,0.7257728129573972
9.48,24.248784999999998,-41.61569,0.22727269574666076,0.6901977946147881,0.4214511926985351,0.7257728129573972
9.5,24.904159999999997,-42.926415000000006,0.22727269574666076,0.6882370160502244,0.429114178695981,0.7195872512663067
9.52,34.07952,-42.598675,0.26767835915931193,0.68627632724298,0.5057444479086786,0.7237112212373144
9.54,44.565425,-41.94325,0.3888907255741729,0.6882373750795024,0.5363961580480412,0.7257731904922012
9.56,43.254695,-41.287895,0.3737393050008574,0.6921589322086302,0.5325646942806209,0.7257731590309675
9.58,43.254695,-41.615584999999996,0.3737393050008574,0.6901981237249598,0.5325646942806209,0.7257731275697338
9.6,43.58238,-41.94327,0.3737393050008574,0.6901980938058534,0.5363961580480412,0.7237112841597817
9.62,43.910055,-41.94328,0.3787897528373898,0.6901980638867468,0.5363960995854359,0.7237112526985479
9.64,43.910055,-42.598645000000005,0.3787897528373898,0.688237285322183,0.5363960995854359,0.721649377827362
9.66,43.254695,-43.254005,0.3737393050008574,0.6862765067576192,0.5325646942806209,0.7195875344174099
9.68,43.254695,-42.926335,0.3737393050008574,0.6862764768385127,0.5325646942806209,0.7216493463661283
9.7,43.254695,-43.25402,0.3737393050008574,0.6862764469194061,0.5325646942806209,0.7195875029561761
9.72,43.254684999999995,-43.25402,0.3737392279371392,0.6862764469194061,0.5325646358180155,0.7195875029561761
9.74,42.599325,-43.581705,0.36868878010060674,0.6843156683548423,0.5287332305132005,0.7195874714949424
9.76,42.59932,-43.5817,0.36868878010060674,0.6843156683548423,0.5287331720505951,0.7195875029561761
9.78,42.271645,-43.58171,0.36868878010060674,0.6843156384357357,0.5249018252083856,0.7195874714949424
9.8,42.27164,-44.23707,0.36363833226407427,0.6823548598711718,0.5287331720505951,0.7175256280849902
9.82,56.689645,-44.237035,0.3939410963469872,0.6823548598711718,0.6743275090352495,0.7175258483136259
9.84,80.938265,-44.56458,0.656566926949375,0.6803945600123124,0.7586200042315234,0.7175261943871963
9.86,81.26598,-43.581525,0.6666684391321855,0.6843162068987595,0.754788540464103,0.7195880377971485
9.88,81.265975,-43.909215,0.6666683620684674,0.684316176979653,0.754788540464103,0.7175261629259626
9.9,81.59365,-44.23689,0.6666683620684674,0.6823553984150892,0.7586198873063127,0.7175261943871963
9.92,81.92132,-43.90922,0.6717187328412816,0.6843161470605464,0.7586198288437073,0.7175261629259626
9.94,81.593635,-43.90922,0.6717186557775634,0.6843161470605464,0.7547884235388923,0.7175261629259626
9.96,81.92131499999999,-44.2369,0.6717186557775634,0.6823553684959827,0.7586198288437073,0.7175261629259626
9.98,81.593635,-43.90922,0.666668207941031,0.6843161470605464,0.7586198288437073,0.7175261629259626
10.0,81.593635,-44.2369,0.6717186557775634,0.6823553684959827,0.7547884235388923,0.7175261629259626
10.02,81.59363,-43.909225,0.6717186557775634,0.6823553684959827,0.754788365076287,0.7195879748746812
10.04,83.23205,-44.23691,0.666668207941031,0.6823553385768761,0.7777770307555981,0.717526131464729
10.06,94.045655,-44.23691,0.757577424954388,0.6823553385768761,0.835249162654719,0.717526131464729
10.08,94.04567,-43.25386,0.7676787059460439,0.6843161470605464,0.8275862351198785,0.7216498497458671
10.1,93.71799,-42.27081,0.7626282581095115,0.6882377341087806,0.8275862351198785,0.723711724617053
10.12,93.062635,-41.615444999999994,0.7575778102729791,0.6901985126733445,0.8237548882776689,0.7257735994882389
10.14,93.39031,-39.649345,0.7626281810457933,0.6941201296406853,0.8237548882776689,0.7340210360505152
10.16,93.39032,-36.37252,0.7626282581095115,0.7039240823017175,0.8237549467402743,0.7443303474839774
10.18,92.73497,-33.095685,0.7575778873366973,0.7137280948009628,0.8199235998980646,0.7546396589174397
10.2,92.07962,-27.525075,0.7525275165638831,0.7274536644293358,0.8160922530558549,0.7752582817843641
10.22,94.701085,-21.299100000000003,0.747477222854787,0.745100880944156,0.8505750761870058,0.7958768417288212
10.24,110.10212,-10.81325,0.8737389582141255,0.7745127389272527,0.9348664605937778,0.8309285572328132
10.26,109.44677,-1.638125,0.8888905329148775,0.8039247165867757,0.9157093756070976,0.857732741790828
10.28,107.808375,3.6047900000000004,0.8737391894052802,0.8235326518279467,0.908046623460073,0.8701038651730089
10.3,106.825335,5.89856,0.8636382937322152,0.8313757960053085,0.9042152181552581,0.8762894268640993
10.32,106.169975,7.536965,0.8585878458956828,0.8372581616181066,0.9003838128504431,0.8804131136840038
10.34,105.51461499999999,8.19233,0.8535373980591504,0.8392189401826704,0.8965524075456281,0.8824749885551897
10.36,104.859255,8.847684999999998,0.848486950222618,0.8411797187472343,0.8927210022408132,0.8845368005039083
10.38,104.203895,8.84769,0.8434365023860855,0.8411797187472343,0.8888895969359982,0.8845368319651419
10.4,103.876215,9.503045,0.8434365023860855,0.8431404973117981,0.8850581916311833,0.8865986439138605
10.42,103.54853,9.50305,0.8383859774858348,0.8431404973117981,0.8850581916311833,0.8865986753750942
10.44,103.22085,10.158405,0.8383859774858348,0.8451012758763621,0.8812267863263683,0.8886604873238128
10.46,102.237805,10.158405,0.8282850818127699,0.8451012459572554,0.8773953225589479,0.8886605187850464
10.48,102.2378,9.83072,0.8282850818127699,0.8451012459572554,0.8773952640963425,0.8865986439138605
10.5,102.2378,9.503039999999999,0.8282850818127699,0.8431404673926917,0.8773952640963425,0.8865986439138605
10.52,101.91012,9.503039999999999,0.8282850818127699,0.8431404673926917,0.8735638587915278,0.8865986439138605
10.54,101.582435,9.175355,0.8232345569125193,0.8431404673926917,0.8735638587915278,0.8845367690426745
10.56,101.58243,8.847674999999999,0.8232345569125193,0.8411796589090212,0.8735638003289223,0.8845368005039083
10.58,101.25475,9.175345,0.8232345569125193,0.843140437473585,0.8697323950241074,0.8845367375814409
10.6,100.927065,8.51998,0.8181840320122686,0.8411796289899147,0.8697323950241074,0.8824748941714886
10.62,100.927065,8.1923,0.8181840320122686,0.8392188504253509,0.8697323950241074,0.8824748941714886
10.64,100.927065,7.5369399999999995,0.8181840320122686,0.8372580718607869,0.8697323950241074,0.8804130507615364
10.66,100.927065,7.209255,0.8181840320122686,0.8372580718607869,0.8697323950241074,0.8783511758903505
10.68,100.927055,6.55389,0.8181839549485505,0.8352972633771167,0.8697323365615021,0.8762893324803983
10.7,101.582415,5.570845,0.8232344027850829,0.8313757062479891,0.873563741866317,0.8742274576092124
10.72,101.25472500000001,5.243164999999999,0.8181838778848323,0.8313757062479891,0.8735636834037116,0.8721656141992601
10.74,101.5824,4.5878,0.8232342486576465,0.8294148977643186,0.8735636834037116,0.8701037707893079
10.76,101.91008,3.93244,0.8232343257213648,0.8274541191997548,0.8773950302459212,0.8680419273793556
10.78,102.23775499999999,2.62171,0.8282846964941789,0.8235325321515206,0.8773950302459212,0.8639182090982175
10.8,102.23775499999999,1.310985,0.8282846964941789,0.8196109750223929,0.8773950302459212,0.8597944908170793
10.82,102.893115,0.65562,0.8333351443307113,0.8176501665387226,0.8812264355507362,0.8577326474071271
10.84,102.56542999999999,0.0002599999999972,0.8282846964941789,0.8156893879741586,0.8812263770881308,0.8556708039971748
10.86,102.89310499999999,-0.655115,0.8333350672669931,0.8137285794904884,0.8812263770881308,0.8536088976647552
10.88,102.89310499999999,-1.63816,0.8333350672669931,0.8098069924422541,0.8812263770881308,0.851547054254803
10.9,102.89310499999999,-1.96584,0.8333350672669931,0.8098069924422541,0.8812263770881308,0.8494852108448507
10.92,102.89310499999999,-2.94889,0.8333350672669931,0.80588540539402,0.8812263770881308,0.8474233359736648
10.94,103.220775,-3.2765750000000002,0.833334990203275,0.80588540539402,0.8850577239303404,0.8453614611024789
10.96,102.8931,-3.93194,0.8333350672669931,0.8039245969103496,0.8812263186255255,0.8432996176925267
10.98,103.220775,-4.5873,0.833334990203275,0.8019638183457857,0.8850577239303404,0.8412377742825744
11.0,103.548455,-5.57035,0.8383854380398074,0.8000030098621155,0.8850577239303404,0.8371140560014363
11.02,87.819725,-10.485524999999999,0.7727295391011675,0.7882383683938388,0.7509575443975256,0.8185575911568009
11.04,67.1755,-11.140925,0.5707082348362685,0.7784344157328066,0.6628332931208046,0.8247429326192555
11.06,64.88175,-9.830205,0.5404053936896375,0.7862775299910619,0.6590021216664111,0.8247429326192555
11.08,64.88176,-10.157900000000001,0.5404054707533557,0.784316691588285,0.6590021801290165,0.8247429011580218
11.1,64.881765,-10.157900000000001,0.540405547817074,0.784316691588285,0.6590021801290165,0.8247429011580218
11.12,64.881765,-10.157905,0.540405547817074,0.784316691588285,0.6590021801290165,0.8247428696967883
11.14,64.554085,-10.157915,0.540405547817074,0.7843166616691786,0.6551707748242015,0.8247428382355545
11.16,64.55409,-10.813279999999999,0.540405547817074,0.7823558531855082,0.6551708332868069,0.8226809948256024
11.18,64.226405,-10.813289999999999,0.5353550999805414,0.7823558232664017,0.6551707748242015,0.8226809633643686
11.2,63.571045,-11.468655,0.530304652144009,0.7803950447018377,0.6513393695193865,0.8206190884931827
11.22,62.915675,-12.124035,0.530304652144009,0.7803950147827313,0.6436764419845459,0.8164953072895772
11.24,29.491970000000002,-19.988500000000002,0.3686883177182975,0.762747618753272,0.375475556755468,0.7855671527605549
11.26,13.762844999999999,-20.971595,0.15656527007943344,0.7470611508839091,0.3524846694971532,0.7958762754266151
11.28,12.45213,-18.350155,0.13636324754214907,0.760786600835856,0.3524849033475746,0.7979381188365673
11.3,12.452135,-18.022485,0.13636332460586728,0.7607865709167495,0.3524849033475746,0.7999999307852859
11.32,12.452145,-17.694815,0.1363634016695855,0.7627473195622069,0.35248496181017996,0.7999998993240522
11.34,12.45215,-18.022505000000002,0.1363634016695855,0.7607865110785365,0.35248502027278533,0.7999998678628185
11.36,12.452145,-19.00556,0.1363634016695855,0.7588256726757596,0.35248496181017996,0.7958761495816804
11.38,12.45215,-19.66093,0.13636347873330368,0.7568648941111957,0.35248496181017996,0.7938142432492608
11.4,12.452145,-20.643985,0.1363634016695855,0.7549040557084188,0.35248496181017996,0.7896905249681226
11.42,9.17526,-23.593125,0.13636332460586728,0.747060911531057,0.3141699733603446,0.7793812135346604
11.44,3.60456,-24.24852,0.06565535949261249,0.7411784262418328,0.3026754066702676,0.7814429940221452
11.46,4.587605,-23.593155000000003,0.07575633222939557,0.745100013290067,0.3065068119750825,0.7814429940221452
11.48,4.5876,-23.920845,0.07575625516567737,0.7431392048063967,0.3065068119750825,0.7814429625609117
11.5,4.587595,-24.248534999999997,0.07575625516567737,0.7431391748872902,0.3065067535124772,0.7793810876897258
11.52,4.587595,-24.9039,0.07575625516567737,0.7411783664036199,0.3065067535124772,0.7773192442797735
11.54,5.242955,-24.90391,0.08080670300220982,0.7411783364845134,0.31033815881729215,0.7773192128185399
11.56,5.242955,-25.55928,0.08080670300220982,0.739217528000843,0.31033815881729215,0.775257337947354
11.58,5.242955,-26.214644999999997,0.08080670300220982,0.7372567494362791,0.31033815881729215,0.7731954630761679
11.6,5.242955,-26.870015000000002,0.08080670300220982,0.7352959409526088,0.31033815881729215,0.771133588204982
11.62,5.898315,-27.853054999999998,0.08585715083874225,0.7333351623880449,0.31416956412210706,0.7670099013850775
11.64,5.570635,-28.50843,0.08585715083874225,0.7294135454207042,0.31033815881729215,0.767009869923844
11.66,5.898315,-28.836115,0.08585715083874225,0.7294135454207042,0.31416956412210706,0.7649479950526581
11.68,5.89832,-29.491484999999997,0.08585722790246046,0.7274527369370338,0.31416956412210706,0.7628861201814722
11.7,5.898315,-30.146845,0.08585715083874225,0.7254919583724699,0.31416956412210706,0.7608242767715199
11.72,10.158215,-31.129894999999998,0.09090767573899292,0.7215703414051292,0.36014707086854564,0.7587624333615677
11.74,19.00578,-30.802185,0.1868679570986281,0.7215704311624488,0.3907993656339618,0.760824371155221
11.76,18.350450000000002,-29.81914,0.1818178945806867,0.725492018210683,0.3869680187917522,0.7628862145651731
11.78,17.69509,-30.146825,0.17676752380787247,0.725492018210683,0.38313655502433186,0.7608243396939872
11.8,17.039724999999997,-31.12988,0.17171699890762182,0.7235311798079062,0.37930514971951684,0.7567006214128491
11.82,16.38436,-32.440615,0.16666655107108938,0.7176488141951081,0.3754736859520966,0.7546387150804295
11.84,15.72899,-32.11294,0.16161602617083873,0.7196095628405654,0.37164222218467624,0.7546387150804295
11.86,15.401309999999999,-31.78526,0.1565655783343063,0.7196095628405654,0.37164222218467624,0.7567005584903818
11.88,15.07362,-32.44062,0.15656550127058808,0.7176487842760015,0.3678107584172559,0.7546387150804295
11.9,15.073615,-32.76831,0.15656542420686986,0.7176487543568951,0.3678107584172559,0.7525768402092436
11.92,20.972,-32.768294999999995,0.18181804870812313,0.7176487543568951,0.417620430482379,0.7525769345929446
11.94,23.265945000000002,-33.09596,0.2222237891844925,0.7156880655496507,0.4137895513410123,0.7525769345929446
11.96,22.610585,-32.76828,0.21717334134796007,0.7176488441142146,0.4099581460361974,0.7525769345929446
11.98,22.282915000000003,-33.42364,0.21212297057514584,0.7156880655496507,0.4099582044988027,0.7505150911829923
12.0,21.955235000000002,-33.751325,0.21212297057514584,0.7137272869850869,0.4061267991939877,0.7505150597217587
12.02,21.627555,-33.751329999999996,0.20707252273861337,0.7137272570659804,0.4061267991939877,0.7505150597217587
12.04,21.627555,-34.079015,0.20707252273861337,0.7137272570659804,0.4061267991939877,0.7484531848505728
12.06,21.29988,-34.406695,0.2070725998023316,0.7117664785014165,0.40229539388917285,0.7484531848505728
12.08,20.9722,-34.4067,0.20202215196579917,0.7117664485823101,0.40229539388917285,0.7484531848505728
12.1,20.9722,-35.06206,0.20202215196579917,0.7098056700177461,0.40229539388917285,0.7463913414406206
12.12,20.972205000000002,-36.045105,0.20202215196579917,0.7078448914531824,0.4022954523517781,0.7422676231594824
12.14,20.972225,-36.70047,0.20202207490208096,0.705884082969512,0.40229574466480494,0.7402057797495302
12.16,27.52595,-38.011155,0.23737628864986296,0.7019626155977039,0.4521046567160584,0.7360822187745604
12.18,28.836675,-37.68347,0.2626286819599616,0.7019626455168104,0.44827319294863804,0.7381440621845126
12.2,28.18131,-38.01115,0.2575782341234291,0.7019626455168104,0.44444172918121777,0.7360822187745604
12.22,28.181305000000002,-38.011155,0.25757815705971093,0.7019626455168104,0.44444172918121777,0.7360821873133268
12.24,28.181305000000002,-38.01116,0.25757815705971093,0.7019626155977039,0.44444172918121777,0.7360821873133268
12.26,28.836665,-38.338845,0.26262860489624335,0.70000183703314,0.44827313448603273,0.736082155852093
12.28,29.16434,-38.666525,0.26262860489624335,0.70000183703314,0.4521044813282423,0.7340203124421408
12.3,29.16434,-38.99421,0.26262852783252516,0.6980410285494696,0.45210453979084764,0.7340203124421408
12.32,29.819695,-39.977255,0.27272942350559004,0.6960802499849058,0.4521044813282423,0.7298965941610026
12.34,29.492015000000002,-39.97726,0.26767897566905763,0.6960802200657993,0.4521044813282423,0.7298965941610026
12.36,29.492015000000002,-40.632625000000004,0.26767897566905763,0.6941194415012354,0.4521044813282423,0.7278347192898167
12.38,29.492015000000002,-40.304945000000004,0.26767897566905763,0.6941194415012354,0.4521044813282423,0.729896562699769
12.4,29.492005,-40.30495,0.2676788986053394,0.6941194115821289,0.45210442286563696,0.729896562699769
12.42,29.492015000000002,-40.632635,0.26767897566905763,0.6941194115821289,0.4521044813282423,0.727834687828583
12.44,29.492015000000002,-40.63264,0.26767897566905763,0.6941193816630223,0.4521044813282423,0.727834687828583
12.46,29.492005,-40.960319999999996,0.2676788986053394,0.6921586030984586,0.45210442286563696,0.727834687828583
12.48,29.49201,-40.960319999999996,0.26767897566905763,0.6921586030984586,0.45210442286563696,0.727834687828583
12.5,29.492015000000002,-40.960319999999996,0.26767897566905763,0.6921586030984586,0.4521044813282423,0.727834687828583
12.52,33.424185,-41.615674999999996,0.2676788986053394,0.6901978245338948,0.4980815203738379,0.7257728758798645
12.54,42.599285,-41.61565,0.3686884718457339,0.6901979142912142,0.5287329966627791,0.7257729388023318
12.56,42.599285,-40.960285,0.3686884718457339,0.6921587227748845,0.5287329966627791,0.727834782212284
12.58,42.599285,-41.61565,0.3686884718457339,0.6901979142912142,0.5287329966627791,0.7257729388023318
12.6,42.599285,-41.61565,0.3686884718457339,0.6901979142912142,0.5287329966627791,0.7257729388023318
12.62,42.599285,-41.61565,0.3686884718457339,0.6901979142912142,0.5287329966627791,0.7257729388023318
12.64,42.59928,-41.615655000000004,0.3686884718457339,0.6901979142912142,0.5287329382001738,0.7257729073410981
12.66,42.599275,-42.271015,0.36868839478201565,0.6882371357266504,0.5287329382001738,0.7237110639311459
12.68,42.599275,-42.27102,0.36868839478201565,0.6882371058075438,0.5287329382001738,0.7237110639311459
12.7,42.926955,-42.27102,0.36868839478201565,0.6882371058075438,0.5325643435049887,0.7237110639311459
12.72,42.926955,-43.254065,0.3737388426185481,0.68627632724298,0.5287329382001738,0.7195873456500077
12.74,58.328005,-43.58171,0.43434452491181025,0.6862763571620866,0.6628329423451725,0.7175256910074576
12.76,67.503155,-44.237015,0.5656574016811452,0.6823550094667044,0.6704961037304346,0.7175258168523923
12.78,66.520105,-43.581655,0.555556428944362,0.6843158179503748,0.6666646399630142,0.7195876288011107
12.8,66.520105,-44.23702,0.5505059811078296,0.6823550094667044,0.6704960452678291,0.7175257853911586
12.82,65.86474,-43.58166,0.5505059811078296,0.6843157880312684,0.6628331761955938,0.7195876288011107
12.84,65.864735,-44.237030000000004,0.5505059040441114,0.6823549795475979,0.6628331761955938,0.7175257539299248
12.86,65.864735,-43.90935,0.5505059040441114,0.6843157581121617,0.6628331761955938,0.7175257539299248
12.88,65.537055,-44.237035,0.5454554562075788,0.6823549795475979,0.6628331761955938,0.7175257224686913
12.9,65.537045,-44.892395,0.5454553791438608,0.6803942009830342,0.6628331177329885,0.715463879058739
12.92,9.176085000000004,-45.54776,0.5505058269803932,0.6784333924993637,0.0,0.7134020356487868
12.94,66.1924,-45.54776,0.5505058269803932,0.6784333924993637,0.6666644645751982,0.7134020356487868
12.96,66.847755,-46.530805,0.5555561977532074,0.6764726139347998,0.670495869880013,0.7092783173676486
12.98,66.847755,-46.85849,0.5555561977532074,0.6745118054511295,0.670495869880013,0.7092783173676486
13.0,66.847755,-46.858485,0.5555561977532074,0.6745118353702361,0.670495869880013,0.7092783173676486
13.02,66.52007499999999,-46.858495,0.550505749916675,0.6745118054511295,0.670495869880013,0.709278285906415
13.04,66.84774999999999,-47.84154,0.5555561206894892,0.6725509969674591,0.670495869880013,0.7051545990865105
13.06,67.175435,-47.51386,0.5555561977532074,0.6725509969674591,0.674327275184828,0.7072164424964626
13.08,67.50311500000001,-47.51386,0.5606066455897398,0.6725509969674591,0.674327275184828,0.7072164424964626
13.1,67.50311500000001,-47.186170000000004,0.5606066455897398,0.6725510268865657,0.674327275184828,0.7092783173676486
13.12,67.503105,-46.85849,0.5606065685260216,0.6745118054511295,0.6743272167222227,0.7092783173676486
13.14,67.50311500000001,-46.20312,0.5606066455897398,0.6764726139347998,0.674327275184828,0.7113401922388345
13.16,67.175425,-46.530815000000004,0.5606065685260216,0.6764725840156933,0.6704958114174078,0.709278285906415
13.18,67.50311500000001,-46.858495,0.5606066455897398,0.6745118054511295,0.674327275184828,0.709278285906415
13.2,67.50311500000001,-47.186175,0.5606066455897398,0.6725510268865657,0.674327275184828,0.709278285906415
13.22,67.50311500000001,-46.858495,0.5606066455897398,0.6745118054511295,0.674327275184828,0.709278285906415
13.24,67.50311500000001,-47.18618,0.5606066455897398,0.674511775532023,0.674327275184828,0.7072164424964626
13.26,67.50311500000001,-47.51386,0.5606066455897398,0.6725509969674591,0.674327275184828,0.7072164424964626
13.28,67.50311,-47.841544999999996,0.5606066455897398,0.6725509969674591,0.6743272167222227,0.7051545676252768
13.3,66.84775,-48.169225,0.5555561977532074,0.6705902184028953,0.6704958114174078,0.7051545676252768
13.32,67.50310999999999,-48.824595,0.5606065685260216,0.6705901884837888,0.674327275184828,0.7010308493441386
13.34,74.384465,-48.496865,0.5858590388998384,0.668629469757438,0.7356304616131317,0.7051547878539125
13.36,80.61053,-48.16914,0.661617220658471,0.6705904577557474,0.7509566674584452,0.7051548507763798
13.38,79.955165,-47.513775,0.6565667728219386,0.6725512662394177,0.7471252036910249,0.707216694186332
13.4,79.955165,-47.841454999999996,0.6565667728219386,0.6725512662394177,0.7471252036910249,0.7051548507763798
13.42,79.62748500000001,-47.841465,0.6565667728219386,0.6725512363203113,0.7432937983862099,0.7051548193151461
13.44,79.955165,-48.169145,0.6565667728219386,0.6705904577557474,0.7471252036910249,0.7051548193151461
13.46,79.95516,-48.169145,0.6565666957582205,0.6705904577557474,0.7471252036910249,0.7051548193151461
13.48,79.62747999999999,-47.84146,0.6565666957582205,0.6705904577557474,0.7432937983862099,0.707216694186332
13.5,79.299795,-47.84146,0.6515162479216879,0.6725512363203113,0.7432937399236046,0.7051548507763798
13.52,79.299795,-47.51378,0.6515162479216879,0.6725512363203113,0.7432937399236046,0.707216694186332
13.54,79.299795,-47.51378,0.6515162479216879,0.6725512363203113,0.7432937399236046,0.707216694186332
13.56,78.64444,-46.85841,0.6464658000851555,0.6745120448039816,0.7394623930813949,0.709278569057518
13.58,75.36758,-47.513785,0.6464658771488737,0.676472853287652,0.7011475800193756,0.7030929129827266
13.6,35.71788,-52.429140000000004,0.4393943562385971,0.660786146065437,0.39463264174214824,0.6886595371945559
13.62,15.72923,-51.118449999999996,0.1565673507998251,0.6588252179053405,0.3754750890546252,0.6989687227830833
13.64,17.03998,-49.480045000000004,0.17171892550057705,0.6666683620827024,0.3793066697472562,0.7010305661930356
13.66,17.039985,-49.479375000000005,0.17171900256429526,0.666668332163596,0.3793066697472562,0.7010348134595813
13.68,17.039994999999998,-49.48006,0.17171907962801347,0.6666683022444895,0.37930672820986155,0.7010305347318019
13.7,17.039994999999998,-49.807745,0.17171907962801347,0.6666683022444895,0.37930672820986155,0.698968659860616
13.72,16.712315,-49.807755,0.17171907962801347,0.666668272325383,0.3754753229050466,0.6989686283993823
13.74,16.38464,-49.807755,0.16666863179148103,0.666668272325383,0.37547538136765196,0.6989686283993823
13.76,16.384645,-50.790800000000004,0.16666870885519924,0.6627466852771488,0.37547538136765196,0.69690678498943
13.78,16.712325,-52.10153,0.16666870885519924,0.6607858767934783,0.3793067866724669,0.6907212232983396
13.8,13.762905,-56.689085,0.16666732170827148,0.6470603670033184,0.34482168349970715,0.6762881621225058
13.82,11.141314999999999,-56.033744999999996,0.12121113339536964,0.6470602473268924,0.34865297187931144,0.6804118489424101
13.84,11.796685,-55.70606,0.13131218319587093,0.6490210558105627,0.34865297187931144,0.6804118489424101
13.86,11.796685,-56.03375,0.13131218319587093,0.6470602473268924,0.34865297187931144,0.6804118174811764
13.88,12.124369999999999,-56.033744999999996,0.13131218319587093,0.6470602772459988,0.3524844356467317,0.6804118174811764
13.9,12.45205,-56.361435,0.1363626310324034,0.6470602473268924,0.3524844356467317,0.6783499426099905
13.92,12.452055,-57.0168,0.1363627080961216,0.6450994388432221,0.3524844356467317,0.6762880992000383
13.94,12.45205,-57.999845,0.1363627080961216,0.6431386602786582,0.3524843771841264,0.6721643809189002
13.96,6.881365000000001,-58.65522,0.1010087255394942,0.6392170433113175,0.31416950565950175,0.6721643494576665
13.98,6.553675,-57.67218,0.0909075986752747,0.6431386004404451,0.3180009694269221,0.6742261928676188
14.0,6.55368,-57.672185,0.0909075986752747,0.6431386004404451,0.3180010278895274,0.674226161406385
14.02,6.55368,-57.99987,0.09090767573899292,0.6411777919567747,0.3180009694269221,0.674226161406385
14.04,6.881365000000001,-57.99987,0.09090767573899292,0.6411777919567747,0.32183243319434235,0.674226161406385
14.06,6.881365000000001,-58.655235,0.09090767573899292,0.6392170133922109,0.32183243319434235,0.6721642865351991
14.08,7.209045,-58.98292,0.09595812357552534,0.6392169834731044,0.32183243319434235,0.6701024431252469
14.1,7.210319999999999,-58.98292,0.09595812357552534,0.6372562049085405,0.32184734115870894,0.6721642865351991
14.12,7.536725000000001,-58.98292,0.1010085714120578,0.6392169834731044,0.32183243319434235,0.6701024431252469
14.14,8.519775,-60.62133,0.09595812357552534,0.6352953964248702,0.33715817133881293,0.6639168814341565
14.16,21.2996,-61.932019999999994,0.19191825080772415,0.6313738991339555,0.4137886159393266,0.6597933204591867
14.18,21.62743,-62.587355,0.20707159797399488,0.6274524616812539,0.4061260391801181,0.6597933519204204
14.2,20.972074999999997,-62.587365,0.20202115013746244,0.6274524317621474,0.4022946923379085,0.6597933204591867
14.22,20.316724999999998,-62.915045,0.1969707793646482,0.6274524317621474,0.3984633454956989,0.6577314770492345
14.24,20.316724999999998,-62.915054999999995,0.1969707793646482,0.6274524018430409,0.3984633454956989,0.6577314455880009
14.26,20.31673,-62.915054999999995,0.1969707793646482,0.6274524018430409,0.39846340395830426,0.6577314455880009
14.28,19.661375,-62.587379999999996,0.19192040859183399,0.6274523719239344,0.3946319986534893,0.659793288997953
14.3,19.661369999999998,-63.24274,0.19192033152811575,0.6254915933593704,0.3946319986534893,0.6577314455880009
14.32,19.661375,-63.242745,0.19192040859183399,0.6254915933593704,0.3946319986534893,0.6577314141267671
14.34,19.661375,-62.587385,0.19192040859183399,0.6274523719239344,0.3946319986534893,0.6597932575367195
14.36,19.333695,-63.24275,0.19192040859183399,0.625491563440264,0.3908005933486743,0.6577314141267671
14.38,19.007289999999998,-63.57043,0.18688961200344478,0.625491563440264,0.3908005933486743,0.655669570716815
14.4,19.006014999999998,-63.89811,0.18686996075530155,0.6235307848757001,0.3908005933486743,0.655669570716815
14.42,19.006014999999998,-63.898115000000004,0.18686996075530155,0.6235307848757001,0.3908005933486743,0.6556695392555812
14.44,19.006014999999998,-64.2258,0.18686996075530155,0.6235307549565936,0.3908005933486743,0.653607695845629
14.46,19.00602,-64.2258,0.18686996075530155,0.6235307549565936,0.39080065181127965,0.653607695845629
14.48,18.678335,-64.225795,0.18686996075530155,0.6215700063111363,0.3869691880438593,0.6556695392555812
14.5,18.350655000000003,-64.55348000000001,0.1818195129187691,0.6215699763920298,0.3869691880438593,0.653607695845629
14.52,18.350655000000003,-63.898120000000006,0.1818195129187691,0.6235307549565936,0.3869691880438593,0.6556695392555812
14.54,18.350655000000003,-64.2258,0.1818195129187691,0.6235307549565936,0.3869691880438593,0.653607695845629
14.56,17.695295,-64.55348000000001,0.17676906508223664,0.6215699763920298,0.38313778273904436,0.653607695845629
14.58,17.695325,-65.20884,0.17676906508223664,0.6196091978274659,0.3831381335146765,0.6515458524356768
14.6,32.11345,-63.89806,0.22727508472192523,0.6235308746330197,0.5134071415930977,0.6556697909454506
14.62,42.59926,-62.91498,0.37373876555482993,0.6274526112767864,0.524901415970148,0.6577316972778702
14.64,41.61621,-62.914985,0.3585873449815144,0.6274526112767864,0.5249013575075427,0.6577316658166366
14.66,41.943885,-62.914995000000005,0.3636377157543286,0.62745258135768,0.5249013575075427,0.6577316343554028
14.68,42.599244999999996,-63.24268,0.3686881635908611,0.6254917728740096,0.5287327628123577,0.6577316343554028
14.7,42.926919999999996,-63.24268,0.36868808652714286,0.6254917728740096,0.5325641681171727,0.6577316343554028
14.72,43.254605,-63.24268,0.37373861142739356,0.6254917728740096,0.5325641681171727,0.6577316343554028
14.74,43.582274999999996,-63.24268,0.3737385343636753,0.6254917728740096,0.5363955149593822,0.6577316343554028
14.76,43.909955,-63.570364999999995,0.37878898220020774,0.6254917728740096,0.5363955149593822,0.6556697594842169
14.78,43.909955,-63.570364999999995,0.37878898220020774,0.6254917429549031,0.5363955149593822,0.6556697909454506
14.8,43.90995,-64.22573,0.37878898220020774,0.6235309643903393,0.5363954564967769,0.6536079160742647
14.82,43.90995,-64.22573,0.37878898220020774,0.6235309643903393,0.5363954564967769,0.6536079160742647
14.84,43.254585,-63.89805,0.3737384572999571,0.6235309643903393,0.5325640511919619,0.6556697594842169
14.86,43.582265,-64.22573,0.3737384572999571,0.6235309643903393,0.5363954564967769,0.6536079160742647
14.88,43.582265,-64.22573,0.37878890513648955,0.6235309643903393,0.5325640511919619,0.6536079160742647
14.9,43.58227,-64.881095,0.37878890513648955,0.6215701858257754,0.5325641096545672,0.6515460412030788
14.92,43.254585,-64.8811,0.3737384572999571,0.6215701559066689,0.5325640511919619,0.6515460412030788
14.94,69.796835,-64.553335,0.515151613232611,0.6196094670994245,0.7356300523748943,0.6556701684802546
14.96,84.870395,-63.89785499999999,0.6919199847413838,0.623531532853363,0.7777767384425714,0.6556703887088904
14.98,84.54272,-62.587125,0.6919202159325385,0.6274531498207037,0.7739452162125456,0.6597940755287948
15.0,83.887355,-62.914815000000004,0.6868696910322879,0.6274531199015972,0.7701138109077307,0.657732200657609
15.02,83.231995,-62.914815000000004,0.6818192431957554,0.6274531199015972,0.7662824056029157,0.657732200657609
15.04,83.231995,-62.58714,0.6818192431957554,0.6274530899824907,0.7662824056029157,0.6597940440675613
15.06,82.576625,-62.58714,0.6767687182955048,0.6274530899824907,0.7624509418354954,0.6597940440675613
15.08,82.576625,-61.93178,0.6767687182955048,0.6294138685470546,0.7624509418354954,0.6618558874775133
15.1,82.57662,-61.93178,0.6767687182955048,0.6294138685470546,0.7624508833728901,0.6618558874775133
15.12,82.576615,-62.587145,0.6767686412317866,0.6274530899824907,0.7624508833728901,0.6597940126063275
15.14,81.921255,-62.58715,0.6717181933952542,0.6274530600633842,0.7586194780680752,0.6597940126063275
15.16,81.921255,-62.58715,0.6717181933952542,0.6274530600633842,0.7586194780680752,0.6597940126063275
15.18,81.92125,-62.58715,0.6717181933952542,0.6274530600633842,0.7586194196054699,0.6597940126063275
15.2,81.921245,-62.587155,0.6717181163315359,0.6274530600633842,0.7586194196054699,0.6597939811450939
15.22,81.265885,-63.24252,0.6666676684950035,0.6254922515797139,0.7547880143006549,0.6577321377351416
15.24,81.265885,-63.24252,0.6666676684950035,0.6274530301442777,0.7547880143006549,0.6556702943251894
15.26,81.265885,-63.897885,0.6666676684950035,0.6235314430960435,0.7547880143006549,0.6556702943251894
15.28,80.93819500000001,-64.22557,0.6616171435947529,0.6235314430960435,0.7547879558380495,0.6536084194540034
15.3,81.921235,-64.55325500000001,0.6717180392678177,0.6235314430960435,0.7586193611428644,0.6515465445828175
15.32,76.67825500000001,-66.51937000000001,0.6616169894673164,0.6176490774832454,0.7049786345485586,0.6453608255855587
15.34,66.519995,-66.84712,0.5555555812434616,0.6137272211630526,0.6666639968743552,0.6474225431505763
15.36,65.864645,-66.51944,0.5505052104706475,0.6156879997276163,0.6628326500321456,0.6474225431505763
15.38,66.192325,-66.847125,0.5505052104706475,0.6156879997276163,0.6666640553369606,0.6453606682793904
15.4,65.864645,-67.17481000000001,0.545454762634115,0.613727191243946,0.6666640553369606,0.6453606682793904
15.42,66.19232,-66.84713500000001,0.5505052104706475,0.6156879698085099,0.6666639968743552,0.6453606368181568
15.44,66.192325,-67.502505,0.5505052104706475,0.6137271613248395,0.6666640553369606,0.6432987619469709
15.46,66.192325,-67.502505,0.5505052104706475,0.6137271613248395,0.6666640553369606,0.6432987619469709
15.48,65.86464,-68.15787,0.5505052104706475,0.6117663528411692,0.6628325915695402,0.6412369185370186
15.5,65.86463499999999,-67.830195,0.5454546855703969,0.6117663528411692,0.6666639968743552,0.6432987304857372
15.52,65.86464000000001,-68.48555999999999,0.5505051334069293,0.6117663229220627,0.6628326500321456,0.6391750436658327
15.54,65.536955,-68.81324,0.5454546855703969,0.6098055443574988,0.6628325915695402,0.6391750436658327
15.56,65.536965,-69.140925,0.545454762634115,0.607844765792935,0.6628326500321456,0.639175012204599
15.58,66.192325,-69.14093,0.5505052104706475,0.6078447358738285,0.6666640553369606,0.639175012204599
15.6,65.536965,-69.14093,0.545454762634115,0.6078447358738285,0.6628326500321456,0.639175012204599
15.62,65.536965,-70.12397,0.545454762634115,0.6058839573092647,0.6628326500321456,0.6350513253846946
15.64,65.536965,-70.451655,0.545454762634115,0.6039231787447007,0.6628326500321456,0.6350512939234608
15.66,65.536965,-70.779335,0.545454762634115,0.6039231787447007,0.6628326500321456,0.6329894505135086
15.68,65.53697,-71.4347,0.545454762634115,0.6019623702610304,0.662832708494751,0.6309276071035563
15.7,65.21056,-71.76238000000001,0.5404043147975827,0.6000015916964666,0.6628475579965123,0.6309276071035563
15.72,65.53697,-71.76238000000001,0.545454762634115,0.6000015916964666,0.662832708494751,0.6309276071035563
15.74,65.536975,-71.76238000000001,0.5454548396978333,0.6000015916964666,0.662832708494751,0.6309276071035563
15.76,65.209295,-72.41774,0.5404043918613007,0.5980408131319027,0.662832708494751,0.6288657636936041
15.78,65.53698,-72.745425,0.5454548396978333,0.5980408131319027,0.6628327669573564,0.6268038888224182
15.8,67.17539500000001,-73.40077,0.5454549167615514,0.5960800345673389,0.6819899104066419,0.6247421397961671
15.82,80.93815000000001,-72.745315,0.6464650294479733,0.5980410824038613,0.7662822302150998,0.626804297818456
15.84,82.9043,-72.08993,0.6818191661320372,0.5980412020802874,0.7624508833728901,0.6309280160995941
15.86,82.248945,-72.08993,0.6767687182955048,0.6000019806448513,0.7586195365306806,0.628866172689642
15.88,82.57661999999999,-72.089935,0.6767686412317866,0.6000019806448513,0.7624509418354954,0.6288661412284082
15.9,81.92126,-72.417615,0.6717181933952542,0.5980411721611809,0.7586195365306806,0.628866172689642
15.92,81.921255,-72.745295,0.6717181933952542,0.5980412020802874,0.7586194780680752,0.626804297818456
15.94,81.921255,-72.41762,0.6717181933952542,0.5980411721611809,0.7586194780680752,0.6288661412284082
15.96,81.593575,-72.41762,0.6717181933952542,0.5980411721611809,0.7547880727632602,0.6288661412284082
15.98,81.265895,-73.072985,0.6666677455587217,0.596080393596617,0.7547880727632602,0.6268042663572223
16.0,81.593575,-73.40066,0.6717181933952542,0.596080393596617,0.7547880727632602,0.6247424544085037
16.02,81.921255,-73.72835,0.6717181933952542,0.5941195851129466,0.7586194780680752,0.6247424229472701
16.04,81.921255,-73.728345,0.6717181933952542,0.5941196150320532,0.7586194780680752,0.6247424229472701
16.06,82.576615,-73.72835,0.6767686412317866,0.5941195851129466,0.7624508833728901,0.6247424229472701
16.08,82.25021000000001,-74.38371000000001,0.6767882924799298,0.5921588065483828,0.7586194780680752,0.6226805795373178
16.1,82.576615,-74.05602999999999,0.6767686412317866,0.5941196150320532,0.7624508833728901,0.6226805480760842
16.12,88.80260000000001,-73.72835,0.6868695369048515,0.5921588065483828,0.8275855335686141,0.6268042663572223
16.14,103.54836499999999,-73.07299,0.8333342195660929,0.5960803636775106,0.8888886615343126,0.6268042663572223
16.16,103.220685,-72.089945,0.8333342966298111,0.5980411721611809,0.8850571977668922,0.6309279531771268
16.18,103.548365,-71.76227,0.8383847444663435,0.6000019208066383,0.8850571977668922,0.6309279531771268
16.2,103.220675,-71.762275,0.8333342195660929,0.6000019208066383,0.8850571393042868,0.6309279217158932
16.22,103.548355,-71.76228,0.8383846674026253,0.6000018908875316,0.8850571393042868,0.6309279217158932
16.24,103.548355,-71.106925,0.8383846674026253,0.6019626694520956,0.8850571393042868,0.6329897336646118
16.26,103.548355,-71.10693,0.8383846674026253,0.601962639532989,0.8850571393042868,0.6329897336646118
16.28,103.548355,-71.106935,0.8383846674026253,0.601962639532989,0.8850571393042868,0.632989702203378
16.3,103.548355,-71.43461,0.8383846674026253,0.601962639532989,0.8850571393042868,0.6309278902546593
16.32,103.548345,-71.43462,0.8383845903389071,0.6019626096138826,0.8850570808416814,0.6309278587934258
16.34,103.22067,-71.7623,0.8383846674026253,0.6000018310493187,0.8812256755368665,0.6309278587934258
16.36,102.892985,-71.7623,0.8333341425023746,0.6000018310493187,0.8812256755368665,0.6309278587934258
16.38,102.565305,-72.41766,0.8333341425023746,0.5980410524847548,0.8773942702320514,0.6288660153834735
16.4,102.56530000000001,-72.745345,0.8282836946658423,0.5980410524847548,0.8812256170742611,0.6268041405122876
16.42,116.65564499999999,-72.089985,0.9090913994963887,0.6000017712111057,0.9846743787807402,0.6288660468447073
16.44,121.57088,-71.76227,0.9797982086538704,0.6000019208066383,0.9885057840855551,0.6309279531771268
16.46,121.243185,-71.106915,0.9747476066899015,0.6019626993712021,0.9885057256229497,0.6329897651258453
16.48,120.587825,-71.10692,0.969697158853369,0.6019626694520956,0.9846743203181347,0.6329897651258453
16.5,120.260135,-71.106925,0.9696970817896509,0.6019626694520956,0.9808428565507146,0.6329897336646118
16.52,119.604775,-71.433935,0.9646466339531184,0.601962639532989,0.9770114512458996,0.6309321375212051
16.54,119.27709,-71.43461,0.959596186116586,0.601962639532989,0.9770113927832942,0.6309278902546593
16.56,118.949405,-71.762295,0.9545456612163353,0.6000018609684252,0.9770113927832942,0.6309278587934258
16.58,119.277085,-71.76226,0.9595961090528677,0.6000020704021708,0.9770113927832942,0.6309278587934258
16.6,118.949405,-71.7623,0.9595961090528677,0.6000018310493187,0.9731799874784792,0.6309278587934258
16.62,118.621725,-71.43462,0.9545456612163353,0.6000018310493187,0.9731799874784792,0.632989702203378
16.64,118.621725,-71.10694,0.9545456612163353,0.6019626096138826,0.9731799874784792,0.632989702203378
16.66,118.621725,-70.45158,0.9545456612163353,0.6039233881784464,0.9731799874784792,0.6350515456133303
16.68,118.621725,-70.45158,0.9545456612163353,0.6039233881784464,0.9731799874784792,0.6350515456133303
16.7,117.966365,-71.10694,0.9494952133798028,0.6019626096138826,0.9693485821736643,0.632989702203378
16.72,117.311,-71.434625,0.9444447655432705,0.6019626096138826,0.9655171184062439,0.6309278273321921
16.74,118.949415,-71.434625,0.9444447655432705,0.6000018011302122,0.9846743203181347,0.632989702203378
16.76,123.86464000000001,-71.4346,1.0,0.6000018908875316,1.0,0.6329897651258453
16.78,122.553905,-70.77923,0.9848485023629664,0.603923477935766,0.9961685362325796,0.6329897965870791
16.8,122.553905,-70.451555,0.9848485023629664,0.603923477935766,0.9961685362325796,0.6350516085357977
16.82,122.881585,-70.779245,0.9898989501994988,0.6039234480166593,0.9961685362325796,0.6329897336646118
16.84,123.20927,-70.45156,0.9898990272632171,0.6039234480166593,0.9999999415373946,0.6350516085357977
16.86,123.209265,-70.45156,0.9898989501994988,0.6039234480166593,0.9999999415373946,0.6350516085357977
16.88,123.209265,-70.451555,0.9898989501994988,0.603923477935766,0.9999999415373946,0.6350516085357977
16.9,123.209265,-70.451555,0.9949493980360313,0.6039234480166593,0.9961685362325796,0.6350516399970312
16.92,123.209265,-70.12387,0.9898989501994988,0.6058842565003297,0.9999999415373946,0.6350516399970312
16.94,123.209265,-70.45155,0.9898989501994988,0.603923477935766,0.9999999415373946,0.6350516399970312
16.96,119.27708,-71.434595,0.9898989501994988,0.6058842565003297,0.9540227855665883,0.6268042348959887
16.98,85.85335,-77.98819,0.7878794184001188,0.5862766503693304,0.7164725581499766,0.6061856434902979
17.0,50.79119,-78.971355,0.46464636423010464,0.57451144043803,0.5517207854030098,0.6123709534915188
17.02,43.909909999999996,-77.660645,0.38383904471814917,0.582354524777179,0.5325638758041458,0.6123709220302853
17.04,42.92687,-77.988335,0.3737382261088025,0.5823544948580723,0.5287324120367255,0.6103090471590993
17.06,41.61615,-77.988345,0.3636373304357376,0.580393686374402,0.5210696014270956,0.6123708591078179
17.08,41.288475,-77.98835,0.3585868825992051,0.5823544350198594,0.5210696598897009,0.6103090156978657
17.1,41.288475,-77.988355,0.3585868825992051,0.5823544350198594,0.5210696598897009,0.6103089842366319
17.12,40.960795,-77.988355,0.3585868825992051,0.5803936564552955,0.5172382545848859,0.6123708276465842
17.14,41.288475,-78.316045,0.3585868825992051,0.580393626536189,0.5210696598897009,0.6103089527753983
17.16,40.960795000000005,-78.64373,0.3535364347626727,0.5803935966170825,0.5210696598897009,0.608247109365446
17.18,29.819634999999998,-81.59286499999999,0.33838509125307537,0.5764720394879548,0.40229562773959415,0.5938141111120794
17.2,15.07378,-83.558975,0.15151651764470161,0.5627464698595819,0.37164292373594054,0.5958758915995642
17.22,16.384484999999998,-81.92058,0.1666674758357079,0.5705895541987307,0.3754744459659662,0.5979377350095165
17.24,16.056805,-81.920585,0.16161702799917543,0.5705895541987307,0.3754744459659662,0.5979377035482828
17.26,16.056805,-81.59291,0.1666674758357079,0.5705895242796242,0.3716430406611512,0.5999995469582351
17.28,16.056805,-81.92059,0.1666674758357079,0.5705895242796242,0.3716430406611512,0.5979377035482828
17.3,16.056805,-81.9206,0.1666674758357079,0.5705894943605178,0.3716430406611512,0.5979376720870492
17.32,16.384484999999998,-82.24828,0.1666674758357079,0.5686287157959538,0.3754744459659662,0.5979376720870492
17.34,16.05681,-82.57596,0.16161702799917543,0.5686287157959538,0.37547450442857155,0.5958758286770969
17.36,16.05681,-83.23133,0.16161710506289365,0.5666679073122834,0.3754744459659662,0.593813953805911
17.38,13.43523,-84.21438,0.1464647597249596,0.5627463202640492,0.35631654250281103,0.591752078934725
17.4,13.107545,-84.21438,0.14141415776099076,0.5627463202640492,0.35631660096541634,0.591752078934725
17.42,13.435224999999999,-82.90366,0.1464646055975232,0.566667877393177,0.35631660096541634,0.5958757657546295
17.44,13.435234999999999,-82.90366,0.14646468266124138,0.566667877393177,0.35631665942802176,0.5958757657546295
17.46,13.762915,-82.90366,0.14646468266124138,0.566667877393177,0.3601480647328367,0.5958757657546295
17.48,13.762915,-82.90366,0.14646468266124138,0.566667877393177,0.3601480647328367,0.5958757657546295
17.5,13.762920000000001,-83.23134,0.14646468266124138,0.566667877393177,0.3601481231954421,0.5938139223446773
17.52,13.435245,-83.23134,0.14141431188842718,0.566667877393177,0.3601481231954421,0.5938139223446773
17.54,14.745995,-83.8867,0.1464647597249596,0.564707098828613,0.37164268988551913,0.591752078934725
17.56,31.130405,-82.90360000000001,0.20707306218464086,0.566667997069603,0.5172386638231236,0.595876017444499
17.58,44.893045,-82.57588,0.3939407880921143,0.5666681765842421,0.5363957488098036,0.5979379237769185
17.6,43.909994999999995,-82.248205,0.3787892904550806,0.568628955148806,0.5363957488098036,0.597937892315685
17.62,43.909985,-82.24821,0.37878921339136234,0.5686289252296994,0.5363956903471983,0.597937892315685
17.64,43.909985,-82.24821,0.37878921339136234,0.5686289252296994,0.5363956903471983,0.597937892315685
17.66,43.582295,-82.57589,0.37878913632764416,0.5686289252296994,0.5325642265797781,0.5958760489057325
17.68,43.909975,-83.23126,0.37878913632764416,0.566668116746029,0.5363956318845929,0.5938141740345466
17.7,43.909965,-83.55893499999999,0.3787890592639259,0.5647073381814652,0.5363955734219876,0.5938142054957805
17.72,44.565325,-83.231255,0.3838395071004584,0.566668116746029,0.5402269787268026,0.5938142054957805
17.74,45.220685,-83.231255,0.38888995493699086,0.5666681466651357,0.5440583840316175,0.5938141740345466
17.76,45.220685,-82.90358,0.38888995493699086,0.566668116746029,0.5440583840316175,0.595876017444499
17.78,59.311005,-82.90354500000001,0.42424316685643615,0.5647073681005716,0.6819898519440366,0.5979380496218533
17.8,82.904275,-81.26499,0.6717177310129449,0.5725509909836379,0.7701138109077307,0.600000333489077
17.82,82.576615,-80.93729,0.6767686412317866,0.5725510807409574,0.7624508833728901,0.6020622083602628
17.84,81.92125,-81.26498,0.6717181933952542,0.572551050821851,0.7586194196054699,0.600000333489077
17.86,82.576605,-81.920345,0.6767685641680683,0.570590272257287,0.7624508249102848,0.597938458617891
17.88,82.248915,-82.248025,0.6767684871043501,0.5686294936927233,0.7586193611428644,0.597938458617891
17.9,82.576605,-81.264985,0.6767685641680683,0.5705902423381806,0.7624508249102848,0.6020621768990291
17.92,82.576605,-81.592665,0.6767685641680683,0.570590272257287,0.7624508249102848,0.6000003020278432
17.94,82.576605,-81.592665,0.6767685641680683,0.5705902423381806,0.7624508249102848,0.600000333489077
17.96,82.904285,-80.937305,0.6767685641680683,0.572551050821851,0.7662822302150998,0.6020621454377955
17.98,82.904285,-81.592665,0.6767685641680683,0.570590272257287,0.7662822302150998,0.6000003020278432
18.0,83.231975,-81.26499,0.681819089068319,0.5725510209027443,0.766282288677705,0.6000003020278432
18.02,83.231975,-80.937305,0.681819089068319,0.572551050821851,0.766282288677705,0.6020621454377955
18.04,84.870385,-81.59267,0.6818190120046008,0.5705902423381806,0.785439490589596,0.6000003020278432
18.06,106.825185,-80.937315,0.8181827219290592,0.572551050821851,0.938697281272539,0.6020620825153281
18.08,113.70654,-79.62658,0.9191926804880447,0.5764726079509785,0.9425288035025648,0.6061858637189336
18.1,112.723485,-78.643545,0.9090916306875433,0.5803941650801063,0.9386973397351445,0.6082476756676521
18.12,112.72348,-78.97123500000001,0.9090915536238252,0.5784333565964359,0.9386973397351445,0.6082476442064185
18.14,112.72347500000001,-78.64355499999999,0.9090915536238252,0.5803941351609998,0.938697281272539,0.6082476442064185
18.16,112.068115,-78.315875,0.9040411057872927,0.5803941351609998,0.9348658759677241,0.6103094876163707
18.18,112.06810999999999,-77.660515,0.9040410287235745,0.5823549137255636,0.9348658759677241,0.6123713310263229
18.2,112.068115,-77.33284,0.9040411057872927,0.584315662371021,0.9348658759677241,0.6123713310263229
18.22,111.74043499999999,-76.67748,0.8989906579507603,0.5862764409355848,0.9348658759677241,0.6144331744362752
18.24,111.412755,-77.00516,0.8989906579507603,0.584315662371021,0.9310344706629093,0.6144331744362752
18.26,111.412755,-76.67748,0.8989906579507603,0.5862764409355848,0.9310344706629093,0.6144331744362752
18.28,110.75739,-76.67748,0.8939402101142279,0.5862764409355848,0.927203006895489,0.6144331744362752
18.3,110.75739,-76.3498,0.8939401330505096,0.5862764409355848,0.9272030653580944,0.6164950178462274
18.32,110.757395,-76.677485,0.8939402101142279,0.584315662371021,0.9272030653580944,0.6164949863849938
18.34,110.757395,-75.69444,0.8939402101142279,0.5882372195001486,0.9272030653580944,0.6185568612561797
18.36,110.429705,-76.022125,0.8939401330505096,0.5882372195001486,0.923371601590674,0.6164949863849938
18.38,110.429715,-76.34981,0.8888897622776953,0.5862764110164783,0.9272030653580944,0.6164949863849938
18.4,110.429715,-76.022125,0.8939402101142279,0.5862764409355848,0.9233716600532794,0.618556829794946
18.42,110.42971,-76.02212,0.8939401330505096,0.5882372195001486,0.9233716600532794,0.6164950178462274
18.44,110.429715,-76.349805,0.8888897622776953,0.5862764409355848,0.9272030653580944,0.6164949863849938
18.46,110.429715,-76.67749,0.8888897622776953,0.5843156324519144,0.9272030653580944,0.6164949863849938
18.48,111.085065,-75.36676,0.8989905808870421,0.5882372195001486,0.927203006895489,0.6206187046661319
18.5,111.412745,-74.383715,0.8989905808870421,0.5921587766292763,0.9310344122003039,0.6226805795373178
18.52,111.41275,-74.38371000000001,0.8989905808870421,0.5921588065483828,0.9310344706629093,0.6226805795373178
18.54,111.412755,-74.38371000000001,0.8989906579507603,0.5921588065483828,0.9310344706629093,0.6226805795373178
18.56,110.42970500000001,-76.02211,0.9040411057872927,0.590198027983819,0.9157087325184387,0.6144332058975088
18.58,81.265805,-82.90341,0.7626273333448931,0.5705904218528196,0.6819895011684043,0.5917526137756975
18.6,21.955165,-84.541935,0.2777792548323768,0.5588251520833063,0.35631736097928607,0.5938142998794814
18.62,15.729115,-79.626745,0.15656634897148836,0.5745113207616039,0.37547450442857155,0.6082472037491471
18.64,17.039855000000003,-76.67761,0.17171800073595855,0.5843152734226363,0.3793059097333865,0.6164946088501898
18.66,17.039855000000003,-74.38385,0.17171800073595855,0.5901976091163278,0.3793059097333865,0.6247419824899987
18.68,16.384495,-73.07313,0.16666755289942609,0.5960799448100194,0.37547450442857155,0.6268038258999509
18.7,16.384495,-73.07313500000001,0.16666755289942609,0.5960799448100194,0.37547450442857155,0.6268037944387173
18.72,16.384484999999998,-73.073145,0.1666674758357079,0.5960799148909128,0.3754744459659662,0.6268037629774835
18.74,16.38449,-73.07315,0.1666674758357079,0.5960798849718063,0.37547450442857155,0.6268037629774835
18.76,13.76293,-75.36693,0.16161695093545722,0.594119076488136,0.34865332265494353,0.6144326081340691
18.78,8.519835,-77.33304,0.10605948163089948,0.5823542854243268,0.32949571150481516,0.6144325452116017
18.8,8.519845,-76.350005,0.1060596357583359,0.5862758425534544,0.32949571150481516,0.6164943571603203
18.82,8.519845,-76.35002,0.1060596357583359,0.5862757827152414,0.32949571150481516,0.6164943256990867
18.84,8.51985,-77.005385,0.1060597128220541,0.5843150041506776,0.32949571150481516,0.6144324508279008
18.86,8.519855,-77.660755,0.1060597128220541,0.5823541956670073,0.3294957699674205,0.6123705759567148
18.88,8.519855,-78.31612,0.1060597128220541,0.5803933871833369,0.3294957699674205,0.6103087325467627
18.9,8.51986,-78.643805,0.1060597128220541,0.5784326086187731,0.3294958284300259,0.6103087010855289
18.92,8.192185,-78.64381,0.1060597898857723,0.5803933572642304,0.32566442312521093,0.6082468576755766
18.94,7.864504999999999,-79.299185,0.10100934204923988,0.57843254878056,0.32566442312521093,0.6061849513431571
18.96,7.864509999999999,-79.62687,0.10100934204923988,0.5764717402968897,0.3256644815878163,0.6061849513431571
18.98,7.86451,-80.609915,0.10100941911295809,0.5745109617323257,0.32566442312521093,0.602061233062019
19.0,7.53683,-81.265285,0.10100941911295809,0.5725501532486554,0.321833017820396,0.599999358190833
19.02,11.141395,-81.920635,0.10100941911295809,0.5705893746840917,0.3639794700376517,0.5979375777033481
19.04,18.02317,-82.24826999999999,0.1616186463372578,0.5686287157959538,0.3984649824486489,0.5979377350095165
19.06,19.00628,-82.24826,0.18687204147569317,0.5686287756341668,0.39080211337641363,0.5979377350095165
19.08,19.006275000000002,-82.575955,0.18687196441197496,0.5686287457150603,0.39080211337641363,0.5958758286770969
19.1,19.006275000000002,-83.23132,0.18687196441197496,0.5666679372313901,0.39080211337641363,0.5938139852671447
19.12,19.006265,-83.88668,0.18687188734825677,0.5647071586668261,0.39080205491380826,0.5917521418571924
19.14,19.66162,-84.214365,0.19192233518478918,0.5627463801022623,0.39463340175601785,0.5917521103959588
19.16,19.66162,-84.214365,0.19192233518478918,0.5627463801022623,0.39463340175601785,0.5917521103959588
19.18,19.661614999999998,-84.21437,0.19192225812107097,0.5627463501831558,0.39463340175601785,0.5917521103959588
19.2,19.333935,-84.21438,0.19192225812107097,0.5627463202640492,0.39080199645120295,0.591752078934725
19.22,19.661614999999998,-84.86974000000001,0.19192225812107097,0.5607855416994855,0.39463340175601785,0.5896902355247728
19.24,23.921455,-84.869745,0.19192225812107097,0.5607855117803789,0.4444416707186124,0.5896902355247728
19.26,40.96085,-84.542025,0.34848637224473134,0.5627464100213688,0.524901415970148,0.5896903613697076
19.28,40.96084999999999,-84.214345,0.3535368200812637,0.5627464399404754,0.5210700106653331,0.5917521733184262
19.3,41.288525,-84.86971,0.35858726791779616,0.560785631456805,0.5210699522027278,0.5896903299084738
19.32,41.943885,-85.1974,0.3636377157543286,0.5607856015376984,0.5249013575075427,0.5876284550372879
19.34,42.271564999999995,-85.52508,0.3636377157543286,0.5588248229731346,0.5287327628123577,0.5876284550372879
19.36,42.271564999999995,-85.525085,0.3636377157543286,0.5588248229731346,0.5287327628123577,0.5876284235760543
19.38,42.271565,-85.52509,0.3686881635908611,0.558824793054028,0.5249013575075427,0.5876284235760543
19.4,42.599244999999996,-85.852765,0.3686881635908611,0.5588248229731346,0.5287327628123577,0.585566580166102
19.42,42.599244999999996,-86.18045000000001,0.3686881635908611,0.5568640144894642,0.5287327628123577,0.585566580166102
19.44,42.599244999999996,-86.180455,0.3686881635908611,0.5568640144894642,0.5287327628123577,0.5855665487048684
19.46,42.599244999999996,-86.18045000000001,0.3686881635908611,0.5568640144894642,0.5287327628123577,0.585566580166102
19.48,42.599244999999996,-86.180455,0.3686881635908611,0.5568640144894642,0.5287327628123577,0.5855665487048684
19.5,42.271564999999995,-86.180455,0.3636377157543286,0.5568640144894642,0.5287327628123577,0.5855665487048684
19.52,41.94389,-86.50814,0.36363779281804687,0.5568639845703577,0.5249013575075427,0.5835047052949162
19.54,41.94389,-86.83582,0.36363779281804687,0.5549032060057939,0.5249013575075427,0.5835047052949162
19.56,44.565340000000006,-85.85278,0.36363779281804687,0.5568639845703577,0.5555527168712731,0.5876283921148207
19.58,66.847725,-83.88662500000001,0.5202024463877346,0.5627464698595819,0.6973158239389285,0.593814236957014
19.6,71.76302,-82.902795,0.5959603198914943,0.5666682663415616,0.6973160577893499,0.5958807995520171
19.62,71.435335,-80.93744,0.5909097949912436,0.5725506319543597,0.6973160577893499,0.6020617364417578
19.64,70.77997500000001,-80.282075,0.5858593471547113,0.57451144043803,0.693484652484535,0.6041235798517098
19.66,70.45229499999999,-79.62672,0.5858593471547113,0.5764721890834873,0.68965324717972,0.6061854232616622
19.68,70.124605,-79.62672,0.5808088222544606,0.5764721890834873,0.6896531887171148,0.6061854232616622
19.7,69.469245,-79.95440500000001,0.5757583744179282,0.5764721890834873,0.6858217834122998,0.6041235483904763
19.72,69.469245,-80.282095,0.5757583744179282,0.574511380599817,0.6858217834122998,0.6041235169292426
19.74,69.141555,-80.2821,0.5757582973542099,0.5745113506807105,0.6819903196448794,0.6041235169292426
19.76,68.813875,-80.2821,0.5707078495176775,0.5745113506807105,0.6819903196448794,0.6041235169292426
19.78,68.813875,-80.609785,0.5707078495176775,0.5745113506807105,0.6819903196448794,0.6020616420580567
19.8,68.813875,-81.265155,0.5707078495176775,0.5725505421970402,0.6819903196448794,0.5999997671868709
19.82,68.81386499999999,-81.920525,0.5707077724539593,0.5705897337133697,0.6819902611822741,0.597937892315685
19.84,68.81386499999999,-83.231255,0.5707077724539593,0.5666681466651357,0.6819902611822741,0.5938141740345466
19.86,69.141535,-84.214305,0.5707076953902411,0.5627465596169013,0.6858216080244837,0.5917522991633608
19.88,69.469215,-84.21431,0.5757581432267735,0.5627465296977948,0.6858216080244837,0.5917522991633608
19.9,69.469215,-84.541995,0.5757581432267735,0.5627464997786884,0.6858216080244837,0.5896904557534086
19.92,69.469215,-84.542,0.5757581432267735,0.5627464997786884,0.6858216080244837,0.5896904242921749
19.94,69.46921,-85.52505,0.5757581432267735,0.5588249127304541,0.6858215495618782,0.587628549420989
19.96,69.469205,-85.525055,0.5757580661630554,0.5588249127304541,0.6858215495618782,0.5876285179597552
19.98,69.469205,-86.508105,0.5757580661630554,0.5568641042467838,0.6858215495618782,0.5835047996786172
20.0,69.4692,-86.508105,0.5757580661630554,0.5568641042467838,0.6858214910992729,0.5835047996786172
20.02,69.141515,-87.163475,0.5757579890993372,0.5549032957631134,0.681990085794458,0.5814429248074313
20.04,68.81383,-87.818845,0.5707075412628047,0.5529424872794431,0.6819900273318525,0.5793810499362454
20.06,68.81382500000001,-89.45726,0.5707074641990866,0.5490208703121023,0.6819900273318525,0.573195488245155
20.08,68.81381999999999,-91.095685,0.5707073871353683,0.5450992533447616,0.6819900273318525,0.5670098636315971
20.1,69.141505,-96.666285,0.5707074641990866,0.5333345221191655,0.6858214326366675,0.5443293973547205
20.12,70.452245,-115.671905,0.5808084369358696,0.4921577833149401,0.6934844186341136,0.46804046757811324
20.14,73.4014,-150.73395,0.601010459473154,0.39215717894898844,0.7126416790086099,0.3525763871674787
20.16,75.695115,-178.586915,0.6212121737555656,0.2941176523386658,0.7241354272222119,0.28041145882311264
20.18,79.62725,-192.677215,0.6464640276196367,0.24313717030715376,0.7509552643559165,0.24535999500898983
20.2,79.62724,-194.315615,0.6565649232927016,0.23137246900066413,0.743292336821076,0.24742186988017575
20.22,78.644215,-187.434285,0.6515145525198873,0.24705881719360104,0.7356296431366568,0.2742260229769569
20.24,76.0228,-177.603825,0.6262624674646615,0.27647067517669777,0.7241356026100281,0.3051538628936425
20.26,75.69513,-170.394825,0.626262621592098,0.30000016754699654,0.720304197305213,0.3257723913768659
20.28,75.367445,-164.496545,0.6212120966918473,0.31764729430449723,0.720304197305213,0.3443291079113708
20.3,74.712085,-159.25364000000002,0.6161616488553149,0.3352943612237848,0.716472792000398,0.3587621061647374
20.32,74.712085,-155.97683,0.6161616488553149,0.3470590924493809,0.716472792000398,0.3670094798045464
20.34,74.38441,-154.66610500000002,0.6161617259190331,0.35098067949761513,0.7126413866955831,0.3711331666244509
20.36,74.056725,-154.01075,0.6111112010187825,0.3549022067076363,0.7126413866955831,0.3711331666244509
20.38,73.72904,-155.32150000000001,0.6111111239550642,0.3529413683048594,0.7088099813907681,0.3649475105496595
20.4,72.74599,-159.25369999999998,0.6010102282819993,0.3450981642892845,0.7049784591607424,0.34845260596387323
20.42,72.745965,-172.03332999999998,0.601010074154563,0.31372543798430436,0.7049782837729263,0.301029798538934
20.44,75.367355,-198.247905,0.6161611864730056,0.24117612247063128,0.7241349010587637,0.21236996560878157
20.46,72.09040999999999,-222.16868499999998,0.6262613115088884,0.1666660583115009,0.6781569266114823,0.1402050687256492
20.48,47.514075,-240.84655,0.4292910715902677,0.10392081513528616,0.5402245232973774,0.08865866886450645
20.5,42.27109,-250.67700000000002,0.36868461865982344,0.06862662145849785,0.52489849283988,0.06391642210014488
20.52,39.64967,-249.03860500000002,0.3535331980865079,0.06470500449115711,0.5057417586288321,0.07834935743104428
20.54,36.700540000000004,-242.157305,0.3333315608678146,0.08627365845867896,0.48658449825433586,0.0989678229918003
20.56,34.079049999999995,-236.259065,0.3080788593028431,0.10392063562064709,0.4750900484894695,0.1175244451426042
20.58,32.112945,-228.394725,0.2929272846020912,0.1254892596690624,0.46359571564981394,0.14432847239445065
20.6,30.474539999999998,-220.2027,0.2777759410924938,0.14901866228204158,0.4559328465775786,0.17113253110753068
20.62,28.180785,-210.69995,0.2626245975828965,0.17843043050781884,0.44060728382092407,0.19999843323056307
20.64,26.21472,-203.163275,0.2474733311370174,0.20195989295901107,0.4291131848316899,0.22267880512373872
20.66,23.920985,-197.265015,0.22727169391832405,0.22156773844286254,0.41761914430506114,0.23917361532582404
20.68,22.937965,-191.366755,0.2171710294364138,0.23921480536215017,0.41378779746285155,0.2577302689378615
20.7,25.55948,-186.45152,0.22222163140038267,0.2509795365877463,0.44060839461042595,0.2762870169336
20.72,28.83638,-180.225525,0.267676894948666,0.27058756158623687,0.4444400337656623,0.29484382785180585
20.74,27.52561,-173.67187,0.25757569102072825,0.29019552674651444,0.4367768723804003,0.3154624192574966
20.76,26.87019,-169.084315,0.2474743329653541,0.30588187493945124,0.4367765216047681,0.327833574100911
20.78,27.853165,-165.80749500000002,0.2525242413558591,0.3176466061650473,0.44443898143876587,0.33608101066318735
20.8,30.146900000000002,-164.82443999999998,0.2676753536743018,0.3215682231323881,0.459764485732815,0.33814288553437327
20.82,31.45762,-163.8414,0.2828266201201809,0.3235290016969519,0.46359594950023536,0.34226657235427776
20.84,31.45763,-161.54763,0.28282669718389913,0.32941136730975,0.46359600796284073,0.3505139774553203
20.86,31.129965,-158.27082000000001,0.2828268513113355,0.33921529005167567,0.459764661120631,0.3608232259663152
20.88,30.47462,-158.27084000000002,0.2777764805385213,0.34313681726169687,0.45593337274102685,0.3566994447627097
20.9,31.457659999999997,-165.47988,0.27777655760223946,0.32941118779511086,0.46742753019286637,0.3257714790010894
20.92,37.683495,-185.46851,0.31312930713937553,0.27843055616806617,0.5134036922993817,0.2536064248117886
20.94,47.186075,-211.02772499999998,0.38888494579530725,0.1999988750415951,0.567042548090316,0.17525584039263117
20.96,53.41186,-226.428785,0.4444387931051092,0.14313587780175235,0.597693030514966,0.13814247024608878
20.98,60.29312,-232.32701,0.4898922071241555,0.12156731359155007,0.643670128023167,0.1237096607601241
21.0,67.502195,-234.29306000000003,0.5504984288634451,0.11568509757428452,0.681984882622581,0.11752419345273474
21.02,73.728285,-232.654655,0.5959536924117284,0.11568512749339105,0.7202999879976272,0.12783341050249594
21.04,81.26509,-224.462645,0.6616109784972962,0.13529291313902955,0.7586148595222517,0.1587611245742469
21.06,84.86963,-211.68308000000002,0.6868636800622676,0.17254779562306213,0.7816036421267737,0.1999981815406937
21.08,87.491105,-199.231175,0.7121162274998026,0.20784201921895695,0.7930980334290347,0.2412352385071405
21.1,88.14650499999999,-184.157815,0.7171669835912079,0.25294016555677756,0.796929672584271,0.2886578886259114
21.12,89.12954,-170.72286,0.727267956327991,0.29607750341092776,0.8007609609638754,0.3278331651048733
21.14,87.818825,-162.5308,0.7222175084914586,0.3235286127485672,0.7892668035120358,0.35051359992051634
21.16,86.508105,-157.94324,0.7121166128183937,0.34117576942517436,0.7816039929024059,0.36082291135397854
21.18,83.88666,-157.28788,0.6919148214722639,0.34313654798973825,0.7662783132205406,0.36288475476393073
21.2,80.937535,-155.649465,0.671712953062416,0.34705813503797245,0.7471212866964657,0.36907034791625487
21.22,78.643775,-153.68337000000002,0.6515111617162862,0.35490130913444085,0.735627070782021,0.3731940661973929
21.24,77.00539,-151.06192,0.636359895270407,0.3607836747472389,0.7279643770976016,0.38350331470838783
21.26,75.366995,-148.11279,0.621208628824528,0.3705875974891647,0.7203015664879718,0.3917507198094305
21.28,74.056285,-148.440475,0.6161582580517138,0.3705875974891647,0.7088074090361324,0.38968884493824457
21.3,72.090215,-149.42353500000002,0.6010069916058346,0.36862675908638776,0.6973132515842928,0.38556509519587273
21.32,70.12415,-149.09584999999998,0.5858557251599554,0.36862675908638776,0.6858191525950587,0.38762697006705865
21.34,67.175045,-149.75122,0.5656540108775439,0.36862675908638776,0.6666622429961945,0.3835032203246868
21.36,64.225915,-152.372695,0.5404017716948817,0.36078352515170636,0.6513365048517239,0.37525575230117686
21.38,61.276790000000005,-152.04502,0.5201999803487519,0.358822716668036,0.6321794198650438,0.37937943912108135
21.4,57.344615,-150.7343,0.48989713920212086,0.36470505236172757,0.6091909295735486,0.3814412825310336
21.42,55.050835000000006,-154.338815,0.4696952707922729,0.3568618782652591,0.5976965382712877,0.36700822135519956
21.44,52.42936,-157.615645,0.44949317119127025,0.34509708720145,0.5823707416642117,0.3587607847929232
21.46,50.790945,-157.61565000000002,0.439392121390769,0.3431362787177796,0.5708764672871615,0.3608226282028755
21.48,48.824875,-156.96028,0.4191904071083574,0.34509708720145,0.5632137151401369,0.3628845030740614
21.5,48.49720000000001,-155.977235,0.414139959271825,0.34705786576601383,0.5632137736027423,0.36700822135519956
21.52,48.169534999999996,-154.99418,0.41414011339926143,0.3490187041687907,0.5593824267605326,0.3711319396363376
21.54,47.841865,-151.717365,0.40908974262644715,0.3588226269107164,0.5593824852231379,0.38144121960856625
21.56,47.186495,-148.440545,0.4040392177261965,0.37058735813631255,0.5555510214557177,0.3896886561708425
21.58,47.186495,-146.474455,0.4040392177261965,0.3745089451845467,0.5555510214557177,0.39793606127188513
21.6,46.531135,-144.83604,0.3989887698896641,0.3803913407164513,0.5517196161509027,0.4020597795530233
21.62,46.203455,-143.19762500000002,0.3989887698896641,0.38431292776468556,0.5478882108460877,0.40824537270534733
21.64,45.220425,-140.576175,0.3888879512803174,0.3921560719420474,0.5440568640038782,0.41649277780639
21.66,44.237385,-138.61007999999998,0.3787870556072525,0.39999924603851583,0.5402254586990632,0.42061649608752816
21.68,43.909715,-137.627025,0.3787871326709707,0.4019600545221862,0.5363941118568536,0.4247402458298999
21.7,43.582035,-135.33326,0.3787871326709707,0.40784242013498423,0.5325627065520386,0.4329876194697089
21.72,43.582040000000006,-134.02253000000002,0.3737366848344383,0.41176400718321843,0.536394170319459,0.43711133775084704
21.74,43.582049999999995,-131.72876,0.37373676189815647,0.41960715136058035,0.5363942287820643,0.44329689944193745
21.76,44.89278,-130.41804,0.3838377346349396,0.4235287084897081,0.5440570978542996,0.44742058626184195
21.78,47.18656,-128.451965,0.39898923227197336,0.4313718227479634,0.5593828359987701,0.45154424162051277
21.8,50.135684999999995,-130.745745,0.4191911006818213,0.42548942721605887,0.578539862522845,0.44329680505823643
21.82,53.740179999999995,-132.38414,0.44949386476473413,0.4196070915223673,0.5976970059721306,0.4391731496995656
21.84,57.344674999999995,-132.38414,0.4747462580748328,0.4196070915223673,0.6206854962636256,0.4391731496995656
21.86,62.259875,-134.022555,0.51009939293056,0.4156855044741331,0.6513367387021454,0.4329875565472415
21.88,67.50277,-134.350235,0.5505030526865377,0.41176391742589896,0.6819880980658758,0.43504943141842745
21.9,72.41798,-132.056455,0.5909067124425154,0.41764631295780347,0.7088079936621859,0.4432968679807038
21.92,75.367115,-130.41803499999997,0.6161591057526139,0.4254894870542719,0.7241336733440511,0.44535877431312343
21.94,77.988565,-130.745705,0.636360974162462,0.4235287384088146,0.7394593530259164,0.445358805774357
21.96,79.299295,-130.41802,0.6464619468992451,0.42548954689248486,0.7471222220981516,0.445358805774357
21.98,80.937705,-130.74568,0.6616133674725606,0.4235288281661341,0.7547850911703868,0.44535886869682434
22.0,82.903795,-131.72872,0.6767647880458761,0.42156804960157024,0.7662793655474371,0.44123518187691985
22.02,84.54221000000001,-133.03943,0.6868657607826593,0.41764652239154904,0.7777736983870928,0.4371115265182491
22.04,86.50831,-134.35015,0.702017258419693,0.41372496526242136,0.7892680312267483,0.4329878396983446
22.06,88.802085,-135.660865,0.7222192038932592,0.40980343805240016,0.8007623056037986,0.42886415287844015
22.08,90.440505,-135.98854999999998,0.7323202536937604,0.40784262956872985,0.8122566384434543,0.42886415287844015
22.1,92.73428,-135.98854,0.7525221221036084,0.4078426594878364,0.8237509712831098,0.42886418433967377
22.12,94.04502,-138.60998999999998,0.7626231719041098,0.40196032379414487,0.8314138988179505,0.41855490436744525
22.14,95.68343999999999,-140.90376500000002,0.7777746695411435,0.3941171496976764,0.839076826352791,0.41236934267635483
22.16,96.666495,-141.23145,0.7828252715051123,0.392156341214006,0.8467396954250264,0.41236934267635483
22.18,97.97724,-140.24839500000002,0.7929263213056137,0.39607792826224025,0.8544026814224724,0.4144312490087745
22.2,99.28798,-141.23143,0.8030273711061149,0.39411717961678294,0.8620656089573129,0.41030756218887
22.22,100.59872,-146.14665,0.8131284209066162,0.3823524783102934,0.8697285364921536,0.3917508771155988
22.24,101.58177,-149.09579000000002,0.8232293936433993,0.36862693860102685,0.873560000259574,0.38762715883446064
22.26,102.56483,-148.440415,0.8282799956073682,0.3686269685201334,0.8812229277944147,0.3917509085768325
22.28,102.89253,-147.45734499999998,0.8333305975713371,0.37254861540658063,0.8812230447196253,0.3938128463704858
22.3,103.54791499999999,-148.440375,0.8383811995353059,0.3725486752447937,0.8850546254122563,0.38762731614062906
22.32,103.87562,-150.40645,0.8383814307264604,0.3666663395511021,0.8888861476422821,0.381441817372006
22.34,104.20331999999999,-151.061785,0.8434320326904294,0.3627448422601875,0.8888862645674926,0.38144191175570696
22.36,105.18639,-151.388315,0.8484827117181164,0.36274490209840043,0.8965492505649387,0.37938724150703207
22.38,106.497135,-150.73407500000002,0.8585837615186177,0.36274493201750696,0.9042122365623848,0.38350384954936023
22.4,106.82484500000001,-150.078685,0.8636344405463049,0.3647058003393904,0.9042124119502009,0.38556578734301356
22.42,108.1356,-147.45721500000002,0.8737356444742425,0.37058822579040146,0.9118753979476469,0.39587509877647575
22.44,108.463315,-144.180385,0.8737358756653972,0.3803922083705403,0.9157070371028833,0.4061844102099379
22.46,108.463335,-140.575875,0.878786477629366,0.39215696951524287,0.911875748723279,0.4164937216434002
22.48,108.13568000000001,-137.95441,0.8737362609839883,0.4000001436117113,0.9118758656484898,0.4247411896669101
22.5,107.480325,-134.02221,0.868685890211174,0.41176493467552044,0.9080444603436748,0.4371123759715582
22.52,106.497285,-132.056105,0.8636354423746415,0.4176473601265315,0.9003816497340449,0.4432979691238823
22.54,105.18656,-130.41768,0.8535345467015767,0.4235297855775426,0.8927187806618095,0.44742171886625415
22.56,103.54815500000001,-129.43463000000003,0.8383831261282612,0.42745137262577676,0.8850559700521795,0.44948359373744
22.58,101.909745,-128.77926000000002,0.828282153391478,0.4294121811094471,0.8735616956751294,0.45154546860862593
22.6,100.926695,-127.468525,0.8181811806546949,0.4333337681576813,0.869730231907709,0.4556692183509978
22.62,99.94366,-126.81316,0.8131307328181625,0.43529457664135174,0.8620674797606845,0.45773106176095
22.64,99.288295,-125.8301,0.8080802849816301,0.4372554150441286,0.8582360159932642,0.46185481150332186
22.66,98.960625,-122.880965,0.8030299142088159,0.44509855922149044,0.8582360744558696,0.4721640914755504
22.68,98.63293999999999,-120.58718,0.8030298371450977,0.45294176323706536,0.8544046691510546,0.4783496846278744
22.7,98.30526499999999,-118.94876500000001,0.7979794663722835,0.45882412884986346,0.8544046691510546,0.48247343437024626
22.72,98.960635,-117.63802,0.8030299912725339,0.4627457757363107,0.8582361329184749,0.4865971841126181
22.74,98.960635,-116.654965,0.8030299912725339,0.46470658421998107,0.8582361329184749,0.49072093385498994
22.76,99.61599,-114.68887000000001,0.8080804391090665,0.4705889797518857,0.8620674797606845,0.4969064955460803
22.78,100.59900999999999,-111.739735,0.8131307328181625,0.47843212392924755,0.8697301734451037,0.5072157755183089
22.8,101.909715,-109.44596,0.823231474363791,0.486275298025716,0.8773929255921282,0.5134013372093993
22.82,103.5481,-107.80755,0.8383827408096701,0.492157663638514,0.8850556192765474,0.5175250554905374
22.84,103.875755,-107.152195,0.8383825096185155,0.4941184422030778,0.8888869076561516,0.519586867439256
22.86,103.22038,-105.18611,0.8333319847182649,0.5000007778967693,0.8850553854261262,0.5257724291303464
22.88,102.892685,-104.20306,0.8333318305908284,0.5019615863804398,0.8812239216587058,0.5298961474114844
22.9,102.237315,-103.220015,0.8333317535271101,0.5058831435095674,0.8735610525864704,0.5319580222826703
22.92,101.581945,-102.564645,0.8232307807903271,0.5078439519932377,0.8735609941238651,0.5340198971538562
22.94,100.926575,-101.909285,0.8181802558900764,0.5098047604769081,0.8697295303564447,0.5360817091025748
22.96,99.94352,-101.5816,0.8131297309898258,0.511765539041472,0.8620666028216042,0.5360817405638086
22.98,99.288155,-101.581605,0.8080792060895752,0.511765539041472,0.8582351975167892,0.5360817091025748
23.0,98.63279,-101.90929,0.8030287582530427,0.5117655091223654,0.8544037337493688,0.5340198656926227
23.02,98.305105,-102.892335,0.797978233352792,0.5078439519932377,0.8544037337493688,0.5319579908214368
23.04,98.3051,-103.875395,0.797978233352792,0.5058831135904609,0.8544036752867635,0.5278342410790648
23.06,85.85309,-99.61556,0.7525235092505361,0.5078438023977052,0.7432914598819955,0.5525764249209592
23.08,63.242975,-89.4574,0.5353520944955313,0.5411772773481427,0.6436742788681475,0.5814424843501599
23.1,61.932275000000004,-84.54215500000001,0.5202009051133705,0.5607852425084203,0.6398429904885433,0.591751795783622
23.12,61.932280000000006,-83.5591,0.5151504572768381,0.564706859475761,0.6436744542559637,0.593813670654808
23.14,62.259975,-83.23142,0.5202010592408068,0.5666676380403248,0.643674512718569,0.593813670654808
23.16,62.915345,-82.90374,0.5252515841410575,0.5666676380403248,0.6475059764859893,0.5958755140647602
23.18,63.898394999999994,-83.23142,0.530302109041308,0.5666676380403248,0.6551688455582245,0.593813670654808
23.2,64.88145,-83.55909,0.5404030817780913,0.5647068893948675,0.6590003677882503,0.5938137021160417
23.22,65.209135,-83.23139499999999,0.5404031588418095,0.5647069193139741,0.6628317730930653,0.5958756084484612
23.24,65.209135,-82.57603499999999,0.545453606678342,0.5666676978785379,0.6590003677882503,0.5979374518584134
23.26,64.553775,-82.90371,0.5404031588418095,0.5666677277976444,0.6551689624834354,0.5958756084484612
23.28,62.915375,-82.9037,0.5303022631687445,0.5666677577167509,0.6436747465689904,0.5958756399096949
23.3,60.949275,-82.24834,0.5151508425954291,0.5686285362813147,0.6321803552667296,0.5979374833196471
23.32,58.327799999999996,-80.93761,0.4949487429944264,0.572550123329549,0.6168545586596536,0.6020612016007852
23.34,58.983145,-80.60992999999999,0.47979716829367447,0.572550123329549,0.6360115851837284,0.6041230450107375
23.36,81.26554999999999,-80.609895,0.6414125008910493,0.5745109916514324,0.7739433454091743,0.6020613274457199
23.38,82.248615,-77.98843500000001,0.6818166230293363,0.5784326086187731,0.7547862019598887,0.6144324508279008
23.4,80.28252,-73.72858,0.6616147546194884,0.5921581184089331,0.7471232744250481,0.6268035427488479
23.42,78.97179,-70.779455,0.6515137818827053,0.6019620112317522,0.7394604053528128,0.6350509478498905
23.44,78.64411,-69.79641,0.6464633340461728,0.6058835982799865,0.7394604053528128,0.6371127912598428
23.46,78.644115,-69.46872,0.6515137818827053,0.605883628199093,0.7356290585106032,0.6391746661310287
23.48,77.00571,-68.81336,0.6363624383731079,0.6098051853282207,0.7279661894383679,0.6391746661310287
23.5,74.38426,-68.485675,0.6212110177997924,0.6098052152473271,0.7088091044516877,0.6412365095409808
23.52,68.813665,-68.813355,0.5808072039163783,0.6078444366827633,0.6743262228579315,0.6412365095409808
23.54,63.89843499999999,-69.46871,0.5404033129692458,0.6078444366827633,0.6475062687990162,0.6371128541823101
23.56,59.96625,-69.79639,0.5101004718226148,0.6058836581181994,0.6245176615823104,0.6371128541823101
23.58,56.034054999999995,-69.46871,0.4747471057757331,0.6058836581181994,0.6053604012078141,0.6391746975922623
23.6,52.429535,-69.79638,0.449494558338198,0.6058836880373061,0.5823717355285027,0.6371128856435437
23.62,50.135735,-68.81334,0.42929245873719546,0.6078444666018697,0.5708772857636365,0.6412365724634482
23.64,50.79107,-68.157975,0.4292922275460408,0.6098052750855402,0.5785399794480557,0.6432984158734005
23.66,50.463385,-66.84725,0.4343425983188551,0.6137268322146678,0.5708771688384258,0.6474221341545386
23.68,47.514205000000004,-66.191885,0.41414057578157065,0.6156876406983383,0.5517196161509027,0.6494839775644908
23.7,42.27114,-63.57044,0.37878620790635226,0.6215699763920298,0.5172357406928555,0.6597932260754856
23.72,35.061980000000005,-58.327545,0.323229663366413,0.6352954562630831,0.4750891715503891,0.6783498796875232
23.74,23.92067,-52.75696,0.25757237728084525,0.6529425531014774,0.3946285493597731,0.6948446898896085
23.76,11.46867,-49.807829999999996,0.14646121479392202,0.664707254407967,0.3333251875436533,0.7010302515806989
23.78,6.22564,-52.101595,0.08585468479975958,0.6607856673597328,0.31799868938531306,0.6907210345309377
23.8,7.53623,-54.72303,0.10100502648102018,0.6529425830205838,0.32182933467625835,0.6824736608911287
23.82,4.5869599999999995,-56.033744999999996,0.08080207917911728,0.6490210558105627,0.30267143121310314,0.6783499740712242
23.84,2.948475,-56.36143,0.06564981090490146,0.6450994687623285,0.29500832829044643,0.6804118174811764
23.86,1.6377549999999998,-55.706064999999995,0.055548915231836575,0.6490210558105627,0.2873455176808165,0.6804118174811764
23.88,1.637755,-55.70607,0.050498467395304135,0.6490210258914562,0.29117692298563147,0.6804118174811764
23.9,1.3100749999999999,-55.378389999999996,0.050498467395304135,0.6490210258914562,0.2873455176808165,0.6824736608911287
23.92,0.982395,-53.73999,0.050498467395304135,0.6529425830205838,0.28351411237600155,0.6886591911209854
23.94,-0.0006450000000021499,-51.44622,0.04039757172223924,0.6588249486333819,0.27968270707118653,0.6969065962220281
23.96,-0.6560049999999951,-49.807815,0.03534712388570688,0.66470731424618,0.2758513017663716,0.7010302830419326
23.98,-1.6390449999999999,-49.152460000000005,0.03029667604917436,0.6666680628916374,0.26818849115674165,0.7030921264518848
24.0,-1.966725,-48.169425000000004,0.02524622821264192,0.670589620020765,0.26818849115674165,0.7051539384006034
24.02,-2.622085,-48.824070000000006,0.02019578037610948,0.6686331498075393,0.26435708585192674,0.7030920635294174
24.04,-3.277445,-49.152485,0.015145332539577038,0.6686287816179881,0.2605256805471118,0.7010301886582315
24.06,-3.277445,-49.480175,0.015145332539577038,0.6666679731343178,0.2605256805471118,0.7010301571969978
24.08,-3.277445,-50.135545,0.015145332539577038,0.6666679432152113,0.2605256805471118,0.6969064389158597
24.1,-3.277445,-51.44627,0.015145332539577038,0.6627463561669771,0.2605256805471118,0.6927827520959552
24.12,-0.0006450000000000067,-52.429325,0.015145332539577038,0.6549032119896152,0.2988397335952614,0.6948445325834401
24.14,35.717235,-56.361425,0.24746955501482518,0.6529424932632644,0.5402244063721667,0.6721645696863022
24.16,81.593255,-60.293465,0.6161601075809506,0.6372566536951383,0.7969321864763016,0.6639175421200636
24.18,85.853215,-61.60414,0.7020193391400846,0.6313745274351923,0.7816067406448577,0.6618557616325788
24.2,85.525535,-62.58719,0.7020193391400846,0.6294137488706285,0.7777753353400428,0.657732011890207
24.22,85.197855,-63.570245,0.6969688913035522,0.6254921319032878,0.7777753353400428,0.655670137019021
24.24,85.853215,-64.880975,0.7020193391400846,0.6215705448550536,0.7816067406448577,0.6515464187378829
24.26,85.853225,-64.55330000000001,0.7020194162038027,0.6215705149359471,0.781606799107463,0.6536082621478351
24.28,85.853235,-65.208665,0.702019493267521,0.6196097363713832,0.7816068575700684,0.6515463872766492
24.3,85.853235,-65.86403,0.702019493267521,0.6176489278877129,0.7816068575700684,0.649484543866697
24.32,85.52556,-66.191715,0.7020195703312392,0.6176489278877129,0.7777754522652535,0.647422668995511
24.34,84.870195,-66.84708,0.6969690454309886,0.615688149323149,0.7739440469604385,0.6453607941243252
24.36,84.21483,-69.140855,0.6919185975944561,0.6098057537912444,0.7701125831930182,0.6371133890232824
24.38,83.231775,-69.79622499999999,0.6818175477939548,0.607844945307574,0.766281119425598,0.6350515141520966
24.4,82.24872,-70.779285,0.6767670228937043,0.6039233283402333,0.7586181918907572,0.632989607819677
24.42,81.92103,-72.090015,0.6717164979934536,0.6000017412919991,0.7586181334281519,0.628865889538539
24.44,81.265665,-72.417695,0.6666659730932029,0.5980409627274353,0.7547867281233369,0.628865889538539
24.46,81.265665,-72.745385,0.6666659730932029,0.5980409328083287,0.7547867281233369,0.626804014667353
24.48,80.610305,-73.400755,0.6616155252566704,0.5960801243246584,0.750955322818522,0.6247421397961671
24.5,80.282625,-73.72845,0.6616155252566704,0.5960800644864455,0.7471239175137069,0.6226802649249811
24.52,80.282625,-74.71149,0.6616155252566704,0.5921585372764242,0.7471239175137069,0.6206183900537952
24.54,80.610305,-75.366855,0.6616155252566704,0.5901977287927539,0.750955322818522,0.618556546643843
24.56,79.95494,-76.02222499999999,0.6565650774201379,0.5882369203090835,0.7471238590511016,0.6164946717726572
24.58,79.954945,-76.67759,0.6565650774201379,0.5862761118254131,0.7471239175137069,0.6144328283627047
24.6,79.29957999999999,-77.332955,0.6515145525198873,0.5843153332608494,0.7432925122088919,0.6123709534915188
24.62,79.29957999999999,-77.66064,0.6515145525198873,0.582354524777179,0.7432925122088919,0.6123709534915188
24.64,78.64422,-77.988315,0.6464641817470731,0.5823545546962854,0.7394610484414718,0.6103091100815667
24.66,78.644225,-78.643675,0.6464641817470731,0.5803937761317216,0.739461106904077,0.6082472666716143
24.68,78.316545,-78.971365,0.6464641817470731,0.5784329676480513,0.7356297015992622,0.6082472352103808
24.7,77.661175,-79.299055,0.6414136568468225,0.5784329377289448,0.7317982378318418,0.6061853603391949
24.72,76.678135,-80.28209,0.63636320901029,0.574511380599817,0.7241354272222119,0.6041235483904763
24.74,74.71204,-79.954425,0.6212117884369746,0.5764721292452744,0.7126410943825562,0.6041234854680089
24.76,73.073635,-80.93748,0.6060603678636589,0.5725505122779337,0.7049782837729263,0.602061610596823
24.78,72.090585,-80.937485,0.5959593951268759,0.5725505122779337,0.7011468200055061,0.6020615791355894
24.8,71.107545,-81.26517,0.5909089472903434,0.5725504823588271,0.6934840093958762,0.599999735725637
24.82,70.45218,-81.26517,0.585858499453811,0.5725504823588271,0.6896525456284558,0.599999735725637
24.84,69.46914000000001,-82.575895,0.575757526717028,0.5686289252296994,0.6858211987862461,0.595876017444499
24.86,69.14146,-82.5759,0.575757526717028,0.5686288953105929,0.6819897934814312,0.595876017444499
24.88,68.81377499999999,-83.55894,0.5707070788804955,0.5647073381814652,0.6819897350188259,0.5938141740345466
24.9,69.141465,-83.88662,0.5707071559442136,0.5647073381814652,0.6858211987862461,0.5917523306245945
24.92,70.124505,-84.541985,0.5808080516172786,0.5627465596169013,0.6896526040910612,0.5896904557534086
24.94,70.12451999999999,-84.869665,0.5808081286809967,0.5607857810523376,0.6896527210162717,0.5896904557534086
24.96,71.107565,-85.19734,0.5858586535812474,0.5607857810523376,0.6973155316259017,0.58762864380469
24.98,71.43525,-86.18039,0.5909091014177797,0.5568641940041034,0.6973155900885071,0.5855667689335041
25.0,71.76293,-86.180385,0.5909091014177797,0.5568642239232099,0.701146995393322,0.5855667689335041
25.02,72.09061,-86.50807,0.5959595492543123,0.5568641940041034,0.701146995393322,0.5835049255235518
25.04,72.090615,-87.16343499999999,0.5959596263180305,0.5549034154395395,0.701146995393322,0.581443050652366
25.06,72.09061,-87.49111500000001,0.5959596263180305,0.5529426368749756,0.7011469369307167,0.581443050652366
25.08,72.090605,-87.818795,0.5959595492543123,0.5529426368749756,0.7011469369307167,0.5793812072424137
25.1,71.435235,-88.474165,0.5909090243540617,0.5509818283913053,0.6973154731632963,0.5773193323712278
25.12,71.10755,-88.801855,0.5858585765175293,0.549021019907635,0.6973154147006911,0.5773193009099942
25.14,70.77987,-88.47418,0.5858585765175293,0.5509817685530923,0.6934840093958762,0.5773193009099942
25.16,70.779865,-15.72925,0.585858499453811,1.0,0.6934840093958762,0.5628862711953938
25.18,71.10755499999999,-98.63235,0.5858585765175293,0.5254914377800166,0.6973154731632963,0.5402057734572834
25.2,73.07365,-113.70577,0.6010099970908447,0.4921579029913661,0.708809806002952,0.48041174826646244
25.22,76.678155,-148.44013999999999,0.6212119425644109,0.4019612812055533,0.7356298185244727,0.3567001683710842
25.24,88.14703,-178.586885,0.6666662813480757,0.2960784907414427,0.8352469995383209,0.27834974125809503
25.26,107.152675,-183.174305,0.8484839447376078,0.2607845962557196,0.9195391439589625,0.28659761827764274
25.28,109.11885,-171.049995,0.8888886063219222,0.29215753199444533,0.9118766256623593,0.32989677034391124
25.3,105.51438,-156.63196,0.858586073430164,0.3372558279277985,0.8927195991382846,0.37319579656524493
25.32,104.20365,-146.14613,0.8434346528568485,0.370589302878236,0.8888881353708643,0.4041236364819306
25.34,103.220605,-138.28175,0.8383841279565979,0.39607960373220513,0.8812253247612344,0.4268041027588072
25.36,103.54828,-132.05579,0.8383841279565979,0.41568750905426965,0.8850566716034439,0.44536081929331206
25.38,102.892925,-127.46823,0.8333336801200654,0.4294130786826426,0.8812253247612344,0.4597938490079125
25.4,102.56524,-123.863715,0.8333336801200654,0.44117786974645173,0.877393860993814,0.4701031604413747
25.42,101.90988,-120.25920500000001,0.828283232283533,0.45294263089115433,0.873562455688999,0.4804124718748368
25.44,101.582195,-117.965425,0.8232327073832822,0.4607858049876228,0.873562455688999,0.4865980650271609
25.46,101.254515,-115.671645,0.8232327073832822,0.4666682005195273,0.8697310503841841,0.4948455015894372
25.48,100.271475,-113.70555,0.8131318117102173,0.47451137461599574,0.8658996450793691,0.49896921987057535
25.5,100.271475,-111.73946000000001,0.8131318117102173,0.47843296166422994,0.8658996450793691,0.507216624971618
25.52,99.61611500000001,-110.756405,0.808081363873685,0.4823545786315706,0.862068239774554,0.5092784998428039
25.54,99.28843499999999,-109.77336,0.808081363873685,0.48627613576069834,0.8582368344697391,0.5113403747139899
25.56,98.960755,-108.13495,0.8030309160371526,0.4882369442443687,0.8582368344697391,0.5195877798150325
25.58,98.960755,-106.82422,0.8030309160371526,0.4941193098571668,0.8582368344697391,0.5216496546862184
25.6,98.305395,-106.16886,0.7979804682006201,0.49804086698629446,0.8544054291649243,0.5216496546862184
25.62,98.305395,-106.16886,0.7979804682006201,0.49804086698629446,0.8544054291649243,0.5216496546862184
25.64,97.65003,-105.84118,0.7929300203640877,0.49804086698629446,0.850573965397504,0.5237114980961706
25.66,97.650025,-105.5135,0.7929299433003695,0.5000016455508584,0.850573965397504,0.5237114980961706
25.68,97.32234,-106.49654,0.7929299433003695,0.4960800884217306,0.8467425016300836,0.5216496546862184
25.7,96.99465,-105.841185,0.7878794184001188,0.49804083706718794,0.8467424431674783,0.5237114980961706
25.72,96.99464499999999,-105.84118,0.7878793413364006,0.49804086698629446,0.8467424431674783,0.5237114980961706
25.74,96.99464499999999,-105.841185,0.7878793413364006,0.49804086698629446,0.8467424431674783,0.523711466634937
25.76,96.666965,-105.84119,0.7878793413364006,0.49804083706718794,0.8429110378626633,0.523711466634937
25.78,96.339275,-105.18583,0.7828288164361499,0.5000016156317518,0.8429109794000579,0.5257733100448891
25.8,96.33927,-104.53046499999999,0.7828288164361499,0.5019623941963156,0.8429109209374525,0.5278351849160751
25.82,96.011585,-104.20278,0.7828287393724317,0.5019624241154221,0.8390795156326375,0.5298970283260274
25.84,96.339265,-103.21974,0.7828287393724317,0.5058839812445499,0.8429109209374525,0.5319588717359796
25.86,96.339265,-103.54742,0.7828287393724317,0.5058839812445499,0.8429109209374525,0.5298970283260274
25.88,96.339265,-103.875105,0.7828287393724317,0.5039232026799859,0.8429109209374525,0.5298969968647935
25.9,96.339265,-103.87511,0.7828287393724317,0.5039231727608795,0.8429109209374525,0.5298969968647935
25.92,96.339265,-103.54742,0.7828287393724317,0.5039232026799859,0.8429109209374525,0.5319588717359796
25.94,96.339265,-102.89206,0.7828287393724317,0.5058839812445499,0.8429109209374525,0.5340207151459319
25.96,96.33927,-102.56438,0.7828288164361499,0.5078447598091137,0.8429109209374525,0.5340207151459319
25.98,96.339275,-102.236695,0.7828288164361499,0.5078447897282202,0.8429109794000579,0.5360825585558839
26.0,96.339275,-101.909015,0.7828288164361499,0.509805568292784,0.8429109794000579,0.5360825585558839
26.02,95.683915,-101.58133,0.7777783685996175,0.511766346857348,0.8390795740952429,0.5360825900171178
26.04,95.683915,-101.58132499999999,0.7777783685996175,0.5117663767764544,0.8390795740952429,0.5360825900171178
26.06,95.683915,-101.58133,0.7777783685996175,0.511766346857348,0.8390795740952429,0.5360825900171178
26.08,95.683915,-101.58132499999999,0.7777783685996175,0.5117663767764544,0.8390795740952429,0.5360825900171178
26.1,95.35623,-101.90900500000001,0.7777783685996175,0.509805568292784,0.8352481103278225,0.5360826214783514
26.12,95.02854500000001,-101.58132,0.7727278436993669,0.5098055982118905,0.8352481103278225,0.5381444648883036
26.14,94.700865,-101.25364,0.7676773958628345,0.5117663767764544,0.8352481103278225,0.5381444648883036
26.16,95.02854,-100.59828,0.7727278436993669,0.5137271553410182,0.8352480518652173,0.5402063082982559
26.18,94.700865,-100.270595,0.7727278436993669,0.5156879638246886,0.8314167050230076,0.5402063082982559
26.2,94.700865,-99.615235,0.7727278436993669,0.5176487423892525,0.8314167050230076,0.5422681517082081
26.22,94.373195,-99.94291,0.7676774729265525,0.5156879638246886,0.831416763485613,0.5422681831694418
26.24,94.373195,-99.615225,0.7676774729265525,0.517648772308359,0.831416763485613,0.5422681831694418
26.26,94.3732,-99.28754,0.7676774729265525,0.517648772308359,0.8314168219482183,0.5443300580406277
26.28,94.3732,-99.28755,0.7676774729265525,0.5176487423892525,0.8314168219482183,0.544330026579394
26.3,93.717845,-99.28754,0.7626271021537383,0.517648772308359,0.8275854166434033,0.5443300580406277
26.32,93.717845,-98.63218,0.7626271021537383,0.5196095508729228,0.8275854166434033,0.5463919014505798
26.34,93.71783500000001,-99.28754,0.7626270250900202,0.517648772308359,0.827585358180798,0.5443300580406277
26.36,93.71783500000001,-98.95986,0.7626270250900202,0.5196095508729228,0.827585358180798,0.5443300580406277
26.38,93.71783,-98.95986,0.7626270250900202,0.5196095508729228,0.8275852997181928,0.5443300580406277
26.4,93.390145,-99.28754,0.7626269480263019,0.517648772308359,0.8237538944133778,0.5443300580406277
26.42,93.062465,-99.61522,0.7575765001897695,0.517648772308359,0.8237538944133778,0.5422682146306754
26.44,93.062455,-100.270585,0.7575764231260513,0.5156879638246886,0.8237538359507725,0.5402063712207232
26.46,92.407095,-100.27059,0.7525259752895188,0.5156879638246886,0.8199224306459575,0.5402063397594895
26.48,92.40709,-99.94291,0.7525258982258006,0.5156879638246886,0.8199224306459575,0.5422681831694418
26.5,92.079405,-99.61523,0.7525258982258006,0.5156879638246886,0.8160909668785371,0.544330026579394
26.52,92.079405,-99.61523,0.7525258982258006,0.5176487423892525,0.8160909668785371,0.5422681831694418
26.54,91.75172,-99.94291,0.7474754503892682,0.5156879638246886,0.8160909084159317,0.5422681831694418
26.56,91.751715,-99.94291,0.74747537332555,0.5156879638246886,0.8160909084159317,0.5422681831694418
26.58,91.09635,-99.61523,0.7424249254890176,0.5176487423892525,0.8122594446485114,0.5422681831694418
26.6,90.76867,-99.61523,0.7373744776524851,0.5156879638246886,0.8122594446485114,0.544330026579394
26.62,91.096345,-99.287555,0.7424248484252993,0.5176487423892525,0.8122594446485114,0.5443299951181604
26.64,91.096345,-98.63219,0.7424248484252993,0.5196095209538163,0.8122594446485114,0.5463918699893463
26.66,90.768665,-98.95987,0.7424248484252993,0.5196095209538163,0.8084280393436964,0.544330026579394
26.68,90.440985,-98.632195,0.7373744005887669,0.5196095209538163,0.8084280393436964,0.5463918385281126
26.7,89.785615,-98.632195,0.7323238756885163,0.5196095209538163,0.8045965755762761,0.5463918385281126
26.72,89.45793,-98.63219,0.7323238756885163,0.5196095209538163,0.8007651118088559,0.5463918699893463
26.74,89.785605,-98.30452,0.732323798624798,0.5196094910347098,0.8045965171136709,0.5484536819380649
26.76,89.130245,-97.97684,0.7272733507882656,0.5215702695992737,0.8007651118088559,0.5484536819380649
26.78,89.130245,-97.97684,0.7272733507882656,0.5215702695992737,0.8007651118088559,0.5484536819380649
26.8,88.80257,-97.64916,0.7222229800154514,0.5215702695992737,0.8007651118088559,0.5505155253480171
26.82,88.802565,-97.976845,0.7272733507882656,0.5215702695992737,0.7969337065040409,0.5484536504768311
26.84,88.47488,-97.976845,0.7222229029517332,0.5215702695992737,0.7969336480414355,0.5484536504768311
26.86,88.47614999999999,-97.97685,0.7222228258880149,0.5215702396801671,0.7969485560058021,0.5484536504768311
26.88,87.819515,-98.304535,0.7171723780514825,0.5215702396801671,0.7931022427366206,0.5463917756056452
26.9,87.819515,-98.30454,0.7171723780514825,0.5215702097610606,0.7931022427366206,0.5463917756056452
26.92,87.164155,-98.30454,0.7121219302149502,0.5215702097610606,0.7892708374318056,0.5463917756056452
26.94,87.164155,-98.63222,0.7121219302149502,0.5196094311964967,0.7892708374318056,0.5463917756056452
26.96,86.83647500000001,-98.95990499999999,0.7070714823784177,0.5196094311964967,0.7892708374318056,0.5443299007344594
26.98,87.16416000000001,-99.615275,0.7121219302149502,0.5176486227128264,0.7892708958944109,0.5422680258632735
27.0,86.5088,-99.942955,0.7070715594421358,0.5156878441482626,0.7854394321269906,0.5422680258632735
27.02,86.5088,-101.253685,0.7070715594421358,0.5137270356645922,0.7854394321269906,0.5360824641721831
27.04,87.164155,-103.219785,0.7121219302149502,0.5078446401326876,0.7892708374318056,0.5298968710198589
27.06,87.164155,-105.185885,0.7121219302149502,0.5019622446007831,0.7892708374318056,0.5237112778675348
27.08,87.16415,-109.773435,0.7121219302149502,0.4921582919397508,0.7892707789692002,0.50515456133303
27.1,88.474875,-122.880765,0.7171723780514825,0.4627463441993345,0.8007650533462505,0.45360794124325166
27.12,92.079385,-155.64904,0.7424247713615811,0.3803928965099901,0.8237537190255617,0.33402007962901165
27.14,100.926785,-192.67713500000002,0.7929297121092148,0.2627453149820704,0.8888877261326268,0.22474168675440212
27.16,108.79105,-216.925565,0.8737365692388611,0.1784314178383338,0.919538559332909,0.16082428935601334
27.18,112.72320500000001,-229.377445,0.8939380523301179,0.13725494830606702,0.9501899771592447,0.12577282554189065
27.2,117.638455,-233.96497,0.9444428389503152,0.11372551577398131,0.9693473544589517,0.12164920164445352
27.22,116.327815,-226.10055999999997,0.9444434554600608,0.12941198364334422,0.9540222009405348,0.15463901081602607
27.24,112.067995,-213.32095,0.9141410766957391,0.16666704564201587,0.92720236380683,0.19587616216617385
27.26,109.11888,-201.19671499999998,0.8838383896765445,0.20588285628614492,0.9157082063549904,0.23092772036399767
27.28,107.15281999999999,-190.710895,0.8686872002943835,0.2372554928338056,0.9042141073657562,0.2639174036906355
27.3,106.49746999999999,-181.53579000000002,0.8636368295215693,0.264706602171445,0.9003827605235467,0.2927834001973688
27.32,105.186755,-173.9991,0.8535360109122226,0.2901968731063076,0.8927199499139167,0.3134019916030596
27.34,103.87603,-167.11777999999998,0.8434351152391577,0.31176555699293595,0.8850570808416814,0.3340205515475167
27.36,102.892985,-162.530225,0.8333341425023746,0.32549112662130897,0.8812256755368665,0.34845354980088333
27.38,102.565305,-158.598045,0.8333341425023746,0.33725585784690504,0.8773942702320514,0.36082467318306416
27.4,101.909955,-154.66585500000002,0.8282837717295604,0.35098139755617147,0.8735629233898419,0.37113398461652636
27.42,101.58228,-152.372075,0.823233323893028,0.3568637930880761,0.8735629818524473,0.3793814211788027
27.44,101.582285,-148.76757500000002,0.8232334009567461,0.36666774574910826,0.8735629818524473,0.39175254456098346
27.46,101.254605,-146.146115,0.8232334009567461,0.3764716984101406,0.8697315765476322,0.39793813771330755
27.48,100.599255,-143.85234000000003,0.8181830301839319,0.38431487250660895,0.8659002297054227,0.40412369940439785
27.5,99.616205,-141.88624,0.8131325052836812,0.3882364894739497,0.8582373606331873,0.41237113596667424
27.52,98.633155,-139.592465,0.8030315325468982,0.39607963365131166,0.8544058968657672,0.4185567291189983
27.54,97.65011,-137.298685,0.7929306368738333,0.40196202918321616,0.8505744330983468,0.42680416568127455
27.56,97.32243,-134.02186,0.7929305598101151,0.41176598184424845,0.8467430862561373,0.43711347711473675
27.58,96.667075,-129.4343,0.7878801890373008,0.4235307729080576,0.8429116809513223,0.4536083502392894
27.6,96.011715,-124.191375,0.7828297412007684,0.4392171510201009,0.8390802756465072,0.4701032233638419
27.62,95.35636,-119.931495,0.777779293364236,0.4529427206484739,0.8352489288042977,0.48247440966849015
27.64,94.04563999999999,-116.654675,0.7676783976911712,0.4627466733095062,0.8275861181946678,0.4927836896407186
27.66,93.390275,-114.033215,0.7626279498546387,0.47255062597053843,0.8237546544272474,0.4989692827930427
27.68,92.734915,-112.394795,0.7575775020181063,0.47647224293787915,0.8199232491224324,0.5051548759453668
27.7,92.079555,-110.10103000000001,0.7525270541815737,0.484315387115241,0.8160918438176175,0.5113404061752235
27.72,92.079555,-109.44566,0.7474766063450413,0.4862761955989114,0.8199232491224324,0.5134022810464094
27.74,91.751875,-109.11798,0.7474766063450413,0.4882369741634752,0.8160918438176175,0.5134022810464094
27.76,92.079555,-109.11798,0.7525270541815737,0.4882369741634752,0.8160918438176175,0.5134022810464094
27.78,92.407235,-108.46261,0.7525270541815737,0.4901977826471456,0.8199232491224324,0.5154641559175953
27.8,92.40723,-108.79029,0.7525269771178555,0.4901977826471456,0.8199232491224324,0.5134023125076431
27.82,92.73491,-108.79029,0.7575775020181063,0.4901977826471456,0.819923190659827,0.5134023125076431
27.84,92.734905,-108.46261,0.757577424954388,0.4921585612117095,0.819923190659827,0.5134023125076431
27.86,92.734905,-108.13493,0.757577424954388,0.4921585612117095,0.819923190659827,0.5154641559175953
27.88,92.73491,-108.790285,0.7525269771178555,0.4901978125662521,0.8237546544272474,0.5134023125076431
27.9,93.062595,-108.46261,0.7575775020181063,0.4901977826471456,0.8237546544272474,0.5154641559175953
27.92,93.062595,-108.462605,0.7575775020181063,0.4901978125662521,0.8237546544272474,0.5154641559175953
27.94,93.06259,-108.462605,0.757577424954388,0.4901978125662521,0.8237546544272474,0.5154641559175953
27.96,93.06259,-108.462605,0.757577424954388,0.4901978125662521,0.8237546544272474,0.5154641559175953
27.98,92.734905,-108.462605,0.757577424954388,0.4901978125662521,0.819923190659827,0.5154641559175953
28.0,92.40721500000001,-108.79029,0.7525269000541375,0.4901977826471456,0.8199231321972217,0.5134023125076431
28.02,92.40721500000001,-108.46261,0.7525269000541375,0.4901977826471456,0.8199231321972217,0.5154641559175953
28.04,92.079525,-108.790295,0.7525268229904192,0.4901977826471456,0.8160916684298015,0.5134022810464094
28.06,91.75184,-109.44566,0.7474763751538868,0.4882369741634752,0.8160916099671961,0.5113404376364572
28.08,91.09647,-110.10102499999999,0.742425850253636,0.4862761955989114,0.8122601461997757,0.5092785627652713
28.1,91.09645499999999,-110.756395,0.7424256961261997,0.484315387115241,0.8122600877371704,0.5072166878940854
28.12,90.44108,-112.06713500000001,0.737375171225949,0.48039377014790025,0.8084285655071446,0.5030929381517135
28.14,90.441075,-113.377865,0.7373750941622308,0.4764721830996661,0.8084285655071446,0.49896921987057535
28.16,90.44107,-114.688605,0.7373750941622308,0.4745113446968892,0.8084285070445393,0.49278362671825127
28.18,90.113395,-116.654705,0.7373750941622308,0.4666681706004208,0.8045971602023296,0.4886598769758795
28.2,89.458035,-118.29312999999999,0.7323246463256983,0.4627465536330801,0.8007657548975147,0.48247425236232183
28.22,88.802675,-121.897655,0.727274198489166,0.4529425411338348,0.7969343495926997,0.47010303459643993
28.24,88.474995,-127.795965,0.7222237506526336,0.44117772015091916,0.7969343495926997,0.44536063052591
28.26,89.13038,-150.73377499999998,0.7222238277163516,0.3921577773311188,0.8045973940527512,0.35257685908598385
28.28,91.75183,-197.92004500000002,0.7474766063450413,0.26078453641750654,0.8160913176541692,0.19381384683771655
28.3,88.802505,-240.190995,0.7424247713615811,0.11960764203392728,0.7854387305757262,0.07628820616823286
28.32,86.50855,-259.19651,0.7121201577494313,0.04705856587310633,0.7816065067944363,0.03298930579183382
28.34,86.508555,-266.405475,0.7020190308852118,0.023529163260127064,0.7892695512544876,0.012370903153544966
28.36,90.76846,-271.32063,0.7373727051869663,0.005882275855478589,0.8122583338590096,0.0
28.38,93.71762000000001,-272.30366000000004,0.7575748047879689,0.0,0.8314155942335059,0.0
28.4,93.717675,-268.69917999999996,0.7626257920705288,0.005882335693691638,0.8275844227791123,0.016494747279617954
28.42,94.045375,-258.541095,0.7575754983614328,0.03529401416214932,0.835247350313953,0.04948427330008746
28.44,97.64988,-247.07223,0.787878416571782,0.06470581230703301,0.8544044937632385,0.09072142465023522
28.46,99.94366500000001,-233.63725499999998,0.8080802849816301,0.10588246135393896,0.8658989435281048,0.13195857600038308
28.48,99.615985,-219.54692999999997,0.8131308869455989,0.14705908048173838,0.8582360159932642,0.17731938270920172
28.5,97.6499,-205.78428000000002,0.7979793893085652,0.1882356996095377,0.8467418585414246,0.2206183774693017
28.52,96.01152,-193.66004500000003,0.7828281999264043,0.22745151025366675,0.8390791648570054,0.2556699356671255
28.54,94.70081,-183.50189999999998,0.7727273813170576,0.25882417672043395,0.8314164127099809,0.28659777558381117
28.56,93.71778,-176.2929,0.7626265627077109,0.2823536391716261,0.8275850658677713,0.3072163355282682
28.58,93.3901,-169.0839,0.7626265627077109,0.30392232305825445,0.8237536605629563,0.32989673888267756
28.6,92.73474,-163.84099500000002,0.7575761148711785,0.3215694198966486,0.8199222552581413,0.3443297056748105
28.62,92.079385,-160.23649,0.7525257440983643,0.3333341810413513,0.8160908499533264,0.3546389856470391
28.64,92.07938,-156.95968,0.7525257440983643,0.34313810378327697,0.816090791490721,0.36494823415803396
28.66,91.096335,-153.355185,0.7424247713615811,0.3529420265252028,0.812259386185906,0.3773193575402148
28.68,90.76864499999999,-150.406045,0.7373742464613305,0.36274597918623497,0.8122593277233007,0.385566794102491
28.7,90.440965,-148.11227,0.7373742464613305,0.3705891532827034,0.8084279224184856,0.3917523557935814
28.72,89.785605,-145.49081999999999,0.732323798624798,0.37843229746006535,0.8045965171136709,0.399999760894624
28.74,89.785605,-143.197045,0.732323798624798,0.3843146630728634,0.8045965171136709,0.40824719745690036
28.76,89.130245,-140.575585,0.7272733507882656,0.39215783716933184,0.8007651118088559,0.41649463401917663
28.78,88.14721,-138.28181,0.717172532178919,0.4000010112658002,0.7969337065040409,0.42268019571026705
28.8,88.147215,-136.97108,0.7222229800154514,0.40392259831403443,0.7931023596618313,0.4268039139914052
28.82,87.491855,-135.66036,0.717172532178919,0.4078441554431621,0.7892709543570163,0.4309276008113097
28.84,87.164175,-135.00499,0.7121220843423864,0.40980496392683247,0.7892709543570163,0.43298947568249563
28.86,86.50881,-133.366585,0.707071636505854,0.4156873295396305,0.785439490589596,0.4371131625024001
28.88,85.853455,-132.38354,0.7020211886693216,0.41764810810419434,0.7816081437473864,0.4412368807835382
28.9,85.525775,-131.40050000000002,0.7020211886693216,0.421569665233322,0.7777767384425714,0.4432987241934904
28.92,84.542735,-130.08977,0.6919202929962568,0.42353047371699243,0.7739453331377565,0.44948428588458084
28.94,83.559695,-127.795995,0.6868698451597243,0.43137361789435436,0.7662825225281265,0.4556698790369049
28.96,83.88738,-126.81296,0.6868699222234425,0.4333343964589182,0.7701139278329414,0.45979353439557563
28.98,84.215055,-122.55310499999999,0.6919202929962568,0.44509909776540774,0.7701139278329414,0.4742265011877087
29.0,83.559685,-118.29326,0.6868697680960061,0.4568637990718974,0.7662824640655211,0.48865940505737443
29.02,83.232005,-113.37803500000001,0.6818193202594737,0.47255008742662113,0.7662824640655211,0.503092403310741
29.04,83.232,-109.445855,0.6818193202594737,0.4843148186522173,0.7662824056029157,0.5154635266929218
29.06,83.23199,-106.8244,0.6818192431957554,0.4941187713132495,0.7662823471403104,0.5216490883840122
29.08,83.88733500000001,-105.51366,0.6868695369048515,0.4980403882805903,0.7701136939825199,0.5257728381263841
29.1,83.23197,-104.530615,0.681819089068319,0.501961945409718,0.7662822302150998,0.52783471299757
29.12,82.5766,-104.20292,0.6767685641680683,0.5039227838124948,0.7624507664476794,0.5278347444588036
29.14,82.57659,-104.202905,0.6767684871043501,0.5019620351670374,0.7624507079850741,0.5298966507912233
29.16,82.576585,-103.54754,0.676768410040632,0.5058836222152717,0.7624507079850741,0.5298966507912233
29.18,82.576575,-104.53057,0.6767683329769137,0.5019620950052505,0.7624506495224687,0.5278348388425047
29.2,81.92121,-104.85824,0.6717178851403813,0.501962124924357,0.7586191857550483,0.5257730268937861
29.22,81.921195,-104.85824,0.6717177310129449,0.5000013463597932,0.758619127292443,0.5278348703037383
29.24,81.265835,-106.496635,0.6666672831764124,0.49804059771433584,0.754787721987628,0.5195874966639293
29.26,80.61047500000001,-107.479675,0.66161683533988,0.49411904058520817,0.750956316682813,0.5175256532539771
29.28,80.61048,-108.46272,0.66161683533988,0.49215823210153775,0.7509563751454184,0.5134019664340727
29.3,80.610485,-109.445765,0.6616169124035982,0.4882366749724101,0.7509563751454184,0.5113400915628868
29.32,80.610485,-110.10112,0.6616169124035982,0.4862758964078463,0.7509563751454184,0.5092782796141683
29.34,80.610495,-109.445765,0.6616169894673164,0.4882366749724101,0.7509564336080238,0.5113400915628868
29.36,79.955135,-110.101125,0.656566541630784,0.4862758964078463,0.7471250283032088,0.5092782481529344
29.38,79.627455,-110.428805,0.656566541630784,0.48431511784328235,0.7432936229983939,0.5092782481529344
29.4,78.972095,-110.10113,0.6515160937942515,0.4862758664887397,0.7394622176935788,0.5092782481529344
29.42,78.31674,-110.42881,0.646465645957719,0.48431508792417594,0.7356308708513692,0.5092782481529344
29.44,77.98907,-109.77344500000001,0.6414152751849048,0.4862758664887397,0.7356309293139747,0.5113401230241205
29.46,77.98908,-109.77344,0.641415352248623,0.4862758964078463,0.73563098777658,0.5113401230241205
29.48,77.6614,-109.44576,0.641415352248623,0.4882366749724101,0.731799582471765,0.5113401230241205
29.5,77.66140999999999,-108.7904,0.6363649814758088,0.4901974535369739,0.7356310462391854,0.5134019664340727
29.52,77.33373,-109.773445,0.6363650585395271,0.4862758964078463,0.731799582471765,0.5113400915628868
29.54,77.006055,-110.101125,0.6363650585395271,0.4862758964078463,0.7279682356295554,0.5092782481529344
29.56,76.67837,-109.77345,0.6313146107029945,0.4862758664887397,0.7279681771669501,0.5113400915628868
29.58,76.67837,-109.77345,0.6313146107029945,0.4862758664887397,0.7279681771669501,0.5113400915628868
29.6,76.67837,-109.773455,0.6313145336392764,0.4862758664887397,0.7279682356295554,0.511340060101653
29.62,76.678375,-110.7565,0.6313146107029945,0.4843150580050693,0.7279682356295554,0.5072163732817485
29.64,76.678375,-110.756505,0.6313146107029945,0.4823542794405056,0.7279682356295554,0.5092781852304671
29.66,76.67838,-111.08419,0.6313146107029945,0.48235424952139905,0.7279682940921608,0.507216341820515
29.68,76.67838499999999,-111.739555,0.6313146877667128,0.48039347095683516,0.7279682940921608,0.5051544669493291
29.7,77.333745,-112.394925,0.6363651356032453,0.4784326624731648,0.7317996993969758,0.5030925920781432
29.72,77.333745,-112.722605,0.6363651356032453,0.4784326624731648,0.7317996993969758,0.5010307486681909
29.74,77.33374,-114.033345,0.6363651356032453,0.47451104550582407,0.7317996409343704,0.49690699892581913
29.76,77.333735,-114.03335,0.6363650585395271,0.4745110155867176,0.7317996409343704,0.49690699892581913
29.78,77.66141,-113.705675,0.6414155063760595,0.4745110155867176,0.731799582471765,0.49896881087453765
29.8,77.333735,-113.705675,0.6363650585395271,0.4745110155867176,0.7317996409343704,0.49896881087453765
29.82,77.661415,-114.033365,0.6414155063760595,0.474510985667611,0.7317996409343704,0.49690693600335173
29.84,77.98909499999999,-114.033365,0.6414155063760595,0.47255020710304724,0.7356310462391854,0.4989687794133039
29.86,77.98909499999999,-114.361045,0.6414155063760595,0.47255020710304724,0.7356310462391854,0.49690693600335173
29.88,77.98909,-114.361045,0.6414155063760595,0.47255020710304724,0.73563098777658,0.49690693600335173
29.9,78.644445,-115.67178,0.6464658771488737,0.4705893986193769,0.7394623930813949,0.49072134285102764
29.92,78.644445,-117.3102,0.6464658771488737,0.46470697316836573,0.7394623930813949,0.4865976245698895
29.94,78.644435,-117.965575,0.6464658000851555,0.46274616468469537,0.7394623346187896,0.48453571823746994
29.96,78.316755,-119.27630500000001,0.6464658000851555,0.45882457763646123,0.7356309293139747,0.48041199995633177
