t_s,x,y,x_left,y_left,x_right,y_right
0.08,-1.31069,1.96608,-1.31069,1.96608,-1.31069,1.96608
0.1,-1.63837,2.2937600000000002,-1.31069,2.62144,-1.96605,1.96608
0.12,-2.2937250000000002,2.2937600000000002,-1.96605,2.62144,-2.6214,1.96608
0.14,-2.621405,2.621435,-2.62141,2.62143,-2.6214,2.62144
0.16,-1.966045,2.94911,-1.96605,3.27679,-1.96604,2.62143
0.18,-1.966045,2.29374,-1.96605,2.62142,-1.96604,1.96606
0.2,-1.63837,1.96605,-1.31069,1.96605,-1.96605,1.96605
0.22,-1.96604,1.63837,-1.96604,1.96605,-1.96604,1.31069
0.24,-2.29372,1.31068,-1.96604,1.31068,-2.6214,1.31068
0.26,-2.949085,0.9829950000000001,-2.62141,1.31067,-3.27676,0.65532
0.28,-2.94908,0.6553100000000027,-3.27676,1.31067,-2.6214,-4.9999999994554e-05
0.3,-2.94908,0.65531,-2.6214,0.65531,-3.27676,0.65531
0.32,-3.604445,0.65531,-3.27677,0.65531,-3.93212,0.65531
0.34,-3.604445,1.966035,-3.27677,1.96603,-3.93212,1.96604
0.36,-3.604445,2.94907,-3.27677,3.27675,-3.93212,2.62139
0.38,-3.93212,3.27675,-3.93212,3.27675,-3.93212,3.27675
0.4,-2.94907,3.60443,-3.93212,3.93211,-1.96602,3.27675
0.42,10.15833,5.89819,5.89842,5.24283,14.41824,6.55355
0.44,16.38437,6.881225000000001,17.03973,7.2089,15.72901,6.55355
0.46,16.05669,7.86428,16.38437,7.86428,15.72901,7.86428
0.48,16.05669,9.175005,16.38437,9.175,15.72901,9.17501
0.5,16.05669,10.48573,16.38437,10.48573,15.72901,10.48573
0.52,15.729015,11.468775,15.72901,11.14109,15.72902,11.79646
0.54,15.401340000000001,13.43487,15.72902,13.10719,15.07366,13.76255
0.56,15.073665,14.41791,15.07366,14.41791,15.07367,14.41791
0.58,15.073665,15.073275,15.07366,15.07327,15.07367,15.07328
0.6,15.073675,16.711685000000003,15.07367,16.384,15.07368,17.03937
0.62,15.073675,18.677775,15.07367,18.35009,15.07368,19.00546
0.64,14.745995,20.316184999999997,15.07367,20.31618,14.41832,20.31619
0.66,14.41831,22.282275,14.41831,22.28227,14.41831,22.28228
0.68,14.41832,23.593004999999998,14.41832,23.593,14.41832,23.59301
0.7,14.090634999999999,25.5591,14.41831,25.55909,13.76296,25.55911
0.72,14.41832,26.542144999999998,14.41832,26.21446,14.41832,26.86983
0.74,7.864645,28.18055,13.76295,28.18054,1.96634,28.18056
0.76,-18.350134999999998,26.869880000000002,-13.76254,26.86987,-22.93773,26.86989
0.78,-22.282384999999998,29.491355,-22.28239,28.83599,-22.28238,30.14672
0.8,-22.28239,30.146715,-22.28239,30.80208,-22.28239,29.49135
0.82,-21.627025000000003,28.83597,-21.62703,28.83597,-21.62702,28.83597
0.84,-21.62703,28.50828,-21.62703,28.83596,-21.62703,28.1806
0.86,-21.62704,27.197544999999998,-21.62704,27.52523,-21.62704,26.86986
0.88,-21.62704,26.542180000000002,-21.62704,26.86986,-21.62704,26.2145
0.9,-21.954720000000002,26.869855,-21.62704,26.86985,-22.2824,26.86986
0.92,-22.2824,25.886815,-22.2824,26.21449,-22.2824,25.55914
0.94,-21.627035,25.231450000000002,-21.62704,25.55913,-21.62703,24.90377
0.96,-21.62703,24.576085,-21.62703,24.90376,-21.62703,24.24841
0.98,-21.627025000000003,23.92072,-21.62703,24.2484,-21.62702,23.59304
1.0,-22.28238,22.937675,-22.28238,23.59304,-22.28238,22.28231
1.02,-22.61006,22.60999,-22.28238,22.93767,-22.93774,22.28231
1.04,-23.265425,22.28231,-23.59311,22.28231,-22.93774,22.28231
1.06,-23.26542,23.265345,-22.93774,23.59302,-23.5931,22.93767
1.08,-23.920785000000002,23.265349999999998,-23.59311,23.59303,-24.24846,22.93767
1.1,-24.576145,23.593015,-24.24847,23.59302,-24.90382,23.59301
1.12,-25.231505,23.92069,-25.55919,24.24837,-24.90382,23.59301
1.14,-25.231505,24.576045,-24.90383,24.90372,-25.55918,24.24837
1.16,-25.55919,23.92067,-25.55919,24.24835,-25.55919,23.59299
1.18,-25.886865,23.59299,-25.55919,23.59299,-26.21454,23.59299
1.2,-26.869905000000003,23.92067,-26.86991,24.24835,-26.8699,23.59299
1.22,-26.542225000000002,23.92067,-26.21455,24.24835,-26.8699,23.59299
1.24,-26.54223,24.57603,-26.21455,24.90371,-26.86991,24.24835
1.26,-26.86991,23.92067,-26.86991,24.24835,-26.86991,23.59299
1.28,-27.197585,23.920659999999998,-27.52527,24.24834,-26.8699,23.59298
1.3,-30.146749999999997,26.21445,-28.18064,24.90371,-32.11286,27.52519
1.32,-34.734325,27.52521,-34.73433,28.18057,-34.73432,26.86985
1.34,-34.406635,27.852885,-34.07896,28.18057,-34.73431,27.5252
1.36,-34.078955,26.869835,-34.07896,27.52519,-34.07895,26.21448
1.38,-34.078955,25.23143,-34.07895,26.21447,-34.07896,24.24839
1.4,-34.07896,23.920695000000002,-34.07896,24.24838,-34.07896,23.59301
1.42,-34.07897,22.609965,-34.07897,22.93764,-34.07897,22.28229
1.44,-34.406645,22.28228,-34.07897,22.28228,-34.73432,22.28228
1.46,-34.07897,21.954594999999998,-34.07897,22.28228,-34.07897,21.62691
1.48,-34.73433,20.64387,-34.73433,20.97155,-34.73433,20.31619
1.5,-34.07897,19.988505,-34.07897,20.31618,-34.07897,19.66083
1.52,-34.40665,19.33314,-34.07897,19.66082,-34.73433,19.00546
1.54,-34.73433,19.005454999999998,-34.73433,19.00545,-34.73433,19.00546
1.56,-34.078965,19.66081,-34.73433,19.66081,-33.4236,19.66081
1.58,-27.525255,21.95457,-28.18064,21.62689,-26.86987,22.28225
1.6,-27.852919999999997,23.59298,-27.52524,23.59297,-28.1806,23.59299
1.62,-28.180594999999997,25.231389999999998,-28.1806,24.90371,-28.18059,25.55907
1.64,-28.508274999999998,25.88675,-28.1806,26.21443,-28.83595,25.55907
1.66,-29.16364,25.55907,-28.83596,25.55907,-29.49132,25.55907
1.68,-30.474365,23.59297,-30.14669,25.55906,-30.80204,21.62688
1.7,-32.11277,17.694699999999997,-31.45741,20.97151,-32.76813,14.41789
1.72,-33.423505,10.485714999999999,-32.76815,10.48571,-34.07886,10.48572
1.74,-33.75119,13.434854999999999,-34.07887,12.45181,-33.42351,14.4179
1.76,-32.11278,18.350085,-32.76815,17.69472,-31.45741,19.00545
1.78,-17.36695,22.609915,-21.62687,21.62688,-13.10703,23.59295
1.8,-12.45164,27.19745,-11.79628,26.2144,-13.107,28.1805
1.82,-13.434685,29.491235000000003,-13.10701,29.49123,-13.76236,29.49124
1.84,-13.76236,29.818910000000002,-13.76236,30.14659,-13.76236,29.49123
1.86,-14.090035,29.818910000000002,-13.76236,30.14659,-14.41771,29.49123
1.88,-14.74539,27.852805,-14.41771,28.83585,-15.07307,26.86976
1.9,-16.05611,27.197435,-15.72843,27.52511,-16.38379,26.86976
1.92,-15.400749999999999,27.852805,-15.72843,27.52512,-15.07307,28.18049
1.94,-15.073065,28.83585,-15.07307,28.83585,-15.07306,28.83585
1.96,-14.745384999999999,29.491214999999997,-14.41771,29.49121,-15.07306,29.49122
1.98,-15.07306,30.474249999999998,-15.07306,30.14657,-15.07306,30.80193
2.0,-15.07306,30.801935,-15.07306,30.80193,-15.07306,30.80194
2.02,-9.830110000000001,30.801935,-13.10697,30.80194,-6.55325,30.80193
2.04,-1.9656449999999999,30.801924999999997,-1.96565,30.80192,-1.96564,30.80193
2.06,-2.62101,31.129625,-2.62101,31.4573,-2.62101,30.80195
2.08,-2.62101,31.12963,-2.62101,31.45731,-2.62101,30.80195
2.1,-2.9487,31.12963,-2.62102,31.45731,-3.27638,30.80195
2.12,-3.60406,31.12963,-3.27638,31.45731,-3.93174,30.80195
2.14,-3.93174,31.784995000000002,-3.93174,32.11267,-3.93174,31.45732
2.16,-4.91478,32.112685,-4.5871,32.11268,-5.24246,32.11269
2.18,-5.242465,32.440375,-5.24247,32.76805,-5.24246,32.1127
2.2,-5.242455,33.09575,-5.24246,33.42343,-5.24245,32.76807
2.22,-5.24245,33.09575,-5.24245,33.42343,-5.24245,32.76807
2.24,-5.5701350000000005,33.09576,-5.24246,33.42344,-5.89781,32.76808
2.26,-5.897815,33.095755,-5.89782,33.42343,-5.89781,32.76808
2.28,-6.22549,34.078805,-5.89781,34.0788,-6.55317,34.07881
2.3,-7.2085349999999995,34.73417,-7.20854,34.73417,-7.20853,34.73417
2.32,-7.20853,35.061845,-7.20853,35.38952,-7.20853,34.73417
2.34,-6.88085,35.38953,-6.55317,35.38953,-7.20853,35.38953
2.36,-6.880845,36.70026,-7.20854,36.04489,-6.55315,37.35563
2.38,-4.587035,38.666354999999996,-4.58704,38.66635,-4.58703,38.66636
2.4,-4.91472,39.649415000000005,-4.58704,39.32173,-5.2424,39.9771
2.42,-5.2424,39.977105,-5.2424,39.9771,-5.2424,39.97711
2.44,-5.57008,40.304785,-5.2424,40.63246,-5.89776,39.97711
2.46,-5.89776,39.977109999999996,-5.89776,40.63247,-5.89776,39.32175
2.48,-6.55311,39.64943,-6.55311,39.97711,-6.55311,39.32175
2.5,-6.88079,39.977115,-6.55311,39.97711,-7.20847,39.97712
2.52,-7.53615,40.632490000000004,-7.20847,40.63248,-7.86383,40.6325
2.54,-8.191514999999999,41.943225,-7.86384,41.94322,-8.51919,41.94323
2.56,-8.846875,42.598595,-8.5192,42.59859,-9.17455,42.5986
2.58,-9.17456,42.270920000000004,-9.17456,42.5986,-9.17456,41.94324
2.6,-9.82992,41.94324,-9.82992,41.94324,-9.82992,41.94324
2.62,-9.82992,42.92629,-9.82992,43.25397,-9.82992,42.59861
2.64,-10.812965,43.253975,-10.48529,43.25397,-11.14064,43.25398
2.66,-8.19021,44.892395,-10.48528,44.56471,-5.89514,45.22008
2.68,-2.94851,46.20313,-2.62083,45.87544,-3.27619,46.53082
2.7,-3.9315550000000004,48.16924,-3.93156,47.84155,-3.93155,48.49693
2.72,-3.93155,49.807655,-3.93155,49.80765,-3.93155,49.80766
2.74,-3.93155,50.463025,-3.93155,50.46302,-3.93155,50.46303
2.76,-4.259225,50.790715,-3.93155,51.11839,-4.5869,50.46304
2.78,-4.58691,51.773755,-4.58691,51.77375,-4.58691,51.77376
2.8,-4.58691,51.446075,-4.58691,51.77376,-4.58691,51.11839
2.82,-1.31007,50.790710000000004,-3.93155,51.77375,1.31141,49.80767
2.84,6.554399999999999,50.46302,6.55439,50.46302,6.55441,50.46302
2.86,5.899045,52.429125,5.89904,52.42912,5.89905,52.42913
2.88,5.89905,53.084495000000004,5.89905,53.08449,5.89905,53.0845
2.9,6.5544150000000005,53.412185,6.55441,53.73986,6.55442,53.08451
2.92,5.899055000000001,53.0845,5.89905,53.73986,5.89906,52.42914
2.94,6.226735,52.75682,6.55441,53.0845,5.89906,52.42914
2.96,5.57137,52.756825,5.89905,53.0845,5.24369,52.42915
2.98,5.57137,53.08451,5.89905,53.08451,5.24369,53.08451
3.0,5.243695,53.412185,5.24369,53.73986,5.2437,53.08451
3.02,5.243695,53.41219,5.24369,53.73987,5.2437,53.08451
3.04,5.2437,53.412195,5.2437,53.73987,5.2437,53.08452
3.06,5.243695,53.412195,5.24369,53.73987,5.2437,53.08452
3.08,5.243695,53.084514999999996,5.24369,53.08451,5.2437,53.08452
3.1,4.91601,53.08452,5.24369,53.08452,4.58833,53.08452
3.12,4.588335,52.75684,4.58833,53.08452,4.58834,52.42916
3.14,4.58833,52.756845,4.58833,53.08452,4.58833,52.42917
3.16,4.58833,52.101485,4.58833,52.42916,4.58833,51.77381
3.18,4.58833,52.101485,4.58833,52.42917,4.58833,51.7738
3.2,4.588335,52.101485,4.58833,52.42916,4.58834,51.77381
3.22,4.58834,51.44611,4.58834,51.77379,4.58834,51.11843
3.24,6.22676,51.118435,5.2437,51.11843,7.20982,51.11844
3.26,7.53752,51.44612,7.8652,51.77379,7.20984,51.11845
3.28,7.865195,51.446125,7.86519,51.7738,7.8652,51.11845
3.3,7.8652,51.11845,7.8652,51.11845,7.8652,51.11845
3.32,7.8652,51.11845,7.8652,51.11845,7.8652,51.11845
3.34,7.865205,51.118455,7.8652,51.77381,7.86521,50.4631
3.36,7.86521,50.79077,7.86521,51.11845,7.86521,50.46309
3.38,7.86521,51.11846,7.86521,51.11846,7.86521,51.11846
3.4,7.5375250000000005,51.773825,7.8652,51.77382,7.20985,51.77383
3.42,7.209845,52.10151,7.20984,52.42919,7.20985,51.77383
3.44,7.53752,52.42919,7.8652,52.42919,7.20984,52.42919
3.46,7.20984,52.42919,7.20984,52.42919,7.20984,52.42919
3.48,6.55447,53.412235,6.55447,53.73991,6.55447,53.08456
3.5,8.52057,53.412245,6.55447,53.73992,10.48667,53.08457
3.52,27.854005,52.75689,22.93871,53.08457,32.7693,52.42921
3.54,32.441645,53.412255,33.42469,53.73992,31.4586,53.08459
3.56,31.786275000000003,53.41228,32.11395,53.73996,31.4586,53.0846
3.58,32.11395,53.41228,32.11395,53.73996,32.11395,53.0846
3.6,31.458595000000003,53.41228,31.45859,53.73996,31.4586,53.0846
3.62,32.11395,53.41228,32.11395,53.73996,32.11395,53.0846
3.64,31.458595000000003,53.41227,31.45859,53.73995,31.4586,53.08459
3.66,30.803235,53.412265000000005,30.80323,53.73995,30.80324,53.08458
3.68,30.80324,53.41225,30.80324,53.73993,30.80324,53.08457
3.7,30.80324,53.41225,30.80324,53.73993,30.80324,53.08457
3.72,30.80324,53.41224,30.80324,53.73992,30.80324,53.08456
3.74,30.475555,53.41224,30.80323,53.73992,30.14788,53.08456
3.76,30.475555,53.084559999999996,30.80323,53.73992,30.14788,52.4292
3.78,30.47556,52.4292,30.80324,53.08456,30.14788,51.77384
3.8,29.8202,51.773835,30.14788,52.42919,29.49252,51.11848
3.82,29.492525,50.79079,29.49252,51.11847,29.49253,50.46311
3.84,29.492525,50.79079,29.49252,51.11847,29.49253,50.46311
3.86,29.49252,50.13543,29.49252,50.46311,29.49252,49.80775
3.88,28.509484999999998,49.48007,28.83716,49.80775,28.18181,49.15239
3.9,28.83716,49.480064999999996,28.83716,49.80774,28.83716,49.15239
3.92,28.181804999999997,49.152384999999995,28.1818,49.15238,28.18181,49.15239
3.94,28.1818,49.15238,28.1818,49.15238,28.1818,49.15238
3.96,28.1818,49.15238,28.1818,49.15238,28.1818,49.15238
3.98,28.50948,49.80774,28.83716,49.80774,28.1818,49.80774
4.0,28.18179,50.4631,28.18179,51.11846,28.18179,49.80774
4.02,28.509465,50.79078,28.83714,51.11846,28.18179,50.4631
4.04,28.50946,51.118465,28.83714,51.11846,28.18178,51.11847
4.06,28.837135,52.101515,28.83713,51.77383,28.83714,52.4292
4.08,28.509455,52.429195,28.83713,52.42919,28.18178,52.4292
4.1,28.509445,52.75688,28.83712,53.08456,28.18177,52.4292
4.12,28.18177,52.75688,28.18177,53.08456,28.18177,52.4292
4.14,28.509445,52.756885,28.83712,53.08456,28.18177,52.42921
4.16,28.509445,53.08457,28.18176,53.08457,28.83713,53.08457
4.18,28.18177,53.084565,28.18177,53.08456,28.18177,53.08457
4.2,28.18177,53.412275,28.18177,53.73995,28.18177,53.0846
4.22,28.50945,53.412285,28.83713,53.73996,28.18177,53.08461
4.24,2.294695,51.44619,16.38514,53.73995,-11.79575,49.15243
4.26,-42.59829499999999,42.598895,-42.59815,42.59886,-42.59844,42.59893
4.28,-42.59853,46.85881,-42.59853,45.2204,-42.59853,48.49722
4.3,-42.59853,52.75708,-42.59853,52.42939,-42.59853,53.08477
4.32,-42.59854,53.412440000000004,-42.59854,53.74012,-42.59854,53.08476
4.34,-42.59854,53.412435,-42.59854,53.74012,-42.59854,53.08475
4.36,-42.598545,53.412425,-42.59854,53.7401,-42.59855,53.08475
4.38,-42.598545,53.412435,-42.59855,53.74011,-42.59854,53.08476
4.4,-42.598545,53.412440000000004,-42.59855,53.74012,-42.59854,53.08476
4.42,-42.59854,53.412455,-42.59854,53.74013,-42.59854,53.08478
4.44,-42.59854,53.412459999999996,-42.59854,53.74014,-42.59854,53.08478
4.46,-42.59859,53.41249,-42.59855,53.74015,-42.59863,53.08483
4.48,-42.598685,53.412530000000004,-42.59868,53.74021,-42.59869,53.08485
4.5,-42.598685,53.41254,-42.59869,53.74022,-42.59868,53.08486
4.52,-42.59868,53.41254,-42.59868,53.74022,-42.59868,53.08486
4.54,-42.598675,53.412530000000004,-42.59868,53.74021,-42.59867,53.08485
4.56,-42.59868,53.412525,-42.59868,53.74021,-42.59868,53.08484
4.58,-42.59869,53.41251,-42.59869,53.74019,-42.59869,53.08483
4.6,-42.59869,53.4125,-42.59869,53.74018,-42.59869,53.08482
4.62,-42.59869,53.41249,-42.59869,53.74017,-42.59869,53.08481
4.64,-42.598695,53.412485000000004,-42.5987,53.74017,-42.59869,53.0848
4.66,-42.5987,53.412475,-42.5987,53.74016,-42.5987,53.08479
4.68,-42.5987,53.412465,-42.5987,53.74014,-42.5987,53.08479
4.7,-42.5987,53.412504999999996,-42.5987,53.74023,-42.5987,53.08478
4.72,-42.5987,53.412459999999996,-42.5987,53.74014,-42.5987,53.08478
4.74,-42.59871,53.41245,-42.59871,53.74013,-42.59871,53.08477
4.76,-42.59874000000001,53.41247,-42.59873,53.74014,-42.59875,53.0848
4.78,-42.59875,53.41248,-42.59875,53.74016,-42.59875,53.0848
4.8,-42.598755,53.41248,-42.59876,53.74016,-42.59875,53.0848
4.82,-42.59875,53.412475,-42.59875,53.74016,-42.59875,53.08479
4.84,-42.598755,53.412465,-42.59875,53.74014,-42.59876,53.08479
4.86,-42.59876,53.412459999999996,-42.59876,53.74014,-42.59876,53.08478
4.88,-42.59876,53.412454999999994,-42.59876,53.74014,-42.59876,53.08477
4.9,-42.59876,53.412440000000004,-42.59876,53.74012,-42.59876,53.08476
4.92,-42.598765,53.412425,-42.59877,53.74011,-42.59876,53.08474
4.94,-42.598765,53.412414999999996,-42.59877,53.7401,-42.59876,53.08473
4.96,-42.59876,52.75705,-42.59876,53.08473,-42.59876,52.42937
4.98,-42.59876,53.08472,-42.59876,53.08472,-42.59876,53.08472
5.0,-42.59876,52.757115,-42.59876,53.08487,-42.59876,52.42936
5.02,-42.59876,51.44631,-42.59876,51.77399,-42.59876,51.11863
5.04,-42.598755,50.46326,-42.59876,51.11862,-42.59875,49.8079
5.06,-42.598755,49.48021,-42.59876,49.80789,-42.59875,49.15253
5.08,-42.598655,49.480199999999996,-42.5987,49.80788,-42.59861,49.15252
5.1,-42.59854,51.1186,-42.59854,50.46324,-42.59854,51.77396
5.12,-42.59855,53.08471,-42.59855,53.08471,-42.59855,53.08471
5.14,-42.59856,53.4124,-42.59856,53.74008,-42.59856,53.08472
5.16,-42.598565,53.412405,-42.59857,53.74008,-42.59856,53.08473
5.18,-42.59857,53.412414999999996,-42.59857,53.74009,-42.59857,53.08474
5.2,-42.598575,53.412414999999996,-42.59858,53.74009,-42.59857,53.08474
5.22,-42.598575,53.41242,-42.59858,53.7401,-42.59857,53.08474
5.24,-42.598565,53.412425,-42.59858,53.7401,-42.59855,53.08475
5.26,-42.598425,53.41243,-42.59844,53.74011,-42.59841,53.08475
5.28,-42.598425,53.41245,-42.59843,53.74012,-42.59842,53.08478
5.3,-42.598415,53.412459999999996,-42.59842,53.74014,-42.59841,53.08478
5.32,-42.59841,53.41247,-42.59841,53.74015,-42.59841,53.08479
5.34,-42.59841,53.412475,-42.59841,53.74015,-42.59841,53.0848
5.36,-42.598405,53.41249,-42.59841,53.74017,-42.5984,53.08481
5.38,-42.598405,53.41249,-42.59841,53.74017,-42.5984,53.08481
5.4,-42.59841,53.412495,-42.59841,53.74017,-42.59841,53.08482
5.42,-42.598405,53.41249,-42.59841,53.74017,-42.5984,53.08481
5.44,-42.59841,53.412495,-42.59841,53.74017,-42.59841,53.08482
5.46,-42.59841,53.41249,-42.59841,53.74017,-42.59841,53.08481
5.48,-42.59841,53.41249,-42.59841,53.74017,-42.59841,53.08481
5.5,-42.59841,53.412485000000004,-42.59841,53.74017,-42.59841,53.0848
5.52,-42.59841,53.41248,-42.59841,53.74016,-42.59841,53.0848
5.54,-42.598415,53.41248,-42.59842,53.74016,-42.59841,53.0848
5.56,-42.598415,53.41248,-42.59842,53.74016,-42.59841,53.0848
5.58,-42.598415,53.41247,-42.59842,53.74015,-42.59841,53.08479
5.6,-42.598425,53.41247,-42.59843,53.74015,-42.59842,53.08479
5.62,-42.59842,53.412459999999996,-42.59842,53.74014,-42.59842,53.08478
5.64,-42.59842,53.412459999999996,-42.59842,53.74014,-42.59842,53.08478
5.66,-42.59842,53.41245,-42.59842,53.74013,-42.59842,53.08477
5.68,-42.59842,53.412465,-42.59842,53.74014,-42.59842,53.08479
5.7,-42.59843,53.41248,-42.59843,53.74015,-42.59843,53.08481
5.72,-42.59844,53.412499999999994,-42.59844,53.74017,-42.59844,53.08483
5.74,-42.59845,53.41252,-42.59845,53.74019,-42.59845,53.08485
5.76,-42.598455,53.412545,-42.59845,53.74022,-42.59846,53.08487
5.78,-42.59846,53.412549999999996,-42.59846,53.74023,-42.59846,53.08487
5.8,-42.59846,53.412549999999996,-42.59846,53.74023,-42.59846,53.08487
5.82,-42.59847,53.412549999999996,-42.59847,53.74023,-42.59847,53.08487
5.84,-42.598465000000004,53.412549999999996,-42.59847,53.74023,-42.59846,53.08487
5.86,-39.321445,53.412549999999996,-42.59832,53.74023,-36.04457,53.08487
5.88,-36.04454,53.412549999999996,-35.38917,53.74023,-36.69991,53.08487
5.9,-36.69991,53.412549999999996,-36.69991,53.74023,-36.69991,53.08487
5.92,-37.027585,53.412549999999996,-36.69991,53.74023,-37.35526,53.08487
5.94,-37.355255,53.412549999999996,-37.35526,53.74023,-37.35525,53.08487
5.96,-38.010615,53.412549999999996,-38.01062,53.74023,-38.01061,53.08487
5.98,-38.33829,53.412549999999996,-38.01061,53.74023,-38.66597,53.08487
6.0,-38.665965,53.412549999999996,-38.66597,53.74023,-38.66596,53.08487
6.02,-38.99365,53.412549999999996,-38.66597,53.74023,-39.32133,53.08487
6.04,-39.32133,53.412549999999996,-39.32133,53.74023,-39.32133,53.08487
6.06,-39.321325,53.412549999999996,-39.32133,53.74023,-39.32132,53.08487
6.08,-39.321325,53.412549999999996,-39.32133,53.74023,-39.32132,53.08487
6.1,-38.993645,53.412549999999996,-38.66597,53.74023,-39.32132,53.08487
6.12,-38.99364,53.412549999999996,-38.66596,53.74023,-39.32132,53.08487
6.14,-34.73374,53.412545,-38.66596,53.74022,-30.80152,53.08487
6.16,-20.31557,53.41251,-21.62632,53.7402,-19.00482,53.08482
6.18,-19.3325,53.41252,-19.00482,53.74019,-19.66018,53.08485
6.2,-19.33251,53.412525,-19.00483,53.74021,-19.66019,53.08484
6.22,-19.332504999999998,53.41252,-19.00483,53.7402,-19.66018,53.08484
6.24,-19.98787,53.41252,-19.66019,53.7402,-20.31555,53.08484
6.26,-19.987875000000003,53.41252,-19.6602,53.7402,-20.31555,53.08484
6.28,-19.98787,53.41251,-19.66019,53.74019,-20.31555,53.08483
6.3,-20.31556,53.41251,-20.31556,53.74019,-20.31556,53.08483
6.32,-19.987885,53.412504999999996,-20.31556,53.74019,-19.66021,53.08482
6.34,-19.66021,53.4125,-19.66021,53.74018,-19.66021,53.08482
6.36,-19.987895,53.412495,-20.31558,53.74017,-19.66021,53.08482
6.38,-19.660215,53.4125,-19.66022,53.74018,-19.66021,53.08482
6.4,-19.987904999999998,53.4125,-19.66023,53.74018,-20.31558,53.08482
6.42,-19.9879,53.4125,-19.66022,53.74018,-20.31558,53.08482
6.44,-20.31558,53.4125,-20.31558,53.74018,-20.31558,53.08482
6.46,-20.315585,53.41249,-20.31559,53.74017,-20.31558,53.08481
6.48,-19.66023,53.41249,-19.66023,53.74017,-19.66023,53.08481
6.5,-16.055715,53.41248,-17.69414,53.74016,-14.41729,53.0848
6.52,-13.76191,53.41247,-13.76191,53.74015,-13.76191,53.08479
6.54,-13.434239999999999,53.41247,-13.76192,53.74015,-13.10656,53.08479
6.56,-13.10656,53.412465,-13.10656,53.74015,-13.10656,53.08478
6.58,-13.10657,53.412459999999996,-13.10657,53.74014,-13.10657,53.08478
6.6,-13.10657,53.41245,-13.10657,53.74013,-13.10657,53.08477
6.62,-12.451215,53.41245,-12.45122,53.74013,-12.45121,53.08477
6.64,-12.123539999999998,53.41245,-12.45122,53.74013,-11.79586,53.08477
6.66,-11.79587,53.412445,-11.79587,53.74012,-11.79587,53.08477
6.68,-11.468195000000001,53.412440000000004,-11.79588,53.74012,-11.14051,53.08476
6.7,-10.812835,53.412440000000004,-11.14052,53.74012,-10.48515,53.08476
6.72,-10.812835,53.412440000000004,-11.14052,53.74012,-10.48515,53.08476
6.74,-10.812840000000001,53.412435,-10.48516,53.74011,-11.14052,53.08476
6.76,-11.14052,53.412440000000004,-11.14052,53.74012,-11.14052,53.08476
6.78,-26.86916,53.412435,-42.5978,53.74011,-11.14052,53.08476
6.8,-11.468205000000001,53.412435,-11.79589,53.74011,-11.14052,53.08476
6.82,-11.79589,53.41243,-11.79589,53.74011,-11.79589,53.08475
6.84,-7.208315000000001,53.412414999999996,-9.8298,53.7401,-4.58683,53.08473
6.86,-3.60376,53.412405,-3.27608,53.74008,-3.93144,53.08473
6.88,-4.58681,53.41241,-4.58681,53.74009,-4.58681,53.08473
6.9,-4.25913,53.4124,-3.93145,53.74008,-4.58681,53.08472
6.92,-4.25914,53.412405,-3.93146,53.74008,-4.58682,53.08473
6.94,-4.25914,53.4124,-4.58682,53.74008,-3.93146,53.08472
6.96,-3.2761050000000003,53.41238,-3.27611,53.74007,-3.2761,53.08469
6.98,-3.2761050000000003,53.41234,-3.27611,53.74003,-3.2761,53.08465
7.0,1.311475,53.412295,-2.62074,53.73999,5.24369,53.0846
7.02,13.108149999999998,52.101505,12.45277,53.73992,13.76353,50.46309
7.04,13.43582,48.169309999999996,13.10814,49.15235,13.7635,47.18627
7.06,13.4358,45.54784,13.76349,46.53089,13.10811,44.56479
7.08,12.78168,44.2371,13.11064,44.56478,12.45272,43.90942
7.1,12.125025,43.254055,12.45271,43.25405,11.79734,43.25406
7.12,11.469639999999998,43.909425,11.79732,43.90942,11.14196,43.90943
7.14,10.48658,46.203215,11.14195,45.87553,9.83121,46.5309
7.16,9.17585,48.169315,9.83121,48.49699,8.52049,47.84164
7.18,7.53744,46.858594999999994,7.86512,47.84164,7.20976,45.87555
7.2,6.22671,44.23713,6.55439,44.56481,5.89903,43.90945
7.22,5.24366,42.271035,5.24366,42.59872,5.24366,41.94335
7.24,5.571345,40.304919999999996,5.24366,41.28797,5.89903,39.32187
7.26,13.108095,38.66648,11.14197,39.32185,15.07422,38.01111
7.28,14.746545000000001,37.02805,15.07423,37.35573,14.41886,36.70037
7.3,14.41885,35.7173,14.41885,36.70035,14.41885,34.73425
7.32,13.43581,32.44045,13.76349,34.07886,13.10813,30.80204
7.34,12.45275,27.85289,12.45275,29.4913,12.45275,26.21448
7.36,11.142015,23.920695000000002,11.79738,24.90374,10.48665,22.93765
7.38,9.503599999999999,20.64387,9.83128,21.62692,9.17592,19.66082
7.4,11.4697,17.039365,9.1759,18.35009,13.7635,15.72864
7.42,15.401935,14.090205000000001,15.72962,15.07325,15.07425,13.10716
7.44,15.07424,12.45178,15.07424,13.10715,15.07424,11.79641
7.46,14.418875,10.813345,15.07423,11.79639,13.76352,9.8303
7.48,12.78048,8.51955,13.10816,9.17492,12.4528,7.86418
7.5,12.125125,7.208805,12.4528,7.86417,11.79745,6.55344
7.52,11.469774999999998,4.587335,11.79745,5.2427,11.1421,3.93197
7.54,11.142095,2.293555,11.14209,3.2766,11.1421,1.31051
7.56,10.814415,-0.32791499999999996,11.1421,0.65513,10.48673,-1.31096
7.58,9.83137,-2.949385,9.83137,-1.96634,9.83137,-3.93243
7.6,9.176,-6.553895000000001,9.176,-5.24317,9.176,-7.86462
7.62,8.52063,-9.830725000000001,8.52063,-9.17536,8.52063,-10.48609
7.64,7.86526,-12.124495,7.86526,-11.14145,7.86526,-13.10754
7.66,8.19293,-15.40132,7.86525,-14.41827,8.52061,-16.38437
7.68,8.5206,-18.678150000000002,8.5206,-17.6951,8.5206,-19.6612
7.7,9.17596,-20.31657,9.17596,-19.66121,9.17596,-20.97193
7.72,10.81436,-22.282670000000003,10.48668,-21.62731,11.14204,-22.93803
7.74,11.797395,-22.282665,11.79739,-22.28267,11.7974,-22.28266
7.76,11.7974,-21.29961,11.7974,-20.97193,11.7974,-21.62729
7.78,11.7974,-21.299605,11.7974,-20.97193,11.7974,-21.62728
7.8,11.79739,-20.971915000000003,11.79739,-20.97192,11.79739,-20.97191
7.82,11.79739,-20.64422,11.79739,-20.31654,11.79739,-20.9719
7.84,12.125070000000001,-20.971895,12.45275,-20.9719,11.79739,-20.97189
7.86,12.780425000000001,-20.64421,12.45274,-20.31653,13.10811,-20.97189
7.88,13.43579,-20.971885,13.10811,-20.97189,13.76347,-20.97188
7.9,14.418835,-19.98884,14.41883,-20.31652,14.41884,-19.66116
7.92,14.41884,-18.350425,14.41884,-18.35043,14.41884,-18.35042
7.94,15.0742,-15.40127,15.0742,-15.72896,15.0742,-15.07358
7.96,14.41885,-13.435165000000001,14.41885,-13.76285,14.41885,-13.10748
7.98,15.0742,-11.796745,15.0742,-11.79675,15.0742,-11.79674
8.0,14.41883,-11.141375,14.41883,-11.14138,14.41883,-11.14137
8.02,14.09114,-11.469045000000001,14.41882,-11.14137,13.76346,-11.79672
8.04,13.76346,-12.77977,13.76346,-12.45209,13.76346,-13.10745
8.06,14.746495,-13.435134999999999,14.41881,-13.10745,15.07418,-13.76282
8.08,15.729545,-14.41819,15.72954,-13.76283,15.72955,-15.07355
8.1,17.695625,-16.056605,17.04026,-15.72892,18.35099,-16.38429
8.12,19.334035,-17.03965,19.00635,-17.03965,19.66172,-17.03965
8.14,20.317075000000003,-16.38429,20.31707,-16.38429,20.31708,-16.38429
8.16,21.62781,-16.38429,20.31708,-16.38429,22.93854,-16.38429
8.18,28.181505,-17.367335,27.52613,-17.03965,28.83688,-17.69502
8.2,28.18151,-17.367335,28.18151,-17.03966,28.18151,-17.69501
8.22,29.16455,-17.367335,28.83687,-17.03966,29.49223,-17.69501
8.24,29.81991,-17.69501,29.49223,-17.69501,30.14759,-17.69501
8.26,30.802954999999997,-17.03965,30.80295,-17.69501,30.80296,-16.38429
8.28,30.80296,-14.745875,30.80296,-15.07356,30.80296,-14.41819
8.3,30.802975,-13.107475,30.80297,-13.10747,30.80298,-13.10748
8.32,31.458345,-13.43516,31.45834,-13.10748,31.45835,-13.76284
8.34,31.130665,-14.41821,31.45834,-13.76285,30.80299,-15.07357
8.36,30.80298,-15.07358,30.80298,-15.07358,30.80298,-15.07358
8.38,30.80298,-15.07358,30.80298,-15.07358,30.80298,-15.07358
8.4,30.802975,-15.07357,30.80298,-14.41821,30.80297,-15.72893
8.42,30.80297,-15.728945,30.80297,-15.72895,30.80297,-15.72894
8.44,30.475279999999998,-15.401254999999999,30.80296,-15.72894,30.1476,-15.07357
8.46,30.147595000000003,-14.090525,30.1476,-14.41821,30.14759,-13.76284
8.48,30.14759,-10.8137,30.14759,-11.14139,30.14759,-10.48601
8.5,29.492224999999998,-8.847605000000001,29.49222,-9.17529,29.49223,-8.51992
8.52,28.836865,-6.88152,29.49223,-7.2092,28.1815,-6.55384
8.54,28.181505,-5.57079,28.1815,-5.24311,28.18151,-5.89847
8.56,27.853830000000002,-5.570795,28.18151,-5.24312,27.52615,-5.89847
8.58,27.52614,-3.932385,27.52614,-3.93239,27.52614,-3.93238
8.6,27.52613,-3.2770200000000003,27.52613,-2.62166,27.52613,-3.93238
8.62,26.87076,-3.93239,26.87076,-3.93239,26.87076,-3.93239
8.64,26.54307,-2.29397,26.87075,-2.62166,26.21539,-1.96628
8.66,26.215384999999998,1.96591,26.21538,1.31054,26.21539,2.62128
8.68,25.23234,5.57042,25.56002,5.24273,24.90466,5.89811
8.7,24.90466,7.8641950000000005,24.90466,7.86419,24.90466,7.8642
8.72,24.57698,9.830300000000001,24.90466,9.17493,24.2493,10.48567
8.74,23.59394,10.81334,23.59394,11.14102,23.59394,10.48566
8.76,22.283225,11.46871,22.93858,11.14102,21.62787,11.7964
8.78,20.972499999999997,13.107125,21.62786,13.10712,20.31714,13.10713
8.8,19.661775,14.417860000000001,20.31714,15.07321,19.00641,13.76251
8.82,0.6560950000000001,6.55354,7.20979,8.51961,-5.8976,4.58747
8.84,-14.41742,6.55358,-14.41741,5.24285,-14.41743,7.86431
8.86,-13.76207,12.45185,-13.76207,11.79648,-13.76207,13.10722
8.88,-13.762075,14.09026,-13.76208,13.76258,-13.76207,14.41794
8.9,-13.76208,15.400984999999999,-13.76208,15.72866,-13.76208,15.07331
8.92,-13.10672,14.745619999999999,-13.10672,15.0733,-13.10672,14.41794
8.94,-13.10672,14.745615,-13.10672,15.0733,-13.10672,14.41793
8.96,-13.10672,13.43489,-13.10672,13.76257,-13.10672,13.10721
8.98,-13.106715,13.107205,-13.10672,13.1072,-13.10671,13.10721
9.0,-13.4344,12.12416,-13.10672,12.45184,-13.76208,11.79648
9.02,-13.76208,11.468789999999998,-13.76208,11.79647,-13.76208,11.14111
9.04,-19.988059999999997,8.847705,-14.41744,10.48574,-25.55868,7.20967
9.06,-42.59847499999999,4.587625,-42.59833,5.89831,-42.59862,3.27694
9.08,-42.598785,4.260009999999999,-42.59878,3.93232,-42.59879,4.5877
9.1,-42.59879,8.192184999999998,-42.59879,7.8645,-42.59879,8.51987
9.12,-42.5988,10.813645000000001,-42.5988,10.48596,-42.5988,11.14133
9.14,-42.59881,12.779745,-42.59881,12.45206,-42.59881,13.10743
9.16,-42.59882,15.073515,-42.59882,14.41815,-42.59882,15.72888
9.18,-42.59882,17.039605,-42.59882,16.38424,-42.59882,17.69497
9.2,-42.598825000000005,18.02265,-42.59883,18.35033,-42.59882,17.69497
9.22,-42.598815,18.35033,-42.59882,18.35033,-42.59881,18.35033
9.24,-42.598805,19.00569,-42.59881,19.00569,-42.5988,19.00569
9.26,-42.59885,21.954845,-42.59883,20.97179,-42.59887,22.9379
9.28,-42.598875,24.90399,-42.59888,24.90399,-42.59887,24.90399
9.3,-42.59887,26.2147,-42.59887,26.2147,-42.59887,26.2147
9.32,-42.59887,25.559330000000003,-42.59887,26.21469,-42.59887,24.90397
9.34,-42.597595,25.559330000000003,-42.59632,26.21469,-42.59887,24.90397
9.36,-42.59887,25.231650000000002,-42.59887,25.55933,-42.59887,24.90397
9.38,-42.598875,25.231650000000002,-42.59888,25.55933,-42.59887,24.90397
9.4,-42.59887,25.559345,-42.59887,25.55934,-42.59887,25.55935
9.42,-42.59887,25.887025,-42.59887,26.2147,-42.59887,25.55935
9.44,-42.59887,26.87007,-42.59887,26.87007,-42.59887,26.87007
9.46,-42.59887,26.870075,-42.59887,26.87007,-42.59887,26.87008
9.48,-42.59887,27.19775,-42.59887,27.52543,-42.59887,26.87007
9.5,-42.59887,28.18079,-42.59887,28.18079,-42.59887,28.18079
9.52,-42.59887,28.83616,-42.59887,28.83616,-42.59887,28.83616
9.54,-42.59887,29.163845000000002,-42.59887,29.49152,-42.59887,28.83617
9.56,-42.59887,29.819205,-42.59887,30.14688,-42.59887,29.49153
9.58,-42.59887,29.819209999999998,-42.59887,30.14689,-42.59887,29.49153
9.6,-42.598834999999994,31.12993,-42.59887,30.80225,-42.5988,31.45761
9.62,-42.59878,32.112975,-42.59878,32.11297,-42.59878,32.11298
9.64,-42.59878,32.76834,-42.59878,32.76834,-42.59878,32.76834
9.66,-42.598775,32.440665,-42.59878,32.76834,-42.59877,32.11299
9.68,-42.598775,32.44066,-42.59878,32.76834,-42.59877,32.11298
9.7,-42.598775,32.440655,-42.59878,32.76834,-42.59877,32.11297
9.72,-42.59877,32.44065,-42.59877,32.76833,-42.59877,32.11297
9.74,-42.59877,32.112965,-42.59877,32.11296,-42.59877,32.11297
9.76,-42.59877,32.76833,-42.59877,32.76833,-42.59877,32.76833
9.78,-42.59877,32.11297,-42.59877,32.76833,-42.59877,31.45761
9.8,-42.59876,31.4576,-42.59877,31.4576,-42.59875,31.4576
9.82,-42.598575,32.440615,-42.59864,32.7683,-42.59851,32.11293
9.84,-42.59849,32.11292,-42.59849,32.11292,-42.59849,32.11292
9.86,-42.5985,32.76829,-42.5985,32.76829,-42.5985,32.76829
9.88,-42.598495,33.09597,-42.5985,33.42365,-42.59849,32.76829
9.9,-42.598495,33.095965,-42.5985,33.42364,-42.59849,32.76829
9.92,-42.5985,32.440605000000005,-42.5985,32.76829,-42.5985,32.11292
9.94,-42.5985,32.440605,-42.5985,32.76828,-42.5985,32.11293
9.96,-42.598505,31.457565000000002,-42.59851,32.11292,-42.5985,30.80221
9.98,-42.598505,31.12989,-42.59851,31.45757,-42.5985,30.80221
10.0,-42.59851,30.47453,-42.59851,30.80221,-42.59851,30.14685
10.02,-42.598555000000005,31.129910000000002,-42.59855,31.45759,-42.59856,30.80223
10.04,-42.59856,31.129905,-42.59856,31.45758,-42.59856,30.80223
10.06,-42.59857,30.146859999999997,-42.59857,30.80222,-42.59857,29.4915
10.08,-42.59858,29.491495,-42.59858,30.14685,-42.59858,28.83614
10.1,-42.59859,28.180770000000003,-42.59859,28.83613,-42.59859,27.52541
10.12,-42.598595,27.853085,-42.5986,28.18076,-42.59859,27.52541
10.14,-42.598605,27.19773,-42.59861,27.52541,-42.5986,26.87005
10.16,-42.5986,26.54237,-42.5986,26.87005,-42.5986,26.21469
10.18,-42.598605,26.214695,-42.59861,26.21469,-42.5986,26.2147
10.2,-42.598605,26.214695,-42.59861,26.21469,-42.5986,26.2147
10.22,-42.59861,26.54238,-42.59861,26.87006,-42.59861,26.2147
10.24,-42.598605,26.214695,-42.59861,26.21469,-42.5986,26.2147
10.26,-42.59861,26.214695,-42.59861,26.87005,-42.59861,25.55934
10.28,-42.59861,26.214695,-42.59861,26.87005,-42.59861,25.55934
10.3,-42.59861,26.2147,-42.59861,26.2147,-42.59861,26.2147
10.32,-42.59861,26.214689999999997,-42.59861,26.87005,-42.59861,25.55933
10.34,-42.598614999999995,24.90396,-42.59862,24.90396,-42.59861,24.90396
10.36,-42.59862,25.55931,-42.59862,25.55931,-42.59862,25.55931
10.38,-42.598614999999995,25.55931,-42.59862,25.55931,-42.59861,25.55931
10.4,-42.598614999999995,25.88699,-42.59862,26.21467,-42.59861,25.55931
10.42,-42.598614999999995,26.54235,-42.59862,26.87003,-42.59861,26.21467
10.44,-42.598614999999995,26.214885,-42.59862,26.21511,-42.59861,26.21466
10.46,-42.598614999999995,27.197699999999998,-42.59862,27.52538,-42.59861,26.87002
10.48,-42.598614999999995,27.197699999999998,-42.59862,27.52538,-42.59861,26.87002
10.5,-42.59847,24.576225,-42.59852,25.55927,-42.59842,23.59318
10.52,-42.598415,27.52535,-42.59841,26.86997,-42.59842,28.18073
10.54,-42.598425,30.474505,-42.59843,30.14682,-42.59842,30.80219
10.56,-42.59843,32.440595,-42.59843,32.76827,-42.59843,32.11292
10.58,-42.598434999999995,33.09597,-42.59844,33.42365,-42.59843,32.76829
10.6,-42.59844,33.42365,-42.59844,33.42365,-42.59844,33.42365
10.62,-42.598445,33.75134,-42.59845,34.07902,-42.59844,33.42366
10.64,-42.59845,33.75134,-42.59845,34.07902,-42.59845,33.42366
10.66,-42.59845,34.73439,-42.59845,34.73439,-42.59845,34.73439
10.68,-42.59845,35.38976,-42.59845,35.38976,-42.59845,35.38976
10.7,-42.598455,35.062075,-42.59846,35.38975,-42.59845,34.7344
10.72,-42.59846,35.389755,-42.59847,35.38975,-42.59845,35.38976
10.74,-40.632194999999996,39.321934999999996,-42.59833,39.32193,-38.66606,39.32194
10.76,-37.027625,39.649625,-36.69994,39.9773,-37.35531,39.32195
10.78,-37.355305,39.649635,-37.35531,39.97731,-37.3553,39.32196
10.8,-37.3553,39.32196,-37.3553,39.32196,-37.3553,39.32196
10.82,-37.3553,38.6666,-37.3553,39.32196,-37.3553,38.01124
10.84,-37.68298,38.33892,-37.3553,38.6666,-38.01066,38.01124
10.86,-38.01066,37.683555,-38.01066,38.01123,-38.01066,37.35588
10.88,-38.009395,37.028195,-38.01067,37.35588,-38.00812,36.70051
10.9,-38.33835,36.37283,-38.01067,36.70051,-38.66603,36.04515
10.92,-38.01067,36.372820000000004,-38.01067,36.7005,-38.01067,36.04514
10.94,-38.33835,35.38978,-38.01067,36.04514,-38.66603,34.73442
10.96,-38.01067,35.062095,-38.01067,35.38977,-38.01067,34.73442
10.98,-38.01068,34.406729999999996,-38.01068,34.73441,-38.01068,34.07905
11.0,-38.01068,33.096005,-38.01068,33.42368,-38.01068,32.76833
11.02,-37.683,32.44065,-37.35532,32.76833,-38.01068,32.11297
11.04,-37.35533,31.4576,-37.35533,32.11296,-37.35533,30.80224
11.06,-37.02765,30.47456,-37.35533,30.80224,-36.69997,30.14688
11.08,-36.044605000000004,30.474555000000002,-36.69997,30.80224,-35.38924,30.14687
11.1,-22.937205,31.457585,-27.5248,31.45758,-18.34961,31.45759
11.12,-17.694205,32.440615,-17.03884,32.11293,-18.34957,32.7683
11.14,-18.677255000000002,33.095995,-18.34958,33.42367,-19.00493,32.76832
11.16,-18.677255000000002,34.079045,-18.34958,34.07904,-19.00493,34.07905
11.18,-19.33262,33.751365,-19.00494,34.07904,-19.6603,33.42369
11.2,-19.6603,33.75137,-19.6603,34.07905,-19.6603,33.42369
11.22,-19.987985000000002,33.096005,-19.6603,33.42368,-20.31567,32.76833
11.24,-19.987985000000002,32.76832,-19.6603,33.42368,-20.31567,32.11296
11.26,-20.31567,32.440635,-20.31567,32.76831,-20.31567,32.11296
11.28,-16.383465,31.1299,-19.00495,31.45759,-13.76198,30.80221
11.3,-12.123555,30.146845,-11.79587,30.14684,-12.45124,30.14685
11.32,-12.45125,30.474535,-12.45125,30.80221,-12.45125,30.14686
11.34,-12.778935,29.81917,-12.45125,30.14685,-13.10662,29.49149
11.36,-13.106615,29.49149,-13.10661,30.14685,-13.10662,28.83613
11.38,-13.434304999999998,28.180765,-13.10663,28.83613,-13.76198,27.5254
11.4,-13.10663,27.525395,-13.10663,28.18075,-13.10663,26.87004
11.42,-13.43431,26.870035,-13.10663,26.87004,-13.76199,26.87003
11.44,-13.76199,27.19771,-13.76199,27.52539,-13.76199,26.87003
11.46,-13.76199,26.54235,-13.76199,26.87003,-13.76199,26.21467
11.48,-13.76199,26.870025,-13.76199,27.52539,-13.76199,26.21466
11.5,-13.76199,26.542345,-13.76199,26.87002,-13.76199,26.21467
11.52,-13.76199,26.542345,-13.76199,26.87002,-13.76199,26.21467
11.54,-14.41735,26.54235,-14.41735,26.87003,-14.41735,26.21467
11.56,-14.089675,25.88698,-13.762,26.21466,-14.41735,25.5593
11.58,-14.41736,25.23162,-14.41736,25.5593,-14.41736,24.90394
11.6,-14.74503,25.23162,-14.41735,25.5593,-15.07271,24.90394
11.62,-15.072715,24.90394,-15.07272,24.90394,-15.07271,24.90394
11.64,-15.400395,24.90393,-15.07272,24.90393,-15.72807,24.90393
11.66,-16.055755,26.21465,-15.72808,25.55929,-16.38343,26.87001
11.68,-16.055745,31.12988,-15.72807,30.8022,-16.38342,31.45756
11.7,-15.72806,31.785255,-15.72806,31.45757,-15.72806,32.11294
11.72,-14.74502,31.785265000000003,-15.0727,32.11294,-14.41734,31.45759
11.74,-14.41734,31.785265000000003,-14.41734,32.11294,-14.41734,31.45759
11.76,-14.41735,31.45759,-14.41735,32.11295,-14.41735,30.80223
11.78,-14.41735,31.129910000000002,-14.41735,31.45759,-14.41735,30.80223
11.8,-14.74503,31.129915,-15.07271,31.45759,-14.41735,30.80224
11.82,-14.745035000000001,30.474555000000002,-14.41736,30.80223,-15.07271,30.14688
11.84,-15.07272,30.802235000000003,-15.07272,30.80223,-15.07272,30.80224
11.86,-14.745045000000001,30.80224,-15.07272,30.80224,-14.41737,30.80224
11.88,-14.417375,30.80223,-14.41738,31.45759,-14.41737,30.14687
11.9,-14.41738,30.802239999999998,-14.41738,31.4576,-14.41738,30.14688
11.92,-15.072745,30.80224,-15.07275,30.80224,-15.07274,30.80224
11.94,-15.07275,31.12992,-15.07275,31.4576,-15.07275,30.80224
11.96,-15.07274,30.474565,-15.07274,30.80224,-15.07274,30.14689
11.98,-15.400424999999998,30.47456,-15.07275,30.80224,-15.7281,30.14688
12.0,-15.40043,30.47456,-15.72811,30.80224,-15.07275,30.14688
12.02,-14.745065,30.14688,-14.41739,30.14688,-15.07274,30.14688
12.04,-15.072745,30.80224,-15.07275,30.80224,-15.07274,30.80224
12.06,-15.072745,31.12992,-15.07275,31.4576,-15.07274,30.80224
12.08,-15.072745,31.4576,-15.07275,31.4576,-15.07274,31.4576
12.1,-15.07274,31.4576,-15.07274,32.11296,-15.07274,30.80224
12.12,-15.07274,31.457594999999998,-15.07274,31.4576,-15.07274,31.45759
12.14,-15.40042,31.129910000000002,-15.07274,31.45759,-15.7281,30.80223
12.16,-15.40042,31.129910000000002,-15.07274,31.45759,-15.7281,30.80223
12.18,-17.366515,33.423675,-16.38346,32.11295,-18.34957,34.7344
12.2,-20.315675,37.35585,-20.31568,37.35585,-20.31567,37.35585
12.22,-19.332635,40.305,-19.66032,39.97731,-19.00495,40.63269
12.24,-18.67728,43.254144999999994,-19.00496,42.59878,-18.3496,43.90951
12.26,-17.69424,44.892565,-17.69424,45.22024,-17.69424,44.56489
12.28,-17.694245000000002,46.530975,-17.69425,46.53097,-17.69424,46.53098
12.3,-17.69425,47.18635,-17.69425,47.18635,-17.69425,47.18635
12.32,-17.69425,47.84171,-17.69425,47.84171,-17.69425,47.84171
12.34,-17.694245000000002,48.49708,-17.69425,48.49708,-17.69424,48.49708
12.36,-17.694255,49.480125,-17.69426,49.8078,-17.69425,49.15245
12.38,-17.69425,50.135490000000004,-17.69425,50.46317,-17.69425,49.80781
12.4,-18.34834,50.46318,-18.34707,50.46318,-18.34961,50.46318
12.42,-18.34962,50.463175,-18.34962,50.46317,-18.34962,50.46318
12.44,-18.677305,50.135495000000006,-19.00499,50.46318,-18.34962,49.80781
12.46,-18.34963,49.152445,-18.34963,49.80781,-18.34963,48.49708
12.48,-19.005,48.82476,-19.005,49.15244,-19.005,48.49708
12.5,-19.005004999999997,48.169399999999996,-19.00501,48.49708,-19.005,47.84172
12.52,-19.988039999999998,48.169399999999996,-19.66036,48.49708,-20.31572,47.84172
12.54,-19.988035,47.18636,-20.31572,47.84172,-19.66035,46.531
12.56,-15.728125,46.53099,-16.38351,47.18635,-15.07274,45.87563
12.58,-15.07275,46.203315,-15.07275,46.53099,-15.07275,45.87564
12.6,-15.40043,46.20331,-15.07275,46.53099,-15.72811,45.87563
12.62,-15.728105,45.54795,-15.72811,45.87563,-15.7281,45.22027
12.64,-16.711145000000002,44.5649,-16.38347,45.22026,-17.03882,43.90954
12.66,-17.366500000000002,43.58185,-17.03883,43.90953,-17.69417,43.25417
12.68,-17.69418,42.926485,-17.69419,43.90953,-17.69417,41.94344
12.7,-17.694175,40.96038,-17.69418,41.28806,-17.69417,40.6327
12.72,-17.69418,40.6327,-17.69418,41.28806,-17.69418,39.97734
12.74,-17.694175,39.977345,-17.69418,39.97735,-17.69417,39.97734
12.76,-17.69418,39.977345,-17.69418,39.97734,-17.69418,39.97735
12.78,-18.02186,39.97735,-18.34954,39.97735,-17.69418,39.97735
12.8,-18.021855000000002,39.97735,-17.69418,39.97735,-18.34953,39.97735
12.82,-17.694175,39.977345,-17.69418,39.97734,-17.69417,39.97735
12.84,-17.694175,39.97735,-17.69418,39.97735,-17.69417,39.97735
12.86,-17.69417,40.30503,-17.69417,40.63271,-17.69417,39.97735
12.88,-18.02185,40.30502,-18.34953,40.6327,-17.69417,39.97734
12.9,-17.69417,39.977345,-17.69417,40.6327,-17.69417,39.32199
12.92,-18.021855000000002,39.64966,-18.34954,39.97734,-17.69417,39.32198
12.94,-17.366495,38.9943,-17.69418,39.32198,-17.03881,38.66662
12.96,-10.157425,38.666615,-11.79586,38.66662,-8.51899,38.66661
12.98,-8.846675000000001,40.30503,-8.51899,39.97734,-9.17436,40.63272
13.0,-8.519,42.271135,-8.519,41.94345,-8.519,42.59882
13.02,-8.519,43.25418,-8.519,43.25418,-8.519,43.25418
13.04,-8.519005,43.25418,-8.519,43.25418,-8.51901,43.25418
13.06,-8.51901,42.92651,-8.51901,43.25419,-8.51901,42.59883
13.08,-7.86365,41.615775,-7.86365,42.59882,-7.86365,40.63273
13.1,-8.51902,40.63272,-8.51902,40.63272,-8.51902,40.63272
13.12,-8.51902,41.615775,-8.51902,41.28809,-8.51902,41.94346
13.14,-8.191345,42.59883,-7.86367,42.59883,-8.51902,42.59883
13.16,-7.86367,42.271155,-7.86367,42.59883,-7.86367,41.94348
13.18,0.32845000000000013,42.598835,-3.27609,42.59884,3.93299,42.59883
13.2,6.2268,43.254194999999996,6.55448,43.25419,5.89912,43.2542
13.22,5.243755,45.2203,5.24375,45.2203,5.24376,45.2203
13.24,5.89912,45.875665,5.89912,45.87566,5.89912,45.87567
13.26,5.571435,46.53102,5.89911,46.53102,5.24376,46.53102
13.28,5.24376,46.858705,5.24376,47.18638,5.24376,46.53103
13.3,4.91608,47.51406,5.24376,47.84174,4.5884,47.18638
13.32,4.26071,46.85868,4.58839,47.18636,3.93303,46.531
13.34,3.9330350000000003,46.858685,3.93303,47.18636,3.93304,46.53101
13.36,4.260715,47.51405,4.58839,47.84173,3.93304,47.18637
13.38,6.882205,46.203325,3.93304,47.18637,9.83137,45.22028
13.4,18.67888,46.531,17.69581,46.531,19.66195,46.531
13.42,18.6789,48.169425000000004,19.00658,47.84174,18.35122,48.49711
13.44,-11.795345,48.82479,19.00657,49.15247,-42.59726,48.49711
13.46,18.6789,49.48015,19.00658,49.80783,18.35122,49.15247
13.48,18.351225,49.48015,18.35122,49.80783,18.35123,49.15247
13.5,18.351225,49.807835,18.35122,49.80783,18.35123,49.80784
13.52,18.02355,50.135525,18.35123,50.4632,17.69587,49.80785
13.54,17.69587,50.46321,17.69587,50.46321,17.69587,50.46321
13.56,18.351245,50.463205,17.69588,51.11856,19.00661,49.80785
13.58,25.56031,49.80785,24.90493,49.80785,26.21569,49.80785
13.6,25.560325,51.118579999999994,25.56033,51.11857,25.56032,51.11859
13.62,25.56033,52.10163,25.56033,52.42931,25.56033,51.77395
13.64,25.888005,52.42931,26.21568,52.42931,25.56033,52.42931
13.66,25.56032,52.42931,25.56032,52.42931,25.56032,52.42931
13.68,24.90495,51.773939999999996,24.90495,52.4293,24.90495,51.11858
13.7,24.904925,51.446255,24.90493,51.77394,24.90492,51.11857
13.72,25.232585,50.463195,24.90491,50.4632,25.56026,50.46319
13.74,25.56025,50.13551,25.56025,50.46319,25.56025,49.80783
13.76,25.560235,50.13551,25.56024,50.46319,25.56023,49.80783
13.78,25.23255,50.46319,25.56023,50.46319,24.90487,50.46319
13.8,25.56022,51.118555,25.56022,51.11855,25.56022,51.11856
13.82,25.23254,50.79088,25.56022,51.11856,24.90486,50.4632
13.84,24.904854999999998,49.807835,24.90485,50.4632,24.90486,49.15247
13.86,25.23253,49.48015,24.90485,49.80783,25.56021,49.15247
13.88,25.23253,48.16942,25.56021,48.4971,24.90485,47.84174
13.9,25.56021,48.169415,25.56021,48.49709,25.56021,47.84174
13.92,26.21557,47.51404,26.21557,47.84172,26.21557,47.18636
13.94,26.215564999999998,46.85868,26.21556,47.18636,26.21557,46.531
13.96,26.21557,46.858675000000005,26.21557,47.18636,26.21557,46.53099
13.98,26.21557,46.858670000000004,26.21557,47.18635,26.21557,46.53099
14.0,28.18167,47.841725,27.52629,47.18635,28.83705,48.4971
14.02,28.50937,49.152465,28.83705,49.15246,28.18169,49.15247
14.04,28.181694999999998,49.15247,28.18169,49.80783,28.1817,48.49711
14.06,25.887900000000002,48.824785000000006,28.18169,48.4971,23.59411,49.15247
14.08,20.317265,48.82479,20.31726,49.80783,20.31727,47.84175
14.1,20.64495,48.49711,20.97263,48.49711,20.31727,48.49711
14.12,20.97263,48.16942,20.97263,48.4971,20.97263,47.84174
14.14,20.64495,47.51405,20.97263,47.84173,20.31727,47.18637
14.16,20.97263,46.203325,20.97263,46.531,20.97263,45.87565
14.18,20.31727,45.87564,20.31727,45.87564,20.31727,45.87564
14.2,19.98959,45.547955,20.31727,45.87564,19.66191,45.22027
14.22,19.98959,45.87563,19.66191,46.53099,20.31727,45.22027
14.24,19.6619,45.547945,19.6619,45.87562,19.6619,45.22027
14.26,19.6619,45.22026,19.6619,45.22026,19.6619,45.22026
14.28,19.6619,44.23721,19.6619,44.56489,19.6619,43.90953
14.3,19.334220000000002,43.581845,19.6619,43.90953,19.00654,43.25416
14.32,19.334215,43.254165,19.66189,43.90952,19.00654,42.59881
14.34,19.334220000000002,43.254165,19.6619,43.25416,19.00654,43.25417
14.36,20.64495,42.271119999999996,19.00653,43.25416,22.28337,41.28808
14.38,25.560235,40.960390000000004,25.56023,41.28807,25.56024,40.63271
14.4,25.56022,41.94344,25.56022,41.94344,25.56022,41.94344
14.42,25.56022,41.94344,25.56022,41.94344,25.56022,41.94344
14.44,25.560215,41.94344,25.56021,41.94344,25.56022,41.94344
14.46,25.56021,40.9604,25.56021,41.28808,25.56021,40.63272
14.48,24.577170000000002,40.63272,24.90485,41.28808,24.24949,39.97736
14.5,24.577170000000002,40.30504,24.90485,40.63272,24.24949,39.97736
14.52,24.24949,39.649680000000004,24.24949,39.97736,24.24949,39.322
14.54,24.24949,38.99431,24.24949,39.32199,24.24949,38.66663
14.56,24.249495000000003,38.666625,24.24949,39.32198,24.2495,38.01127
14.58,24.249495000000003,38.66662,24.24949,38.66662,24.2495,38.66662
14.6,24.249495000000003,39.32198,24.24949,39.32198,24.2495,39.32198
14.62,24.2495,38.9943,24.2495,39.32198,24.2495,38.66662
14.64,24.249495000000003,38.994295,24.24949,39.32198,24.2495,38.66661
14.66,24.249495000000003,38.338935,24.24949,38.66662,24.2495,38.01125
14.68,24.249495000000003,38.66661,24.24949,38.66661,24.2495,38.66661
14.7,24.249495000000003,38.33893,24.24949,38.66661,24.2495,38.01125
14.72,24.24949,38.33893,24.24949,38.66661,24.24949,38.01125
14.74,23.92182,38.33893,24.2495,38.66661,23.59414,38.01125
14.76,23.59414,37.68357,23.59414,38.01125,23.59414,37.35589
14.78,23.59414,37.68356,23.59414,38.01124,23.59414,37.35588
14.8,23.266465,37.35588,23.59414,38.01124,22.93879,36.70052
14.82,23.594144999999997,37.0282,23.59414,37.35588,23.59415,36.70052
14.84,23.59414,37.028195,23.59414,37.35587,23.59414,36.70052
14.86,23.266465,37.35588,22.93878,37.35588,23.59415,37.35588
14.88,23.266460000000002,37.0282,23.59414,37.35588,22.93878,36.70052
14.9,28.181715,35.3898,25.56023,36.04516,30.8032,34.73444
14.92,32.113955000000004,35.389804999999996,32.76932,35.3898,31.45859,35.38981
14.94,31.45858,36.70054,31.45858,36.70054,31.45858,36.70054
14.96,31.786255000000004,37.68358,32.11393,38.01126,31.45858,37.3559
14.98,32.11393,37.683585,32.11393,38.01126,32.11393,37.35591
15.0,32.11392,37.3559,32.11392,37.3559,32.11392,37.3559
15.02,31.78624,38.33894,32.11392,38.66661,31.45856,38.01127
15.04,31.45856,39.32198,31.45856,39.32198,31.45856,39.32198
15.06,30.8032,39.64966,30.80319,39.97734,30.80321,39.32198
15.08,30.8032,39.97734,30.8032,39.97734,30.8032,39.97734
15.1,30.147844999999997,39.97734,30.14784,39.97734,30.14785,39.97734
15.12,29.82016,40.305009999999996,30.14784,40.63269,29.49248,39.97733
15.14,29.49248,40.63269,29.49248,40.63269,29.49248,40.63269
15.16,28.837125,41.288045,28.83712,41.28804,28.83713,41.28805
15.18,28.837125,41.94341,28.83712,41.94341,28.83713,41.94341
15.2,29.164805,42.59877,29.49248,42.59877,28.83713,42.59877
15.22,28.509445,42.92644,28.83712,43.25412,28.18177,42.59876
15.24,28.18177,42.59876,28.18177,42.59876,28.18177,42.59876
15.26,27.85408,42.92644,27.5264,43.25412,28.18176,42.59876
15.28,27.5264,43.25411,27.5264,43.25411,27.5264,43.25411
15.3,27.526404999999997,43.25411,27.5264,43.25411,27.52641,43.25411
15.32,27.526404999999997,42.926429999999996,27.5264,43.25411,27.52641,42.59875
15.34,27.526404999999997,42.926425,27.5264,43.2541,27.52641,42.59875
15.36,27.52641,42.92642,27.52641,43.2541,27.52641,42.59874
15.38,27.52641,42.92642,27.52641,43.2541,27.52641,42.59874
15.4,27.198729999999998,42.271065,27.52641,42.59874,26.87105,41.94339
15.42,26.87105,42.271055000000004,26.87105,42.59873,26.87105,41.94338
15.44,26.871055,41.94337,26.87105,41.94337,26.87106,41.94337
15.46,26.87105,41.28801,26.87105,41.94337,26.87105,40.63265
15.48,26.54337,40.63265,26.87105,41.28801,26.21569,39.97729
15.5,26.21569,40.30496,26.21569,40.63264,26.21569,39.97728
15.52,26.21568,38.338865,26.21568,38.66655,26.21568,38.01118
15.54,26.87103,37.683495,26.87103,38.01118,26.87103,37.35581
15.56,26.87102,36.70045,26.87102,36.70045,26.87102,36.70045
15.58,26.87101,37.02813,26.87101,37.35581,26.87101,36.70045
15.6,26.87101,36.045075,26.87101,36.70044,26.87101,35.38971
15.62,30.147835,33.42363,28.18173,34.07899,32.11394,32.76827
15.64,34.08005,32.440595,34.08005,32.76827,34.08005,32.11292
15.66,34.40772,32.4406,34.08004,32.76828,34.7354,32.11292
15.68,34.7354,32.44059,34.7354,32.76827,34.7354,32.11291
15.7,34.7354,32.44059,34.7354,32.76827,34.7354,32.11291
15.72,34.7354,33.42363,34.7354,33.42363,34.7354,33.42363
15.74,34.735395,34.73436,34.73539,34.73436,34.7354,34.73436
15.76,34.080034999999995,35.06205,34.08003,35.38973,34.08004,34.73437
15.78,34.08003,36.045095,34.08003,36.04509,34.08003,36.0451
15.8,34.08002,36.37278,34.08002,36.70046,34.08002,36.0451
15.82,34.407695000000004,37.35583,34.08001,37.35583,34.73538,37.35583
15.84,34.73537,38.011195,34.73537,38.01119,34.73537,38.0112
15.86,29.164749999999998,35.38975000000001,34.08,38.0112,24.2495,32.7683
15.88,8.848289999999999,31.457575,11.79746,31.45757,5.89912,31.45758
15.9,6.554475,34.07903,5.89911,33.42367,7.20984,34.73439
15.92,7.20983,36.70048,7.20983,36.70048,7.20983,36.70048
15.94,7.20983,37.683525,7.20983,37.35584,7.20983,38.01121
15.96,7.865185,38.666575,7.86519,38.66657,7.86518,38.66658
15.98,8.520545,39.649625,8.52054,39.9773,8.52055,39.32195
16.0,8.520545,40.63267,8.52054,40.63267,8.52055,40.63267
16.02,8.520545,41.615714999999994,8.52054,41.28803,8.52055,41.9434
16.04,7.865185,42.598765,8.52055,42.59876,7.20982,42.59877
16.06,-19.98798,39.32201,-7.86365,41.28807,-32.11231,37.35595
16.08,-42.59845,37.683695,-42.59837,36.70064,-42.59853,38.66675
16.1,-42.59857,44.237345000000005,-42.59857,42.59893,-42.59857,45.87576
16.12,-42.59858,51.118674999999996,-42.59857,49.80794,-42.59859,52.42941
16.14,-42.5986,53.41247,-42.5986,53.74014,-42.5986,53.0848
16.16,-42.598635,53.412499999999994,-42.59862,53.74017,-42.59865,53.08483
16.18,-42.598915000000005,53.412549999999996,-42.59884,53.74023,-42.59899,53.08487
16.2,-42.59903,53.412549999999996,-42.59903,53.74023,-42.59903,53.08487
16.22,-42.59904,53.412549999999996,-42.59904,53.74023,-42.59904,53.08487
16.24,-42.599045000000004,53.412549999999996,-42.59905,53.74023,-42.59904,53.08487
16.26,-42.59904,53.412549999999996,-42.59904,53.74023,-42.59904,53.08487
16.28,-42.59904,53.412549999999996,-42.59904,53.74023,-42.59904,53.08487
16.3,-42.599035,53.412549999999996,-42.59904,53.74023,-42.59903,53.08487
16.32,-42.599035,53.412549999999996,-42.59904,53.74023,-42.59903,53.08487
16.34,-42.599025,53.412549999999996,-42.59903,53.74023,-42.59902,53.08487
16.36,-42.59899,53.412549999999996,-42.599,53.74023,-42.59898,53.08487
16.38,-42.59899,53.412549999999996,-42.59899,53.74023,-42.59899,53.08487
16.4,-42.598985,53.412549999999996,-42.59899,53.74023,-42.59898,53.08487
16.42,-42.59899,53.412549999999996,-42.59899,53.74023,-42.59899,53.08487
16.44,-42.59899,53.412549999999996,-42.59899,53.74023,-42.59899,53.08487
16.46,-42.598985,53.412549999999996,-42.59899,53.74023,-42.59898,53.08487
16.48,-42.59898,53.412549999999996,-42.59898,53.74023,-42.59898,53.08487
16.5,-42.59898,53.412549999999996,-42.59898,53.74023,-42.59898,53.08487
16.52,-42.598974999999996,53.412549999999996,-42.59898,53.74023,-42.59897,53.08487
16.54,-42.59897,53.412549999999996,-42.59897,53.74023,-42.59897,53.08487
16.56,-42.59897,53.412549999999996,-42.59897,53.74023,-42.59897,53.08487
16.58,-42.598969999999994,53.412549999999996,-42.59898,53.74023,-42.59896,53.08487
16.6,-42.59897,53.412549999999996,-42.59897,53.74023,-42.59897,53.08487
16.62,-42.59898,53.412549999999996,-42.59898,53.74023,-42.59898,53.08487
16.64,-42.59898,53.412549999999996,-42.59898,53.74023,-42.59898,53.08487
16.66,-42.59899,53.412549999999996,-42.59899,53.74023,-42.59899,53.08487
16.68,-42.59899,53.412549999999996,-42.59899,53.74023,-42.59899,53.08487
16.7,-42.59899,53.412549999999996,-42.59899,53.74023,-42.59899,53.08487
16.72,-42.598995,53.412549999999996,-42.599,53.74023,-42.59899,53.08487
16.74,-42.59899,53.412549999999996,-42.59899,53.74023,-42.59899,53.08487
16.76,-42.599,53.412549999999996,-42.599,53.74023,-42.599,53.08487
16.78,-42.599,53.412549999999996,-42.599,53.74023,-42.599,53.08487
16.8,-42.598995,53.412549999999996,-42.599,53.74023,-42.59899,53.08487
16.82,-42.598995,53.412549999999996,-42.599,53.74023,-42.59899,53.08487
16.84,-42.598995,53.412549999999996,-42.599,53.74023,-42.59899,53.08487
16.86,-42.598995,53.412549999999996,-42.599,53.74023,-42.59899,53.08487
16.88,-42.598995,53.412549999999996,-42.599,53.74023,-42.59899,53.08487
16.9,-42.59899,53.412549999999996,-42.59899,53.74023,-42.59899,53.08487
16.92,-42.598995,53.412549999999996,-42.599,53.74023,-42.59899,53.08487
16.94,-42.599,53.412549999999996,-42.599,53.74023,-42.599,53.08487
16.96,-42.598995,53.412549999999996,-42.599,53.74023,-42.59899,53.08487
16.98,-42.598995,53.412549999999996,-42.599,53.74023,-42.59899,53.08487
17.0,-42.598995,53.412549999999996,-42.599,53.74023,-42.59899,53.08487
17.02,-42.599,53.412549999999996,-42.599,53.74023,-42.599,53.08487
17.04,-42.599,53.412549999999996,-42.599,53.74023,-42.599,53.08487
17.06,-42.598995,53.412549999999996,-42.599,53.74023,-42.59899,53.08487
17.08,-42.59903,53.412549999999996,-42.59902,53.74023,-42.59904,53.08487
17.1,-42.599025,50.463364999999996,-42.59904,53.74019,-42.59901,47.18654
17.12,-42.599005,39.977525,-42.59901,42.59898,-42.599,37.35607
17.14,-42.599005,32.44083,-42.59901,34.07924,-42.599,30.80242
17.16,-42.599005,25.231815,-42.59901,27.52559,-42.599,22.93804
17.18,-42.599,18.67816,-42.599,20.31657,-42.599,17.03975
17.2,-42.59897,-0.9827649999999997,-42.59899,11.14146,-42.59895,-13.10699
17.22,-42.59875,-142.869,-42.59884,-89.78449,-42.59866,-195.95351
17.24,-42.598169999999996,-274.597345,-42.59837,-268.04365,-42.59797,-281.15104
17.26,-42.597390000000004,-280.82308,-42.59755,-280.49551,-42.59723,-281.15065
17.28,-42.59722,-280.82283,-42.59716,-280.49513,-42.59728,-281.15053
17.3,-42.59765,-280.82291,-42.59753,-280.49522,-42.59777,-281.1506
17.32,-42.598175,-237.24134,-42.59803,-250.34863,-42.59832,-224.13405
17.34,-42.598655,-186.12292,-42.59859,-198.57484,-42.59872,-173.671
17.36,-42.59884,-136.64293,-42.59882,-148.76717,-42.59886,-124.51869
17.38,-42.598910000000004,-92.07819,-42.5989,-101.58096,-42.59892,-82.57542
17.4,-42.59895,-56.688555,-42.59894,-64.22524,-42.59896,-49.15187
17.42,-42.598974999999996,-28.180235000000003,-42.59897,-34.07851,-42.59898,-22.28196
17.44,-42.598995,-5.897869999999999,-42.59899,-10.48542,-42.599,-1.31032
17.46,-42.59901,10.15855,-42.59901,7.20941,-42.59901,13.10769
17.48,-42.59902,20.316705,-42.59902,18.35061,-42.59902,22.2828
17.5,-42.59903,27.198030000000003,-42.59903,26.21498,-42.59903,28.18108
17.52,-42.597755,31.78558,-42.59903,31.45789,-42.59648,32.11327
17.54,-42.59903,34.734725,-42.59903,34.07936,-42.59903,35.39009
17.56,-42.598945,36.700805,-42.59901,36.70081,-42.59888,36.7008
17.58,-42.5988,39.322244999999995,-42.59881,38.66688,-42.59879,39.97761
17.6,-42.59879,43.25444,-42.59879,42.59907,-42.59879,43.90981
17.62,-42.59879,44.892855,-42.59879,45.22053,-42.59879,44.56518
17.64,-42.59878,45.54822,-42.59878,45.8759,-42.59878,45.22054
17.66,-42.598775,44.892855,-42.59878,45.22053,-42.59877,44.56518
17.68,-42.598765,44.89286,-42.59877,45.22054,-42.59876,44.56518
17.7,-42.598765,44.892855,-42.59877,45.22054,-42.59876,44.56517
17.72,-42.598755,43.909795,-42.59876,44.56516,-42.59875,43.25443
17.74,-42.598745,42.92674,-42.59875,43.25442,-42.59874,42.59906
17.76,-42.59874,41.943690000000004,-42.59874,42.59905,-42.59874,41.28833
17.78,-42.59873,41.615995,-42.59873,41.94368,-42.59873,41.28831
17.8,-42.59873,40.960625,-42.59873,41.94367,-42.59873,39.97758
17.82,-42.59873,39.64989,-42.59873,39.97757,-42.59873,39.32221
17.84,-42.598735000000005,39.322205,-42.59874,39.3222,-42.59873,39.32221
17.86,-42.598735000000005,39.64989,-42.59874,39.97757,-42.59873,39.32221
17.88,-42.59874,38.99452,-42.59874,39.3222,-42.59874,38.66684
17.9,-42.59859,38.666815,-42.59864,38.66682,-42.59854,38.66681
17.92,-42.598485,39.64985,-42.59849,39.32216,-42.59848,39.97754
17.94,-42.59849,40.632905,-42.59849,40.6329,-42.59849,40.63291
17.96,-42.598485,40.960589999999996,-42.59849,41.28827,-42.59848,40.63291
17.98,-42.598485,41.28827,-42.59849,41.28827,-42.59848,41.28827
18.0,-42.59849,41.61595,-42.59849,41.94363,-42.59849,41.28827
18.02,-42.598485,40.96058,-42.59849,41.28826,-42.59848,40.6329
18.04,-42.59847,39.977525,-42.59849,40.63289,-42.59845,39.32216
18.06,-35.389359999999996,39.322135,-36.04474,39.9775,-34.73398,38.66677
18.08,-34.73399,39.649815000000004,-34.73399,39.32213,-34.73399,39.9775
18.1,-34.733985000000004,40.30518,-34.73399,40.63286,-34.73398,39.9775
18.12,-34.07863,39.64981,-34.07863,39.97749,-34.07863,39.32213
18.14,-34.07863,39.32212,-34.07863,39.32212,-34.07863,39.32212
18.16,-34.078625,39.32212,-34.07863,39.32212,-34.07862,39.32212
18.18,-34.07863,39.97748,-34.07863,39.97748,-34.07863,39.97748
18.2,-34.40631,39.97748,-34.07863,39.97748,-34.73399,39.97748
18.22,-34.73399,40.305170000000004,-34.73399,40.63285,-34.73399,39.97749
18.24,-35.06167,41.28821,-34.73399,41.28821,-35.38935,41.28821
18.26,-29.818730000000002,41.94358,-33.42327,41.94358,-26.21419,41.94358
18.28,-23.26501,43.254295,-22.93733,43.25429,-23.59269,43.2543
18.3,-24.24807,44.56503,-24.24807,44.56503,-24.24807,44.56503
18.32,-24.24807,44.237355,-24.24807,44.56503,-24.24807,43.90968
18.34,-24.575760000000002,44.237355,-24.24808,44.56503,-24.90344,43.90968
18.36,-25.23112,43.58199,-24.90344,43.90967,-25.5588,43.25431
18.38,-25.558805,43.25431,-25.5588,43.25431,-25.55881,43.25431
18.4,-25.886499999999998,42.27127,-25.55882,43.25431,-26.21418,41.28823
18.42,-26.869555,41.288225,-26.86955,41.94359,-26.86956,40.63286
18.44,-26.86956,40.63286,-26.86956,40.63286,-26.86956,40.63286
18.46,-26.869565,40.96054,-26.86957,41.28822,-26.86956,40.63286
18.48,-27.19725,40.305165,-26.86957,40.63285,-27.52493,39.97748
18.5,-27.524935,38.99443,-26.86957,39.32211,-28.1803,38.66675
18.52,-30.80178,37.683705,-30.80178,38.01139,-30.80178,37.35602
18.54,-30.801775,37.6837,-30.80178,38.01138,-30.80177,37.35602
18.56,-30.80177,37.6837,-30.80177,38.01138,-30.80177,37.35602
18.58,-30.47409,37.02834,-30.80177,37.35602,-30.14641,36.70066
18.6,-30.146405,36.37297,-30.1464,36.70065,-30.14641,36.04529
18.62,-30.14641,36.37297,-30.14641,36.70065,-30.14641,36.04529
18.64,-29.49105,36.372975,-29.49105,36.70065,-29.49105,36.0453
18.66,-29.49105,36.37298,-29.49105,36.70065,-29.49105,36.04531
18.68,-28.18033,37.02835,-28.18033,36.70066,-28.18033,37.35604
18.7,-28.180335,37.683715,-28.18034,38.0114,-28.18033,37.35603
18.72,-28.508015,37.356030000000004,-28.18034,38.01139,-28.83569,36.70067
18.74,-26.869590000000002,35.71762,-28.83569,36.0453,-24.90349,35.38994
18.76,-5.897745,36.045280000000005,-11.14073,36.04529,-0.65476,36.04527
18.78,1.63907,37.683679999999995,1.96675,37.35599,1.31139,38.01137
18.8,1.966735,39.32211,1.96673,39.32211,1.96674,39.32211
18.82,1.96673,39.977475,1.96673,39.97747,1.96673,39.97748
18.84,2.29441,40.632845,2.62209,40.63284,1.96673,40.63285
18.86,1.96673,41.615885,1.96673,41.94356,1.96673,41.28821
18.88,1.96673,41.28821,1.96673,41.28821,1.96673,41.28821
18.9,1.6390500000000001,42.271255,1.96673,42.59893,1.31137,41.94358
18.92,1.31137,42.59893,1.31137,42.59893,1.31137,42.59893
18.94,1.31137,42.92661,1.31137,43.25429,1.31137,42.59893
18.96,1.31137,42.59893,1.31137,42.59893,1.31137,42.59893
18.98,0.9837,42.92661,1.31138,43.25429,0.65602,42.59893
19.0,0.983705,42.598924999999994,1.31138,43.25429,0.65603,41.94356
19.02,0.65602,41.615880000000004,0.65602,41.94356,0.65602,41.2882
19.04,1.311375,41.288185,1.31137,41.94355,1.31138,40.63282
19.06,-1.637770000000005,40.960505,0.65600999999999,41.28818,-3.93155,40.63283
19.08,-7.5360949999999995,41.61587,-7.20841,41.94355,-7.86378,41.28819
19.1,-7.5360949999999995,42.59891,-7.20841,42.59891,-7.86378,42.59891
19.12,-7.863775,42.598910000000004,-7.86378,43.25427,-7.86377,41.94355
19.14,-7.863765,41.943535,-7.86377,41.94354,-7.86376,41.94353
19.16,-8.191445,40.960480000000004,-7.86377,41.28816,-8.51912,40.6328
19.18,-8.519115,41.28815,-8.51912,41.28815,-8.51911,41.28815
19.2,-8.846789999999999,41.61582,-8.51911,41.9435,-9.17447,41.28814
19.22,-9.50215,42.27118,-9.17447,42.59886,-9.82983,41.9435
19.24,-9.82983,42.27118,-9.82983,42.59886,-9.82983,41.9435
19.26,-10.48519,42.92655,-10.48519,43.25423,-10.48519,42.59887
19.28,-10.4852,42.92655,-10.4852,43.25423,-10.4852,42.59887
19.3,-10.812875,42.27118,-10.4852,42.59886,-11.14055,41.9435
19.32,-10.812875,41.615809999999996,-11.14056,41.94349,-10.48519,41.28813
19.34,-6.8806650000000005,40.960445,-7.20836,41.28813,-6.55297,40.63276
19.36,-6.55297,41.615809999999996,-6.55297,41.94349,-6.55297,41.28813
19.38,-6.88065,41.615805,-7.20833,41.94348,-6.55297,41.28813
19.4,-7.208335,40.96044,-7.20834,41.28812,-7.20833,40.63276
19.42,-7.20833,40.632760000000005,-7.20833,41.28812,-7.20833,39.9774
19.44,-7.20833,40.305080000000004,-7.20833,40.63276,-7.20833,39.9774
19.46,-7.53601,39.64972,-7.20833,39.9774,-7.86369,39.32204
19.48,-7.208325,38.99436,-7.20833,39.32204,-7.20832,38.66668
19.5,-6.88065,38.99437,-6.55297,39.32205,-7.20833,38.66669
19.52,-7.20833,38.666685,-7.20833,39.32204,-7.20833,38.01133
19.54,-7.53601,38.339,-7.20833,38.66668,-7.86369,38.01132
19.56,-8.19137,38.01131,-7.86369,38.01131,-8.51905,38.01131
19.58,-8.19137,38.01131,-7.86369,38.01131,-8.51905,38.01131
19.6,-8.191365000000001,38.33899,-7.86369,38.66667,-8.51904,38.01131
19.62,-8.519045,38.01131,-8.51905,38.01131,-8.51904,38.01131
19.64,-8.846720000000001,38.011305,-8.51904,38.01131,-9.1744,38.0113
19.66,-9.1744,38.0113,-9.1744,38.66666,-9.1744,37.35594
19.68,-9.502075000000001,37.68361,-9.1744,38.01129,-9.82975,37.35593
19.7,-9.82976,37.6836,-9.82976,38.01128,-9.82976,37.35592
19.72,-9.82977,36.372865000000004,-9.82977,36.70055,-9.82977,36.04518
19.74,-3.276085,38.66664,-4.58683,38.01128,-1.96534,39.322
19.76,-2.948385,39.97737,-2.6207,39.322,-3.27607,40.63274
19.78,-3.27607,42.271145000000004,-3.27607,41.94346,-3.27607,42.59883
19.8,-3.276065,43.909565,-3.27607,43.90956,-3.27606,43.90957
19.82,-3.27607,44.56493,-3.27607,44.56493,-3.27607,44.56493
19.84,-2.62072,45.875655,-2.62072,45.87565,-2.62072,45.87566
19.86,-2.62072,45.87566,-2.62072,45.87566,-2.62072,45.87566
19.88,-2.620725,46.531025,-2.62073,46.53102,-2.62072,46.53103
19.9,-2.62072,47.84175,-2.62072,47.84175,-2.62072,47.84175
19.92,-2.9484,48.49711,-2.62072,48.49711,-3.27608,48.49711
19.94,-2.620725,49.480154999999996,-2.62073,49.80783,-2.62072,49.15248
19.96,-3.27609,50.463205,-3.27609,50.4632,-3.27609,50.46321
19.98,-3.27609,51.11857,-3.27609,51.11857,-3.27609,51.11857
20.0,-3.2761,52.10162,-3.2761,51.77394,-3.2761,52.4293
20.02,-2.94842,52.75698,-3.2761,53.08466,-2.62074,52.4293
20.04,-3.2761050000000003,53.412345,-3.27611,53.74002,-3.2761,53.08467
20.06,0.3284250000000001,52.10161,-1.96538,53.08466,2.62223,51.11856
20.08,5.24371,51.446225,5.24371,51.11854,5.24371,51.77391
20.1,5.243705,52.429275000000004,5.2437,52.42927,5.24371,52.42928
20.12,5.243705,52.42928,5.2437,53.08464,5.24371,51.77392
20.14,5.2437,52.429275,5.2437,53.08463,5.2437,51.77392
20.16,5.243705,52.10159,5.2437,52.42927,5.24371,51.77391
20.18,4.91602,50.79086,5.2437,51.11854,4.58834,50.46318
20.2,4.58834,50.135490000000004,4.58834,50.46317,4.58834,49.80781
20.22,8.848230000000001,49.48013,5.89906,49.80781,11.7974,49.15245
20.24,16.38501,49.48013,16.38501,49.80781,16.38501,49.15245
20.26,16.05733,49.807815000000005,15.72965,49.80781,16.38501,49.80782
20.28,16.057325,50.463175,16.385,50.46317,15.72965,50.46318
20.3,16.385005,50.46318,16.385,50.46318,16.38501,50.46318
20.32,16.38501,50.790865,16.38501,51.11854,16.38501,50.46319
20.34,15.72965,50.79087,15.72965,51.11855,15.72965,50.46319
20.36,16.05733,50.463184999999996,16.38501,50.46318,15.72965,50.46319
20.38,15.401969999999999,50.79087,15.72965,51.11855,15.07429,50.46319
20.4,15.401975,50.79087,15.72965,51.11855,15.0743,50.46319
20.42,15.074295,50.79087,15.07429,51.11855,15.0743,50.46319
20.44,15.07429,50.1355,15.07429,50.46318,15.07429,49.80782
20.46,14.74661,50.463175,15.07429,50.46317,14.41893,50.46318
20.48,14.7466,51.118545,15.07428,51.11854,14.41892,51.11855
20.5,14.746595,52.101605,15.07428,51.77392,14.41891,52.42929
20.52,14.09123,52.101615,14.41891,52.42929,13.76355,51.77394
20.54,14.41891,51.773939999999996,14.41891,52.4293,14.41891,51.11858
20.56,14.4189,51.446259999999995,14.4189,51.77393,14.4189,51.11859
20.58,14.4189,51.446265,14.4189,51.77394,14.4189,51.11859
20.6,3.9330099999999977,45.548,7.86523,47.18641,0.0007899999999949,43.90959
20.62,-0.9822850000000001,45.87568,-1.30997,45.22031,-0.6546,46.53105
20.64,-0.65461,47.514095,-0.65461,47.84177,-0.65461,47.18642
20.66,0.32842999999999817,47.186425,0.0007499999999964,47.84178,0.65611,46.53107
20.68,0.98377,45.22034,0.65609,45.8757,1.31145,44.56498
20.7,1.639125,43.909625,1.31145,44.56498,1.9668,43.25427
20.72,1.96679,42.92659,1.96679,43.25427,1.96679,42.59891
20.74,1.6391,42.271225,1.96678,42.5989,1.31142,41.94355
20.76,11.46961,42.926615,4.58823,41.94355,18.35099,43.90968
20.78,34.735290000000006,45.22043,32.76915,45.22042,36.70143,45.22044
20.8,34.735325,47.186525,35.39069,47.18652,34.07996,47.18653
20.82,34.407635,47.84189,34.73532,47.84189,34.07995,47.84189
20.84,33.424585,47.84188,33.42458,47.84188,33.42459,47.84188
20.86,32.441535,47.84188,32.76921,47.84188,32.11386,47.84188
20.88,32.113855,48.497235,32.11385,48.49723,32.11386,48.49724
20.9,31.45849,48.16955,31.45849,48.49723,31.45849,47.84187
20.92,30.803125,47.514179999999996,30.80313,47.84186,30.80312,47.1865
20.94,31.13081,46.85882,31.45849,47.1865,30.80313,46.53114
20.96,30.14776,47.841865,30.14776,47.84186,30.14776,47.84187
20.98,29.4924,48.49723,29.4924,48.49723,29.4924,48.49723
21.0,29.492395000000002,48.824915,29.49239,49.15259,29.4924,48.49724
21.02,29.164715,49.48028,29.49239,49.80796,28.83704,49.1526
21.04,29.49239,49.1526,29.49239,49.15259,29.49239,49.15261
21.06,28.83702,50.463325,28.83702,50.46332,28.83702,50.46333
21.08,28.50934,50.79102,28.83702,51.1187,28.18166,50.46334
21.1,28.509325,51.1187,28.83701,51.1187,28.18164,51.1187
21.12,28.83699,51.774065,28.83699,51.77406,28.83699,51.77407
21.14,28.836985,53.084785,28.83698,53.08478,28.83699,53.08479
21.16,28.83698,53.412475,28.83698,53.74015,28.83698,53.0848
21.18,29.164665,53.412475,28.83698,53.74015,29.49235,53.0848
21.2,29.49235,53.412475,29.49235,53.74015,29.49235,53.0848
21.22,29.82003,52.101755,29.49235,52.42943,30.14771,51.77408
21.24,30.14771,52.101765,30.14771,52.42944,30.14771,51.77409
21.26,30.1477,52.101775,30.1477,52.42945,30.1477,51.7741
21.28,29.492334999999997,52.10178,29.49233,52.42946,29.49234,51.7741
21.3,29.49233,52.42946,29.49233,52.42946,29.49233,52.42946
21.32,28.836965,53.4125,28.83697,53.74018,28.83696,53.08482
21.34,27.853925,53.41251,28.1816,53.74019,27.52625,53.08483
21.36,1.6391850000000003,53.08485,15.07426,53.7402,-11.79589,52.4295
21.38,-40.95998,50.13575,-39.32143,51.11879,-42.59853,49.15271
21.4,-42.598745,52.42951,-42.59873,51.77415,-42.59876,53.08487
21.42,-42.598755,53.412549999999996,-42.59876,53.74023,-42.59875,53.08487
21.44,-42.598765,53.412549999999996,-42.59876,53.74023,-42.59877,53.08487
21.46,-42.598794999999996,53.412549999999996,-42.59879,53.74023,-42.5988,53.08487
21.48,-42.598825000000005,53.412549999999996,-42.59882,53.74023,-42.59883,53.08487
21.5,-42.598855,53.412549999999996,-42.59885,53.74023,-42.59886,53.08487
21.52,-42.59888,53.412549999999996,-42.59888,53.74023,-42.59888,53.08487
21.54,-42.5989,53.412549999999996,-42.59889,53.74023,-42.59891,53.08487
21.56,-42.59904,53.412549999999996,-42.599,53.74023,-42.59908,53.08487
21.58,-42.599095,53.412549999999996,-42.5991,53.74023,-42.59909,53.08487
21.6,-42.599085,53.412549999999996,-42.59909,53.74023,-42.59908,53.08487
21.62,-42.599075,53.412549999999996,-42.59908,53.74023,-42.59907,53.08487
21.64,-42.599064999999996,53.412549999999996,-42.59907,53.74023,-42.59906,53.08487
21.66,-42.599064999999996,53.412549999999996,-42.59907,53.74023,-42.59906,53.08487
21.68,-42.599075,53.412549999999996,-42.59908,53.74023,-42.59907,53.08487
21.7,-42.599075,53.412549999999996,-42.59908,53.74023,-42.59907,53.08487
21.72,-42.59908,53.412549999999996,-42.59908,53.74023,-42.59908,53.08487
21.74,-42.599085,53.412549999999996,-42.59909,53.74023,-42.59908,53.08487
21.76,-42.599085,53.412549999999996,-42.59909,53.74023,-42.59908,53.08487
21.78,-42.599075,53.412549999999996,-42.59908,53.74023,-42.59907,53.08487
21.8,-42.59907,53.412549999999996,-42.59907,53.74023,-42.59907,53.08487
21.82,-42.599064999999996,53.412549999999996,-42.59907,53.74023,-42.59906,53.08487
21.84,-42.599055,53.412549999999996,-42.59906,53.74023,-42.59905,53.08487
21.86,-42.599045000000004,53.412549999999996,-42.59905,53.74023,-42.59904,53.08487
21.88,-42.599035,53.412549999999996,-42.59904,53.74023,-42.59903,53.08487
21.9,-42.59903,53.412549999999996,-42.59903,53.74023,-42.59903,53.08487
21.92,-42.59903,53.412549999999996,-42.59903,53.74023,-42.59903,53.08487
21.94,-42.59903,53.412549999999996,-42.59903,53.74023,-42.59903,53.08487
21.96,-42.59903,53.412549999999996,-42.59903,53.74023,-42.59903,53.08487
21.98,-42.59905,53.412549999999996,-42.59903,53.74023,-42.59907,53.08487
22.0,-42.599095,53.412549999999996,-42.5991,53.74023,-42.59909,53.08487
22.02,-42.599085,53.412549999999996,-42.59909,53.74023,-42.59908,53.08487
22.04,-42.599075,53.412549999999996,-42.59908,53.74023,-42.59907,53.08487
22.06,-42.599075,53.412549999999996,-42.59908,53.74023,-42.59907,53.08487
22.08,-42.599064999999996,53.412549999999996,-42.59907,53.74023,-42.59906,53.08487
22.1,-42.59906,53.412549999999996,-42.59906,53.74023,-42.59906,53.08487
22.12,-42.599055,53.412549999999996,-42.59906,53.74023,-42.59905,53.08487
22.14,-42.59905,53.412549999999996,-42.59905,53.74023,-42.59905,53.08487
22.16,-42.59905,53.412549999999996,-42.59905,53.74023,-42.59905,53.08487
22.18,-42.599045000000004,53.412549999999996,-42.59905,53.74023,-42.59904,53.08487
22.2,-42.599045000000004,53.412549999999996,-42.59905,53.74023,-42.59904,53.08487
22.22,-42.59905,53.412549999999996,-42.59905,53.74023,-42.59905,53.08487
22.24,-42.599055,53.412549999999996,-42.59905,53.74023,-42.59906,53.08487
22.26,-42.59906,53.412549999999996,-42.59906,53.74023,-42.59906,53.08487
22.28,-42.59907,53.084869999999995,-42.59907,53.74023,-42.59907,52.42951
22.3,-42.599064999999996,48.825005000000004,-42.59907,50.46341,-42.59906,47.1866
22.32,-42.59907,43.58208,-42.59907,45.22049,-42.59907,41.94367
22.34,-42.59907,36.700765,-42.59907,38.66685,-42.59907,34.73468
22.36,-42.599095,30.80251,-42.59909,32.76859,-42.5991,28.83643
22.38,-42.599115,25.887315,-42.59911,27.52571,-42.59912,24.24892
22.4,-42.599135000000004,21.62748,-42.59913,22.9382,-42.59914,20.31676
22.42,-42.59915,19.00604,-42.59915,19.6614,-42.59915,18.35068
22.44,-42.59915,18.678359999999998,-42.59915,19.00604,-42.59915,18.35068
22.46,-42.599135000000004,18.022995,-42.59914,18.35067,-42.59913,17.69532
22.48,-42.599125,18.678355,-42.59913,19.00603,-42.59912,18.35068
22.5,-42.59913,18.678355,-42.59913,19.00603,-42.59913,18.35068
22.52,-42.59914,18.678365,-42.59914,19.00604,-42.59914,18.35069
22.54,-42.59915,18.350695,-42.59915,18.35069,-42.59915,18.3507
22.56,-42.59915,18.3507,-42.59915,18.3507,-42.59915,18.3507
22.58,-42.59913,19.661435,-42.59915,19.00607,-42.59911,20.3168
22.6,-42.599075,21.29984,-42.59907,20.97216,-42.59908,21.62752
22.62,-42.599085,23.59362,-42.59909,23.59362,-42.59908,23.59362
22.64,-42.599075,24.57666,-42.59908,24.90434,-42.59907,24.24898
22.66,-42.59907,25.88738,-42.59907,25.5597,-42.59907,26.21506
22.68,-42.599059999999994,26.21506,-42.59907,26.21506,-42.59905,26.21506
22.7,-42.599055,26.542735,-42.59906,26.87041,-42.59905,26.21506
22.72,-42.599055,26.215049999999998,-42.59906,26.87041,-42.59905,25.55969
22.74,-42.59906,26.21505,-42.59906,26.21505,-42.59906,26.21505
22.76,-42.59907,25.887365000000003,-42.59907,26.21505,-42.59907,25.55968
22.78,-42.59908,25.232,-42.59908,25.55968,-42.59908,24.90432
22.8,-42.59909,25.55967,-42.59909,25.55967,-42.59909,25.55967
22.82,-42.59909,25.887349999999998,-42.59909,26.21503,-42.59909,25.55967
22.84,-42.59909,26.54271,-42.59909,26.87039,-42.59909,26.21503
22.86,-42.59909,26.21503,-42.59909,26.87039,-42.59909,25.55967
22.88,-42.599095,25.887349999999998,-42.5991,26.21503,-42.59909,25.55967
22.9,-42.5991,24.57663,-42.5991,24.90431,-42.5991,24.24895
22.92,-42.599085,24.576615,-42.5991,24.9043,-42.59907,24.24893
22.94,-42.599005,25.231965000000002,-42.59901,24.90428,-42.599,25.55965
22.96,-42.59901,26.5427,-42.59901,26.21502,-42.59901,26.87038
22.98,-42.599,27.853425,-42.599,27.52574,-42.599,28.18111
23.0,-42.598995,28.508789999999998,-42.599,28.18111,-42.59899,28.83647
23.02,-42.59899,28.836464999999997,-42.59899,28.83646,-42.59899,28.83647
23.04,-42.598985,28.508785,-42.59899,28.83646,-42.59898,28.18111
23.06,-42.59899,28.508789999999998,-42.59899,28.83647,-42.59899,28.18111
23.08,-42.598985,28.508795,-42.59899,28.83647,-42.59898,28.18112
23.1,-42.598985,28.836475,-42.59899,28.83647,-42.59898,28.83648
23.12,-42.598985,29.164160000000003,-42.59899,29.49184,-42.59898,28.83648
23.14,-42.59898,29.491844999999998,-42.59898,29.49184,-42.59898,29.49185
23.16,-42.598974999999996,29.81953,-42.59898,30.14721,-42.59897,29.49185
23.18,-42.598974999999996,30.14721,-42.59898,30.14721,-42.59897,30.14721
23.2,-42.59897,30.474895,-42.59897,30.80257,-42.59897,30.14722
23.22,-42.59897,29.819535000000002,-42.59897,30.14721,-42.59897,29.49186
23.24,-42.59897,29.819535000000002,-42.59897,30.14721,-42.59897,29.49186
23.26,-42.59897,30.474895,-42.59897,30.80257,-42.59897,30.14722
23.28,-42.59897,30.474899999999998,-42.59897,30.80258,-42.59897,30.14722
23.3,-42.59897,30.474899999999998,-42.59897,30.80258,-42.59897,30.14722
23.32,-42.59898,30.474895,-42.59898,30.80258,-42.59898,30.14721
23.34,-42.59898,30.14721,-42.59898,30.14721,-42.59898,30.14721
23.36,-42.59899,30.802574999999997,-42.59899,30.80257,-42.59899,30.80258
23.38,-42.59899,30.802574999999997,-42.59899,30.80257,-42.59899,30.80258
23.4,-42.59899,30.474899999999998,-42.59899,30.80258,-42.59899,30.14722
23.42,-42.598995,30.14722,-42.599,30.14722,-42.59899,30.14722
23.44,-42.59899,30.147215000000003,-42.59899,30.14721,-42.59899,30.14722
23.46,-42.59899,30.474890000000002,-42.59899,30.80257,-42.59899,30.14721
23.48,-42.59899,30.474895,-42.59899,30.14721,-42.59899,30.80258
23.5,-42.597715,30.80257,-42.59899,30.80257,-42.59644,30.80257
23.52,-42.59899,31.457925000000003,-42.59899,31.45792,-42.59899,31.45793
23.54,-42.59899,31.78561,-42.59899,32.11329,-42.59899,31.45793
23.56,-42.59899,31.457925000000003,-42.59899,31.45792,-42.59899,31.45793
23.58,-42.598925,32.440960000000004,-42.59895,32.11328,-42.5989,32.76864
23.6,-42.598895,33.424005,-42.59889,33.424,-42.5989,33.42401
23.62,-42.598905,35.390105,-42.59891,35.3901,-42.5989,35.39011
23.64,-42.5989,36.37315,-42.5989,36.70083,-42.5989,36.04547
23.66,-42.59891,37.35619,-42.59891,37.35619,-42.59891,37.35619
23.68,-42.598905,37.683875,-42.59891,38.01155,-42.5989,37.3562
23.7,-42.598905,37.68387,-42.59891,38.01155,-42.5989,37.35619
23.72,-42.598905,37.68387,-42.59891,38.01155,-42.5989,37.35619
23.74,-42.598905,37.683859999999996,-42.59891,38.01154,-42.5989,37.35618
23.76,-42.59892,37.356179999999995,-42.59891,37.35617,-42.59893,37.35619
23.78,-42.59898,38.339240000000004,-42.59898,38.01156,-42.59898,38.66692
23.8,-42.598974999999996,39.322285,-42.59898,39.32228,-42.59897,39.32229
23.82,-42.59897,39.649965,-42.59897,39.97764,-42.59897,39.32229
23.84,-42.598974999999996,39.97765,-42.59898,39.97765,-42.59897,39.97765
23.86,-42.59897,39.64996,-42.59897,39.97764,-42.59897,39.32228
23.88,-42.598974999999996,38.99459,-42.59898,39.32227,-42.59897,38.66691
23.9,-42.598985,38.99459,-42.59898,39.32227,-42.59899,38.66691
23.92,-42.59899,39.32226,-42.59899,39.32226,-42.59899,39.32226
23.94,-42.599,39.649945,-42.599,39.97762,-42.599,39.32227
23.96,-42.599005,40.960674999999995,-42.59901,40.63299,-42.599,41.28836
23.98,-42.59901,41.94372,-42.59901,41.94372,-42.59901,41.94372
24.0,-42.59899,42.27139,-42.59901,42.59907,-42.59897,41.94371
24.02,-42.598875,42.926745,-42.59889,43.25443,-42.59886,42.59906
24.04,-42.598875,44.89284,-42.59887,44.56515,-42.59888,45.22053
24.06,-42.59888,46.531255,-42.59888,46.53125,-42.59888,46.53126
24.08,-42.59888,47.841984999999994,-42.59888,47.18662,-42.59888,48.49735
24.1,-42.59888,50.135745,-42.59888,49.80807,-42.59888,50.46342
24.12,-42.598884999999996,51.774145000000004,-42.59889,51.77415,-42.59888,51.77414
24.14,-42.59888,51.44645,-42.59888,51.77413,-42.59888,51.11877
24.16,-42.598875,52.42948,-42.59888,52.42948,-42.59887,52.42948
24.18,-42.59888,53.08485,-42.59888,53.08484,-42.59888,53.08486
24.2,-42.598875,53.412545,-42.59888,53.74022,-42.59887,53.08487
24.22,-42.59887,53.412549999999996,-42.59887,53.74023,-42.59887,53.08487
24.24,-42.598875,53.412549999999996,-42.59887,53.74023,-42.59888,53.08487
24.26,-42.59891,53.412549999999996,-42.59891,53.74023,-42.59891,53.08487
24.28,-42.5989,53.412549999999996,-42.5989,53.74023,-42.5989,53.08487
24.3,-42.598895,53.412549999999996,-42.5989,53.74023,-42.59889,53.08487
24.32,-42.59889,53.412549999999996,-42.59889,53.74023,-42.59889,53.08487
24.34,-42.59889,53.412549999999996,-42.59889,53.74023,-42.59889,53.08487
24.36,-42.59889,53.412549999999996,-42.59889,53.74023,-42.59889,53.08487
24.38,-42.598884999999996,53.412549999999996,-42.59889,53.74023,-42.59888,53.08487
24.4,-42.598884999999996,53.412549999999996,-42.59889,53.74023,-42.59888,53.08487
24.42,-42.598884999999996,53.412545,-42.59889,53.74022,-42.59888,53.08487
24.44,-42.59888,53.41254,-42.59888,53.74022,-42.59888,53.08486
24.46,-42.598910000000004,53.412545,-42.59889,53.74022,-42.59893,53.08487
24.48,-42.598955000000004,53.412549999999996,-42.59896,53.74023,-42.59895,53.08487
24.5,-42.598945,53.412549999999996,-42.59895,53.74023,-42.59894,53.08487
24.52,-42.598945,53.412549999999996,-42.59895,53.74023,-42.59894,53.08487
24.54,-42.598935,53.412544999999994,-42.59894,53.74023,-42.59893,53.08486
24.56,-42.59893,53.41254,-42.59893,53.74022,-42.59893,53.08486
24.58,-42.59894,53.412525,-42.59894,53.74021,-42.59894,53.08484
24.6,-42.59895,53.412525,-42.59895,53.7402,-42.59895,53.08485
24.62,-42.59895,53.41252,-42.59895,53.7402,-42.59895,53.08484
24.64,-42.59895,53.41252,-42.59895,53.7402,-42.59895,53.08484
24.66,-42.598955000000004,53.412515,-42.59896,53.7402,-42.59895,53.08483
24.68,-42.59895,53.41251,-42.59895,53.74019,-42.59895,53.08483
24.7,-42.598955000000004,52.75714,-42.59896,53.08482,-42.59895,52.42946
24.72,-42.59895,53.08482,-42.59895,53.08482,-42.59895,53.08482
24.74,-42.59895,53.4125,-42.59895,53.74018,-42.59895,53.08482
24.76,-42.59895,53.4125,-42.59895,53.74018,-42.59895,53.08482
24.78,-42.598955000000004,52.757130000000004,-42.59896,53.08481,-42.59895,52.42945
24.8,-42.59895,52.42944,-42.59895,53.0848,-42.59895,51.77408
24.82,-42.59895,51.44639,-42.59895,51.77407,-42.59895,51.11871
24.84,-42.598945,50.46333,-42.59895,51.11869,-42.59894,49.80797
24.86,-42.598945,49.80796,-42.59895,50.46332,-42.59894,49.1526
24.88,-42.59895,49.480275,-42.59895,49.80795,-42.59895,49.1526
24.9,-42.59895,49.80795,-42.59895,49.80795,-42.59895,49.80795
24.92,-42.59895,49.80795,-42.59895,49.80795,-42.59895,49.80795
24.94,-42.598945,49.80795,-42.59895,50.46331,-42.59894,49.15259
24.96,-42.59901,51.118700000000004,-42.59897,50.46332,-42.59905,51.77408
24.98,-42.599050000000005,53.08481,-42.59906,53.08481,-42.59904,53.08481
25.0,-42.59903,53.412495,-42.59903,53.74017,-42.59903,53.08482
25.02,-42.59903,53.4125,-42.59903,53.74018,-42.59903,53.08482
25.04,-42.59903,53.4125,-42.59903,53.74018,-42.59903,53.08482
25.06,-42.59902,53.412504999999996,-42.59902,53.74018,-42.59902,53.08483
25.08,-42.599015,53.41251,-42.59902,53.74019,-42.59901,53.08483
25.1,-42.59902,53.41251,-42.59902,53.74019,-42.59902,53.08483
25.12,-42.59901,53.41252,-42.59901,53.7402,-42.59901,53.08484
25.14,-42.599015,53.41252,-42.59902,53.7402,-42.59901,53.08484
25.16,-42.599005,53.08484,-42.59901,53.7402,-42.599,52.42948
25.18,-42.59901,50.791075,-42.59901,51.77411,-42.59901,49.80804
25.2,-42.59901,48.169619999999995,-42.59901,49.15266,-42.59901,47.18658
25.22,-42.599015,45.22049,-42.59902,46.53121,-42.59901,43.90977
25.24,-42.599025,41.288315,-42.59902,42.59904,-42.59903,39.97759
25.26,-42.59903,37.35612999999999,-42.59903,38.66685,-42.59903,36.04541
25.28,-42.598995,33.42396,-42.59901,34.07932,-42.59898,32.7686
25.3,-42.59899,32.768605,-42.59899,32.7686,-42.59899,32.76861
25.32,-42.598995,33.75166,-42.599,34.07934,-42.59899,33.42398
25.34,-42.599,35.39006,-42.599,35.39006,-42.599,35.39006
25.36,-42.599,36.373104999999995,-42.599,36.04542,-42.599,36.70079
25.38,-42.59901,37.02847,-42.59901,37.35615,-42.59901,36.70079
25.4,-42.599015,37.68383,-42.59902,38.01151,-42.59901,37.35615
25.42,-42.599015,38.339195000000004,-42.59902,38.66687,-42.59901,38.01152
25.44,-42.599015,39.32224,-42.59902,39.32224,-42.59901,39.32224
25.46,-42.59901,38.994555,-42.59901,39.32223,-42.59901,38.66688
25.48,-42.599015,39.322245,-42.59902,39.9776,-42.59901,38.66689
25.5,-42.599005,39.977605,-42.59901,39.32224,-42.599,40.63297
25.52,-42.599005,41.28834,-42.59901,41.28834,-42.599,41.28834
25.54,-42.599,42.599075,-42.599,42.59907,-42.599,42.59908
25.56,-42.599,43.909795,-42.599,43.9098,-42.599,43.90979
25.58,-42.59894,44.23746,-42.59897,43.90978,-42.59891,44.56514
25.6,-42.598905,45.87587499999999,-42.5989,45.22051,-42.59891,46.53124
25.62,-42.598905,46.858925,-42.59891,47.18661,-42.5989,46.53124
25.64,-42.5989,47.186595,-42.5989,47.1866,-42.5989,47.18659
25.66,-42.5989,47.841955,-42.5989,47.84195,-42.5989,47.84196
25.68,-42.598895,47.841955,-42.5989,47.84195,-42.59889,47.84196
25.7,-42.598905,48.16963,-42.59891,48.49731,-42.5989,47.84195
25.72,-42.5989,48.169624999999996,-42.5989,48.4973,-42.5989,47.84195
25.74,-42.5989,48.49731,-42.5989,48.49731,-42.5989,48.49731
25.76,-42.5989,49.15267,-42.5989,49.15267,-42.5989,49.15267
25.78,-42.5989,49.80803,-42.5989,49.80803,-42.5989,49.80803
25.8,-42.5989,50.46339,-42.5989,50.46339,-42.5989,50.46339
25.82,-42.59891,50.79107,-42.59891,51.11875,-42.59891,50.46339
25.84,-42.59891,51.774115,-42.59891,51.77411,-42.59891,51.77412
25.86,-42.598915,52.429485,-42.59892,52.42948,-42.59891,52.42949
25.88,-42.598780000000005,52.101785,-42.59884,52.42947,-42.59872,51.7741
25.9,-42.598715,52.75715,-42.59871,52.42945,-42.59872,53.08485
25.92,-42.598715,53.412545,-42.59872,53.74022,-42.59871,53.08487
25.94,-42.59744,53.412549999999996,-42.59617,53.74023,-42.59871,53.08487
25.96,-42.598704999999995,53.412549999999996,-42.59871,53.74023,-42.5987,53.08487
25.98,-42.59869,53.412549999999996,-42.59869,53.74023,-42.59869,53.08487
26.0,-42.598685,53.412549999999996,-42.59869,53.74023,-42.59868,53.08487
26.02,-42.598675,53.412549999999996,-42.59868,53.74023,-42.59867,53.08487
26.04,-42.598675,53.412549999999996,-42.59868,53.74023,-42.59867,53.08487
26.06,-42.598675,53.412549999999996,-42.59868,53.74023,-42.59867,53.08487
26.08,-42.59868,53.412549999999996,-42.59868,53.74023,-42.59868,53.08487
26.1,-42.598685,53.412549999999996,-42.59869,53.74023,-42.59868,53.08487
26.12,-42.598524999999995,53.412549999999996,-42.5986,53.74023,-42.59845,53.08487
26.14,-42.598415,53.412549999999996,-42.59841,53.74023,-42.59842,53.08487
26.16,-42.598415,53.412549999999996,-42.59842,53.74023,-42.59841,53.08487
26.18,-42.59841,53.412549999999996,-42.59841,53.74023,-42.59841,53.08487
26.2,-42.598405,53.412549999999996,-42.59841,53.74023,-42.5984,53.08487
26.22,-42.59841,53.412549999999996,-42.59841,53.74023,-42.59841,53.08487
26.24,-42.598415,53.412549999999996,-42.59841,53.74023,-42.59842,53.08487
26.26,-42.59842,53.412549999999996,-42.59842,53.74023,-42.59842,53.08487
26.28,-42.59843,53.412549999999996,-42.59843,53.74023,-42.59843,53.08487
26.3,-42.59843,53.412549999999996,-42.59843,53.74023,-42.59843,53.08487
26.32,-42.59843,53.412549999999996,-42.59843,53.74023,-42.59843,53.08487
26.34,-42.59843,53.412549999999996,-42.59843,53.74023,-42.59843,53.08487
26.36,-42.59843,53.412549999999996,-42.59843,53.74023,-42.59843,53.08487
26.38,-42.59843,53.412549999999996,-42.59843,53.74023,-42.59843,53.08487
26.4,-42.59845,53.412549999999996,-42.59845,53.74023,-42.59845,53.08487
26.42,-42.59846,53.412549999999996,-42.59846,53.74023,-42.59846,53.08487
26.44,-42.59847,53.412549999999996,-42.59847,53.74023,-42.59847,53.08487
26.46,-42.598479999999995,53.412549999999996,-42.59847,53.74023,-42.59849,53.08487
26.48,-42.59855,53.412549999999996,-42.59855,53.74023,-42.59855,53.08487
26.5,-42.59855,53.412549999999996,-42.59855,53.74023,-42.59855,53.08487
26.52,-42.59856,53.412549999999996,-42.59856,53.74023,-42.59856,53.08487
26.54,-42.59856,53.412549999999996,-42.59856,53.74023,-42.59856,53.08487
26.56,-42.59857,53.412549999999996,-42.59857,53.74023,-42.59857,53.08487
26.58,-42.59857,53.412549999999996,-42.59857,53.74023,-42.59857,53.08487
26.6,-42.59857,53.412549999999996,-42.59857,53.74023,-42.59857,53.08487
26.62,-42.598565,53.412549999999996,-42.59857,53.74023,-42.59856,53.08487
26.64,-42.59857,53.412549999999996,-42.59857,53.74023,-42.59857,53.08487
26.66,-42.598565,53.412549999999996,-42.59857,53.74023,-42.59856,53.08487
26.68,-42.59857,53.412549999999996,-42.59857,53.74023,-42.59857,53.08487
26.7,-42.598565,53.412549999999996,-42.59857,53.74023,-42.59856,53.08487
26.72,-42.59857,53.412549999999996,-42.59857,53.74023,-42.59857,53.08487
26.74,-42.59857,53.412549999999996,-42.59857,53.74023,-42.59857,53.08487
26.76,-42.59857,53.412549999999996,-42.59857,53.74023,-42.59857,53.08487
26.78,-42.598575,53.412549999999996,-42.59858,53.74023,-42.59857,53.08487
26.8,-42.59857,53.412549999999996,-42.59857,53.74023,-42.59857,53.08487
26.82,-42.59857,53.412549999999996,-42.59857,53.74023,-42.59857,53.08487
26.84,-42.59857,53.412549999999996,-42.59857,53.74023,-42.59857,53.08487
26.86,-42.598565,53.412549999999996,-42.59857,53.74023,-42.59856,53.08487
26.88,-42.59852,53.412549999999996,-42.59855,53.74023,-42.59849,53.08487
26.9,-42.598485,53.412549999999996,-42.59848,53.74023,-42.59849,53.08487
26.92,-42.59849,53.412549999999996,-42.59849,53.74023,-42.59849,53.08487
26.94,-42.59849,53.412549999999996,-42.59849,53.74023,-42.59849,53.08487
26.96,-42.5985,53.412549999999996,-42.5985,53.74023,-42.5985,53.08487
26.98,-42.59851,53.412549999999996,-42.59851,53.74023,-42.59851,53.08487
27.0,-42.59851,53.412549999999996,-42.59851,53.74023,-42.59851,53.08487
27.02,-42.598505,53.412549999999996,-42.59851,53.74023,-42.5985,53.08487
27.04,-42.59851,53.412549999999996,-42.59851,53.74023,-42.59851,53.08487
27.06,-42.598505,53.412549999999996,-42.59851,53.74023,-42.5985,53.08487
27.08,-42.59851,53.412549999999996,-42.59851,53.74023,-42.59851,53.08487
27.1,-42.59851,53.412549999999996,-42.59851,53.74023,-42.59851,53.08487
27.12,-42.59851,53.412549999999996,-42.59851,53.74023,-42.59851,53.08487
27.14,-42.59851,53.412549999999996,-42.59851,53.74023,-42.59851,53.08487
27.16,-42.59851,53.412549999999996,-42.59851,53.74023,-42.59851,53.08487
27.18,-42.5985,53.412549999999996,-42.5985,53.74023,-42.5985,53.08487
27.2,-42.5985,53.412549999999996,-42.5985,53.74023,-42.5985,53.08487
27.22,-42.598495,53.412549999999996,-42.5985,53.74023,-42.59849,53.08487
27.24,-42.598434999999995,53.412549999999996,-42.59849,53.74023,-42.59838,53.08487
27.26,-42.598325,53.412549999999996,-42.59832,53.74023,-42.59833,53.08487
27.28,-42.59834,53.412549999999996,-42.59834,53.74023,-42.59834,53.08487
27.3,-42.59834,53.412549999999996,-42.59834,53.74023,-42.59834,53.08487
27.32,-42.59835,53.412549999999996,-42.59835,53.74023,-42.59835,53.08487
27.34,-42.59835,53.412549999999996,-42.59835,53.74023,-42.59835,53.08487
27.36,-42.598345,53.412549999999996,-42.59835,53.74023,-42.59834,53.08487
27.38,-42.59834,53.412549999999996,-42.59834,53.74023,-42.59834,53.08487
27.4,-42.59833,53.412549999999996,-42.59833,53.74023,-42.59833,53.08487
27.42,-42.598315,53.412549999999996,-42.59832,53.74023,-42.59831,53.08487
27.44,-42.598315,53.412549999999996,-42.59832,53.74023,-42.59831,53.08487
27.46,-42.59831,53.412549999999996,-42.59831,53.74023,-42.59831,53.08487
27.48,-42.598240000000004,53.412549999999996,-42.59829,53.74023,-42.59819,53.08487
27.5,-40.304345,53.412549999999996,-39.97667,53.74023,-40.63202,53.08487
27.52,-40.95971,53.412549999999996,-41.28739,53.74023,-40.63203,53.08487
27.54,-40.63203,53.412549999999996,-40.63203,53.74023,-40.63203,53.08487
27.56,-40.632025,53.412549999999996,-40.63203,53.74023,-40.63202,53.08487
27.58,-40.63202,53.412549999999996,-40.63202,53.74023,-40.63202,53.08487
27.6,-40.304339999999996,53.412549999999996,-39.97666,53.74023,-40.63202,53.08487
27.62,-39.975395,53.412549999999996,-39.97667,53.74023,-39.97412,53.08487
27.64,-39.97667,53.412549999999996,-39.97667,53.74023,-39.97667,53.08487
27.66,-40.30435,53.412549999999996,-39.97667,53.74023,-40.63203,53.08487
27.68,-40.632035,53.412549999999996,-40.63204,53.74023,-40.63203,53.08487
27.7,-40.63203,53.412549999999996,-40.63203,53.74023,-40.63203,53.08487
27.72,-40.63202,53.412549999999996,-40.63203,53.74023,-40.63201,53.08487
27.74,-41.61508,53.412549999999996,-40.63202,53.74023,-42.59814,53.08487
27.76,-42.598155,53.412549999999996,-42.59816,53.74023,-42.59815,53.08487
27.78,-42.59815,53.412549999999996,-42.59815,53.74023,-42.59815,53.08487
27.8,-42.59814,53.412549999999996,-42.59815,53.74023,-42.59813,53.08487
27.82,-42.598124999999996,53.412549999999996,-42.59813,53.74023,-42.59812,53.08487
27.84,-42.598115,53.412549999999996,-42.59812,53.74023,-42.59811,53.08487
27.86,-42.59811,53.412549999999996,-42.59811,53.74023,-42.59811,53.08487
27.88,-42.5981,53.412549999999996,-42.5981,53.74023,-42.5981,53.08487
27.9,-42.5981,53.412549999999996,-42.5981,53.74023,-42.5981,53.08487
27.92,-42.5981,53.412549999999996,-42.5981,53.74023,-42.5981,53.08487
27.94,-42.5981,53.412549999999996,-42.5981,53.74023,-42.5981,53.08487
27.96,-42.59811,53.412549999999996,-42.59811,53.74023,-42.59811,53.08487
27.98,-42.59811,53.412549999999996,-42.59811,53.74023,-42.59811,53.08487
28.0,-42.598124999999996,53.412549999999996,-42.59812,53.74023,-42.59813,53.08487
28.02,-42.59813,53.412549999999996,-42.59813,53.74023,-42.59813,53.08487
28.04,-42.59814,53.412549999999996,-42.59814,53.74023,-42.59814,53.08487
28.06,-42.59815,53.412549999999996,-42.59815,53.74023,-42.59815,53.08487
28.08,-42.59816,53.412549999999996,-42.59816,53.74023,-42.59816,53.08487
28.1,-42.59816,53.412549999999996,-42.59816,53.74023,-42.59816,53.08487
28.12,-42.598165,53.412549999999996,-42.59817,53.74023,-42.59816,53.08487
28.14,-42.598165,53.412549999999996,-42.59817,53.74023,-42.59816,53.08487
28.16,-40.63206,53.412549999999996,-42.59817,53.74023,-38.66595,53.08487
28.18,-36.69982,53.412549999999996,-36.04446,53.74023,-37.35518,53.08487
28.2,-36.699825000000004,53.412549999999996,-36.69983,53.74023,-36.69982,53.08487
28.22,-36.699825000000004,53.412549999999996,-36.69983,53.74023,-36.69982,53.08487
28.24,-36.69982,53.412549999999996,-36.69982,53.74023,-36.69982,53.08487
28.26,-36.699825000000004,53.412549999999996,-36.69983,53.74023,-36.69982,53.08487
28.28,-37.027495,53.412549999999996,-37.35518,53.74023,-36.69981,53.08487
28.3,-37.355175,53.412549999999996,-37.35518,53.74023,-37.35517,53.08487
28.32,-37.35518,53.412549999999996,-37.35518,53.74023,-37.35518,53.08487
28.34,-37.35517,53.412549999999996,-37.35517,53.74023,-37.35517,53.08487
28.36,-37.35517,53.412549999999996,-37.35517,53.74023,-37.35517,53.08487
28.38,-37.35517,53.412549999999996,-37.35517,53.74023,-37.35517,53.08487
28.4,-36.69981,53.412549999999996,-36.69981,53.74023,-36.69981,53.08487
28.42,-36.37213,53.412549999999996,-36.69981,53.74023,-36.04445,53.08487
28.44,-35.716764999999995,53.412549999999996,-36.04445,53.74023,-35.38908,53.08487
28.46,-34.73372,53.412549999999996,-34.73372,53.74023,-34.73372,53.08487
28.48,-34.078365000000005,53.412549999999996,-34.07837,53.74023,-34.07836,53.08487
28.5,-34.078355,53.412549999999996,-34.07836,53.74023,-34.07835,53.08487
28.52,-30.801515000000002,53.412549999999996,-33.42299,53.74023,-28.18004,53.08487
28.54,-24.247799999999998,53.412549999999996,-24.24781,53.74023,-24.24779,53.08487
28.56,-25.230835,53.412549999999996,-24.90316,53.74023,-25.55851,53.08487
28.58,-25.55851,53.412549999999996,-25.55851,53.74023,-25.55851,53.08487
28.6,-25.886195,53.412549999999996,-25.55852,53.74023,-26.21387,53.08487
28.62,-26.86924,53.412549999999996,-26.86924,53.74023,-26.86924,53.08487
28.64,-27.524605,53.412549999999996,-27.5246,53.74023,-27.52461,53.08487
28.66,-27.524614999999997,53.412549999999996,-27.52461,53.74023,-27.52462,53.08487
28.68,-28.179994999999998,53.412549999999996,-28.17999,53.74023,-28.18,53.08487
28.7,-18.34948,53.412549999999996,-23.59244,53.74023,-13.10652,53.08487
28.72,-10.48502,53.412549999999996,-9.82966,53.74023,-11.14038,53.08487
28.74,-12.451135,53.412549999999996,-12.45113,53.74023,-12.45114,53.08487
28.76,-11.795785,53.412549999999996,-11.79579,53.74023,-11.79578,53.08487
28.78,-12.123460000000001,53.412549999999996,-11.79578,53.74023,-12.45114,53.08487
28.8,-13.434175,53.412549999999996,-13.1065,53.74023,-13.76185,53.08487
28.82,-14.417215,53.41254,-13.76186,53.74023,-15.07257,53.08485
28.84,-15.40026,53.412504999999996,-15.07258,53.74019,-15.72794,53.08482
28.86,-16.711,53.412459999999996,-16.38332,53.74015,-17.03868,53.08477
28.88,-19.004795,53.412409999999994,-18.34943,53.7401,-19.66016,53.08472
28.9,-21.953965,53.412369999999996,-20.97091,53.74006,-22.93702,53.08468
28.92,-24.90314,51.773925,-24.24777,53.74001,-25.55851,49.80784
28.94,-24.247795,46.858695,-26.2139,47.18638,-22.28169,46.53101
28.96,-22.28168,43.581869999999995,-21.62631,44.56491,-22.93705,42.59883
28.98,-24.247805,39.64971,-23.59244,40.63275,-24.90317,38.66667
29.0,-25.886229999999998,37.35593,-25.55855,38.01129,-26.21391,36.70057
29.02,-27.196975000000002,34.734480000000005,-26.86929,35.38984,-27.52466,34.07912
29.04,-27.52467,33.751425,-27.52467,34.07911,-27.52467,33.42374
29.06,-27.85235,32.440685,-27.52467,32.76837,-28.18003,32.113
29.08,-28.50772,32.44068,-28.18004,32.76836,-28.8354,32.113
29.1,-29.16309,31.12995,-28.83541,32.11299,-29.49077,30.14691
29.12,-30.47382,29.81922,-30.14614,30.1469,-30.8015,29.49154
29.14,-31.12919,29.819215,-30.80151,30.1469,-31.45687,29.49153
29.16,-38.993615,30.47458,-35.38908,30.14689,-42.59815,30.80227
29.18,-42.59822,30.80226,-42.59822,30.80226,-42.59822,30.80226
29.2,-42.598225,31.785289999999996,-42.59822,32.11297,-42.59823,31.45761
29.22,-42.59823,31.457605,-42.59823,32.11296,-42.59823,30.80225
29.24,-42.59824,31.12992,-42.59824,31.4576,-42.59824,30.80224
29.26,-42.598245,30.146865,-42.59825,30.80223,-42.59824,29.4915
29.28,-42.59826,29.491495,-42.59826,30.14686,-42.59826,28.83613
29.3,-42.59827,27.525399999999998,-42.59827,28.18076,-42.59827,26.87004
29.32,-42.598295,25.887,-42.59829,26.21468,-42.5983,25.55932
29.34,-42.598315,24.903965,-42.59831,24.90396,-42.59832,24.90397
29.36,-42.59833,24.57629,-42.59833,24.90397,-42.59833,24.24861
29.38,-42.59835,23.92093,-42.59835,24.24861,-42.59835,23.59325
29.4,-42.59835,23.593245,-42.59835,24.24861,-42.59835,22.93788
29.42,-42.59835,23.920915,-42.59835,24.24859,-42.59835,23.59324
29.44,-42.59835,23.59323,-42.59835,23.59323,-42.59835,23.59323
29.46,-42.59835,23.92091,-42.59835,24.24859,-42.59835,23.59323
29.48,-42.59835,23.26554,-42.59835,23.59322,-42.59835,22.93786
29.5,-42.59835,23.26554,-42.59835,23.59322,-42.59835,22.93786
29.52,-42.59835,22.93786,-42.59835,22.93786,-42.59835,22.93786
29.54,-42.59836,22.610174999999998,-42.59836,22.93785,-42.59836,22.2825
29.56,-42.598365,22.937865000000002,-42.59837,22.93786,-42.59836,22.93787
29.58,-42.59837,22.61019,-42.59837,22.93787,-42.59837,22.28251
29.6,-42.59837,21.62715,-42.59837,22.28251,-42.59837,20.97179
29.62,-42.59838,20.971784999999997,-42.59838,20.97178,-42.59838,20.97179
29.64,-42.59838,20.644105,-42.59838,20.97178,-42.59838,20.31643
29.66,-42.59837,19.98874,-42.59837,20.31642,-42.59837,19.66106
29.68,-42.598365,20.316405000000003,-42.59837,20.3164,-42.59836,20.31641
29.7,-42.598355,21.299445,-42.59836,20.97176,-42.59835,21.62713
29.72,-42.59835,22.610165000000002,-42.59835,22.28248,-42.59835,22.93785
29.74,-42.598355,23.5932,-42.59836,23.5932,-42.59835,23.5932
29.76,-36.372305,23.59318,-42.59832,24.24855,-30.14629,22.93781
29.78,-22.28181,22.6101,-22.28182,22.28242,-22.2818,22.93778
29.8,-22.937185,23.593159999999997,-22.93719,24.24852,-22.93718,22.9378
29.82,-22.28183,22.93779,-22.28183,22.93779,-22.28183,22.93779
29.84,-22.28184,24.248514999999998,-22.28184,24.24851,-22.28184,24.24852
29.86,-22.937195000000003,24.24851,-22.9372,24.24851,-22.93719,24.24851
29.88,-23.92023,24.57618,-23.59255,24.90386,-24.24791,24.2485
29.9,-23.920225000000002,25.88689,-23.59255,26.21457,-24.2479,25.55921
29.92,-23.264854999999997,26.21457,-23.59254,26.21457,-22.93717,26.21457
29.94,-22.609485,25.886879999999998,-22.28181,26.21456,-22.93716,25.5592
29.96,-22.2818,26.542245,-22.2818,26.86992,-22.2818,26.21457
29.98,-22.2818,26.21456,-22.2818,26.86992,-22.2818,25.5592
30.0,-22.281805,24.248469999999998,-22.28181,24.90383,-22.2818,23.59311
30.02,-22.60949,20.971649999999997,-22.28181,21.62701,-22.93717,20.31629
30.04,-23.26485,20.971655,-22.93717,20.97165,-23.59253,20.97166
30.06,-24.575585,21.29934,-24.24791,20.97166,-24.90326,21.62702
30.08,-25.886305,22.937745,-25.55863,22.28238,-26.21398,23.59311
30.1,-26.21399,24.903844999999997,-26.21399,24.90384,-26.21399,24.90385
30.12,-26.54167,25.559205,-26.21399,25.5592,-26.86935,25.55921
30.14,-26.86935,25.55921,-26.86935,26.21457,-26.86935,24.90385
30.16,-26.86936,25.559215000000002,-26.86936,25.55921,-26.86936,25.55922
30.18,-27.197045,25.886905,-26.86937,26.21458,-27.52472,25.55923
30.2,-28.507765,24.90386,-28.18009,25.55922,-28.83544,24.2485
30.22,-29.163125,23.59313,-28.83545,23.59313,-29.4908,23.59313
30.24,-30.80152,23.920814999999997,-30.14616,24.24849,-31.45688,23.59314
30.26,-33.095275,24.903865000000003,-32.7676,24.90386,-33.42295,24.90387
30.28,-33.422945,25.886915000000002,-33.42295,25.55923,-33.42294,26.2146
30.3,-33.750625,26.869965,-33.42295,26.86996,-34.0783,26.86997
30.32,-34.40598,28.1807,-34.0783,28.1807,-34.73366,28.1807
30.34,-34.0783,28.180709999999998,-34.0783,28.83607,-34.0783,27.52535
30.36,-34.73366,27.85303,-34.73366,28.18071,-34.73366,27.52535
30.38,-35.38902,27.197670000000002,-35.38902,27.52535,-35.38902,26.86999
30.4,-36.044385,26.86999,-36.04439,27.52535,-36.04438,26.21463
30.42,-36.372065,26.869995000000003,-36.69975,26.86999,-36.04438,26.87
30.44,-36.69973,26.87,-36.69973,26.87,-36.69973,26.87
30.46,-36.69973,26.54231,-36.69973,26.86999,-36.69973,26.21463
30.48,-36.69972,26.542305,-36.69972,26.86998,-36.69972,26.21463
30.5,-36.699715,26.5423,-36.69972,26.86998,-36.69971,26.21462
30.52,-36.372025,26.86998,-36.69971,26.86998,-36.04434,26.86998
30.54,-36.6997,27.197654999999997,-36.6997,27.52534,-36.6997,26.86997
30.56,-37.355055,27.19765,-37.35506,27.52533,-37.35505,26.86997
30.58,-38.338095,26.869975,-38.01042,26.86997,-38.66577,26.86998
30.6,-38.66577,27.197655,-38.66577,27.52533,-38.66577,26.86998
30.62,-39.32113,27.197670000000002,-39.32113,27.52535,-39.32113,26.86999
30.64,-39.64881,27.197670000000002,-39.32113,27.52535,-39.97649,26.86999
30.66,-39.97649,26.869999999999997,-39.97649,27.52536,-39.97649,26.21464
30.68,-40.30417,27.197675,-39.97649,27.52535,-40.63185,26.87
30.7,-40.304165,26.54232,-40.63185,26.87,-39.97648,26.21464
30.72,-39.976485,26.542315000000002,-39.97649,26.86999,-39.97648,26.21464
30.74,-39.321115,26.54231,-39.32112,26.86999,-39.32111,26.21463
30.76,-38.993435000000005,26.214635,-39.32112,26.21463,-38.66575,26.21464
30.78,-38.665755000000004,25.23159,-38.66576,25.55927,-38.66575,24.90391
30.8,-38.66576,24.248545,-38.66576,24.90391,-38.66576,23.59318
30.82,-38.33808,24.903914999999998,-38.66576,24.24854,-38.0104,25.55929
30.84,-38.0104,25.5593,-38.0104,26.21466,-38.0104,24.90394
30.86,-37.35505,25.5593,-37.35505,25.5593,-37.35505,25.5593
30.88,-37.02737,25.231625,-37.35505,25.5593,-36.69969,24.90395
30.9,-36.044325,25.55931,-36.04433,25.55931,-36.04432,25.55931
30.92,-35.38896,25.5593,-35.38896,25.5593,-35.38896,25.5593
30.94,-35.38895,25.55931,-35.38895,25.55931,-35.38895,25.55931
30.96,-35.71663,24.576259999999998,-35.38895,24.90394,-36.04431,24.24858
30.98,-35.388945,23.9209,-35.38895,24.24858,-35.38894,23.59322
31.0,-35.388945,23.593220000000002,-35.38895,24.24858,-35.38894,22.93786
31.02,-33.09514,23.265535,-34.07821,23.59321,-32.11207,22.93786
31.04,-31.456715000000003,23.265545,-31.45671,23.59322,-31.45672,22.93787
31.06,-31.129035000000002,24.248595,-30.80136,24.24859,-31.45671,24.2486
31.08,-31.456715000000003,24.57628,-31.45672,24.90396,-31.45671,24.2486
31.1,-31.12903,23.593235,-30.80135,24.2486,-31.45671,22.93787
31.12,-31.45672,23.593224999999997,-31.45672,23.59322,-31.45672,23.59323
31.14,-31.456715000000003,23.920904999999998,-31.45672,24.24858,-31.45671,23.59323
31.16,-31.456725,23.593225,-31.45673,24.24858,-31.45672,22.93787
31.18,-30.473685,22.93786,-30.80137,22.93786,-30.146,22.93786
31.2,-29.81832,21.954810000000002,-29.49064,22.28249,-30.146,21.62713
31.22,-36.044245000000004,20.971764999999998,-42.59785,20.97176,-29.49064,20.97177
31.24,-28.507595000000002,20.644080000000002,-28.83528,20.97176,-28.17991,20.3164
31.26,-28.17991,20.971764999999998,-28.17991,20.97176,-28.17991,20.97177
31.28,-27.524555,22.61017,-27.52456,22.28249,-27.52455,22.93785
31.3,-26.541505,23.593215,-26.86919,23.59321,-26.21382,23.59322
31.32,-26.21383,25.231625,-26.21383,24.90394,-26.21383,25.55931
31.34,-25.55847,25.88699,-25.55847,26.21467,-25.55847,25.55931
31.36,-25.55848,25.886995,-25.55848,26.21467,-25.55848,25.55932
31.38,-24.90312,25.88699,-24.90312,26.21467,-24.90312,25.55931
31.4,-24.24777,26.54235,-24.24777,26.87003,-24.24777,26.21467
31.42,-24.575454999999998,27.525405,-24.24777,27.5254,-24.90314,27.52541
31.44,-24.247774999999997,29.163815,-24.24777,28.83613,-24.24778,29.4915
31.46,-23.592415000000003,31.129905,-23.59242,30.80222,-23.59241,31.45759
31.48,-22.937055,32.44064,-22.93706,32.11296,-22.93705,32.76832
31.5,-22.28169,34.734415,-22.28169,34.07905,-22.28169,35.38978
31.52,-21.298645,37.028189999999995,-21.62633,36.7005,-20.97096,37.35588
31.54,-28.835395,39.649680000000004,-24.2478,38.66661,-33.42299,40.63275
31.56,-42.598245,43.254265000000004,-42.59818,42.59889,-42.59831,43.90964
31.58,-42.598345,50.790980000000005,-42.59835,49.15256,-42.59834,52.4294
31.6,-42.59834,53.41247,-42.59834,53.74014,-42.59834,53.0848
31.62,-42.598335,53.41251,-42.59834,53.74018,-42.59833,53.08484
31.64,-42.598335,53.41254,-42.59834,53.74021,-42.59833,53.08487
31.66,-42.598335,53.412549999999996,-42.59834,53.74023,-42.59833,53.08487
31.68,-42.598325,53.412549999999996,-42.59833,53.74023,-42.59832,53.08487
31.7,-42.59834,53.412549999999996,-42.59832,53.74023,-42.59836,53.08487
31.72,-42.59869,53.412549999999996,-42.59858,53.74023,-42.5988,53.08487
31.74,-42.598905,53.412549999999996,-42.59891,53.74023,-42.5989,53.08487
31.76,-42.59889,53.412549999999996,-42.59889,53.74023,-42.59889,53.08487
31.78,-42.598884999999996,53.412549999999996,-42.59889,53.74023,-42.59888,53.08487
31.8,-42.598875,53.412549999999996,-42.59888,53.74023,-42.59887,53.08487
31.82,-42.59887,53.412549999999996,-42.59887,53.74023,-42.59887,53.08487
31.84,-42.59887,53.412549999999996,-42.59887,53.74023,-42.59887,53.08487
31.86,-42.59887,53.412549999999996,-42.59887,53.74023,-42.59887,53.08487
31.88,-42.59888,53.412549999999996,-42.59888,53.74023,-42.59888,53.08487
31.9,-42.599005,53.412549999999996,-42.59896,53.74023,-42.59905,53.08487
31.92,-42.59909,53.412549999999996,-42.59909,53.74023,-42.59909,53.08487
31.94,-42.5991,53.412549999999996,-42.5991,53.74023,-42.5991,53.08487
31.96,-42.59911,53.412549999999996,-42.59911,53.74023,-42.59911,53.08487
31.98,-42.59911,53.412549999999996,-42.59911,53.74023,-42.59911,53.08487
32.0,-42.599115,53.412549999999996,-42.59912,53.74023,-42.59911,53.08487
32.02,-42.59912,53.412549999999996,-42.59912,53.74023,-42.59912,53.08487
32.04,-42.59913,53.412549999999996,-42.59913,53.74023,-42.59913,53.08487
32.06,-42.59913,53.412549999999996,-42.59913,53.74023,-42.59913,53.08487
32.08,-42.599135000000004,53.412549999999996,-42.59914,53.74023,-42.59913,53.08487
32.1,-42.59914,53.412549999999996,-42.59914,53.74023,-42.59914,53.08487
32.12,-42.59914,53.412549999999996,-42.59914,53.74023,-42.59914,53.08487
32.14,-42.59914,53.412549999999996,-42.59914,53.74023,-42.59914,53.08487
32.16,-42.599135000000004,53.412549999999996,-42.59914,53.74023,-42.59913,53.08487
32.18,-42.59913,53.412549999999996,-42.59913,53.74023,-42.59913,53.08487
32.2,-42.59913,53.412549999999996,-42.59913,53.74023,-42.59913,53.08487
32.22,-42.599135000000004,53.412549999999996,-42.59914,53.74023,-42.59913,53.08487
32.24,-42.59913,53.412549999999996,-42.59913,53.74023,-42.59913,53.08487
32.26,-42.59913,53.412549999999996,-42.59913,53.74023,-42.59913,53.08487
32.28,-42.59913,53.412549999999996,-42.59913,53.74023,-42.59913,53.08487
32.3,-42.59913,53.412549999999996,-42.59913,53.74023,-42.59913,53.08487
32.32,-42.599125,53.412549999999996,-42.59913,53.74023,-42.59912,53.08487
32.34,-42.599125,53.412549999999996,-42.59912,53.74023,-42.59913,53.08487
32.36,-42.59915,53.412549999999996,-42.59915,53.74023,-42.59915,53.08487
32.38,-42.59915,53.412549999999996,-42.59915,53.74023,-42.59915,53.08487
32.4,-42.59915,53.412549999999996,-42.59915,53.74023,-42.59915,53.08487
32.42,-42.59915,53.412549999999996,-42.59915,53.74023,-42.59915,53.08487
32.44,-42.59915,53.412549999999996,-42.59915,53.74023,-42.59915,53.08487
32.46,-42.59915,53.412549999999996,-42.59915,53.74023,-42.59915,53.08487
32.48,-42.59915,53.412549999999996,-42.59915,53.74023,-42.59915,53.08487
32.5,-42.59915,53.412549999999996,-42.59915,53.74023,-42.59915,53.08487
32.52,-42.59915,52.42951,-42.59915,53.08487,-42.59915,51.77415
32.54,-42.59915,51.77415,-42.59915,51.77415,-42.59915,51.77415
32.56,-42.59915,50.79111,-42.59915,51.11879,-42.59915,50.46343
32.58,-42.59915,51.11879,-42.59915,51.11879,-42.59915,51.11879
32.6,-42.59915,50.46343,-42.59915,51.11879,-42.59915,49.80807
32.62,-42.59915,50.13575,-42.59915,50.46343,-42.59915,49.80807
32.64,-42.59915,50.13575,-42.59915,50.46343,-42.59915,49.80807
32.66,-42.59915,50.46343,-42.59915,50.46343,-42.59915,50.46343
32.68,-42.59915,50.46343,-42.59915,50.46343,-42.59915,50.46343
32.7,-42.59915,50.79111,-42.59915,51.11879,-42.59915,50.46343
32.72,-42.59915,50.79111,-42.59915,51.11879,-42.59915,50.46343
32.74,-42.59915,50.79111,-42.59915,51.11879,-42.59915,50.46343
32.76,-42.59915,51.11879,-42.59915,51.11879,-42.59915,51.11879
32.78,-42.59915,51.77415,-42.59915,51.77415,-42.59915,51.77415
32.8,-42.59915,52.42951,-42.59915,52.42951,-42.59915,52.42951
32.82,-42.59915,52.75719,-42.59915,53.08487,-42.59915,52.42951
32.84,-42.59915,52.10183,-42.59915,52.42951,-42.59915,51.77415
32.86,-42.59915,52.10183,-42.59915,52.42951,-42.59915,51.77415
32.88,-42.59915,51.77415,-42.59915,51.77415,-42.59915,51.77415
32.9,-42.59915,52.10183,-42.59915,52.42951,-42.59915,51.77415
32.92,-42.59915,51.44647,-42.59915,51.77415,-42.59915,51.11879
32.94,-42.59915,49.80807,-42.59915,50.46343,-42.59915,49.15271
32.96,-42.59915,48.169669999999996,-42.59915,48.49735,-42.59915,47.84199
32.98,-42.59915,47.18663,-42.59915,47.84199,-42.59915,46.53127
33.0,-42.59915,45.875910000000005,-42.59915,46.53127,-42.59915,45.22055
33.02,-42.59915,45.548230000000004,-42.59915,45.87591,-42.59915,45.22055
33.04,-42.59915,44.89287,-42.59915,45.22055,-42.59915,44.56519
33.06,-42.59915,45.548230000000004,-42.59915,45.87591,-42.59915,45.22055
33.08,-42.59915,45.87591,-42.59915,45.87591,-42.59915,45.87591
33.1,-42.59915,46.85895,-42.59915,47.18663,-42.59915,46.53127
33.12,-42.59915,45.548230000000004,-42.59915,45.87591,-42.59915,45.22055
33.14,-42.59915,45.875910000000005,-42.59915,46.53127,-42.59915,45.22055
33.16,-42.59915,44.89287,-42.59915,45.22055,-42.59915,44.56519
33.18,-42.59915,44.56519,-42.59915,45.22055,-42.59915,43.90983
33.2,-42.59915,44.23751,-42.59915,44.56519,-42.59915,43.90983
33.22,-42.59915,44.56519,-42.59915,44.56519,-42.59915,44.56519
33.24,-42.59915,44.56519,-42.59915,44.56519,-42.59915,44.56519
33.26,-42.59915,44.56519,-42.59915,44.56519,-42.59915,44.56519
33.28,-42.59915,44.89287,-42.59915,45.22055,-42.59915,44.56519
33.3,-42.59915,45.87591,-42.59915,45.87591,-42.59915,45.87591
33.32,-42.59915,46.20359,-42.59915,46.53127,-42.59915,45.87591
33.34,-42.59915,46.20359,-42.59915,46.53127,-42.59915,45.87591
33.36,-42.59915,45.87591,-42.59915,45.87591,-42.59915,45.87591
33.38,-42.59915,45.87591,-42.59915,45.87591,-42.59915,45.87591
33.4,-42.59915,46.20359,-42.59915,46.53127,-42.59915,45.87591
33.42,-42.59913,46.53127,-42.59915,46.53127,-42.59911,46.53127
33.44,-42.59911,47.84199,-42.59911,47.84199,-42.59911,47.84199
33.46,-42.59911,48.49735,-42.59911,48.49735,-42.59911,48.49735
33.48,-42.599105,49.15271,-42.59911,49.15271,-42.5991,49.15271
33.5,-42.599105,49.15271,-42.59911,49.15271,-42.5991,49.15271
33.52,-42.59911,49.48039,-42.59911,49.80807,-42.59911,49.15271
33.54,-42.59911,49.48039,-42.59911,49.80807,-42.59911,49.15271
33.56,-42.59912,49.48039,-42.59912,49.80807,-42.59912,49.15271
33.58,-42.59912,50.13575,-42.59912,50.46343,-42.59912,49.80807
33.6,-42.59912,50.13575,-42.59912,50.46343,-42.59912,49.80807
33.62,-42.599125,49.80807,-42.59913,50.46343,-42.59912,49.15271
33.64,-42.59897,51.11879,-42.59901,51.11879,-42.59893,51.11879
33.66,-42.59893,51.44647,-42.59893,51.77415,-42.59893,51.11879
33.68,-42.598935,50.79111,-42.59894,51.11879,-42.59893,50.46343
33.7,-42.59893,50.13575,-42.59893,50.46343,-42.59893,49.80807
33.72,-42.59893,50.13575,-42.59893,50.46343,-42.59893,49.80807
33.74,-42.59893,50.79111,-42.59893,51.11879,-42.59893,50.46343
33.76,-42.59893,51.11879,-42.59893,51.11879,-42.59893,51.11879
33.78,-42.598935,50.79111,-42.59894,51.11879,-42.59893,50.46343
33.8,-42.598935,50.79111,-42.59894,51.11879,-42.59893,50.46343
33.82,-42.59894,51.11879,-42.59894,51.11879,-42.59894,51.11879
33.84,-42.59894,51.11879,-42.59894,51.11879,-42.59894,51.11879
33.86,-42.598935,51.44647,-42.59894,51.77415,-42.59893,51.11879
33.88,-42.59894,51.44647,-42.59894,51.77415,-42.59894,51.11879
33.9,-42.59894,51.44647,-42.59894,51.77415,-42.59894,51.11879
33.92,-42.59894,51.44647,-42.59894,51.77415,-42.59894,51.11879
33.94,-42.59894,51.44647,-42.59894,51.77415,-42.59894,51.11879
33.96,-42.598935,50.79111,-42.59894,51.11879,-42.59893,50.46343
33.98,-42.59893,50.13575,-42.59893,50.46343,-42.59893,49.80807
34.0,-42.598935,49.48039,-42.59894,49.80807,-42.59893,49.15271
34.02,-42.598935,48.49735,-42.59894,49.15271,-42.59893,47.84199
34.04,-42.59894,46.85895,-42.59894,47.18663,-42.59894,46.53127
34.06,-42.59888,46.85895,-42.59892,47.18663,-42.59884,46.53127
34.08,-42.598825000000005,46.53127,-42.59882,46.53127,-42.59883,46.53127
34.1,-42.59883,47.84199,-42.59883,47.84199,-42.59883,47.84199
34.12,-42.598825000000005,48.169669999999996,-42.59883,48.49735,-42.59882,47.84199
34.14,-42.598815,49.15271,-42.59882,49.15271,-42.59881,49.15271
34.16,-42.59882,49.48039,-42.59882,49.80807,-42.59882,49.15271
34.18,-42.59882,49.15271,-42.59882,49.80807,-42.59882,48.49735
34.2,-42.59882,48.49735,-42.59882,49.15271,-42.59882,47.84199
34.22,-42.598825000000005,48.169669999999996,-42.59883,48.49735,-42.59882,47.84199
34.24,-42.59882,48.49735,-42.59882,48.49735,-42.59882,48.49735
34.26,-42.598815,48.49735,-42.59882,48.49735,-42.59881,48.49735
34.28,-42.598815,49.15271,-42.59882,49.15271,-42.59881,49.15271
34.3,-42.5988,49.152705,-42.59881,49.80807,-42.59879,48.49734
34.32,-42.598755,47.84197,-42.59876,48.49733,-42.59875,47.18661
34.34,-42.59875,48.16966,-42.59875,48.49734,-42.59875,47.84198
34.36,-42.59875,47.51429,-42.59875,47.84197,-42.59875,47.18661
34.38,-42.59875,47.18661,-42.59875,47.84197,-42.59875,46.53125
34.4,-42.598745,46.85893,-42.59875,47.18661,-42.59874,46.53125
34.42,-42.59875,46.858935,-42.59875,47.18661,-42.59875,46.53126
34.44,-42.598745,46.53125,-42.59875,46.53125,-42.59874,46.53125
34.46,-42.598745,46.531255,-42.59874,46.53125,-42.59875,46.53126
34.48,-42.598745,46.858940000000004,-42.59875,47.18662,-42.59874,46.53126
34.5,-42.598745,46.858935,-42.59875,47.18661,-42.59874,46.53126
34.52,-42.598655,47.1866,-42.59872,47.1866,-42.59859,47.1866
34.54,-42.598495,47.514264999999995,-42.5985,47.18658,-42.59849,47.84195
34.56,-42.598505,50.135729999999995,-42.5985,49.80804,-42.59851,50.46342
34.58,-42.59851,51.77414,-42.59851,51.77414,-42.59851,51.77414
34.6,-42.59852,51.446455,-42.59852,51.77414,-42.59852,51.11877
34.62,-42.59853,51.446435,-42.59853,51.77412,-42.59853,51.11875
34.64,-42.59854,50.79105,-42.59854,51.11873,-42.59854,50.46337
34.66,-42.598555000000005,50.135675,-42.59855,50.46336,-42.59856,49.80799
34.68,-42.59857,49.152625,-42.59857,49.80799,-42.59857,48.49726
34.7,-42.59858,48.49725,-42.59858,49.15261,-42.59858,47.84189
34.72,-42.598555,48.169560000000004,-42.59858,48.49724,-42.59853,47.84188
34.74,-42.5984,49.48027,-42.59842,49.80795,-42.59838,49.15259
34.76,-42.5984,49.152590000000004,-42.5984,49.80795,-42.5984,48.49723
34.78,-42.598405,48.824915,-42.59841,49.15259,-42.5984,48.49724
34.8,-42.59841,48.169560000000004,-42.59841,48.49724,-42.59841,47.84188
34.82,-42.59841,48.16955,-42.59841,48.49723,-42.59841,47.84187
34.84,-42.59841,48.16955,-42.59841,48.49723,-42.59841,47.84187
34.86,-42.59841,48.824905,-42.59841,49.15258,-42.59841,48.49723
34.88,-42.59841,48.82491,-42.59841,49.15259,-42.59841,48.49723
34.9,-42.598405,48.824905,-42.59841,49.15258,-42.5984,48.49723
34.92,-42.598405,48.16954,-42.59841,48.49722,-42.5984,47.84186
34.94,-42.598405,47.84186,-42.59841,48.49722,-42.5984,47.1865
34.96,-42.598405,47.84186,-42.5984,47.84186,-42.59841,47.84186
34.98,-42.598405,48.16954,-42.59841,48.49722,-42.5984,47.84186
35.0,-42.5984,47.841865,-42.5984,47.84186,-42.5984,47.84187
35.02,-42.5984,46.85883,-42.5984,47.18651,-42.5984,46.53115
35.04,-42.598395,46.53114,-42.5984,47.1865,-42.59839,45.87578
35.06,-38.666155,45.54808,-39.9769,45.87577,-37.35541,45.22039
35.08,-37.683075,45.220405,-37.3554,45.2204,-38.01075,45.22041
35.1,-37.3554,44.89273,-37.3554,45.22041,-37.3554,44.56505
35.12,-37.683075,44.565045,-37.3554,45.2204,-38.01075,43.90969
35.14,-38.01075,43.582,-38.01075,43.90968,-38.01075,43.25432
35.16,-38.66611,43.25432,-38.66611,43.90968,-38.66611,42.59896
35.18,-38.66611,42.92665,-38.66611,43.25433,-38.66611,42.59897
35.2,-38.66611,42.271280000000004,-38.66611,42.59896,-38.66611,41.9436
35.22,-38.993785,42.271280000000004,-38.66611,42.59896,-39.32146,41.9436
35.24,-39.32146,41.943605000000005,-39.32146,41.9436,-39.32146,41.94361
35.26,-39.32146,41.28824,-39.32146,41.9436,-39.32146,40.63288
35.28,-38.66611,40.63288,-38.66611,40.63288,-38.66611,40.63288
35.3,-38.993795,40.305195,-38.66612,40.63287,-39.32147,39.97752
35.32,-39.32148,39.64984,-39.32148,39.97752,-39.32148,39.32216
35.34,-39.649155,39.32215,-39.32147,39.32215,-39.97684,39.32215
35.36,-39.97684,39.64984,-39.97684,39.97752,-39.97684,39.32216
35.38,-39.976835,38.66679,-39.97684,39.32215,-39.97683,38.01143
35.4,-39.976835,38.01143,-39.97684,38.01143,-39.97683,38.01143
35.42,-40.30452,37.68375,-39.97684,38.01143,-40.6322,37.35607
35.44,-40.6322,37.02839,-40.6322,37.35607,-40.6322,36.70071
35.46,-42.598355,38.339135,-42.59831,38.01144,-42.5984,38.66683
35.48,-42.59843,38.66683,-42.59843,38.66683,-42.59843,38.66683
35.5,-42.59843,39.97756,-42.59843,39.97756,-42.59843,39.97756
35.52,-42.59843,39.64987,-42.59843,39.97755,-42.59843,39.32219
35.54,-42.59843,38.66682,-42.59843,39.32218,-42.59843,38.01146
35.56,-42.598425,38.01146,-42.59843,38.66682,-42.59842,37.3561
35.58,-42.59843,36.373055,-42.59843,36.70074,-42.59843,36.04537
35.6,-42.59843,36.70074,-42.59843,36.70074,-42.59843,36.70074
35.62,-42.59843,37.02842,-42.59843,37.3561,-42.59843,36.70074
35.64,-42.59843,37.3561,-42.59843,38.01146,-42.59843,36.70074
35.66,-42.59843,36.70074,-42.59843,36.70074,-42.59843,36.70074
35.68,-42.59843,37.028425,-42.59843,37.3561,-42.59843,36.70075
35.7,-42.59843,37.028425,-42.59843,37.3561,-42.59843,36.70075
35.72,-42.59843,36.37306,-42.59843,36.70074,-42.59843,36.04538
35.74,-42.59843,36.37306,-42.59843,36.70074,-42.59843,36.04538
35.76,-42.59843,36.04538,-42.59843,36.70074,-42.59843,35.39002
35.78,-42.598425,35.390015,-42.59843,36.04537,-42.59842,34.73466
35.8,-42.59843,35.06233,-42.59843,35.39001,-42.59843,34.73465
35.82,-42.598425,35.06233,-42.59843,35.39001,-42.59842,34.73465
35.84,-42.59842,35.06233,-42.59842,35.39001,-42.59842,34.73465
35.86,-42.5984,35.06233,-42.59842,35.39001,-42.59838,34.73465
35.88,-42.598325,35.06233,-42.59833,35.39001,-42.59832,34.73465
35.9,-42.598335,36.373065,-42.59834,36.04538,-42.59833,36.70075
35.92,-42.59834,37.683800000000005,-42.59834,37.35611,-42.59834,38.01149
35.94,-42.598345,38.99453,-42.59835,39.3222,-42.59834,38.66686
35.96,-42.59835,39.32222,-42.59835,39.32222,-42.59835,39.32222
35.98,-42.59835,38.666855,-42.59835,39.97758,-42.59835,37.35613
36.0,-42.59835,35.06233,-42.59835,35.39002,-42.59835,34.73464
36.02,-42.59835,35.717690000000005,-42.59835,35.39,-42.59835,36.04538
36.04,-42.59835,37.02843,-42.59835,36.70075,-42.59835,37.35611
36.06,-42.59835,38.011475000000004,-42.59835,38.01147,-42.59835,38.01148
36.08,-42.598345,38.994524999999996,-42.59835,38.66684,-42.59834,39.32221
36.1,-42.59834,39.97757,-42.59834,39.97757,-42.59834,39.97757
36.12,-42.598345,40.305255,-42.59835,40.63293,-42.59834,39.97758
36.14,-42.598345,39.64989,-42.59835,39.97757,-42.59834,39.32221
36.16,-42.598345,39.64989,-42.59835,39.97757,-42.59834,39.32221
36.18,-42.598345,39.97757,-42.59835,39.97757,-42.59834,39.97757
36.2,-42.59835,39.64989,-42.59835,39.97757,-42.59835,39.32221
36.22,-42.59832,39.64989,-42.59835,39.97757,-42.59829,39.32221
36.24,-37.682995,39.97755,-38.01069,39.97755,-37.3553,39.97755
36.26,-38.338355,41.615965,-38.01068,41.28828,-38.66603,41.94365
36.28,-38.010675,43.254374999999996,-38.01068,43.25437,-38.01067,43.25438
36.3,-38.010675,43.582065,-38.01068,43.90974,-38.01067,43.25439
36.32,-38.33836,43.582055,-38.01068,43.90973,-38.66604,43.25438
36.34,-38.66604,43.58205,-38.66604,43.90973,-38.66604,43.25437
36.36,-38.66604,43.25437,-38.66604,43.25437,-38.66604,43.25437
36.38,-38.993725,42.92669,-38.66605,43.25437,-39.3214,42.59901
36.4,-38.993719999999996,42.926685,-38.66604,43.25437,-39.3214,42.599
36.42,-39.321405,42.599005,-39.32141,42.599,-39.3214,42.59901
36.44,-39.32141,42.599,-39.32141,42.599,-39.32141,42.599
36.46,-39.97678500000001,42.92669,-39.32142,42.59901,-40.63215,43.25437
36.48,-40.95985,43.582065,-40.63217,43.25438,-41.28753,43.90975
36.5,-40.959855,44.565115,-40.63218,44.56511,-41.28753,44.56512
36.52,-40.959865,45.220495,-40.63218,45.22049,-41.28755,45.2205
36.54,-40.95986,45.220495,-41.28754,45.22049,-40.63218,45.2205
36.56,-40.95986,44.892815,-40.63218,45.2205,-41.28754,44.56513
36.58,-41.28754,44.237445,-41.28754,44.56512,-41.28754,43.90977
36.6,-41.287535,44.237445,-41.28754,44.56512,-41.28753,43.90977
36.62,-41.28754,44.565125,-41.28754,44.56513,-41.28754,44.56512
36.64,-41.28754,44.56512,-41.28754,44.56512,-41.28754,44.56512
36.66,-41.28754,44.8928,-41.28754,45.22048,-41.28754,44.56512
36.68,-38.338390000000004,45.22047,-40.63218,45.22047,-36.0446,45.22047
36.7,-33.423105,45.22047,-33.42311,45.22047,-33.4231,45.22047
36.72,-33.42311,44.89279,-33.42311,45.22047,-33.42311,44.56511
36.74,-33.42311,44.89279,-33.42311,45.22047,-33.42311,44.56511
36.76,-33.42311,44.565110000000004,-33.42311,45.22047,-33.42311,43.90975
36.78,-33.42311,44.23742,-33.42311,44.5651,-33.42311,43.90974
36.8,-33.42311,43.582055,-33.42311,43.90973,-33.42311,43.25438
36.82,-33.42311,43.25437,-33.42311,43.25437,-33.42311,43.25437
36.84,-31.78469,42.926685,-33.42311,42.599,-30.14627,43.25437
36.86,-23.592555,44.237404999999995,-24.24793,44.56509,-22.93718,43.90972
36.88,-23.264870000000002,44.56509,-23.59255,44.56509,-22.93719,44.56509
36.9,-22.937185,44.565095,-22.93719,45.22046,-22.93718,43.90973
36.92,-22.937175,44.56514,-22.93718,44.56509,-22.93717,44.56519
36.94,-22.93718,44.56509,-22.93718,44.56509,-22.93718,44.56509
36.96,-23.920215,43.909724999999995,-23.59254,44.56509,-24.24789,43.25436
36.98,-24.57557,37.356055,-24.24789,39.32216,-24.90325,35.38995
37.0,-25.55862,35.389945,-25.55862,35.38994,-25.55862,35.38995
37.02,-24.903255,36.372995,-24.90326,36.04531,-24.90325,36.70068
37.04,-22.937175,45.875735,-23.59254,53.74005,-22.28181,38.01142
37.06,-13.106615,38.994460000000004,-15.07274,39.32214,-11.14049,38.66678
37.08,-11.14048,39.322145,-11.14048,39.32214,-11.14048,39.32215
37.1,-11.468164999999999,39.64983,-11.14049,39.97751,-11.79584,39.32215
37.12,-11.140485,39.322230000000005,-11.14049,39.97767,-11.14048,38.66679
37.14,-11.140485,38.994465,-11.14049,39.32214,-11.14048,38.66679
37.16,-11.14049,38.666785000000004,-11.14049,38.66678,-11.14049,38.66679
37.18,-11.468164999999999,38.994465,-11.14049,39.32214,-11.79584,38.66679
37.2,-11.79585,39.322145,-11.79585,39.32214,-11.79585,39.32215
37.22,-7.208254999999999,39.322135,-9.82974,39.9775,-4.58677,38.66677
37.24,-1.965285,39.32212,-1.96529,39.32212,-1.96528,39.32212
37.26,-1.965285,39.97749,-1.96529,39.97749,-1.96528,39.97749
37.28,-1.96528,40.96053,-1.96528,41.28821,-1.96528,40.63285
37.3,-1.965285,40.96053,-1.96529,41.28821,-1.96528,40.63285
37.32,-1.6376,41.615899999999996,-1.30992,41.94358,-1.96528,41.28822
37.34,-1.6376,41.943585,-1.96528,41.94358,-1.30992,41.94359
37.36,-1.309915,41.943585,-1.30992,41.94358,-1.30991,41.94359
37.38,-1.30991,42.59895,-1.30991,42.59895,-1.30991,42.59895
37.4,-0.65455,42.271265,-0.65455,42.59895,-0.65455,41.94358
37.42,-0.6545449999999999,42.598945,-0.65455,42.59894,-0.65454,42.59895
37.44,-0.32686000000000137,42.926705,-0.65454,43.2543,0.0008199999999973,42.59911
37.46,12.452850000000002,40.30516,7.20988,41.28821,17.69582,39.32211
37.48,23.59417,38.66674,23.59416,38.66674,23.59418,38.66674
37.5,22.93881,39.977475,22.93881,39.97747,22.93881,39.97748
37.52,23.594175,39.649789999999996,23.59417,39.97747,23.59418,39.32211
37.54,23.59418,39.649785,23.59418,39.97746,23.59418,39.32211
37.56,24.24954,38.99442,24.24954,39.3221,24.24954,38.66674
37.58,25.56026,38.33905,25.56026,38.66673,25.56026,38.01137
37.6,26.21562,38.01137,26.21562,38.66673,26.21562,37.35601
37.62,26.543305,37.68368,26.87098,38.01136,26.21563,37.356
37.64,26.543309999999998,36.37296,26.87099,36.70064,26.21563,36.04528
37.66,25.887954999999998,36.372965,25.56027,36.70064,26.21564,36.04529
37.68,25.88796,35.7176,26.21564,36.04528,25.56028,35.38992
37.7,25.560285,35.389920000000004,25.56028,36.04528,25.56029,34.73456
37.72,25.887974999999997,35.38991,25.56029,36.04527,26.21566,34.73455
37.74,26.215665,35.06223,26.21566,35.38991,26.21567,34.73455
37.76,25.887995,35.717585,25.56031,36.04526,26.21568,35.38991
37.78,26.543365,36.04527,26.21568,36.04527,26.87105,36.04527
37.8,26.21569,36.70063,26.21569,36.70063,26.21569,36.70063
37.82,25.56033,36.70062,25.56033,36.70062,25.56033,36.70062
37.84,22.938850000000002,37.028275,24.90496,36.7006,20.97274,37.35595
37.86,19.66196,38.338955,19.66197,38.66665,19.66195,38.01126
37.88,19.334225,38.66661,19.66192,38.66661,19.00653,38.66661
37.9,19.661845,38.33892,19.66186,38.6666,19.66183,38.01124
37.92,19.006435000000003,37.355865,19.00644,38.01122,19.00643,36.70051
37.94,19.0064,36.700505,19.00641,37.35586,19.00639,36.04515
37.96,18.02332,34.734435,18.35101,35.38979,17.69563,34.07908
37.98,16.71258,33.423725,17.04026,34.07908,16.3849,32.76837
38.0,16.057205,32.11302,16.38489,32.76838,15.72952,31.45766
38.02,15.729515,31.129984999999998,15.72952,31.45766,15.72951,30.80231
38.04,15.72952,30.802315,15.72951,30.80231,15.72953,30.80232
38.06,15.72954,30.80232,15.72953,30.80232,15.72955,30.80232
38.08,16.05724,31.457684999999998,16.38491,31.45768,15.72957,31.45769
38.1,15.72958,32.11304,15.72957,32.11304,15.72959,32.11304
38.12,16.384954999999998,32.76839,16.38495,32.76839,16.38496,32.76839
38.14,16.71265,33.751435,17.04033,34.07911,16.38497,33.42376
38.16,17.04033,33.42375,17.04033,33.42375,17.04033,33.42375
38.18,17.04032,33.09607,17.04032,33.42375,17.04032,32.76839
38.2,17.04032,33.096075,17.04032,33.42375,17.04032,32.7684
38.22,17.0403,32.768395,17.0403,32.76839,17.0403,32.7684
38.24,17.0403,31.457675000000002,17.0403,32.11303,17.0403,30.80232
38.26,17.040295,30.80231,17.04029,31.45767,17.0403,30.14695
38.28,17.695664999999998,30.474629999999998,17.69566,30.80231,17.69567,30.14695
38.3,18.35103,31.12999,18.35103,31.45767,18.35103,30.80231
38.32,18.678715,30.802315,19.00639,30.80231,18.35104,30.80232
38.34,18.67872,30.80231,18.35104,30.80231,19.0064,30.80231
38.36,19.006405,31.45767,19.0064,31.45767,19.00641,31.45767
38.38,18.678725,32.113034999999996,18.35104,32.11303,19.00641,32.11304
38.4,18.67872,32.44072,19.0064,32.7684,18.35104,32.11304
38.42,18.351039999999998,32.11304,17.69568,32.11304,19.0064,32.11304
38.44,19.0064,32.113034999999996,19.0064,32.11303,19.0064,32.11304
38.46,18.678725,31.785359999999997,19.0064,32.11304,18.35105,31.45768
38.48,19.006405,31.785359999999997,19.0064,32.11304,19.00641,31.45768
38.5,19.00641,31.785359999999997,19.00641,32.11304,19.00641,31.45768
38.52,19.00641,31.457675000000002,19.00641,31.45767,19.00641,31.45768
38.54,19.006414999999997,31.12999,19.00641,31.45767,19.00642,30.80231
38.56,19.00642,31.12999,19.00642,31.45767,19.00642,30.80231
38.58,19.661785000000002,30.8023,19.66178,30.8023,19.66179,30.8023
38.6,19.334115,30.474625,19.00643,30.80231,19.6618,30.14694
38.62,19.6618,30.146935,19.6618,30.8023,19.6618,29.49157
38.64,19.661805,29.163890000000002,19.6618,29.49157,19.66181,28.83621
38.66,19.98949,28.50852,19.66181,29.49156,20.31717,27.52548
38.68,20.317175,27.853160000000003,20.31717,28.18084,20.31718,27.52548
38.7,20.317175,27.197789999999998,20.31717,27.52547,20.31718,26.87011
38.72,20.644849999999998,26.214730000000003,20.97253,26.87009,20.31717,25.55937
38.74,20.97253,24.904005,20.97253,25.55937,20.97253,24.24864
38.76,20.97253,23.593269999999997,20.97253,24.24863,20.97253,22.93791
38.78,20.97253,22.937890000000003,20.97253,23.59325,20.97253,22.28253
38.8,21.30021,21.95485,20.97253,22.28253,21.62789,21.62717
38.82,21.62789,20.9718,21.62789,21.62716,21.62789,20.31644
38.84,21.95557,19.98875,22.28325,20.31643,21.62789,19.66107
38.86,21.95557,18.67802,21.62789,19.0057,22.28325,18.35034
38.88,21.95557,18.02264,22.28325,18.35032,21.62789,17.69496
38.9,22.28325,17.039595,22.28325,17.69496,22.28325,16.38423
38.92,22.61093,16.05654,22.93861,16.38422,22.28325,15.72886
38.94,22.28326,16.05653,22.28326,16.38421,22.28326,15.72885
38.96,22.28326,15.07348,22.28326,15.72884,22.28326,14.41812
38.98,22.283254999999997,14.41812,22.28325,14.41812,22.28326,14.41812
39.0,22.283254999999997,14.41812,22.28325,14.41812,22.28326,14.41812
39.02,22.610934999999998,14.090435,22.28325,14.41811,22.93862,13.76276
39.04,26.87084,12.779699999999998,26.21546,13.10738,27.52622,12.45202
39.06,27.52621,13.435075000000001,27.52621,13.10739,27.52621,13.76276
39.08,28.181575000000002,14.745805,28.18157,14.41812,28.18158,15.07349
39.1,28.18158,15.401174999999999,28.18158,15.72885,28.18158,15.0735
39.12,27.853895,16.056545,28.18157,16.38422,27.52622,15.72887
39.14,27.526215,17.039595,27.52621,17.03959,27.52622,17.0396
39.16,27.198529999999998,17.694965,27.52621,17.69496,26.87085,17.69497
39.18,26.87085,19.0057,26.87085,19.0057,26.87085,19.0057
39.2,27.198525,19.661065,27.5262,19.66106,26.87085,19.66107
39.22,26.870845000000003,20.971795,26.87084,20.97179,26.87085,20.9718
39.24,27.5262,21.627175,27.5262,21.62717,27.5262,21.62718
39.26,27.19851,22.937905,26.87083,22.9379,27.52619,22.93791
39.28,27.198505,24.248635,27.52618,24.24863,26.87083,24.24864
39.3,27.1985,24.90401,27.52618,24.90401,26.87082,24.90401
39.32,27.526175000000002,26.21474,27.52617,26.21473,27.52618,26.21475
39.34,27.1985,26.542434999999998,27.52618,26.87011,26.87082,26.21476
39.36,26.87082,26.54244,26.87082,26.87012,26.87082,26.21476
39.38,27.85387,27.19781,27.52618,26.87012,28.18156,27.5255
39.4,28.83693,28.836225,28.83693,28.83622,28.83693,28.83623
39.42,29.164605,30.474645000000002,28.83692,30.14696,29.49229,30.80233
39.44,28.836925,31.785375,28.83692,31.45769,28.83693,32.11306
39.46,28.836925,33.423795,28.83692,33.42379,28.83693,33.4238
39.48,28.83693,34.406845000000004,28.83693,34.07916,28.83693,34.73453
39.5,28.509245,35.389894999999996,28.83692,35.38989,28.18157,35.3899
39.52,28.18156,36.700630000000004,28.18156,36.70062,28.18156,36.70064
39.54,28.83692,38.011365,28.83692,38.01136,28.83692,38.01137
39.56,28.836914999999998,38.994425,28.83691,39.3221,28.83692,38.66675
39.58,28.181555000000003,40.305155,28.18155,39.97747,28.18156,40.63284
39.6,28.836914999999998,41.615894999999995,28.83691,41.28821,28.83692,41.94358
39.62,28.18155,43.581995,28.18155,43.25431,28.18155,43.90968
39.64,28.836905,45.220415,28.8369,45.22041,28.83691,45.22042
39.66,28.18155,47.18652,28.18155,46.53115,28.18155,47.84189
39.68,28.18155,48.824945,28.18155,49.15262,28.18155,48.49727
39.7,28.509235,50.135675,28.83691,49.80799,28.18156,50.46336
39.72,28.18155,51.774095,28.18155,51.77409,28.18155,51.7741
39.74,28.509230000000002,53.084824999999995,28.18155,53.08482,28.83691,53.08483
39.76,28.83691,53.412530000000004,28.83691,53.7402,28.83691,53.08486
39.78,29.16459,53.41254,28.83691,53.74022,29.49227,53.08486
39.8,29.49226,53.412549999999996,29.49226,53.74023,29.49226,53.08487
39.82,29.819940000000003,53.412549999999996,30.14762,53.74023,29.49226,53.08487
39.84,30.147624999999998,53.412549999999996,30.14762,53.74023,30.14763,53.08487
39.86,29.819940000000003,53.412549999999996,30.14762,53.74023,29.49226,53.08487
39.88,29.16458,53.412549999999996,29.49226,53.74023,28.8369,53.08487
39.9,28.509225,53.412549999999996,28.8369,53.74023,28.18155,53.08487
39.92,28.181545,53.412549999999996,28.18154,53.74023,28.18155,53.08487
39.94,27.52619,53.412549999999996,28.18155,53.74023,26.87083,53.08487
39.96,27.19851,53.412549999999996,27.52619,53.74023,26.87083,53.08487
