t_s,x,y,x_left,y_left,x_right,y_right
0.0,116.91999999999999,123.52,129.67,148.57,104.17,98.47
0.004,116.28999999999999,124.065,128.23,148.98,104.35,99.15
0.008,116.62,123.60999999999999,128.24,148.42,105.0,98.8
0.011999,116.76499999999999,121.855,128.79,147.52,104.74,96.19
0.015999,116.18,122.27000000000001,129.69,146.61,102.67,97.93
0.019999,115.74000000000001,122.09,128.69,147.36,102.79,96.82
0.023994,116.82000000000001,121.715,129.61,145.89,104.03,97.54
0.027989,118.145,121.225,130.6,143.66,105.69,98.79
0.031984,117.785,121.61,130.69,141.32,104.88,101.9
0.03598,116.48499999999999,122.81,129.76,142.26,103.21,103.36
0.039975,117.18,124.035,128.22,142.94,106.14,105.13
0.04397,116.61500000000001,123.85,127.61,141.28,105.62,106.42
0.047964,116.58000000000001,123.53,127.23,140.41,105.93,106.65
0.051959,116.13,123.31,126.13,137.28,106.13,109.34
0.055953,116.515,124.92499999999998,127.31,137.39,105.72,112.46
0.059947,116.925,125.62,125.91,135.56,107.94,115.68
0.063942,117.3,125.965,126.49,135.25,108.11,116.68
0.067936,117.205,125.925,125.56,133.82,108.85,118.03
0.07193,115.87,125.15,123.98,132.3,107.76,118.0
0.075925,116.11500000000001,124.64500000000001,123.28,131.83,108.95,117.46
0.079919,116.815,124.275,123.67,130.86,109.96,117.69
0.083914,116.83500000000001,123.055,122.73,129.85,110.94,116.26
0.087908,118.065,123.65,123.11,130.05,113.02,117.25
0.091902,118.57499999999999,122.865,123.16,128.73,113.99,117.0
0.095897,118.19999999999999,122.96,123.3,129.01,113.1,116.91
0.099891,119.17500000000001,121.145,122.54,127.88,115.81,114.41
0.103886,119.41,120.39,120.11,127.74,118.71,113.04
0.10788,117.99,119.57,115.82,126.79,120.16,112.35
0.111874,117.095,118.685,115.49,126.03,118.7,111.34
0.115869,114.845,118.36500000000001,108.24,126.18,121.45,110.55
0.119863,116.64500000000001,117.64,110.59,125.34,122.7,109.94
0.123858,115.12,116.32,108.93,124.09,121.31,108.55
0.127852,113.495,115.185,105.64,122.22,121.35,108.15
0.131846,109.92,113.72999999999999,98.84,120.82,121.0,106.64
0.135841,108.35,112.81,97.39,119.6,119.31,106.02
0.139835,108.65,111.025,96.83,117.96,120.47,104.09
0.14383,107.715,110.32499999999999,98.34,116.91,117.09,103.74
0.147824,106.84,109.52,98.27,116.22,115.41,102.82
0.151818,110.85,108.675,107.38,115.85,114.32,101.5
0.155813,151.05,110.235,176.88,117.01,125.22,103.46
0.159807,243.38,112.44999999999999,226.52,120.07,260.24,104.83
0.163802,318.11,119.775,307.27,123.21,328.95,116.34
0.167796,353.375,123.85,351.5,127.79,355.25,119.91
0.17179,365.61,132.51,358.88,137.36,372.34,127.66
0.175785,345.275,135.425,345.46,140.5,345.09,130.35
0.179779,331.61,142.81,333.29,147.73,329.93,137.89
0.183774,319.37,143.085,324.34,147.27,314.4,138.9
0.187768,321.325,141.35,323.83,146.25,318.82,136.45
0.191762,326.46000000000004,144.47,325.0,148.95,327.92,139.99
0.195757,332.83500000000004,147.575,335.2,150.64,330.47,144.51
0.199751,341.17999999999995,149.06,338.15,153.46,344.21,144.66
0.203745,336.675,150.26,339.66,154.47,333.69,146.05
0.20774,337.335,151.48000000000002,340.08,155.6,334.59,147.36
0.211734,338.88,152.145,335.54,155.74,342.22,148.55
0.215729,336.655,152.775,334.87,154.83,338.44,150.72
0.219723,335.975,152.745,335.48,156.01,336.47,149.48
0.223717,337.58500000000004,153.315,338.22,157.11,336.95,149.52
0.227716,339.57,155.09,339.49,157.57,339.65,152.61
0.231715,341.655,155.67000000000002,341.01,158.13,342.3,153.21
0.235714,342.975,156.695,341.83,158.66,344.12,154.73
0.239713,341.62,158.01999999999998,340.42,160.82,342.82,155.22
0.243712,340.58000000000004,158.025,339.44,160.18,341.72,155.87
0.247716,341.355,158.91500000000002,340.39,161.21,342.32,156.62
0.25172,342.42999999999995,159.535,340.65,161.25,344.21,157.82
0.255723,342.25,159.47500000000002,341.16,162.96,343.34,155.99
0.259727,342.055,159.62,342.26,164.13,341.85,155.11
0.263731,343.21000000000004,159.605,343.19,163.29,343.23,155.92
0.267735,344.915,159.85000000000002,343.67,162.34,346.16,157.36
0.271738,344.245,160.07,342.83,162.88,345.66,157.26
0.275742,344.91999999999996,161.035,343.34,163.7,346.5,158.37
0.279746,344.46500000000003,161.3,343.83,164.1,345.1,158.5
0.283749,345.295,160.07,345.54,163.14,345.05,157.0
0.287753,345.455,160.895,346.59,163.61,344.32,158.18
0.291757,345.545,162.225,345.43,164.17,345.66,160.28
0.29576,344.985,160.535,345.63,163.28,344.34,157.79
0.299764,343.975,160.925,345.6,162.37,342.35,159.48
0.303768,344.95,161.35500000000002,345.14,161.15,344.76,161.56
0.307772,344.28,161.45,345.74,161.06,342.82,161.84
0.311775,341.53999999999996,161.10500000000002,343.24,161.78,339.84,160.43
0.315779,335.695,160.625,338.83,161.98,332.56,159.27
0.319783,313.08500000000004,158.565,318.73,161.28,307.44,155.85
0.323786,300.42,157.31,305.1,161.22,295.74,153.4
0.32779,299.43,157.45,309.23,160.76,289.63,154.14
0.331794,308.39,156.92000000000002,310.11,161.07,306.67,152.77
0.335797,315.235,157.26999999999998,320.03,161.62,310.44,152.92
0.339801,307.12,157.37,314.95,162.45,299.29,152.29
0.343805,304.72,157.06,303.61,161.47,305.83,152.65
0.347809,302.4,156.70999999999998,304.55,161.69,300.25,151.73
0.351812,298.475,156.755,305.21,162.36,291.74,151.15
0.355816,297.095,156.22,302.22,161.87,291.97,150.57
0.35982,294.765,156.76,300.08,161.83,289.45,151.69
0.363823,297.73,157.235,302.47,161.07,292.99,153.4
0.367827,299.55499999999995,158.715,303.21,162.25,295.9,155.18
0.371831,301.28,159.025,304.74,161.86,297.82,156.19
0.375834,302.325,159.445,306.28,162.14,298.37,156.75
0.379838,299.985,159.01,304.99,161.7,294.98,156.32
0.383842,300.895,159.20499999999998,305.12,161.09,296.67,157.32
0.387846,300.76,159.75,306.34,160.95,295.18,158.55
0.391849,300.985,159.235,306.8,159.87,295.17,158.6
0.395853,301.39,159.11,305.95,159.47,296.83,158.75
0.399857,301.67499999999995,158.015,305.15,158.07,298.2,157.96
0.40386,302.45000000000005,157.735,307.16,158.01,297.74,157.46
0.407864,302.715,158.09,306.9,158.36,298.53,157.82
0.411868,302.115,156.98000000000002,305.62,157.18,298.61,156.78
0.415871,301.75,157.08499999999998,304.74,157.13,298.76,157.04
0.419875,300.775,156.57,302.92,155.96,298.63,157.18
0.423879,301.515,156.64999999999998,302.1,155.07,300.93,158.23
0.427883,300.495,156.065,299.64,154.38,301.35,157.75
0.431888,300.14,155.92000000000002,297.73,153.73,302.55,158.11
0.435894,299.79999999999995,155.85000000000002,297.08,154.08,302.52,157.62
0.4399,299.07,155.9,295.34,153.28,302.8,158.52
0.443906,297.995,156.585,295.61,153.86,300.38,159.31
0.447907,296.92999999999995,155.70499999999998,294.02,151.87,299.84,159.54
0.451909,297.39,155.505,293.36,151.25,301.42,159.76
0.455911,297.995,155.055,293.94,150.94,302.05,159.17
0.459913,297.82500000000005,154.855,293.48,151.32,302.17,158.39
0.463915,297.17,155.215,292.62,152.35,301.72,158.08
0.467916,297.505,155.3,293.79,153.05,301.22,157.55
0.471918,297.08500000000004,153.585,294.5,152.18,299.67,154.99
0.47592,296.905,154.015,294.7,152.5,299.11,155.53
0.479922,295.58000000000004,154.24,293.42,155.07,297.74,153.41
0.483924,295.82,153.34,293.61,155.47,298.03,151.21
0.487925,295.74,151.915,294.26,154.1,297.22,149.73
0.491927,296.85,152.485,295.37,155.11,298.33,149.86
0.495929,297.08,152.885,295.95,155.36,298.21,150.41
0.499931,295.78499999999997,154.255,295.15,157.01,296.42,151.5
0.503933,295.855,153.25,295.27,155.56,296.44,150.94
0.507934,296.44,153.365,296.12,155.62,296.76,151.11
0.511936,296.225,155.97,293.38,157.91,299.07,154.03
0.515938,296.08000000000004,155.94,295.23,159.54,296.93,152.34
0.51994,297.27,155.59,296.27,159.56,298.27,151.62
0.523942,297.855,155.345,296.93,157.85,298.78,152.84
0.527943,296.865,156.66,295.64,158.64,298.09,154.68
0.531945,295.15999999999997,157.98,294.18,159.39,296.14,156.57
0.535947,291.915,159.35,289.92,161.0,293.91,157.7
0.539949,286.58500000000004,160.32,288.91,162.78,284.26,157.86
0.543951,280.58500000000004,160.22,287.32,162.94,273.85,157.5
0.547952,281.895,162.155,284.16,165.26,279.63,159.05
0.551954,283.925,161.81,284.0,164.75,283.85,158.87
0.555956,279.86,160.64499999999998,283.28,162.42,276.44,158.87
0.559958,278.175,159.94,281.11,159.7,275.24,160.18
0.56396,278.985,160.735,280.71,159.82,277.26,161.65
0.567961,276.90999999999997,161.53,278.88,160.1,274.94,162.96
0.571963,274.96500000000003,161.20499999999998,279.23,159.93,270.7,162.48
0.575965,276.345,160.25,278.46,158.79,274.23,161.71
0.579967,276.885,158.68,279.04,156.65,274.73,160.71
0.583969,276.3,157.845,280.0,154.8,272.6,160.89
0.58797,277.24,157.325,280.26,154.33,274.22,160.32
0.591972,278.27,156.23000000000002,280.41,152.27,276.13,160.19
0.595974,276.295,155.47,278.97,151.09,273.62,159.85
0.599976,277.32000000000005,155.575,279.54,151.03,275.1,160.12
0.603978,277.235,156.41500000000002,279.96,152.37,274.51,160.46
0.607979,276.875,157.24,279.46,153.84,274.29,160.64
0.611981,277.11,157.0,280.18,153.88,274.04,160.12
0.615983,277.20500000000004,157.72,278.94,153.69,275.47,161.75
0.619985,276.69,158.49,280.17,155.04,273.21,161.94
0.623987,277.865,161.12,282.69,156.98,273.04,165.26
0.627988,278.48,163.925,282.46,158.6,274.5,169.25
0.63199,278.555,163.935,283.04,158.99,274.07,168.88
0.63599,278.41,164.45999999999998,282.41,159.78,274.41,169.14
0.639991,278.685,164.75,282.74,160.49,274.63,169.01
0.643991,279.02,164.48000000000002,284.53,161.03,273.51,167.93
0.647989,279.63,164.91000000000003,284.76,161.46,274.5,168.36
0.651986,278.995,163.81,283.63,161.72,274.36,165.9
0.655984,278.03499999999997,164.695,283.44,162.95,272.63,166.44
0.659982,277.96,165.775,283.34,163.75,272.58,167.8
0.663979,279.4,164.53,283.3,162.9,275.5,166.16
0.667977,278.21000000000004,164.66,280.95,163.06,275.47,166.26
0.671975,277.64,163.445,281.72,162.42,273.56,164.47
0.675973,276.875,163.3,280.53,162.59,273.22,164.01
0.67997,276.225,163.505,280.92,162.92,271.53,164.09
0.683968,278.83,163.48000000000002,282.45,162.78,275.21,164.18
0.687966,278.94,163.945,281.8,163.16,276.08,164.73
0.691963,292.695,163.56,291.18,163.0,294.21,164.12
0.695961,363.97,162.745,357.38,161.23,370.56,164.26
0.699959,388.365,160.035,379.21,159.25,397.52,160.82
0.703957,388.375,159.91,379.32,158.66,397.43,161.16
0.707954,391.62,159.735,388.68,158.79,394.56,160.68
0.711952,387.21500000000003,158.91500000000002,379.95,158.27,394.48,159.56
0.71595,389.21,158.21499999999997,384.27,157.92,394.15,158.51
0.719948,388.19,157.42000000000002,382.73,157.38,393.65,157.46
0.723945,383.745,155.685,378.16,155.86,389.33,155.51
0.727943,388.82,155.625,384.28,156.06,393.36,155.19
0.731941,388.70000000000005,155.45999999999998,383.98,155.75,393.42,155.17
0.735938,389.955,155.97,386.39,156.42,393.52,155.52
0.739936,390.385,157.235,385.82,158.42,394.95,156.05
0.743934,390.15999999999997,158.51,388.05,158.92,392.27,158.1
0.747932,389.75,157.78,387.72,158.21,391.78,157.35
0.751929,388.98,157.42000000000002,387.63,157.49,390.33,157.35
0.755927,390.475,156.52,389.84,156.83,391.11,156.21
0.759925,391.63,157.45499999999998,390.3,157.5,392.96,157.41
0.763922,391.635,157.14,390.44,157.33,392.83,156.95
0.76792,393.135,157.57,392.27,158.91,394.0,156.23
0.771918,392.95000000000005,156.60000000000002,391.91,158.4,393.99,154.8
0.775916,392.32000000000005,155.785,392.16,158.14,392.48,153.43
0.779913,390.15,155.09,390.8,157.02,389.5,153.16
0.783911,391.435,154.19,391.67,156.47,391.2,151.91
0.787909,391.645,152.73000000000002,391.17,155.27,392.12,150.19
0.791907,393.06,152.66,391.37,155.54,394.75,149.78
0.795904,393.8,152.54,391.1,156.88,396.5,148.2
0.799902,393.705,152.835,390.63,157.43,396.78,148.24
0.8039,393.57,153.10500000000002,390.08,158.13,397.06,148.08
0.807897,392.445,152.22,389.27,157.48,395.62,146.96
0.811895,392.845,152.03,388.65,156.94,397.04,147.12
0.815893,392.875,151.315,388.84,156.45,396.91,146.18
0.819891,391.95,150.60500000000002,387.87,157.46,396.03,143.75
0.823888,392.675,150.575,388.68,158.21,396.67,142.94
0.827886,392.53,149.97,388.08,159.3,396.98,140.64
0.831884,391.845,149.515,388.0,159.37,395.69,139.66
0.835882,390.89,149.695,387.15,159.56,394.63,139.83
0.839879,390.255,149.095,386.78,158.49,393.73,139.7
0.843876,390.06,148.835,387.38,158.33,392.74,139.34
0.847876,389.35,147.975,386.94,157.01,391.76,138.94
0.851876,388.96000000000004,147.37,387.88,157.31,390.04,137.43
0.855876,388.405,146.49,387.67,157.1,389.14,135.88
0.859876,387.425,147.42000000000002,386.97,157.41,387.88,137.43
0.863875,387.515,146.625,387.04,155.74,387.99,137.51
0.867875,388.58000000000004,146.2,387.25,154.58,389.91,137.82
0.871875,392.96500000000003,147.155,389.16,153.93,396.77,140.38
0.875875,413.815,147.625,402.52,152.66,425.11,142.59
0.879874,447.14,148.59,433.77,152.38,460.51,144.8
0.883874,443.01,149.465,433.96,152.21,452.06,146.72
0.887874,442.685,149.66500000000002,434.56,152.28,450.81,147.05
0.891874,437.90999999999997,149.625,424.65,153.46,451.17,145.79
0.895874,432.67999999999995,150.725,429.52,153.41,435.84,148.04
0.899873,438.71500000000003,152.14,431.55,154.27,445.88,150.01
0.903873,441.79499999999996,152.04500000000002,436.75,153.61,446.84,150.48
0.907873,444.355,154.215,440.4,154.97,448.31,153.46
0.911873,446.655,154.675,443.11,156.43,450.2,152.92
0.915872,446.62,153.37,445.26,154.54,447.98,152.2
0.919872,446.08500000000004,153.11,444.6,154.48,447.57,151.74
0.923872,445.38,152.76,445.32,154.12,445.44,151.4
0.927872,448.68499999999995,152.755,445.84,154.64,451.53,150.87
0.931872,446.31,152.72,446.13,154.81,446.49,150.63
0.935871,447.41999999999996,153.375,448.84,155.74,446.0,151.01
0.939871,450.415,153.185,451.47,155.58,449.36,150.79
0.943871,449.81,152.01,452.44,154.72,447.18,149.3
0.947871,449.085,151.965,449.4,155.75,448.77,148.18
0.95187,448.445,151.39499999999998,448.31,154.81,448.58,147.98
0.95587,446.08500000000004,150.48000000000002,446.75,153.43,445.42,147.53
0.95987,447.57000000000005,151.585,445.04,154.37,450.1,148.8
0.96387,448.345,151.99,447.35,154.88,449.34,149.1
0.96787,448.03,152.20499999999998,445.85,155.51,450.21,148.9
0.971869,447.175,152.73000000000002,445.56,155.15,448.79,150.31
0.975869,448.07,155.18,447.06,155.87,449.08,154.49
0.979869,447.96,155.435,447.09,155.87,448.83,155.0
0.983869,449.985,156.41,447.44,156.97,452.53,155.85
0.987868,449.41499999999996,157.905,447.64,157.79,451.19,158.02
0.991868,451.22,159.22,450.15,158.21,452.29,160.23
0.995868,450.30499999999995,158.91,450.71,158.41,449.9,159.41
0.999868,454.19500000000005,160.23000000000002,453.04,158.87,455.35,161.59
1.003868,451.84000000000003,161.135,451.63,159.33,452.05,162.94
1.007867,454.475,161.615,454.95,158.87,454.0,164.36
1.011867,454.345,161.35,454.74,159.54,453.95,163.16
1.015867,453.92499999999995,160.75,451.89,159.39,455.96,162.11
1.019867,452.89,160.145,451.41,158.77,454.37,161.52
1.023866,451.77,158.93,450.74,157.73,452.8,160.13
1.027866,452.32,158.13,450.65,156.84,453.99,159.42
1.031866,453.825,157.995,450.63,156.74,457.02,159.25
1.035866,452.285,157.165,449.97,157.48,454.6,156.85
1.039866,454.34000000000003,157.305,451.98,158.73,456.7,155.88
1.043866,452.805,157.56,450.47,160.09,455.14,155.03
1.047867,450.905,157.68,450.95,161.76,450.86,153.6
1.051868,453.305,157.035,451.37,161.81,455.24,152.26
1.055868,454.135,158.185,453.09,163.07,455.18,153.3
1.059869,453.19,157.79,455.04,163.16,451.34,152.42
1.06387,453.865,158.015,456.96,165.47,450.77,150.56
1.067871,454.525,159.41,458.46,166.53,450.59,152.29
1.071872,453.615,159.95499999999998,458.54,167.69,448.69,152.22
1.075873,453.02,160.11,459.32,168.34,446.72,151.88
1.079874,453.42,159.925,459.41,168.32,447.43,151.53
1.083874,452.345,159.875,459.34,167.9,445.35,151.85
1.087875,453.11,160.43,460.16,167.58,446.06,153.28
1.091876,454.46500000000003,160.31,461.6,166.8,447.33,153.82
1.095877,454.98,160.82,462.67,166.99,447.29,154.65
1.099878,455.74,160.84,463.62,167.1,447.86,154.58
1.103879,454.695,160.505,462.94,167.09,446.45,153.92
1.107879,455.82000000000005,160.785,462.66,165.47,448.98,156.1
1.11188,456.325,161.32999999999998,463.0,165.49,449.65,157.17
1.115881,456.775,160.85,464.07,164.23,449.48,157.47
1.119882,457.04999999999995,161.54,464.59,163.14,449.51,159.94
1.123883,457.96,162.20499999999998,464.28,162.46,451.64,161.95
1.127884,457.53499999999997,161.95499999999998,463.9,161.78,451.17,162.13
1.131884,457.65,161.785,464.16,161.98,451.14,161.59
1.135885,457.51,161.38,463.05,160.26,451.97,162.5
1.139886,455.675,160.64,460.43,159.04,450.92,162.24
1.143887,452.905,160.13,458.14,158.33,447.67,161.93
1.147888,452.265,158.86,456.4,155.76,448.13,161.96
1.151889,449.9,158.885,454.19,156.46,445.61,161.31
1.155889,448.735,158.54,453.73,156.48,443.74,160.6
1.15989,447.125,157.95499999999998,450.82,155.14,443.43,160.77
1.163891,446.195,157.81,451.46,155.62,440.93,160.0
1.167892,444.85,156.18,450.22,153.11,439.48,159.25
1.171893,443.625,156.0,449.39,151.85,437.86,160.15
1.175894,443.17,155.135,448.86,150.62,437.48,159.65
1.179894,442.08000000000004,155.89999999999998,447.93,151.73,436.23,160.07
1.183895,441.63,156.57999999999998,447.53,151.63,435.73,161.53
1.187896,442.125,155.39,447.18,149.64,437.07,161.14
1.191897,441.81,156.035,446.79,150.1,436.83,161.97
1.195898,440.29999999999995,155.34,445.27,147.97,435.33,162.71
1.199899,440.365,153.865,445.4,144.68,435.33,163.05
1.2039,440.83500000000004,153.365,445.61,143.5,436.06,163.23
1.2079,440.51,153.005,444.08,143.44,436.94,162.57
1.211901,441.355,152.765,443.67,142.53,439.04,163.0
1.215902,439.83000000000004,152.87,443.16,141.29,436.5,164.45
1.219903,439.71000000000004,152.505,441.8,140.62,437.62,164.39
1.223904,438.805,151.55,441.5,138.55,436.11,164.55
1.227905,439.98,150.015,441.43,137.49,438.53,162.54
1.231905,441.72,151.555,441.75,139.24,441.69,163.87
1.235906,442.66499999999996,153.45,442.4,140.63,442.93,166.27
1.239907,442.64,154.15,443.54,141.4,441.74,166.9
1.243908,442.26,155.17000000000002,442.13,142.69,442.39,167.65
1.247908,441.67,156.01,441.29,142.5,442.05,169.52
1.251908,442.45,156.01,440.84,142.19,444.06,169.83
1.255909,440.82,156.20999999999998,439.63,144.79,442.01,167.63
1.259909,440.79499999999996,156.53,440.69,148.21,440.9,164.85
1.263909,440.59000000000003,159.61,440.63,151.68,440.55,167.54
1.267909,440.39,160.22,440.15,153.98,440.63,166.46
1.27191,440.075,160.64999999999998,439.5,156.66,440.65,164.64
1.27591,440.23,161.45499999999998,440.96,158.93,439.5,163.98
1.27991,439.61,162.405,439.92,162.2,439.3,162.61
1.28391,438.535,160.64999999999998,439.35,164.41,437.72,156.89
1.287911,439.235,159.405,441.61,163.55,436.86,155.26
1.291911,439.37,158.105,442.33,164.07,436.41,152.14
1.295911,438.53999999999996,155.9,442.3,164.06,434.78,147.74
1.299911,438.25,157.48000000000002,442.1,166.53,434.4,148.43
1.303912,437.705,156.14999999999998,442.82,165.45,432.59,146.85
1.307912,438.555,154.415,443.42,163.39,433.69,145.44
1.311912,439.73,153.815,446.01,163.01,433.45,144.62
1.315912,440.985,154.115,447.34,162.84,434.63,145.39
1.319913,441.70500000000004,152.52499999999998,449.87,159.66,433.54,145.39
1.323913,441.695,151.95499999999998,449.75,158.5,433.64,145.41
1.327913,441.66999999999996,151.425,452.44,155.78,430.9,147.07
1.331913,442.685,152.79500000000002,453.64,155.38,431.73,150.21
1.335914,444.64,153.135,455.12,155.49,434.16,150.78
1.339914,444.76,154.70999999999998,454.65,156.95,434.87,152.47
1.343914,444.765,155.13,455.32,155.99,434.21,154.27
1.347914,445.54,155.07,453.6,155.08,437.48,155.06
1.351915,444.46500000000003,156.125,452.5,155.7,436.43,156.55
1.355915,444.395,157.23,451.93,156.01,436.86,158.45
1.359915,445.1,157.35000000000002,451.71,155.86,438.49,158.84
1.363915,443.235,157.62,448.57,156.48,437.9,158.76
1.367915,443.09000000000003,157.89,446.93,156.21,439.25,159.57
1.371916,442.5,158.43,444.93,157.47,440.07,159.39
1.375916,442.655,158.04000000000002,444.3,157.86,441.01,158.22
1.379916,442.08000000000004,159.205,443.05,158.33,441.11,160.08
1.383916,441.335,159.25,443.21,157.82,439.46,160.68
1.387917,441.385,158.995,443.14,157.96,439.63,160.03
1.391917,442.07,159.22,443.9,157.0,440.24,161.44
1.395917,442.72,160.18,444.76,157.85,440.68,162.51
1.399917,442.875,160.29500000000002,443.64,158.22,442.11,162.37
1.403918,442.79,160.26,443.6,157.32,441.98,163.2
1.407918,443.26,160.79500000000002,444.76,157.61,441.76,163.98
1.411918,443.38,161.41000000000003,445.56,157.71,441.2,165.11
1.415918,447.17999999999995,161.595,451.34,156.48,443.02,166.71
1.419919,471.185,160.495,466.93,155.83,475.44,165.16
1.423919,511.115,157.59,512.86,154.36,509.37,160.82
1.427919,533.405,154.495,541.56,152.91,525.25,156.08
1.431919,528.405,153.88,536.38,152.78,520.43,154.98
1.43592,517.215,152.51,519.09,155.29,515.34,149.73
1.43992,512.155,148.97,516.0,153.1,508.31,144.84
1.44392,517.27,149.23000000000002,521.35,152.85,513.19,145.61
1.447917,522.0799999999999,147.655,528.24,152.01,515.92,143.3
1.45191,520.79,145.64,526.0,151.0,515.58,140.28
1.455904,520.96,144.42000000000002,526.31,150.84,515.61,138.0
1.459897,524.345,144.725,532.69,152.56,516.0,136.89
1.46389,524.565,144.84500000000003,532.01,153.58,517.12,136.11
1.467883,526.9200000000001,145.37,535.6,153.72,518.24,137.02
1.471876,523.145,147.83499999999998,530.79,155.54,515.5,140.13
1.475869,523.865,146.845,533.68,155.51,514.05,138.18
1.479862,524.23,147.44,534.68,154.72,513.78,140.16
1.483856,526.755,149.595,538.9,155.59,514.61,143.6
1.487849,527.015,149.20499999999998,539.6,155.79,514.43,142.62
1.491842,526.375,150.36,538.19,157.33,514.56,143.39
1.495835,527.54,150.96499999999997,539.93,158.04,515.15,143.89
1.499828,527.165,151.13,539.59,158.11,514.74,144.15
1.503821,527.7650000000001,150.88,540.71,158.0,514.82,143.76
1.507814,527.55,150.7,539.69,157.11,515.41,144.29
1.511808,524.56,151.435,534.35,158.48,514.77,144.39
1.515801,524.9000000000001,151.91500000000002,534.73,159.59,515.07,144.24
1.519794,525.25,153.65,533.49,162.08,517.01,145.22
1.523787,524.5699999999999,155.62,531.59,165.32,517.55,145.92
1.52778,523.01,156.73,529.22,167.01,516.8,146.45
1.531773,523.25,156.435,528.2,167.35,518.3,145.52
1.535767,524.2149999999999,156.98000000000002,528.56,168.58,519.87,145.38
1.53976,525.335,157.02,529.78,169.68,520.89,144.36
1.543753,525.97,158.73,530.28,173.42,521.66,144.04
1.547746,525.27,159.89,528.55,175.41,521.99,144.37
1.551739,525.26,159.345,529.69,176.09,520.83,142.6
1.555732,525.4649999999999,159.04,530.87,176.7,520.06,141.38
1.559725,526.94,158.375,533.06,175.53,520.82,141.22
1.563719,527.375,157.95499999999998,533.26,176.43,521.49,139.48
1.567712,527.6500000000001,155.315,535.09,172.8,520.21,137.83
1.571705,529.105,153.445,536.94,169.67,521.27,137.22
1.575698,530.0799999999999,154.79000000000002,538.26,171.72,521.9,137.86
1.579691,529.6800000000001,154.805,538.38,171.8,520.98,137.81
1.583684,527.14,154.57,536.12,171.35,518.16,137.79
1.587677,525.9549999999999,154.59,536.36,170.55,515.55,138.63
1.591671,526.845,152.575,537.31,166.29,516.38,138.86
1.595664,527.45,152.82999999999998,536.36,164.97,518.54,140.69
1.599657,526.205,152.865,534.47,162.88,517.94,142.85
1.60365,524.775,153.38,531.76,164.05,517.79,142.71
1.607643,522.52,153.315,528.07,162.4,516.97,144.23
1.611636,522.815,153.85500000000002,528.76,163.4,516.87,144.31
1.61563,521.0550000000001,154.905,526.22,166.99,515.89,142.82
1.619623,519.74,154.995,525.01,168.15,514.47,141.84
1.623616,517.605,154.05,521.29,165.96,513.92,142.14
1.627609,517.81,154.35500000000002,521.42,167.24,514.2,141.47
1.631602,517.2,154.445,519.93,167.92,514.47,140.97
1.635595,515.9449999999999,154.76,518.43,169.38,513.46,140.14
1.639588,514.835,153.685,518.0,169.06,511.67,138.31
1.643582,516.065,154.67000000000002,519.27,171.48,512.86,137.86
1.647581,516.45,154.56,519.53,170.74,513.37,138.38
1.651581,517.37,155.63,521.41,172.6,513.33,138.66
1.655585,516.8299999999999,154.265,521.49,171.69,512.17,136.84
1.659588,517.595,154.25,521.96,171.04,513.23,137.46
1.663592,516.815,153.265,520.95,169.64,512.68,136.89
1.667596,517.665,152.7,523.26,169.77,512.07,135.63
1.671599,517.565,152.535,523.44,169.13,511.69,135.94
1.675603,517.37,152.26,522.88,168.5,511.86,136.02
1.679606,517.98,152.58999999999997,522.65,167.95,513.31,137.23
1.68361,518.1800000000001,153.405,522.25,168.32,514.11,138.49
1.687613,516.6949999999999,152.88,521.5,167.43,511.89,138.33
1.691617,517.4449999999999,153.675,522.72,167.98,512.17,139.37
1.69562,517.235,153.475,524.59,166.72,509.88,140.23
1.699624,518.2,154.41,525.43,167.81,510.97,141.01
1.703627,518.61,154.92000000000002,526.54,167.5,510.68,142.34
1.707631,519.1800000000001,154.595,527.22,168.25,511.14,140.94
1.711635,520.2349999999999,155.95,528.18,168.67,512.29,143.23
1.715638,520.8050000000001,155.96499999999997,529.36,168.79,512.25,143.14
1.719642,519.715,156.97500000000002,529.25,168.96,510.18,144.99
1.723645,521.025,157.23000000000002,531.61,168.88,510.44,145.58
1.727649,520.79,157.595,531.61,168.56,509.97,146.63
1.731652,520.52,158.675,531.93,168.28,509.11,149.07
1.735656,522.03,158.84500000000003,531.57,167.83,512.49,149.86
1.739659,526.405,159.04000000000002,532.87,166.72,519.94,151.36
1.743663,558.37,158.64,544.79,165.17,571.95,152.11
1.747666,587.2149999999999,158.19,572.16,163.41,602.27,152.97
1.75167,580.3050000000001,158.01,585.88,161.95,574.73,154.07
1.755674,575.085,158.09,582.66,160.96,567.51,155.22
1.759677,573.48,157.155,575.69,160.04,571.27,154.27
1.763681,575.845,156.20499999999998,585.0,159.71,566.69,152.7
1.767684,576.48,155.35000000000002,580.09,159.84,572.87,150.86
1.771688,581.635,154.48000000000002,587.66,159.16,575.61,149.8
1.775691,581.16,155.07,585.64,160.08,576.68,150.06
1.779695,583.3050000000001,153.72,586.23,160.57,580.38,146.87
1.783698,584.57,152.915,588.69,162.13,580.45,143.7
1.787702,583.53,153.64999999999998,587.44,163.26,579.62,144.04
1.791705,583.225,153.715,588.44,164.18,578.01,143.25
1.795709,582.72,153.01,586.72,165.66,578.72,140.36
1.799713,580.77,153.66000000000003,583.11,167.8,578.43,139.52
1.803716,581.47,154.555,583.97,169.43,578.97,139.68
1.80772,580.595,155.005,582.07,169.9,579.12,140.11
1.811723,581.925,154.135,584.68,169.58,579.17,138.69
1.815727,581.89,155.365,584.77,170.61,579.01,140.12
1.81973,580.745,154.26999999999998,582.59,170.85,578.9,137.69
1.823734,580.58,154.82,582.34,171.81,578.82,137.83
1.827737,580.8199999999999,156.01999999999998,583.08,171.26,578.56,140.78
1.831741,581.52,157.685,584.33,172.45,578.71,142.92
1.835745,582.03,157.25,585.01,173.42,579.05,141.08
1.839748,582.625,159.255,587.38,173.78,577.87,144.73
1.843752,583.95,159.04500000000002,588.17,174.01,579.73,144.08
1.847752,585.9000000000001,161.17000000000002,591.7,174.34,580.1,148.0
1.851752,587.865,160.04000000000002,593.9,175.74,581.83,144.34
1.855752,587.27,162.165,593.29,176.89,581.25,147.44
1.859752,588.335,162.10000000000002,593.58,177.55,583.09,146.65
1.863751,588.41,163.35500000000002,594.42,181.18,582.4,145.53
1.867751,588.0,163.765,595.83,180.61,580.17,146.92
1.871751,589.15,165.175,597.76,182.14,580.54,148.21
1.875751,589.13,163.82,598.43,181.24,579.83,146.4
1.879751,588.2850000000001,164.165,599.12,180.45,577.45,147.88
1.883751,588.4200000000001,162.9,598.33,179.3,578.51,146.5
1.887751,586.8599999999999,162.515,598.42,178.15,575.3,146.88
1.891751,585.005,160.11,597.01,175.42,573.0,144.8
1.895751,583.5799999999999,159.04500000000002,595.35,173.03,571.81,145.06
1.89975,583.5550000000001,158.125,594.65,169.74,572.46,146.51
1.90375,581.155,157.41000000000003,592.35,167.99,569.96,146.83
1.90775,579.62,156.51,590.91,165.35,568.33,147.67
1.91175,578.66,155.16,589.29,162.59,568.03,147.73
1.91575,579.04,154.16,587.84,159.87,570.24,148.45
1.91975,580.35,154.8,587.19,159.7,573.51,149.9
1.92375,579.76,154.07,585.85,159.49,573.67,148.65
1.92775,579.77,153.845,584.95,158.89,574.59,148.8
1.93175,579.41,153.3,584.16,157.59,574.66,149.01
1.935749,579.125,153.695,583.82,156.71,574.43,150.68
1.939749,578.6600000000001,153.495,583.71,157.18,573.61,149.81
1.943749,578.89,153.72500000000002,583.53,157.55,574.25,149.9
1.947749,578.86,153.89499999999998,583.02,156.79,574.7,151.0
1.951749,579.28,153.64,582.61,155.23,575.95,152.05
1.955749,579.2850000000001,155.19,582.94,155.92,575.63,154.46
1.959749,579.165,154.64,583.1,155.56,575.23,153.72
1.963749,578.3399999999999,154.01,583.43,155.8,573.25,152.22
1.967749,579.3199999999999,153.695,583.81,154.89,574.83,152.5
1.971748,578.64,153.35500000000002,583.62,154.3,573.66,152.41
1.975748,578.355,153.555,583.65,154.4,573.06,152.71
1.979748,578.97,154.055,584.93,154.67,573.01,153.44
1.983748,579.355,154.01,585.18,153.19,573.53,154.83
1.987748,578.97,152.7,585.39,151.64,572.55,153.76
1.991748,579.73,153.135,584.99,152.68,574.47,153.59
1.995748,579.98,152.975,584.79,153.28,575.17,152.67
1.999748,581.17,152.485,586.16,153.05,576.18,151.92
2.003748,582.94,152.67000000000002,587.01,153.18,578.87,152.16
2.007747,583.4449999999999,152.83499999999998,588.34,151.45,578.55,154.22
2.011747,583.5699999999999,154.48000000000002,588.28,152.0,578.86,156.96
2.015747,584.275,154.505,587.27,151.05,581.28,157.96
2.019747,584.0899999999999,154.525,587.81,150.55,580.37,158.5
2.023747,583.81,154.56,585.75,150.33,581.87,158.79
2.027747,583.3,153.575,584.86,150.42,581.74,156.73
2.031747,583.4649999999999,154.24,584.78,150.74,582.15,157.74
2.035747,582.965,153.145,584.49,149.46,581.44,156.83
2.039747,582.835,152.51,584.54,149.14,581.13,155.88
2.043746,582.4300000000001,151.83499999999998,583.42,149.78,581.44,153.89
2.047747,582.755,150.805,584.79,149.48,580.72,152.13
2.051747,582.5799999999999,150.73,583.81,150.67,581.35,150.79
2.055747,583.075,151.20999999999998,584.35,150.92,581.8,151.5
2.059748,582.915,152.01999999999998,585.36,151.35,580.47,152.69
2.063749,582.855,151.92000000000002,585.2,153.11,580.51,150.73
2.06775,583.345,150.35,585.88,153.0,580.81,147.7
2.07175,583.7850000000001,151.10000000000002,586.1,153.61,581.47,148.59
2.075751,583.925,151.96,586.0,153.77,581.85,150.15
2.079752,584.875,152.305,587.59,156.03,582.16,148.58
2.083753,585.375,152.66,587.25,155.23,583.5,150.09
2.087754,585.905,152.95499999999998,588.81,155.81,583.0,150.1
2.091755,585.8299999999999,154.805,588.73,158.01,582.93,151.6
2.095755,586.185,153.79500000000002,589.4,157.57,582.97,150.02
2.099756,585.29,153.015,589.18,156.56,581.4,149.47
2.103757,585.8900000000001,151.84,589.57,157.75,582.21,145.93
2.107758,595.5,150.35,603.51,155.64,587.49,145.06
2.111759,624.765,146.805,630.61,153.2,618.92,140.41
2.11576,665.56,145.01999999999998,663.34,151.73,667.78,138.31
2.119761,668.9300000000001,141.95999999999998,671.24,149.17,666.62,134.75
2.123761,651.1800000000001,139.88,648.22,146.79,654.14,132.97
2.127762,653.095,140.23000000000002,661.7,149.31,644.49,131.15
2.131763,656.03,137.24,661.35,146.5,650.71,127.98
2.135764,655.73,134.745,663.33,144.16,648.13,125.33
2.139765,656.575,135.51,666.33,144.36,646.82,126.66
2.143766,658.855,133.005,665.22,143.19,652.49,122.82
2.147766,661.3299999999999,131.98000000000002,666.25,141.81,656.41,122.15
2.151767,663.8299999999999,131.335,668.51,141.86,659.15,120.81
2.155768,666.09,132.99,669.33,142.79,662.85,123.19
2.159769,665.4200000000001,134.355,667.49,142.23,663.35,126.48
2.16377,664.825,135.44,667.1,143.38,662.55,127.5
2.167771,665.825,135.385,667.87,144.42,663.78,126.35
2.171772,668.21,136.175,667.28,143.38,669.14,128.97
2.175772,668.165,138.01,667.06,144.23,669.27,131.79
2.179773,670.16,139.245,667.16,144.96,673.16,133.53
2.183774,669.6949999999999,139.76,666.72,145.73,672.67,133.79
2.187775,670.7650000000001,141.445,667.21,145.8,674.32,137.09
2.191776,670.87,143.04500000000002,667.39,146.08,674.35,140.01
2.195777,670.34,143.14,666.33,145.89,674.35,140.39
2.199777,670.525,143.775,667.51,145.46,673.54,142.09
2.203778,669.905,143.675,668.31,145.17,671.5,142.18
2.207779,670.2650000000001,143.775,669.21,144.78,671.32,142.77
2.21178,670.8499999999999,143.635,671.39,144.16,670.31,143.11
2.215781,670.5550000000001,144.235,674.26,144.44,666.85,144.03
2.219782,672.755,144.305,676.77,143.92,668.74,144.69
2.223783,672.18,143.935,678.18,143.03,666.18,144.84
2.227783,672.92,144.53,679.56,143.02,666.28,146.04
2.231784,674.395,143.63,682.36,143.3,666.43,143.96
2.235785,675.22,144.32,683.11,143.21,667.33,145.43
2.239786,674.4200000000001,141.815,682.32,143.5,666.52,140.13
2.243787,673.885,143.61,681.19,146.38,666.58,140.84
2.247786,673.715,141.515,681.23,148.59,666.2,134.44
2.251786,673.685,142.86,680.7,150.21,666.67,135.51
2.255786,673.48,142.27499999999998,680.17,149.95,666.79,134.6
2.259785,671.03,140.76999999999998,674.93,149.15,667.13,132.39
2.263785,671.78,141.62,676.13,150.8,667.43,132.44
2.267784,670.575,141.01,673.63,151.32,667.52,130.7
2.271784,669.7650000000001,139.64,672.19,151.1,667.34,128.18
2.275783,669.12,138.775,670.92,150.91,667.32,126.64
2.279782,668.725,138.79000000000002,670.72,151.43,666.73,126.15
2.283782,668.75,138.52499999999998,670.8,151.73,666.7,125.32
2.287781,668.8399999999999,136.445,671.13,150.44,666.55,122.45
2.291781,669.17,135.835,671.3,149.41,667.04,122.26
2.29578,669.0450000000001,134.195,671.45,148.14,666.64,120.25
2.29978,670.03,134.215,672.18,147.97,667.88,120.46
2.303779,671.17,132.62,673.8,147.54,668.54,117.7
2.307778,671.265,132.07,674.68,146.76,667.85,117.38
2.311778,672.215,131.07,675.94,146.36,668.49,115.78
2.315777,673.325,130.45999999999998,677.97,145.98,668.68,114.94
2.319777,675.1500000000001,131.155,679.71,145.38,670.59,116.93
2.323776,676.615,131.19,682.2,144.39,671.03,117.99
2.327776,677.845,131.79000000000002,684.26,143.83,671.43,119.75
2.331775,678.5450000000001,131.575,684.98,143.67,672.11,119.48
2.335774,679.3299999999999,131.99,686.05,143.52,672.61,120.46
2.339774,678.46,132.935,685.57,144.5,671.35,121.37
2.343773,678.085,134.26,686.64,144.02,669.53,124.5
2.347773,676.7,136.28,684.57,144.2,668.83,128.36
2.351772,677.315,136.7,685.65,144.08,668.98,129.32
2.355771,677.9000000000001,139.04000000000002,685.97,143.65,669.83,134.43
2.359771,675.895,141.18,682.36,146.33,669.43,136.03
2.36377,675.9200000000001,142.31,680.95,147.57,670.89,137.05
2.36777,674.965,144.29000000000002,681.71,149.18,668.22,139.4
2.371769,673.5250000000001,144.735,678.73,150.9,668.32,138.57
2.375769,671.325,147.32,676.83,153.53,665.82,141.11
2.379768,670.79,147.195,676.46,153.44,665.12,140.95
2.383767,670.7950000000001,146.195,675.1,151.75,666.49,140.64
2.387767,670.6400000000001,147.115,673.7,153.5,667.58,140.73
2.391766,670.245,146.62,670.88,154.13,669.61,139.11
2.395766,671.0450000000001,145.505,672.48,153.97,669.61,137.04
2.399765,669.605,145.52499999999998,671.11,154.91,668.1,136.14
2.403765,678.97,144.09,677.35,152.33,680.59,135.85
2.407764,726.6099999999999,142.35000000000002,741.66,150.65,711.56,134.05
2.411763,781.305,141.14999999999998,784.93,148.63,777.68,133.67
2.415763,796.52,139.52999999999997,795.77,144.89,797.27,134.17
2.419762,796.325,140.31,796.92,145.75,795.73,134.87
2.423762,790.435,141.54,796.42,147.91,784.45,135.17
2.427761,783.1600000000001,142.245,786.96,146.6,779.36,137.89
2.43176,780.615,143.04000000000002,777.84,146.31,783.39,139.77
2.43576,784.245,143.98000000000002,788.12,144.86,780.37,143.1
2.439759,786.855,146.57999999999998,786.95,148.38,786.76,144.78
2.443759,786.29,148.43,788.32,146.54,784.26,150.32
2.447759,786.9100000000001,148.11,787.59,145.62,786.23,150.6
2.451759,787.8599999999999,151.22,789.31,147.78,786.41,154.66
2.45576,785.855,152.35500000000002,786.32,149.53,785.39,155.18
2.45976,784.75,153.115,784.87,150.22,784.63,156.01
2.46376,783.0550000000001,155.55,783.22,152.06,782.89,159.04
2.46776,782.765,155.745,782.85,151.24,782.68,160.25
2.471761,783.05,154.97,783.91,151.13,782.19,158.81
2.475761,783.01,156.805,785.61,154.23,780.41,159.38
2.479762,782.0550000000001,156.095,784.53,156.13,779.58,156.06
2.483762,780.585,156.725,782.33,156.51,778.84,156.94
2.487763,780.41,155.48000000000002,782.55,156.9,778.27,154.06
2.491763,781.1,155.17000000000002,783.97,158.53,778.23,151.81
2.495764,780.51,154.87,784.77,160.32,776.25,149.42
2.499764,779.105,156.57999999999998,783.23,162.87,774.98,150.29
2.503764,778.45,157.60500000000002,783.12,164.12,773.78,151.09
2.507765,780.635,156.245,786.33,164.31,774.94,148.18
2.511765,781.265,156.815,786.88,165.28,775.65,148.35
2.515766,779.665,157.48,785.04,165.64,774.29,149.32
2.519766,779.485,156.405,783.15,165.32,775.82,147.49
2.523767,780.94,157.67000000000002,785.9,166.82,775.98,148.52
2.527767,781.385,158.04500000000002,785.98,167.31,776.79,148.78
2.531768,782.0450000000001,159.41,786.64,169.28,777.45,149.54
2.535768,780.885,160.0,785.94,169.65,775.83,150.35
2.539768,780.27,160.405,783.9,169.54,776.64,151.27
2.543769,780.895,159.465,785.71,168.84,776.08,150.09
2.547769,781.4200000000001,159.70499999999998,786.36,168.44,776.48,150.97
2.55177,780.65,160.175,784.81,168.01,776.49,152.34
2.55577,779.8299999999999,160.88,783.79,169.49,775.87,152.27
2.559771,780.44,162.18,784.37,169.9,776.51,154.46
2.563771,781.475,163.33499999999998,784.76,170.97,778.19,155.7
2.567772,780.9749999999999,163.285,783.27,170.48,778.68,156.09
2.571772,781.49,164.13,783.02,170.62,779.96,157.64
2.575772,781.18,163.905,782.06,170.76,780.3,157.05
2.579773,781.385,163.675,781.44,169.52,781.33,157.83
2.583773,780.835,163.095,780.27,169.68,781.4,156.51
2.587774,780.385,163.19,778.99,169.15,781.78,157.23
2.591774,780.495,162.82999999999998,778.11,168.91,782.88,156.75
2.595775,779.62,162.24,776.23,168.89,783.01,155.59
2.599775,778.0899999999999,161.415,773.79,166.67,782.39,156.16
2.603775,777.285,160.63,771.41,166.25,783.16,155.01
2.607776,776.61,160.505,772.14,165.35,781.08,155.66
2.611776,776.375,160.78500000000003,770.45,166.24,782.3,155.33
2.615777,774.9449999999999,159.055,769.81,164.85,780.08,153.26
2.619777,773.815,158.79000000000002,767.92,164.36,779.71,153.22
2.623778,772.275,159.77499999999998,766.26,165.73,778.29,153.82
2.627778,771.315,161.585,766.57,167.36,776.06,155.81
2.631779,772.035,163.56,765.8,168.71,778.27,158.41
2.635779,772.855,164.04,766.81,170.19,778.9,157.89
2.639779,773.27,164.715,768.27,170.19,778.27,159.24
2.64378,773.9749999999999,165.14,768.81,171.68,779.14,158.6
2.64778,773.675,165.995,768.96,171.9,778.39,160.09
2.65178,773.99,164.79500000000002,767.99,170.22,779.99,159.37
2.65578,774.905,164.25,770.94,170.48,778.87,158.02
2.65978,775.2049999999999,167.41500000000002,769.53,172.72,780.88,162.11
2.663781,776.975,167.08999999999997,770.69,172.26,783.26,161.92
2.667781,778.24,167.89499999999998,772.96,171.79,783.52,164.0
2.671781,779.81,166.95499999999998,773.93,170.56,785.69,163.35
2.67578,785.3299999999999,164.935,780.35,169.89,790.31,159.98
2.67978,828.2,164.155,835.24,167.3,821.16,161.01
2.68378,862.505,163.0,853.26,165.22,871.75,160.78
2.687779,878.9,162.775,873.8,164.99,884.0,160.56
2.691779,878.9200000000001,161.995,879.58,164.06,878.26,159.93
2.695779,877.01,162.185,878.9,163.64,875.12,160.73
2.699778,875.345,162.1,875.11,162.66,875.58,161.54
2.703778,874.575,160.75,875.83,161.19,873.32,160.31
2.707777,876.855,159.71,876.31,160.36,877.4,159.06
2.711777,876.285,158.435,877.16,159.38,875.41,157.49
2.715777,872.295,157.25,869.54,157.85,875.05,156.65
2.719776,877.89,157.415,876.37,157.39,879.41,157.44
2.723776,878.11,156.575,877.39,156.47,878.83,156.68
2.727775,877.0999999999999,156.44,875.17,157.01,879.03,155.87
2.731775,873.9549999999999,156.425,871.23,158.03,876.68,154.82
2.735775,873.8599999999999,155.34,871.06,156.81,876.66,153.87
2.739774,872.25,154.94,867.78,156.29,876.72,153.59
2.743774,873.5350000000001,154.34,869.09,156.36,877.98,152.32
2.747773,873.755,154.335,869.71,156.86,877.8,151.81
2.751773,873.4449999999999,154.255,869.54,156.37,877.35,152.14
2.755773,874.325,153.715,870.54,155.83,878.11,151.6
2.759772,875.975,154.45,873.5,157.24,878.45,151.66
2.763772,875.61,154.325,873.39,157.28,877.83,151.37
2.767771,875.825,156.26999999999998,873.89,159.23,877.76,153.31
2.771771,876.575,156.45499999999998,875.26,160.69,877.89,152.22
2.775771,877.97,156.505,877.33,159.77,878.61,153.24
2.77977,878.02,158.61,876.46,161.97,879.58,155.25
2.78377,878.62,159.405,877.61,163.46,879.63,155.35
2.787769,878.27,159.82999999999998,876.81,163.87,879.73,155.79
2.791769,879.3299999999999,159.11,878.91,161.52,879.75,156.7
2.795769,879.635,160.25,880.02,162.38,879.25,158.12
2.799768,878.5450000000001,160.02499999999998,878.39,161.82,878.7,158.23
2.803768,877.665,161.60000000000002,878.21,161.77,877.12,161.43
2.807767,875.8199999999999,162.41,875.92,162.93,875.72,161.89
2.811767,875.28,162.35500000000002,876.71,162.47,873.85,162.24
2.815767,876.325,162.555,877.05,161.82,875.6,163.29
2.819766,874.46,161.825,876.01,161.41,872.91,162.24
2.823766,873.435,161.075,875.44,160.21,871.43,161.94
2.827765,873.27,161.15,875.71,160.18,870.83,162.12
2.831765,874.175,161.635,877.9,161.31,870.45,161.96
2.835765,874.355,162.865,876.34,163.77,872.37,161.96
2.839764,874.63,163.185,876.73,164.85,872.53,161.52
2.843764,875.155,163.085,876.32,164.55,873.99,161.62
2.847761,875.71,162.725,875.99,165.38,875.43,160.07
2.851758,875.825,162.635,876.71,165.92,874.94,159.35
2.855755,875.2950000000001,161.065,876.47,164.38,874.12,157.75
2.859752,873.96,160.185,875.65,164.76,872.27,155.61
2.863749,874.745,162.055,875.23,166.0,874.26,158.11
2.867746,875.7,162.55,878.22,166.76,873.18,158.34
2.871744,875.74,164.625,876.47,169.18,875.01,160.07
2.875741,868.905,163.135,871.89,168.5,865.92,157.77
2.879734,855.3599999999999,162.57,851.93,169.02,858.79,156.12
2.883727,839.3299999999999,161.245,839.54,168.68,839.12,153.81
2.88772,824.995,162.465,815.89,170.57,834.1,154.36
2.891713,834.5799999999999,162.135,838.66,170.86,830.5,153.41
2.895706,837.0450000000001,162.96,846.61,170.12,827.48,155.8
2.899699,829.52,160.815,834.43,171.05,824.61,150.58
2.903692,830.27,161.49,839.44,171.45,821.1,151.53
2.907685,828.915,163.62,835.3,171.14,822.53,156.1
2.911678,825.75,160.71499999999997,832.03,170.54,819.47,150.89
2.915671,821.5350000000001,159.16000000000003,824.88,169.11,818.19,149.21
2.919664,821.7,161.34,826.85,168.55,816.55,154.13
2.923657,820.925,160.01,827.34,166.86,814.51,153.16
2.92765,820.69,160.275,826.44,165.3,814.94,155.25
2.931643,821.71,159.755,828.95,164.22,814.47,155.29
2.935636,822.79,159.04,831.16,163.35,814.42,154.73
2.939629,821.8199999999999,159.05,829.49,162.3,814.15,155.8
2.943622,822.53,159.805,830.19,162.1,814.87,157.51
2.947615,823.895,160.075,829.6,161.49,818.19,158.66
2.951608,824.025,159.88,830.39,160.53,817.66,159.23
2.955601,824.88,161.81,831.87,160.19,817.89,163.43
2.959594,827.11,163.52499999999998,835.21,159.79,819.01,167.26
2.963586,826.765,162.575,834.9,159.58,818.63,165.57
2.967579,826.69,163.85,834.36,159.88,819.02,167.82
2.971572,828.0699999999999,164.415,836.78,160.79,819.36,168.04
2.975565,827.495,164.095,833.54,161.13,821.45,167.06
2.979558,826.3199999999999,165.12,830.03,161.15,822.61,169.09
2.983551,828.38,165.41,832.52,160.41,824.24,170.41
2.987544,827.915,166.22,831.19,160.29,824.64,172.15
2.991537,826.465,167.43,829.6,160.83,823.33,174.03
2.99553,825.9549999999999,166.755,828.86,160.49,823.05,173.02
2.999523,827.905,166.08,831.96,161.8,823.85,170.36
3.003516,827.2249999999999,164.3,831.14,161.94,823.31,166.66
3.007509,826.5550000000001,164.9,829.51,163.47,823.6,166.33
3.011502,827.9449999999999,165.185,831.71,164.33,824.18,166.04
3.015495,827.0150000000001,167.005,830.19,165.15,823.84,168.86
3.019488,827.485,166.37,830.89,164.28,824.08,168.46
3.023481,827.32,166.835,830.82,164.49,823.82,169.18
3.027474,827.515,166.055,831.93,165.43,823.1,166.68
3.031467,827.87,165.745,833.09,165.84,822.65,165.65
3.03546,827.495,165.425,832.34,166.56,822.65,164.29
3.039453,826.995,166.78,830.64,167.37,823.35,166.19
3.043446,824.81,167.78,827.67,168.87,821.95,166.69
3.047446,824.55,167.25,828.01,168.43,821.09,166.07
3.051445,824.095,167.295,826.69,167.67,821.5,166.92
3.055444,824.44,165.25,827.69,165.9,821.19,164.6
3.059444,824.925,165.23000000000002,828.38,165.56,821.47,164.9
3.063443,824.19,166.13,826.78,165.15,821.6,167.11
3.067442,823.52,166.62,825.08,164.33,821.96,168.91
3.071441,825.53,166.68,823.91,164.86,827.15,168.5
3.075441,825.885,165.925,825.22,163.41,826.55,168.44
3.07944,824.995,165.72,824.7,162.17,825.29,169.27
3.083444,826.2,166.83999999999997,824.56,162.54,827.84,171.14
3.087447,827.575,164.925,826.24,161.6,828.91,168.25
3.091451,827.24,163.765,823.7,159.53,830.78,168.0
3.095454,827.515,163.11,823.68,160.66,831.35,165.56
3.099458,827.7149999999999,163.545,825.02,162.17,830.41,164.92
3.103462,828.1800000000001,163.715,825.47,162.24,830.89,165.19
3.107465,829.315,162.26,827.89,162.08,830.74,162.44
3.111469,830.345,162.35500000000002,830.17,164.13,830.52,160.58
3.115473,829.62,164.0,831.47,166.77,827.77,161.23
3.119476,829.49,163.35500000000002,831.95,167.61,827.03,159.1
3.12348,829.7950000000001,164.16500000000002,832.19,168.78,827.4,159.55
3.127483,829.29,164.11,832.49,169.54,826.09,158.68
3.131487,829.895,163.74,833.37,170.3,826.42,157.18
3.135491,828.72,165.065,832.02,173.78,825.42,156.35
3.139494,829.365,166.215,833.06,174.81,825.67,157.62
3.143498,829.38,167.015,833.6,174.44,825.16,159.59
3.147501,828.49,167.235,830.86,175.6,826.12,158.87
3.151505,829.625,167.74,830.69,174.73,828.56,160.75
3.155509,829.11,167.265,829.26,175.83,828.96,158.7
3.159512,828.54,166.26,828.03,174.68,829.05,157.84
3.163516,828.63,166.21,826.61,174.61,830.65,157.81
3.16752,828.135,164.60500000000002,826.71,173.71,829.56,155.5
3.171523,828.595,164.115,827.87,172.86,829.32,155.37
3.175527,827.78,163.23,825.77,172.98,829.79,153.48
3.17953,828.935,163.35,827.01,171.6,830.86,155.1
3.183534,828.65,162.7,827.49,169.67,829.81,155.73
3.187538,828.215,162.28,827.11,169.8,829.32,154.76
3.191541,828.525,161.305,827.92,168.68,829.13,153.93
3.195545,827.47,161.77,827.68,169.99,827.26,153.55
3.199548,826.765,162.715,827.88,170.24,825.65,155.19
3.203552,826.415,162.995,827.72,170.16,825.11,155.83
3.207556,825.615,162.215,828.15,169.58,823.08,154.85
3.211559,824.77,162.45999999999998,828.02,170.39,821.52,154.53
3.215563,825.4300000000001,162.25,825.26,170.16,825.6,154.34
3.219567,834.185,162.935,832.43,169.46,835.94,156.41
3.22357,918.42,163.365,936.93,168.14,899.91,158.59
3.227574,962.0699999999999,163.54500000000002,955.93,168.21,968.21,158.88
3.231577,988.05,164.03,988.3,166.24,987.8,161.82
3.235581,970.35,163.37,969.24,165.32,971.46,161.42
3.239585,959.425,163.495,966.64,165.25,952.21,161.74
3.243588,946.72,162.88,958.38,164.5,935.06,161.26
3.247589,942.22,166.84500000000003,953.77,164.36,930.67,169.33
3.25159,947.1,168.62,954.2,164.88,940.0,172.36
3.255591,952.81,167.275,959.29,163.4,946.33,171.15
3.259592,952.235,167.505,959.08,163.66,945.39,171.35
3.263593,955.605,167.08999999999997,962.17,162.14,949.04,172.04
3.267594,956.35,166.565,963.45,162.94,949.25,170.19
3.271595,956.385,166.5,966.74,164.15,946.03,168.85
3.275596,952.9,168.305,958.66,165.59,947.14,171.02
3.279597,952.6600000000001,169.17000000000002,959.85,165.26,945.47,173.08
3.283598,953.3199999999999,168.675,959.89,164.93,946.75,172.42
3.2876,954.415,167.12,959.69,165.17,949.14,169.07
3.291602,957.1700000000001,165.17,964.09,163.42,950.25,166.92
3.295604,959.8299999999999,165.34,968.88,163.82,950.78,166.86
3.299606,959.69,164.375,968.5,163.77,950.88,164.98
3.303608,958.24,164.38,965.68,164.19,950.8,164.57
3.30761,958.515,164.58499999999998,966.76,165.07,950.27,164.1
3.311611,959.0699999999999,163.475,967.47,163.88,950.67,163.07
3.315613,959.135,163.60000000000002,966.3,161.74,951.97,165.46
3.319615,960.9300000000001,163.305,969.63,161.25,952.23,165.36
3.323617,961.0999999999999,163.955,970.15,161.86,952.05,166.05
3.327619,961.48,162.565,970.75,161.5,952.21,163.63
3.331621,961.005,163.14499999999998,970.12,161.69,951.89,164.6
3.335623,960.075,163.72,968.49,161.95,951.66,165.49
3.339625,959.9200000000001,164.185,966.7,162.59,953.14,165.78
3.343627,959.99,166.29000000000002,966.12,164.11,953.86,168.47
3.347629,960.03,166.69,965.92,165.7,954.14,167.68
3.351631,960.25,166.52,964.63,164.71,955.87,168.33
3.355633,961.04,167.255,966.6,166.14,955.48,168.37
3.359635,959.895,167.77999999999997,965.39,167.17,954.4,168.39
3.363637,957.265,168.71499999999997,963.73,169.51,950.8,167.92
3.367639,956.4100000000001,169.345,962.48,171.48,950.34,167.21
3.371641,958.115,169.94,963.62,173.76,952.61,166.12
3.375642,957.8199999999999,169.47500000000002,963.66,174.49,951.98,164.46
3.379644,958.385,169.475,963.36,175.63,953.41,163.32
3.383646,959.38,168.85000000000002,964.52,175.27,954.24,162.43
3.387648,958.985,168.32999999999998,963.12,175.15,954.85,161.51
3.39165,958.22,167.125,962.1,175.73,954.34,158.52
3.395652,958.8399999999999,167.79,964.17,175.67,953.51,159.91
3.399654,957.5050000000001,168.63,962.57,175.55,952.44,161.71
3.403656,958.61,167.82999999999998,963.19,175.32,954.03,160.34
3.407658,958.01,167.245,962.44,174.79,953.58,159.7
3.41166,958.59,166.645,963.1,173.96,954.08,159.33
3.415662,958.1600000000001,165.89,963.33,172.26,952.99,159.52
3.419664,957.0,165.83999999999997,961.74,171.23,952.26,160.45
3.423666,957.485,165.025,963.57,169.72,951.4,160.33
3.427668,955.7049999999999,165.245,961.62,169.7,949.79,160.79
3.43167,955.755,163.315,963.06,167.91,948.45,158.72
3.435671,956.5550000000001,163.76999999999998,963.89,167.81,949.22,159.73
3.439673,957.025,163.285,962.99,166.59,951.06,159.98
3.443675,958.0,162.275,963.66,165.61,952.34,158.94
3.447676,956.3800000000001,162.615,962.44,166.37,950.32,158.86
3.451676,957.1700000000001,162.97,962.24,168.48,952.1,157.46
3.455677,958.3299999999999,163.185,962.6,168.6,954.06,157.77
3.459677,957.98,164.07999999999998,961.19,168.71,954.77,159.45
3.463678,958.98,164.36,961.91,169.61,956.05,159.11
3.467678,960.145,164.85,961.43,169.48,958.86,160.22
3.471679,959.885,165.57999999999998,961.11,170.56,958.66,160.6
3.475679,959.46,167.20499999999998,961.45,172.73,957.47,161.68
3.47968,959.59,167.285,961.45,172.59,957.73,161.98
3.48368,958.21,167.365,960.51,173.68,955.91,161.05
3.48768,958.325,168.015,959.96,175.04,956.69,160.99
3.49168,958.95,168.0,959.8,175.46,958.1,160.54
3.49568,959.8050000000001,168.51,960.6,175.49,959.01,161.53
3.49968,959.05,168.81,959.97,175.96,958.13,161.66
3.50368,959.53,169.245,960.54,177.28,958.52,161.21
3.50768,959.935,168.96,961.37,176.77,958.5,161.15
3.51168,958.6500000000001,169.195,961.09,177.14,956.21,161.25
3.51568,958.45,169.94,961.14,177.29,955.76,162.59
3.51968,957.1700000000001,171.8,960.12,178.77,954.22,164.83
3.523679,956.1949999999999,172.315,960.51,178.98,951.88,165.65
3.527679,955.035,173.475,959.78,179.38,950.29,167.57
3.531679,955.0699999999999,173.94,960.12,180.2,950.02,167.68
3.535679,953.8,174.44,959.31,179.11,948.29,169.77
3.539679,954.595,174.265,959.32,179.42,949.87,169.11
3.543679,954.325,175.19,958.61,179.45,950.04,170.93
3.547679,953.76,176.305,958.35,180.13,949.17,172.48
3.551679,953.605,175.81,959.36,180.01,947.85,171.61
3.555679,954.79,176.95,957.57,180.91,952.01,172.99
3.559678,955.635,177.73,958.4,181.89,952.87,173.57
3.563678,956.835,177.13,958.62,181.35,955.05,172.91
3.567678,957.23,177.49,957.85,181.7,956.61,173.28
3.571678,958.6800000000001,176.815,957.03,180.82,960.33,172.81
3.575678,958.5,177.64,957.79,181.16,959.21,174.12
3.579678,958.225,176.79,955.59,180.32,960.86,173.26
3.583678,958.675,176.485,955.19,180.34,962.16,172.63
3.587678,957.2750000000001,176.20999999999998,954.46,180.54,960.09,171.88
3.591678,957.64,176.165,954.5,180.92,960.78,171.41
3.595677,958.29,175.475,954.33,181.03,962.25,169.92
3.599677,956.925,175.77,953.8,180.71,960.05,170.83
3.603677,955.24,174.04500000000002,952.74,180.81,957.74,167.28
3.607677,953.745,174.695,951.83,180.77,955.66,168.62
3.611677,952.7149999999999,173.495,950.78,180.15,954.65,166.84
3.615677,953.48,173.57,952.45,181.11,954.51,166.03
3.619677,952.265,172.96,950.98,181.65,953.55,164.27
3.623677,954.6500000000001,172.9,955.07,182.5,954.23,163.3
3.627677,953.96,174.115,954.17,183.62,953.75,164.61
3.631676,956.645,173.94,958.33,183.03,954.96,164.85
3.635676,956.415,174.61,957.68,184.15,955.15,165.07
3.639676,957.5350000000001,175.19,960.13,184.95,954.94,165.43
3.643676,959.105,175.37,959.4,185.62,958.81,165.12
3.647676,960.44,176.34,962.38,185.05,958.5,167.63
3.651675,960.74,176.625,961.94,185.94,959.54,167.31
3.655675,962.76,177.435,963.09,187.6,962.43,167.27
3.659674,962.665,178.225,963.65,188.91,961.68,167.54
3.663674,964.635,178.85500000000002,965.42,189.0,963.85,168.71
3.667673,964.69,180.025,963.59,190.12,965.79,169.93
3.671673,964.3399999999999,179.44,963.37,189.55,965.31,169.33
3.675672,964.25,180.03,963.13,190.62,965.37,169.44
3.679672,964.0450000000001,180.445,962.62,190.72,965.47,170.17
3.683671,963.1949999999999,181.82999999999998,961.11,191.77,965.28,171.89
3.687671,961.935,182.27499999999998,960.6,192.51,963.27,172.04
3.69167,961.4300000000001,183.095,959.5,193.63,963.36,172.56
3.695671,961.665,182.015,959.46,194.38,963.87,169.65
3.699671,960.265,182.32,958.61,193.76,961.92,170.88
3.703671,960.5,182.015,959.37,192.81,961.63,171.22
3.707672,960.3,181.53,960.53,192.08,960.07,170.98
3.711672,959.27,180.93,960.77,190.77,957.77,171.09
3.715673,957.98,181.415,959.15,191.19,956.81,171.64
3.719673,956.625,181.435,959.17,191.27,954.08,171.6
3.723674,954.01,181.20499999999998,955.71,191.18,952.31,171.23
3.727674,952.635,180.825,953.41,190.58,951.86,171.07
3.731674,955.775,180.515,957.56,189.64,953.99,171.39
3.735675,970.665,180.755,967.63,188.43,973.7,173.08
3.739675,1048.825,180.35500000000002,1041.41,186.24,1056.24,174.47
3.743676,1058.0700000000002,178.78,1056.96,184.25,1059.18,173.31
3.747676,1064.6399999999999,175.005,1067.09,181.91,1062.19,168.1
3.751677,1052.78,173.8,1054.77,180.62,1050.79,166.98
3.755677,1050.8049999999998,172.19,1053.27,180.83,1048.34,163.55
3.759677,1050.0900000000001,169.86,1054.04,177.88,1046.14,161.84
3.763678,1050.7800000000002,167.26999999999998,1054.13,176.78,1047.43,157.76
3.767678,1052.5700000000002,165.795,1056.4,174.39,1048.74,157.2
3.771679,1051.915,164.54,1052.31,173.57,1051.52,155.51
3.775679,1052.1100000000001,163.02999999999997,1053.53,172.67,1050.69,153.39
3.77968,1053.335,162.075,1055.15,172.66,1051.52,151.49
3.78368,1053.4850000000001,161.345,1054.46,171.63,1052.51,151.06
3.78768,1052.365,161.83999999999997,1053.4,172.45,1051.33,151.23
3.791681,1050.295,163.585,1051.56,172.93,1049.03,154.24
3.795681,1051.435,163.805,1052.1,174.12,1050.77,153.49
3.799682,1051.615,164.685,1051.82,173.47,1051.41,155.9
3.803682,1050.725,164.735,1049.27,174.47,1052.18,155.0
3.807683,1051.01,165.005,1049.17,175.1,1052.85,154.91
3.811683,1049.6399999999999,164.85500000000002,1046.8,174.9,1052.48,154.81
3.815683,1049.4850000000001,164.875,1045.89,176.01,1053.08,153.74
3.819684,1050.435,166.52,1046.35,177.08,1054.52,155.96
3.823684,1050.5900000000001,166.485,1045.89,175.62,1055.29,157.35
3.827685,1051.645,168.865,1046.65,179.47,1056.64,158.26
3.831685,1052.495,168.155,1045.32,178.52,1059.67,157.79
3.835686,1052.5700000000002,168.135,1045.69,178.91,1059.45,157.36
3.839686,1052.125,168.32,1045.55,180.28,1058.7,156.36
3.843686,1051.875,168.6,1044.25,181.23,1059.5,155.97
3.847687,1052.59,168.20499999999998,1046.11,180.07,1059.07,156.34
3.851688,1053.6,170.04500000000002,1046.57,181.49,1060.63,158.6
3.855689,1054.0,170.88,1046.69,182.84,1061.31,158.92
3.859689,1055.3200000000002,170.875,1047.17,181.94,1063.47,159.81
3.86369,1055.105,169.76,1047.33,181.61,1062.88,157.91
3.867691,1056.695,168.085,1046.06,182.08,1067.33,154.09
3.871691,1055.47,164.11,1044.92,179.48,1066.02,148.74
3.875692,1053.01,162.465,1044.03,180.83,1061.99,144.1
3.879693,1053.325,161.87,1042.76,180.33,1063.89,143.41
3.883694,1051.3600000000001,160.775,1040.41,179.34,1062.31,142.21
3.887694,1051.815,160.665,1040.83,176.94,1062.8,144.39
3.891695,1051.2800000000002,162.995,1039.64,178.22,1062.92,147.77
3.895696,1051.6999999999998,162.04500000000002,1040.57,177.09,1062.83,147.0
3.899696,1050.7350000000001,161.885,1039.56,176.44,1061.91,147.33
3.903695,1049.315,163.175,1038.21,179.66,1060.42,146.69
3.907695,1049.165,161.615,1037.79,178.91,1060.54,144.32
3.911695,1048.125,163.70499999999998,1036.5,178.81,1059.75,148.6
3.915695,1047.6999999999998,164.31,1036.06,179.78,1059.34,148.84
3.919695,1048.685,164.605,1037.63,179.2,1059.74,150.01
3.923695,1047.9650000000001,164.74,1036.91,178.56,1059.02,150.92
3.927695,1049.07,166.53500000000003,1040.57,180.74,1057.57,152.33
3.931694,1048.28,168.315,1038.83,181.4,1057.73,155.23
3.935694,1047.23,167.32,1037.87,180.6,1056.59,154.04
3.939694,1045.655,168.015,1037.78,180.97,1053.53,155.06
3.943694,1045.82,169.47,1038.87,181.6,1052.77,157.34
3.947694,1045.46,169.44,1040.26,180.07,1050.66,158.81
3.951694,1045.115,170.17000000000002,1040.4,179.35,1049.83,160.99
3.955694,1045.25,170.345,1042.8,180.05,1047.7,160.64
3.959693,1044.325,172.34,1042.47,180.38,1046.18,164.3
3.963693,1043.275,174.38,1042.03,182.0,1044.52,166.76
3.967693,1042.87,178.14,1041.87,183.81,1043.87,172.47
3.971693,1042.69,177.495,1040.18,183.01,1045.2,171.98
3.975693,1043.15,180.635,1041.15,183.08,1045.15,178.19
3.979693,1043.38,180.695,1041.5,184.31,1045.26,177.08
3.983693,1043.525,180.745,1041.72,183.69,1045.33,177.8
3.987692,1042.76,181.555,1041.76,184.01,1043.76,179.1
3.991692,1043.28,181.755,1041.82,183.33,1044.74,180.18
3.995692,1043.645,182.79,1041.96,182.42,1045.33,183.16
3.999692,1044.5,182.725,1040.77,180.95,1048.23,184.5
4.003692,1045.25,180.575,1041.71,177.96,1048.79,183.19
4.007692,1045.92,178.565,1042.72,176.36,1049.12,180.77
4.011692,1047.525,177.68,1042.72,176.18,1052.33,179.18
4.015691,1046.455,178.265,1040.46,177.56,1052.45,178.97
4.019691,1045.1599999999999,176.75,1039.37,175.78,1050.95,177.72
4.023691,1046.73,176.38,1041.87,177.11,1051.59,175.65
4.027691,1046.03,175.625,1040.29,175.54,1051.77,175.71
4.031691,1048.05,176.37,1042.04,177.3,1054.06,175.44
4.035691,1047.335,176.05,1041.68,176.78,1052.99,175.32
4.039691,1047.77,175.225,1043.66,176.42,1051.88,174.03
4.04369,1049.775,174.79000000000002,1046.97,176.58,1052.58,173.0
4.04769,1049.53,174.635,1046.45,175.91,1052.61,173.36
4.051689,1047.565,176.16500000000002,1043.63,178.21,1051.5,174.12
4.055689,1048.645,175.26,1046.45,177.32,1050.84,173.2
4.059688,1049.7849999999999,174.83499999999998,1048.2,176.13,1051.37,173.54
4.063688,1049.0949999999998,175.05,1046.35,178.15,1051.84,171.95
4.067687,1049.73,174.64499999999998,1048.12,178.04,1051.34,171.25
4.071687,1049.85,174.405,1048.45,178.75,1051.25,170.06
4.075686,1048.7649999999999,172.345,1046.72,178.24,1050.81,166.45
4.079686,1049.565,172.44,1047.25,178.96,1051.88,165.92
4.083685,1048.745,172.985,1044.04,181.26,1053.45,164.71
4.087685,1047.9299999999998,172.27499999999998,1042.02,181.79,1053.84,162.76
4.091684,1048.73,172.695,1042.14,184.21,1055.32,161.18
4.095684,1050.895,172.865,1045.25,185.8,1056.54,159.93
4.099683,1050.065,174.625,1043.56,187.79,1056.57,161.46
4.103682,1050.295,174.485,1043.87,187.07,1056.72,161.9
4.107681,1051.865,173.84,1047.16,186.55,1056.57,161.13
4.11168,1051.3049999999998,174.125,1044.79,187.38,1057.82,160.87
4.115679,1051.29,173.835,1044.75,187.24,1057.83,160.43
4.119678,1052.1,172.95499999999998,1044.22,187.6,1059.98,158.31
4.123677,1050.585,172.215,1042.97,187.5,1058.2,156.93
4.127676,1050.2150000000001,171.675,1043.01,186.29,1057.42,157.06
4.131675,1050.34,172.465,1043.32,186.66,1057.36,158.27
4.135674,1049.7849999999999,172.35500000000002,1044.33,185.71,1055.24,159.0
4.139672,1048.045,173.48,1042.59,185.39,1053.5,161.57
4.143671,1047.205,171.695,1041.28,182.77,1053.13,160.62
4.14767,1047.0349999999999,171.24,1041.83,183.26,1052.24,159.22
4.151669,1046.145,169.34,1040.44,183.36,1051.85,155.32
4.155668,1045.53,168.99,1039.74,183.13,1051.32,154.85
4.159667,1045.0900000000001,168.135,1039.2,182.08,1050.98,154.19
4.163666,1044.1799999999998,169.41500000000002,1037.49,181.72,1050.87,157.11
4.167665,1044.9299999999998,169.515,1038.05,181.12,1051.81,157.91
4.171664,1044.645,171.86,1038.86,182.58,1050.43,161.14
4.175663,1046.2150000000001,170.205,1038.05,181.86,1054.38,158.55
4.179662,1063.6100000000001,169.65499999999997,1045.41,181.39,1081.81,157.92
4.183661,1120.225,168.615,1116.85,180.22,1123.6,157.01
4.18766,1143.58,168.19,1136.27,180.03,1150.89,156.35
4.191658,1147.69,166.555,1137.03,178.73,1158.35,154.38
4.195657,1143.9050000000002,167.005,1131.14,178.88,1156.67,155.13
4.199656,1136.4,165.77499999999998,1118.86,177.23,1153.94,154.32
4.203655,1136.67,164.91,1123.55,177.12,1149.79,152.7
4.207654,1131.2350000000001,163.99,1115.4,175.73,1147.07,152.25
4.211653,1138.145,164.285,1123.12,176.22,1153.17,152.35
4.215652,1137.405,163.17000000000002,1123.06,175.31,1151.75,151.03
4.219651,1135.96,162.12,1119.28,173.82,1152.64,150.42
4.22365,1138.33,163.095,1122.79,174.74,1153.87,151.45
4.227649,1136.765,164.2,1120.39,176.44,1153.14,151.96
4.231648,1135.375,164.495,1119.08,177.47,1151.67,151.52
4.235647,1133.54,165.485,1117.39,178.27,1149.69,152.7
4.239645,1132.255,166.385,1116.06,179.58,1148.45,153.19
4.243644,1133.13,166.945,1117.59,180.18,1148.67,153.71
4.247644,1132.0749999999998,167.41000000000003,1116.84,180.74,1147.31,154.08
4.251644,1132.7150000000001,168.655,1117.25,182.58,1148.18,154.73
4.255643,1132.67,168.91500000000002,1118.15,184.59,1147.19,153.24
4.259643,1132.0149999999999,167.92000000000002,1117.81,183.1,1146.22,152.74
4.263643,1132.5349999999999,167.515,1119.99,184.78,1145.08,150.25
4.267642,1131.8,167.1,1118.99,184.06,1144.61,150.14
4.271642,1131.35,166.315,1119.24,184.54,1143.46,148.09
4.275642,1131.815,167.03,1119.98,184.97,1143.65,149.09
4.279641,1131.615,166.16,1118.5,182.9,1144.73,149.42
4.283641,1133.8600000000001,166.26999999999998,1121.63,182.07,1146.09,150.47
4.287641,1131.1599999999999,167.54500000000002,1117.7,182.55,1144.62,152.54
4.29164,1132.1,167.94,1119.11,183.01,1145.09,152.87
4.29564,1132.49,167.445,1119.17,182.25,1145.81,152.64
4.29964,1132.83,166.595,1119.68,180.07,1145.98,153.12
4.303639,1132.49,165.01,1119.19,179.69,1145.79,150.33
4.307635,1133.06,164.69,1120.02,178.75,1146.1,150.63
4.311631,1131.345,166.01,1117.24,181.69,1145.45,150.33
4.315627,1130.65,166.91500000000002,1116.4,181.84,1144.9,151.99
4.319623,1130.045,167.11,1116.17,182.09,1143.92,152.13
4.323619,1128.82,165.79500000000002,1116.29,180.47,1141.35,151.12
4.327615,1127.25,165.54500000000002,1115.04,180.86,1139.46,150.23
4.33161,1128.365,165.29000000000002,1116.14,182.43,1140.59,148.15
4.335606,1127.9850000000001,164.885,1116.25,182.14,1139.72,147.63
4.339602,1128.29,164.675,1119.09,182.27,1137.49,147.08
4.343598,1128.1950000000002,166.055,1119.45,184.05,1136.94,148.06
4.347594,1126.835,168.315,1119.51,185.8,1134.16,150.83
4.35159,1126.565,169.195,1118.4,186.74,1134.73,151.65
4.355586,1127.685,169.92000000000002,1120.62,185.82,1134.75,154.02
4.359581,1128.85,169.745,1122.49,185.24,1135.21,154.25
4.363577,1128.55,170.20999999999998,1122.52,185.42,1134.58,155.0
4.367573,1128.845,171.275,1124.8,186.46,1132.89,156.09
4.371569,1129.365,171.69,1124.56,186.39,1134.17,156.99
4.375565,1129.38,172.4,1126.7,185.47,1132.06,159.33
4.379561,1129.245,173.0,1126.24,186.6,1132.25,159.4
4.383557,1127.73,173.08499999999998,1123.51,186.45,1131.95,159.72
4.387552,1129.6799999999998,173.47,1125.79,186.97,1133.57,159.97
4.391548,1130.165,172.48000000000002,1124.7,186.66,1135.63,158.3
4.395544,1129.9850000000001,171.79000000000002,1124.15,185.47,1135.82,158.11
4.39954,1129.53,170.36,1122.51,184.76,1136.55,155.96
4.403536,1129.8400000000001,169.505,1123.22,184.3,1136.46,154.71
4.407532,1130.63,169.805,1122.68,184.25,1138.58,155.36
4.411528,1130.1350000000002,169.055,1120.38,184.24,1139.89,153.87
4.415523,1130.325,168.87,1120.76,184.12,1139.89,153.62
4.419519,1130.225,169.04,1119.5,185.51,1140.95,152.57
4.423515,1130.7350000000001,168.16500000000002,1119.82,184.49,1141.65,151.84
4.427511,1132.385,167.85,1121.79,184.23,1142.98,151.47
4.431507,1131.795,166.76999999999998,1118.81,183.75,1144.78,149.79
4.435503,1130.765,167.38,1117.39,185.22,1144.14,149.54
4.439499,1131.85,166.92000000000002,1119.52,184.82,1144.18,149.02
4.443494,1132.195,167.485,1118.79,185.84,1145.6,149.13
4.447491,1133.38,167.69,1120.16,186.18,1146.6,149.2
4.451487,1132.8899999999999,167.05,1118.53,186.29,1147.25,147.81
4.455483,1133.04,166.32999999999998,1119.34,186.38,1146.74,146.28
4.45948,1132.4850000000001,166.75,1116.72,188.65,1148.25,144.85
4.463476,1133.8600000000001,165.62,1118.48,187.69,1149.24,143.55
4.467472,1133.13,165.05,1116.38,187.23,1149.88,142.87
4.471469,1134.1799999999998,164.39,1117.07,187.02,1151.29,141.76
4.475465,1133.895,164.435,1118.33,187.07,1149.46,141.8
4.479462,1134.905,164.20999999999998,1118.84,186.92,1150.97,141.5
4.483458,1134.98,163.56,1118.68,187.06,1151.28,140.06
4.487454,1134.635,163.78,1118.36,187.12,1150.91,140.44
4.491451,1141.4099999999999,162.11,1128.26,186.54,1154.56,137.68
4.495447,1168.97,161.89499999999998,1174.29,185.54,1163.65,138.25
4.499443,1202.655,160.765,1207.46,184.3,1197.85,137.23
4.50344,1217.47,158.8,1210.06,182.04,1224.88,135.56
4.507436,1204.0,157.785,1190.54,179.72,1217.46,135.85
4.511437,1198.35,156.925,1185.18,177.44,1211.52,136.41
4.515438,1192.845,156.22,1175.14,176.14,1210.55,136.3
4.519439,1195.385,155.195,1182.36,172.93,1208.41,137.46
4.523441,1196.8000000000002,153.82999999999998,1182.63,170.4,1210.97,137.26
4.527442,1202.72,152.54000000000002,1190.44,167.12,1215.0,137.96
4.531443,1205.295,151.58499999999998,1193.77,165.47,1216.82,137.7
4.535444,1209.3400000000001,151.01,1201.24,164.14,1217.44,137.88
4.539445,1208.7150000000001,150.035,1198.44,163.17,1218.99,136.9
4.543446,1205.93,149.24,1195.17,162.82,1216.69,135.66
4.547447,1203.025,149.505,1192.73,162.59,1213.32,136.42
4.551449,1202.51,150.305,1194.0,162.07,1211.02,138.54
4.55545,1202.815,150.385,1194.33,162.16,1211.3,138.61
4.559451,1202.7199999999998,151.93,1195.1,164.73,1210.34,139.13
4.563452,1202.915,153.24,1195.14,168.25,1210.69,138.23
4.567453,1204.435,154.44,1197.62,171.82,1211.25,137.06
4.571454,1204.085,155.445,1196.77,174.44,1211.4,136.45
4.575455,1202.83,154.8,1195.79,175.57,1209.87,134.03
4.579457,1201.7800000000002,154.66,1194.41,177.16,1209.15,132.16
4.583458,1200.88,155.195,1193.45,177.39,1208.31,133.0
4.587459,1200.08,155.89999999999998,1192.31,178.7,1207.85,133.1
4.59146,1199.74,156.215,1191.58,178.85,1207.9,133.58
4.595461,1200.05,157.38,1191.73,179.86,1208.37,134.9
4.599462,1199.63,158.73000000000002,1191.8,180.52,1207.46,136.94
4.603463,1199.3000000000002,159.115,1190.71,179.43,1207.89,138.8
4.607465,1198.635,158.05,1190.73,178.62,1206.54,137.48
4.611466,1197.1,158.87,1188.62,178.36,1205.58,139.38
4.615467,1196.6799999999998,157.79000000000002,1188.58,177.15,1204.78,138.43
4.619468,1196.0500000000002,161.76999999999998,1186.65,177.9,1205.45,145.64
4.623469,1196.1750000000002,162.005,1186.9,177.44,1205.45,146.57
4.62747,1196.17,161.52499999999998,1186.9,177.04,1205.44,146.01
4.631471,1195.875,161.74,1186.31,176.58,1205.44,146.9
4.635473,1197.575,162.7,1188.18,176.4,1206.97,149.0
4.639474,1195.865,162.4,1185.27,177.62,1206.46,147.18
4.643475,1196.1100000000001,161.64,1184.98,177.51,1207.24,145.77
4.647477,1197.915,159.63,1188.69,176.15,1207.14,143.11
4.65148,1199.28,159.015,1189.3,176.34,1209.26,141.69
4.655482,1203.055,159.13,1195.71,176.44,1210.4,141.82
4.659485,1201.525,157.93,1191.66,176.76,1211.39,139.1
4.663487,1202.54,156.8,1192.41,175.79,1212.67,137.81
4.66749,1202.815,154.12,1194.18,174.9,1211.45,133.34
4.671492,1202.335,154.75,1192.17,175.88,1212.5,133.62
4.675495,1204.07,153.975,1194.08,175.06,1214.06,132.89
4.679497,1204.4450000000002,152.81,1194.48,174.38,1214.41,131.24
4.6835,1201.3200000000002,152.495,1191.67,173.69,1210.97,131.3
4.687502,1194.5,152.86,1183.33,174.34,1205.67,131.38
4.691505,1191.1,153.61,1179.97,175.53,1202.23,131.69
4.695507,1186.92,153.18,1177.48,175.34,1196.36,131.02
4.699509,1187.02,151.81,1177.91,174.19,1196.13,129.43
4.703512,1183.29,151.51999999999998,1174.03,172.89,1192.55,130.15
4.707514,1180.495,151.88,1172.89,172.24,1188.1,131.52
4.711517,1179.685,153.22,1169.65,172.55,1189.72,133.89
4.715518,1181.92,152.3,1171.81,171.56,1192.03,133.04
4.719518,1180.08,152.01,1170.47,171.04,1189.69,132.98
4.723519,1178.835,151.905,1170.92,170.62,1186.75,133.19
4.72752,1177.775,151.57999999999998,1168.92,169.2,1186.63,133.96
4.731521,1178.4299999999998,150.7,1169.61,167.73,1187.25,133.67
4.735522,1179.7350000000001,150.84,1170.78,167.11,1188.69,134.57
4.739522,1180.255,150.79000000000002,1171.54,167.71,1188.97,133.87
4.743523,1180.4250000000002,151.47,1171.89,168.49,1188.96,134.45
4.747524,1181.695,151.785,1173.11,168.81,1190.28,134.76
4.751525,1181.585,151.315,1172.19,169.68,1190.98,132.95
4.755526,1181.32,151.45,1171.32,170.15,1191.32,132.75
4.759526,1180.01,153.99,1169.66,172.62,1190.36,135.36
4.763527,1179.315,153.04000000000002,1167.92,171.61,1190.71,134.47
4.767528,1178.9250000000002,153.375,1167.43,173.72,1190.42,133.03
4.771529,1177.595,156.08,1166.06,176.61,1189.13,135.55
4.77553,1176.205,156.055,1164.86,176.18,1187.55,135.93
4.77953,1173.595,157.10500000000002,1161.72,177.37,1185.47,136.84
4.783531,1174.795,157.165,1165.02,177.57,1184.57,136.76
4.787532,1172.33,156.865,1161.18,178.2,1183.48,135.53
4.791533,1171.675,158.065,1162.08,178.79,1181.27,137.34
4.795534,1172.62,158.85500000000002,1164.41,178.6,1180.83,139.11
4.799534,1170.205,159.14499999999998,1162.4,177.6,1178.01,140.69
4.803535,1168.895,157.73,1161.03,175.95,1176.76,139.51
4.807536,1169.76,158.10000000000002,1165.11,175.24,1174.41,140.96
4.811537,1167.375,158.185,1161.51,173.96,1173.24,142.41
4.815537,1165.705,157.495,1157.94,172.03,1173.47,142.96
4.819538,1167.26,156.615,1160.7,171.09,1173.82,142.14
4.823539,1167.5500000000002,156.1,1160.91,169.53,1174.19,142.67
4.82754,1167.56,156.31,1161.39,169.12,1173.73,143.5
4.831541,1166.29,156.465,1159.37,168.49,1173.21,144.44
4.835541,1166.395,156.91,1158.17,168.04,1174.62,145.78
4.839542,1166.055,158.2,1158.89,169.68,1173.22,146.72
4.843543,1167.2,159.015,1158.9,170.42,1175.5,147.61
4.847542,1169.59,159.97500000000002,1162.32,171.27,1176.86,148.68
4.851542,1170.77,161.495,1164.08,172.91,1177.46,150.08
4.855541,1171.35,162.385,1163.63,174.64,1179.07,150.13
4.85954,1173.315,162.93,1165.46,175.04,1181.17,150.82
4.863539,1173.3400000000001,162.325,1165.45,174.21,1181.23,150.44
4.867538,1173.24,163.22,1163.22,176.66,1183.26,149.78
4.871538,1172.475,162.85000000000002,1163.78,175.08,1181.17,150.62
4.875537,1175.135,162.695,1165.49,176.31,1184.78,149.08
4.879536,1176.105,161.45499999999998,1166.2,176.45,1186.01,146.46
4.883535,1176.4,161.13,1166.24,176.48,1186.56,145.78
4.887535,1175.825,161.56,1165.69,176.65,1185.96,146.47
4.891534,1175.81,160.61,1165.42,176.97,1186.2,144.25
4.895533,1175.33,159.745,1164.84,176.2,1185.82,143.29
4.899532,1174.6399999999999,159.72,1164.57,175.39,1184.71,144.05
4.903532,1174.87,159.415,1165.02,176.2,1184.72,142.63
4.907531,1177.3249999999998,160.825,1168.09,179.01,1186.56,142.64
4.91153,1178.1399999999999,160.86,1169.35,179.38,1186.93,142.34
4.915529,1178.9850000000001,160.515,1169.92,180.85,1188.05,140.18
4.919528,1179.1,160.35500000000002,1169.58,181.18,1188.62,139.53
4.923527,1178.3600000000001,161.55,1169.03,181.75,1187.69,141.35
4.927526,1178.7849999999999,162.215,1169.1,182.65,1188.47,141.78
4.931525,1178.9850000000001,161.18,1169.34,181.26,1188.63,141.1
4.935524,1178.83,161.61,1168.25,180.73,1189.41,142.49
4.939523,1179.08,161.505,1168.05,179.81,1190.11,143.2
4.943522,1180.8600000000001,161.245,1169.89,179.11,1191.83,143.38
4.947521,1180.12,160.595,1166.62,178.59,1193.62,142.6
4.95152,1178.23,158.765,1163.54,175.11,1192.92,142.42
4.955519,1177.49,156.85500000000002,1162.94,173.44,1192.04,140.27
4.959518,1176.555,155.905,1160.45,171.46,1192.66,140.35
4.963516,1176.88,153.66,1160.78,168.34,1192.98,138.98
4.967515,1179.48,153.18,1163.5,170.75,1195.46,135.61
4.971514,1200.5149999999999,153.135,1180.55,169.65,1220.48,136.62
4.975513,1272.06,152.20499999999998,1266.65,168.01,1277.47,136.4
4.979512,1298.7,151.14,1284.2,166.05,1313.2,136.23
4.983511,1304.775,151.195,1283.58,165.86,1325.97,136.53
4.98751,1302.775,150.555,1286.17,165.94,1319.38,135.17
4.991509,1297.585,150.31,1279.78,166.17,1315.39,134.45
4.995508,1291.4499999999998,150.675,1271.56,167.25,1311.34,134.1
4.999507,1288.26,151.34,1275.73,168.03,1300.79,134.65
5.003506,1287.75,151.285,1276.98,168.38,1298.52,134.19
5.007505,1285.0900000000001,153.195,1278.03,169.79,1292.15,136.6
5.011504,1293.4250000000002,153.78500000000003,1282.42,169.21,1304.43,138.36
5.015503,1293.78,152.87,1286.58,168.11,1300.98,137.63
5.019501,1296.355,153.14,1290.02,168.76,1302.69,137.52
5.0235,1293.745,153.94,1290.24,169.73,1297.25,138.15
5.027499,1295.0149999999999,154.315,1289.53,170.68,1300.5,137.95
5.031498,1291.2649999999999,154.10500000000002,1286.56,170.25,1295.97,137.96
5.035497,1291.405,154.95,1288.56,171.29,1294.25,138.61
5.039496,1291.105,157.04000000000002,1287.43,174.03,1294.78,140.05
5.043495,1291.795,157.555,1287.86,174.56,1295.73,140.55
5.047495,1291.725,157.625,1288.37,174.33,1295.08,140.92
5.051495,1291.865,155.845,1284.6,174.24,1299.13,137.45
5.055495,1292.295,157.4,1286.56,177.36,1298.03,137.44
5.059495,1291.455,159.675,1284.19,181.06,1298.72,138.29
5.063495,1292.9099999999999,159.77499999999998,1284.36,179.76,1301.46,139.79
5.067495,1292.0149999999999,160.875,1280.77,180.67,1303.26,141.08
5.071495,1291.3200000000002,158.845,1279.23,178.69,1303.41,139.0
5.075494,1292.42,159.34,1278.46,180.25,1306.38,138.43
5.079494,1293.2350000000001,158.94,1279.73,180.26,1306.74,137.62
5.083494,1293.8899999999999,158.23000000000002,1283.34,180.19,1304.44,136.27
5.087494,1292.2350000000001,159.46,1279.59,181.83,1304.88,137.09
5.091494,1291.395,159.255,1278.51,179.91,1304.28,138.6
5.095494,1291.575,160.60500000000002,1278.93,180.6,1304.22,140.61
5.099494,1291.37,158.14,1277.56,179.46,1305.18,136.82
5.103494,1291.53,159.585,1277.75,179.55,1305.31,139.62
5.107494,1291.1999999999998,161.11,1277.61,181.89,1304.79,140.33
5.111494,1291.145,161.54500000000002,1277.27,182.1,1305.02,140.99
5.115494,1292.155,159.44,1278.26,181.83,1306.05,137.05
5.119494,1292.9850000000001,158.055,1279.17,179.74,1306.8,136.37
5.123489,1292.185,158.13,1276.69,180.6,1307.68,135.66
5.127485,1293.6149999999998,155.175,1275.87,178.86,1311.36,131.49
5.13148,1294.375,155.98000000000002,1276.29,178.83,1312.46,133.13
5.135476,1293.955,157.70499999999998,1276.53,179.88,1311.38,135.53
5.139471,1293.885,156.6,1276.99,180.51,1310.78,132.69
5.143466,1291.685,157.115,1273.88,181.23,1309.49,133.0
5.147462,1292.705,156.22,1275.74,179.34,1309.67,133.1
5.151457,1291.495,154.85500000000002,1276.1,176.49,1306.89,133.22
5.155453,1292.62,153.54000000000002,1276.21,175.77,1309.03,131.31
5.159448,1292.875,153.25,1274.87,174.85,1310.88,131.65
5.163444,1291.04,153.96499999999997,1271.65,175.39,1310.43,132.54
5.167439,1290.35,154.03,1273.9,175.59,1306.8,132.47
5.171435,1290.815,154.57999999999998,1274.16,175.73,1307.47,133.43
5.17543,1290.855,154.04000000000002,1276.45,176.11,1305.26,131.97
5.179426,1291.125,154.34,1275.57,177.61,1306.68,131.07
5.183421,1292.31,154.91500000000002,1275.43,178.02,1309.19,131.81
5.187416,1294.44,154.45,1276.78,177.53,1312.1,131.37
5.191412,1294.74,155.815,1276.84,179.84,1312.64,131.79
5.195407,1295.625,155.65,1276.86,179.93,1314.39,131.37
5.199403,1295.045,155.82,1277.78,181.07,1312.31,130.57
5.203398,1293.0,157.365,1277.55,182.52,1308.45,132.21
5.207394,1293.0149999999999,158.365,1280.61,183.7,1305.42,133.03
5.211389,1292.595,159.29500000000002,1280.06,183.73,1305.13,134.86
5.215385,1288.655,160.0,1276.95,182.58,1300.36,137.42
5.21938,1288.105,162.20999999999998,1276.86,182.38,1299.35,142.04
5.223376,1287.77,162.66500000000002,1276.78,181.49,1298.76,143.84
5.227371,1286.975,162.925,1276.08,180.46,1297.87,145.39
5.231367,1287.275,163.135,1276.92,180.72,1297.63,145.55
5.235362,1287.545,161.53,1276.76,179.16,1298.33,143.9
5.239357,1287.3200000000002,162.91500000000002,1278.43,180.96,1296.21,144.87
5.243353,1287.065,163.7,1278.42,181.69,1295.71,145.71
5.247351,1288.45,162.51999999999998,1280.91,180.44,1295.99,144.6
5.251349,1289.005,163.32,1278.62,182.05,1299.39,144.59
5.255347,1289.18,162.63,1278.98,181.8,1299.38,143.46
5.259345,1290.56,163.08499999999998,1281.14,182.44,1299.98,143.73
5.263342,1291.9,162.69,1282.05,183.15,1301.75,142.23
5.26734,1291.8249999999998,161.67000000000002,1281.81,183.1,1301.84,140.24
5.271338,1292.835,161.0,1283.69,182.59,1301.98,139.41
5.275336,1292.865,161.505,1283.31,182.39,1302.42,140.62
5.279334,1292.92,161.66,1282.29,182.81,1303.55,140.51
5.283332,1292.605,159.365,1281.41,180.47,1303.8,138.26
5.28733,1291.995,158.48000000000002,1281.48,179.75,1302.51,137.21
5.291328,1291.755,159.08499999999998,1280.87,179.76,1302.64,138.41
5.295326,1290.33,158.055,1280.24,178.34,1300.42,137.77
5.299324,1290.625,158.29500000000002,1280.3,177.13,1300.95,139.46
5.303322,1289.69,157.99,1278.27,176.92,1301.11,139.06
5.30732,1287.315,157.59,1277.89,176.19,1296.74,138.99
5.311317,1282.65,157.875,1274.76,176.1,1290.54,139.65
5.315315,1279.1399999999999,157.14499999999998,1270.52,175.15,1287.76,139.14
5.319313,1279.6550000000002,158.3,1270.15,174.56,1289.16,142.04
5.323311,1278.95,159.03,1271.21,174.6,1286.69,143.46
5.327314,1279.8850000000002,160.635,1272.14,175.19,1287.63,146.08
5.331317,1278.37,160.70499999999998,1271.94,175.76,1284.8,145.65
5.33532,1278.65,161.16500000000002,1272.36,175.58,1284.94,146.75
5.339323,1281.585,160.61,1275.15,175.84,1288.02,145.38
5.343326,1279.7600000000002,160.07,1274.39,176.12,1285.13,144.02
5.347329,1280.935,159.885,1275.23,175.6,1286.64,144.17
5.351332,1280.3600000000001,160.805,1273.72,177.11,1287.0,144.5
5.355335,1281.4,161.95999999999998,1271.8,178.57,1291.0,145.35
5.359338,1282.34,160.70999999999998,1272.61,177.54,1292.07,143.88
5.363341,1284.085,160.005,1273.55,179.27,1294.62,140.74
5.367344,1283.5149999999999,158.12,1273.95,179.49,1293.08,136.75
5.371347,1283.1999999999998,158.505,1271.34,180.89,1295.06,136.12
5.37535,1282.15,158.945,1267.94,182.41,1296.36,135.48
5.379353,1282.425,158.26,1267.59,180.78,1297.26,135.74
5.383356,1281.98,157.995,1264.95,180.92,1299.01,135.07
5.387359,1280.44,157.325,1261.1,181.85,1299.78,132.8
5.391362,1279.8000000000002,155.44,1260.63,181.19,1298.97,129.69
5.395365,1279.645,153.75,1259.2,181.1,1300.09,126.4
5.399368,1278.8899999999999,150.86,1259.69,179.88,1298.09,121.84
5.403371,1279.42,151.63,1259.67,180.92,1299.17,122.34
5.407374,1277.795,149.85000000000002,1258.3,181.05,1297.29,118.65
5.411377,1277.96,152.27,1258.31,180.28,1297.61,124.26
5.41538,1278.725,152.89,1259.62,181.12,1297.83,124.66
5.419383,1277.025,152.395,1258.76,178.56,1295.29,126.23
5.423386,1277.43,151.945,1258.63,180.14,1296.23,123.75
5.427389,1275.3899999999999,152.07999999999998,1258.55,179.44,1292.23,124.72
5.431392,1275.6799999999998,153.72,1259.77,178.77,1291.59,128.67
5.435395,1273.995,153.805,1260.21,178.78,1287.78,128.83
5.439398,1274.23,155.065,1260.97,178.21,1287.49,131.92
5.443401,1274.0149999999999,156.49,1261.56,177.96,1286.47,135.02
5.447403,1273.105,156.74,1262.05,178.4,1284.16,135.08
5.451405,1273.7849999999999,158.03,1262.21,178.32,1285.36,137.74
5.455407,1273.245,157.57,1261.23,177.91,1285.26,137.23
5.459409,1272.87,155.86,1261.17,175.04,1284.57,136.68
5.463411,1273.1,156.285,1261.3,176.17,1284.9,136.4
5.467413,1272.4499999999998,156.095,1262.1,175.32,1282.8,136.87
5.471414,1272.6799999999998,156.41500000000002,1261.32,175.83,1284.04,137.0
5.475416,1273.3200000000002,158.04500000000002,1260.95,178.83,1285.69,137.26
5.479418,1274.395,158.275,1262.39,177.87,1286.4,138.68
5.48342,1276.2800000000002,157.88,1263.88,177.67,1288.68,138.09
5.487422,1275.52,158.675,1263.2,178.99,1287.84,138.36
5.491424,1274.9250000000002,159.54500000000002,1264.15,178.84,1285.7,140.25
5.495426,1274.915,159.885,1264.86,179.0,1284.97,140.77
5.499428,1273.575,161.97500000000002,1262.75,180.86,1284.4,143.09
5.503429,1274.0500000000002,162.94,1263.92,181.8,1284.18,144.08
5.507431,1273.545,163.95499999999998,1262.82,183.39,1284.27,144.52
5.511433,1273.8600000000001,165.515,1263.58,185.74,1284.14,145.29
5.515435,1273.635,165.3,1262.59,184.17,1284.68,146.43
5.519437,1272.22,164.73000000000002,1261.01,183.33,1283.43,146.13
5.523439,1271.9099999999999,165.765,1260.54,185.07,1283.28,146.46
5.527441,1271.07,165.88,1259.57,184.52,1282.57,147.24
5.531443,1271.375,165.63,1259.73,184.04,1283.02,147.22
5.535445,1271.365,164.59,1257.53,183.13,1285.2,146.05
5.539447,1272.0700000000002,163.92000000000002,1256.22,182.48,1287.92,145.36
5.54345,1274.095,163.135,1256.39,182.04,1291.8,144.23
5.547452,1285.73,162.145,1265.41,182.71,1306.05,141.58
5.551454,1327.74,161.185,1308.75,181.9,1346.73,140.47
5.555457,1388.425,159.91000000000003,1385.5,180.33,1391.35,139.49
5.559459,1400.08,158.51999999999998,1394.82,180.2,1405.34,136.84
5.563461,1391.105,157.85000000000002,1386.36,180.4,1395.85,135.3
5.567463,1354.6399999999999,156.815,1339.62,178.89,1369.66,134.74
5.571466,1353.645,156.86,1335.04,179.79,1372.25,133.93
5.575468,1355.275,156.47,1335.53,180.19,1375.02,132.75
5.57947,1362.815,155.83499999999998,1344.35,180.0,1381.28,131.67
5.583473,1370.23,154.725,1354.46,178.03,1386.0,131.42
5.587475,1373.49,154.155,1357.88,178.12,1389.1,130.19
5.591477,1376.75,152.635,1360.14,175.77,1393.36,129.5
5.59548,1379.645,151.39,1362.01,174.23,1397.28,128.55
5.599482,1378.005,150.70499999999998,1362.2,174.13,1393.81,127.28
5.603484,1376.335,150.525,1361.16,173.77,1391.51,127.28
5.607487,1374.2150000000001,151.09,1360.22,174.03,1388.21,128.15
5.611489,1375.99,149.99,1362.84,172.98,1389.14,127.0
5.615491,1379.245,149.155,1365.81,172.72,1392.68,125.59
5.619494,1380.335,148.53,1367.58,172.39,1393.09,124.67
5.623496,1380.2150000000001,148.46,1367.94,172.66,1392.49,124.26
5.627498,1380.2,149.13,1368.91,174.68,1391.49,123.58
5.631501,1380.425,149.245,1369.3,173.96,1391.55,124.53
5.635503,1378.0500000000002,151.60999999999999,1368.42,177.26,1387.68,125.96
5.639505,1377.9250000000002,152.375,1368.42,177.44,1387.43,127.31
5.643508,1376.42,153.375,1366.75,179.16,1386.09,127.59
5.647508,1375.9299999999998,152.76,1365.07,178.11,1386.79,127.41
5.651508,1377.0700000000002,153.46,1367.01,179.72,1387.13,127.2
5.655508,1376.885,153.615,1366.98,178.77,1386.79,128.46
5.659508,1375.975,154.29,1365.1,178.7,1386.85,129.88
5.663508,1375.45,155.5,1366.65,180.03,1384.25,130.97
5.667508,1375.815,155.375,1365.63,179.68,1386.0,131.07
5.671508,1376.445,155.89,1365.87,179.4,1387.02,132.38
5.675508,1375.1599999999999,155.79,1363.24,179.6,1387.08,131.98
5.679508,1375.915,155.21,1364.83,179.65,1387.0,130.77
5.683508,1375.6,154.435,1364.61,179.41,1386.59,129.46
5.687508,1375.46,154.595,1364.67,178.87,1386.25,130.32
5.691508,1376.605,154.74,1366.69,178.66,1386.52,130.82
5.695509,1374.4850000000001,154.85,1363.54,179.31,1385.43,130.39
5.699509,1375.26,154.73,1362.76,181.5,1387.76,127.96
5.703509,1372.845,154.095,1359.46,181.4,1386.23,126.79
5.707509,1373.25,153.25,1360.1,179.46,1386.4,127.04
5.711509,1371.38,155.115,1358.63,182.49,1384.13,127.74
5.715509,1371.06,154.715,1358.01,182.7,1384.11,126.73
5.719509,1371.305,154.76,1360.38,183.66,1382.23,125.86
5.723509,1370.51,154.56,1359.7,183.28,1381.32,125.84
5.727509,1370.6950000000002,155.245,1360.15,183.83,1381.24,126.66
5.731509,1371.3200000000002,154.735,1360.92,183.85,1381.72,125.62
5.735509,1369.6399999999999,154.575,1359.16,184.45,1380.12,124.7
5.739506,1369.665,154.81,1359.71,184.33,1379.62,125.29
5.743503,1368.0549999999998,154.335,1357.59,182.08,1378.52,126.59
5.747499,1368.835,154.56,1359.49,182.86,1378.18,126.26
5.751496,1369.565,155.81,1359.52,183.58,1379.61,128.04
5.755492,1369.3200000000002,155.18,1358.26,182.24,1380.38,128.12
5.759489,1368.76,154.095,1357.15,181.73,1380.37,126.46
5.763486,1369.16,155.25,1356.41,182.38,1381.91,128.12
5.767482,1369.3449999999998,155.45499999999998,1356.11,181.73,1382.58,129.18
5.771479,1369.27,153.94,1356.04,180.85,1382.5,127.03
5.775476,1369.275,153.665,1355.15,180.31,1383.4,127.02
5.779472,1370.79,152.675,1357.89,179.51,1383.69,125.84
5.783469,1370.67,152.92,1356.12,179.07,1385.22,126.77
5.787465,1368.4099999999999,153.93,1355.46,179.67,1381.36,128.19
5.791462,1350.635,153.0,1334.65,177.13,1366.62,128.87
5.795459,1311.96,149.87,1281.35,173.68,1342.57,126.06
5.799455,1301.02,148.245,1281.49,170.14,1320.55,126.35
5.803452,1292.835,148.935,1273.78,169.53,1311.89,128.34
5.807449,1299.065,150.10500000000002,1279.95,170.4,1318.18,129.81
5.811445,1296.29,149.45,1278.98,167.97,1313.6,130.93
5.815442,1299.885,152.53,1284.26,170.65,1315.51,134.41
5.819438,1299.545,152.445,1284.2,171.03,1314.89,133.86
5.823435,1298.4699999999998,152.255,1284.84,169.37,1312.1,135.14
5.827432,1296.38,151.04500000000002,1279.94,167.84,1312.82,134.25
5.831428,1295.7199999999998,150.575,1281.35,167.6,1310.09,133.55
5.835425,1293.0749999999998,149.97,1278.12,166.52,1308.03,133.42
5.839422,1292.895,150.4,1278.46,166.83,1307.33,133.97
5.843418,1292.93,150.05,1279.23,166.61,1306.63,133.49
5.847414,1292.7849999999999,149.42000000000002,1279.37,167.43,1306.2,131.41
5.85141,1292.5500000000002,147.85,1279.88,167.2,1305.22,128.5
5.855406,1290.3600000000001,148.425,1279.31,168.42,1301.41,128.43
5.859402,1290.185,147.635,1277.64,167.32,1302.73,127.95
5.863399,1289.27,146.89499999999998,1277.21,167.07,1301.33,126.72
5.867395,1289.02,148.045,1277.66,168.88,1300.38,127.21
5.871391,1289.8200000000002,149.265,1278.38,170.78,1301.26,127.75
5.875387,1291.24,150.095,1279.85,172.25,1302.63,127.94
5.879383,1292.895,150.48,1282.17,173.89,1303.62,127.07
5.883379,1293.075,151.235,1281.49,176.27,1304.66,126.2
5.887375,1294.64,150.845,1281.89,177.03,1307.39,124.66
5.891371,1294.835,151.025,1281.63,179.12,1308.04,122.93
5.895367,1293.8249999999998,150.91500000000002,1278.78,180.49,1308.87,121.34
5.899363,1295.405,148.945,1280.21,178.99,1310.6,118.9
5.903359,1293.83,148.84,1277.87,179.35,1309.79,118.33
5.907355,1293.48,148.63,1278.5,180.18,1308.46,117.08
5.911352,1292.6399999999999,147.875,1277.53,179.38,1307.75,116.37
5.915348,1291.47,146.9,1277.94,177.97,1305.0,115.83
5.919344,1288.475,146.285,1274.95,176.98,1302.0,115.59
5.92334,1288.205,146.64,1275.17,176.6,1301.24,116.68
5.927336,1286.31,146.2,1276.2,175.25,1296.42,117.15
5.931332,1285.9099999999999,146.555,1276.3,173.97,1295.52,119.14
5.935328,1286.2849999999999,146.34,1276.85,170.98,1295.72,121.7
5.939324,1286.84,147.105,1278.35,170.32,1295.33,123.89
5.943324,1286.4450000000002,147.815,1278.68,169.82,1294.21,125.81
5.947324,1287.69,149.3,1281.2,170.33,1294.18,128.27
5.951324,1288.7649999999999,150.175,1282.72,169.61,1294.81,130.74
5.955324,1288.15,150.585,1282.93,169.12,1293.37,132.05
5.959324,1288.245,150.67000000000002,1282.5,168.29,1293.99,133.05
5.963324,1289.125,152.175,1284.05,168.45,1294.2,135.9
5.967323,1289.675,152.785,1284.28,169.13,1295.07,136.44
5.971323,1289.875,153.32,1282.13,168.57,1297.62,138.07
5.975323,1289.375,152.96,1281.33,169.37,1297.42,136.55
5.979323,1290.105,154.54000000000002,1283.44,171.87,1296.77,137.21
5.983323,1290.245,153.72,1282.06,171.2,1298.43,136.24
5.987323,1290.03,155.20999999999998,1282.74,173.2,1297.32,137.22
5.991323,1289.1100000000001,154.76,1281.59,172.97,1296.63,136.55
5.995323,1289.045,155.035,1280.96,173.13,1297.13,136.94
5.999323,1289.83,153.905,1280.22,172.07,1299.44,135.74
6.003322,1290.7649999999999,154.56,1279.57,174.26,1301.96,134.86
6.007322,1291.2849999999999,154.20999999999998,1278.47,174.47,1304.1,133.95
6.011322,1291.495,154.3,1278.84,174.74,1304.15,133.86
6.015322,1294.35,153.41,1283.71,174.88,1304.99,131.94
6.019322,1295.46,152.95,1283.79,175.51,1307.13,130.39
6.023322,1294.5900000000001,153.135,1282.0,176.15,1307.18,130.12
6.027322,1294.3000000000002,153.505,1281.45,177.87,1307.15,129.14
6.031322,1294.4,152.93,1281.09,177.59,1307.71,128.27
6.035322,1294.29,151.715,1279.35,177.11,1309.23,126.32
6.039321,1295.415,151.575,1279.63,176.04,1311.2,127.11
6.043321,1296.37,152.51,1280.99,177.49,1311.75,127.53
6.047323,1296.3899999999999,153.31,1281.75,177.65,1311.03,128.97
6.051325,1296.135,152.44,1282.61,177.89,1309.66,126.99
6.055327,1296.53,150.775,1283.08,178.15,1309.98,123.4
6.059329,1302.03,151.87,1287.33,177.6,1316.73,126.14
6.063331,1343.245,153.195,1326.83,177.81,1359.66,128.58
6.067332,1394.615,153.365,1394.6,177.8,1394.63,128.93
6.071334,1411.69,152.09,1410.41,176.72,1412.97,127.46
6.075336,1411.53,152.015,1408.23,177.88,1414.83,126.15
6.079338,1395.925,151.46,1394.37,176.99,1397.48,125.93
6.08334,1352.99,150.95999999999998,1337.23,177.45,1368.75,124.47
6.087342,1351.755,150.67000000000002,1343.26,176.36,1360.25,124.98
6.091343,1356.565,151.03,1347.06,176.52,1366.07,125.54
6.095345,1375.99,151.57999999999998,1368.98,176.97,1383.0,126.19
6.099347,1374.65,152.60000000000002,1364.86,176.52,1384.44,128.68
6.103349,1381.54,152.79500000000002,1369.84,176.57,1393.24,129.02
6.107351,1375.08,150.76999999999998,1364.74,177.01,1385.42,124.53
6.111353,1373.24,150.255,1359.85,177.17,1386.63,123.34
6.115354,1373.745,150.96,1363.78,177.72,1383.71,124.2
6.119356,1371.93,150.99,1359.7,177.98,1384.16,124.0
6.123358,1370.74,151.7,1358.48,178.4,1383.0,125.0
6.12736,1372.78,153.185,1359.98,179.28,1385.58,127.09
6.131362,1374.25,152.78,1361.36,179.81,1387.14,125.75
6.135364,1376.9850000000001,152.87,1362.77,179.81,1391.2,125.93
6.139365,1376.675,152.0,1362.99,179.39,1390.36,124.61
6.143367,1378.12,151.135,1362.93,178.28,1393.31,123.99
6.14737,1377.08,150.74,1362.13,177.33,1392.03,124.15
6.151373,1378.165,150.92000000000002,1362.34,175.65,1393.99,126.19
6.155376,1378.92,150.89499999999998,1363.51,175.32,1394.33,126.47
6.159379,1380.185,150.81,1365.23,175.93,1395.14,125.69
6.163381,1381.12,149.135,1365.36,172.93,1396.88,125.34
6.167384,1379.8449999999998,149.485,1363.85,173.38,1395.84,125.59
6.171387,1380.815,147.21,1366.67,171.75,1394.96,122.67
6.17539,1381.54,145.795,1366.6,170.51,1396.48,121.08
6.179393,1381.51,145.35500000000002,1368.21,170.43,1394.81,120.28
6.183395,1381.65,144.645,1367.32,169.84,1395.98,119.45
6.187398,1381.1100000000001,144.715,1368.01,169.57,1394.21,119.86
6.191401,1381.13,144.365,1369.07,170.07,1393.19,118.66
6.195404,1382.4,143.99,1369.44,170.59,1395.36,117.39
6.199407,1381.5149999999999,142.65,1368.97,170.27,1394.06,115.03
6.20341,1381.775,141.855,1368.19,169.07,1395.36,114.64
6.207412,1382.01,141.82,1368.8,170.07,1395.22,113.57
6.211415,1382.865,141.35,1370.33,170.79,1395.4,111.91
6.215418,1382.9050000000002,141.095,1369.39,171.47,1396.42,110.72
6.219421,1382.775,142.31,1367.71,171.99,1397.84,112.63
6.223424,1382.88,142.51,1367.4,172.41,1398.36,112.61
6.227427,1383.3400000000001,142.51,1368.26,172.39,1398.42,112.63
6.231429,1384.27,142.21,1368.03,172.97,1400.51,111.45
6.235432,1383.915,142.425,1366.99,173.81,1400.84,111.04
6.239435,1382.52,143.48000000000002,1366.08,174.3,1398.96,112.66
6.243438,1382.705,144.04000000000002,1366.17,174.08,1399.24,114.0
6.247438,1382.105,146.23000000000002,1364.95,176.68,1399.26,115.78
6.251439,1382.37,146.27,1366.97,175.52,1397.77,117.02
6.255439,1380.0749999999998,146.425,1362.83,175.42,1397.32,117.43
6.25944,1381.07,147.345,1364.52,175.02,1397.62,119.67
6.26344,1381.5549999999998,146.705,1367.03,172.87,1396.08,120.54
6.267441,1382.115,147.075,1368.04,173.08,1396.19,121.07
6.271441,1380.9650000000001,147.29500000000002,1368.43,173.09,1393.5,121.5
6.275442,1381.975,147.14,1371.23,171.66,1392.72,122.62
6.279442,1382.22,147.555,1371.98,173.25,1392.46,121.86
6.283443,1382.6399999999999,145.82999999999998,1373.1,170.57,1392.18,121.09
6.287443,1383.955,145.27,1377.45,169.28,1390.46,121.26
6.291444,1383.69,144.35,1378.83,167.73,1388.55,120.97
6.295444,1383.6799999999998,143.81,1378.04,167.13,1389.32,120.49
6.299445,1386.88,143.43,1383.38,165.32,1390.38,121.54
6.303445,1386.51,143.47,1384.08,164.61,1388.94,122.33
6.307446,1385.56,143.13,1381.6,162.13,1389.52,124.13
6.311446,1386.26,143.70499999999998,1382.77,160.98,1389.75,126.43
6.315447,1387.08,143.55,1384.21,160.82,1389.95,126.28
6.319447,1386.53,145.135,1383.46,163.22,1389.6,127.05
6.323448,1387.63,146.48000000000002,1385.98,163.72,1389.28,129.24
6.327448,1388.045,146.23,1386.8,165.32,1389.29,127.14
6.331449,1387.895,145.53,1386.03,163.29,1389.76,127.77
6.335449,1387.155,147.635,1384.51,166.47,1389.8,128.8
6.33945,1386.72,148.39,1383.99,166.75,1389.45,130.03
6.34345,1385.93,148.555,1383.88,168.12,1387.98,128.99
6.347451,1385.055,148.825,1382.14,168.54,1387.97,129.11
6.351446,1386.04,148.065,1383.51,168.64,1388.57,127.49
6.355441,1385.46,148.075,1383.82,169.63,1387.1,126.52
6.359437,1385.3600000000001,147.295,1385.04,169.6,1385.68,124.99
6.363432,1360.005,148.28,1344.69,170.96,1375.32,125.6
6.367427,1244.775,147.74,1216.58,171.84,1272.97,123.64
6.371422,1149.44,148.055,1090.99,172.71,1207.89,123.4
6.375418,1058.8400000000001,150.23,1005.52,178.26,1112.16,122.2
6.379413,1014.585,151.095,946.09,179.25,1083.08,122.94
6.383408,966.53,156.415,905.4,189.37,1027.66,123.46
6.387403,899.845,161.64,852.74,193.76,946.95,129.52
6.391399,837.075,178.155,794.54,213.43,879.61,142.88
6.395394,756.8050000000001,189.265,714.22,228.4,799.39,150.13
6.399389,694.025,192.76,669.01,238.69,719.04,146.83
6.403384,643.31,205.345,618.32,251.04,668.3,159.65
6.40738,607.79,210.235,586.73,252.34,628.85,168.13
6.411375,607.765,211.66,586.75,251.45,628.78,171.87
6.41537,622.755,217.32,613.5,254.33,632.01,180.31
6.419365,642.8050000000001,217.125,641.37,254.51,644.24,179.74
6.423361,645.0,218.995,647.75,251.63,642.25,186.36
6.427356,634.115,224.15499999999997,626.48,257.65,641.75,190.66
6.431351,625.645,224.60500000000002,620.86,258.68,630.43,190.53
6.435346,624.2750000000001,226.425,625.22,261.07,623.33,191.78
6.439342,624.76,228.27,625.98,262.11,623.54,194.43
6.443337,622.86,229.89499999999998,620.15,261.01,625.57,198.78
6.447334,621.835,230.755,619.61,260.74,624.06,200.77
6.45133,622.83,230.545,619.57,258.77,626.09,202.32
6.455327,622.4849999999999,231.61,620.18,258.94,624.79,204.28
6.459324,619.71,231.77499999999998,617.33,254.89,622.09,208.66
6.463321,620.2750000000001,231.755,620.1,252.11,620.45,211.4
6.467318,619.94,233.96,618.12,254.49,621.76,213.43
6.471315,618.78,232.95,619.31,253.76,618.25,212.14
6.475311,620.335,233.8,620.25,252.77,620.42,214.83
6.479308,619.02,233.865,615.4,249.98,622.64,217.75
6.483305,620.085,231.28500000000003,616.33,245.99,623.84,216.58
6.487302,621.275,232.58499999999998,617.38,247.23,625.17,217.94
6.491299,620.975,230.78,618.33,242.7,623.62,218.86
6.495295,621.975,229.97,619.85,239.13,624.1,220.81
6.499292,621.815,228.86,619.64,236.2,623.99,221.52
6.503289,624.155,228.52,623.13,233.99,625.18,223.05
6.507286,623.375,229.61,622.25,236.5,624.5,222.72
6.511283,623.41,227.945,622.68,232.46,624.14,223.43
6.51528,624.0550000000001,228.35,622.4,230.88,625.71,225.82
6.519276,625.0350000000001,228.64,623.88,229.02,626.19,228.26
6.523273,625.73,229.44,624.99,230.43,626.47,228.45
6.52727,627.125,229.79500000000002,627.49,230.33,626.76,229.26
6.531267,627.065,230.32999999999998,627.69,230.07,626.44,230.59
6.535264,628.375,230.47,629.13,229.82,627.62,231.12
6.539261,629.4,230.375,629.55,230.89,629.25,229.86
6.543257,629.96,231.48,630.07,233.17,629.85,229.79
6.547254,629.78,232.47500000000002,629.0,233.09,630.56,231.86
6.551251,630.755,231.95499999999998,629.49,232.98,632.02,230.93
6.555252,630.595,231.915,629.92,234.38,631.27,229.45
6.559254,631.5550000000001,232.67000000000002,631.49,237.82,631.62,227.52
6.563255,632.155,232.65,632.96,238.65,631.35,226.65
6.567256,633.21,232.305,634.59,238.8,631.83,225.81
6.571258,634.2449999999999,232.035,637.18,239.2,631.31,224.87
6.575259,635.14,232.79500000000002,638.43,240.58,631.85,225.01
6.57926,635.815,233.25,639.73,241.81,631.9,224.69
6.583262,636.75,234.43,641.04,244.53,632.46,224.33
6.587263,636.595,234.13,640.81,243.01,632.38,225.25
6.591264,637.615,234.99,642.18,246.05,633.05,223.93
6.595265,637.565,234.75,642.67,247.13,632.46,222.37
6.599267,638.31,234.765,643.11,247.32,633.51,222.21
6.603268,631.73,234.44,634.72,247.72,628.74,221.16
6.607269,557.715,235.47,543.72,250.48,571.71,220.46
6.611271,460.92,240.76,448.49,260.67,473.35,220.85
6.615272,385.095,242.24,382.5,263.24,387.69,221.24
6.619273,345.68,243.6,317.13,263.84,374.23,223.36
6.623275,324.16499999999996,245.315,310.39,264.23,337.94,226.4
6.627276,321.955,248.84,311.08,266.88,332.83,230.8
6.631277,323.95000000000005,249.885,319.85,267.04,328.05,232.73
6.635279,345.83500000000004,249.04000000000002,356.55,265.25,335.12,232.83
6.63928,351.385,247.29000000000002,364.67,262.0,338.1,232.58
6.643281,348.01,247.865,358.66,266.85,337.36,228.88
6.647284,335.55,249.39,336.16,264.03,334.94,234.75
6.651286,334.165,252.495,334.22,264.15,334.11,240.84
6.655288,331.03,250.805,330.97,260.15,331.09,241.46
6.659291,326.435,250.57,324.87,258.15,328.0,242.99
6.663293,323.145,250.08499999999998,321.11,257.57,325.18,242.6
6.667296,323.78499999999997,249.55,322.92,257.06,324.65,242.04
6.671298,323.345,248.995,322.91,257.11,323.78,240.88
6.6753,323.1,249.285,322.62,255.67,323.58,242.9
6.679303,321.43,248.52999999999997,321.31,254.92,321.55,242.14
6.683305,318.66499999999996,249.925,318.06,255.36,319.27,244.49
6.687308,318.08000000000004,250.325,317.29,254.28,318.87,246.37
6.69131,316.17,250.60500000000002,313.74,254.93,318.6,246.28
6.695312,316.38,250.715,313.03,253.83,319.73,247.6
6.699315,315.45,251.84,311.94,254.93,318.96,248.75
6.703317,316.46500000000003,254.2,312.66,256.21,320.27,252.19
6.70732,318.29999999999995,255.115,313.52,253.92,323.08,256.31
6.711322,319.43,255.69,314.55,253.33,324.31,258.05
6.715324,319.62,254.72,315.01,252.12,324.23,257.32
6.719327,318.255,254.20999999999998,314.04,251.92,322.47,256.5
6.723329,318.03999999999996,254.93,314.32,251.61,321.76,258.25
6.727331,317.635,255.72,313.86,253.07,321.41,258.37
6.731334,319.19,255.04000000000002,315.95,252.21,322.43,257.87
6.735336,318.77,254.335,317.01,250.7,320.53,257.97
6.739339,319.15999999999997,255.535,318.81,252.06,319.51,259.01
6.743341,319.02,255.65,318.87,253.06,319.17,258.24
6.747343,318.065,253.18,318.26,252.08,317.87,254.28
6.751346,317.39,252.45,318.21,252.26,316.57,252.64
6.755348,316.185,250.625,317.42,249.51,314.95,251.74
6.759351,315.765,249.97500000000002,317.7,250.05,313.83,249.9
6.763353,315.645,249.54000000000002,317.03,251.71,314.26,247.37
6.767355,316.66499999999996,250.255,317.34,253.58,315.99,246.93
6.771357,318.93,250.405,319.2,254.87,318.66,245.94
6.775359,318.365,250.66,319.66,254.89,317.07,246.43
6.779361,318.025,251.015,318.89,255.85,317.16,246.18
6.783364,316.98,250.655,317.62,255.73,316.34,245.58
6.787366,320.13,251.87,323.06,257.38,317.2,246.36
6.791368,318.525,253.35000000000002,320.58,257.47,316.47,249.23
6.79537,319.73,254.04500000000002,322.91,257.06,316.55,251.03
6.799372,320.15,253.19,323.32,257.34,316.98,249.04
6.803374,321.89,254.615,325.09,257.07,318.69,252.16
6.807376,321.94500000000005,254.19,325.48,255.1,318.41,253.28
6.811379,318.93499999999995,253.165,324.03,252.1,313.84,254.23
6.815381,311.28499999999997,252.60500000000002,313.9,251.35,308.67,253.86
6.819383,286.015,252.14,276.95,250.87,295.08,253.41
6.823385,274.405,253.20999999999998,276.01,251.22,272.8,255.2
6.827387,277.89,253.505,283.21,250.56,272.57,256.45
6.831389,292.865,254.635,294.58,248.92,291.15,260.35
6.835391,290.94,253.485,291.89,247.49,289.99,259.48
6.839394,284.25,252.91500000000002,285.76,246.96,282.74,258.87
6.843396,283.15,254.155,285.47,248.88,280.83,259.43
6.847396,279.755,253.42000000000002,279.33,248.49,280.18,258.35
6.851395,278.555,253.555,278.24,249.82,278.87,257.29
6.855395,276.355,254.445,274.48,252.03,278.23,256.86
6.859395,275.805,254.9,274.24,252.64,277.37,257.16
6.863395,274.075,254.825,271.76,253.32,276.39,256.33
6.867395,273.545,253.63,271.37,252.24,275.72,255.02
6.871395,273.615,252.255,270.82,250.93,276.41,253.58
6.875394,271.97,250.515,268.62,249.13,275.32,251.9
6.879394,269.96000000000004,249.78,266.11,249.21,273.81,250.35
6.883394,269.17499999999995,249.985,265.03,250.32,273.32,249.65
6.887394,268.42,247.675,263.04,247.49,273.8,247.86
6.891394,266.405,246.85,263.67,246.79,269.14,246.91
6.895394,264.6,245.83499999999998,263.16,246.04,266.04,245.63
6.899393,264.46000000000004,245.89,263.86,246.12,265.06,245.66
6.903393,264.16499999999996,244.685,263.99,246.09,264.34,243.28
6.907393,265.025,243.155,266.6,246.06,263.45,240.25
6.911393,265.92999999999995,243.315,269.09,247.3,262.77,239.33
6.915393,266.28,243.915,271.26,250.2,261.3,237.63
6.919392,267.94,247.085,274.78,255.24,261.1,238.93
6.923392,267.03499999999997,245.70999999999998,275.4,255.51,258.67,235.91
6.927392,267.645,247.23499999999999,277.02,258.59,258.27,235.88
6.931392,267.18,248.255,277.57,260.23,256.79,236.28
6.935392,267.81500000000005,248.59500000000003,278.22,262.22,257.41,234.97
6.939392,268.265,249.465,277.92,261.82,258.61,237.11
6.943391,267.66499999999996,248.55,276.71,261.02,258.62,236.08
6.947391,267.125,250.235,277.14,263.47,257.11,237.0
6.951391,267.3,251.51,276.93,264.26,257.67,238.76
6.955391,267.46500000000003,252.0,276.83,263.81,258.1,240.19
6.959391,267.855,253.25,276.27,264.56,259.44,241.94
6.963391,268.46500000000003,253.57999999999998,275.35,263.75,261.58,243.41
6.967391,269.09000000000003,254.135,275.07,262.94,263.11,245.33
6.971392,269.975,254.29500000000002,275.78,262.13,264.17,246.46
6.975392,270.885,253.97000000000003,275.93,261.11,265.84,246.83
6.979392,272.375,254.74,276.58,260.16,268.17,249.32
6.983393,271.985,253.94,276.33,259.4,267.64,248.48
6.987393,273.065,254.32999999999998,278.09,259.52,268.04,249.14
6.991394,274.96500000000003,255.355,278.76,259.57,271.17,251.14
6.995394,276.61,256.5,280.82,260.45,272.4,252.55
6.999395,276.70000000000005,257.68,280.86,261.4,272.54,253.96
7.003395,277.485,257.275,282.06,259.43,272.91,255.12
7.007396,277.655,257.035,282.18,257.22,273.13,256.85
7.011396,278.77,257.71000000000004,284.13,257.31,273.41,258.11
7.015397,279.21500000000003,255.04500000000002,285.74,255.79,272.69,254.3
7.019397,280.105,255.995,286.25,255.01,273.96,256.98
7.023398,279.435,255.135,286.12,254.95,272.75,255.32
7.027398,279.91999999999996,255.12,285.69,255.24,274.15,255.0
7.031399,279.54999999999995,255.67000000000002,284.07,255.02,275.03,256.32
7.035399,279.675,255.315,285.42,254.56,273.93,256.07
7.0394,277.57,253.465,283.03,252.66,272.11,254.27
7.0434,277.66999999999996,252.17000000000002,282.19,250.66,273.15,253.68
7.047401,277.14,252.075,282.36,251.43,271.92,252.72
7.051401,277.33500000000004,250.785,281.41,252.12,273.26,249.45
7.055402,276.64,250.415,281.66,252.41,271.62,248.42
7.059402,275.605,250.8,280.48,252.9,270.73,248.7
7.063403,273.275,250.62,278.81,253.78,267.74,247.46
7.067403,273.01,250.14499999999998,279.4,253.89,266.62,246.4
7.071404,270.59000000000003,248.81,278.46,253.08,262.72,244.54
7.075404,270.6,248.35500000000002,278.45,252.06,262.75,244.65
7.079405,271.995,247.28,279.75,251.41,264.24,243.15
7.083405,272.495,247.70499999999998,280.25,252.9,264.74,242.51
7.087406,272.39,247.805,281.61,254.08,263.17,241.53
7.091406,272.635,248.165,281.2,255.1,264.07,241.23
7.095407,270.90999999999997,247.755,280.79,254.12,261.03,241.39
7.099407,270.90999999999997,247.42000000000002,279.04,254.69,262.78,240.15
7.103408,268.715,246.95,275.53,255.36,261.9,238.54
7.107408,269.99,247.67000000000002,276.47,256.07,263.51,239.27
7.111409,269.78499999999997,247.305,274.8,256.56,264.77,238.05
7.115409,272.19,248.40499999999997,277.67,256.89,266.71,239.92
7.11941,274.83500000000004,248.79,283.1,258.65,266.57,238.93
7.12341,275.49,250.46499999999997,285.33,260.4,265.65,240.53
7.127411,275.185,251.0,284.0,260.95,266.37,241.05
7.131412,276.675,251.585,285.66,261.18,267.69,241.99
7.135412,275.645,252.22,284.61,262.39,266.68,242.05
7.139413,275.54499999999996,252.89000000000001,283.28,263.41,267.81,242.37
7.143413,276.08,253.39,283.08,262.69,269.08,244.09
7.147414,277.17499999999995,253.64000000000001,284.4,263.29,269.95,243.99
7.151414,277.735,253.985,285.7,262.67,269.77,245.3
7.155415,278.08,255.16000000000003,285.76,262.79,270.4,247.53
7.159415,277.07,256.1,285.75,263.25,268.39,248.95
7.163416,278.61,255.45,286.65,261.96,270.57,248.94
7.167416,278.575,255.48,284.89,261.59,272.26,249.37
7.171411,277.485,255.73000000000002,285.28,262.13,269.69,249.33
7.175407,277.14,256.42499999999995,284.83,263.28,269.45,249.57
7.179402,276.735,256.725,283.98,262.61,269.49,250.84
7.183397,276.6,257.265,283.58,262.94,269.62,251.59
7.187392,276.295,257.56,283.47,263.36,269.12,251.76
7.191387,277.15999999999997,257.645,283.2,262.71,271.12,252.58
7.195382,275.15,257.905,282.45,262.71,267.85,253.1
7.199378,275.905,257.99,281.17,262.87,270.64,253.11
7.203373,287.46000000000004,258.145,289.51,262.91,285.41,253.38
7.207368,328.805,257.81,333.63,261.23,323.98,254.39
7.211363,371.77,258.91499999999996,360.45,261.83,383.09,256.0
7.215358,380.98,258.345,379.08,259.82,382.88,256.87
7.219354,378.635,257.49,374.59,257.57,382.68,257.41
7.223349,377.615,257.12,376.43,257.65,378.8,256.59
7.227344,371.685,256.865,375.23,256.79,368.14,256.94
7.231339,373.645,257.90999999999997,373.99,257.77,373.3,258.05
7.235334,372.255,258.125,370.17,258.38,374.34,257.87
7.239329,373.24,258.685,376.21,259.12,370.27,258.25
7.243325,376.65,259.235,377.19,258.35,376.11,260.12
7.247319,378.255,259.305,377.5,258.56,379.01,260.05
7.251313,378.76,259.33500000000004,377.78,259.63,379.74,259.04
7.255307,377.885,259.23,377.96,261.13,377.81,257.33
7.259301,377.16499999999996,259.115,376.93,261.0,377.4,257.23
7.263296,377.09000000000003,259.855,377.54,262.47,376.64,257.24
7.26729,377.345,259.655,377.62,261.96,377.07,257.35
7.271284,378.235,259.63,377.97,260.83,378.5,258.43
7.275278,379.425,259.925,379.47,261.38,379.38,258.47
7.279273,380.06,261.52,380.07,262.79,380.05,260.25
7.283267,379.245,262.525,378.16,264.1,380.33,260.95
7.287261,378.935,262.565,378.44,265.55,379.43,259.58
7.291255,379.445,264.52,379.09,267.41,379.8,261.63
7.295249,380.125,264.595,379.94,267.65,380.31,261.54
7.299244,380.64,264.935,381.7,267.85,379.58,262.02
7.303238,380.795,264.125,382.12,266.88,379.47,261.37
7.307232,380.58,264.035,382.08,265.97,379.08,262.1
7.311226,380.56,263.96500000000003,381.93,265.68,379.19,262.25
7.31522,381.02,262.855,382.76,265.47,379.28,260.24
7.319215,380.76,262.25,382.89,264.44,378.63,260.06
7.323209,381.15999999999997,261.56,383.52,263.68,378.8,259.44
7.327203,381.365,261.155,383.74,262.81,378.99,259.5
7.331197,380.995,260.87,384.37,262.25,377.62,259.49
7.335191,380.34000000000003,259.93,383.39,261.14,377.29,258.72
7.339186,378.755,259.54499999999996,381.53,260.83,375.98,258.26
7.34318,378.285,259.21500000000003,380.66,259.71,375.91,258.72
7.347174,376.66999999999996,260.175,378.39,260.42,374.95,259.93
7.351168,378.1,260.49,380.1,260.89,376.1,260.09
7.355162,377.37,261.71500000000003,379.69,263.33,375.05,260.1
7.359157,377.375,262.25,379.51,263.32,375.24,261.18
7.363151,376.735,263.325,379.34,264.13,374.13,262.52
7.367145,375.835,263.765,378.27,265.2,373.4,262.33
7.371139,375.925,263.78999999999996,379.36,265.93,372.49,261.65
7.375138,376.16,263.895,379.35,265.26,372.97,262.53
7.379136,376.0,263.58000000000004,380.52,264.36,371.48,262.8
7.383134,376.935,263.41499999999996,381.68,264.4,372.19,262.43
7.387133,378.58500000000004,263.315,384.24,264.44,372.93,262.19
7.391131,379.45,261.96500000000003,385.31,263.47,373.59,260.46
7.395129,378.04999999999995,261.11,384.53,262.62,371.57,259.6
7.399128,376.975,260.395,382.92,261.93,371.03,258.86
7.403126,376.77,259.345,382.89,260.74,370.65,257.95
7.407124,375.755,257.595,381.68,258.72,369.83,256.47
7.411123,376.4,256.64,382.77,257.09,370.03,256.19
7.415121,375.92499999999995,256.32500000000005,382.28,255.86,369.57,256.79
7.419119,376.55,255.55,382.29,254.08,370.81,257.02
7.423118,376.635,254.715,382.37,253.87,370.9,255.56
7.427116,375.77,253.715,381.43,252.62,370.11,254.81
7.431114,375.14,254.25,380.2,252.96,370.08,255.54
7.435113,374.52,254.68,379.39,252.59,369.65,256.77
7.439111,374.90999999999997,254.67000000000002,379.0,253.16,370.82,256.18
7.443109,375.32,254.82,378.64,252.69,372.0,256.95
7.447112,374.39,255.39999999999998,376.8,253.04,371.98,257.76
7.451116,374.005,256.765,375.1,254.56,372.91,258.97
7.455119,372.645,256.87,372.37,254.42,372.92,259.32
7.459122,373.14,256.94,370.87,255.24,375.41,258.64
7.463125,371.515,257.875,370.73,257.24,372.3,258.51
7.467128,371.30499999999995,258.84000000000003,369.9,258.19,372.71,259.49
7.471131,371.985,260.62,369.4,261.56,374.57,259.68
7.475134,373.38,261.01,370.0,262.3,376.76,259.72
7.479137,371.91499999999996,262.185,370.32,264.6,373.51,259.77
7.48314,372.81,263.54499999999996,370.47,266.28,375.15,260.81
7.487143,375.015,264.46,372.61,267.33,377.42,261.59
7.491146,374.845,265.05,372.93,268.67,376.76,261.43
7.495149,373.82,265.71500000000003,372.7,270.1,374.94,261.33
7.499152,375.385,267.42,375.23,271.98,375.54,262.86
7.503155,375.92499999999995,267.83000000000004,378.01,272.68,373.84,262.98
7.507158,376.08000000000004,267.87,377.68,272.82,374.48,262.92
7.511161,378.155,268.86,378.32,273.4,377.99,264.32
7.515164,377.995,268.445,379.27,272.09,376.72,264.8
7.519167,378.36,269.08000000000004,380.43,271.48,376.29,266.68
7.52317,379.35,268.71500000000003,381.3,270.96,377.4,266.47
7.527173,379.6,268.33500000000004,381.5,270.68,377.7,265.99
7.531176,378.91999999999996,267.62,381.77,269.88,376.07,265.36
7.535179,379.155,267.28999999999996,382.66,269.02,375.65,265.56
7.539183,380.0,267.13,382.6,269.04,377.4,265.22
7.543186,381.02,266.15,383.92,269.11,378.12,263.19
7.547189,380.81,265.91499999999996,383.35,268.24,378.27,263.59
7.551192,381.51,266.06,383.47,269.24,379.55,262.88
7.555195,380.51,265.20500000000004,381.77,268.36,379.25,262.05
7.559198,379.62,264.905,380.41,268.3,378.83,261.51
7.563201,377.56,264.515,378.54,267.85,376.58,261.18
7.567204,378.51,264.26,379.81,268.56,377.21,259.96
7.571207,377.755,265.28,379.91,268.97,375.6,261.59
7.57521,377.255,264.23,377.41,268.24,377.1,260.22
7.579214,377.205,263.32500000000005,376.89,266.92,377.52,259.73
7.583218,377.91499999999996,263.78,377.05,268.71,378.78,258.85
7.587222,378.14,262.67499999999995,376.57,266.32,379.71,259.03
7.591226,378.055,261.775,375.67,264.28,380.44,259.27
7.59523,378.1,261.825,375.08,264.21,381.12,259.44
7.599235,378.39,262.895,376.48,265.9,380.3,259.89
7.603239,378.44,262.345,374.81,266.45,382.07,258.24
7.607243,380.04499999999996,261.595,376.89,264.3,383.2,258.89
7.611247,380.205,264.695,377.59,268.14,382.82,261.25
7.615251,379.365,261.885,374.44,264.65,384.29,259.12
7.619255,378.635,263.58500000000004,373.25,266.25,384.02,260.92
7.623259,380.325,263.725,375.9,265.92,384.75,261.53
7.627263,378.655,263.885,373.58,265.68,383.73,262.09
7.631268,378.16499999999996,265.845,373.01,269.01,383.32,262.68
7.635272,378.08000000000004,266.195,370.98,269.19,385.18,263.2
7.639276,378.265,266.235,372.61,268.54,383.92,263.93
7.64328,379.06,266.67499999999995,373.76,269.28,384.36,264.07
7.647281,379.52,267.86,375.02,270.61,384.02,265.11
7.651281,378.81,267.155,373.23,268.61,384.39,265.7
7.655282,378.895,267.245,374.1,269.16,383.69,265.33
7.659283,377.145,268.04999999999995,372.29,270.07,382.0,266.03
7.663283,378.13,267.79999999999995,375.12,270.01,381.14,265.59
7.667284,378.08,268.565,375.27,269.74,380.89,267.39
7.671285,379.45500000000004,268.435,375.91,270.29,383.0,266.58
7.675285,378.77,268.235,376.14,269.21,381.4,267.26
7.679286,379.815,267.65999999999997,377.42,267.77,382.21,267.55
7.683287,379.925,268.515,378.16,268.04,381.69,268.99
7.687288,380.07,269.90999999999997,378.01,269.95,382.13,269.87
7.691288,378.65,269.745,376.96,269.36,380.34,270.13
7.695289,379.58,270.05,377.71,270.23,381.45,269.87
7.69929,379.045,270.36,376.43,270.35,381.66,270.37
7.70329,379.6,268.95,376.3,267.71,382.9,270.19
7.707291,378.43,269.36,375.81,268.84,381.05,269.88
7.711292,378.58,267.46500000000003,375.28,266.58,381.88,268.35
7.715292,378.245,268.525,375.34,267.92,381.15,269.13
7.719293,376.875,267.4,374.72,265.79,379.03,269.01
7.723294,376.46500000000003,268.435,375.82,268.01,377.11,268.86
7.727294,376.02,268.555,372.56,269.57,379.48,267.54
7.731295,376.24,266.19,373.61,264.87,378.87,267.51
7.735296,377.125,264.34000000000003,372.3,264.51,381.95,264.17
7.739297,375.31,264.78499999999997,370.5,262.82,380.12,266.75
7.743297,376.09000000000003,264.185,370.57,263.41,381.61,264.96
7.747298,383.48,264.39,377.45,264.41,389.51,264.37
7.751299,425.66499999999996,263.545,412.83,262.62,438.5,264.47
7.755299,478.485,262.455,469.16,261.07,487.81,263.84
7.7593,491.89,259.985,482.64,259.32,501.14,260.65
7.763301,500.645,257.305,493.42,255.68,507.87,258.93
7.767301,503.34000000000003,255.83499999999998,496.69,256.2,509.99,255.47
7.771302,499.01,255.07,493.47,255.59,504.55,254.55
7.775303,499.135,255.64,491.57,255.78,506.7,255.5
7.779303,493.58,255.465,492.27,255.9,494.89,255.03
7.783304,498.28499999999997,255.60000000000002,493.54,258.54,503.03,252.66
7.787304,501.49,254.555,496.53,257.06,506.45,252.05
7.791305,501.39,254.7,497.27,257.82,505.51,251.58
7.795305,503.28499999999997,254.86,498.78,257.55,507.79,252.17
7.799306,504.12,256.26,499.72,259.04,508.52,253.48
7.803306,505.38,259.42,500.62,262.1,510.14,256.74
7.807307,505.17499999999995,260.03999999999996,499.82,262.32,510.53,257.76
7.811307,504.46500000000003,260.72,499.05,262.87,509.88,258.57
7.815308,506.03,261.39,499.46,263.37,512.6,259.41
7.819308,506.6,261.87,499.7,264.55,513.5,259.19
7.823309,507.44500000000005,263.84000000000003,501.3,265.92,513.59,261.76
7.827309,508.58000000000004,263.115,501.56,264.16,515.6,262.07
7.83131,507.71000000000004,263.23,499.3,262.76,516.12,263.7
7.83531,507.80499999999995,263.575,497.8,262.75,517.81,264.4
7.839311,506.37,262.1,495.58,260.42,517.16,263.78
7.843311,505.925,261.485,495.89,260.71,515.96,262.26
7.847311,506.895,261.53999999999996,497.84,261.12,515.95,261.96
7.85131,506.455,261.815,498.87,261.25,514.04,262.38
7.85531,506.92,262.67499999999995,499.22,263.51,514.62,261.84
7.859309,507.19000000000005,262.455,501.8,264.09,512.58,260.82
7.863309,505.81,262.65999999999997,501.49,264.13,510.13,261.19
7.867308,506.24,263.09000000000003,501.81,266.07,510.67,260.11
7.871308,506.27,263.525,503.57,265.63,508.97,261.42
7.875308,507.52,265.145,506.6,270.16,508.44,260.13
7.879307,507.105,264.605,506.65,270.44,507.56,258.77
7.883307,508.755,265.97,509.05,272.45,508.46,259.49
7.887306,509.295,266.07500000000005,510.48,272.72,508.11,259.43
7.891306,509.025,265.615,511.07,272.04,506.98,259.19
7.895305,508.405,264.965,509.16,272.34,507.65,257.59
7.899305,508.6,264.85,508.35,271.89,508.85,257.81
7.903305,508.785,263.57000000000005,508.47,268.72,509.1,258.42
7.907304,508.625,260.955,505.88,266.14,511.37,255.77
7.911304,509.365,260.865,507.37,265.37,511.36,256.36
7.915303,509.655,260.195,506.67,265.54,512.64,254.85
7.919303,509.615,259.12,506.08,264.02,513.15,254.22
7.923302,509.415,258.62,506.49,263.4,512.34,253.84
7.927302,507.68499999999995,257.145,502.96,262.05,512.41,252.24
7.931302,507.67,256.3,502.38,260.64,512.96,251.96
7.935301,508.03000000000003,256.33000000000004,501.22,260.3,514.84,252.36
7.939301,508.78499999999997,256.03499999999997,502.28,259.84,515.29,252.23
7.9433,509.005,255.505,502.01,259.32,516.0,251.69
7.9473,508.985,255.255,502.01,258.81,515.96,251.7
7.951299,508.45,254.75,501.73,257.84,515.17,251.66
7.955299,509.075,254.765,502.26,257.69,515.89,251.84
7.959299,508.745,255.43,503.07,259.73,514.42,251.13
7.963298,509.77500000000003,256.435,503.61,260.74,515.94,252.13
7.967298,509.485,254.96,503.11,257.68,515.86,252.24
7.971297,509.29999999999995,254.835,502.84,256.73,515.76,252.94
7.975297,509.165,256.01,503.64,258.83,514.69,253.19
7.979296,509.995,257.515,504.97,262.34,515.02,252.69
7.983296,510.615,258.04,506.62,263.11,514.61,252.97
7.987295,511.335,257.79,507.99,262.16,514.68,253.42
7.991293,510.27,257.95500000000004,507.11,262.11,513.43,253.8
7.995292,511.82500000000005,258.66,508.29,263.29,515.36,254.03
7.99929,510.47,259.64,507.09,264.23,513.85,255.05
8.003289,510.1,259.835,506.23,264.28,513.97,255.39
8.007288,508.375,259.85,507.33,264.71,509.42,254.99
8.011286,509.82,261.12,508.15,267.28,511.49,254.96
8.015285,509.795,262.795,509.42,270.6,510.17,254.99
8.019283,511.07,262.52,511.06,271.51,511.08,253.53
8.023282,512.6800000000001,261.755,512.75,270.4,512.61,253.11
8.027281,512.845,261.785,513.51,271.41,512.18,252.16
8.031279,512.765,261.14,513.56,271.36,511.97,250.92
8.035278,513.33,260.08,515.1,271.76,511.56,248.4
8.039276,513.03,259.795,515.01,272.41,511.05,247.18
8.043275,513.365,258.715,515.39,273.65,511.34,243.78
8.047274,512.965,259.46,515.47,273.95,510.46,244.97
8.051273,513.76,258.945,514.87,274.7,512.65,243.19
8.055273,513.3499999999999,259.39,514.55,272.7,512.15,246.08
8.059272,513.185,258.39,513.8,272.11,512.57,244.67
8.063271,513.3599999999999,257.45500000000004,514.41,270.67,512.31,244.24
8.06727,510.825,257.345,510.34,270.22,511.31,244.47
8.07127,509.685,258.04499999999996,509.04,268.59,510.33,247.5
8.075269,509.72,257.565,507.79,268.22,511.65,246.91
8.079268,507.945,259.775,505.34,268.86,510.55,250.69
8.083267,508.38,260.175,505.86,268.87,510.9,251.48
8.087266,507.745,260.39,506.26,267.85,509.23,252.93
8.091266,509.15,261.995,508.16,267.97,510.14,256.02
8.095265,507.53499999999997,263.5,507.24,267.59,507.83,259.41
8.099264,504.25,263.12,504.15,268.12,504.35,258.12
8.103263,493.685,262.945,490.71,269.3,496.66,256.59
8.107263,488.24,264.95,486.64,269.0,489.84,260.9
8.111262,487.3,264.61,489.25,268.21,485.35,261.01
8.115261,491.33,264.73,490.63,266.5,492.03,262.96
8.11926,491.42999999999995,264.355,494.58,265.4,488.28,263.31
8.123259,487.22,265.225,489.38,265.13,485.06,265.32
8.127259,482.015,263.45,482.34,264.77,481.69,262.13
8.131258,481.73,264.66499999999996,481.58,266.8,481.88,262.53
8.135257,481.44000000000005,263.22,480.41,265.73,482.47,260.71
8.139256,478.005,263.845,478.36,266.12,477.65,261.57
8.143255,477.81500000000005,263.07,476.66,263.64,478.97,262.5
8.147255,478.82500000000005,263.355,477.73,262.54,479.92,264.17
8.151254,479.26,263.045,477.31,261.97,481.21,264.12
8.155253,480.32,263.12,477.82,262.91,482.82,263.33
8.159252,480.40999999999997,262.70500000000004,478.02,262.31,482.8,263.1
8.163252,479.265,263.33000000000004,476.02,263.73,482.51,262.93
8.167251,479.12,262.59000000000003,476.63,263.11,481.61,262.07
8.17125,479.335,262.74,476.9,263.47,481.77,262.01
8.175249,479.53499999999997,263.45,476.86,264.03,482.21,262.87
8.179248,478.99,263.855,477.48,264.49,480.5,263.22
8.183248,480.03999999999996,263.98,477.09,264.94,482.99,263.02
8.187247,480.355,264.205,477.69,265.4,483.02,263.01
8.191246,482.165,264.20500000000004,478.04,266.3,486.29,262.11
8.195246,482.97,263.84000000000003,479.22,266.76,486.72,260.92
8.199245,483.215,264.65999999999997,479.78,266.78,486.65,262.54
8.203244,481.715,264.625,479.15,267.6,484.28,261.65
8.207243,482.035,264.28999999999996,478.47,267.19,485.6,261.39
8.211243,481.98,263.965,478.04,266.53,485.92,261.4
8.215242,482.895,263.46000000000004,477.92,265.92,487.87,261.0
8.219241,482.105,263.15,477.54,265.32,486.67,260.98
8.223241,481.42,263.0,475.37,264.48,487.47,261.52
8.22724,481.03,262.945,476.09,264.89,485.97,261.0
8.231239,480.53499999999997,262.89,474.95,265.58,486.12,260.2
8.235239,480.59000000000003,262.79499999999996,475.02,265.06,486.16,260.53
8.239238,479.93,261.28999999999996,475.44,263.57,484.42,259.01
8.243237,480.49,259.955,476.73,262.15,484.25,257.76
8.247237,481.13,260.2,476.34,262.62,485.92,257.78
8.251237,481.92,260.78,477.67,262.74,486.17,258.82
8.255237,481.505,260.41999999999996,478.5,263.51,484.51,257.33
8.259237,480.095,261.79499999999996,477.56,265.81,482.63,257.78
8.263237,480.4,263.25,478.02,267.76,482.78,258.74
8.267237,480.41499999999996,262.61,478.52,268.73,482.31,256.49
8.271237,480.43,263.08,478.37,268.08,482.49,258.08
8.275237,480.365,263.81,479.49,267.92,481.24,259.7
8.279237,480.3,264.82,479.63,270.88,480.97,258.76
8.283237,480.28499999999997,266.71500000000003,480.2,272.06,480.37,261.37
8.287237,479.85,266.985,481.08,272.73,478.62,261.24
8.291237,480.13,266.34000000000003,483.04,271.37,477.22,261.31
8.295237,480.515,267.24,484.12,272.82,476.91,261.66
8.299237,479.46500000000003,267.095,481.22,272.47,477.71,261.72
8.303237,479.515,267.57,481.77,272.12,477.26,263.02
8.307237,480.26,268.41499999999996,483.0,272.01,477.52,264.82
8.311237,480.12,268.05,481.6,271.29,478.64,264.81
8.315237,479.19,267.905,480.83,270.84,477.55,264.97
8.319237,481.16999999999996,267.98,483.03,271.79,479.31,264.17
8.323237,491.195,268.3,494.07,271.88,488.32,264.72
8.327237,555.375,266.255,541.39,268.83,569.36,263.68
8.331237,598.175,264.695,583.86,266.15,612.49,263.24
8.335237,621.1600000000001,263.135,602.34,265.11,639.98,261.16
8.339237,610.395,261.125,598.05,262.5,622.74,259.75
8.343237,584.48,261.52,583.37,263.9,585.59,259.14
8.347237,582.935,262.385,580.08,263.63,585.79,261.14
8.351237,583.525,259.315,579.76,259.6,587.29,259.03
8.355237,587.7650000000001,259.295,583.71,259.16,591.82,259.43
8.359237,590.135,258.86,585.29,257.55,594.98,260.17
8.363237,593.9100000000001,258.335,585.88,255.17,601.94,261.5
8.367237,594.125,257.18,588.96,252.74,599.29,261.62
8.371237,595.56,256.84000000000003,592.06,251.96,599.06,261.72
8.375237,595.0799999999999,256.53499999999997,589.77,252.12,600.39,260.95
8.379237,594.325,255.745,590.5,253.79,598.15,257.7
8.383238,592.155,256.285,588.27,253.78,596.04,258.79
8.387238,593.6600000000001,257.3,589.73,252.97,597.59,261.63
8.391238,594.435,256.765,590.39,253.76,598.48,259.77
8.395238,595.76,258.135,592.0,256.46,599.52,259.81
8.399238,595.6949999999999,257.95000000000005,591.97,256.74,599.42,259.16
8.403239,595.46,257.62,591.39,256.46,599.53,258.78
8.407239,595.835,258.06,593.06,258.37,598.61,257.75
8.41124,595.88,258.135,594.33,259.08,597.43,257.19
8.41524,596.48,258.55,594.53,260.16,598.43,256.94
8.41924,596.065,261.28,594.63,261.98,597.5,260.58
8.423241,598.5350000000001,261.095,599.59,261.8,597.48,260.39
8.427241,601.69,262.66999999999996,602.99,263.69,600.39,261.65
8.431242,601.2950000000001,262.22,602.59,264.89,600.0,259.55
8.435242,601.605,263.765,602.01,266.48,601.2,261.05
8.439243,601.805,263.56500000000005,602.68,265.97,600.93,261.16
8.443243,604.2750000000001,264.75,605.2,266.6,603.35,262.9
8.447243,603.86,266.78,605.28,267.54,602.44,266.02
8.451243,604.01,266.32500000000005,605.38,268.18,602.64,264.47
8.455244,603.6500000000001,267.795,604.23,270.47,603.07,265.12
8.459244,602.94,267.73,602.33,271.27,603.55,264.19
8.463244,601.29,266.92499999999995,600.51,270.95,602.07,262.9
8.467244,601.2349999999999,267.28999999999996,601.05,271.46,601.42,263.12
8.471245,598.895,266.29999999999995,598.93,270.4,598.86,262.2
8.475245,597.64,266.23,598.0,270.96,597.28,261.5
8.479245,598.7149999999999,264.95,600.89,269.9,596.54,260.0
8.483246,599.735,265.94,602.21,271.45,597.26,260.43
8.487246,597.635,265.31,600.88,270.76,594.39,259.86
8.491246,598.4449999999999,264.605,603.92,270.26,592.97,258.95
8.495246,599.6099999999999,265.20500000000004,606.79,270.49,592.43,259.92
8.499247,599.735,265.635,605.46,271.15,594.01,260.12
8.503247,600.9000000000001,265.735,608.07,270.21,593.73,261.26
8.507247,603.22,265.81,610.21,270.33,596.23,261.29
8.511247,603.385,267.43,611.0,271.38,595.77,263.48
8.515248,605.31,266.615,612.51,270.38,598.11,262.85
8.519248,605.73,266.935,612.75,269.67,598.71,264.2
8.523248,605.965,267.09000000000003,612.19,270.35,599.74,263.83
8.527248,605.53,267.675,611.8,270.11,599.26,265.24
8.531249,606.9300000000001,269.195,612.21,272.64,601.65,265.75
8.535249,607.19,269.99,611.79,272.75,602.59,267.23
8.539249,607.845,269.68,611.41,271.6,604.28,267.76
8.543249,607.875,267.875,611.18,269.81,604.57,265.94
8.54725,606.5550000000001,266.59000000000003,609.16,269.76,603.95,263.42
8.55125,605.31,266.645,607.62,269.72,603.0,263.57
8.55525,603.98,266.55,606.1,267.25,601.86,265.85
8.55925,603.72,266.40999999999997,606.42,267.61,601.02,265.21
8.563251,601.105,265.25,603.34,267.09,598.87,263.41
8.567251,600.465,267.77,602.32,267.52,598.61,268.02
8.571251,599.1800000000001,268.095,599.96,266.83,598.4,269.36
8.575251,597.6949999999999,266.28999999999996,599.0,266.18,596.39,266.4
8.579252,597.165,265.885,596.88,265.13,597.45,266.64
8.583252,597.005,266.0,596.18,265.63,597.83,266.37
8.587252,596.1400000000001,266.11,597.07,265.97,595.21,266.25
8.591252,597.76,266.46500000000003,598.47,265.89,597.05,267.04
8.595253,599.95,266.795,602.15,266.11,597.75,267.48
8.59925,600.3299999999999,265.635,603.01,266.36,597.65,264.91
8.603246,600.675,265.53999999999996,600.96,266.5,600.39,264.58
8.607243,601.97,265.225,601.8,267.29,602.14,263.16
8.61124,602.21,264.375,601.25,267.45,603.17,261.3
8.615237,604.8299999999999,263.105,605.51,266.73,604.15,259.48
8.619234,606.2950000000001,262.425,606.75,266.0,605.84,258.85
8.623231,606.135,262.5,605.29,267.23,606.98,257.77
8.627228,605.23,262.36,605.06,267.52,605.4,257.2
8.631224,606.1800000000001,262.45500000000004,605.61,266.98,606.75,257.93
8.635221,606.665,262.04999999999995,606.75,266.27,606.58,257.83
8.639218,605.465,262.76,604.61,268.02,606.32,257.5
8.643215,603.625,263.52,603.02,268.49,604.23,258.55
8.64721,603.215,263.84000000000003,602.95,269.6,603.48,258.08
8.651206,602.395,264.71500000000003,602.6,270.93,602.19,258.5
8.655201,603.415,264.73,604.7,270.08,602.13,259.38
8.659197,601.9649999999999,265.85,602.76,271.67,601.17,260.03
8.663192,600.81,266.26,601.31,273.14,600.31,259.38
8.667188,600.0999999999999,265.305,601.39,272.6,598.81,258.01
8.671183,599.4549999999999,265.24,600.74,273.16,598.17,257.32
8.675179,599.0050000000001,263.45,600.07,272.32,597.94,254.58
8.679174,598.46,263.35,599.78,271.88,597.14,254.82
8.68317,598.21,262.705,599.41,269.81,597.01,255.6
8.687165,598.8499999999999,262.145,599.02,270.2,598.68,254.09
8.69116,599.0350000000001,262.09999999999997,598.72,268.78,599.35,255.42
8.695156,600.185,262.28499999999997,599.28,268.88,601.09,255.69
8.699151,599.69,262.78999999999996,598.65,269.34,600.73,256.24
8.703147,601.905,262.735,600.19,269.35,603.62,256.12
8.707142,627.355,261.46500000000003,621.87,266.19,632.84,256.74
8.711138,670.865,260.33,665.12,262.96,676.61,257.7
8.715133,708.915,258.67499999999995,701.44,259.15,716.39,258.2
8.719129,712.4549999999999,259.92,703.62,259.48,721.29,260.36
8.723124,717.895,261.295,714.83,260.87,720.96,261.72
8.72712,717.2950000000001,262.03499999999997,713.37,263.26,721.22,260.81
8.731115,711.565,260.58500000000004,709.36,260.75,713.77,260.42
8.735111,710.94,259.2,709.65,263.87,712.23,254.53
8.739106,711.085,259.415,708.12,261.97,714.05,256.86
8.743101,713.98,258.32,710.54,261.64,717.42,255.0
8.747097,715.38,258.845,713.22,261.22,717.54,256.47
8.751092,716.215,256.5,714.21,261.65,718.22,251.35
8.755088,717.255,257.99,714.83,262.98,719.68,253.0
8.759083,715.46,259.83500000000004,713.74,265.17,717.18,254.5
8.763079,714.115,259.59000000000003,712.53,265.62,715.7,253.56
8.767074,713.0550000000001,258.5,711.14,265.42,714.97,251.58
8.77107,711.745,258.83500000000004,709.67,265.79,713.82,251.88
8.775065,711.2049999999999,259.16499999999996,709.3,266.46,713.11,251.87
8.779061,712.6800000000001,258.42,710.57,265.73,714.79,251.11
8.783056,711.675,258.68,708.14,265.91,715.21,251.45
8.787051,710.24,258.25,707.18,265.22,713.3,251.28
8.791047,709.6600000000001,259.29,708.12,265.79,711.2,252.79
8.795042,710.385,259.29,709.17,265.86,711.6,252.72
8.799038,710.075,259.53,709.09,267.19,711.06,251.87
8.803038,710.485,259.94,708.22,268.14,712.75,251.74
8.807038,711.1700000000001,260.415,709.09,268.85,713.25,251.98
8.811038,711.19,261.89,711.46,271.1,710.92,252.68
8.815038,712.77,260.94,715.04,269.16,710.5,252.72
8.819038,712.215,262.315,713.69,269.63,710.74,255.0
8.823038,712.855,262.8,715.83,269.82,709.88,255.78
8.827038,712.9100000000001,264.655,715.45,271.42,710.37,257.89
8.831038,713.8299999999999,265.405,715.25,272.0,712.41,258.81
8.835038,715.3,265.19000000000005,716.66,272.72,713.94,257.66
8.839038,715.15,266.385,715.43,274.94,714.87,257.83
8.843038,714.835,266.79499999999996,714.67,274.82,715.0,258.77
8.847041,714.99,267.1,714.21,276.29,715.77,257.91
8.851044,715.975,266.78,715.94,274.73,716.01,258.83
8.855047,715.8199999999999,265.685,714.86,273.6,716.78,257.77
8.859051,716.225,266.74,714.75,274.93,717.7,258.55
8.863054,717.67,266.355,715.92,275.56,719.42,257.15
8.867057,718.7149999999999,266.03,716.55,275.39,720.88,256.67
8.87106,718.995,263.765,715.92,272.99,722.07,254.54
8.875063,719.49,263.46000000000004,717.47,273.11,721.51,253.81
8.879066,719.56,262.58500000000004,717.79,272.16,721.33,253.01
8.883069,719.91,261.135,718.39,270.06,721.43,252.21
8.887072,720.59,260.285,719.58,269.73,721.6,250.84
8.891076,720.905,259.755,720.3,268.12,721.51,251.39
8.895079,720.865,258.58000000000004,720.07,267.17,721.66,249.99
8.899082,720.575,258.655,719.78,267.02,721.37,250.29
8.903085,720.03,258.42499999999995,719.37,265.84,720.69,251.01
8.907088,719.4300000000001,257.755,718.51,265.27,720.35,250.24
8.911091,718.08,257.975,717.69,264.76,718.47,251.19
8.915094,717.815,258.125,717.74,265.66,717.89,250.59
8.919097,717.165,259.57,717.55,266.23,716.78,252.91
8.9231,716.87,260.24,716.98,265.32,716.76,255.16
8.927104,716.285,260.37,716.79,267.03,715.78,253.71
8.931107,715.6300000000001,261.77,717.32,267.83,713.94,255.71
8.93511,715.56,260.96,717.41,268.83,713.71,253.09
8.939113,715.53,261.57,717.19,269.05,713.87,254.09
8.943116,715.565,260.505,718.22,268.6,712.91,252.41
8.947119,715.835,261.22,718.13,270.72,713.54,251.72
8.951122,715.23,260.78999999999996,718.43,269.88,712.03,251.7
8.955125,715.37,260.27,717.88,268.91,712.86,251.63
8.959129,714.855,260.225,718.8,267.6,710.91,252.85
8.963132,714.73,259.535,718.73,266.98,710.73,252.09
8.967135,714.66,260.98,719.02,268.65,710.3,253.31
8.971138,714.645,260.93,718.84,268.72,710.45,253.14
8.975141,715.435,260.82500000000005,718.83,267.72,712.04,253.93
8.979144,713.995,261.53999999999996,717.58,266.82,710.41,256.26
8.983147,714.0899999999999,262.35,717.4,267.44,710.78,257.26
8.98715,714.8050000000001,263.315,717.9,267.54,711.71,259.09
8.991153,715.3599999999999,261.775,718.17,265.7,712.55,257.85
8.995157,716.56,262.6,718.99,266.03,714.13,259.17
8.99916,717.675,263.08000000000004,720.54,265.97,714.81,260.19
9.003163,717.54,264.505,719.49,266.63,715.59,262.38
9.007164,718.0450000000001,264.615,718.83,266.81,717.26,262.42
9.011165,719.63,264.29499999999996,720.17,266.27,719.09,262.32
9.015166,719.625,265.03499999999997,718.96,267.42,720.29,262.65
9.019168,718.9200000000001,264.5,718.08,266.85,719.76,262.15
9.023169,719.165,265.045,717.54,266.62,720.79,263.47
9.02717,718.385,265.165,717.59,266.67,719.18,263.66
9.031171,716.755,264.78,716.98,264.73,716.53,264.83
9.035172,716.2750000000001,265.75,718.22,266.45,714.33,265.05
9.039173,715.565,265.53999999999996,717.15,265.57,713.98,265.51
9.043175,715.13,264.985,716.88,264.87,713.38,265.1
9.047173,714.875,264.255,716.6,264.1,713.15,264.41
9.051171,714.3599999999999,264.72,716.29,264.99,712.43,264.45
9.05517,714.145,263.79499999999996,714.71,264.03,713.58,263.56
9.059168,713.46,263.46500000000003,714.65,263.37,712.27,263.56
9.063167,713.915,262.925,715.3,262.94,712.53,262.91
9.067165,713.885,262.83500000000004,714.53,263.19,713.24,262.48
9.071164,717.125,261.815,716.8,262.31,717.45,261.32
9.075162,719.37,262.08,719.08,263.46,719.66,260.7
9.079161,720.565,261.4,718.6,262.31,722.53,260.49
9.083159,721.64,261.725,720.65,263.28,722.63,260.17
9.087157,721.53,261.74,719.85,263.83,723.21,259.65
9.091156,722.365,261.83500000000004,719.66,263.61,725.07,260.06
9.095154,723.48,260.975,722.11,263.38,724.85,258.57
9.099153,723.255,261.575,722.66,263.83,723.85,259.32
9.103151,724.065,261.735,724.27,263.7,723.86,259.77
9.10715,723.855,262.905,724.81,265.37,722.9,260.44
9.111148,724.675,262.26,726.17,265.16,723.18,259.36
9.115146,723.56,262.15,726.08,265.72,721.04,258.58
9.119145,722.2149999999999,260.90000000000003,725.42,266.22,719.01,255.58
9.123143,721.99,261.21500000000003,726.3,267.05,717.68,255.38
9.127142,721.8,261.6,724.91,268.57,718.69,254.63
9.13114,721.645,261.29499999999996,725.08,268.9,718.21,253.69
9.135139,723.61,262.91499999999996,726.4,270.64,720.82,255.19
9.139137,739.665,263.32,742.91,270.95,736.42,255.69
9.143135,791.045,262.65999999999997,795.05,270.64,787.04,254.68
9.147134,802.45,262.64,806.43,268.86,798.47,256.42
9.151132,784.935,260.725,794.01,267.27,775.86,254.18
9.155131,756.815,261.01,753.84,268.39,759.79,253.63
9.159129,761.51,260.62,764.17,268.34,758.85,252.9
9.163128,766.08,261.945,766.84,267.63,765.32,256.26
9.167126,769.2,262.71000000000004,771.74,266.74,766.66,258.68
9.171125,769.955,262.815,773.21,264.48,766.7,261.15
9.175123,776.81,264.005,782.42,263.38,771.2,264.63
9.179121,776.485,262.705,777.09,261.83,775.88,263.58
9.18312,776.7750000000001,261.565,775.83,261.0,777.72,262.13
9.187118,774.21,260.995,774.59,260.53,773.83,261.46
9.191117,773.405,262.875,773.32,262.95,773.49,262.8
9.195115,771.895,262.01,772.19,263.45,771.6,260.57
9.199114,772.81,261.69,773.13,262.85,772.49,260.53
9.203112,773.655,262.42499999999995,772.85,262.53,774.46,262.32
9.20711,774.9300000000001,264.08500000000004,775.03,262.92,774.83,265.25
9.211109,775.03,263.44,775.15,263.39,774.91,263.49
9.215108,775.92,263.94,775.56,263.78,776.28,264.1
9.219107,775.605,263.62,774.12,263.32,777.09,263.92
9.223106,775.71,263.835,774.21,264.33,777.21,263.34
9.227105,775.9000000000001,263.71000000000004,773.98,264.44,777.82,262.98
9.231104,775.175,263.41499999999996,772.91,264.03,777.44,262.8
9.235103,774.96,262.53999999999996,773.91,262.01,776.01,263.07
9.239102,776.24,263.525,775.53,262.1,776.95,264.95
9.243101,775.8599999999999,264.97,775.05,261.61,776.67,268.33
9.247101,775.8,265.95,774.91,261.09,776.69,270.81
9.251102,776.5250000000001,264.38,775.85,258.89,777.2,269.87
9.255102,776.36,263.485,775.27,258.28,777.45,268.69
9.259102,775.625,263.155,775.12,257.58,776.13,268.73
9.263103,776.0550000000001,263.405,776.24,258.92,775.87,267.89
9.267103,776.4200000000001,264.375,777.22,258.61,775.62,270.14
9.271104,775.345,264.08500000000004,775.58,258.82,775.11,269.35
9.275104,776.115,264.605,777.03,258.26,775.2,270.95
9.279104,775.5350000000001,265.71500000000003,776.47,259.55,774.6,271.88
9.283105,775.565,265.355,776.89,258.75,774.24,271.96
9.287105,775.905,265.49,777.55,258.83,774.26,272.15
9.291106,774.9649999999999,264.725,777.0,257.47,772.93,271.98
9.295106,774.2850000000001,265.225,776.33,258.0,772.24,272.45
9.299106,774.3199999999999,267.28,774.92,260.86,773.72,273.7
9.303107,774.005,267.03499999999997,774.55,261.08,773.46,272.99
9.307107,773.885,268.31,773.3,260.88,774.47,275.74
9.311107,772.995,267.85,772.28,261.66,773.71,274.04
9.315108,773.94,269.115,773.24,263.01,774.64,275.22
9.319108,772.4200000000001,270.005,770.76,264.43,774.08,275.58
9.323109,772.6500000000001,269.15,769.98,264.52,775.32,273.78
9.327109,772.075,267.985,768.35,262.15,775.8,273.82
9.331109,771.155,268.51,767.07,264.21,775.24,272.81
9.33511,771.115,268.51,767.42,265.75,774.81,271.27
9.33911,771.22,268.87,766.62,267.02,775.82,270.72
9.343111,770.7650000000001,267.365,767.71,264.62,773.82,270.11
9.347111,770.9300000000001,267.475,767.54,265.03,774.32,269.92
9.351111,770.64,266.35,767.68,264.39,773.6,268.31
9.355112,770.76,267.03499999999997,767.47,265.76,774.05,268.31
9.359112,769.9649999999999,266.61,766.41,264.83,773.52,268.39
9.363113,771.3,266.21000000000004,767.57,265.11,775.03,267.31
9.367113,772.45,267.27,768.29,267.02,776.61,267.52
9.371113,773.14,267.15,769.39,267.9,776.89,266.4
9.375114,774.5050000000001,267.38,770.44,269.08,778.57,265.68
9.379114,774.655,267.84000000000003,770.16,270.02,779.15,265.66
9.383114,774.05,268.055,769.59,270.45,778.51,265.66
9.387115,773.185,268.795,768.29,271.48,778.08,266.11
9.391115,773.135,269.20000000000005,768.63,273.42,777.64,264.98
9.395116,772.995,268.885,767.88,273.9,778.11,263.87
9.399116,773.8900000000001,267.375,770.2,272.84,777.58,261.91
9.403116,774.01,267.23,769.85,274.23,778.17,260.23
9.407117,774.155,268.825,771.2,277.0,777.11,260.65
9.411117,774.1700000000001,269.32,771.9,276.84,776.44,261.8
9.415118,774.755,268.44500000000005,772.58,276.73,776.93,260.16
9.419118,773.5450000000001,268.605,771.51,276.94,775.58,260.27
9.423118,773.4300000000001,268.145,770.63,277.02,776.23,259.27
9.427119,774.595,268.4,771.91,278.01,777.28,258.79
9.431119,775.5250000000001,268.58500000000004,774.85,278.17,776.2,259.0
9.43512,775.89,269.85,773.93,277.85,777.85,261.85
9.43912,777.385,268.925,777.09,277.54,777.68,260.31
9.44312,777.185,270.395,776.09,279.74,778.28,261.05
9.44712,777.74,271.565,777.62,279.99,777.86,263.14
9.45112,775.72,271.46000000000004,775.63,278.2,775.81,264.72
9.45512,776.615,271.585,775.19,276.02,778.04,267.15
9.45912,776.515,271.99,776.97,278.62,776.06,265.36
9.46312,776.985,271.9,777.57,277.53,776.4,266.27
9.46712,776.63,272.43,778.09,277.06,775.17,267.8
9.47112,777.015,272.28999999999996,778.14,274.88,775.89,269.7
9.47512,783.2950000000001,272.49,779.47,274.15,787.12,270.83
9.479119,798.585,270.235,795.26,271.87,801.91,268.6
9.483119,814.745,270.33500000000004,824.22,271.1,805.27,269.57
9.487119,815.69,269.30499999999995,815.66,269.27,815.72,269.34
9.491119,819.345,269.645,820.36,268.06,818.33,271.23
9.495119,816.595,268.04999999999995,813.96,266.89,819.23,269.21
9.499119,822.3599999999999,267.745,820.42,268.22,824.3,267.27
9.503119,824.4300000000001,266.91499999999996,824.96,266.03,823.9,267.8
9.507119,825.935,266.81,829.01,265.25,822.86,268.37
9.511119,824.4449999999999,266.72,824.01,264.33,824.88,269.11
9.515118,827.79,266.065,828.49,264.79,827.09,267.34
9.519118,829.295,265.315,830.55,264.63,828.04,266.0
9.523118,828.505,265.29499999999996,829.01,264.27,828.0,266.32
9.527118,827.78,264.69,827.6,263.8,827.96,265.58
9.531118,827.37,265.245,826.88,263.82,827.86,266.67
9.535118,827.625,264.61,826.9,264.44,828.35,264.78
9.539118,827.4300000000001,265.435,826.4,265.1,828.46,265.77
9.543118,827.2950000000001,264.80999999999995,826.99,264.84,827.6,264.78
9.547118,826.15,265.27,825.14,264.68,827.16,265.86
9.551117,825.925,265.725,825.09,265.94,826.76,265.51
9.555117,826.355,266.28499999999997,825.98,267.03,826.73,265.54
9.559117,826.13,266.9,825.8,266.31,826.46,267.49
9.563117,824.77,267.45,824.47,266.88,825.07,268.02
9.567117,825.22,267.375,825.1,268.07,825.34,266.68
9.571117,825.45,267.37,826.33,268.2,824.57,266.54
9.575117,825.365,266.45,825.49,268.07,825.24,264.83
9.579117,824.475,267.51,824.73,268.38,824.22,266.64
9.583117,825.5799999999999,268.30499999999995,825.53,269.27,825.63,267.34
9.587116,825.21,267.56,823.74,268.65,826.68,266.47
9.591116,826.3050000000001,266.17499999999995,824.71,268.03,827.9,264.32
9.595116,826.515,264.44,823.17,266.31,829.86,262.57
9.599116,826.475,262.87,822.83,263.77,830.12,261.97
9.603116,825.43,262.295,821.56,263.74,829.3,260.85
9.607116,827.41,262.945,822.16,263.9,832.66,261.99
9.611116,827.895,263.695,822.06,264.95,833.73,262.44
9.615116,827.995,264.09000000000003,821.28,265.07,834.71,263.11
9.619114,828.41,262.70500000000004,822.06,263.48,834.76,261.93
9.623113,829.4549999999999,261.64,823.78,262.58,835.13,260.7
9.627111,828.33,260.105,823.08,261.72,833.58,258.49
9.63111,828.24,260.895,823.24,261.78,833.24,260.01
9.635109,827.595,260.375,823.53,260.97,831.66,259.78
9.639107,827.6700000000001,261.525,824.22,261.95,831.12,261.1
9.643106,828.675,261.71000000000004,824.84,262.16,832.51,261.26
9.647105,828.7650000000001,261.355,824.96,260.69,832.57,262.02
9.651104,828.585,261.71500000000003,824.38,261.57,832.79,261.86
9.655103,829.875,260.08500000000004,825.65,259.36,834.1,260.81
9.659102,828.905,259.91,824.74,259.85,833.07,259.97
9.6631,829.53,261.08000000000004,825.11,261.04,833.95,261.12
9.667099,828.995,261.49,823.52,262.98,834.47,260.0
9.671098,829.8050000000001,262.555,822.65,264.07,836.96,261.04
9.675097,829.9749999999999,261.355,823.43,263.61,836.52,259.1
9.679096,829.01,261.995,822.21,264.77,835.81,259.22
9.683095,828.495,261.745,821.38,265.35,835.61,258.14
9.687094,827.5,262.12,820.56,266.04,834.44,258.2
9.691093,828.115,262.71,820.92,268.08,835.31,257.34
9.695092,827.825,262.275,822.05,268.55,833.6,256.0
9.699091,826.5799999999999,262.89,820.14,269.71,833.02,256.07
9.70309,827.085,262.995,820.18,270.31,833.99,255.68
9.707089,826.235,262.655,819.83,270.99,832.64,254.32
9.711088,826.005,262.395,818.87,271.09,833.14,253.7
9.715087,825.745,263.20500000000004,818.79,272.86,832.7,253.55
9.719086,825.0250000000001,263.06,816.86,274.31,833.19,251.81
9.723084,824.59,264.385,816.35,276.16,832.83,252.61
9.727083,824.4300000000001,264.765,815.59,276.43,833.27,253.1
9.731082,825.81,264.305,817.94,276.88,833.68,251.73
9.735081,826.57,264.54999999999995,819.45,277.4,833.69,251.7
9.73908,827.405,264.07,821.32,277.12,833.49,251.02
9.743079,827.635,264.53499999999997,820.87,277.58,834.4,251.49
9.747078,830.235,265.59499999999997,827.47,278.46,833.0,252.73
9.751077,828.13,266.105,822.39,278.29,833.87,253.92
9.755076,828.81,266.375,824.07,279.17,833.55,253.58
9.759075,829.12,266.995,824.58,278.41,833.66,255.58
9.763074,829.77,266.66999999999996,827.72,277.21,831.82,256.13
9.767073,830.15,266.185,828.27,274.92,832.03,257.45
9.771072,831.92,266.0,832.04,273.93,831.8,258.07
9.775071,830.835,267.735,829.09,274.98,832.58,260.49
9.77907,830.03,267.99,829.14,272.82,830.92,263.16
9.783068,830.405,266.61,827.99,271.01,832.82,262.21
9.787067,829.285,266.53499999999997,826.41,270.73,832.16,262.34
9.791066,829.19,267.425,825.51,272.23,832.87,262.62
9.795065,828.315,267.28,825.0,271.19,831.63,263.37
9.799064,829.6800000000001,269.03,828.76,271.75,830.6,266.31
9.803063,840.9649999999999,269.47,839.16,269.95,842.77,268.99
9.807062,880.67,269.6,866.06,267.52,895.28,271.68
9.811061,908.47,270.065,904.19,269.33,912.75,270.8
9.81506,918.265,271.15999999999997,916.29,269.88,920.24,272.44
9.819059,911.0,270.95500000000004,907.83,269.86,914.17,272.05
9.823059,900.025,270.20500000000004,892.9,269.37,907.15,271.04
9.82706,892.13,270.235,892.24,269.95,892.02,270.52
9.831061,897.21,270.80499999999995,892.23,269.78,902.19,271.83
9.835061,902.985,270.515,900.49,268.76,905.48,272.27
9.839062,901.14,270.28,902.72,268.52,899.56,272.04
9.843062,903.395,270.38,902.37,269.47,904.42,271.29
9.847064,905.5150000000001,270.515,901.84,269.72,909.19,271.31
9.851066,905.345,269.405,903.68,269.17,907.01,269.64
9.855068,903.67,268.895,904.54,268.11,902.8,269.68
9.85907,903.115,268.46500000000003,902.32,266.56,903.91,270.37
9.863072,902.005,267.78499999999997,901.16,265.56,902.85,270.01
9.867074,903.47,268.5,902.86,267.12,904.08,269.88
9.871076,903.845,269.05,903.1,267.88,904.59,270.22
9.875077,904.31,272.15,904.14,272.14,904.48,272.16
9.879079,904.155,272.12,903.1,273.09,905.21,271.15
9.883081,904.3,271.225,903.4,272.22,905.2,270.23
9.887083,904.325,271.71500000000003,903.36,273.11,905.29,270.32
9.891085,904.38,272.055,903.77,274.45,904.99,269.66
9.895087,904.79,273.4,902.87,277.38,906.71,269.42
9.899089,905.11,271.975,903.08,275.96,907.14,267.99
9.903091,905.13,272.645,901.77,278.5,908.49,266.79
9.907093,905.645,272.505,902.8,279.85,908.49,265.16
9.911095,907.55,271.56,903.82,279.25,911.28,263.87
9.915096,908.21,270.975,904.12,279.51,912.3,262.44
9.919098,907.72,268.935,905.02,278.83,910.42,259.04
9.9231,907.905,268.41999999999996,905.73,279.03,910.08,257.81
9.927102,908.3699999999999,268.7,905.31,279.5,911.43,257.9
9.931104,908.3499999999999,268.4,904.78,279.5,911.92,257.3
9.935106,907.0450000000001,268.16999999999996,904.24,278.08,909.85,258.26
9.939108,907.525,268.845,905.25,277.8,909.8,259.89
9.94311,907.135,270.515,904.15,278.02,910.12,263.01
9.947112,907.06,270.66499999999996,903.89,277.55,910.23,263.78
9.951114,906.8,270.43,902.77,277.31,910.83,263.55
9.955116,905.3299999999999,272.2,901.18,276.94,909.48,267.46
9.959117,905.2,273.65,900.01,277.18,910.39,270.12
9.963119,905.255,272.32,899.25,276.81,911.26,267.83
9.967121,905.16,273.005,899.26,276.25,911.06,269.76
9.971123,904.95,273.78999999999996,898.57,276.24,911.33,271.34
9.975125,905.05,273.85,897.76,275.57,912.34,272.13
9.979127,904.9649999999999,273.125,897.52,275.53,912.41,270.72
9.983129,905.1099999999999,273.465,897.79,276.34,912.43,270.59
9.987131,905.61,272.1,899.97,276.22,911.25,267.98
9.991133,906.075,271.995,901.48,277.08,910.67,266.91
9.995135,906.595,271.48,902.66,276.59,910.53,266.37
9.999136,908.22,270.90999999999997,904.58,276.87,911.86,264.95
10.003138,908.7,269.79999999999995,906.31,275.64,911.09,263.96
10.00714,907.48,268.90999999999997,905.91,273.45,909.05,264.37
10.011142,907.8050000000001,268.82,906.4,272.4,909.21,265.24
10.015144,909.535,267.93,909.55,270.86,909.52,265.0
10.019146,910.1700000000001,266.38,911.12,268.53,909.22,264.23
10.023148,911.645,267.305,913.26,270.32,910.03,264.29
10.02715,911.38,267.69,913.45,271.88,909.31,263.5
10.031152,911.4449999999999,268.03,912.9,271.91,909.99,264.15
10.035154,910.3199999999999,268.62,911.58,274.04,909.06,263.2
10.039156,908.595,270.53499999999997,910.84,276.34,906.35,264.73
10.043158,907.145,270.96500000000003,909.14,276.89,905.15,265.04
10.047158,906.725,272.795,909.37,280.55,904.08,265.04
10.051158,907.575,272.06,910.1,280.51,905.05,263.61
10.055157,908.45,272.89,910.23,284.36,906.67,261.42
10.059157,908.0450000000001,273.75,909.52,285.51,906.57,261.99
10.063156,908.895,273.86,910.34,287.03,907.45,260.69
10.067156,908.375,273.78499999999997,909.5,286.73,907.25,260.84
10.071156,908.815,272.53999999999996,909.15,284.28,908.48,260.8
10.075155,909.135,272.08000000000004,908.35,284.56,909.92,259.6
10.079155,909.51,271.815,908.96,282.99,910.06,260.64
10.083154,910.435,272.275,910.82,281.77,910.05,262.78
10.087154,912.065,272.49,912.92,281.1,911.21,263.88
10.091154,911.41,270.265,911.56,279.37,911.26,261.16
10.095153,911.245,269.3,911.57,277.6,910.92,261.0
10.099153,908.64,270.07,910.12,276.89,907.16,263.25
10.103152,905.8199999999999,269.97,907.53,275.7,904.11,264.24
10.107152,896.365,268.605,892.38,274.17,900.35,263.04
10.111152,890.1700000000001,267.57,887.08,272.31,893.26,262.83
10.115151,889.8499999999999,267.82500000000005,886.54,271.47,893.16,264.18
10.119151,886.56,267.455,882.8,270.7,890.32,264.21
10.12315,887.505,267.11,886.86,270.14,888.15,264.08
10.12715,885.9300000000001,266.125,885.14,270.12,886.72,262.13
10.13115,883.52,264.925,882.41,269.3,884.63,260.55
10.135149,883.0450000000001,265.0,882.82,269.42,883.27,260.58
10.139149,880.115,265.78,877.83,271.02,882.4,260.54
10.143149,879.235,265.045,876.12,271.37,882.35,258.72
10.147148,879.5,263.88,877.13,271.83,881.87,255.93
10.151148,880.86,263.0,878.58,272.31,883.14,253.69
10.155147,881.845,262.315,879.96,273.27,883.73,251.36
10.159147,883.0550000000001,261.94,881.24,274.32,884.87,249.56
10.163147,883.355,261.475,881.77,275.06,884.94,247.89
10.167146,883.75,260.765,881.86,275.59,885.64,245.94
10.171146,883.585,260.855,881.47,275.59,885.7,246.12
10.175145,882.85,260.675,880.62,276.06,885.08,245.29
10.179145,882.2,260.6,879.16,275.23,885.24,245.97
10.183145,881.865,260.68,878.77,274.75,884.96,246.61
10.187144,881.905,261.0,879.17,274.6,884.64,247.4
10.191144,881.1949999999999,261.135,878.16,274.75,884.23,247.52
10.195143,881.09,262.36,878.08,274.51,884.1,250.21
10.199143,880.97,263.23,877.16,276.26,884.78,250.2
10.203143,880.3199999999999,264.325,877.91,276.52,882.73,252.13
10.207142,880.06,264.71,878.47,276.59,881.65,252.83
10.211142,880.77,266.48,879.0,278.08,882.54,254.88
10.215142,880.56,266.86,878.47,278.47,882.65,255.25
10.219141,880.58,267.245,877.58,278.25,883.58,256.24
10.223141,880.435,268.28499999999997,878.12,278.86,882.75,257.71
10.22714,880.7,267.705,878.73,278.51,882.67,256.9
10.231139,880.84,268.31500000000005,878.82,278.47,882.86,258.16
10.235138,881.45,268.74,879.21,278.09,883.69,259.39
10.239136,880.7049999999999,268.875,878.98,278.84,882.43,258.91
10.243135,881.2750000000001,269.81,880.11,278.66,882.44,260.96
10.247132,880.14,271.765,878.23,279.87,882.05,263.66
10.251128,880.54,272.87,877.52,280.03,883.56,265.71
10.255125,879.815,272.91499999999996,877.11,279.68,882.52,266.15
10.259122,879.155,273.78499999999997,876.63,279.73,881.68,267.84
10.263119,879.1949999999999,274.475,877.21,280.3,881.18,268.65
10.267116,879.1600000000001,275.08000000000004,876.13,280.81,882.19,269.35
10.271113,878.95,275.58500000000004,875.82,280.8,882.08,270.37
10.275109,879.135,274.6,876.23,279.58,882.04,269.62
10.279106,879.035,273.91999999999996,877.17,279.03,880.9,268.81
10.283103,879.29,274.2,876.92,278.51,881.66,269.89
10.2871,879.505,273.015,876.75,277.35,882.26,268.68
10.291097,880.9549999999999,270.62,877.86,275.67,884.05,265.57
10.295093,880.54,269.11,878.17,274.64,882.91,263.58
10.29909,880.71,268.02,878.27,274.03,883.15,262.01
10.303087,881.155,266.95500000000004,877.9,272.68,884.41,261.23
10.307084,882.515,265.36,878.4,271.51,886.63,259.21
10.311081,883.645,263.955,880.5,270.76,886.79,257.15
10.315078,884.795,263.3,881.53,270.55,888.06,256.05
10.319074,885.25,262.69,881.57,270.12,888.93,255.26
10.323071,884.54,262.645,880.19,270.12,888.89,255.17
10.327068,884.5899999999999,262.845,880.93,271.17,888.25,254.52
10.331065,885.465,262.32,882.61,270.39,888.32,254.25
10.335062,885.63,262.96,882.45,270.7,888.81,255.22
10.339059,886.16,263.05,883.05,270.6,889.27,255.5
10.343055,886.22,262.94,882.83,270.55,889.61,255.33
10.347052,886.21,261.91,883.67,270.36,888.75,253.46
10.351049,884.365,262.51,881.37,271.19,887.36,253.83
10.355046,883.565,263.32500000000005,880.76,272.41,886.37,254.24
10.359043,883.88,263.87,880.91,273.2,886.85,254.54
10.36304,884.485,264.905,880.6,274.81,888.37,255.0
10.367036,884.8299999999999,264.65,880.98,274.59,888.68,254.71
10.371033,885.25,263.95500000000004,880.37,273.72,890.13,254.19
10.37503,896.845,261.365,897.32,269.48,896.37,253.25
10.379027,930.97,260.62,931.44,268.95,930.5,252.29
10.383024,954.885,262.0,945.19,271.42,964.58,252.58
10.38702,949.7049999999999,262.13,934.05,271.84,965.36,252.42
10.391017,930.7149999999999,261.75,924.75,271.33,936.68,252.17
10.395014,928.21,260.37,918.21,269.16,938.21,251.58
10.399011,935.185,258.14,927.53,264.76,942.84,251.52
10.403008,936.41,256.84499999999997,928.53,262.02,944.29,251.67
10.407005,939.49,256.165,934.71,261.23,944.27,251.1
10.411001,942.8299999999999,255.83999999999997,933.85,261.02,951.81,250.66
10.414998,943.9449999999999,256.005,936.78,262.71,951.11,249.3
10.418995,944.545,255.025,938.28,260.67,950.81,249.38
10.422992,942.16,257.97,933.91,263.5,950.41,252.44
10.426989,940.375,258.565,933.17,264.47,947.58,252.66
10.430986,939.8199999999999,259.335,931.56,264.45,948.08,254.22
10.434982,939.6949999999999,259.295,931.74,263.87,947.65,254.72
10.43898,941.91,259.90999999999997,934.29,263.08,949.53,256.74
10.442979,942.465,260.28499999999997,934.23,264.81,950.7,255.76
10.44698,943.7049999999999,259.95,936.68,264.61,950.73,255.29
10.450981,943.765,260.605,935.36,266.12,952.17,255.09
10.454982,943.835,259.96000000000004,934.27,264.68,953.4,255.24
10.458983,943.335,261.555,934.43,265.45,952.24,257.66
10.462984,944.055,262.125,935.06,267.31,953.05,256.94
10.466985,944.9100000000001,262.305,935.57,268.56,954.25,256.05
10.470986,945.1099999999999,262.77,935.17,270.02,955.05,255.52
10.474987,944.415,262.88,935.28,271.19,953.55,254.57
10.478988,943.9949999999999,262.955,934.81,270.95,953.18,254.96
10.482989,942.405,262.32,933.0,272.18,951.81,252.46
10.48699,942.06,263.78999999999996,932.55,274.21,951.57,253.37
10.490992,942.06,265.775,932.14,277.68,951.98,253.87
10.494993,941.855,267.20500000000004,931.94,279.47,951.77,254.94
10.498994,942.4300000000001,269.005,932.63,282.17,952.23,255.84
10.502995,942.81,270.44,932.97,283.8,952.65,257.08
10.506996,943.4449999999999,272.2,933.23,285.77,953.66,258.63
10.510997,943.4449999999999,272.225,933.18,285.64,953.71,258.81
10.514998,942.835,272.48,933.44,284.44,952.23,260.52
10.518999,943.44,273.98,935.27,287.29,951.61,260.67
10.523,943.6600000000001,273.83000000000004,935.82,287.25,951.5,260.41
10.527001,944.855,274.12,936.61,288.24,953.1,260.0
10.531002,944.905,273.855,936.65,287.94,953.16,259.77
10.535004,945.565,273.42999999999995,936.63,288.58,954.5,258.28
10.539005,946.425,273.16999999999996,938.45,287.95,954.4,258.39
10.543006,945.4100000000001,274.455,938.33,287.76,952.49,261.15
10.547007,947.2149999999999,273.64,941.28,288.24,953.15,259.04
10.551008,945.48,272.75,940.08,288.62,950.88,256.88
10.555009,946.25,272.735,944.03,287.93,948.47,257.54
10.55901,947.2650000000001,272.92,946.2,289.24,948.33,256.6
10.563011,947.06,271.12,943.88,286.17,950.24,256.07
10.567012,948.14,270.41499999999996,943.92,285.51,952.36,255.32
10.571013,948.055,272.28,945.06,285.88,951.05,258.68
10.575014,948.1800000000001,273.37,945.22,286.81,951.14,259.93
10.579015,949.0799999999999,273.84000000000003,944.77,286.39,953.39,261.29
10.583017,951.485,273.20000000000005,950.63,285.11,952.34,261.29
10.587018,953.3299999999999,272.38,952.91,284.6,953.75,260.16
10.591019,952.425,272.41499999999996,951.54,283.55,953.31,261.28
10.59502,952.16,271.45000000000005,951.53,281.67,952.79,261.23
10.599021,951.085,269.505,947.7,278.55,954.47,260.46
10.603022,949.9,269.18,947.29,277.44,952.51,260.92
10.607023,949.5550000000001,268.67999999999995,946.73,278.33,952.38,259.03
10.611024,948.23,270.04499999999996,944.51,280.59,951.95,259.5
10.615025,950.285,269.06,946.9,279.2,953.67,258.92
10.619026,951.9,267.775,949.9,277.79,953.9,257.76
10.623027,953.005,266.93,951.84,276.76,954.17,257.1
10.627028,952.4200000000001,266.005,949.35,276.18,955.49,255.83
10.63103,951.7149999999999,265.615,948.9,274.51,954.53,256.72
10.635031,950.635,264.455,946.35,274.03,954.92,254.88
10.639032,950.75,264.38,947.65,273.92,953.85,254.84
10.643032,949.985,264.93,948.11,276.79,951.86,253.07
10.647032,951.855,264.45,949.58,275.86,954.13,253.04
10.651032,953.52,264.61,951.23,275.76,955.81,253.46
10.655032,955.02,263.375,953.08,274.06,956.96,252.69
10.659031,955.345,262.885,954.09,273.14,956.6,252.63
10.663031,953.7,263.38,951.98,273.24,955.42,253.52
10.667031,952.905,262.265,951.0,273.03,954.81,251.5
10.67103,952.22,262.015,949.9,272.77,954.54,251.26
10.67503,951.1700000000001,262.19,948.72,272.26,953.62,252.12
10.67903,950.87,263.82,947.8,273.76,953.94,253.88
10.683029,951.19,263.805,948.06,272.73,954.32,254.88
10.687029,951.165,263.815,947.18,271.29,955.15,256.34
10.691029,951.665,263.38,947.58,270.36,955.75,256.4
10.695028,951.1800000000001,264.015,947.95,271.23,954.41,256.8
10.699028,949.7850000000001,263.56,945.94,269.73,953.63,257.39
10.703028,949.7750000000001,263.46000000000004,945.46,269.73,954.09,257.19
10.707027,949.69,262.515,946.77,269.75,952.61,255.28
10.711027,950.98,262.13,948.47,268.87,953.49,255.39
10.715027,950.445,262.84000000000003,948.69,269.75,952.2,255.93
10.719027,950.905,262.32,949.97,269.84,951.84,254.8
10.723026,952.6949999999999,261.45,953.34,268.49,952.05,254.41
10.727026,953.2049999999999,261.315,953.24,269.08,953.17,253.55
10.731026,954.76,260.28000000000003,954.9,267.47,954.62,253.09
10.735025,954.5999999999999,259.04999999999995,954.78,265.71,954.42,252.39
10.739025,953.8499999999999,257.555,953.78,263.25,953.92,251.86
10.743025,953.8499999999999,258.70500000000004,952.42,265.6,955.28,251.81
10.747024,954.325,258.7,953.7,265.68,954.95,251.72
10.751024,954.42,259.075,952.79,264.0,956.05,254.15
10.755024,954.205,259.345,951.94,263.37,956.47,255.32
10.759023,954.565,258.755,952.01,262.09,957.12,255.42
10.763023,954.365,258.6,950.89,261.6,957.84,255.6
10.767023,953.075,258.53,949.15,260.89,957.0,256.17
10.771022,951.4000000000001,258.74,947.33,262.07,955.47,255.41
10.775022,951.7149999999999,258.105,947.63,261.32,955.8,254.89
10.779022,957.5550000000001,258.27,956.65,261.22,958.46,255.32
10.783021,1015.5550000000001,258.275,1015.91,260.05,1015.2,256.5
10.787021,1051.0,256.67499999999995,1056.59,257.32,1045.41,256.03
10.791021,1055.775,254.535,1053.69,255.72,1057.86,253.35
10.795021,1050.225,253.2,1042.26,254.51,1058.19,251.89
10.79902,1042.7350000000001,252.39499999999998,1034.52,254.26,1050.95,250.53
10.80302,1040.815,251.12,1034.1,253.47,1047.53,248.77
10.80702,1038.815,249.51999999999998,1028.71,252.54,1048.92,246.5
10.811019,1038.05,248.14,1031.84,252.04,1044.26,244.24
10.815019,1041.735,245.72,1040.85,250.68,1042.62,240.76
10.819019,1043.165,245.14,1039.93,250.68,1046.4,239.6
10.823018,1044.185,243.815,1038.1,249.53,1050.27,238.1
10.827018,1045.0349999999999,241.87,1040.0,248.59,1050.07,235.15
10.831018,1044.165,242.22,1038.89,249.79,1049.44,234.65
10.835017,1043.81,242.26,1038.76,250.6,1048.86,233.92
10.839017,1042.26,242.275,1039.87,251.05,1044.65,233.5
10.843017,1040.925,242.44,1039.51,252.26,1042.34,232.62
10.847016,1040.095,242.555,1036.97,253.38,1043.22,231.73
10.851016,1040.13,243.505,1038.58,254.8,1041.68,232.21
10.855015,1040.7350000000001,244.17000000000002,1038.42,255.76,1043.05,232.58
10.859015,1039.825,245.935,1037.96,259.02,1041.69,232.85
10.863014,1038.6100000000001,245.70499999999998,1036.55,258.34,1040.67,233.07
10.867013,1036.7,246.08499999999998,1035.15,258.53,1038.25,233.64
10.871013,1038.15,247.51,1039.87,260.29,1036.43,234.73
10.875012,1037.77,247.135,1040.36,259.43,1035.18,234.84
10.879012,1035.6750000000002,247.16500000000002,1036.38,259.68,1034.97,234.65
10.883011,1036.21,247.17000000000002,1037.19,260.22,1035.23,234.12
10.887011,1037.0149999999999,245.97,1038.83,258.2,1035.2,233.74
10.89101,1037.855,246.82999999999998,1039.78,258.75,1035.93,234.91
10.895009,1038.27,246.57,1040.51,259.2,1036.03,233.94
10.899009,1038.67,245.57999999999998,1040.15,257.15,1037.19,234.01
10.903008,1038.455,246.115,1039.55,255.21,1037.36,237.02
10.907008,1039.655,246.96,1039.55,254.65,1039.76,239.27
10.911007,1039.85,246.935,1038.75,255.17,1040.95,238.7
10.915007,1040.845,246.9,1038.81,255.19,1042.88,238.61
10.919006,1041.975,246.58499999999998,1038.23,255.42,1045.72,237.75
10.923006,1041.935,246.655,1037.19,257.25,1046.68,236.06
10.927005,1043.0900000000001,246.42,1036.63,256.71,1049.55,236.13
10.931004,1039.875,248.46499999999997,1031.1,260.7,1048.65,236.23
10.935004,1040.13,248.66000000000003,1034.33,262.79,1045.93,234.53
10.939003,1040.7649999999999,248.54999999999998,1034.42,263.4,1047.11,233.7
10.943003,1040.435,249.13,1034.93,265.02,1045.94,233.24
10.947002,1039.7,249.27,1034.92,265.66,1044.48,232.88
10.951002,1038.15,248.98000000000002,1034.84,267.55,1041.46,230.41
10.955001,1038.315,249.435,1036.42,269.12,1040.21,229.75
10.959001,1038.4,249.89000000000001,1036.22,269.91,1040.58,229.87
10.963,1037.0,249.70000000000002,1034.23,269.66,1039.77,229.74
10.966999,1036.915,249.185,1035.06,268.55,1038.77,229.82
10.970999,1038.065,249.925,1037.09,269.55,1039.04,230.3
10.974998,1038.7649999999999,249.055,1038.06,268.1,1039.47,230.01
10.978998,1040.075,248.44,1038.17,267.93,1041.98,228.95
10.982997,1041.4850000000001,248.135,1038.7,266.21,1044.27,230.06
10.986997,1042.1100000000001,247.865,1038.5,266.23,1045.72,229.5
10.990996,1043.2800000000002,247.77,1039.13,267.73,1047.43,227.81
10.994996,1043.94,247.84,1039.98,267.62,1047.9,228.06
10.998995,1044.575,246.805,1039.89,267.06,1049.26,226.55
11.002994,1046.0349999999999,247.43,1041.07,267.8,1051.0,227.06
11.006994,1047.67,247.95,1043.93,269.44,1051.41,226.46
11.010993,1048.3899999999999,248.81,1045.1,270.26,1051.68,227.36
11.014993,1048.7849999999999,249.78000000000003,1045.24,271.72,1052.33,227.84
11.018992,1049.435,250.625,1046.63,271.7,1052.24,229.55
11.022992,1049.15,249.60500000000002,1046.32,271.56,1051.98,227.65
11.026991,1047.095,248.635,1042.81,272.03,1051.38,225.24
11.03099,1047.35,249.01,1043.69,271.68,1051.01,226.34
11.03499,1047.41,249.225,1044.9,270.57,1049.92,227.88
11.038989,1047.355,249.28,1044.97,269.76,1049.74,228.8
11.042989,1047.19,248.91500000000002,1044.79,268.68,1049.59,229.15
11.046989,1045.255,249.04000000000002,1042.55,268.61,1047.96,229.47
11.050989,1044.57,249.79000000000002,1042.58,267.79,1046.56,231.79
11.054989,1043.4850000000001,250.325,1040.05,269.36,1046.92,231.29
11.058989,1043.0,250.345,1039.9,267.69,1046.1,233.0
11.062989,1042.7,248.0,1039.91,267.45,1045.49,228.55
11.066989,1043.08,249.98,1040.64,267.14,1045.52,232.82
11.070989,1042.52,250.385,1040.39,266.2,1044.65,234.57
11.074989,1041.255,250.58,1038.96,266.04,1043.55,235.12
11.078989,1041.9650000000001,250.23,1041.17,266.01,1042.76,234.45
11.082989,1041.0149999999999,251.64000000000001,1039.66,267.72,1042.37,235.56
11.086989,1040.625,251.12,1040.23,266.99,1041.02,235.25
11.090989,1039.8899999999999,250.89,1040.05,266.82,1039.73,234.96
11.094989,1040.44,251.13,1039.88,267.35,1041.0,234.91
11.098989,1040.18,250.285,1040.97,265.38,1039.39,235.19
11.102989,1040.1950000000002,249.7,1041.67,264.37,1038.72,235.03
11.106989,1039.575,250.01999999999998,1041.19,263.07,1037.96,236.97
11.110989,1039.02,249.40499999999997,1041.26,262.08,1036.78,236.73
11.114988,1039.405,249.23999999999998,1042.05,261.03,1036.76,237.45
11.118988,1040.24,249.26,1043.67,261.69,1036.81,236.83
11.122988,1041.21,249.99,1043.08,260.66,1039.34,239.32
11.126988,1040.3,250.115,1043.28,260.99,1037.32,239.24
11.130988,1040.1399999999999,250.655,1044.84,260.57,1035.44,240.74
11.134988,1040.5900000000001,251.19,1044.66,259.83,1036.52,242.55
11.138988,1041.2150000000001,252.23499999999999,1044.75,259.71,1037.68,244.76
11.142988,1041.4,252.965,1045.96,260.82,1036.84,245.11
11.146988,1042.35,253.49,1046.63,261.13,1038.07,245.85
11.150988,1043.28,253.91000000000003,1046.35,261.66,1040.21,246.16
11.154988,1041.5949999999998,254.755,1045.85,262.32,1037.34,247.19
11.158988,1041.6950000000002,255.51999999999998,1045.92,263.0,1037.47,248.04
11.162988,1040.37,256.2,1045.57,263.5,1035.17,248.9
11.166988,1038.675,256.29,1043.03,264.75,1034.32,247.83
11.170988,1040.5,256.13,1045.14,264.91,1035.86,247.35
11.174988,1041.155,258.025,1045.01,266.86,1037.3,249.19
11.178988,1041.77,257.675,1045.17,267.95,1038.37,247.4
11.182988,1043.435,257.41499999999996,1047.51,268.45,1039.36,246.38
11.186988,1043.27,257.275,1048.22,267.54,1038.32,247.01
11.190988,1045.0549999999998,256.015,1049.77,266.96,1040.34,245.07
11.194988,1045.69,256.005,1048.75,268.96,1042.63,243.05
11.198988,1047.975,255.34,1051.54,269.74,1044.41,240.94
11.202987,1048.96,254.84,1053.54,269.8,1044.38,239.88
11.206987,1050.37,253.775,1054.4,269.8,1046.34,237.75
11.210987,1051.0,252.815,1053.24,268.79,1048.76,236.84
11.214987,1050.35,253.005,1052.56,268.07,1048.14,237.94
11.218987,1049.08,252.515,1050.33,267.63,1047.83,237.4
11.222987,1049.47,252.255,1050.73,267.66,1048.21,236.85
11.226987,1048.77,251.38,1051.26,267.41,1046.28,235.35
11.230987,1048.62,250.98,1049.14,267.95,1048.1,234.01
11.234987,1046.505,250.725,1046.23,268.01,1046.78,233.44
11.238987,1045.385,249.315,1045.28,265.99,1045.49,232.64
11.242987,1059.195,249.695,1054.29,265.57,1064.1,233.82
11.246987,1156.8,249.325,1158.23,264.42,1155.37,234.23
11.250987,1187.295,249.45499999999998,1183.65,263.37,1190.94,235.54
11.254988,1202.5,250.3,1200.37,262.64,1204.63,237.96
11.258988,1206.6,250.87,1207.16,262.48,1206.04,239.26
11.262988,1194.6950000000002,251.89999999999998,1202.18,263.33,1187.21,240.47
11.266988,1176.305,250.69,1182.16,263.22,1170.45,238.16
11.270988,1168.87,250.99,1172.9,262.46,1164.84,239.52
11.274989,1175.2849999999999,252.71499999999997,1175.74,264.2,1174.83,241.23
11.278989,1183.055,253.175,1183.95,265.11,1182.16,241.24
11.282989,1187.55,254.05,1195.03,266.29,1180.07,241.81
11.286989,1190.115,254.44,1193.9,266.29,1186.33,242.59
11.29099,1188.605,254.43,1192.13,266.74,1185.08,242.12
11.29499,1191.15,255.535,1195.62,267.83,1186.68,243.24
11.29899,1185.425,255.135,1188.74,268.67,1182.11,241.6
11.30299,1186.565,255.115,1191.71,270.22,1181.42,240.01
11.30699,1187.935,253.85,1192.52,269.31,1183.35,238.39
11.310991,1191.0549999999998,253.57,1194.84,270.32,1187.27,236.82
11.314991,1192.65,252.695,1197.27,269.15,1188.03,236.24
11.318991,1193.995,251.0,1197.45,267.72,1190.54,234.28
11.322991,1194.885,250.35000000000002,1199.24,267.79,1190.53,232.91
11.326992,1194.685,249.58999999999997,1197.88,266.84,1191.49,232.34
11.330992,1195.49,248.33499999999998,1199.53,266.89,1191.45,229.78
11.334992,1195.315,247.005,1198.26,265.89,1192.37,228.12
11.338992,1195.14,246.265,1198.89,266.59,1191.39,225.94
11.342992,1195.94,246.04500000000002,1199.54,265.57,1192.34,226.52
11.346993,1196.295,244.89499999999998,1199.42,263.94,1193.17,225.85
11.350993,1196.115,244.54000000000002,1198.85,263.24,1193.38,225.84
11.354993,1196.0149999999999,244.64000000000001,1199.23,262.6,1192.8,226.68
11.358993,1195.145,245.54500000000002,1197.47,264.13,1192.82,226.96
11.362994,1194.94,247.20499999999998,1197.25,264.33,1192.63,230.08
11.366994,1193.875,248.20499999999998,1195.91,264.94,1191.84,231.47
11.370994,1194.07,248.10999999999999,1196.32,265.09,1191.82,231.13
11.374994,1193.81,249.19,1195.25,266.24,1192.37,232.14
11.378994,1194.315,250.43,1195.88,267.07,1192.75,233.79
11.382995,1193.97,249.52,1195.02,265.1,1192.92,233.94
11.386995,1194.18,250.85999999999999,1195.16,267.21,1193.2,234.51
11.390995,1193.005,250.16,1193.3,265.94,1192.71,234.38
11.394995,1192.95,249.79999999999998,1193.72,266.9,1192.18,232.7
11.398996,1191.49,251.18,1190.95,270.16,1192.03,232.2
11.402996,1190.7649999999999,250.675,1189.5,269.7,1192.03,231.65
11.406996,1191.24,250.65,1190.99,268.93,1191.49,232.37
11.410996,1191.4,249.53,1190.1,268.93,1192.7,230.13
11.414996,1191.005,250.61,1189.55,270.67,1192.46,230.55
11.418997,1189.895,251.155,1188.18,270.24,1191.61,232.07
11.422997,1190.85,250.855,1191.13,269.01,1190.57,232.7
11.426997,1190.525,249.425,1190.86,268.81,1190.19,230.04
11.430997,1190.5349999999999,249.235,1190.77,268.45,1190.3,230.02
11.434998,1193.83,247.74,1196.7,266.98,1190.96,228.5
11.438998,1192.4699999999998,248.745,1192.59,267.2,1192.35,230.29
11.442998,1194.03,246.01,1196.21,262.54,1191.85,229.48
11.446998,1196.1999999999998,246.025,1199.58,262.06,1192.82,229.99
11.450998,1195.565,244.07999999999998,1198.91,258.68,1192.22,229.48
11.454998,1196.0,244.005,1200.34,258.67,1191.66,229.34
11.459,1195.365,243.31,1199.46,258.92,1191.27,227.7
11.463003,1196.7350000000001,241.685,1200.45,256.3,1193.02,227.07
11.467005,1195.7350000000001,240.0,1198.8,254.81,1192.67,225.19
11.471007,1193.995,239.69,1196.1,253.6,1191.89,225.78
11.475009,1193.69,239.11,1195.88,251.95,1191.5,226.27
11.479012,1192.4,241.15,1194.57,253.34,1190.23,228.96
11.483014,1190.9850000000001,241.065,1193.64,252.93,1188.33,229.2
11.487016,1192.01,242.535,1195.79,254.69,1188.23,230.38
11.491018,1191.175,244.695,1195.11,255.89,1187.24,233.5
11.495021,1191.3899999999999,246.745,1194.24,257.58,1188.54,235.91
11.499023,1190.77,247.585,1193.25,258.74,1188.29,236.43
11.503025,1191.97,248.635,1196.15,260.0,1187.79,237.27
11.507028,1191.54,249.82999999999998,1196.65,261.0,1186.43,238.66
11.51103,1191.16,252.405,1195.9,264.24,1186.42,240.57
11.515032,1193.98,254.26999999999998,1201.08,266.01,1186.88,242.53
11.519034,1194.165,254.31,1200.42,266.21,1187.91,242.41
11.523037,1194.83,254.63,1201.14,267.25,1188.52,242.01
11.527039,1195.97,254.14000000000001,1202.22,266.85,1189.72,241.43
11.531041,1196.05,254.225,1201.5,266.34,1190.6,242.11
11.535043,1195.8649999999998,252.435,1200.87,265.06,1190.86,239.81
11.539046,1195.2800000000002,250.89,1200.43,263.83,1190.13,237.95
11.543048,1194.76,251.565,1199.71,264.13,1189.81,239.0
11.54705,1194.06,250.16500000000002,1198.24,262.99,1189.88,237.34
11.551052,1194.58,248.805,1199.13,260.32,1190.03,237.29
11.555055,1189.425,247.11,1190.23,257.67,1188.62,236.55
11.559057,1181.5700000000002,245.19,1177.46,256.57,1185.68,233.81
11.563059,1183.315,244.175,1183.1,254.9,1183.53,233.45
11.567062,1181.375,243.73,1181.86,254.01,1180.89,233.45
11.571064,1179.055,243.23000000000002,1177.68,253.25,1180.43,233.21
11.575066,1178.105,241.825,1178.46,252.74,1177.75,230.91
11.579068,1176.9450000000002,240.59500000000003,1176.72,252.33,1177.17,228.86
11.583071,1173.845,239.99,1172.29,251.97,1175.4,228.01
11.587073,1172.245,238.07,1169.26,251.39,1175.23,224.75
11.591075,1171.8049999999998,237.7,1169.8,252.12,1173.81,223.28
11.595077,1170.2,237.77,1167.15,255.11,1173.25,220.43
11.59908,1170.1100000000001,237.875,1166.99,256.74,1173.23,219.01
11.603082,1170.4850000000001,237.005,1167.68,256.69,1173.29,217.32
11.607084,1169.495,235.54500000000002,1164.96,257.42,1174.03,213.67
11.611086,1169.735,234.935,1164.12,256.86,1175.35,213.01
11.615089,1170.4299999999998,234.095,1164.82,257.74,1176.04,210.45
11.619091,1170.6599999999999,233.42000000000002,1164.21,257.92,1177.11,208.92
11.623093,1169.7649999999999,232.785,1161.6,258.46,1177.93,207.11
11.627095,1170.495,231.64,1162.59,258.76,1178.4,204.52
11.631098,1172.2,231.07999999999998,1163.88,259.31,1180.52,202.85
11.6351,1171.495,229.815,1162.59,258.27,1180.4,201.36
11.639102,1171.605,229.52,1161.41,257.47,1181.8,201.57
11.643105,1172.6999999999998,227.61,1162.53,255.5,1182.87,199.72
11.647102,1174.585,227.49,1164.13,255.86,1185.04,199.12
11.651099,1173.6399999999999,227.555,1164.06,256.04,1183.22,199.07
11.655096,1173.87,227.26,1165.07,255.58,1182.67,198.94
11.659093,1172.8249999999998,226.555,1163.86,255.02,1181.79,198.09
11.663088,1173.02,226.885,1164.33,256.28,1181.71,197.49
11.667083,1172.745,227.26,1165.58,256.0,1179.91,198.52
11.671078,1172.725,228.325,1165.5,256.03,1179.95,200.62
11.675073,1171.57,227.825,1165.06,255.02,1178.08,200.63
11.679068,1170.835,229.0,1165.67,255.0,1176.0,203.0
11.683063,1171.3899999999999,231.245,1166.86,255.58,1175.92,206.91
11.687058,1170.44,232.32,1167.76,255.27,1173.12,209.37
11.691053,1169.775,234.02499999999998,1167.96,256.71,1171.59,211.34
11.695048,1170.79,236.68,1169.98,259.14,1171.6,214.22
11.699043,1170.5900000000001,238.45,1170.89,260.44,1170.29,216.46
11.703038,1170.64,242.03000000000003,1172.39,263.22,1168.89,220.84
11.707033,1168.9850000000001,243.215,1171.24,262.99,1166.73,223.44
11.711028,1168.67,243.945,1170.98,263.41,1166.36,224.48
11.715023,1168.685,244.99,1170.06,262.68,1167.31,227.3
11.719018,1167.385,245.47000000000003,1167.84,263.91,1166.93,227.03
11.723013,1167.795,246.60000000000002,1167.65,264.36,1167.94,228.84
11.727008,1166.065,248.17000000000002,1165.37,266.63,1166.76,229.71
11.731003,1164.615,249.75,1163.45,267.59,1165.78,231.91
11.734998,1163.38,251.08499999999998,1162.02,268.88,1164.74,233.29
11.738993,1161.04,252.06,1159.49,268.02,1162.59,236.1
11.742988,1160.595,252.555,1157.06,268.06,1164.13,237.05
11.746983,1158.75,253.40499999999997,1154.68,269.02,1162.82,237.79
11.750978,1159.13,253.48000000000002,1155.63,269.24,1162.63,237.72
11.754973,1158.485,254.935,1154.6,269.66,1162.37,240.21
11.758968,1158.125,256.565,1155.37,270.81,1160.88,242.32
11.762963,1157.475,257.355,1154.63,270.68,1160.32,244.03
11.766958,1156.9650000000001,258.445,1153.64,271.45,1160.29,245.44
11.770953,1155.9850000000001,258.23,1152.68,269.83,1159.29,246.63
11.774948,1157.22,258.065,1156.26,269.8,1158.18,246.33
11.778943,1155.575,257.495,1153.22,269.1,1157.93,245.89
11.782938,1157.885,256.055,1155.74,267.94,1160.03,244.17
11.786933,1156.7649999999999,256.355,1153.43,268.44,1160.1,244.27
11.790928,1159.675,256.515,1158.53,266.94,1160.82,246.09
11.794923,1157.6799999999998,255.22500000000002,1153.74,264.16,1161.62,246.29
11.798918,1157.25,254.04500000000002,1154.16,263.62,1160.34,244.47
11.802913,1159.975,252.805,1158.89,261.48,1161.06,244.13
11.806907,1157.26,252.17000000000002,1154.42,260.88,1160.1,243.46
11.810902,1157.565,250.84500000000003,1154.92,258.86,1160.21,242.83
11.814897,1158.65,251.075,1156.11,258.52,1161.19,243.63
11.818892,1158.745,251.32999999999998,1155.27,257.84,1162.22,244.82
11.822887,1161.805,251.555,1161.21,256.14,1162.4,246.97
11.826882,1159.335,251.315,1156.59,256.07,1162.08,246.56
11.830877,1162.2350000000001,251.98000000000002,1162.0,256.31,1162.47,247.65
11.834872,1161.56,250.85,1159.46,255.57,1163.66,246.13
11.838867,1163.605,251.03499999999997,1161.96,256.59,1165.25,245.48
11.842862,1166.745,251.19,1165.12,256.01,1168.37,246.37
11.846862,1165.585,250.10000000000002,1162.96,255.27,1168.21,244.93
11.850862,1168.705,250.44,1166.64,255.7,1170.77,245.18
11.854862,1169.96,250.515,1167.72,257.76,1172.2,243.27
11.858861,1170.74,249.805,1168.46,258.66,1173.02,240.95
11.862861,1171.365,249.08499999999998,1169.68,259.2,1173.05,238.97
11.866861,1170.44,246.745,1166.05,258.76,1174.83,234.73
11.870862,1171.4,247.39499999999998,1167.88,260.08,1174.92,234.71
11.874862,1170.885,245.81,1167.81,258.46,1173.96,233.16
11.878862,1169.255,246.29500000000002,1165.56,260.19,1172.95,232.4
11.882863,1170.0,245.55,1168.39,260.48,1171.61,230.62
11.886863,1167.955,246.055,1165.36,261.93,1170.55,230.18
11.890863,1168.23,246.735,1164.92,264.06,1171.54,229.41
11.894864,1167.415,246.81,1164.16,264.51,1170.67,229.11
11.898864,1166.285,248.03,1163.14,265.5,1169.43,230.56
11.902864,1164.39,247.865,1161.9,264.29,1166.88,231.44
11.906865,1165.0949999999998,248.79500000000002,1161.59,265.62,1168.6,231.97
11.910865,1164.405,249.985,1161.85,265.81,1166.96,234.16
11.914865,1164.365,250.46,1161.93,265.11,1166.8,235.81
11.918866,1165.74,252.145,1161.63,267.35,1169.85,236.94
11.922866,1165.76,252.81,1161.93,266.89,1169.59,238.73
11.926866,1165.39,253.595,1160.4,267.08,1170.38,240.11
11.930867,1165.705,253.17,1160.26,266.33,1171.15,240.01
11.934867,1165.135,253.45,1159.04,265.81,1171.23,241.09
11.938867,1163.975,253.925,1156.16,266.95,1171.79,240.9
11.942868,1164.365,253.3,1156.74,266.33,1171.99,240.27
11.946868,1165.045,252.255,1157.48,265.7,1172.61,238.81
11.950868,1164.37,251.425,1155.43,264.27,1173.31,238.58
11.954869,1164.195,250.48000000000002,1155.56,264.35,1172.83,236.61
11.958869,1163.22,249.765,1153.98,264.39,1172.46,235.14
11.962869,1162.105,249.555,1153.38,264.46,1170.83,234.65
11.96687,1161.3600000000001,248.185,1153.97,263.28,1168.75,233.09
11.97087,1161.28,248.245,1154.62,262.35,1167.94,234.14
11.97487,1159.5,247.15,1154.67,260.54,1164.33,233.76
11.978871,1158.9,247.44,1154.72,261.12,1163.08,233.76
11.982871,1160.6,247.425,1156.77,259.54,1164.43,235.31
11.986871,1159.6799999999998,247.61,1156.0,259.2,1163.36,236.02
11.990872,1158.22,249.22000000000003,1153.41,260.72,1163.03,237.72
11.994872,1158.92,250.24,1156.37,261.14,1161.47,239.34
11.998872,1159.585,251.33999999999997,1157.39,262.33,1161.78,240.35
12.002873,1161.56,252.555,1159.34,264.33,1163.78,240.78
12.006873,1174.315,251.945,1176.29,262.56,1172.34,241.33
12.010873,1253.3400000000001,253.185,1246.77,264.36,1259.91,242.01
12.014874,1277.77,252.135,1263.51,263.5,1292.03,240.77
12.018874,1292.63,253.17,1283.75,264.95,1301.51,241.39
12.022874,1289.885,254.035,1284.3,266.26,1295.47,241.81
12.026875,1278.4899999999998,254.79500000000002,1273.87,267.06,1283.11,242.53
12.030875,1274.31,254.465,1274.11,267.3,1274.51,241.63
12.034875,1274.78,252.61,1272.78,266.61,1276.78,238.61
12.038876,1274.17,251.925,1267.72,265.64,1280.62,238.21
12.042876,1276.375,251.07,1271.86,264.89,1280.89,237.25
12.046876,1276.0549999999998,249.28500000000003,1272.03,262.49,1280.08,236.08
12.050876,1279.3600000000001,247.63,1277.58,261.92,1281.14,233.34
12.054876,1280.05,247.06,1276.57,261.98,1283.53,232.14
12.058876,1281.01,246.01999999999998,1279.0,261.28,1283.02,230.76
12.062876,1278.7150000000001,246.51999999999998,1276.17,261.77,1281.26,231.27
12.066876,1277.475,245.65999999999997,1274.24,261.4,1280.71,229.92
12.070877,1279.075,244.43,1276.45,259.83,1281.7,229.03
12.074877,1280.4499999999998,243.995,1277.08,258.83,1283.82,229.16
12.078877,1280.045,243.79500000000002,1275.75,258.05,1284.34,229.54
12.082878,1282.23,242.525,1279.73,256.61,1284.73,228.44
12.086878,1282.5500000000002,241.905,1279.71,256.12,1285.39,227.69
12.090878,1283.6,243.12,1282.03,257.24,1285.17,229.0
12.094879,1283.3899999999999,242.94,1281.47,257.36,1285.31,228.52
12.098879,1283.79,242.99,1282.13,256.96,1285.45,229.02
12.10288,1282.63,243.725,1279.98,257.51,1285.28,229.94
12.10688,1283.2,242.60500000000002,1280.67,256.04,1285.73,229.17
12.11088,1284.415,241.82,1281.85,254.76,1286.98,228.88
12.114881,1284.3200000000002,241.955,1281.42,254.55,1287.22,229.36
12.118881,1285.54,241.81,1283.26,254.81,1287.82,228.81
12.122881,1285.645,242.065,1283.16,254.86,1288.13,229.27
12.126882,1286.225,242.95,1283.37,256.05,1289.08,229.85
12.130882,1285.875,242.675,1283.16,255.69,1288.59,229.66
12.134882,1284.935,242.82,1279.88,256.7,1289.99,228.94
12.138883,1285.21,242.9,1279.1,256.43,1291.32,229.37
12.142883,1284.955,243.48000000000002,1277.43,257.67,1292.48,229.29
12.146883,1285.85,242.315,1278.46,256.36,1293.24,228.27
12.150884,1285.6,241.81,1277.51,257.04,1293.69,226.58
12.154884,1285.79,241.95499999999998,1278.03,257.32,1293.55,226.59
12.158884,1286.56,243.11499999999998,1279.24,259.03,1293.88,227.2
12.162885,1286.685,242.7,1278.89,258.96,1294.48,226.44
12.166885,1287.4899999999998,242.28000000000003,1280.36,259.41,1294.62,225.15
12.170885,1286.9850000000001,242.0,1280.01,259.81,1293.96,224.19
12.174886,1287.74,242.64,1281.44,260.32,1294.04,224.96
12.178886,1288.25,242.5,1282.96,260.12,1293.54,224.88
12.182887,1288.065,242.39,1283.53,259.74,1292.6,225.04
12.186887,1287.745,241.84500000000003,1283.95,258.72,1291.54,224.97
12.190887,1287.585,242.51999999999998,1284.09,259.45,1291.08,225.59
12.194888,1287.2649999999999,243.765,1283.66,259.76,1290.87,227.77
12.198888,1287.37,245.02499999999998,1284.12,260.01,1290.62,230.04
12.202888,1287.04,244.03,1283.68,260.32,1290.4,227.74
12.206889,1285.71,244.42499999999998,1282.07,259.96,1289.35,228.89
12.210889,1285.51,244.51999999999998,1281.53,259.26,1289.49,229.78
12.214889,1284.225,245.59,1280.19,259.8,1288.26,231.38
12.21889,1283.35,245.905,1279.95,259.3,1286.75,232.51
12.22289,1282.85,246.51999999999998,1279.37,258.83,1286.33,234.21
12.22689,1281.1100000000001,247.57999999999998,1278.17,259.58,1284.05,235.58
12.230891,1280.275,248.74,1278.46,260.56,1282.09,236.92
12.234891,1281.2849999999999,247.84,1279.05,259.07,1283.52,236.61
12.238891,1280.275,247.475,1277.73,258.21,1282.82,236.74
12.242892,1279.2150000000001,246.695,1277.45,258.29,1280.98,235.1
12.246892,1278.63,247.15,1277.51,258.24,1279.75,236.06
12.250892,1278.225,248.29,1277.47,260.03,1278.98,236.55
12.254892,1278.0149999999999,248.785,1278.02,259.68,1278.01,237.89
12.258892,1278.7849999999999,249.29500000000002,1278.96,260.91,1278.61,237.68
12.262892,1279.0700000000002,249.20499999999998,1279.15,261.65,1278.99,236.76
12.266892,1279.565,249.255,1280.41,262.51,1278.72,236.0
12.270892,1281.06,248.885,1282.8,263.04,1279.32,234.73
12.274892,1282.075,249.67000000000002,1283.16,265.05,1280.99,234.29
12.278892,1282.22,251.245,1283.96,268.26,1280.48,234.23
12.282892,1283.66,251.18,1286.88,268.3,1280.44,234.06
12.286892,1284.4650000000001,251.34500000000003,1287.96,267.91,1280.97,234.78
12.290892,1285.73,252.245,1288.57,270.98,1282.89,233.51
12.294892,1286.29,251.83,1289.25,270.91,1283.33,232.75
12.298892,1287.21,249.65499999999997,1289.8,271.09,1284.62,228.22
12.302892,1287.915,248.68,1289.41,269.89,1286.42,227.47
12.306892,1288.0549999999998,248.625,1290.01,271.91,1286.1,225.34
12.310892,1288.345,247.36499999999998,1288.78,271.03,1287.91,223.7
12.314892,1287.05,246.975,1287.37,270.7,1286.73,223.25
12.318892,1286.795,246.91500000000002,1287.01,270.49,1286.58,223.34
12.322892,1286.885,245.485,1286.56,270.25,1287.21,220.72
12.326892,1286.1100000000001,244.53000000000003,1284.09,270.22,1288.13,218.84
12.330891,1285.69,244.565,1281.84,270.78,1289.54,218.35
12.334891,1285.07,244.20499999999998,1281.05,269.64,1289.09,218.77
12.338891,1285.03,243.32999999999998,1281.05,269.21,1289.01,217.45
12.342891,1283.7150000000001,243.89999999999998,1279.38,267.65,1288.05,220.15
12.346891,1284.0149999999999,245.29,1279.85,269.38,1288.18,221.2
12.350891,1282.31,245.455,1277.66,268.67,1286.96,222.24
12.354891,1276.54,245.04,1270.47,267.13,1282.61,222.95
12.358891,1259.525,244.41,1247.61,266.83,1271.44,221.99
12.362891,1220.99,243.63,1199.43,265.47,1242.55,221.79
12.366891,1204.825,242.40500000000003,1188.94,263.48,1220.71,221.33
12.370891,1216.9699999999998,242.01,1209.82,260.89,1224.12,223.13
12.374891,1238.9650000000001,241.95499999999998,1241.26,259.62,1236.67,224.29
12.378891,1239.0,241.575,1236.22,259.42,1241.78,223.73
12.382891,1226.33,240.315,1224.76,257.53,1227.9,223.1
12.386891,1222.725,239.62,1219.83,257.07,1225.62,222.17
12.390891,1221.81,239.49,1220.51,254.92,1223.11,224.06
12.394891,1218.12,239.365,1215.75,253.73,1220.49,225.0
12.398891,1218.1,239.385,1214.1,253.55,1222.1,225.22
12.402891,1215.895,241.275,1214.55,253.62,1217.24,228.93
12.406891,1215.375,242.5,1213.05,253.76,1217.7,231.24
12.410891,1216.295,243.665,1215.33,253.98,1217.26,233.35
12.414891,1216.215,245.125,1215.81,255.07,1216.62,235.18
12.418891,1215.32,245.745,1214.55,254.77,1216.09,236.72
12.422891,1212.87,245.85,1211.51,254.67,1214.23,237.03
12.426891,1212.435,247.25,1210.84,255.15,1214.03,239.35
12.430891,1211.395,247.29000000000002,1209.09,255.11,1213.7,239.47
12.434891,1213.155,246.26,1210.71,254.9,1215.6,237.62
12.438891,1214.04,246.44,1211.96,255.45,1216.12,237.43
12.442891,1214.6999999999998,246.92,1212.32,256.7,1217.08,237.14
12.446892,1215.95,246.71999999999997,1213.25,257.71,1218.65,235.73
12.450894,1217.775,245.81,1216.73,257.41,1218.82,234.21
12.454895,1219.7199999999998,244.215,1220.33,257.88,1219.11,230.55
12.458897,1221.5149999999999,241.875,1222.73,257.02,1220.3,226.73
12.462898,1221.21,240.88,1220.95,257.18,1221.47,224.58
12.4669,1220.685,242.54000000000002,1219.05,257.47,1222.32,227.61
12.470901,1222.69,241.42000000000002,1224.09,258.22,1221.29,224.62
12.474903,1224.77,241.535,1225.95,258.96,1223.59,224.11
12.478905,1223.085,241.375,1225.1,260.51,1221.07,222.24
12.482908,1223.685,242.07,1225.35,262.91,1222.02,221.23
12.48691,1221.725,241.14499999999998,1221.62,261.84,1221.83,220.45
12.490913,1220.395,243.11,1221.81,262.66,1218.98,223.56
12.494915,1221.4050000000002,245.125,1220.91,265.47,1221.9,224.78
12.498918,1221.76,246.04500000000002,1220.8,267.72,1222.72,224.37
12.50292,1220.715,246.16500000000002,1219.83,268.48,1221.6,223.85
12.506923,1219.78,248.64999999999998,1218.74,270.26,1220.82,227.04
12.510926,1219.13,249.435,1217.5,271.21,1220.76,227.66
12.514928,1220.915,251.02999999999997,1218.12,273.34,1223.71,228.72
12.518931,1220.4450000000002,252.44,1220.48,275.27,1220.41,229.61
12.522933,1219.8400000000001,254.695,1217.68,278.09,1222.0,231.3
12.526936,1217.135,254.64,1214.01,276.24,1220.26,233.04
12.530938,1219.295,256.11,1217.05,276.64,1221.54,235.58
12.534941,1219.255,255.48000000000002,1215.91,277.93,1222.6,233.03
12.538944,1218.705,257.06,1217.21,278.36,1220.2,235.76
12.542946,1216.55,257.15000000000003,1214.73,278.22,1218.37,236.08
12.546949,1215.73,257.18,1211.54,277.85,1219.92,236.51
12.550951,1215.825,256.65,1212.17,277.48,1219.48,235.82
12.554954,1217.65,255.82999999999998,1216.75,277.7,1218.55,233.96
12.558956,1218.315,254.465,1217.33,276.43,1219.3,232.5
12.562959,1215.33,254.485,1211.56,275.18,1219.1,233.79
12.566962,1215.0149999999999,252.5,1210.86,273.5,1219.17,231.5
12.570964,1215.87,250.555,1212.97,273.53,1218.77,227.58
12.574967,1216.19,252.085,1213.8,274.67,1218.58,229.5
12.578969,1215.49,252.06,1213.1,274.11,1217.88,230.01
12.582972,1215.4450000000002,250.66500000000002,1211.25,273.79,1219.64,227.54
12.586974,1214.955,250.625,1209.51,273.84,1220.4,227.41
12.590977,1215.175,250.85500000000002,1209.27,272.94,1221.08,228.77
12.59498,1213.725,251.755,1206.0,273.88,1221.45,229.63
12.598982,1212.38,252.71499999999997,1204.81,274.83,1219.95,230.6
12.602985,1211.6149999999998,254.175,1203.86,275.66,1219.37,232.69
12.606987,1213.12,253.7,1206.91,275.13,1219.33,232.27
12.61099,1211.14,254.32,1204.39,275.36,1217.89,233.28
12.614992,1210.81,255.545,1203.52,276.46,1218.1,234.63
12.618995,1210.005,256.65500000000003,1202.78,277.66,1217.23,235.65
12.622998,1209.075,257.69,1200.5,277.88,1217.65,237.5
12.627,1209.465,258.34,1202.58,278.08,1216.35,238.6
12.631003,1209.3400000000001,259.22,1202.42,278.81,1216.26,239.63
12.635005,1208.685,258.79,1201.05,277.35,1216.32,240.23
12.639008,1208.87,259.285,1203.03,277.47,1214.71,241.1
12.64301,1210.49,259.625,1205.02,277.59,1215.96,241.66
12.647009,1211.96,258.675,1205.42,276.45,1218.5,240.9
12.651008,1210.505,259.41499999999996,1203.75,277.58,1217.26,241.25
12.655007,1212.895,258.725,1207.14,276.15,1218.65,241.3
12.659006,1213.515,258.21500000000003,1208.13,275.57,1218.9,240.86
12.663005,1215.4499999999998,256.51,1211.12,272.41,1219.78,240.61
12.667004,1221.71,255.935,1216.75,270.06,1226.67,241.81
12.671003,1261.44,255.11,1246.07,267.07,1276.81,243.15
12.675002,1337.61,255.84500000000003,1326.6,267.92,1348.62,243.77
12.679001,1391.2350000000001,256.57,1398.47,269.29,1384.0,243.85
12.682999,1396.545,257.14,1400.42,269.96,1392.67,244.32
12.686996,1407.28,257.3,1415.21,271.52,1399.35,243.08
12.690993,1403.215,257.675,1412.31,272.79,1394.12,242.56
12.694991,1394.52,253.82999999999998,1398.3,267.28,1390.74,240.38
12.698988,1391.135,254.60999999999999,1393.31,268.34,1388.96,240.88
12.702985,1390.085,254.73,1390.34,267.95,1389.83,241.51
12.706983,1396.47,255.84,1399.45,268.93,1393.49,242.75
12.71098,1396.68,254.20499999999998,1398.63,268.51,1394.73,239.9
12.714977,1399.055,254.07999999999998,1402.38,269.53,1395.73,238.63
12.718974,1401.44,253.61,1406.12,270.57,1396.76,236.65
12.722972,1402.73,252.51,1407.28,269.7,1398.18,235.32
12.726969,1402.685,250.64499999999998,1407.2,268.0,1398.17,233.29
12.730966,1401.065,249.94,1404.69,267.71,1397.44,232.17
12.734964,1399.4099999999999,249.315,1399.51,265.97,1399.31,232.66
12.738961,1401.46,248.97500000000002,1401.78,265.42,1401.14,232.53
12.742958,1401.795,249.82999999999998,1399.92,266.53,1403.67,233.13
12.746956,1403.445,249.525,1401.77,266.86,1405.12,232.19
12.750953,1403.7649999999999,248.01999999999998,1401.34,265.39,1406.19,230.65
12.75495,1402.185,248.17,1397.78,266.58,1406.59,229.76
12.758947,1403.3400000000001,247.49,1400.65,265.33,1406.03,229.65
12.762945,1401.82,246.87,1397.33,265.06,1406.31,228.68
12.766942,1400.555,246.61,1395.69,265.04,1405.42,228.18
12.770939,1400.505,246.865,1394.93,264.19,1406.08,229.54
12.774937,1400.275,246.89999999999998,1393.72,263.33,1406.83,230.47
12.778934,1399.52,248.29000000000002,1390.89,264.85,1408.15,231.73
12.782931,1399.935,248.81,1392.15,264.2,1407.72,233.42
12.786929,1399.48,250.20999999999998,1392.33,265.07,1406.63,235.35
12.790926,1399.29,250.83,1391.24,267.29,1407.34,234.37
12.794923,1399.895,250.81,1393.6,266.51,1406.19,235.11
12.798921,1399.97,251.10500000000002,1394.55,265.73,1405.39,236.48
12.802918,1398.92,252.58499999999998,1393.08,267.7,1404.76,237.47
12.806915,1399.0,251.54500000000002,1393.29,266.23,1404.71,236.86
12.810912,1399.395,253.11,1392.51,266.56,1406.28,239.66
12.81491,1400.3249999999998,253.13,1394.37,267.82,1406.28,238.44
12.818907,1399.575,253.135,1394.49,269.34,1404.66,236.93
12.822904,1400.5,250.76500000000001,1396.95,267.42,1404.05,234.11
12.826902,1400.395,247.925,1397.2,268.94,1403.59,226.91
12.830899,1401.54,248.78500000000003,1399.27,268.48,1403.81,229.09
12.834896,1401.205,247.81,1399.05,267.06,1403.36,228.56
12.838894,1400.4099999999999,247.335,1397.48,267.16,1403.34,227.51
12.842891,1401.04,246.83,1397.45,268.04,1404.63,225.62
12.84689,1401.27,246.62,1397.08,268.9,1405.46,224.34
12.85089,1400.1399999999999,245.76,1396.25,268.12,1404.03,223.4
12.854889,1388.635,244.315,1377.44,266.71,1399.83,221.92
12.858889,1355.69,243.145,1325.73,265.99,1385.65,220.3
12.862888,1350.785,240.84000000000003,1325.18,263.66,1376.39,218.02
12.866888,1359.415,240.59,1340.97,264.61,1377.86,216.57
12.870887,1350.26,241.91500000000002,1334.57,265.61,1365.95,218.22
12.874887,1358.4299999999998,240.59,1350.29,263.73,1366.57,217.45
12.878886,1362.06,240.3,1363.19,263.17,1360.93,217.43
12.882886,1355.605,239.61,1350.84,262.48,1360.37,216.74
12.886884,1347.745,239.85,1340.27,261.83,1355.22,217.87
12.890883,1345.6999999999998,238.85999999999999,1336.58,259.84,1354.82,217.88
12.894882,1345.675,237.59,1336.77,258.0,1354.58,217.18
12.89888,1342.63,238.78000000000003,1332.6,259.79,1352.66,217.77
12.902879,1342.72,238.3,1333.17,257.87,1352.27,218.73
12.906878,1344.3000000000002,238.96,1337.13,257.43,1351.47,220.49
12.910876,1343.335,237.985,1335.01,255.62,1351.66,220.35
12.914875,1343.72,238.10000000000002,1335.68,255.9,1351.76,220.3
12.918874,1343.6799999999998,237.29000000000002,1335.87,254.0,1351.49,220.58
12.922872,1342.81,238.69,1333.84,255.29,1351.78,222.09
12.926871,1342.13,237.635,1331.38,254.74,1352.88,220.53
12.93087,1342.55,237.175,1332.51,254.88,1352.59,219.47
12.934868,1342.79,237.71,1333.08,255.93,1352.5,219.49
12.938867,1342.455,239.41500000000002,1333.1,256.79,1351.81,222.04
12.942866,1341.52,239.02499999999998,1332.75,256.57,1350.29,221.48
12.946864,1340.75,239.29500000000002,1333.31,256.68,1348.19,221.91
12.950863,1339.75,240.245,1331.66,257.79,1347.84,222.7
12.954862,1339.325,241.815,1333.27,258.94,1345.38,224.69
12.958861,1337.78,242.745,1333.03,258.48,1342.53,227.01
12.962859,1336.715,244.505,1332.07,260.07,1341.36,228.94
12.966858,1337.505,244.355,1334.15,259.51,1340.86,229.2
12.970857,1337.995,245.07,1336.41,259.64,1339.58,230.5
12.974855,1336.415,246.75,1333.79,260.02,1339.04,233.48
12.978854,1336.75,246.38,1335.04,260.73,1338.46,232.03
12.982853,1337.13,245.89,1334.89,259.59,1339.37,232.19
12.986851,1336.415,246.38,1333.89,258.73,1338.94,234.03
12.99085,1337.645,245.895,1334.11,257.42,1341.18,234.37
12.994849,1338.21,246.09,1334.31,257.73,1342.11,234.45
12.998847,1338.13,245.24,1333.47,257.62,1342.79,232.86
13.002846,1339.28,245.34500000000003,1334.27,257.48,1344.29,233.21
13.006845,1339.94,244.805,1335.41,257.84,1344.47,231.77
13.010843,1339.13,244.68,1334.46,257.97,1343.8,231.39
13.014842,1338.375,245.14499999999998,1333.07,259.2,1343.68,231.09
13.018841,1339.375,244.215,1333.97,259.82,1344.78,228.61
13.022839,1339.025,243.23,1332.76,258.9,1345.29,227.56
13.026838,1336.78,243.525,1330.07,260.8,1343.49,226.25
13.030837,1336.915,242.565,1329.31,260.94,1344.52,224.19
13.034835,1335.99,243.815,1329.84,263.15,1342.14,224.48
13.038834,1335.94,244.01999999999998,1330.03,264.26,1341.85,223.78
13.042833,1334.43,244.55,1328.41,264.56,1340.45,224.54
13.046831,1334.8049999999998,244.20999999999998,1328.6,264.5,1341.01,223.92
13.05083,1333.67,243.65,1327.22,265.05,1340.12,222.25
13.054828,1333.37,243.84,1325.88,264.87,1340.86,222.81
13.058826,1332.6,243.70000000000002,1323.99,264.85,1341.21,222.55
13.062825,1332.04,241.965,1323.43,262.81,1340.65,221.12
13.066823,1331.23,243.81,1323.9,263.33,1338.56,224.29
13.070821,1332.755,242.925,1325.88,260.8,1339.63,225.05
13.07482,1332.535,242.975,1327.18,259.4,1337.89,226.55
13.078818,1331.8600000000001,241.53500000000003,1326.81,257.98,1336.91,225.09
13.082816,1331.63,241.355,1326.46,257.02,1336.8,225.69
13.086815,1332.46,240.70499999999998,1327.95,255.03,1336.97,226.38
13.090815,1331.645,239.76999999999998,1328.37,254.03,1334.92,225.51
13.094814,1332.315,238.825,1329.52,251.38,1335.11,226.27
13.098814,1332.465,237.53,1329.07,248.98,1335.86,226.08
13.102814,1333.5700000000002,237.425,1330.94,247.83,1336.2,227.02
13.106814,1334.945,237.53500000000003,1332.61,246.52,1337.28,228.55
13.110813,1337.24,237.305,1334.25,245.54,1340.23,229.07
13.114813,1336.76,237.225,1333.8,245.0,1339.72,229.45
13.118813,1337.905,237.505,1333.77,245.81,1342.04,229.2
13.122813,1339.9450000000002,238.25,1334.66,246.3,1345.23,230.2
13.126812,1341.9699999999998,237.5,1336.86,245.37,1347.08,229.63
13.130812,1341.435,236.79500000000002,1334.97,245.71,1347.9,227.88
13.134812,1341.185,237.035,1334.05,245.84,1348.32,228.23
13.138812,1341.385,239.265,1333.33,248.44,1349.44,230.09
13.142811,1341.75,239.535,1334.06,248.7,1349.44,230.37
13.146811,1341.8049999999998,239.85,1333.6,249.13,1350.01,230.57
13.150811,1340.685,241.115,1332.09,252.08,1349.28,230.15
13.15481,1341.175,239.95499999999998,1333.08,250.71,1349.27,229.2
13.15881,1341.605,240.54000000000002,1334.1,251.75,1349.11,229.33
13.16281,1341.54,239.625,1334.09,250.66,1348.99,228.59
13.16681,1341.225,239.425,1333.7,250.07,1348.75,228.78
13.170809,1339.03,240.20999999999998,1328.97,252.28,1349.09,228.14
13.174809,1338.87,241.185,1327.59,252.07,1350.15,230.3
13.178809,1339.1999999999998,241.67000000000002,1327.81,252.91,1350.59,230.43
13.182809,1340.565,240.70499999999998,1330.72,251.62,1350.41,229.79
13.186808,1340.155,239.83499999999998,1331.36,250.7,1348.95,228.97
13.190808,1341.22,239.72,1333.7,250.56,1348.74,228.88
13.194808,1342.205,239.56,1334.84,248.99,1349.57,230.13
13.198808,1340.02,241.06,1331.41,249.77,1348.63,232.35
13.202807,1330.6100000000001,240.8,1317.33,250.44,1343.89,231.16
13.206807,1270.645,241.78,1246.13,252.26,1295.16,231.3
13.210807,1163.215,242.095,1109.35,253.85,1217.08,230.34
13.214807,1070.45,241.99,1019.66,255.23,1121.24,228.75
13.218806,1023.235,242.62,968.46,257.57,1078.01,227.67
13.222806,947.12,243.105,878.27,258.7,1015.97,227.51
13.226806,918.9,248.015,867.37,262.51,970.43,233.52
13.230806,852.3399999999999,254.01999999999998,797.55,270.94,907.13,237.1
13.234805,797.5550000000001,267.165,758.21,293.37,836.9,240.96
13.238805,739.315,268.68,705.6,294.23,773.03,243.13
13.242805,694.39,276.83000000000004,657.16,304.67,731.62,248.99
13.246805,695.875,278.705,672.45,299.15,719.3,258.26
13.250805,705.135,280.755,685.76,301.23,724.51,260.28
13.254805,715.79,282.14,699.04,301.85,732.54,262.43
13.258805,711.855,285.26,694.92,304.93,728.79,265.59
13.262805,705.81,287.635,688.29,307.06,723.33,268.21
13.266805,698.595,289.55,683.78,307.91,713.41,271.19
13.270805,695.46,293.17,679.59,310.98,711.33,275.36
13.274805,695.71,294.925,678.08,311.56,713.34,278.29
13.278805,694.935,295.57500000000005,675.9,310.61,713.97,280.54
13.282805,692.695,295.90999999999997,676.95,309.01,708.44,282.81
13.286805,693.5,295.895,677.59,307.79,709.41,284.0
13.290805,691.595,296.135,676.99,308.08,706.2,284.19
13.294805,690.3499999999999,297.28499999999997,676.78,307.51,703.92,287.06
13.298804,689.0799999999999,297.395,676.62,306.79,701.54,288.0
13.302804,688.21,298.79,676.78,307.42,699.64,290.16
13.306804,689.06,300.20000000000005,679.05,308.92,699.07,291.48
13.310803,690.505,301.71,681.6,311.14,699.41,292.28
13.314803,691.54,301.515,683.54,310.43,699.54,292.6
13.318803,693.2049999999999,301.03499999999997,687.65,309.69,698.76,292.38
13.322803,694.275,303.115,688.92,312.86,699.63,293.37
13.326802,696.285,302.38,691.29,311.31,701.28,293.45
13.330802,696.2650000000001,302.41499999999996,693.58,309.88,698.95,294.95
13.334802,697.725,302.755,694.21,308.6,701.24,296.91
13.338801,698.49,302.51,694.39,307.58,702.59,297.44
13.342801,697.835,303.74,693.43,307.06,702.24,300.42
13.346801,697.365,302.9,692.72,304.07,702.01,301.73
13.350801,696.55,301.82,690.45,303.44,702.65,300.2
13.3548,695.6949999999999,303.295,688.25,303.93,703.14,302.66
13.3588,695.705,303.46500000000003,688.07,303.02,703.34,303.91
13.3628,696.31,304.55,688.76,304.61,703.86,304.49
13.366799,695.0699999999999,303.28499999999997,687.56,303.07,702.58,303.5
13.370799,693.905,304.115,686.75,303.55,701.06,304.68
13.374799,694.365,304.96000000000004,685.22,304.48,703.51,305.44
13.378799,691.29,306.28999999999996,682.89,306.01,699.69,306.57
13.382798,661.46,305.405,640.48,306.26,682.44,304.55
13.386798,546.625,306.57500000000005,528.69,309.11,564.56,304.04
13.390798,467.03,308.64,426.12,312.68,507.94,304.6
13.394797,399.40999999999997,312.35,367.08,317.04,431.74,307.66
13.398797,354.255,316.755,328.44,323.47,380.07,310.04
13.402797,303.975,319.66,279.63,325.47,328.32,313.85
13.406797,262.37,322.11,251.55,327.01,273.19,317.21
13.410796,256.81,328.78,251.97,331.03,261.65,326.53
13.414796,269.88,326.41499999999996,272.14,331.25,267.62,321.58
13.418796,291.525,326.555,297.82,328.48,285.23,324.63
13.422795,291.62,326.325,301.42,329.45,281.82,323.2
13.426795,273.65999999999997,325.79499999999996,271.3,329.83,276.02,321.76
13.430795,265.355,327.065,262.08,329.27,268.63,324.86
13.434795,258.33,327.11,253.27,329.13,263.39,325.09
13.438794,257.09000000000003,325.88,257.18,327.18,257.0,324.58
13.442794,255.535,326.445,251.76,328.53,259.31,324.36
13.446794,254.70499999999998,324.21500000000003,250.89,327.98,258.52,320.45
13.450795,261.36,322.61,259.35,325.64,263.37,319.58
13.454795,262.53499999999997,320.36,264.45,324.54,260.62,316.18
13.458795,262.27,319.11,259.28,322.09,265.26,316.13
13.462796,260.88,319.43,258.42,322.88,263.34,315.98
13.466796,258.935,318.495,259.15,322.6,258.72,314.39
13.470796,256.73,319.405,255.55,324.75,257.91,314.06
13.474796,259.91,318.17499999999995,258.22,322.4,261.6,313.95
13.478797,260.855,317.95,260.4,321.37,261.31,314.53
13.482797,260.66499999999996,318.115,259.89,321.69,261.44,314.54
13.486797,261.93,317.81,259.68,319.79,264.18,315.83
13.490798,263.295,317.26,260.85,318.29,265.74,316.23
13.494798,261.725,317.395,259.27,318.32,264.18,316.47
13.498801,262.1,318.385,257.69,317.69,266.51,319.08
13.502804,260.885,319.6,256.55,318.36,265.22,320.84
13.506807,260.11,319.425,256.09,317.74,264.13,321.11
13.51081,259.21999999999997,320.255,253.04,318.7,265.4,321.81
13.514813,260.43,318.48,253.64,315.88,267.22,321.08
13.518817,258.57,318.90999999999997,251.2,316.89,265.94,320.93
13.52282,257.21500000000003,316.68,249.69,316.35,264.74,317.01
13.526823,256.66999999999996,317.275,248.45,316.62,264.89,317.93
13.530826,256.32,315.595,248.07,317.13,264.57,314.06
13.534829,254.95499999999998,314.545,246.46,316.62,263.45,312.47
13.538832,255.41,311.82500000000005,247.95,313.67,262.87,309.98
13.542835,254.08999999999997,311.18,248.03,313.61,260.15,308.75
13.546838,252.84500000000003,312.155,245.9,315.72,259.79,308.59
13.550842,252.17000000000002,310.165,245.87,314.16,258.47,306.17
13.554845,252.595,308.22,247.3,312.12,257.89,304.32
13.558848,249.685,308.2,245.02,311.13,254.35,305.27
13.562851,249.95499999999998,309.29999999999995,244.88,311.39,255.03,307.21
13.566854,250.63,309.54499999999996,246.63,311.64,254.63,307.45
13.570857,250.405,308.905,246.28,310.51,254.53,307.3
13.57486,250.68,311.01,247.46,309.98,253.9,312.04
13.578863,250.60500000000002,309.23,248.81,308.81,252.4,309.65
13.582866,249.93,310.275,247.01,309.74,252.85,310.81
13.58687,249.29000000000002,310.19,245.58,308.94,253.0,311.44
13.590873,249.78,309.20000000000005,245.88,307.6,253.68,310.8
13.594876,250.68,310.495,245.29,307.91,256.07,313.08
13.598879,249.29000000000002,310.61,244.49,308.78,254.09,312.44
13.602882,251.995,311.905,244.84,311.36,259.15,312.45
13.606885,253.0,313.02,246.38,313.35,259.62,312.69
13.610888,254.005,312.99,247.1,313.4,260.91,312.58
13.614891,255.445,314.20500000000004,249.45,314.98,261.44,313.43
13.618895,256.0,313.2,248.86,315.0,263.14,311.4
13.622898,257.32,314.58,250.11,316.14,264.53,313.02
13.626901,259.08500000000004,315.205,251.11,317.08,267.06,313.33
13.630904,268.435,317.315,265.52,319.57,271.35,315.06
13.634907,287.7,319.45500000000004,286.58,321.05,288.82,317.86
13.63891,290.94,321.30999999999995,301.82,323.34,280.06,319.28
13.642913,289.765,323.44,295.56,326.01,283.97,320.87
13.646914,284.08000000000004,325.75,288.86,328.85,279.3,322.65
13.650914,284.995,327.34000000000003,286.36,331.32,283.63,323.36
13.654914,287.7,328.225,290.51,333.03,284.89,323.42
13.658915,292.61,329.925,294.67,333.44,290.55,326.41
13.662915,294.425,331.28,294.24,334.89,294.61,327.67
13.666915,295.775,331.78,294.88,335.29,296.67,328.27
13.670916,298.485,333.125,296.6,336.46,300.37,329.79
13.674916,298.89,334.15999999999997,295.91,337.53,301.87,330.79
13.678916,297.12,335.355,293.46,339.08,300.78,331.63
13.682917,296.405,335.055,290.37,339.68,302.44,330.43
13.686917,295.525,337.27,289.06,342.48,301.99,332.06
13.690917,294.91499999999996,337.115,288.05,340.9,301.78,333.33
13.694917,296.565,337.71000000000004,287.65,340.01,305.48,335.41
13.698918,295.54999999999995,337.365,284.83,338.93,306.27,335.8
13.702916,296.025,338.28,283.03,340.47,309.02,336.09
13.706914,296.025,338.73,282.79,341.07,309.26,336.39
13.710912,297.37,340.045,283.48,342.35,311.26,337.74
13.71491,297.21000000000004,338.975,284.32,341.09,310.1,336.86
13.718908,298.6,338.84000000000003,285.07,339.96,312.13,337.72
13.722906,298.15,337.905,284.37,337.16,311.93,338.65
13.726904,298.29,337.43,286.67,335.7,309.91,339.16
13.730902,296.91499999999996,337.385,286.38,334.53,307.45,340.24
13.7349,298.33000000000004,336.525,288.73,332.89,307.93,340.16
13.738898,297.305,336.445,289.67,333.01,304.94,339.88
13.742896,301.75,337.295,296.19,332.8,307.31,341.79
13.746894,301.08500000000004,336.11,295.94,333.69,306.23,338.53
13.750892,300.11,336.015,297.41,332.14,302.81,339.89
13.75489,300.38,336.515,299.28,333.41,301.48,339.62
13.758888,300.88,336.35,301.71,334.51,300.05,338.19
13.762886,300.45500000000004,337.07500000000005,304.54,335.97,296.37,338.18
13.766884,300.27,337.205,304.88,338.7,295.66,335.71
13.770882,301.08000000000004,337.595,307.47,340.97,294.69,334.22
13.77488,301.79999999999995,336.405,308.89,343.2,294.71,329.61
13.778878,301.295,336.07000000000005,309.1,343.91,293.49,328.23
13.782876,301.57500000000005,334.455,309.92,343.89,293.23,325.02
13.786874,299.59000000000003,334.375,307.99,344.26,291.19,324.49
13.790871,300.26,333.615,308.28,343.61,292.24,323.62
13.794869,299.0,332.33000000000004,307.18,343.72,290.82,320.94
13.798867,298.08000000000004,330.79499999999996,305.61,342.31,290.55,319.28
13.802865,296.605,329.925,302.83,342.31,290.38,317.54
13.806863,297.03499999999997,329.1,302.11,341.49,291.96,316.71
13.810861,295.375,327.755,300.0,339.37,290.75,316.14
13.814859,295.29999999999995,327.62,298.9,338.87,291.7,316.37
13.818857,294.755,326.185,296.8,334.37,292.71,318.0
13.822855,293.72,326.39,295.62,334.11,291.82,318.67
13.826853,294.315,326.32500000000005,296.26,332.47,292.37,320.18
13.830851,293.59000000000003,326.55,295.49,331.98,291.69,321.12
13.834849,292.555,326.48,295.97,331.46,289.14,321.5
13.838847,292.42,327.31,296.35,330.97,288.49,323.65
13.842845,293.45,327.16499999999996,298.14,330.3,288.76,324.03
13.846845,297.655,327.375,299.49,329.44,295.82,325.31
13.850844,327.935,328.34000000000003,309.16,328.7,346.71,327.98
13.854844,359.365,326.87,343.84,327.66,374.89,326.08
13.858843,371.315,326.525,359.81,327.31,382.82,325.74
13.862843,370.40999999999997,326.695,356.76,328.44,384.06,324.95
13.866842,363.075,326.53,351.52,328.72,374.63,324.34
13.870842,366.28999999999996,325.655,360.0,330.17,372.58,321.14
13.874841,366.365,325.26,358.92,329.79,373.81,320.73
13.878841,368.28499999999997,326.06,361.7,330.79,374.87,321.33
13.88284,370.02,328.16999999999996,364.02,331.84,376.02,324.5
13.88684,370.215,330.89,364.65,332.61,375.78,329.17
13.890839,371.955,331.44,365.78,334.2,378.13,328.68
13.894839,372.795,332.57,367.74,334.03,377.85,331.11
13.898838,373.12,333.735,367.84,334.1,378.4,333.37
13.902838,372.485,334.73,366.68,333.77,378.29,335.69
13.906837,372.94,336.38,367.07,333.94,378.81,338.82
13.910836,374.11,335.985,367.9,334.69,380.32,337.28
13.914834,374.225,338.685,367.21,337.26,381.24,340.11
13.918833,375.135,338.8,367.82,336.74,382.45,340.86
13.922832,376.045,338.315,368.16,334.64,383.93,341.99
13.926831,375.875,338.365,367.73,335.61,384.02,341.12
13.93083,377.425,336.9,368.72,334.97,386.13,338.83
13.934829,375.92499999999995,336.235,368.14,335.35,383.71,337.12
13.938828,376.185,334.33,370.26,332.88,382.11,335.78
13.942827,375.095,333.54499999999996,368.38,333.59,381.81,333.5
13.946826,370.95500000000004,333.44,368.61,335.53,373.3,331.35
13.950825,373.02,332.955,369.17,335.34,376.87,330.57
13.954824,372.185,331.335,369.91,331.9,374.46,330.77
13.958823,372.045,330.82500000000005,368.41,332.68,375.68,328.97
13.962822,370.635,329.945,367.48,331.88,373.79,328.01
13.966821,370.025,328.385,366.99,331.56,373.06,325.21
13.97082,370.78999999999996,326.375,366.63,329.42,374.95,323.33
13.974819,368.38,325.89,365.06,329.12,371.7,322.66
13.978818,368.25,326.52,362.81,329.01,373.69,324.03
13.982817,366.48,325.92,359.44,329.61,373.52,322.23
13.986816,367.33,324.735,361.02,328.64,373.64,320.83
13.990815,367.71,324.96500000000003,360.78,327.23,374.64,322.7
13.994814,366.1,322.505,356.86,325.44,375.34,319.57
13.998812,365.725,322.85,356.12,325.31,375.33,320.39
14.002811,364.645,323.38,354.62,325.18,374.67,321.58
14.00681,365.505,324.525,355.38,325.06,375.63,323.99
14.010809,365.225,323.28,354.99,323.91,375.46,322.65
14.014808,364.88,325.08500000000004,355.7,323.13,374.06,327.04
14.018807,365.41499999999996,324.255,356.51,321.66,374.32,326.85
14.022806,366.03,324.555,358.0,319.41,374.06,329.7
14.026805,366.045,324.57,358.3,318.61,373.79,330.53
14.030804,366.92,326.78499999999997,358.6,320.26,375.24,333.31
14.034803,367.28499999999997,326.315,358.93,319.63,375.64,333.0
14.038802,366.575,327.05,358.03,319.67,375.12,334.43
14.042801,368.64,328.085,359.78,322.03,377.5,334.14
14.0468,368.985,329.275,361.27,321.42,376.7,337.13
14.050799,369.15,328.155,362.29,320.03,376.01,336.28
14.054799,368.4,330.055,360.95,321.66,375.85,338.45
14.058798,368.57,329.435,360.27,322.0,376.87,336.87
14.062797,368.755,330.235,360.06,323.26,377.45,337.21
14.066796,369.03499999999997,330.9,360.39,326.1,377.68,335.7
14.070795,369.71000000000004,331.03,360.69,326.0,378.73,336.06
14.074795,368.23,330.78499999999997,358.08,325.46,378.38,336.11
14.078794,368.43,330.95,357.6,327.13,379.26,334.77
14.082793,370.095,330.73,358.93,327.0,381.26,334.46
14.086792,369.44,330.745,358.06,326.62,380.82,334.87
14.090791,369.14,329.635,356.68,325.62,381.6,333.65
14.094791,368.615,330.71000000000004,355.65,327.49,381.58,333.93
14.09879,370.03499999999997,330.865,357.64,327.97,382.43,333.76
14.102789,369.125,331.82,357.06,327.52,381.19,336.12
14.106788,368.95,331.065,356.95,327.13,380.95,335.0
14.110788,369.04,331.855,356.86,326.13,381.22,337.58
14.114787,369.025,332.395,356.15,326.79,381.9,338.0
14.118787,370.03999999999996,330.75,357.82,325.66,382.26,335.84
14.122786,370.51,330.715,360.15,324.84,380.87,336.59
14.126786,370.08500000000004,331.875,360.07,325.54,380.1,338.21
14.130785,369.44500000000005,333.4,360.72,328.48,378.17,338.32
14.134785,370.845,334.765,362.96,330.53,378.73,339.0
14.138785,371.26,335.765,363.1,332.19,379.42,339.34
14.142784,370.37,338.16999999999996,363.54,336.02,377.2,340.32
14.146784,371.88,337.885,364.75,336.4,379.01,339.37
14.150783,372.265,340.84000000000003,365.75,340.88,378.78,340.8
14.154783,373.03,340.88,367.62,340.61,378.44,341.15
14.158782,373.61,341.875,369.2,341.99,378.02,341.76
14.162782,373.18,343.185,370.18,344.06,376.18,342.31
14.166781,374.30499999999995,343.89,372.08,344.04,376.53,343.74
14.170781,375.05,345.18,374.47,345.64,375.63,344.72
14.174781,375.735,346.995,375.41,347.17,376.06,346.82
14.17878,375.905,347.605,375.52,347.98,376.29,347.23
14.18278,376.905,347.025,377.39,347.15,376.42,346.9
14.186779,378.385,347.52,378.6,348.31,378.17,346.73
14.190779,378.975,348.725,379.98,349.73,377.97,347.72
14.194778,379.34000000000003,347.525,380.16,347.41,378.52,347.64
14.198778,380.69,347.20000000000005,380.75,347.97,380.63,346.43
14.202777,387.375,347.75,384.88,348.81,389.87,346.69
14.206777,464.92499999999995,345.39,454.08,345.32,475.77,345.46
14.210777,519.05,343.84000000000003,505.69,344.63,532.41,343.05
14.214776,543.5999999999999,342.125,536.64,341.14,550.56,343.11
14.218776,541.0899999999999,340.645,538.02,339.15,544.16,342.14
14.222775,530.5899999999999,340.445,521.06,338.07,540.12,342.82
14.226775,519.8299999999999,342.605,520.68,342.67,518.98,342.54
14.230774,517.865,341.635,515.5,340.78,520.23,342.49
14.234774,518.995,342.95,520.39,343.34,517.6,342.56
14.238773,521.155,344.175,521.18,345.42,521.13,342.93
14.242773,522.375,342.78,521.76,342.22,522.99,343.34
14.246773,526.83,342.32,523.96,342.0,529.7,342.64
14.250773,530.185,344.32500000000005,525.39,345.49,534.98,343.16
14.254772,529.3299999999999,347.46500000000003,525.54,349.38,533.12,345.55
14.258772,525.71,348.09000000000003,523.28,350.33,528.14,345.85
14.262772,527.1949999999999,349.21000000000004,522.36,351.11,532.03,347.31
14.266772,528.06,350.265,522.72,352.38,533.4,348.15
14.270772,528.0999999999999,349.935,522.89,350.86,533.31,349.01
14.274771,528.4200000000001,350.715,524.34,351.59,532.5,349.84
14.278771,529.36,349.37,524.12,350.02,534.6,348.72
14.282771,528.675,349.4,523.67,349.09,533.68,349.71
14.286771,529.0699999999999,348.82500000000005,522.9,347.72,535.24,349.93
14.290771,525.8499999999999,350.395,522.3,347.4,529.4,353.39
14.29477,525.72,350.255,521.99,346.46,529.45,354.05
14.29877,525.115,349.64,522.31,345.81,527.92,353.47
14.30277,526.2950000000001,349.65999999999997,522.9,345.42,529.69,353.9
14.30677,526.5699999999999,349.47,524.24,345.87,528.9,353.07
14.31077,527.5550000000001,350.04999999999995,526.69,347.2,528.42,352.9
14.31477,529.0350000000001,352.27,529.58,351.01,528.49,353.53
14.318771,530.465,352.745,530.11,351.57,530.82,353.92
14.322771,531.185,352.79499999999996,533.62,349.65,528.75,355.94
14.326772,531.845,352.33,534.32,349.77,529.37,354.89
14.330772,531.1949999999999,351.645,533.76,347.48,528.63,355.81
14.334773,533.175,351.135,536.0,348.4,530.35,353.87
14.338773,532.81,349.85,535.85,348.25,529.77,351.45
14.342774,532.725,350.795,534.76,349.47,530.69,352.12
14.346774,532.49,349.19,534.26,348.19,530.72,350.19
14.350775,532.675,348.705,536.06,346.9,529.29,350.51
14.354775,531.0999999999999,348.145,533.67,345.92,528.53,350.37
14.358776,530.515,345.745,533.49,342.93,527.54,348.56
14.362776,527.44,344.795,528.86,341.1,526.02,348.49
14.366777,528.79,343.6,530.22,340.62,527.36,346.58
14.370777,527.74,342.64,528.56,339.1,526.92,346.18
14.374778,528.0,341.88,529.76,339.63,526.24,344.13
14.378778,525.55,340.515,524.46,339.3,526.64,341.73
14.382779,525.2750000000001,340.54999999999995,523.45,339.52,527.1,341.58
14.386779,523.97,339.19,522.18,338.18,525.76,340.2
14.39078,524.1700000000001,338.995,523.64,339.31,524.7,338.68
14.39478,524.78,337.645,524.98,337.84,524.58,337.45
14.398781,524.23,336.03999999999996,524.42,335.89,524.04,336.19
14.402781,523.9200000000001,336.76,523.73,336.05,524.11,337.47
14.406782,526.2750000000001,336.62,525.32,335.98,527.23,337.26
14.410782,526.345,337.905,525.35,337.38,527.34,338.43
14.414783,526.8,339.77,524.6,340.88,529.0,338.66
14.418783,527.45,339.565,525.14,339.84,529.76,339.29
14.422784,527.575,340.96500000000003,525.34,342.8,529.81,339.13
14.426785,526.95,342.205,525.37,342.83,528.53,341.58
14.430785,527.495,343.32,525.8,342.14,529.19,344.5
14.434786,528.315,343.96500000000003,525.63,343.92,531.0,344.01
14.438786,528.86,344.125,525.7,343.26,532.02,344.99
14.442787,529.4,345.705,525.49,346.08,533.31,345.33
14.446784,529.165,346.24,524.67,346.24,533.66,346.24
14.450782,528.71,346.78999999999996,523.99,347.74,533.43,345.84
14.45478,528.1949999999999,346.95500000000004,524.14,348.11,532.25,345.8
14.458777,528.485,346.905,524.32,346.51,532.65,347.3
14.462775,528.23,347.92499999999995,523.66,347.32,532.8,348.53
14.466773,528.605,349.255,524.09,348.29,533.12,350.22
14.47077,528.86,349.76,524.53,348.33,533.19,351.19
14.474768,529.62,350.105,524.46,348.81,534.78,351.4
14.478765,528.9549999999999,350.45500000000004,523.88,349.92,534.03,350.99
14.482763,528.7049999999999,350.94,523.14,349.92,534.27,351.96
14.486761,528.265,351.65,522.97,349.91,533.56,353.39
14.490758,528.745,350.98,524.21,349.62,533.28,352.34
14.494756,529.45,351.415,525.12,349.86,533.78,352.97
14.498754,529.84,350.78499999999997,526.48,350.2,533.2,351.37
14.502751,530.44,351.34000000000003,527.71,351.69,533.17,350.99
14.506749,531.265,351.405,529.99,351.72,532.54,351.09
14.510747,531.3499999999999,351.355,531.06,351.2,531.64,351.51
14.514744,531.76,349.64,531.49,350.03,532.03,349.25
14.518734,532.24,346.935,532.65,346.65,531.83,347.22
14.522724,532.65,346.70500000000004,533.87,346.99,531.43,346.42
14.526714,532.965,346.74,534.95,347.76,530.98,345.72
14.530703,533.6700000000001,347.225,536.7,349.74,530.64,344.71
14.534693,533.755,346.19000000000005,537.28,348.22,530.23,344.16
14.538683,533.425,346.20500000000004,537.64,348.98,529.21,343.43
14.542673,533.0999999999999,345.66499999999996,537.03,348.65,529.17,342.68
14.546662,533.055,342.81,537.55,345.07,528.56,340.55
14.550652,532.81,343.46000000000004,537.16,347.76,528.46,339.16
14.554642,532.365,344.145,536.89,349.63,527.84,338.66
14.558632,532.22,344.79,536.56,349.41,527.88,340.17
14.562621,532.1949999999999,345.345,537.27,347.88,527.12,342.81
14.566611,531.91,345.84000000000003,536.29,347.96,527.53,343.72
14.570601,531.885,343.75,535.59,346.11,528.18,341.39
14.574591,532.53,342.4,536.33,343.96,528.73,340.84
14.57858,532.4649999999999,344.975,536.05,346.9,528.88,343.05
14.58257,533.265,346.755,536.63,348.71,529.9,344.8
14.58656,535.585,347.85,538.12,347.17,533.05,348.53
14.59055,535.7950000000001,349.605,537.39,350.45,534.2,348.76
14.594539,535.4300000000001,348.45000000000005,535.28,348.35,535.58,348.55
14.598529,535.48,348.09,534.31,346.78,536.65,349.4
14.602519,535.7,348.11,533.77,346.47,537.63,349.75
14.606509,534.05,348.73,531.09,346.33,537.01,351.13
14.610499,535.185,349.815,531.49,346.52,538.88,353.11
14.614488,534.3199999999999,351.31,529.12,349.29,539.52,353.33
14.618478,534.5,352.41999999999996,529.05,349.89,539.95,354.95
14.622468,533.29,352.255,527.15,349.53,539.43,354.98
14.626458,532.46,351.98,525.8,349.16,539.12,354.8
14.630447,529.73,351.645,523.55,349.47,535.91,353.82
14.634437,528.825,350.69500000000005,523.33,348.23,534.32,353.16
14.638427,528.025,350.65,522.9,348.55,533.15,352.75
14.642417,527.275,350.855,523.65,349.04,530.9,352.67
14.646414,528.04,350.47,524.19,349.52,531.89,351.42
14.650411,527.87,349.46000000000004,525.32,349.8,530.42,349.12
14.654408,527.71,348.71000000000004,526.74,350.1,528.68,347.32
14.658405,527.475,347.32,526.87,349.77,528.08,344.87
14.662402,527.62,345.985,527.28,348.64,527.96,343.33
14.666399,528.095,345.58500000000004,528.22,348.49,527.97,342.68
14.670396,528.76,344.635,530.16,348.5,527.36,340.77
14.674393,530.11,344.46000000000004,531.63,349.51,528.59,339.41
14.67839,529.98,344.75,532.58,349.78,527.38,339.72
14.682387,530.9300000000001,345.735,533.15,351.05,528.71,340.42
14.686384,530.775,345.69,533.74,351.32,527.81,340.06
14.690381,531.515,345.4,533.9,350.48,529.13,340.32
14.694378,530.69,345.305,533.13,352.31,528.25,338.3
14.698375,533.32,346.09000000000003,535.07,352.87,531.57,339.31
14.702372,535.8299999999999,347.03499999999997,536.11,351.79,535.55,342.28
14.706369,536.1600000000001,349.31,537.24,353.13,535.08,345.49
14.710366,537.75,350.14,537.65,353.16,537.85,347.12
14.714363,536.735,348.975,536.01,351.54,537.46,346.41
14.71836,536.79,349.555,534.0,350.26,539.58,348.85
14.722365,536.14,348.745,531.43,348.37,540.85,349.12
14.72637,535.49,349.985,530.33,348.56,540.65,351.41
14.730375,534.035,349.905,526.04,347.99,542.03,351.82
14.73438,534.425,349.69,526.44,347.87,542.41,351.51
14.738385,536.01,349.94,528.37,346.94,543.65,352.94
14.742389,534.7149999999999,350.58500000000004,527.31,346.55,542.12,354.62
14.746394,533.545,350.275,526.54,347.51,540.55,353.04
14.750399,532.9200000000001,350.39,526.75,347.87,539.09,352.91
14.754404,531.39,349.805,525.28,347.63,537.5,351.98
14.758409,532.935,350.74,529.01,349.17,536.86,352.31
14.762414,531.79,352.45500000000004,528.7,351.42,534.88,353.49
14.766419,533.6800000000001,354.21,533.41,354.33,533.95,354.09
14.770424,534.2850000000001,354.46,534.71,354.09,533.86,354.83
14.774429,532.395,354.41499999999996,531.77,354.78,533.02,354.05
14.778434,531.8299999999999,355.5,531.29,356.81,532.37,354.19
14.782438,531.88,355.35,530.84,357.48,532.92,353.22
14.786443,534.01,355.185,534.49,357.94,533.53,352.43
14.790448,535.285,356.19,535.42,359.43,535.15,352.95
14.794453,537.8199999999999,357.53499999999997,538.75,361.05,536.89,354.02
14.798458,537.19,357.92999999999995,537.62,361.59,536.76,354.27
14.802463,535.7049999999999,358.34000000000003,534.54,361.96,536.87,354.72
14.806468,536.25,357.21000000000004,535.1,360.18,537.4,354.24
14.810473,536.8199999999999,357.29,535.65,360.29,537.99,354.29
14.814478,537.23,357.645,534.81,361.22,539.65,354.07
14.818483,538.665,358.915,536.57,362.85,540.76,354.98
14.822487,539.79,359.625,538.09,362.92,541.49,356.33
14.826492,540.9649999999999,360.09000000000003,539.17,362.86,542.76,357.32
14.830497,571.77,359.92,563.22,361.73,580.32,358.11
14.834502,638.775,357.66,629.25,357.66,648.3,357.66
14.838507,685.4549999999999,353.725,671.31,352.03,699.6,355.42
14.842512,689.9849999999999,351.03,677.67,348.3,702.3,353.76
14.846515,675.94,351.485,668.94,348.96,682.94,354.01
14.850519,645.7149999999999,350.525,651.29,348.79,640.14,352.26
14.854522,630.835,350.71000000000004,625.1,348.81,636.57,352.61
14.858525,642.3,348.05499999999995,637.97,346.46,646.63,349.65
14.862529,645.505,348.38,641.12,346.85,649.89,349.91
14.866532,653.16,347.495,654.67,345.54,651.65,349.45
14.870535,650.635,347.225,647.37,343.99,653.9,350.46
14.874539,651.9549999999999,346.98,651.11,344.2,652.8,349.76
14.878542,654.395,348.01,653.64,345.77,655.15,350.25
14.882545,652.8,349.28999999999996,650.75,346.53,654.85,352.05
14.886549,649.37,350.52,647.7,349.06,651.04,351.98
14.890552,647.915,351.16999999999996,646.17,350.31,649.66,352.03
14.894555,648.2,351.71,644.77,349.89,651.63,353.53
14.898559,650.8199999999999,352.21000000000004,647.55,351.62,654.09,352.8
14.902562,651.59,353.06,648.85,353.2,654.33,352.92
14.906565,653.0699999999999,352.81,651.54,353.77,654.6,351.85
14.910569,652.04,352.83,649.84,354.7,654.24,350.96
14.914572,651.78,353.185,649.9,356.44,653.66,349.93
14.918575,650.56,354.53,649.31,358.69,651.81,350.37
14.922579,651.475,354.82500000000005,649.88,359.11,653.07,350.54
14.926581,651.71,354.88,650.27,360.0,653.15,349.76
14.930584,652.905,354.76,652.01,361.29,653.8,348.23
14.934587,652.79,354.68,652.0,362.17,653.58,347.19
14.938589,653.02,354.71500000000003,653.0,363.71,653.04,345.72
14.942592,653.06,355.46,652.65,364.39,653.47,346.53
14.946595,652.43,354.99,651.68,363.72,653.18,346.26
14.950597,652.3399999999999,355.015,650.52,363.58,654.16,346.45
14.9546,651.925,354.80499999999995,649.45,363.52,654.4,346.09
14.958602,652.4300000000001,354.4,649.79,363.55,655.07,345.25
14.962605,652.47,353.34000000000003,648.46,363.0,656.48,343.68
14.966608,652.345,352.71000000000004,648.07,361.94,656.62,343.48
14.97061,651.61,352.83,646.33,361.71,656.89,343.95
14.974613,651.51,351.76,645.57,359.97,657.45,343.55
14.978616,651.525,351.135,644.77,358.63,658.28,343.64
14.982618,652.045,350.74,644.92,358.31,659.17,343.17
14.986621,652.5350000000001,349.62,645.94,356.92,659.13,342.32
14.990624,653.9449999999999,350.635,647.89,357.63,660.0,343.64
14.994626,653.77,352.57,648.14,360.2,659.4,344.94
14.998629,654.085,353.67499999999995,648.64,359.64,659.53,347.71
15.002632,654.3299999999999,353.66499999999996,648.1,359.69,660.56,347.64
15.006634,654.1500000000001,352.89,647.86,358.07,660.44,347.71
15.010637,654.395,350.305,647.89,356.36,660.9,344.25
15.014639,655.325,349.45500000000004,649.77,355.67,660.88,343.24
15.018642,655.09,352.075,650.21,357.26,659.97,346.89
15.022645,655.1800000000001,352.88,651.13,356.57,659.23,349.19
15.026647,654.36,352.96000000000004,650.02,357.1,658.7,348.82
15.03065,653.575,351.655,648.93,355.06,658.22,348.25
15.034653,653.59,350.55,648.44,353.3,658.74,347.8
15.038655,655.14,349.745,649.39,351.03,660.89,348.46
15.042658,654.345,348.775,649.96,350.64,658.73,346.91
15.046658,653.625,349.745,649.42,350.49,657.83,349.0
15.050658,653.435,349.255,649.74,349.54,657.13,348.97
15.054658,653.18,350.33500000000004,649.81,351.29,656.55,349.38
15.058658,653.37,350.56,649.01,351.74,657.73,349.38
15.062658,652.2149999999999,350.57500000000005,648.04,350.79,656.39,350.36
15.066658,651.065,349.635,646.21,350.61,655.92,348.66
15.070657,650.875,350.1,645.63,351.4,656.12,348.8
15.074657,650.95,350.95500000000004,647.29,352.74,654.61,349.17
15.078657,651.335,351.71000000000004,649.04,355.18,653.63,348.24
15.082657,649.645,352.775,647.13,357.36,652.16,348.19
15.086657,648.185,352.635,645.46,356.6,650.91,348.67
15.090657,650.345,352.08500000000004,648.09,355.2,652.6,348.97
15.094657,651.8,354.03,651.93,358.85,651.67,349.21
15.098657,651.12,354.015,651.17,359.11,651.07,348.92
15.102657,651.26,354.495,653.06,360.6,649.46,348.39
15.106657,649.455,354.08,647.94,360.39,650.97,347.77
15.110657,652.125,354.295,652.37,360.92,651.88,347.67
15.114657,649.765,354.505,649.3,361.9,650.23,347.11
15.118657,649.02,352.605,648.14,358.01,649.9,347.2
15.122656,648.715,352.935,646.97,357.98,650.46,347.89
15.126656,650.395,352.595,648.82,358.14,651.97,347.05
15.130657,651.495,351.595,650.23,355.92,652.76,347.27
15.134657,650.9000000000001,351.93,650.2,357.69,651.6,346.17
15.138657,651.31,351.5,650.04,356.57,652.58,346.43
15.142657,650.48,351.875,648.21,356.61,652.75,347.14
15.146657,650.87,351.345,649.72,354.74,652.02,347.95
15.150658,651.175,351.525,651.83,353.96,650.52,349.09
15.154658,650.94,350.975,651.36,351.59,650.52,350.36
15.158658,654.505,350.765,656.83,352.0,652.18,349.53
15.162658,653.645,350.83500000000004,654.96,352.5,652.33,349.17
15.166658,654.905,351.875,658.4,352.83,651.41,350.92
15.170659,655.24,352.72,658.94,353.38,651.54,352.06
15.174659,654.295,352.81,659.17,352.48,649.42,353.14
15.178659,654.7,352.775,659.39,351.29,650.01,354.26
15.182659,654.53,352.63,658.22,349.84,650.84,355.42
15.186659,653.2049999999999,352.975,656.93,350.98,649.48,354.97
15.19066,654.1800000000001,352.83500000000004,656.76,349.99,651.6,355.68
15.19466,653.365,352.69,655.04,350.02,651.69,355.36
15.19866,653.11,352.64,654.63,350.45,651.59,354.83
15.20266,652.37,353.635,653.59,351.14,651.15,356.13
15.20666,653.1600000000001,353.11,654.88,350.1,651.44,356.12
15.210661,651.8199999999999,353.71500000000003,652.51,350.61,651.13,356.82
15.214661,651.885,353.645,652.38,350.36,651.39,356.93
15.218661,659.115,353.16499999999996,659.7,351.09,658.53,355.24
15.222661,693.77,352.71500000000003,691.83,350.51,695.71,354.92
15.226661,751.05,351.49,746.83,347.84,755.27,355.14
15.230662,771.325,350.08000000000004,759.4,347.12,783.25,353.04
15.234662,769.3599999999999,351.84,757.05,348.65,781.67,355.03
15.238662,761.155,351.02,756.56,349.15,765.75,352.89
15.242662,753.59,350.94,752.74,349.13,754.44,352.75
15.246662,754.565,351.53499999999997,750.62,350.15,758.51,352.92
15.250662,750.78,352.795,749.07,351.99,752.49,353.6
15.254663,755.815,352.19,752.93,350.57,758.7,353.81
15.258663,758.015,353.21000000000004,753.87,354.32,762.16,352.1
15.262663,756.4749999999999,352.225,753.91,352.39,759.04,352.06
15.266663,759.77,354.26,756.4,354.99,763.14,353.53
15.270663,759.135,354.635,754.03,356.32,764.24,352.95
15.274663,758.38,355.055,753.73,357.19,763.03,352.92
15.278663,759.3050000000001,355.21000000000004,755.15,358.16,763.46,352.26
15.282663,759.885,356.265,756.39,357.68,763.38,354.85
15.286663,761.4000000000001,355.875,758.21,358.84,764.59,352.91
15.290664,763.0899999999999,355.58000000000004,759.01,358.47,767.17,352.69
15.294664,764.75,355.72,760.87,357.98,768.63,353.46
15.298664,765.14,355.435,761.67,358.23,768.61,352.64
15.302664,764.31,355.72,760.58,357.31,768.04,354.13
15.306664,763.2049999999999,356.90999999999997,756.6,358.12,769.81,355.7
15.310664,764.9100000000001,356.46000000000004,759.94,358.56,769.88,354.36
15.314664,764.525,357.64,759.64,359.86,769.41,355.42
15.318664,764.845,357.93,761.16,359.55,768.53,356.31
15.322664,763.755,357.875,760.41,358.78,767.1,356.97
15.326665,763.45,356.68,759.76,357.85,767.14,355.51
15.330665,762.605,357.9,757.91,359.46,767.3,356.34
15.334665,763.19,357.54,759.26,358.23,767.12,356.85
15.338666,763.81,356.905,760.49,358.51,767.13,355.3
15.342667,764.185,356.01,759.69,356.89,768.68,355.13
15.346667,765.235,354.935,761.58,357.42,768.89,352.45
15.350668,764.5450000000001,355.565,762.34,357.57,766.75,353.56
15.354669,763.47,353.505,760.06,355.33,766.88,351.68
15.358669,763.05,351.975,759.88,351.79,766.22,352.16
15.36267,762.415,350.855,759.59,350.19,765.24,351.52
15.366671,763.345,351.1,760.25,350.21,766.44,351.99
15.370671,763.53,352.20500000000004,759.73,351.73,767.33,352.68
15.374672,764.29,351.605,761.15,350.95,767.43,352.26
15.378672,764.115,350.345,762.11,349.3,766.12,351.39
15.382673,763.165,351.49,760.74,351.02,765.59,351.96
15.386674,763.02,351.475,760.82,352.01,765.22,350.94
15.390674,762.725,352.015,759.32,351.75,766.13,352.28
15.394675,762.915,352.03,760.82,352.69,765.01,351.37
15.398676,763.12,352.625,762.19,352.31,764.05,352.94
15.402676,764.48,352.77,764.37,353.14,764.59,352.4
15.406677,765.27,353.06,765.8,354.27,764.74,351.85
15.410678,765.75,352.96,767.21,355.53,764.29,350.39
15.414678,764.4549999999999,352.59000000000003,766.36,355.14,762.55,350.04
15.418679,764.385,351.36,765.58,353.21,763.19,349.51
15.42268,764.585,350.70000000000005,765.46,352.24,763.71,349.16
15.42668,764.94,349.41,766.46,351.35,763.42,347.47
15.430681,764.935,348.98,766.44,349.9,763.43,348.06
15.434682,765.0899999999999,348.505,767.31,349.07,762.87,347.94
15.438682,765.525,348.57500000000005,766.52,348.22,764.53,348.93
15.442683,765.38,348.02,767.41,348.12,763.35,347.92
15.446683,763.865,347.98,765.99,347.53,761.74,348.43
15.450683,763.365,348.635,765.12,347.34,761.61,349.93
15.454683,762.435,348.16999999999996,764.21,346.7,760.66,349.64
15.458682,763.495,347.925,764.89,346.23,762.1,349.62
15.462682,763.53,348.53,766.02,347.31,761.04,349.75
15.466682,762.675,349.65,766.54,348.8,758.81,350.5
15.470682,762.3199999999999,350.44500000000005,766.06,349.29,758.58,351.6
15.474682,760.72,350.53999999999996,765.99,349.31,755.45,351.77
15.478682,760.73,350.77,765.36,350.04,756.1,351.5
15.482682,760.35,349.95000000000005,764.71,349.05,755.99,350.85
15.486682,759.725,350.025,763.45,348.64,756.0,351.41
15.490681,759.575,349.7,762.8,348.09,756.35,351.31
15.494681,759.01,349.49,761.68,347.92,756.34,351.06
15.498681,758.415,348.97,759.49,346.51,757.34,351.43
15.502681,758.3399999999999,348.73,759.43,345.6,757.25,351.86
15.506681,757.875,349.625,758.17,345.91,757.58,353.34
15.510681,757.4649999999999,349.03499999999997,757.75,345.71,757.18,352.36
15.514681,756.7049999999999,348.925,757.25,346.93,756.16,350.92
15.518681,755.565,349.185,755.61,349.16,755.52,349.21
15.52268,750.435,347.685,749.77,348.0,751.1,347.37
15.52668,741.48,349.40999999999997,737.03,349.83,745.93,348.99
15.53068,733.635,349.29,728.46,350.42,738.81,348.16
15.53468,739.395,350.7,741.22,353.14,737.57,348.26
15.538678,737.405,350.57500000000005,739.06,353.18,735.75,347.97
15.542676,733.67,351.06500000000005,736.81,354.91,730.53,347.22
15.546674,733.2149999999999,351.145,735.68,356.17,730.75,346.12
15.550673,729.9749999999999,351.8,731.93,357.35,728.02,346.25
15.554671,728.915,353.32,729.07,358.65,728.76,347.99
15.558669,727.575,353.99,727.69,358.11,727.46,349.87
15.562667,726.79,353.735,725.46,356.57,728.12,350.9
15.566665,727.06,355.625,725.71,357.38,728.41,353.87
15.570663,727.7,357.24,727.36,358.54,728.04,355.94
15.574661,729.4300000000001,357.195,728.66,358.25,730.2,356.14
15.578659,728.9649999999999,358.095,728.25,359.44,729.68,356.75
15.582657,729.02,357.345,729.25,357.73,728.79,356.96
15.586655,729.3499999999999,357.365,729.53,357.32,729.17,357.41
15.590654,728.99,356.91999999999996,729.13,355.19,728.85,358.65
15.594652,728.66,356.03,729.51,352.94,727.81,359.12
15.59865,727.575,356.25,728.73,353.61,726.42,358.89
15.602648,726.855,355.395,728.24,352.42,725.47,358.37
15.606646,726.22,355.155,728.56,352.09,723.88,358.22
15.610644,726.325,353.16499999999996,729.42,349.84,723.23,356.49
15.614642,726.225,351.70500000000004,729.73,348.6,722.72,354.81
15.61864,725.5450000000001,350.54999999999995,729.1,346.77,721.99,354.33
15.622638,725.325,348.95,729.31,344.38,721.34,353.52
15.626636,725.2950000000001,348.82000000000005,727.96,344.04,722.63,353.6
15.630635,724.7149999999999,348.355,727.13,342.83,722.3,353.88
15.634633,724.27,348.69,725.69,343.55,722.85,353.83
15.638631,724.165,347.59000000000003,725.55,340.7,722.78,354.48
15.642629,724.345,347.03999999999996,724.88,338.57,723.81,355.51
15.646628,724.095,346.775,724.73,338.48,723.46,355.07
15.650627,723.1700000000001,346.305,723.01,336.85,723.33,355.76
15.654626,723.625,347.54999999999995,722.36,338.26,724.89,356.84
15.658625,723.6700000000001,348.865,721.71,339.14,725.63,358.59
15.662624,724.28,349.40999999999997,722.58,340.88,725.98,357.94
15.666623,724.755,350.0,722.08,341.6,727.43,358.4
15.670622,725.48,350.78,723.0,343.62,727.96,357.94
15.674621,726.52,350.68499999999995,723.35,343.03,729.69,358.34
15.67862,727.905,351.635,724.75,344.8,731.06,358.47
15.682619,727.81,351.38,723.96,345.15,731.66,357.61
15.686618,727.385,351.78,724.76,348.09,730.01,355.47
15.690617,727.37,353.46,725.08,349.84,729.66,357.08
15.694616,727.8399999999999,355.81,725.77,352.16,729.91,359.46
15.698615,727.4100000000001,354.725,724.63,352.52,730.19,356.93
15.702614,726.7149999999999,354.44500000000005,725.28,352.79,728.15,356.1
15.706613,726.81,355.52,725.29,352.1,728.33,358.94
15.710612,725.575,356.21500000000003,724.74,353.48,726.41,358.95
15.714611,725.12,354.94,724.62,351.84,725.62,358.04
15.718611,723.6800000000001,355.815,723.5,353.34,723.86,358.29
15.72261,722.1,355.235,721.95,352.65,722.25,357.82
15.726609,721.835,354.775,721.8,352.32,721.87,357.23
15.730608,721.28,355.6,720.19,352.57,722.37,358.63
15.734607,721.7,355.48,721.24,352.12,722.16,358.84
15.738606,722.1700000000001,355.89,723.24,351.76,721.1,360.02
15.742606,722.045,355.705,723.41,352.27,720.68,359.14
15.746605,722.335,357.17,724.59,353.16,720.08,361.18
15.750605,722.105,357.5,723.83,354.21,720.38,360.79
15.754605,722.565,357.15999999999997,724.08,354.06,721.05,360.26
15.758605,722.155,359.265,722.97,355.9,721.34,362.63
15.762605,722.7950000000001,359.36,721.7,357.7,723.89,361.02
15.766605,724.03,360.49,724.6,358.42,723.46,362.56
15.770605,724.0799999999999,361.015,725.15,360.18,723.01,361.85
15.774604,724.545,360.74,725.79,359.27,723.3,362.21
15.778604,724.075,359.305,725.07,359.16,723.08,359.45
15.782604,724.5550000000001,358.27,724.34,359.38,724.77,357.16
15.786604,723.9200000000001,357.87,723.23,359.21,724.61,356.53
15.790604,723.21,357.23,722.75,358.62,723.67,355.84
15.794604,723.005,355.63,723.11,357.86,722.9,353.4
15.798604,722.4,355.775,722.74,358.15,722.06,353.4
15.802603,722.34,355.35,723.6,358.11,721.08,352.59
15.806603,721.94,355.25,723.67,357.12,720.21,353.38
15.810603,721.49,354.35,723.66,355.72,719.32,352.98
15.814603,721.79,353.37,725.38,353.25,718.2,353.49
15.818603,720.835,353.995,724.59,353.15,717.08,354.84
15.822603,721.095,354.345,725.53,350.92,716.66,357.77
15.826603,720.22,354.76,724.93,352.1,715.51,357.42
15.830602,721.2149999999999,355.53,726.64,351.37,715.79,359.69
15.834602,721.3499999999999,355.09000000000003,727.4,351.25,715.3,358.93
15.838602,720.89,355.185,726.41,350.43,715.37,359.94
15.842602,721.4,355.475,727.4,349.6,715.4,361.35
15.8466,721.4300000000001,354.495,727.67,347.37,715.19,361.62
15.850598,721.745,353.03499999999997,728.03,346.23,715.46,359.84
15.854596,721.755,352.905,727.61,346.53,715.9,359.28
15.858594,721.315,352.41999999999996,725.91,347.09,716.72,357.75
15.862592,720.34,351.27,724.22,346.02,716.46,356.52
15.86659,719.9100000000001,351.16499999999996,723.96,345.43,715.86,356.9
15.870588,719.6099999999999,349.525,723.04,344.94,716.18,354.11
15.874586,719.0550000000001,349.805,723.09,344.68,715.02,354.93
15.878584,718.19,348.995,720.94,344.15,715.44,353.84
15.882582,718.78,347.885,721.28,344.76,716.28,351.01
15.88658,719.31,347.37,721.5,344.99,717.12,349.75
15.890578,718.8050000000001,346.53499999999997,720.41,343.75,717.2,349.32
15.894576,718.915,345.93,721.77,342.95,716.06,348.91
15.898574,720.355,344.105,723.56,341.55,717.15,346.66
15.902572,720.185,344.96500000000003,723.65,342.16,716.72,347.77
15.90657,721.13,347.755,724.34,344.06,717.92,351.45
15.910568,722.355,347.68,727.05,346.37,717.66,348.99
15.914566,723.27,346.84000000000003,728.29,344.81,718.25,348.87
15.918564,722.565,348.1,726.86,347.42,718.27,348.78
15.922562,723.1800000000001,350.35,727.01,349.69,719.35,351.01
15.92656,723.7049999999999,350.94,728.52,349.06,718.89,352.82
15.930558,723.855,351.525,728.3,348.35,719.41,354.7
15.934556,724.4100000000001,354.115,727.84,352.08,720.98,356.15
15.938554,724.495,354.97,727.15,352.13,721.84,357.81
15.942552,723.9100000000001,356.85,726.48,354.27,721.34,359.43
15.946546,724.41,357.985,726.15,355.35,722.67,360.62
15.950541,725.3299999999999,357.06,727.15,355.24,723.51,358.88
15.954536,725.9449999999999,356.66499999999996,727.77,354.07,724.12,359.26
15.958531,726.345,357.865,728.42,355.29,724.27,360.44
15.962526,727.5,358.41999999999996,730.44,355.25,724.56,361.59
15.966521,727.765,357.46000000000004,731.62,353.26,723.91,361.66
15.970516,726.785,357.615,729.01,352.23,724.56,363.0
15.974511,726.965,356.115,728.46,350.61,725.47,361.62
15.978506,728.185,356.005,729.9,349.77,726.47,362.24
15.982501,736.97,355.17,735.31,348.1,738.63,362.24
15.986496,753.9300000000001,352.895,758.22,343.82,749.64,361.97
15.990491,758.435,353.255,757.67,345.9,759.2,360.61
15.994486,763.895,352.73,770.22,344.51,757.57,360.95
15.998481,756.98,352.56,759.59,344.16,754.37,360.96
16.002475,760.76,352.27,768.01,344.28,753.51,360.26
16.00647,761.855,351.95,769.34,343.0,754.37,360.9
16.010465,766.5699999999999,350.8,770.81,341.92,762.33,359.68
16.01446,767.405,349.235,772.42,340.93,762.39,357.54
16.018455,767.835,350.645,772.86,343.89,762.81,357.4
16.02245,770.485,349.555,773.87,342.43,767.1,356.68
16.026445,770.0350000000001,350.445,775.46,344.11,764.61,356.78
16.03044,769.5699999999999,351.05,774.08,346.04,765.06,356.06
16.034435,767.475,350.95500000000004,772.35,345.94,762.6,355.97
16.03843,765.615,350.80999999999995,770.09,345.28,761.14,356.34
16.042425,767.215,352.74,770.23,347.72,764.2,357.76
16.046423,764.4,352.895,767.99,347.12,760.81,358.67
16.050422,764.56,351.44500000000005,766.29,346.54,762.83,356.35
16.05442,763.345,351.91499999999996,765.92,348.75,760.77,355.08
16.058419,762.7449999999999,353.47,765.06,350.27,760.43,356.67
16.062417,762.015,353.925,763.24,350.11,760.79,357.74
16.066416,760.855,354.94,761.47,351.92,760.24,357.96
16.070414,762.06,354.465,761.26,352.84,762.86,356.09
16.074413,761.1,354.725,760.51,354.1,761.69,355.35
16.078411,760.615,354.635,760.4,353.78,760.83,355.49
16.08241,762.585,354.37,760.1,354.98,765.07,353.76
16.086408,761.365,352.955,760.14,353.51,762.59,352.4
16.090407,762.5899999999999,353.62,760.65,354.23,764.53,353.01
16.094405,762.615,353.92499999999995,761.25,354.39,763.98,353.46
16.098404,764.1800000000001,353.79999999999995,762.19,352.58,766.17,355.02
16.102402,766.48,352.59000000000003,765.2,351.17,767.76,354.01
16.106401,767.77,351.875,766.97,350.28,768.57,353.47
16.110399,767.5799999999999,352.15,766.48,349.92,768.68,354.38
16.114398,768.2249999999999,351.615,768.17,348.91,768.28,354.32
16.118396,768.825,351.255,769.94,347.99,767.71,354.52
16.122395,770.01,351.41999999999996,770.26,348.09,769.76,354.75
16.126393,769.16,351.255,769.8,347.44,768.52,355.07
16.130392,770.895,351.25,772.51,346.92,769.28,355.58
16.13439,770.4449999999999,349.875,771.85,345.15,769.04,354.6
16.138389,770.84,349.745,771.94,344.36,769.74,355.13
16.142387,771.005,349.095,772.26,345.14,769.75,353.05
16.146386,770.535,349.79999999999995,771.3,346.15,769.77,353.45
16.150387,769.515,350.49,769.6,347.52,769.43,353.46
16.154388,770.21,349.69,771.17,347.1,769.25,352.28
16.15839,769.2,350.13,770.88,346.83,767.52,353.43
16.162391,769.4100000000001,350.38,770.62,347.42,768.2,353.34
16.166393,769.265,350.21000000000004,771.89,347.98,766.64,352.44
16.170394,769.775,350.31,773.25,347.98,766.3,352.64
16.174395,770.1400000000001,350.875,773.32,349.21,766.96,352.54
16.178397,770.27,351.085,774.85,350.27,765.69,351.9
16.182398,769.505,351.025,773.78,350.48,765.23,351.57
16.186399,768.7,351.48,773.47,350.48,763.93,352.48
16.190401,768.565,350.59000000000003,774.29,349.79,762.84,351.39
16.194402,767.19,350.605,772.58,349.42,761.8,351.79
16.198404,767.8299999999999,350.18,773.38,349.94,762.28,350.42
16.202405,768.5150000000001,348.825,774.07,348.62,762.96,349.03
16.206406,767.7249999999999,348.72,772.28,348.72,763.17,348.72
16.210408,768.255,348.625,772.62,348.39,763.89,348.86
16.214409,768.6600000000001,347.37,772.44,346.59,764.88,348.15
16.21841,766.9549999999999,346.905,770.37,345.58,763.54,348.23
16.222412,765.375,346.065,766.79,343.26,763.96,348.87
16.226413,766.62,346.53,768.46,344.73,764.78,348.33
16.230414,766.74,347.21500000000003,768.34,347.37,765.14,347.06
16.234416,766.9849999999999,348.485,767.68,347.68,766.29,349.29
16.238417,768.9449999999999,347.83500000000004,770.35,346.87,767.54,348.8
16.242419,767.825,349.345,768.57,349.01,767.08,349.68
16.24642,767.325,352.77,768.37,353.51,766.28,352.03
16.250422,770.085,352.845,771.98,353.77,768.19,351.92
16.254424,801.3050000000001,352.9,789.94,353.09,812.67,352.71
16.258426,875.865,354.61,866.99,353.69,884.74,355.53
16.262428,906.395,356.395,902.7,355.99,910.09,356.8
16.266429,907.135,356.51,906.22,356.49,908.05,356.53
16.270431,897.61,355.945,894.99,357.21,900.23,354.68
16.274433,882.9449999999999,355.72,884.66,356.47,881.23,354.97
16.278435,877.205,353.85,875.71,355.59,878.7,352.11
16.282437,878.97,354.505,874.48,356.71,883.46,352.3
16.286438,886.67,355.15999999999997,887.28,356.89,886.06,353.43
16.29044,883.4,352.815,882.0,356.24,884.8,349.39
16.294442,884.05,352.805,880.68,356.56,887.42,349.05
16.298444,888.905,352.0,889.18,355.46,888.63,348.54
16.302446,887.655,351.91999999999996,887.82,355.69,887.49,348.15
16.306448,887.575,350.475,887.91,354.45,887.24,346.5
16.310449,883.62,349.745,881.86,354.33,885.38,345.16
16.314451,885.635,350.29,885.35,354.6,885.92,345.98
16.318453,888.365,349.245,890.13,354.72,886.6,343.77
16.322455,888.54,349.725,888.66,354.74,888.42,344.71
16.326457,889.0,350.105,889.45,356.16,888.55,344.05
16.330458,889.0250000000001,348.895,887.7,355.25,890.35,342.54
16.33446,889.7750000000001,349.765,888.94,355.64,890.61,343.89
16.338462,889.925,349.85,890.34,355.33,889.51,344.37
16.342464,890.31,350.27,891.41,356.45,889.21,344.09
16.346466,891.55,350.87,893.56,356.64,889.54,345.1
16.350467,890.315,352.67,892.14,360.36,888.49,344.98
16.354469,891.19,351.88,894.72,359.26,887.66,344.5
16.358471,890.765,350.565,894.92,357.89,886.61,343.24
16.362473,890.5450000000001,350.125,893.4,355.63,887.69,344.62
16.366475,891.335,350.6,895.31,357.1,887.36,344.1
16.370477,891.21,349.66499999999996,894.35,355.07,888.07,344.26
16.374478,891.19,349.95500000000004,894.66,356.68,887.72,343.23
16.37848,890.97,349.145,895.49,355.76,886.45,342.53
16.382482,891.1700000000001,348.6,894.5,356.23,887.84,340.97
16.386484,891.69,347.985,894.83,355.73,888.55,340.24
16.390486,890.775,348.33500000000004,892.67,356.63,888.88,340.04
16.394488,892.2149999999999,346.735,894.06,354.52,890.37,338.95
16.398489,891.515,346.89,892.73,355.55,890.3,338.23
16.402491,891.0550000000001,347.365,890.64,355.98,891.47,338.75
16.406493,890.94,347.445,889.02,357.37,892.86,337.52
16.410495,890.855,348.0,888.87,358.37,892.84,337.63
16.414497,891.31,349.03,888.96,358.3,893.66,339.76
16.418499,890.44,348.605,887.54,358.38,893.34,338.83
16.4225,891.115,348.83000000000004,888.44,359.35,893.79,338.31
16.426502,891.115,349.325,890.63,357.95,891.6,340.7
16.430504,889.5699999999999,349.51,888.62,357.35,890.52,341.67
16.434506,891.5799999999999,347.7,890.74,355.39,892.42,340.01
16.438508,891.205,349.555,889.82,357.75,892.59,341.36
16.442509,892.41,349.11,891.53,356.83,893.29,341.39
16.44651,891.665,348.6,890.95,356.07,892.38,341.13
16.45051,891.4000000000001,348.015,891.69,355.19,891.11,340.84
16.45451,892.3050000000001,347.495,891.49,354.55,893.12,340.44
16.45851,892.81,346.95000000000005,893.17,355.24,892.45,338.66
16.46251,893.28,346.84000000000003,893.8,353.73,892.76,339.95
16.46651,892.2049999999999,347.315,891.63,352.6,892.78,342.03
16.47051,892.565,348.105,891.11,354.89,894.02,341.32
16.47451,892.91,347.90999999999997,890.92,355.42,894.9,340.4
16.47851,892.25,349.68,889.19,357.36,895.31,342.0
16.48251,891.54,349.57,888.4,357.44,894.68,341.7
16.48651,890.01,348.605,885.83,356.69,894.19,340.52
16.49051,890.24,349.78,886.29,357.48,894.19,342.08
16.494511,889.655,350.91999999999996,887.11,359.25,892.2,342.59
16.498511,888.315,351.935,884.52,359.64,892.11,344.23
16.502511,887.795,353.04,885.68,360.16,889.91,345.92
16.506511,886.96,353.435,883.87,361.63,890.05,345.24
16.510511,887.3299999999999,353.43,884.18,362.67,890.48,344.19
16.514511,886.5250000000001,353.06,884.23,362.4,888.82,343.72
16.518511,886.825,353.995,885.61,363.16,888.04,344.83
16.522511,885.935,353.275,884.54,361.72,887.33,344.83
16.526511,885.125,354.84000000000003,884.14,362.58,886.11,347.1
16.530511,885.7750000000001,355.34000000000003,886.95,362.71,884.6,347.97
16.534511,885.615,356.15,886.53,361.61,884.7,350.69
16.538511,886.405,356.855,887.12,361.98,885.69,351.73
16.542511,887.26,357.06,889.92,362.77,884.6,351.35
16.546512,887.6700000000001,357.055,889.85,361.2,885.49,352.91
16.550512,887.8050000000001,357.735,890.28,360.4,885.33,355.07
16.554512,887.855,357.155,891.27,359.73,884.44,354.58
16.558512,887.7850000000001,358.39,892.46,361.4,883.11,355.38
16.562512,886.96,358.45500000000004,891.09,361.06,882.83,355.85
16.566512,887.645,358.655,891.96,361.72,883.33,355.59
16.570512,889.85,357.91499999999996,895.19,361.24,884.51,354.59
16.574512,890.02,357.40999999999997,895.18,358.78,884.86,356.04
16.578512,889.905,357.005,894.32,358.1,885.49,355.91
16.582512,889.71,357.165,894.25,359.85,885.17,354.48
16.586512,891.24,356.745,897.19,359.19,885.29,354.3
16.590513,889.6099999999999,357.555,895.66,361.6,883.56,353.51
16.594513,890.885,356.52,896.94,360.29,884.83,352.75
16.598513,890.72,356.39,896.86,359.82,884.58,352.96
16.602513,889.23,356.275,895.21,359.13,883.25,353.42
16.606513,873.505,355.145,874.02,358.3,872.99,351.99
16.610513,806.66,353.96000000000004,794.66,357.49,818.66,350.43
16.614513,793.115,354.19,779.84,358.04,806.39,350.34
16.618513,797.455,353.91499999999996,785.45,358.12,809.46,349.71
16.622513,828.5450000000001,352.305,824.57,357.13,832.52,347.48
16.626513,824.1600000000001,352.15,814.71,356.98,833.61,347.32
16.630513,820.95,352.065,818.05,356.24,823.85,347.89
16.634514,817.75,350.955,816.82,355.84,818.68,346.07
16.638514,816.085,350.185,810.72,355.77,821.45,344.6
16.642514,813.22,351.03,807.56,357.37,818.88,344.69
16.646513,813.9,350.77,811.66,357.48,816.14,344.06
16.650513,811.95,350.70500000000004,808.19,356.54,815.71,344.87
16.654513,814.06,350.69,811.08,355.68,817.04,345.7
16.658512,816.4,350.655,814.3,354.71,818.5,346.6
16.662512,817.89,349.815,816.42,353.6,819.36,346.03
16.666512,816.89,351.86,815.63,355.57,818.15,348.15
16.670511,816.935,352.19,816.03,355.4,817.84,348.98
16.674511,816.69,350.57500000000005,816.54,355.23,816.84,345.92
16.678511,816.285,349.0,816.26,353.61,816.31,344.39
16.68251,816.645,349.42999999999995,817.12,353.58,816.17,345.28
16.68651,816.765,348.65999999999997,817.8,351.08,815.73,346.24
16.690509,817.4100000000001,347.57000000000005,818.63,349.98,816.19,345.16
16.694509,817.44,347.425,819.67,350.1,815.21,344.75
16.698509,817.595,348.18,821.01,350.69,814.18,345.67
16.702508,816.96,347.61,821.08,350.16,812.84,345.06
16.706508,816.095,349.07,819.96,351.2,812.23,346.94
16.710508,815.745,348.13,820.38,351.19,811.11,345.07
16.714507,814.415,349.36,819.66,353.53,809.17,345.19
16.718507,812.545,350.005,817.78,353.49,807.31,346.52
16.722507,812.82,350.68,818.2,353.82,807.44,347.54
16.726506,811.585,351.18,816.04,353.85,807.13,348.51
16.730506,812.2049999999999,351.595,817.12,355.09,807.29,348.1
16.734506,812.585,352.41499999999996,817.62,356.13,807.55,348.7
16.738505,811.8050000000001,352.14,816.63,356.57,806.98,347.71
16.742505,811.56,351.74,816.6,356.99,806.52,346.49
16.746504,810.91,351.99,814.51,358.96,807.31,345.02
16.750504,809.545,351.48,813.81,359.29,805.28,343.67
16.754504,810.05,351.31,815.1,358.64,805.0,343.98
16.758503,811.3599999999999,350.91999999999996,815.79,357.63,806.93,344.21
16.762503,812.16,351.03499999999997,816.15,358.04,808.17,344.03
16.766503,817.085,351.525,819.67,358.03,814.5,345.02
16.770502,833.14,351.175,835.78,357.98,830.5,344.37
16.774502,853.585,352.705,859.37,359.9,847.8,345.51
16.778502,855.87,352.66999999999996,851.28,359.31,860.46,346.03
16.782501,840.865,352.845,840.13,357.7,841.6,347.99
16.786501,839.31,353.585,837.58,357.65,841.04,349.52
16.7905,842.645,353.66499999999996,845.65,356.59,839.64,350.74
16.7945,848.44,354.33,845.81,355.82,851.07,352.84
16.7985,848.8499999999999,355.405,845.31,356.92,852.39,353.89
16.802499,850.565,354.985,850.82,357.14,850.31,352.83
16.806499,855.81,355.015,853.76,355.81,857.86,354.22
16.810499,855.76,354.335,857.33,355.9,854.19,352.77
16.814498,855.73,354.9,854.53,356.26,856.93,353.54
16.818498,854.23,354.1,853.65,355.78,854.81,352.42
16.822497,853.62,353.49,854.32,356.28,852.92,350.7
16.826497,854.78,354.045,854.37,357.24,855.19,350.85
16.830497,855.4949999999999,354.075,854.81,358.56,856.18,349.59
16.834496,856.35,354.015,855.08,358.96,857.62,349.07
16.838496,856.09,354.41499999999996,855.08,359.33,857.1,349.5
16.842496,857.385,354.485,856.02,359.62,858.75,349.35
16.846496,857.81,354.6,856.3,359.73,859.32,349.47
16.850497,857.155,354.825,856.36,360.83,857.95,348.82
16.854497,857.51,354.79,855.36,360.23,859.66,349.35
16.858498,856.855,355.305,855.6,360.23,858.11,350.38
16.862498,857.0899999999999,355.67999999999995,854.68,359.71,859.5,351.65
16.866499,856.105,355.175,852.8,358.67,859.41,351.68
16.870499,855.2950000000001,355.595,851.23,358.54,859.36,352.65
16.8745,855.045,355.95500000000004,851.04,358.25,859.05,353.66
16.878501,855.0,355.83,851.48,357.34,858.52,354.32
16.882501,855.34,354.96500000000003,851.86,356.12,858.82,353.81
16.886502,855.525,353.395,852.54,354.33,858.51,352.46
16.890502,855.515,353.69,853.1,353.56,857.93,353.82
16.894503,854.855,352.865,851.77,353.13,857.94,352.6
16.898503,854.245,352.56,851.1,352.91,857.39,352.21
16.902504,854.0550000000001,352.245,850.19,351.48,857.92,353.01
16.906504,853.865,352.57,850.26,351.36,857.47,353.78
16.910505,854.29,353.245,850.81,351.52,857.77,354.97
16.914505,855.22,353.145,852.46,351.04,857.98,355.25
16.918506,855.645,354.03499999999997,853.05,351.17,858.24,356.9
16.922507,856.595,354.4,854.06,351.59,859.13,357.21
16.926507,856.8399999999999,355.525,854.18,352.6,859.5,358.45
16.930508,856.76,355.57000000000005,854.28,353.79,859.24,357.35
16.934508,856.29,355.47,852.37,354.23,860.21,356.71
16.938509,857.0350000000001,357.57500000000005,852.98,357.54,861.09,357.61
16.942509,856.99,355.64,852.84,355.68,861.14,355.6
16.94651,857.615,355.925,853.15,356.42,862.08,355.43
16.95051,857.595,354.16,853.77,355.47,861.42,352.85
16.954511,857.4300000000001,354.29499999999996,853.75,357.07,861.11,351.52
16.958511,856.2850000000001,353.20500000000004,852.86,356.93,859.71,349.48
16.962512,856.36,352.645,852.69,357.88,860.03,347.41
16.966514,856.3299999999999,353.525,852.04,359.09,860.62,347.96
16.970516,856.05,353.155,851.49,359.12,860.61,347.19
16.974518,854.5799999999999,353.15,849.74,359.05,859.42,347.25
16.97852,855.435,354.28499999999997,851.25,360.63,859.62,347.94
16.982522,854.9,352.22,851.14,357.86,858.66,346.58
16.986524,855.0699999999999,353.30499999999995,851.03,359.09,859.11,347.52
16.990526,853.69,354.995,850.39,360.46,856.99,349.53
16.994528,853.585,354.995,849.67,361.18,857.5,348.81
16.99853,853.37,353.5,850.11,359.41,856.63,347.59
17.002532,852.8399999999999,354.58000000000004,849.66,360.1,856.02,349.06
17.006534,853.02,353.84000000000003,850.78,358.35,855.26,349.33
17.010536,852.2950000000001,352.775,849.88,357.59,854.71,347.96
17.014538,851.175,352.31,849.72,357.52,852.63,347.1
17.01854,850.115,352.41999999999996,848.04,357.7,852.19,347.14
17.022542,848.935,351.19,847.11,356.63,850.76,345.75
17.026544,847.815,352.29499999999996,845.53,357.65,850.1,346.94
17.030546,849.2149999999999,352.99,848.13,359.32,850.3,346.66
17.034547,854.6700000000001,354.01,852.64,361.06,856.7,346.96
17.038549,874.085,354.89,871.45,361.81,876.72,347.97
17.042551,897.77,353.53499999999997,895.54,360.0,900.0,347.07
17.046552,917.035,352.86,916.51,359.47,917.56,346.25
17.050552,922.2750000000001,353.24,921.98,359.51,922.57,346.97
17.054552,910.595,353.16499999999996,915.8,359.53,905.39,346.8
17.058552,903.5799999999999,353.435,908.64,361.31,898.52,345.56
17.062552,904.8399999999999,352.105,903.9,358.51,905.78,345.7
17.066552,908.9000000000001,352.1,904.33,357.81,913.47,346.39
17.070552,910.22,349.78,910.04,355.6,910.4,343.96
17.074552,912.0450000000001,349.03999999999996,912.13,353.94,911.96,344.14
17.078552,914.8399999999999,347.385,913.63,353.97,916.05,340.8
17.082552,914.0350000000001,347.08000000000004,912.88,354.17,915.19,339.99
17.086552,913.855,347.28999999999996,914.3,354.12,913.41,340.46
17.090552,912.1600000000001,349.15999999999997,911.09,356.17,913.23,342.15
17.094553,911.595,348.585,911.36,355.65,911.83,341.52
17.098553,911.2950000000001,348.11,911.69,355.81,910.9,340.41
17.102553,912.45,349.66499999999996,912.99,355.74,911.91,343.59
17.106553,913.46,350.995,913.15,357.75,913.77,344.24
17.110553,913.33,351.345,913.84,357.65,912.82,345.04
17.114553,914.165,351.775,914.71,359.13,913.62,344.42
17.118553,912.4749999999999,351.515,913.28,359.67,911.67,343.36
17.122553,912.7850000000001,352.875,915.0,360.02,910.57,345.73
17.126553,912.135,352.72,913.86,359.27,910.41,346.17
17.130553,911.72,351.78,913.14,358.37,910.3,345.19
17.134553,911.63,351.405,913.43,358.63,909.83,344.18
17.138554,911.27,351.29999999999995,912.48,359.53,910.06,343.07
17.142554,911.0250000000001,352.155,911.82,360.34,910.23,343.97
17.146554,911.0899999999999,351.98,912.06,361.22,910.12,342.74
17.150554,911.2850000000001,351.305,913.86,360.44,908.71,342.17
17.154554,912.435,351.155,915.6,360.87,909.27,341.44
17.158554,910.69,351.13,912.94,360.02,908.44,342.24
17.162554,911.35,352.625,912.83,361.56,909.87,343.69
17.166554,912.005,352.495,912.28,361.67,911.73,343.32
17.170554,911.6800000000001,350.74,912.83,361.12,910.53,340.36
17.174554,912.11,351.095,913.26,361.15,910.96,341.04
17.178554,912.38,350.815,914.13,360.85,910.63,340.78
17.182554,913.36,349.61,915.2,359.24,911.52,339.98
17.186554,912.88,349.815,915.02,358.62,910.74,341.01
17.190554,913.365,349.995,915.64,358.15,911.09,341.84
17.194553,913.8199999999999,350.02,916.03,358.5,911.61,341.54
17.198553,913.2049999999999,349.105,915.1,357.6,911.31,340.61
17.202553,912.85,348.65,914.48,357.59,911.22,339.71
17.206553,912.7049999999999,347.78,914.73,357.13,910.68,338.43
17.210553,911.49,346.845,913.78,356.37,909.2,337.32
17.214553,911.23,347.22,913.84,356.04,908.62,338.4
17.218553,910.01,346.62,912.0,355.95,908.02,337.29
17.222553,911.265,345.83000000000004,913.66,354.37,908.87,337.29
17.226553,908.525,346.03499999999997,909.26,355.06,907.79,337.01
17.230553,908.5150000000001,346.15999999999997,909.21,355.19,907.82,337.13
17.234553,906.975,345.655,906.58,354.92,907.37,336.39
17.238552,903.525,345.235,903.02,354.36,904.03,336.11
17.242552,891.645,344.92999999999995,893.9,354.78,889.39,335.08
17.246552,881.575,345.505,876.32,355.71,886.83,335.3
17.250552,884.565,346.185,883.92,355.69,885.21,336.68
17.254552,885.8399999999999,346.59000000000003,885.12,355.55,886.56,337.63
17.258552,883.3,347.875,882.6,357.3,884.0,338.45
17.262552,880.46,348.595,878.4,358.43,882.52,338.76
17.266552,879.645,350.42499999999995,880.7,360.82,878.59,340.03
17.270552,877.3299999999999,351.03999999999996,876.89,360.87,877.77,341.21
17.274552,874.1800000000001,350.645,875.29,360.94,873.07,340.35
17.278553,874.055,350.405,874.81,361.39,873.3,339.42
17.282553,872.9449999999999,350.96500000000003,873.42,361.42,872.47,340.51
17.286553,873.23,350.70500000000004,873.6,361.29,872.86,340.12
17.290553,873.25,351.015,874.48,360.33,872.02,341.7
17.294553,873.405,350.79999999999995,874.8,361.39,872.01,340.21
17.298553,872.1500000000001,351.55499999999995,873.72,361.78,870.58,341.33
17.302553,871.825,351.195,873.55,360.28,870.1,342.11
17.306553,870.725,350.01,872.35,358.84,869.1,341.18
17.310553,870.125,348.66499999999996,871.8,356.89,868.45,340.44
17.314553,868.175,348.14,869.37,356.4,866.98,339.88
17.318553,868.0450000000001,348.405,867.99,356.09,868.1,340.72
17.322553,868.1949999999999,348.53,868.47,355.91,867.92,341.15
17.326553,867.06,347.835,867.78,355.77,866.34,339.9
17.330553,869.725,348.48,871.7,354.37,867.75,342.59
17.334553,869.975,348.45,872.61,354.56,867.34,342.34
17.338553,870.0250000000001,349.29,873.83,353.72,866.22,344.86
17.342553,870.665,348.725,873.32,352.2,868.01,345.25
17.346553,869.485,349.51,871.99,353.01,866.98,346.01
17.350553,873.26,350.255,874.79,354.04,871.73,346.47
17.354553,873.095,351.53499999999997,875.14,355.04,871.05,348.03
17.358553,873.96,352.125,878.28,354.97,869.64,349.28
17.362553,873.915,352.05,878.77,354.35,869.06,349.75
17.366553,872.8050000000001,352.08000000000004,878.13,354.61,867.48,349.55
17.370553,874.7149999999999,351.745,879.03,352.82,870.4,350.67
17.374547,873.3050000000001,350.225,876.47,352.84,870.14,347.61
17.378541,872.5350000000001,350.935,875.12,354.46,869.95,347.41
17.382536,873.24,351.295,875.0,354.79,871.48,347.8
17.38653,873.085,352.56,874.81,357.48,871.36,347.64
17.390524,873.495,351.27,875.24,357.27,871.75,345.27
17.394518,871.74,351.405,873.24,359.23,870.24,343.58
17.398512,871.3599999999999,350.81,872.56,358.95,870.16,342.67
17.402507,872.2750000000001,349.73,873.11,357.19,871.44,342.27
17.406501,872.28,349.765,871.35,358.73,873.21,340.8
17.410495,873.33,348.755,872.71,356.52,873.95,340.99
17.414489,871.285,349.09000000000003,870.78,357.26,871.79,340.92
17.418483,872.065,350.625,872.46,359.56,871.67,341.69
17.422478,871.8399999999999,348.78499999999997,872.43,357.75,871.25,339.82
17.426472,871.36,347.85,872.24,355.92,870.48,339.78
17.430466,871.435,347.825,871.62,354.84,871.25,340.81
17.43446,872.47,348.395,873.13,355.67,871.81,341.12
17.438454,872.675,348.27,873.76,354.88,871.59,341.66
17.442449,873.99,349.405,875.44,354.9,872.54,343.91
17.446443,873.975,349.52,875.98,355.72,871.97,343.32
17.450437,874.4300000000001,350.83,875.6,357.03,873.26,344.63
17.454431,872.7950000000001,350.25,874.46,355.88,871.13,344.62
17.458426,875.355,351.22,877.09,357.24,873.62,345.2
17.46242,874.955,352.345,876.59,357.41,873.32,347.28
17.466414,877.2149999999999,352.43,877.15,356.89,877.28,347.97
17.470409,876.58,354.79999999999995,875.07,360.59,878.09,349.01
17.474403,876.8,352.75,875.86,358.42,877.74,347.08
17.478397,875.21,352.985,874.35,358.31,876.07,347.66
17.482391,874.745,351.71000000000004,873.2,355.8,876.29,347.62
17.486386,875.505,352.77,873.93,357.23,877.08,348.31
17.49038,873.62,351.445,872.48,354.4,874.76,348.49
17.494374,874.06,351.58500000000004,872.49,354.85,875.63,348.32
17.498368,874.82,351.57500000000005,872.69,354.74,876.95,348.41
17.502363,874.3199999999999,351.1,872.43,353.75,876.21,348.45
17.506357,874.735,351.23,873.1,354.24,876.37,348.22
17.510351,874.46,353.6,873.77,359.29,875.15,347.91
17.514345,874.54,352.885,874.21,357.15,874.87,348.62
17.51834,874.7650000000001,352.775,874.84,355.72,874.69,349.83
17.522334,874.585,354.805,874.74,358.47,874.43,351.14
17.526328,874.64,355.69000000000005,874.39,359.97,874.89,351.41
17.530323,875.4300000000001,355.1,874.46,359.04,876.4,351.16
17.534317,890.925,355.28,888.48,360.56,893.37,350.0
17.538311,923.925,354.315,936.65,359.52,911.2,349.11
17.542305,920.8199999999999,351.945,930.01,358.39,911.63,345.5
17.5463,916.185,352.255,921.19,359.8,911.18,344.71
17.550294,913.325,353.97,913.2,360.81,913.45,347.13
17.554288,914.765,352.99,914.3,358.18,915.23,347.8
17.558282,916.765,350.07,919.24,358.21,914.29,341.93
17.562277,920.1600000000001,350.95500000000004,920.75,358.72,919.57,343.19
17.566271,921.005,349.045,920.91,356.41,921.1,341.68
17.570265,921.76,347.245,922.78,355.08,920.74,339.41
17.574259,922.745,346.52,922.67,354.69,922.82,338.35
17.578258,921.625,345.5,921.79,355.08,921.46,335.92
17.582257,922.905,346.015,924.36,355.75,921.45,336.28
17.586256,921.655,348.675,921.78,357.73,921.53,339.62
17.590255,921.895,347.5,921.75,356.96,922.04,338.04
17.594254,921.5550000000001,345.55,920.5,355.18,922.61,335.92
17.598253,920.8,345.645,919.48,357.05,922.12,334.24
17.602252,921.26,345.705,920.51,357.57,922.01,333.84
17.606251,921.505,347.46000000000004,919.78,359.16,923.23,335.76
17.610251,921.2149999999999,347.08000000000004,920.0,360.87,922.43,333.29
17.61425,921.7650000000001,348.08500000000004,920.21,362.24,923.32,333.93
17.618249,921.3499999999999,346.845,918.8,360.48,923.9,333.21
17.622248,921.1700000000001,347.04499999999996,918.7,360.51,923.64,333.58
17.626247,919.72,348.525,915.96,363.21,923.48,333.84
17.630246,920.5899999999999,348.975,916.38,363.59,924.8,334.36
17.634245,918.89,349.94500000000005,914.88,364.79,922.9,335.1
17.638244,918.6400000000001,348.84,914.69,363.4,922.59,334.28
17.642243,918.0250000000001,350.11,913.85,364.39,922.2,335.83
17.646245,919.03,351.32500000000005,913.81,364.55,924.25,338.1
17.650248,919.37,350.09000000000003,915.01,363.21,923.73,336.97
17.654251,920.1,351.19,914.72,363.06,925.48,339.32
17.658254,920.015,349.16499999999996,914.85,360.31,925.18,338.02
17.662257,919.995,349.48,912.88,361.48,927.11,337.48
17.66626,921.13,350.71,913.33,361.46,928.93,339.96
17.670263,921.49,350.83500000000004,913.87,360.88,929.11,340.79
17.674265,921.66,351.1,914.43,360.9,928.89,341.3
17.678268,922.495,349.98,915.49,359.57,929.5,340.39
17.682271,923.44,352.625,918.36,361.94,928.52,343.31
17.686274,923.355,353.105,918.19,362.52,928.52,343.69
17.690277,923.66,352.885,918.05,362.81,929.27,342.96
17.69428,923.925,353.72,919.2,362.06,928.65,345.38
17.698283,923.675,353.805,918.62,361.23,928.73,346.38
17.702285,923.0899999999999,355.40999999999997,917.91,362.64,928.27,348.18
17.706288,923.425,356.625,919.3,363.0,927.55,350.25
17.710291,923.025,356.93,919.06,363.18,926.99,350.68
17.714294,922.6500000000001,357.66499999999996,919.36,363.28,925.94,352.05
17.718297,922.155,357.815,918.54,361.68,925.77,353.95
17.7223,921.81,358.08000000000004,917.25,361.05,926.37,355.11
17.726303,922.825,359.155,917.68,361.45,927.97,356.86
17.730305,924.0450000000001,359.445,918.0,361.08,930.09,357.81
17.734308,923.405,358.78499999999997,917.77,359.54,929.04,358.03
17.738311,922.4100000000001,357.895,916.61,359.23,928.21,356.56
17.742314,921.685,357.65,915.87,358.93,927.5,356.37
17.746317,922.37,357.6,916.77,357.47,927.97,357.73
17.75032,921.75,356.435,916.97,358.51,926.53,354.36
17.754323,921.9,356.58000000000004,917.64,358.12,926.16,355.04
17.758325,922.735,354.635,919.08,356.84,926.39,352.43
17.762328,923.625,354.995,920.14,357.69,927.11,352.3
17.766331,923.94,354.635,920.46,358.95,927.42,350.32
17.770334,923.0699999999999,352.38,919.78,357.17,926.36,347.59
17.774337,923.22,350.28999999999996,919.81,355.15,926.63,345.43
17.77834,922.71,350.63,920.45,356.08,924.97,345.18
17.782342,923.105,351.225,920.64,356.93,925.57,345.52
17.786344,923.8499999999999,350.38,921.52,356.2,926.18,344.56
17.790346,938.765,349.675,931.04,356.75,946.49,342.6
17.794348,1014.1399999999999,349.315,1002.66,354.61,1025.62,344.02
17.79835,1055.12,347.46500000000003,1047.81,351.47,1062.43,343.46
17.802352,1066.385,347.755,1063.17,352.69,1069.6,342.82
17.806354,1062.83,347.17499999999995,1058.7,352.07,1066.96,342.28
17.810356,1040.99,347.485,1043.53,352.29,1038.45,342.68
17.814359,1035.545,348.25,1031.88,353.65,1039.21,342.85
17.818361,1033.2849999999999,348.345,1026.28,354.09,1040.29,342.6
17.822363,1039.6599999999999,347.57500000000005,1033.27,353.29,1046.05,341.86
17.826365,1041.165,347.025,1039.37,352.39,1042.96,341.66
17.830367,1043.3,348.08,1041.33,354.65,1045.27,341.51
17.834369,1047.375,347.635,1044.24,354.49,1050.51,340.78
17.838371,1047.47,348.77,1047.72,357.79,1047.22,339.75
17.842373,1045.735,348.325,1045.61,356.62,1045.86,340.03
17.846373,1043.025,347.48,1042.52,355.54,1043.53,339.42
17.850372,1043.51,348.54499999999996,1042.19,356.52,1044.83,340.57
17.854371,1044.855,348.32,1041.0,356.19,1048.71,340.45
17.85837,1044.2350000000001,348.135,1040.77,355.37,1047.7,340.9
17.86237,1046.1100000000001,347.20000000000005,1042.2,354.92,1050.02,339.48
17.866369,1046.365,347.78,1044.16,355.95,1048.57,339.61
17.870368,1047.095,346.875,1043.79,354.39,1050.4,339.36
17.874367,1048.33,346.755,1044.58,353.57,1052.08,339.94
17.878367,1047.1,346.115,1043.46,353.67,1050.74,338.56
17.882366,1047.065,345.77,1042.57,352.72,1051.56,338.82
17.886365,1047.94,345.385,1042.5,352.81,1053.38,337.96
17.890364,1047.73,345.28499999999997,1041.19,352.83,1054.27,337.74
17.894364,1047.13,344.37,1038.95,351.65,1055.31,337.09
17.898363,1046.83,343.03,1040.8,349.23,1052.86,336.83
17.902362,1048.8049999999998,343.985,1043.28,351.03,1054.33,336.94
17.906361,1048.925,345.94,1045.85,353.04,1052.0,338.84
17.910361,1048.3449999999998,345.46500000000003,1046.1,351.3,1050.59,339.63
17.91436,1047.355,345.4,1044.94,351.47,1049.77,339.33
17.918359,1047.6550000000002,345.625,1042.65,352.46,1052.66,338.79
17.922359,1047.48,345.485,1044.35,350.34,1050.61,340.63
17.926358,1045.21,346.445,1038.58,352.01,1051.84,340.88
17.930357,1044.03,349.69,1038.83,356.6,1049.23,342.78
17.934356,1046.865,349.81,1043.78,356.4,1049.95,343.22
17.938356,1047.255,350.75,1043.84,357.51,1050.67,343.99
17.942355,1046.63,351.885,1041.85,359.39,1051.41,344.38
17.946354,1046.905,351.025,1043.73,357.73,1050.08,344.32
17.950353,1046.31,350.33500000000004,1040.33,356.06,1052.29,344.61
17.954353,1046.0349999999999,350.45000000000005,1039.7,357.35,1052.37,343.55
17.958352,1045.845,351.49,1038.19,358.49,1053.5,344.49
17.962351,1045.71,350.955,1037.96,356.95,1053.46,344.96
17.96635,1046.19,349.03999999999996,1037.55,354.53,1054.83,343.55
17.97035,1045.275,349.69,1038.19,356.68,1052.36,342.7
17.974349,1033.625,347.22,1026.68,354.47,1040.57,339.97
17.978348,997.02,346.975,986.97,353.36,1007.07,340.59
17.982347,1000.125,346.41999999999996,986.1,352.34,1014.15,340.5
17.986347,994.77,343.975,982.16,348.49,1007.38,339.46
17.990347,1009.72,344.82,1011.15,350.27,1008.29,339.37
17.994346,1004.135,344.52,1006.99,347.8,1001.28,341.24
17.998346,998.7950000000001,344.485,992.0,347.52,1005.59,341.45
18.002346,998.705,344.01,996.96,346.74,1000.45,341.28
18.006345,995.085,343.065,992.09,347.59,998.08,338.54
18.010345,993.935,343.815,988.19,348.23,999.68,339.4
18.014344,991.525,344.765,985.42,348.22,997.63,341.31
18.018344,990.095,345.46500000000003,982.92,348.66,997.27,342.27
18.022344,992.95,347.375,988.44,351.02,997.46,343.73
18.026343,993.73,349.49,989.63,353.02,997.83,345.96
18.030343,993.59,352.365,991.09,358.07,996.09,346.66
18.034343,994.355,353.655,992.15,359.55,996.56,347.76
18.038342,994.5899999999999,354.58500000000004,991.63,362.47,997.55,346.7
18.042342,994.5899999999999,355.39,991.01,364.36,998.17,346.42
18.046342,993.49,356.61,991.25,364.83,995.73,348.39
18.050342,995.83,357.24,993.32,365.54,998.34,348.94
18.054342,993.28,357.755,990.88,366.25,995.68,349.26
18.058342,995.425,357.955,993.88,367.39,996.97,348.52
18.062343,995.895,357.64,995.04,368.28,996.75,347.0
18.066343,996.4449999999999,358.26,995.6,368.51,997.29,348.01
18.070343,996.155,357.975,995.74,369.39,996.57,346.56
18.074343,996.925,357.1,994.8,368.18,999.05,346.02
18.078343,995.8900000000001,356.25,993.09,365.4,998.69,347.1
18.082343,994.975,356.88,991.99,363.69,997.96,350.07
18.086344,993.95,358.38,991.93,364.47,995.97,352.29
18.090344,994.145,358.505,991.7,365.37,996.59,351.64
18.094344,992.48,359.71500000000003,990.98,365.73,993.98,353.7
18.098344,993.205,361.55,991.84,367.37,994.57,355.73
18.102344,992.345,362.24,990.16,366.7,994.53,357.78
18.106344,990.55,362.24,989.07,366.2,992.03,358.28
18.110345,989.485,361.565,988.78,365.67,990.19,357.46
18.114345,988.69,361.16499999999996,988.37,363.87,989.01,358.46
18.118345,987.245,360.305,987.27,363.91,987.22,356.7
18.122345,985.8050000000001,360.865,987.95,365.14,983.66,356.59
18.126345,985.775,360.725,988.12,365.71,983.43,355.74
18.130345,986.59,360.735,988.44,366.59,984.74,354.88
18.134345,985.71,359.45500000000004,988.42,364.69,983.0,354.22
18.138346,987.46,359.605,989.41,363.03,985.51,356.18
18.142346,987.28,358.175,989.73,362.91,984.83,353.44
18.146346,988.225,357.45000000000005,990.47,362.54,985.98,352.36
18.150346,988.8050000000001,357.095,989.25,363.41,988.36,350.78
18.154346,986.5250000000001,357.13,986.96,362.65,986.09,351.61
18.158346,986.92,357.81,985.91,362.98,987.93,352.64
18.162347,986.495,357.545,985.78,362.62,987.21,352.47
18.166347,986.98,356.32500000000005,983.58,361.22,990.38,351.43
18.170347,989.4000000000001,356.005,988.35,359.85,990.45,352.16
18.174347,988.6099999999999,355.69000000000005,987.17,359.66,990.05,351.72
18.178347,989.44,356.17499999999995,988.35,358.27,990.53,354.08
18.182347,990.015,355.355,987.63,358.51,992.4,352.2
18.186348,990.025,355.21500000000003,987.13,357.43,992.92,353.0
18.19035,989.62,355.19,987.01,357.59,992.23,352.79
18.194352,990.575,354.5,990.83,355.91,990.32,353.09
18.198354,990.8,353.6,989.31,355.36,992.29,351.84
18.202357,993.54,354.09000000000003,992.84,355.17,994.24,353.01
18.206359,994.28,354.275,991.46,354.59,997.1,353.96
18.210361,994.915,355.155,992.85,354.5,996.98,355.81
18.214363,996.85,355.435,993.71,354.6,999.99,356.27
18.218366,993.1500000000001,355.265,992.33,356.85,993.97,353.68
18.222368,992.12,356.1,990.7,357.54,993.54,354.66
18.22637,991.9649999999999,355.19,989.63,356.89,994.3,353.49
18.230373,992.43,356.6,990.56,359.05,994.3,354.15
18.234375,992.24,356.86,991.58,359.0,992.9,354.72
18.238377,992.7249999999999,355.955,990.89,357.45,994.56,354.46
18.242379,994.5999999999999,357.08500000000004,992.4,358.88,996.8,355.29
18.246381,994.56,356.09000000000003,991.53,356.64,997.59,355.54
18.250383,992.52,356.66999999999996,992.12,358.25,992.92,355.09
18.254384,994.4449999999999,356.78,993.78,359.54,995.11,354.02
18.258386,992.935,357.165,991.86,359.54,994.01,354.79
18.262388,993.76,356.93,993.3,358.82,994.22,355.04
18.266389,995.95,356.4,994.91,357.08,996.99,355.72
18.270391,997.0799999999999,357.57500000000005,995.87,357.16,998.29,357.99
18.274392,996.335,356.095,994.44,355.16,998.23,357.03
18.278394,996.44,356.03499999999997,994.05,354.65,998.83,357.42
18.282396,996.565,356.685,992.99,356.41,1000.14,356.96
18.286397,995.51,355.97,993.1,356.55,997.92,355.39
18.290399,994.885,355.87,993.18,356.42,996.59,355.32
18.294401,994.995,355.355,992.82,356.47,997.17,354.24
18.298402,993.315,355.09000000000003,990.83,357.22,995.8,352.96
18.302404,993.7049999999999,353.96500000000003,992.75,356.52,994.66,351.41
18.306405,992.815,353.87,991.51,357.43,994.12,350.31
18.310407,992.2049999999999,353.73,990.28,357.0,994.13,350.46
18.314409,992.1500000000001,352.29499999999996,991.09,356.28,993.21,348.31
18.31841,991.6600000000001,351.28499999999997,991.36,355.99,991.96,346.58
18.322412,991.7,350.04999999999995,991.09,355.96,992.31,344.14
18.326414,991.0799999999999,350.32,991.55,357.14,990.61,343.5
18.330415,991.025,350.985,990.3,356.35,991.75,345.62
18.334417,992.845,351.885,991.42,357.13,994.27,346.64
18.338418,1000.79,352.20500000000004,1000.62,356.43,1000.96,347.98
18.34242,1023.255,350.815,1019.06,355.69,1027.45,345.94
18.346422,1047.105,350.73,1048.01,355.31,1046.2,346.15
18.350423,1041.31,349.98,1049.92,353.93,1032.7,346.03
18.354425,1041.37,349.36,1043.77,352.67,1038.97,346.05
18.358427,1038.255,347.28499999999997,1034.4,351.2,1042.11,343.37
18.362428,1039.97,347.78999999999996,1043.93,351.39,1036.01,344.19
18.36643,1038.57,347.77,1034.56,350.89,1042.58,344.65
18.370432,1041.7649999999999,346.465,1038.02,350.09,1045.51,342.84
18.374433,1046.8200000000002,345.81,1045.73,349.16,1047.91,342.46
18.378435,1044.935,344.35,1041.33,348.65,1048.54,340.05
18.382436,1045.72,344.975,1041.65,348.73,1049.79,341.22
18.386438,1045.045,343.96500000000003,1040.64,348.91,1049.45,339.02
18.39044,1043.005,343.43,1038.36,348.11,1047.65,338.75
18.394439,1043.55,343.755,1038.6,348.96,1048.5,338.55
18.398439,1042.8600000000001,343.615,1037.14,348.63,1048.58,338.6
18.402438,1042.55,343.975,1036.59,349.3,1048.51,338.65
18.406437,1041.915,344.78499999999997,1034.8,349.95,1049.03,339.62
18.410437,1041.885,344.83500000000004,1034.94,349.41,1048.83,340.26
18.414436,1041.495,345.46500000000003,1035.13,349.32,1047.86,341.61
18.418436,1040.6599999999999,344.88,1034.05,348.39,1047.27,341.37
18.422435,1040.49,345.73,1034.54,348.36,1046.44,343.1
18.426435,1040.74,345.055,1034.78,347.72,1046.7,342.39
18.430434,1041.1750000000002,345.125,1036.93,346.41,1045.42,343.84
18.434434,1041.615,345.71000000000004,1037.1,345.88,1046.13,345.54
18.438433,1041.27,346.28,1036.73,345.2,1045.81,347.36
18.442432,1042.01,345.78,1037.76,344.59,1046.26,346.97
18.446431,1042.8200000000002,346.415,1038.96,344.97,1046.68,347.86
18.450429,1044.365,346.09000000000003,1041.44,344.39,1047.29,347.79
18.454427,1045.625,346.22,1043.0,345.3,1048.25,347.14
18.458426,1048.79,345.975,1047.11,344.84,1050.47,347.11
18.462424,1050.21,346.07,1049.26,345.8,1051.16,346.34
18.466422,1051.83,345.135,1051.26,345.36,1052.4,344.91
18.47042,1052.81,344.99,1053.45,347.04,1052.17,342.94
18.474419,1053.63,344.745,1053.84,347.32,1053.42,342.17
18.478417,1053.06,344.29,1053.27,347.42,1052.85,341.16
18.482415,1053.69,343.49,1054.25,349.09,1053.13,337.89
18.486414,1053.2600000000002,344.875,1053.89,349.97,1052.63,339.78
18.490412,1053.185,344.235,1053.17,349.94,1053.2,338.53
18.49441,1052.76,343.99,1052.52,350.14,1053.0,337.84
18.498409,1053.3049999999998,344.1,1053.55,349.78,1053.06,338.42
18.502407,1051.165,344.22,1051.08,350.3,1051.25,338.14
18.506405,1050.01,345.09000000000003,1049.28,351.36,1050.74,338.82
18.510403,1049.775,346.53,1048.47,353.98,1051.08,339.08
18.514402,1049.0549999999998,346.605,1047.28,353.17,1050.83,340.04
18.5184,1048.6,346.155,1046.75,353.32,1050.45,338.99
18.522398,1047.91,346.29999999999995,1046.67,354.46,1049.15,338.14
18.526397,1047.5349999999999,346.16499999999996,1045.73,354.76,1049.34,337.57
18.530395,1047.15,346.265,1045.6,355.21,1048.7,337.32
18.534393,1048.795,346.99,1047.54,355.82,1050.05,338.16
18.538392,1048.62,346.82000000000005,1048.27,356.1,1048.97,337.54
18.54239,1048.17,347.05,1048.08,356.91,1048.26,337.19
18.546388,1048.7849999999999,346.53,1048.23,357.46,1049.34,335.6
18.550386,1049.675,346.11,1050.05,357.15,1049.3,335.07
18.554385,1049.5700000000002,345.845,1050.49,356.27,1048.65,335.42
18.558383,1049.3600000000001,345.905,1050.3,356.62,1048.42,335.19
18.562381,1050.035,346.48,1051.17,356.66,1048.9,336.3
18.56638,1051.025,346.17499999999995,1052.6,356.53,1049.45,335.82
18.570378,1051.395,347.025,1053.86,356.3,1048.93,337.75
18.574376,1052.41,347.245,1055.4,356.61,1049.42,337.88
18.578374,1052.125,347.175,1055.49,356.88,1048.76,337.47
18.582373,1052.06,347.21500000000003,1054.68,356.89,1049.44,337.54
18.586371,1052.99,346.77,1056.0,356.18,1049.98,337.36
18.590369,1053.025,347.265,1056.47,356.93,1049.58,337.6
18.594368,1053.21,347.155,1056.57,356.41,1049.85,337.9
18.598368,1053.615,346.14,1056.8,355.58,1050.43,336.7
18.602368,1054.595,345.365,1058.3,354.45,1050.89,336.28
18.606369,1054.5549999999998,344.42,1057.84,353.11,1051.27,335.73
18.610369,1056.5500000000002,345.29499999999996,1059.91,353.06,1053.19,337.53
18.614369,1085.54,347.27,1072.81,354.78,1098.27,339.76
18.61837,1133.5,347.44,1125.12,353.87,1141.88,341.01
18.62237,1187.8899999999999,346.975,1195.75,352.9,1180.03,341.05
18.62637,1203.275,347.225,1194.72,352.21,1211.83,342.24
18.63037,1200.67,348.82,1190.5,354.62,1210.84,343.02
18.634371,1189.835,349.965,1183.81,357.28,1195.86,342.65
18.638371,1180.98,350.78499999999997,1178.24,359.05,1183.72,342.52
18.642371,1180.72,350.79,1176.55,357.54,1184.89,344.04
18.646373,1176.855,351.85,1173.5,358.57,1180.21,345.13
18.650374,1180.085,352.58000000000004,1177.2,358.54,1182.97,346.62
18.654376,1183.605,354.03999999999996,1179.31,360.33,1187.9,347.75
18.658378,1184.725,352.525,1179.36,359.5,1190.09,345.55
18.662379,1189.7,352.97,1182.98,360.41,1196.42,345.53
18.666381,1187.335,352.855,1180.56,360.96,1194.11,344.75
18.670382,1186.3400000000001,353.755,1178.93,363.49,1193.75,344.02
18.674384,1184.375,353.745,1178.99,363.04,1189.76,344.45
18.678386,1184.2849999999999,353.68,1177.96,363.51,1190.61,343.85
18.682387,1184.82,353.975,1178.37,363.42,1191.27,344.53
18.686389,1185.525,354.33000000000004,1179.7,364.56,1191.35,344.1
18.69039,1186.5149999999999,354.09,1179.75,364.84,1193.28,343.34
18.694392,1187.035,353.575,1181.66,364.82,1192.41,342.33
18.698394,1187.025,353.58,1182.37,365.38,1191.68,341.78
18.702395,1187.2199999999998,354.85,1183.12,366.95,1191.32,342.75
18.706397,1187.72,353.82000000000005,1183.77,365.16,1191.67,342.48
18.710398,1188.2649999999999,354.42,1184.98,367.12,1191.55,341.72
18.7144,1187.69,354.34,1184.65,367.03,1190.73,341.65
18.718401,1188.725,354.365,1185.83,366.84,1191.62,341.89
18.722403,1189.9699999999998,354.51,1187.32,367.22,1192.62,341.8
18.726405,1190.525,353.71000000000004,1188.19,367.1,1192.86,340.32
18.730406,1190.8,354.425,1189.51,366.87,1192.09,341.98
18.734408,1191.62,354.19,1190.86,366.6,1192.38,341.78
18.738409,1191.7,354.895,1190.98,367.37,1192.42,342.42
18.742411,1191.905,354.275,1190.6,366.44,1193.21,342.11
18.746413,1191.155,353.08500000000004,1190.24,364.41,1192.07,341.76
18.750414,1190.03,352.64,1188.19,363.4,1191.87,341.88
18.754416,1189.42,352.645,1187.26,363.17,1191.58,342.12
18.758417,1189.105,352.935,1186.48,363.41,1191.73,342.46
18.762419,1188.8899999999999,353.35,1185.59,363.97,1192.19,342.73
18.76642,1188.54,352.71000000000004,1185.75,363.73,1191.33,341.69
18.770422,1188.34,352.79499999999996,1185.32,363.0,1191.36,342.59
18.774424,1189.295,352.99,1186.85,362.55,1191.74,343.43
18.778425,1188.54,353.66499999999996,1185.47,363.49,1191.61,343.84
18.782427,1188.6599999999999,353.795,1185.22,362.85,1192.1,344.74
18.786428,1189.385,355.09000000000003,1186.1,364.29,1192.67,345.89
18.79043,1190.87,355.695,1188.33,364.12,1193.41,347.27
18.794432,1192.525,356.32,1191.62,365.03,1193.43,347.61
18.798433,1191.905,357.40999999999997,1192.24,364.23,1191.57,350.59
18.80243,1192.715,356.645,1193.85,362.62,1191.58,350.67
18.806427,1187.35,356.5,1188.41,362.3,1186.29,350.7
18.810424,1173.35,355.745,1172.82,361.97,1173.88,349.52
18.814421,1161.115,354.635,1149.58,360.43,1172.65,348.84
18.818418,1153.805,353.85,1142.95,361.44,1164.66,346.26
18.822415,1154.21,353.095,1143.79,360.24,1164.63,345.95
18.826412,1156.71,353.615,1150.2,362.07,1163.22,345.16
18.830409,1155.365,352.34,1148.58,362.03,1162.15,342.65
18.834406,1151.2150000000001,352.51,1141.93,362.47,1160.5,342.55
18.838403,1149.8,352.28499999999997,1140.58,363.83,1159.02,340.74
18.8424,1151.375,351.395,1143.73,365.02,1159.02,337.77
18.846395,1148.5100000000002,350.91999999999996,1140.39,364.77,1156.63,337.07
18.850389,1149.8649999999998,350.1,1142.62,363.85,1157.11,336.35
18.854383,1151.665,350.22,1145.46,364.05,1157.87,336.39
18.858378,1152.495,349.90999999999997,1147.36,364.05,1157.63,335.77
18.862372,1154.7649999999999,351.025,1152.53,364.55,1157.0,337.5
18.866367,1155.245,351.15999999999997,1155.05,364.28,1155.44,338.04
18.870361,1152.585,351.58500000000004,1149.39,364.26,1155.78,338.91
18.874356,1152.415,350.48,1148.49,361.87,1156.34,339.09
18.87835,1151.785,350.355,1148.65,362.4,1154.92,338.31
18.882345,1152.4850000000001,349.745,1150.41,360.9,1154.56,338.59
18.886339,1151.47,350.16499999999996,1150.06,360.33,1152.88,340.0
18.890334,1151.545,350.285,1150.5,360.72,1152.59,339.85
18.894328,1153.095,349.96000000000004,1154.15,360.57,1152.04,339.35
18.898322,1150.635,351.345,1149.73,362.01,1151.54,340.68
18.902317,1151.0549999999998,351.755,1150.62,362.66,1151.49,340.85
18.906311,1149.975,352.93,1148.19,364.56,1151.76,341.3
18.910306,1150.655,353.37,1148.05,366.33,1153.26,340.41
18.9143,1150.6599999999999,353.815,1148.0,368.68,1153.32,338.95
18.918295,1153.145,353.505,1152.72,368.68,1153.57,338.33
18.922289,1154.8000000000002,353.94500000000005,1155.69,369.66,1153.91,338.23
18.926284,1153.77,353.925,1153.44,369.79,1154.1,338.06
18.930278,1153.5700000000002,353.02,1152.23,369.93,1154.91,336.11
18.934273,1155.205,353.28,1156.51,369.0,1153.9,337.56
18.938267,1153.865,353.91499999999996,1154.3,370.46,1153.43,337.37
18.942261,1154.2350000000001,353.09000000000003,1154.92,369.81,1153.55,336.37
18.946256,1153.6100000000001,353.02,1154.08,369.73,1153.14,336.31
18.95025,1153.6750000000002,353.21000000000004,1153.64,370.01,1153.71,336.41
18.954245,1153.43,352.67,1153.13,368.85,1153.73,336.49
18.958239,1151.955,351.89,1150.09,366.28,1153.82,337.5
18.962234,1150.17,353.33000000000004,1147.61,367.49,1152.73,339.17
18.966228,1148.81,353.05,1145.57,366.56,1152.05,339.54
18.970223,1147.69,352.255,1144.12,365.18,1151.26,339.33
18.974217,1147.33,352.71500000000003,1144.3,365.6,1150.36,339.83
18.978212,1147.49,352.245,1143.4,365.56,1151.58,338.93
18.982206,1146.9650000000001,351.14,1142.7,363.74,1151.23,338.54
18.9862,1146.35,351.65999999999997,1142.36,362.38,1150.34,340.94
18.990195,1145.87,351.08,1141.34,361.65,1150.4,340.51
18.994189,1145.71,350.03,1141.55,360.38,1149.87,339.68
18.998184,1144.565,350.84000000000003,1139.49,360.68,1149.64,341.0
19.002178,1146.185,351.775,1142.61,362.62,1149.76,340.93
19.006175,1145.51,351.22,1141.08,363.37,1149.94,339.07
19.010172,1145.75,351.425,1141.9,362.91,1149.6,339.94
19.014169,1145.375,351.645,1140.92,363.11,1149.83,340.18
19.018165,1146.28,351.15,1143.24,362.36,1149.32,339.94
19.022162,1145.47,351.495,1142.49,364.37,1148.45,338.62
19.026159,1144.835,352.61,1141.34,365.34,1148.33,339.88
19.030155,1142.4099999999999,352.54,1137.02,366.72,1147.8,338.36
19.034152,1143.455,353.8,1139.29,367.49,1147.62,340.11
19.038149,1142.685,353.81,1138.81,369.18,1146.56,338.44
19.042146,1143.35,354.015,1140.29,368.71,1146.41,339.32
19.046147,1143.1750000000002,352.77,1140.93,366.82,1145.42,338.72
19.050148,1143.4099999999999,352.245,1141.95,366.51,1144.87,337.98
19.054149,1144.03,352.22,1142.09,367.01,1145.97,337.43
19.05815,1144.3899999999999,351.875,1143.22,366.04,1145.56,337.71
19.062151,1146.725,352.375,1146.55,367.71,1146.9,337.04
19.066152,1148.27,352.97,1148.69,367.31,1147.85,338.63
19.070154,1149.375,353.15,1150.41,368.07,1148.34,338.23
19.074155,1149.615,353.07500000000005,1148.97,368.22,1150.26,337.93
19.078156,1149.49,352.28499999999997,1148.1,367.24,1150.88,337.33
19.082157,1148.91,352.815,1146.88,368.13,1150.94,337.5
19.086158,1149.4099999999999,353.355,1148.0,369.02,1150.82,337.69
19.090159,1149.56,353.84000000000003,1147.71,370.21,1151.41,337.47
19.09416,1150.0500000000002,354.03999999999996,1148.18,369.89,1151.92,338.19
19.098161,1150.025,354.635,1148.33,371.26,1151.72,338.01
19.102163,1149.165,354.46,1148.6,372.64,1149.73,336.28
19.106164,1148.92,355.15999999999997,1147.57,372.3,1150.27,338.02
19.110165,1148.68,355.505,1147.2,372.79,1150.16,338.22
19.114166,1147.71,357.21,1146.06,373.15,1149.36,341.27
19.118167,1148.105,357.28,1146.47,374.63,1149.74,339.93
19.122168,1147.1100000000001,357.41999999999996,1145.2,375.5,1149.02,339.34
19.126169,1146.575,356.845,1144.25,376.02,1148.9,337.67
19.13017,1146.83,356.395,1143.73,374.89,1149.93,337.9
19.134172,1146.7150000000001,357.055,1143.01,374.13,1150.42,339.98
19.138173,1146.03,357.695,1141.8,375.07,1150.26,340.32
19.142174,1145.705,359.515,1140.48,375.31,1150.93,343.72
19.146175,1144.8200000000002,359.34000000000003,1138.01,375.67,1151.63,343.01
19.150176,1143.98,359.895,1137.7,375.69,1150.26,344.1
19.154177,1142.525,359.855,1134.57,375.2,1150.48,344.51
19.158178,1142.465,359.065,1133.87,375.73,1151.06,342.4
19.162179,1141.755,359.275,1133.26,375.23,1150.25,343.32
19.166181,1141.56,359.485,1133.36,375.22,1149.76,343.75
19.170182,1141.42,361.08000000000004,1133.11,375.36,1149.73,346.8
19.174183,1142.575,362.46,1136.5,375.83,1148.65,349.09
19.178184,1142.3649999999998,361.95500000000004,1136.87,376.44,1147.86,347.47
19.182185,1142.85,360.805,1138.59,375.81,1147.11,345.8
19.186186,1143.505,359.955,1141.64,375.76,1145.37,344.15
19.190187,1143.21,359.66999999999996,1142.62,373.94,1143.8,345.4
19.194188,1144.005,358.065,1145.11,372.63,1142.9,343.5
19.19819,1144.795,359.255,1147.6,373.99,1141.99,344.52
19.202191,1145.365,360.05499999999995,1147.82,374.9,1142.91,345.21
19.206192,1145.5900000000001,358.74,1147.89,371.5,1143.29,345.98
19.210193,1145.7849999999999,358.755,1148.2,370.1,1143.37,347.41
19.214195,1145.81,358.21000000000004,1148.6,369.55,1143.02,346.87
19.218197,1145.74,357.24,1147.19,368.29,1144.29,346.19
19.222198,1144.51,358.26,1145.7,367.79,1143.32,348.73
19.2262,1144.065,357.91499999999996,1144.83,367.12,1143.3,348.71
19.230201,1142.905,357.44,1143.26,364.89,1142.55,349.99
19.234203,1142.59,356.13,1141.85,362.83,1143.33,349.43
19.238204,1142.275,357.495,1140.99,364.48,1143.56,350.51
19.242206,1144.755,356.795,1140.45,363.3,1149.06,350.29
19.246207,1150.37,355.44000000000005,1146.93,362.41,1153.81,348.47
19.250207,1152.89,354.70500000000004,1149.4,362.23,1156.38,347.18
19.254208,1161.365,351.595,1165.69,360.57,1157.04,342.62
19.258208,1158.375,349.805,1156.27,358.61,1160.48,341.0
19.262209,1158.9650000000001,349.65,1154.3,358.68,1163.63,340.62
19.26621,1162.0500000000002,347.995,1155.65,357.08,1168.45,338.91
19.27021,1165.775,347.255,1159.94,357.08,1171.61,337.43
19.274211,1165.67,348.005,1157.99,359.25,1173.35,336.76
19.278211,1167.435,347.185,1160.22,358.22,1174.65,336.15
19.282212,1171.03,346.6,1164.21,358.24,1177.85,334.96
19.286213,1172.29,346.235,1166.63,359.17,1177.95,333.3
19.290213,1171.15,346.23,1164.15,359.04,1178.15,333.42
19.294214,1170.98,345.905,1164.58,358.02,1177.38,333.79
19.298215,1170.44,346.675,1164.15,358.68,1176.73,334.67
19.302215,1171.225,346.65,1166.17,357.52,1176.28,335.78
19.306216,1172.53,346.03,1168.0,357.3,1177.06,334.76
19.310216,1173.015,346.195,1170.14,357.9,1175.89,334.49
19.314217,1172.415,346.275,1169.42,357.65,1175.41,334.9
19.318218,1173.2199999999998,345.375,1171.36,356.83,1175.08,333.92
19.322218,1172.965,344.71500000000003,1172.1,356.72,1173.83,332.71
19.326219,1172.755,344.69,1172.07,357.33,1173.44,332.05
19.33022,1172.7150000000001,344.875,1172.65,357.1,1172.78,332.65
19.33422,1172.205,344.45000000000005,1172.39,356.61,1172.02,332.29
19.338221,1171.9250000000002,344.04,1172.64,357.67,1171.21,330.41
19.342221,1172.545,343.75,1173.55,357.04,1171.54,330.46
19.346222,1172.125,344.175,1172.93,358.16,1171.32,330.19
19.350223,1171.5949999999998,344.81,1173.58,358.49,1169.61,331.13
19.354223,1170.8449999999998,344.555,1172.6,357.43,1169.09,331.68
19.358224,1170.875,344.765,1173.25,357.9,1168.5,331.63
19.362224,1170.48,345.815,1173.77,358.35,1167.19,333.28
19.366225,1169.8400000000001,346.655,1173.29,359.74,1166.39,333.57
19.370226,1170.82,346.67999999999995,1176.28,359.4,1165.36,333.96
19.374226,1170.415,345.895,1175.52,358.96,1165.31,332.83
19.378227,1170.23,346.32500000000005,1175.32,359.8,1165.14,332.85
19.382228,1171.4,345.81,1177.27,358.35,1165.53,333.27
19.386228,1171.19,345.79,1176.52,357.85,1165.86,333.73
19.390229,1170.975,344.925,1175.54,356.93,1166.41,332.92
19.394229,1171.835,345.71000000000004,1175.9,357.35,1167.77,334.07
19.39823,1173.185,346.36,1178.98,358.31,1167.39,334.41
19.402231,1172.4650000000001,346.16999999999996,1176.44,357.52,1168.49,334.82
19.406231,1171.48,347.805,1173.92,359.06,1169.04,336.55
19.410232,1173.335,346.635,1177.05,356.58,1169.62,336.69
19.414233,1173.04,347.20500000000004,1175.49,357.8,1170.59,336.61
19.418234,1170.8600000000001,347.09000000000003,1171.69,356.76,1170.03,337.42
19.422235,1171.065,347.775,1172.23,357.08,1169.9,338.47
19.426235,1170.085,349.44,1170.35,359.09,1169.82,339.79
19.430236,1170.835,350.2,1171.74,359.75,1169.93,340.65
19.434237,1170.8899999999999,351.02,1171.71,361.03,1170.07,341.01
19.438238,1170.88,350.99,1171.0,361.0,1170.76,340.98
19.442239,1170.945,350.985,1170.56,360.93,1171.33,341.04
19.446239,1171.04,351.58500000000004,1170.16,362.85,1171.92,340.32
19.450239,1172.2600000000002,350.21000000000004,1172.13,363.3,1172.39,337.12
19.454239,1172.69,350.09000000000003,1171.47,363.7,1173.91,336.48
19.458239,1172.33,350.52,1170.29,364.62,1174.37,336.42
19.462239,1172.935,351.155,1170.98,364.73,1174.89,337.58
19.466239,1173.77,350.27,1171.12,364.41,1176.42,336.13
19.470239,1174.245,349.005,1171.56,362.97,1176.93,335.04
19.474239,1173.9650000000001,348.385,1170.65,361.99,1177.28,334.78
19.478239,1173.705,347.625,1169.28,360.48,1178.13,334.77
19.482239,1172.4,345.815,1167.11,359.52,1177.69,332.11
19.486239,1174.2199999999998,345.17,1169.37,359.05,1179.07,331.29
19.490239,1175.025,345.685,1170.05,359.51,1180.0,331.86
19.494239,1176.1100000000001,344.96500000000003,1171.67,357.64,1180.55,332.29
19.498239,1176.3,346.155,1171.84,360.2,1180.76,332.11
19.502239,1176.7350000000001,344.24,1172.94,357.31,1180.53,331.17
19.506239,1178.365,344.72,1175.63,358.9,1181.1,330.54
19.51024,1179.245,346.18,1177.32,359.56,1181.17,332.8
19.51424,1179.92,346.27,1177.38,359.93,1182.46,332.61
19.51824,1180.7849999999999,346.28,1179.04,360.77,1182.53,331.79
19.52224,1180.27,346.005,1179.16,361.17,1181.38,330.84
19.52624,1181.32,347.515,1179.86,362.17,1182.78,332.86
19.53024,1180.605,347.515,1179.79,361.35,1181.42,333.68
19.53424,1179.955,347.47,1180.45,360.46,1179.46,334.48
19.53824,1180.935,348.33000000000004,1180.51,361.25,1181.36,335.41
19.54224,1180.69,348.77,1180.95,361.65,1180.43,335.89
19.54624,1180.1100000000001,350.37,1181.32,363.07,1178.9,337.67
19.55024,1182.3400000000001,350.985,1182.28,362.93,1182.4,339.04
19.55424,1181.745,350.03999999999996,1182.53,362.08,1180.96,338.0
19.55824,1180.645,349.435,1181.55,361.0,1179.74,337.87
19.56224,1181.1799999999998,350.04,1181.34,361.29,1181.02,338.79
19.56624,1182.025,349.11,1182.27,359.58,1181.78,338.64
19.57024,1182.83,349.02,1183.95,360.16,1181.71,337.88
19.57424,1182.855,347.77,1183.81,359.47,1181.9,336.07
19.57824,1183.2649999999999,346.815,1183.29,359.37,1183.24,334.26
19.58224,1181.88,345.11,1181.36,359.0,1182.4,331.22
19.58624,1182.2649999999999,343.305,1181.04,357.36,1183.49,329.25
19.59024,1181.27,341.23,1179.41,355.41,1183.13,327.05
19.59424,1180.715,340.78,1179.32,354.72,1182.11,326.84
19.59824,1181.525,339.555,1180.27,353.49,1182.78,325.62
19.60224,1181.1100000000001,339.78999999999996,1178.44,353.65,1183.78,325.93
19.60624,1181.31,338.74,1179.8,353.41,1182.82,324.07
19.61024,1181.1,339.25,1178.77,354.61,1183.43,323.89
19.61424,1180.885,338.275,1177.86,353.1,1183.91,323.45
19.618239,1180.395,338.985,1177.4,354.23,1183.39,323.74
19.622238,1179.57,339.52,1176.86,353.68,1182.28,325.36
19.626237,1179.585,340.935,1177.7,354.18,1181.47,327.69
19.630236,1179.005,341.92499999999995,1178.53,353.84,1179.48,330.01
19.634235,1177.8600000000001,341.9,1175.01,352.01,1180.71,331.79
19.638234,1177.5700000000002,343.015,1175.5,354.08,1179.64,331.95
19.642232,1177.4650000000001,346.11,1175.88,358.46,1179.05,333.76
19.646232,1178.7,344.685,1177.24,356.15,1180.16,333.22
19.650231,1177.21,345.13,1174.93,355.98,1179.49,334.28
19.65423,1176.4050000000002,346.06,1175.89,357.55,1176.92,334.57
19.658229,1176.215,346.53499999999997,1176.06,358.77,1176.37,334.3
19.662228,1177.2199999999998,347.04999999999995,1177.86,359.71,1176.58,334.39
19.666227,1178.465,346.70000000000005,1179.62,359.86,1177.31,333.54
19.670226,1179.02,345.46000000000004,1179.08,358.32,1178.96,332.6
19.674225,1180.24,344.875,1180.81,359.17,1179.67,330.58
19.678224,1180.575,344.865,1181.69,360.26,1179.46,329.47
19.682224,1180.9850000000001,344.15,1181.74,359.75,1180.23,328.55
19.686223,1182.225,343.74,1183.28,359.46,1181.17,328.02
19.690222,1182.935,343.84000000000003,1184.38,359.88,1181.49,327.8
19.694221,1183.2649999999999,344.855,1186.84,360.81,1179.69,328.9
19.69822,1184.9299999999998,344.685,1187.81,360.44,1182.05,328.93
19.702219,1185.49,344.57000000000005,1187.76,361.47,1183.22,327.67
19.706218,1184.275,345.94000000000005,1185.59,363.16,1182.96,328.72
19.710217,1183.135,345.525,1184.67,363.56,1181.6,327.49
19.714216,1182.38,346.635,1182.27,364.12,1182.49,329.15
19.718216,1181.0300000000002,347.485,1180.38,365.87,1181.68,329.1
19.722215,1180.855,346.90999999999997,1178.9,364.28,1182.81,329.54
19.726214,1181.3899999999999,346.675,1180.3,363.56,1182.48,329.79
19.730213,1182.53,346.01,1182.05,361.82,1183.01,330.2
19.734212,1182.995,345.395,1182.89,360.68,1183.1,330.11
19.738211,1182.205,345.24,1179.47,361.0,1184.94,329.48
19.74221,1183.51,343.525,1183.06,358.24,1183.96,328.81
19.746209,1182.26,343.575,1179.85,357.39,1184.67,329.76
19.750208,1182.9299999999998,342.77,1181.11,356.88,1184.75,328.66
19.754208,1182.5549999999998,343.595,1179.99,357.99,1185.12,329.2
19.758207,1180.76,343.58500000000004,1177.55,357.66,1183.97,329.51
19.762206,1179.79,343.525,1175.5,357.2,1184.08,329.85
19.766205,1180.885,343.91499999999996,1177.58,356.59,1184.19,331.24
19.770204,1180.87,343.79,1177.34,356.11,1184.4,331.47
19.774203,1179.6599999999999,343.40999999999997,1176.03,356.8,1183.29,330.02
19.778202,1178.02,343.42999999999995,1174.3,357.34,1181.74,329.52
19.782201,1178.75,343.265,1175.78,358.09,1181.72,328.44
19.7862,1177.94,343.585,1173.93,357.33,1181.95,329.84
19.790199,1178.17,344.435,1175.13,359.29,1181.21,329.58
19.794199,1179.1100000000001,343.01,1177.23,356.28,1180.99,329.74
19.798198,1180.18,342.725,1178.21,357.19,1182.15,328.26
19.802197,1181.62,341.81,1181.19,357.0,1182.05,326.62
19.806196,1182.76,342.78,1183.83,358.16,1181.69,327.4
19.810195,1184.13,343.62,1185.17,358.08,1183.09,329.16
19.814194,1183.595,343.685,1183.7,357.88,1183.49,329.49
19.818193,1183.5349999999999,344.175,1183.21,357.42,1183.86,330.93
19.822193,1183.1399999999999,344.395,1182.71,357.21,1183.57,331.58
19.826193,1181.49,344.565,1180.25,356.45,1182.73,332.68
19.830193,1180.82,344.34000000000003,1178.53,358.17,1183.11,330.51
19.834194,1179.08,345.43,1175.89,359.14,1182.27,331.72
19.838194,1179.1350000000002,345.74,1177.14,359.71,1181.13,331.77
19.842194,1176.45,346.875,1174.52,359.83,1178.38,333.92
19.846195,1175.845,347.895,1174.91,361.26,1176.78,334.53
19.850196,1175.65,346.235,1174.42,358.85,1176.88,333.62
19.854198,1174.575,345.45000000000005,1174.16,358.79,1174.99,332.11
19.858199,1175.03,344.53499999999997,1174.96,358.43,1175.1,330.64
19.862201,1174.675,344.65,1175.49,357.98,1173.86,331.32
19.866202,1174.905,344.93,1175.52,358.6,1174.29,331.26
19.870203,1175.395,344.80499999999995,1176.79,357.77,1174.0,331.84
19.874205,1176.35,344.46000000000004,1178.12,357.22,1174.58,331.7
19.878206,1176.58,344.015,1178.63,356.61,1174.53,331.42
19.882207,1189.16,344.84,1183.14,357.34,1195.18,332.34
19.886209,1222.4850000000001,344.70000000000005,1205.58,357.41,1239.39,331.99
19.89021,1312.28,344.155,1315.94,355.23,1308.62,333.08
19.894211,1325.745,345.78999999999996,1328.75,358.12,1322.74,333.46
19.898213,1319.275,347.13,1324.17,360.66,1314.38,333.6
19.902214,1292.355,347.26,1302.51,359.62,1282.2,334.9
19.906216,1264.2150000000001,347.56,1270.79,360.91,1257.64,334.21
19.910217,1265.855,347.62,1260.21,363.26,1271.5,331.98
19.914218,1266.19,346.86,1265.24,362.79,1267.14,330.93
19.91822,1284.1599999999999,347.1,1294.24,362.7,1274.08,331.5
19.922221,1287.74,347.865,1296.83,362.39,1278.65,333.34
19.926222,1282.7150000000001,346.03,1286.7,360.1,1278.73,331.96
19.930224,1290.79,345.875,1301.15,360.02,1280.43,331.73
19.934225,1282.22,346.80499999999995,1289.44,361.03,1275.0,332.58
19.938227,1283.155,346.05499999999995,1287.47,358.65,1278.84,333.46
19.942228,1279.895,346.14,1284.25,357.33,1275.54,334.95
19.946229,1283.615,345.65999999999997,1288.66,357.92,1278.57,333.4
19.950231,1282.865,346.415,1285.19,357.73,1280.54,335.1
19.954232,1284.38,344.53499999999997,1287.53,354.61,1281.23,334.46
19.958233,1285.155,346.925,1288.32,355.63,1281.99,338.22
19.962235,1286.2849999999999,345.805,1288.07,356.69,1284.5,334.92
19.966236,1284.725,346.235,1286.11,355.71,1283.34,336.76
19.970237,1287.4650000000001,344.82,1290.4,358.3,1284.53,331.34
19.974239,1285.13,346.48,1285.69,357.9,1284.57,335.06
19.97824,1285.53,345.32500000000005,1285.29,359.11,1285.77,331.54
19.982242,1285.77,345.01,1286.92,358.1,1284.62,331.92
19.986243,1286.48,348.015,1286.63,360.48,1286.33,335.55
19.990244,1284.335,346.81500000000005,1283.88,361.22,1284.79,332.41
19.994246,1284.635,347.97,1284.2,360.84,1285.07,335.1
19.998247,1284.415,348.67999999999995,1284.55,363.83,1284.28,333.53
20.002248,1283.855,348.615,1285.08,363.79,1282.63,333.44
20.00625,1283.235,347.285,1284.11,362.85,1282.36,331.72
20.010251,1283.38,346.32500000000005,1281.47,362.23,1285.29,330.42
20.014253,1283.2350000000001,346.14,1281.98,358.01,1284.49,334.27
20.018254,1283.525,347.45000000000005,1280.5,359.91,1286.55,334.99
20.022255,1283.945,347.605,1280.79,359.76,1287.1,335.45
20.026258,1284.1399999999999,347.84000000000003,1280.51,358.74,1287.77,336.94
20.030261,1283.675,346.9,1280.82,358.78,1286.53,335.02
20.034263,1285.15,344.775,1282.12,353.21,1288.18,336.34
20.038266,1285.1750000000002,345.395,1283.18,355.7,1287.17,335.09
20.042269,1285.575,345.495,1283.13,354.44,1288.02,336.55
20.04627,1287.31,345.71000000000004,1284.24,354.47,1290.38,336.95
20.050271,1287.96,346.395,1283.69,354.28,1292.23,338.51
20.054272,1289.0549999999998,346.48,1286.79,354.31,1291.32,338.65
20.058273,1289.435,346.14,1285.98,355.26,1292.89,337.02
20.062275,1289.9450000000002,343.405,1286.18,353.71,1293.71,333.1
20.066276,1290.33,342.1,1287.01,354.11,1293.65,330.09
20.070277,1289.945,342.4,1285.59,355.43,1294.3,329.37
20.074278,1290.3600000000001,343.97,1284.98,358.74,1295.74,329.2
20.078279,1290.58,342.755,1284.83,359.68,1296.33,325.83
20.08228,1290.41,341.45000000000005,1285.42,358.54,1295.4,324.36
20.086282,1290.69,341.57,1284.72,359.69,1296.66,323.45
20.090283,1290.2649999999999,339.975,1284.44,359.23,1296.09,320.72
20.094284,1289.6950000000002,339.53,1285.26,357.74,1294.13,321.32
20.098285,1290.4650000000001,340.03499999999997,1285.54,359.82,1295.39,320.25
20.102286,1289.545,340.45,1286.61,359.03,1292.48,321.87
20.106287,1288.97,340.53,1285.23,358.96,1292.71,322.1
20.110289,1287.895,340.08500000000004,1284.15,357.82,1291.64,322.35
20.11429,1289.5549999999998,339.75,1286.3,356.59,1292.81,322.91
20.118291,1290.255,339.94,1287.95,354.32,1292.56,325.56
20.122292,1289.195,339.655,1287.55,353.33,1290.84,325.98
20.126293,1289.915,339.885,1287.13,352.45,1292.7,327.32
20.130294,1289.835,339.77,1287.46,352.76,1292.21,326.78
20.134296,1290.275,341.005,1287.97,352.59,1292.58,329.42
20.138297,1291.805,342.005,1290.15,354.71,1293.46,329.3
20.142298,1293.475,341.28499999999997,1292.92,352.82,1294.03,329.75
20.146299,1293.96,341.16499999999996,1293.02,353.44,1294.9,328.89
20.1503,1294.02,342.4,1292.96,355.05,1295.08,329.75
20.154301,1295.49,342.98,1294.94,356.33,1296.04,329.63
20.158303,1293.7649999999999,343.395,1293.27,356.73,1294.26,330.06
20.162304,1292.405,343.055,1291.1,358.51,1293.71,327.6
20.166305,1290.915,342.58500000000004,1289.49,356.81,1292.34,328.36
20.170306,1292.22,343.57500000000005,1293.49,358.16,1290.95,328.99
20.174307,1291.92,344.255,1294.01,357.16,1289.83,331.35
20.178308,1288.375,344.185,1287.97,357.23,1288.78,331.14
20.18231,1291.505,344.71500000000003,1294.66,356.35,1288.35,333.08
20.186311,1286.2600000000002,345.615,1286.39,356.99,1286.13,334.24
20.190312,1287.5700000000002,347.03999999999996,1288.24,358.26,1286.9,335.82
20.194313,1288.895,346.94,1292.39,357.77,1285.4,336.11
20.198314,1285.5749999999998,347.57,1286.55,357.81,1284.6,337.33
20.202315,1285.975,347.29999999999995,1287.11,357.58,1284.84,337.02
20.206316,1286.9099999999999,346.865,1290.21,356.2,1283.61,337.53
20.210318,1287.665,347.79499999999996,1290.26,357.7,1285.07,337.89
20.214319,1289.495,347.23,1292.81,357.19,1286.18,337.27
20.21832,1288.3200000000002,346.8,1289.41,357.31,1287.23,336.29
20.222321,1289.2199999999998,346.54499999999996,1290.11,357.2,1288.33,335.89
20.226322,1288.03,345.905,1287.81,356.8,1288.25,335.01
20.230318,1290.255,348.3,1290.87,361.74,1289.64,334.86
20.234313,1290.295,349.08500000000004,1290.8,362.37,1289.79,335.8
20.238308,1288.94,349.895,1287.91,363.82,1289.97,335.97
20.242303,1289.26,348.185,1289.0,360.54,1289.52,335.83
20.246295,1291.67,350.745,1292.01,364.08,1291.33,337.41
20.250287,1311.555,351.30999999999995,1316.98,365.78,1306.13,336.84
20.254278,1377.15,352.755,1380.58,368.06,1373.72,337.45
20.25827,1404.79,352.2,1405.68,368.39,1403.9,336.01
20.262262,1403.5149999999999,349.745,1404.06,365.41,1402.97,334.08
20.266253,1396.2350000000001,351.88,1398.17,370.41,1394.3,333.35
20.270245,1392.145,352.865,1390.97,372.15,1393.32,333.58
20.274237,1383.24,350.475,1376.26,369.08,1390.22,331.87
20.278228,1383.53,349.45000000000005,1379.6,367.3,1387.46,331.6
20.28222,1384.695,348.175,1384.08,366.06,1385.31,330.29
20.286211,1386.1950000000002,350.325,1385.66,370.32,1386.73,330.33
20.290203,1388.0,348.04499999999996,1385.46,369.51,1390.54,326.58
20.294195,1392.095,346.70500000000004,1391.39,368.66,1392.8,324.75
20.298186,1391.7150000000001,345.475,1391.78,367.79,1391.65,323.16
20.302178,1389.77,345.31,1388.24,369.16,1391.3,321.46
20.30617,1388.77,346.46,1385.31,370.21,1392.23,322.71
20.310161,1388.0349999999999,345.55,1383.99,368.91,1392.08,322.19
20.314153,1388.74,345.25,1385.3,370.07,1392.18,320.43
20.318144,1389.94,344.485,1386.05,369.84,1393.83,319.13
20.322136,1391.1399999999999,344.52,1386.81,372.51,1395.47,316.53
20.326128,1391.035,345.04499999999996,1385.13,374.21,1396.94,315.88
20.330119,1392.575,343.135,1387.51,373.19,1397.64,313.08
20.334111,1393.5549999999998,340.485,1389.24,368.85,1397.87,312.12
20.338103,1393.0749999999998,339.96,1388.28,366.96,1397.87,312.96
20.342094,1393.96,338.975,1389.29,365.47,1398.63,312.48
20.346086,1393.8249999999998,339.21500000000003,1389.87,367.16,1397.78,311.27
20.350078,1394.25,337.975,1391.05,365.55,1397.45,310.4
20.354069,1395.075,337.94,1391.9,366.42,1398.25,309.46
20.358061,1396.125,338.42499999999995,1392.04,367.08,1400.21,309.77
20.362052,1396.1799999999998,336.635,1391.51,363.25,1400.85,310.02
20.366044,1396.815,338.015,1392.24,365.82,1401.39,310.21
20.370036,1398.3249999999998,336.505,1394.37,363.43,1402.28,309.58
20.374027,1398.3449999999998,339.345,1394.61,367.35,1402.08,311.34
20.378019,1397.795,340.95000000000005,1394.61,368.93,1400.98,312.97
20.382011,1397.275,341.225,1394.1,368.57,1400.45,313.88
20.386002,1396.02,344.095,1392.69,372.58,1399.35,315.61
20.389994,1395.625,343.45000000000005,1391.77,370.23,1399.48,316.67
20.393985,1395.7150000000001,346.485,1392.04,374.89,1399.39,318.08
20.397977,1394.38,345.14,1391.43,371.91,1397.33,318.37
20.401969,1394.52,345.13,1391.58,372.66,1397.46,317.6
20.40596,1395.295,344.925,1392.05,371.85,1398.54,318.0
20.409952,1394.33,345.64,1390.51,373.21,1398.15,318.07
20.413944,1393.52,347.025,1388.83,375.17,1398.21,318.88
20.417935,1393.8400000000001,345.45000000000005,1388.74,372.74,1398.94,318.16
20.421927,1394.61,345.18,1390.11,372.94,1399.11,317.42
20.425919,1393.505,344.195,1388.89,371.8,1398.12,316.59
20.42991,1390.245,343.90999999999997,1384.53,371.96,1395.96,315.86
20.433907,1385.995,342.37,1380.32,371.08,1391.67,313.66
20.437903,1378.7849999999999,341.28999999999996,1375.52,369.8,1382.05,312.78
20.4419,1373.2649999999999,341.315,1372.04,370.36,1374.49,312.27
20.445904,1373.98,341.6,1371.9,369.77,1376.06,313.43
20.449909,1367.1999999999998,341.32,1368.86,369.53,1365.54,313.11
20.453914,1368.79,342.19000000000005,1370.91,369.16,1366.67,315.22
20.457919,1367.54,341.32,1367.96,366.38,1367.12,316.26
20.461923,1364.8600000000001,340.135,1365.06,364.23,1364.66,316.04
20.465928,1360.255,338.5,1359.59,361.37,1360.92,315.63
20.469933,1360.755,337.435,1359.98,359.12,1361.53,315.75
20.473938,1358.9099999999999,335.375,1358.85,358.46,1358.97,312.29
20.477942,1359.19,336.945,1360.01,358.71,1358.37,315.18
20.481947,1358.7649999999999,336.88,1358.76,358.61,1358.77,315.15
20.485952,1359.275,335.645,1358.26,356.94,1360.29,314.35
20.489956,1358.1599999999999,334.17999999999995,1355.55,354.34,1360.77,314.02
20.493961,1358.3,333.46500000000003,1354.58,354.07,1362.02,312.86
20.497966,1357.8249999999998,332.72,1353.78,353.18,1361.87,312.26
20.501971,1358.135,333.07,1355.18,353.74,1361.09,312.4
20.505975,1357.7350000000001,335.18,1353.84,354.29,1361.63,316.07
20.50998,1359.15,335.24,1355.69,354.46,1362.61,316.02
20.513985,1358.85,338.135,1356.73,355.95,1360.97,320.32
20.51799,1360.0149999999999,337.31,1358.35,355.11,1361.68,319.51
20.521994,1358.9299999999998,336.72,1355.99,353.08,1361.87,320.36
20.525999,1359.335,338.28499999999997,1357.29,355.26,1361.38,321.31
20.530004,1359.7649999999999,338.675,1359.18,353.24,1360.35,324.11
20.534008,1359.955,340.65999999999997,1360.37,353.56,1359.54,327.76
20.538013,1360.13,339.03,1361.04,353.34,1359.22,324.72
20.542018,1360.31,341.34000000000003,1361.81,353.08,1358.81,329.6
20.546023,1358.905,338.66,1359.35,351.1,1358.46,326.22
20.550027,1359.27,338.905,1359.92,353.25,1358.62,324.56
20.554032,1359.315,340.29999999999995,1360.87,353.15,1357.76,327.45
20.558037,1359.105,339.065,1360.47,353.85,1357.74,324.28
20.562042,1357.1950000000002,340.14,1356.46,353.8,1357.93,326.48
20.566046,1357.205,341.65999999999997,1358.61,355.43,1355.8,327.89
20.570051,1357.47,341.8,1359.13,354.23,1355.81,329.37
20.574056,1354.72,341.5,1354.19,354.62,1355.25,328.38
20.57806,1355.48,343.28999999999996,1355.69,355.74,1355.27,330.84
20.582065,1355.4650000000001,343.14,1355.3,355.65,1355.63,330.63
20.58607,1354.705,343.635,1355.06,353.94,1354.35,333.33
20.590075,1354.8,343.73,1354.82,355.64,1354.78,331.82
20.594079,1353.945,344.91499999999996,1354.78,355.03,1353.11,334.8
20.598084,1353.55,344.815,1354.56,356.88,1352.54,332.75
20.602089,1353.0900000000001,346.54499999999996,1354.19,356.76,1351.99,336.33
20.606094,1353.5700000000002,347.09000000000003,1355.25,356.5,1351.89,337.68
20.610098,1354.075,347.17499999999995,1355.27,357.02,1352.88,337.33
20.618108,1353.2150000000001,347.58000000000004,1354.41,356.68,1352.02,338.48
20.622112,1353.15,347.905,1353.93,356.54,1352.37,339.27
20.626117,1352.2,346.69,1352.97,355.93,1351.43,337.45
20.630122,1352.5749999999998,345.86,1355.06,354.93,1350.09,336.79
20.634127,1353.365,347.22,1355.91,357.38,1350.82,337.06
20.638131,1353.79,346.705,1357.01,356.2,1350.57,337.21
20.642136,1354.56,346.405,1358.21,356.04,1350.91,336.77
20.64614,1355.65,347.66499999999996,1359.2,356.82,1352.1,338.51
20.65014,1356.595,345.78999999999996,1360.81,354.27,1352.38,337.31
20.654139,1357.6599999999999,345.11,1361.82,353.7,1353.5,336.52
20.658139,1356.805,343.785,1361.44,352.6,1352.17,334.97
20.662138,1356.835,342.575,1360.51,352.19,1353.16,332.96
20.666138,1357.76,342.88,1361.37,352.61,1354.15,333.15
20.670137,1358.235,344.04499999999996,1362.1,354.56,1354.37,333.53
20.674137,1358.15,344.685,1360.67,355.55,1355.63,333.82
20.678136,1357.4650000000001,344.235,1358.9,355.09,1356.03,333.38
20.682136,1357.44,344.145,1358.74,355.57,1356.14,332.72
20.686135,1356.74,343.025,1356.8,354.27,1356.68,331.78
20.690135,1355.815,341.925,1355.38,353.94,1356.25,329.91
20.694134,1355.0349999999999,341.01,1355.02,353.69,1355.05,328.33
20.698134,1354.9,341.595,1355.58,355.55,1354.22,327.64
20.702133,1354.045,342.97,1353.5,356.42,1354.59,329.52
20.706132,1354.395,342.845,1353.1,356.66,1355.69,329.03
20.710132,1354.52,342.74,1354.42,356.55,1354.62,328.93
20.714131,1354.355,341.745,1353.79,355.57,1354.92,327.92
20.718131,1354.145,340.895,1354.92,354.86,1353.37,326.93
20.72213,1354.9450000000002,340.79499999999996,1355.63,353.82,1354.26,327.77
20.72613,1356.25,341.3,1357.0,353.44,1355.5,329.16
20.730129,1367.87,342.185,1367.26,354.22,1368.48,330.15
20.734129,1391.335,342.115,1390.31,353.37,1392.36,330.86
20.738128,1390.0149999999999,341.40999999999997,1387.81,352.04,1392.22,330.78
20.742128,1393.4450000000002,340.025,1398.73,349.75,1388.16,330.3
20.746127,1388.8899999999999,337.275,1386.02,349.54,1391.76,325.01
20.750127,1386.475,336.15,1382.13,348.88,1390.82,323.42
20.754126,1393.65,333.6,1389.51,346.51,1397.79,320.69
20.758126,1395.8400000000001,335.96500000000003,1391.9,348.86,1399.78,323.07
20.762125,1399.65,336.45500000000004,1398.97,348.25,1400.33,324.66
20.766124,1399.705,334.71,1398.1,347.34,1401.31,322.08
20.770124,1399.855,333.96500000000003,1399.59,347.5,1400.12,320.43
20.774123,1399.415,332.095,1401.21,345.47,1397.62,318.72
20.778123,1397.6,331.275,1399.93,344.67,1395.27,317.88
20.782122,1397.04,332.28499999999997,1398.93,347.42,1395.15,317.15
20.786122,1396.585,333.825,1396.29,349.95,1396.88,317.7
20.790121,1396.17,333.19,1394.26,346.8,1398.08,319.58
20.794121,1400.03,332.845,1396.36,346.58,1403.7,319.11
20.79812,1398.445,334.01,1396.79,348.74,1400.1,319.28
20.80212,1401.145,328.55,1397.72,344.99,1404.57,312.11
20.806119,1399.62,325.595,1395.95,343.78,1403.29,307.41
20.810119,1399.04,326.27,1394.8,343.35,1403.28,309.19
20.814118,1399.615,325.595,1395.0,344.16,1404.23,307.03
20.818117,1401.295,324.985,1395.15,343.17,1407.44,306.8
20.822117,1401.7800000000002,324.47,1395.93,341.78,1407.63,307.16
20.826116,1400.895,323.425,1394.02,341.72,1407.77,305.13
20.830116,1401.915,321.825,1397.26,340.51,1406.57,303.14
20.834115,1402.7350000000001,322.74,1399.02,342.46,1406.45,303.02
20.838115,1404.06,322.73,1402.31,343.81,1405.81,301.65
20.842114,1402.44,323.15,1399.81,344.05,1405.07,302.25
20.846114,1400.165,323.385,1397.47,343.16,1402.86,303.61
20.850114,1399.205,324.505,1396.6,344.69,1401.81,304.32
20.854114,1398.705,325.765,1395.1,346.65,1402.31,304.88
20.858113,1400.72,326.1,1398.01,346.08,1403.43,306.12
20.862113,1400.2,325.615,1397.47,345.31,1402.93,305.92
20.866113,1402.9850000000001,325.76,1399.68,346.59,1406.29,304.93
20.870113,1403.42,326.97,1401.46,347.38,1405.38,306.56
20.874113,1401.0900000000001,326.92999999999995,1399.23,345.59,1402.95,308.27
20.878113,1398.39,327.17999999999995,1393.39,346.46,1403.39,307.9
20.882113,1396.82,327.935,1390.58,345.15,1403.06,310.72
20.886113,1397.45,327.135,1390.63,344.81,1404.27,309.46
20.890113,1399.06,327.32,1392.46,344.7,1405.66,309.94
20.894113,1399.825,328.19,1391.67,344.06,1407.98,312.32
20.898113,1398.74,327.56,1390.95,343.69,1406.53,311.43
20.902112,1388.725,328.11,1376.52,344.78,1400.93,311.44
20.906112,1318.7350000000001,328.485,1289.55,345.78,1347.92,311.19
20.910112,1193.56,330.75,1156.31,347.88,1230.81,313.62
20.914112,1075.885,332.16999999999996,1014.1,349.03,1137.67,315.31
20.918112,989.435,336.095,910.12,353.48,1068.75,318.71
20.922112,909.58,351.225,845.22,373.65,973.94,328.8
20.926112,840.525,369.66499999999996,791.27,388.81,889.78,350.52
20.930112,752.75,404.505,699.8,443.32,805.7,365.69
20.934112,667.8299999999999,418.71000000000004,624.89,463.62,710.77,373.8
20.938112,602.36,439.375,564.97,475.08,639.75,403.67
20.942112,524.765,442.455,490.84,476.13,558.69,408.78
20.946111,467.48,440.375,458.27,471.85,476.69,408.9
20.950111,445.65,446.69,444.98,477.37,446.32,416.01
20.954111,445.79499999999996,450.125,448.52,477.09,443.07,423.16
20.958111,458.445,448.095,463.55,471.91,453.34,424.28
20.962111,469.255,452.92499999999995,476.59,474.77,461.92,431.08
20.966111,465.735,454.95500000000004,473.64,475.6,457.83,434.31
20.970111,461.35,457.08500000000004,470.15,475.88,452.55,438.29
20.974111,457.175,458.355,464.87,478.36,449.48,438.35
20.978111,447.01,458.475,459.17,478.67,434.85,438.28
20.982111,447.115,457.23,453.04,475.79,441.19,438.67
20.986111,446.445,456.29,453.68,475.79,439.21,436.79
20.99011,448.825,457.615,455.96,476.44,441.69,438.79
20.99411,446.89,458.035,456.78,475.35,437.0,440.72
20.99811,447.76,457.725,458.28,473.72,437.24,441.73
21.00211,447.075,458.055,455.76,472.26,438.39,443.85
21.00611,445.44,458.15,454.1,472.24,436.78,444.06
21.01011,443.315,457.845,451.96,471.56,434.67,444.13
21.01411,443.76,457.70000000000005,452.39,470.73,435.13,444.67
21.01811,443.95500000000004,456.815,451.86,469.26,436.05,444.37
21.02211,445.33,458.07500000000005,452.14,468.42,438.52,447.73
21.02611,446.69,458.885,453.96,469.27,439.42,448.5
21.03011,447.12,459.58000000000004,453.67,469.35,440.57,449.81
21.034109,445.865,459.46000000000004,453.14,467.42,438.59,451.5
21.038109,446.0,459.675,452.4,467.54,439.6,451.81
21.042109,445.28,459.805,451.48,468.0,439.08,451.61
21.046109,444.71500000000003,458.54499999999996,451.13,467.25,438.3,449.84
21.050109,443.995,459.305,450.24,466.92,437.75,451.69
21.05411,443.275,457.98,449.72,466.61,436.83,449.35
21.05811,442.505,456.36,448.5,465.27,436.51,447.45
21.062111,441.52,456.82,447.67,464.26,435.37,449.38
21.066111,440.21,455.265,447.78,464.01,432.64,446.52
21.070112,440.08500000000004,452.4,447.01,460.21,433.16,444.59
21.074112,439.07,453.555,446.24,461.38,431.9,445.73
21.078113,438.78499999999997,451.78999999999996,445.34,459.07,432.23,444.51
21.082114,438.775,451.5,446.0,457.94,431.55,445.06
21.086114,438.40999999999997,451.64,446.83,457.38,429.99,445.9
21.090115,438.885,451.20500000000004,447.71,457.74,430.06,444.67
21.094115,438.235,452.135,445.28,458.39,431.19,445.88
21.098116,438.355,451.685,444.93,456.54,431.78,446.83
21.102116,438.055,452.73,443.61,456.64,432.5,448.82
21.106117,438.93,451.66499999999996,445.32,457.01,432.54,446.32
21.110117,438.78499999999997,452.935,444.25,457.87,433.32,448.0
21.114118,436.985,454.14,443.5,459.52,430.47,448.76
21.118118,401.345,453.015,396.9,459.78,405.79,446.25
21.122119,334.31,451.78999999999996,328.12,458.46,340.5,445.12
21.126119,301.61,451.405,301.41,457.75,301.81,445.06
21.13012,298.655,447.895,300.04,451.84,297.27,443.95
21.134121,315.6,450.03499999999997,327.87,452.96,303.33,447.11
21.138121,323.45,448.65999999999997,333.0,451.99,313.9,445.33
21.142122,323.365,446.8,335.73,449.72,311.0,443.88
21.146122,326.075,446.19500000000005,337.21,448.92,314.94,443.47
21.150123,322.67999999999995,447.46,332.15,447.53,313.21,447.39
21.154123,314.575,447.185,320.94,447.61,308.21,446.76
21.158124,317.06,446.925,326.27,446.37,307.85,447.48
21.162124,315.78999999999996,449.16999999999996,324.84,444.88,306.74,453.46
21.166125,315.805,449.1,323.12,444.3,308.49,453.9
21.170125,316.40999999999997,449.04999999999995,323.19,442.84,309.63,455.26
21.174126,316.025,449.19,320.9,443.4,311.15,454.98
21.178127,318.51,449.55499999999995,325.24,443.9,311.78,455.21
21.182127,316.5,450.53999999999996,322.01,443.65,310.99,457.43
21.186128,316.255,451.49,322.4,444.3,310.11,458.68
21.190128,315.76,452.14,321.27,445.25,310.25,459.03
21.194129,315.23,451.15999999999997,320.71,445.7,309.75,456.62
21.198129,315.93,450.565,321.16,444.46,310.7,456.67
21.20213,317.33500000000004,450.855,324.13,443.41,310.54,458.3
21.20613,318.01,450.75,324.68,443.86,311.34,457.64
21.210131,317.13,452.32,322.86,445.3,311.4,459.34
21.214131,316.02,452.16999999999996,322.24,444.9,309.8,459.44
21.218132,315.695,452.025,324.26,446.41,307.13,457.64
21.222133,316.95000000000005,451.775,323.35,446.15,310.55,457.4
21.226133,315.835,452.165,322.78,445.54,308.89,458.79
21.230134,314.58000000000004,451.755,322.92,446.43,306.24,457.08
21.234134,312.4,451.005,320.61,445.04,304.19,456.97
21.238135,312.385,452.235,321.95,445.32,302.82,459.15
21.242135,312.32,453.725,322.24,446.3,302.4,461.15
21.246136,310.985,455.44,319.42,447.69,302.55,463.19
21.250136,309.70500000000004,455.255,317.37,447.49,302.04,463.02
21.254137,311.815,453.39,317.54,446.62,306.09,460.16
21.258137,311.655,452.795,318.54,446.74,304.77,458.85
21.262137,313.25,453.725,318.74,447.48,307.76,459.97
21.266136,314.20500000000004,453.07,319.25,447.01,309.16,459.13
21.270136,314.055,453.97,319.32,447.6,308.79,460.34
21.274136,314.90999999999997,453.655,319.04,446.25,310.78,461.06
21.278136,316.325,454.15,319.95,446.22,312.7,462.08
21.282135,316.93,454.26,319.29,445.91,314.57,462.61
21.286135,317.14,453.67999999999995,319.43,446.52,314.85,460.84
21.290135,316.41499999999996,453.005,318.18,447.09,314.65,458.92
21.294135,317.31,453.515,318.55,448.06,316.07,458.97
21.298134,317.61,453.315,319.96,447.56,315.26,459.07
21.302134,316.86,453.88,318.21,448.12,315.51,459.64
21.306134,317.08000000000004,450.61,318.66,446.99,315.5,454.23
21.310134,316.62,452.735,318.37,447.14,314.87,458.33
21.314133,316.195,453.86,318.37,447.68,314.02,460.04
21.318133,315.21000000000004,452.53499999999997,316.62,446.86,313.8,458.21
21.322133,315.19,452.53999999999996,316.75,446.27,313.63,458.81
21.326133,315.105,450.045,316.7,444.18,313.51,455.91
21.330132,314.81,447.435,315.9,440.95,313.72,453.92
21.334132,314.59000000000003,445.91999999999996,315.82,439.59,313.36,452.25
21.338132,314.445,445.72,315.71,438.05,313.18,453.39
21.342132,312.73,446.70500000000004,313.85,437.69,311.61,455.72
21.346131,312.1,446.55,312.85,437.81,311.35,455.29
21.350131,310.40999999999997,447.935,310.45,438.62,310.37,457.25
21.354131,308.0,448.32,306.26,438.11,309.74,458.53
21.358131,307.21000000000004,449.005,305.25,436.99,309.17,461.02
21.36213,305.87,449.96500000000003,303.53,437.96,308.21,461.97
21.36613,304.03999999999996,452.45500000000004,300.2,438.42,307.88,466.49
21.37013,301.815,453.675,297.45,441.17,306.18,466.18
21.37413,299.85,453.29999999999995,294.8,441.57,304.9,465.03
21.378129,298.83,453.85,293.53,442.21,304.13,465.49
21.382129,295.41999999999996,457.18,287.59,445.06,303.25,469.3
21.386129,294.05499999999995,451.815,286.33,436.12,301.78,467.51
21.390129,291.24,453.96000000000004,282.67,437.87,299.81,470.05
21.394128,289.115,454.71500000000003,280.84,437.64,297.39,471.79
21.398128,288.04999999999995,450.855,278.08,434.73,298.02,466.98
21.402128,286.9,453.2,275.72,436.95,298.08,469.45
21.406128,288.08000000000004,452.955,276.3,434.03,299.86,471.88
21.410128,287.165,451.78999999999996,275.04,432.46,299.29,471.12
21.414127,287.32500000000005,447.25,275.23,428.24,299.42,466.26
21.418127,288.79999999999995,442.28499999999997,275.57,425.13,302.03,459.44
21.422127,288.70000000000005,443.04499999999996,275.18,425.51,302.22,460.58
21.426127,289.98,434.755,276.36,422.2,303.6,447.31
21.430126,292.05,436.6,277.06,422.81,307.04,450.39
21.434126,294.07500000000005,438.28999999999996,280.22,423.0,307.93,453.58
21.438126,296.125,432.73,280.12,420.05,312.13,445.41
21.442126,296.56,435.185,282.52,419.0,310.6,451.37
21.446125,295.875,432.26,283.17,417.0,308.58,447.52
21.450125,297.015,429.475,283.6,413.68,310.43,445.27
21.454126,298.08000000000004,426.01,285.18,411.4,310.98,440.62
21.458126,300.345,422.22,288.86,406.71,311.83,437.73
21.462127,298.09000000000003,422.37,287.73,407.22,308.45,437.52
21.466128,299.43499999999995,421.95500000000004,290.59,407.19,308.28,436.72
21.470129,300.405,421.46500000000003,292.61,405.14,308.2,437.79
21.47413,300.43,421.56,293.91,405.43,306.95,437.69
21.478131,303.22,419.015,296.77,403.42,309.67,434.61
21.482132,303.01,417.34000000000003,299.09,404.13,306.93,430.55
21.486133,300.23,418.21500000000003,297.14,404.48,303.32,431.95
21.490134,305.40999999999997,418.27,301.58,405.45,309.24,431.09
21.494135,306.21000000000004,418.5,303.79,408.41,308.63,428.59
21.498136,308.59,417.24,305.9,407.22,311.28,427.26
21.502137,308.49,418.69500000000005,308.52,409.98,308.46,427.41
21.506138,307.55,420.4,308.1,413.12,307.0,427.68
21.510139,308.17,421.25,308.6,414.92,307.74,427.58
21.51414,309.255,422.405,310.59,417.08,307.92,427.73
21.518141,311.105,423.34000000000003,311.37,419.88,310.84,426.8
21.522142,310.82500000000005,422.53499999999997,312.85,419.98,308.8,425.09
21.526143,312.885,422.28,313.12,420.01,312.65,424.55
21.530144,315.035,422.92999999999995,315.35,422.21,314.72,423.65
21.534145,314.82500000000005,420.63,314.68,421.06,314.97,420.2
21.538146,315.47,420.91499999999996,316.26,421.83,314.68,420.0
21.542147,315.14,421.72,315.83,423.21,314.45,420.23
21.546148,313.245,421.065,315.05,424.45,311.44,417.68
21.550149,314.775,421.605,316.24,424.54,313.31,418.67
21.55415,314.405,422.15999999999997,317.1,425.15,311.71,419.17
21.558151,314.01,421.95000000000005,315.43,427.68,312.59,416.22
21.562152,311.31,420.63,313.48,424.86,309.14,416.4
21.566153,311.125,422.45500000000004,311.14,427.43,311.11,417.48
21.570154,310.625,420.4,312.06,425.46,309.19,415.34
21.574155,307.67499999999995,423.67999999999995,309.15,427.21,306.2,420.15
21.578156,305.04499999999996,425.775,306.46,430.42,303.63,421.13
21.582157,295.525,429.47,292.23,433.66,298.82,425.28
21.586158,282.995,434.44,285.69,438.94,280.3,429.94
21.590159,279.71500000000003,438.435,280.63,440.41,278.8,436.46
21.59416,283.33000000000004,441.185,283.69,448.08,282.97,434.29
21.598161,286.355,443.57,288.5,449.12,284.21,438.02
21.602162,286.505,446.255,290.91,451.75,282.1,440.76
21.606163,283.21500000000003,446.99,284.94,450.61,281.49,443.37
21.610164,277.795,449.8,278.91,453.54,276.68,446.06
21.614165,278.66499999999996,451.005,282.46,453.7,274.87,448.31
21.618166,276.31,452.995,280.14,455.74,272.48,450.25
21.622167,276.56,454.895,280.5,458.36,272.62,451.43
21.626168,276.91499999999996,455.79999999999995,282.75,458.76,271.08,452.84
21.630169,280.02,453.985,287.15,454.74,272.89,453.23
21.63417,280.595,454.81,286.52,454.96,274.67,454.66
21.638171,280.28999999999996,455.69,286.2,455.02,274.38,456.36
21.642172,280.07,455.95500000000004,286.55,453.17,273.59,458.74
21.646173,279.785,455.98,286.22,451.95,273.35,460.01
21.65017,279.975,456.28,287.86,451.68,272.09,460.88
21.654167,280.96500000000003,456.05,289.82,451.61,272.11,460.49
21.658164,280.745,457.56,290.29,453.2,271.2,461.92
21.662161,281.555,456.08000000000004,291.72,452.91,271.39,459.25
21.666153,282.04999999999995,455.52,291.52,451.51,272.58,459.53
21.670146,282.27,455.81,291.7,451.94,272.84,459.68
21.674139,280.895,456.67499999999995,289.34,452.76,272.45,460.59
21.678131,281.525,456.405,289.59,453.74,273.46,459.07
21.682124,280.96500000000003,456.86,289.46,452.81,272.47,460.91
21.686117,281.63,455.925,289.5,452.0,273.76,459.85
21.690109,280.6,456.15,288.9,452.66,272.3,459.64
21.694102,280.73,456.3,287.75,452.49,273.71,460.11
21.698095,281.26,457.03,287.95,452.76,274.57,461.3
21.702087,281.93,457.15,288.22,452.62,275.64,461.68
21.70608,280.865,458.225,286.82,452.02,274.91,464.43
21.710072,279.905,459.205,286.86,451.84,272.95,466.57
21.714065,280.305,459.62,287.8,451.42,272.81,467.82
21.718058,280.12,459.88,287.27,451.36,272.97,468.4
21.72205,280.015,459.655,287.06,451.17,272.97,468.14
21.726043,279.94,460.095,287.08,452.1,272.8,468.09
21.730036,278.33500000000004,461.005,286.25,453.31,270.42,468.7
21.734028,280.2,460.29999999999995,288.39,452.45,272.01,468.15
21.738021,279.565,459.605,288.12,452.21,271.01,467.0
21.742013,278.74,459.62,288.08,451.98,269.4,467.26
21.746006,278.95,459.725,289.2,452.04,268.7,467.41
21.749999,278.89,459.39,289.81,451.87,267.97,466.91
21.753991,279.78499999999997,458.58,290.81,452.21,268.76,464.95
21.757984,280.5,457.51,290.71,452.76,270.29,462.26
21.761977,280.70000000000005,458.86,291.49,453.03,269.91,464.69
21.765969,280.24,458.35,291.36,454.85,269.12,461.85
21.769962,279.665,457.36,291.35,454.2,267.98,460.52
21.773954,280.17499999999995,460.68,292.28,455.12,268.07,466.24
21.777947,279.29499999999996,461.44,290.58,455.45,268.01,467.43
21.78194,278.725,460.61,289.68,457.16,267.77,464.06
21.785932,277.71500000000003,459.69,287.49,457.73,267.94,461.65
21.789925,276.92999999999995,459.45,286.84,458.15,267.02,460.75
21.793918,277.23,459.995,286.31,459.99,268.15,460.0
21.79791,276.53,459.83000000000004,285.36,460.91,267.7,458.75
21.801903,275.615,459.0,285.06,457.67,266.17,460.33
21.805895,275.97,456.03,285.44,455.72,266.5,456.34
21.809888,276.095,456.39,285.67,455.25,266.52,457.53
21.813881,275.325,454.41499999999996,284.19,448.24,266.46,460.59
21.817873,274.765,454.12,282.73,448.26,266.8,459.98
21.821866,262.6,461.05,260.69,461.44,264.51,460.66
21.825859,256.045,461.685,247.62,459.86,264.47,463.51
21.917866,149.94,631.5699999999999,46.28,660.41,253.6,602.73
21.921869,159.805,573.7,61.44,570.64,258.17,576.76
21.925873,166.18,484.655,76.9,481.24,255.46,488.07
21.929876,180.22,475.515,111.3,466.37,249.14,484.66
21.93388,178.685,485.395,115.42,487.01,241.95,483.78
21.937884,196.54,448.16999999999996,148.88,418.51,244.2,477.83
21.945891,187.21,474.855,127.46,471.44,246.96,478.27
21.953898,199.75,430.91999999999996,149.9,403.39,249.6,458.45
21.957901,216.945,452.11,180.01,442.62,253.88,461.6
21.961905,219.37,438.145,185.38,423.07,253.36,453.22
21.965908,239.42000000000002,442.06,227.22,430.15,251.62,453.97
21.969912,223.215,421.18,188.45,399.37,257.98,442.99
21.973916,222.155,415.41499999999996,188.95,392.4,255.36,438.43
21.977919,239.28,431.95000000000005,220.44,437.47,258.12,426.43
21.981923,235.885,418.725,213.26,414.96,258.51,422.49
21.985926,247.06,421.64,235.81,427.61,258.31,415.67
21.98993,253.28,425.205,250.68,427.78,255.88,422.63
21.993933,251.48000000000002,420.83000000000004,243.84,427.79,259.12,413.87
21.997937,252.56,426.21,245.33,431.15,259.79,421.27
22.00194,252.56,425.015,246.79,426.28,258.33,423.75
22.005944,255.39,424.46000000000004,249.95,424.51,260.83,424.41
22.009947,257.995,421.35,256.69,418.59,259.3,424.11
22.013951,254.02,425.485,249.25,425.58,258.79,425.39
22.017955,257.38,429.13,252.3,427.99,262.46,430.27
22.021958,258.67,427.48,254.61,425.69,262.73,429.27
22.025962,259.5,429.505,256.4,428.78,262.6,430.23
22.029965,261.15999999999997,433.895,257.07,432.52,265.25,435.27
22.033969,259.96,431.05,254.02,431.38,265.9,430.72
22.037972,261.11,436.915,253.96,437.66,268.26,436.17
22.041976,261.71500000000003,434.775,254.37,433.04,269.06,436.51
22.045979,261.945,436.59000000000003,255.24,437.2,268.65,435.98
22.04998,262.35,436.78999999999996,254.99,437.75,269.71,435.83
22.05398,262.51,437.525,252.92,437.72,272.1,437.33
22.057981,263.005,438.615,254.34,438.82,271.67,438.41
22.061981,261.525,439.75,251.97,439.97,271.08,439.53
22.065982,260.82,440.74,250.47,442.42,271.17,439.06
22.069982,273.575,441.73,269.56,446.79,277.59,436.67
22.073982,357.025,439.315,300.45,445.74,413.6,432.89
22.077982,466.655,435.27,392.5,445.37,540.81,425.17
22.081982,583.39,402.68,502.16,428.57,664.62,376.79
22.085981,666.46,368.08500000000004,598.96,370.56,733.96,365.61
22.089981,749.8050000000001,338.385,682.42,340.77,817.19,336.0
22.093981,842.05,313.435,772.62,298.9,911.48,327.97
22.09798,939.89,316.195,843.95,297.07,1035.83,335.32
22.10198,1029.6299999999999,300.395,981.67,270.79,1077.59,330.0
22.10598,1105.795,288.475,1062.55,248.68,1149.04,328.27
22.109979,1183.385,287.15,1138.21,247.18,1228.56,327.12
22.113979,1281.26,300.14,1259.26,275.06,1303.26,325.22
22.117979,1296.9850000000001,300.865,1268.05,284.24,1325.92,317.49
22.121978,1316.6750000000002,294.145,1305.47,276.76,1327.88,311.53
22.125978,1316.19,288.68,1301.06,272.49,1331.32,304.87
22.129978,1312.47,283.115,1294.13,270.58,1330.81,295.65
22.133977,1317.85,283.62,1306.2,272.29,1329.5,294.95
22.137977,1316.3200000000002,279.565,1304.95,269.53,1327.69,289.6
22.141977,1318.87,285.23,1309.55,277.76,1328.19,292.7
22.145976,1319.94,289.74,1312.64,293.02,1327.24,286.46
22.149976,1322.92,295.075,1319.28,301.37,1326.56,288.78
22.153976,1323.835,295.605,1321.19,304.13,1326.48,287.08
22.157976,1322.1799999999998,292.765,1318.28,301.11,1326.08,284.42
22.161975,1324.02,294.16499999999996,1323.86,302.87,1324.18,285.46
22.165975,1323.23,294.63,1324.18,303.75,1322.28,285.51
22.169975,1323.385,294.54,1326.84,302.29,1319.93,286.79
22.173974,1324.545,296.285,1331.21,305.1,1317.88,287.47
22.177974,1325.5,297.31500000000005,1334.13,304.72,1316.87,289.91
22.181974,1326.5900000000001,299.44,1336.79,308.13,1316.39,290.75
22.185973,1327.115,300.005,1339.1,309.61,1315.13,290.4
22.189973,1328.835,301.85,1344.11,312.27,1313.56,291.43
22.193973,1328.9099999999999,303.36,1346.3,315.09,1311.52,291.63
22.197972,1328.895,304.875,1347.47,317.92,1310.32,291.83
22.201972,1327.79,307.365,1346.41,322.59,1309.17,292.14
22.205972,1328.88,310.86,1350.19,328.14,1307.57,293.58
22.209971,1327.9650000000001,312.52,1348.29,329.61,1307.64,295.43
22.213971,1327.975,314.24,1348.13,330.25,1307.82,298.23
22.217971,1327.355,318.82500000000005,1347.19,336.6,1307.52,301.05
22.22197,1326.92,318.8,1346.85,337.11,1306.99,300.49
22.22597,1324.7849999999999,317.955,1342.73,332.2,1306.84,303.71
22.22997,1324.1599999999999,320.23,1341.52,336.81,1306.8,303.65
22.233969,1321.4650000000001,320.395,1335.66,337.36,1307.27,303.43
22.237969,1319.335,321.88,1328.72,337.85,1309.95,305.91
22.241969,1320.87,322.605,1331.21,338.63,1310.53,306.58
22.245969,1322.375,322.765,1333.12,340.07,1311.63,305.46
22.249969,1321.505,322.41499999999996,1328.9,341.69,1314.11,303.14
22.253969,1323.52,323.78,1330.76,348.05,1316.28,299.51
22.257969,1322.9650000000001,322.84000000000003,1326.13,349.66,1319.8,296.02
22.26197,1324.165,323.315,1326.53,353.02,1321.8,293.61
22.26597,1326.005,323.71000000000004,1328.86,355.75,1323.15,291.67
22.26997,1325.62,322.45500000000004,1327.42,356.91,1323.82,288.0
22.273971,1327.025,321.54999999999995,1327.84,356.02,1326.21,287.08
22.277972,1331.22,325.87,1334.71,363.48,1327.73,288.26
22.281974,1335.375,333.09000000000003,1341.26,372.26,1329.49,293.92
22.285976,1345.18,335.81,1355.19,375.08,1335.17,296.54
22.289977,1350.275,336.985,1362.11,377.85,1338.44,296.12
22.293979,1352.1399999999999,339.78,1359.52,378.2,1344.76,301.36
22.297981,1348.115,340.65,1356.0,378.42,1340.23,302.88
22.301982,1349.525,341.21500000000003,1357.84,379.1,1341.21,303.33
22.305984,1351.205,342.47,1359.76,379.36,1342.65,305.58
22.309986,1354.805,342.685,1364.19,376.32,1345.42,309.05
22.313987,1355.21,342.86,1363.68,376.29,1346.74,309.43
22.317989,1355.775,344.32,1365.69,375.94,1345.86,312.7
22.321991,1357.56,344.65999999999997,1365.86,376.38,1349.26,312.94
22.325992,1357.655,343.1,1364.72,372.73,1350.59,313.47
22.329994,1355.15,343.81,1363.2,374.66,1347.1,312.96
22.333996,1354.7150000000001,341.615,1362.73,370.4,1346.7,312.83
22.337997,1352.85,340.9,1361.48,367.9,1344.22,313.9
22.341999,1352.855,340.95,1360.88,366.82,1344.83,315.08
22.346001,1353.33,338.985,1362.34,363.14,1344.32,314.83
22.350002,1353.865,339.075,1362.71,362.63,1345.02,315.52
22.354004,1353.69,337.69500000000005,1362.58,361.22,1344.8,314.17
22.358006,1354.76,337.67999999999995,1364.49,360.96,1345.03,314.4
22.362007,1355.42,337.58000000000004,1365.65,360.31,1345.19,314.85
22.366009,1355.355,336.775,1366.52,358.49,1344.19,315.06
22.370011,1356.69,335.555,1369.17,356.85,1344.21,314.26
22.374012,1359.3600000000001,334.56,1373.65,354.08,1345.07,315.04
22.378014,1359.14,334.605,1373.38,354.43,1344.9,314.78
22.382016,1361.5,333.62,1376.92,352.88,1346.08,314.36
22.386017,1362.3400000000001,332.58,1378.97,352.14,1345.71,313.02
22.390019,1363.6,333.58,1380.88,352.34,1346.32,314.82
22.394021,1363.23,334.105,1380.09,354.28,1346.37,313.93
22.398022,1364.275,334.775,1382.61,353.73,1345.94,315.82
22.402024,1363.085,334.52,1382.98,353.14,1343.19,315.9
22.406026,1363.28,335.975,1382.75,355.52,1343.81,316.43
22.410027,1362.69,337.315,1381.71,357.6,1343.67,317.03
22.414029,1361.83,339.525,1381.97,361.13,1341.69,317.92
22.418031,1361.06,341.025,1381.81,363.06,1340.31,318.99
22.422032,1359.215,342.855,1380.62,364.99,1337.81,320.72
22.426034,1358.48,345.515,1380.39,370.14,1336.57,320.89
22.430036,1357.775,347.3,1379.64,371.75,1335.91,322.85
22.434037,1355.405,349.25,1377.11,374.24,1333.7,324.26
22.438039,1354.155,349.16499999999996,1375.74,374.28,1332.57,324.05
22.442041,1353.455,350.32500000000005,1375.35,376.55,1331.56,324.1
22.446042,1352.2150000000001,351.995,1372.93,377.61,1331.5,326.38
22.450042,1351.0349999999999,352.38,1371.97,378.47,1330.1,326.29
22.454042,1350.125,352.64,1370.9,377.77,1329.35,327.51
22.458042,1349.515,353.02,1369.89,379.34,1329.14,326.7
22.462042,1349.255,353.95,1368.82,379.95,1329.69,327.95
22.466043,1348.53,354.33500000000004,1366.47,381.05,1330.59,327.62
22.470043,1347.7350000000001,354.64,1364.19,382.02,1331.28,327.26
22.474043,1345.8249999999998,354.85,1360.37,381.35,1331.28,328.35
22.478043,1345.875,354.515,1360.74,381.1,1331.01,327.93
22.482043,1345.53,356.61,1359.47,383.54,1331.59,329.68
22.486043,1344.435,359.185,1357.08,386.91,1331.79,331.46
22.490043,1345.1950000000002,359.1,1356.99,386.78,1333.4,331.42
22.494043,1345.46,359.82,1356.23,388.38,1334.69,331.26
22.498043,1344.6799999999998,361.31,1353.32,390.58,1336.04,332.04
22.502043,1344.6950000000002,361.21500000000003,1352.95,389.96,1336.44,332.47
22.506043,1344.3249999999998,362.26,1351.12,391.42,1337.53,333.1
22.510043,1344.6,361.115,1350.47,390.83,1338.73,331.4
22.514043,1343.9650000000001,360.265,1348.79,388.19,1339.14,332.34
22.518043,1344.765,359.505,1349.39,388.28,1340.14,330.73
22.522043,1345.3400000000001,357.6,1346.91,386.61,1343.77,328.59
22.526043,1346.33,355.53499999999997,1346.58,385.48,1346.08,325.59
22.530043,1345.96,353.5,1344.44,382.27,1347.48,324.73
22.534043,1346.275,352.94,1342.87,381.12,1349.68,324.76
22.538043,1346.88,352.97,1342.69,381.16,1351.07,324.78
22.542043,1351.9850000000001,352.105,1346.43,380.4,1357.54,323.81
22.546043,1366.105,351.07500000000005,1365.09,379.67,1367.12,322.48
22.550043,1391.38,349.175,1405.8,378.69,1376.96,319.66
22.554043,1391.055,347.365,1402.15,378.03,1379.96,316.7
22.558043,1374.025,347.95,1368.38,379.09,1379.67,316.81
22.562043,1372.92,347.55,1367.58,378.43,1378.26,316.67
22.566043,1382.085,346.8,1380.77,379.67,1383.4,313.93
22.570043,1385.29,347.015,1382.13,380.0,1388.45,314.03
22.574043,1389.995,346.435,1388.24,380.88,1391.75,311.99
22.578043,1390.915,345.22,1388.8,381.13,1393.03,309.31
22.582043,1391.49,343.635,1387.79,380.58,1395.19,306.69
22.586043,1394.595,342.79999999999995,1393.3,380.71,1395.89,304.89
22.590043,1393.46,340.64,1391.37,378.97,1395.55,302.31
22.594043,1392.9099999999999,340.675,1391.25,380.61,1394.57,300.74
22.598043,1391.52,339.75,1388.94,380.15,1394.1,299.35
22.602043,1391.905,339.16999999999996,1388.8,379.96,1395.01,298.38
22.606043,1393.26,337.46500000000003,1391.31,379.7,1395.21,295.23
22.610043,1392.48,336.68,1390.05,379.41,1394.91,293.95
22.614043,1392.24,335.815,1390.07,378.94,1394.41,292.69
22.618043,1391.3249999999998,335.45500000000004,1389.34,378.97,1393.31,291.94
22.622043,1390.69,335.92499999999995,1387.96,379.14,1393.42,292.71
22.626043,1391.2649999999999,335.53999999999996,1389.87,378.01,1392.66,293.07
22.630043,1389.6599999999999,335.73,1387.81,377.97,1391.51,293.49
22.634043,1390.23,337.03499999999997,1388.43,377.44,1392.03,296.63
22.638043,1389.915,338.775,1387.56,378.72,1392.27,298.83
22.642043,1388.635,338.855,1387.4,378.56,1389.87,299.15
22.646043,1388.65,337.78499999999997,1388.18,374.67,1389.12,300.9
22.650043,1388.07,339.145,1387.77,375.3,1388.37,302.99
22.654043,1390.715,339.62,1392.81,373.99,1388.62,305.25
22.658043,1391.225,340.705,1394.44,374.14,1388.01,307.27
22.662043,1392.28,341.35,1396.0,372.83,1388.56,309.87
22.666042,1395.225,342.51,1402.41,374.32,1388.04,310.7
22.670042,1395.76,342.645,1404.15,373.66,1387.37,311.63
22.674042,1395.1100000000001,344.08,1402.59,374.46,1387.63,313.7
22.678042,1395.03,345.90999999999997,1403.04,377.02,1387.02,314.8
22.682042,1397.04,345.20500000000004,1407.57,376.49,1386.51,313.92
22.686039,1395.615,347.145,1403.92,378.07,1387.31,316.22
22.690036,1396.5949999999998,348.13,1405.37,379.68,1387.82,316.58
22.694033,1395.9499999999998,348.845,1404.81,380.61,1387.09,317.08
22.698031,1393.7150000000001,349.47,1400.26,381.86,1387.17,317.08
22.702028,1391.88,351.90999999999997,1395.78,383.94,1387.98,319.88
22.706025,1393.905,351.73,1398.48,386.0,1389.33,317.46
22.710022,1391.5149999999999,351.85,1394.11,386.49,1388.92,317.21
22.714019,1389.4,352.79999999999995,1390.0,386.51,1388.8,319.09
22.718017,1389.53,351.925,1388.82,384.55,1390.24,319.3
22.722014,1388.19,351.025,1386.05,383.06,1390.33,318.99
22.726011,1388.29,350.445,1386.88,381.34,1389.7,319.55
22.730008,1385.975,350.135,1382.44,381.8,1389.51,318.47
22.734005,1385.53,348.82,1383.51,379.61,1387.55,318.03
22.738002,1385.5549999999998,349.165,1384.75,379.61,1386.36,318.72
22.742,1385.885,349.11,1385.71,378.83,1386.06,319.39
22.745997,1386.945,347.84000000000003,1386.36,378.41,1387.53,317.27
22.749994,1388.275,347.08,1391.2,376.78,1385.35,317.38
22.753991,1387.56,346.17,1390.53,376.37,1384.59,315.97
22.757988,1390.2350000000001,346.13,1393.17,377.28,1387.3,314.98
22.761986,1391.225,346.26,1396.42,379.04,1386.03,313.48
22.765983,1388.9,344.85,1393.13,377.63,1384.67,312.07
22.76998,1388.385,344.66499999999996,1394.9,378.8,1381.87,310.53
22.773977,1388.385,343.56,1395.29,377.24,1381.48,309.88
22.777974,1390.1,343.065,1399.58,376.36,1380.62,309.77
22.781971,1389.7350000000001,342.1,1398.65,375.38,1380.82,308.82
22.785969,1389.0349999999999,340.635,1396.55,373.94,1381.52,307.33
22.789966,1389.555,339.47,1399.43,371.46,1379.68,307.48
22.793963,1388.2,340.48,1397.69,373.14,1378.71,307.82
22.79796,1387.375,340.74,1396.12,372.6,1378.63,308.88
22.801957,1386.9099999999999,341.015,1396.6,372.46,1377.22,309.57
22.805955,1384.51,339.185,1393.62,368.11,1375.4,310.26
22.809952,1384.5,338.955,1394.41,366.63,1374.59,311.28
22.813949,1385.21,338.8,1396.33,365.29,1374.09,312.31
22.817946,1384.6999999999998,338.635,1394.3,365.36,1375.1,311.91
22.821943,1383.9250000000002,339.91,1392.72,368.1,1375.13,311.72
22.82594,1383.965,341.115,1393.1,370.37,1374.83,311.86
22.829938,1383.6100000000001,341.22,1391.77,369.02,1375.45,313.42
22.833935,1382.695,343.35,1390.07,372.83,1375.32,313.87
22.837932,1381.78,343.83000000000004,1388.26,373.62,1375.3,314.04
22.841929,1381.01,342.46000000000004,1387.47,372.19,1374.55,312.73
22.845926,1381.145,341.885,1387.19,372.01,1375.1,311.76
22.849926,1381.04,342.22,1385.89,373.34,1376.19,311.1
22.853925,1381.18,342.385,1385.68,376.39,1376.68,308.38
22.857924,1380.855,343.70500000000004,1383.45,378.91,1378.26,308.5
22.861923,1381.04,345.505,1382.92,382.45,1379.16,308.56
22.865922,1381.45,347.99,1382.21,386.81,1380.69,309.17
22.869922,1381.35,349.16499999999996,1380.76,387.52,1381.94,310.81
22.873921,1381.29,350.26,1380.85,388.29,1381.73,312.23
22.87792,1382.065,352.245,1383.08,389.65,1381.05,314.84
22.881919,1383.795,353.235,1386.5,390.26,1381.09,316.21
22.885919,1384.795,354.13,1387.71,389.61,1381.88,318.65
22.889919,1386.6100000000001,353.015,1391.24,388.56,1381.98,317.47
22.89392,1387.24,351.26,1392.49,386.15,1381.99,316.37
22.897921,1389.0149999999999,350.33500000000004,1394.52,384.5,1383.51,316.17
22.901922,1390.2,350.065,1394.76,385.65,1385.64,314.48
22.905923,1389.365,350.51,1392.19,385.57,1386.54,315.45
22.909923,1388.635,350.435,1391.7,385.3,1385.57,315.57
22.913924,1389.9,350.86,1395.61,385.35,1384.19,316.37
22.917925,1389.57,351.505,1393.58,386.87,1385.56,316.14
22.921926,1390.655,349.51,1394.76,383.67,1386.55,315.35
22.925927,1389.605,349.6,1392.75,381.66,1386.46,317.54
22.929927,1387.605,348.38,1389.72,380.06,1385.49,316.7
22.933928,1385.6999999999998,347.95500000000004,1388.8,379.43,1382.6,316.48
22.937929,1385.23,348.155,1389.25,378.39,1381.21,317.92
22.94193,1384.0,348.145,1387.57,376.83,1380.43,319.46
22.94593,1383.69,348.96500000000003,1387.83,377.41,1379.55,320.52
22.949931,1383.6,349.945,1387.77,378.24,1379.43,321.65
22.953932,1384.625,348.765,1390.23,375.16,1379.02,322.37
22.957933,1384.3600000000001,347.90999999999997,1389.91,375.26,1378.81,320.56
22.961934,1384.51,347.12,1390.92,374.47,1378.1,319.77
22.965934,1384.955,344.005,1391.25,372.17,1378.66,315.84
22.969935,1385.775,341.85,1392.31,370.82,1379.24,312.88
22.973936,1387.5,342.1,1393.96,372.49,1381.04,311.71
22.977937,1389.605,338.28499999999997,1395.4,369.62,1383.81,306.95
22.981938,1389.855,338.29999999999995,1394.82,374.39,1384.89,302.21
22.985938,1391.425,339.195,1395.55,374.71,1387.3,303.68
22.989939,1391.9099999999999,336.28999999999996,1397.28,371.15,1386.54,301.43
22.99394,1392.515,334.745,1398.89,368.97,1386.14,300.52
22.997941,1392.1799999999998,334.96500000000003,1397.87,370.19,1386.49,299.74
23.001942,1392.77,333.82500000000005,1398.06,365.73,1387.48,301.92
23.005942,1392.745,331.23,1398.04,360.21,1387.45,302.25
23.009943,1392.455,331.875,1398.8,360.97,1386.11,302.78
23.013944,1391.9450000000002,331.655,1398.48,359.59,1385.41,303.72
23.017945,1391.32,332.115,1398.32,359.61,1384.32,304.62
23.021946,1390.6399999999999,336.07,1397.84,364.24,1383.44,307.9
23.025946,1390.945,338.065,1398.11,365.8,1383.78,310.33
23.029947,1390.625,340.09,1400.09,368.09,1381.16,312.09
23.033948,1389.975,343.77,1399.83,372.5,1380.12,315.04
23.037949,1389.4450000000002,348.095,1399.46,377.33,1379.43,318.86
23.041949,1389.745,350.82,1400.94,379.51,1378.55,322.13
23.04595,1388.405,350.22,1401.12,376.93,1375.69,323.51
23.049951,1387.85,353.07,1402.6,380.09,1373.1,326.05
23.053951,1386.855,355.41499999999996,1401.33,381.58,1372.38,329.25
23.057951,1386.875,356.395,1402.74,380.8,1371.01,331.99
23.061951,1386.895,358.87,1403.87,382.74,1369.92,335.0
23.065952,1385.045,359.355,1403.41,381.84,1366.68,336.87
23.069952,1385.7849999999999,358.65999999999997,1405.33,380.5,1366.24,336.82
23.073952,1384.58,357.355,1405.08,377.78,1364.08,336.93
23.077952,1384.895,354.765,1405.26,372.26,1364.53,337.27
23.081953,1384.845,354.58,1405.28,372.71,1364.41,336.45
23.085953,1384.305,351.87,1404.48,368.74,1364.13,335.0
23.089953,1383.155,353.105,1402.46,372.42,1363.85,333.79
23.09395,1383.9,348.78999999999996,1403.11,365.45,1364.69,332.13
23.097947,1384.635,349.045,1404.01,366.47,1365.26,331.62
23.101944,1384.365,348.58000000000004,1402.49,367.35,1366.24,329.81
23.105941,1385.63,348.71500000000003,1404.82,370.6,1366.44,326.83
23.109938,1387.1,345.79999999999995,1405.72,367.82,1368.48,323.78
23.113935,1387.56,342.54999999999995,1406.12,364.32,1369.0,320.78
23.117932,1388.875,342.20000000000005,1406.24,365.24,1371.51,319.16
23.121929,1388.37,343.53,1405.13,370.64,1371.61,316.42
23.125926,1388.935,339.17999999999995,1404.24,365.84,1373.63,312.52
23.129923,1390.56,339.70000000000005,1405.09,367.61,1376.03,311.79
23.13392,1391.6599999999999,339.645,1405.24,369.42,1378.08,309.87
23.137917,1391.08,341.395,1402.49,373.1,1379.67,309.69
23.141915,1391.325,342.995,1401.2,375.86,1381.45,310.13
23.145912,1390.65,344.635,1398.98,377.45,1382.32,311.82
23.149909,1389.665,346.485,1396.53,378.69,1382.8,314.28
23.153906,1389.355,349.69,1395.84,382.55,1382.87,316.83
23.157903,1389.2649999999999,350.04499999999996,1394.45,383.32,1384.08,316.77
23.1619,1388.915,352.185,1392.65,384.85,1385.18,319.52
23.165897,1388.81,353.38,1392.06,385.45,1385.56,321.31
23.169894,1388.775,353.905,1391.64,386.83,1385.91,320.98
23.173891,1388.46,355.86,1391.34,388.23,1385.58,323.49
23.177888,1388.68,356.61,1391.42,389.06,1385.94,324.16
23.181885,1388.825,356.95500000000004,1391.52,389.74,1386.13,324.17
23.185882,1388.99,357.885,1391.82,391.12,1386.16,324.65
23.189879,1389.4850000000001,357.78999999999996,1393.15,392.14,1385.82,323.44
23.193876,1390.29,357.145,1393.84,391.16,1386.74,323.13
23.197873,1389.57,356.5,1392.04,390.47,1387.1,322.53
23.20187,1389.31,356.6,1391.76,390.79,1386.86,322.41
23.205867,1388.395,356.405,1389.92,390.86,1386.87,321.95
23.209864,1388.305,356.63,1389.17,392.37,1387.44,320.89
23.213861,1387.8,357.725,1388.51,393.3,1387.09,322.15
23.217858,1387.065,357.475,1387.86,392.87,1386.27,322.08
23.221855,1386.01,357.275,1386.46,391.95,1385.56,322.6
23.225852,1384.705,357.755,1385.28,392.33,1384.13,323.18
23.229849,1385.065,355.99,1385.98,390.57,1384.15,321.41
23.233846,1384.755,355.42499999999995,1385.51,389.2,1384.0,321.65
23.237843,1383.98,354.505,1384.34,390.19,1383.62,318.82
23.24184,1385.03,354.03499999999997,1386.07,391.27,1383.99,316.8
23.245837,1386.2,353.305,1387.74,391.41,1384.66,315.2
23.249834,1386.8200000000002,353.105,1389.25,391.83,1384.39,314.38
23.253831,1387.435,350.815,1390.38,390.29,1384.49,311.34
23.257828,1388.65,349.485,1392.09,389.0,1385.21,309.97
23.261825,1391.355,348.71,1396.59,387.14,1386.12,310.28
23.265822,1391.4099999999999,348.865,1396.12,388.35,1386.7,309.38
23.269819,1391.895,348.775,1396.05,388.27,1387.74,309.28
23.273816,1392.505,349.345,1397.27,388.44,1387.74,310.25
23.277813,1392.635,351.255,1397.27,390.3,1388.0,312.21
23.28181,1391.84,351.8,1395.57,389.38,1388.11,314.22
23.285807,1391.17,352.175,1394.4,389.91,1387.94,314.44
23.289804,1391.55,352.31,1395.27,388.94,1387.83,315.68
23.293801,1391.83,351.345,1396.15,388.28,1387.51,314.41
23.297802,1392.37,351.75,1397.66,388.83,1387.08,314.67
23.301802,1391.56,351.34,1396.91,389.65,1386.21,313.03
23.305803,1391.01,352.34000000000003,1396.2,390.26,1385.82,314.42
23.309804,1391.1100000000001,351.67999999999995,1396.31,391.02,1385.91,312.34
23.313805,1391.385,352.28,1397.25,391.62,1385.52,312.94
23.317806,1391.045,352.915,1396.71,392.98,1385.38,312.85
23.321807,1391.115,352.22,1396.59,393.47,1385.64,310.97
23.325808,1390.24,352.61,1395.22,394.16,1385.26,311.06
23.329809,1390.625,352.555,1394.55,394.12,1386.7,310.99
23.33381,1390.375,353.09000000000003,1393.98,395.35,1386.77,310.83
23.33781,1391.4250000000002,353.52,1394.46,394.55,1388.39,312.49
23.341811,1391.765,355.0,1394.4,395.4,1389.13,314.6
23.345812,1391.9299999999998,355.59000000000003,1393.8,396.74,1390.06,314.44
23.349813,1391.995,356.4,1392.53,398.14,1391.46,314.66
23.353814,1392.415,357.98,1393.81,399.52,1391.02,316.44
23.357815,1393.2350000000001,358.65,1394.97,399.03,1391.5,318.27
23.361816,1393.5,358.235,1393.93,397.76,1393.07,318.71
23.365817,1392.6599999999999,358.57,1394.28,397.2,1391.04,319.94
23.369817,1392.115,358.45500000000004,1393.15,397.72,1391.08,319.19
23.373818,1391.0700000000002,357.87,1392.91,394.93,1389.23,320.81
23.377819,1390.38,358.08,1393.98,393.02,1386.78,323.14
23.38182,1387.1799999999998,358.655,1390.86,395.0,1383.5,322.31
23.385821,1385.7350000000001,357.54999999999995,1389.16,392.08,1382.31,323.02
23.389822,1384.645,357.81,1389.33,391.39,1379.96,324.23
23.393823,1383.565,357.165,1389.32,389.23,1377.81,325.1
23.397824,1381.955,356.24,1389.27,386.79,1374.64,325.69
23.401824,1379.82,356.18,1387.06,387.2,1372.58,325.16
23.405825,1380.73,356.11,1390.07,386.25,1371.39,325.97
23.409826,1387.3400000000001,355.91999999999996,1398.02,383.81,1376.66,328.03
23.413827,1409.835,354.78,1422.78,380.72,1396.89,328.84
23.417828,1433.2649999999999,354.40999999999997,1454.32,381.43,1412.21,327.39
23.421829,1416.68,353.40999999999997,1428.15,381.2,1405.21,325.62
23.42583,1400.5349999999999,353.51,1404.5,380.72,1396.57,326.3
23.429831,1399.135,353.27,1405.92,380.94,1392.35,325.6
23.433832,1403.7150000000001,352.93,1414.24,380.24,1393.19,325.62
23.437832,1407.27,353.975,1417.43,381.94,1397.11,326.01
23.441833,1410.6,354.57000000000005,1422.27,383.29,1398.93,325.85
23.445834,1409.895,353.05499999999995,1421.17,381.84,1398.62,324.27
23.449835,1410.525,352.94,1422.07,381.48,1398.98,324.4
23.453836,1410.04,352.155,1419.27,380.81,1400.81,323.5
23.457837,1409.655,353.17,1418.49,382.22,1400.82,324.12
23.461838,1408.435,353.845,1418.38,382.63,1398.49,325.06
23.465839,1407.635,354.33500000000004,1416.47,383.12,1398.8,325.55
23.469841,1408.435,355.775,1417.91,386.71,1398.96,324.84
23.473842,1409.115,354.66499999999996,1418.88,384.7,1399.35,324.63
23.477843,1410.4250000000002,354.21000000000004,1420.21,384.31,1400.64,324.11
23.481844,1411.0349999999999,353.095,1422.32,382.22,1399.75,323.97
23.485845,1410.1950000000002,351.825,1421.17,380.9,1399.22,322.75
23.489846,1410.255,351.375,1421.4,378.83,1399.11,323.92
23.493847,1410.055,353.325,1422.39,382.07,1397.72,324.58
23.497848,1408.905,354.025,1421.5,382.68,1396.31,325.37
23.501849,1408.0,353.635,1420.28,382.72,1395.72,324.55
23.50585,1406.4499999999998,352.025,1418.36,378.44,1394.54,325.61
23.509851,1404.35,350.97,1415.65,375.38,1393.05,326.56
23.513852,1403.37,351.06,1414.32,373.94,1392.42,328.18
23.517853,1403.87,351.07500000000005,1415.85,371.79,1391.89,330.36
23.521854,1402.715,352.575,1413.59,372.83,1391.84,332.32
23.525855,1403.565,352.99,1415.15,373.66,1391.98,332.32
23.529855,1402.9250000000002,353.265,1413.46,373.79,1392.39,332.74
23.533856,1404.02,352.79,1415.36,373.17,1392.68,332.41
23.537857,1403.89,350.68,1414.15,369.75,1393.63,331.61
23.541858,1405.585,349.725,1416.19,368.56,1394.98,330.89
23.545859,1405.38,348.54,1414.7,366.73,1396.06,330.35
23.54986,1407.73,348.405,1418.73,367.49,1396.73,329.32
23.553861,1407.995,347.36,1419.06,367.32,1396.93,327.4
23.557862,1409.975,345.595,1421.86,366.11,1398.09,325.08
23.561863,1410.925,344.9,1422.25,365.39,1399.6,324.41
23.565864,1412.18,339.66,1424.21,358.16,1400.15,321.16
23.569865,1413.275,338.85,1424.13,357.6,1402.42,320.1
23.573866,1414.185,334.445,1425.65,352.15,1402.72,316.74
23.577867,1417.055,333.325,1427.63,354.26,1406.48,312.39
23.581868,1420.7849999999999,329.615,1433.22,346.74,1408.35,312.49
23.585869,1423.44,337.16499999999996,1435.55,361.3,1411.33,313.03
23.58987,1424.6799999999998,355.96,1437.29,379.77,1412.07,332.15
23.725875,190.95,539.69,128.15,553.61,253.75,525.77
23.729875,209.315,565.3299999999999,147.87,581.75,270.76,548.91
23.733874,211.235,545.37,156.99,552.47,265.48,538.27
23.737874,222.13,542.84,178.77,550.99,265.49,534.69
23.741873,236.275,541.5550000000001,208.3,549.78,264.25,533.33
23.745872,241.51,535.77,216.42,539.44,266.6,532.1
23.749872,238.505,530.0799999999999,208.97,534.05,268.04,526.11
23.753871,244.64499999999998,521.4849999999999,221.73,524.56,267.56,518.41
23.75787,237.58,519.215,207.05,518.98,268.11,519.45
23.76187,253.3,502.59000000000003,236.33,491.92,270.27,513.26
23.765869,258.645,516.24,243.56,535.87,273.73,496.61
23.769868,258.805,487.885,241.51,481.52,276.1,494.25
23.773868,255.745,484.175,236.5,477.94,274.99,490.41
23.777867,256.07,479.14,233.49,472.72,278.65,485.56
23.781867,255.935,475.26,232.53,462.03,279.34,488.49
23.785866,260.76,471.22,239.8,451.43,281.72,491.01
23.789865,261.06,473.32,236.11,453.34,286.01,493.3
23.793865,257.07,475.33,227.35,458.2,286.79,492.46
23.797864,267.73,480.345,241.38,474.1,294.08,486.59
23.801863,263.685,472.24,234.55,453.87,292.82,490.61
23.805863,264.445,470.77,234.01,455.56,294.88,485.98
23.809862,265.235,459.195,233.82,434.8,296.65,483.59
23.813862,262.06,462.045,230.27,440.43,293.85,483.66
23.817861,268.20000000000005,465.625,240.86,451.09,295.54,480.16
23.82186,265.095,454.12,234.08,433.99,296.11,474.25
23.82586,263.135,454.54499999999996,226.56,437.7,299.71,471.39
23.829859,263.63,453.94,227.8,431.35,299.46,476.53
23.837858,275.995,452.78,255.35,427.92,296.64,477.64
23.841857,266.33000000000004,445.81,237.25,416.21,295.41,475.41
23.845857,269.755,454.85,243.49,440.46,296.02,469.24
23.849857,266.095,452.68,238.15,435.43,294.04,469.93
23.853858,267.75,448.81,242.94,430.75,292.56,466.87
23.857859,266.36,445.43,239.28,426.23,293.44,464.63
23.861859,273.4,450.22,252.85,432.97,293.95,467.47
23.86586,277.01,452.765,257.23,433.41,296.79,472.12
23.869861,266.455,452.83,240.65,433.82,292.26,471.84
23.877862,236.055,457.315,231.48,447.76,240.63,466.87
23.881863,214.225,438.71500000000003,201.03,413.54,227.42,463.89
23.893865,235.035,445.1,229.07,431.23,241.0,458.97
23.897866,227.97500000000002,432.18499999999995,214.4,407.78,241.55,456.59
23.905867,242.505,447.95000000000005,246.68,445.86,238.33,450.04
23.917871,244.24,440.37,251.08,436.43,237.4,444.31
23.921872,239.865,439.47,241.79,435.22,237.94,443.72
23.929874,240.95,439.475,244.48,435.67,237.42,443.28
23.937877,242.115,439.59000000000003,247.97,433.14,236.26,446.04
23.941878,237.805,441.28,242.72,437.4,232.89,445.16
23.949881,239.915,436.46000000000004,249.35,423.8,230.48,449.12
23.953882,237.29,443.315,244.91,436.73,229.67,449.9
23.957883,237.52999999999997,436.98,245.67,424.59,229.39,449.37
23.961884,219.92000000000002,422.19,211.79,391.05,228.05,453.33
23.965885,236.725,436.885,246.44,422.02,227.01,451.75
23.969887,235.71,437.43,243.33,422.91,228.09,451.95
23.973888,234.79500000000002,436.745,242.86,424.46,226.73,449.03
23.977889,231.085,434.03499999999997,235.77,418.67,226.4,449.4
23.98189,235.64,434.01,243.74,419.06,227.54,448.96
23.985892,232.845,437.4,238.39,427.8,227.3,447.0
23.989893,233.35,434.45,237.6,421.39,229.1,447.51
23.993894,232.39499999999998,431.765,234.85,418.63,229.94,444.9
23.997895,233.875,434.445,237.78,424.31,229.97,444.58
24.001896,235.54,435.5,239.29,425.86,231.79,445.14
24.005898,236.88,436.04999999999995,239.83,427.01,233.93,445.09
24.009899,237.52499999999998,438.39,241.29,430.85,233.76,445.93
24.0139,237.87,439.17499999999995,240.71,431.9,235.03,446.45
24.017901,238.385,438.07500000000005,240.15,429.42,236.62,446.73
24.021902,238.305,437.09000000000003,239.54,426.94,237.07,447.24
24.025904,239.68,437.46,241.8,427.27,237.56,447.65
24.029905,241.26,437.885,240.36,426.85,242.16,448.92
24.033906,243.16500000000002,432.71500000000003,243.25,418.55,243.08,446.88
24.037907,244.085,438.07,241.93,426.27,246.24,449.87
24.041909,247.835,437.425,245.8,426.43,249.87,448.42
24.04591,245.79500000000002,439.775,243.65,431.31,247.94,448.24
24.04991,247.99,438.13,242.09,426.58,253.89,449.68
24.05391,249.995,438.5,245.36,428.52,254.63,448.48
24.05791,247.905,440.75,241.85,435.22,253.96,446.28
24.06191,250.775,435.0,244.93,422.21,256.62,447.79
24.06591,247.99,439.405,237.81,429.28,258.17,449.53
24.06991,250.745,436.89,242.78,426.3,258.71,447.48
24.07391,249.18,435.95,240.48,425.7,257.88,446.2
24.07791,247.3,438.845,241.64,431.44,252.96,446.25
24.08191,248.97,436.01,242.9,429.63,255.04,442.39
24.08591,248.34,438.485,241.86,433.65,254.82,443.32
24.08991,249.655,435.335,243.68,427.14,255.63,443.53
24.093909,250.77999999999997,436.9,244.92,428.59,256.64,445.21
24.097909,249.32999999999998,432.645,243.14,420.12,255.52,445.17
24.101909,250.79500000000002,432.82000000000005,245.71,419.85,255.88,445.79
24.105909,250.285,434.185,246.81,417.85,253.76,450.52
24.109909,250.275,434.22,248.44,415.9,252.11,452.54
24.113909,249.78,438.99,247.87,419.09,251.69,458.89
24.117908,251.515,443.61,249.26,420.82,253.77,466.4
24.121908,250.35500000000002,442.845,247.47,419.51,253.24,466.18
24.125907,251.01,445.445,248.02,418.95,254.0,471.94
24.129907,252.28,445.34000000000003,248.81,418.72,255.75,471.96
24.133906,251.01999999999998,448.28,246.73,420.65,255.31,475.91
24.137906,250.095,445.755,245.54,416.89,254.65,474.62
24.141905,250.6,447.515,244.25,422.39,256.95,472.64
24.145905,251.04500000000002,448.105,243.33,423.94,258.76,472.27
24.149904,251.48,447.90999999999997,243.5,424.08,259.46,471.74
24.153904,251.98000000000002,449.16499999999996,242.73,426.26,261.23,472.07
24.157904,254.59500000000003,448.83,247.33,427.33,261.86,470.33
24.161903,253.47500000000002,445.90999999999997,245.34,425.53,261.61,466.29
24.165903,253.17499999999998,445.65,244.51,426.2,261.84,465.1
24.169902,252.89,446.0,244.07,426.63,261.71,465.37
24.173902,250.595,446.245,242.26,426.85,258.93,465.64
24.177901,250.51,443.305,241.96,421.97,259.06,464.64
24.181901,249.92000000000002,445.29499999999996,241.66,425.25,258.18,465.34
24.1859,249.79999999999998,444.055,241.82,419.92,257.78,468.19
24.1899,249.23000000000002,443.65,242.53,417.66,255.93,469.64
24.193899,249.265,443.27,242.84,417.24,255.69,469.3
24.197899,248.35000000000002,443.405,241.9,414.12,254.8,472.69
24.201898,248.13,442.815,240.68,413.02,255.58,472.61
24.205898,247.19,443.745,240.27,412.81,254.11,474.68
24.209897,247.08499999999998,443.9,240.92,411.12,253.25,476.68
24.213897,247.61,444.725,241.47,412.69,253.75,476.76
24.217896,247.37,442.94500000000005,240.77,410.98,253.97,474.91
24.221896,248.075,444.595,242.38,413.58,253.77,475.61
24.225895,248.14,443.95000000000005,241.72,414.17,254.56,473.73
24.229895,247.985,444.01,241.6,416.66,254.37,471.36
24.233894,247.265,442.98,239.84,416.16,254.69,469.8
24.237894,247.72,442.855,239.52,416.17,255.92,469.54
24.241893,251.59,442.225,240.99,416.22,262.19,468.23
24.245893,259.26,442.59,245.39,414.59,273.13,470.59
24.249892,323.46500000000003,440.585,296.56,410.28,350.37,470.89
24.253892,361.71000000000004,436.935,333.3,405.06,390.12,468.81
24.257891,376.35,432.07,352.77,394.71,399.93,469.43
24.261891,370.31,432.82,355.4,395.58,385.22,470.06
24.26589,365.12,435.03,357.36,398.75,372.88,471.31
24.26989,359.935,433.35,350.6,394.55,369.27,472.15
24.273889,361.44500000000005,436.73,359.04,399.57,363.85,473.89
24.277889,367.355,438.745,363.19,402.44,371.52,475.05
24.281889,368.03,440.96500000000003,362.31,405.5,373.75,476.43
24.285888,372.525,441.48,365.97,408.18,379.08,474.78
24.289888,371.135,440.025,365.95,409.08,376.32,470.97
24.293887,374.39,440.6,369.09,411.6,379.69,469.6
24.297887,371.42999999999995,437.415,367.58,411.61,375.28,463.22
24.301886,372.13,435.875,367.58,406.37,376.68,465.38
24.305886,370.58,436.24,368.09,404.8,373.07,467.68
24.309885,368.26,437.67499999999995,365.64,409.65,370.88,465.7
24.313885,367.73,436.7,363.1,411.56,372.36,461.84
24.317885,369.695,434.45,367.56,410.57,371.83,458.33
24.321886,366.91999999999996,433.575,364.38,409.46,369.46,457.69
24.325886,366.92,431.7,363.74,406.62,370.1,456.78
24.329886,366.38,429.575,362.88,405.65,369.88,453.5
24.333887,367.025,427.205,363.42,401.13,370.63,453.28
24.337887,367.27,429.62,363.99,401.12,370.55,458.12
24.341888,367.405,432.05,364.9,403.13,369.91,460.97
24.345888,367.96000000000004,437.755,367.43,411.24,368.49,464.27
24.349889,368.93,439.33500000000004,368.2,415.62,369.66,463.05
24.353889,370.65999999999997,438.40999999999997,369.25,414.75,372.07,462.07
24.357889,371.25,436.125,369.5,414.84,373.0,457.41
24.36189,370.375,430.64,366.24,410.27,374.51,451.01
24.36589,368.82500000000005,430.26,361.18,409.74,376.47,450.78
24.369891,368.11,432.51,360.42,412.06,375.8,452.96
24.373891,363.255,435.37,354.6,414.19,371.91,456.55
24.377892,363.57,436.97,353.93,415.44,373.21,458.5
24.381892,360.415,437.15,347.85,417.07,372.98,457.23
24.385892,361.99,433.595,354.08,413.7,369.9,453.49
24.389893,360.245,433.195,350.56,413.76,369.93,452.63
24.393893,359.54499999999996,435.45000000000005,348.77,418.49,370.32,452.41
24.397894,358.895,438.885,346.86,423.77,370.93,454.0
24.401894,355.475,439.7,342.86,422.87,368.09,456.53
24.405895,355.195,436.64,339.95,419.09,370.44,454.19
24.409895,355.53999999999996,440.435,343.19,422.49,367.89,458.38
24.413895,357.565,442.005,346.65,425.07,368.48,458.94
24.417896,357.02,440.265,346.06,424.34,367.98,456.19
24.421896,358.86,440.85,348.96,424.66,368.76,457.04
24.425897,360.53499999999997,443.99,350.32,430.31,370.75,457.67
24.429897,358.105,439.95000000000005,345.63,424.24,370.58,455.66
24.433897,359.13,443.02,344.8,426.26,373.46,459.78
24.437898,358.8,444.20000000000005,344.99,427.29,372.61,461.11
24.441898,362.06,442.995,350.6,424.84,373.52,461.15
24.445899,360.71000000000004,442.725,348.81,421.02,372.61,464.43
24.449899,363.135,445.175,351.95,425.81,374.32,464.54
24.453898,361.635,443.32500000000005,350.14,422.99,373.13,463.66
24.457898,361.57500000000005,445.05,349.05,426.19,374.1,463.91
24.461898,359.95500000000004,442.61,345.93,419.71,373.98,465.51
24.465898,360.185,444.29,344.77,420.91,375.6,467.67
24.469898,358.40999999999997,447.0,343.71,424.22,373.11,469.78
24.473898,357.015,444.945,342.41,421.33,371.62,468.56
24.477898,357.47,445.63,344.25,420.44,370.69,470.82
24.481898,361.63,446.83000000000004,346.88,421.99,376.38,471.67
24.485897,357.11,443.355,344.93,416.72,369.29,469.99
24.489897,356.44,442.41499999999996,343.35,415.01,369.53,469.82
24.493897,357.005,443.44,343.22,414.42,370.79,472.46
24.497897,356.385,444.4,340.97,415.85,371.8,472.95
24.501897,354.685,441.515,342.41,412.6,366.96,470.43
24.505897,357.07500000000005,441.45,342.74,413.12,371.41,469.78
24.509897,358.145,442.29499999999996,342.02,412.09,374.27,472.5
24.513897,355.96,441.71000000000004,341.83,413.45,370.09,469.97
24.517896,357.805,441.645,348.17,414.56,367.44,468.73
24.521895,359.375,443.33000000000004,347.84,413.93,370.91,472.73
24.525893,358.28999999999996,444.75,343.84,414.95,372.74,474.55
24.529891,357.90999999999997,442.21500000000003,344.77,417.17,371.05,467.26
24.533889,357.725,445.155,348.24,417.7,367.21,472.61
24.537887,357.555,445.735,349.29,417.9,365.82,473.57
24.541885,360.98,444.26,355.36,419.14,366.6,469.38
24.545884,360.77,444.03999999999996,354.91,419.12,366.63,468.96
24.549882,363.15999999999997,444.7,358.21,420.53,368.11,468.87
24.55388,360.84000000000003,443.645,353.89,421.89,367.79,465.4
24.557878,366.28,445.515,361.04,425.06,371.52,465.97
24.561876,365.815,446.525,358.38,425.34,373.25,467.71
24.565874,368.605,446.66999999999996,362.62,426.65,374.59,466.69
24.569872,368.06,443.98,359.06,424.07,377.06,463.89
24.573871,368.91999999999996,449.185,360.56,429.24,377.28,469.13
24.577869,371.8,447.20500000000004,362.16,425.04,381.44,469.37
24.581867,372.665,446.435,363.85,418.32,381.48,474.55
24.585865,373.30499999999995,445.49,363.53,419.55,383.08,471.43
24.589863,373.15,444.065,365.56,413.45,380.74,474.68
24.593861,373.83000000000004,446.89,364.92,420.63,382.74,473.15
24.59786,374.85,449.34000000000003,368.01,424.17,381.69,474.51
24.601858,375.0,449.235,369.09,422.35,380.91,476.12
24.605856,373.975,448.135,367.82,422.48,380.13,473.79
24.609854,374.59000000000003,446.38,366.31,418.67,382.87,474.09
24.613852,373.88,447.04999999999995,367.97,417.27,379.79,476.83
24.61785,373.28,447.27,370.28,414.73,376.28,479.81
24.621849,374.72,448.275,374.24,420.85,375.2,475.7
24.625847,374.56,445.12,374.32,422.31,374.8,467.93
24.629845,373.655,447.56,372.73,421.98,374.58,473.14
24.633843,375.205,448.73,374.2,421.38,376.21,476.08
24.637841,376.625,449.85,374.72,423.03,378.53,476.67
24.641839,376.6,445.84,376.66,424.9,376.54,466.78
24.645838,375.95500000000004,446.32500000000005,376.8,423.22,375.11,469.43
24.649834,373.735,449.0,376.03,420.71,371.44,477.29
24.653831,374.015,446.935,379.47,422.32,368.56,471.55
24.657827,375.40999999999997,452.255,379.95,425.88,370.87,478.63
24.661824,375.76,450.98,379.88,428.67,371.64,473.29
24.665821,375.4,452.275,380.44,429.8,370.36,474.75
24.669817,375.495,451.53,381.5,430.92,369.49,472.14
24.673814,376.135,452.28,383.54,430.54,368.73,474.02
24.677811,376.15,451.355,384.92,430.68,367.38,472.03
24.681807,374.92499999999995,452.105,386.65,429.86,363.2,474.35
24.685804,376.38,454.135,387.34,428.95,365.42,479.32
24.689801,375.91999999999996,454.135,384.33,429.3,367.51,478.97
24.693797,378.995,453.69,385.21,429.45,372.78,477.93
24.697794,378.59000000000003,454.89,384.99,433.48,372.19,476.3
24.701791,377.625,453.54499999999996,384.66,431.63,370.59,475.46
24.705787,377.71500000000003,450.33000000000004,385.38,428.5,370.05,472.16
24.709784,378.33,449.345,384.96,429.66,371.7,469.03
24.713781,378.1,451.655,381.75,428.61,374.45,474.7
24.717777,377.16499999999996,452.67499999999995,380.43,429.46,373.9,475.89
24.721774,378.0,453.90999999999997,381.7,431.0,374.3,476.82
24.725771,378.69,449.855,380.12,430.69,377.26,469.02
24.729769,397.67999999999995,450.365,386.83,428.06,408.53,472.67
24.733767,452.345,444.81,453.46,422.65,451.23,466.97
24.737764,486.265,444.18,482.29,425.2,490.24,463.16
24.741762,481.96,439.79499999999996,482.53,424.33,481.39,455.26
24.745759,470.985,439.855,476.02,422.16,465.95,457.55
24.749757,467.755,440.03,473.64,421.84,461.87,458.22
24.753754,470.145,437.565,475.9,419.43,464.39,455.7
24.757752,467.95500000000004,434.91999999999996,474.68,417.59,461.23,452.25
24.761749,468.295,435.53,474.97,420.99,461.62,450.07
24.765747,474.935,438.175,477.69,425.36,472.18,450.99
24.769744,471.845,436.81,477.06,422.12,466.63,451.5
24.773742,472.475,438.87,476.31,429.85,468.64,447.89
24.77774,472.035,436.115,475.85,427.05,468.22,445.18
24.781737,469.605,436.425,474.86,429.55,464.35,443.3
24.785735,469.595,438.92499999999995,474.76,434.03,464.43,443.82
24.789732,469.68,437.055,475.01,434.31,464.35,439.8
24.79373,471.52,437.515,477.96,435.31,465.08,439.72
24.797727,471.75,437.59,477.17,436.84,466.33,438.34
24.801725,472.51,438.195,476.1,438.52,468.92,437.87
24.805722,474.03,437.08500000000004,477.67,437.99,470.39,436.18
24.80972,472.46500000000003,435.41499999999996,476.38,436.14,468.55,434.69
24.813717,473.235,435.2,476.19,437.02,470.28,433.38
24.817715,473.16,434.48,478.35,436.1,467.97,432.86
24.821712,474.28499999999997,434.485,480.67,436.4,467.9,432.57
24.82571,475.37,434.445,481.21,435.93,469.53,432.96
24.829708,475.265,433.385,481.39,435.38,469.14,431.39
24.833705,474.56,434.05499999999995,479.01,435.28,470.11,432.83
24.837703,476.025,434.97,478.75,436.59,473.3,433.35
24.8417,475.205,435.46500000000003,476.15,436.66,474.26,434.27
24.845698,473.95000000000005,435.43,476.74,436.67,471.16,434.19
24.849698,473.70000000000005,436.80499999999995,475.8,437.83,471.6,435.78
24.853699,476.11,436.55,478.24,438.3,473.98,434.8
24.857699,475.64,436.175,478.73,439.55,472.55,432.8
24.861699,476.245,435.92,479.67,439.37,472.82,432.47
24.8657,475.895,435.88,479.68,439.5,472.11,432.26
24.8697,475.455,437.115,480.77,439.99,470.14,434.24
24.873701,473.73,438.66999999999996,477.85,440.01,469.61,437.33
24.877701,474.45000000000005,438.23,480.43,439.09,468.47,437.37
24.881701,475.67499999999995,437.35,482.14,437.18,469.21,437.52
24.885702,475.37,437.16499999999996,483.06,435.82,467.68,438.51
24.889702,477.175,436.62,483.86,434.81,470.49,438.43
24.893702,478.855,435.195,484.52,430.68,473.19,439.71
24.897703,477.315,435.125,482.55,431.08,472.08,439.17
24.901703,479.18499999999995,434.985,479.84,429.81,478.53,440.16
24.905704,478.51,435.73,477.65,429.95,479.37,441.51
24.909704,476.46000000000004,437.135,474.57,430.35,478.35,443.92
24.913704,476.1,439.18,472.03,432.05,480.17,446.31
24.917705,474.555,440.615,465.06,433.42,484.05,447.81
24.921705,476.58500000000004,442.235,468.51,435.04,484.66,449.43
24.925706,475.40999999999997,442.93,466.06,436.1,484.76,449.76
24.929707,476.4,443.66499999999996,465.5,439.39,487.3,447.94
24.933709,476.08500000000004,443.38,466.61,438.94,485.56,447.82
24.937711,475.115,443.835,466.46,440.27,483.77,447.4
24.941713,475.905,443.63,466.66,439.81,485.15,447.45
24.945714,475.75,443.54999999999995,467.98,440.52,483.52,446.58
24.949716,474.52,443.36,468.88,441.47,480.16,445.25
24.953718,477.36,443.33,470.58,440.83,484.14,445.83
24.957719,477.495,443.72,472.56,439.92,482.43,447.52
24.961721,479.43499999999995,442.765,477.03,439.64,481.84,445.89
24.965723,480.81,442.92999999999995,480.58,439.15,481.04,446.71
24.969724,481.73,442.89,483.97,439.77,479.49,446.01
24.973726,483.51,443.71500000000003,489.7,441.01,477.32,446.42
24.977728,484.625,444.19000000000005,492.75,442.22,476.5,446.16
24.98173,483.145,446.105,490.81,442.31,475.48,449.9
24.985731,483.94,446.08,491.99,445.78,475.89,446.38
24.989733,484.33500000000004,446.865,490.93,446.64,477.74,447.09
24.993735,482.55,446.325,487.69,445.25,477.41,447.4
24.997736,482.54,443.955,488.11,443.57,476.97,444.34
25.001738,481.87,441.445,486.24,440.93,477.5,441.96
25.00574,480.80999999999995,440.38,484.78,439.15,476.84,441.61
25.009742,481.615,437.56,485.36,434.88,477.87,440.24
25.013743,480.33500000000004,438.775,482.0,438.39,478.67,439.16
25.017745,479.67499999999995,440.13,481.09,440.43,478.26,439.83
25.021747,479.56,439.765,480.73,438.7,478.39,440.83
25.025748,479.98,438.91499999999996,478.71,438.28,481.25,439.55
25.02975,479.66499999999996,441.07500000000005,479.45,442.8,479.88,439.35
25.033752,479.7,440.075,479.21,441.65,480.19,438.5
25.037754,480.71500000000003,441.07,481.08,443.31,480.35,438.83
25.041755,481.7,441.575,483.46,444.25,479.94,438.9
25.045757,482.865,441.52,485.06,442.57,480.67,440.47
25.049758,482.7,443.505,485.82,446.6,479.58,440.41
25.053759,484.05499999999995,443.37,486.02,447.72,482.09,439.02
25.05776,485.745,444.17499999999995,486.74,447.71,484.75,440.64
25.061761,485.7,443.475,487.39,445.65,484.01,441.3
25.065763,486.155,443.85,486.7,444.46,485.61,443.24
25.069764,486.345,443.84000000000003,487.16,442.19,485.53,445.49
25.073765,486.54,442.96500000000003,485.97,440.23,487.11,445.7
25.077766,487.46500000000003,442.36,487.24,438.33,487.69,446.39
25.081767,488.17,443.805,487.04,439.38,489.3,448.23
25.085768,487.39,443.135,484.45,437.89,490.33,448.38
25.089769,486.54499999999996,445.025,483.56,440.47,489.53,449.58
25.09377,486.15,444.97,483.56,441.07,488.74,448.87
25.097771,486.395,445.095,484.54,439.32,488.25,450.87
25.101773,486.06,445.78,486.24,441.41,485.88,450.15
25.105774,486.005,446.94,486.42,442.99,485.59,450.89
25.109775,485.605,448.045,486.74,443.24,484.47,452.85
25.113776,485.71500000000003,448.535,489.51,443.97,481.92,453.1
25.117777,484.47,450.465,489.6,444.4,479.34,456.53
25.121778,484.46000000000004,450.74,490.13,445.41,478.79,456.07
25.125779,485.28,449.24,491.42,442.94,479.14,455.54
25.12978,486.58,452.52,494.28,446.5,478.88,458.54
25.133781,487.88,451.24,496.68,446.42,479.08,456.06
25.137782,487.62,452.005,497.75,447.57,477.49,456.44
25.141782,487.94,454.04999999999995,498.98,452.27,476.9,455.83
25.145783,487.795,452.72,499.12,450.4,476.47,455.04
25.149784,488.155,456.57,501.29,456.2,475.02,456.94
25.153784,487.625,455.40999999999997,500.63,454.87,474.62,455.95
25.157785,488.23,456.91499999999996,501.1,456.01,475.36,457.82
25.161786,489.28,455.02,501.68,454.34,476.88,455.7
25.165787,489.17,455.405,501.92,456.14,476.42,454.67
25.169787,490.07,454.17,503.11,454.68,477.03,453.66
25.173788,489.92,453.91999999999996,503.24,455.02,476.6,452.82
25.177789,490.375,453.015,503.02,453.87,477.73,452.16
25.181789,497.68,452.78499999999997,502.85,452.3,492.51,453.27
25.18579,533.955,452.94,520.08,451.06,547.83,454.82
25.189791,585.26,454.03499999999997,576.13,451.15,594.39,456.92
25.193791,614.14,451.365,609.31,447.93,618.97,454.8
25.197792,606.6700000000001,451.195,602.23,447.94,611.11,454.45
25.201793,602.805,449.375,598.68,445.64,606.93,453.11
25.205793,594.655,448.135,594.99,445.29,594.32,450.98
25.209794,594.55,446.205,597.71,443.83,591.39,448.58
25.213795,597.26,446.695,599.46,443.63,595.06,449.76
25.217796,598.38,445.765,599.48,442.65,597.28,448.88
25.221796,599.47,445.125,604.07,441.67,594.87,448.58
25.225797,601.2249999999999,444.49,605.43,442.34,597.02,446.64
25.229798,604.6,443.45,609.0,439.84,600.2,447.06
25.233798,604.24,441.95500000000004,610.66,438.92,597.82,444.99
25.237799,603.4000000000001,440.8,611.73,436.55,595.07,445.05
25.2418,603.0350000000001,441.435,613.08,436.2,592.99,446.67
25.2458,603.05,440.425,612.92,435.06,593.18,445.79
25.2498,603.09,439.95,611.96,433.09,594.22,446.81
25.253799,602.48,440.485,611.47,434.25,593.49,446.72
25.257799,602.975,440.76,612.11,433.31,593.84,448.21
25.261798,602.595,438.18,611.61,429.44,593.58,446.92
25.265798,602.23,437.98,611.87,429.73,592.59,446.23
25.269797,602.475,436.64,611.7,427.37,593.25,445.91
25.273797,599.825,434.56500000000005,607.73,424.41,591.92,444.72
25.277797,597.52,435.82,604.06,424.55,590.98,447.09
25.281796,597.4,434.83000000000004,603.04,424.54,591.76,445.12
25.285796,596.655,435.56,599.92,425.1,593.39,446.02
25.289795,596.0799999999999,435.75,600.02,425.25,592.14,446.25
25.293795,594.77,436.77,598.65,429.17,590.89,444.37
25.297794,594.7750000000001,435.66999999999996,598.23,426.19,591.32,445.15
25.301794,594.5350000000001,435.475,598.69,427.09,590.38,443.86
25.305793,593.0999999999999,436.18,596.66,429.24,589.54,443.12
25.309793,591.39,437.975,594.29,430.64,588.49,445.31
25.313792,591.5999999999999,437.52,594.43,429.86,588.77,445.18
25.317792,591.4649999999999,439.185,594.29,432.45,588.64,445.92
25.321791,592.585,438.225,595.32,432.98,589.85,443.47
25.325791,592.8,439.33,595.47,433.78,590.13,444.88
25.32979,592.245,440.12,595.51,435.39,588.98,444.85
25.33379,591.135,440.83500000000004,593.09,436.42,589.18,445.25
25.33779,591.87,440.88,594.03,435.69,589.71,446.07
25.341791,593.06,443.105,595.24,438.82,590.88,447.39
25.345792,592.2149999999999,442.71500000000003,593.13,436.29,591.3,449.14
25.349792,591.9449999999999,443.16999999999996,592.41,436.82,591.48,449.52
25.353793,593.065,445.47,592.66,440.17,593.47,450.77
25.357794,593.27,446.245,592.68,438.32,593.86,454.17
25.361794,593.29,443.855,591.87,435.66,594.71,452.05
25.365795,593.975,442.97,592.76,435.6,595.19,450.34
25.369796,595.355,445.525,593.86,438.2,596.85,452.85
25.373796,596.7550000000001,445.75,595.19,438.62,598.32,452.88
25.377797,598.97,444.065,597.56,437.37,600.38,450.76
25.381798,599.895,444.775,598.06,438.9,601.73,450.65
25.385798,600.2249999999999,444.765,598.53,441.43,601.92,448.1
25.389799,602.065,446.41499999999996,601.11,446.25,603.02,446.58
25.3938,602.0999999999999,446.04499999999996,600.67,446.5,603.53,445.59
25.3978,602.05,445.08500000000004,600.6,445.91,603.5,444.26
25.401801,601.625,444.09000000000003,601.05,444.7,602.2,443.48
25.405801,602.325,443.74,601.63,443.61,603.02,443.87
25.409802,602.425,444.475,602.05,444.75,602.8,444.2
25.413803,602.435,445.29499999999996,601.62,447.44,603.25,443.15
25.417803,602.25,445.7,602.34,447.96,602.16,443.44
25.421804,602.49,445.63,602.55,446.92,602.43,444.34
25.425805,603.0550000000001,446.205,604.09,446.38,602.02,446.03
25.429805,604.36,448.485,606.75,447.04,601.97,449.93
25.433806,604.665,447.83500000000004,607.37,446.25,601.96,449.42
25.437807,605.37,449.06,607.88,447.26,602.86,450.86
25.441807,605.86,450.03499999999997,609.38,448.7,602.34,451.37
25.445808,607.0250000000001,449.41499999999996,610.1,446.21,603.95,452.62
25.449808,607.84,451.43,610.2,449.42,605.48,453.44
25.453809,607.5,450.96000000000004,610.02,449.55,604.98,452.37
25.457809,607.47,450.905,610.65,449.74,604.29,452.07
25.461809,608.2650000000001,450.025,609.82,449.15,606.71,450.9
25.46581,608.25,449.68,609.83,450.45,606.67,448.91
25.46981,607.38,449.44500000000005,608.49,451.72,606.27,447.17
25.47381,606.4300000000001,450.065,606.67,454.37,606.19,445.76
25.477811,601.49,450.73,601.16,454.65,601.82,446.81
25.481811,588.73,449.78,596.06,453.27,581.4,446.29
25.485811,589.675,446.305,594.01,447.63,585.34,444.98
25.489811,589.44,444.61,589.74,446.43,589.14,442.79
25.493812,590.25,442.53,590.27,444.34,590.23,440.72
25.497812,589.7,442.34000000000003,591.01,443.97,588.39,440.71
25.501812,589.865,443.61,590.45,444.43,589.28,442.79
25.505813,584.0699999999999,442.19,584.85,439.36,583.29,445.02
25.509813,584.01,445.58500000000004,584.42,444.31,583.6,446.86
25.513813,582.735,443.655,584.24,441.67,581.23,445.64
25.517814,582.895,442.61,582.97,440.44,582.82,444.78
25.521814,583.715,440.14,584.99,437.91,582.44,442.37
25.525814,584.3499999999999,442.48,583.65,442.2,585.05,442.76
25.529815,585.565,444.25,585.03,443.66,586.1,444.84
25.533815,587.4200000000001,446.745,587.47,445.87,587.37,447.62
25.537815,586.3,448.53999999999996,585.95,449.0,586.65,448.08
25.541813,586.2049999999999,450.685,587.29,453.81,585.12,447.56
25.545812,586.265,449.795,588.15,454.29,584.38,445.3
25.54981,588.7149999999999,452.35,591.13,459.81,586.3,444.89
25.553808,588.71,452.03,592.17,459.85,585.25,444.21
25.557806,588.03,450.625,592.59,457.49,583.47,443.76
25.561804,587.16,451.99,592.66,460.49,581.66,443.49
25.565802,587.95,454.92,594.33,461.54,581.57,448.3
25.5698,587.495,456.29999999999995,593.99,462.45,581.0,450.15
25.573798,588.025,456.325,594.77,463.19,581.28,449.46
25.577797,586.475,455.8,592.73,462.36,580.22,449.24
25.581795,586.625,455.865,592.79,463.0,580.46,448.73
25.585793,586.4,456.135,592.4,460.41,580.4,451.86
25.589791,585.01,456.395,591.2,459.59,578.82,453.2
25.593789,583.24,455.78999999999996,589.5,457.09,576.98,454.49
25.597787,583.8499999999999,454.885,589.53,456.46,578.17,453.31
25.601785,584.53,456.48,591.74,458.97,577.32,453.99
25.605783,583.775,459.82,590.55,461.58,577.0,458.06
25.609782,584.3499999999999,458.735,590.67,459.57,578.03,457.9
25.61378,583.7,460.54,590.38,461.54,577.02,459.54
25.617778,584.095,461.11,590.58,460.47,577.61,461.75
25.621776,585.2049999999999,461.27,591.88,459.9,578.53,462.64
25.625774,586.31,460.835,592.52,460.84,580.1,460.83
25.629772,588.6949999999999,458.17499999999995,595.9,458.01,581.49,458.34
25.63377,589.025,460.55,596.15,462.63,581.9,458.47
25.637768,590.975,459.67,598.62,464.35,583.33,454.99
25.641767,591.96,460.53499999999997,599.51,466.4,584.41,454.67
25.645765,591.48,460.72,597.54,466.34,585.42,455.1
25.649764,593.275,458.51,599.65,466.96,586.9,450.06
25.653763,593.835,459.995,600.6,468.28,587.07,451.71
25.657762,594.425,457.155,600.35,467.76,588.5,446.55
25.661761,594.915,456.98,600.76,468.77,589.07,445.19
25.66576,594.995,456.31,602.13,468.24,587.86,444.38
25.669759,593.2149999999999,457.61,600.29,470.16,586.14,445.06
25.673759,592.01,458.455,598.73,471.08,585.29,445.83
25.677758,591.015,459.28499999999997,596.22,470.0,585.81,448.57
25.681757,587.775,459.66999999999996,590.88,470.03,584.67,449.31
25.685756,585.23,458.51,585.93,466.57,584.53,450.45
25.689755,583.575,459.68,583.68,467.79,583.47,451.57
25.693754,581.715,460.53,579.33,465.99,584.1,455.07
25.697753,580.0699999999999,460.90999999999997,576.58,465.76,583.56,456.06
25.701752,579.6,462.21,575.99,465.71,583.21,458.71
25.705752,580.69,462.45500000000004,578.25,464.42,583.13,460.49
25.709751,579.21,462.74,574.66,463.68,583.76,461.8
25.71375,579.175,462.375,574.17,462.1,584.18,462.65
25.717749,578.78,462.065,572.96,460.54,584.6,463.59
25.721748,577.865,462.27,571.4,461.05,584.33,463.49
25.725747,578.925,462.975,572.98,461.04,584.87,464.91
25.729746,578.6600000000001,464.17499999999995,573.23,463.71,584.09,464.64
25.733745,579.97,462.71000000000004,575.15,460.3,584.79,465.12
25.737745,581.605,463.245,579.36,461.09,583.85,465.4
25.741744,581.03,463.355,578.41,459.38,583.65,467.33
25.745743,582.285,461.86,581.03,456.6,583.54,467.12
25.749742,582.38,460.615,581.48,454.84,583.28,466.39
25.753741,582.025,461.96000000000004,580.77,456.42,583.28,467.5
25.75774,583.9300000000001,463.03999999999996,583.5,457.4,584.36,468.68
25.761739,583.81,462.985,583.11,456.86,584.51,469.11
25.765738,585.08,462.595,584.84,455.37,585.32,469.82
25.769737,585.9649999999999,461.685,587.15,453.67,584.78,469.7
25.773736,586.845,463.29499999999996,588.53,454.84,585.16,471.75
25.777735,586.915,464.555,589.15,456.06,584.68,473.05
25.781734,586.125,465.375,587.62,456.62,584.63,474.13
25.785733,586.5250000000001,465.765,589.46,456.97,583.59,474.56
25.789732,587.03,467.78,590.39,460.07,583.67,475.49
25.793731,587.71,469.06,591.8,461.19,583.62,476.93
25.79773,587.715,469.635,591.1,461.34,584.33,477.93
25.801729,587.115,470.575,590.73,461.45,583.5,479.7
25.805728,588.245,470.705,592.34,461.32,584.15,480.09
25.809727,588.185,471.53,592.87,461.66,583.5,481.4
25.813726,593.21,471.495,596.11,461.62,590.31,481.37
25.817725,646.105,469.605,627.81,459.85,664.4,479.36
25.821724,688.4100000000001,467.16999999999996,676.58,454.0,700.24,480.34
25.825724,718.585,461.625,708.67,447.48,728.5,475.77
25.829723,717.98,462.17499999999995,707.33,453.15,728.63,471.2
25.833722,710.57,452.32000000000005,698.2,444.04,722.94,460.6
25.837721,705.115,451.97,695.76,443.95,714.47,459.99
25.84172,695.675,451.615,691.63,445.9,699.72,457.33
25.845719,695.6700000000001,448.61,692.08,443.91,699.26,453.31
25.849718,698.5699999999999,446.28999999999996,693.02,443.8,704.12,448.78
25.853718,700.755,444.08500000000004,692.59,442.36,708.92,445.81
25.857718,703.5799999999999,445.395,694.04,442.54,713.12,448.25
25.861718,706.4300000000001,444.91499999999996,696.98,442.5,715.88,447.33
25.865717,706.72,447.81,698.1,445.98,715.34,449.64
25.869717,704.985,448.86,696.28,448.14,713.69,449.58
25.873717,703.365,448.565,695.26,449.69,711.47,447.44
25.877716,702.8399999999999,450.01,695.42,453.23,710.26,446.79
25.881716,703.69,451.01,696.43,455.22,710.95,446.8
25.885716,704.265,449.075,697.73,454.12,710.8,444.03
25.889716,704.9449999999999,450.97,699.96,457.26,709.93,444.68
25.893715,705.1500000000001,453.45000000000005,701.95,456.17,708.35,450.73
25.897715,706.9100000000001,456.38,704.12,458.86,709.7,453.9
25.901715,706.885,456.41999999999996,705.17,461.0,708.6,451.84
25.905714,706.7950000000001,456.74,705.85,461.78,707.74,451.7
25.909714,706.15,458.12,705.9,462.18,706.4,454.06
25.913714,704.375,456.635,704.84,461.36,703.91,451.91
25.917714,703.3199999999999,457.12,705.01,461.1,701.63,453.14
25.921713,702.28,457.20500000000004,706.17,460.16,698.39,454.25
25.925713,703.3,456.91499999999996,707.41,459.4,699.19,454.43
25.929713,704.325,457.59000000000003,707.69,459.57,700.96,455.61
25.933712,704.185,458.845,706.63,460.21,701.74,457.48
25.937712,704.39,460.135,703.86,461.53,704.92,458.74
25.941712,702.685,459.825,702.62,460.87,702.75,458.78
25.945712,702.175,459.385,701.8,458.38,702.55,460.39
25.949712,700.13,457.125,700.59,453.12,699.67,461.13
25.953712,700.115,457.675,700.21,454.74,700.02,460.61
25.957712,701.825,460.2,703.21,458.59,700.44,461.81
25.961713,703.005,460.08500000000004,704.3,456.68,701.71,463.49
25.965713,704.5999999999999,461.305,705.64,458.3,703.56,464.31
25.969713,703.9649999999999,461.20500000000004,704.55,457.55,703.38,464.86
25.973714,704.415,461.83500000000004,704.64,459.25,704.19,464.42
25.977714,704.585,462.32,704.75,460.44,704.42,464.2
25.981714,704.325,461.8,705.17,458.63,703.48,464.97
25.985714,703.0,458.655,704.01,454.11,701.99,463.2
25.989715,702.27,458.87,703.36,454.51,701.18,463.23
25.993715,702.5350000000001,459.55499999999995,703.44,455.4,701.63,463.71
25.997715,702.135,459.515,702.87,455.42,701.4,463.61
26.001716,700.9549999999999,457.285,699.81,449.16,702.1,465.41
26.005716,699.9300000000001,459.08500000000004,697.53,449.92,702.33,468.25
26.009716,697.88,459.63,693.85,449.49,701.91,469.77
26.013717,697.8399999999999,460.115,692.91,450.21,702.77,470.02
26.017717,696.5799999999999,460.01,690.03,447.9,703.13,472.12
26.021717,697.44,460.66499999999996,691.23,447.55,703.65,473.78
26.025717,697.0250000000001,459.185,691.73,445.29,702.32,473.08
26.029718,697.8599999999999,460.24,693.92,446.61,701.8,473.87
26.033718,698.825,458.57500000000005,693.94,445.16,703.71,471.99
26.037718,699.51,458.235,694.76,446.67,704.26,469.8
26.041719,699.6300000000001,456.555,694.94,446.66,704.32,466.45
26.045719,699.885,455.40999999999997,696.43,446.59,703.34,464.23
26.049717,700.855,453.91,697.61,447.22,704.1,460.6
26.053716,701.0350000000001,451.39,698.94,444.13,703.13,458.65
26.057715,700.1300000000001,450.4,698.69,443.68,701.57,457.12
26.061713,698.24,450.12,698.56,444.35,697.92,455.89
26.065712,697.165,449.74,697.6,442.77,696.73,456.71
26.06971,695.9100000000001,449.61,695.47,443.93,696.35,455.29
26.073709,695.36,450.225,693.65,443.89,697.07,456.56
26.077707,693.255,450.005,691.03,443.76,695.48,456.25
26.081706,691.515,450.54999999999995,688.29,441.65,694.74,459.45
26.085705,691.87,449.58500000000004,688.37,439.16,695.37,460.01
26.089703,689.1,449.875,684.5,438.13,693.7,461.62
26.093702,686.9849999999999,449.97,681.04,436.53,692.93,463.41
26.0977,686.425,450.57,679.89,435.69,692.96,465.45
26.101699,686.195,450.41999999999996,678.2,434.14,694.19,466.7
26.105697,687.11,450.68,678.86,433.61,695.36,467.75
26.109696,686.575,449.97,677.24,431.62,695.91,468.32
26.113695,686.9549999999999,448.90999999999997,677.4,429.65,696.51,468.17
26.117693,686.73,449.08000000000004,677.03,429.42,696.43,468.74
26.121692,687.0450000000001,450.495,677.2,429.25,696.89,471.74
26.12569,687.9549999999999,452.46500000000003,678.0,431.87,697.91,473.06
26.129689,688.125,454.81,678.6,435.35,697.65,474.27
26.133687,688.7249999999999,456.935,678.17,437.29,699.28,476.58
26.137686,690.1800000000001,457.165,680.59,438.47,699.77,475.86
26.141684,691.38,458.08,681.68,439.65,701.08,476.51
26.145683,692.83,458.645,684.32,440.13,701.34,477.16
26.149682,692.6949999999999,459.225,683.92,441.01,701.47,477.44
26.15368,693.71,460.03999999999996,685.11,442.37,702.31,477.71
26.157679,694.0,460.025,685.0,442.84,703.0,477.21
26.161678,695.4749999999999,461.11,685.79,444.53,705.16,477.69
26.165676,696.205,460.755,685.59,444.68,706.82,476.83
26.169675,696.505,462.505,685.23,447.92,707.78,477.09
26.173674,697.09,462.9,684.97,448.11,709.21,477.69
26.177672,697.755,462.275,684.91,447.71,710.6,476.84
26.181671,698.04,464.125,684.93,451.08,711.15,477.17
26.18567,698.615,463.4,685.84,449.61,711.39,477.19
26.189669,697.855,464.595,684.78,452.25,710.93,476.94
26.193667,698.6,464.63,685.75,452.94,711.45,476.32
26.197666,697.55,465.68,684.18,454.45,710.92,476.91
26.201665,697.75,466.04999999999995,684.35,454.9,711.15,477.2
26.205663,696.755,465.71500000000003,683.15,455.05,710.36,476.38
26.209662,696.7149999999999,464.85,683.75,454.76,709.68,474.94
26.213661,696.34,463.17,683.07,452.62,709.61,473.72
26.217659,695.9100000000001,461.86,682.94,450.82,708.88,472.9
26.221658,696.135,461.055,683.92,449.62,708.35,472.49
26.225657,695.605,458.69,683.32,445.63,707.89,471.75
26.229655,695.52,459.09000000000003,683.45,446.72,707.59,471.46
26.233654,695.98,458.015,684.09,444.39,707.87,471.64
26.237653,696.485,458.275,684.69,443.26,708.28,473.29
26.241652,697.665,457.84000000000003,686.71,442.29,708.62,473.39
26.24565,698.745,457.915,688.4,442.41,709.09,473.42
26.24965,699.99,459.34000000000003,691.79,444.38,708.19,474.3
26.25365,699.175,460.35,691.86,446.06,706.49,474.64
26.25765,699.235,461.585,693.1,447.52,705.37,475.65
26.26165,699.655,460.16999999999996,693.69,444.14,705.62,476.2
26.265649,699.6949999999999,460.595,694.28,444.06,705.11,477.13
26.269649,699.78,463.005,696.87,446.91,702.69,479.1
26.273649,701.265,463.375,698.27,446.2,704.26,480.55
26.277649,701.4649999999999,465.135,699.29,447.45,703.64,482.82
26.281649,700.565,466.08000000000004,699.17,450.74,701.96,481.42
26.285649,700.095,465.83,699.26,451.28,700.93,480.38
26.289649,698.9449999999999,465.765,697.39,451.18,700.5,480.35
26.293648,697.495,465.07,696.3,449.24,698.69,480.9
26.297648,698.875,464.70500000000004,695.82,447.31,701.93,482.1
26.301648,700.0799999999999,464.675,698.1,446.61,702.06,482.74
26.305648,701.22,465.405,700.29,446.86,702.15,483.95
26.309648,701.405,467.15999999999997,700.19,448.28,702.62,486.04
26.313648,702.375,466.735,701.1,448.47,703.65,485.0
26.317648,703.52,467.19,701.45,451.42,705.59,482.96
26.321647,703.175,467.44,700.27,452.23,706.08,482.65
26.325647,703.605,468.475,699.89,453.62,707.32,483.33
26.329647,703.7049999999999,466.78499999999997,699.79,450.34,707.62,483.23
26.333647,705.0699999999999,466.04499999999996,700.76,450.34,709.38,481.75
26.337647,706.425,465.88,701.08,449.71,711.77,482.05
26.341647,722.3050000000001,465.64,710.78,449.86,733.83,481.42
26.345647,829.77,465.36,822.27,450.08,837.27,480.64
26.349646,862.625,463.63,841.14,448.56,884.11,478.7
26.353646,876.085,459.135,876.57,441.93,875.6,476.34
26.357645,864.85,453.855,853.09,433.29,876.61,474.42
26.361644,859.395,455.465,851.4,435.15,867.39,475.78
26.365643,853.365,455.95000000000005,842.76,437.54,863.97,474.36
26.369642,853.79,454.64,843.42,434.97,864.16,474.31
26.373641,852.355,453.67,844.09,434.43,860.62,472.91
26.37764,854.95,453.82,846.48,435.58,863.42,472.06
26.381639,852.565,454.74,844.67,437.44,860.46,472.04
26.385638,854.35,454.45,846.36,437.81,862.34,471.09
26.389637,858.335,451.875,852.19,433.19,864.48,470.56
26.393636,854.345,452.1,849.11,432.24,859.58,471.96
26.397635,853.4749999999999,453.325,849.42,435.33,857.53,471.32
26.401634,852.52,452.85,848.11,437.19,856.93,468.51
26.405633,853.545,455.415,847.67,441.61,859.42,469.22
26.409632,856.76,454.735,849.71,440.33,863.81,469.14
26.413631,856.69,454.23,851.59,439.72,861.79,468.74
26.41763,858.125,453.66999999999996,852.49,440.78,863.76,466.56
26.421629,857.4849999999999,453.70000000000005,853.04,442.47,861.93,464.93
26.425628,857.745,451.67,853.53,439.61,861.96,463.73
26.429627,857.325,451.54499999999996,852.82,437.65,861.83,465.44
26.433626,856.7,452.55,851.7,436.85,861.7,468.25
26.437625,857.09,452.45000000000005,851.22,439.91,862.96,464.99
26.441624,857.3,453.17499999999995,851.17,441.82,863.43,464.53
26.445623,857.575,454.615,852.91,440.79,862.24,468.44
26.449622,856.5699999999999,456.34000000000003,852.59,438.88,860.55,473.8
26.453622,854.915,456.62,852.87,440.23,856.96,473.01
26.457621,854.425,457.075,851.32,443.65,857.53,470.5
26.461621,854.59,459.175,852.07,443.73,857.11,474.62
26.46562,854.4200000000001,460.245,852.19,440.53,856.65,479.96
26.469619,854.115,461.87,851.84,441.38,856.39,482.36
26.473619,854.9649999999999,459.51,852.29,443.79,857.64,475.23
26.477618,855.505,456.755,853.17,443.33,857.84,470.18
26.481618,856.105,457.115,854.55,442.25,857.66,471.98
26.485617,857.4300000000001,456.34000000000003,856.82,438.39,858.04,474.29
26.489617,856.975,454.53499999999997,855.82,435.3,858.13,473.77
26.493616,857.3499999999999,452.79499999999996,855.15,434.57,859.55,471.02
26.497615,857.34,455.39,853.33,438.12,861.35,472.66
26.501615,858.255,451.495,854.12,434.86,862.39,468.13
26.505614,857.885,454.78499999999997,854.13,439.02,861.64,470.55
26.509614,857.655,453.235,855.07,437.44,860.24,469.03
26.513613,857.505,453.25,855.09,437.97,859.92,468.53
26.517613,856.91,454.19500000000005,855.15,438.98,858.67,469.41
26.521612,856.065,457.76,854.65,441.64,857.48,473.88
26.525611,853.7850000000001,459.635,852.97,444.16,854.6,475.11
26.529611,852.6700000000001,461.345,851.74,447.15,853.6,475.54
26.53361,853.55,462.995,852.9,448.2,854.2,477.79
26.53761,853.19,463.685,852.63,448.89,853.75,478.48
26.541609,853.135,464.725,853.78,449.68,852.49,479.77
26.545609,852.295,467.24,854.56,449.02,850.03,485.46
26.549608,843.675,468.895,845.47,449.91,841.88,487.88
26.553607,830.4449999999999,469.525,824.01,452.06,836.88,486.99
26.557607,807.375,470.27,807.17,454.31,807.58,486.23
26.561606,814.4549999999999,470.435,803.02,455.61,825.89,485.26
26.565605,817.97,469.52,807.96,455.95,827.98,483.09
26.569604,813.56,466.365,804.36,452.48,822.76,480.25
26.573604,812.4000000000001,466.28499999999997,801.72,452.71,823.08,479.86
26.577603,812.1949999999999,465.62,803.17,452.44,821.22,478.8
26.581602,808.565,466.995,799.58,452.77,817.55,481.22
26.585601,807.96,465.36,798.52,452.9,817.4,477.82
26.589601,806.5,464.78,797.97,453.59,815.03,475.97
26.5936,806.24,463.4,797.49,453.04,814.99,473.76
26.597599,807.575,461.25,797.18,452.17,817.97,470.33
26.601598,807.895,459.775,797.67,450.87,818.12,468.68
26.605597,809.255,459.32000000000005,800.03,450.41,818.48,468.23
26.609597,809.96,457.915,802.15,449.86,817.77,465.97
26.613596,810.84,461.4,802.95,452.51,818.73,470.29
26.617595,811.36,460.92499999999995,804.86,452.34,817.86,469.51
26.621594,811.78,461.315,806.27,453.4,817.29,469.23
26.625593,811.915,462.32,807.3,454.15,816.53,470.49
26.629593,812.27,463.415,808.92,456.48,815.62,470.35
26.633592,812.5,463.45,810.6,455.84,814.4,471.06
26.637591,813.165,464.475,811.12,456.78,815.21,472.17
26.64159,812.415,464.44,812.56,456.4,812.27,472.48
26.645589,812.915,465.82,813.63,457.08,812.2,474.56
26.649589,813.815,463.24,813.73,454.56,813.9,471.92
26.653589,813.48,463.06,814.0,452.36,812.96,473.76
26.657588,812.15,464.72,811.39,456.02,812.91,473.42
26.661588,813.085,464.445,811.76,456.11,814.41,472.78
26.665587,813.0450000000001,464.22,809.95,455.23,816.14,473.21
26.669587,813.5999999999999,463.65,810.68,453.67,816.52,473.63
26.673586,812.615,461.135,809.13,449.57,816.1,472.7
26.677586,813.0799999999999,461.795,809.8,451.91,816.36,471.68
26.681585,813.075,460.025,812.02,449.51,814.13,470.54
26.685585,814.3,461.63,812.47,450.81,816.13,472.45
26.689584,814.185,461.8,812.15,452.44,816.22,471.16
26.693584,813.2,463.94500000000005,811.81,455.04,814.59,472.85
26.697583,812.6600000000001,465.125,810.21,456.12,815.11,474.13
26.701583,812.9649999999999,463.54499999999996,811.51,452.63,814.42,474.46
26.705582,811.1700000000001,464.055,809.15,450.91,813.19,477.2
26.709582,811.3599999999999,464.42499999999995,809.68,450.34,813.04,478.51
26.713581,810.0899999999999,462.88,808.02,448.3,812.16,477.46
26.717581,809.69,464.52,807.51,451.07,811.87,477.97
26.72158,805.8800000000001,465.86,803.44,451.4,808.32,480.32
26.72558,808.34,467.2,804.33,451.84,812.35,482.56
26.729579,808.345,467.33500000000004,804.84,453.63,811.85,481.04
26.733579,807.7149999999999,465.075,803.76,450.71,811.67,479.44
26.737578,807.525,463.68499999999995,803.25,450.59,811.8,476.78
26.741578,808.5250000000001,461.26,805.11,448.38,811.94,474.14
26.745577,808.86,461.495,805.19,449.93,812.53,473.06
26.749577,807.8199999999999,459.44,805.67,449.01,809.97,469.87
26.753577,808.105,459.38,807.92,449.51,808.29,469.25
26.757576,808.125,459.135,809.21,450.25,807.04,468.02
26.761576,807.075,458.44,809.24,450.86,804.91,466.02
26.765581,808.8050000000001,457.655,809.46,449.0,808.15,466.31
26.769586,807.34,456.585,809.74,448.78,804.94,464.39
26.773591,807.06,457.505,809.44,448.63,804.68,466.38
26.777596,806.98,457.015,808.67,447.7,805.29,466.33
26.781601,807.295,459.145,806.78,449.9,807.81,468.39
26.785607,807.19,461.36,806.97,450.91,807.41,471.81
26.789612,805.94,463.73,805.7,456.2,806.18,471.26
26.793617,806.835,464.625,806.04,455.8,807.63,473.45
26.797622,806.385,466.825,804.56,457.44,808.21,476.21
26.801627,806.755,465.445,804.43,453.86,809.08,477.03
26.805632,806.585,466.73,802.89,454.11,810.28,479.35
26.809638,807.28,466.655,803.54,451.87,811.02,481.44
26.813643,807.3,465.91499999999996,801.6,447.39,813.0,484.44
26.817648,807.245,461.26,800.27,437.64,814.22,484.88
26.821653,806.745,460.58500000000004,799.59,435.54,813.9,485.63
26.825658,806.47,462.02,799.43,438.35,813.51,485.69
26.829663,807.525,459.03,800.0,432.24,815.05,485.82
26.833669,807.595,460.125,798.6,433.14,816.59,487.11
26.837674,806.97,459.69,796.78,432.78,817.16,486.6
26.841679,807.3299999999999,457.615,797.28,428.58,817.38,486.65
26.845684,807.6,457.28999999999996,796.12,427.9,819.08,486.68
26.849687,808.005,457.66499999999996,795.64,428.18,820.37,487.15
26.853691,808.51,456.345,796.77,426.16,820.25,486.53
26.857694,808.845,456.28,797.76,427.32,819.93,485.24
26.861697,808.99,456.87,799.05,428.9,818.93,484.84
26.8657,809.565,458.04499999999996,799.45,431.25,819.68,484.84
26.869703,809.97,458.20500000000004,800.09,430.56,819.85,485.85
26.873707,808.615,458.41499999999996,798.23,431.27,819.0,485.56
26.87771,809.3199999999999,457.83,799.42,430.52,819.22,485.14
26.881713,809.615,457.43,800.29,430.1,818.94,484.76
26.885716,809.065,458.145,800.41,431.45,817.72,484.84
26.88972,808.14,459.53,798.73,434.61,817.55,484.45
26.893723,808.205,460.6,799.94,435.7,816.47,485.5
26.897726,804.985,460.805,798.07,437.6,811.9,484.01
26.901729,803.875,459.49,798.03,437.78,809.72,481.2
26.905732,802.925,459.095,798.81,437.08,807.04,481.11
26.909736,804.44,461.64,800.95,439.71,807.93,483.57
26.913739,805.0450000000001,462.905,803.24,444.0,806.85,481.81
26.917742,807.1,465.72,804.71,450.11,809.49,481.33
26.921745,804.085,463.88,802.34,445.97,805.83,481.79
26.925749,804.5799999999999,463.825,805.28,446.32,803.88,481.33
26.929752,805.925,465.455,804.04,450.01,807.81,480.9
26.933755,805.475,462.28499999999997,803.19,444.93,807.76,479.64
26.937758,804.9300000000001,461.145,802.11,444.47,807.75,477.82
26.941761,814.25,458.75,811.12,443.54,817.38,473.96
26.945765,847.335,459.28999999999996,849.46,440.03,845.21,478.55
26.949768,889.97,454.75,879.7,432.3,900.24,477.2
26.953771,908.815,456.585,904.1,437.46,913.53,475.71
26.957774,911.78,454.525,903.13,434.85,920.43,474.2
26.961778,908.3399999999999,456.92499999999995,904.55,436.9,912.13,476.95
26.965781,903.8,454.54,902.98,435.66,904.62,473.42
26.969779,906.975,453.83500000000004,900.24,435.68,913.71,471.99
26.973778,908.495,452.96500000000003,903.38,433.6,913.61,472.33
26.977777,911.285,454.74,911.02,435.1,911.55,474.38
26.981775,908.985,454.57000000000005,909.03,437.92,908.94,471.22
26.985774,904.975,455.3,905.34,435.73,904.61,474.87
26.989772,907.4549999999999,455.35,906.87,435.41,908.04,475.29
26.993771,908.4549999999999,456.82,906.15,437.27,910.76,476.37
26.99777,907.4,458.85,907.12,440.81,907.68,476.89
27.001768,906.62,458.85,907.07,440.98,906.17,476.72
27.005767,903.5450000000001,457.325,903.35,439.12,903.74,475.53
27.009765,903.275,456.19,903.75,437.15,902.8,475.23
27.013764,905.325,459.115,906.34,441.36,904.31,476.87
27.017763,903.125,457.54499999999996,905.05,439.2,901.2,475.89
27.021761,904.5699999999999,457.845,906.47,442.27,902.67,473.42
27.02576,905.345,458.77,907.29,442.85,903.4,474.69
27.029758,906.88,460.37,907.39,445.79,906.37,474.95
27.033757,907.29,461.9,906.71,449.03,907.87,474.77
27.037756,907.8,461.15,908.77,448.35,906.83,473.95
27.041754,907.4300000000001,459.70500000000004,907.44,445.11,907.42,474.3
27.045753,905.99,458.76,905.69,444.46,906.29,473.06
27.04975,903.4300000000001,458.935,902.98,444.54,903.88,473.33
27.053748,903.98,460.53499999999997,901.08,446.39,906.88,474.68
27.057746,902.9449999999999,461.24,900.16,447.49,905.73,474.99
27.061743,904.535,462.34000000000003,901.52,449.33,907.55,475.35
27.065741,905.28,462.23,900.63,448.92,909.93,475.54
27.069738,905.585,462.71,901.61,448.65,909.56,476.77
27.073736,903.625,462.46000000000004,898.45,447.6,908.8,477.32
27.077734,904.6099999999999,462.08500000000004,901.93,447.47,907.29,476.7
27.081731,906.0699999999999,462.11,902.81,446.88,909.33,477.34
27.085729,907.88,462.055,906.77,448.01,908.99,476.1
27.089726,911.0550000000001,462.745,909.2,448.82,912.91,476.67
27.093724,912.075,461.975,911.05,448.91,913.1,475.04
27.097722,913.0550000000001,461.96500000000003,912.74,450.13,913.37,473.8
27.101719,914.375,460.41,913.49,448.35,915.26,472.47
27.105717,914.495,460.04499999999996,913.57,447.51,915.42,472.58
27.109714,914.495,460.59000000000003,914.35,448.35,914.64,472.83
27.113712,913.9000000000001,460.89,913.47,448.35,914.33,473.43
27.11771,914.1800000000001,459.895,913.84,447.15,914.52,472.64
27.121707,914.205,459.75,912.97,447.13,915.44,472.37
27.125705,913.435,459.595,912.23,447.15,914.64,472.04
27.129702,913.395,459.39,911.57,445.91,915.22,472.87
27.1337,911.685,460.52,909.47,447.01,913.9,474.03
27.137698,910.6800000000001,460.34000000000003,907.1,446.88,914.26,473.8
27.141695,910.215,460.115,904.72,446.44,915.71,473.79
27.145693,909.81,461.3,903.86,447.8,915.76,474.8
27.14969,908.2950000000001,460.03,901.21,446.82,915.38,473.24
27.153688,905.4000000000001,459.51,896.97,447.39,913.83,471.63
27.157686,905.74,459.4,896.96,448.05,914.52,470.75
27.161683,906.905,459.675,897.91,449.1,915.9,470.25
27.165681,915.185,458.72,908.99,448.87,921.38,468.57
27.169678,939.4449999999999,458.70500000000004,938.47,449.87,940.42,467.54
27.173677,960.11,459.82,955.15,450.46,965.07,469.18
27.177675,966.775,459.165,960.24,450.1,973.31,468.23
27.181673,961.8199999999999,458.865,957.84,449.94,965.8,467.79
27.185671,961.56,457.66999999999996,955.63,449.38,967.49,465.96
27.189669,963.875,457.67499999999995,953.76,449.28,973.99,466.07
27.193667,964.905,458.275,955.75,451.59,974.06,464.96
27.197666,964.075,457.32500000000005,958.07,450.66,970.08,463.99
27.201664,965.835,454.575,959.51,445.2,972.16,463.95
27.205662,967.865,453.905,960.89,443.32,974.84,464.49
27.20966,969.345,454.045,963.49,444.92,975.2,463.17
27.213658,970.28,453.84000000000003,964.55,443.98,976.01,463.7
27.217656,969.96,452.16499999999996,964.42,443.71,975.5,460.62
27.221654,970.1099999999999,452.455,964.56,444.53,975.66,460.38
27.225653,970.95,450.105,966.39,439.35,975.51,460.86
27.229651,971.735,445.85,966.94,431.47,976.53,460.23
27.233649,970.4449999999999,442.385,965.73,425.18,975.16,459.59
27.237647,972.245,440.92,969.73,421.35,974.76,460.49
27.241645,972.985,441.66499999999996,970.62,421.71,975.35,461.62
27.245643,973.985,443.13,971.58,424.7,976.39,461.56
27.249643,973.865,444.035,970.8,427.47,976.93,460.6
27.253643,973.295,445.655,969.29,431.6,977.3,459.71
27.257643,973.81,444.18,971.14,429.69,976.48,458.67
27.261643,971.215,445.33000000000004,967.95,430.99,974.48,459.67
27.265643,971.835,444.78,969.82,429.83,973.85,459.73
27.269643,970.98,444.83,968.15,431.07,973.81,458.59
27.273643,970.11,446.96000000000004,966.35,434.19,973.87,459.73
27.277643,972.3299999999999,446.89,970.04,435.65,974.62,458.13
27.281643,972.825,446.525,969.45,436.4,976.2,456.65
27.285643,972.7049999999999,446.865,968.79,437.39,976.62,456.34
27.289642,972.7,445.91999999999996,968.92,438.02,976.48,453.82
27.293642,971.2249999999999,445.91999999999996,967.15,438.19,975.3,453.65
27.297642,972.22,444.74,968.31,436.13,976.13,453.35
27.301642,970.955,443.15,966.84,434.54,975.07,451.76
27.305642,971.61,441.26,967.33,433.9,975.89,448.62
27.309642,971.4100000000001,440.375,967.0,433.39,975.82,447.36
27.313642,971.575,440.52,966.87,433.21,976.28,447.83
27.317642,972.515,439.395,968.02,432.98,977.01,445.81
27.321642,971.2,439.195,966.91,432.33,975.49,446.06
27.325642,970.4549999999999,439.095,965.86,432.02,975.05,446.17
27.329642,970.19,438.61,966.34,432.45,974.04,444.77
27.333642,969.6949999999999,437.69,966.51,430.84,972.88,444.54
27.337642,971.265,438.24,968.05,430.76,974.48,445.72
27.341641,970.335,438.65999999999997,969.2,431.83,971.47,445.49
27.345641,971.4300000000001,439.825,970.22,432.27,972.64,447.38
27.349641,973.05,440.32,973.74,432.3,972.36,448.34
27.353641,972.9300000000001,441.25,973.54,433.4,972.32,449.1
27.357641,975.2950000000001,441.395,974.86,432.36,975.73,450.43
27.361641,973.865,442.11,973.52,433.55,974.21,450.67
27.365641,974.845,443.53999999999996,973.57,435.01,976.12,452.07
27.369641,975.5250000000001,443.955,974.07,436.57,976.98,451.34
27.373641,975.63,443.43,972.96,434.5,978.3,452.36
27.37764,974.245,443.82500000000005,972.73,434.74,975.76,452.91
27.381639,973.94,443.68,972.08,433.86,975.8,453.5
27.385637,975.595,443.135,971.1,431.94,980.09,454.33
27.389636,976.235,444.645,971.48,434.15,980.99,455.14
27.393635,976.815,444.28999999999996,969.84,432.4,983.79,456.18
27.397634,976.67,444.13,972.8,430.44,980.54,457.82
27.401633,976.36,443.79499999999996,971.65,430.28,981.07,457.31
27.405632,975.345,444.48,971.69,432.25,979.0,456.71
27.409631,977.1949999999999,445.33000000000004,972.89,432.8,981.5,457.86
27.41363,976.645,446.26,973.81,433.43,979.48,459.09
27.417628,977.1400000000001,446.92,975.96,436.68,978.32,457.16
27.421627,977.875,447.69500000000005,975.27,437.42,980.48,457.97
27.425626,977.37,449.245,973.96,440.39,980.78,458.1
27.429625,977.97,450.88,975.44,443.67,980.5,458.09
27.433624,976.635,452.645,972.43,446.65,980.84,458.64
27.437623,976.155,453.33,973.25,448.88,979.06,457.78
27.441622,977.4000000000001,454.96,973.57,452.64,981.23,457.28
27.44562,976.31,454.41499999999996,972.54,453.26,980.08,455.57
27.449618,975.94,456.025,970.31,454.6,981.57,457.45
27.453616,975.185,456.14,970.85,454.63,979.52,457.65
27.457613,974.79,455.815,970.37,454.19,979.21,457.44
27.461611,974.58,457.03499999999997,968.82,455.2,980.34,458.87
27.465608,974.1099999999999,457.82,968.29,455.06,979.93,460.58
27.469606,974.575,459.585,968.48,458.08,980.67,461.09
27.473604,971.8199999999999,460.795,967.28,458.47,976.36,463.12
27.477601,972.145,461.265,967.65,458.39,976.64,464.14
27.481599,969.66,462.56,967.31,458.7,972.01,466.42
27.485596,969.14,462.925,966.41,457.75,971.87,468.1
27.489594,968.265,464.35,964.98,459.2,971.55,469.5
27.493591,967.825,465.51,966.29,459.88,969.36,471.14
27.497589,965.315,466.21,966.26,460.52,964.37,471.9
27.501587,965.925,467.33,965.09,461.28,966.76,473.38
27.505584,964.72,468.4,965.0,462.26,964.44,474.54
27.509582,964.61,470.13,964.86,464.3,964.36,475.96
27.513579,964.735,470.655,964.69,463.53,964.78,477.78
27.517577,964.54,471.275,965.13,464.5,963.95,478.05
27.521574,964.505,471.59000000000003,964.87,464.17,964.14,479.01
27.525572,963.98,471.36,964.55,464.5,963.41,478.22
27.52957,963.15,472.64,964.15,466.37,962.15,478.91
27.533567,963.085,473.155,964.55,467.77,961.62,478.54
27.537565,962.94,473.835,964.28,468.02,961.6,479.65
27.541562,963.34,473.82500000000005,964.07,468.42,962.61,479.23
27.54556,963.27,473.605,964.45,468.97,962.09,478.24
27.549557,962.855,474.42,964.3,470.04,961.41,478.8
27.553555,962.285,474.44,964.55,470.96,960.02,477.92
27.557553,961.575,475.33,964.55,473.13,958.6,477.53
27.56155,962.525,474.935,965.41,472.21,959.64,477.66
27.565548,961.865,474.0,965.39,472.15,958.34,475.85
27.569545,961.76,474.21500000000003,965.79,473.05,957.73,475.38
27.573543,962.885,474.31,965.99,473.01,959.78,475.61
27.57754,962.915,473.855,966.77,472.58,959.06,475.13
27.581539,963.065,474.05,966.16,473.47,959.97,474.63
27.585537,963.4549999999999,474.43,965.99,473.16,960.92,475.7
27.589535,964.665,475.145,966.52,473.92,962.81,476.37
27.593533,964.99,474.73,967.36,473.31,962.62,476.15
27.597531,966.47,473.76,968.21,471.6,964.73,475.92
27.601529,967.355,473.175,968.71,471.1,966.0,475.25
27.605527,967.505,472.5,968.25,470.45,966.76,474.55
27.609525,967.385,471.16999999999996,968.23,468.28,966.54,474.06
27.613523,969.045,469.0,968.8,464.9,969.29,473.1
27.617521,970.485,466.9,970.22,462.67,970.75,471.13
27.621519,971.405,463.85,969.43,458.63,973.38,469.07
27.625517,973.435,462.94,971.62,459.82,975.25,466.06
27.629515,973.55,462.12,972.3,459.4,974.8,464.84
27.633513,974.44,461.53,972.62,457.1,976.26,465.96
27.637511,974.6,460.35,972.86,455.66,976.34,465.04
27.641509,975.5350000000001,459.875,972.7,455.44,978.37,464.31
27.645507,976.62,458.985,972.75,455.2,980.49,462.77
27.649507,979.785,457.59000000000003,975.28,452.94,984.29,462.24
27.653507,995.965,457.135,987.1,452.17,1004.83,462.1
27.657507,1051.685,455.375,1050.69,450.63,1052.68,460.12
27.661507,1098.83,455.91499999999996,1094.61,450.31,1103.05,461.52
27.665507,1119.585,454.74,1115.11,448.19,1124.06,461.29
27.669507,1127.51,453.305,1118.26,446.07,1136.76,460.54
27.673507,1132.2649999999999,451.89,1129.36,447.32,1135.17,456.46
27.677507,1132.145,449.605,1130.43,446.44,1133.86,452.77
27.681507,1127.375,451.04999999999995,1121.67,449.96,1133.08,452.14
27.685507,1125.1,449.725,1120.01,447.47,1130.19,451.98
27.689507,1122.355,450.32,1114.24,448.27,1130.47,452.37
27.693507,1125.24,451.145,1119.68,448.85,1130.8,453.44
27.697507,1129.77,448.225,1129.81,447.3,1129.73,449.15
27.701507,1128.8600000000001,448.735,1127.17,449.41,1130.55,448.06
27.705507,1132.495,450.24,1132.77,452.49,1132.22,447.99
27.709507,1131.7849999999999,450.86,1131.61,453.85,1131.96,447.87
27.713507,1133.2,452.70500000000004,1136.17,456.5,1130.23,448.91
27.717507,1134.03,453.67499999999995,1138.34,456.57,1129.72,450.78
27.721507,1132.48,453.87,1136.48,456.67,1128.48,451.07
27.725507,1134.98,454.53499999999997,1141.21,456.18,1128.75,452.89
27.729507,1134.69,455.47,1139.55,457.08,1129.83,453.86
27.733507,1134.95,456.355,1140.0,459.97,1129.9,452.74
27.737507,1136.4250000000002,455.22,1141.45,459.27,1131.4,451.17
27.741507,1135.2849999999999,453.54999999999995,1138.76,456.9,1131.81,450.2
27.745507,1133.9450000000002,456.23,1136.18,457.3,1131.71,455.16
27.749507,1134.77,457.86,1137.04,458.06,1132.5,457.66
27.753507,1133.335,456.625,1133.64,456.6,1133.03,456.65
27.757507,1131.235,453.185,1129.61,453.39,1132.86,452.98
27.761507,1131.16,450.53499999999997,1128.44,450.32,1133.88,450.75
27.765507,1131.31,453.595,1126.59,453.06,1136.03,454.13
27.769507,1130.705,454.735,1125.83,452.79,1135.58,456.68
27.773507,1130.6950000000002,454.645,1125.2,454.44,1136.19,454.85
27.777507,1130.0749999999998,453.515,1123.85,454.28,1136.3,452.75
27.781507,1130.005,451.96,1124.74,452.77,1135.27,451.15
27.785505,1128.85,453.04999999999995,1122.96,454.46,1134.74,451.64
27.789504,1129.7150000000001,451.8,1124.66,451.37,1134.77,452.23
27.793502,1128.5349999999999,453.975,1123.7,458.12,1133.37,449.83
27.797501,1128.975,455.67,1125.94,461.05,1132.01,450.29
27.801499,1127.42,459.80499999999995,1122.76,466.34,1132.08,453.27
27.805498,1127.35,461.02,1124.18,468.36,1130.52,453.68
27.809496,1126.79,462.255,1123.77,469.32,1129.81,455.19
27.813494,1126.705,460.9,1124.48,467.53,1128.93,454.27
27.817493,1126.045,461.39,1124.27,466.6,1127.82,456.18
27.821491,1125.7,463.96,1124.24,469.03,1127.16,458.89
27.82549,1123.88,466.54999999999995,1122.46,471.51,1125.3,461.59
27.829488,1122.1599999999999,468.12,1120.26,472.96,1124.06,463.28
27.833487,1121.8,468.325,1122.53,472.94,1121.07,463.71
27.837485,1120.22,469.38,1119.66,473.26,1120.78,465.5
27.841484,1118.1399999999999,470.04999999999995,1117.61,473.02,1118.67,467.08
27.845482,1118.3200000000002,469.48,1118.41,471.0,1118.23,467.96
27.849481,1117.56,470.08,1118.3,470.71,1116.82,469.45
27.853479,1116.625,470.58,1118.35,470.58,1114.9,470.58
27.857478,1115.87,472.625,1117.37,472.81,1114.37,472.44
27.861476,1115.42,473.65999999999997,1117.46,474.17,1113.38,473.15
27.865475,1114.895,473.765,1116.34,473.79,1113.45,473.74
27.869474,1115.075,472.70500000000004,1114.89,471.99,1115.26,473.42
27.873472,1116.385,471.04499999999996,1116.26,470.03,1116.51,472.06
27.877471,1116.725,470.235,1114.84,470.24,1118.61,470.23
27.881469,1118.17,467.74,1115.58,465.99,1120.76,469.49
27.885468,1119.195,464.405,1116.29,463.13,1122.1,465.68
27.889467,1120.19,460.79999999999995,1117.48,460.26,1122.9,461.34
27.893465,1121.28,457.91999999999996,1117.46,458.39,1125.1,457.45
27.897464,1123.22,455.575,1117.81,454.9,1128.63,456.25
27.901462,1124.45,453.635,1118.68,452.94,1130.22,454.33
27.905461,1125.575,452.275,1119.22,450.07,1131.93,454.48
27.90946,1126.44,450.04,1120.41,447.66,1132.47,452.42
27.913458,1126.77,448.53499999999997,1121.56,444.98,1131.98,452.09
27.917457,1128.25,447.975,1122.88,443.01,1133.62,452.94
27.921455,1129.84,447.575,1124.09,442.7,1135.59,452.45
27.925454,1130.6350000000002,447.79,1126.89,444.47,1134.38,451.11
27.929453,1131.4699999999998,448.77,1127.62,447.0,1135.32,450.54
27.933451,1131.76,448.41999999999996,1128.58,446.0,1134.94,450.84
27.93745,1133.54,449.08500000000004,1133.08,446.11,1134.0,452.06
27.941448,1134.17,448.85,1134.49,446.03,1133.85,451.67
27.945447,1133.195,449.53499999999997,1133.52,446.27,1132.87,452.8
27.949445,1133.845,449.555,1136.65,445.12,1131.04,453.99
27.953444,1133.22,453.005,1134.88,449.99,1131.56,456.02
27.957443,1133.07,454.4,1134.79,451.54,1131.35,457.26
27.961441,1132.4250000000002,455.81,1134.7,455.0,1130.15,456.62
27.96544,1132.2849999999999,457.265,1134.33,456.46,1130.24,458.07
27.969438,1131.835,457.685,1133.59,458.13,1130.08,457.24
27.973437,1132.045,459.08500000000004,1132.47,461.3,1131.62,456.87
27.977436,1132.62,459.15999999999997,1132.42,462.92,1132.82,455.4
27.981434,1133.095,459.80499999999995,1130.91,465.59,1135.28,454.02
27.985433,1133.24,460.33000000000004,1130.22,467.41,1136.26,453.25
27.989432,1133.925,459.905,1129.85,469.37,1138.0,450.44
27.993432,1134.72,459.15999999999997,1130.29,469.69,1139.15,448.63
27.997432,1136.77,456.82,1133.81,469.05,1139.73,444.59
28.001431,1137.625,455.69500000000005,1135.06,468.66,1140.19,442.73
28.005431,1140.58,453.35,1140.2,465.6,1140.96,441.1
28.00943,1141.095,452.85,1141.78,463.55,1140.41,442.15
28.01343,1142.245,452.885,1143.76,463.36,1140.73,442.41
28.01743,1141.545,450.345,1143.16,459.44,1139.93,441.25
28.021429,1139.94,450.695,1141.55,460.12,1138.33,441.27
28.025429,1139.06,449.805,1140.8,457.81,1137.32,441.8
28.029428,1139.1799999999998,449.36,1142.34,457.39,1136.02,441.33
28.033428,1139.705,449.01,1143.87,455.99,1135.54,442.03
28.037427,1138.2649999999999,448.75,1141.66,455.59,1134.87,441.91
28.041427,1136.7399999999998,450.155,1139.12,457.59,1134.36,442.72
28.045427,1134.0349999999999,452.145,1134.83,460.28,1133.24,444.01
28.049427,1132.5349999999999,455.44,1132.62,463.86,1132.45,447.02
28.053428,1130.54,458.88,1129.89,465.59,1131.19,452.17
28.057429,1131.245,460.15,1131.22,467.6,1131.27,452.7
28.061429,1131.0349999999999,460.885,1131.06,468.59,1131.01,453.18
28.06543,1130.65,461.255,1130.73,468.88,1130.57,453.63
28.069431,1129.93,463.155,1129.9,470.98,1129.96,455.33
28.073431,1129.725,465.515,1129.77,472.71,1129.68,458.32
28.077432,1129.1799999999998,467.945,1130.12,473.46,1128.24,462.43
28.081433,1130.7649999999999,467.775,1133.85,475.16,1127.68,460.39
28.085433,1130.7150000000001,469.54499999999996,1133.96,474.84,1127.47,464.25
28.089434,1131.555,470.21,1134.91,473.15,1128.2,467.27
28.093435,1130.21,468.435,1132.69,469.83,1127.73,467.04
28.097435,1131.17,466.805,1134.54,468.37,1127.8,465.24
28.101436,1131.005,466.865,1132.5,471.16,1129.51,462.57
28.105437,1130.01,466.525,1130.54,467.43,1129.48,465.62
28.109437,1129.98,466.185,1129.2,467.26,1130.76,465.11
28.113438,1130.44,463.56,1130.44,467.13,1130.44,459.99
28.117439,1129.36,464.885,1129.6,467.02,1129.12,462.75
28.121439,1128.3249999999998,465.1,1127.11,465.74,1129.54,464.46
28.12544,1129.245,464.65,1128.36,464.4,1130.13,464.9
28.129441,1127.77,462.075,1126.27,463.78,1129.27,460.37
28.133441,1128.4,462.595,1125.92,464.07,1130.88,461.12
28.137442,1129.305,462.095,1125.16,463.63,1133.45,460.56
28.141443,1129.67,461.505,1125.0,461.85,1134.34,461.16
28.145443,1132.8899999999999,461.875,1130.5,459.66,1135.28,464.09
28.149444,1157.27,460.07500000000005,1146.54,458.85,1168.0,461.3
28.153445,1200.77,460.31,1193.82,459.76,1207.72,460.86
28.157445,1223.94,461.075,1223.0,461.19,1224.88,460.96
28.161446,1236.095,460.685,1232.88,460.02,1239.31,461.35
28.165447,1236.725,459.40999999999997,1239.33,460.17,1234.12,458.65
28.169447,1232.2849999999999,459.4,1231.82,461.56,1232.75,457.24
28.173448,1231.9099999999999,459.735,1231.27,461.86,1232.55,457.61
28.177449,1233.0149999999999,458.94,1233.11,461.37,1232.92,456.51
28.181449,1230.3600000000001,457.795,1227.8,461.74,1232.92,453.85
28.18545,1227.0749999999998,457.185,1221.37,463.1,1232.78,451.27
28.189451,1231.21,457.44,1229.55,463.89,1232.87,450.99
28.193452,1231.0149999999999,457.02,1228.56,465.74,1233.47,448.3
28.197453,1235.5500000000002,457.56,1237.14,465.12,1233.96,450.0
28.201454,1235.66,457.96000000000004,1236.69,465.23,1234.63,450.69
28.205455,1232.745,457.495,1232.29,465.53,1233.2,449.46
28.209457,1232.41,456.81,1231.14,462.44,1233.68,451.18
28.213458,1230.96,457.52,1228.17,463.72,1233.75,451.32
28.217459,1233.395,457.2,1232.43,462.65,1234.36,451.75
28.22146,1235.525,457.83500000000004,1236.13,462.74,1234.92,452.93
28.225461,1233.915,457.48,1232.65,461.52,1235.18,453.44
28.229463,1235.85,458.28999999999996,1236.4,461.44,1235.3,455.14
28.233464,1234.905,459.185,1234.6,462.68,1235.21,455.69
28.237465,1235.6,458.675,1235.42,461.29,1235.78,456.06
28.241466,1234.6950000000002,458.45,1232.95,462.13,1236.44,454.77
28.245467,1233.345,457.21500000000003,1230.54,461.88,1236.15,452.55
28.249468,1232.17,456.29499999999996,1228.33,461.44,1236.01,451.15
28.253468,1231.9250000000002,455.75,1227.88,463.11,1235.97,448.39
28.257468,1232.5700000000002,455.6,1228.69,463.34,1236.45,447.86
28.261468,1231.3,452.805,1226.6,462.32,1236.0,443.29
28.265468,1230.755,452.41999999999996,1225.06,462.07,1236.45,442.77
28.269468,1230.83,452.14,1223.49,462.8,1238.17,441.48
28.273469,1231.225,452.96500000000003,1222.8,464.13,1239.65,441.8
28.277469,1231.295,452.8,1221.75,462.48,1240.84,443.12
28.281469,1232.125,453.32500000000005,1221.6,463.1,1242.65,443.55
28.285469,1232.9050000000002,454.69500000000005,1221.93,464.73,1243.88,444.66
28.289469,1232.6399999999999,453.99,1221.28,463.64,1244.0,444.34
28.293469,1233.6,453.03999999999996,1221.8,461.93,1245.4,444.15
28.29747,1233.83,453.135,1221.98,462.5,1245.68,443.77
28.30147,1233.55,452.835,1220.87,460.53,1246.23,445.14
28.30547,1233.72,452.65999999999997,1219.99,459.88,1247.45,445.44
28.30947,1233.545,451.65999999999997,1219.23,457.21,1247.86,446.11
28.31347,1233.49,451.79499999999996,1218.85,458.4,1248.13,445.19
28.31747,1232.835,449.245,1217.37,456.52,1248.3,441.97
28.321471,1233.1399999999999,447.54499999999996,1216.95,456.39,1249.33,438.7
28.325471,1232.175,445.065,1216.78,451.98,1247.57,438.15
28.329471,1231.42,442.83500000000004,1216.03,449.99,1246.81,435.68
28.333471,1232.6799999999998,440.595,1219.11,448.17,1246.25,433.02
28.337471,1233.795,441.31,1220.43,448.36,1247.16,434.26
28.341472,1235.15,440.495,1222.53,448.7,1247.77,432.29
28.345472,1238.48,440.65,1228.1,449.23,1248.86,432.07
28.349472,1238.805,440.43,1229.66,449.94,1247.95,430.92
28.353472,1240.505,441.74,1232.79,451.29,1248.22,432.19
28.357472,1243.0349999999999,443.775,1237.86,453.95,1248.21,433.6
28.361472,1240.675,447.19,1235.54,455.95,1245.81,438.43
28.365473,1240.645,450.12,1237.52,455.81,1243.77,444.43
28.369473,1239.8049999999998,452.69,1236.59,456.01,1243.02,449.37
28.373473,1240.0500000000002,452.43,1236.89,455.67,1243.21,449.19
28.377473,1240.06,455.9,1237.35,459.2,1242.77,452.6
28.381473,1238.955,456.775,1236.67,459.3,1241.24,454.25
28.385473,1238.025,456.73,1234.46,459.95,1241.59,453.51
28.389474,1235.77,458.245,1232.78,459.88,1238.76,456.61
28.393474,1235.075,459.38,1232.49,460.38,1237.66,458.38
28.397475,1234.27,460.185,1232.34,461.22,1236.2,459.15
28.401475,1231.645,460.27,1228.25,461.06,1235.04,459.48
28.405476,1231.62,459.70500000000004,1227.41,461.69,1235.83,457.72
28.409477,1231.745,458.645,1227.15,462.09,1236.34,455.2
28.413478,1231.9499999999998,459.56,1227.37,465.89,1236.53,453.23
28.417478,1230.76,459.07000000000005,1226.12,467.35,1235.4,450.79
28.421479,1231.0549999999998,458.17999999999995,1226.09,466.33,1236.02,450.03
28.42548,1231.125,458.49,1227.05,468.21,1235.2,448.77
28.429481,1231.955,458.13,1227.77,465.94,1236.14,450.32
28.433482,1246.3600000000001,457.385,1233.32,465.98,1259.4,448.79
28.437482,1273.805,456.8,1258.23,465.42,1289.38,448.18
28.441483,1289.4299999999998,456.06,1278.32,462.77,1300.54,449.35
28.445484,1295.455,454.13,1294.06,459.52,1296.85,448.74
28.449485,1294.205,453.94,1292.32,458.51,1296.09,449.37
28.453485,1293.8600000000001,453.23,1287.63,459.14,1300.09,447.32
28.457486,1299.99,452.86,1298.68,458.81,1301.3,446.91
28.461487,1299.525,450.645,1297.31,457.25,1301.74,444.04
28.465488,1303.375,447.405,1302.23,456.29,1304.52,438.52
28.469488,1303.6950000000002,447.41999999999996,1303.23,456.84,1304.16,438.0
28.473489,1305.5,446.98,1305.22,459.38,1305.78,434.58
28.47749,1306.105,444.61,1305.82,457.74,1306.39,431.48
28.48149,1306.4450000000002,444.605,1306.99,458.33,1305.9,430.88
28.485491,1306.13,442.84000000000003,1306.76,457.51,1305.5,428.17
28.489492,1306.77,440.95000000000005,1306.43,454.3,1307.11,427.6
28.493493,1305.635,441.2,1303.26,454.34,1308.01,428.06
28.497493,1307.695,438.17,1305.83,447.3,1309.56,429.04
28.501494,1307.755,437.245,1305.5,445.25,1310.01,429.24
28.505495,1308.185,436.1,1305.87,441.96,1310.5,430.24
28.509495,1307.365,435.015,1304.1,436.4,1310.63,433.63
28.513496,1306.9650000000001,434.03499999999997,1303.04,434.94,1310.89,433.13
28.517497,1306.355,432.905,1301.6,431.24,1311.11,434.57
28.521497,1306.285,432.68499999999995,1300.18,428.03,1312.39,437.34
28.525498,1306.37,434.265,1299.64,428.91,1313.1,439.62
28.529499,1306.71,432.555,1300.12,425.94,1313.3,439.17
28.5335,1307.0500000000002,435.63,1300.13,431.24,1313.97,440.02
28.5375,1308.0900000000001,433.935,1301.71,430.69,1314.47,437.18
28.541501,1310.15,434.99,1305.02,436.4,1315.28,433.58
28.545502,1311.02,432.38,1304.99,438.21,1317.05,426.55
28.549502,1312.0349999999999,434.105,1306.58,437.78,1317.49,430.43
28.553503,1312.155,434.49,1307.62,441.21,1316.69,427.77
28.557504,1310.615,437.015,1305.29,444.57,1315.94,429.46
28.561505,1311.375,437.205,1305.41,447.39,1317.34,427.02
28.565505,1311.195,435.805,1304.87,447.19,1317.52,424.42
28.569506,1310.8,436.46500000000003,1303.03,448.24,1318.57,424.69
28.573507,1311.365,437.04,1304.88,450.48,1317.85,423.6
28.577507,1310.935,437.81,1306.26,451.82,1315.61,423.8
28.581508,1309.05,438.22,1303.23,452.78,1314.87,423.66
28.585509,1308.99,436.17999999999995,1304.77,449.03,1313.21,423.33
28.58951,1307.845,436.5,1303.71,447.49,1311.98,425.51
28.59351,1306.22,437.33500000000004,1302.45,449.49,1309.99,425.18
28.597511,1303.8000000000002,437.62,1299.14,450.34,1308.46,424.9
28.601512,1304.1599999999999,436.74,1300.05,448.02,1308.27,425.46
28.605514,1304.6100000000001,438.605,1300.9,450.72,1308.32,426.49
28.609515,1304.0,438.56,1300.09,450.41,1307.91,426.71
28.613516,1303.06,438.775,1300.71,451.16,1305.41,426.39
28.617518,1301.925,437.865,1300.05,450.85,1303.8,424.88
28.621519,1301.195,436.8,1298.53,449.67,1303.86,423.93
28.62552,1302.12,436.815,1300.45,452.05,1303.79,421.58
28.629522,1302.19,438.33500000000004,1299.39,455.48,1304.99,421.19
28.633523,1300.86,439.57000000000005,1297.11,457.22,1304.61,421.92
28.637524,1301.115,440.155,1296.78,458.44,1305.45,421.87
28.641526,1301.775,440.52,1296.13,458.75,1307.42,422.29
28.645527,1301.38,440.895,1296.01,458.64,1306.75,423.15
28.649528,1300.795,442.71000000000004,1294.55,460.45,1307.04,424.97
28.653528,1299.6599999999999,443.55,1295.03,461.18,1304.29,425.92
28.657529,1299.17,443.56,1294.24,460.67,1304.1,426.45
28.66153,1295.245,447.49,1288.55,463.64,1301.94,431.34
28.66553,1252.815,450.35,1221.39,465.78,1284.24,434.92
28.669531,1237.7350000000001,451.63,1211.49,465.34,1263.98,437.92
28.673532,1233.245,451.88,1209.41,464.53,1257.08,439.23
28.677532,1254.725,454.54999999999995,1252.71,468.15,1256.74,440.95
28.681533,1268.0749999999998,454.45500000000004,1271.86,467.37,1264.29,441.54
28.685534,1263.38,455.27,1264.22,468.44,1262.54,442.1
28.689535,1262.16,457.46,1265.17,471.08,1259.15,443.84
28.693535,1254.595,457.69000000000005,1252.95,471.97,1256.24,443.41
28.697536,1254.565,459.03999999999996,1255.46,473.57,1253.67,444.51
28.701537,1253.815,459.28999999999996,1255.76,473.56,1251.87,445.02
28.705537,1252.65,459.52,1257.09,473.87,1248.21,445.17
28.709538,1251.325,460.13,1254.18,475.34,1248.47,444.92
28.713539,1253.31,461.255,1258.25,475.38,1248.37,447.13
28.71754,1252.975,461.79,1256.91,477.1,1249.04,446.48
28.72154,1252.8,461.2,1256.81,476.33,1248.79,446.07
28.725541,1252.22,461.9,1255.94,475.96,1248.5,447.84
28.729542,1251.78,462.135,1256.75,474.62,1246.81,449.65
28.733542,1250.79,463.575,1255.59,476.28,1245.99,450.87
28.737543,1249.4850000000001,463.615,1253.41,476.13,1245.56,451.1
28.741544,1247.585,464.16999999999996,1250.96,476.77,1244.21,451.57
28.745544,1247.375,465.265,1251.48,476.42,1243.27,454.11
28.749545,1246.165,464.52,1248.67,476.0,1243.66,453.04
28.753546,1246.35,464.56,1248.59,474.48,1244.11,454.64
28.757547,1245.845,464.185,1247.5,473.93,1244.19,454.44
28.761547,1246.125,462.78999999999996,1246.9,473.89,1245.35,451.69
28.765548,1244.92,464.89,1243.72,472.81,1246.12,456.97
28.769549,1244.3200000000002,462.725,1243.94,473.72,1244.7,451.73
28.773549,1246.7849999999999,462.77,1245.77,475.45,1247.8,450.09
28.77755,1244.3600000000001,460.28,1242.31,472.11,1246.41,448.45
28.781551,1244.935,461.09000000000003,1240.38,471.6,1249.49,450.58
28.785552,1246.835,459.305,1244.11,471.35,1249.56,447.26
28.789552,1247.025,456.565,1244.04,465.45,1250.01,447.68
28.793553,1248.6,455.8,1247.96,463.38,1249.24,448.22
28.797554,1249.46,457.9,1249.61,466.78,1249.31,449.02
28.801554,1253.47,456.16499999999996,1256.23,465.12,1250.71,447.21
28.805554,1254.03,454.74,1257.46,463.34,1250.6,446.14
28.809553,1253.765,454.79999999999995,1257.4,464.2,1250.13,445.4
28.813552,1254.395,455.90999999999997,1256.48,465.29,1252.31,446.53
28.817551,1253.0500000000002,454.56,1254.71,464.22,1251.39,444.9
28.82155,1254.9450000000002,454.575,1256.18,465.45,1253.71,443.7
28.82555,1253.48,453.13,1252.79,466.3,1254.17,439.96
28.829549,1253.945,452.41999999999996,1252.11,466.33,1255.78,438.51
28.833548,1254.105,453.685,1251.97,469.23,1256.24,438.14
28.837547,1251.995,455.225,1246.27,471.39,1257.72,439.06
28.841546,1250.745,453.36,1243.33,470.11,1258.16,436.61
28.845546,1250.415,452.51,1243.3,468.99,1257.53,436.03
28.849544,1249.025,449.855,1240.49,464.82,1257.56,434.89
28.853543,1249.585,447.24,1240.81,460.64,1258.36,433.84
28.857542,1249.335,447.31,1239.98,460.73,1258.69,433.89
28.861541,1249.22,449.4,1240.19,463.77,1258.25,435.03
28.86554,1249.1599999999999,450.28,1240.62,463.49,1257.7,437.07
28.869538,1248.815,451.515,1240.83,463.06,1256.8,439.97
28.873537,1248.995,453.28,1241.91,464.93,1256.08,441.63
28.877536,1248.6100000000001,452.91999999999996,1241.0,463.13,1256.22,442.71
28.881535,1249.4,452.97,1241.3,463.89,1257.5,442.05
28.885534,1249.795,452.63,1240.63,463.12,1258.96,442.14
28.889533,1251.47,452.1,1241.93,463.77,1261.01,440.43
28.893531,1252.215,451.25,1242.06,462.62,1262.37,439.88
28.89753,1251.915,451.42499999999995,1240.77,461.7,1263.06,441.15
28.901529,1252.49,453.23,1242.32,464.11,1262.66,442.35
28.905528,1254.72,452.22,1244.42,464.53,1265.02,439.91
28.909527,1263.03,452.815,1255.85,465.86,1270.21,439.77
28.913525,1284.185,449.62,1289.35,460.73,1279.02,438.51
28.917524,1297.4850000000001,449.205,1308.84,460.21,1286.13,438.2
28.921523,1289.055,446.445,1293.89,456.39,1284.22,436.5
28.925522,1284.665,442.245,1288.35,452.39,1280.98,432.1
28.929521,1281.47,440.92,1282.49,449.37,1280.45,432.47
28.93352,1285.63,441.46500000000003,1282.78,449.88,1288.48,433.05
28.937518,1284.71,439.385,1280.95,447.48,1288.47,431.29
28.941517,1289.475,437.75,1287.15,446.33,1291.8,429.17
28.945516,1291.77,435.76,1287.51,443.81,1296.03,427.71
28.949515,1292.635,434.36,1289.26,443.83,1296.01,424.89
28.953514,1292.69,433.87,1288.55,442.69,1296.83,425.05
28.957512,1291.915,433.465,1288.03,444.15,1295.8,422.78
28.961511,1290.57,432.63,1285.6,442.32,1295.54,422.94
28.96551,1289.7649999999999,435.945,1285.07,447.82,1294.46,424.07
28.969509,1289.7849999999999,436.02,1284.49,446.91,1295.08,425.13
28.973508,1290.375,437.435,1284.69,449.91,1296.06,424.96
28.977507,1290.115,438.385,1284.84,451.43,1295.39,425.34
28.981505,1290.295,442.08,1285.11,456.32,1295.48,427.84
28.985504,1290.625,444.645,1285.39,459.29,1295.86,430.0
28.989503,1290.055,445.88,1284.94,461.11,1295.17,430.65
28.993502,1290.3600000000001,446.65999999999997,1285.23,462.0,1295.49,431.32
28.997501,1289.525,446.13,1285.18,460.46,1293.87,431.8
29.001499,1289.315,448.42999999999995,1285.07,463.71,1293.56,433.15
29.005498,1288.155,450.375,1284.07,467.27,1292.24,433.48
29.009493,1287.48,449.11,1282.92,464.9,1292.04,433.32
29.013489,1288.155,449.52,1283.79,465.05,1292.52,433.99
29.017484,1288.71,450.845,1284.45,466.43,1292.97,435.26
29.021479,1289.9099999999999,452.525,1286.07,468.27,1293.75,436.78
29.025474,1289.8049999999998,451.71000000000004,1286.55,466.12,1293.06,437.3
29.02947,1290.22,451.52,1287.98,465.3,1292.46,437.74
29.033465,1290.3,451.895,1290.12,465.0,1290.48,438.79
29.03746,1289.92,451.395,1288.86,463.04,1290.98,439.75
29.041455,1290.795,451.88,1290.89,462.63,1290.7,441.13
29.045451,1289.675,451.34000000000003,1289.33,460.37,1290.02,442.31
29.049445,1290.7600000000002,451.495,1290.63,459.89,1290.89,443.1
29.053439,1292.095,451.805,1292.98,460.72,1291.21,442.89
29.057434,1292.88,451.11,1294.3,458.6,1291.46,443.62
29.061428,1292.605,450.43,1293.81,457.38,1291.4,443.48
29.065423,1291.275,449.225,1292.22,456.01,1290.33,442.44
29.069417,1291.665,448.46000000000004,1291.99,454.87,1291.34,442.05
29.073411,1289.9099999999999,448.01,1289.24,455.06,1290.58,440.96
29.077406,1290.125,446.76,1288.36,453.47,1291.89,440.05
29.0814,1289.795,445.30999999999995,1288.32,452.53,1291.27,438.09
29.085394,1288.31,443.74,1286.09,451.98,1290.53,435.5
29.089389,1286.95,442.80499999999995,1283.15,453.46,1290.75,432.15
29.093383,1287.73,440.395,1283.87,452.31,1291.59,428.48
29.097377,1286.3899999999999,439.0,1281.86,449.67,1290.92,428.33
29.101372,1285.7,439.815,1280.65,450.0,1290.75,429.63
29.105366,1286.125,440.375,1280.3,450.85,1291.95,429.9
29.10936,1286.91,440.28999999999996,1280.89,451.12,1292.93,429.46
29.113355,1286.9499999999998,439.68,1281.03,452.05,1292.87,427.31
29.117349,1287.3400000000001,437.85,1281.28,450.58,1293.4,425.12
29.121344,1286.85,437.345,1279.99,448.96,1293.71,425.73
29.125338,1287.85,438.335,1281.3,451.34,1294.4,425.33
29.129332,1288.1,437.405,1281.42,450.1,1294.78,424.71
29.133327,1289.37,437.755,1282.64,450.44,1296.1,425.07
29.137321,1289.4099999999999,438.46500000000003,1283.6,450.61,1295.22,426.32
29.141315,1288.72,438.245,1283.06,449.18,1294.38,427.31
29.14531,1289.4,440.105,1284.23,452.53,1294.57,427.68
29.149304,1288.0149999999999,438.96500000000003,1281.97,451.62,1294.06,426.31
29.153298,1287.475,439.975,1281.84,452.47,1293.11,427.48
29.157293,1285.9499999999998,438.23,1280.11,449.7,1291.79,426.76
29.161287,1286.6950000000002,441.055,1281.25,451.41,1292.14,430.7
29.165282,1284.76,441.88,1279.45,454.15,1290.07,429.61
29.169276,1285.72,441.855,1281.18,453.66,1290.26,430.05
29.17327,1285.205,442.8,1281.0,454.61,1289.41,430.99
29.177265,1285.545,443.625,1281.95,455.22,1289.14,432.03
29.181259,1284.51,444.68,1280.2,456.82,1288.82,432.54
29.185253,1284.6999999999998,445.79999999999995,1279.61,458.84,1289.79,432.76
29.189248,1284.7350000000001,446.125,1279.63,460.3,1289.84,431.95
29.193242,1284.63,446.525,1280.09,460.44,1289.17,432.61
29.197236,1283.78,446.6,1279.49,461.49,1288.07,431.71
29.201231,1285.43,446.58,1281.64,461.63,1289.22,431.53
29.205225,1285.415,446.545,1281.76,462.36,1289.07,430.73
29.209219,1285.54,446.76,1282.76,462.8,1288.32,430.72
29.213216,1284.8200000000002,448.11,1282.24,464.94,1287.4,431.28
29.217212,1283.7649999999999,448.68499999999995,1281.24,466.28,1286.29,431.09
29.221208,1283.19,449.055,1279.97,466.2,1286.41,431.91
29.225205,1283.04,449.32500000000005,1279.55,465.92,1286.53,432.73
29.229201,1282.595,449.555,1279.89,465.81,1285.3,433.3
29.233197,1282.535,450.06,1279.94,465.79,1285.13,434.33
29.237194,1282.495,451.08000000000004,1279.94,466.29,1285.05,435.87
29.24119,1283.685,450.86,1280.46,465.64,1286.91,436.08
29.245186,1282.67,452.44,1279.68,466.63,1285.66,438.25
29.249188,1281.96,453.085,1278.55,467.83,1285.37,438.34
29.253189,1281.8400000000001,454.53,1277.75,468.2,1285.93,440.86
29.257191,1281.855,455.475,1277.11,468.36,1286.6,442.59
29.261192,1281.1599999999999,455.83,1276.08,468.4,1286.24,443.26
29.265194,1280.375,456.16499999999996,1275.35,469.2,1285.4,443.13
29.269195,1280.385,454.34000000000003,1275.53,467.8,1285.24,440.88
29.273196,1279.7150000000001,453.96500000000003,1274.24,466.46,1285.19,441.47
29.277198,1280.6999999999998,453.025,1275.54,465.69,1285.86,440.36
29.281199,1279.885,452.625,1273.18,464.75,1286.59,440.5
29.285201,1279.635,452.125,1273.19,463.5,1286.08,440.75
29.289202,1279.31,452.67999999999995,1272.49,464.28,1286.13,441.08
29.293204,1280.5,453.34000000000003,1274.54,464.71,1286.46,441.97
29.297205,1279.6,452.0,1273.27,464.88,1285.93,439.12
29.301207,1280.08,451.195,1274.4,465.44,1285.76,436.95
29.305208,1282.355,449.88,1276.91,463.71,1287.8,436.05
29.30921,1283.65,449.14,1277.68,463.85,1289.62,434.43
29.313211,1284.865,449.395,1279.15,464.58,1290.58,434.21
29.317213,1285.51,449.845,1280.6,465.38,1290.42,434.31
29.321214,1285.205,450.65999999999997,1280.34,466.82,1290.07,434.5
29.325216,1285.745,451.21,1280.42,467.02,1291.07,435.4
29.329217,1285.54,449.95,1280.76,466.13,1290.32,433.77
29.333219,1287.4650000000001,448.26,1283.88,465.1,1291.05,431.42
29.33722,1295.23,447.29999999999995,1293.39,464.33,1297.07,430.27
29.341222,1320.7350000000001,444.87,1311.02,459.66,1330.45,430.08
29.345223,1342.115,444.505,1335.75,457.41,1348.48,431.6
29.349225,1336.37,445.37,1332.23,458.21,1340.51,432.53
29.353226,1324.755,445.92499999999995,1322.76,459.78,1326.75,432.07
29.357227,1320.66,446.805,1316.19,458.51,1325.13,435.1
29.361229,1327.525,447.82,1321.95,459.56,1333.1,436.08
29.36523,1329.0349999999999,446.135,1323.77,456.7,1334.3,435.57
29.369232,1333.69,445.93,1324.95,457.56,1342.43,434.3
29.373233,1334.79,445.245,1326.38,457.4,1343.2,433.09
29.377235,1334.875,445.035,1326.68,455.1,1343.07,434.97
29.381236,1335.13,445.18,1326.62,454.63,1343.64,435.73
29.385238,1333.56,447.405,1325.37,457.1,1341.75,437.71
29.389239,1331.755,448.71000000000004,1323.2,458.41,1340.31,439.01
29.393241,1330.66,448.46,1321.63,458.65,1339.69,438.27
29.397242,1330.82,447.6,1321.11,456.47,1340.53,438.73
29.401244,1331.15,446.875,1321.16,456.7,1341.14,437.05
29.405245,1331.73,446.585,1320.76,456.15,1342.7,437.02
29.409247,1331.02,446.125,1320.92,456.76,1341.12,435.49
29.413248,1330.565,446.915,1320.76,457.73,1340.37,436.1
29.417251,1330.3600000000001,448.53499999999997,1321.45,458.46,1339.27,438.61
29.421254,1331.12,450.02,1323.39,459.82,1338.85,440.22
29.425256,1333.94,450.275,1327.4,460.48,1340.48,440.07
29.429259,1335.125,450.87,1330.28,460.99,1339.97,440.75
29.433262,1335.1100000000001,448.67999999999995,1329.48,461.59,1340.74,435.77
29.437265,1335.125,445.845,1329.99,461.09,1340.26,430.6
29.441267,1334.67,446.22,1329.25,463.73,1340.09,428.71
29.44527,1336.03,447.115,1330.61,464.92,1341.45,429.31
29.449272,1336.54,448.82000000000005,1332.21,466.67,1340.87,430.97
29.453273,1337.795,448.78499999999997,1333.99,468.23,1341.6,429.34
29.457274,1338.495,449.095,1335.06,468.06,1341.93,430.13
29.461276,1338.6100000000001,447.735,1335.18,468.96,1342.04,426.51
29.465277,1338.245,449.535,1333.73,470.47,1342.76,428.6
29.469279,1337.315,449.07,1332.94,469.65,1341.69,428.49
29.47328,1336.905,446.205,1331.97,466.14,1341.84,426.27
29.477281,1336.625,446.43,1331.88,465.76,1341.37,427.1
29.481283,1335.825,447.64,1332.27,466.51,1339.38,428.77
29.485284,1336.31,443.57,1332.68,457.08,1339.94,430.06
29.489286,1335.71,443.99,1332.97,456.24,1338.45,431.74
29.493287,1334.365,444.275,1331.84,459.02,1336.89,429.53
29.497288,1334.195,440.975,1332.11,451.84,1336.28,430.11
29.50129,1332.9899999999998,439.93,1331.11,451.62,1334.87,428.24
29.505291,1332.56,439.66499999999996,1331.86,451.58,1333.26,427.75
29.509293,1334.4099999999999,437.6,1336.32,448.45,1332.5,426.75
29.513294,1335.8249999999998,436.24,1339.28,447.68,1332.37,424.8
29.517295,1336.6999999999998,435.99,1340.8,450.31,1332.6,421.67
29.521297,1336.965,434.46500000000003,1341.32,448.74,1332.61,420.19
29.525298,1338.8200000000002,437.43,1341.97,455.26,1335.67,419.6
29.529299,1339.17,435.31,1341.7,452.13,1336.64,418.49
29.533301,1338.745,434.76,1341.23,453.09,1336.26,416.43
29.537302,1340.595,436.6,1341.17,457.95,1340.02,415.25
29.541304,1341.625,435.6,1341.11,458.08,1342.14,413.12
29.545305,1341.05,435.08000000000004,1339.27,457.5,1342.83,412.66
29.549306,1342.1,436.57,1339.96,460.26,1344.24,412.88
29.553308,1340.615,437.135,1336.45,460.33,1344.78,413.94
29.557309,1338.9650000000001,438.925,1332.02,460.61,1345.91,417.24
29.561311,1339.315,439.08000000000004,1330.35,460.37,1348.28,417.79
29.565312,1338.935,438.645,1329.46,459.71,1348.41,417.58
29.569313,1336.6599999999999,440.05499999999995,1327.75,458.84,1345.57,421.27
29.573315,1335.37,439.69,1327.5,458.02,1343.24,421.36
29.577316,1335.77,440.195,1327.3,458.25,1344.24,422.14
29.581318,1336.02,440.565,1330.65,459.07,1341.39,422.06
29.585319,1334.625,438.515,1330.4,455.48,1338.85,421.55
29.58932,1335.75,439.935,1332.66,456.23,1338.84,423.64
29.593322,1334.1950000000002,439.65999999999997,1329.41,453.06,1338.98,426.26
29.597323,1335.355,440.71,1331.8,456.78,1338.91,424.64
29.601325,1335.855,439.595,1333.45,456.23,1338.26,422.96
29.605326,1335.865,439.04499999999996,1333.95,457.82,1337.78,420.27
29.609327,1336.185,440.28499999999997,1333.44,457.05,1338.93,423.52
29.613329,1336.495,441.925,1334.4,458.62,1338.59,425.23
29.61733,1337.26,441.51,1334.06,460.23,1340.46,422.79
29.621332,1337.335,440.36,1333.24,458.77,1341.43,421.95
29.625333,1336.24,439.265,1329.82,455.13,1342.66,423.4
29.629335,1336.905,443.57,1329.25,458.46,1344.56,428.68
29.633336,1338.5149999999999,444.16999999999996,1331.23,460.2,1345.8,428.14
29.637338,1339.305,443.635,1331.73,460.39,1346.88,426.88
29.64134,1339.73,441.49,1332.18,457.42,1347.28,425.56
29.645341,1340.4099999999999,442.28,1334.95,456.77,1345.87,427.79
29.649341,1340.72,442.385,1334.18,454.27,1347.26,430.5
29.653341,1338.175,443.095,1331.56,453.35,1344.79,432.84
29.657341,1338.3049999999998,440.55,1331.49,451.61,1345.12,429.49
29.661341,1338.4299999999998,441.27,1332.57,451.73,1344.29,430.81
29.665342,1337.99,440.395,1331.56,451.09,1344.42,429.7
29.669342,1338.6100000000001,442.71500000000003,1333.69,454.49,1343.53,430.94
29.673342,1337.885,442.775,1334.15,455.14,1341.62,430.41
29.677342,1334.835,442.275,1331.28,454.85,1338.39,429.7
29.681342,1333.99,442.73,1331.57,455.74,1336.41,429.72
29.685342,1333.175,443.815,1331.06,456.87,1335.29,430.76
29.689342,1332.5900000000001,443.985,1329.15,457.22,1336.03,430.75
29.693342,1331.37,445.095,1329.01,459.33,1333.73,430.86
29.697342,1330.9,446.03,1328.92,462.1,1332.88,429.96
29.701342,1330.225,447.15,1329.46,463.52,1330.99,430.78
29.705342,1330.3,447.78,1329.1,464.38,1331.5,431.18
29.709342,1330.6,449.49,1330.27,466.58,1330.93,432.4
29.713342,1329.1950000000002,448.655,1327.66,465.67,1330.73,431.64
29.717342,1329.2649999999999,449.145,1327.68,465.79,1330.85,432.5
29.721342,1329.185,450.57,1326.37,468.65,1332.0,432.49
29.725342,1329.245,450.11,1326.51,468.26,1331.98,431.96
29.729342,1330.065,450.305,1326.33,468.81,1333.8,431.8
29.733342,1329.12,450.095,1323.84,468.4,1334.4,431.79
29.737343,1332.225,450.41499999999996,1328.93,468.75,1335.52,432.08
29.741343,1331.3249999999998,450.67499999999995,1326.84,469.33,1335.81,432.02
29.745343,1331.7649999999999,450.57,1325.75,470.2,1337.78,430.94
29.749343,1333.095,450.53,1327.73,471.56,1338.46,429.5
29.753343,1332.75,449.395,1325.89,471.26,1339.61,427.53
29.757343,1331.33,449.68,1322.51,473.13,1340.15,426.23
29.761343,1332.37,447.795,1323.62,471.24,1341.12,424.35
29.765343,1333.355,447.97,1324.56,472.11,1342.15,423.83
29.769343,1332.79,446.195,1322.37,468.88,1343.21,423.51
29.773343,1333.4250000000002,444.44,1324.65,466.24,1342.2,422.64
29.777343,1333.46,443.51,1325.21,466.1,1341.71,420.92
29.781343,1333.0549999999998,443.59000000000003,1324.26,466.56,1341.85,420.62
29.785343,1333.635,442.095,1323.47,464.38,1343.8,419.81
29.789343,1334.3,442.41499999999996,1323.11,464.51,1345.49,420.32
29.793343,1334.6350000000002,444.53,1323.89,467.96,1345.38,421.1
29.797343,1334.02,441.445,1323.44,461.55,1344.6,421.34
29.801343,1335.2649999999999,442.24,1325.83,461.84,1344.7,422.64
29.805343,1335.545,444.665,1326.29,464.61,1344.8,424.72
29.809344,1335.965,442.89,1327.31,460.01,1344.62,425.77
29.813344,1335.67,442.64,1327.87,460.07,1343.47,425.21
29.817344,1335.535,442.01,1327.65,460.15,1343.42,423.87
29.821344,1334.335,442.45,1328.22,459.07,1340.45,425.83
29.825343,1333.585,443.885,1327.86,459.79,1339.31,427.98
29.829342,1333.38,443.455,1328.78,457.34,1337.98,429.57
29.833342,1332.225,442.435,1328.74,455.21,1335.71,429.66
29.837341,1332.105,441.805,1326.92,454.24,1337.29,429.37
29.84134,1332.9050000000002,441.055,1327.65,452.82,1338.16,429.29
29.84534,1332.62,444.09000000000003,1326.26,457.76,1338.98,430.42
29.849339,1332.4650000000001,444.84000000000003,1328.17,459.45,1336.76,430.23
29.853339,1332.46,442.13,1328.6,453.58,1336.32,430.68
29.857339,1332.795,444.69500000000005,1328.45,457.79,1337.14,431.6
29.861338,1331.875,443.415,1328.37,454.67,1335.38,432.16
29.865338,1333.49,443.81,1329.91,455.16,1337.07,432.46
29.869338,1333.19,446.025,1328.71,460.81,1337.67,431.24
29.873337,1332.6799999999998,444.235,1326.76,457.62,1338.6,430.85
29.877337,1333.4650000000001,445.015,1328.13,459.13,1338.8,430.9
29.881337,1334.065,445.58500000000004,1329.41,459.86,1338.72,431.31
29.885336,1332.6,448.395,1327.27,463.82,1337.93,432.97
29.889336,1332.415,447.765,1328.69,460.96,1336.14,434.57
29.893336,1331.9450000000002,448.065,1327.16,462.2,1336.73,433.93
29.897335,1334.2649999999999,448.045,1330.8,461.66,1337.73,434.43
29.901335,1333.12,448.265,1328.17,461.89,1338.07,434.64
29.905335,1333.7199999999998,448.915,1328.87,462.79,1338.57,435.04
29.909334,1335.375,449.85,1331.5,463.97,1339.25,435.73
29.913334,1336.125,449.66,1334.02,462.85,1338.23,436.47
29.917334,1337.395,449.89,1335.03,464.65,1339.76,435.13
29.921334,1337.4499999999998,451.24,1336.87,466.58,1338.03,435.9
29.925333,1335.895,451.07,1334.49,466.87,1337.3,435.27
29.929333,1336.8249999999998,450.595,1335.83,466.8,1337.82,434.39
29.933333,1336.19,450.645,1335.45,468.52,1336.93,432.77
29.937332,1335.495,448.78499999999997,1335.39,466.37,1335.6,431.2
29.941332,1334.335,448.99,1333.86,467.13,1334.81,430.85
29.945332,1331.3400000000001,448.445,1330.55,468.43,1332.13,428.46
29.949331,1331.225,447.375,1330.71,467.74,1331.74,427.01
29.953331,1329.22,447.43,1327.25,468.5,1331.19,426.36
29.957331,1328.44,447.325,1325.59,469.19,1331.29,425.46
29.96133,1327.7199999999998,446.57,1325.37,469.28,1330.07,423.86
29.96533,1327.885,445.565,1323.76,467.84,1332.01,423.29
29.96933,1328.065,446.05,1323.24,470.12,1332.89,421.98
29.973329,1327.915,445.02,1321.7,468.48,1334.13,421.56
29.977329,1329.09,444.495,1324.37,467.88,1333.81,421.11
29.981329,1329.55,444.82,1324.3,468.37,1334.8,421.27
29.985328,1329.655,444.24,1324.32,468.17,1334.99,420.31
29.989328,1331.1599999999999,444.66499999999996,1325.49,467.69,1336.83,421.64
29.993328,1333.1550000000002,445.47,1328.63,468.13,1337.68,422.81
29.997327,1335.435,445.31500000000005,1330.43,467.22,1340.44,423.41
30.001327,1336.21,445.16999999999996,1331.35,466.7,1341.07,423.64
30.005327,1335.5149999999999,445.11,1329.93,466.55,1341.1,423.67
30.009326,1335.0349999999999,445.26,1331.1,467.7,1338.97,422.82
30.013326,1333.945,444.975,1328.87,467.09,1339.02,422.86
30.017326,1334.79,444.195,1331.1,465.64,1338.48,422.75
30.021325,1334.245,446.095,1330.57,469.38,1337.92,422.81
30.025325,1333.625,449.065,1328.13,475.27,1339.12,422.86
30.029327,1335.3449999999998,445.875,1329.57,466.7,1341.12,425.05
30.033329,1335.6399999999999,446.075,1330.84,468.53,1340.44,423.62
30.037331,1335.7800000000002,446.28499999999997,1330.43,470.45,1341.13,422.12
30.041332,1335.0300000000002,444.02,1330.63,467.9,1339.43,420.14
30.045334,1334.56,443.78,1330.33,467.57,1338.79,419.99
30.049336,1334.335,442.575,1329.63,465.15,1339.04,420.0
30.053337,1334.7150000000001,446.375,1329.73,471.6,1339.7,421.15
30.057339,1334.9499999999998,443.555,1330.87,465.36,1339.03,421.75
30.06134,1333.625,442.98,1328.82,464.63,1338.43,421.33
30.065342,1334.92,443.67,1330.69,466.36,1339.15,420.98
30.069343,1337.345,442.96500000000003,1333.21,466.47,1341.48,419.46
30.073344,1353.165,440.97,1347.89,463.07,1358.44,418.87
30.077346,1412.435,441.28,1395.52,461.24,1429.35,421.32
30.081347,1454.825,440.93,1441.69,459.45,1467.96,422.41
30.085349,1460.795,441.775,1446.3,459.72,1475.29,423.83
30.08935,1456.1750000000002,442.315,1444.65,461.73,1467.7,422.9
30.093352,1450.15,442.26,1435.6,461.8,1464.7,422.72
30.097353,1438.2199999999998,443.745,1412.36,465.13,1464.08,422.36
30.101355,1433.5349999999999,445.165,1407.82,469.47,1459.25,420.86
30.105356,1433.3049999999998,443.2,1409.79,466.07,1456.82,420.33
30.109357,1432.905,446.03,1411.53,469.91,1454.28,422.15
30.113359,1438.9850000000001,444.33000000000004,1421.4,465.56,1456.57,423.1
30.11736,1438.7849999999999,446.24,1423.82,469.3,1453.75,423.18
30.121362,1440.425,445.88,1425.31,469.31,1455.54,422.45
30.125363,1436.6,446.01,1419.88,470.29,1453.32,421.73
30.129365,1433.6399999999999,445.815,1416.08,470.06,1451.2,421.57
30.133366,1433.4450000000002,445.785,1418.66,469.72,1448.23,421.85
30.137368,1431.2849999999999,444.53,1415.98,468.19,1446.59,420.87
30.141369,1431.1399999999999,444.05,1416.67,465.8,1445.61,422.3
30.14537,1431.49,444.15999999999997,1419.32,465.83,1443.66,422.49
30.149372,1430.585,444.03499999999997,1420.74,463.56,1440.43,424.51
30.153373,1431.925,444.28999999999996,1424.1,464.07,1439.75,424.51
30.157375,1430.705,444.15,1422.51,463.71,1438.9,424.59
30.161376,1431.0149999999999,443.695,1423.91,462.26,1438.12,425.13
30.165378,1430.27,444.91999999999996,1422.8,463.09,1437.74,426.75
30.169379,1430.07,446.635,1421.55,466.27,1438.59,427.0
30.173381,1430.71,448.76,1421.59,470.24,1439.83,427.28
30.177382,1429.4099999999999,448.445,1420.11,469.06,1438.71,427.83
30.181383,1430.3249999999998,448.28999999999996,1419.61,467.63,1441.04,428.95
30.185385,1428.045,447.265,1418.15,466.04,1437.94,428.49
30.189386,1427.1,445.47,1416.87,461.65,1437.33,429.29
30.193388,1428.645,445.875,1417.02,463.45,1440.27,428.3
30.197389,1429.925,446.99,1418.04,466.03,1441.81,427.95
30.201391,1429.07,447.19500000000005,1415.28,467.22,1442.86,427.17
30.205392,1427.1,449.16999999999996,1411.58,469.96,1442.62,428.38
30.209394,1427.28,447.57000000000005,1411.8,467.29,1442.76,427.85
30.213395,1425.915,442.665,1412.21,458.54,1439.62,426.79
30.217396,1425.8899999999999,444.04999999999995,1413.55,461.95,1438.23,426.15
30.221398,1428.16,444.265,1416.89,462.32,1439.43,426.21
30.225399,1427.8,444.87,1417.36,463.51,1438.24,426.23
30.229401,1429.085,445.82,1419.16,464.94,1439.01,426.7
30.233402,1433.02,446.79,1426.15,467.67,1439.89,425.91
30.237403,1432.5500000000002,445.065,1426.65,463.63,1438.45,426.5
30.241404,1431.275,441.78499999999997,1424.7,457.34,1437.85,426.23
30.245406,1432.7600000000002,442.07,1428.63,458.58,1436.89,425.56
30.249406,1434.025,441.265,1430.95,458.34,1437.1,424.19
30.253406,1435.54,440.83500000000004,1433.63,458.11,1437.45,423.56
30.257406,1436.71,441.75,1435.28,459.91,1438.14,423.59
30.261405,1439.5749999999998,441.45,1440.81,459.15,1438.34,423.75
30.265405,1440.94,440.455,1443.67,457.2,1438.21,423.71
30.269405,1441.915,439.145,1446.16,454.2,1437.67,424.09
30.273405,1442.45,437.905,1448.76,452.34,1436.14,423.47
30.277405,1442.03,437.74,1448.36,451.15,1435.7,424.33
30.281405,1442.245,438.57500000000005,1448.45,452.8,1436.04,424.35
30.285405,1442.855,438.07000000000005,1451.14,452.98,1434.57,423.16
30.289405,1443.57,438.435,1452.56,451.56,1434.58,425.31
30.293405,1445.025,438.585,1455.21,451.28,1434.84,425.89
30.297405,1445.0349999999999,438.65,1456.49,451.9,1433.58,425.4
30.301405,1446.195,439.13,1458.05,451.02,1434.34,427.24
30.305405,1445.1999999999998,440.555,1456.56,452.97,1433.84,428.14
30.309405,1444.62,442.89,1455.57,456.72,1433.67,429.06
30.313405,1444.075,443.685,1454.51,458.3,1433.64,429.07
30.317405,1442.565,444.78499999999997,1451.96,460.14,1433.17,429.43
30.321405,1441.855,444.75,1450.63,460.03,1433.08,429.47
30.325405,1440.62,444.22,1447.66,458.18,1433.58,430.26
30.329405,1441.37,444.67499999999995,1449.8,457.65,1432.94,431.7
30.333405,1435.5700000000002,447.35,1442.23,462.52,1428.91,432.18
30.337405,1395.135,446.865,1381.11,463.03,1409.16,430.7
30.341405,1358.865,446.005,1336.59,461.43,1381.14,430.58
30.345405,1349.08,446.36,1330.39,463.3,1367.77,429.42
30.349405,1360.395,444.745,1356.3,460.26,1364.49,429.23
30.353405,1372.87,444.49,1381.82,458.1,1363.92,430.88
30.357405,1374.71,444.925,1381.89,459.93,1367.53,429.92
30.361405,1376.6799999999998,444.95,1384.8,460.12,1368.56,429.78
30.365405,1371.3200000000002,445.905,1376.94,463.19,1365.7,428.62
30.369405,1367.67,448.67,1371.54,468.74,1363.8,428.6
30.373405,1363.4299999999998,449.1,1360.54,469.55,1366.32,428.65
30.377405,1362.1999999999998,447.85,1361.09,468.97,1363.31,426.73
30.381405,1363.755,445.56,1365.55,463.31,1361.96,427.81
30.385405,1362.01,448.06,1362.2,467.96,1361.82,428.16
30.389405,1362.98,449.38,1363.89,469.63,1362.07,429.13
30.393405,1362.5549999999998,448.75,1363.05,470.62,1362.06,426.88
30.397405,1361.485,449.58500000000004,1361.86,472.69,1361.11,426.48
30.401405,1361.085,448.07,1361.69,469.5,1360.48,426.64
30.405405,1359.675,449.515,1359.25,472.98,1360.1,426.05
30.409405,1359.115,449.12,1358.22,471.2,1360.01,427.04
30.413404,1358.955,449.37,1357.88,470.22,1360.03,428.52
30.417404,1357.975,450.22,1357.04,470.38,1358.91,430.06
30.421404,1358.8000000000002,450.965,1357.88,471.15,1359.72,430.78
30.425404,1358.85,451.975,1356.87,473.75,1360.83,430.2
30.429404,1359.5149999999999,452.83000000000004,1357.07,476.24,1361.96,429.42
30.433404,1360.585,452.74,1358.45,476.69,1362.72,428.79
30.437399,1360.885,454.13,1358.12,479.25,1363.65,429.01
30.441393,1360.1599999999999,454.88,1355.74,481.77,1364.58,427.99
30.445387,1359.21,454.675,1353.47,483.06,1364.95,426.29
30.449379,1359.5949999999998,454.375,1354.07,482.84,1365.12,425.91
30.453371,1358.915,454.62,1351.85,484.21,1365.98,425.03
30.457363,1359.25,452.32,1352.47,484.03,1366.03,420.61
30.461355,1358.655,451.78499999999997,1351.33,484.52,1365.98,419.05
30.465347,1358.44,451.165,1351.18,484.42,1365.7,417.91
30.469339,1358.595,450.71000000000004,1351.71,484.43,1365.48,416.99
30.473331,1359.6,450.51,1353.83,483.68,1365.37,417.34
30.477323,1358.17,450.08500000000004,1350.67,483.23,1365.67,416.94
30.481315,1352.2849999999999,448.725,1344.72,480.51,1359.85,416.94
30.485307,1301.8449999999998,449.555,1291.6,481.42,1312.09,417.69
30.489299,1267.5349999999999,448.915,1258.2,479.91,1276.87,417.92
30.493291,1259.855,448.58500000000004,1246.3,478.35,1273.41,418.82
30.497283,1264.295,450.045,1257.56,479.3,1271.03,420.79
30.501275,1270.01,450.57,1267.94,478.75,1272.08,422.39
30.505267,1274.83,450.655,1277.97,478.46,1271.69,422.85
30.509259,1272.3600000000001,451.315,1271.05,478.89,1273.67,423.74
30.513251,1271.1,451.32,1271.19,477.63,1271.01,425.01
30.517243,1272.83,451.12,1272.91,478.47,1272.75,423.77
30.521235,1270.52,451.82,1269.28,479.45,1271.76,424.19
30.525227,1269.995,449.45,1268.3,475.14,1271.69,423.76
30.529219,1270.03,447.615,1268.25,471.76,1271.81,423.47
30.533211,1272.415,446.535,1271.5,469.97,1273.33,423.1
30.537202,1273.8899999999999,448.685,1272.95,475.41,1274.83,421.96
30.541194,1275.7150000000001,447.21500000000003,1274.68,473.45,1276.75,420.98
30.545186,1275.9650000000001,442.375,1275.22,465.11,1276.71,419.64
30.549178,1275.1799999999998,442.87,1273.25,465.67,1277.11,420.07
30.55317,1275.405,441.97,1274.08,465.33,1276.73,418.61
30.557162,1274.97,444.57,1273.78,472.18,1276.16,416.96
30.561154,1275.47,441.03,1274.99,463.21,1275.95,418.85
30.565146,1274.49,440.15,1273.43,460.83,1275.55,419.47
30.569138,1275.32,440.33,1275.31,460.01,1275.33,420.65
30.57313,1276.415,443.03,1276.75,464.44,1276.08,421.62
30.577122,1275.26,444.065,1275.97,466.15,1274.55,421.98
30.581114,1275.315,443.225,1274.38,463.04,1276.25,423.41
30.585106,1274.62,441.69,1274.59,459.67,1274.65,423.71
30.589098,1274.23,443.79999999999995,1274.32,462.32,1274.14,425.28
30.59309,1273.945,444.6,1275.31,464.14,1272.58,425.06
30.597082,1274.085,444.73,1275.41,462.7,1272.76,426.76
30.601074,1274.635,444.90999999999997,1276.33,462.74,1272.94,427.08
30.605066,1273.5549999999998,444.69,1274.55,462.57,1272.56,426.81
30.609058,1275.03,445.9,1276.53,464.1,1273.53,427.7
30.61305,1276.095,446.14,1278.7,464.16,1273.49,428.12
30.617042,1274.9299999999998,445.98,1277.31,463.94,1272.55,428.02
30.621034,1275.4650000000001,446.53,1277.94,464.16,1272.99,428.9
30.625026,1277.63,445.935,1283.01,462.69,1272.25,429.18
30.629018,1276.645,447.35,1281.99,463.92,1271.3,430.78
30.63301,1276.6750000000002,447.185,1282.22,463.75,1271.13,430.62
30.637002,1277.46,447.23,1283.21,464.79,1271.71,429.67
30.640999,1277.12,446.31,1283.22,462.27,1271.02,430.35
30.644996,1277.67,446.28499999999997,1284.03,461.4,1271.31,431.17
30.649001,1277.38,446.505,1282.98,460.38,1271.78,432.63
30.653006,1278.42,444.525,1284.48,456.3,1272.36,432.75
30.657011,1278.105,442.72,1283.25,453.61,1272.96,431.83
30.661016,1278.725,443.225,1284.46,454.92,1272.99,431.53
30.665021,1278.6599999999999,441.52,1284.37,454.89,1272.95,428.15
30.669026,1276.975,440.08000000000004,1280.54,455.11,1273.41,425.05
30.673031,1277.1399999999999,439.905,1279.49,452.37,1274.79,427.44
30.677036,1276.3899999999999,444.895,1276.28,464.3,1276.5,425.49
30.681041,1277.51,438.92499999999995,1277.73,451.52,1277.29,426.33
30.685046,1277.135,437.275,1275.55,453.6,1278.72,420.95
30.689051,1277.655,438.52,1276.51,454.91,1278.8,422.13
30.693056,1277.255,441.155,1276.14,461.58,1278.37,420.73
30.697061,1274.3899999999999,444.855,1270.19,467.85,1278.59,421.86
30.701067,1276.37,440.51,1274.48,458.18,1278.26,422.84
30.705072,1275.17,440.645,1271.3,460.79,1279.04,420.5
30.709077,1276.585,440.805,1273.39,458.19,1279.78,423.42
30.713082,1277.635,439.865,1275.71,457.35,1279.56,422.38
30.717087,1277.34,442.605,1275.31,463.35,1279.37,421.86
30.721092,1277.395,442.45,1276.56,462.39,1278.23,422.51
30.725097,1277.08,440.405,1275.72,458.27,1278.44,422.54
30.729102,1277.195,441.1,1275.77,457.95,1278.62,424.25
30.733107,1275.17,443.645,1272.39,461.1,1277.95,426.19
30.737112,1275.865,441.7,1273.28,455.56,1278.45,427.84
30.741117,1277.215,440.66,1276.35,453.97,1278.08,427.35
30.745122,1278.115,441.645,1277.77,454.92,1278.46,428.37
30.749127,1278.975,440.65999999999997,1279.89,453.15,1278.06,428.17
30.753132,1279.76,439.90999999999997,1280.68,451.5,1278.84,428.32
30.757137,1280.41,440.29999999999995,1281.93,452.4,1278.89,428.2
30.761142,1282.0900000000001,439.095,1283.03,450.94,1281.15,427.25
30.765147,1282.62,437.83000000000004,1283.86,449.85,1281.38,425.81
30.769152,1284.68,438.51,1285.93,453.98,1283.43,423.04
30.773157,1285.8200000000002,439.35,1288.68,457.11,1282.96,421.59
30.777162,1286.125,436.635,1289.8,456.33,1282.45,416.94
30.781167,1286.885,436.385,1290.47,455.42,1283.3,417.35
30.785172,1287.565,438.41499999999996,1291.17,462.63,1283.96,414.2
30.789177,1287.79,435.58500000000004,1290.91,458.79,1284.67,412.38
30.793182,1288.76,436.125,1291.62,462.29,1285.9,409.96
30.797187,1289.05,434.815,1292.61,461.42,1285.49,408.21
30.801192,1289.18,434.32,1293.44,460.8,1284.92,407.84
30.805197,1287.52,436.03999999999996,1292.13,465.13,1282.91,406.95
30.809202,1287.325,434.435,1292.15,462.81,1282.5,406.06
30.813207,1287.3049999999998,435.80499999999995,1292.59,463.96,1282.02,407.65
30.817212,1290.5500000000002,436.39,1293.21,463.53,1287.89,409.25
30.821217,1297.7,436.405,1301.16,461.43,1294.24,411.38
30.825223,1303.155,436.61,1308.04,463.12,1298.27,410.1
30.829228,1300.81,437.115,1303.18,460.7,1298.44,413.53
30.833233,1298.0749999999998,439.40999999999997,1300.09,461.79,1296.06,417.03
30.837238,1299.605,440.17,1300.77,461.18,1298.44,419.16
30.841243,1299.915,441.31,1299.5,461.89,1300.33,420.73
30.845247,1302.33,443.32,1300.56,463.11,1304.1,423.53
30.849247,1303.045,443.235,1302.98,462.53,1303.11,423.94
30.853247,1303.9850000000001,445.48,1304.57,464.1,1303.4,426.86
30.857247,1305.3249999999998,445.49,1307.05,464.75,1303.6,426.23
30.861246,1304.02,445.96500000000003,1305.12,464.61,1302.92,427.32
30.865246,1301.81,447.23,1303.34,466.14,1300.28,428.32
30.869246,1300.7849999999999,447.7,1303.46,466.15,1298.11,429.25
30.873246,1300.755,448.625,1304.54,467.72,1296.97,429.53
30.877245,1301.875,448.055,1306.0,467.07,1297.75,429.04
30.881245,1301.7649999999999,449.24,1305.91,469.43,1297.62,429.05
30.885245,1301.815,449.16499999999996,1306.4,469.39,1297.23,428.94
30.889245,1301.765,449.23,1306.4,470.33,1297.13,428.13
30.893244,1302.8400000000001,448.945,1307.54,469.76,1298.14,428.13
30.897244,1302.75,449.645,1306.54,471.82,1298.96,427.47
30.901244,1302.095,449.495,1304.64,471.7,1299.55,427.29
30.905243,1302.52,450.355,1304.98,474.07,1300.06,426.64
30.909243,1302.435,450.38,1304.34,473.54,1300.53,427.22
30.913243,1302.005,451.32500000000005,1302.78,476.43,1301.23,426.22
30.917243,1300.46,450.59000000000003,1300.67,474.5,1300.25,426.68
30.921242,1299.605,449.86,1300.06,474.5,1299.15,425.22
30.925242,1300.31,449.685,1301.37,472.69,1299.25,426.68
30.929242,1301.985,450.53499999999997,1304.86,474.56,1299.11,426.51
30.933242,1302.865,449.92499999999995,1305.15,473.59,1300.58,426.26
30.937241,1300.925,450.42999999999995,1303.52,474.08,1298.33,426.78
30.941241,1304.03,449.64,1309.1,472.55,1298.96,426.73
30.945241,1303.715,449.095,1309.1,471.54,1298.33,426.65
30.949241,1303.895,449.86,1309.82,471.79,1297.97,427.93
30.95324,1304.97,450.58500000000004,1311.31,472.24,1298.63,428.93
30.95724,1303.7649999999999,449.84000000000003,1310.87,470.51,1296.66,429.17
30.96124,1306.535,450.15999999999997,1313.67,470.99,1299.4,429.33
30.96524,1307.46,450.78499999999997,1314.6,469.79,1300.32,431.78
30.969239,1307.0549999999998,449.885,1313.3,467.8,1300.81,431.97
30.973239,1306.415,449.495,1311.3,466.49,1301.53,432.5
30.977239,1306.53,448.625,1312.51,464.48,1300.55,432.77
30.981239,1306.225,447.795,1311.41,463.42,1301.04,432.17
30.985238,1306.47,449.25,1311.92,466.11,1301.02,432.39
30.989238,1307.85,450.025,1312.43,467.66,1303.27,432.39
30.993238,1307.475,450.06,1311.0,468.8,1303.95,431.32
30.997238,1307.6799999999998,449.33,1310.61,469.51,1304.75,429.15
31.001237,1309.185,448.725,1311.93,469.73,1306.44,427.72
31.005237,1309.035,446.16499999999996,1310.69,468.05,1307.38,424.28
31.009237,1308.675,444.97,1308.81,467.53,1308.54,422.41
31.013237,1308.8000000000002,445.005,1308.64,468.89,1308.96,421.12
31.017236,1308.45,445.18,1307.76,470.2,1309.14,420.16
31.021236,1308.645,445.525,1307.35,470.74,1309.94,420.31
31.025236,1309.19,445.26,1308.51,470.52,1309.87,420.0
31.029236,1308.5700000000002,445.55,1307.48,468.44,1309.66,422.66
31.033235,1307.4,442.54499999999996,1306.52,463.59,1308.28,421.5
31.037235,1307.165,445.57000000000005,1306.83,465.73,1307.5,425.41
31.041235,1306.265,445.195,1308.38,464.36,1304.15,426.03
31.045235,1306.1799999999998,445.675,1307.99,462.04,1304.37,429.31
31.049235,1306.39,445.6,1308.4,462.63,1304.38,428.57
31.053236,1307.54,445.42499999999995,1311.17,461.9,1303.91,428.95
31.057236,1306.665,447.025,1311.24,462.36,1302.09,431.69
31.061236,1306.6999999999998,447.32000000000005,1312.32,460.98,1301.08,433.66
31.065237,1307.52,447.03,1314.04,460.75,1301.0,433.31
31.069237,1308.605,446.195,1315.14,458.87,1302.07,433.52
31.073238,1308.27,446.53999999999996,1313.42,459.63,1303.12,433.45
31.077238,1308.37,445.485,1313.08,457.5,1303.66,433.47
31.081239,1308.08,446.61,1311.92,460.06,1304.24,433.16
31.085239,1307.42,444.715,1312.11,456.34,1302.73,433.09
31.08924,1307.125,444.845,1311.82,455.14,1302.43,434.55
31.09324,1303.6750000000002,444.21000000000004,1308.96,453.73,1298.39,434.69
31.097241,1300.46,444.28499999999997,1304.86,452.55,1296.06,436.02
31.101241,1299.5,444.31,1304.87,452.7,1294.13,435.92
31.105242,1299.4650000000001,443.275,1303.66,451.45,1295.27,435.1
31.109242,1303.155,444.195,1307.44,453.31,1298.87,435.08
31.113243,1313.81,442.7,1321.04,451.27,1306.58,434.13
31.117243,1322.0700000000002,441.47,1329.64,449.81,1314.5,433.13
31.121244,1325.3,442.96000000000004,1336.23,452.16,1314.37,433.76
31.125244,1313.17,442.71500000000003,1317.38,451.79,1308.96,433.64
31.129245,1313.23,443.44,1316.82,453.26,1309.64,433.62
31.133245,1316.825,441.62,1321.43,452.26,1312.22,430.98
31.137246,1324.71,442.40999999999997,1328.6,455.63,1320.82,429.19
31.141246,1325.615,442.565,1326.88,457.84,1324.35,427.29
31.145247,1330.9,441.315,1336.33,456.11,1325.47,426.52
31.149247,1333.23,440.21500000000003,1335.64,454.73,1330.82,425.7
31.153248,1334.0149999999999,438.985,1335.76,451.31,1332.27,426.66
31.157248,1332.295,438.495,1334.87,451.88,1329.72,425.11
31.161249,1331.315,439.005,1333.46,454.11,1329.17,423.9
31.165249,1331.2,438.405,1331.49,452.07,1330.91,424.74
31.16925,1334.005,436.775,1335.29,449.88,1332.72,423.67
31.17325,1334.12,435.92999999999995,1334.87,448.33,1333.37,423.53
31.177251,1334.9099999999999,436.72,1335.6,446.62,1334.22,426.82
31.181251,1334.08,437.33500000000004,1334.77,446.93,1333.39,427.74
31.185252,1334.56,437.39,1335.46,447.25,1333.66,427.53
31.189252,1333.605,438.36,1333.81,445.54,1333.4,431.18
31.193253,1332.32,437.46500000000003,1332.61,446.37,1332.03,428.56
31.197253,1331.025,438.03499999999997,1331.33,447.64,1330.72,428.43
31.201253,1331.02,439.11,1330.21,447.85,1331.83,430.37
31.205254,1329.98,439.745,1329.0,447.12,1330.96,432.37
31.209254,1329.395,440.115,1329.06,447.02,1329.73,433.21
31.213255,1328.45,440.55999999999995,1327.4,446.78,1329.5,434.34
31.217255,1327.15,439.62,1326.57,445.54,1327.73,433.7
31.221256,1327.955,439.245,1327.95,445.41,1327.96,433.08
31.225256,1327.8000000000002,441.065,1326.68,448.62,1328.92,433.51
31.229257,1325.98,440.49,1327.06,446.02,1324.9,434.96
31.233257,1325.91,440.57,1326.67,447.27,1325.15,433.87
31.237258,1325.8,440.975,1326.55,447.97,1325.05,433.98
31.241258,1326.24,441.58,1326.18,448.13,1326.3,435.03
31.245259,1325.955,442.67499999999995,1325.65,449.27,1326.26,436.08
31.249259,1326.52,441.32,1324.93,447.44,1328.11,435.2
31.253259,1326.87,440.995,1325.2,447.67,1328.54,434.32
31.257259,1326.545,440.945,1324.22,448.03,1328.87,433.86
31.261258,1326.49,441.555,1325.73,448.87,1327.25,434.24
31.265258,1325.965,443.055,1324.34,449.42,1327.59,436.69
31.269258,1324.755,445.515,1323.38,450.55,1326.13,440.48
31.273258,1325.54,443.71,1322.6,448.39,1328.48,439.03
31.277258,1324.415,442.55,1321.01,447.86,1327.82,437.24
31.281258,1325.385,442.045,1322.74,446.05,1328.03,438.04
31.285258,1325.475,441.94,1324.66,445.23,1326.29,438.65
31.289258,1327.1950000000002,441.04999999999995,1328.17,443.45,1326.22,438.65
31.293258,1323.9,441.875,1322.98,446.02,1324.82,437.73
31.297258,1325.245,441.04499999999996,1326.31,446.26,1324.18,435.83
31.301258,1325.34,442.17,1328.6,447.24,1322.08,437.1
31.305258,1324.855,441.73,1326.27,448.55,1323.44,434.91
31.309258,1324.26,439.20000000000005,1325.9,444.8,1322.62,433.6
31.313258,1324.295,438.08000000000004,1325.7,444.73,1322.89,431.43
31.317258,1324.335,436.84000000000003,1327.11,445.57,1321.56,428.11
31.321258,1326.5900000000001,438.31500000000005,1332.15,447.66,1321.03,428.97
31.325257,1326.42,439.055,1332.51,448.88,1320.33,429.23
31.329257,1325.965,438.765,1330.82,449.27,1321.11,428.26
31.333257,1326.645,438.45500000000004,1332.06,448.69,1321.23,428.22
31.337257,1326.79,438.29499999999996,1333.32,447.89,1320.26,428.7
31.341257,1325.205,437.425,1331.29,447.17,1319.12,427.68
31.345257,1325.965,436.53999999999996,1332.35,446.53,1319.58,426.55
31.349257,1324.555,438.375,1330.45,449.74,1318.66,427.01
31.353257,1324.345,437.46500000000003,1330.71,446.77,1317.98,428.16
31.357257,1324.42,439.89,1330.64,451.02,1318.2,428.76
31.361257,1324.88,439.2,1332.05,449.96,1317.71,428.44
31.365257,1324.97,440.07000000000005,1331.68,450.85,1318.26,429.29
31.369257,1323.7849999999999,438.86,1328.58,449.63,1318.99,428.09
31.373257,1324.005,441.035,1328.02,453.97,1319.99,428.1
31.377257,1323.85,439.17999999999995,1328.3,451.83,1319.4,426.53
31.381257,1324.95,440.18499999999995,1328.14,455.09,1321.76,425.28
31.385257,1324.8649999999998,441.615,1326.87,457.22,1322.86,426.01
31.389256,1326.0,442.32000000000005,1327.6,458.48,1324.4,426.16
31.393256,1325.8899999999999,442.635,1327.18,459.24,1324.6,426.03
31.397256,1327.905,443.115,1329.83,461.32,1325.98,424.91
31.401256,1327.22,441.74,1328.25,459.09,1326.19,424.39
31.405256,1328.525,444.45500000000004,1329.24,460.79,1327.81,428.12
31.409256,1328.725,443.255,1327.84,459.68,1329.61,426.83
31.413256,1329.7849999999999,443.32,1329.0,458.74,1330.57,427.9
31.417256,1330.48,442.655,1330.09,456.9,1330.87,428.41
31.421256,1331.3,441.705,1330.59,453.76,1332.01,429.65
31.425256,1331.3049999999998,442.95,1331.09,455.28,1331.52,430.62
31.429256,1331.63,443.595,1331.04,455.12,1332.22,432.07
31.433256,1332.605,443.53,1331.9,454.13,1333.31,432.93
31.437256,1334.185,444.525,1334.34,455.91,1334.03,433.14
31.441256,1333.6599999999999,444.375,1333.51,453.61,1333.81,435.14
31.445256,1335.02,443.35,1335.51,452.23,1334.53,434.47
31.449256,1335.47,444.175,1335.4,453.99,1335.54,434.36
31.453257,1335.895,444.865,1335.67,455.03,1336.12,434.7
31.457256,1337.315,446.43,1337.1,459.07,1337.53,433.79
31.461256,1337.675,446.44,1337.75,460.0,1337.6,432.88
31.465256,1338.35,446.88,1338.2,461.53,1338.5,432.23
31.469255,1338.2849999999999,446.38,1337.27,461.63,1339.3,431.13
31.473255,1337.9,445.66499999999996,1336.4,461.89,1339.4,429.44
31.477254,1337.24,444.58,1336.51,460.96,1337.97,428.2
31.481254,1336.08,444.225,1334.35,459.7,1337.81,428.75
31.485253,1336.21,443.895,1334.45,459.59,1337.97,428.2
31.489253,1335.165,445.655,1334.27,462.92,1336.06,428.39
31.493253,1336.33,446.15,1336.26,463.91,1336.4,428.39
31.497252,1334.495,446.06,1333.35,464.29,1335.64,427.83
31.501252,1333.245,445.615,1333.21,463.87,1333.28,427.36
31.505251,1333.495,445.65,1336.08,464.55,1330.91,426.75
31.509251,1333.7350000000001,445.25,1336.06,464.23,1331.41,426.27
31.513251,1333.5349999999999,446.29499999999996,1336.73,465.0,1330.34,427.59
31.51725,1333.5749999999998,446.375,1337.28,464.76,1329.87,427.99
31.52125,1333.85,447.32500000000005,1339.0,465.91,1328.7,428.74
31.525249,1332.89,447.295,1337.64,466.18,1328.14,428.41
31.529249,1334.78,449.23,1339.7,469.04,1329.86,429.42
31.533248,1346.055,448.66999999999996,1346.45,466.7,1345.66,430.64
31.537248,1405.69,445.575,1397.2,461.56,1414.18,429.59
31.541248,1459.75,448.315,1454.31,465.7,1465.19,430.93
31.545247,1500.9,443.21000000000004,1515.76,456.2,1486.04,430.22
31.549247,1494.47,439.075,1511.91,451.57,1477.03,426.58
31.553246,1445.6100000000001,435.83,1472.32,446.63,1418.9,425.03
31.557246,1435.6350000000002,432.075,1448.88,444.07,1422.39,420.08
31.561246,1421.5700000000002,422.16499999999996,1423.26,433.57,1419.88,410.76
31.565245,1423.46,416.28999999999996,1421.21,427.55,1425.71,405.03
31.569245,1436.6599999999999,419.28999999999996,1449.0,423.84,1424.32,414.74
31.573244,1432.5349999999999,405.575,1437.46,405.26,1427.61,405.89
31.577244,1439.96,418.24,1448.73,427.55,1431.19,408.93
31.581243,1446.365,410.96500000000003,1458.0,418.73,1434.73,403.2
31.585243,1442.81,404.755,1454.54,407.1,1431.08,402.41
31.589243,1441.9099999999999,405.475,1454.53,409.06,1429.29,401.89
31.593242,1437.5949999999998,400.345,1444.32,400.41,1430.87,400.28
31.597242,1440.005,401.88,1447.33,405.43,1432.68,398.33
31.601241,1439.98,399.495,1446.72,400.53,1433.24,398.46
31.605241,1445.0149999999999,402.35,1450.09,403.19,1439.94,401.51
31.609241,1446.875,410.03,1450.29,417.46,1443.46,402.6
31.61324,1446.7350000000001,407.815,1449.22,414.93,1444.25,400.7
31.61724,1445.8449999999998,413.635,1447.86,422.74,1443.83,404.53
31.621239,1444.895,414.59000000000003,1445.15,427.48,1444.64,401.7
31.625239,1446.2350000000001,408.915,1448.16,415.35,1444.31,402.48
31.629238,1442.98,400.265,1440.93,403.4,1445.03,397.13
31.633238,1444.09,403.695,1442.61,411.26,1445.57,396.13
31.637238,1446.245,398.425,1443.08,401.3,1449.41,395.55
31.641237,1446.135,401.615,1445.46,407.29,1446.81,395.94
31.645237,1444.67,389.01,1439.89,387.8,1449.45,390.22
31.649236,1445.6100000000001,389.09000000000003,1442.51,389.76,1448.71,388.42
31.653235,1450.7800000000002,394.385,1445.92,402.43,1455.64,386.34
31.657234,1450.75,389.95,1444.38,394.02,1457.12,385.88
31.661234,1453.45,396.39,1446.41,407.14,1460.49,385.64
31.665233,1458.74,394.94,1453.15,405.79,1464.33,384.09
31.669233,1462.92,396.765,1454.96,413.44,1470.88,380.09
31.673233,1469.63,407.82500000000005,1461.85,434.98,1477.41,380.67
31.685231,1469.295,411.93,1454.04,434.75,1484.55,389.11
31.709229,1476.42,470.31499999999994,1455.89,527.42,1496.95,413.21
31.881174,1465.79,425.305,1454.3,443.57,1477.28,407.04
31.889162,1463.155,419.45500000000004,1450.62,433.04,1475.69,405.87
31.893157,1454.98,421.71500000000003,1437.42,434.79,1472.54,408.64
31.897151,1463.185,420.93,1454.21,441.55,1472.16,400.31
31.901145,1465.51,421.16999999999996,1460.92,444.13,1470.1,398.21
31.90514,1463.73,417.815,1459.84,442.33,1467.62,393.3
31.909134,1455.08,412.15,1443.19,435.3,1466.97,389.0
31.913128,1457.035,409.85,1447.68,434.76,1466.39,384.94
31.917123,1452.92,406.9,1442.57,428.92,1463.27,384.88
31.921117,1452.51,406.41,1442.53,428.35,1462.49,384.47
31.925111,1454.41,408.46500000000003,1448.91,430.82,1459.91,386.11
31.929106,1450.28,404.875,1445.82,427.98,1454.74,381.77
31.9331,1450.255,402.025,1448.87,422.31,1451.64,381.74
31.937094,1449.49,397.36,1449.29,412.81,1449.69,381.91
31.941089,1447.675,398.125,1448.57,415.51,1446.78,380.74
31.945083,1445.3899999999999,399.875,1446.78,419.17,1444.0,380.58
31.949077,1441.98,394.225,1443.09,407.37,1440.87,381.08
31.953072,1438.24,397.825,1440.81,411.51,1435.67,384.14
31.957066,1437.18,395.41999999999996,1441.68,406.9,1432.68,383.94
31.96106,1439.385,400.275,1444.73,415.14,1434.04,385.41
31.965055,1436.9099999999999,398.055,1445.6,409.67,1428.22,386.44
31.969049,1437.325,398.325,1445.43,407.88,1429.22,388.77
31.973043,1435.815,399.075,1445.29,407.14,1426.34,391.01
31.977037,1433.435,399.31,1440.95,405.22,1425.92,393.4
31.981032,1432.6100000000001,407.515,1440.66,420.73,1424.56,394.3
31.985026,1433.5149999999999,404.855,1439.98,415.71,1427.05,394.0
31.98902,1431.795,406.87,1438.57,418.31,1425.02,395.43
31.993015,1431.5549999999998,405.52,1438.86,413.16,1424.25,397.88
31.997009,1431.705,405.765,1439.29,417.59,1424.12,393.94
32.001003,1431.8200000000002,406.21000000000004,1438.23,419.35,1425.41,393.07
32.004998,1430.12,405.15,1435.83,415.19,1424.41,395.11
32.008992,1429.95,409.745,1435.73,419.63,1424.17,399.86
32.012986,1428.975,409.71000000000004,1433.42,420.32,1424.53,399.1
32.016981,1427.81,407.71000000000004,1431.16,418.5,1424.46,396.92
32.020975,1429.31,406.875,1434.97,417.92,1423.65,395.83
32.024969,1428.1,409.33,1431.63,418.34,1424.57,400.32
32.028964,1425.79,410.17,1429.29,419.36,1422.29,400.98
32.032958,1424.185,408.74,1427.21,417.49,1421.16,399.99
32.036952,1422.155,409.095,1424.69,418.77,1419.62,399.42
32.040947,1424.6399999999999,408.72,1428.03,417.42,1421.25,400.02
32.044941,1422.9099999999999,410.875,1425.09,416.88,1420.73,404.87
32.048941,1420.6,409.48,1423.11,415.29,1418.09,403.67
32.052942,1420.96,409.155,1420.58,414.65,1421.34,403.66
32.056942,1421.63,410.66999999999996,1424.5,418.2,1418.76,403.14
32.060942,1421.56,410.365,1425.03,416.97,1418.09,403.76
32.064943,1418.54,410.38,1417.48,416.28,1419.6,404.48
32.068947,1421.44,412.57500000000005,1424.39,421.3,1418.49,403.85
32.072951,1420.365,413.32,1423.79,420.06,1416.94,406.58
32.076956,1419.67,410.37,1420.68,414.04,1418.66,406.7
32.08096,1421.8,413.275,1423.33,420.32,1420.27,406.23
32.084964,1421.1599999999999,411.185,1423.34,415.55,1418.98,406.82
32.088968,1422.8600000000001,416.64,1429.24,426.31,1416.48,406.97
32.092973,1423.7150000000001,411.985,1430.03,418.09,1417.4,405.88
32.096977,1427.375,404.345,1437.16,407.0,1417.59,401.69
32.100981,1427.1599999999999,406.63,1437.2,412.07,1417.12,401.19
32.104985,1420.725,404.315,1425.35,408.23,1416.1,400.4
32.10899,1360.645,399.89,1333.69,395.26,1387.6,404.52
32.112994,1233.215,405.66499999999996,1172.34,408.75,1294.09,402.58
32.116998,1113.3449999999998,408.78499999999997,1051.36,412.52,1175.33,405.05
32.121003,1008.0350000000001,407.755,910.92,416.41,1105.15,399.1
32.125007,938.09,409.15999999999997,856.82,415.37,1019.36,402.95
32.129011,873.025,409.53,809.31,414.07,936.74,404.99
32.133015,796.3299999999999,424.265,732.3,428.61,860.36,419.92
32.13702,717.96,423.58500000000004,662.44,421.85,773.48,425.32
32.141024,665.9449999999999,427.42499999999995,611.98,429.71,719.91,425.14
32.145028,583.265,460.86,558.48,467.65,608.05,454.07
32.149033,551.76,486.78499999999997,526.28,494.61,577.24,478.96
32.153037,540.435,480.53,528.5,479.81,552.37,481.25
32.157041,551.7,478.85,541.58,491.54,561.82,466.16
32.161045,571.0699999999999,469.46500000000003,565.35,468.07,576.79,470.86
32.16505,585.625,468.71500000000003,585.29,469.05,585.96,468.38
32.169054,575.56,479.71500000000003,569.03,485.26,582.09,474.17
32.173058,559.9000000000001,479.87,556.46,477.57,563.34,482.17
32.177062,556.7750000000001,483.21500000000003,556.22,480.23,557.33,486.2
32.181067,558.0799999999999,482.835,560.51,482.58,555.65,483.09
32.185071,560.08,485.51,561.08,483.92,559.08,487.1
32.189075,562.27,485.185,566.39,479.35,558.15,491.02
32.19308,560.96,485.88,566.96,480.3,554.96,491.46
32.197084,562.475,483.61,567.24,479.0,557.71,488.22
32.201088,564.8399999999999,483.16499999999996,574.43,473.9,555.25,492.43
32.205092,559.03,485.945,564.28,479.27,553.78,492.62
32.209097,557.875,483.695,564.09,472.64,551.66,494.75
32.213101,556.9200000000001,487.305,565.37,476.8,548.47,497.81
32.217105,557.5,486.385,565.67,476.5,549.33,496.27
32.221109,555.645,483.66999999999996,561.52,470.59,549.77,496.75
32.225114,555.55,485.285,560.59,474.35,550.51,496.22
32.229118,553.275,483.79,557.54,470.36,549.01,497.22
32.233122,554.715,484.585,557.59,474.89,551.84,494.28
32.237127,555.4,482.28999999999996,558.5,470.68,552.3,493.9
32.241131,555.4,482.84000000000003,558.66,470.52,552.14,495.16
32.245135,555.895,483.71500000000003,557.36,473.05,554.43,494.38
32.249136,558.735,483.47,563.39,471.84,554.08,495.1
32.253137,559.985,483.225,561.28,470.62,558.69,495.83
32.257138,564.01,483.38,566.59,471.17,561.43,495.59
32.26114,561.995,484.63,562.85,472.58,561.14,496.68
32.265141,562.845,482.38,563.78,470.92,561.91,493.84
32.269142,560.46,484.53,559.3,472.27,561.62,496.79
32.273143,560.85,484.975,560.37,474.55,561.33,495.4
32.277144,557.365,481.70000000000005,555.58,467.92,559.15,495.48
32.281145,555.785,481.845,553.06,467.34,558.51,496.35
32.285146,554.725,484.07,551.57,470.64,557.88,497.5
32.289148,554.745,482.33500000000004,549.97,469.41,559.52,495.26
32.293149,553.71,479.13,549.25,465.28,558.17,492.98
32.29715,551.4449999999999,477.83500000000004,547.42,467.22,555.47,488.45
32.301151,549.29,476.765,546.78,466.39,551.8,487.14
32.305152,548.895,475.58,549.57,467.08,548.22,484.08
32.309153,550.175,478.455,554.07,471.02,546.28,485.89
32.313155,551.925,477.49,557.87,470.32,545.98,484.66
32.317156,554.875,477.735,562.73,471.04,547.02,484.43
32.321157,555.975,479.35,565.5,474.75,546.45,483.95
32.325158,556.355,480.11,564.74,476.89,547.97,483.33
32.329159,556.78,481.095,565.39,479.49,548.17,482.7
32.33316,546.5699999999999,486.055,553.75,484.57,539.39,487.54
32.337162,493.825,496.765,482.06,498.24,505.59,495.29
32.341163,371.94,513.375,384.38,509.18,359.5,517.57
32.345164,321.98,525.875,314.2,504.48,329.76,547.27
32.349165,316.265,538.29,306.24,518.2,326.29,558.38
32.353166,309.21000000000004,535.7249999999999,312.44,526.04,305.98,545.41
32.357168,313.375,539.5550000000001,322.89,535.19,303.86,543.92
32.361169,327.64,529.7,337.56,506.19,317.72,553.21
32.36517,327.93,540.985,334.76,529.52,321.1,552.45
32.369171,339.30499999999995,538.8900000000001,355.59,528.46,323.02,549.32
32.373172,328.995,537.165,340.19,523.79,317.8,550.54
32.377173,324.41999999999996,543.96,335.58,534.7,313.26,553.22
32.381175,320.825,542.215,331.56,530.47,310.09,553.96
32.385176,314.0,541.23,320.07,525.83,307.93,556.63
32.389177,316.67999999999995,540.29,324.52,523.99,308.84,556.59
32.393178,316.66999999999996,541.87,327.32,529.76,306.02,553.98
32.397179,313.41499999999996,538.675,323.69,522.64,303.14,554.71
32.40118,317.33000000000004,541.05,323.18,523.72,311.48,558.38
32.405182,316.75,542.875,324.94,526.18,308.56,559.57
32.409183,317.185,540.325,326.74,524.01,307.63,556.64
32.413184,313.655,540.525,323.64,524.27,303.67,556.78
32.417185,312.44,539.3199999999999,322.48,520.06,302.4,558.58
32.421186,310.48,540.38,316.42,520.16,304.54,560.6
32.425187,312.145,541.655,318.01,520.21,306.28,563.1
32.429189,311.635,539.0699999999999,315.66,518.67,307.61,559.47
32.43319,308.905,536.1700000000001,309.85,517.46,307.96,554.88
32.437191,307.91499999999996,535.245,306.99,512.59,308.84,557.9
32.441192,306.37,530.6899999999999,303.14,504.58,309.6,556.8
32.445193,302.94,533.33,298.74,508.91,307.14,557.75
32.449193,301.9,531.685,297.41,506.62,306.39,556.75
32.453192,304.195,532.8399999999999,302.37,508.02,306.02,557.66
32.457191,304.38,531.765,302.18,504.96,306.58,558.57
32.461191,301.505,531.42,296.12,504.93,306.89,557.91
32.46519,302.09000000000003,531.13,298.36,502.23,305.82,560.03
32.469189,301.81,530.355,298.88,501.64,304.74,559.07
32.473189,303.1,529.37,302.51,499.22,303.69,559.52
32.477187,301.18,529.805,299.39,499.44,302.97,560.17
32.481186,302.48,528.145,300.72,498.67,304.24,557.62
32.485185,299.14,528.7950000000001,293.76,499.5,304.52,558.09
32.489184,300.49,530.385,295.63,500.83,305.35,559.94
32.493183,302.865,530.915,300.45,501.25,305.28,560.58
32.497181,300.525,530.22,296.3,499.26,304.75,561.18
32.50118,302.99,529.1700000000001,298.94,499.98,307.04,558.36
32.505179,301.885,528.42,296.04,499.04,307.73,557.8
32.509178,301.71000000000004,530.0,294.44,500.76,308.98,559.24
32.513177,300.30499999999995,531.535,293.84,503.52,306.77,559.55
32.517175,298.885,529.61,290.59,501.75,307.18,557.47
32.521174,299.2,530.49,291.27,502.79,307.13,558.19
32.525173,299.06,529.655,291.87,501.29,306.25,558.02
32.529172,297.975,531.915,292.51,503.18,303.44,560.65
32.533171,297.745,533.85,292.27,506.35,303.22,561.35
32.537169,297.99,535.625,291.06,508.14,304.92,563.11
32.541168,297.70000000000005,536.085,290.05,510.44,305.35,561.73
32.545167,296.31,534.3499999999999,288.76,507.39,303.86,561.31
32.549166,296.14,532.845,289.91,507.5,302.37,558.19
32.553165,296.03,533.055,290.36,508.32,301.7,557.79
32.557164,297.135,529.68,292.51,503.71,301.76,555.65
32.561162,297.39,530.8050000000001,293.83,504.03,300.95,557.58
32.565161,298.48,534.515,295.0,511.62,301.96,557.41
32.56916,299.03,533.155,295.23,508.73,302.83,557.58
32.573159,301.4,534.97,299.44,511.03,303.36,558.91
32.577158,302.53,534.64,300.28,513.27,304.78,556.01
32.581156,304.27,535.365,305.34,513.57,303.2,557.16
32.585155,306.47,535.64,307.69,514.75,305.25,556.53
32.589154,308.94000000000005,541.5699999999999,309.22,524.52,308.66,558.62
32.593153,310.335,543.01,309.83,526.94,310.84,559.08
32.597152,310.505,543.355,310.8,526.7,310.21,560.01
32.60115,310.64,545.005,310.44,528.64,310.84,561.37
32.605149,311.63,544.45,310.63,527.94,312.63,560.96
32.609148,311.55,543.515,309.8,528.05,313.3,558.98
32.613147,309.105,543.145,304.74,527.62,313.47,558.67
32.617146,306.82,540.9200000000001,301.45,527.11,312.19,554.73
32.621144,306.07,540.015,301.7,524.75,310.44,555.28
32.625143,306.405,539.0450000000001,302.77,519.7,310.04,558.39
32.629142,303.005,538.56,296.18,519.05,309.83,558.07
32.633141,302.65999999999997,541.675,297.36,522.67,307.96,560.68
32.63714,300.70000000000005,541.885,295.61,524.68,305.79,559.09
32.641139,297.79999999999995,539.5,292.09,525.67,303.51,553.33
32.645137,294.505,538.035,287.55,523.52,301.46,552.55
32.649138,295.4,540.415,289.75,524.87,301.05,555.96
32.653138,296.555,540.96,292.91,521.21,300.2,560.71
32.657138,298.71000000000004,543.92,296.76,528.67,300.66,559.17
32.661138,298.995,541.405,297.91,520.76,300.08,562.05
32.665138,300.59000000000003,541.995,300.7,525.23,300.48,558.76
32.669138,301.485,541.98,302.36,527.83,300.61,556.13
32.673139,302.235,542.355,305.19,530.25,299.28,554.46
32.677139,301.84000000000003,542.9949999999999,303.67,529.06,300.01,556.93
32.681138,301.165,542.46,301.79,526.12,300.54,558.8
32.685137,304.705,544.12,307.57,526.62,301.84,561.62
32.689136,305.395,543.46,307.37,523.85,303.42,563.07
32.693136,304.405,543.06,305.33,525.06,303.48,561.06
32.697135,299.48,541.6949999999999,302.67,527.65,296.29,555.74
32.701134,286.52,541.575,292.16,526.05,280.88,557.1
32.705133,279.355,541.935,282.05,526.83,276.66,557.04
32.709132,282.135,543.4300000000001,279.45,526.69,284.82,560.17
32.713132,284.53499999999997,543.5350000000001,278.81,525.07,290.26,562.0
32.717131,279.56,545.335,278.6,525.84,280.52,564.83
32.72113,275.565,543.8,278.13,522.89,273.0,564.71
32.725129,273.76,544.9300000000001,277.09,526.12,270.43,563.74
32.729129,269.89,543.88,275.27,526.14,264.51,561.62
32.733128,267.89,543.12,274.02,527.47,261.76,558.77
32.737127,267.19,544.575,271.57,529.11,262.81,560.04
32.741126,265.66999999999996,545.7249999999999,271.94,530.18,259.4,561.27
32.745125,265.245,544.63,272.11,527.86,258.38,561.4
32.749125,265.865,545.185,272.84,527.47,258.89,562.9
32.753124,265.78999999999996,542.56,272.53,522.98,259.05,562.14
32.757123,266.155,541.435,274.42,520.71,257.89,562.16
32.761122,266.725,538.9849999999999,274.43,516.06,259.02,561.91
32.765122,267.42499999999995,538.9449999999999,273.26,516.42,261.59,561.47
32.769121,269.375,538.4949999999999,273.94,514.18,264.81,562.81
32.77312,273.12,539.875,275.25,515.59,270.99,564.16
32.777119,273.7,539.59,276.09,513.24,271.31,565.94
32.781118,275.94,540.1500000000001,282.25,513.71,269.63,566.59
32.785118,279.12,542.525,288.7,518.31,269.54,566.74
32.789117,280.66999999999996,542.525,289.89,521.06,271.45,563.99
32.793116,282.345,543.875,291.83,521.3,272.86,566.45
32.797115,281.395,542.51,289.65,522.85,273.14,562.17
32.801115,283.665,544.615,294.16,524.31,273.17,564.92
32.805114,282.595,546.47,291.78,527.24,273.41,565.7
32.809113,286.45000000000005,546.975,298.91,528.96,273.99,564.99
32.813112,285.95,543.895,300.02,527.51,271.88,560.28
32.817111,285.495,544.03,298.03,529.4,272.96,558.66
32.821111,285.18,545.74,297.69,531.51,272.67,559.97
32.82511,285.54499999999996,547.7950000000001,298.26,533.23,272.83,562.36
32.829109,285.42,545.51,295.43,529.82,275.41,561.2
32.833108,284.04499999999996,542.4749999999999,292.46,528.16,275.63,556.79
32.837108,285.115,544.4549999999999,290.88,529.77,279.35,559.14
32.841107,284.78,546.225,289.75,531.51,279.81,560.94
32.845106,286.145,545.1,287.57,530.69,284.72,559.51
32.849106,286.53,544.9,288.38,530.9,284.68,558.9
32.853107,283.735,546.37,286.05,532.62,281.42,560.12
32.857107,283.765,547.355,284.81,533.26,282.72,561.45
32.861108,285.35,549.015,282.66,534.97,288.04,563.06
32.865108,284.545,553.15,283.43,542.76,285.66,563.54
32.869109,285.03499999999997,551.78,282.04,541.79,288.03,561.77
32.87311,287.24,549.675,285.74,539.34,288.74,560.01
32.87711,287.065,554.6400000000001,285.48,546.58,288.65,562.7
32.881111,284.975,555.405,285.46,547.34,284.49,563.47
32.885112,284.57000000000005,553.6,288.22,544.36,280.92,562.84
32.889113,285.665,553.475,288.97,543.32,282.36,563.63
32.893115,282.52,552.7950000000001,285.56,545.32,279.48,560.27
32.897116,282.14,550.19,283.64,544.44,280.64,555.94
32.901118,277.475,550.39,277.41,546.4,277.54,554.38
32.905119,278.09000000000003,550.25,281.11,545.3,275.07,555.2
32.909121,277.075,549.24,283.0,544.36,271.15,554.12
32.913122,278.39,547.135,285.26,542.81,271.52,551.46
32.917124,276.46000000000004,549.98,283.37,545.09,269.55,554.87
32.921125,278.775,548.815,284.32,543.04,273.23,554.59
32.925126,278.27,547.89,280.53,541.51,276.01,554.27
32.929128,280.46500000000003,545.755,281.18,541.3,279.75,550.21
32.933129,280.815,548.62,283.78,543.0,277.85,554.24
32.937131,283.89,548.72,287.55,544.21,280.23,553.23
32.941132,285.8,552.1700000000001,289.91,548.08,281.69,556.26
32.945134,286.655,553.025,293.09,547.88,280.22,558.17
32.949135,291.005,553.0450000000001,296.98,547.59,285.03,558.5
32.953137,292.99,552.69,297.83,546.69,288.15,558.69
32.957138,292.885,552.3,298.47,546.15,287.3,558.45
32.96114,292.55499999999995,551.99,299.33,546.16,285.78,557.82
32.965141,293.26,549.89,302.03,544.56,284.49,555.22
32.969142,292.71500000000003,550.4649999999999,302.32,546.55,283.11,554.38
32.973144,292.90999999999997,552.0999999999999,304.56,548.42,281.26,555.78
32.977145,291.95,553.71,303.71,551.55,280.19,555.87
32.981147,292.74,554.365,305.48,551.39,280.0,557.34
32.985148,293.78999999999996,553.35,308.18,548.6,279.4,558.1
32.98915,292.325,552.37,305.7,547.15,278.95,557.59
32.993151,290.99,553.635,303.53,548.9,278.45,558.37
32.997153,290.96500000000003,554.13,303.54,551.25,278.39,557.01
33.001154,288.345,554.9300000000001,297.98,553.01,278.71,556.85
33.005155,289.17999999999995,556.52,299.27,554.46,279.09,558.58
33.009157,287.27,558.425,293.84,554.51,280.7,562.34
33.013158,285.745,559.235,290.86,554.72,280.63,563.75
33.01716,285.54999999999995,560.0550000000001,287.46,554.98,283.64,565.13
33.021161,284.395,559.28,284.23,553.49,284.56,565.07
33.025163,284.735,559.0699999999999,284.85,553.75,284.62,564.39
33.029164,283.24,559.4300000000001,281.42,554.36,285.06,564.5
33.033166,282.42499999999995,561.02,279.78,556.99,285.07,565.05
33.037167,280.605,561.4300000000001,277.55,556.08,283.66,566.78
33.041169,279.705,560.98,276.52,553.29,282.89,568.67
33.04517,280.505,560.385,277.49,549.64,283.52,571.13
33.049171,282.535,559.595,276.41,547.6,288.66,571.59
33.053172,292.91499999999996,555.77,284.89,542.72,300.94,568.82
33.057173,302.83,554.56,300.59,540.23,305.07,568.89
33.061173,327.68499999999995,555.65,324.78,544.29,330.59,567.01
33.065174,317.925,555.3900000000001,318.0,544.57,317.85,566.21
33.069175,311.475,554.7,308.52,542.76,314.43,566.64
33.073176,313.44,552.5899999999999,307.64,539.01,319.24,566.17
33.077177,316.52,551.315,311.86,536.99,321.18,565.64
33.081178,318.005,550.98,313.37,533.44,322.64,568.52
33.085178,320.91999999999996,552.815,317.06,535.46,324.78,570.17
33.089178,324.505,551.165,324.48,536.89,324.53,565.44
33.093177,324.78499999999997,549.7049999999999,325.05,533.25,324.52,566.16
33.097177,326.525,553.9000000000001,329.19,536.57,323.86,571.23
33.101176,326.0,552.255,328.16,537.79,323.84,566.72
33.105176,326.005,554.81,329.55,539.65,322.46,569.97
33.109175,325.725,556.96,330.33,538.33,321.12,575.59
33.113175,326.82,554.9100000000001,332.07,539.08,321.57,570.74
33.117174,329.15999999999997,556.145,336.48,539.38,321.84,572.91
33.121174,329.945,557.59,338.06,540.61,321.83,574.57
33.125173,331.51,559.175,339.98,542.77,323.04,575.58
33.129172,331.38,559.02,340.05,543.59,322.71,574.45
33.133172,332.78999999999996,562.1600000000001,340.15,543.72,325.43,580.6
33.137171,333.4,561.3,340.95,545.25,325.85,577.35
33.141171,334.125,561.495,342.08,546.45,326.17,576.54
33.14517,335.72,562.51,343.36,546.36,328.08,578.66
33.14917,337.03499999999997,560.165,343.84,544.63,330.23,575.7
33.153169,337.52,559.605,344.48,544.67,330.56,574.54
33.157169,337.14,559.345,344.32,543.48,329.96,575.21
33.161168,337.88,559.8499999999999,343.88,544.81,331.88,574.89
33.165167,337.94,558.89,344.43,545.15,331.45,572.63
33.169167,338.735,558.2149999999999,346.38,545.29,331.09,571.14
33.173166,340.71000000000004,558.1800000000001,350.93,546.99,330.49,569.37
33.177166,340.825,558.2149999999999,351.76,549.64,329.89,566.79
33.181165,341.79499999999996,557.81,353.59,550.06,330.0,565.56
33.185165,340.95500000000004,556.635,352.8,550.67,329.11,562.6
33.189164,341.29,559.395,354.67,556.76,327.91,562.03
33.193164,340.605,558.885,354.04,557.55,327.17,560.22
33.197163,340.46,560.375,354.21,558.52,326.71,562.23
33.201163,340.98,561.56,354.6,558.7,327.36,564.42
33.205162,340.0,561.51,353.95,558.27,326.05,564.75
33.209161,338.92,562.37,352.48,557.33,325.36,567.41
33.213161,337.82500000000005,563.165,350.04,558.42,325.61,567.91
33.21716,336.61,564.03,347.07,558.01,326.15,570.05
33.22116,335.31,563.3050000000001,344.15,556.27,326.47,570.34
33.225159,333.14,563.5350000000001,339.15,554.5,327.13,572.57
33.229159,331.43,564.54,335.25,555.41,327.61,573.67
33.233158,329.04999999999995,563.745,329.84,554.34,328.26,573.15
33.237158,329.04499999999996,562.9649999999999,330.65,551.54,327.44,574.39
33.241157,328.89,560.7950000000001,330.09,547.0,327.69,574.59
33.245156,328.16499999999996,560.69,328.65,547.86,327.68,573.52
33.249152,326.96000000000004,560.905,325.94,548.49,327.98,573.32
33.253147,326.37,560.19,325.13,546.86,327.61,573.52
33.257143,326.33000000000004,560.355,324.17,548.63,328.49,572.08
33.261139,326.495,560.485,325.01,545.48,327.98,575.49
33.265134,327.005,559.01,326.16,545.18,327.85,572.84
33.26913,327.615,557.51,326.81,541.56,328.42,573.46
33.273125,326.725,559.765,324.85,545.79,328.6,573.74
33.277121,327.21,561.2950000000001,324.64,548.27,329.78,574.32
33.281116,328.41499999999996,562.27,325.71,548.8,331.12,575.74
33.285112,327.28,564.7850000000001,322.25,553.36,332.31,576.21
33.289107,327.87,565.895,323.17,554.48,332.57,577.31
33.293099,328.28499999999997,567.03,323.54,555.46,333.03,578.6
33.297091,330.25,568.6400000000001,324.76,558.33,335.74,578.95
33.301083,329.475,569.26,324.07,557.68,334.88,580.84
33.305075,329.92999999999995,570.245,324.59,560.03,335.27,580.46
33.309067,329.205,571.6600000000001,323.03,561.95,335.38,581.37
33.313059,328.605,572.5699999999999,322.72,563.06,334.49,582.08
33.317051,328.475,573.49,322.09,563.53,334.86,583.45
33.321044,328.49,574.325,323.27,564.01,333.71,584.64
33.325036,328.08500000000004,574.06,324.31,563.64,331.86,584.48
33.329028,328.4,572.085,325.75,559.36,331.05,584.81
33.33302,329.43,571.225,327.81,556.86,331.05,585.59
33.337012,330.24,571.47,330.88,556.65,329.6,586.29
33.341004,329.475,569.475,330.42,553.22,328.53,585.73
33.344996,329.59000000000003,568.0250000000001,331.17,550.2,328.01,585.85
33.348988,330.515,566.8199999999999,332.99,548.78,328.04,584.86
33.35298,330.695,568.0,332.56,549.13,328.83,586.87
33.356972,331.91499999999996,566.275,335.55,547.75,328.28,584.8
33.360964,333.235,564.095,338.91,543.99,327.56,584.2
33.364956,332.63,564.125,337.47,543.79,327.79,584.46
33.368948,332.57,565.365,337.74,543.8,327.4,586.93
33.37294,333.08500000000004,564.565,337.44,543.4,328.73,585.73
33.376932,331.58000000000004,564.76,335.23,544.04,327.93,585.48
33.380924,332.28999999999996,565.0,332.75,544.25,331.83,585.75
33.384916,332.74,565.425,333.24,544.88,332.24,585.97
33.388909,332.74,566.0999999999999,333.19,545.67,332.29,586.53
33.392901,333.78499999999997,567.31,333.74,546.68,333.83,587.94
33.396893,332.52,567.23,331.78,547.34,333.26,587.12
33.400885,332.515,566.99,329.45,546.61,335.58,587.37
33.404877,332.775,568.285,328.61,548.03,336.94,588.54
33.408869,333.32000000000005,568.4200000000001,328.35,548.11,338.29,588.73
33.412861,333.005,568.22,328.6,548.08,337.41,588.36
33.416853,334.83000000000004,568.1800000000001,331.18,548.36,338.48,588.0
33.420845,336.11,568.2049999999999,333.67,548.03,338.55,588.38
33.424837,337.57,567.315,335.53,548.34,339.61,586.29
33.428829,336.57500000000005,567.365,336.11,548.26,337.04,586.47
33.432821,338.08500000000004,567.01,338.54,547.64,337.63,586.38
33.436813,338.005,568.0699999999999,339.09,547.86,336.92,588.28
33.440805,339.485,567.4449999999999,342.13,547.17,336.84,587.72
33.444797,339.40999999999997,568.53,343.11,546.41,335.71,590.65
33.448797,339.6,567.835,344.49,546.47,334.71,589.2
33.452796,339.56500000000005,567.655,345.91,546.38,333.22,588.93
33.456795,340.625,567.825,349.07,547.54,332.18,588.11
33.460794,340.28499999999997,568.45,348.79,547.91,331.78,588.99
33.464793,341.61,568.035,350.5,548.17,332.72,587.9
33.468792,340.58,569.27,350.38,548.74,330.78,589.8
33.472791,341.575,570.0150000000001,350.88,549.82,332.27,590.21
33.47679,341.40999999999997,570.15,351.18,550.16,331.64,590.14
33.48079,341.39,569.2,350.3,550.22,332.48,588.18
33.484789,342.025,569.2950000000001,350.03,550.46,334.02,588.13
33.488788,341.13,568.8199999999999,349.77,551.06,332.49,586.58
33.492787,341.96000000000004,568.38,351.36,551.3,332.56,585.46
33.496793,342.065,569.865,351.4,552.42,332.73,587.31
33.500799,342.03999999999996,571.4449999999999,351.39,554.61,332.69,588.28
33.504805,343.365,571.355,353.82,554.4,332.91,588.31
33.508811,341.73,572.355,352.51,554.54,330.95,590.17
33.512817,343.005,571.795,355.96,554.78,330.05,588.81
33.516822,343.4,571.22,357.19,553.79,329.61,588.65
33.520828,344.635,572.1,358.4,555.09,330.87,589.11
33.524834,343.44,571.74,357.74,553.49,329.14,589.99
33.52884,342.105,571.005,355.02,554.25,329.19,587.76
33.532846,343.755,570.9200000000001,359.28,554.25,328.23,587.59
33.536852,344.415,571.475,360.04,556.84,328.79,586.11
33.540858,345.605,570.2950000000001,361.75,556.69,329.46,583.9
33.544864,345.155,569.1199999999999,361.57,554.18,328.74,584.06
33.54887,342.38,567.255,355.91,552.41,328.85,582.1
33.552876,342.485,565.355,354.04,550.06,330.93,580.65
33.556882,339.68,565.135,348.35,549.41,331.01,580.86
33.560888,337.28,563.615,342.58,548.45,331.98,578.78
33.564893,335.66499999999996,563.395,338.9,547.78,332.43,579.01
33.568899,335.55499999999995,564.665,339.02,549.26,332.09,580.07
33.572905,333.74,565.8599999999999,335.57,549.55,331.91,582.17
33.576911,333.405,567.5250000000001,332.25,551.73,334.56,583.32
33.580917,332.53499999999997,567.78,331.5,549.87,333.57,585.69
33.584923,331.525,567.695,329.97,550.7,333.08,584.69
33.588929,330.46500000000003,568.225,327.62,551.84,333.31,584.61
33.592935,328.795,568.495,325.66,551.98,331.93,585.01
33.596941,327.275,568.49,324.43,552.63,330.12,584.35
33.600947,327.18,568.9649999999999,324.63,554.41,329.73,583.52
33.604953,327.695,569.36,326.18,555.38,329.21,583.34
33.608958,326.73,568.11,325.67,554.89,327.79,581.33
33.612964,327.305,567.3299999999999,327.3,554.13,327.31,580.53
33.61697,329.07500000000005,567.2950000000001,328.6,554.45,329.55,580.14
33.620976,329.33500000000004,566.1949999999999,328.72,553.59,329.95,578.8
33.624982,331.16499999999996,564.55,330.81,552.42,331.52,576.68
33.628988,331.385,565.325,333.83,552.22,328.94,578.43
33.632994,331.865,565.1600000000001,335.18,552.32,328.55,578.0
33.637,333.625,565.31,338.69,552.69,328.56,577.93
33.641006,336.075,564.7,341.52,553.73,330.63,575.67
33.645012,334.78999999999996,563.0899999999999,342.02,554.25,327.56,571.93
33.649014,333.265,562.5550000000001,339.2,553.36,327.33,571.75
33.653016,337.025,566.4200000000001,346.26,557.61,327.79,575.23
33.657018,336.46500000000003,567.2049999999999,343.72,558.55,329.21,575.86
33.66102,338.25,565.4000000000001,348.01,559.83,328.49,570.97
33.665022,340.715,566.515,352.28,562.92,329.15,570.11
33.669024,346.38,567.595,363.65,560.63,329.11,574.56
33.673026,355.39,566.8299999999999,374.4,561.18,336.38,572.48
33.677028,367.7,565.96,389.39,558.89,346.01,573.03
33.68103,366.635,565.15,378.77,556.92,354.5,573.38
33.685032,364.59000000000003,564.9,379.96,553.8,349.22,576.0
33.689034,369.83500000000004,565.7,382.38,553.67,357.29,577.73
33.693036,369.19500000000005,566.105,381.22,552.58,357.17,579.63
33.697038,373.765,565.69,384.12,550.08,363.41,581.3
33.701038,376.45000000000005,564.185,385.48,547.94,367.42,580.43
33.705038,379.43499999999995,564.965,386.34,547.24,372.53,582.69
33.709039,377.9,564.4300000000001,385.78,545.46,370.02,583.4
33.713039,378.695,562.755,385.78,545.65,371.61,579.86
33.717039,376.68499999999995,559.965,384.03,541.44,369.34,578.49
33.721039,375.205,558.5699999999999,382.95,540.51,367.46,576.63
33.725039,372.995,558.36,383.9,540.74,362.09,575.98
33.729039,374.41999999999996,558.815,383.58,540.49,365.26,577.14
33.733039,372.055,556.47,384.24,537.15,359.87,575.79
33.737039,372.63,554.855,386.16,536.76,359.1,572.95
33.74104,372.815,554.04,386.27,535.6,359.36,572.48
33.74504,371.105,552.785,386.02,533.27,356.19,572.3
33.74904,368.525,551.315,383.94,532.43,353.11,570.2
33.75304,370.115,550.94,386.65,529.38,353.58,572.5
33.75704,370.365,549.21,385.97,528.98,354.76,569.44
33.76104,372.39,550.7,386.21,529.07,358.57,572.33
33.76504,372.48,551.71,386.69,528.89,358.27,574.53
33.76904,373.28499999999997,552.45,385.23,528.77,361.34,576.13
33.773041,374.07,554.095,385.86,529.56,362.28,578.63
33.777041,374.555,551.745,384.92,529.8,364.19,573.69
33.781041,375.29,557.105,384.23,532.12,366.35,582.09
33.785041,375.74,556.19,385.13,531.68,366.35,580.7
33.789041,375.875,559.4649999999999,386.5,535.25,365.25,583.68
33.793041,377.235,559.7149999999999,388.59,536.15,365.88,583.28
33.797041,377.05,560.645,389.43,539.61,364.67,581.68
33.801041,376.33,562.41,390.33,540.31,362.33,584.51
33.805042,377.0,562.49,391.48,540.97,362.52,584.01
33.809042,377.52,557.755,392.82,542.43,362.22,573.08
33.813042,378.11,558.69,394.39,545.45,361.83,571.93
33.817042,377.45000000000005,560.98,395.05,546.1,359.85,575.86
33.821042,378.405,561.7950000000001,396.24,547.94,360.57,575.65
33.825042,378.205,561.56,397.78,548.41,358.63,574.71
33.829042,378.18,556.53,398.17,549.69,358.19,563.37
33.833042,378.995,558.525,398.55,549.26,359.44,567.79
33.837043,380.26,555.0,399.76,549.73,360.76,560.27
33.841043,380.6,559.675,398.99,550.62,362.21,568.73
33.845043,381.78999999999996,560.1949999999999,400.27,550.42,363.31,569.97
33.849042,382.65999999999997,559.99,400.18,549.99,365.14,569.99
33.853041,382.235,561.8299999999999,398.95,550.39,365.52,573.27
33.85704,382.70500000000004,563.23,398.31,549.27,367.1,577.19
33.861039,382.13,559.0,398.61,547.58,365.65,570.42
33.865038,382.84000000000003,560.4549999999999,398.21,545.92,367.47,574.99
33.869037,383.675,555.905,396.99,544.45,370.36,567.36
33.873036,383.6,552.1949999999999,396.62,543.29,370.58,561.1
33.877034,384.05999999999995,554.53,395.78,543.55,372.34,565.51
33.881033,386.835,560.57,399.14,542.69,374.53,578.45
33.885032,419.28,554.24,434.13,541.15,404.43,567.33
33.889031,443.14,549.3050000000001,442.21,541.33,444.07,557.28
33.89303,449.075,552.375,450.63,539.94,447.52,564.81
33.897029,444.99,551.395,453.5,539.2,436.48,563.59
33.901028,443.335,554.22,446.15,540.67,440.52,567.77
33.905026,433.46000000000004,552.995,447.99,544.09,418.93,561.9
33.909025,444.37,551.2349999999999,450.9,541.17,437.84,561.3
33.913023,443.375,550.265,447.77,540.77,438.98,559.76
33.917021,444.46,552.4549999999999,449.65,540.29,439.27,564.62
33.92102,445.045,552.36,447.98,537.69,442.11,567.03
33.925018,446.15999999999997,551.96,449.57,539.26,442.75,564.66
33.929016,445.9,554.28,448.3,538.4,443.5,570.16
33.933014,444.91999999999996,554.39,447.31,542.28,442.53,566.5
33.937013,443.565,559.905,446.19,543.79,440.94,576.02
33.941011,443.83000000000004,557.865,445.69,544.03,441.97,571.7
33.945009,443.31,557.585,445.99,544.91,440.63,570.26
33.949007,444.26,555.8499999999999,445.71,542.68,442.81,569.02
33.953006,443.65999999999997,556.1,445.15,541.49,442.17,570.71
33.957004,444.03,557.12,445.23,542.57,442.83,571.67
33.961002,444.775,555.985,446.13,541.2,443.42,570.77
33.965001,445.555,556.74,447.29,542.91,443.82,570.57
33.968999,445.725,555.69,447.88,539.94,443.57,571.44
33.972997,445.78499999999997,552.5899999999999,447.58,538.53,443.99,566.65
33.976995,446.875,552.02,448.51,538.88,445.24,565.16
33.980994,447.995,551.105,449.54,535.07,446.45,567.14
33.984992,447.875,549.235,450.33,535.86,445.42,562.61
33.98899,449.29999999999995,548.4749999999999,451.4,535.42,447.2,561.53
33.992988,449.67499999999995,550.47,452.71,536.05,446.64,564.89
33.996987,451.485,550.56,455.31,535.65,447.66,565.47
34.000985,452.23,551.9300000000001,455.78,537.44,448.68,566.42
34.004983,451.445,553.005,454.38,538.49,448.51,567.52
34.008982,451.655,554.34,454.8,537.99,448.51,570.69
34.01298,452.01,556.645,455.72,539.84,448.3,573.45
34.016978,452.85,558.9,456.79,540.06,448.91,577.74
34.020976,451.7,556.3,456.52,540.42,446.88,572.18
34.024975,452.555,561.395,457.92,541.32,447.19,581.47
34.028973,453.625,561.0699999999999,460.78,543.3,446.47,578.84
34.032971,455.405,562.13,463.01,544.02,447.8,580.24
34.03697,456.34000000000003,559.105,465.13,544.12,447.55,574.09
34.040968,454.495,562.7850000000001,461.16,545.96,447.83,579.61
34.044966,455.875,564.21,463.21,545.05,448.54,583.37
34.048966,455.865,566.955,463.01,545.96,448.72,587.95
34.052966,457.0,566.6800000000001,465.01,547.88,448.99,585.48
34.056966,458.985,564.99,468.14,547.64,449.83,582.34
34.060967,458.265,561.35,468.94,549.48,447.59,573.22
34.064967,460.56,558.13,471.31,550.72,449.81,565.54
34.068967,459.76,557.8599999999999,469.92,552.55,449.6,563.17
34.072967,460.42,559.975,469.98,551.87,450.86,568.08
34.076967,458.33500000000004,562.595,467.13,551.86,449.54,573.33
34.080967,457.7,560.565,465.26,552.08,450.14,569.05
34.084967,458.105,567.09,466.2,550.6,450.01,583.58
34.088967,455.32500000000005,566.875,464.11,552.38,446.54,581.37
34.092967,454.93,568.355,462.29,552.81,447.57,583.9
34.096968,453.51,568.995,458.26,553.67,448.76,584.32
34.100968,453.96000000000004,566.74,458.01,553.25,449.91,580.23
34.104968,456.92499999999995,567.8,458.26,552.17,455.59,583.43
34.108968,474.605,562.255,479.24,552.0,469.97,572.51
34.112969,534.565,562.0550000000001,526.82,549.42,542.31,574.69
34.11697,551.24,560.0550000000001,549.09,548.32,553.39,571.79
34.12097,540.765,553.84,543.78,545.59,537.75,562.09
34.124971,535.495,565.95,542.21,548.67,528.78,583.23
34.128972,530.0250000000001,558.55,540.21,550.03,519.84,567.07
34.132972,531.065,555.8,543.53,550.3,518.6,561.3
34.136973,532.935,553.9200000000001,540.48,549.9,525.39,557.94
34.140974,530.38,552.5899999999999,540.04,551.87,520.72,553.31
34.144974,533.895,551.515,539.91,550.4,527.88,552.63
34.148975,536.22,552.875,541.32,548.08,531.12,557.67
34.152976,536.91,559.1800000000001,542.41,551.57,531.41,566.79
34.156976,535.47,571.6400000000001,540.83,550.57,530.11,592.71
34.160977,534.5999999999999,554.575,540.28,552.2,528.92,556.95
34.164978,535.345,563.9749999999999,541.05,554.41,529.64,573.54
34.168978,536.51,563.335,541.58,555.78,531.44,570.89
34.172979,538.7049999999999,565.51,543.43,556.16,533.98,574.86
34.17698,538.775,563.655,542.64,554.94,534.91,572.37
34.18098,538.6949999999999,559.37,542.61,554.72,534.78,564.02
34.184981,540.645,568.845,544.89,553.17,536.4,584.52
34.188982,541.105,559.14,545.18,553.15,537.03,565.13
34.192982,541.37,566.3199999999999,545.8,555.48,536.94,577.16
34.196983,543.215,568.1600000000001,547.82,555.21,538.61,581.11
34.200984,542.465,563.7650000000001,547.49,555.57,537.44,571.96
34.204984,542.56,565.46,546.71,555.54,538.41,575.38
34.208985,541.54,566.56,545.78,555.65,537.3,577.47
34.212986,539.815,566.5450000000001,543.31,552.63,536.32,580.46
34.216986,538.6099999999999,565.865,540.67,551.72,536.55,580.01
34.220987,538.27,568.28,539.41,550.47,537.13,586.09
34.224988,536.8399999999999,568.255,536.41,549.61,537.27,586.9
34.228988,536.725,563.665,534.46,549.24,538.99,578.09
34.232989,535.56,564.75,532.0,548.14,539.12,581.36
34.236989,536.0,564.06,532.34,547.66,539.66,580.46
34.24099,534.16,567.4649999999999,532.52,547.52,535.8,587.41
34.244991,536.12,566.31,532.76,547.78,539.48,584.84
34.248991,536.975,567.7650000000001,534.37,547.32,539.58,588.21
34.252991,536.235,563.9,536.08,547.62,536.39,580.18
34.256991,538.165,563.8199999999999,538.56,547.25,537.77,580.39
34.260991,536.995,561.755,537.71,547.28,536.28,576.23
34.264991,538.02,562.935,539.35,546.86,536.69,579.01
34.268992,539.425,563.485,540.87,547.19,537.98,579.78
34.272992,538.16,561.05,539.8,546.04,536.52,576.06
34.276992,536.0999999999999,561.845,539.05,545.95,533.15,577.74
34.280992,535.2,562.335,538.68,544.43,531.72,580.24
34.284992,533.17,559.575,535.8,544.01,530.54,575.14
34.288992,531.84,558.915,534.59,542.72,529.09,575.11
34.292992,531.71,557.3499999999999,533.14,541.27,530.28,573.43
34.296992,529.735,557.1600000000001,530.85,539.37,528.62,574.95
34.300993,527.275,557.1949999999999,529.05,538.53,525.5,575.86
34.304993,527.46,559.675,529.5,537.05,525.42,582.3
34.308993,528.435,555.92,528.71,537.29,528.16,574.55
34.312992,526.63,556.895,526.84,536.08,526.42,577.71
34.316992,526.85,556.235,526.22,535.86,527.48,576.61
34.320991,525.985,556.6400000000001,526.0,534.45,525.97,578.83
34.32499,527.45,556.865,527.29,535.73,527.61,578.0
34.32899,529.715,558.5699999999999,528.19,537.28,531.24,579.86
34.332989,531.13,555.6500000000001,529.45,538.34,532.81,572.96
34.336989,530.2349999999999,557.135,529.3,538.59,531.17,575.68
34.340988,530.7,559.7349999999999,529.16,540.05,532.24,579.42
34.344988,531.0799999999999,553.3399999999999,531.43,540.04,530.73,566.64
34.348987,532.605,559.145,531.62,541.27,533.59,577.02
34.352987,532.165,561.525,533.82,542.54,530.51,580.51
34.356986,531.9849999999999,561.885,535.06,544.24,528.91,579.53
34.360985,531.925,556.88,536.94,544.29,526.91,569.47
34.364985,531.3599999999999,564.84,537.67,546.57,525.05,583.11
34.368984,533.2249999999999,563.76,539.56,548.31,526.89,579.21
34.372984,532.7650000000001,559.28,539.09,548.12,526.44,570.44
34.376983,534.2950000000001,561.895,539.75,548.8,528.84,574.99
34.380983,534.615,564.2,540.3,549.61,528.93,578.79
34.384982,537.105,562.71,541.8,551.38,532.41,574.04
34.388981,537.8900000000001,566.005,541.2,551.1,534.58,580.91
34.392981,537.215,568.38,539.94,553.12,534.49,583.64
34.39698,535.565,566.77,538.46,553.43,532.67,580.11
34.40098,535.7249999999999,564.925,537.66,551.29,533.79,578.56
34.404979,535.855,566.5550000000001,536.63,553.44,535.08,579.67
34.408979,537.2349999999999,568.375,536.93,555.61,537.54,581.14
34.412978,537.74,563.825,537.77,553.38,537.71,574.27
34.416978,537.11,565.265,536.34,552.18,537.88,578.35
34.420977,537.155,565.595,535.91,550.35,538.4,580.84
34.424976,535.45,566.075,533.49,552.11,537.41,580.04
34.428976,534.01,562.095,533.22,549.64,534.8,574.55
34.432975,532.925,564.0550000000001,531.74,550.61,534.11,577.5
34.436975,532.76,563.95,532.78,548.94,532.74,578.96
34.440974,532.585,562.52,532.28,548.54,532.89,576.5
34.444974,532.29,560.21,532.24,548.33,532.34,572.09
34.448973,530.84,559.905,529.82,547.32,531.86,572.49
34.452973,530.6600000000001,558.4200000000001,530.87,548.11,530.45,568.73
34.456973,530.5350000000001,563.5699999999999,529.58,549.04,531.49,578.1
34.460973,530.48,558.53,530.68,549.12,530.28,567.94
34.464973,529.73,560.165,530.0,548.56,529.46,571.77
34.468972,529.83,560.78,530.95,544.81,528.71,576.75
34.472972,529.1600000000001,560.3,530.1,544.47,528.22,576.13
34.476972,529.53,560.0350000000001,530.24,542.59,528.82,577.48
34.480972,530.25,562.4849999999999,530.72,543.56,529.78,581.41
34.484971,530.3199999999999,560.635,529.74,541.29,530.9,579.98
34.488971,531.62,559.355,531.01,542.6,532.23,576.11
34.492971,533.015,555.545,531.8,542.05,534.23,569.04
34.496971,533.33,561.63,531.7,542.1,534.96,581.16
34.500971,532.095,557.52,529.95,540.86,534.24,574.18
34.50497,532.165,556.37,528.73,539.67,535.6,573.07
34.50897,530.28,556.555,526.8,539.31,533.76,573.8
34.51297,531.4300000000001,557.295,525.62,536.78,537.24,577.81
34.516966,531.31,553.095,525.61,537.96,537.01,568.23
34.520962,530.3,557.12,524.39,537.82,536.21,576.42
34.524958,530.5,554.17,524.86,538.53,536.14,569.81
34.528954,530.5799999999999,554.2550000000001,524.73,539.94,536.43,568.57
34.532949,530.0999999999999,556.005,523.42,539.45,536.78,572.56
34.536945,529.9,556.335,522.87,538.3,536.93,574.37
34.540941,529.5050000000001,555.7750000000001,522.07,537.94,536.94,573.61
34.544937,529.3,556.655,522.22,536.31,536.38,577.0
34.548933,528.565,552.11,522.27,539.27,534.86,564.95
34.552929,529.8,554.835,523.65,540.16,535.95,569.51
34.556925,530.615,557.525,525.61,540.68,535.62,574.37
34.560921,530.435,560.635,525.81,543.09,535.06,578.18
34.564917,532.0,556.38,528.11,542.95,535.89,569.81
34.568913,532.28,558.0699999999999,529.05,544.34,535.51,571.8
34.572909,532.255,558.895,529.45,545.9,535.06,571.89
34.576904,531.9,555.76,529.06,546.56,534.74,564.96
34.5809,532.0050000000001,553.735,529.07,546.13,534.94,561.34
34.584896,532.475,552.675,531.46,546.36,533.49,558.99
34.588892,532.275,554.8499999999999,531.91,549.54,532.64,560.16
34.592888,532.2,554.255,530.14,549.61,534.26,558.9
34.596884,531.04,552.815,530.16,547.68,531.92,557.95
34.60088,531.73,552.365,530.01,547.03,533.45,557.7
34.604876,530.79,551.0,527.74,545.91,533.84,556.09
34.608872,531.555,558.155,527.56,547.57,535.55,568.74
34.612868,530.595,553.75,525.05,548.73,536.14,558.77
34.616864,529.47,551.4549999999999,523.51,544.91,535.43,558.0
34.62086,529.62,550.765,523.38,541.18,535.86,560.35
34.624855,528.0550000000001,547.8050000000001,522.5,536.57,533.61,559.04
34.628851,528.19,550.405,522.12,538.75,534.26,562.06
34.632847,528.3199999999999,549.505,521.76,533.01,534.88,566.0
34.636843,527.795,549.9200000000001,521.92,528.48,533.67,571.36
34.640839,529.77,548.965,524.01,526.36,535.53,571.57
34.644835,529.8050000000001,545.9549999999999,524.02,521.91,535.59,570.0
34.648833,530.505,551.13,526.22,531.55,534.79,570.71
34.652832,529.495,547.7850000000001,525.79,528.49,533.2,567.08
34.65683,529.7950000000001,548.275,526.25,527.56,533.34,568.99
34.660828,531.13,546.8050000000001,527.85,527.38,534.41,566.23
34.664827,532.005,547.905,529.02,531.53,534.99,564.28
34.668825,532.725,549.745,530.34,530.1,535.11,569.39
34.672823,532.87,550.325,530.87,533.0,534.87,567.65
34.676822,531.565,551.915,529.38,538.45,533.75,565.38
34.68082,532.9549999999999,550.325,531.89,539.1,534.02,561.55
34.684818,537.865,552.315,533.53,541.78,542.2,562.85
34.688817,573.21,550.915,563.92,540.99,582.5,560.84
34.692815,635.4200000000001,548.47,623.95,537.49,646.89,559.45
34.696813,642.46,546.54,628.12,535.15,656.8,557.93
34.700812,624.25,545.39,610.68,536.79,637.82,553.99
34.70481,600.74,544.59,599.56,537.95,601.92,551.23
34.708808,605.395,543.895,602.0,536.19,608.79,551.6
34.712807,606.26,544.385,603.43,538.65,609.09,550.12
34.716805,611.155,542.125,605.22,536.76,617.09,547.49
34.720806,621.6600000000001,542.3399999999999,614.62,537.76,628.7,546.92
34.724807,615.03,541.595,611.97,538.96,618.09,544.23
34.728809,623.505,543.415,613.84,538.93,633.17,547.9
34.73281,620.45,544.5550000000001,613.35,540.88,627.55,548.23
34.736811,621.665,544.98,613.87,541.5,629.46,548.46
34.740813,617.715,545.215,612.96,542.49,622.47,547.94
34.744814,616.005,547.665,612.58,543.84,619.43,551.49
34.748815,618.79,548.3399999999999,613.12,545.0,624.46,551.68
34.752817,619.085,550.315,613.75,547.66,624.42,552.97
34.756818,620.7249999999999,551.105,614.81,546.77,626.64,555.44
34.760819,621.0550000000001,551.13,615.71,544.59,626.4,557.67
34.764821,621.075,551.22,615.36,543.07,626.79,559.37
34.768822,622.05,553.575,616.11,545.46,627.99,561.69
34.772823,621.265,554.17,616.28,545.91,626.25,562.43
34.776825,622.505,553.815,616.02,545.75,628.99,561.88
34.780826,622.645,553.875,616.7,546.79,628.59,560.96
34.784827,622.075,553.885,614.61,549.12,629.54,558.65
34.788829,622.6800000000001,552.8,615.71,546.35,629.65,559.25
34.79283,623.895,550.825,617.97,542.63,629.82,559.02
34.796831,625.255,551.8900000000001,619.04,542.46,631.47,561.32
34.800833,624.5699999999999,553.465,619.05,544.59,630.09,562.34
34.804834,625.685,553.69,619.11,545.31,632.26,562.07
34.808835,625.325,553.7049999999999,619.86,546.62,630.79,560.79
34.812837,623.7049999999999,552.875,615.66,545.2,631.75,560.55
34.816838,624.18,549.355,616.31,544.79,632.05,553.92
34.820839,624.045,548.64,617.29,540.9,630.8,556.38
34.824841,621.3050000000001,550.9649999999999,615.25,544.68,627.36,557.25
34.828842,620.755,550.37,616.93,543.67,624.58,557.07
34.832843,622.9300000000001,551.095,619.87,545.62,625.99,556.57
34.836845,622.08,553.0550000000001,619.7,546.79,624.46,559.32
34.840846,621.825,554.7650000000001,618.71,550.46,624.94,559.07
34.844847,623.2249999999999,553.6,619.15,551.1,627.3,556.1
34.848846,622.27,551.975,621.2,549.25,623.34,554.7
34.852844,621.5999999999999,553.83,619.06,553.94,624.14,553.72
34.856843,622.01,554.3,618.38,554.15,625.64,554.45
34.860841,621.085,554.8,615.76,552.67,626.41,556.93
34.86484,622.115,554.13,618.92,551.89,625.31,556.37
34.868838,623.2,552.4300000000001,618.74,548.39,627.66,556.47
34.872836,621.9649999999999,553.495,617.27,551.36,626.66,555.63
34.876835,620.71,553.365,614.69,551.53,626.73,555.2
34.880833,618.88,554.675,613.34,553.93,624.42,555.42
34.884832,619.385,550.6800000000001,612.69,550.36,626.08,551.0
34.88883,617.0450000000001,549.44,612.59,546.96,621.5,551.92
34.892829,617.6949999999999,550.8499999999999,614.01,548.17,621.38,553.53
34.896827,617.1949999999999,547.8499999999999,612.46,543.89,621.93,551.81
34.900825,616.67,547.53,613.03,543.39,620.31,551.67
34.904824,616.62,548.34,612.78,545.45,620.46,551.23
34.908822,615.0550000000001,550.06,611.14,547.86,618.97,552.26
34.912821,615.01,550.14,610.89,548.13,619.13,552.15
34.916819,615.2750000000001,551.9749999999999,612.73,551.02,617.82,552.93
34.920818,616.39,549.56,614.15,548.46,618.63,550.66
34.924814,616.5550000000001,549.77,614.52,547.45,618.59,552.09
34.928811,617.38,549.97,615.71,547.46,619.05,552.48
34.932808,617.3299999999999,550.255,615.93,546.87,618.73,553.64
34.936805,618.0350000000001,549.62,615.11,546.45,620.96,552.79
34.940802,618.135,550.49,615.08,548.54,621.19,552.44
34.944799,618.825,551.615,615.82,550.72,621.83,552.51
34.948796,618.29,552.505,615.04,552.85,621.54,552.16
34.952793,617.9200000000001,550.9100000000001,614.94,551.61,620.9,550.21
34.956789,616.48,552.51,612.1,553.04,620.86,551.98
34.960786,618.855,549.7750000000001,612.0,549.6,625.71,549.95
34.964783,621.0699999999999,550.065,615.03,549.31,627.11,550.82
34.96878,648.9300000000001,549.995,634.85,548.83,663.01,551.16
34.972777,723.3299999999999,543.4200000000001,717.02,534.7,729.64,552.14
34.976774,730.5899999999999,542.605,711.42,532.92,749.76,552.29
34.980771,720.385,544.88,699.22,536.85,741.55,552.91
34.984767,691.575,547.2,671.6,541.74,711.55,552.66
34.988764,683.62,543.495,667.15,536.4,700.09,550.59
34.992761,685.885,544.515,666.91,538.22,704.86,550.81
34.996758,697.15,547.09,675.14,541.08,719.16,553.1
35.000755,690.2850000000001,543.715,672.44,535.58,708.13,551.85
35.004752,692.72,545.23,674.61,539.44,710.83,551.02
35.008749,697.755,547.075,680.89,543.66,714.62,550.49
35.012745,701.425,545.285,688.63,541.18,714.22,549.39
35.016742,704.265,548.35,691.74,547.46,716.79,549.24
35.020739,701.245,547.98,686.84,546.82,715.65,549.14
35.024736,701.105,548.3599999999999,688.47,548.93,713.74,547.79
35.028733,699.915,549.21,686.47,548.7,713.36,549.72
35.03273,702.92,550.78,690.31,550.84,715.53,550.72
35.036727,704.825,551.6700000000001,693.96,551.88,715.69,551.46
35.040724,705.815,551.29,696.5,551.79,715.13,550.79
35.04472,706.175,551.7149999999999,696.7,552.17,715.65,551.26
35.04872,708.3199999999999,553.5699999999999,700.3,554.73,716.34,552.41
35.05272,708.71,555.25,701.31,554.44,716.11,556.06
35.05672,708.5699999999999,555.3199999999999,701.1,555.01,716.04,555.63
35.06072,710.175,557.2349999999999,703.97,555.3,716.38,559.17
35.06472,710.1800000000001,557.885,704.64,554.64,715.72,561.13
35.06872,710.62,559.565,704.96,555.52,716.28,563.61
35.07272,712.425,561.29,707.85,556.56,717.0,566.02
35.07672,712.05,561.385,707.04,555.3,717.06,567.47
35.08072,712.3699999999999,560.78,708.31,556.14,716.43,565.42
35.08472,711.46,562.7950000000001,706.6,557.47,716.32,568.12
35.08872,711.79,564.215,707.88,560.1,715.7,568.33
35.09272,710.36,563.38,706.45,557.21,714.27,569.55
35.09672,707.85,562.775,702.12,558.16,713.58,567.39
35.10072,706.345,561.5550000000001,699.83,556.67,712.86,566.44
35.104719,705.2,560.855,698.42,556.59,711.98,565.12
35.108719,704.905,559.255,698.42,556.11,711.39,562.4
35.112719,704.375,558.26,698.1,555.64,710.65,560.88
35.116719,703.345,557.5899999999999,696.69,556.55,710.0,558.63
35.120719,702.6600000000001,557.27,696.36,556.82,708.96,557.72
35.124719,702.995,555.765,695.88,553.35,710.11,558.18
35.128723,703.69,556.6800000000001,698.76,555.61,708.62,557.75
35.132727,703.21,555.96,697.27,555.97,709.15,555.95
35.136731,704.875,555.315,699.57,556.64,710.18,553.99
35.140735,704.89,556.015,700.03,556.75,709.75,555.28
35.144739,705.79,555.825,701.23,556.27,710.35,555.38
35.148744,705.855,556.6700000000001,702.72,557.58,708.99,555.76
35.152748,705.2349999999999,558.42,702.68,557.68,707.79,559.16
35.156752,704.08,560.0450000000001,700.7,559.51,707.46,560.58
35.160756,704.095,560.745,700.46,560.19,707.73,561.3
35.16476,703.0250000000001,561.665,696.94,561.24,709.11,562.09
35.168764,703.445,561.565,696.2,559.87,710.69,563.26
35.172768,702.585,559.395,695.14,560.18,710.03,558.61
35.176772,702.825,559.55,694.93,554.29,710.72,564.81
35.180776,702.4000000000001,556.5799999999999,693.83,556.53,710.97,556.63
35.18478,702.215,553.2,693.47,552.45,710.96,553.95
35.188784,702.4300000000001,554.165,695.71,552.52,709.15,555.81
35.192788,701.5450000000001,553.37,693.25,551.21,709.84,555.53
35.196792,702.26,552.4300000000001,693.5,550.0,711.02,554.86
35.200796,702.79,551.425,694.31,550.26,711.27,552.59
35.2048,701.9,551.21,694.89,548.65,708.91,553.77
35.208804,700.825,548.7850000000001,694.28,544.19,707.37,553.38
35.212808,701.905,547.355,696.91,544.27,706.9,550.44
35.216812,701.76,545.42,696.47,540.16,707.05,550.68
35.220817,701.835,546.0799999999999,697.24,541.86,706.43,550.3
35.224821,702.6400000000001,547.58,697.2,543.44,708.08,551.72
35.228825,702.825,547.1300000000001,697.18,541.19,708.47,553.07
35.232829,703.755,547.5450000000001,695.78,541.52,711.73,553.57
35.236833,705.05,547.485,696.52,542.72,713.58,552.25
35.240837,704.5,546.67,696.06,541.66,712.94,551.68
35.244841,705.46,546.41,696.45,541.42,714.47,551.4
35.248843,707.1800000000001,546.685,696.24,541.81,718.12,551.56
35.252844,707.61,546.04,696.99,542.69,718.23,549.39
35.256846,707.56,547.665,695.42,544.91,719.7,550.42
35.260848,707.46,547.04,695.3,545.66,719.62,548.42
35.26485,707.28,547.5699999999999,694.8,547.23,719.76,547.91
35.268851,706.23,547.23,694.11,546.41,718.35,548.05
35.272853,706.405,546.7,693.11,547.53,719.7,545.87
35.276855,706.4200000000001,547.5699999999999,692.82,547.65,720.02,547.49
35.280857,704.735,547.31,692.52,546.6,716.95,548.02
35.284859,704.5550000000001,548.37,691.63,546.94,717.48,549.8
35.28886,702.8499999999999,547.9549999999999,691.65,545.93,714.05,549.98
35.292862,701.69,544.79,691.47,541.37,711.91,548.21
35.296864,699.675,545.345,690.05,540.64,709.3,550.05
35.300866,698.425,544.365,689.89,539.92,706.96,548.81
35.304867,698.53,543.925,689.0,538.36,708.06,549.49
35.308869,698.44,542.575,689.4,534.47,707.48,550.68
35.312871,698.44,543.8499999999999,689.15,538.04,707.73,549.66
35.316873,696.81,542.265,687.51,533.41,706.11,551.12
35.320875,696.8,541.97,687.97,532.94,705.63,551.0
35.324876,696.385,542.005,686.75,533.14,706.02,550.87
35.328878,695.9200000000001,542.9100000000001,685.69,533.2,706.15,552.62
35.332878,696.435,543.14,686.02,533.62,706.85,552.66
35.336878,697.7650000000001,547.3299999999999,686.83,540.01,708.7,554.65
35.340879,699.045,548.1800000000001,687.18,541.08,710.91,555.28
35.344879,700.485,548.3,687.27,542.88,713.7,553.72
35.348879,700.1,549.2149999999999,687.19,545.92,713.01,552.51
35.352879,699.635,548.235,685.69,547.33,713.58,549.14
35.356879,700.3499999999999,550.89,688.4,552.18,712.3,549.6
35.360879,702.8199999999999,551.7950000000001,692.56,553.89,713.08,549.7
35.364879,702.26,554.75,692.73,554.75,711.79,554.75
35.368879,705.29,558.6800000000001,698.39,560.67,712.19,556.69
35.37288,706.215,558.23,700.73,563.56,711.7,552.9
35.37688,706.995,557.0799999999999,702.53,565.02,711.46,549.14
35.38088,706.905,558.31,703.01,565.41,710.8,551.21
35.38488,707.855,557.995,705.61,567.16,710.1,548.83
35.38888,708.78,561.05,708.52,569.97,709.04,552.13
35.39288,710.45,562.03,710.97,570.5,709.93,553.56
35.39688,711.0,563.4749999999999,711.86,573.06,710.14,553.89
35.400881,711.88,564.685,712.98,575.24,710.78,554.13
35.404881,712.19,564.6500000000001,713.05,574.34,711.33,554.96
35.408881,720.755,564.745,714.58,574.39,726.93,555.1
35.412881,775.0699999999999,563.24,768.02,570.73,782.12,555.75
35.416881,830.63,562.39,827.53,568.52,833.73,556.26
35.420881,832.465,560.145,823.69,563.78,841.24,556.51
35.424881,822.53,557.6,801.15,558.25,843.91,556.95
35.428881,817.835,555.89,804.05,554.17,831.62,557.61
35.432882,808.165,550.495,799.21,543.8,817.12,557.19
35.436882,807.61,550.5,796.84,543.71,818.38,557.29
35.440882,810.235,550.73,795.36,543.33,825.11,558.13
35.444882,811.365,552.69,801.05,547.06,821.68,558.32
35.448881,810.315,550.84,800.98,542.99,819.65,558.69
35.45288,813.79,551.935,802.09,544.33,825.49,559.54
35.456879,813.73,548.28,802.46,536.82,825.0,559.74
35.460878,814.59,545.925,804.11,534.72,825.07,557.13
35.464878,814.125,547.8499999999999,802.49,539.29,825.76,556.41
35.468877,814.0,545.4649999999999,804.37,533.27,823.63,557.66
35.472876,813.55,545.875,803.25,535.66,823.85,556.09
35.476875,815.25,547.9200000000001,806.52,536.7,823.98,559.14
35.480874,815.5550000000001,550.625,807.87,541.91,823.24,559.34
35.484873,815.7149999999999,549.085,808.56,539.27,822.87,558.9
35.488872,816.385,548.8399999999999,809.4,538.42,823.37,559.26
35.492871,817.12,549.23,810.2,539.67,824.04,558.79
35.49687,817.37,551.5799999999999,810.76,542.63,823.98,560.53
35.50087,819.4649999999999,550.19,812.52,541.91,826.41,558.47
35.504869,819.56,551.995,812.15,542.66,826.97,561.33
35.508868,818.4649999999999,554.105,811.26,547.01,825.67,561.2
35.512867,819.03,554.95,812.41,547.57,825.65,562.33
35.516866,818.83,555.71,811.96,549.29,825.7,562.13
35.520865,818.44,556.88,811.55,553.0,825.33,560.76
35.524864,818.825,555.7149999999999,811.43,549.79,826.22,561.64
35.528863,819.5450000000001,557.03,812.14,550.96,826.95,563.1
35.532862,819.435,556.44,811.58,549.72,827.29,563.16
35.536862,819.45,556.165,811.46,549.02,827.44,563.31
35.540863,821.775,556.97,813.42,549.91,830.13,564.03
35.544865,819.875,556.6700000000001,811.04,548.13,828.71,565.21
35.548867,819.935,557.635,810.78,551.28,829.09,563.99
35.552869,819.7149999999999,557.785,810.68,550.16,828.75,565.41
35.556871,820.2149999999999,557.375,811.02,548.4,829.41,566.35
35.560872,820.6600000000001,556.76,811.97,548.43,829.35,565.09
35.564874,821.365,556.505,813.66,547.9,829.07,565.11
35.568876,820.9,557.235,813.68,549.75,828.12,564.72
35.572878,821.5899999999999,558.0699999999999,814.79,551.4,828.39,564.74
35.57688,822.54,559.4449999999999,816.54,552.87,828.54,566.02
35.580881,821.935,562.355,816.22,556.72,827.65,567.99
35.584883,820.0,561.385,813.34,554.92,826.66,567.85
35.588885,820.125,561.355,813.06,553.39,827.19,569.32
35.592887,819.875,562.96,810.97,556.2,828.78,569.72
35.596889,820.4649999999999,562.3499999999999,811.68,554.8,829.25,569.9
35.60089,822.72,564.0,815.32,557.07,830.12,570.93
35.604892,823.9549999999999,560.9200000000001,817.13,549.0,830.78,572.84
35.608894,823.375,565.76,815.93,560.29,830.82,571.23
35.612896,820.375,566.4,810.79,558.9,829.96,573.9
35.616898,815.45,568.1949999999999,806.87,565.61,824.03,570.78
35.620899,806.73,569.74,799.56,564.78,813.9,574.7
35.624901,805.625,563.4449999999999,796.53,561.79,814.72,565.1
35.628903,807.5699999999999,567.235,798.91,562.61,816.23,571.86
35.632905,806.135,566.81,799.64,563.91,812.63,569.71
35.636907,799.025,567.5999999999999,791.31,564.8,806.74,570.4
35.640908,798.6800000000001,567.44,790.51,565.66,806.85,569.22
35.64491,798.89,567.5,791.29,563.88,806.49,571.12
35.648911,797.6949999999999,568.9449999999999,791.98,568.99,803.41,568.9
35.652912,797.6500000000001,568.99,792.97,567.28,802.33,570.7
35.656913,796.4549999999999,568.855,791.62,566.82,801.29,570.89
35.660914,796.47,570.095,791.21,566.74,801.73,573.45
35.664915,798.02,570.0250000000001,793.74,564.22,802.3,575.83
35.668915,796.88,571.0,791.09,564.75,802.67,577.25
35.672916,798.14,571.125,792.72,563.53,803.56,578.72
35.676917,797.505,571.77,790.3,564.42,804.71,579.12
35.680918,797.43,573.685,788.68,566.52,806.18,580.85
35.684919,798.4449999999999,573.5450000000001,789.72,564.69,807.17,582.4
35.68892,798.27,572.995,788.55,565.13,807.99,580.86
35.692921,797.615,573.28,786.28,564.32,808.95,582.24
35.696921,796.62,572.675,783.52,561.74,809.72,583.61
35.700922,797.395,574.715,783.95,565.94,810.84,583.49
35.704923,798.245,575.3050000000001,784.05,567.83,812.44,582.78
35.708924,796.7349999999999,574.375,781.18,567.49,812.29,581.26
35.712925,796.725,573.525,780.5,567.02,812.95,580.03
35.716926,796.28,573.055,779.17,568.18,813.39,577.93
35.720927,796.585,571.4300000000001,779.83,564.22,813.34,578.64
35.724928,796.6700000000001,570.73,781.21,564.34,812.13,577.12
35.728928,797.085,569.415,781.64,562.77,812.53,576.06
35.732929,797.025,569.81,782.37,563.02,811.68,576.6
35.73693,798.1,570.13,783.99,563.22,812.21,577.04
35.740931,798.325,569.96,784.85,563.48,811.8,576.44
35.744929,798.4300000000001,570.415,786.12,561.68,810.74,579.15
35.748927,796.38,569.975,784.75,560.19,808.01,579.76
35.752925,797.24,571.115,787.0,559.52,807.48,582.71
35.756924,796.835,570.69,787.87,559.38,805.8,582.0
35.760922,797.8499999999999,572.235,789.03,558.14,806.67,586.33
35.76492,796.44,572.495,789.81,559.62,803.07,585.37
35.768918,797.585,573.075,789.85,559.2,805.32,586.95
35.772916,797.335,574.4449999999999,791.04,562.03,803.63,586.86
35.776914,796.33,577.455,789.69,565.44,802.97,589.47
35.780912,794.75,577.26,788.85,564.76,800.65,589.76
35.784911,793.8699999999999,578.51,786.81,568.2,800.93,588.82
35.788909,795.04,576.59,788.58,566.98,801.5,586.2
35.792907,795.5550000000001,578.6949999999999,789.69,572.68,801.42,584.71
35.796905,796.4,576.84,792.0,572.23,800.8,581.45
35.800903,796.855,576.5,792.67,571.37,801.04,581.63
35.804901,797.0150000000001,577.5799999999999,794.08,573.25,799.95,581.91
35.808899,798.27,575.84,795.86,571.97,800.68,579.71
35.812898,797.89,577.5999999999999,795.05,575.14,800.73,580.06
35.816896,799.4449999999999,575.1600000000001,796.04,572.46,802.85,577.86
35.820894,800.11,573.72,796.88,570.18,803.34,577.26
35.824892,799.74,574.87,796.0,570.24,803.48,579.5
35.82889,800.38,574.78,796.47,571.47,804.29,578.09
35.832888,799.24,575.935,796.05,571.55,802.43,580.32
35.836886,799.51,577.53,796.33,572.66,802.69,582.4
35.840885,799.7850000000001,578.2049999999999,796.12,574.38,803.45,582.03
35.844883,799.7349999999999,577.78,795.81,573.48,803.66,582.08
35.848881,800.615,577.1949999999999,795.51,573.9,805.72,580.49
35.85288,800.585,576.2950000000001,795.08,574.44,806.09,578.15
35.856879,801.54,575.905,795.06,571.87,808.02,579.94
35.860877,799.885,577.375,793.28,571.32,806.49,583.43
35.864876,799.615,577.38,791.32,572.31,807.91,582.45
35.868874,800.2850000000001,575.73,791.49,571.58,809.08,579.88
35.872873,798.14,574.505,789.38,568.78,806.9,580.23
35.876872,798.0699999999999,571.38,790.73,564.68,805.41,578.08
35.88087,799.0699999999999,572.13,789.97,568.62,808.17,575.64
35.884869,798.485,573.075,789.85,569.55,807.12,576.6
35.888867,795.9649999999999,573.2049999999999,789.13,569.12,802.8,577.29
35.892866,794.48,572.95,787.47,569.21,801.49,576.69
35.896865,793.745,571.0450000000001,787.34,564.98,800.15,577.11
35.900863,792.315,566.895,787.27,561.1,797.36,572.69
35.904862,791.8,565.425,786.39,561.52,797.21,569.33
35.90886,792.975,567.7950000000001,787.59,566.2,798.36,569.39
35.912859,799.5699999999999,566.39,791.17,561.63,807.97,571.15
35.916858,853.62,562.425,838.17,557.08,869.07,567.77
35.920856,893.9,560.7,866.54,553.09,921.26,568.31
35.924855,911.825,560.285,896.85,554.18,926.8,566.39
35.928853,917.245,554.515,905.94,545.78,928.55,563.25
35.932852,917.4449999999999,558.315,910.92,556.28,923.97,560.35
35.936851,911.345,555.3800000000001,902.52,553.19,920.17,557.57
35.940849,896.3050000000001,551.72,893.53,546.94,899.08,556.5
35.944848,903.49,552.27,892.24,545.52,914.74,559.02
35.948847,907.905,552.12,899.72,544.75,916.09,559.49
35.952846,908.505,548.5250000000001,902.21,538.97,914.8,558.08
35.956845,905.38,545.11,896.75,537.13,914.01,553.09
35.960844,908.635,547.385,899.67,538.78,917.6,555.99
35.964843,907.9200000000001,547.75,898.08,538.72,917.76,556.78
35.968841,908.335,548.3050000000001,900.71,539.65,915.96,556.96
35.97284,908.085,548.85,900.3,539.25,915.87,558.45
35.976839,906.37,548.69,896.29,538.82,916.45,558.56
35.980838,906.21,546.75,896.61,536.69,915.81,556.81
35.984837,906.54,548.22,896.06,538.68,917.02,557.76
35.988836,906.5450000000001,549.635,895.74,539.44,917.35,559.83
35.992835,906.485,549.885,895.4,540.58,917.57,559.19
35.996834,907.515,558.99,895.81,557.37,919.22,560.61
36.000833,907.97,553.51,897.09,545.54,918.85,561.48
36.004832,908.34,554.99,896.7,547.22,919.98,562.76
36.008831,909.55,554.965,898.6,548.94,920.5,560.99
36.01283,909.7049999999999,555.72,898.53,551.79,920.88,559.65
36.016829,908.61,553.975,895.74,548.63,921.48,559.32
36.020828,907.03,557.405,894.71,553.0,919.35,561.81
36.024826,907.0450000000001,557.6800000000001,892.9,553.1,921.19,562.26
36.028825,906.605,562.1800000000001,890.69,561.23,922.52,563.13
36.032824,905.99,558.01,889.85,553.61,922.13,562.41
36.036823,906.62,563.135,891.6,563.52,921.64,562.75
36.040822,905.55,564.14,889.57,565.76,921.53,562.52
36.044821,904.46,556.56,887.9,552.1,921.02,561.02
36.048821,904.1199999999999,561.2449999999999,887.43,562.06,920.81,560.43
36.052821,904.095,561.19,886.25,564.12,921.94,558.26
36.056821,903.78,560.2349999999999,885.5,562.54,922.06,557.93
36.060822,904.775,556.875,887.12,556.88,922.43,556.87
36.064822,905.8,561.165,887.94,564.8,923.66,557.53
36.068822,905.315,562.135,888.15,568.24,922.48,556.03
36.072822,905.755,560.27,889.31,566.04,922.2,554.5
36.076822,906.6700000000001,561.935,890.86,569.01,922.48,554.86
36.080822,907.1400000000001,553.2750000000001,890.09,553.1,924.19,553.45
36.084822,907.495,559.375,891.32,565.92,923.67,552.83
36.088822,908.7850000000001,559.53,891.88,568.08,925.69,550.98
36.092823,909.39,559.73,894.15,569.33,924.63,550.13
36.096823,909.28,558.185,894.55,566.26,924.01,550.11
36.100823,909.9849999999999,554.255,896.31,558.89,923.66,549.62
36.104823,909.1500000000001,548.3399999999999,895.86,547.18,922.44,549.5
36.108823,910.12,547.1949999999999,898.75,545.23,921.49,549.16
36.112823,910.375,552.885,900.91,555.29,919.84,550.48
36.116823,910.985,549.865,902.23,548.81,919.74,550.92
36.120823,910.91,548.395,903.15,545.31,918.67,551.48
36.124824,910.05,552.3299999999999,904.62,552.81,915.48,551.85
36.128824,910.71,552.0699999999999,906.79,549.43,914.63,554.71
36.132824,911.735,555.74,908.47,554.72,915.0,556.76
36.136824,911.09,553.11,908.69,546.94,913.49,559.28
36.140824,911.22,554.765,909.63,548.47,912.81,561.06
36.144824,910.775,553.705,910.17,545.45,911.38,561.96
36.148824,912.0699999999999,554.3299999999999,912.05,545.65,912.09,563.01
36.152821,911.645,555.095,911.46,546.3,911.83,563.89
36.156817,912.315,556.235,911.57,545.6,913.06,566.87
36.160813,912.635,557.8900000000001,911.39,549.82,913.88,565.96
36.16481,912.125,554.915,911.72,545.42,912.53,564.41
36.168806,912.565,556.44,911.42,546.55,913.71,566.33
36.172802,911.48,556.4549999999999,908.54,546.39,914.42,566.52
36.176799,911.875,554.605,908.11,544.06,915.64,565.15
36.180795,911.5699999999999,553.315,905.03,543.09,918.11,563.54
36.184791,910.94,551.1800000000001,904.42,539.47,917.46,562.89
36.188788,910.155,551.21,903.76,539.92,916.55,562.5
36.192784,910.63,553.5,903.49,541.38,917.77,565.62
36.19678,909.41,552.8499999999999,900.51,540.52,918.31,565.18
36.200777,908.6800000000001,552.8050000000001,899.08,540.91,918.28,564.7
36.204773,906.9200000000001,551.27,897.89,539.24,915.95,563.3
36.208769,907.4449999999999,557.46,898.76,550.48,916.13,564.44
36.212765,907.97,555.665,899.64,545.3,916.3,566.03
36.216762,908.23,553.515,900.36,540.73,916.1,566.3
36.220758,908.7950000000001,552.25,903.34,539.28,914.25,565.22
36.224754,908.54,553.595,904.52,540.82,912.56,566.37
36.228751,907.84,556.74,903.57,545.58,912.11,567.9
36.232747,908.75,555.23,905.12,544.08,912.38,566.38
36.236743,906.87,556.165,902.33,546.51,911.41,565.82
36.24074,905.975,556.075,901.98,543.99,909.97,568.16
36.244736,905.925,554.605,901.99,541.96,909.86,567.25
36.248732,906.845,555.1,901.61,541.61,912.08,568.59
36.252729,907.915,555.075,901.69,541.13,914.14,569.02
36.256725,907.52,552.735,901.13,535.75,913.91,569.72
36.260722,908.175,553.81,900.94,540.63,915.41,566.99
36.264718,907.4749999999999,555.015,897.9,541.39,917.05,568.64
36.268714,906.835,552.9300000000001,896.93,538.66,916.74,567.2
36.272711,907.35,554.985,895.97,541.87,918.73,568.1
36.276707,907.14,552.525,894.54,536.0,919.74,569.05
36.280703,907.0450000000001,553.375,892.82,537.58,921.27,569.17
36.2847,908.4,551.3399999999999,894.16,538.01,922.64,564.67
36.288696,909.415,552.745,895.18,541.75,923.65,563.74
36.292692,910.98,554.1800000000001,898.6,543.7,923.36,564.66
36.296689,910.125,552.065,898.12,540.67,922.13,563.46
36.300685,908.725,553.025,895.72,543.03,921.73,563.02
36.304682,909.27,551.77,896.36,540.92,922.18,562.62
36.308678,909.63,552.97,896.47,543.15,922.79,562.79
36.312674,911.395,554.085,900.25,545.35,922.54,562.82
36.316671,911.7850000000001,552.56,900.13,542.1,923.44,563.02
36.320667,910.46,551.65,900.43,541.24,920.49,562.06
36.324663,909.815,552.3199999999999,899.54,542.53,920.09,562.11
36.32866,909.46,552.165,900.33,541.86,918.59,562.47
36.332656,908.985,552.455,900.13,542.72,917.84,562.19
36.336652,909.615,552.0550000000001,901.45,542.25,917.78,561.86
36.340649,909.75,552.9749999999999,902.09,544.54,917.41,561.41
36.344645,909.935,551.605,903.78,542.35,916.09,560.86
36.348641,909.1949999999999,552.2049999999999,904.65,542.54,913.74,561.87
36.352638,908.655,551.29,904.06,540.3,913.25,562.28
36.35664,906.81,549.45,901.48,534.96,912.14,563.94
36.360642,905.86,550.255,901.83,536.72,909.89,563.79
36.364644,906.45,551.185,903.17,536.61,909.73,565.76
36.368646,906.995,553.5999999999999,904.94,538.43,909.05,568.77
36.372648,906.81,554.9300000000001,905.52,540.2,908.1,569.66
36.37665,907.085,554.8399999999999,906.72,538.13,907.45,571.55
36.380652,906.75,555.9300000000001,907.4,539.19,906.1,572.67
36.384655,906.815,556.985,907.54,538.99,906.09,574.98
36.388657,921.21,556.7850000000001,918.68,537.7,923.74,575.87
36.392659,986.9649999999999,556.495,978.17,537.2,995.76,575.79
36.396661,1017.47,556.9200000000001,1013.1,537.1,1021.84,576.74
36.400663,1014.88,563.01,1005.83,547.98,1023.93,578.04
36.404665,999.35,566.635,996.95,554.83,1001.75,578.44
36.408667,991.64,568.71,989.81,561.3,993.47,576.12
36.412669,995.5,571.085,994.39,566.06,996.61,576.11
36.416671,995.5,563.3199999999999,995.08,551.13,995.92,575.51
36.420673,1000.2049999999999,573.875,1002.63,573.23,997.78,574.52
36.424675,998.61,567.165,1002.38,559.94,994.84,574.39
36.428677,1003.2,567.6700000000001,1005.45,562.2,1000.95,573.14
36.43268,1003.4200000000001,562.775,1005.4,551.56,1001.44,573.99
36.436682,1003.64,563.1,1006.35,550.13,1000.93,576.07
36.440684,1003.29,568.315,1006.37,559.7,1000.21,576.93
36.444686,1001.605,570.68,1004.99,565.43,998.22,575.93
36.448689,1003.9649999999999,563.7750000000001,1007.43,552.86,1000.5,574.69
36.452693,1006.315,563.495,1010.73,550.87,1001.9,576.12
36.456697,1009.1400000000001,565.14,1013.32,553.99,1004.96,576.29
36.4607,1009.7850000000001,565.045,1013.63,553.04,1005.94,577.05
36.464704,1010.595,563.64,1012.81,549.67,1008.38,577.61
36.468707,1009.405,564.1500000000001,1010.6,550.6,1008.21,577.7
36.472711,1008.855,564.22,1009.71,549.9,1008.0,578.54
36.476715,1008.865,566.655,1009.11,556.87,1008.62,576.44
36.480718,1008.19,563.0899999999999,1007.72,550.12,1008.66,576.06
36.484722,1006.6700000000001,564.0250000000001,1004.99,551.33,1008.35,576.72
36.488725,1008.085,562.325,1006.62,547.87,1009.55,576.78
36.492729,1006.8800000000001,567.48,1003.32,557.64,1010.44,577.32
36.496732,1007.6700000000001,568.525,1001.86,558.74,1013.48,578.31
36.500736,1005.8499999999999,569.605,1000.66,560.58,1011.04,578.63
36.50474,1005.49,571.01,998.56,564.14,1012.42,577.88
36.508743,1003.73,571.8299999999999,997.43,564.79,1010.03,578.87
36.512747,1004.165,573.9,995.93,569.5,1012.4,578.3
36.51675,1004.31,574.87,996.74,573.02,1011.88,576.72
36.520754,1004.71,573.23,1000.29,568.64,1009.13,577.82
36.524758,1005.7149999999999,569.245,1004.01,561.89,1007.42,576.6
36.528761,1006.04,569.95,1003.92,564.03,1008.16,575.87
36.532765,1005.925,572.065,1002.46,569.15,1009.39,574.98
36.536768,1005.855,569.01,1002.96,562.7,1008.75,575.32
36.540772,1006.38,565.4200000000001,1003.98,556.27,1008.78,574.57
36.544776,1006.01,569.9,1004.44,567.31,1007.58,572.49
36.548779,1007.0450000000001,569.915,1008.01,567.18,1006.08,572.65
36.552783,1007.825,569.5999999999999,1008.87,567.18,1006.78,572.02
36.556786,1007.3,564.93,1010.16,557.3,1004.44,572.56
36.560787,1007.1800000000001,564.55,1009.75,555.54,1004.61,573.56
36.564788,1006.615,564.625,1008.64,555.16,1004.59,574.09
36.56879,1007.11,567.155,1008.4,558.37,1005.82,575.94
36.572791,1006.105,566.205,1007.07,556.94,1005.14,575.47
36.576792,1006.5999999999999,566.81,1008.18,557.92,1005.02,575.7
36.580793,1006.0699999999999,567.275,1007.31,559.74,1004.83,574.81
36.584794,1005.215,567.08,1006.32,561.34,1004.11,572.82
36.588795,1004.6,567.24,1004.99,561.58,1004.21,572.9
36.592796,1003.26,567.625,1002.33,563.48,1004.19,571.77
36.596797,1001.4100000000001,568.1800000000001,998.85,564.62,1003.97,571.74
36.600798,1001.99,565.705,998.74,557.59,1005.24,573.82
36.604799,1001.7950000000001,568.94,997.45,567.17,1006.14,570.71
36.6088,1002.005,568.8050000000001,996.27,568.5,1007.74,569.11
36.612801,1003.1800000000001,569.24,999.25,571.46,1007.11,567.02
36.616802,1003.3,569.635,999.29,572.34,1007.31,566.93
36.620803,1002.21,570.315,996.98,574.55,1007.44,566.08
36.624804,1003.27,568.7650000000001,999.47,572.21,1007.07,565.32
36.628805,1003.38,569.04,1000.25,570.89,1006.51,567.19
36.632806,1002.63,568.855,998.46,569.0,1006.8,568.71
36.636808,1004.23,567.805,1001.6,565.8,1006.86,569.81
36.640809,1005.04,568.905,1003.49,568.63,1006.59,569.18
36.64481,1004.855,568.755,1004.62,570.22,1005.09,567.29
36.648807,1007.205,564.105,1009.94,561.61,1004.47,566.6
36.652804,1006.44,567.4100000000001,1008.93,567.07,1003.95,567.75
36.656802,1005.77,562.69,1007.84,557.09,1003.7,568.29
36.660799,1005.385,563.5,1006.39,559.66,1004.38,567.34
36.664796,1006.505,562.015,1008.33,556.48,1004.68,567.55
36.668794,1007.095,562.95,1008.8,557.62,1005.39,568.28
36.672791,1012.95,560.075,1013.07,553.84,1012.83,566.31
36.676788,1025.295,561.085,1028.05,557.69,1022.54,564.48
36.680786,1064.795,556.7950000000001,1066.37,550.83,1063.22,562.76
36.684783,1081.525,558.15,1078.77,554.05,1084.28,562.25
36.68878,1079.86,556.355,1084.6,550.78,1075.12,561.93
36.692778,1076.79,555.6949999999999,1075.93,549.9,1077.65,561.49
36.696775,1069.72,557.575,1070.89,554.31,1068.55,560.84
36.700772,1077.6100000000001,553.3299999999999,1079.54,548.26,1075.68,558.4
36.70477,1077.15,555.395,1080.22,553.76,1074.08,557.03
36.708767,1080.075,557.3,1079.91,558.74,1080.24,555.86
36.712764,1082.665,556.675,1083.62,560.1,1081.71,553.25
36.716762,1085.975,556.36,1085.17,562.38,1086.78,550.34
36.720759,1085.5349999999999,557.1600000000001,1085.31,562.13,1085.76,552.19
36.724756,1084.325,557.89,1084.51,565.17,1084.14,550.61
36.728754,1081.55,559.44,1080.04,568.45,1083.06,550.43
36.732751,1080.145,560.36,1078.94,569.0,1081.35,551.72
36.736749,1079.6599999999999,559.825,1079.34,569.66,1079.98,549.99
36.740746,1079.69,558.185,1078.69,567.37,1080.69,549.0
36.744743,1079.725,559.0,1079.27,569.92,1080.18,548.08
36.748741,1080.01,560.75,1078.57,570.75,1081.45,550.75
36.752738,1080.24,560.7049999999999,1078.14,569.55,1082.34,551.86
36.756735,1079.69,561.22,1077.4,569.45,1081.98,552.99
36.760733,1079.375,562.085,1077.36,569.24,1081.39,554.93
36.76473,1078.91,562.855,1076.9,570.5,1080.92,555.21
36.768728,1078.4299999999998,562.765,1076.3,570.23,1080.56,555.3
36.772725,1078.595,561.375,1076.13,568.48,1081.06,554.27
36.776722,1079.8600000000001,561.24,1077.52,568.09,1082.2,554.39
36.78072,1080.22,560.19,1077.96,566.11,1082.48,554.27
36.784717,1080.2150000000001,559.9549999999999,1078.4,564.9,1082.03,555.01
36.788715,1080.425,561.625,1078.99,567.47,1081.86,555.78
36.792712,1079.58,560.615,1078.66,566.52,1080.5,554.71
36.79671,1079.295,560.865,1079.0,567.07,1079.59,554.66
36.800707,1078.365,560.875,1078.58,566.9,1078.15,554.85
36.804705,1077.2849999999999,562.405,1077.31,569.58,1077.26,555.23
36.808702,1077.69,562.5699999999999,1077.03,570.5,1078.35,554.64
36.8127,1077.05,560.9100000000001,1076.27,568.1,1077.83,553.72
36.816697,1077.92,561.7850000000001,1077.31,569.08,1078.53,554.49
36.820695,1079.155,563.095,1078.31,571.39,1080.0,554.8
36.824692,1079.375,564.31,1078.07,572.82,1080.68,555.8
36.82869,1080.575,565.61,1078.02,574.89,1083.13,556.33
36.832687,1080.19,565.4649999999999,1077.17,574.17,1083.21,556.76
36.836684,1081.605,565.52,1077.35,574.07,1085.86,556.97
36.840682,1080.96,565.79,1076.9,574.29,1085.02,557.29
36.844679,1081.88,566.235,1076.92,573.45,1086.84,559.02
36.84868,1081.885,566.135,1077.28,573.49,1086.49,558.78
36.85268,1082.24,566.825,1078.88,573.42,1085.6,560.23
36.85668,1083.46,565.64,1081.01,571.67,1085.91,559.61
36.86068,1082.375,564.045,1079.74,569.54,1085.01,558.55
36.86468,1081.74,562.0350000000001,1078.92,564.6,1084.56,559.47
36.86868,1081.52,564.4300000000001,1078.04,569.41,1085.0,559.45
36.87268,1081.7350000000001,565.72,1078.05,570.02,1085.42,561.42
36.87668,1082.1750000000002,563.585,1078.45,566.36,1085.9,560.81
36.88068,1081.665,563.9100000000001,1077.03,567.11,1086.3,560.71
36.88468,1081.805,565.64,1076.38,572.43,1087.23,558.85
36.88868,1083.225,563.04,1078.42,569.57,1088.03,556.51
36.892681,1083.0700000000002,561.73,1078.93,568.94,1087.21,554.52
36.896681,1083.145,561.48,1079.04,568.94,1087.25,554.02
36.900681,1081.9,561.0,1077.1,566.24,1086.7,555.76
36.904681,1082.38,564.005,1078.63,572.04,1086.13,555.97
36.908681,1082.44,567.04,1079.43,580.46,1085.45,553.62
36.912681,1082.3,558.435,1080.3,565.42,1084.3,551.45
36.916681,1082.38,562.265,1080.84,573.76,1083.92,550.77
36.920681,1082.6,563.62,1081.23,576.34,1083.97,550.9
36.924681,1082.755,564.965,1081.95,577.58,1083.56,552.35
36.928681,1083.565,563.7850000000001,1083.72,577.35,1083.41,550.22
36.932681,1083.44,565.385,1084.46,578.42,1082.42,552.35
36.936682,1083.6,560.22,1083.98,566.91,1083.22,553.53
36.940682,1083.1100000000001,564.04,1083.34,574.25,1082.88,553.83
36.944682,1083.98,558.935,1083.57,563.3,1084.39,554.57
36.948682,1083.2849999999999,563.28,1083.0,573.47,1083.57,553.09
36.952682,1082.6599999999999,565.625,1082.76,572.64,1082.56,558.61
36.956682,1081.795,563.765,1082.22,567.85,1081.37,559.68
36.960682,1078.975,567.4100000000001,1079.44,574.95,1078.51,559.87
36.964682,1077.0300000000002,561.815,1076.13,562.77,1077.93,560.86
36.968684,1076.935,564.895,1077.66,570.24,1076.21,559.55
36.972685,1076.18,566.6949999999999,1076.98,570.51,1075.38,562.88
36.976687,1075.63,566.235,1075.86,570.89,1075.4,561.58
36.980689,1075.895,569.27,1074.75,573.58,1077.04,564.96
36.98469,1075.94,572.2249999999999,1074.31,577.68,1077.57,566.77
36.988692,1075.79,571.3199999999999,1073.45,577.22,1078.13,565.42
36.992694,1075.12,570.29,1072.44,574.88,1077.8,565.7
36.996695,1076.105,573.72,1073.01,582.66,1079.2,564.78
37.000697,1076.495,571.62,1072.47,581.86,1080.52,561.38
37.004699,1078.825,572.745,1074.71,586.25,1082.94,559.24
37.0087,1080.6599999999999,572.325,1076.32,585.3,1085.0,559.35
37.012702,1082.165,572.345,1076.91,584.42,1087.42,560.27
37.016704,1083.24,572.09,1076.56,584.46,1089.92,559.72
37.020705,1084.69,573.595,1080.3,586.11,1089.08,561.08
37.024707,1083.1799999999998,574.0550000000001,1079.33,586.9,1087.03,561.21
37.028709,1083.77,573.5050000000001,1079.0,586.44,1088.54,560.57
37.03271,1082.975,573.35,1078.81,585.98,1087.14,560.72
37.036712,1081.885,572.76,1078.78,583.59,1084.99,561.93
37.040714,1081.845,570.415,1077.72,579.17,1085.97,561.66
37.044715,1080.22,567.935,1077.51,573.86,1082.93,562.01
37.048716,1078.935,569.12,1076.19,574.75,1081.68,563.49
37.052717,1078.665,567.72,1074.78,570.08,1082.55,565.36
37.056718,1076.23,566.89,1072.97,566.49,1079.49,567.29
37.060719,1076.775,567.955,1074.5,569.21,1079.05,566.7
37.06472,1075.495,566.26,1072.78,565.26,1078.21,567.26
37.06872,1075.835,563.2950000000001,1073.49,559.85,1078.18,566.74
37.072721,1075.005,562.515,1073.6,558.35,1076.41,566.68
37.076722,1074.08,561.73,1073.18,555.5,1074.98,567.96
37.080723,1074.815,566.03,1073.93,564.08,1075.7,567.98
37.084724,1074.88,566.3,1074.57,564.04,1075.19,568.56
37.088725,1074.3049999999998,565.045,1074.0,561.28,1074.61,568.81
37.092726,1075.2649999999999,567.545,1074.59,565.3,1075.94,569.79
37.096726,1074.06,565.665,1075.16,561.59,1072.96,569.74
37.100727,1074.6950000000002,572.61,1076.76,575.99,1072.63,569.23
37.104728,1074.115,569.345,1076.34,568.66,1071.89,570.03
37.108729,1073.875,570.9,1076.23,571.41,1071.52,570.39
37.11273,1072.905,575.025,1075.37,578.4,1070.44,571.65
37.116731,1073.9899999999998,576.495,1076.87,580.02,1071.11,572.97
37.120732,1073.705,575.8900000000001,1077.04,579.58,1070.37,572.2
37.124732,1074.445,577.0799999999999,1078.6,580.85,1070.29,573.31
37.128733,1073.3400000000001,578.005,1077.68,581.14,1069.0,574.87
37.132734,1074.475,578.125,1080.2,580.49,1068.75,575.76
37.136735,1073.6,578.4449999999999,1078.81,579.54,1068.39,577.35
37.140736,1075.285,578.925,1080.92,580.08,1069.65,577.77
37.144737,1075.5149999999999,578.7049999999999,1079.49,580.16,1071.54,577.25
37.148738,1076.98,576.0350000000001,1081.77,573.23,1072.19,578.84
37.152738,1076.69,574.515,1080.87,571.76,1072.51,577.27
37.156739,1078.065,571.115,1082.0,564.53,1074.13,577.7
37.16074,1077.1399999999999,574.3,1079.51,572.43,1074.77,576.17
37.164741,1078.065,568.56,1079.67,559.21,1076.46,577.91
37.168742,1077.475,568.3050000000001,1077.92,558.57,1077.03,578.04
37.172742,1077.91,566.615,1076.94,556.35,1078.88,576.88
37.176742,1078.01,569.82,1076.27,562.19,1079.75,577.45
37.180743,1078.42,563.875,1076.52,552.69,1080.32,575.06
37.184743,1078.78,562.2,1075.35,550.44,1082.21,573.96
37.188743,1079.6599999999999,564.855,1076.32,556.75,1083.0,572.96
37.192743,1080.66,562.59,1077.17,555.36,1084.15,569.82
37.196743,1081.335,562.7,1078.38,555.26,1084.29,570.14
37.200744,1081.925,563.76,1079.52,556.56,1084.33,570.96
37.204744,1081.635,571.375,1077.84,569.71,1085.43,573.04
37.208744,1082.545,565.41,1078.95,560.42,1086.14,570.4
37.212744,1083.19,567.595,1079.02,566.5,1087.36,568.69
37.216745,1083.96,565.325,1079.36,561.56,1088.56,569.09
37.220745,1084.85,567.1500000000001,1079.27,567.23,1090.43,567.07
37.224745,1085.555,565.325,1080.64,565.01,1090.47,565.64
37.228745,1084.72,561.74,1079.21,559.8,1090.23,563.68
37.232745,1082.88,561.395,1076.79,560.88,1088.97,561.91
37.236746,1081.68,560.395,1074.47,557.44,1088.89,563.35
37.240746,1080.825,563.215,1072.67,561.22,1088.98,565.21
37.244746,1081.04,561.5450000000001,1071.24,560.24,1090.84,562.85
37.248747,1080.19,563.8050000000001,1070.03,565.7,1090.35,561.91
37.252747,1079.9,559.815,1070.26,558.19,1089.54,561.44
37.256748,1079.315,559.52,1070.19,555.98,1088.44,563.06
37.260748,1078.87,558.515,1070.6,554.68,1087.14,562.35
37.264749,1078.775,563.9449999999999,1071.62,565.21,1085.93,562.68
37.268749,1078.7150000000001,564.225,1072.23,564.21,1085.2,564.24
37.27275,1079.1599999999999,562.09,1074.75,558.11,1083.57,566.07
37.27675,1078.885,567.265,1074.61,566.14,1083.16,568.39
37.280751,1080.37,571.4300000000001,1077.4,570.47,1083.34,572.39
37.284751,1079.88,569.69,1077.43,567.41,1082.33,571.97
37.288752,1081.135,572.37,1080.25,572.62,1082.02,572.12
37.292752,1081.06,568.845,1080.64,564.97,1081.48,572.72
37.296753,1080.165,568.335,1080.38,562.43,1079.95,574.24
37.300753,1080.69,568.5150000000001,1081.73,563.45,1079.65,573.58
37.304754,1080.495,570.705,1081.42,567.58,1079.57,573.83
37.308754,1080.49,573.425,1081.21,572.54,1079.77,574.31
37.312755,1080.79,568.54,1081.63,564.62,1079.95,572.46
37.316755,1080.775,572.35,1080.81,572.71,1080.74,571.99
37.320756,1081.45,570.025,1081.4,567.01,1081.5,573.04
37.324756,1080.81,570.2950000000001,1080.74,569.6,1080.88,570.99
37.328757,1081.105,573.635,1080.19,575.98,1082.02,571.29
37.332757,1079.665,573.1800000000001,1077.29,574.9,1082.04,571.46
37.336758,1080.155,568.77,1076.98,567.07,1083.33,570.47
37.340758,1081.185,567.155,1076.94,564.72,1085.43,569.59
37.344759,1082.02,567.36,1077.1,565.1,1086.94,569.62
37.348759,1082.6,565.25,1076.66,561.4,1088.54,569.1
37.35276,1082.545,564.885,1076.77,561.73,1088.32,568.04
37.35676,1082.4699999999998,565.48,1075.84,561.7,1089.1,569.26
37.360761,1083.21,565.235,1077.58,561.75,1088.84,568.72
37.364761,1080.7,569.855,1075.74,572.14,1085.66,567.57
37.368762,1082.98,561.61,1077.94,555.63,1088.02,567.59
37.372762,1081.915,565.24,1077.76,563.5,1086.07,566.98
37.376762,1082.85,564.095,1078.62,559.85,1087.08,568.34
37.380763,1082.0149999999999,565.375,1078.44,562.85,1085.59,567.9
37.384763,1081.1100000000001,567.865,1078.18,566.5,1084.04,569.23
37.388764,1078.8899999999999,568.5799999999999,1076.37,566.06,1081.41,571.1
37.392764,1078.8000000000002,569.4749999999999,1077.71,567.78,1079.89,571.17
37.396765,1079.2350000000001,569.3199999999999,1078.09,567.56,1080.38,571.08
37.400765,1079.255,571.06,1078.39,570.85,1080.12,571.27
37.404765,1079.31,571.19,1077.65,569.74,1080.97,572.64
37.408766,1080.435,570.69,1078.1,568.07,1082.77,573.31
37.412766,1079.4099999999999,574.2950000000001,1076.24,575.22,1082.58,573.37
37.416767,1080.15,572.505,1077.45,572.4,1082.85,572.61
37.420767,1079.635,570.6800000000001,1076.65,570.54,1082.62,570.82
37.424767,1079.51,571.0550000000001,1077.47,571.37,1081.55,570.74
37.428768,1079.125,574.625,1076.71,579.35,1081.54,569.9
37.432768,1081.8899999999999,574.645,1079.41,580.47,1084.37,568.82
37.436769,1091.245,569.74,1088.6,570.23,1093.89,569.25
37.440769,1118.33,570.75,1116.61,574.93,1120.05,566.57
37.44477,1160.8400000000001,564.2950000000001,1152.65,568.5,1169.03,560.09
37.448769,1166.9299999999998,561.77,1164.0,563.88,1169.86,559.66
37.452768,1159.3449999999998,559.79,1158.82,563.91,1159.87,555.67
37.456767,1158.82,558.275,1159.8,560.53,1157.84,556.02
37.460766,1157.455,559.685,1154.6,563.56,1160.31,555.81
37.464765,1156.2350000000001,558.77,1151.89,565.3,1160.58,552.24
37.468764,1155.525,556.85,1151.56,562.99,1159.49,550.71
37.472763,1156.2150000000001,553.38,1153.65,558.95,1158.78,547.81
37.476762,1158.69,552.03,1158.82,556.76,1158.56,547.3
37.480761,1160.995,553.59,1160.83,561.35,1161.16,545.83
37.484761,1161.885,551.325,1161.92,556.68,1161.85,545.97
37.48876,1160.745,551.88,1159.84,556.48,1161.65,547.28
37.492759,1159.74,553.13,1159.66,559.02,1159.82,547.24
37.496758,1158.995,550.855,1158.6,555.24,1159.39,546.47
37.500757,1160.01,551.645,1160.34,557.85,1159.68,545.44
37.504756,1159.975,546.9749999999999,1160.63,550.81,1159.32,543.14
37.508755,1159.525,549.065,1159.73,555.16,1159.32,542.97
37.512754,1160.1799999999998,549.845,1161.36,557.21,1159.0,542.48
37.516753,1161.07,549.365,1162.35,556.27,1159.79,542.46
37.520752,1159.7849999999999,548.405,1160.07,554.87,1159.5,541.94
37.524751,1159.98,547.2,1159.35,553.51,1160.61,540.89
37.528751,1159.05,547.97,1158.85,555.89,1159.25,540.05
37.53275,1159.79,547.735,1158.97,555.83,1160.61,539.64
37.536749,1160.24,549.3050000000001,1160.03,557.88,1160.45,540.73
37.540748,1161.15,550.1600000000001,1159.9,558.87,1162.4,541.45
37.544747,1160.125,550.81,1156.82,559.7,1163.43,541.92
37.548746,1161.6599999999999,551.415,1156.77,559.57,1166.55,543.26
37.552745,1162.4,550.48,1156.81,557.47,1167.99,543.49
37.556744,1163.01,553.245,1155.82,564.0,1170.2,542.49
37.560743,1164.685,551.005,1155.32,560.56,1174.05,541.45
37.564742,1166.585,553.44,1157.83,565.97,1175.34,540.91
37.568742,1168.63,549.9549999999999,1159.74,559.98,1177.52,539.93
37.572741,1169.56,551.5,1160.2,563.85,1178.92,539.15
37.57674,1169.6750000000002,552.9449999999999,1160.39,565.61,1178.96,540.28
37.580733,1167.58,551.06,1156.67,563.73,1178.49,538.39
37.584727,1168.59,550.21,1158.83,561.19,1178.35,539.23
37.58872,1167.85,549.255,1159.67,558.91,1176.03,539.6
37.592714,1168.29,549.165,1162.21,560.35,1174.37,537.98
37.596707,1166.9650000000001,550.365,1162.66,562.26,1171.27,538.47
37.600701,1164.865,552.675,1162.85,565.49,1166.88,539.86
37.604694,1161.9050000000002,551.6700000000001,1161.43,561.47,1162.38,541.87
37.608688,1162.15,550.11,1163.08,557.84,1161.22,542.38
37.612681,1159.37,548.665,1158.96,554.23,1159.78,543.1
37.616675,1158.235,547.53,1158.61,551.98,1157.86,543.08
37.620668,1156.85,547.4449999999999,1157.74,552.39,1155.96,542.5
37.624661,1157.225,554.8050000000001,1158.1,566.34,1156.35,543.27
37.628655,1155.92,548.96,1156.7,554.84,1155.14,543.08
37.632648,1155.6799999999998,548.955,1156.06,554.71,1155.3,543.2
37.636642,1154.03,549.785,1153.0,554.42,1155.06,545.15
37.640635,1154.1950000000002,547.485,1154.21,548.33,1154.18,546.64
37.644629,1152.56,546.935,1151.24,545.86,1153.88,548.01
37.648623,1152.69,550.135,1152.76,550.11,1152.62,550.16
37.652617,1150.8899999999999,547.625,1152.17,544.29,1149.61,550.96
37.656612,1150.545,549.625,1152.64,545.78,1148.45,553.47
37.660606,1149.085,557.28,1151.43,558.39,1146.74,556.17
37.6646,1147.97,562.1,1149.93,568.62,1146.01,555.58
37.668594,1148.135,556.075,1150.69,556.65,1145.58,555.5
37.672589,1149.2649999999999,558.1600000000001,1153.3,559.11,1145.23,557.21
37.676583,1150.075,559.5799999999999,1154.38,559.35,1145.77,559.81
37.680577,1151.65,553.915,1156.92,546.99,1146.38,560.84
37.684571,1152.23,561.665,1157.73,564.27,1146.73,559.06
37.688566,1153.505,561.675,1158.15,566.3,1148.86,557.05
37.69256,1156.335,560.72,1159.82,565.62,1152.85,555.82
37.696554,1158.0149999999999,562.24,1159.5,566.98,1156.53,557.5
37.700548,1160.26,555.865,1160.66,556.71,1159.86,555.02
37.704543,1160.1100000000001,560.825,1159.51,571.73,1160.71,549.92
37.708537,1161.3600000000001,557.6600000000001,1161.15,566.95,1161.57,548.37
37.712531,1161.705,558.31,1161.48,567.6,1161.93,549.02
37.716525,1162.255,554.02,1159.59,560.36,1164.92,547.68
37.72052,1162.1,559.05,1158.05,573.42,1166.15,544.68
37.724514,1161.385,552.155,1156.37,561.43,1166.4,542.88
37.728508,1161.415,546.625,1155.14,551.7,1167.69,541.55
37.732502,1160.72,546.565,1153.8,555.21,1167.64,537.92
37.736497,1161.59,547.18,1154.82,556.3,1168.36,538.06
37.740491,1161.13,545.88,1153.76,555.39,1168.5,536.37
37.744485,1162.0349999999999,546.87,1155.37,556.54,1168.7,537.2
37.748479,1167.2800000000002,547.085,1162.13,555.17,1172.43,539.0
37.752474,1183.755,547.145,1177.65,553.5,1189.86,540.79
37.756468,1202.75,545.075,1197.6,550.34,1207.9,539.81
37.760462,1210.38,547.89,1204.32,556.66,1216.44,539.12
37.764456,1211.57,543.49,1208.29,547.33,1214.85,539.65
37.768451,1203.755,546.27,1192.9,551.54,1214.61,541.0
37.772445,1206.815,546.31,1198.0,551.04,1215.63,541.58
37.776439,1207.4850000000001,549.575,1199.66,556.33,1215.31,542.82
37.780433,1212.6599999999999,549.55,1203.48,554.86,1221.84,544.24
37.784429,1213.85,551.475,1205.94,557.19,1221.76,545.76
37.788424,1214.1599999999999,552.375,1207.06,560.06,1221.26,544.69
37.792419,1215.115,553.315,1208.1,563.57,1222.13,543.06
37.796414,1215.445,555.8900000000001,1208.56,569.21,1222.33,542.57
37.80041,1214.98,557.23,1208.41,572.9,1221.55,541.56
37.804405,1214.0900000000001,558.885,1207.67,578.85,1220.51,538.92
37.8084,1212.83,561.825,1206.78,584.59,1218.88,539.06
37.812395,1211.905,558.125,1206.04,577.43,1217.77,538.82
37.816391,1212.53,557.75,1207.0,575.48,1218.06,540.02
37.820386,1212.415,558.56,1206.81,577.98,1218.02,539.14
37.824381,1211.945,558.61,1206.81,577.27,1217.08,539.95
37.828376,1210.315,560.875,1205.67,583.19,1214.96,538.56
37.832372,1208.625,565.4200000000001,1204.17,591.59,1213.08,539.25
37.836367,1210.06,568.5450000000001,1205.59,594.52,1214.53,542.57
37.840362,1210.085,562.635,1207.39,582.29,1212.78,542.98
37.844357,1208.06,561.95,1203.76,581.26,1212.36,542.64
37.848358,1208.49,563.96,1205.46,582.61,1211.52,545.31
37.852358,1207.635,563.965,1202.45,582.86,1212.82,545.07
37.856359,1207.445,564.125,1204.35,583.28,1210.54,544.97
37.860359,1208.26,566.95,1204.72,588.96,1211.8,544.94
37.86436,1207.97,569.6949999999999,1204.18,595.4,1211.76,543.99
37.86836,1207.69,569.16,1204.55,594.04,1210.83,544.28
37.872361,1208.5900000000001,569.6700000000001,1204.98,595.48,1212.2,543.86
37.876361,1209.095,569.24,1205.73,595.92,1212.46,542.56
37.880362,1208.1750000000002,567.7750000000001,1203.45,593.85,1212.9,541.7
37.884362,1208.8899999999999,569.1800000000001,1204.48,597.88,1213.3,540.48
37.888363,1210.205,566.405,1205.82,592.9,1214.59,539.91
37.892363,1209.5149999999999,567.325,1203.81,596.14,1215.22,538.51
37.896364,1210.24,569.065,1205.49,599.52,1214.99,538.61
37.900364,1210.595,567.61,1204.16,597.75,1217.03,537.47
37.904365,1211.125,567.79,1204.84,598.78,1217.41,536.8
37.908365,1211.065,566.845,1204.24,597.75,1217.89,535.94
37.912366,1211.1399999999999,567.35,1204.04,599.24,1218.24,535.46
37.916366,1211.1399999999999,566.67,1204.0,598.92,1218.28,534.42
37.920367,1211.825,566.74,1205.49,597.97,1218.16,535.51
37.924367,1211.8,567.435,1205.78,599.17,1217.82,535.7
37.928368,1211.27,566.925,1205.06,596.86,1217.48,536.99
37.932368,1209.005,566.365,1202.17,595.07,1215.84,537.66
37.936369,1209.5900000000001,566.66,1203.8,595.43,1215.38,537.89
37.940369,1207.99,567.495,1201.53,596.15,1214.45,538.84
37.94437,1207.67,568.8399999999999,1202.63,598.39,1212.71,539.29
37.94837,1206.08,569.915,1200.33,599.91,1211.83,539.92
37.952371,1205.975,569.2249999999999,1201.29,597.18,1210.66,541.27
37.956371,1204.6399999999999,568.3,1198.93,595.01,1210.35,541.59
37.960372,1203.88,567.895,1197.72,593.98,1210.04,541.81
37.964372,1203.825,569.5450000000001,1197.9,596.84,1209.75,542.25
37.968373,1203.45,568.345,1197.72,595.31,1209.18,541.38
37.972373,1203.605,570.22,1197.91,599.41,1209.3,541.03
37.976374,1204.5549999999998,569.3199999999999,1198.26,598.75,1210.85,539.89
37.980374,1205.435,565.79,1200.43,593.38,1210.44,538.2
37.984375,1204.2150000000001,570.4649999999999,1198.74,602.03,1209.69,538.9
37.98838,1205.695,568.115,1200.58,600.2,1210.81,536.03
37.992386,1207.25,567.035,1202.63,598.42,1211.87,535.65
37.996392,1207.62,566.405,1203.67,595.8,1211.57,537.01
38.000398,1208.6,566.86,1206.01,597.87,1211.19,535.85
38.004404,1209.375,567.5,1206.72,596.48,1212.03,538.52
38.008409,1209.13,566.8050000000001,1206.16,596.9,1212.1,536.71
38.012415,1210.935,566.51,1207.09,596.53,1214.78,536.49
38.016421,1211.055,566.865,1205.48,596.32,1216.63,537.41
38.020427,1221.74,568.5999999999999,1212.55,599.06,1230.93,538.14
38.024433,1270.775,570.31,1264.35,599.96,1277.2,540.66
38.028438,1330.845,569.295,1339.04,598.78,1322.65,539.81
38.032444,1343.545,569.2149999999999,1343.04,597.67,1344.05,540.76
38.03645,1338.24,568.245,1339.09,596.96,1337.39,539.53
38.040456,1323.88,567.04,1320.68,597.82,1327.08,536.26
38.044462,1309.355,566.9200000000001,1307.37,598.51,1311.34,535.33
38.048465,1303.875,567.75,1301.37,600.41,1306.38,535.09
38.052468,1308.0300000000002,566.76,1300.9,600.57,1315.16,532.95
38.056471,1310.75,566.63,1308.24,601.38,1313.26,531.88
38.060475,1312.9650000000001,565.135,1306.75,600.97,1319.18,529.3
38.064478,1311.4850000000001,564.77,1302.06,600.81,1320.91,528.73
38.068481,1311.46,564.365,1301.32,601.57,1321.6,527.16
38.072485,1311.9499999999998,564.3050000000001,1298.61,602.47,1325.29,526.14
38.076488,1310.5300000000002,564.325,1297.92,602.88,1323.14,525.77
38.080491,1309.375,565.19,1296.6,604.26,1322.15,526.12
38.084494,1309.81,565.155,1295.86,602.19,1323.76,528.12
38.088498,1310.505,566.5550000000001,1296.64,603.01,1324.37,530.1
38.092501,1311.8649999999998,566.81,1298.61,602.65,1325.12,530.97
38.096504,1312.495,562.97,1300.09,594.97,1324.9,530.97
38.100508,1312.275,561.91,1299.69,591.53,1324.86,532.29
38.104511,1312.49,560.065,1299.75,586.28,1325.23,533.85
38.108514,1312.125,564.6500000000001,1301.31,595.19,1322.94,534.11
38.112517,1312.485,561.54,1302.85,588.32,1322.12,534.76
38.116521,1312.15,560.8,1304.63,586.47,1319.67,535.13
38.120524,1312.115,561.2,1306.23,586.63,1318.0,535.77
38.124527,1312.605,561.4649999999999,1307.67,585.53,1317.54,537.4
38.128531,1313.245,563.54,1309.91,589.64,1316.58,537.44
38.132534,1312.73,563.3199999999999,1311.0,589.71,1314.46,536.93
38.136537,1312.635,564.5450000000001,1312.31,591.12,1312.96,537.97
38.14054,1310.55,567.04,1308.82,595.24,1312.28,538.84
38.144544,1309.4499999999998,566.625,1308.54,594.07,1310.36,539.18
38.148547,1308.1100000000001,564.71,1306.95,590.8,1309.27,538.62
38.15255,1309.81,564.895,1309.91,590.48,1309.71,539.31
38.156554,1309.5,565.5,1309.41,592.59,1309.59,538.41
38.160557,1309.8249999999998,566.135,1309.28,594.19,1310.37,538.08
38.16456,1306.905,565.47,1303.69,593.06,1310.12,537.88
38.168563,1305.505,565.8050000000001,1301.17,594.63,1309.84,536.98
38.172567,1303.425,564.185,1297.56,592.16,1309.29,536.21
38.17657,1304.105,564.4300000000001,1298.08,593.75,1310.13,535.11
38.180573,1303.5900000000001,562.4649999999999,1295.51,591.17,1311.67,533.76
38.184577,1305.38,562.06,1296.7,590.19,1314.06,533.93
38.18858,1306.92,563.39,1297.29,591.16,1316.55,535.62
38.192582,1307.475,563.9649999999999,1296.64,593.16,1318.31,534.77
38.196584,1307.6550000000002,565.06,1297.38,593.79,1317.93,536.33
38.200585,1307.5500000000002,565.97,1298.44,594.9,1316.66,537.04
38.204587,1308.94,566.24,1302.76,594.03,1315.12,538.45
38.208589,1308.1799999999998,567.2149999999999,1301.0,594.92,1315.36,539.51
38.212591,1309.305,567.36,1303.21,595.86,1315.4,538.86
38.216593,1311.12,569.36,1306.32,599.58,1315.92,539.14
38.220595,1310.605,568.5350000000001,1306.16,597.74,1315.05,539.33
38.224596,1311.15,569.5,1307.45,599.94,1314.85,539.06
38.228598,1311.545,569.6500000000001,1308.36,601.09,1314.73,538.21
38.2326,1310.755,569.015,1309.29,600.93,1312.22,537.1
38.236602,1310.4299999999998,568.6600000000001,1308.76,600.84,1312.1,536.48
38.240604,1310.3400000000001,568.015,1309.46,600.8,1311.22,535.23
38.244606,1309.605,567.88,1306.77,601.5,1312.44,534.26
38.248605,1308.8249999999998,567.325,1304.61,601.06,1313.04,533.59
38.252604,1307.225,567.7850000000001,1302.39,601.63,1312.06,533.94
38.256603,1305.4299999999998,567.88,1298.37,601.26,1312.49,534.5
38.260602,1305.63,567.165,1298.8,600.11,1312.46,534.22
38.264601,1304.81,567.165,1296.14,600.21,1313.48,534.12
38.2686,1304.97,567.9200000000001,1296.43,601.21,1313.51,534.63
38.272599,1303.775,567.87,1294.41,600.96,1313.14,534.78
38.276598,1304.47,568.3199999999999,1295.4,602.47,1313.54,534.17
38.280597,1303.8899999999999,568.78,1294.31,603.63,1313.47,533.93
38.284596,1304.855,569.7950000000001,1295.01,604.95,1314.7,534.64
38.288595,1304.87,570.52,1296.01,605.68,1313.73,535.36
38.292594,1305.165,570.6500000000001,1296.6,605.11,1313.73,536.19
38.296593,1306.5549999999998,570.985,1298.06,606.27,1315.05,535.7
38.300592,1308.065,571.24,1300.71,608.08,1315.42,534.4
38.304591,1308.545,571.47,1301.08,608.88,1316.01,534.06
38.30859,1308.9450000000002,572.2750000000001,1301.16,610.82,1316.73,533.73
38.312589,1309.44,572.145,1302.22,610.21,1316.66,534.08
38.316588,1310.2350000000001,572.575,1302.65,611.05,1317.82,534.1
38.320587,1310.78,572.52,1302.37,609.87,1319.19,535.17
38.324587,1311.1100000000001,572.485,1302.46,609.12,1319.76,535.85
38.328586,1310.5349999999999,571.995,1300.78,608.41,1320.29,535.58
38.332585,1310.9499999999998,570.2149999999999,1300.33,604.53,1321.57,535.9
38.336584,1310.575,570.8,1300.01,606.43,1321.14,535.17
38.340583,1309.995,570.06,1298.54,604.79,1321.45,535.33
38.344582,1308.8600000000001,569.99,1297.69,603.74,1320.03,536.24
38.348581,1307.25,569.98,1296.02,603.97,1318.48,535.99
38.35258,1301.58,567.31,1293.58,599.76,1309.58,534.86
38.356579,1293.975,562.7650000000001,1289.72,590.7,1298.23,534.83
38.360578,1288.775,565.065,1285.59,596.57,1291.96,533.56
38.364577,1288.315,563.91,1286.19,595.3,1290.44,532.52
38.368576,1289.8,559.81,1286.24,586.69,1293.36,532.93
38.372575,1286.625,563.1500000000001,1285.16,593.94,1288.09,532.36
38.376574,1287.0900000000001,559.56,1285.69,586.72,1288.49,532.4
38.380573,1285.225,562.3199999999999,1284.45,592.33,1286.0,532.31
38.384572,1283.33,559.3299999999999,1284.57,588.29,1282.09,530.37
38.388571,1281.15,559.135,1281.25,588.44,1281.05,529.83
38.39257,1280.0700000000002,559.545,1280.22,590.3,1279.92,528.79
38.396569,1280.31,557.345,1282.03,584.71,1278.59,529.98
38.400568,1278.415,560.8199999999999,1277.27,593.59,1279.56,528.05
38.404567,1279.01,558.0450000000001,1277.44,587.19,1280.58,528.9
38.408566,1278.925,558.19,1277.07,584.23,1280.78,532.15
38.412565,1278.245,557.23,1277.34,586.13,1279.15,528.33
38.416564,1276.845,554.5350000000001,1274.94,579.99,1278.75,529.08
38.420563,1275.2649999999999,556.3299999999999,1272.46,583.91,1278.07,528.75
38.424562,1274.5749999999998,559.1800000000001,1270.34,590.12,1278.81,528.24
38.428561,1273.46,559.895,1269.94,592.84,1276.98,526.95
38.43256,1273.285,560.24,1269.68,592.35,1276.89,528.13
38.436559,1272.62,558.46,1268.16,588.03,1277.08,528.89
38.440558,1272.615,558.2249999999999,1266.7,589.03,1278.53,527.42
38.444557,1272.87,558.63,1266.74,588.23,1279.0,529.03
38.448557,1272.2199999999998,560.325,1265.59,590.93,1278.85,529.72
38.452557,1271.02,560.495,1262.79,592.73,1279.25,528.26
38.456558,1270.1100000000001,561.2550000000001,1260.99,592.07,1279.23,530.44
38.460558,1268.6999999999998,561.525,1259.12,592.9,1278.28,530.15
38.464558,1267.72,561.7,1258.74,594.23,1276.7,529.17
38.468558,1268.0,561.2449999999999,1260.64,592.81,1275.36,529.68
38.472558,1268.26,561.15,1260.97,591.18,1275.55,531.12
38.476558,1268.965,560.505,1261.08,590.14,1276.85,530.87
38.480558,1269.635,560.375,1264.22,589.34,1275.05,531.41
38.484558,1269.305,560.085,1263.65,587.78,1274.96,532.39
38.488558,1270.755,560.0250000000001,1266.96,589.07,1274.55,530.98
38.492558,1270.835,558.89,1268.63,585.72,1273.04,532.06
38.496558,1270.63,558.495,1270.48,583.67,1270.78,533.32
38.500558,1271.005,558.5799999999999,1271.08,585.41,1270.93,531.75
38.504558,1272.885,556.37,1274.4,580.44,1271.37,532.3
38.508558,1273.095,556.175,1274.73,580.64,1271.46,531.71
38.512558,1274.5900000000001,555.53,1276.01,580.2,1273.17,530.86
38.516558,1275.525,553.605,1275.84,577.99,1275.21,529.22
38.520558,1275.52,555.06,1275.97,580.13,1275.07,529.99
38.524558,1276.1599999999999,554.7049999999999,1274.8,579.89,1277.52,529.52
38.528558,1277.77,553.625,1275.83,578.24,1279.71,529.01
38.532558,1275.955,554.5550000000001,1275.23,579.24,1276.68,529.87
38.536558,1276.7,555.535,1275.99,582.16,1277.41,528.91
38.540558,1278.895,554.73,1277.06,580.2,1280.73,529.26
38.544558,1277.79,555.0450000000001,1277.49,580.59,1278.09,529.5
38.548559,1278.12,556.115,1276.5,581.47,1279.74,530.76
38.552559,1279.325,556.47,1277.95,581.87,1280.7,531.07
38.556559,1279.25,557.04,1277.46,581.98,1281.04,532.1
38.560559,1278.3049999999998,557.72,1277.02,582.93,1279.59,532.51
38.564559,1279.885,556.935,1278.71,580.66,1281.06,533.21
38.568559,1278.66,556.845,1278.69,580.04,1278.63,533.65
38.572559,1278.0149999999999,556.9849999999999,1278.43,580.56,1277.6,533.41
38.576559,1278.42,557.49,1278.27,580.62,1278.57,534.36
38.580559,1278.8400000000001,557.19,1278.19,579.32,1279.49,535.06
38.584559,1278.24,556.89,1277.74,579.06,1278.74,534.72
38.588559,1278.73,555.56,1278.01,577.61,1279.45,533.51
38.592559,1278.04,556.345,1278.12,578.95,1277.96,533.74
38.596559,1277.8400000000001,557.9449999999999,1277.64,581.17,1278.04,534.72
38.600561,1276.3200000000002,557.85,1276.45,581.12,1276.19,534.58
38.604563,1275.85,557.9649999999999,1275.36,581.81,1276.34,534.12
38.608566,1274.87,557.7750000000001,1274.4,581.7,1275.34,533.85
38.612568,1274.715,559.175,1273.86,584.23,1275.57,534.12
38.61657,1274.905,560.85,1274.26,587.47,1275.55,534.23
38.620572,1273.865,558.1800000000001,1274.32,581.82,1273.41,534.54
38.624574,1272.29,558.605,1272.69,582.87,1271.89,534.34
38.628576,1270.17,558.71,1270.95,583.77,1269.39,533.65
38.632579,1268.745,560.235,1269.41,586.61,1268.08,533.86
38.636581,1268.65,561.135,1268.51,588.59,1268.79,533.68
38.640583,1267.0700000000002,560.12,1267.9,586.0,1266.24,534.24
38.644585,1266.37,559.355,1268.21,584.29,1264.53,534.42
38.648587,1264.275,560.56,1266.19,585.65,1262.36,535.47
38.652588,1249.49,561.155,1247.4,586.66,1251.58,535.65
38.65659,1221.54,557.17,1206.42,578.78,1236.66,535.56
38.660591,1189.685,556.005,1178.43,576.84,1200.94,535.17
38.664593,1186.355,558.3299999999999,1183.86,583.24,1188.85,533.42
38.668595,1191.74,559.5550000000001,1187.16,585.63,1196.32,533.48
38.672596,1215.695,557.27,1221.8,581.59,1209.59,532.95
38.676598,1203.11,561.365,1202.6,589.0,1203.62,533.73
38.680599,1196.79,557.435,1196.93,582.64,1196.65,532.23
38.684601,1196.905,559.72,1195.59,586.14,1198.22,533.3
38.688602,1194.0149999999999,560.675,1191.83,589.16,1196.2,532.19
38.692604,1191.8249999999998,553.21,1189.33,575.43,1194.32,530.99
38.696606,1190.21,557.06,1186.69,582.42,1193.73,531.7
38.700607,1190.63,561.7149999999999,1189.19,593.52,1192.07,529.91
38.704609,1190.795,558.1800000000001,1189.4,584.75,1192.19,531.61
38.70861,1193.52,556.87,1193.31,582.19,1193.73,531.55
38.712612,1194.935,557.9300000000001,1196.91,583.7,1192.96,532.16
38.716613,1193.33,555.1700000000001,1194.93,577.73,1191.73,532.61
38.720615,1191.6799999999998,553.685,1191.75,575.22,1191.61,532.15
38.724617,1191.315,553.7249999999999,1191.84,576.05,1190.79,531.4
38.728618,1190.29,555.745,1190.4,581.19,1190.18,530.3
38.73262,1190.8400000000001,556.125,1191.73,580.82,1189.95,531.43
38.736621,1191.5749999999998,551.8699999999999,1192.58,570.68,1190.57,533.06
38.740623,1190.38,551.115,1190.61,574.74,1190.15,527.49
38.744625,1189.755,551.92,1190.04,575.53,1189.47,528.31
38.748626,1189.455,552.105,1189.82,577.32,1189.09,526.89
38.752628,1187.205,554.6199999999999,1185.32,581.68,1189.09,527.56
38.756629,1188.5900000000001,553.175,1187.9,577.05,1189.28,529.3
38.760631,1188.0349999999999,555.09,1187.07,580.1,1189.0,530.08
38.764632,1187.565,556.4200000000001,1186.88,584.19,1188.25,528.65
38.768634,1186.9850000000001,556.8199999999999,1184.91,583.61,1189.06,530.03
38.772636,1188.05,556.585,1187.35,584.59,1188.75,528.58
38.776637,1187.23,554.97,1186.43,582.33,1188.03,527.61
38.780639,1185.9450000000002,556.23,1184.63,584.9,1187.26,527.56
38.78464,1186.9850000000001,557.33,1186.82,586.08,1187.15,528.58
38.788642,1187.5900000000001,558.3900000000001,1187.73,585.95,1187.45,530.83
38.792644,1186.3400000000001,558.27,1185.64,585.23,1187.04,531.31
38.796645,1186.0700000000002,557.1500000000001,1185.2,582.94,1186.94,531.36
38.800647,1187.22,557.65,1186.22,583.51,1188.22,531.79
38.804648,1186.095,555.335,1183.43,581.22,1188.76,529.45
38.808649,1187.155,555.63,1185.74,581.93,1188.57,529.33
38.81265,1187.685,553.51,1186.03,579.25,1189.34,527.77
38.816651,1188.9099999999999,552.36,1186.72,576.2,1191.1,528.52
38.820652,1189.5149999999999,553.0050000000001,1187.44,576.32,1191.59,529.69
38.824653,1190.31,555.155,1187.16,580.41,1193.46,529.9
38.828654,1188.9,555.505,1186.2,579.95,1191.6,531.06
38.832656,1188.75,555.64,1185.53,581.67,1191.97,529.61
38.836657,1188.62,553.71,1185.32,578.63,1191.92,528.79
38.840658,1188.845,551.2249999999999,1186.3,574.92,1191.39,527.53
38.844659,1188.185,550.5550000000001,1186.38,573.69,1189.99,527.42
38.848659,1188.185,554.3050000000001,1188.38,581.51,1187.99,527.1
38.852659,1188.29,555.69,1188.39,581.76,1188.19,529.62
38.856659,1187.9299999999998,556.7,1189.54,584.78,1186.32,528.62
38.860659,1186.525,556.425,1187.93,583.06,1185.12,529.79
38.864659,1186.245,553.2149999999999,1188.41,574.41,1184.08,532.02
38.868659,1184.75,555.29,1188.33,578.77,1181.17,531.81
38.872659,1185.0,559.25,1188.67,585.52,1181.33,532.98
38.876659,1185.185,557.38,1189.22,582.04,1181.15,532.72
38.880658,1185.27,557.325,1189.25,580.27,1181.29,534.38
38.884658,1186.475,559.86,1191.57,584.94,1181.38,534.78
38.888658,1187.02,560.38,1192.72,585.02,1181.32,535.74
38.892658,1186.79,560.0,1192.4,582.42,1181.18,537.58
38.896658,1186.8400000000001,560.665,1192.43,584.59,1181.25,536.74
38.900658,1186.385,557.5699999999999,1192.45,577.37,1180.32,537.77
38.904658,1186.4650000000001,557.38,1192.72,578.41,1180.21,536.35
38.908658,1186.67,557.585,1191.71,580.92,1181.63,534.25
38.912658,1187.915,556.435,1192.84,578.94,1182.99,533.93
38.916658,1188.71,556.595,1192.47,581.29,1184.95,531.9
38.920658,1187.975,555.5250000000001,1190.91,578.97,1185.04,532.08
38.924658,1189.915,555.185,1191.65,578.3,1188.18,532.07
38.928658,1189.7,557.685,1189.67,584.41,1189.73,530.96
38.932658,1189.0900000000001,556.12,1188.78,582.89,1189.4,529.35
38.936658,1188.4250000000002,556.9300000000001,1186.18,586.66,1190.67,527.2
38.940658,1189.25,555.145,1185.54,584.79,1192.96,525.5
38.944658,1188.58,555.2650000000001,1184.28,587.33,1192.88,523.2
38.948658,1188.4250000000002,556.675,1182.94,589.84,1193.91,523.51
38.952658,1188.1599999999999,556.085,1181.82,589.88,1194.5,522.29
38.956658,1189.495,557.52,1183.06,591.7,1195.93,523.34
38.960658,1188.84,556.74,1181.61,591.98,1196.07,521.5
38.964658,1188.98,556.3900000000001,1182.12,590.08,1195.84,522.7
38.968657,1188.24,554.24,1181.4,587.51,1195.08,520.97
38.972657,1189.405,553.125,1183.46,586.48,1195.35,519.77
38.976657,1189.29,552.29,1183.46,584.97,1195.12,519.61
38.980657,1189.745,552.24,1184.18,583.69,1195.31,520.79
38.984657,1190.425,552.245,1186.24,580.3,1194.61,524.19
38.988657,1190.85,551.135,1186.96,578.66,1194.74,523.61
38.992657,1191.575,551.37,1188.49,576.5,1194.66,526.24
38.996657,1192.41,550.0699999999999,1189.92,572.55,1194.9,527.59
39.000657,1199.38,550.185,1201.58,572.09,1197.18,528.28
39.004657,1250.88,550.75,1252.77,570.08,1248.99,531.42
39.008656,1281.1,552.53,1283.69,573.66,1278.51,531.4
39.012654,1267.655,554.38,1252.46,577.04,1282.85,531.72
39.016653,1251.4650000000001,555.05,1238.95,576.96,1263.98,533.14
39.020652,1243.655,556.52,1225.36,578.75,1261.95,534.29
39.024651,1238.725,556.375,1223.28,579.6,1254.17,533.15
39.028649,1244.1799999999998,556.2049999999999,1226.99,580.99,1261.37,531.42
39.032648,1249.3400000000001,557.755,1236.92,584.37,1261.76,531.14
39.036647,1254.585,554.755,1248.59,584.36,1260.58,525.15
39.040646,1255.05,556.895,1248.35,588.59,1261.75,525.2
39.044644,1256.2350000000001,555.4000000000001,1252.17,588.44,1260.3,522.36
39.048641,1255.03,553.495,1251.45,587.54,1258.61,519.45
39.052638,1254.19,553.89,1250.81,586.73,1257.57,521.05
39.056634,1250.71,554.3599999999999,1246.25,588.16,1255.17,520.56
39.060631,1251.44,555.0999999999999,1248.65,589.27,1254.23,520.93
39.064628,1253.09,555.715,1252.59,588.86,1253.59,522.57
39.068625,1252.3049999999998,557.2149999999999,1251.29,591.78,1253.32,522.65
39.072621,1254.08,557.86,1255.68,592.24,1252.48,523.48
39.076618,1254.9499999999998,559.7750000000001,1257.11,595.07,1252.79,524.48
39.080615,1254.75,559.785,1256.31,595.54,1253.19,524.03
39.084612,1254.45,560.55,1255.42,594.59,1253.48,526.51
39.088608,1254.415,562.135,1255.12,595.87,1253.71,528.4
39.092605,1254.03,563.96,1252.62,598.32,1255.44,529.6
39.096602,1252.96,564.2349999999999,1251.18,600.91,1254.74,527.56
39.100598,1253.22,563.31,1252.46,598.92,1253.98,527.7
39.104595,1252.5900000000001,563.625,1251.15,598.99,1254.03,528.26
39.108592,1251.345,563.75,1249.54,600.38,1253.15,527.12
39.112589,1250.87,562.66,1248.8,599.4,1252.94,525.92
39.116585,1249.62,563.595,1246.03,600.44,1253.21,526.75
39.120582,1247.91,562.6,1244.65,598.57,1251.17,526.63
39.124579,1247.125,563.56,1243.46,597.95,1250.79,529.17
39.128576,1246.065,564.53,1242.67,598.58,1249.46,530.48
39.132572,1245.92,564.645,1243.9,598.65,1247.94,530.64
39.136569,1245.98,565.215,1245.22,599.11,1246.74,531.32
39.140566,1246.78,567.5,1246.62,601.03,1246.94,533.97
39.144563,1246.21,567.9,1246.32,602.4,1246.1,533.4
39.148559,1244.675,568.915,1245.0,603.63,1244.35,534.2
39.152556,1245.74,568.8900000000001,1247.07,602.45,1244.41,535.33
39.156553,1243.855,568.655,1244.93,599.96,1242.78,537.35
39.160549,1244.71,568.02,1245.08,597.83,1244.34,538.21
39.164546,1246.3049999999998,570.495,1247.51,602.6,1245.1,538.39
39.168543,1247.06,571.06,1247.71,603.4,1246.41,538.72
39.17254,1246.935,568.255,1249.3,601.26,1244.57,535.25
39.176536,1246.405,568.085,1248.95,599.5,1243.86,536.67
39.180533,1247.1100000000001,566.565,1248.57,595.35,1245.65,537.78
39.18453,1247.71,570.78,1248.82,604.34,1246.6,537.22
39.188527,1258.08,569.885,1256.75,602.07,1259.41,537.7
39.192523,1278.07,566.59,1279.54,597.59,1276.6,535.59
39.19652,1297.5300000000002,565.8699999999999,1312.15,596.68,1282.91,535.06
39.200517,1292.67,565.745,1302.7,597.07,1282.64,534.42
39.204513,1290.98,564.615,1291.92,595.43,1290.04,533.8
39.20851,1287.01,564.825,1287.59,594.13,1286.43,535.52
39.212508,1293.69,564.86,1294.98,594.57,1292.4,535.15
39.216505,1296.08,566.4749999999999,1296.84,596.92,1295.32,536.03
39.220503,1297.475,566.0699999999999,1297.78,596.85,1297.17,535.29
39.224501,1300.45,565.94,1303.4,597.29,1297.5,534.59
39.228498,1299.8600000000001,564.4449999999999,1301.25,595.1,1298.47,533.79
39.232496,1299.43,564.125,1302.15,594.61,1296.71,533.64
39.236493,1298.4850000000001,565.05,1300.9,595.42,1296.07,534.68
39.240491,1298.88,565.51,1302.66,595.31,1295.1,535.71
39.244489,1298.44,566.74,1300.8,596.89,1296.08,536.59
39.248489,1297.495,566.845,1301.97,597.57,1293.02,536.12
39.25249,1297.63,566.735,1302.17,598.46,1293.09,535.01
39.256491,1297.155,567.05,1300.83,599.07,1293.48,535.03
39.260491,1295.46,567.0250000000001,1299.54,598.07,1291.38,535.98
39.264492,1294.695,567.585,1299.12,597.2,1290.27,537.97
39.268493,1291.27,568.0799999999999,1295.08,597.17,1287.46,538.99
39.272493,1290.985,569.2,1295.11,598.65,1286.86,539.75
39.276494,1290.1999999999998,569.565,1294.08,598.18,1286.32,540.95
39.280495,1288.8400000000001,569.1,1292.13,597.46,1285.55,540.74
39.284496,1287.615,568.3050000000001,1290.67,597.58,1284.56,539.03
39.288496,1286.365,569.235,1288.55,598.12,1284.18,540.35
39.292497,1288.615,568.9549999999999,1289.26,597.63,1287.97,540.28
39.296498,1288.955,569.6,1289.93,597.87,1287.98,541.33
39.300498,1288.695,568.575,1290.11,595.58,1287.28,541.57
39.304499,1289.8400000000001,568.595,1290.92,596.1,1288.76,541.09
39.3085,1290.605,566.915,1291.51,595.09,1289.7,538.74
39.312501,1292.5349999999999,566.7149999999999,1293.82,595.64,1291.25,537.79
39.316501,1292.975,566.49,1296.0,596.5,1289.95,536.48
39.320502,1294.48,564.105,1296.15,593.46,1292.81,534.75
39.324503,1294.6,565.96,1295.76,596.91,1293.44,535.01
39.328503,1295.6100000000001,564.9449999999999,1297.14,594.14,1294.08,535.75
39.332504,1297.38,564.9200000000001,1298.82,594.9,1295.94,534.94
39.336505,1296.86,564.895,1299.12,595.31,1294.6,534.48
39.340505,1295.835,565.4,1298.01,596.38,1293.66,534.42
39.344506,1296.455,565.29,1297.86,596.4,1295.05,534.18
39.348507,1296.275,565.98,1298.4,596.92,1294.15,535.04
39.352508,1296.0500000000002,566.895,1297.63,597.38,1294.47,536.41
39.356508,1293.815,567.9300000000001,1294.72,597.99,1292.91,537.87
39.360509,1293.375,569.0450000000001,1293.09,598.22,1293.66,539.87
39.36451,1293.01,570.0550000000001,1294.43,598.08,1291.59,542.03
39.36851,1290.1950000000002,571.8900000000001,1292.14,598.44,1288.25,545.34
39.372511,1287.92,573.47,1290.15,600.31,1285.69,546.63
39.376512,1286.6599999999999,573.275,1290.73,599.4,1282.59,547.15
39.380513,1285.655,574.385,1289.37,599.94,1281.94,548.83
39.384513,1286.51,572.1600000000001,1291.51,595.99,1281.51,548.33
39.388514,1284.01,570.575,1289.45,591.53,1278.57,549.62
39.392515,1282.795,572.335,1287.46,596.15,1278.13,548.52
39.396515,1282.51,571.705,1288.34,594.95,1276.68,548.46
39.400516,1281.3400000000001,571.8199999999999,1287.55,595.22,1275.13,548.42
39.404517,1280.955,571.23,1287.5,594.32,1274.41,548.14
39.408518,1281.31,571.3699999999999,1287.81,594.81,1274.81,547.93
39.412518,1281.6950000000002,571.2750000000001,1288.73,595.48,1274.66,547.07
39.416518,1282.815,571.165,1288.74,596.12,1276.89,546.21
39.420518,1282.525,570.985,1288.79,596.36,1276.26,545.61
39.424517,1281.48,571.41,1286.07,598.64,1276.89,544.18
39.428517,1282.5749999999998,570.6949999999999,1286.55,596.55,1278.6,544.84
39.432517,1282.725,570.59,1286.71,598.72,1278.74,542.46
39.436516,1288.65,570.8299999999999,1289.47,597.35,1287.83,544.31
39.440516,1304.045,568.5450000000001,1299.12,593.6,1308.97,543.49
39.444515,1306.275,568.01,1310.35,593.46,1302.2,542.56
39.448515,1308.845,567.45,1315.77,593.9,1301.92,541.0
39.452514,1306.385,566.97,1310.05,595.87,1302.72,538.07
39.456513,1304.145,565.6600000000001,1304.24,596.88,1304.05,534.44
39.460512,1312.07,562.875,1312.32,592.74,1311.82,533.01
39.464511,1314.88,562.5350000000001,1314.32,592.62,1315.44,532.45
39.46851,1318.72,560.24,1319.95,588.32,1317.49,532.16
39.472509,1322.5300000000002,557.99,1325.13,583.54,1319.93,532.44
39.476508,1325.68,559.835,1327.98,587.07,1323.38,532.6
39.480507,1325.79,558.74,1327.47,585.51,1324.11,531.97
39.484507,1324.6100000000001,558.885,1326.42,586.61,1322.8,531.16
39.488506,1324.73,558.7950000000001,1326.86,587.21,1322.6,530.38
39.492505,1323.985,557.515,1324.1,585.56,1323.87,529.47
39.496504,1325.97,556.715,1327.0,583.84,1324.94,529.59
39.500503,1326.125,556.64,1327.45,582.66,1324.8,530.62
39.504502,1326.92,556.19,1329.21,582.79,1324.63,529.59
39.508501,1327.105,555.14,1329.76,579.62,1324.45,530.66
39.5125,1326.685,554.495,1329.41,579.53,1323.96,529.46
39.516499,1325.345,554.5699999999999,1328.16,580.53,1322.53,528.61
39.520499,1324.875,554.3050000000001,1327.29,579.95,1322.46,528.66
39.524498,1325.495,554.345,1327.41,581.48,1323.58,527.21
39.528497,1325.9299999999998,554.69,1328.36,581.67,1323.5,527.71
39.532496,1325.26,554.4849999999999,1328.55,580.41,1321.97,528.56
39.536495,1325.5349999999999,553.905,1328.62,579.35,1322.45,528.46
39.540494,1325.745,553.31,1328.55,581.0,1322.94,525.62
39.544493,1326.7150000000001,553.5550000000001,1329.79,582.02,1323.64,525.09
39.548492,1326.515,557.28,1329.4,583.63,1323.63,530.93
39.552492,1327.305,556.87,1329.72,583.61,1324.89,530.13
39.556491,1326.7,555.7249999999999,1328.15,584.78,1325.25,526.67
39.56049,1327.245,554.03,1327.14,584.5,1327.35,523.56
39.564489,1325.425,557.9300000000001,1324.1,586.24,1326.75,529.62
39.568488,1325.73,557.455,1324.38,584.21,1327.08,530.7
39.572487,1324.975,555.63,1322.68,584.49,1327.27,526.77
39.576486,1325.77,555.725,1321.75,587.72,1329.79,523.73
39.580485,1326.07,556.0799999999999,1320.83,589.74,1331.31,522.42
39.584484,1325.625,559.71,1320.43,591.44,1330.82,527.98
39.588484,1326.315,560.28,1320.93,590.17,1331.7,530.39
39.592483,1326.3,559.615,1319.82,591.13,1332.78,528.1
39.596482,1327.42,556.66,1320.6,588.55,1334.24,524.77
39.600481,1328.48,554.915,1320.67,587.7,1336.29,522.13
39.60448,1328.81,555.7049999999999,1322.14,588.68,1335.48,522.73
39.608479,1330.695,557.5699999999999,1325.03,592.49,1336.36,522.65
39.612478,1331.305,556.085,1326.2,591.4,1336.41,520.77
39.616477,1332.33,558.385,1327.62,594.47,1337.04,522.3
39.620475,1334.12,557.42,1330.59,591.55,1337.65,523.29
39.624473,1335.74,558.955,1332.48,594.07,1339.0,523.84
39.628471,1337.25,559.595,1334.06,593.36,1340.44,525.83
39.632469,1337.605,559.94,1332.6,593.44,1342.61,526.44
39.636467,1338.8600000000001,558.585,1334.63,592.87,1343.09,524.3
39.640465,1339.795,560.3399999999999,1334.92,593.43,1344.67,527.25
39.644463,1338.595,562.8050000000001,1335.25,594.88,1341.94,530.73
39.648462,1339.455,564.355,1336.34,595.94,1342.57,532.77
39.65246,1338.47,564.2049999999999,1336.04,593.64,1340.9,534.77
39.656459,1337.0949999999998,563.5,1333.86,591.16,1340.33,535.84
39.660457,1337.195,564.4549999999999,1334.34,590.99,1340.05,537.92
39.664456,1334.4450000000002,564.625,1331.48,590.73,1337.41,538.52
39.668454,1332.295,564.435,1329.55,589.68,1335.04,539.19
39.672453,1330.66,564.565,1326.17,590.13,1335.15,539.0
39.676451,1327.225,565.95,1322.25,591.96,1332.2,539.94
39.68045,1325.98,566.365,1321.9,593.94,1330.06,538.79
39.684448,1325.845,565.925,1322.47,592.66,1329.22,539.19
39.688447,1324.375,567.105,1322.37,594.69,1326.38,539.52
39.692445,1323.38,567.0799999999999,1322.97,594.55,1323.79,539.61
39.696444,1322.71,566.185,1320.61,594.02,1324.81,538.35
39.700442,1325.46,567.935,1324.66,595.66,1326.26,540.21
39.704441,1339.045,568.135,1332.83,595.94,1345.26,540.33
39.70844,1414.24,567.565,1410.79,595.65,1417.69,539.48
39.712438,1435.775,568.0550000000001,1428.66,597.33,1442.89,538.78
39.716437,1443.1550000000002,565.39,1440.4,595.78,1445.91,535.0
39.720435,1432.19,561.2049999999999,1428.46,592.56,1435.92,529.85
39.724434,1408.6599999999999,560.25,1391.75,591.28,1425.57,529.22
39.728432,1379.9,560.325,1359.44,591.72,1400.36,528.93
39.732431,1401.7399999999998,560.0699999999999,1381.12,590.86,1422.36,529.28
39.736429,1411.46,556.5,1395.91,588.12,1427.01,524.88
39.740428,1418.155,553.16,1409.96,585.65,1426.35,520.67
39.744426,1417.9499999999998,552.425,1413.06,585.68,1422.84,519.17
39.748425,1424.71,550.41,1423.45,582.81,1425.97,518.01
39.752423,1418.66,550.48,1413.16,582.43,1424.16,518.53
39.756422,1416.975,549.37,1412.4,582.53,1421.55,516.21
39.76042,1414.605,549.88,1411.05,581.48,1418.16,518.28
39.764419,1415.05,549.425,1411.52,580.77,1418.58,518.08
39.768417,1415.4650000000001,549.99,1414.45,580.85,1416.48,519.13
39.772416,1414.3600000000001,549.76,1411.05,580.43,1417.67,519.09
39.776414,1414.935,548.99,1414.59,579.49,1415.28,518.49
39.780413,1414.47,548.9549999999999,1417.13,579.1,1411.81,518.81
39.784411,1413.745,549.5350000000001,1417.51,578.47,1409.98,520.6
39.78841,1413.1799999999998,550.01,1417.57,578.77,1408.79,521.25
39.792408,1411.8899999999999,550.78,1415.66,579.36,1408.12,522.2
39.796407,1409.5749999999998,551.185,1413.09,579.93,1406.06,522.44
39.800405,1409.8000000000002,551.26,1415.47,578.71,1404.13,523.81
39.804404,1410.63,551.075,1416.29,578.56,1404.97,523.59
39.808402,1409.585,552.61,1414.58,580.77,1404.59,524.45
39.812401,1409.9,551.2149999999999,1414.75,577.93,1405.05,524.5
39.816399,1411.31,552.145,1414.1,578.62,1408.52,525.67
39.820398,1411.5500000000002,551.515,1413.38,577.98,1409.72,525.05
39.824399,1412.005,551.26,1413.15,577.55,1410.86,524.97
39.828399,1412.665,550.835,1412.34,577.45,1412.99,524.22
39.8324,1411.94,548.4300000000001,1410.3,574.54,1413.58,522.32
39.8364,1412.04,549.015,1409.84,576.02,1414.24,522.01
39.840401,1413.185,547.56,1411.31,575.88,1415.06,519.24
39.844401,1414.225,547.935,1410.53,577.06,1417.92,518.81
39.848403,1414.57,547.5899999999999,1409.6,575.87,1419.54,519.31
39.852405,1416.245,547.74,1409.32,577.8,1423.17,517.68
39.856407,1415.4299999999998,548.385,1409.36,580.11,1421.5,516.66
39.860409,1415.13,546.6700000000001,1410.62,578.02,1419.64,515.32
39.86441,1414.71,546.4100000000001,1410.75,577.63,1418.67,515.19
39.868412,1413.88,548.8050000000001,1410.76,580.73,1417.0,516.88
39.872414,1413.665,548.685,1410.37,580.82,1416.96,516.55
39.876416,1412.55,550.99,1409.84,581.76,1415.26,520.22
39.880418,1413.5149999999999,551.3199999999999,1409.16,581.96,1417.87,520.68
39.88442,1413.835,552.1700000000001,1408.83,581.07,1418.84,523.27
39.888421,1411.055,550.4200000000001,1406.13,578.59,1415.98,522.25
39.892423,1408.94,551.4449999999999,1404.23,579.11,1413.65,523.78
39.896425,1408.33,551.165,1404.28,578.82,1412.38,523.51
39.900427,1407.425,551.625,1402.37,579.03,1412.48,524.22
39.904429,1408.27,552.38,1403.12,581.09,1413.42,523.67
39.90843,1406.24,551.4,1400.56,579.53,1411.92,523.27
39.912432,1407.08,551.36,1400.81,578.47,1413.35,524.25
39.916434,1407.6,550.79,1400.24,578.29,1414.96,523.29
39.920436,1407.825,551.28,1401.9,580.9,1413.75,521.66
39.924438,1411.255,549.81,1407.28,578.13,1415.23,521.49
39.928439,1409.5149999999999,549.9300000000001,1405.09,579.27,1413.94,520.59
39.932441,1412.125,549.365,1407.58,577.96,1416.67,520.77
39.936443,1412.8400000000001,549.6949999999999,1407.2,578.29,1418.48,521.1
39.940445,1412.88,548.665,1406.5,576.51,1419.26,520.82
39.944447,1415.08,548.7850000000001,1408.46,576.33,1421.7,521.24
39.948449,1414.895,549.835,1408.25,576.89,1421.54,522.78
39.95245,1415.9499999999998,548.1300000000001,1409.37,573.57,1422.53,522.69
39.956452,1416.49,548.405,1407.48,573.62,1425.5,523.19
39.960454,1418.11,548.53,1410.86,572.93,1425.36,524.13
39.964456,1418.24,548.4449999999999,1410.16,572.58,1426.32,524.31
39.968458,1418.3600000000001,547.4549999999999,1410.03,573.88,1426.69,521.03
39.972459,1418.1,547.515,1409.95,573.6,1426.25,521.43
39.976461,1417.585,546.875,1410.88,572.87,1424.29,520.88
39.980463,1415.65,547.2850000000001,1409.41,573.62,1421.89,520.95
39.984465,1415.8200000000002,547.5550000000001,1410.51,574.32,1421.13,520.79
39.988467,1415.78,545.845,1412.86,571.85,1418.7,519.84
39.992469,1413.76,545.27,1410.93,571.32,1416.59,519.22
39.99647,1414.54,545.86,1410.81,572.97,1418.27,518.75
40.000472,1414.1999999999998,545.4100000000001,1411.33,574.36,1417.07,516.46
40.004474,1412.635,545.73,1410.28,573.36,1414.99,518.1
40.008476,1412.19,545.27,1409.69,573.32,1414.69,517.22
40.012478,1410.935,545.62,1409.25,572.6,1412.62,518.64
40.016479,1411.125,545.875,1407.88,572.41,1414.37,519.34
40.020481,1410.7199999999998,546.26,1407.59,572.37,1413.85,520.15
40.024483,1411.315,545.78,1409.2,571.19,1413.43,520.37
40.028485,1412.53,546.31,1410.04,571.47,1415.02,521.15
40.032487,1411.6950000000002,546.73,1407.7,571.38,1415.69,522.08
40.036489,1412.385,546.755,1407.68,570.74,1417.09,522.77
40.040491,1411.245,547.815,1407.51,570.19,1414.98,525.44
40.044493,1410.33,548.755,1405.79,571.58,1414.87,525.93
40.048494,1411.5500000000002,549.515,1407.92,571.12,1415.18,527.91
40.052494,1411.02,549.8499999999999,1406.77,572.02,1415.27,527.68
40.056495,1412.52,550.125,1408.81,569.31,1416.23,530.94
40.060496,1411.42,550.565,1406.96,570.63,1415.88,530.5
40.064496,1411.08,552.105,1405.29,572.81,1416.87,531.4
40.068497,1410.22,554.03,1402.15,576.69,1418.29,531.37
40.072498,1409.8899999999999,553.52,1401.72,576.72,1418.06,530.32
40.076498,1410.065,555.435,1400.88,580.4,1419.25,530.47
40.080499,1410.56,555.365,1400.46,579.99,1420.66,530.74
40.0845,1411.425,554.785,1401.05,582.76,1421.8,526.81
40.0885,1411.42,553.2149999999999,1401.38,582.16,1421.46,524.27
40.092501,1412.1399999999999,552.615,1401.24,580.83,1423.04,524.4
40.096501,1413.73,553.61,1404.06,580.39,1423.4,526.83
40.100502,1414.775,554.22,1404.44,582.82,1425.11,525.62
40.104503,1415.325,553.2750000000001,1403.65,580.61,1427.0,525.94
40.108503,1416.565,552.1700000000001,1404.82,579.09,1428.31,525.25
40.112504,1418.21,551.835,1406.28,578.62,1430.14,525.05
40.116505,1419.7649999999999,551.28,1406.45,577.72,1433.08,524.84
40.120505,1421.225,551.4449999999999,1407.75,578.17,1434.7,524.72
40.124506,1422.435,549.31,1408.36,576.53,1436.51,522.09
40.128507,1424.775,550.905,1408.55,577.73,1441.0,524.08
40.132507,1424.395,551.1800000000001,1407.23,578.75,1441.56,523.61
40.136508,1423.9850000000001,552.06,1405.39,580.52,1442.58,523.6
40.140509,1424.8899999999999,551.95,1406.06,581.95,1443.72,521.95
40.144509,1423.4850000000001,552.28,1403.3,583.87,1443.67,520.69
40.14851,1422.005,553.06,1403.36,585.54,1440.65,520.58
40.15251,1420.5349999999999,550.565,1402.96,581.36,1438.11,519.77
40.156511,1420.0349999999999,549.825,1402.8,579.52,1437.27,520.13
40.160512,1418.57,550.605,1402.3,580.13,1434.84,521.08
40.164512,1416.705,551.87,1401.67,581.04,1431.74,522.7
40.168513,1412.7649999999999,553.46,1401.56,582.72,1423.97,524.2
40.172514,1409.7199999999998,553.435,1401.09,582.75,1418.35,524.12
40.176514,1411.3200000000002,554.625,1402.92,583.69,1419.72,525.56
40.180515,1411.85,553.51,1404.5,578.59,1419.2,528.43
40.184516,1408.675,554.94,1401.31,580.86,1416.04,529.02
40.188516,1363.1100000000001,555.975,1325.98,583.21,1400.24,528.74
40.192517,1253.37,554.3499999999999,1211.02,579.66,1295.72,529.04
40.196518,1141.6599999999999,556.425,1071.72,581.5,1211.6,531.35
40.200518,1039.6200000000001,563.585,957.58,587.74,1121.66,539.43
40.204519,969.115,561.9000000000001,899.4,582.58,1038.83,541.22
40.208519,888.545,578.4549999999999,826.03,591.37,951.06,565.54
40.21252,787.2,590.1600000000001,720.44,599.59,853.96,580.73
40.216521,696.265,595.9749999999999,640.81,609.17,751.72,582.78
40.220521,632.46,601.265,588.06,609.11,676.86,593.42
40.224522,554.885,604.1400000000001,511.49,618.09,598.28,590.19
40.228523,471.985,608.26,456.07,611.73,487.9,604.79
40.232524,418.615,602.895,399.39,611.71,437.84,594.08
40.236525,365.21000000000004,602.965,366.74,612.32,363.68,593.61
40.240526,350.41999999999996,611.63,348.63,618.66,352.21,604.6
40.244527,358.5,619.91,366.12,622.03,350.88,617.79
40.248527,370.705,622.25,383.84,619.97,357.57,624.53
40.252528,389.56,624.0550000000001,395.15,622.29,383.97,625.82
40.256528,384.78,622.935,393.53,621.65,376.03,624.22
40.260529,371.1,620.05,378.7,621.1,363.5,619.0
40.264529,363.18,622.61,371.01,621.28,355.35,623.94
40.26853,363.765,627.9649999999999,374.14,620.37,353.39,635.56
40.272531,363.42499999999995,627.0550000000001,376.01,620.62,350.84,633.49
40.276531,366.15,629.605,378.79,623.76,353.51,635.45
40.280532,369.39,631.19,380.84,624.89,357.94,637.49
40.284532,368.635,632.3050000000001,382.96,624.0,354.31,640.61
40.288533,372.90999999999997,630.7,383.32,620.86,362.5,640.54
40.292533,370.21500000000003,628.9000000000001,379.19,618.35,361.24,639.45
40.296534,366.79999999999995,627.765,377.14,614.73,356.46,640.8
40.300535,364.44,628.245,375.37,615.29,353.51,641.2
40.304535,363.25,629.345,376.36,614.77,350.14,643.92
40.308536,364.745,630.1700000000001,376.15,614.75,353.34,645.59
40.312536,365.40999999999997,630.065,377.81,615.65,353.01,644.48
40.316537,366.78,629.8,379.04,615.12,354.52,644.48
40.320537,367.11,630.25,379.7,615.05,354.52,645.45
40.324538,367.135,628.915,379.67,613.63,354.6,644.2
40.328539,366.235,629.3050000000001,379.65,614.4,352.82,644.21
40.332539,366.04499999999996,629.745,379.78,616.1,352.31,643.39
40.33654,366.06,631.22,380.42,619.8,351.7,642.64
40.34054,367.015,633.41,381.72,621.77,352.31,645.05
40.344541,367.83,631.94,382.57,621.54,353.09,642.34
40.348541,367.91499999999996,630.47,381.68,620.88,354.15,640.06
40.352542,368.6,631.12,381.99,623.02,355.21,639.22
40.356543,367.87,632.025,380.55,624.43,355.19,639.62
40.360543,367.935,630.1500000000001,380.69,623.57,355.18,636.73
40.364544,368.495,629.55,378.09,620.31,358.9,638.79
40.368544,366.47,629.815,377.15,620.06,355.79,639.57
40.372545,366.81,627.165,376.24,616.11,357.38,638.22
40.376545,365.55499999999995,625.1700000000001,374.59,613.7,356.52,636.64
40.380546,364.615,624.9649999999999,372.77,610.01,356.46,639.92
40.384547,362.83,621.22,371.38,606.33,354.28,636.11
40.388547,358.6,622.6800000000001,366.88,607.66,350.32,637.7
40.392548,342.985,627.65,347.32,613.65,338.65,641.65
40.396548,316.81,634.9,313.98,623.13,319.64,646.67
40.400549,308.735,634.39,304.42,616.48,313.05,652.3
40.404549,327.65999999999997,635.46,339.14,617.51,316.18,653.41
40.40855,333.765,638.49,348.74,620.97,318.79,656.01
40.412551,326.72,642.505,337.98,626.71,315.46,658.3
40.416551,321.86,643.745,329.9,629.89,313.82,657.6
40.420552,322.755,647.2,336.88,634.3,308.63,660.1
40.424552,321.15999999999997,648.0150000000001,337.26,635.21,305.06,660.82
40.428553,319.615,650.275,333.15,634.38,306.08,666.17
40.432553,317.91999999999996,651.515,332.31,635.52,303.53,667.51
40.436553,318.55499999999995,650.845,335.9,636.76,301.21,664.93
40.440552,319.825,649.575,338.89,637.12,300.76,662.03
40.444552,320.65999999999997,649.165,340.11,635.64,301.21,662.69
40.44855,320.38,650.5799999999999,341.35,637.41,299.41,663.75
40.452548,319.64,651.28,340.59,637.69,298.69,664.87
40.456546,318.87,650.7850000000001,340.96,638.23,296.78,663.34
40.460545,318.845,651.8050000000001,342.49,638.42,295.2,665.19
40.464543,318.615,651.05,343.05,638.88,294.18,663.22
40.468541,317.20000000000005,653.1800000000001,340.29,638.75,294.11,667.61
40.47254,316.21,652.6700000000001,338.9,640.24,293.52,665.1
40.476538,314.655,653.66,335.37,640.92,293.94,666.4
40.480536,315.265,654.4000000000001,334.56,642.45,295.97,666.35
40.484534,314.87,656.27,331.25,642.55,298.49,669.99
40.488533,313.53499999999997,657.505,330.32,645.29,296.75,669.72
40.492531,312.66999999999996,657.2750000000001,327.0,645.08,298.34,669.47
40.496529,311.375,656.765,324.15,643.77,298.6,669.76
40.500527,311.24,656.835,322.97,644.05,299.51,669.62
40.504526,310.075,655.935,320.28,643.4,299.87,668.47
40.508524,310.08500000000004,655.825,317.82,640.93,302.35,670.72
40.512522,310.355,654.3299999999999,316.82,640.36,303.89,668.3
40.516521,311.185,653.745,317.67,639.09,304.7,668.4
40.520519,310.58500000000004,652.9,317.69,639.18,303.48,666.62
40.524517,311.505,651.895,319.05,638.03,303.96,665.76
40.528515,310.02,650.4549999999999,318.33,636.37,301.71,664.54
40.532514,308.985,649.96,316.24,635.07,301.73,664.85
40.536512,308.735,650.27,316.76,635.04,300.71,665.5
40.54051,309.205,650.8,317.03,637.02,301.38,664.58
40.544509,306.885,649.885,314.51,636.6,299.26,663.17
40.548507,305.685,649.9200000000001,313.06,635.82,298.31,664.02
40.552505,302.95,650.14,308.83,635.99,297.07,664.29
40.556503,301.215,650.46,307.78,635.69,294.65,665.23
40.560502,299.16499999999996,651.095,304.71,634.98,293.62,667.21
40.5645,297.475,650.3299999999999,301.18,634.4,293.77,666.26
40.568498,296.74,649.175,300.07,633.33,293.41,665.02
40.572496,296.075,649.0450000000001,298.28,632.89,293.87,665.2
40.576495,294.765,648.04,295.51,630.51,294.02,665.57
40.580493,295.42999999999995,649.3050000000001,295.08,631.19,295.78,667.42
40.584491,294.93,647.88,294.11,629.89,295.75,665.87
40.58849,294.13,647.52,292.45,628.72,295.81,666.32
40.592488,293.48,647.315,291.0,628.3,295.96,666.33
40.596486,295.39,648.3499999999999,293.53,628.9,297.25,667.8
40.600484,295.1,646.925,292.7,628.41,297.5,665.44
40.604483,294.675,646.02,291.23,628.42,298.12,663.62
40.608481,293.66499999999996,644.685,290.0,625.57,297.33,663.8
40.612479,293.53499999999997,644.415,287.81,624.09,299.26,664.74
40.616478,294.83000000000004,645.52,290.37,624.74,299.29,666.3
40.620476,295.98,646.62,292.4,625.98,299.56,667.26
40.624474,296.8,646.125,293.8,625.41,299.8,666.84
40.628472,296.66999999999996,645.9200000000001,295.57,625.34,297.77,666.5
40.632471,297.925,646.395,297.04,626.35,298.81,666.44
40.636469,300.11,645.9300000000001,301.17,625.91,299.05,665.95
40.640467,298.67499999999995,645.27,298.33,624.59,299.02,665.95
40.644466,300.72,646.1,301.03,625.21,300.41,666.99
40.648463,301.52,645.9649999999999,303.16,624.75,299.88,667.18
40.652461,302.65999999999997,647.345,305.18,627.15,300.14,667.54
40.656458,303.175,647.95,306.61,627.79,299.74,668.11
40.660456,303.66999999999996,648.88,307.83,628.92,299.51,668.84
40.664454,303.64,647.65,308.94,628.52,298.34,666.78
40.668451,303.81,647.28,309.26,627.84,298.36,666.72
40.672449,304.02,647.56,310.23,627.9,297.81,667.22
40.676447,304.205,647.17,311.65,627.8,296.76,666.54
40.680444,304.585,648.09,311.59,628.34,297.58,667.84
40.684442,305.475,649.0350000000001,313.8,628.48,297.15,669.59
40.688439,305.7,651.52,312.9,630.22,298.5,672.82
40.692437,306.13,653.24,314.13,630.89,298.13,675.59
40.696435,305.65,655.625,313.27,633.89,298.03,677.36
40.700432,305.40999999999997,656.325,312.99,634.69,297.83,677.96
40.70443,305.25,655.65,312.47,634.66,298.03,676.64
40.708428,305.57,656.075,311.9,634.87,299.24,677.28
40.712425,305.335,656.905,311.84,636.25,298.83,677.56
40.716423,305.115,656.485,310.38,637.51,299.85,675.46
40.72042,306.16499999999996,658.6600000000001,309.87,637.47,302.46,679.85
40.724418,305.22,658.865,307.91,638.87,302.53,678.86
40.728416,305.015,659.55,306.2,638.95,303.83,680.15
40.732413,304.39,658.5350000000001,305.88,639.35,302.9,677.72
40.736411,303.745,657.6800000000001,304.63,639.02,302.86,676.34
40.740409,303.335,656.49,303.89,638.34,302.78,674.64
40.744406,303.45500000000004,655.48,303.94,637.67,302.97,673.29
40.748404,303.94,655.075,304.3,638.32,303.58,671.83
40.752401,302.72,655.915,301.94,639.59,303.5,672.24
40.756399,301.395,654.685,300.21,638.76,302.58,670.61
40.760397,300.395,655.245,298.77,637.87,302.02,672.62
40.764394,297.90999999999997,656.01,295.61,639.08,300.21,672.94
40.768392,299.025,656.4649999999999,298.93,639.89,299.12,673.04
40.77239,298.88,655.7850000000001,298.71,639.58,299.05,671.99
40.776387,296.875,655.435,295.71,639.09,298.04,671.78
40.780385,298.48,656.2049999999999,299.02,639.52,297.94,672.89
40.784382,305.605,657.22,310.71,640.53,300.5,673.91
40.78838,316.28999999999996,657.62,320.01,640.57,312.57,674.67
40.792378,383.35,657.11,382.2,639.4,384.5,674.82
40.796375,449.03,658.23,446.7,637.72,451.36,678.74
40.800373,453.39,658.625,448.9,637.36,457.88,679.89
40.804371,452.015,660.0450000000001,446.74,637.52,457.29,682.57
40.808368,449.195,660.235,446.37,636.4,452.02,684.07
40.812366,434.535,660.375,439.91,636.16,429.16,684.59
40.816363,434.25,661.82,438.56,637.07,429.94,686.57
40.820361,435.21000000000004,663.835,438.62,638.08,431.8,689.59
40.824359,440.235,664.71,442.42,639.3,438.05,690.12
40.828356,443.34,665.5699999999999,443.78,639.16,442.9,691.98
40.832354,442.28,665.48,444.84,637.73,439.72,693.23
40.836352,443.46500000000003,666.1949999999999,445.07,637.62,441.86,694.77
40.840349,444.305,666.6,446.75,638.08,441.86,695.12
40.844348,441.20000000000005,666.94,444.6,638.99,437.8,694.89
40.84835,440.18,665.64,446.06,640.8,434.3,690.48
40.852351,439.365,666.74,443.99,641.07,434.74,692.41
40.856352,441.61,664.99,445.57,642.06,437.65,687.92
40.860353,441.81,666.85,446.44,642.12,437.18,691.58
40.864355,442.235,665.7149999999999,447.54,641.65,436.93,689.78
40.868356,443.135,665.495,449.05,641.91,437.22,689.08
40.872357,441.91999999999996,662.01,447.83,642.8,436.01,681.22
40.876358,440.93,664.74,447.31,644.89,434.55,684.59
40.88036,439.18,664.925,446.6,645.79,431.76,684.06
40.884361,438.585,664.525,445.89,645.93,431.28,683.12
40.888362,438.25,662.4200000000001,445.43,645.35,431.07,679.49
40.892363,438.955,662.67,446.13,645.06,431.78,680.28
40.896365,438.05,662.69,447.05,644.84,429.05,680.54
40.900366,438.85,664.8050000000001,449.29,643.98,428.41,685.63
40.904367,438.875,662.53,450.38,642.59,427.37,682.47
40.908368,438.6,660.855,450.39,642.32,426.81,679.39
40.91237,437.13,661.37,449.0,643.11,425.26,679.63
40.916371,437.78999999999996,660.1,448.7,641.95,426.88,678.25
40.920372,438.355,660.015,450.16,641.97,426.55,678.06
40.924374,440.19,662.315,452.15,644.19,428.23,680.44
40.928375,440.375,663.2249999999999,454.38,643.56,426.37,682.89
40.932376,441.615,665.0250000000001,457.8,645.48,425.43,684.57
40.936377,442.47,665.3199999999999,457.92,644.21,427.02,686.43
40.940379,443.225,665.995,458.59,646.12,427.86,685.87
40.94438,442.28499999999997,663.725,458.45,646.51,426.12,680.94
40.948381,442.585,667.04,457.53,646.62,427.64,687.46
40.952382,443.605,670.505,457.76,647.6,429.45,693.41
40.956384,445.21500000000003,667.3050000000001,459.96,649.14,430.47,685.47
40.960385,446.615,670.885,461.21,649.49,432.02,692.28
40.964386,446.71500000000003,671.6400000000001,461.43,648.45,432.0,694.83
40.968387,445.42999999999995,672.4200000000001,461.09,650.32,429.77,694.52
40.972389,445.61,671.875,460.89,649.48,430.33,694.27
40.97639,446.21500000000003,672.255,460.25,648.74,432.18,695.77
40.980391,445.03,674.1500000000001,459.54,650.94,430.52,697.36
40.984392,444.86,674.085,459.12,650.62,430.6,697.55
40.988394,444.675,675.2950000000001,459.41,650.65,429.94,699.94
40.992395,444.195,675.02,458.78,651.12,429.61,698.92
40.996396,443.66999999999996,674.525,458.63,650.66,428.71,698.39
41.000397,441.89,674.595,457.45,648.22,426.33,700.97
41.004399,441.26,673.7850000000001,457.07,647.36,425.45,700.21
41.0084,440.365,674.12,456.61,648.85,424.12,699.39
41.012401,441.53,672.665,456.7,646.43,426.36,698.9
41.016402,440.40999999999997,673.04,455.02,646.36,425.8,699.72
41.020404,439.71500000000003,673.375,453.74,647.3,425.69,699.45
41.024405,440.11,673.465,455.11,647.23,425.11,699.7
41.028406,439.97,673.205,455.1,647.22,424.84,699.19
41.032408,440.33000000000004,672.69,455.56,646.46,425.1,698.92
41.036409,441.505,673.55,456.75,647.61,426.26,699.49
41.04041,441.78,673.24,457.33,648.14,426.23,698.34
41.044411,443.315,673.36,458.49,648.76,428.14,697.96
41.04841,443.925,673.4749999999999,458.55,648.89,429.3,698.06
41.052409,445.145,673.9,459.1,648.63,431.19,699.17
41.056408,445.03999999999996,674.175,458.58,649.26,431.5,699.09
41.060407,446.145,673.845,459.24,649.41,433.05,698.28
41.064405,447.075,673.9749999999999,460.53,649.67,433.62,698.28
41.068404,446.81,672.73,460.7,649.31,432.92,696.15
41.072403,447.265,672.3399999999999,460.42,649.29,434.11,695.39
41.076402,448.225,673.4749999999999,460.82,650.54,435.63,696.41
41.080401,447.67499999999995,672.95,460.58,649.85,434.77,696.05
41.0844,448.375,671.95,460.61,648.78,436.14,695.12
41.088398,448.28499999999997,671.3499999999999,459.74,649.39,436.83,693.31
41.092397,447.81,671.74,459.14,650.67,436.48,692.81
41.096396,447.61,671.1600000000001,459.14,650.97,436.08,691.35
41.100395,448.11,672.39,460.07,653.26,436.15,691.52
41.104394,449.945,672.765,461.36,653.29,438.53,692.24
41.108392,449.85,673.365,462.22,654.14,437.48,692.59
41.112391,452.07500000000005,672.235,462.43,652.88,441.72,691.59
41.11639,452.865,673.135,463.97,653.17,441.76,693.1
41.120389,452.555,672.22,463.5,652.47,441.61,691.97
41.124388,451.115,671.8900000000001,460.2,651.83,442.03,691.95
41.128387,445.84,672.1099999999999,453.4,652.16,438.28,692.06
41.132385,440.78499999999997,672.17,446.4,652.8,435.17,691.54
41.136384,435.155,671.4749999999999,440.91,653.53,429.4,689.42
41.140383,435.68,671.905,440.81,653.59,430.55,690.22
41.144382,435.885,670.98,438.83,652.93,432.94,689.03
41.148381,437.94,670.98,446.28,652.9,429.6,689.06
41.15238,434.09000000000003,670.1,440.13,652.49,428.05,687.71
41.156378,430.225,670.8,433.88,652.83,426.57,688.77
41.160377,431.42499999999995,669.755,434.89,652.24,427.96,687.27
41.164376,429.58000000000004,668.715,433.99,651.85,425.17,685.58
41.168375,428.31,668.335,432.92,650.78,423.7,685.89
41.172374,428.175,667.5,433.1,651.33,423.25,683.67
41.176372,429.08000000000004,668.095,434.99,651.38,423.17,684.81
41.180371,431.065,669.2149999999999,438.04,651.76,424.09,686.67
41.18437,431.23,668.345,439.95,652.16,422.51,684.53
41.188369,430.28,667.0,437.69,649.91,422.87,684.09
41.192368,428.855,666.625,436.78,650.54,420.93,682.71
41.196367,428.09000000000003,668.265,437.32,650.16,418.86,686.37
41.200365,428.06,668.5150000000001,439.42,650.7,416.7,686.33
41.204364,427.57000000000005,669.6949999999999,439.41,651.81,415.73,687.58
41.208363,426.555,670.63,438.24,652.34,414.87,688.92
41.212362,425.295,672.535,437.72,654.15,412.87,690.92
41.216361,425.48,673.085,438.77,654.99,412.19,691.18
41.22036,424.76,672.5899999999999,438.78,656.66,410.74,688.52
41.224358,424.555,672.985,438.19,655.5,410.92,690.47
41.228357,424.82500000000005,673.315,438.42,655.02,411.23,691.61
41.232356,423.73,674.5899999999999,438.22,655.55,409.24,693.63
41.236355,422.43,673.385,436.93,654.51,407.93,692.26
41.240354,422.96,674.4200000000001,437.58,654.08,408.34,694.76
41.244352,424.30999999999995,672.885,438.59,653.36,410.03,692.41
41.248352,425.05499999999995,673.615,440.08,653.98,410.03,693.25
41.252352,423.645,675.68,438.97,654.43,408.32,696.93
41.256352,423.315,675.1199999999999,437.0,653.81,409.63,696.43
41.260352,424.36,674.325,438.53,652.06,410.19,696.59
41.264352,424.44500000000005,674.7850000000001,438.17,652.37,410.72,697.2
41.268352,425.505,674.44,439.01,653.55,412.0,695.33
41.272352,424.35,675.745,438.09,652.55,410.61,698.94
41.276352,424.28499999999997,676.12,437.46,653.72,411.11,698.52
41.280352,424.83000000000004,678.26,438.06,654.61,411.6,701.91
41.284352,424.635,678.3,438.54,655.8,410.73,700.8
41.288352,423.46000000000004,679.2650000000001,435.82,656.82,411.1,701.71
41.292352,423.425,679.995,436.25,656.71,410.6,703.28
41.296352,424.67499999999995,677.215,437.34,656.98,412.01,697.45
41.300352,425.6,678.39,438.5,657.24,412.7,699.54
41.304352,425.305,679.2850000000001,438.6,658.63,412.01,699.94
41.308352,424.59000000000003,679.595,438.13,657.97,411.05,701.22
41.312352,423.96000000000004,678.95,436.97,657.47,410.95,700.43
41.316352,422.955,677.88,435.53,657.12,410.38,698.64
41.320352,421.705,677.525,433.51,655.79,409.9,699.26
41.324352,420.475,676.8299999999999,431.44,655.65,409.51,698.01
41.328352,418.47,674.9749999999999,428.1,654.05,408.84,695.9
41.332352,415.435,673.62,422.99,652.44,407.88,694.8
41.336352,410.86,673.075,416.94,652.34,404.78,693.81
41.340352,409.425,673.48,414.24,651.82,404.61,695.14
41.344352,406.91999999999996,672.475,410.64,650.63,403.2,694.32
41.348352,407.37,671.4300000000001,412.06,650.23,402.68,692.63
41.352352,409.52,669.2650000000001,416.02,649.59,403.02,688.94
41.356352,406.07500000000005,667.87,411.16,647.96,400.99,687.78
41.360352,408.12,667.665,414.36,648.03,401.88,687.3
41.364352,405.975,666.4000000000001,411.52,649.48,400.43,683.32
41.368352,406.905,667.62,412.85,649.86,400.96,685.38
41.372352,407.91,667.7650000000001,416.41,650.7,399.41,684.83
41.376352,409.71500000000003,670.155,418.83,652.03,400.6,688.28
41.380352,410.28499999999997,669.46,418.26,652.72,402.31,686.2
41.384352,412.54999999999995,668.935,421.46,652.11,403.64,685.76
41.388352,412.015,668.78,421.62,653.49,402.41,684.07
41.392352,411.99,669.395,421.18,653.6,402.8,685.19
41.396352,410.45500000000004,670.855,419.91,654.96,401.0,686.75
41.400352,410.93499999999995,671.315,419.28,656.08,402.59,686.55
41.404352,409.265,671.665,415.23,656.41,403.3,686.92
41.408352,410.2,672.605,415.94,656.15,404.46,689.06
41.412352,411.86,673.5,417.1,656.17,406.62,690.83
41.416352,412.14,671.06,416.17,655.16,408.11,686.96
41.420352,411.385,672.5699999999999,414.25,656.23,408.52,688.91
41.424352,411.15999999999997,672.7049999999999,414.27,657.3,408.05,688.11
41.428352,410.98,672.885,414.09,658.29,407.87,687.48
41.432352,413.1,673.33,417.05,657.07,409.15,689.59
41.436352,414.395,675.185,419.77,658.12,409.02,692.25
41.440352,416.53499999999997,674.68,421.08,656.18,411.99,693.18
41.444352,415.435,672.485,419.44,654.25,411.43,690.72
41.448353,416.24,673.31,421.08,654.73,411.4,691.89
41.452353,416.80499999999995,673.0150000000001,423.34,654.44,410.27,691.59
41.456354,417.295,672.695,424.42,652.45,410.17,692.94
41.460354,417.015,672.87,423.49,652.27,410.54,693.47
41.464355,418.525,672.38,426.34,652.15,410.71,692.61
41.468355,418.9,672.6800000000001,426.34,651.69,411.46,693.67
41.472356,418.99,673.6800000000001,426.66,651.63,411.32,695.73
41.476356,417.685,672.6800000000001,422.7,650.97,412.67,694.39
41.480357,417.755,672.735,422.41,651.26,413.1,694.21
41.484358,415.845,672.1199999999999,418.41,651.68,413.28,692.56
41.488358,417.04999999999995,671.995,418.95,651.03,415.15,692.96
41.492359,415.875,672.56,416.74,652.12,415.01,693.0
41.496359,415.865,672.235,415.35,651.9,416.38,692.57
41.50036,416.73,672.09,415.66,651.46,417.8,692.72
41.50436,427.885,669.87,429.04,646.74,426.73,693.0
41.508361,456.945,669.415,446.0,646.18,467.89,692.65
41.512361,468.22,668.08,459.97,644.58,476.47,691.58
41.516362,471.84000000000003,665.8399999999999,468.52,641.79,475.16,689.89
41.520362,471.095,665.94,470.93,641.84,471.26,690.04
41.524363,464.485,663.6500000000001,472.5,638.61,456.47,688.69
41.528363,472.385,663.57,475.39,638.7,469.38,688.44
41.532364,475.115,662.88,473.42,639.03,476.81,686.73
41.536365,476.58,662.73,476.01,638.55,477.15,686.91
41.540365,478.225,661.53,476.25,637.04,480.2,686.02
41.544366,479.63,660.45,477.7,639.17,481.56,681.73
41.548366,480.715,661.71,479.53,639.98,481.9,683.44
41.552367,479.935,651.4,480.69,641.76,479.18,661.04
41.556367,478.27,659.675,481.79,642.95,474.75,676.4
41.560368,478.59000000000003,661.605,482.19,643.62,474.99,679.59
41.564368,479.595,657.54,482.79,643.01,476.4,672.07
41.568369,479.23,657.925,483.4,647.43,475.06,668.42
41.572369,480.21000000000004,645.6,483.38,647.51,477.04,643.69
41.57637,480.075,658.3299999999999,484.06,650.87,476.09,665.79
41.58037,480.9,659.31,484.04,648.37,477.76,670.25
41.584371,480.195,660.595,483.75,650.35,476.64,670.84
41.588372,479.975,658.43,484.36,648.3,475.59,668.56
41.592372,479.93,660.975,485.16,649.73,474.7,672.22
41.596373,480.29499999999996,661.31,486.34,649.92,474.25,672.7
41.600373,480.225,662.97,485.92,651.12,474.53,674.82
41.604374,480.53,661.5,487.04,651.75,474.02,671.25
41.608374,481.31,663.89,488.16,651.89,474.46,675.89
41.612375,483.03,663.87,490.21,651.09,475.85,676.65
41.616375,483.01,664.76,490.56,651.86,475.46,677.66
41.620376,482.405,664.975,491.6,648.99,473.21,680.96
41.624376,481.685,667.3199999999999,491.54,650.91,471.83,683.73
41.628377,482.405,666.45,493.67,651.1,471.14,681.8
41.632378,482.88,666.505,493.93,652.53,471.83,680.48
41.636378,481.945,667.245,492.82,652.13,471.07,682.36
41.640379,481.065,669.15,491.1,652.9,471.03,685.4
41.644379,481.03499999999997,668.49,490.61,654.42,471.46,682.56
41.648379,482.23,667.175,489.45,652.27,475.01,682.08
41.652379,481.1,668.2950000000001,487.55,650.75,474.65,685.84
41.656379,481.885,669.815,486.38,653.12,477.39,686.51
41.660377,480.72,670.4200000000001,485.56,652.72,475.88,688.12
41.664376,479.93,671.44,484.55,655.25,475.31,687.63
41.668375,481.03999999999996,671.84,485.25,657.47,476.83,686.21
41.672374,480.985,672.015,484.16,656.79,477.81,687.24
41.676373,481.365,671.69,483.53,654.2,479.2,689.18
41.680372,480.92499999999995,671.01,483.39,652.63,478.46,689.39
41.684371,481.03999999999996,671.125,483.26,654.44,478.82,687.81
41.688369,481.255,669.945,482.87,653.44,479.64,686.45
41.692368,480.45,670.39,483.69,653.93,477.21,686.85
41.696367,479.48,669.7049999999999,485.05,653.88,473.91,685.53
41.700366,479.53999999999996,668.215,485.4,652.59,473.68,683.84
41.704365,479.345,668.24,485.95,652.76,472.74,683.72
41.708364,478.285,667.11,485.22,650.73,471.35,683.49
41.712363,475.99,665.3699999999999,483.24,648.56,468.74,682.18
41.716361,475.78,664.22,482.75,647.75,468.81,680.69
41.72036,474.815,663.92,482.79,648.42,466.84,679.42
41.724359,474.65999999999997,664.4100000000001,482.81,650.44,466.51,678.38
41.728358,475.415,664.3399999999999,484.6,650.26,466.23,678.42
41.732357,476.505,667.16,485.37,653.29,467.64,681.03
41.736356,476.315,667.0,483.98,653.44,468.65,680.56
41.740354,477.545,668.465,485.42,655.59,469.67,681.34
41.744353,478.445,668.135,486.37,655.73,470.52,680.54
41.748352,478.58,668.345,486.63,657.04,470.53,679.65
41.752351,480.15999999999997,667.2249999999999,489.48,657.64,470.84,676.81
41.75635,479.57,668.62,488.7,659.58,470.44,677.66
41.760349,480.095,669.7249999999999,489.22,660.04,470.97,679.41
41.764348,480.71000000000004,669.375,490.6,659.9,470.82,678.85
41.768346,481.54999999999995,671.39,492.78,662.13,470.32,680.65
41.772345,481.89,671.4549999999999,492.67,663.66,471.11,679.25
41.776344,482.37,668.625,494.4,659.17,470.34,678.08
41.780343,482.04499999999996,668.56,494.88,657.4,469.21,679.72
41.784342,481.495,668.755,493.22,656.01,469.77,681.5
41.788341,480.82000000000005,669.1800000000001,491.98,656.66,469.66,681.7
41.79234,480.89,671.915,491.72,660.39,470.06,683.44
41.796338,481.105,672.585,490.39,659.7,471.82,685.47
41.800337,481.575,674.45,491.27,662.65,471.88,686.25
41.804336,482.325,673.8050000000001,491.28,660.9,473.37,686.71
41.808335,483.245,673.3299999999999,491.33,660.53,475.16,686.13
41.812334,496.26,673.47,495.71,660.16,496.81,686.78
41.816333,564.9,672.21,559.26,656.5,570.54,687.92
41.820331,592.575,671.9,589.51,657.28,595.64,686.52
41.82433,582.6600000000001,669.105,579.25,657.14,586.07,681.07
41.828329,542.77,668.665,556.4,656.95,529.14,680.38
41.832328,545.39,669.7,561.63,657.82,529.15,681.58
41.836327,550.36,665.6700000000001,555.11,654.61,545.61,676.73
41.840326,556.44,664.9100000000001,560.92,655.08,551.96,674.74
41.844325,560.245,665.66,559.62,655.06,560.87,676.26
41.848324,562.075,665.9849999999999,567.92,654.92,556.23,677.05
41.852324,565.25,664.585,569.16,655.97,561.34,673.2
41.856324,567.9200000000001,662.73,571.5,657.12,564.34,668.34
41.860324,565.92,664.0550000000001,567.56,657.83,564.28,670.28
41.864326,564.1949999999999,664.135,566.27,658.79,562.12,669.48
41.868328,561.6800000000001,665.3050000000001,563.37,658.7,559.99,671.91
41.87233,564.1949999999999,664.9749999999999,565.37,661.42,563.02,668.53
41.876331,563.905,663.485,564.16,659.65,563.65,667.32
41.880333,565.4,663.74,565.3,661.74,565.5,665.74
41.884335,565.36,662.275,564.2,661.27,566.52,663.28
41.888337,565.8299999999999,664.06,565.29,661.19,566.37,666.93
41.892339,566.935,663.27,567.47,662.43,566.4,664.11
41.89634,567.115,662.9200000000001,567.99,661.87,566.24,663.97
41.900342,566.66,661.675,566.78,661.47,566.54,661.88
41.904344,566.855,662.31,567.03,663.09,566.68,661.53
41.908346,567.9,662.165,568.06,663.7,567.74,660.63
41.912348,569.38,661.125,570.24,663.84,568.52,658.41
41.916349,570.185,660.9100000000001,570.61,661.88,569.76,659.94
41.920351,569.66,659.72,570.66,660.16,568.66,659.28
41.924353,570.0350000000001,660.9200000000001,571.85,660.25,568.22,661.59
41.928355,570.305,659.685,573.05,658.88,567.56,660.49
41.932356,571.895,660.575,574.89,660.7,568.9,660.45
41.936358,573.72,661.405,576.48,663.23,570.96,659.58
41.94036,573.6949999999999,662.8599999999999,575.6,666.42,571.79,659.3
41.944362,572.825,661.655,575.96,663.48,569.69,659.83
41.948364,574.36,661.235,574.88,661.2,573.84,661.27
41.952365,572.51,662.925,573.7,662.11,571.32,663.74
41.956367,572.99,665.2850000000001,573.83,663.86,572.15,666.71
41.960369,572.61,670.655,576.85,668.07,568.37,673.24
41.964371,574.45,668.595,577.47,667.66,571.43,669.53
41.968373,573.425,670.5899999999999,575.86,668.38,570.99,672.8
41.972374,574.48,671.44,576.57,670.08,572.39,672.8
41.976376,572.25,676.89,576.08,671.49,568.42,682.29
41.980378,573.29,678.525,575.48,669.27,571.1,687.78
41.98438,572.345,672.5899999999999,574.51,669.03,570.18,676.15
41.988381,571.855,676.88,572.71,671.01,571.0,682.75
41.992383,571.05,674.085,573.35,671.43,568.75,676.74
41.996385,571.06,673.385,572.51,670.64,569.61,676.13
42.000387,571.19,670.27,571.47,669.54,570.91,671.0
42.004389,571.315,666.3399999999999,570.15,669.04,572.48,663.64
42.00839,569.5450000000001,666.825,566.89,668.15,572.2,665.5
42.012392,566.2249999999999,666.105,563.17,667.94,569.28,664.27
42.016394,564.625,665.2,560.76,667.34,568.49,663.06
42.020396,563.565,664.4100000000001,558.57,667.08,568.56,661.74
42.024398,561.0550000000001,664.76,556.88,667.34,565.23,662.18
42.028399,559.885,665.005,555.36,665.88,564.41,664.13
42.032401,558.265,663.5,555.28,663.59,561.25,663.41
42.036403,558.415,663.6600000000001,555.43,663.48,561.4,663.84
42.040405,557.215,663.705,553.69,663.95,560.74,663.46
42.044406,554.625,664.3199999999999,552.16,663.98,557.09,664.66
42.048404,554.9549999999999,665.63,552.55,664.14,557.36,667.12
42.052401,553.4,665.585,552.77,663.86,554.03,667.31
42.056398,554.5699999999999,663.7950000000001,553.87,660.98,555.27,666.61
42.060395,555.12,662.73,554.8,660.27,555.44,665.19
42.064393,554.94,662.015,554.8,659.86,555.08,664.17
42.068385,555.38,660.265,555.96,658.14,554.8,662.39
42.072377,555.52,659.755,557.01,656.59,554.03,662.92
42.076368,556.5699999999999,658.06,557.34,656.01,555.8,660.11
42.08036,556.495,657.91,556.62,656.66,556.37,659.16
42.084352,557.165,656.675,558.36,655.66,555.97,657.69
42.088344,558.2049999999999,657.91,559.75,655.4,556.66,660.42
42.092336,558.45,658.2950000000001,561.14,656.48,555.76,660.11
42.096328,559.265,658.0,562.22,656.48,556.31,659.52
42.10032,559.7,661.145,562.06,658.2,557.34,664.09
42.104312,560.3050000000001,662.205,561.65,658.19,558.96,666.22
42.108304,560.0799999999999,661.875,562.15,657.37,558.01,666.38
42.112296,559.73,663.8399999999999,561.19,658.25,558.27,669.43
42.116288,559.895,668.2950000000001,560.89,660.09,558.9,676.5
42.12028,558.74,668.45,561.21,660.66,556.27,676.24
42.124272,560.6800000000001,670.995,563.02,660.29,558.34,681.7
42.128264,561.14,669.885,563.76,660.33,558.52,679.44
42.132256,562.605,670.5699999999999,563.82,660.43,561.39,680.71
42.136248,561.6800000000001,672.105,563.37,659.47,559.99,684.74
42.14024,561.505,672.65,562.25,658.91,560.76,686.39
42.144232,560.87,672.105,562.24,658.42,559.5,685.79
42.148224,560.0450000000001,671.77,562.11,659.03,557.98,684.51
42.152216,560.7950000000001,670.97,563.24,660.8,558.35,681.14
42.156208,561.8599999999999,672.62,564.31,661.35,559.41,683.89
42.1602,561.895,671.585,565.94,663.14,557.85,680.03
42.164192,563.28,673.255,567.59,664.55,558.97,681.96
42.168184,562.515,671.5550000000001,566.56,664.82,558.47,678.29
42.172176,562.5350000000001,669.615,566.7,665.17,558.37,674.06
42.176168,561.91,668.1949999999999,566.01,665.77,557.81,670.62
42.18016,566.5,669.9649999999999,569.17,666.0,563.83,673.93
42.184152,635.9549999999999,668.245,620.8,665.52,651.11,670.97
42.188144,684.5,668.01,665.59,665.94,703.41,670.08
42.192136,697.38,667.375,692.51,666.43,702.25,668.32
42.196128,684.765,668.365,675.9,668.27,693.63,668.46
42.20012,670.2349999999999,667.2950000000001,660.41,667.19,680.06,667.4
42.204112,665.895,667.13,651.12,666.91,680.67,667.35
42.208104,666.0450000000001,665.9449999999999,658.37,665.17,673.72,666.72
42.212096,668.635,664.6400000000001,655.93,664.07,681.34,665.21
42.216088,670.895,664.095,659.93,663.77,681.86,664.42
42.22008,671.135,663.13,660.59,660.65,681.68,665.61
42.224072,670.84,662.71,660.57,660.23,681.11,665.19
42.228064,672.25,663.095,666.32,661.5,678.18,664.69
42.232056,671.145,662.4300000000001,662.91,661.58,679.38,663.28
42.236048,667.865,663.0350000000001,660.69,662.99,675.04,663.08
42.24004,667.99,663.595,659.44,663.2,676.54,663.99
42.244032,666.65,663.6800000000001,658.68,662.84,674.62,664.52
42.248031,667.085,664.515,659.22,664.53,674.95,664.5
42.252031,666.5799999999999,664.97,658.63,665.37,674.53,664.57
42.25603,666.1949999999999,665.1500000000001,658.64,665.96,673.75,664.34
42.26003,665.755,665.36,658.23,666.85,673.28,663.87
42.264029,665.37,665.145,657.57,668.15,673.17,662.14
42.268029,667.355,664.84,661.92,669.44,672.79,660.24
42.272032,667.14,664.6800000000001,659.77,669.76,674.51,659.6
42.276035,666.7449999999999,664.0799999999999,658.93,667.73,674.56,660.43
42.280038,667.7950000000001,664.3199999999999,660.86,668.13,674.73,660.51
42.284042,667.575,662.64,660.84,666.18,674.31,659.1
42.288045,669.2049999999999,662.655,662.37,665.7,676.04,659.61
42.292048,670.425,662.9549999999999,663.66,664.91,677.19,661.0
42.296051,671.005,662.765,663.17,663.67,678.84,661.86
42.300054,671.24,664.765,663.72,664.51,678.76,665.02
42.304057,672.8199999999999,665.325,664.01,664.78,681.63,665.87
42.308061,672.6700000000001,667.27,664.32,664.19,681.02,670.35
42.312064,672.845,667.405,663.22,664.53,682.47,670.28
42.316067,672.66,667.515,662.79,665.13,682.53,669.9
42.32007,672.48,669.145,662.83,665.65,682.13,672.64
42.324073,672.445,668.645,662.07,665.68,682.82,671.61
42.328076,672.4300000000001,669.1500000000001,662.26,665.83,682.6,672.47
42.33208,672.645,668.3199999999999,662.11,665.54,683.18,671.1
42.336083,672.71,667.405,662.01,665.32,683.41,669.49
42.340086,672.03,666.25,662.41,666.08,681.65,666.42
42.344089,672.345,664.1,662.96,664.47,681.73,663.73
42.348092,672.0899999999999,664.3050000000001,663.14,663.15,681.04,665.46
42.352095,671.99,664.69,663.53,663.12,680.45,666.26
42.356099,669.4549999999999,663.98,662.27,663.73,676.64,664.23
42.360102,656.0,662.3499999999999,648.41,660.77,663.59,663.93
42.364105,643.325,660.865,643.84,660.89,642.81,660.84
42.368108,641.765,659.315,640.18,659.73,643.35,658.9
42.372111,643.33,660.125,643.84,659.95,642.82,660.3
42.376114,639.81,659.31,639.7,659.63,639.92,658.99
42.380118,640.02,659.845,639.28,659.19,640.76,660.5
42.384121,640.55,661.165,636.14,658.99,644.96,663.34
42.388124,637.44,662.9,634.34,660.93,640.54,664.87
42.392127,637.105,664.64,632.73,662.77,641.48,666.51
42.39613,636.86,664.6949999999999,633.27,664.4,640.45,664.99
42.400134,635.27,665.51,632.8,665.9,637.74,665.12
42.404137,635.8,666.9449999999999,634.13,666.64,637.47,667.25
42.40814,637.5799999999999,667.345,635.64,666.96,639.52,667.73
42.412143,637.67,669.9949999999999,636.42,668.06,638.92,671.93
42.416146,637.6,669.545,635.97,668.3,639.23,670.79
42.420149,636.5450000000001,670.755,634.62,667.61,638.47,673.9
42.424153,636.5999999999999,671.2049999999999,633.14,667.61,640.06,674.8
42.428156,634.29,671.4849999999999,631.18,667.06,637.4,675.91
42.432159,632.7850000000001,670.28,629.58,665.54,635.99,675.02
42.436162,633.015,669.8399999999999,631.03,664.65,635.0,675.03
42.440165,632.76,669.285,631.29,664.53,634.23,674.04
42.444168,632.23,666.5250000000001,629.44,661.69,635.02,671.36
42.448169,631.025,667.265,627.63,660.36,634.42,674.17
42.45217,629.9,667.7,626.51,661.63,633.29,673.77
42.456171,630.36,666.735,627.34,661.72,633.38,671.75
42.460172,629.4300000000001,665.37,627.64,659.96,631.22,670.78
42.464173,631.335,665.5699999999999,628.54,660.52,634.13,670.62
42.468174,631.04,667.11,630.46,663.39,631.62,670.83
42.472174,632.56,667.685,631.98,663.09,633.14,672.28
42.476176,632.665,667.72,633.3,665.69,632.03,669.75
42.480177,634.715,667.97,633.46,666.08,635.97,669.86
42.484178,634.46,669.2850000000001,633.59,667.94,635.33,670.63
42.48818,634.0999999999999,667.925,634.17,666.66,634.03,669.19
42.492181,635.595,670.085,635.25,669.39,635.94,670.78
42.496182,637.26,669.395,635.92,669.09,638.6,669.7
42.500184,637.23,669.01,636.29,670.34,638.17,667.68
42.504185,636.935,668.585,635.45,669.87,638.42,667.3
42.508186,638.275,670.585,635.88,672.39,640.67,668.78
42.512188,638.73,669.69,635.79,672.9,641.67,666.48
42.516189,638.66,668.8199999999999,634.42,673.1,642.9,664.54
42.52019,638.175,668.55,633.9,673.9,642.45,663.2
42.524192,636.935,669.3199999999999,631.44,673.74,642.43,664.9
42.528193,636.435,668.0250000000001,629.78,671.86,643.09,664.19
42.532194,635.855,669.2750000000001,627.54,673.2,644.17,665.35
42.536196,634.2149999999999,667.175,627.06,671.18,641.37,663.17
42.540197,634.525,665.715,628.29,668.98,640.76,662.45
42.544198,633.835,667.525,626.56,671.56,641.11,663.49
42.5482,634.2149999999999,667.0050000000001,625.92,670.69,642.51,663.32
42.552201,633.56,666.605,626.62,669.15,640.5,664.06
42.556202,632.87,666.135,626.61,667.0,639.13,665.27
42.560204,633.3199999999999,668.165,628.25,668.48,638.39,667.85
42.564205,634.845,668.135,631.47,667.99,638.22,668.28
42.568206,634.5150000000001,666.8299999999999,631.45,664.91,637.58,668.75
42.572208,635.0550000000001,666.8299999999999,633.83,663.75,636.28,669.91
42.576209,634.85,668.1600000000001,633.35,667.12,636.35,669.2
42.58021,636.06,668.6099999999999,635.4,666.56,636.72,670.66
42.584212,635.835,669.865,635.14,668.2,636.53,671.53
42.588213,635.79,670.38,635.15,669.67,636.43,671.09
42.592214,637.2550000000001,669.78,637.57,668.85,636.94,670.71
42.596216,638.34,668.9,638.34,668.18,638.34,669.62
42.600217,637.6949999999999,668.865,638.14,666.53,637.25,671.2
42.604218,638.915,667.905,639.85,668.07,637.98,667.74
42.60822,639.395,670.6099999999999,639.69,672.93,639.1,668.29
42.612221,638.2950000000001,670.81,638.27,671.96,638.32,669.66
42.616222,639.425,673.13,639.24,675.25,639.61,671.01
42.620224,639.025,675.45,639.43,673.64,638.62,677.26
42.624225,639.2049999999999,675.74,640.01,673.15,638.4,678.33
42.628226,637.9449999999999,675.375,638.42,673.59,637.47,677.16
42.632228,638.76,675.935,638.8,672.94,638.72,678.93
42.636229,637.95,676.1,638.83,671.7,637.07,680.5
42.64023,637.925,675.04,638.8,673.35,637.05,676.73
42.644231,638.5550000000001,674.77,639.15,673.65,637.96,675.89
42.648232,638.315,677.9200000000001,638.55,675.59,638.08,680.25
42.652232,638.065,676.265,638.87,674.72,637.26,677.81
42.656232,640.065,677.19,639.28,675.74,640.85,678.64
42.660232,639.935,675.645,639.23,674.47,640.64,676.82
42.664232,640.69,674.745,638.11,674.57,643.27,674.92
42.668232,638.94,674.545,636.79,675.17,641.09,673.92
42.672232,640.04,672.965,638.38,675.97,641.7,669.96
42.676232,639.6800000000001,673.105,638.83,676.6,640.53,669.61
42.680231,639.585,673.79,638.74,678.94,640.43,668.64
42.684231,639.9200000000001,674.71,639.24,679.76,640.6,669.66
42.68823,639.61,674.52,637.99,680.33,641.23,668.71
42.69223,641.47,672.315,639.33,677.14,643.61,667.49
42.696229,639.89,672.71,637.72,677.06,642.06,668.36
42.700228,639.24,671.945,638.68,675.45,639.8,668.44
42.704228,640.725,670.905,640.33,674.24,641.12,667.57
42.708227,640.635,671.75,640.2,675.76,641.07,667.74
42.712227,641.7950000000001,671.54,641.77,674.91,641.82,668.17
42.716226,641.625,671.39,641.15,673.78,642.1,669.0
42.720226,641.435,672.8,641.1,673.48,641.77,672.12
42.724225,641.11,673.19,640.73,672.23,641.49,674.15
42.728225,640.26,671.4749999999999,640.48,671.14,640.04,671.81
42.732224,638.51,672.355,640.86,671.0,636.16,673.71
42.736223,637.4549999999999,672.3299999999999,638.55,672.51,636.36,672.15
42.740223,636.75,673.2550000000001,637.44,674.19,636.06,672.32
42.744222,635.975,672.855,635.75,674.52,636.2,671.19
42.748222,634.52,673.5550000000001,633.92,675.42,635.12,671.69
42.752221,633.585,675.415,632.76,674.77,634.41,676.06
42.756221,634.5150000000001,675.48,633.46,674.93,635.57,676.03
42.76022,633.98,676.285,631.94,676.15,636.02,676.42
42.76422,636.24,672.5350000000001,633.17,677.36,639.31,667.71
42.768219,638.05,675.25,633.95,678.8,642.15,671.7
42.772218,638.905,674.04,634.16,678.63,643.65,669.45
42.776218,638.7950000000001,675.81,634.12,678.84,643.47,672.78
42.780217,640.835,676.8599999999999,636.28,681.18,645.39,672.54
42.784217,641.24,677.9649999999999,637.16,681.3,645.32,674.63
42.788216,641.145,676.73,637.26,681.03,645.03,672.43
42.792216,641.5899999999999,676.0450000000001,636.68,681.58,646.5,670.51
42.796215,640.515,676.67,636.86,682.28,644.17,671.06
42.800215,636.9749999999999,675.37,632.54,679.44,641.41,671.3
42.804214,638.9649999999999,673.86,633.91,680.65,644.02,667.07
42.808214,635.86,672.405,631.36,679.5,640.36,665.31
42.812213,635.52,669.5150000000001,630.66,677.45,640.38,661.58
42.816212,635.6800000000001,672.315,631.32,678.54,640.04,666.09
42.820212,636.16,673.46,630.16,679.56,642.16,667.36
42.824211,636.26,673.38,628.67,678.99,643.85,667.77
42.828211,636.305,672.605,630.3,679.92,642.31,665.29
42.83221,637.065,672.31,631.64,678.08,642.49,666.54
42.83621,638.01,672.995,632.6,677.88,643.42,668.11
42.840209,639.46,669.5,633.86,673.95,645.06,665.05
42.844209,639.2750000000001,669.4449999999999,634.19,674.77,644.36,664.12
42.848208,639.84,669.465,635.96,673.21,643.72,665.72
42.852207,641.105,669.8399999999999,637.34,672.18,644.87,667.5
42.856207,640.06,671.365,636.46,672.21,643.66,670.52
42.860206,640.255,671.14,637.54,672.73,642.97,669.55
42.864206,639.1949999999999,671.855,637.65,673.22,640.74,670.49
42.868205,639.005,671.72,638.68,673.59,639.33,669.85
42.872205,638.4000000000001,670.745,638.07,670.8,638.73,670.69
42.876204,637.625,671.4549999999999,637.49,669.99,637.76,672.92
42.880203,638.0,670.535,636.84,668.41,639.16,672.66
42.884202,636.55,670.255,635.84,668.3,637.26,672.21
42.888201,636.085,671.37,634.89,669.4,637.28,673.34
42.8922,636.4549999999999,672.7950000000001,636.29,669.87,636.62,675.72
42.896199,635.695,674.015,635.82,671.28,635.57,676.75
42.900198,636.31,674.9,637.2,673.12,635.42,676.68
42.904197,635.81,675.855,636.33,672.82,635.29,678.89
42.908196,636.3050000000001,676.55,635.9,673.04,636.71,680.06
42.912195,636.35,676.19,635.32,672.02,637.38,680.36
42.916194,636.76,676.14,634.48,672.63,639.04,679.65
42.920193,637.165,676.4300000000001,635.42,674.77,638.91,678.09
42.924192,635.375,676.71,632.81,676.95,637.94,676.47
42.928191,635.7750000000001,678.0550000000001,632.61,678.21,638.94,677.9
42.93219,636.9300000000001,677.0799999999999,633.51,678.41,640.35,675.75
42.936188,638.02,676.61,633.07,678.97,642.97,674.25
42.940187,638.2750000000001,676.745,632.72,679.44,643.83,674.05
42.944186,641.625,676.0250000000001,636.27,678.97,646.98,673.08
42.948185,662.9649999999999,674.845,665.56,678.24,660.37,671.45
42.952184,693.5550000000001,672.3,686.7,676.73,700.41,667.87
42.956183,703.8499999999999,669.375,696.66,673.19,711.04,665.56
42.960182,699.025,668.2850000000001,693.16,672.35,704.89,664.22
42.964181,694.245,667.725,689.77,670.86,698.72,664.59
42.96818,685.1500000000001,665.69,677.21,666.96,693.09,664.42
42.972179,689.0450000000001,665.075,690.4,666.68,687.69,663.47
42.976178,689.2750000000001,665.0,686.2,666.72,692.35,663.28
42.980177,695.1,662.615,691.38,664.02,698.82,661.21
42.984176,695.04,661.86,691.76,663.2,698.32,660.52
42.988175,696.5350000000001,660.565,693.62,660.95,699.45,660.18
42.992174,698.16,659.625,693.93,660.75,702.39,658.5
42.996173,699.9000000000001,661.375,695.71,661.39,704.09,661.36
43.000171,698.38,663.12,693.74,663.61,703.02,662.63
43.00417,697.745,663.69,693.69,666.07,701.8,661.31
43.008169,698.115,663.44,696.02,664.78,700.21,662.1
43.012168,698.5999999999999,663.91,695.92,664.68,701.28,663.14
43.016167,699.205,663.76,696.22,662.72,702.19,664.8
43.020166,701.1949999999999,667.1949999999999,696.99,667.54,705.4,666.85
43.024165,700.335,666.3199999999999,696.02,666.52,704.65,666.12
43.028164,699.385,667.395,694.26,668.12,704.51,666.67
43.032163,698.84,667.77,692.19,669.11,705.49,666.43
43.036162,701.145,669.335,695.46,669.38,706.83,669.29
43.040161,699.185,668.94,692.99,669.65,705.38,668.23
43.04416,698.37,669.45,691.89,669.81,704.85,669.09
43.048161,697.99,669.1700000000001,690.03,670.26,705.95,668.08
43.052162,696.975,669.14,688.21,669.6,705.74,668.68
43.056163,697.325,669.75,688.09,671.56,706.56,667.94
43.060163,698.245,670.765,689.0,674.14,707.49,667.39
43.064164,697.3050000000001,669.095,689.67,673.13,704.94,665.06
43.068165,698.39,669.08,690.79,672.45,705.99,665.71
43.072166,698.4300000000001,669.3399999999999,690.23,670.87,706.63,667.81
43.076167,698.6800000000001,669.9649999999999,690.99,669.65,706.37,670.28
43.080168,697.51,668.845,689.06,668.21,705.96,669.48
43.084169,697.615,666.915,689.87,667.12,705.36,666.71
43.088172,697.955,669.265,690.07,668.03,705.84,670.5
43.092174,697.16,667.855,690.67,667.7,703.65,668.01
43.096177,696.9549999999999,666.395,690.63,668.27,703.28,664.52
43.10018,696.9549999999999,667.335,690.99,669.46,702.92,665.21
43.104182,696.84,666.825,689.49,666.64,704.19,667.01
43.108185,697.24,665.2049999999999,690.27,666.49,704.21,663.92
43.112188,698.26,666.4200000000001,693.14,668.88,703.38,663.96
43.11619,698.7950000000001,668.465,694.13,669.08,703.46,667.85
43.120193,698.62,667.2950000000001,694.98,669.24,702.26,665.35
43.124195,698.9449999999999,669.505,695.71,671.4,702.18,667.61
43.128198,699.66,670.46,695.06,671.4,704.26,669.52
43.132201,701.0,669.8050000000001,697.21,670.57,704.79,669.04
43.136203,700.365,671.8199999999999,695.22,669.24,705.51,674.4
43.140206,701.595,671.98,696.81,667.85,706.38,676.11
43.144209,702.77,672.24,697.64,666.81,707.9,677.67
43.148211,702.0799999999999,671.345,698.17,666.27,705.99,676.42
43.152214,702.47,671.59,698.12,665.08,706.82,678.1
43.156217,701.7,672.915,696.58,665.12,706.82,680.71
43.160219,701.92,670.915,696.06,663.18,707.78,678.65
43.164222,702.075,670.6,694.99,662.19,709.16,679.01
43.168224,701.265,670.425,693.16,661.09,709.37,679.76
43.172227,700.5450000000001,669.77,692.62,659.94,708.47,679.6
43.17623,699.855,670.475,691.4,660.11,708.31,680.84
43.180232,700.12,669.95,692.16,659.86,708.08,680.04
43.184235,699.125,669.155,690.85,659.32,707.4,678.99
43.188238,699.41,669.035,690.93,660.56,707.89,677.51
43.19224,699.11,667.685,690.26,659.66,707.96,675.71
43.196243,699.165,668.495,689.7,660.22,708.63,676.77
43.200246,698.975,667.3499999999999,689.35,659.04,708.6,675.66
43.204248,698.78,667.1,688.86,659.38,708.7,674.82
43.208251,698.105,667.0999999999999,688.6,659.14,707.61,675.06
43.212254,698.63,667.0799999999999,688.99,659.23,708.27,674.93
43.216256,699.32,666.48,690.82,660.85,707.82,672.11
43.220259,699.685,666.1,692.82,662.25,706.55,669.95
43.224261,698.75,665.325,691.86,663.02,705.64,667.63
43.228264,699.125,664.1800000000001,693.23,663.86,705.02,664.5
43.232267,696.495,664.275,689.74,664.3,703.25,664.25
43.236269,683.51,663.835,673.39,666.26,693.63,661.41
43.240272,633.185,661.915,605.54,666.59,660.83,657.24
43.244275,606.69,661.9,593.15,667.64,620.23,656.16
43.248274,598.5450000000001,662.075,586.22,668.92,610.87,655.23
43.252273,602.9200000000001,661.615,593.69,669.48,612.15,653.75
43.256273,612.12,662.89,604.03,671.02,620.21,654.76
43.260272,613.78,660.97,600.93,669.76,626.63,652.18
43.264271,612.71,661.0799999999999,600.3,669.1,625.12,653.06
43.268271,612.1949999999999,662.1800000000001,600.18,669.41,624.21,654.95
43.27227,609.9949999999999,663.585,596.81,668.49,623.18,658.68
43.27627,608.0799999999999,663.87,595.74,667.16,620.42,660.58
43.280269,607.7950000000001,664.61,594.48,665.87,621.11,663.35
43.284268,606.56,665.9200000000001,594.02,664.4,619.1,667.44
43.288268,606.8,668.475,593.51,663.24,620.09,673.71
43.292265,609.1800000000001,670.185,597.23,663.18,621.13,677.19
43.296262,610.515,672.19,598.37,663.79,622.66,680.59
43.300259,609.53,671.39,597.38,661.28,621.68,681.5
43.304256,609.94,670.255,598.88,661.55,621.0,678.96
43.308253,610.42,672.3,601.3,661.1,619.54,683.5
43.31225,610.7950000000001,671.6199999999999,602.27,659.56,619.32,683.68
43.316247,611.765,669.6700000000001,603.6,659.72,619.93,679.62
43.320244,612.5550000000001,670.515,606.7,660.01,618.41,681.02
43.324242,612.62,671.49,608.29,663.35,616.95,679.63
43.328239,611.565,667.98,609.0,663.03,614.13,672.93
43.332236,612.325,665.965,609.65,664.57,615.0,667.36
43.336233,612.185,668.155,610.19,662.12,614.18,674.19
43.34023,610.83,667.62,609.46,663.76,612.2,671.48
43.344227,610.6700000000001,669.1800000000001,609.51,666.39,611.83,671.97
43.348224,610.8900000000001,672.595,609.59,669.78,612.19,675.41
43.352221,610.905,674.125,610.97,669.5,610.84,678.75
43.356218,611.4449999999999,675.8050000000001,611.37,672.9,611.52,678.71
43.360215,610.52,678.645,611.42,672.99,609.62,684.3
43.364212,611.235,678.78,611.12,673.52,611.35,684.04
43.368209,611.9,678.2049999999999,612.37,672.9,611.43,683.51
43.372207,614.0150000000001,678.035,614.58,674.56,613.45,681.51
43.376204,614.99,678.895,617.72,674.13,612.26,683.66
43.380201,616.26,676.89,619.53,676.12,612.99,677.66
43.384198,616.065,680.365,619.04,676.42,613.09,684.31
43.388195,617.1949999999999,678.4549999999999,620.73,674.56,613.66,682.35
43.392192,618.065,678.7850000000001,620.78,673.82,615.35,683.75
43.396189,619.04,671.5,620.85,674.25,617.23,668.75
43.400186,618.105,668.935,619.5,671.91,616.71,665.96
43.404183,618.405,670.9449999999999,619.46,670.6,617.35,671.29
43.40818,617.725,670.905,618.23,669.52,617.22,672.29
43.412177,615.885,671.0799999999999,613.53,668.15,618.24,674.01
43.416175,615.37,670.94,612.87,666.91,617.87,674.97
43.420172,616.53,670.65,613.39,665.64,619.67,675.66
43.424169,616.02,670.615,612.44,665.18,619.6,676.05
43.428166,616.53,670.66,613.5,664.8,619.56,676.52
43.432163,616.16,667.605,612.26,664.26,620.06,670.95
43.43616,614.685,668.19,613.21,665.21,616.16,671.17
43.440157,614.69,666.79,613.92,664.64,615.46,668.94
43.444154,614.16,669.44,615.3,665.94,613.02,672.94
43.448151,614.855,670.925,617.82,667.24,611.89,674.61
43.452148,613.755,670.375,617.71,666.25,609.8,674.5
43.456145,615.545,671.1600000000001,619.92,666.47,611.17,675.85
43.460143,616.4549999999999,670.02,621.36,667.96,611.55,672.08
43.46414,615.62,669.175,620.83,666.36,610.41,671.99
43.468137,616.2049999999999,669.025,619.52,664.99,612.89,673.06
43.472134,615.54,667.56,619.11,665.1,611.97,670.02
43.476131,614.975,667.99,619.57,666.71,610.38,669.27
43.480128,615.9300000000001,668.98,619.92,665.21,611.94,672.75
43.484125,616.45,667.595,619.74,662.78,613.16,672.41
43.488122,614.095,667.54,616.38,661.61,611.81,673.47
43.492119,614.435,665.275,617.53,660.9,611.34,669.65
43.496113,615.77,666.94,620.04,665.23,611.5,668.65
43.500107,615.72,665.155,619.28,664.01,612.16,666.3
43.504101,614.81,668.38,619.15,667.85,610.47,668.91
43.508095,614.9549999999999,670.625,619.9,669.95,610.01,671.3
43.512089,613.895,671.885,620.24,671.84,607.55,671.93
43.516083,614.885,673.7149999999999,622.5,673.3,607.27,674.13
43.520077,615.345,675.185,623.65,671.93,607.04,678.44
43.524071,614.52,678.95,622.91,675.39,606.13,682.51
43.528065,614.415,678.99,622.22,675.84,606.61,682.14
43.532059,615.53,678.9549999999999,622.61,677.27,608.45,680.64
43.536052,615.835,678.685,621.33,678.94,610.34,678.43
43.540046,615.325,676.615,619.94,676.82,610.71,676.41
43.54404,614.135,675.6949999999999,617.95,678.12,610.32,673.27
43.548034,613.6300000000001,674.47,616.69,677.69,610.57,671.25
43.552028,613.1099999999999,671.91,613.91,677.01,612.31,666.81
43.556022,612.025,668.88,610.55,675.77,613.5,661.99
43.560016,610.155,668.75,606.11,673.49,614.2,664.01
43.56401,609.495,667.22,603.8,675.05,615.19,659.39
43.568004,607.56,666.645,599.55,674.07,615.57,659.22
43.571998,611.6,663.625,603.37,672.96,619.83,654.29
43.575992,633.99,665.2850000000001,627.87,673.23,640.11,657.34
43.579985,732.3499999999999,663.495,724.3,670.17,740.4,656.82
43.583979,774.12,663.45,757.82,670.79,790.42,656.11
43.587973,785.7149999999999,662.1949999999999,774.63,667.63,796.8,656.76
43.591967,783.1400000000001,662.885,768.44,667.85,797.84,657.92
43.595961,771.69,664.7850000000001,759.45,667.12,783.93,662.45
43.599955,757.565,666.5450000000001,748.59,668.59,766.54,664.5
43.603949,749.1800000000001,665.375,739.84,669.45,758.52,661.3
43.607943,755.4100000000001,665.435,745.24,667.83,765.58,663.04
43.611937,761.05,667.87,752.03,669.53,770.07,666.21
43.615931,767.4749999999999,669.065,757.4,670.22,777.55,667.91
43.619925,765.725,668.5,756.73,670.91,774.72,666.09
43.623918,765.48,669.105,755.4,671.79,775.56,666.42
43.627912,764.3,668.165,754.74,670.88,773.86,665.45
43.631906,764.105,670.32,754.88,674.07,773.33,666.57
43.6359,763.41,671.4100000000001,755.79,674.22,771.03,668.6
43.639894,764.36,672.155,758.83,676.2,769.89,668.11
43.643888,765.92,671.165,760.17,674.47,771.67,667.86
43.647889,766.27,671.05,760.04,672.4,772.5,669.7
43.65189,767.135,671.845,762.33,673.5,771.94,670.19
43.655892,766.815,671.45,762.25,672.81,771.38,670.09
43.659893,766.75,669.615,762.32,671.21,771.18,668.02
43.663894,765.89,670.8199999999999,761.54,672.13,770.24,669.51
43.667895,765.75,669.895,761.84,670.91,769.66,668.88
43.671897,764.785,670.305,760.54,671.3,769.03,669.31
43.675898,764.36,670.0799999999999,760.48,670.24,768.24,669.92
43.679899,765.1,670.7149999999999,760.99,669.91,769.21,671.52
43.683901,764.965,672.0,758.73,669.37,771.2,674.63
43.687902,764.51,670.13,758.98,669.04,770.04,671.22
43.691903,764.785,669.985,758.78,670.26,770.79,669.71
43.695904,764.7950000000001,670.6700000000001,758.4,668.83,771.19,672.51
43.699912,765.75,671.87,759.95,669.09,771.55,674.65
43.703919,765.7049999999999,674.895,759.74,671.05,771.67,678.74
43.707926,766.845,670.71,762.19,670.29,771.5,671.13
43.711933,766.625,671.615,761.99,670.41,771.26,672.82
43.715941,767.5,670.77,763.63,669.84,771.37,671.7
43.719948,769.475,671.585,767.09,670.64,771.86,672.53
43.723955,767.79,671.01,766.23,671.67,769.35,670.35
43.727962,767.715,668.895,766.32,671.83,769.11,665.96
43.731969,767.9200000000001,668.4549999999999,767.23,671.55,768.61,665.36
43.735977,768.45,669.94,768.12,671.61,768.78,668.27
43.739984,768.115,668.0,767.84,672.5,768.39,663.5
43.743991,767.78,667.36,768.3,672.26,767.26,662.46
43.747998,766.135,667.145,767.93,672.98,764.34,661.31
43.752006,765.685,668.38,767.89,672.75,763.48,664.01
43.756013,765.3299999999999,669.9200000000001,768.81,673.65,761.85,666.19
43.76002,764.5450000000001,668.915,768.52,673.18,760.57,664.65
43.764027,763.385,669.6700000000001,767.27,672.5,759.5,666.84
43.768035,764.06,669.36,767.52,671.14,760.6,667.58
43.772042,763.5450000000001,670.26,768.38,671.67,758.71,668.85
43.776049,763.175,671.35,768.92,672.33,757.43,670.37
43.780056,762.5450000000001,671.075,769.48,673.11,755.61,669.04
43.784064,761.885,673.175,769.37,675.11,754.4,671.24
43.788071,761.6800000000001,670.735,768.08,675.01,755.28,666.46
43.792078,762.23,670.385,767.09,673.39,757.37,667.38
43.796085,762.1600000000001,670.755,765.74,672.63,758.58,668.88
43.800093,761.465,668.565,765.35,671.86,757.58,665.27
43.8041,763.05,671.125,765.38,671.89,760.72,670.36
43.808107,763.96,671.2,765.94,674.73,761.98,667.67
43.812114,764.22,670.56,765.26,673.34,763.18,667.78
43.816122,764.2950000000001,672.72,764.98,675.43,763.61,670.01
43.820129,765.45,673.245,764.65,675.52,766.25,670.97
43.824136,766.165,675.09,763.38,675.6,768.95,674.58
43.828143,767.1,673.9549999999999,762.86,674.05,771.34,673.86
43.832151,766.985,673.135,763.14,673.65,770.83,672.62
43.836158,767.3299999999999,676.9200000000001,763.27,675.5,771.39,678.34
43.840165,767.235,675.62,763.6,675.87,770.87,675.37
43.844172,767.72,676.565,762.78,676.41,772.66,676.72
43.848172,768.14,674.9749999999999,763.47,676.06,772.81,673.89
43.852171,768.3399999999999,675.69,763.28,676.62,773.4,674.76
43.856171,768.895,677.295,764.1,677.66,773.69,676.93
43.86017,770.425,677.415,765.34,677.82,775.51,677.01
43.864169,770.74,675.9549999999999,765.01,677.29,776.47,674.62
43.868169,768.865,675.025,764.14,676.67,773.59,673.38
43.872168,769.73,675.495,764.91,677.17,774.55,673.82
43.876168,769.1700000000001,676.815,763.27,678.22,775.07,675.41
43.880167,768.9100000000001,677.45,762.33,678.55,775.49,676.35
43.884167,769.5450000000001,677.175,762.45,679.74,776.64,674.61
43.888166,768.835,678.35,760.53,680.47,777.14,676.23
43.892165,766.99,679.9549999999999,758.15,681.6,775.83,678.31
43.896165,765.145,678.78,756.08,681.07,774.21,676.49
43.900164,764.5350000000001,677.355,755.09,680.84,773.98,673.87
43.904164,763.98,677.72,755.66,679.84,772.3,675.6
43.908163,763.115,675.47,754.59,679.45,771.64,671.49
43.912162,762.44,676.91,754.21,680.77,770.67,673.05
43.916161,762.185,676.215,754.16,680.71,770.21,671.72
43.920161,762.6949999999999,673.8050000000001,755.9,680.7,769.49,666.91
43.92416,763.0450000000001,672.13,757.57,680.36,768.52,663.9
43.928159,762.025,672.0,756.76,679.59,767.29,664.41
43.932158,762.29,673.165,758.31,679.65,766.27,666.68
43.936158,763.1,673.5899999999999,759.32,680.28,766.88,666.9
43.940157,763.56,674.6,759.5,679.83,767.62,669.37
43.944156,763.28,676.01,759.27,680.76,767.29,671.26
43.948155,762.425,675.735,757.58,680.88,767.27,670.59
43.952155,761.9,678.925,756.99,681.37,766.81,676.48
43.956154,764.265,678.985,760.39,680.69,768.14,677.28
43.960153,788.3699999999999,678.56,780.81,680.43,795.93,676.69
43.964152,846.14,678.52,837.66,679.51,854.62,677.53
43.968152,866.125,680.155,859.26,680.73,872.99,679.58
43.972151,871.545,683.095,860.04,684.0,883.05,682.19
43.97615,850.375,683.35,846.47,683.01,854.28,683.69
43.980149,843.46,683.2149999999999,840.94,684.02,845.98,682.41
43.984149,842.0899999999999,682.49,844.05,683.42,840.13,681.56
43.988148,845.8499999999999,682.61,843.05,684.51,848.65,680.71
43.992147,848.245,683.395,845.1,684.1,851.39,682.69
43.996146,852.635,683.4300000000001,846.49,685.04,858.78,681.82
44.000146,850.375,683.725,845.79,685.83,854.96,681.62
44.004145,853.49,684.315,847.81,685.92,859.17,682.71
44.008144,851.815,685.085,847.72,686.06,855.91,684.11
44.012144,850.88,684.585,846.01,685.4,855.75,683.77
44.016143,848.1600000000001,685.2249999999999,844.88,685.05,851.44,685.4
44.020142,849.8,684.815,845.02,684.73,854.58,684.9
44.024141,852.475,684.16,845.13,684.27,859.82,684.05
44.028141,852.935,683.5250000000001,845.61,684.72,860.26,682.33
44.03214,854.505,684.99,846.4,684.98,862.61,685.0
44.036139,855.9649999999999,685.375,847.81,685.84,864.12,684.91
44.040138,857.34,685.615,847.6,687.23,867.08,684.0
44.044138,857.375,685.615,848.31,687.3,866.44,683.93
44.048138,856.585,686.2049999999999,848.1,687.99,865.07,684.42
44.052138,858.325,687.515,850.8,687.98,865.85,687.05
44.056138,858.55,687.9649999999999,850.89,687.78,866.21,688.15
44.060138,860.38,686.895,852.61,686.61,868.15,687.18
44.064138,860.405,687.255,851.82,686.45,868.99,688.06
44.068139,860.67,687.015,854.05,685.24,867.29,688.79
44.072139,860.9100000000001,687.96,854.13,684.81,867.69,691.11
44.076139,861.38,688.67,855.86,686.31,866.9,691.03
44.080139,860.835,687.3699999999999,855.34,686.06,866.33,688.68
44.084139,860.54,686.78,856.3,684.64,864.78,688.92
44.08814,860.87,685.75,857.0,684.54,864.74,686.96
44.09214,861.31,685.395,856.71,686.25,865.91,684.54
44.09614,859.8299999999999,686.5899999999999,855.06,688.38,864.6,684.8
44.10014,858.885,687.075,854.41,688.65,863.36,685.5
44.10414,857.935,687.1800000000001,854.4,689.62,861.47,684.74
44.108138,857.685,686.1800000000001,854.58,689.48,860.79,682.88
44.112136,856.745,687.31,853.38,691.65,860.11,682.97
44.116134,854.435,684.55,848.26,689.64,860.61,679.46
44.120132,854.65,685.14,848.75,689.23,860.55,681.05
44.12413,854.4,685.095,848.91,688.44,859.89,681.75
44.128127,854.26,684.925,847.75,687.38,860.77,682.47
44.132125,854.54,684.2850000000001,847.15,685.83,861.93,682.74
44.136123,855.245,684.74,847.29,684.27,863.2,685.21
44.140121,865.7,684.21,857.04,684.04,874.36,684.38
44.144119,913.935,682.69,910.95,681.84,916.92,683.54
44.148117,945.2950000000001,680.605,943.0,680.28,947.59,680.93
44.152115,950.3199999999999,679.5699999999999,945.12,679.34,955.52,679.8
44.156112,941.51,679.135,938.85,678.58,944.17,679.69
44.16011,936.39,679.815,932.27,679.87,940.51,679.76
44.164108,931.05,679.905,932.29,681.51,929.81,678.3
44.168106,936.315,679.105,930.92,683.19,941.71,675.02
44.172104,937.53,676.9849999999999,933.36,683.05,941.7,670.92
44.176102,939.1800000000001,674.64,930.4,682.12,947.96,667.16
44.1801,937.99,676.575,930.45,681.63,945.53,671.52
44.184097,940.665,672.975,930.23,682.46,951.1,663.49
44.188095,940.4100000000001,671.37,928.96,681.3,951.86,661.44
44.192093,941.0550000000001,669.6949999999999,926.85,681.8,955.26,657.59
44.196091,940.88,670.575,925.56,681.36,956.2,659.79
44.200089,939.3399999999999,670.74,926.8,681.49,951.88,659.99
44.204087,940.345,671.97,928.32,682.78,952.37,661.16
44.208085,939.37,669.9449999999999,928.52,681.53,950.22,658.36
44.212082,941.0799999999999,669.035,930.39,680.81,951.77,657.26
44.21608,940.89,671.5699999999999,930.79,680.25,950.99,662.89
44.220078,943.425,671.575,932.6,681.35,954.25,661.8
44.224076,941.615,674.575,933.9,682.31,949.33,666.84
44.228074,942.05,673.405,935.2,682.57,948.9,664.24
44.232072,942.04,674.1949999999999,937.17,681.96,946.91,666.43
44.23607,940.675,671.595,935.98,683.58,945.37,659.61
44.240067,940.47,674.0999999999999,938.04,685.17,942.9,663.03
44.244065,939.5999999999999,678.4100000000001,936.91,686.2,942.29,670.62
44.248064,939.105,677.0699999999999,935.81,686.68,942.4,667.46
44.252063,940.61,672.435,936.5,686.13,944.72,658.74
44.256062,940.52,679.29,936.81,686.48,944.23,672.1
44.260061,939.84,680.2249999999999,934.94,687.06,944.74,673.39
44.26406,938.8900000000001,676.515,934.32,683.93,943.46,669.1
44.268059,938.6099999999999,677.005,933.05,684.66,944.17,669.35
44.272057,938.4200000000001,676.345,931.33,685.02,945.51,667.67
44.276056,938.0450000000001,675.8900000000001,930.47,686.19,945.62,665.59
44.280055,939.1,676.895,931.33,685.19,946.87,668.6
44.284054,939.22,676.27,930.86,682.62,947.58,669.92
44.288053,942.03,674.815,932.93,681.35,951.13,668.28
44.292052,942.6949999999999,675.6800000000001,932.24,679.9,953.15,671.46
44.296051,941.895,676.125,930.44,679.0,953.35,673.25
44.30005,941.315,673.935,929.17,678.29,953.46,669.58
44.304049,941.185,673.63,929.78,676.7,952.59,670.56
44.308047,941.315,672.36,927.85,677.12,954.78,667.6
44.312046,941.73,673.185,928.67,677.57,954.79,668.8
44.316045,941.88,673.0250000000001,928.55,676.72,955.21,669.33
44.320043,943.2650000000001,672.89,930.21,675.72,956.32,670.06
44.324042,945.04,672.99,932.75,675.14,957.33,670.84
44.32804,945.55,674.34,933.32,676.96,957.78,671.72
44.332039,945.21,672.98,933.14,676.53,957.28,669.43
44.336038,944.82,676.015,932.82,679.27,956.82,672.76
44.340036,946.04,676.5,935.22,681.95,956.86,671.05
44.344035,947.13,680.1,937.35,686.83,956.91,673.37
44.348033,947.74,680.6949999999999,938.74,686.28,956.74,675.11
44.352032,948.49,683.94,940.26,691.36,956.72,676.52
44.356031,948.685,683.13,942.47,691.06,954.9,675.2
44.360029,949.7850000000001,684.315,943.35,692.58,956.22,676.05
44.364028,949.96,686.9,943.59,696.42,956.33,677.38
44.368026,948.685,687.475,941.3,696.21,956.07,678.74
44.372025,947.6600000000001,687.98,939.75,695.82,955.57,680.14
44.376024,947.075,687.5799999999999,938.75,696.27,955.4,678.89
44.380022,947.87,686.8199999999999,941.14,695.12,954.6,678.52
44.384021,947.845,687.4649999999999,940.94,695.14,954.75,679.79
44.38802,947.49,686.79,940.41,694.46,954.57,679.12
44.392018,948.625,686.605,942.23,693.7,955.02,679.51
44.396017,947.0050000000001,686.115,940.44,692.93,953.57,679.3
44.400015,946.0550000000001,686.425,937.97,692.38,954.14,680.47
44.404014,944.905,687.2349999999999,937.69,691.8,952.12,682.67
44.408013,943.7049999999999,686.24,936.86,689.96,950.55,682.52
44.412011,943.71,686.875,937.83,689.83,949.59,683.92
44.41601,944.52,686.2,938.41,690.11,950.63,682.29
44.420008,944.22,687.51,938.29,690.06,950.15,684.96
44.424007,942.96,688.0899999999999,935.88,690.18,950.04,686.0
44.428006,941.7249999999999,687.99,933.65,689.61,949.8,686.37
44.432004,942.145,687.13,932.76,688.35,951.53,685.91
44.436003,940.545,686.32,928.92,688.69,952.17,683.95
44.440001,941.17,685.44,926.91,685.93,955.43,684.95
44.444,942.2,681.77,926.6,686.07,957.8,677.47
44.448,942.97,683.55,926.68,685.31,959.26,681.79
44.452,943.0350000000001,681.96,927.23,686.16,958.84,677.76
44.456,944.2,680.335,928.38,686.22,960.02,674.45
44.46,944.425,678.41,928.84,686.3,960.01,670.52
44.464,945.55,679.89,930.38,686.48,960.72,673.3
44.468,946.25,681.25,932.64,688.54,959.86,673.96
44.472,946.14,681.72,934.01,688.46,958.27,674.98
44.476,946.84,679.7750000000001,935.46,688.7,958.22,670.85
44.48,947.73,682.765,937.57,689.72,957.89,675.81
44.484,947.36,680.595,937.64,690.92,957.08,670.27
44.488,947.71,682.245,938.62,689.38,956.8,675.11
44.492,946.3699999999999,683.76,936.56,690.58,956.18,676.94
44.496001,947.01,679.64,936.51,690.17,957.51,669.11
44.500001,945.985,681.73,935.14,688.81,956.83,674.65
44.504001,945.2,683.31,933.37,689.89,957.03,676.73
44.508001,945.53,683.54,935.25,689.68,955.81,677.4
44.512001,945.2,684.185,935.25,689.27,955.15,679.1
44.516003,945.445,682.515,935.82,688.62,955.07,676.41
44.520005,944.86,683.88,935.03,688.71,954.69,679.05
44.524008,946.02,680.495,935.07,687.62,956.97,673.37
44.52801,947.48,681.065,936.54,687.87,958.42,674.26
44.532012,946.765,680.8050000000001,934.79,687.9,958.74,673.71
44.536015,948.01,676.815,936.38,685.0,959.64,668.63
44.540017,947.3599999999999,676.92,935.04,684.18,959.68,669.66
44.544019,949.4749999999999,676.9,938.3,685.02,960.65,668.78
44.548022,949.6500000000001,675.875,938.44,682.27,960.86,669.48
44.552024,949.105,677.52,937.56,684.25,960.65,670.79
44.556026,949.315,676.8,937.72,682.45,960.91,671.15
44.560029,949.8299999999999,676.215,936.28,681.09,963.38,671.34
44.564031,950.575,674.84,937.34,681.69,963.81,667.99
44.568033,950.03,674.9549999999999,937.51,683.67,962.55,666.24
44.572036,948.655,677.01,937.72,683.29,959.59,670.73
44.576038,948.8599999999999,675.9,937.79,685.29,959.93,666.51
44.58004,947.28,675.95,936.84,686.29,957.72,665.61
44.584043,947.065,681.085,937.54,687.83,956.59,674.34
44.588045,945.9449999999999,677.35,937.31,688.01,954.58,666.69
44.592047,946.005,677.585,936.7,688.86,955.31,666.31
44.59605,945.565,680.925,936.01,688.43,955.12,673.42
44.600052,946.325,678.44,937.16,689.98,955.49,666.9
44.604054,946.325,677.14,937.79,691.14,954.86,663.14
44.608057,945.21,679.545,936.77,691.53,953.65,667.56
44.612059,945.9649999999999,683.4649999999999,937.26,691.8,954.67,675.13
44.616061,946.1949999999999,681.9449999999999,936.92,692.74,955.47,671.15
44.620064,947.27,680.1700000000001,937.86,691.69,956.68,668.65
44.624066,947.825,680.9100000000001,939.14,693.2,956.51,668.62
44.628068,948.5,680.075,939.04,693.12,957.96,667.03
44.632071,948.165,680.235,938.31,691.49,958.02,668.98
44.636073,949.235,680.03,938.27,691.94,960.2,668.12
44.640075,949.6600000000001,679.56,938.95,690.1,960.37,669.02
44.644078,948.215,679.935,935.82,690.99,960.61,668.88
44.648078,948.4449999999999,679.5799999999999,935.02,688.68,961.87,670.48
44.652079,949.815,676.38,936.1,686.27,963.53,666.49
44.65608,949.5350000000001,676.5999999999999,936.36,685.56,962.71,667.64
44.66008,950.125,676.02,936.18,685.81,964.07,666.23
44.664081,949.745,674.895,935.58,686.04,963.91,663.75
44.668082,950.175,679.165,936.86,686.8,963.49,671.53
44.672082,951.415,676.05,937.74,686.17,965.09,665.93
44.676083,950.47,674.4100000000001,936.65,683.11,964.29,665.71
44.680084,950.9200000000001,675.53,937.36,683.19,964.48,667.87
44.684085,951.845,673.29,938.01,683.99,965.68,662.59
44.688085,952.615,672.86,939.36,682.86,965.87,662.86
44.692086,952.965,673.01,940.09,684.14,965.84,661.88
44.696087,956.76,674.62,943.3,683.73,970.22,665.51
44.700087,999.8499999999999,672.385,985.9,681.23,1013.8,663.54
44.704088,1031.02,670.0350000000001,1019.19,677.94,1042.85,662.13
44.708089,1068.98,670.135,1072.61,676.5,1065.35,663.77
44.712089,1066.085,668.0550000000001,1059.46,675.7,1072.71,660.41
44.71609,1054.655,668.2,1045.86,674.92,1063.45,661.48
44.720089,1036.435,668.645,1024.62,674.81,1048.25,662.48
44.724088,1036.06,668.5699999999999,1032.57,674.87,1039.55,662.27
44.728087,1035.25,668.29,1028.24,673.5,1042.26,663.08
44.732086,1042.4650000000001,668.17,1036.19,671.78,1048.74,664.56
44.736085,1041.395,667.49,1031.96,670.46,1050.83,664.52
44.740084,1040.1,667.88,1029.76,670.01,1050.44,665.75
44.744082,1042.4650000000001,668.7950000000001,1032.67,672.11,1052.26,665.48
44.748081,1041.51,668.73,1035.31,672.27,1047.71,665.19
44.75208,1038.945,669.2149999999999,1030.08,674.15,1047.81,664.28
44.756079,1037.81,669.815,1028.64,675.79,1046.98,663.84
44.760078,1035.615,669.41,1025.82,675.51,1045.41,663.31
44.764077,1036.6950000000002,671.85,1026.25,675.95,1047.14,667.75
44.768076,1037.0900000000001,672.46,1028.19,675.7,1045.99,669.22
44.772075,1037.6799999999998,671.5350000000001,1028.33,673.57,1047.03,669.5
44.776074,1037.225,671.7249999999999,1029.5,673.92,1044.95,669.53
44.780073,1037.145,673.385,1029.31,675.48,1044.98,671.29
44.784072,1040.4,671.79,1035.38,674.23,1045.42,669.35
44.78807,1038.315,674.74,1032.11,675.45,1044.52,674.03
44.792069,1039.23,675.395,1032.46,678.88,1046.0,671.91
44.796068,1040.3899999999999,675.84,1033.5,678.96,1047.28,672.72
44.800067,1040.795,675.7,1034.17,679.06,1047.42,672.34
44.804066,1043.42,676.2750000000001,1037.33,679.85,1049.51,672.7
44.808065,1044.15,674.745,1039.29,678.53,1049.01,670.96
44.812064,1045.32,675.1800000000001,1038.86,680.69,1051.78,669.67
44.816063,1046.395,673.8399999999999,1040.07,680.25,1052.72,667.43
44.820062,1047.635,675.71,1041.48,685.73,1053.79,665.69
44.824061,1048.17,674.275,1041.58,685.18,1054.76,663.37
44.82806,1048.545,675.085,1042.15,685.17,1054.94,665.0
44.832059,1050.165,673.405,1043.75,685.41,1056.58,661.4
44.836057,1050.0149999999999,674.5699999999999,1044.11,683.66,1055.92,665.48
44.840056,1051.275,672.8599999999999,1044.47,683.18,1058.08,662.54
44.844055,1050.63,672.425,1045.4,681.34,1055.86,663.51
44.848052,1050.43,672.26,1045.17,679.81,1055.69,664.71
44.852049,1050.67,672.6949999999999,1044.34,680.86,1057.0,664.53
44.856046,1050.395,673.415,1045.88,681.65,1054.91,665.18
44.860043,1050.475,673.835,1046.64,682.58,1054.31,665.09
44.86404,1051.01,674.1949999999999,1046.07,681.98,1055.95,666.41
44.868037,1051.12,674.315,1045.94,681.72,1056.3,666.91
44.872034,1048.88,675.63,1043.87,684.8,1053.89,666.46
44.876031,1048.855,677.5450000000001,1046.21,685.08,1051.5,670.01
44.880028,1048.3899999999999,677.39,1044.99,685.16,1051.79,669.62
44.884025,1047.79,677.425,1044.46,684.91,1051.12,669.94
44.888022,1047.3899999999999,676.5450000000001,1044.07,684.9,1050.71,668.19
44.89202,1046.9850000000001,680.065,1045.26,689.08,1048.71,671.05
44.896017,1047.8200000000002,680.285,1047.41,688.68,1048.23,671.89
44.900014,1046.545,679.995,1044.67,687.77,1048.42,672.22
44.904011,1045.5700000000002,679.3199999999999,1043.9,690.14,1047.24,668.5
44.908008,1046.2649999999999,678.8599999999999,1045.17,688.31,1047.36,669.41
44.912005,1045.835,681.98,1047.15,690.34,1044.52,673.62
44.916002,1045.1950000000002,679.2850000000001,1046.24,685.7,1044.15,672.87
44.919999,1044.795,678.495,1042.82,685.23,1046.77,671.76
44.923994,1043.315,676.625,1040.94,683.48,1045.69,669.77
44.927989,1043.9899999999998,677.235,1043.86,684.14,1044.12,670.33
44.931984,1042.615,679.47,1042.22,687.26,1043.01,671.68
44.93598,1043.745,678.105,1042.15,684.52,1045.34,671.69
44.939975,1041.4699999999998,677.12,1039.57,684.63,1043.37,669.61
44.94397,1043.215,675.955,1039.56,684.2,1046.87,667.71
44.947965,1042.69,676.08,1038.84,683.22,1046.54,668.94
44.95196,1045.185,675.97,1039.43,684.21,1050.94,667.73
44.955956,1044.27,675.59,1037.18,683.46,1051.36,667.72
44.959951,1045.175,678.86,1038.99,686.85,1051.36,670.87
44.963946,1044.585,677.565,1039.0,687.1,1050.17,668.03
44.967941,1044.955,679.5,1039.9,687.74,1050.01,671.26
44.971937,1045.615,680.02,1039.09,690.32,1052.14,669.72
44.975932,1046.4450000000002,681.075,1036.71,693.88,1056.18,668.27
44.979927,1045.99,679.2149999999999,1036.34,688.91,1055.64,669.52
44.983922,1045.5300000000002,677.6,1035.92,683.96,1055.14,671.24
44.987917,1048.175,675.3199999999999,1039.35,680.06,1057.0,670.58
44.991913,1053.3200000000002,676.36,1039.69,686.58,1066.95,666.14
45.127837,1088.725,603.69,1051.15,572.3,1126.3,635.08
45.131839,1084.52,616.04,1045.67,591.81,1123.37,640.27
45.135841,1089.775,603.905,1059.81,571.94,1119.74,635.87
45.143845,1093.7150000000001,606.71,1070.68,579.07,1116.75,634.35
45.147847,1093.31,621.385,1074.02,608.39,1112.6,634.38
45.151849,1092.9,612.2950000000001,1076.98,585.45,1108.82,639.14
45.155851,1090.87,621.125,1073.24,594.91,1108.5,647.34
45.159853,1089.3899999999999,621.0,1070.09,596.0,1108.69,646.0
45.163855,1093.335,626.145,1081.3,596.34,1105.37,655.95
45.167858,1093.215,627.35,1083.86,603.22,1102.57,651.48
45.17186,1093.325,629.0350000000001,1086.24,599.95,1100.41,658.12
45.175862,1091.2649999999999,631.355,1083.43,606.72,1099.1,655.99
45.179864,1089.695,627.96,1081.59,600.2,1097.8,655.72
45.183866,1089.585,634.22,1083.82,611.17,1095.35,657.27
45.187868,1088.54,637.62,1081.83,612.98,1095.25,662.26
45.19187,1087.825,636.265,1081.73,610.73,1093.92,661.8
45.195872,1086.2649999999999,635.87,1078.69,609.44,1093.84,662.3
45.199874,1084.545,635.5450000000001,1077.98,610.47,1091.11,660.62
45.203876,1084.565,638.565,1080.37,616.77,1088.76,660.36
45.207878,1082.495,637.485,1076.64,613.94,1088.35,661.03
45.21188,1082.85,635.8,1077.23,610.27,1088.47,661.33
45.215883,1081.97,639.4549999999999,1075.56,611.64,1088.38,667.27
45.219885,1081.75,639.185,1074.58,612.37,1088.92,666.0
45.223887,1083.1950000000002,638.9549999999999,1078.01,612.18,1088.38,665.73
45.227889,1083.7849999999999,638.5,1080.83,609.17,1086.74,667.83
45.231891,1083.835,637.5699999999999,1081.34,608.11,1086.33,667.03
45.235893,1084.545,638.395,1083.95,607.69,1085.14,669.1
45.239895,1084.5700000000002,638.145,1084.49,608.16,1084.65,668.13
45.243897,1084.46,638.675,1084.59,610.26,1084.33,667.09
45.247899,1085.315,640.05,1086.11,610.7,1084.52,669.4
45.251901,1085.04,640.925,1086.49,612.7,1083.59,669.15
45.255902,1085.585,642.28,1088.16,615.5,1083.01,669.06
45.259904,1085.54,641.0050000000001,1088.88,615.07,1082.2,666.94
45.263906,1086.46,640.575,1090.94,612.63,1081.98,668.52
45.267907,1086.68,640.095,1091.72,612.21,1081.64,667.98
45.271909,1085.2649999999999,637.44,1088.41,606.14,1082.12,668.74
45.275911,1086.525,639.97,1091.25,611.24,1081.8,668.7
45.279912,1086.1999999999998,639.495,1090.1,610.84,1082.3,668.15
45.283914,1087.205,640.37,1091.95,611.52,1082.46,669.22
45.287916,1088.975,643.2750000000001,1094.3,616.34,1083.65,670.21
45.291918,1089.255,636.665,1095.06,606.23,1083.45,667.1
45.295919,1089.415,633.995,1094.81,599.82,1084.02,668.17
45.299921,1089.505,640.5350000000001,1094.9,613.09,1084.11,667.98
45.303923,1089.34,637.465,1093.84,607.46,1084.84,667.47
45.307924,1089.23,640.875,1094.46,616.03,1084.0,665.72
45.311926,1087.6799999999998,638.835,1092.29,611.65,1083.07,666.02
45.315928,1073.15,637.94,1065.14,608.17,1081.16,667.71
45.319929,1036.25,635.755,1019.85,605.41,1052.65,666.1
45.323931,1005.5799999999999,636.425,983.08,605.14,1028.08,667.71
45.327933,1028.425,639.38,1010.36,609.05,1046.49,669.71
45.331934,1030.755,642.015,1017.81,615.37,1043.7,668.66
45.335935,1036.34,644.845,1020.57,621.66,1052.11,668.03
45.339936,1029.03,646.665,1021.79,623.58,1036.27,669.75
45.343937,1029.125,644.16,1022.16,614.53,1036.09,673.79
45.347938,1027.35,654.0999999999999,1019.59,632.42,1035.11,675.78
45.351939,1025.595,649.4949999999999,1020.09,625.43,1031.1,673.56
45.35594,1025.72,653.72,1021.53,631.79,1029.91,675.65
45.359941,1025.27,651.71,1022.24,630.99,1028.3,672.43
45.363942,1025.91,652.55,1022.11,630.26,1029.71,674.84
45.367943,1026.395,656.015,1022.41,637.04,1030.38,674.99
45.371945,1027.31,658.135,1024.33,642.09,1030.29,674.18
45.375946,1027.545,660.845,1027.41,647.34,1027.68,674.35
45.379947,1026.65,664.54,1027.19,655.3,1026.11,673.78
45.383948,1026.23,663.9000000000001,1026.9,654.95,1025.56,672.85
45.387949,1025.425,662.4,1026.24,652.99,1024.61,671.81
45.39195,1023.7650000000001,661.75,1024.64,653.55,1022.89,669.95
45.395951,1026.7849999999999,656.825,1028.05,644.7,1025.52,668.95
45.399952,1025.335,662.59,1027.42,655.69,1023.25,669.49
45.403953,1023.1700000000001,662.96,1023.2,654.22,1023.14,671.7
45.407954,1024.355,665.2650000000001,1023.68,659.58,1025.03,670.95
45.411955,1025.1750000000002,667.0699999999999,1025.21,662.71,1025.14,671.43
45.415956,1026.45,668.2349999999999,1025.72,666.41,1027.18,670.06
45.419957,1028.0149999999999,670.655,1025.6,672.04,1030.43,669.27
45.423958,1027.1100000000001,666.365,1022.01,663.12,1032.21,669.61
45.427959,1028.52,663.22,1023.23,657.02,1033.81,669.42
45.43196,1028.63,661.785,1023.29,654.03,1033.97,669.54
45.435962,1029.77,654.52,1024.57,638.95,1034.97,670.09
45.439963,1029.0749999999998,665.525,1024.04,659.75,1034.11,671.3
45.443964,1029.62,667.49,1023.68,664.95,1035.56,670.03
45.447963,1028.9450000000002,667.6949999999999,1022.24,664.76,1035.65,670.63
45.451962,1028.115,670.2550000000001,1021.68,668.19,1034.55,672.32
45.455961,1027.2649999999999,664.99,1020.78,659.13,1033.75,670.85
45.45996,1026.5,670.01,1021.44,665.28,1031.56,674.74
45.46396,1025.075,663.21,1019.47,652.86,1030.68,673.56
45.467959,1024.65,662.53,1015.78,652.31,1033.52,672.75
45.471958,1023.92,665.395,1016.31,656.47,1031.53,674.32
45.475957,1023.175,667.325,1013.93,661.93,1032.42,672.72
45.479956,1021.175,667.365,1011.16,664.27,1031.19,670.46
45.483956,1021.99,669.8,1012.18,667.01,1031.8,672.59
45.487955,1023.49,670.245,1015.87,662.83,1031.11,677.66
45.491954,1025.98,667.75,1020.04,661.36,1031.92,674.14
45.495953,1026.2849999999999,667.225,1020.79,663.12,1031.78,671.33
45.499953,1025.82,671.645,1018.77,672.28,1032.87,671.01
45.503952,1024.475,663.635,1015.02,658.22,1033.93,669.05
45.507951,1024.25,666.7049999999999,1015.3,659.76,1033.2,673.65
45.51195,1023.365,671.4449999999999,1015.94,667.01,1030.79,675.88
45.515949,1022.7,670.715,1016.48,667.2,1028.92,674.23
45.519949,1023.9749999999999,670.0799999999999,1017.63,669.37,1030.32,670.79
45.523948,1025.21,675.41,1020.24,676.03,1030.18,674.79
45.527947,1024.1,669.0,1019.53,661.15,1028.67,676.85
45.531946,1025.225,664.845,1019.31,657.87,1031.14,671.82
45.535946,1025.5049999999999,663.21,1017.68,656.51,1033.33,669.91
45.539946,1022.035,664.9549999999999,1012.21,658.65,1031.86,671.26
45.543946,1021.3699999999999,664.58,1011.68,657.69,1031.06,671.47
45.547946,1023.235,668.615,1012.46,664.85,1034.01,672.38
45.551945,1023.98,666.385,1011.83,662.16,1036.13,670.61
45.555945,1024.755,667.52,1009.94,664.53,1039.57,670.51
45.559945,1036.8,665.25,1025.08,658.19,1048.52,672.31
45.563945,1113.6999999999998,666.51,1104.03,660.35,1123.37,672.67
45.567945,1145.83,666.3199999999999,1149.12,660.33,1142.54,672.31
45.571945,1149.275,665.975,1148.88,659.2,1149.67,672.75
45.575945,1147.23,666.69,1146.72,660.25,1147.74,673.13
45.579944,1143.35,669.27,1142.38,666.1,1144.32,672.44
45.583944,1129.87,668.365,1127.9,666.5,1131.84,670.23
45.587944,1138.5149999999999,667.9849999999999,1137.36,671.17,1139.67,664.8
45.591944,1136.2800000000002,673.0250000000001,1134.41,678.36,1138.15,667.69
45.595944,1136.37,671.75,1134.6,676.91,1138.14,666.59
45.599944,1135.31,673.8050000000001,1134.61,682.48,1136.01,665.13
45.603944,1134.185,676.575,1131.5,687.67,1136.87,665.48
45.607943,1134.25,677.5699999999999,1131.98,691.54,1136.52,663.6
45.611943,1132.405,679.895,1129.46,698.11,1135.35,661.68
45.615943,1131.275,682.5699999999999,1128.21,702.22,1134.34,662.92
45.619943,1130.975,682.6949999999999,1127.95,703.15,1134.0,662.24
45.623943,1131.23,684.7349999999999,1128.12,708.04,1134.34,661.43
45.627943,1132.775,684.5550000000001,1129.63,707.83,1135.92,661.28
45.631942,1132.045,685.185,1128.68,708.02,1135.41,662.35
45.635942,1132.0100000000002,686.0,1128.38,708.52,1135.64,663.48
45.639942,1132.67,687.61,1128.47,711.37,1136.87,663.85
45.643942,1135.02,688.505,1132.37,712.31,1137.67,664.7
45.647943,1135.06,688.3299999999999,1131.76,712.98,1138.36,663.68
45.651944,1136.55,687.9549999999999,1133.99,711.64,1139.11,664.27
45.655944,1137.85,685.56,1135.16,707.76,1140.54,663.36
45.659945,1138.96,685.52,1138.31,706.29,1139.61,664.75
45.663946,1139.65,682.98,1138.59,701.69,1140.71,664.27
45.667947,1139.705,682.415,1138.34,697.24,1141.07,667.59
45.671948,1140.15,681.39,1139.26,692.98,1141.04,669.8
45.675949,1140.6,683.13,1139.7,694.54,1141.5,671.72
45.679949,1141.02,685.855,1139.0,701.26,1143.04,670.45
45.68395,1140.875,682.4,1140.33,693.43,1141.42,671.37
45.687951,1141.06,681.605,1140.61,690.71,1141.51,672.5
45.691952,1139.94,682.255,1138.53,690.29,1141.35,674.22
45.695953,1139.8400000000001,682.015,1138.03,689.3,1141.65,674.73
45.699953,1138.8899999999999,685.495,1137.01,697.05,1140.77,673.94
45.703954,1137.985,685.29,1134.6,699.32,1141.37,671.26
45.707955,1137.895,687.62,1135.43,702.14,1140.36,673.1
45.711956,1137.915,685.855,1135.34,700.09,1140.49,671.62
45.715957,1137.6599999999999,686.425,1134.8,699.45,1140.52,673.4
45.719957,1138.77,687.31,1135.62,700.74,1141.92,673.88
45.723958,1139.47,684.575,1138.45,693.86,1140.49,675.29
45.727959,1138.27,687.065,1135.06,700.74,1141.48,673.39
45.73196,1137.69,690.06,1133.83,707.17,1141.55,672.95
45.735961,1136.595,688.105,1132.97,707.74,1140.22,668.47
45.739962,1134.815,690.835,1130.58,713.23,1139.05,668.44
45.743963,1134.56,688.63,1129.43,709.87,1139.69,667.39
45.747964,1132.875,690.595,1127.51,710.06,1138.24,671.13
45.751965,1131.22,689.72,1126.42,707.14,1136.02,672.3
45.755967,1129.9250000000002,690.825,1125.21,709.05,1134.64,672.6
45.759968,1127.44,689.145,1122.17,702.34,1132.71,675.95
45.763969,1126.3449999999998,689.16,1121.36,700.28,1131.33,678.04
45.76797,1126.345,690.4449999999999,1120.89,704.33,1131.8,676.56
45.771971,1124.8899999999999,686.3199999999999,1119.09,696.97,1130.69,675.67
45.775973,1125.015,686.715,1119.9,696.19,1130.13,677.24
45.779974,1125.455,689.565,1120.09,698.2,1130.82,680.93
45.783975,1126.185,690.51,1120.79,703.72,1131.58,677.3
45.787976,1127.525,691.925,1122.34,704.14,1132.71,679.71
45.791977,1129.925,690.6,1126.5,703.83,1133.35,677.37
45.795979,1131.6799999999998,690.55,1127.84,707.0,1135.52,674.1
45.79998,1133.815,687.56,1129.04,705.62,1138.59,669.5
45.803981,1134.4250000000002,688.5,1128.46,709.84,1140.39,667.16
45.807982,1135.495,684.72,1131.06,704.75,1139.93,664.69
45.811983,1135.68,691.135,1130.42,715.28,1140.94,666.99
45.815984,1137.8600000000001,686.735,1131.68,707.13,1144.04,666.34
45.819986,1138.8400000000001,685.5999999999999,1134.02,704.68,1143.66,666.52
45.823987,1139.0349999999999,687.135,1132.79,706.86,1145.28,667.41
45.827988,1140.12,682.7049999999999,1134.33,695.78,1145.91,669.63
45.831989,1139.6399999999999,683.24,1133.74,696.1,1145.54,670.38
45.83599,1139.9250000000002,685.0799999999999,1132.91,698.68,1146.94,671.48
45.839992,1139.45,685.95,1131.16,697.53,1147.74,674.37
45.843993,1138.99,683.905,1130.63,695.8,1147.35,672.01
45.847992,1138.355,684.87,1129.83,695.8,1146.88,673.94
45.851992,1137.79,687.165,1126.89,700.08,1148.69,674.25
45.855992,1137.4,687.855,1126.06,701.79,1148.74,673.92
45.859991,1136.92,687.215,1125.79,704.24,1148.05,670.19
45.863991,1138.365,688.565,1127.5,709.08,1149.23,668.05
45.86799,1137.23,687.04,1125.59,707.64,1148.87,666.44
45.87199,1137.7199999999998,689.235,1126.12,713.96,1149.32,664.51
45.875989,1137.6,687.9200000000001,1125.18,712.49,1150.02,663.35
45.879989,1137.45,687.905,1125.4,714.54,1149.5,661.27
45.883989,1137.06,687.5,1126.24,714.55,1147.88,660.45
45.887988,1137.2849999999999,689.34,1125.87,718.58,1148.7,660.1
45.891988,1136.97,688.925,1126.02,718.8,1147.92,659.05
45.895987,1137.76,687.315,1127.55,716.25,1147.97,658.38
45.899987,1137.15,689.05,1127.64,719.48,1146.66,658.62
45.903987,1138.015,690.115,1129.14,720.39,1146.89,659.84
45.907986,1136.99,690.95,1128.88,719.83,1145.1,662.07
45.911986,1139.29,691.215,1133.04,718.33,1145.54,664.1
45.915985,1150.0549999999998,687.825,1141.54,710.03,1158.57,665.62
45.919985,1193.065,690.615,1196.44,714.18,1189.69,667.05
45.923984,1224.385,686.8299999999999,1235.51,707.41,1213.26,666.25
45.927984,1222.44,681.55,1231.37,695.35,1213.51,667.75
45.931984,1221.55,676.27,1229.98,683.99,1213.12,668.55
45.935983,1204.565,672.765,1208.52,675.48,1200.61,670.05
45.939983,1213.85,676.0699999999999,1221.29,681.66,1206.41,670.48
45.943979,1211.56,680.405,1219.87,690.58,1203.25,670.23
45.947976,1213.565,681.265,1220.04,691.41,1207.09,671.12
45.951973,1214.47,680.24,1221.68,690.64,1207.26,669.84
45.955969,1214.9099999999999,681.885,1219.25,693.92,1210.57,669.85
45.959966,1216.955,678.48,1221.13,687.45,1212.78,669.51
45.963963,1217.1599999999999,674.8,1221.86,679.56,1212.46,670.04
45.967959,1214.93,674.575,1220.63,676.93,1209.23,672.22
45.971956,1213.655,677.9549999999999,1219.26,682.92,1208.05,672.99
45.975952,1214.15,679.285,1219.4,684.51,1208.9,674.06
45.979949,1215.21,679.11,1220.6,684.7,1209.82,673.52
45.983946,1215.77,681.9649999999999,1220.9,689.67,1210.64,674.26
45.987942,1216.135,684.355,1221.75,693.39,1210.52,675.32
45.991939,1216.81,683.88,1221.11,692.72,1212.51,675.04
45.995935,1217.32,683.87,1220.8,693.63,1213.84,674.11
45.999932,1216.845,681.0899999999999,1220.93,687.87,1212.76,674.31
46.003929,1216.2,681.5350000000001,1220.77,688.61,1211.63,674.46
46.007925,1214.3200000000002,679.64,1217.18,685.17,1211.46,674.11
46.011922,1215.9099999999999,680.935,1219.84,688.16,1211.98,673.71
46.015919,1216.135,680.4300000000001,1219.29,687.47,1212.98,673.39
46.019915,1215.355,678.295,1218.77,684.41,1211.94,672.18
46.023912,1215.605,678.8050000000001,1220.02,686.0,1211.19,671.61
46.027908,1215.8899999999999,678.725,1218.86,685.12,1212.92,672.33
46.031905,1214.745,679.0550000000001,1217.07,686.46,1212.42,671.65
46.035902,1213.825,674.02,1215.97,678.44,1211.68,669.6
46.039898,1213.93,677.42,1216.72,683.92,1211.14,670.92
46.043895,1211.73,676.245,1212.77,682.77,1210.69,669.72
46.047894,1214.63,676.325,1217.54,685.18,1211.72,667.47
46.051892,1213.845,680.96,1216.92,695.24,1210.77,666.68
46.055891,1214.33,683.69,1216.51,700.92,1212.15,666.46
46.05989,1213.2150000000001,684.845,1215.29,704.45,1211.14,665.24
46.063888,1211.1100000000001,683.56,1211.25,703.0,1210.97,664.12
46.067887,1211.245,682.085,1211.46,700.97,1211.03,663.2
46.071886,1210.72,682.835,1210.43,703.52,1211.01,662.15
46.075885,1209.475,683.1949999999999,1207.7,704.63,1211.25,661.76
46.079883,1212.38,682.0450000000001,1211.59,701.33,1213.17,662.76
46.083882,1214.105,679.8050000000001,1214.34,698.17,1213.87,661.44
46.087881,1215.08,678.5450000000001,1215.59,696.57,1214.57,660.52
46.09188,1214.645,676.85,1213.62,694.6,1215.67,659.1
46.095878,1216.375,677.47,1214.9,695.85,1217.85,659.09
46.099877,1215.5,674.405,1214.5,691.18,1216.5,657.63
46.103876,1216.21,673.205,1215.66,688.59,1216.76,657.82
46.107874,1215.79,671.6949999999999,1214.21,686.52,1217.37,656.87
46.111873,1216.935,671.4000000000001,1215.91,685.96,1217.96,656.84
46.115872,1216.48,671.835,1215.08,685.98,1217.88,657.69
46.119871,1217.67,670.5999999999999,1216.9,684.4,1218.44,656.8
46.123869,1218.375,671.825,1217.19,686.44,1219.56,657.21
46.127868,1219.35,672.675,1218.06,688.33,1220.64,657.02
46.131867,1218.6950000000002,676.21,1217.92,694.27,1219.47,658.15
46.135866,1218.7350000000001,676.825,1217.71,693.78,1219.76,659.87
46.139864,1218.1750000000002,675.735,1217.22,692.48,1219.13,658.99
46.143863,1217.92,677.1800000000001,1215.9,693.89,1219.94,660.47
46.147864,1217.1100000000001,677.7650000000001,1214.25,696.44,1219.97,659.09
46.151865,1216.9850000000001,678.105,1213.43,698.32,1220.54,657.89
46.155866,1217.295,678.5,1213.34,699.69,1221.25,657.31
46.159867,1217.935,677.905,1215.25,699.65,1220.62,656.16
46.163868,1217.175,678.155,1214.98,700.17,1219.37,656.14
46.167869,1217.4299999999998,676.845,1216.51,699.37,1218.35,654.32
46.17187,1215.75,677.09,1214.01,700.08,1217.49,654.1
46.175871,1216.1399999999999,676.125,1213.83,698.69,1218.45,653.56
46.179872,1215.89,674.405,1213.88,697.05,1217.9,651.76
46.183873,1215.5700000000002,674.46,1213.95,696.36,1217.19,652.56
46.187874,1214.98,675.74,1213.38,698.06,1216.58,653.42
46.191875,1216.3249999999998,676.145,1215.33,696.29,1217.32,656.0
46.195877,1215.295,676.1949999999999,1215.14,695.92,1215.45,656.47
46.199878,1214.875,674.1800000000001,1214.84,691.69,1214.91,656.67
46.203879,1214.345,676.0550000000001,1213.89,694.12,1214.8,657.99
46.20788,1214.375,679.155,1213.66,696.76,1215.09,661.55
46.211881,1214.01,681.5450000000001,1212.85,699.52,1215.17,663.57
46.215882,1212.555,685.155,1212.19,705.07,1212.92,665.24
46.219883,1207.24,683.62,1205.71,703.59,1208.77,663.65
46.223884,1183.0100000000002,683.795,1174.13,703.53,1191.89,664.06
46.227885,1172.2150000000001,686.52,1155.79,708.0,1188.64,665.04
46.231886,1174.4450000000002,685.88,1167.25,708.5,1181.64,663.26
46.235887,1179.795,687.27,1170.72,711.69,1188.87,662.85
46.239888,1186.245,686.105,1186.73,710.33,1185.76,661.88
46.243889,1184.395,686.905,1184.2,711.53,1184.59,662.28
46.24789,1181.44,688.475,1181.76,713.33,1181.12,663.62
46.251892,1176.1100000000001,688.19,1176.13,713.59,1176.09,662.79
46.255893,1171.56,687.8699999999999,1167.57,712.68,1175.55,663.06
46.259895,1171.77,687.28,1168.97,711.07,1174.57,663.49
46.263896,1170.4099999999999,687.38,1168.84,709.14,1171.98,665.62
46.267898,1171.8249999999998,685.735,1170.3,706.09,1173.35,665.38
46.271899,1173.085,685.71,1170.71,705.86,1175.46,665.56
46.275901,1174.29,682.9200000000001,1172.54,699.69,1176.04,666.15
46.279902,1173.6599999999999,680.9449999999999,1172.03,697.96,1175.29,663.93
46.283904,1172.725,682.8299999999999,1170.41,700.52,1175.04,665.14
46.287905,1171.1399999999999,682.28,1168.08,699.17,1174.2,665.39
46.291907,1171.17,681.41,1167.57,695.68,1174.77,667.14
46.295908,1172.5149999999999,684.225,1169.08,701.22,1175.95,667.23
46.29991,1172.42,682.86,1168.39,700.01,1176.45,665.71
46.303911,1172.125,681.1949999999999,1168.29,697.33,1175.96,665.06
46.307913,1171.4099999999999,676.65,1167.25,688.91,1175.57,664.39
46.311914,1171.915,676.365,1167.69,689.72,1176.14,663.01
46.315916,1172.145,674.705,1169.92,688.07,1174.37,661.34
46.319917,1173.2800000000002,674.935,1171.9,690.51,1174.66,659.36
46.323919,1174.1599999999999,674.16,1173.87,688.51,1174.45,659.81
46.32792,1174.42,672.03,1175.31,686.85,1173.53,657.21
46.331922,1176.63,673.73,1179.01,690.99,1174.25,656.47
46.335923,1175.77,671.0550000000001,1178.0,687.73,1173.54,654.38
46.339925,1175.41,672.08,1177.44,690.46,1173.38,653.7
46.343926,1175.435,670.75,1178.37,689.0,1172.5,652.5
46.347928,1174.4299999999998,669.085,1176.82,684.69,1172.04,653.48
46.351925,1175.7849999999999,671.255,1179.3,686.59,1172.27,655.92
46.355923,1173.5300000000002,674.0,1177.63,691.27,1169.43,656.73
46.35992,1173.4650000000001,675.83,1176.13,694.94,1170.8,656.72
46.363918,1171.685,676.46,1173.78,694.83,1169.59,658.09
46.367915,1170.565,677.665,1171.19,698.67,1169.94,656.66
46.371913,1169.75,677.9549999999999,1169.36,696.18,1170.14,659.73
46.37591,1170.335,678.3699999999999,1170.33,695.81,1170.34,660.93
46.379908,1169.535,677.865,1167.94,690.01,1171.13,665.72
46.383905,1168.32,680.3050000000001,1166.56,691.73,1170.08,668.88
46.387903,1170.2,682.415,1166.93,695.51,1173.47,669.32
46.3919,1182.49,684.425,1179.42,698.59,1185.56,670.26
46.395898,1222.02,680.045,1228.52,693.55,1215.52,666.54
46.399895,1246.37,680.7850000000001,1249.37,695.86,1243.37,665.71
46.403893,1252.95,676.27,1255.89,687.55,1250.01,664.99
46.40789,1243.67,676.045,1246.98,688.04,1240.36,664.05
46.411888,1243.5149999999999,679.1400000000001,1245.96,690.46,1241.07,667.82
46.415885,1229.845,678.375,1229.06,690.4,1230.63,666.35
46.419882,1239.94,675.22,1238.78,684.03,1241.1,666.41
46.42388,1242.2800000000002,673.715,1242.14,685.24,1242.42,662.19
46.427877,1242.83,675.4449999999999,1246.03,690.25,1239.63,660.64
46.431875,1242.1,676.345,1241.15,692.37,1243.05,660.32
46.435872,1244.5149999999999,676.22,1244.79,693.45,1244.24,658.99
46.43987,1244.55,676.19,1245.48,692.91,1243.62,659.47
46.443867,1242.075,677.185,1242.7,693.48,1241.45,660.89
46.447862,1241.455,677.895,1242.78,695.48,1240.13,660.31
46.451858,1240.5549999999998,679.25,1241.81,696.2,1239.3,662.3
46.455853,1239.68,680.0,1241.43,697.43,1237.93,662.57
46.459848,1240.03,681.23,1242.03,699.37,1238.03,663.09
46.463843,1238.9250000000002,681.1949999999999,1240.39,700.56,1237.46,661.83
46.467839,1237.9650000000001,681.85,1238.95,700.86,1236.98,662.84
46.471834,1237.515,682.915,1236.88,701.45,1238.15,664.38
46.475829,1237.5349999999999,681.6,1237.45,698.58,1237.62,664.62
46.479824,1236.81,679.5350000000001,1235.88,694.74,1237.74,664.33
46.483819,1236.77,676.34,1235.62,690.7,1237.92,661.98
46.487815,1236.62,677.26,1235.71,692.38,1237.53,662.14
46.49181,1237.365,677.3050000000001,1237.13,692.13,1237.6,662.48
46.495805,1238.3200000000002,675.995,1238.63,690.33,1238.01,661.66
46.4998,1239.6550000000002,674.5699999999999,1240.15,687.73,1239.16,661.41
46.503795,1239.37,672.375,1239.99,685.19,1238.75,659.56
46.507791,1240.835,671.595,1242.35,683.94,1239.32,659.25
46.511786,1242.095,671.69,1244.64,683.51,1239.55,659.87
46.515781,1243.1999999999998,670.53,1246.81,681.43,1239.59,659.63
46.519776,1243.155,669.1,1248.32,680.62,1237.99,657.58
46.523771,1243.9650000000001,669.4449999999999,1249.71,681.43,1238.22,657.46
46.527767,1244.39,669.735,1251.15,680.97,1237.63,658.5
46.531762,1245.085,669.995,1250.71,682.37,1239.46,657.62
46.535757,1245.1999999999998,670.03,1251.12,682.22,1239.28,657.84
46.539752,1244.005,670.045,1249.15,683.05,1238.86,657.04
46.543747,1243.58,670.5350000000001,1247.41,684.19,1239.75,656.88
46.547743,1244.395,671.59,1247.83,686.23,1240.96,656.95
46.551738,1243.71,670.96,1246.48,684.88,1240.94,657.04
46.555737,1243.23,672.175,1243.59,687.42,1242.87,656.93
46.559736,1242.94,671.44,1242.16,686.72,1243.72,656.16
46.563736,1243.63,672.635,1240.87,688.7,1246.39,656.57
46.567735,1243.93,674.1500000000001,1240.16,691.2,1247.7,657.1
46.571734,1243.76,675.29,1238.04,693.59,1249.48,656.99
46.575733,1243.43,676.4000000000001,1238.47,693.71,1248.39,659.09
46.579733,1244.9050000000002,677.1600000000001,1240.38,694.19,1249.43,660.13
46.583732,1246.3400000000001,678.0450000000001,1243.67,695.22,1249.01,660.87
46.587731,1244.9099999999999,678.125,1242.2,694.98,1247.62,661.27
46.591731,1246.225,677.435,1246.18,693.53,1246.27,661.34
46.59573,1245.56,678.46,1244.86,694.54,1246.26,662.38
46.599729,1243.8000000000002,677.315,1244.14,693.47,1243.46,661.16
46.603728,1246.06,679.2,1247.59,695.59,1244.53,662.81
46.607728,1246.2150000000001,678.88,1249.24,695.31,1243.19,662.45
46.611727,1245.24,677.81,1249.83,693.89,1240.65,661.73
46.615726,1244.145,676.8199999999999,1249.85,693.93,1238.44,659.71
46.619725,1243.38,675.855,1249.73,694.1,1237.03,657.61
46.623725,1242.07,674.765,1248.52,693.99,1235.62,655.54
46.627724,1241.67,674.13,1247.52,692.59,1235.82,655.67
46.631723,1241.83,672.4749999999999,1246.92,691.31,1236.74,653.64
46.635723,1240.335,672.345,1244.64,691.73,1236.03,652.96
46.639722,1239.83,672.365,1243.36,689.82,1236.3,654.91
46.643721,1240.17,672.6949999999999,1242.94,690.13,1237.4,655.26
46.647723,1238.455,672.49,1239.68,691.46,1237.23,653.52
46.651725,1239.375,673.78,1241.98,692.32,1236.77,655.24
46.655727,1241.0100000000002,674.895,1243.38,693.7,1238.64,656.09
46.659729,1239.935,676.36,1241.55,694.23,1238.32,658.49
46.663732,1242.49,678.23,1244.16,695.5,1240.82,660.96
46.667734,1243.605,679.915,1244.95,697.47,1242.26,662.36
46.671736,1242.72,677.33,1244.14,694.95,1241.3,659.71
46.675738,1244.255,680.4549999999999,1246.07,697.14,1242.44,663.77
46.67974,1246.3899999999999,681.375,1249.07,699.67,1243.71,663.08
46.683742,1246.455,683.015,1248.44,701.78,1244.47,664.25
46.687744,1247.29,684.855,1249.19,705.12,1245.39,664.59
46.691746,1247.795,683.51,1251.68,702.74,1243.91,664.28
46.695748,1247.22,683.6949999999999,1250.7,702.79,1243.74,664.6
46.69975,1245.185,683.19,1248.45,702.83,1241.92,663.55
46.703752,1244.88,683.88,1248.07,705.25,1241.69,662.51
46.707754,1242.98,682.23,1246.38,702.47,1239.58,661.99
46.711756,1241.755,683.165,1243.79,705.66,1239.72,660.67
46.715759,1241.475,684.67,1243.07,706.43,1239.88,662.91
46.719761,1240.085,683.655,1242.25,705.38,1237.92,661.93
46.723763,1238.1950000000002,683.835,1239.64,704.83,1236.75,662.84
46.727765,1238.285,682.545,1240.9,702.41,1235.67,662.68
46.731767,1236.815,681.78,1238.76,701.12,1234.87,662.44
46.735769,1236.295,683.495,1237.64,703.2,1234.95,663.79
46.739771,1235.18,684.87,1237.18,704.94,1233.18,664.8
46.743773,1235.31,684.06,1236.56,703.31,1234.06,664.81
46.747775,1235.9850000000001,683.145,1238.53,700.68,1233.44,665.61
46.751777,1236.635,682.73,1240.58,698.14,1232.69,667.32
46.755779,1237.9250000000002,682.06,1242.65,696.09,1233.2,668.03
46.759782,1237.535,680.12,1242.42,692.37,1232.65,667.87
46.763784,1236.65,679.875,1241.5,691.26,1231.8,668.49
46.767787,1236.9850000000001,679.71,1242.08,691.91,1231.89,667.51
46.77179,1235.615,680.78,1241.0,693.83,1230.23,667.73
46.775792,1236.8249999999998,681.9100000000001,1242.58,696.85,1231.07,666.97
46.779795,1235.755,678.7650000000001,1242.35,691.45,1229.16,666.08
46.783797,1236.75,677.2550000000001,1243.56,688.94,1229.94,665.57
46.7878,1236.45,675.25,1242.5,685.25,1230.4,665.25
46.791803,1235.865,674.995,1242.07,686.96,1229.66,663.03
46.795805,1235.46,674.4849999999999,1240.78,687.54,1230.14,661.43
46.799808,1235.1599999999999,674.7850000000001,1240.49,687.37,1229.83,662.2
46.80381,1234.55,676.3900000000001,1239.74,691.34,1229.36,661.44
46.807813,1236.915,675.74,1241.24,689.97,1232.59,661.51
46.811815,1249.125,674.4300000000001,1252.08,686.97,1246.17,661.89
46.815818,1292.085,672.79,1307.1,684.81,1277.07,660.77
46.819821,1301.5549999999998,669.92,1307.33,681.78,1295.78,658.06
46.823823,1303.3000000000002,669.48,1305.19,682.31,1301.41,656.65
46.827826,1289.6100000000001,671.1,1291.2,686.0,1288.02,656.2
46.831828,1290.3249999999998,670.665,1291.87,687.12,1288.78,654.21
46.835831,1291.7800000000002,669.26,1293.39,685.2,1290.17,653.32
46.839834,1299.625,669.0350000000001,1301.31,687.34,1297.94,650.73
46.843836,1298.545,669.01,1299.27,686.01,1297.82,652.01
46.847836,1301.375,667.29,1303.32,684.61,1299.43,649.97
46.851837,1303.26,667.29,1304.21,684.83,1302.31,649.75
46.855837,1303.765,667.5999999999999,1303.64,686.9,1303.89,648.3
46.859837,1304.405,667.55,1302.96,688.36,1305.85,646.74
46.863838,1303.365,667.595,1301.66,688.81,1305.07,646.38
46.867838,1303.125,668.79,1302.11,691.77,1304.14,645.81
46.871838,1304.94,667.505,1302.72,687.96,1307.16,647.05
46.875838,1305.83,667.69,1303.37,687.91,1308.29,647.47
46.879839,1306.71,667.72,1304.39,686.94,1309.03,648.5
46.883839,1306.27,668.29,1303.35,687.43,1309.19,649.15
46.887839,1307.025,667.51,1304.74,688.2,1309.31,646.82
46.89184,1306.69,666.76,1305.24,687.12,1308.14,646.4
46.89584,1305.45,666.675,1303.95,687.29,1306.95,646.06
46.89984,1305.5949999999998,665.6949999999999,1303.86,687.06,1307.33,644.33
46.90384,1304.48,666.355,1303.45,686.24,1305.51,646.47
46.907841,1304.165,667.44,1303.13,686.61,1305.2,648.27
46.911841,1303.1100000000001,665.49,1302.02,681.91,1304.2,649.07
46.915841,1302.385,665.76,1302.37,683.24,1302.4,648.28
46.919842,1302.5300000000002,665.645,1301.41,683.15,1303.65,648.14
46.923842,1302.95,665.7,1302.74,682.8,1303.16,648.6
46.927842,1303.49,664.6800000000001,1303.47,681.6,1303.51,647.76
46.931842,1303.5149999999999,665.1949999999999,1303.69,681.48,1303.34,648.91
46.935843,1304.345,666.065,1302.65,683.53,1306.04,648.6
46.939843,1304.81,666.18,1303.38,683.93,1306.24,648.43
46.943843,1304.7150000000001,666.2950000000001,1302.76,683.89,1306.67,648.7
46.947844,1305.3600000000001,666.485,1303.55,683.99,1307.17,648.98
46.951844,1305.87,666.615,1303.85,684.89,1307.89,648.34
46.955844,1305.855,666.1500000000001,1303.43,685.94,1308.28,646.36
46.959844,1307.7350000000001,665.63,1305.9,685.89,1309.57,645.37
46.963846,1308.005,665.44,1306.73,685.95,1309.28,644.93
46.967847,1308.28,665.47,1307.7,687.26,1308.86,643.68
46.971848,1308.4850000000001,664.2,1307.82,684.43,1309.15,643.97
46.975849,1309.1350000000002,661.7750000000001,1309.39,680.34,1308.88,643.21
46.97985,1309.3600000000001,661.55,1310.91,678.61,1307.81,644.49
46.983852,1308.475,661.26,1309.83,677.36,1307.12,645.16
46.987853,1308.275,662.025,1310.61,677.66,1305.94,646.39
46.991854,1308.5349999999999,661.89,1311.47,677.78,1305.6,646.0
46.995855,1307.275,662.075,1310.8,677.89,1303.75,646.26
46.999856,1307.78,662.0550000000001,1312.44,676.67,1303.12,647.44
47.003857,1307.0349999999999,664.235,1311.06,678.02,1303.01,650.45
47.007859,1306.135,664.38,1310.15,678.63,1302.12,650.13
47.01186,1304.525,665.335,1306.91,678.54,1302.14,652.13
47.015861,1304.0149999999999,665.8800000000001,1306.79,681.07,1301.24,650.69
47.019862,1303.935,667.12,1306.67,682.69,1301.2,651.55
47.023863,1302.005,668.045,1303.02,684.54,1300.99,651.55
47.027864,1301.845,668.21,1301.96,685.37,1301.73,651.05
47.031866,1301.6950000000002,668.425,1301.47,686.02,1301.92,650.83
47.035867,1302.3400000000001,667.565,1302.04,686.3,1302.64,648.83
47.039868,1302.46,666.7149999999999,1300.48,686.55,1304.44,646.88
47.043869,1302.83,666.44,1300.57,688.01,1305.09,644.87
47.04787,1303.79,666.065,1302.43,688.03,1305.15,644.1
47.05187,1305.185,665.8299999999999,1304.33,687.55,1306.04,644.11
47.055871,1306.795,664.275,1305.43,685.9,1308.16,642.65
47.059871,1306.625,664.55,1304.01,685.41,1309.24,643.69
47.063872,1305.9499999999998,663.31,1303.32,684.51,1308.58,642.11
47.067872,1306.5349999999999,663.105,1302.82,683.92,1310.25,642.29
47.071873,1307.26,662.81,1304.34,683.66,1310.18,641.96
47.075873,1308.505,662.66,1305.26,684.29,1311.75,641.03
47.079874,1307.88,663.565,1303.63,687.03,1312.13,640.1
47.083874,1308.9,663.4000000000001,1305.62,686.19,1312.18,640.61
47.087875,1309.295,663.385,1305.53,685.83,1313.06,640.94
47.091875,1309.9,662.96,1307.1,685.29,1312.7,640.63
47.095876,1309.175,664.3499999999999,1303.61,687.42,1314.74,641.28
47.099876,1311.4050000000002,664.1300000000001,1304.93,687.07,1317.88,641.19
47.103876,1341.4650000000001,664.5799999999999,1349.28,687.52,1333.65,641.64
47.107877,1393.795,663.645,1398.24,685.18,1389.35,642.11
47.111877,1408.04,662.355,1402.94,682.86,1413.14,641.85
47.115878,1406.74,661.225,1401.52,680.76,1411.96,641.69
47.119878,1396.9,661.35,1392.84,680.71,1400.96,641.99
47.123879,1389.315,661.1700000000001,1391.61,680.4,1387.02,641.94
47.127879,1391.645,658.8050000000001,1391.96,676.2,1391.33,641.41
47.13188,1394.17,657.615,1390.49,673.92,1397.85,641.31
47.13588,1397.2,656.22,1395.16,672.44,1399.24,640.0
47.139881,1396.4099999999999,654.66,1391.97,671.66,1400.85,637.66
47.143881,1399.4499999999998,651.995,1396.37,668.73,1402.53,635.26
47.147882,1400.73,651.15,1395.83,667.92,1405.63,634.38
47.151882,1399.4450000000002,650.715,1392.46,667.57,1406.43,633.86
47.155883,1397.53,651.4300000000001,1389.96,670.84,1405.1,632.02
47.159883,1396.7849999999999,650.505,1388.28,670.41,1405.29,630.6
47.163884,1397.155,649.0550000000001,1387.31,669.86,1407.0,628.25
47.167883,1399.175,646.845,1388.75,666.54,1409.6,627.15
47.171882,1398.37,646.5,1387.6,666.96,1409.14,626.04
47.175881,1399.725,646.29,1388.6,667.02,1410.85,625.56
47.179881,1400.37,646.0799999999999,1388.19,666.73,1412.55,625.43
47.18388,1400.6100000000001,645.84,1388.29,666.94,1412.93,624.74
47.187879,1400.395,646.575,1387.43,669.39,1413.36,623.76
47.191878,1400.6100000000001,645.925,1388.21,668.69,1413.01,623.16
47.195877,1399.405,645.395,1388.56,669.31,1410.25,621.48
47.199877,1399.48,644.8299999999999,1389.25,668.66,1409.71,621.0
47.203876,1399.78,645.0,1388.31,667.58,1411.25,622.42
47.207875,1400.805,644.79,1388.46,667.18,1413.15,622.4
47.211874,1400.24,645.165,1388.16,668.17,1412.32,622.16
47.215873,1401.48,645.52,1390.32,667.69,1412.64,623.35
47.219873,1400.4099999999999,645.2349999999999,1389.21,667.79,1411.61,622.68
47.223872,1399.98,645.935,1389.44,668.04,1410.52,623.83
47.227871,1399.0700000000002,647.06,1387.9,668.64,1410.24,625.48
47.23187,1396.665,648.11,1384.31,668.38,1409.02,627.84
47.235869,1395.645,648.4100000000001,1383.41,669.25,1407.88,627.57
47.239869,1396.2849999999999,648.5350000000001,1383.35,668.6,1409.22,628.47
47.243868,1396.835,647.985,1383.06,668.1,1410.61,627.87
47.247867,1398.32,646.655,1385.8,665.95,1410.84,627.36
47.251866,1397.295,646.765,1384.87,666.26,1409.72,627.27
47.255865,1397.96,647.2249999999999,1385.95,666.52,1409.97,627.93
47.259864,1397.5149999999999,647.785,1385.28,667.43,1409.75,628.14
47.263864,1397.84,647.33,1385.59,665.45,1410.09,629.21
47.267863,1397.705,647.005,1386.46,665.99,1408.95,628.02
47.271862,1397.835,646.395,1387.3,664.77,1408.37,628.02
47.275861,1398.33,645.34,1386.89,662.99,1409.77,627.69
47.27986,1398.35,645.2550000000001,1387.98,662.44,1408.72,628.07
47.283859,1397.5949999999998,642.865,1387.83,658.08,1407.36,627.65
47.287859,1396.6999999999998,643.5350000000001,1387.03,658.72,1406.37,628.35
47.291858,1395.535,643.9200000000001,1386.65,659.73,1404.42,628.11
47.295857,1394.96,644.855,1384.92,661.36,1405.0,628.35
47.299856,1394.045,643.5550000000001,1384.52,658.86,1403.57,628.25
47.303855,1394.53,643.8299999999999,1385.19,659.77,1403.87,627.89
47.307855,1394.845,643.325,1385.03,659.48,1404.66,627.17
47.311854,1393.965,644.23,1384.34,661.3,1403.59,627.16
47.315853,1394.115,643.7049999999999,1384.48,661.64,1403.75,625.77
47.319852,1394.46,646.14,1384.63,666.12,1404.29,626.16
47.323851,1394.625,645.66,1384.21,665.9,1405.04,625.42
47.32785,1394.73,645.51,1383.18,665.43,1406.28,625.59
47.33185,1395.25,646.615,1384.51,668.61,1405.99,624.62
47.335849,1393.75,646.1949999999999,1382.19,668.34,1405.31,624.05
47.339848,1387.67,646.825,1375.42,669.12,1399.92,624.53
47.343847,1379.32,647.325,1364.29,669.91,1394.35,624.74
47.347846,1378.2,647.065,1364.38,668.67,1392.02,625.46
47.351845,1377.9099999999999,647.0350000000001,1366.86,669.23,1388.96,624.84
47.355845,1376.845,647.26,1365.27,668.44,1388.42,626.08
47.359844,1373.705,647.545,1363.94,668.31,1383.47,626.78
47.363843,1371.68,646.74,1361.14,666.56,1382.22,626.92
47.367842,1370.8249999999998,648.335,1359.55,667.14,1382.1,629.53
47.371842,1369.46,649.185,1358.65,668.39,1380.27,629.98
47.375841,1369.195,650.08,1358.78,667.96,1379.61,632.2
47.379841,1368.685,651.355,1357.85,668.39,1379.52,634.32
47.383841,1370.8200000000002,651.47,1361.67,668.6,1379.97,634.34
47.38784,1370.43,652.38,1361.13,670.5,1379.73,634.26
47.39184,1370.7849999999999,653.25,1361.83,671.81,1379.74,634.69
47.39584,1369.525,654.19,1360.46,672.34,1378.59,636.04
47.399839,1368.445,655.25,1358.84,674.14,1378.05,636.36
47.403839,1368.54,657.035,1358.07,677.55,1379.01,636.52
47.407838,1367.685,656.83,1357.56,677.7,1377.81,635.96
47.411838,1366.01,656.1800000000001,1357.24,676.98,1374.78,635.38
47.415838,1365.695,655.71,1357.05,676.43,1374.34,634.99
47.419837,1364.655,655.26,1356.77,675.56,1372.54,634.96
47.423837,1363.665,655.8199999999999,1356.8,677.74,1370.53,633.9
47.427837,1361.655,655.81,1356.2,677.42,1367.11,634.2
47.431836,1363.2600000000002,655.04,1357.89,674.99,1368.63,635.09
47.435836,1363.0349999999999,655.55,1357.08,675.99,1368.99,635.11
47.439836,1363.685,654.145,1358.18,674.05,1369.19,634.24
47.443835,1364.405,652.975,1359.69,672.12,1369.12,633.83
47.447836,1364.585,650.875,1360.31,667.82,1368.86,633.93
47.451836,1364.18,652.0999999999999,1360.19,670.06,1368.17,634.14
47.455836,1364.535,651.3,1360.18,669.18,1368.89,633.42
47.459836,1363.0300000000002,652.335,1358.64,670.44,1367.42,634.23
47.463837,1362.755,652.185,1356.61,670.68,1368.9,633.69
47.467837,1362.8850000000002,653.405,1356.39,672.4,1369.38,634.41
47.471837,1364.6799999999998,654.185,1358.58,674.08,1370.78,634.29
47.475838,1364.395,656.745,1357.81,676.98,1370.98,636.51
47.479838,1365.115,655.185,1359.49,675.12,1370.74,635.25
47.483838,1364.54,657.08,1358.38,677.97,1370.7,636.19
47.487839,1363.53,656.8299999999999,1357.35,675.67,1369.71,637.99
47.491839,1361.615,657.6600000000001,1354.38,677.44,1368.85,637.88
47.495839,1362.125,658.16,1355.85,676.66,1368.4,639.66
47.49984,1361.225,659.53,1354.34,679.38,1368.11,639.68
47.50384,1363.165,659.555,1357.56,679.05,1368.77,640.06
47.50784,1364.1799999999998,660.7,1359.02,680.1,1369.34,641.3
47.511841,1364.62,659.105,1360.54,677.92,1368.7,640.29
47.515841,1362.4299999999998,658.435,1356.25,677.12,1368.61,639.75
47.519841,1360.815,656.475,1353.78,675.97,1367.85,636.98
47.523841,1362.0700000000002,657.51,1356.68,676.56,1367.46,638.46
47.527842,1359.935,656.395,1353.45,675.03,1366.42,637.76
47.531842,1360.1100000000001,657.34,1354.21,677.57,1366.01,637.11
47.535842,1359.495,658.5,1353.32,677.39,1365.67,639.61
47.539843,1360.0149999999999,658.53,1353.98,677.1,1366.05,639.96
47.543843,1360.655,658.5,1355.61,677.5,1365.7,639.5
47.547843,1361.675,658.02,1357.99,676.55,1365.36,639.49
47.551844,1360.495,658.31,1355.12,678.45,1365.87,638.17
47.555844,1360.205,658.925,1354.83,679.83,1365.58,638.02
47.559844,1360.42,658.655,1354.19,678.93,1366.65,638.38
47.563845,1361.05,661.3050000000001,1354.62,680.37,1367.48,642.24
47.567845,1361.255,659.87,1353.69,679.65,1368.82,640.09
47.571845,1362.8,660.535,1355.51,681.26,1370.09,639.81
47.575845,1362.63,660.02,1355.78,679.92,1369.48,640.12
47.579844,1361.815,658.87,1355.94,679.19,1367.69,638.55
47.583844,1361.6799999999998,660.38,1355.57,682.13,1367.79,638.63
47.587843,1362.415,659.165,1355.23,679.71,1369.6,638.62
47.591843,1363.13,658.93,1355.04,678.3,1371.22,639.56
47.595842,1362.44,659.46,1355.28,678.27,1369.6,640.65
47.599842,1363.525,658.7750000000001,1357.75,678.36,1369.3,639.19
47.603841,1363.73,658.03,1358.31,678.8,1369.15,637.26
47.607841,1364.1599999999999,658.78,1359.75,679.1,1368.57,638.46
47.61184,1362.9499999999998,659.4649999999999,1357.1,680.8,1368.8,638.13
47.61584,1361.505,658.9449999999999,1355.76,679.41,1367.25,638.48
47.619839,1363.72,659.355,1356.27,679.78,1371.17,638.93
47.623839,1364.8000000000002,659.46,1357.72,679.84,1371.88,639.08
47.627838,1365.575,659.36,1359.21,679.58,1371.94,639.14
47.631838,1365.595,660.1,1359.75,681.49,1371.44,638.71
47.635837,1364.135,659.86,1358.65,681.83,1369.62,637.89
47.639837,1365.275,660.4200000000001,1361.18,683.1,1369.37,637.74
47.643836,1363.69,661.0999999999999,1358.29,682.91,1369.09,639.29
47.647836,1363.06,661.145,1356.13,682.14,1369.99,640.15
47.651837,1360.1950000000002,660.38,1350.13,682.05,1370.26,638.71
47.655837,1361.285,659.865,1352.41,681.22,1370.16,638.51
47.659837,1361.93,660.3,1351.96,681.49,1371.9,639.11
47.663837,1359.0549999999998,659.72,1350.58,680.77,1367.53,638.67
47.667837,1331.225,660.63,1301.79,683.87,1360.66,637.39
47.671837,1228.755,662.905,1188.26,688.12,1269.25,637.69
47.675837,1112.45,661.795,1058.16,684.66,1166.74,638.93
47.679837,1009.5550000000001,663.87,936.37,687.89,1082.74,639.85
47.683837,932.3499999999999,663.9200000000001,871.17,685.96,993.53,641.88
47.687837,865.88,669.4100000000001,802.6,690.34,929.16,648.48
47.691837,772.585,679.615,710.57,699.5,834.6,659.73
47.695837,697.095,703.05,630.51,713.28,763.68,692.82
47.699837,603.59,716.94,561.48,715.76,645.7,718.12
47.703837,528.515,731.45,500.48,734.28,556.55,728.62
47.707837,467.145,733.5550000000001,423.1,732.62,511.19,734.49
47.711838,400.725,738.81,387.2,738.69,414.25,738.93
47.715838,373.13,734.915,363.89,734.75,382.37,735.08
47.719838,356.45500000000004,730.825,358.69,730.32,354.22,731.33
47.723838,366.52,738.1500000000001,372.79,743.23,360.25,733.07
47.727838,381.92,740.23,389.67,744.95,374.17,735.51
47.731838,381.88,741.46,390.81,747.96,372.95,734.96
47.735838,378.68,743.95,387.18,751.22,370.18,736.68
47.739838,366.305,742.895,369.19,748.16,363.42,737.63
47.743838,362.755,745.03,368.41,749.05,357.1,741.01
47.747838,360.48,745.9,363.98,751.52,356.98,740.28
47.751838,361.07000000000005,745.345,366.16,750.23,355.98,740.46
47.755838,357.58500000000004,747.935,357.51,750.73,357.66,745.14
47.759838,356.545,746.21,359.42,747.14,353.67,745.28
47.763838,363.75,747.9300000000001,369.69,749.57,357.81,746.29
47.767839,362.715,748.735,367.28,749.74,358.15,747.73
47.771839,359.635,750.325,363.27,749.91,356.0,750.74
47.775839,360.935,751.0450000000001,367.65,751.24,354.22,750.85
47.779835,357.41999999999996,750.09,362.32,751.08,352.52,749.1
47.783831,359.04999999999995,751.61,364.83,752.1,353.27,751.12
47.787827,358.83500000000004,749.655,364.51,752.04,353.16,747.27
47.791823,359.305,749.3399999999999,365.37,751.18,353.24,747.5
47.79582,358.555,748.685,364.63,750.56,352.48,746.81
47.799816,359.155,746.385,367.14,748.07,351.17,744.7
47.803812,359.77,746.745,367.21,748.86,352.33,744.63
47.807808,357.97,745.765,364.88,747.75,351.06,743.78
47.811804,357.89,743.97,364.46,745.86,351.32,742.08
47.8158,357.94,742.89,365.04,744.89,350.84,740.89
47.819797,354.725,742.3699999999999,359.48,743.06,349.97,741.68
47.823793,353.32000000000005,741.775,357.48,740.76,349.16,742.79
47.827789,353.685,741.63,359.37,739.5,348.0,743.76
47.831785,353.70000000000005,742.3050000000001,357.74,739.7,349.66,744.91
47.835781,353.95500000000004,743.265,358.12,740.04,349.79,746.49
47.839778,352.84000000000003,744.0699999999999,355.17,741.03,350.51,747.11
47.843774,352.745,744.335,354.75,740.91,350.74,747.76
47.847768,353.18,743.55,353.82,741.36,352.54,745.74
47.851762,352.135,744.415,351.89,741.87,352.38,746.96
47.855757,351.435,744.22,350.96,741.48,351.91,746.96
47.859751,351.795,744.695,349.12,740.95,354.47,748.44
47.863745,352.65,744.5250000000001,350.76,741.72,354.54,747.33
47.86774,354.71000000000004,744.7850000000001,351.95,742.34,357.47,747.23
47.871734,354.625,743.6800000000001,350.67,742.13,358.58,745.23
47.875729,355.365,744.21,350.05,743.83,360.68,744.59
47.879723,354.985,743.015,349.69,742.67,360.28,743.36
47.883717,350.725,742.4549999999999,347.25,741.23,354.2,743.68
47.887712,334.5,741.79,338.6,742.18,330.4,741.4
47.891706,309.71500000000003,740.925,312.39,741.69,307.04,740.16
47.8957,306.01,740.89,311.55,741.9,300.47,739.88
47.899695,300.345,739.085,298.7,739.61,301.99,738.56
47.903689,313.525,740.235,316.46,740.62,310.59,739.85
47.907683,305.53499999999997,741.09,303.86,741.35,307.21,740.83
47.911678,308.155,738.725,305.25,737.44,311.06,740.01
47.915672,305.06,741.76,301.12,742.79,309.0,740.73
47.919666,297.86,738.025,295.65,736.65,300.07,739.4
47.923661,298.915,738.9449999999999,295.73,735.15,302.1,742.74
47.927655,296.825,738.37,292.84,738.2,300.81,738.54
47.931649,299.17,735.7950000000001,295.93,733.02,302.41,738.57
47.935644,298.705,739.165,294.57,738.39,302.84,739.94
47.939638,297.92499999999995,736.84,292.46,735.35,303.39,738.33
47.943633,296.765,739.675,289.75,738.6,303.78,740.75
47.947627,299.51,739.435,294.55,739.21,304.47,739.66
47.951621,299.12,736.81,293.54,736.8,304.7,736.82
47.955616,299.75,737.98,296.06,738.52,303.44,737.44
47.95961,299.02,737.78,293.45,737.08,304.59,738.48
47.963604,298.95500000000004,739.585,293.67,740.33,304.24,738.84
47.967599,299.595,739.1949999999999,291.99,740.89,307.2,737.5
47.971593,299.055,739.76,291.63,739.95,306.48,739.57
47.975587,297.58500000000004,739.7750000000001,289.05,738.08,306.12,741.47
47.979582,297.71000000000004,739.22,287.63,735.77,307.79,742.67
47.983578,298.4,739.0550000000001,288.97,733.47,307.83,744.64
47.987575,299.635,738.815,290.54,733.13,308.73,744.5
47.991572,297.70500000000004,738.72,287.66,734.37,307.75,743.07
47.995569,296.44500000000005,739.085,286.79,733.66,306.1,744.51
47.999565,294.935,738.7,286.21,734.4,303.66,743.0
48.003562,294.115,739.22,285.78,734.92,302.45,743.52
48.007559,294.125,736.865,285.46,730.85,302.79,742.88
48.011556,292.65,736.3800000000001,285.63,729.82,299.67,742.94
48.015552,292.14,733.11,285.41,724.07,298.87,742.15
48.019549,293.415,734.81,286.35,728.1,300.48,741.52
48.023546,293.105,734.39,285.9,727.48,300.31,741.3
48.027543,292.25,733.965,286.08,727.49,298.42,740.44
48.031539,292.495,733.875,287.45,728.04,297.54,739.71
48.035536,294.095,733.95,292.29,726.0,295.9,741.9
48.039533,297.48,733.835,297.1,726.59,297.86,741.08
48.04353,299.21500000000003,734.165,298.69,724.62,299.74,743.71
48.047531,298.5,734.4200000000001,294.87,725.13,302.13,743.71
48.051533,301.03499999999997,735.365,295.34,727.07,306.73,743.66
48.055535,300.21000000000004,734.96,291.91,726.67,308.51,743.25
48.059536,302.075,735.765,294.26,727.5,309.89,744.03
48.063538,300.07,735.835,291.68,727.46,308.46,744.21
48.06754,300.13,736.235,291.98,728.88,308.28,743.59
48.071541,300.5,738.315,293.97,732.3,307.03,744.33
48.075543,300.03999999999996,739.36,292.02,733.39,308.06,745.33
48.079545,300.43499999999995,739.315,293.09,734.75,307.78,743.88
48.083547,300.515,739.285,293.76,734.53,307.27,744.04
48.087548,299.485,739.89,292.4,735.81,306.57,743.97
48.09155,299.095,739.165,292.81,734.7,305.38,743.63
48.095552,296.72,740.6600000000001,288.94,737.0,304.5,744.32
48.099553,298.39,741.29,291.75,738.0,305.03,744.58
48.103555,297.28999999999996,741.3299999999999,290.59,738.43,303.99,744.23
48.107557,297.795,742.6700000000001,289.12,739.96,306.47,745.38
48.111559,297.67999999999995,743.315,289.02,741.48,306.34,745.15
48.11556,298.17,744.04,287.12,742.12,309.22,745.96
48.119562,298.255,744.7249999999999,287.31,743.67,309.2,745.78
48.123564,298.73,743.02,286.35,741.28,311.11,744.76
48.127565,296.83500000000004,744.275,284.86,743.06,308.81,745.49
48.131567,298.97,745.7049999999999,285.92,744.29,312.02,747.12
48.135569,299.925,745.49,288.93,745.28,310.92,745.7
48.139571,299.46,744.385,290.65,744.15,308.27,744.62
48.143572,302.77,743.9100000000001,294.49,743.46,311.05,744.36
48.147574,300.23,745.37,289.32,743.48,311.14,747.26
48.151576,299.015,745.12,288.94,743.52,309.09,746.72
48.155577,300.56,744.825,291.83,743.76,309.29,745.89
48.159579,301.27,745.135,293.91,743.58,308.63,746.69
48.163581,300.57,743.95,293.2,740.74,307.94,747.16
48.167583,300.795,744.675,294.99,742.41,306.6,746.94
48.171584,301.685,743.615,294.94,740.88,308.43,746.35
48.175586,301.92,743.955,295.87,741.94,307.97,745.97
48.179588,302.325,745.515,294.57,742.42,310.08,748.61
48.183589,302.745,747.125,293.86,743.49,311.63,750.76
48.187593,301.895,746.465,290.98,743.7,312.81,749.23
48.191596,299.415,747.835,288.17,745.21,310.66,750.46
48.195599,299.46000000000004,744.94,287.93,740.64,310.99,749.24
48.199602,298.14,745.325,285.82,740.21,310.46,750.44
48.203605,298.03,747.63,285.7,744.0,310.36,751.26
48.207608,298.065,749.3499999999999,287.0,747.67,309.13,751.03
48.211611,299.03,748.115,287.53,746.03,310.53,750.2
48.215614,299.345,748.02,288.67,746.03,310.02,750.01
48.219618,300.605,748.36,291.92,745.48,309.29,751.24
48.223621,300.485,746.12,292.46,741.11,308.51,751.13
48.227624,299.36,745.895,290.87,741.29,307.85,750.5
48.231627,300.355,747.35,293.14,743.0,307.57,751.7
48.23563,299.83000000000004,746.7449999999999,290.91,742.56,308.75,750.93
48.239633,297.615,749.28,285.98,746.06,309.25,752.5
48.243636,300.07,749.3,290.08,745.04,310.06,753.56
48.247637,299.685,747.8299999999999,290.16,742.73,309.21,752.93
48.251638,298.94,748.005,287.8,741.54,310.08,754.47
48.255639,297.615,747.775,286.55,739.89,308.68,755.66
48.25964,296.87,747.76,284.58,739.29,309.16,756.23
48.263641,294.755,747.4649999999999,281.06,739.05,308.45,755.88
48.267642,292.995,748.845,277.98,740.74,308.01,756.95
48.271643,293.15999999999997,748.835,277.89,740.61,308.43,757.06
48.275644,292.685,747.56,279.06,738.15,306.31,756.97
48.279645,292.485,748.73,278.84,740.42,306.13,757.04
48.283646,298.82,747.4849999999999,286.39,738.18,311.25,756.79
48.287647,327.605,747.55,322.83,739.04,332.38,756.06
48.291648,409.24,748.605,406.62,739.51,411.86,757.7
48.295649,414.78,748.2950000000001,409.69,739.08,419.87,757.51
48.29965,398.28,749.155,390.02,738.96,406.54,759.35
48.303651,358.2,748.745,345.26,737.54,371.14,759.95
48.307652,353.845,750.35,344.57,736.96,363.12,763.74
48.311654,365.18,748.685,348.32,733.82,382.04,763.55
48.315655,378.04,749.8399999999999,361.79,733.4,394.29,766.28
48.319656,379.95500000000004,751.755,376.23,736.96,383.68,766.55
48.323657,382.445,752.7249999999999,378.21,738.16,386.68,767.29
48.327658,387.59000000000003,753.015,382.02,739.52,393.16,766.51
48.331659,389.22,752.69,385.01,739.36,393.43,766.02
48.33566,387.14,755.355,382.06,742.89,392.22,767.82
48.339661,386.305,756.45,381.13,741.44,391.48,771.46
48.343662,386.63,758.22,383.39,743.28,389.87,773.16
48.347663,386.0,758.1700000000001,381.49,741.95,390.51,774.39
48.351664,387.77,756.31,384.33,740.61,391.21,772.01
48.355665,387.32500000000005,758.6800000000001,384.48,744.82,390.17,772.54
48.359666,388.98,761.02,387.39,749.03,390.57,773.01
48.363667,387.85,760.87,384.4,748.88,391.3,772.86
48.367668,388.735,761.14,384.81,749.1,392.66,773.18
48.371669,387.855,762.37,384.12,750.34,391.59,774.4
48.37567,385.905,762.72,380.54,749.08,391.27,776.36
48.379671,383.53499999999997,762.345,376.38,746.49,390.69,778.2
48.383672,381.91999999999996,761.8,372.82,747.32,391.02,776.28
48.387673,380.915,759.8299999999999,370.23,743.05,391.6,776.61
48.391674,379.36,761.355,367.6,746.4,391.12,776.31
48.395676,379.275,761.7049999999999,369.05,746.53,389.5,776.88
48.399677,376.94,761.7850000000001,367.49,745.96,386.39,777.61
48.403679,377.78,760.965,365.62,744.85,389.94,777.08
48.40768,377.33500000000004,760.3,364.47,743.19,390.2,777.41
48.411681,377.32000000000005,761.75,364.6,745.04,390.04,778.46
48.415683,376.825,762.2449999999999,363.65,745.18,390.0,779.31
48.419684,377.505,762.49,365.19,745.71,389.82,779.27
48.423686,378.77,763.47,368.55,747.52,388.99,779.42
48.427687,378.28499999999997,763.75,369.43,748.75,387.14,778.75
48.431689,378.70500000000004,763.6700000000001,371.23,750.44,386.18,776.9
48.43569,378.83500000000004,763.56,372.8,752.63,384.87,774.49
48.439691,378.62,762.48,373.07,751.5,384.17,773.46
48.443693,381.04999999999995,763.5699999999999,374.65,754.63,387.45,772.51
48.447693,381.255,764.035,375.61,755.54,386.9,772.53
48.451693,381.70500000000004,767.2449999999999,376.79,757.06,386.62,777.43
48.455694,382.04499999999996,765.9100000000001,378.07,756.36,386.02,775.46
48.459694,382.135,766.115,378.97,756.6,385.3,775.63
48.463694,382.565,765.755,379.45,756.93,385.68,774.58
48.467695,382.105,764.1800000000001,378.09,754.19,386.12,774.17
48.471695,382.355,764.8399999999999,377.85,755.67,386.86,774.01
48.475695,382.485,765.025,378.1,757.02,386.87,773.03
48.479696,383.18,765.895,378.0,757.39,388.36,774.4
48.483696,382.62,766.605,375.26,758.55,389.98,774.66
48.487696,382.06,767.46,374.86,759.76,389.26,775.16
48.491696,380.5,767.56,372.69,759.5,388.31,775.62
48.495697,378.42,766.24,368.6,758.88,388.24,773.6
48.499697,378.61,767.175,368.91,760.66,388.31,773.69
48.503697,378.03499999999997,766.915,367.57,760.9,388.5,772.93
48.507698,378.565,767.8499999999999,369.12,761.16,388.01,774.54
48.511698,378.94,768.175,369.85,764.13,388.03,772.22
48.515698,379.17,767.11,371.22,764.59,387.12,769.63
48.519699,377.525,767.0250000000001,367.67,763.45,387.38,770.6
48.523699,377.27,765.22,368.26,759.85,386.28,770.59
48.527699,377.115,766.5,370.27,760.82,383.96,772.18
48.531699,376.49,766.765,370.33,761.68,382.65,771.85
48.5357,377.14,766.225,371.27,762.51,383.01,769.94
48.5397,378.11,765.315,372.45,761.58,383.77,769.05
48.5437,376.56,764.925,371.56,759.88,381.56,769.97
48.547701,375.99,765.425,371.05,760.42,380.93,770.43
48.551701,375.98,763.7850000000001,369.9,757.86,382.06,769.71
48.555701,376.16499999999996,763.145,371.39,756.12,380.94,770.17
48.559701,376.09000000000003,762.87,370.93,756.12,381.25,769.62
48.563702,375.70500000000004,764.325,372.69,756.4,378.72,772.25
48.567702,376.52,766.415,374.2,758.49,378.84,774.34
48.571702,378.255,766.2249999999999,376.89,758.3,379.62,774.15
48.575703,382.925,764.7,382.24,757.62,383.61,771.78
48.579703,382.99,765.2850000000001,381.06,756.61,384.92,773.96
48.583703,383.63,765.87,382.35,756.55,384.91,775.19
48.587704,386.71500000000003,765.45,388.14,756.83,385.29,774.07
48.591704,388.91999999999996,764.775,392.57,756.52,385.27,773.03
48.595705,389.655,764.525,395.59,757.63,383.72,771.42
48.599707,390.26,764.645,396.19,757.52,384.33,771.77
48.603708,391.135,765.4749999999999,396.94,758.15,385.33,772.8
48.607709,391.14,763.6500000000001,397.07,756.44,385.21,770.86
48.611711,389.79499999999996,762.61,395.09,754.71,384.5,770.51
48.615712,389.90999999999997,761.4849999999999,395.38,753.05,384.44,769.92
48.619713,387.91999999999996,763.36,392.71,754.51,383.13,772.21
48.623715,387.46000000000004,762.935,393.05,754.3,381.87,771.57
48.627716,388.125,763.4100000000001,394.16,755.33,382.09,771.49
48.631717,387.8,764.3050000000001,393.92,754.25,381.68,774.36
48.635719,386.155,766.6600000000001,390.46,755.47,381.85,777.85
48.63972,384.53499999999997,769.13,387.57,756.77,381.5,781.49
48.643721,383.345,770.0250000000001,386.29,757.59,380.4,782.46
48.647722,382.96500000000003,771.05,384.42,757.81,381.51,784.29
48.651722,383.36,770.74,383.69,758.12,383.03,783.36
48.655722,382.24,772.015,382.03,759.22,382.45,784.81
48.659723,382.27,770.45,381.18,759.16,383.36,781.74
48.663723,381.425,769.8299999999999,379.6,758.91,383.25,780.75
48.667723,378.99,768.265,374.76,757.36,383.22,779.17
48.671724,377.51,766.715,372.91,754.07,382.11,779.36
48.675724,379.135,767.02,374.09,755.43,384.18,778.61
48.679724,429.99,765.3299999999999,408.99,754.55,450.99,776.11
48.683725,466.55,763.185,445.38,748.54,487.72,777.83
48.687725,479.33000000000004,761.015,463.74,746.6,494.92,775.43
48.691725,477.03999999999996,759.81,462.59,745.54,491.49,774.08
48.695726,466.86,760.175,457.08,745.88,476.64,774.47
48.699726,451.9,757.37,448.98,742.9,454.82,771.84
48.703726,458.36,758.425,453.93,744.59,462.79,772.26
48.707727,465.02,758.52,458.2,743.5,471.84,773.54
48.711727,468.46500000000003,761.7149999999999,467.82,747.53,469.11,775.9
48.715727,468.365,762.0899999999999,466.02,747.87,470.71,776.31
48.719728,469.15,762.4649999999999,469.86,749.53,468.44,775.4
48.723728,471.0,762.405,471.86,750.61,470.14,774.2
48.727728,469.275,763.62,471.75,752.49,466.8,774.75
48.731729,467.625,763.845,470.74,752.87,464.51,774.82
48.735729,468.67999999999995,764.71,474.53,755.18,462.83,774.24
48.739729,470.05,766.16,476.72,756.67,463.38,775.65
48.743729,471.99,767.395,478.42,759.02,465.56,775.77
48.74773,473.35,767.31,480.09,758.55,466.61,776.07
48.75173,473.71000000000004,767.725,479.87,760.21,467.55,775.24
48.75573,473.67499999999995,766.825,479.33,759.15,468.02,774.5
48.759731,474.36,766.875,480.75,759.85,467.97,773.9
48.763731,474.6,766.62,480.18,759.72,469.02,773.52
48.767731,473.97,766.7049999999999,479.52,759.99,468.42,773.42
48.771732,474.055,766.5799999999999,479.8,760.23,468.31,772.93
48.775732,475.155,767.325,480.77,761.84,469.54,772.81
48.779732,476.455,768.37,481.26,763.23,471.65,773.51
48.783733,475.815,768.65,481.17,764.43,470.46,772.87
48.787733,475.54999999999995,767.85,480.7,763.01,470.4,772.69
48.791733,475.695,767.895,480.58,763.31,470.81,772.48
48.795734,474.505,768.4649999999999,480.15,763.01,468.86,773.92
48.799732,475.205,767.73,480.65,762.88,469.76,772.58
48.80373,474.69,768.22,479.24,764.62,470.14,771.82
48.807728,474.33,767.2750000000001,478.38,763.36,470.28,771.19
48.811727,473.765,768.575,478.32,763.08,469.21,774.07
48.815725,472.63,767.605,478.12,762.79,467.14,772.42
48.819723,471.265,768.515,477.69,762.79,464.84,774.24
48.823722,469.84000000000003,768.125,476.62,761.83,463.06,774.42
48.82772,470.21500000000003,768.51,475.71,761.92,464.72,775.1
48.831718,467.975,768.5899999999999,475.43,762.05,460.52,775.13
48.835717,467.07,767.505,474.32,762.51,459.82,772.5
48.839715,468.85,766.8499999999999,474.16,761.78,463.54,771.92
48.843713,468.1,768.875,472.23,762.87,463.97,774.88
48.847712,465.81,767.135,470.2,760.76,461.42,773.51
48.851711,466.03,768.05,470.41,760.9,461.65,775.2
48.85571,466.91999999999996,765.0699999999999,470.26,759.35,463.58,770.79
48.859709,466.345,766.4,470.97,759.93,461.72,772.87
48.863709,467.475,766.065,469.32,759.62,465.63,772.51
48.867708,466.98,766.2349999999999,468.79,759.81,465.17,772.66
48.871707,467.65999999999997,766.515,469.57,760.11,465.75,772.92
48.875706,467.145,767.12,468.76,760.53,465.53,773.71
48.879705,467.145,768.01,469.59,761.95,464.7,774.07
48.883704,465.47,768.8050000000001,470.28,762.5,460.66,775.11
48.887703,465.235,767.6600000000001,471.03,762.46,459.44,772.86
48.891702,466.4,768.095,471.75,762.78,461.05,773.41
48.895701,465.42,768.13,472.16,762.58,458.68,773.68
48.8997,464.495,767.915,471.64,762.17,457.35,773.66
48.903699,464.115,767.775,471.15,762.62,457.08,772.93
48.907698,465.11,767.2149999999999,472.71,762.88,457.51,771.55
48.911698,466.62,767.8,472.65,763.9,460.59,771.7
48.915697,466.99,767.315,471.43,762.44,462.55,772.19
48.919696,465.34000000000003,765.86,469.74,761.0,460.94,770.72
48.923695,464.6,764.4649999999999,469.03,758.25,460.17,770.68
48.927694,464.82500000000005,764.7149999999999,468.47,759.67,461.18,769.76
48.931693,464.87,764.62,468.21,759.19,461.53,770.05
48.935692,466.275,764.8599999999999,467.5,760.17,465.05,769.55
48.939691,464.87,762.26,466.9,755.28,462.84,769.24
48.94369,465.315,763.3399999999999,466.51,756.64,464.12,770.04
48.947689,464.51,764.71,464.62,758.72,464.4,770.7
48.951688,464.16499999999996,762.95,464.07,755.11,464.26,770.79
48.955687,464.57,764.39,465.64,757.14,463.5,771.64
48.959687,464.105,762.905,464.81,755.56,463.4,770.25
48.963686,464.89,762.405,465.73,755.11,464.05,769.7
48.967685,465.38,762.845,465.93,756.49,464.83,769.2
48.971684,465.495,762.6400000000001,465.63,755.57,465.36,769.71
48.975683,464.77,762.905,465.31,755.41,464.23,770.4
48.979682,463.54999999999995,763.105,464.57,755.35,462.53,770.86
48.983681,463.745,762.415,465.41,754.76,462.08,770.07
48.98768,462.345,762.9300000000001,465.37,756.07,459.32,769.79
48.991679,463.475,763.185,466.38,756.41,460.57,769.96
48.995678,462.90999999999997,763.8,466.08,756.4,459.74,771.2
48.999677,461.095,763.2950000000001,464.64,756.74,457.55,769.85
49.003677,461.225,763.35,463.63,756.38,458.82,770.32
49.007676,460.41499999999996,764.735,463.25,758.34,457.58,771.13
49.011676,459.48,764.825,462.61,757.79,456.35,771.86
49.015675,459.25,765.87,462.61,759.25,455.89,772.49
49.019675,460.07000000000005,765.865,463.48,759.87,456.66,771.86
49.023674,461.025,765.905,464.02,759.97,458.03,771.84
49.027674,460.53,767.58,463.58,761.96,457.48,773.2
49.031673,460.96000000000004,768.775,462.49,762.56,459.43,774.99
49.035673,459.555,768.7049999999999,459.74,761.86,459.37,775.55
49.039672,460.755,767.9649999999999,461.04,760.29,460.47,775.64
49.043672,461.57000000000005,768.5799999999999,461.79,760.98,461.35,776.18
49.047672,462.19500000000005,769.2850000000001,462.92,761.45,461.47,777.12
49.051673,463.58000000000004,769.485,464.54,760.9,462.62,778.07
49.055673,463.675,769.315,465.16,759.84,462.19,778.79
49.059674,463.605,769.19,465.33,760.15,461.88,778.23
49.063675,462.605,769.2850000000001,462.88,761.19,462.33,777.38
49.067675,460.39,769.185,460.53,760.7,460.25,777.67
49.071676,461.87,770.62,462.46,762.24,461.28,779.0
49.075676,460.40999999999997,769.6,463.26,762.08,457.56,777.12
49.079677,461.195,770.115,464.01,761.81,458.38,778.42
49.083677,460.435,771.585,462.77,764.89,458.1,778.28
49.087678,460.53999999999996,771.425,462.64,763.76,458.44,779.09
49.091679,459.215,771.395,461.78,763.42,456.65,779.37
49.095679,457.87,772.12,461.38,765.67,454.36,778.57
49.09968,458.685,772.915,462.02,765.86,455.35,779.97
49.10368,459.24,772.53,462.59,766.97,455.89,778.09
49.107681,460.03,772.0150000000001,462.04,764.2,458.02,779.83
49.111681,460.135,772.62,463.15,765.92,457.12,779.32
49.115682,458.87,771.53,462.81,764.31,454.93,778.75
49.119683,460.595,770.925,461.96,763.89,459.23,777.96
49.123683,461.865,771.51,463.92,765.09,459.81,777.93
49.127684,462.21500000000003,771.4,464.8,763.8,459.63,779.0
49.131684,462.895,771.785,465.87,765.06,459.92,778.51
49.135685,464.105,772.4849999999999,466.63,765.91,461.58,779.06
49.139686,463.89,771.79,465.19,765.19,462.59,778.39
49.143686,463.96000000000004,770.725,465.55,764.48,462.37,776.97
49.147687,464.19,775.0550000000001,465.99,768.36,462.39,781.75
49.151687,464.78,773.575,466.63,767.64,462.93,779.51
49.155688,463.885,774.4449999999999,465.25,768.63,462.52,780.26
49.159688,465.71000000000004,775.27,467.42,771.25,464.0,779.29
49.163689,466.43,776.315,469.17,770.32,463.69,782.31
49.16769,470.7,775.865,474.26,769.84,467.14,781.89
49.17169,478.725,775.465,480.94,768.48,476.51,782.45
49.175691,493.06,771.4300000000001,489.21,763.11,496.91,779.75
49.179691,498.44,771.0,497.08,762.75,499.8,779.25
49.183692,503.92,767.48,495.25,754.2,512.59,780.76
49.187692,497.17499999999995,773.5999999999999,494.9,765.29,499.45,781.91
49.191693,495.88,770.565,494.5,760.89,497.26,780.24
49.195694,504.775,772.46,498.14,764.08,511.41,780.84
49.199694,504.6,771.3050000000001,497.29,763.02,511.91,779.59
49.203695,509.015,771.035,502.25,762.31,515.78,779.76
49.207692,509.82000000000005,770.04,504.41,762.48,515.23,777.6
49.211688,512.215,768.395,508.45,761.56,515.98,775.23
49.215685,513.425,767.9449999999999,512.06,762.96,514.79,772.93
49.219682,512.0799999999999,767.5699999999999,512.15,763.17,512.01,771.97
49.223679,511.6,766.53,511.62,761.6,511.58,771.46
49.227676,512.51,766.615,513.26,761.46,511.76,771.77
49.231673,514.085,766.01,516.73,761.4,511.44,770.62
49.235669,514.425,767.8299999999999,516.33,765.54,512.52,770.12
49.239666,512.515,764.615,513.84,759.09,511.19,770.14
49.243663,512.7,764.5,514.18,758.83,511.22,770.17
49.247658,510.69000000000005,764.085,512.21,759.48,509.17,768.69
49.251653,510.84999999999997,767.21,512.42,760.0,509.28,774.42
49.255648,509.37,767.355,509.83,759.35,508.91,775.36
49.259643,507.815,765.38,508.45,759.5,507.18,771.26
49.263637,506.66499999999996,765.56,508.3,757.82,505.03,773.3
49.267632,507.06,764.2,507.7,757.22,506.42,771.18
49.271627,506.53499999999997,764.395,509.13,758.67,503.94,770.12
49.275622,506.385,763.245,508.99,758.02,503.78,768.47
49.279617,507.83500000000004,764.2249999999999,510.45,757.31,505.22,771.14
49.283612,509.70000000000005,763.3900000000001,513.6,757.96,505.8,768.82
49.287607,510.905,765.745,517.11,759.12,504.7,772.37
49.291602,510.55999999999995,766.9749999999999,517.81,759.64,503.31,774.31
49.295596,510.43,765.7850000000001,518.58,759.08,502.28,772.49
49.299591,510.21000000000004,767.095,517.82,758.16,502.6,776.03
49.303586,511.08500000000004,766.46,518.57,756.07,503.6,776.85
49.307581,511.825,766.36,521.43,756.38,502.22,776.34
49.311576,513.29,768.14,522.1,759.23,504.48,777.05
49.315571,514.695,769.75,523.2,758.8,506.19,780.7
49.319566,514.01,768.9449999999999,523.54,756.08,504.48,781.81
49.323561,513.7,767.88,521.99,756.04,505.41,779.72
49.327555,515.8199999999999,768.575,521.63,757.93,510.01,779.22
49.33155,513.515,770.9849999999999,518.71,759.31,508.32,782.66
49.335545,512.515,768.385,516.54,753.95,508.49,782.82
49.33954,510.645,767.02,515.71,754.41,505.58,779.63
49.343535,513.7049999999999,767.29,518.26,757.36,509.15,777.22
49.34753,514.63,768.6600000000001,517.36,761.97,511.9,775.35
49.351525,513.37,768.175,513.33,760.41,513.41,775.94
49.35552,513.5,765.3,514.45,754.99,512.55,775.61
49.359514,512.475,765.37,511.74,754.47,513.21,776.27
49.363509,512.7249999999999,765.92,511.28,756.18,514.17,775.66
49.367504,512.6,767.71,511.19,757.43,514.01,777.99
49.371499,510.545,769.13,509.85,757.24,511.24,781.02
49.375494,511.535,767.005,510.72,757.11,512.35,776.9
49.379489,512.6,767.755,511.41,762.58,513.79,772.93
49.383484,512.76,768.595,512.17,763.04,513.35,774.15
49.387479,513.315,769.0899999999999,512.92,762.77,513.71,775.41
49.391473,513.025,767.5699999999999,513.05,758.26,513.0,776.88
49.395468,513.3599999999999,768.485,512.92,758.87,513.8,778.1
49.399463,513.015,767.9,511.73,757.41,514.3,778.39
49.403458,513.3800000000001,768.3199999999999,512.94,758.01,513.82,778.63
49.407453,513.1700000000001,767.0350000000001,512.63,759.33,513.71,774.74
49.411452,512.565,767.97,512.09,760.25,513.04,775.69
49.415451,511.85,768.65,510.47,758.89,513.23,778.41
49.419451,512.01,769.9300000000001,510.6,760.48,513.42,779.38
49.42345,509.95000000000005,768.04,507.92,756.32,511.98,779.76
49.427449,510.30499999999995,768.245,506.07,757.16,514.54,779.33
49.431449,510.82,767.02,506.03,755.2,515.61,778.84
49.435448,510.31,768.135,506.36,757.03,514.26,779.24
49.439447,512.94,769.655,512.9,758.59,512.98,780.72
49.443446,510.81999999999994,768.48,509.33,758.59,512.31,778.37
49.447449,511.82499999999993,770.0699999999999,510.09,758.61,513.56,781.53
49.451453,510.71999999999997,769.1949999999999,508.64,756.05,512.8,782.34
49.455456,510.0,768.925,505.87,756.88,514.13,780.97
49.459459,512.0799999999999,768.38,510.02,757.9,514.14,778.86
49.463462,512.0450000000001,767.2750000000001,509.65,757.84,514.44,776.71
49.467465,512.495,767.79,510.1,760.0,514.89,775.58
49.471468,508.42,767.02,508.74,758.46,508.1,775.58
49.475471,500.28999999999996,767.3599999999999,498.74,757.68,501.84,777.04
49.479474,489.94,764.885,490.77,755.26,489.11,774.51
49.483477,488.82,760.2049999999999,495.08,748.56,482.56,771.85
49.48748,492.49,762.65,494.6,751.87,490.38,773.43
49.491483,490.28499999999997,762.21,494.39,751.77,486.18,772.65
49.495487,486.645,761.5250000000001,491.39,750.95,481.9,772.1
49.49949,486.13,762.69,490.92,752.62,481.34,772.76
49.503493,484.705,762.915,488.46,752.22,480.95,773.61
49.507496,485.29999999999995,765.51,490.2,752.06,480.4,778.96
49.511499,484.13,766.1700000000001,490.21,752.58,478.05,779.76
49.515502,482.095,763.4000000000001,484.7,749.23,479.49,777.57
49.519505,483.03499999999997,761.975,485.0,748.22,481.07,775.73
49.523508,484.78499999999997,765.8499999999999,488.36,750.27,481.21,781.43
49.527511,485.345,766.99,489.45,751.97,481.24,782.01
49.531514,485.99,766.84,489.18,753.6,482.8,780.08
49.535517,484.47,765.845,486.28,754.24,482.66,777.45
49.539521,483.855,765.695,486.11,752.19,481.6,779.2
49.543524,483.63,765.5250000000001,484.9,752.86,482.36,778.19
49.547527,486.065,765.485,489.4,753.88,482.73,777.09
49.55153,485.01,763.72,486.55,753.0,483.47,774.44
49.555533,482.385,762.19,482.26,750.52,482.51,773.86
49.559536,483.36,763.7049999999999,485.57,751.41,481.15,776.0
49.563539,484.42499999999995,765.135,489.01,753.24,479.84,777.03
49.567542,484.25,764.835,487.85,752.47,480.65,777.2
49.571545,482.805,764.575,486.01,752.44,479.6,776.71
49.575548,481.84000000000003,763.975,483.19,751.84,480.49,776.11
49.579552,481.51,764.4200000000001,484.99,751.98,478.03,776.86
49.583555,481.355,764.46,483.49,751.8,479.22,777.12
49.587558,484.08500000000004,764.69,489.42,752.39,478.75,776.99
49.591561,481.985,764.4549999999999,487.52,751.6,476.45,777.31
49.595564,480.945,765.9300000000001,485.81,752.48,476.08,779.38
49.599567,480.54499999999996,765.975,485.96,752.36,475.13,779.59
49.60357,482.26,766.27,486.54,752.12,477.98,780.42
49.607573,480.58500000000004,764.655,485.24,752.72,475.93,776.59
49.611576,479.90999999999997,764.925,483.0,751.68,476.82,778.17
49.61558,479.42999999999995,764.985,482.71,751.89,476.15,778.08
49.619583,478.96000000000004,766.175,482.5,753.6,475.42,778.75
49.623587,480.75,765.985,485.68,750.99,475.82,780.98
49.62759,479.005,766.64,484.42,752.05,473.59,781.23
49.631594,477.725,766.61,481.63,752.02,473.82,781.2
49.635597,476.89,766.39,479.83,752.51,473.95,780.27
49.6396,477.15999999999997,765.285,479.48,752.39,474.84,778.18
49.643604,478.35,766.2850000000001,481.35,753.57,475.35,779.0
49.647604,478.105,766.2650000000001,482.61,753.82,473.6,778.71
49.651605,478.96500000000003,767.2850000000001,482.79,755.38,475.14,779.19
49.655605,479.635,767.835,484.6,756.13,474.67,779.54
49.659606,480.945,768.865,487.76,756.56,474.13,781.17
49.663607,482.255,767.94,490.56,755.31,473.95,780.57
49.667607,481.355,767.5699999999999,487.52,755.68,475.19,779.46
49.671608,483.225,768.2049999999999,490.07,756.67,476.38,779.74
49.675608,484.13,768.65,490.41,756.81,477.85,780.49
49.679609,485.28,768.875,491.71,756.89,478.85,780.86
49.683609,486.465,769.7249999999999,492.28,756.52,480.65,782.93
49.68761,485.28,767.8,490.16,753.59,480.4,782.01
49.69161,483.02,767.9,485.33,753.06,480.71,782.74
49.695611,482.73,766.83,484.08,750.07,481.38,783.59
49.699611,484.08500000000004,766.0550000000001,485.47,748.91,482.7,783.2
49.703612,484.34000000000003,766.475,486.11,750.96,482.57,781.99
49.707612,482.855,766.0450000000001,483.57,750.37,482.14,781.72
49.711613,483.08,766.69,485.95,752.17,480.21,781.21
49.715614,482.91999999999996,767.5,485.39,753.28,480.45,781.72
49.719614,481.435,766.305,483.74,752.31,479.13,780.3
49.723615,480.78999999999996,765.8299999999999,484.76,750.54,476.82,781.12
49.727615,479.51,765.475,484.41,751.37,474.61,779.58
49.731616,478.385,765.45,484.22,751.08,472.55,779.82
49.735616,477.405,764.405,485.76,750.04,469.05,778.77
49.739617,477.95,764.885,486.45,751.57,469.45,778.2
49.743617,477.815,764.2850000000001,487.12,750.7,468.51,777.87
49.747618,478.135,764.54,486.42,751.76,469.85,777.32
49.751618,478.07000000000005,765.5699999999999,486.22,755.28,469.92,775.86
49.755619,479.515,762.865,486.36,751.03,472.67,774.7
49.759619,479.34,762.8199999999999,486.03,751.89,472.65,773.75
49.76362,481.365,764.6,487.09,755.6,475.64,773.6
49.76762,484.40999999999997,764.1700000000001,489.61,755.57,479.21,772.77
49.771621,501.965,764.115,513.15,756.49,490.78,771.74
49.775622,522.54,764.185,526.93,755.34,518.15,773.03
49.779622,525.62,764.1949999999999,523.99,755.02,527.25,773.37
49.783623,521.28,763.535,518.09,753.53,524.47,773.54
49.787623,515.8299999999999,762.925,517.98,751.08,513.68,774.77
49.791624,520.855,762.765,528.93,751.1,512.78,774.43
49.795624,524.365,764.28,526.1,753.03,522.63,775.53
49.799625,524.28,766.155,529.31,755.97,519.25,776.34
49.803625,526.815,766.5,530.63,756.65,523.0,776.35
49.807626,526.87,766.55,536.2,756.08,517.54,777.02
49.811626,527.72,765.01,532.96,753.37,522.48,776.65
49.815627,527.12,765.1099999999999,534.26,753.79,519.98,776.43
49.819627,525.225,763.565,531.96,750.96,518.49,776.17
49.823627,524.145,764.235,530.05,752.88,518.24,775.59
49.827627,522.195,765.3900000000001,528.69,754.45,515.7,776.33
49.831627,523.935,765.47,529.84,754.69,518.03,776.25
49.835627,522.845,766.895,528.48,756.13,517.21,777.66
49.839627,521.835,764.4300000000001,526.83,752.78,516.84,776.08
49.843628,522.085,765.325,527.38,752.86,516.79,777.79
49.847627,521.725,764.2,526.69,752.06,516.76,776.34
49.851626,521.7,762.655,525.18,751.13,518.22,774.18
49.855625,521.19,761.96,525.26,751.29,517.12,772.63
49.859625,520.73,763.45,524.06,752.58,517.4,774.32
49.863624,520.085,763.04,524.92,752.73,515.25,773.35
49.867623,519.585,763.255,524.29,752.34,514.88,774.17
49.871623,520.535,763.3299999999999,524.68,752.29,516.39,774.37
49.875622,519.3,763.765,523.79,753.03,514.81,774.5
49.879621,518.1,763.835,521.24,754.01,514.96,773.66
49.88362,517.355,764.79,520.33,754.61,514.38,774.97
49.88762,517.2850000000001,764.4100000000001,519.73,753.6,514.84,775.22
49.891619,515.85,765.6,517.94,751.87,513.76,779.33
49.895618,515.635,765.9749999999999,518.53,750.79,512.74,781.16
49.899618,514.985,766.22,516.5,749.36,513.47,783.08
49.903617,516.11,766.015,517.0,748.15,515.22,783.88
49.907616,515.7149999999999,765.97,515.01,747.52,516.42,784.42
49.911615,516.895,766.2750000000001,515.9,745.7,517.89,786.85
49.915615,517.235,765.6600000000001,516.71,744.34,517.76,786.98
49.919614,516.78,764.95,516.45,744.2,517.11,785.7
49.923613,517.9200000000001,765.185,517.97,743.6,517.87,786.77
49.927613,519.695,764.485,520.19,742.57,519.2,786.4
49.931612,520.815,764.265,521.62,742.36,520.01,786.17
49.935611,522.99,763.72,524.14,744.45,521.84,782.99
49.93961,524.705,764.015,526.84,745.56,522.57,782.47
49.94361,526.0450000000001,763.1800000000001,528.12,745.87,523.97,780.49
49.947609,525.3499999999999,764.06,528.43,748.09,522.27,780.03
49.951608,525.48,762.235,528.4,746.19,522.56,778.28
49.955608,524.2,760.87,528.62,746.16,519.78,775.58
49.959607,523.685,761.155,526.13,748.4,521.24,773.91
49.963606,524.995,761.69,527.78,748.66,522.21,774.72
49.967605,525.345,763.3,527.1,752.22,523.59,774.38
49.971605,525.975,764.2950000000001,528.75,753.63,523.2,774.96
49.975604,525.1800000000001,764.51,530.01,755.2,520.35,773.82
49.979603,523.915,764.75,529.14,754.95,518.69,774.55
49.983603,522.275,762.4300000000001,526.26,751.84,518.29,773.02
49.987602,521.105,762.44,524.55,754.07,517.66,770.81
49.991601,521.2850000000001,761.075,523.37,749.36,519.2,772.79
49.9956,522.95,762.605,525.09,752.33,520.81,772.88
49.9996,529.7,764.29,531.43,755.41,527.97,773.17
50.003599,570.9449999999999,763.27,560.67,752.51,581.22,774.03
50.007598,640.0450000000001,762.245,628.59,753.1,651.5,771.39
50.011598,659.7149999999999,762.29,654.75,752.19,664.68,772.39
50.015597,642.915,760.605,643.01,750.27,642.82,770.94
50.019596,624.27,761.575,624.54,750.23,624.0,772.92
50.023595,609.845,762.41,607.37,749.17,612.32,775.65
50.027593,606.035,765.22,596.9,750.6,615.17,779.84
50.031591,614.3299999999999,766.165,609.54,750.41,619.12,781.92
50.03559,614.645,767.47,608.1,752.29,621.19,782.65
50.039588,619.605,768.145,616.71,753.86,622.5,782.43
50.043587,618.01,768.1949999999999,613.46,754.27,622.56,782.12
50.047585,624.015,767.605,620.97,755.11,627.06,780.1
50.051584,622.825,770.735,621.83,757.47,623.82,784.0
50.055583,618.55,772.355,613.58,760.6,623.52,784.11
50.059582,618.92,773.2550000000001,614.3,762.07,623.54,784.44
50.06358,618.9,773.4549999999999,614.51,762.54,623.29,784.37
50.067579,618.41,772.77,613.52,762.74,623.3,782.8
50.071578,620.0,772.72,615.25,763.9,624.75,781.54
50.075577,619.655,773.045,614.53,765.16,624.78,780.93
50.079575,620.415,772.77,617.27,764.53,623.56,781.01
50.083574,616.6949999999999,771.925,613.55,763.54,619.84,780.31
50.087573,616.285,771.895,615.64,763.97,616.93,779.82
50.091572,615.065,773.3900000000001,615.34,765.2,614.79,781.58
50.09557,613.5550000000001,772.835,614.28,763.78,612.83,781.89
50.099569,612.485,772.375,614.84,762.28,610.13,782.47
50.103568,611.145,772.66,614.35,761.31,607.94,784.01
50.107567,610.26,772.53,614.05,760.39,606.47,784.67
50.111566,610.8800000000001,772.14,614.82,760.06,606.94,784.22
50.115564,610.67,773.3399999999999,614.79,761.78,606.55,784.9
50.119563,611.9449999999999,773.0250000000001,616.22,762.07,607.67,783.98
50.123562,612.19,772.635,615.99,763.9,608.39,781.37
50.127561,614.385,771.74,616.42,761.61,612.35,781.87
50.131559,613.9549999999999,772.645,614.6,763.26,613.31,782.03
50.135558,611.2249999999999,772.005,613.15,762.04,609.3,781.97
50.139557,610.115,772.01,611.38,763.42,608.85,780.6
50.143556,614.065,773.46,612.73,765.84,615.4,781.08
50.147554,613.105,773.79,609.76,768.08,616.45,779.5
50.151553,613.02,774.9100000000001,610.54,770.33,615.5,779.49
50.155552,612.0550000000001,774.94,610.01,768.67,614.1,781.21
50.159551,612.8699999999999,775.5699999999999,610.93,768.98,614.81,782.16
50.163549,612.415,775.69,609.95,771.64,614.88,779.74
50.167548,611.8199999999999,777.4,609.05,771.52,614.59,783.28
50.171547,611.605,777.775,611.99,771.54,611.22,784.01
50.175546,612.9200000000001,779.535,613.85,772.92,611.99,786.15
50.179544,614.855,778.865,615.43,772.7,614.28,785.03
50.183543,616.8050000000001,780.19,618.41,772.94,615.2,787.44
50.187542,614.77,779.66,615.26,771.17,614.28,788.15
50.191541,617.35,779.435,618.33,770.76,616.37,788.11
50.195539,618.085,777.865,619.21,768.4,616.96,787.33
50.199538,618.785,777.7950000000001,620.41,768.07,617.16,787.52
50.203537,618.24,776.19,617.93,766.45,618.55,785.93
50.207536,618.975,777.04,618.37,767.45,619.58,786.63
50.211534,620.405,775.8,620.48,765.25,620.33,786.35
50.215533,620.8050000000001,775.4,619.7,764.14,621.91,786.66
50.219532,618.755,774.2950000000001,617.77,763.6,619.74,784.99
50.223531,619.6800000000001,773.825,617.66,761.8,621.7,785.85
50.22753,616.475,772.595,612.49,760.06,620.46,785.13
50.23153,617.855,773.0450000000001,615.1,760.82,620.61,785.27
50.23553,615.7349999999999,771.77,611.55,758.87,619.92,784.67
50.23953,617.5350000000001,771.4,613.59,759.02,621.48,783.78
50.243529,617.6400000000001,771.38,615.94,759.15,619.34,783.61
50.24753,615.0450000000001,772.13,614.25,761.75,615.84,782.51
50.251531,617.3299999999999,771.6,614.35,761.72,620.31,781.48
50.255532,614.685,771.1700000000001,612.31,760.39,617.06,781.95
50.259533,612.4549999999999,771.605,610.0,761.97,614.91,781.24
50.263534,612.09,772.105,609.72,762.62,614.46,781.59
50.267535,611.8,770.52,611.14,761.48,612.46,779.56
50.271536,612.0899999999999,770.23,612.3,761.75,611.88,778.71
50.275537,612.435,769.36,613.71,761.21,611.16,777.51
50.279538,611.87,768.5,612.39,760.75,611.35,776.25
50.283538,610.88,768.26,612.8,759.57,608.96,776.95
50.287539,610.615,768.1500000000001,612.09,758.85,609.14,777.45
50.29154,611.745,768.06,612.66,757.29,610.83,778.83
50.295541,610.155,767.165,612.04,755.17,608.27,779.16
50.299542,610.69,766.935,612.91,754.83,608.47,779.04
50.303543,611.175,765.4749999999999,613.21,752.52,609.14,778.43
50.307544,612.025,764.265,614.38,750.56,609.67,777.97
50.311545,611.615,764.655,614.45,750.34,608.78,778.97
50.315546,612.02,766.08,614.44,751.22,609.6,780.94
50.319547,612.5550000000001,765.76,615.7,750.44,609.41,781.08
50.323548,613.265,766.5550000000001,616.86,750.97,609.67,782.14
50.327548,613.5999999999999,766.9849999999999,616.28,751.43,610.92,782.54
50.331549,613.345,766.59,616.93,751.73,609.76,781.45
50.33555,613.775,767.245,616.66,753.49,610.89,781.0
50.339551,614.63,768.3499999999999,618.08,754.56,611.18,782.14
50.343552,615.44,771.095,619.82,756.86,611.06,785.33
50.347553,617.14,771.79,621.72,760.46,612.56,783.12
50.351554,617.37,771.875,622.77,760.32,611.97,783.43
50.355555,618.41,772.905,623.01,761.44,613.81,784.37
50.359556,617.52,770.8199999999999,622.06,760.42,612.98,781.22
50.363557,617.37,772.0550000000001,621.17,760.72,613.57,783.39
50.367558,617.22,772.8199999999999,621.56,762.3,612.88,783.34
50.371558,616.67,772.335,622.56,763.34,610.78,781.33
50.375559,616.19,774.7950000000001,621.33,764.83,611.05,784.76
50.37956,616.515,774.49,621.78,763.88,611.25,785.1
50.383561,615.0899999999999,773.75,619.63,764.4,610.55,783.1
50.387562,615.215,772.475,619.24,762.83,611.19,782.12
50.391563,614.315,772.29,617.62,761.25,611.01,783.33
50.395564,613.095,771.845,616.54,760.82,609.65,782.87
50.399565,617.1949999999999,772.255,618.67,761.34,615.72,783.17
50.403566,676.53,771.895,681.27,761.19,671.79,782.6
50.407567,735.47,771.285,720.44,759.9,750.5,782.67
50.411568,757.84,767.875,744.86,757.69,770.82,778.06
50.415569,746.67,767.495,728.53,756.84,764.81,778.15
50.419569,739.3,766.135,728.92,756.37,749.68,775.9
50.42357,717.61,765.49,718.87,757.12,716.35,773.86
50.427571,713.4749999999999,764.52,711.31,757.25,715.64,771.79
50.431572,718.185,763.47,720.03,756.04,716.34,770.9
50.435574,716.5350000000001,763.365,721.1,756.32,711.97,770.41
50.439575,721.965,762.86,722.84,756.37,721.09,769.35
50.443576,723.135,762.285,723.94,755.15,722.33,769.42
50.447576,726.2,762.575,725.73,755.1,726.67,770.05
50.451577,728.25,763.0699999999999,727.91,757.29,728.59,768.85
50.455577,725.995,764.065,724.08,759.15,727.91,768.98
50.459577,723.22,765.2,722.2,758.91,724.24,771.49
50.463578,723.175,765.715,721.77,758.97,724.58,772.46
50.467578,726.495,763.4200000000001,723.84,755.97,729.15,770.87
50.471579,727.535,763.04,724.51,755.63,730.56,770.45
50.475579,729.325,763.38,725.42,756.28,733.23,770.48
50.47958,729.34,765.645,724.47,757.29,734.21,774.0
50.48358,730.7,764.88,724.46,755.37,736.94,774.39
50.48758,730.6,765.085,723.97,757.47,737.23,772.7
50.491581,730.1800000000001,765.0699999999999,722.52,756.83,737.84,773.31
50.495581,729.62,763.415,720.82,755.22,738.42,771.61
50.499582,730.015,763.545,720.14,754.3,739.89,772.79
50.503582,730.815,764.395,720.7,755.57,740.93,773.22
50.507582,732.355,764.0,722.05,756.08,742.66,771.92
50.511583,731.465,765.105,721.47,757.71,741.46,772.5
50.515583,730.645,764.99,719.84,758.01,741.45,771.97
50.519584,729.845,765.51,718.79,757.86,740.9,773.16
50.523584,730.755,764.14,719.92,756.49,741.59,771.79
50.527585,729.93,765.635,718.93,758.55,740.93,772.72
50.531585,731.615,766.375,720.62,757.95,742.61,774.8
50.535585,731.01,766.4549999999999,719.93,758.78,742.09,774.13
50.539586,732.4749999999999,768.115,722.91,760.76,742.04,775.47
50.543586,733.02,770.72,724.94,763.51,741.1,777.93
50.547587,733.8399999999999,773.22,727.14,767.08,740.54,779.36
50.551587,733.505,774.325,728.37,766.59,738.64,782.06
50.555587,734.4449999999999,776.46,730.56,767.74,738.33,785.18
50.559588,735.37,778.2249999999999,733.05,771.89,737.69,784.56
50.563588,735.9549999999999,779.515,733.88,772.13,738.03,786.9
50.567589,736.24,778.5,735.46,769.76,737.02,787.24
50.571589,736.145,779.95,735.8,774.57,736.49,785.33
50.57559,735.44,778.0799999999999,735.38,776.27,735.5,779.89
50.57959,736.685,777.805,736.47,777.93,736.9,777.68
50.58359,737.135,780.05,736.45,778.89,737.82,781.21
50.587591,737.525,779.11,736.51,777.39,738.54,780.83
50.591591,737.38,778.19,735.77,775.89,738.99,780.49
50.595592,736.675,776.115,732.64,774.1,740.71,778.13
50.599592,734.865,774.67,729.32,774.56,740.41,774.78
50.603592,735.26,773.255,729.31,770.38,741.21,776.13
50.607593,735.105,770.51,730.31,768.88,739.9,772.14
50.611593,734.78,769.595,729.85,766.97,739.71,772.22
50.615594,731.15,771.265,727.99,767.99,734.31,774.54
50.619594,721.5999999999999,772.0899999999999,714.79,769.66,728.41,774.52
50.623595,711.54,770.74,700.2,765.93,722.88,775.55
50.627595,704.5,771.5,696.56,764.26,712.44,778.74
50.631595,705.9449999999999,771.905,695.93,764.6,715.96,779.21
50.635595,709.7349999999999,770.4000000000001,702.41,762.09,717.06,778.71
50.639595,710.065,770.315,706.41,761.48,713.72,779.15
50.643595,708.325,768.98,705.67,760.13,710.98,777.83
50.647591,704.985,769.245,699.76,760.04,710.21,778.45
50.651588,706.875,770.735,706.2,760.0,707.55,781.47
50.655585,700.655,770.6400000000001,696.44,762.09,704.87,779.19
50.659581,700.895,767.96,695.02,758.6,706.77,777.32
50.663578,701.785,769.3299999999999,695.79,758.26,707.78,780.4
50.667575,701.5699999999999,770.415,698.05,760.74,705.09,780.09
50.671571,703.95,770.4200000000001,699.62,761.36,708.28,779.48
50.675568,704.395,766.9449999999999,699.33,758.22,709.46,775.67
50.679565,704.2349999999999,767.76,701.3,761.42,707.17,774.1
50.683561,704.8199999999999,769.27,702.13,763.17,707.51,775.37
50.687558,703.79,769.015,699.93,761.35,707.65,776.68
50.691555,702.25,768.44,698.89,762.14,705.61,774.74
50.695551,703.02,768.8199999999999,698.96,762.25,707.08,775.39
50.699548,704.415,770.085,700.4,763.08,708.43,777.09
50.703545,705.715,771.45,703.08,763.45,708.35,779.45
50.707541,705.98,771.35,705.42,762.69,706.54,780.01
50.711538,706.735,769.865,705.02,760.71,708.45,779.02
50.715535,707.005,767.7,705.04,759.66,708.97,775.74
50.719531,706.6800000000001,768.925,706.65,761.11,706.71,776.74
50.723528,706.86,770.085,706.64,761.22,707.08,778.95
50.727525,707.5,769.335,706.78,759.78,708.22,778.89
50.731521,707.12,771.245,707.23,761.21,707.01,781.28
50.735518,708.53,771.605,708.17,761.75,708.89,781.46
50.739514,708.365,772.8050000000001,708.33,762.64,708.4,782.97
50.743511,707.7550000000001,773.155,708.07,762.72,707.44,783.59
50.747508,706.23,773.77,706.78,763.42,705.68,784.12
50.751504,707.02,774.535,706.64,764.06,707.4,785.01
50.755501,707.31,774.655,707.19,764.33,707.43,784.98
50.759498,706.605,776.3900000000001,708.07,765.82,705.14,786.96
50.763494,707.415,776.88,707.88,765.52,706.95,788.24
50.767491,706.385,778.06,707.18,767.31,705.59,788.81
50.771488,705.9000000000001,777.885,706.34,767.37,705.46,788.4
50.775484,705.7850000000001,777.495,704.49,767.55,707.08,787.44
50.779481,704.995,776.2049999999999,703.89,766.03,706.1,786.38
50.783478,704.665,776.31,702.98,767.21,706.35,785.41
50.787474,703.54,775.7349999999999,701.5,766.31,705.58,785.16
50.791471,704.35,774.675,700.99,764.94,707.71,784.41
50.795468,703.855,774.0999999999999,700.66,765.53,707.05,782.67
50.799464,702.9649999999999,772.085,700.18,764.03,705.75,780.14
50.803461,704.775,771.42,700.17,763.78,709.38,779.06
50.807458,704.015,770.275,700.4,763.41,707.63,777.14
50.811454,705.135,768.71,700.91,761.73,709.36,775.69
50.815451,705.025,767.835,698.62,760.51,711.43,775.16
50.819448,705.105,767.375,699.64,759.82,710.57,774.93
50.823444,704.375,767.5,699.25,760.46,709.5,774.54
50.827441,704.57,768.385,698.82,759.48,710.32,777.29
50.831438,704.58,768.01,696.84,759.41,712.32,776.61
50.835434,703.13,769.605,695.9,761.3,710.36,777.91
50.839431,703.47,769.015,695.58,762.53,711.36,775.5
50.843428,703.225,770.1,694.72,763.26,711.73,776.94
50.847428,702.285,770.79,694.64,763.59,709.93,777.99
50.851428,702.1949999999999,769.49,694.34,763.13,710.05,775.85
50.855428,701.54,770.855,692.74,764.33,710.34,777.38
50.859429,700.595,772.505,692.88,765.83,708.31,779.18
50.863429,700.785,772.47,693.52,766.41,708.05,778.53
50.867429,702.2,772.885,694.54,767.26,709.86,778.51
50.871429,702.815,774.2,695.4,770.79,710.23,777.61
50.875429,703.7049999999999,775.19,698.8,772.98,708.61,777.4
50.87943,705.645,776.22,702.63,774.53,708.66,777.91
50.88343,705.6800000000001,773.605,702.17,769.86,709.19,777.35
50.88743,705.2950000000001,771.995,701.97,768.54,708.62,775.45
50.89143,706.415,770.605,702.29,767.06,710.54,774.15
50.89543,704.86,771.51,700.21,767.5,709.51,775.52
50.899431,704.71,769.53,699.42,765.31,710.0,773.75
50.903431,704.475,769.4300000000001,697.96,765.14,710.99,773.72
50.907431,703.515,769.45,696.77,765.29,710.26,773.61
50.911431,703.815,770.54,698.38,765.43,709.25,775.65
50.915431,704.01,769.46,698.93,762.84,709.09,776.08
50.919431,704.1700000000001,769.2950000000001,698.4,763.26,709.94,775.33
50.923432,703.8,766.8,697.45,760.96,710.15,772.64
50.927432,707.245,768.6800000000001,701.03,762.83,713.46,774.53
50.931432,714.48,767.7049999999999,707.13,763.42,721.83,771.99
50.935432,738.83,766.515,725.72,763.99,751.94,769.04
50.939432,748.78,766.87,740.36,763.78,757.2,769.96
50.943433,743.27,767.2,744.46,764.95,742.08,769.45
50.947433,741.3399999999999,768.37,740.78,766.58,741.9,770.16
50.951433,738.685,766.855,738.0,767.04,739.37,766.67
50.955433,739.125,765.8050000000001,738.91,767.34,739.34,764.27
50.959433,745.115,765.565,742.85,767.85,747.38,763.28
50.963434,745.2249999999999,766.03,742.4,768.43,748.05,763.63
50.967434,748.9200000000001,765.44,745.87,768.89,751.97,761.99
50.971434,750.72,765.125,747.3,767.74,754.14,762.51
50.975434,751.5550000000001,766.135,749.69,768.8,753.42,763.47
50.979434,750.975,766.0899999999999,747.58,768.16,754.37,764.02
50.983435,749.65,766.765,746.01,769.6,753.29,763.93
50.987435,749.0450000000001,766.87,744.94,768.71,753.15,765.03
50.991435,748.755,765.935,743.11,767.5,754.4,764.37
50.995435,747.985,764.23,739.25,764.16,756.72,764.3
50.999435,747.9300000000001,764.79,738.92,764.14,756.94,765.44
51.003435,748.5799999999999,764.925,738.91,762.86,758.25,766.99
51.007436,751.125,765.5350000000001,740.49,762.62,761.76,768.45
51.011436,750.9000000000001,766.095,740.35,761.73,761.45,770.46
51.015436,749.925,765.61,738.94,760.99,760.91,770.23
51.019436,750.51,765.47,739.78,760.62,761.24,770.32
51.023436,750.53,765.9100000000001,739.31,760.7,761.75,771.12
51.027437,752.7950000000001,765.335,741.69,761.29,763.9,769.38
51.031437,752.815,764.7,743.62,760.81,762.01,768.59
51.035437,752.24,764.7950000000001,741.8,761.33,762.68,768.26
51.039437,752.98,764.1400000000001,744.94,762.07,761.02,766.21
51.043437,754.265,764.87,745.74,763.14,762.79,766.6
51.047436,754.585,765.3499999999999,746.72,764.42,762.45,766.28
51.051435,753.415,764.74,745.97,763.99,760.86,765.49
51.055434,753.3199999999999,766.0350000000001,745.98,766.62,760.66,765.45
51.059433,754.05,767.275,747.19,768.3,760.91,766.25
51.063433,754.7950000000001,767.4449999999999,747.27,769.47,762.32,765.42
51.067432,755.335,767.645,749.76,768.76,760.91,766.53
51.071431,754.105,768.21,749.56,769.28,758.65,767.14
51.07543,755.06,768.595,750.75,769.78,759.37,767.41
51.079429,755.185,768.4649999999999,750.94,770.28,759.43,766.65
51.083428,756.015,769.735,752.81,772.26,759.22,767.21
51.087427,756.02,769.5250000000001,754.37,772.57,757.67,766.48
51.091427,756.875,771.375,756.37,774.68,757.38,768.07
51.095426,757.315,770.175,755.77,774.8,758.86,765.55
51.099425,758.0350000000001,770.01,757.12,773.54,758.95,766.48
51.103424,757.54,769.24,756.1,773.23,758.98,765.25
51.107423,755.7950000000001,770.015,754.63,774.15,756.96,765.88
51.111422,754.5899999999999,770.1600000000001,753.28,776.48,755.9,763.84
51.115422,754.8499999999999,770.3299999999999,752.14,776.62,757.56,764.04
51.119421,753.855,771.23,751.02,778.13,756.69,764.33
51.12342,753.655,772.095,751.43,778.25,755.88,765.94
51.127419,753.7550000000001,771.98,750.44,778.17,757.07,765.79
51.131418,752.97,772.635,748.58,777.56,757.36,767.71
51.135417,751.77,768.385,747.19,768.99,756.35,767.78
51.139417,751.635,762.025,748.68,756.62,754.59,767.43
51.143416,750.835,759.3050000000001,749.43,751.53,752.24,767.08
51.147415,751.36,765.235,750.07,762.64,752.65,767.83
51.155413,752.52,749.49,751.14,730.74,753.9,768.24
51.179408,750.74,744.0999999999999,749.31,729.02,752.17,759.18
51.251397,753.03,746.935,752.17,732.51,753.89,761.36
51.259399,755.13,746.885,753.17,732.46,757.09,761.31
51.263399,755.48,745.515,754.61,731.87,756.35,759.16
51.2674,756.1949999999999,743.75,754.9,728.41,757.49,759.09
51.271401,757.2149999999999,741.825,756.76,721.87,757.67,761.78
51.275402,755.155,747.385,752.66,729.67,757.65,765.1
51.283404,755.98,745.71,753.32,722.01,758.64,769.41
51.291406,755.425,750.0799999999999,752.54,727.43,758.31,772.73
51.295407,754.785,747.205,751.42,720.57,758.15,773.84
51.299408,753.835,749.9549999999999,750.17,725.8,757.5,774.11
51.303409,753.115,752.42,749.2,730.18,757.03,774.66
51.30741,754.315,752.35,750.44,729.94,758.19,774.76
51.311411,752.55,754.0550000000001,747.96,733.71,757.14,774.4
51.315412,751.9300000000001,751.025,747.7,727.93,756.16,774.12
51.319412,751.475,752.075,746.46,732.92,756.49,771.23
51.323413,751.2950000000001,753.1600000000001,746.69,735.44,755.9,770.88
51.327414,750.99,754.255,747.94,737.26,754.04,771.25
51.331415,750.98,754.7149999999999,748.65,739.3,753.31,770.13
51.335416,751.15,752.9200000000001,748.92,736.47,753.38,769.37
51.339417,750.225,755.1800000000001,747.87,740.23,752.58,770.13
51.343418,750.4449999999999,752.67,748.58,735.8,752.31,769.54
51.347419,750.02,753.9649999999999,748.67,737.39,751.37,770.54
51.35142,748.915,756.6500000000001,747.81,742.11,750.02,771.19
51.355421,749.17,754.875,748.81,738.24,749.53,771.51
51.359422,749.755,755.0799999999999,748.58,739.79,750.93,770.37
51.363423,749.9949999999999,755.8199999999999,748.43,740.46,751.56,771.18
51.367424,749.65,753.8499999999999,747.63,738.18,751.67,769.52
51.371425,750.985,753.845,748.22,738.18,753.75,769.51
51.375425,751.71,754.1949999999999,748.16,740.98,755.26,767.41
51.379426,750.81,756.9749999999999,747.48,747.67,754.14,766.28
51.383427,752.135,757.3199999999999,747.83,749.65,756.44,764.99
51.387428,753.905,756.25,749.68,748.46,758.13,764.04
51.391429,753.05,755.2950000000001,747.95,745.77,758.15,764.82
51.39543,752.39,755.95,749.03,748.91,755.75,762.99
51.399431,753.7,757.06,748.46,750.72,758.94,763.4
51.403432,753.375,759.825,750.1,754.45,756.65,765.2
51.407433,754.065,759.925,751.34,755.05,756.79,764.8
51.411434,753.94,760.605,750.55,755.81,757.33,765.4
51.415435,754.135,762.0550000000001,751.16,756.97,757.11,767.14
51.419436,754.345,761.565,751.01,756.36,757.68,766.77
51.423437,755.235,763.8,752.51,755.67,757.96,771.93
51.427437,754.81,762.015,753.12,754.98,756.5,769.05
51.431438,755.125,763.66,753.83,756.68,756.42,770.64
51.435439,755.48,765.04,756.09,758.49,754.87,771.59
51.43944,756.995,765.53,756.51,759.46,757.48,771.6
51.443441,757.325,765.85,757.66,761.96,756.99,769.74
51.447441,757.335,764.77,757.56,760.68,757.11,768.86
51.451442,757.4000000000001,766.4,757.71,761.37,757.09,771.43
51.455442,756.615,766.6400000000001,756.41,763.19,756.82,770.09
51.459442,756.16,766.68,755.92,764.31,756.4,769.05
51.463442,755.425,767.4449999999999,755.66,764.73,755.19,770.16
51.467442,755.625,766.9449999999999,755.58,765.43,755.67,768.46
51.471443,754.615,768.2850000000001,754.4,767.19,754.83,769.38
51.475443,753.655,768.535,753.66,767.28,753.65,769.79
51.479443,753.3199999999999,768.5550000000001,753.15,767.92,753.49,769.19
51.483443,752.26,769.0450000000001,752.05,768.94,752.47,769.15
51.487443,752.83,768.4300000000001,752.07,767.28,753.59,769.58
51.491444,751.9200000000001,768.7049999999999,750.95,767.77,752.89,769.64
51.495444,751.755,767.845,751.37,767.4,752.14,768.29
51.499444,752.695,767.5550000000001,752.44,767.19,752.95,767.92
51.503444,753.29,767.8299999999999,753.03,767.38,753.55,768.28
51.507445,753.2950000000001,768.6300000000001,753.34,769.07,753.25,768.19
51.511445,752.9100000000001,768.925,753.96,769.57,751.86,768.28
51.515445,753.9449999999999,769.145,754.49,769.56,753.4,768.73
51.519445,754.27,768.45,754.93,768.35,753.61,768.55
51.523445,754.38,768.755,755.38,769.35,753.38,768.16
51.527446,754.865,767.24,755.31,767.33,754.42,767.15
51.531446,754.3,768.315,754.83,767.45,753.77,769.18
51.535446,754.305,768.475,755.31,767.32,753.3,769.63
51.539446,754.52,769.385,755.9,767.42,753.14,771.35
51.543446,753.76,770.06,755.68,767.4,751.84,772.72
51.547447,753.7750000000001,770.245,756.6,767.15,750.95,773.34
51.551447,753.205,770.595,756.94,768.17,749.47,773.02
51.555447,753.335,770.66,756.42,768.89,750.25,772.43
51.559447,753.03,769.53,756.8,768.15,749.26,770.91
51.563448,752.61,769.115,754.0,767.68,751.22,770.55
51.567448,752.47,769.18,754.06,767.68,750.88,770.68
51.571448,751.5799999999999,769.775,752.55,768.54,750.61,771.01
51.575448,752.33,768.47,752.82,768.4,751.84,768.54
51.579448,751.7149999999999,769.575,752.28,769.6,751.15,769.55
51.583449,751.21,769.75,751.18,770.09,751.24,769.41
51.587449,751.55,770.105,751.22,769.95,751.88,770.26
51.591449,752.1500000000001,769.1800000000001,751.48,769.38,752.82,768.98
51.595449,751.26,767.27,749.77,766.84,752.75,767.7
51.599449,750.89,768.2850000000001,749.02,767.94,752.76,768.63
51.60345,751.1,769.965,748.86,767.33,753.34,772.6
51.60745,751.595,770.975,749.98,767.84,753.21,774.11
51.61145,751.335,770.435,750.13,768.03,752.54,772.84
51.61545,752.0,769.395,750.95,766.46,753.05,772.33
51.619451,752.115,771.05,752.34,767.85,751.89,774.25
51.623451,752.645,770.3399999999999,752.81,767.05,752.48,773.63
51.627451,752.375,769.295,753.53,765.67,751.22,772.92
51.631451,752.29,769.715,752.99,766.45,751.59,772.98
51.635451,752.215,769.0550000000001,753.33,765.67,751.1,772.44
51.639452,752.0050000000001,770.015,752.32,766.92,751.69,773.11
51.643452,752.095,770.415,752.36,767.45,751.83,773.38
51.647452,751.34,769.34,750.99,765.82,751.69,772.86
51.651452,752.065,768.265,753.1,765.66,751.03,770.87
51.655452,753.7249999999999,768.39,753.68,765.89,753.77,770.89
51.659452,753.55,768.88,753.51,766.24,753.59,771.52
51.663451,753.4649999999999,767.8900000000001,755.54,764.08,751.39,771.7
51.667451,752.9000000000001,768.3050000000001,755.08,764.03,750.72,772.58
51.67145,753.345,768.94,754.27,764.56,752.42,773.32
51.67545,754.005,767.645,755.66,763.17,752.35,772.12
51.67945,753.95,767.585,754.74,762.96,753.16,772.21
51.683449,755.46,768.2049999999999,757.61,764.13,753.31,772.28
51.687449,755.4100000000001,767.105,757.48,762.46,753.34,771.75
51.691449,756.23,766.9000000000001,759.23,763.72,753.23,770.08
51.695448,755.63,767.6199999999999,758.78,763.81,752.48,771.43
51.699448,754.625,767.45,758.44,762.65,750.81,772.25
51.703447,754.49,767.255,758.12,763.79,750.86,770.72
51.707447,754.87,769.1949999999999,757.86,767.91,751.88,770.48
51.711447,755.44,769.665,757.76,770.69,753.12,768.64
51.715446,755.7,770.885,758.11,772.61,753.29,769.16
51.719446,756.41,769.76,758.9,772.63,753.92,766.89
51.723446,755.795,770.175,759.05,773.6,752.54,766.75
51.727445,755.25,769.135,758.33,773.52,752.17,764.75
51.731445,755.1949999999999,767.74,758.75,769.66,751.64,765.82
51.735444,754.395,769.255,757.87,771.5,750.92,767.01
51.739444,755.425,769.2,757.49,771.04,753.36,767.36
51.743444,756.72,769.365,758.94,771.29,754.5,767.44
51.747443,755.965,771.48,758.11,772.11,753.82,770.85
51.751443,756.03,770.375,758.57,769.85,753.49,770.9
51.755443,755.29,771.09,758.66,769.21,751.92,772.97
51.759442,755.73,770.595,759.08,768.06,752.38,773.13
51.763442,754.925,770.56,759.28,768.37,750.57,772.75
51.767441,757.51,772.1600000000001,761.07,768.5,753.95,775.82
51.771441,774.21,772.78,766.32,769.88,782.1,775.68
51.775441,849.535,775.355,853.79,773.03,845.28,777.68
51.77944,896.65,774.675,885.43,773.15,907.87,776.2
51.78344,897.8299999999999,772.525,900.3,771.92,895.36,773.13
51.78744,881.63,771.485,889.23,773.33,874.03,769.64
51.791439,860.685,771.89,871.62,773.75,849.75,770.03
51.795439,857.15,771.54,861.52,774.48,852.78,768.6
51.799438,856.2,769.09,860.31,772.7,852.09,765.48
51.803438,868.125,770.015,874.48,773.26,861.77,766.77
51.807438,868.43,768.3050000000001,877.31,772.76,859.55,763.85
51.811437,868.6700000000001,767.79,871.24,772.9,866.1,762.68
51.815437,868.895,767.625,873.38,773.46,864.41,761.79
51.819437,869.78,766.12,874.07,771.84,865.49,760.4
51.823436,871.6700000000001,765.9,874.57,770.92,868.77,760.88
51.827436,869.1600000000001,766.48,870.34,772.0,867.98,760.96
51.831435,870.115,766.13,869.82,771.67,870.41,760.59
51.835435,872.175,765.315,871.52,771.67,872.83,758.96
51.839435,872.315,763.925,870.23,769.84,874.4,758.01
51.843434,874.175,763.13,870.67,769.76,877.68,756.5
51.847434,872.965,763.245,869.61,770.64,876.32,755.85
51.851433,872.995,763.4649999999999,868.55,770.76,877.44,756.17
51.855433,873.73,763.745,869.26,770.8,878.2,756.69
51.859433,874.78,763.7149999999999,870.08,771.43,879.48,756.0
51.863433,874.21,763.24,869.81,772.21,878.61,754.27
51.867433,872.395,762.16,868.44,771.29,876.35,753.03
51.871433,872.03,760.65,868.71,770.06,875.35,751.24
51.875433,871.29,760.165,868.15,768.84,874.43,751.49
51.879434,870.02,759.9649999999999,866.79,768.63,873.25,751.3
51.883434,870.005,759.765,868.24,768.38,871.77,751.15
51.887434,868.905,760.59,867.76,768.99,870.05,752.19
51.891434,868.675,759.8399999999999,867.2,766.8,870.15,752.88
51.895434,868.27,759.3399999999999,867.15,766.42,869.39,752.26
51.899434,866.75,759.54,864.27,766.79,869.23,752.29
51.903434,866.135,759.005,864.05,765.06,868.22,752.95
51.907434,865.6199999999999,759.605,863.56,763.82,867.68,755.39
51.911435,866.0699999999999,762.28,864.29,768.04,867.85,756.52
51.915435,865.29,764.7850000000001,863.35,770.71,867.23,758.86
51.919435,865.62,765.755,864.67,772.59,866.57,758.92
51.923435,865.74,765.16,865.47,771.78,866.01,758.54
51.927435,865.4000000000001,765.7850000000001,863.98,772.32,866.82,759.25
51.931435,865.7249999999999,765.28,864.4,771.48,867.05,759.08
51.935435,865.28,766.4200000000001,864.74,773.94,865.82,758.9
51.939435,865.265,766.91,864.41,774.81,866.12,759.01
51.943435,865.775,767.7750000000001,865.27,775.23,866.28,760.32
51.947436,865.6800000000001,768.5550000000001,865.65,776.64,865.71,760.47
51.951436,866.065,768.98,866.67,778.41,865.46,759.55
51.955436,866.47,768.96,866.8,779.1,866.14,758.82
51.959436,867.655,768.5250000000001,868.11,778.57,867.2,758.48
51.963436,867.61,768.6500000000001,867.72,777.83,867.5,759.47
51.967436,868.165,769.04,867.31,778.23,869.02,759.85
51.971436,868.99,771.545,869.75,782.04,868.23,761.05
51.975436,869.7349999999999,773.105,870.56,783.94,868.91,762.27
51.979436,869.945,772.875,870.2,783.13,869.69,762.62
51.983437,871.29,773.5799999999999,871.91,784.31,870.67,762.85
51.987437,871.185,774.1600000000001,872.13,785.73,870.24,762.59
51.991437,871.31,774.5250000000001,872.36,785.72,870.26,763.33
51.995437,871.46,774.66,871.65,785.79,871.27,763.53
51.999437,871.2750000000001,773.8299999999999,871.44,783.65,871.11,764.01
52.003437,871.365,774.83,871.35,782.97,871.38,766.69
52.007437,872.01,774.315,871.95,783.63,872.07,765.0
52.011437,871.96,774.79,872.51,784.44,871.41,765.14
52.015438,871.925,772.64,871.69,783.65,872.16,761.63
52.019438,872.0999999999999,773.72,871.54,783.18,872.66,764.26
52.023438,872.435,773.855,871.18,783.0,873.69,764.71
52.027438,871.86,773.4449999999999,870.03,782.8,873.69,764.09
52.031438,872.27,771.44,870.32,782.89,874.22,759.99
52.035438,872.55,772.345,870.23,781.16,874.87,763.53
52.039438,872.7249999999999,771.885,870.16,782.49,875.29,761.28
52.043438,872.765,770.11,869.53,781.73,876.0,758.49
52.047438,873.5899999999999,770.185,871.55,782.13,875.63,758.24
52.051438,873.035,770.665,870.31,782.32,875.76,759.01
52.055438,873.385,769.675,870.36,781.22,876.41,758.13
52.059438,873.365,770.575,869.71,781.33,877.02,759.82
52.063438,874.785,769.675,872.16,781.61,877.41,757.74
52.067438,874.88,769.4000000000001,872.77,781.72,876.99,757.08
52.071438,875.22,768.48,875.16,780.78,875.28,756.18
52.075437,875.41,768.875,874.93,780.07,875.89,757.68
52.079437,875.75,769.1,875.57,780.61,875.93,757.59
52.083437,874.4000000000001,768.8499999999999,872.84,779.9,875.96,757.8
52.087437,878.245,769.135,877.37,779.75,879.12,758.52
52.091437,914.05,769.29,901.71,780.79,926.39,757.79
52.095437,965.26,768.455,962.27,779.45,968.25,757.46
52.099437,984.9100000000001,768.42,988.97,780.31,980.85,756.53
52.103437,976.7149999999999,767.71,977.93,780.29,975.5,755.13
52.107436,961.1949999999999,767.095,959.33,779.14,963.06,755.05
52.111436,950.185,766.5899999999999,952.35,780.02,948.02,753.16
52.115436,952.3,766.4,951.0,780.42,953.6,752.38
52.119436,957.825,765.645,959.49,780.23,956.16,751.06
52.123436,960.67,765.85,962.42,781.49,958.92,750.21
52.127436,964.135,765.575,969.67,781.72,958.6,749.43
52.131436,965.53,765.19,969.78,781.47,961.28,748.91
52.135435,967.56,765.75,972.83,781.97,962.29,749.53
52.139435,966.615,765.45,970.29,783.09,962.94,747.81
52.143435,964.73,764.905,968.57,782.65,960.89,747.16
52.147435,966.37,765.6,970.11,783.37,962.63,747.83
52.151435,966.89,765.8800000000001,970.25,785.19,963.53,746.57
52.155435,968.39,766.72,970.37,786.03,966.41,747.41
52.159435,969.0550000000001,767.7950000000001,971.74,788.5,966.37,747.09
52.163435,970.21,767.355,971.41,787.91,969.01,746.8
52.167434,969.935,766.275,970.74,786.55,969.13,746.0
52.171434,970.025,766.3399999999999,970.03,786.55,970.02,746.13
52.175434,969.085,765.4300000000001,969.39,784.42,968.78,746.44
52.179434,968.37,764.56,967.23,782.76,969.51,746.36
52.183434,967.035,763.46,964.78,779.49,969.29,747.43
52.187434,965.5799999999999,764.375,962.87,780.49,968.29,748.26
52.191434,963.94,765.085,960.71,782.01,967.17,748.16
52.195434,964.2650000000001,765.655,960.83,782.09,967.7,749.22
52.199433,962.7049999999999,764.79,958.35,779.95,967.06,749.63
52.203433,963.325,765.865,959.13,779.89,967.52,751.84
52.207433,962.235,766.3199999999999,958.24,780.81,966.23,751.83
52.211433,963.11,766.78,959.53,781.08,966.69,752.48
52.215433,963.235,766.96,959.98,782.16,966.49,751.76
52.219433,964.0150000000001,767.9200000000001,960.07,782.87,967.96,752.97
52.223433,963.39,768.5899999999999,959.35,783.5,967.43,753.68
52.227433,964.5,769.3299999999999,961.91,785.67,967.09,752.99
52.231432,965.23,769.115,963.15,785.98,967.31,752.25
52.235432,965.435,768.375,963.15,785.58,967.72,751.17
52.239432,964.86,767.8800000000001,963.02,784.57,966.7,751.19
52.243432,965.02,769.47,964.05,785.29,965.99,753.65
52.247429,964.765,767.98,964.06,783.78,965.47,752.18
52.251427,964.4300000000001,767.765,963.19,782.31,965.67,753.22
52.255424,964.385,768.725,963.44,784.25,965.33,753.2
52.259422,963.77,769.345,962.81,784.21,964.73,754.48
52.263419,962.425,768.995,961.83,783.59,963.02,754.4
52.267417,963.52,769.74,963.32,784.29,963.72,755.19
52.271414,963.5550000000001,769.7,964.15,783.32,962.96,756.08
52.275411,964.39,769.55,964.72,783.27,964.06,755.83
52.279409,964.64,770.255,965.3,784.49,963.98,756.02
52.283406,966.175,771.755,966.26,787.68,966.09,755.83
52.287404,968.3499999999999,773.45,969.17,790.97,967.53,755.93
52.291401,969.8699999999999,772.9300000000001,971.18,791.42,968.56,754.44
52.295398,971.1949999999999,773.5550000000001,973.59,793.14,968.8,753.97
52.299396,971.3299999999999,774.335,973.1,793.69,969.56,754.98
52.303393,972.3050000000001,773.865,974.72,792.31,969.89,755.42
52.30739,971.765,774.02,973.63,792.56,969.9,755.48
52.311388,970.235,773.115,972.72,789.44,967.75,756.79
52.315385,967.475,773.22,968.21,789.76,966.74,756.68
52.319382,954.7149999999999,771.0550000000001,948.03,786.25,961.4,755.86
52.32338,945.6400000000001,769.78,933.69,782.75,957.59,756.81
52.327377,941.4649999999999,769.37,930.05,780.72,952.88,758.02
52.331375,941.3199999999999,767.64,931.21,778.76,951.43,756.52
52.335372,944.28,767.4100000000001,943.14,779.1,945.42,755.72
52.339369,944.355,766.315,944.15,780.53,944.56,752.1
52.343367,939.365,765.115,936.03,778.94,942.7,751.29
52.347364,936.135,765.015,931.92,779.42,940.35,750.61
52.351361,935.98,765.39,933.78,781.03,938.18,749.75
52.355359,934.605,766.59,932.48,784.11,936.73,749.07
52.359356,932.6949999999999,765.29,929.98,780.92,935.41,749.66
52.363353,933.905,766.595,931.84,783.72,935.97,749.47
52.367351,935.15,766.38,933.17,784.03,937.13,748.73
52.371348,936.54,766.28,934.29,784.36,938.79,748.2
52.375346,936.845,766.88,935.29,785.76,938.4,748.0
52.379343,936.73,767.38,934.7,786.88,938.76,747.88
52.38334,935.87,768.7,934.13,787.81,937.61,749.59
52.387338,936.505,769.815,935.18,787.68,937.83,751.95
52.391335,937.675,770.98,936.86,787.96,938.49,754.0
52.395332,938.5350000000001,771.845,937.84,789.5,939.23,754.19
52.39933,938.935,771.855,939.2,788.73,938.67,754.98
52.403327,940.415,771.855,940.45,789.17,940.38,754.54
52.407324,940.52,771.0550000000001,940.14,788.22,940.9,753.89
52.411322,941.3199999999999,772.735,941.75,790.2,940.89,755.27
52.415319,940.8050000000001,773.56,942.22,791.43,939.39,755.69
52.419317,941.0899999999999,774.865,943.28,792.46,938.9,757.27
52.423314,941.455,775.745,943.33,793.01,939.58,758.48
52.427311,941.3900000000001,774.3299999999999,943.58,791.1,939.2,757.56
52.431309,941.5450000000001,775.755,943.26,794.67,939.83,756.84
52.435306,940.875,775.3,942.11,793.61,939.64,756.99
52.439303,940.21,774.8,940.74,793.42,939.68,756.18
52.443301,939.5450000000001,775.44,939.61,794.2,939.48,756.68
52.447301,938.865,775.325,939.57,794.92,938.16,755.73
52.451301,938.24,775.665,939.14,794.51,937.34,756.82
52.455301,936.3199999999999,775.74,937.51,794.38,935.13,757.1
52.459301,937.145,775.925,938.19,794.93,936.1,756.92
52.463301,936.205,776.22,936.71,795.98,935.7,756.46
52.467301,936.03,776.26,936.47,796.55,935.59,755.97
52.471302,935.21,777.015,935.89,798.18,934.53,755.85
52.475303,934.5150000000001,775.635,934.69,794.42,934.34,756.85
52.479304,934.06,775.99,934.5,795.13,933.62,756.85
52.483304,934.225,776.76,935.09,796.02,933.36,757.5
52.487305,934.745,777.14,935.26,796.27,934.23,758.01
52.491306,933.5350000000001,777.61,933.96,796.14,933.11,759.08
52.495307,933.625,778.25,934.51,798.15,932.74,758.35
52.499308,933.995,778.7349999999999,935.37,799.55,932.62,757.92
52.503309,933.265,779.39,934.8,800.5,931.73,758.28
52.50731,933.4300000000001,777.28,935.66,796.97,931.2,757.59
52.51131,933.7950000000001,778.865,936.27,799.38,931.32,758.35
52.515311,933.21,777.0,935.06,795.61,931.36,758.39
52.519312,932.955,777.58,935.21,797.71,930.7,757.45
52.523313,931.8599999999999,777.2950000000001,934.29,799.7,929.43,754.89
52.527314,931.535,776.63,935.43,799.98,927.64,753.28
52.531315,930.645,775.45,935.12,798.57,926.17,752.33
52.535315,930.435,775.875,935.55,798.87,925.32,752.88
52.539316,929.665,775.685,935.75,797.69,923.58,753.68
52.543317,930.065,776.74,934.84,798.82,925.29,754.66
52.547318,933.6800000000001,775.835,937.37,794.96,929.99,756.71
52.551319,950.75,777.895,957.5,797.96,944.0,757.83
52.55532,986.995,775.56,988.46,794.96,985.53,756.16
52.55932,1003.4549999999999,774.0699999999999,1011.26,794.67,995.65,753.47
52.563321,1002.255,771.21,1003.01,794.19,1001.5,748.23
52.567322,998.145,772.395,995.64,793.3,1000.65,751.49
52.571323,1001.145,773.52,995.84,792.3,1006.45,754.74
52.575324,997.28,772.385,996.2,791.53,998.36,753.24
52.579325,997.82,771.31,993.94,790.18,1001.7,752.44
52.583325,999.19,771.62,996.79,790.27,1001.59,752.97
52.587326,1000.855,769.345,998.21,787.34,1003.5,751.35
52.591327,1001.865,767.72,999.96,786.82,1003.77,748.62
52.595328,1003.53,767.64,1001.06,787.8,1006.0,747.48
52.599329,1003.565,767.5550000000001,1002.01,788.71,1005.12,746.4
52.60333,1003.1700000000001,768.865,1001.58,790.84,1004.76,746.89
52.60733,1002.94,769.42,1001.04,791.54,1004.84,747.3
52.611331,1004.1800000000001,770.565,1003.39,794.02,1004.97,747.11
52.615332,1004.295,769.8299999999999,1004.41,793.5,1004.18,746.16
52.619333,1005.78,770.1949999999999,1006.02,794.21,1005.54,746.18
52.623334,1005.92,771.0899999999999,1007.05,795.42,1004.79,746.76
52.627335,1007.49,768.3050000000001,1008.57,790.24,1006.41,746.37
52.631335,1008.925,769.88,1009.35,793.33,1008.5,746.43
52.635336,1009.765,770.615,1010.62,794.22,1008.91,747.01
52.639337,1010.1949999999999,770.095,1011.66,792.5,1008.73,747.69
52.643338,1010.985,770.845,1012.52,793.23,1009.45,748.46
52.647339,1011.54,771.155,1013.0,792.49,1010.08,749.82
52.651339,1011.5,771.7,1013.42,792.27,1009.58,751.13
52.65534,1011.74,771.72,1013.25,792.14,1010.23,751.3
52.65934,1012.11,771.9449999999999,1012.52,792.63,1011.7,751.26
52.663341,1011.7149999999999,770.665,1012.43,792.85,1011.0,748.48
52.667342,1011.375,770.005,1012.49,793.31,1010.26,746.7
52.671342,1010.355,772.185,1011.29,797.43,1009.42,746.94
52.675342,1008.635,772.1,1010.55,798.88,1006.72,745.32
52.679341,1008.4000000000001,774.085,1009.44,802.16,1007.36,746.01
52.683341,1007.365,772.745,1009.62,799.51,1005.11,745.98
52.68734,1007.73,774.86,1008.89,804.59,1006.57,745.13
52.69134,1006.35,774.16,1008.5,803.02,1004.2,745.3
52.695339,1005.865,773.48,1007.61,801.84,1004.12,745.12
52.699339,1005.4300000000001,774.14,1006.92,802.5,1003.94,745.78
52.703338,1005.675,773.3050000000001,1008.53,800.4,1002.82,746.21
52.707338,1006.46,773.755,1009.83,799.42,1003.09,748.09
52.711337,1007.1400000000001,774.885,1011.07,800.67,1003.21,749.1
52.715337,1007.355,773.815,1011.11,798.45,1003.6,749.18
52.719336,1008.575,773.41,1013.12,796.54,1004.03,750.28
52.723336,1009.155,772.855,1013.2,795.34,1005.11,750.37
52.727335,1009.6800000000001,772.4200000000001,1014.01,794.86,1005.35,749.98
52.731335,1009.27,771.02,1013.41,793.31,1005.13,748.73
52.735334,1008.745,771.205,1012.9,793.59,1004.59,748.82
52.739334,1009.75,771.3,1013.83,793.94,1005.67,748.66
52.743333,1010.4649999999999,771.55,1014.52,793.14,1006.41,749.96
52.747333,1011.4649999999999,771.545,1014.54,793.06,1008.39,750.03
52.751332,1011.225,771.415,1014.58,792.48,1007.87,750.35
52.755332,1010.865,771.14,1013.87,792.16,1007.86,750.12
52.759331,1011.825,770.825,1014.31,790.85,1009.34,750.8
52.763331,1010.8199999999999,771.0,1012.93,792.31,1008.71,749.69
52.76733,1009.78,770.77,1012.95,790.95,1006.61,750.59
52.77133,1009.015,771.175,1011.64,792.17,1006.39,750.18
52.775329,1008.475,771.52,1011.34,792.13,1005.61,750.91
52.779329,1008.925,771.09,1011.31,791.46,1006.54,750.72
52.783328,1008.78,770.655,1011.91,791.11,1005.65,750.2
52.787328,1013.115,770.2950000000001,1015.59,791.46,1010.64,749.13
52.791327,1029.8400000000001,771.4100000000001,1027.53,793.2,1032.15,749.62
52.795327,1048.805,771.26,1048.96,794.09,1048.65,748.43
52.799326,1048.54,771.575,1047.53,793.9,1049.55,749.25
52.803326,1050.34,771.715,1050.31,794.07,1050.37,749.36
52.807325,1044.935,770.9949999999999,1044.24,792.18,1045.63,749.81
52.811325,1045.9,770.585,1041.43,791.2,1050.37,749.97
52.815324,1049.69,769.7850000000001,1046.99,789.23,1052.39,750.34
52.819324,1054.76,768.75,1051.26,788.27,1058.26,749.23
52.823323,1055.05,769.87,1055.11,790.26,1054.99,749.48
52.827323,1056.38,771.435,1058.25,791.95,1054.51,750.92
52.831322,1058.41,772.735,1060.14,793.46,1056.68,752.01
52.835322,1057.065,772.925,1059.55,792.97,1054.58,752.88
52.839321,1054.93,772.37,1057.43,791.23,1052.43,753.51
52.843321,1053.9299999999998,772.4749999999999,1057.61,791.06,1050.25,753.89
52.847321,1054.6,772.935,1058.65,791.74,1050.55,754.13
52.85132,1053.905,773.31,1058.82,791.93,1048.99,754.69
52.85532,1053.82,774.065,1059.87,793.56,1047.77,754.57
52.859319,1053.55,774.1800000000001,1060.25,793.74,1046.85,754.62
52.863319,1052.4099999999999,775.0550000000001,1059.77,795.1,1045.05,755.01
52.867318,1053.415,775.3,1059.77,794.13,1047.06,756.47
52.871318,1052.945,774.5999999999999,1058.3,792.3,1047.59,756.9
52.875318,1053.97,774.91,1058.02,792.16,1049.92,757.66
52.879318,1053.885,774.165,1058.05,790.85,1049.72,757.48
52.883318,1054.275,774.62,1057.6,791.64,1050.95,757.6
52.887319,1055.275,774.51,1058.23,791.78,1052.32,757.24
52.891319,1055.23,774.635,1058.21,792.2,1052.25,757.07
52.895319,1056.44,775.085,1059.5,793.49,1053.38,756.68
52.89932,1055.71,774.64,1058.91,793.88,1052.51,755.4
52.90332,1056.5549999999998,775.5899999999999,1060.51,795.89,1052.6,755.29
52.907321,1057.27,775.78,1060.41,795.88,1054.13,755.68
52.911321,1057.435,776.23,1060.8,797.48,1054.07,754.98
52.915321,1058.48,776.105,1062.33,798.49,1054.63,753.72
52.919322,1057.77,776.435,1062.18,800.26,1053.36,752.61
52.923322,1058.2150000000001,776.345,1064.54,801.29,1051.89,751.4
52.927322,1057.8249999999998,776.05,1064.33,801.93,1051.32,750.17
52.931323,1058.185,776.165,1065.84,802.69,1050.53,749.64
52.935323,1057.9099999999999,776.245,1066.34,803.41,1049.48,749.08
52.939324,1057.565,776.5,1065.96,804.12,1049.17,748.88
52.943324,1058.7150000000001,776.88,1066.43,804.48,1051.0,749.28
52.947324,1058.245,776.825,1066.11,804.75,1050.38,748.9
52.951325,1058.225,775.8,1065.96,803.86,1050.49,747.74
52.955325,1058.085,774.8299999999999,1065.53,803.24,1050.64,746.42
52.959326,1058.92,774.8,1064.54,802.71,1053.3,746.89
52.963326,1059.245,772.98,1063.85,800.43,1054.64,745.53
52.967326,1058.145,773.365,1062.17,799.98,1054.12,746.75
52.971327,1060.0,772.275,1061.15,797.68,1058.85,746.87
52.975327,1058.28,771.945,1059.52,796.2,1057.04,747.69
52.979327,1059.695,770.25,1058.27,791.78,1061.12,748.72
52.983328,1058.7150000000001,770.085,1057.67,792.57,1059.76,747.6
52.987328,1059.46,768.565,1058.17,788.82,1060.75,748.31
52.991329,1060.075,769.95,1058.17,791.39,1061.98,748.51
52.995329,1059.545,770.4300000000001,1059.16,791.25,1059.93,749.61
52.999329,1060.245,772.86,1059.27,794.89,1061.22,750.83
53.00333,1060.385,772.625,1060.18,794.71,1060.59,750.54
53.00733,1059.925,773.095,1060.0,794.64,1059.85,751.55
53.01133,1060.275,772.5899999999999,1060.44,795.05,1060.11,750.13
53.015331,1059.76,774.48,1060.22,798.59,1059.3,750.37
53.019331,1060.125,773.875,1060.82,796.86,1059.43,750.89
53.023332,1059.01,774.675,1059.95,799.32,1058.07,750.03
53.027332,1060.385,774.585,1062.17,798.85,1058.6,750.32
53.031332,1059.47,777.0150000000001,1059.89,803.46,1059.05,750.57
53.035333,1059.3249999999998,776.52,1060.07,801.54,1058.58,751.5
53.039333,1059.9299999999998,777.6400000000001,1060.56,803.09,1059.3,752.19
53.043333,1059.37,776.345,1059.18,800.68,1059.56,752.01
53.047333,1059.4650000000001,776.4749999999999,1059.45,801.14,1059.48,751.81
53.051333,1059.0,776.9000000000001,1058.84,801.72,1059.16,752.08
53.055333,1058.925,777.7,1058.6,802.18,1059.25,753.22
53.059333,1058.76,777.235,1059.54,801.21,1057.98,753.26
53.063333,1058.065,776.6700000000001,1058.61,800.97,1057.52,752.37
53.067333,1057.875,777.355,1059.57,801.46,1056.18,753.25
53.071333,1057.23,775.63,1058.22,798.88,1056.24,752.38
53.075333,1057.69,775.065,1059.78,797.74,1055.6,752.39
53.079333,1058.335,776.13,1061.48,798.85,1055.19,753.41
53.083333,1057.975,775.865,1062.48,797.94,1053.47,753.79
53.087334,1057.42,776.405,1061.98,798.5,1052.86,754.31
53.091335,1058.42,775.97,1063.77,797.72,1053.07,754.22
53.095336,1059.0300000000002,775.735,1064.15,797.4,1053.91,754.07
53.099337,1059.54,775.865,1065.97,796.76,1053.11,754.97
53.103338,1057.795,776.1800000000001,1063.1,797.42,1052.49,754.94
53.107339,1059.06,777.565,1065.36,798.4,1052.76,756.73
53.11134,1058.9650000000001,777.915,1063.72,799.87,1054.21,755.96
53.115341,1058.4,779.1199999999999,1063.36,801.18,1053.44,757.06
53.119342,1057.345,778.915,1061.15,800.85,1053.54,756.98
53.123343,1055.82,778.615,1058.62,800.67,1053.02,756.56
53.127344,1055.605,778.4300000000001,1058.37,800.73,1052.84,756.13
53.131345,1056.04,779.27,1057.91,801.09,1054.17,757.45
53.135346,1055.0149999999999,779.2049999999999,1055.56,800.85,1054.47,757.56
53.139347,1054.915,780.3900000000001,1056.16,802.2,1053.67,758.58
53.143348,1055.505,780.595,1057.56,802.29,1053.45,758.9
53.147349,1056.1550000000002,780.645,1057.65,802.7,1054.66,758.59
53.15135,1056.0349999999999,778.575,1057.81,799.72,1054.26,757.43
53.155351,1056.4299999999998,778.575,1058.03,798.88,1054.83,758.27
53.159351,1058.165,776.85,1058.92,798.01,1057.41,755.69
53.163352,1058.305,776.19,1059.45,797.68,1057.16,754.7
53.167353,1058.5349999999999,775.8,1060.29,797.24,1056.78,754.36
53.171354,1059.755,775.165,1060.8,796.62,1058.71,753.71
53.175355,1058.96,776.8,1062.43,799.58,1055.49,754.02
53.179356,1058.55,777.4100000000001,1062.26,800.57,1054.84,754.25
53.183357,1058.2849999999999,775.01,1061.95,795.95,1054.62,754.07
53.187358,1057.19,775.41,1059.05,796.67,1055.33,754.15
53.191359,1057.155,772.89,1060.05,792.99,1054.26,752.79
53.19536,1057.77,773.44,1059.75,794.52,1055.79,752.36
53.199361,1058.975,774.335,1062.17,796.1,1055.78,752.57
53.203362,1062.4250000000002,773.315,1065.92,793.68,1058.93,752.95
53.207363,1071.25,773.345,1075.0,794.28,1067.5,752.41
53.211364,1078.5900000000001,772.04,1082.88,791.38,1074.3,752.7
53.215365,1080.385,772.0899999999999,1083.33,792.89,1077.44,751.29
53.219366,1079.79,770.525,1084.93,789.92,1074.65,751.13
53.223367,1080.5,769.7149999999999,1089.34,788.77,1071.66,750.66
53.227368,1084.5749999999998,769.875,1089.55,788.83,1079.6,750.92
53.231368,1085.6,769.935,1089.72,788.09,1081.48,751.78
53.235369,1086.875,770.2149999999999,1090.15,788.65,1083.6,751.78
53.23937,1088.8449999999998,770.185,1091.35,788.47,1086.34,751.9
53.243371,1091.225,768.655,1093.14,787.1,1089.31,750.21
53.247371,1091.87,769.4549999999999,1093.75,788.55,1089.99,750.36
53.251372,1091.3600000000001,771.13,1092.4,790.1,1090.32,752.16
53.255372,1090.5700000000002,771.505,1091.22,791.37,1089.92,751.64
53.259372,1090.02,772.1600000000001,1090.42,791.85,1089.62,752.47
53.263372,1089.58,772.6,1090.24,792.69,1088.92,752.51
53.267372,1089.675,771.97,1089.11,791.71,1090.24,752.23
53.271372,1089.07,771.9,1089.12,792.38,1089.02,751.42
53.275372,1089.5349999999999,772.23,1090.0,794.31,1089.07,750.15
53.279372,1089.54,773.23,1091.12,797.13,1087.96,749.33
53.283373,1089.145,772.62,1091.42,796.39,1086.87,748.85
53.28737,1088.695,773.77,1091.35,798.49,1086.04,749.05
53.291367,1088.195,773.615,1091.37,798.16,1085.02,749.07
53.295365,1087.95,774.9000000000001,1091.46,801.32,1084.44,748.48
53.299362,1087.11,774.4449999999999,1090.35,800.42,1083.87,748.47
53.303359,1086.81,773.69,1090.83,799.23,1082.79,748.15
53.307357,1087.255,773.69,1090.95,800.13,1083.56,747.25
53.311354,1086.9499999999998,773.865,1090.31,800.39,1083.59,747.34
53.315351,1087.33,773.67,1090.65,800.28,1084.01,747.06
53.319349,1086.435,773.54,1089.76,800.19,1083.11,746.89
53.323346,1086.075,772.0150000000001,1089.44,796.96,1082.71,747.07
53.327343,1086.8449999999998,771.265,1089.33,796.43,1084.36,746.1
53.331341,1086.505,770.86,1088.48,795.38,1084.53,746.34
53.335338,1085.3000000000002,771.285,1086.66,796.54,1083.94,746.03
53.339336,1086.0149999999999,771.405,1086.21,796.23,1085.82,746.58
53.343333,1085.9850000000001,772.86,1086.57,796.49,1085.4,749.23
53.34733,1086.35,773.075,1086.58,797.17,1086.12,748.98
53.351328,1085.245,771.155,1086.28,794.26,1084.21,748.05
53.355325,1085.9050000000002,772.145,1087.43,794.53,1084.38,749.76
53.359322,1086.17,773.775,1087.91,797.64,1084.43,749.91
53.36332,1086.56,773.8499999999999,1087.61,797.54,1085.51,750.16
53.367317,1087.17,773.115,1086.69,796.02,1087.65,750.21
53.371314,1087.35,773.8,1087.64,795.88,1087.06,751.72
53.375312,1087.185,773.9649999999999,1087.2,795.92,1087.17,752.01
53.379309,1098.625,774.63,1100.34,797.35,1096.91,751.91
53.383306,1155.38,774.025,1158.7,794.55,1152.06,753.5
53.387304,1193.7199999999998,772.735,1192.62,793.9,1194.82,751.57
53.391301,1215.56,771.575,1206.41,791.62,1224.71,751.53
53.395298,1218.085,768.7,1215.33,785.0,1220.84,752.4
53.399296,1217.2150000000001,772.285,1215.22,792.81,1219.21,751.76
53.403293,1211.9899999999998,769.39,1208.87,789.15,1215.11,749.63
53.407291,1210.9499999999998,767.375,1208.78,783.99,1213.12,750.76
53.411288,1208.77,767.495,1208.12,784.99,1209.42,750.0
53.415285,1208.345,766.1500000000001,1209.39,782.95,1207.3,749.35
53.419283,1206.095,766.545,1207.22,783.66,1204.97,749.43
53.42328,1210.63,765.48,1212.22,782.88,1209.04,748.08
53.427277,1210.595,765.03,1212.28,783.38,1208.91,746.68
53.431275,1211.81,765.255,1213.5,783.91,1210.12,746.6
53.435272,1211.205,764.815,1213.95,783.39,1208.46,746.24
53.439269,1210.975,763.5,1214.56,784.2,1207.39,742.8
53.443267,1212.09,764.765,1216.81,785.76,1207.37,743.77
53.447266,1212.0,763.8199999999999,1215.05,784.42,1208.95,743.22
53.451265,1212.85,763.975,1216.73,784.82,1208.97,743.13
53.455265,1214.23,762.51,1218.95,782.85,1209.51,742.17
53.459264,1214.315,762.87,1217.47,784.45,1211.16,741.29
53.463264,1214.705,763.3199999999999,1217.4,785.11,1212.01,741.53
53.467263,1214.3600000000001,763.2550000000001,1216.72,786.19,1212.0,740.32
53.471263,1214.33,763.62,1215.86,784.96,1212.8,742.28
53.475262,1214.815,763.035,1216.28,784.27,1213.35,741.8
53.479261,1214.8600000000001,762.56,1216.24,783.62,1213.48,741.5
53.483261,1215.81,763.795,1217.66,784.17,1213.96,743.42
53.48726,1214.7800000000002,763.885,1215.17,783.22,1214.39,744.55
53.491261,1215.025,764.885,1215.65,783.53,1214.4,746.24
53.495262,1214.615,765.235,1214.28,784.13,1214.95,746.34
53.499263,1214.56,766.025,1214.65,785.0,1214.47,747.05
53.503264,1213.5149999999999,766.1800000000001,1214.02,785.14,1213.01,747.22
53.507265,1213.83,766.64,1214.98,785.55,1212.68,747.73
53.511265,1214.24,766.665,1215.5,785.45,1212.98,747.88
53.515266,1214.32,767.565,1216.07,787.93,1212.57,747.2
53.519267,1214.87,767.74,1218.16,787.86,1211.58,747.62
53.523268,1214.435,769.07,1218.04,789.95,1210.83,748.19
53.527269,1213.565,769.165,1216.46,789.56,1210.67,748.77
53.53127,1212.8400000000001,769.625,1215.39,790.96,1210.29,748.29
53.535271,1212.9450000000002,768.7149999999999,1216.73,790.51,1209.16,746.92
53.539272,1213.28,768.755,1217.55,790.78,1209.01,746.73
53.543273,1214.005,768.95,1218.55,792.07,1209.46,745.83
53.547273,1214.48,769.29,1218.74,792.85,1210.22,745.73
53.551274,1214.92,767.98,1219.21,791.65,1210.63,744.31
53.555275,1216.225,768.235,1220.84,792.5,1211.61,743.97
53.559276,1215.83,766.94,1220.0,791.57,1211.66,742.31
53.563277,1215.635,766.585,1218.94,791.8,1212.33,741.37
53.567278,1215.4099999999999,764.685,1217.8,789.74,1213.02,739.63
53.571279,1215.545,763.645,1217.9,788.08,1213.19,739.21
53.57528,1215.995,761.38,1219.1,785.17,1212.89,737.59
53.579281,1214.96,760.755,1216.8,783.01,1213.12,738.5
53.583281,1213.92,760.885,1215.28,783.51,1212.56,738.26
53.587282,1213.7649999999999,760.835,1215.05,780.45,1212.48,741.22
53.591283,1212.565,760.3050000000001,1211.81,780.49,1213.32,740.12
53.595284,1212.955,762.405,1212.32,781.21,1213.59,743.6
53.599285,1211.56,762.245,1210.45,779.61,1212.67,744.88
53.603286,1211.58,762.315,1210.2,778.7,1212.96,745.93
53.607287,1211.33,762.115,1210.62,778.21,1212.04,746.02
53.611288,1211.385,762.125,1210.91,777.69,1211.86,746.56
53.615289,1211.7350000000001,761.63,1211.52,778.05,1211.95,745.21
53.619289,1211.73,762.98,1211.61,778.91,1211.85,747.05
53.62329,1212.2649999999999,762.2850000000001,1213.06,780.13,1211.47,744.44
53.627291,1213.15,762.5550000000001,1215.2,779.83,1211.1,745.28
53.631292,1212.065,762.72,1214.2,780.75,1209.93,744.69
53.635293,1213.0749999999998,762.94,1216.58,780.74,1209.57,745.14
53.639294,1213.7150000000001,762.735,1217.38,779.96,1210.05,745.51
53.643295,1213.75,760.81,1217.89,778.83,1209.61,742.79
53.647293,1208.775,759.73,1213.74,776.32,1203.81,743.14
53.651291,1194.8850000000002,759.08,1202.39,775.82,1187.38,742.34
53.655289,1172.62,759.675,1164.54,776.38,1180.7,742.97
53.659287,1177.47,759.7,1181.43,774.83,1173.51,744.57
53.663285,1181.8200000000002,759.095,1189.92,774.17,1173.72,744.02
53.667283,1179.94,759.52,1192.94,772.89,1166.94,746.15
53.671281,1178.705,759.24,1188.68,771.82,1168.73,746.66
53.675278,1176.3400000000001,758.335,1184.38,770.13,1168.3,746.54
53.679276,1172.8600000000001,758.5699999999999,1182.07,769.76,1163.65,747.38
53.683274,1169.65,758.65,1174.29,770.06,1165.01,747.24
53.687272,1169.8200000000002,758.635,1176.73,770.09,1162.91,747.18
53.69127,1168.74,757.63,1175.56,771.59,1161.92,743.67
53.695267,1168.47,758.355,1174.02,772.88,1162.92,743.83
53.699263,1169.48,758.185,1175.54,775.5,1163.42,740.87
53.70326,1169.67,760.51,1175.63,779.09,1163.71,741.93
53.707257,1169.96,761.265,1175.22,779.62,1164.7,742.91
53.711253,1167.88,761.085,1171.19,778.82,1164.57,743.35
53.71525,1167.965,760.255,1171.61,779.51,1164.32,741.0
53.719246,1165.5900000000001,762.0350000000001,1167.2,781.98,1163.98,742.09
53.723243,1164.3899999999999,761.645,1164.81,780.54,1163.97,742.75
53.727239,1165.73,760.4200000000001,1168.15,782.48,1163.31,738.36
53.731236,1166.22,760.31,1169.06,783.84,1163.38,736.78
53.735232,1164.4850000000001,761.5250000000001,1165.9,784.09,1163.07,738.96
53.739229,1164.4,761.255,1166.12,782.46,1162.68,740.05
53.743226,1165.335,761.165,1167.36,781.48,1163.31,740.85
53.747222,1166.11,759.48,1168.1,779.22,1164.12,739.74
53.751219,1165.21,759.39,1165.74,779.25,1164.68,739.53
53.755215,1165.445,758.05,1166.03,779.38,1164.86,736.72
53.759212,1165.965,759.1199999999999,1167.59,782.18,1164.34,736.06
53.763208,1166.81,759.15,1170.18,781.3,1163.44,737.0
53.767205,1169.995,759.24,1176.06,782.3,1163.93,736.18
53.771201,1169.9650000000001,760.3399999999999,1173.48,783.8,1166.45,736.88
53.775198,1169.34,760.6,1172.33,782.95,1166.35,738.25
53.779195,1168.805,759.885,1173.14,783.78,1164.47,735.99
53.783191,1169.085,760.735,1173.86,785.26,1164.31,736.21
53.787188,1169.745,761.935,1175.31,785.37,1164.18,738.5
53.791184,1170.48,761.7,1174.95,785.57,1166.01,737.83
53.795181,1168.74,762.21,1172.54,785.57,1164.94,738.85
53.799177,1168.155,762.69,1172.61,786.6,1163.7,738.78
53.803174,1169.19,763.61,1174.8,785.45,1163.58,741.77
53.80717,1168.69,761.4100000000001,1175.13,782.69,1162.25,740.13
53.811167,1167.8899999999999,760.455,1173.0,781.96,1162.78,738.95
53.815164,1167.09,762.335,1171.87,783.45,1162.31,741.22
53.81916,1166.705,761.64,1172.45,781.85,1160.96,741.43
53.823157,1167.135,763.24,1171.79,783.79,1162.48,742.69
53.827153,1167.355,763.88,1171.72,783.65,1162.99,744.11
53.83115,1166.54,763.47,1170.71,782.63,1162.37,744.31
53.835146,1165.1399999999999,763.9849999999999,1169.35,781.42,1160.93,746.55
53.839143,1166.37,761.9449999999999,1171.16,778.36,1161.58,745.53
53.843139,1167.47,763.2049999999999,1172.63,778.65,1162.31,747.76
53.847139,1167.555,762.935,1171.96,777.72,1163.15,748.15
53.851139,1167.1799999999998,762.29,1170.29,777.0,1164.07,747.58
53.855139,1167.0900000000001,762.9000000000001,1170.51,776.09,1163.67,749.71
53.859139,1166.3049999999998,763.4449999999999,1169.75,776.67,1162.86,750.22
53.863139,1167.065,763.765,1169.78,776.54,1164.35,750.99
53.867139,1167.0149999999999,763.605,1169.18,775.04,1164.85,752.17
53.871139,1166.27,763.38,1166.7,773.95,1165.84,752.81
53.875139,1166.85,763.7149999999999,1166.44,774.39,1167.26,753.04
53.879139,1166.4299999999998,763.105,1165.33,774.63,1167.53,751.58
53.883139,1165.975,761.5550000000001,1165.05,773.23,1166.9,749.88
53.887139,1164.7649999999999,760.65,1163.96,774.02,1165.57,747.28
53.891139,1163.675,760.74,1162.52,775.52,1164.83,745.96
53.895139,1163.485,761.0250000000001,1161.87,777.71,1165.1,744.34
53.899142,1163.1599999999999,762.235,1161.52,779.49,1164.8,744.98
53.903145,1163.975,760.67,1162.92,778.42,1165.03,742.92
53.907148,1166.23,760.7249999999999,1164.31,779.43,1168.15,742.02
53.911152,1176.29,760.575,1178.01,778.28,1174.57,742.87
53.915155,1220.18,760.895,1225.19,778.47,1215.17,743.32
53.919158,1256.5149999999999,759.91,1272.91,778.53,1240.12,741.29
53.923161,1254.705,758.9649999999999,1264.09,777.67,1245.32,740.26
53.927164,1245.27,758.81,1251.26,777.86,1239.28,739.76
53.931167,1229.4450000000002,758.5350000000001,1228.24,775.88,1230.65,741.19
53.935171,1228.9499999999998,758.875,1229.04,777.3,1228.86,740.45
53.939174,1237.835,758.3299999999999,1239.95,775.54,1235.72,741.12
53.943177,1240.07,756.38,1243.05,773.14,1237.09,739.62
53.94718,1237.9299999999998,756.4200000000001,1238.1,774.15,1237.76,738.69
53.951183,1239.615,755.72,1240.72,772.87,1238.51,738.57
53.955186,1243.0100000000002,755.75,1245.39,773.9,1240.63,737.6
53.959189,1243.915,754.575,1246.69,772.63,1241.14,736.52
53.963193,1242.625,753.79,1245.41,771.57,1239.84,736.01
53.967196,1241.5149999999999,754.69,1243.34,774.7,1239.69,734.68
53.971199,1240.4699999999998,754.3299999999999,1241.61,774.41,1239.33,734.25
53.975202,1243.06,754.53,1244.62,774.57,1241.5,734.49
53.979205,1243.33,753.2149999999999,1244.45,773.01,1242.21,733.42
53.983208,1243.4850000000001,752.04,1244.08,771.98,1242.89,732.1
53.987211,1243.72,751.545,1243.99,772.42,1243.45,730.67
53.991215,1243.6950000000002,750.585,1244.39,769.92,1243.0,731.25
53.995218,1244.405,749.54,1244.02,768.85,1244.79,730.23
53.999221,1245.625,747.885,1244.33,767.54,1246.92,728.23
54.003224,1244.47,747.285,1242.88,767.17,1246.06,727.4
54.007227,1245.53,747.03,1242.34,767.28,1248.72,726.78
54.01123,1244.925,747.01,1240.8,765.98,1249.05,728.04
54.015234,1244.625,747.435,1240.85,765.99,1248.4,728.88
54.019237,1244.975,746.45,1239.73,765.52,1250.22,727.38
54.02324,1245.455,745.9000000000001,1240.16,764.32,1250.75,727.48
54.027243,1244.72,745.38,1238.14,764.34,1251.3,726.42
54.031246,1245.4250000000002,746.14,1238.4,764.8,1252.45,727.48
54.035249,1246.1999999999998,746.63,1237.82,766.14,1254.58,727.12
54.039252,1246.0500000000002,746.23,1238.19,766.11,1253.91,726.35
54.043256,1245.07,746.365,1237.85,766.6,1252.29,726.13
54.047256,1245.395,745.7850000000001,1237.46,765.46,1253.33,726.11
54.051257,1244.88,746.595,1238.06,766.58,1251.7,726.61
54.055258,1244.72,744.9749999999999,1238.43,764.39,1251.01,725.56
54.059258,1244.04,743.94,1237.3,763.23,1250.78,724.65
54.063259,1243.7649999999999,743.315,1237.71,762.2,1249.82,724.43
54.06726,1242.975,744.3,1235.61,763.59,1250.34,725.01
54.071261,1242.9499999999998,745.46,1236.32,764.24,1249.58,726.68
54.075261,1244.5149999999999,745.52,1239.16,763.51,1249.87,727.53
54.079262,1243.8600000000001,745.5550000000001,1239.02,764.61,1248.7,726.5
54.083263,1243.5300000000002,745.9000000000001,1238.63,764.98,1248.43,726.82
54.087263,1243.7150000000001,747.565,1238.17,767.21,1249.26,727.92
54.091264,1244.33,747.5450000000001,1239.75,765.95,1248.91,729.14
54.095265,1244.87,748.0,1241.49,766.56,1248.25,729.44
54.099266,1244.82,748.9200000000001,1241.85,768.12,1247.79,729.72
54.103264,1246.525,748.425,1244.39,767.15,1248.66,729.7
54.107263,1247.19,749.775,1244.69,768.52,1249.69,731.03
54.111262,1248.73,749.8299999999999,1247.43,768.65,1250.03,731.01
54.115261,1249.44,749.25,1248.78,767.16,1250.1,731.34
54.11926,1248.6999999999998,748.53,1248.3,767.46,1249.1,729.6
54.123259,1250.265,749.155,1250.89,766.46,1249.64,731.85
54.127258,1251.1799999999998,750.06,1252.57,767.47,1249.79,732.65
54.131257,1251.095,750.0999999999999,1253.5,766.16,1248.69,734.04
54.135256,1251.825,750.15,1254.39,767.38,1249.26,732.92
54.139255,1250.3600000000001,750.13,1251.0,767.13,1249.72,733.13
54.143254,1252.355,751.125,1254.49,768.21,1250.22,734.04
54.147253,1252.77,752.07,1255.49,768.94,1250.05,735.2
54.151252,1253.5100000000002,751.495,1256.63,768.46,1250.39,734.53
54.15525,1256.0700000000002,750.89,1257.43,766.41,1254.71,735.37
54.159249,1276.26,750.625,1266.35,765.89,1286.17,735.36
54.163248,1319.255,749.12,1311.79,762.6,1326.72,735.64
54.167247,1327.01,748.88,1321.57,764.11,1332.45,733.65
54.171246,1307.62,749.1949999999999,1304.24,765.85,1311.0,732.54
54.175245,1300.4299999999998,749.15,1295.32,765.62,1305.54,732.68
54.179244,1293.18,749.05,1280.41,765.92,1305.95,732.18
54.183243,1298.135,748.415,1292.09,765.55,1304.18,731.28
54.187242,1303.3400000000001,747.02,1297.66,764.99,1309.02,729.05
54.191241,1304.8049999999998,746.48,1296.03,764.94,1313.58,728.02
54.19524,1308.97,743.225,1302.22,760.32,1315.72,726.13
54.199239,1311.82,744.795,1306.08,764.28,1317.56,725.31
54.203237,1311.9850000000001,741.29,1306.34,761.54,1317.63,721.04
54.207236,1309.895,742.74,1303.5,764.79,1316.29,720.69
54.211235,1308.72,743.395,1302.9,765.79,1314.54,721.0
54.215234,1307.44,743.59,1300.57,765.58,1314.31,721.6
54.219233,1309.4,742.9,1302.73,764.92,1316.07,720.88
54.223232,1311.05,741.645,1305.51,763.59,1316.59,719.7
54.227231,1312.9450000000002,742.635,1307.48,764.42,1318.41,720.85
54.23123,1313.865,741.8,1308.38,762.11,1319.35,721.49
54.235229,1315.29,742.05,1309.86,762.77,1320.72,721.33
54.239228,1316.47,742.86,1311.92,763.51,1321.02,722.21
54.243227,1316.9099999999999,742.735,1312.49,762.39,1321.33,723.08
54.247226,1318.5900000000001,744.2049999999999,1314.93,764.29,1322.25,724.12
54.251225,1318.555,744.14,1314.94,763.81,1322.17,724.47
54.255224,1319.185,743.3299999999999,1315.8,763.17,1322.57,723.49
54.259223,1319.745,742.275,1316.91,761.55,1322.58,723.0
54.263223,1319.665,741.985,1316.72,760.94,1322.61,723.03
54.267222,1319.87,742.905,1316.91,762.82,1322.83,722.99
54.271221,1319.185,741.715,1316.78,761.36,1321.59,722.07
54.27522,1319.2849999999999,741.625,1316.84,761.33,1321.73,721.92
54.279219,1318.4850000000001,740.9449999999999,1315.8,760.72,1321.17,721.17
54.283218,1318.69,741.585,1315.86,760.37,1321.52,722.8
54.287218,1319.575,742.0250000000001,1317.43,759.69,1321.72,724.36
54.291217,1318.525,741.375,1316.2,758.9,1320.85,723.85
54.295216,1318.19,742.0,1315.02,759.37,1321.36,724.63
54.299215,1317.205,743.1099999999999,1313.46,759.79,1320.95,726.43
54.303214,1316.925,744.905,1313.32,762.01,1320.53,727.8
54.307215,1315.875,744.81,1312.97,761.68,1318.78,727.94
54.311216,1315.325,743.86,1311.47,759.78,1319.18,727.94
54.315216,1315.03,743.955,1310.59,759.32,1319.47,728.59
54.319217,1316.21,744.645,1311.43,760.85,1320.99,728.44
54.323218,1315.8000000000002,746.1949999999999,1310.93,762.72,1320.67,729.67
54.327218,1315.155,746.145,1310.48,763.69,1319.83,728.6
54.331219,1313.525,743.84,1309.64,760.45,1317.41,727.23
54.33522,1313.47,743.0799999999999,1308.52,760.11,1318.42,726.05
54.33922,1313.29,743.04,1308.85,759.11,1317.73,726.97
54.343221,1315.455,742.4300000000001,1310.96,756.79,1319.95,728.07
54.347222,1315.095,739.86,1312.65,753.64,1317.54,726.08
54.351222,1317.045,739.675,1314.75,754.73,1319.34,724.62
54.355223,1316.54,742.315,1314.81,757.55,1318.27,727.08
54.359224,1317.39,740.1500000000001,1315.13,753.45,1319.65,726.85
54.363224,1317.94,739.185,1316.62,751.63,1319.26,726.74
54.367225,1318.81,739.08,1318.18,749.94,1319.44,728.22
54.371226,1319.54,738.27,1319.12,749.19,1319.96,727.35
54.375226,1319.955,739.095,1318.85,749.29,1321.06,728.9
54.379227,1319.455,740.7049999999999,1318.12,752.11,1320.79,729.3
54.383228,1319.495,740.365,1319.92,749.62,1319.07,731.11
54.387228,1318.865,726.085,1319.98,724.29,1317.75,727.88
54.391229,1320.5,726.415,1321.62,725.57,1319.38,727.26
54.51924,1345.31,737.4549999999999,1321.24,729.66,1369.38,745.25
54.523238,1343.335,716.05,1322.25,703.78,1364.42,728.32
54.527237,1341.885,730.0699999999999,1323.6,719.03,1360.17,741.11
54.531235,1342.2800000000002,735.565,1324.64,726.69,1359.92,744.44
54.535233,1340.565,729.625,1321.48,715.36,1359.65,743.89
54.539232,1343.635,723.56,1325.75,713.97,1361.52,733.15
54.54323,1339.88,716.99,1327.94,704.25,1351.82,729.73
54.547228,1339.48,711.51,1328.21,699.61,1350.75,723.41
54.551227,1336.725,713.21,1325.56,697.97,1347.89,728.45
54.555225,1336.31,711.34,1326.66,698.48,1345.96,724.2
54.559223,1332.615,710.595,1322.76,696.9,1342.47,724.29
54.563222,1330.66,712.81,1323.14,699.38,1338.18,726.24
54.56722,1329.005,713.12,1318.31,698.6,1339.7,727.64
54.571219,1322.955,710.975,1312.72,698.49,1333.19,723.46
54.575217,1317.0,710.74,1304.38,695.0,1329.62,726.48
54.579215,1321.1,708.04,1310.56,691.73,1331.64,724.35
54.583214,1316.92,708.535,1306.13,691.18,1327.71,725.89
54.587212,1317.58,708.635,1307.08,693.21,1328.08,724.06
54.59121,1317.005,709.7049999999999,1308.02,692.15,1325.99,727.26
54.595209,1315.08,710.01,1305.01,690.89,1325.15,729.13
54.599207,1313.31,710.4300000000001,1304.07,691.03,1322.55,729.83
54.603205,1309.87,711.1949999999999,1299.26,690.91,1320.48,731.48
54.607204,1305.8249999999998,710.16,1294.33,690.04,1317.32,730.28
54.611202,1303.475,711.235,1292.55,691.23,1314.4,731.24
54.6152,1304.65,711.72,1293.5,691.44,1315.8,732.0
54.619199,1305.105,714.415,1298.35,699.35,1311.86,729.48
54.623197,1306.275,723.15,1301.04,714.37,1311.51,731.93
54.627195,1306.7199999999998,723.2850000000001,1302.58,711.33,1310.86,735.24
54.631194,1308.0700000000002,729.99,1305.72,719.47,1310.42,740.51
54.635192,1307.8600000000001,732.9,1307.84,724.0,1307.88,741.8
54.63919,1310.05,736.175,1311.74,736.52,1308.36,735.83
54.643189,1309.025,737.5899999999999,1308.71,740.41,1309.34,734.77
54.647188,1313.04,738.825,1314.09,737.74,1311.99,739.91
54.651187,1314.395,742.945,1315.38,738.19,1313.41,747.7
54.655187,1316.625,741.185,1318.79,737.68,1314.46,744.69
54.659186,1314.255,744.2,1316.03,744.48,1312.48,743.92
54.663186,1315.48,744.04,1316.93,745.92,1314.03,742.16
54.667185,1316.635,746.36,1318.43,748.12,1314.84,744.6
54.671185,1315.6599999999999,749.915,1317.84,752.59,1313.48,747.24
54.675184,1316.535,752.145,1319.68,753.89,1313.39,750.4
54.679183,1315.145,749.645,1317.97,754.97,1312.32,744.32
54.683183,1313.1599999999999,748.03,1315.56,753.26,1310.76,742.8
54.687182,1312.77,748.79,1315.99,752.2,1309.55,745.38
54.691182,1311.355,748.92,1315.66,750.8,1307.05,747.04
54.695181,1309.77,749.075,1313.46,753.88,1306.08,744.27
54.69918,1307.25,748.95,1309.59,754.68,1304.91,743.22
54.70318,1307.52,750.74,1310.0,756.26,1305.04,745.22
54.707179,1307.83,750.3,1309.57,754.67,1306.09,745.93
54.711179,1307.995,749.7950000000001,1309.15,754.02,1306.84,745.57
54.715179,1309.1100000000001,749.675,1308.17,754.85,1310.05,744.5
54.719179,1309.775,750.655,1308.32,756.94,1311.23,744.37
54.723179,1310.885,751.925,1308.11,757.56,1313.66,746.29
54.72718,1312.175,753.9649999999999,1309.82,759.06,1314.53,748.87
54.73118,1311.54,755.1949999999999,1309.52,760.36,1313.56,750.03
54.73518,1312.7,755.6500000000001,1310.24,762.1,1315.16,749.2
54.73918,1313.0700000000002,755.7750000000001,1310.48,761.45,1315.66,750.1
54.74318,1313.275,756.065,1311.95,762.34,1314.6,749.79
54.747181,1313.335,755.26,1312.12,761.84,1314.55,748.68
54.751181,1313.04,755.73,1311.77,762.95,1314.31,748.51
54.755181,1313.125,757.4449999999999,1311.72,764.78,1314.53,750.11
54.759181,1312.41,758.325,1312.91,766.11,1311.91,750.54
54.763181,1310.62,757.03,1312.24,765.09,1309.0,748.97
54.767182,1311.415,755.675,1312.74,764.92,1310.09,746.43
54.771182,1310.19,754.9,1311.64,764.26,1308.74,745.54
54.775182,1310.29,756.145,1311.21,765.06,1309.37,747.23
54.779182,1308.9250000000002,754.435,1309.47,763.39,1308.38,745.48
54.783182,1309.3000000000002,755.79,1310.67,764.9,1307.93,746.68
54.787183,1309.13,755.9100000000001,1310.0,764.09,1308.26,747.73
54.791183,1310.905,755.77,1311.32,762.94,1310.49,748.6
54.795183,1311.665,754.9,1312.31,762.78,1311.02,747.02
54.799183,1310.425,754.4749999999999,1312.85,761.91,1308.0,747.04
54.803184,1309.29,753.065,1313.29,759.8,1305.29,746.33
54.807184,1310.5,752.405,1315.86,757.88,1305.14,746.93
54.811184,1309.93,752.895,1314.68,755.33,1305.18,750.46
54.815184,1309.04,753.94,1312.89,756.15,1305.19,751.73
54.819184,1309.7,752.1800000000001,1313.67,756.7,1305.73,747.66
54.823185,1310.05,749.925,1314.54,755.94,1305.56,743.91
54.827185,1308.3000000000002,749.3199999999999,1314.15,755.49,1302.45,743.15
54.831185,1308.5749999999998,747.5,1313.57,753.22,1303.58,741.78
54.835185,1307.3600000000001,747.78,1312.81,755.77,1301.91,739.79
54.839185,1306.12,748.345,1311.79,754.49,1300.45,742.2
54.843186,1306.195,747.84,1311.82,757.23,1300.57,738.45
54.847186,1305.475,750.485,1309.57,761.61,1301.38,739.36
54.851186,1304.585,752.47,1308.02,765.19,1301.15,739.75
54.855186,1303.55,754.26,1306.82,767.73,1300.28,740.79
54.859187,1303.1999999999998,754.26,1307.3,769.28,1299.1,739.24
54.863187,1302.615,753.015,1306.47,766.4,1298.76,739.63
54.867187,1301.85,754.875,1306.83,768.27,1296.87,741.48
54.871188,1301.5349999999999,754.51,1306.37,767.81,1296.7,741.21
54.875188,1301.545,754.845,1306.78,767.91,1296.31,741.78
54.879188,1300.795,755.52,1306.0,769.01,1295.59,742.03
54.883188,1300.505,756.88,1305.77,769.26,1295.24,744.5
54.887189,1301.225,757.595,1306.19,769.97,1296.26,745.22
54.891189,1303.1599999999999,756.76,1306.95,769.22,1299.37,744.3
54.895189,1304.615,753.87,1308.35,768.46,1300.88,739.28
54.89919,1306.73,753.175,1310.34,766.99,1303.12,739.36
54.90319,1307.705,753.02,1311.05,766.83,1304.36,739.21
54.90719,1306.895,751.38,1311.54,767.46,1302.25,735.3
54.91119,1307.695,753.525,1311.54,768.55,1303.85,738.5
54.915191,1307.355,753.2750000000001,1311.93,769.35,1302.78,737.2
54.91919,1308.26,751.44,1313.99,768.86,1302.53,734.02
54.92319,1307.425,751.265,1313.49,767.31,1301.36,735.22
54.927189,1307.3600000000001,749.9749999999999,1312.63,766.67,1302.09,733.28
54.931188,1305.7,753.3199999999999,1311.94,766.91,1299.46,739.73
54.935188,1304.865,753.02,1311.26,766.38,1298.47,739.66
54.939187,1303.995,754.455,1311.64,766.57,1296.35,742.34
54.943187,1303.8000000000002,753.255,1311.17,767.77,1296.43,738.74
54.947186,1303.34,753.845,1310.6,769.42,1296.08,738.27
54.951185,1303.315,753.69,1310.41,769.55,1296.22,737.83
54.955185,1302.77,751.415,1308.71,768.68,1296.83,734.15
54.959184,1302.7849999999999,753.065,1306.95,770.76,1298.62,735.37
54.963184,1302.66,753.3050000000001,1306.17,768.53,1299.15,738.08
54.967183,1303.0149999999999,754.7,1305.43,771.0,1300.6,738.4
54.971182,1303.2849999999999,754.06,1305.21,770.63,1301.36,737.49
54.975182,1304.685,753.9200000000001,1306.22,770.19,1303.15,737.65
54.979181,1305.4,754.89,1305.72,772.9,1305.08,736.88
54.983181,1305.67,756.02,1304.59,774.28,1306.75,737.76
54.98718,1305.6550000000002,757.6949999999999,1305.16,775.23,1306.15,740.16
54.991179,1306.575,757.72,1306.71,775.68,1306.44,739.76
54.995179,1307.81,756.75,1307.39,773.27,1308.23,740.23
54.999178,1306.9650000000001,758.425,1306.41,773.01,1307.52,743.84
55.003177,1306.68,756.6800000000001,1307.18,770.96,1306.18,742.4
55.007177,1306.6750000000002,757.675,1307.15,773.96,1306.2,741.39
55.011176,1306.215,758.6949999999999,1306.37,772.42,1306.06,744.97
55.015176,1306.29,758.37,1306.77,772.79,1305.81,743.95
55.019175,1306.1,756.1800000000001,1306.33,771.14,1305.87,741.22
55.023174,1306.44,758.785,1308.16,774.9,1304.72,742.67
55.027174,1305.865,757.8499999999999,1308.33,773.52,1303.4,742.18
55.031173,1306.23,756.12,1309.21,771.49,1303.25,740.75
55.035173,1306.1100000000001,755.7750000000001,1309.07,768.59,1303.15,742.96
55.039172,1304.87,755.13,1307.87,767.86,1301.87,742.4
55.043171,1305.555,755.9549999999999,1308.92,770.9,1302.19,741.01
55.04717,1306.2849999999999,757.81,1310.03,773.18,1302.54,742.44
55.051168,1306.26,757.02,1309.46,770.84,1303.06,743.2
55.055166,1305.47,756.615,1307.52,770.47,1303.42,742.76
55.059164,1306.745,757.225,1308.71,769.94,1304.78,744.51
55.063162,1306.31,757.2,1306.38,769.06,1306.24,745.34
55.06716,1308.7150000000001,756.71,1309.55,768.19,1307.88,745.23
55.071158,1308.2350000000001,756.165,1308.52,768.54,1307.95,743.79
55.075156,1309.145,756.4100000000001,1309.06,769.62,1309.23,743.2
55.079154,1309.615,754.88,1309.56,768.13,1309.67,741.63
55.083152,1308.38,756.9549999999999,1307.97,770.66,1308.79,743.25
55.08715,1307.9,756.7149999999999,1307.88,769.01,1307.92,744.42
55.091148,1308.225,757.96,1307.49,770.08,1308.96,745.84
55.095146,1308.42,757.875,1307.16,770.97,1309.68,744.78
55.099144,1308.47,758.19,1308.15,772.52,1308.79,743.86
55.103142,1307.875,757.9449999999999,1306.6,772.75,1309.15,743.14
55.10714,1309.87,756.605,1308.84,772.73,1310.9,740.48
55.111139,1308.87,755.39,1308.89,771.65,1308.85,739.13
55.115137,1310.12,755.24,1311.33,771.12,1308.91,739.36
55.119135,1310.275,755.46,1312.39,772.31,1308.16,738.61
55.123134,1308.9450000000002,755.81,1311.23,771.9,1306.66,739.72
55.127133,1309.395,755.075,1310.99,771.96,1307.8,738.19
55.131133,1309.865,755.345,1311.02,773.76,1308.71,736.93
55.135132,1310.05,753.935,1311.24,772.08,1308.86,735.79
55.139131,1308.9099999999999,753.095,1310.05,772.22,1307.77,733.97
55.143131,1309.3249999999998,752.4200000000001,1309.86,771.21,1308.79,733.63
55.14713,1309.54,753.2950000000001,1310.75,772.5,1308.33,734.09
55.151129,1309.145,752.595,1311.93,771.3,1306.36,733.89
55.155129,1308.605,753.655,1310.48,772.68,1306.73,734.63
55.159128,1307.9,754.94,1308.39,774.94,1307.41,734.94
55.163127,1307.32,754.0899999999999,1307.82,772.75,1306.82,735.43
55.167126,1306.83,753.155,1306.37,771.87,1307.29,734.44
55.171126,1307.04,752.73,1306.34,770.84,1307.74,734.62
55.175125,1308.03,752.88,1306.48,769.87,1309.58,735.89
55.179124,1308.98,751.895,1306.92,768.91,1311.04,734.88
55.183124,1309.135,752.855,1307.67,769.16,1310.6,736.55
55.187123,1310.5549999999998,752.375,1308.61,767.97,1312.5,736.78
55.191122,1309.63,751.7950000000001,1308.61,766.37,1310.65,737.22
55.195122,1310.31,751.815,1307.74,766.42,1312.88,737.21
55.199121,1311.005,750.6500000000001,1308.15,764.94,1313.86,736.36
55.20312,1311.7150000000001,750.605,1309.3,764.01,1314.13,737.2
55.20712,1312.05,749.29,1309.25,763.44,1314.85,735.14
55.211119,1312.94,748.185,1308.61,763.18,1317.27,733.19
55.215118,1312.635,747.745,1308.71,762.79,1316.56,732.7
55.219118,1311.415,748.425,1308.27,763.5,1314.56,733.35
55.223117,1309.105,749.45,1306.9,764.12,1311.31,734.78
55.227116,1307.6399999999999,749.6300000000001,1305.62,764.57,1309.66,734.69
55.231116,1306.1100000000001,750.83,1304.34,766.21,1307.88,735.45
55.235115,1306.935,753.645,1303.95,768.35,1309.92,738.94
55.239114,1306.675,756.225,1303.56,771.47,1309.79,740.98
55.243114,1307.725,758.025,1302.96,773.15,1312.49,742.9
55.247113,1307.3200000000002,759.21,1301.45,773.59,1313.19,744.83
55.251113,1307.115,758.875,1300.76,774.6,1313.47,743.15
55.255113,1305.995,759.69,1300.31,774.6,1311.68,744.78
55.259113,1305.115,760.565,1299.06,774.87,1311.17,746.26
55.263112,1305.2800000000002,762.2149999999999,1299.15,775.89,1311.41,748.54
55.267112,1303.945,760.625,1299.54,774.44,1308.35,746.81
55.271112,1305.835,760.1600000000001,1299.83,773.87,1311.84,746.45
55.275112,1305.8899999999999,758.6700000000001,1300.77,772.11,1311.01,745.23
55.279111,1304.0749999999998,757.475,1301.85,770.72,1306.3,744.23
55.283111,1304.715,756.1099999999999,1303.32,769.3,1306.11,742.92
55.287111,1304.4650000000001,755.395,1304.79,768.27,1304.14,742.52
55.291111,1302.685,755.25,1306.25,768.0,1299.12,742.5
55.29511,1303.1399999999999,755.9100000000001,1305.76,767.23,1300.52,744.59
55.29911,1302.1,756.555,1306.99,768.06,1297.21,745.05
55.30311,1302.65,757.335,1309.23,768.16,1296.07,746.51
55.30711,1302.505,756.45,1309.74,768.7,1295.27,744.2
55.311109,1302.425,756.74,1309.51,769.5,1295.34,743.98
55.315109,1303.0,756.23,1309.92,769.42,1296.08,743.04
55.319109,1302.4099999999999,758.22,1309.75,771.04,1295.07,745.4
55.323109,1302.24,757.505,1309.32,770.75,1295.16,744.26
55.327108,1302.875,757.815,1309.12,771.07,1296.63,744.56
55.331108,1301.42,757.25,1307.51,771.31,1295.33,743.19
55.335108,1302.005,756.66,1307.25,770.8,1296.76,742.52
55.339108,1301.7350000000001,757.22,1307.33,770.97,1296.14,743.47
55.343108,1301.745,757.62,1306.39,771.76,1297.1,743.48
55.347108,1302.085,758.96,1305.72,772.06,1298.45,745.86
55.351108,1301.22,758.295,1303.88,770.8,1298.56,745.79
55.355108,1301.24,758.005,1303.5,769.9,1298.98,746.11
55.359108,1299.025,758.98,1300.36,770.32,1297.69,747.64
55.363108,1298.97,760.415,1301.04,769.43,1296.9,751.4
55.367108,1298.83,760.3199999999999,1300.86,768.59,1296.8,752.05
55.371107,1298.655,761.235,1301.28,768.87,1296.03,753.6
55.375107,1298.915,760.61,1301.45,768.98,1296.38,752.24
55.379107,1299.255,760.925,1301.95,768.86,1296.56,752.99
55.383107,1298.245,760.8050000000001,1300.85,769.33,1295.64,752.28
55.387107,1298.4650000000001,759.96,1302.21,767.56,1294.72,752.36
55.391107,1297.81,759.03,1301.68,767.58,1293.94,750.48
55.395107,1297.865,758.53,1302.28,768.08,1293.45,748.98
55.399107,1298.38,760.14,1303.83,770.87,1292.93,749.41
55.403107,1298.625,760.645,1304.25,773.92,1293.0,747.37
55.407107,1299.245,756.765,1304.39,768.27,1294.1,745.26
55.411107,1298.915,757.005,1304.37,770.89,1293.46,743.12
55.415106,1298.905,755.855,1304.36,770.57,1293.45,741.14
55.419106,1299.8049999999998,756.905,1305.27,773.11,1294.34,740.7
55.423106,1300.335,755.745,1305.73,771.99,1294.94,739.5
55.427106,1302.15,754.64,1307.51,770.8,1296.79,738.48
55.431106,1303.625,755.23,1309.94,772.18,1297.31,738.28
55.435106,1304.88,755.56,1311.9,771.09,1297.86,740.03
55.439106,1305.935,757.1099999999999,1313.69,771.29,1298.18,742.93
55.443106,1304.2849999999999,756.5699999999999,1310.56,768.81,1298.01,744.33
55.447106,1305.38,755.28,1312.36,765.46,1298.4,745.1
55.451106,1303.905,755.22,1310.72,763.43,1297.09,747.01
55.455106,1304.77,755.745,1312.01,762.94,1297.53,748.55
55.459106,1304.145,755.83,1311.89,762.19,1296.4,749.47
55.463105,1301.6999999999998,756.01,1308.84,760.24,1294.56,751.78
55.467105,1298.635,755.855,1305.28,759.01,1291.99,752.7
55.471105,1298.52,755.9300000000001,1306.05,758.52,1290.99,753.34
55.475105,1294.2849999999999,756.9549999999999,1300.32,759.54,1288.25,754.37
55.479105,1292.85,756.19,1298.31,759.25,1287.39,753.13
55.483105,1291.6999999999998,755.72,1297.34,758.55,1286.06,752.89
55.487105,1288.835,756.8399999999999,1293.53,760.51,1284.14,753.17
55.491105,1287.76,757.915,1292.98,762.77,1282.54,753.06
55.495105,1287.33,758.975,1293.61,765.11,1281.05,752.84
55.499105,1286.17,760.365,1291.21,767.1,1281.13,753.63
55.503105,1286.22,761.27,1289.56,767.89,1282.88,754.65
55.507105,1286.355,761.8299999999999,1288.94,769.16,1283.77,754.5
55.511105,1285.4099999999999,762.665,1287.52,771.23,1283.3,754.1
55.515105,1285.3600000000001,763.915,1286.98,772.86,1283.74,754.97
55.519105,1286.475,764.49,1288.72,772.47,1284.23,756.51
55.523104,1287.155,764.7950000000001,1288.98,773.47,1285.33,756.12
55.527104,1285.96,765.79,1286.64,775.91,1285.28,755.67
55.531103,1283.1950000000002,766.0999999999999,1282.47,777.52,1283.92,754.68
55.535102,1283.285,766.27,1281.15,778.84,1285.42,753.7
55.539101,1285.65,765.73,1285.27,778.07,1286.03,753.39
55.5431,1283.435,765.125,1281.78,777.67,1285.09,752.58
55.547099,1282.67,765.26,1282.82,778.89,1282.52,751.63
55.551097,1280.9650000000001,765.9,1282.48,779.01,1279.45,752.79
55.555096,1283.21,766.68,1285.79,778.31,1280.63,755.05
55.559095,1282.655,766.6400000000001,1286.86,778.46,1278.45,754.82
55.563094,1284.23,767.76,1288.76,778.72,1279.7,756.8
55.567093,1285.17,768.81,1290.52,779.89,1279.82,757.73
55.571092,1284.2,769.365,1287.47,778.76,1280.93,759.97
55.57509,1286.81,768.755,1290.05,777.39,1283.57,760.12
55.579089,1285.465,769.51,1289.58,777.9,1281.35,761.12
55.583088,1287.24,769.49,1292.21,777.43,1282.27,761.55
55.587087,1287.355,770.8050000000001,1292.4,778.88,1282.31,762.73
55.591086,1287.085,771.1300000000001,1292.24,778.82,1281.93,763.44
55.595085,1287.2,770.145,1293.14,778.39,1281.26,761.9
55.599084,1285.6100000000001,770.88,1292.13,780.72,1279.09,761.04
55.603082,1286.78,769.64,1293.04,778.76,1280.52,760.52
55.607081,1285.865,769.25,1292.43,779.42,1279.3,759.08
55.61108,1284.95,769.0450000000001,1291.51,780.12,1278.39,757.97
55.615079,1285.135,767.9449999999999,1293.09,779.52,1277.18,756.37
55.619078,1284.915,768.0550000000001,1293.54,781.36,1276.29,754.75
55.623077,1286.2,766.75,1296.15,779.78,1276.25,753.72
55.627075,1286.06,765.675,1296.73,778.99,1275.39,752.36
55.631074,1286.25,764.675,1296.57,777.49,1275.93,751.86
55.635073,1287.665,766.73,1297.33,780.73,1278.0,752.73
55.639072,1288.72,766.28,1299.01,780.47,1278.43,752.09
55.643071,1289.7,765.7,1298.76,780.39,1280.64,751.01
55.64707,1290.655,765.835,1299.78,780.88,1281.53,750.79
55.65107,1291.2150000000001,765.595,1300.17,779.65,1282.26,751.54
55.655069,1291.23,766.66,1299.53,782.26,1282.93,751.06
55.659069,1299.8,771.0899999999999,1300.74,785.04,1298.86,757.14
55.663068,1367.16,787.565,1365.15,796.88,1369.17,778.25
55.667068,1443.4450000000002,852.19,1437.18,859.16,1449.71,845.22
55.671067,1496.1799999999998,908.165,1500.11,926.69,1492.25,889.64
55.675067,1534.2649999999999,911.3800000000001,1536.67,925.32,1531.86,897.44
55.679066,1550.4,909.975,1554.36,923.57,1546.44,896.38
55.683065,1542.62,910.735,1541.87,920.62,1543.37,900.85
55.687065,1516.045,900.5899999999999,1515.54,906.65,1516.55,894.53
55.691064,1501.72,895.3299999999999,1486.53,893.77,1516.91,896.89
55.695064,1497.28,893.515,1479.69,895.29,1514.87,891.74
55.699063,1507.525,891.1800000000001,1486.57,890.45,1528.48,891.91
55.703063,1521.775,899.0699999999999,1513.62,905.52,1529.93,892.62
55.707062,1521.945,905.23,1515.35,916.4,1528.54,894.06
55.711062,1519.5,903.855,1512.47,911.09,1526.53,896.62
55.715061,1523.03,903.89,1520.49,913.52,1525.57,894.26
55.719061,1515.855,901.55,1510.86,910.83,1520.85,892.27
55.72306,1516.425,902.21,1512.99,912.47,1519.86,891.95
55.72706,1514.37,901.8199999999999,1510.96,913.73,1517.78,889.91
55.731059,1517.56,903.51,1513.81,917.12,1521.31,889.9
55.735059,1517.8000000000002,903.3199999999999,1514.44,916.89,1521.16,889.75
55.739059,1518.6599999999999,905.325,1515.85,919.53,1521.47,891.12
55.74306,1520.575,904.8199999999999,1519.98,919.65,1521.17,889.99
55.74706,1520.35,904.95,1519.02,920.06,1521.68,889.84
55.75106,1520.405,904.3699999999999,1519.55,918.43,1521.26,890.31
55.75506,1522.105,904.23,1520.21,918.91,1524.0,889.55
55.75906,1521.595,902.525,1520.28,916.66,1522.91,888.39
55.763061,1522.445,901.9449999999999,1519.78,916.97,1525.11,886.92
55.767061,1522.755,902.1400000000001,1520.07,917.96,1525.44,886.32
55.771061,1524.155,900.64,1519.77,916.42,1528.54,884.86
55.775061,1523.05,900.585,1517.49,915.91,1528.61,885.26
55.779061,1522.8249999999998,900.265,1514.86,914.3,1530.79,886.23
55.783061,1522.98,900.0899999999999,1513.84,913.31,1532.12,886.87
55.787062,1522.5900000000001,902.595,1510.22,914.32,1534.96,890.87
55.791062,1521.9650000000001,901.12,1508.3,912.84,1535.63,889.4
55.795062,1523.0300000000002,899.89,1506.88,911.51,1539.18,888.27
55.799062,1521.4099999999999,901.5899999999999,1504.28,911.42,1538.54,891.76
55.803062,1521.855,902.65,1504.92,912.99,1538.79,892.31
55.807062,1521.545,903.75,1503.53,911.84,1539.56,895.66
55.811063,1522.0349999999999,903.075,1501.71,909.49,1542.36,896.66
55.815063,1522.2849999999999,902.535,1501.83,907.26,1542.74,897.81
55.819063,1523.335,902.8050000000001,1502.07,905.04,1544.6,900.57
55.823063,1523.51,904.245,1502.41,908.78,1544.61,899.71
55.827063,1523.54,904.8399999999999,1502.17,908.42,1544.91,901.26
55.831064,1523.65,903.16,1503.83,905.8,1543.47,900.52
55.835064,1528.7350000000001,902.57,1511.95,907.69,1545.52,897.45
55.839064,1533.6599999999999,900.22,1520.11,905.67,1547.21,894.77
55.843064,1534.54,898.065,1521.49,909.26,1547.59,886.87
55.847065,1531.905,894.125,1517.96,906.93,1545.85,881.32
55.851066,1530.955,893.29,1519.05,907.25,1542.86,879.33
55.855066,1531.25,893.53,1517.75,907.08,1544.75,879.98
55.859067,1535.7150000000001,893.155,1523.77,907.06,1547.66,879.25
55.863068,1537.005,889.72,1523.05,901.34,1550.96,878.1
55.867069,1539.755,887.3199999999999,1526.53,897.78,1552.98,876.86
55.871069,1542.4299999999998,886.25,1529.34,896.97,1555.52,875.53
55.87507,1543.715,885.025,1530.58,894.74,1556.85,875.31
55.879071,1542.815,886.56,1528.36,895.24,1557.27,877.88
55.883072,1542.0549999999998,887.78,1527.53,898.03,1556.58,877.53
55.887072,1541.505,886.2049999999999,1527.35,893.63,1555.66,878.78
55.891073,1542.5149999999999,886.0799999999999,1528.26,893.79,1556.77,878.37
55.895074,1543.835,885.925,1528.84,895.93,1558.83,875.92
55.899075,1544.885,884.365,1530.54,892.91,1559.23,875.82
55.903075,1545.715,884.0550000000001,1531.57,896.28,1559.86,871.83
55.907076,1546.27,882.6500000000001,1533.33,898.2,1559.21,867.1
55.911077,1546.98,881.6700000000001,1535.5,901.6,1558.46,861.74
55.915078,1546.97,884.2149999999999,1535.97,905.64,1557.97,862.79
55.919078,1546.795,889.425,1535.91,908.29,1557.68,870.56
55.923079,1547.845,885.8399999999999,1538.9,907.93,1556.79,863.75
55.92708,1546.57,885.375,1538.27,907.53,1554.87,863.22
55.931081,1547.86,887.505,1540.86,908.91,1554.86,866.1
55.935082,1547.645,886.14,1542.64,911.23,1552.65,861.05
55.939081,1548.845,887.5699999999999,1544.77,909.34,1552.92,865.8
55.943081,1550.18,887.89,1547.41,908.89,1552.95,866.89
55.94708,1551.685,888.855,1550.03,909.74,1553.34,867.97
55.951079,1551.2,888.74,1550.21,910.39,1552.19,867.09
55.955079,1550.345,891.145,1548.88,911.15,1551.81,871.14
55.959078,1551.77,890.61,1551.86,909.65,1551.68,871.57
55.963078,1551.52,890.005,1551.37,908.91,1551.67,871.1
55.967077,1550.9,889.6,1550.9,907.62,1550.9,871.58
55.971077,1551.62,890.345,1551.9,908.74,1551.34,871.95
55.975076,1551.08,890.19,1549.99,911.26,1552.17,869.12
55.979076,1550.4850000000001,889.965,1546.88,911.22,1554.09,868.71
55.983075,1549.855,890.8199999999999,1545.57,913.71,1554.14,867.93
55.987075,1547.215,890.99,1540.09,915.91,1554.34,866.07
55.991074,1548.21,890.7349999999999,1542.2,916.66,1554.22,864.81
55.995074,1547.4450000000002,891.245,1540.16,918.22,1554.73,864.27
55.999073,1547.105,889.175,1538.81,916.72,1555.4,861.63
56.003073,1546.63,888.22,1537.9,917.41,1555.36,859.03
56.007072,1547.325,889.355,1537.89,920.4,1556.76,858.31
56.011072,1547.8400000000001,888.285,1538.45,918.76,1557.23,857.81
56.015071,1547.585,888.11,1537.08,920.39,1558.09,855.83
56.019071,1548.15,887.145,1538.14,919.59,1558.16,854.7
56.02307,1549.435,887.2750000000001,1539.45,918.84,1559.42,855.71
56.02707,1550.01,886.225,1539.95,918.11,1560.07,854.34
56.031069,1550.965,883.815,1541.37,913.54,1560.56,854.09
56.035069,1552.565,885.655,1542.16,915.02,1562.97,856.29
56.039068,1552.375,884.48,1541.36,912.32,1563.39,856.64
56.043068,1551.8400000000001,884.565,1541.02,912.02,1562.66,857.11
56.047067,1551.665,885.3199999999999,1540.17,912.68,1563.16,857.96
56.051066,1550.21,886.485,1538.37,913.13,1562.05,859.84
56.055065,1550.8000000000002,884.8199999999999,1538.21,910.46,1563.39,859.18
56.059064,1550.8600000000001,884.885,1538.75,909.44,1562.97,860.33
56.063063,1549.96,885.575,1536.46,909.48,1563.46,861.67
56.067062,1547.205,886.2,1532.7,910.38,1561.71,862.02
56.07106,1547.655,886.185,1533.1,909.64,1562.21,862.73
56.075059,1546.325,887.365,1530.72,911.07,1561.93,863.66
56.079058,1544.4299999999998,886.4449999999999,1528.86,910.62,1560.0,862.27
56.083057,1543.725,885.4849999999999,1529.67,908.43,1557.78,862.54
56.087056,1541.975,886.655,1528.87,910.61,1555.08,862.7
56.091055,1539.095,885.75,1524.65,908.28,1553.54,863.22
56.095054,1534.365,885.045,1519.65,906.81,1549.08,863.28
