t_s,x,y,x_left,y_left,x_right,y_right
0.0,0.0,0.0,0.12941254259306298,0.8725479263984413,0.12941254259306298,0.8725481666303951
0.02,-0.3276900000000016,-0.655364999999995,0.12941251267432527,0.870587138154207,0.1274517582793375,0.8705874120007543
0.04,-0.65537,-1.310735,0.1274517582793375,0.870587138154207,0.1274517582793375,0.8666658429039896
0.06,-0.3276949999999996,-3.2768249999999997,0.1274517582793375,0.8627440450148656,0.12941248275558756,0.8627443336447077
0.08,-0.65538,-3.27683,0.1274517283605998,0.8627440450148656,0.1274517283605998,0.8627443037259662
0.1,-0.98306,-3.2768249999999997,0.1274517283605998,0.8627440450148656,0.12549097396561198,0.8627443336447077
0.12,-1.31074,-3.60451,0.12549097396561198,0.860783286689429,0.12549097396561198,0.8627443037259662
0.14,-0.983055,-3.93219,0.12549100388434972,0.860783286689429,0.1274517283605998,0.8607835490963254
0.16,-0.98306,-4.25987,0.1274517283605998,0.8588225283639924,0.12549097396561198,0.8607835490963254
0.18,-1.31074,-3.932195,0.12549097396561198,0.8607832567706313,0.12549097396561198,0.8607835490963254
0.2,-1.31074,-4.58755,0.12549097396561198,0.8588225283639924,0.12549097396561198,0.8588227944666843
0.22,-0.3276999999999996,-5.242935,0.1274517283605998,0.8568617102009607,0.12941248275558756,0.8568619500808196
0.24,0.3276600000000004,-5.57062,0.12941248275558756,0.8549009219567264,0.13137323715057533,0.8568619500808196
0.26,0.65535,-5.570625,0.13137326706931304,0.8549008920379289,0.13137326706931304,0.8568619500808196
0.28,0.6553450000000001,-5.89831,0.13137323715057533,0.8549008920379289,0.13137326706931304,0.8549011655324372
0.3,0.65535,-5.57064,0.13137326706931304,0.854900862119131,0.13137326706931304,0.8568618902433369
0.32,0.3276699999999984,-6.225995,0.13137326706931304,0.8529401037936946,0.12941251267432527,0.8549011655324372
0.34,-5.000000001587e-06,-5.89832,0.12941254259306298,0.854900862119131,0.12941251267432527,0.8549011356136959
0.36,0.3276699999999984,-6.226005,0.13137326706931304,0.8529400738748968,0.12941251267432527,0.8549011356136959
0.38,-1.0000000003174e-05,-6.22601,0.12941251267432527,0.8529400738748968,0.12941251267432527,0.8549011056949546
0.4,-1.0000000003174e-05,-6.22601,0.12941251267432527,0.8529400738748968,0.12941251267432527,0.8549011056949546
0.42,-1.0000000003174e-05,-6.226015,0.12941251267432527,0.8529400439560991,0.12941251267432527,0.8549011056949546
0.44,-1.0000000003174e-05,-6.553694999999999,0.12941251267432527,0.8529400439560991,0.12941251267432527,0.8529403510653135
0.46,-1.5000000001208501e-05,-6.88138,0.12941248275558756,0.8509792856306626,0.12941251267432527,0.8529403211465724
0.48,-1.0000000003174e-05,-6.88138,0.12941251267432527,0.8509792856306626,0.12941251267432527,0.8529403211465724
0.5,0.3276699999999984,-7.536745,0.12941251267432527,0.8490185273052261,0.13137326706931304,0.85097953659819
0.52,0.3276600000000004,-7.864425,0.13137323715057533,0.8490184973864283,0.12941248275558756,0.8490188118872903
0.54,-2.5000000000830002e-05,-9.175155,0.12941248275558756,0.8450969807355555,0.12941245283684982,0.8450972427905258
0.56,-3.9999999998486e-05,-11.796615,0.1294124229181121,0.841175404247087,0.1294124229181121,0.8333326551751972
0.58,-5.9999999997729e-05,-14.74576,0.1294123630806367,0.8274499762938406,0.1294123630806367,0.829411115997174
0.6,-0.98309,-14.418075,0.12745163860438663,0.8294107645380749,0.12549088420939886,0.829411115997174
0.62,-1.310765,-14.41807,0.12549088420939886,0.8274500062126383,0.12549091412813657,0.8313719005455562
0.64,11.14133,-9.175135000000001,0.1490204156490556,0.8431362523289165,0.17647157555363877,0.8470580871763906
0.66,16.712040000000002,-7.20903,0.18235398833229066,0.8490185871428215,0.17647172514732734,0.8529404408215375
0.68,15.401309999999999,-5.89829,0.17647169522858963,0.8549009518755242,0.17451094083360186,0.8549012253699199
0.7,14.418265,-5.898285,0.17255018643861408,0.8549009817943218,0.17255015651987635,0.8549012253699199
0.72,14.41826,-5.89829,0.17255015651987635,0.8549009518755242,0.17255015651987635,0.8549012253699199
0.74,14.745940000000001,-6.22597,0.17255015651987635,0.8529401935500875,0.17451091091486415,0.8549012253699199
0.76,14.418275,-4.259869999999999,0.17255018643861408,0.8568617401197582,0.17255021635735182,0.8627443336447077
0.78,13.762925,-2.94914,0.1725502462760895,0.8627440749336633,0.16862870756737625,0.8647050882743486
0.8,1.3108950000000001,-1.9661,0.13921691294275618,0.8647048033403021,0.12745223697914096,0.868626627452372
0.82,1.31095,1.0000000005006004e-05,0.1333347095952683,0.8705871680730047,0.13333476943274372,0.8745089810975186
0.84,0.6555949999999999,1.63843,0.13137398511901824,0.8764695328057073,0.13137401503775595,0.878430520275542
0.86,0.655605,1.966115,0.13137401503775595,0.8764695328057073,0.13137404495649369,0.8803913048239244
0.88,0.32793000000000055,1.96612,0.13137404495649369,0.8784303210499415,0.1294132905615059,0.8784305501942833
0.9,0.32793000000000055,1.966115,0.13137404495649369,0.8784302911311439,0.1294132905615059,0.8784305501942833
0.92,1.310965,1.31075,0.13333479935148143,0.8764695328057073,0.13333476943274372,0.876469765645901
0.94,1.63864,1.31074,0.13333476943274372,0.8764695028869096,0.13529552382773152,0.8764697357271597
0.96,8.84768,1.638415,0.13921703261770704,0.8745087146426754,0.17255033603230266,0.8803912449864417
0.98,29.81951,3.932195,0.21176599238807475,0.8823518077820169,0.22549151250289087,0.8862735687128472
1.0,31.130265,4.587565,0.22353075810790315,0.8843125960262511,0.22156997379417764,0.8882343532612296
1.02,30.802585,4.91525,0.22157000371291535,0.8862733842704854,0.22156997379417764,0.8882343532612296
1.04,30.80258,4.91525,0.22156997379417764,0.8862733842704854,0.22156997379417764,0.8882343532612296
1.06,30.474895,4.9152450000000005,0.2215699438754399,0.8862733543516876,0.21960921939918987,0.8882343532612296
1.08,30.14722,5.24293,0.21960921939918987,0.8882341425959218,0.21960921939918987,0.8882343532612296
1.1,30.802574999999997,5.242925,0.2215699438754399,0.8882341126771242,0.22156997379417764,0.8882343532612296
1.12,33.096345,5.898289999999999,0.21960918948045216,0.8862733543516876,0.23725606879155528,0.8941166470688938
1.14,62.915589999999995,13.107330000000001,0.2941186642959059,0.9098026936073073,0.3411774279878422,0.9137244327152341
1.16,76.022965,13.43502,0.3588244269738962,0.9117634818515414,0.3549028882651829,0.9137244626339754
1.18,74.71223499999999,14.418075,0.3529421039514575,0.9156850583400099,0.35294213387019513,0.9156852471823576
1.2,74.71224,14.41807,0.35294213387019513,0.9156850583400099,0.35294213387019513,0.9156852172636163
1.22,74.05687,13.76271,0.3509813495564697,0.9137243000145735,0.3509813495564697,0.9137244626339754
1.24,73.40151,13.76271,0.34902059516148193,0.9137243000145735,0.34902059516148193,0.9137244626339754
1.26,73.401515,13.435025,0.34902059516148193,0.9117635416891369,0.34902062508021964,0.9137244327152341
1.28,73.40152,13.435020000000002,0.34902062508021964,0.9137242700957757,0.34902062508021964,0.9117636780855931
1.3,73.72920500000001,12.77966,0.34902062508021964,0.9098027534449027,0.35098140939394507,0.9117636780855931
1.32,73.40152499999999,12.77966,0.34902062508021964,0.9117635117703393,0.3490206549989573,0.909802923455952
1.34,80.61054999999999,12.451985,0.3490206549989573,0.9078419652006684,0.392157610713541,0.9117637379230755
1.36,113.378985,18.350305,0.45490264891528126,0.9235282711545422,0.4823536592261758,0.931371523569416
1.38,116.655855,19.661045,0.480392904831188,0.9294106358872447,0.47647136612247476,0.9333323081177982
1.4,115.67281,20.971775,0.47647136612247476,0.9352929407823519,0.47451061172748693,0.9352930926661805
1.42,115.01744,21.62714,0.4745105818087492,0.9372537290265862,0.47254982741376156,0.9372538472958215
1.44,114.689765,21.954819999999998,0.47254982741376156,0.9372537290265862,0.47254985733249916,0.9392146019254626
1.46,114.03440499999999,21.954815,0.4705891029375114,0.9372536991077886,0.47058907301877373,0.9392146019254626
1.48,114.0344,22.282494999999997,0.47058907301877373,0.9392144574332251,0.47058907301877373,0.9392146019254626
1.5,114.0344,21.954810000000002,0.47058907301877373,0.9372536991077886,0.47058907301877373,0.9392145720067211
1.52,114.36208,22.61017,0.47254982741376156,0.9392144574332251,0.47058907301877373,0.9411753266363623
1.54,113.70672,22.610174999999998,0.46862831862378596,0.9392144574332251,0.47058907301877373,0.9411753565551034
1.56,113.70672,22.610174999999998,0.47058907301877373,0.9392144574332251,0.46862831862378596,0.9411753565551034
1.58,113.37904,23.265535,0.46862831862378596,0.9411752157586616,0.46862831862378596,0.9431361111847444
1.6,113.05136,23.593225,0.46862831862378596,0.9411752456774592,0.4666675642287982,0.9450968957331266
1.62,113.37903,23.26554,0.46862828870504825,0.9411752456774592,0.46862828870504825,0.9431361111847444
1.64,114.36207,23.59321,0.470589043100036,0.9431359740840981,0.4725497974950238,0.9431360812660031
1.66,124.52026000000001,25.231634999999997,0.49607905966604104,0.9470575505725665,0.5078438253858695,0.94901843491115
1.68,126.158695,25.887005000000002,0.5078438253858695,0.9490183388168008,0.505883041072144,0.9509792194595323
1.7,126.48637,26.542365,0.5078437954671318,0.9509790971422372,0.5078437954671318,0.9529399740891732
1.72,126.48637,26.542365,0.5078437954671318,0.9509790971422372,0.5078437954671318,0.9529399740891732
1.74,126.486365,26.87004,0.5078437954671318,0.9529398554676738,0.507843765548394,0.952939944170432
1.76,126.814035,26.542360000000002,0.507843765548394,0.9509790971422372,0.509804490024644,0.952939944170432
1.78,126.814035,26.214675,0.5098045199433818,0.9509790672234395,0.5078437356296562,0.950979189540791
1.8,126.486345,26.214675,0.5078437356296562,0.9509790672234395,0.5078437057109185,0.950979189540791
1.82,133.695365,27.197735,0.5098044601059063,0.949018308898003,0.5490199369492522,0.9588223277343201
1.84,155.65024,29.819229999999997,0.5901964075374875,0.9627438565264401,0.600000418862328,0.960783172120185
1.86,155.97794,30.474605,0.5960788502348771,0.9627438864452379,0.5960788502348771,0.9647047412169495
1.88,156.30563,31.12997,0.5980396345486025,0.964704674689472,0.5960788801536148,0.9666654958465906
1.9,156.6333,31.12997,0.5980396046298648,0.964704674689472,0.5980396046298648,0.9666654958465906
1.92,156.633305,31.45765,0.5980396345486025,0.9666654330149086,0.5980396046298648,0.9666654958465906
1.94,156.30561,31.45765,0.5980395747111271,0.9666654330149086,0.5960788203161393,0.9666654958465906
1.96,72.41953,31.457655000000003,0.09608644959425702,0.9666654330149086,0.5960788203161393,0.9666655257653318
1.98,72.41952,31.45765,0.09608641967551933,0.9666654330149086,0.5960787903974016,0.9666654958465906
2.0,155.97792,31.45765,0.5960787903974016,0.9666654330149086,0.5960787903974016,0.9666654958465906
2.02,156.30561,31.45765,0.5980395747111271,0.9666654330149086,0.5960788203161393,0.9666654958465906
2.04,126.15868,22.61014,0.5666670855289947,0.954900643711908,0.4470596911728056,0.9254889904118212
2.06,35.062419999999996,-7.536704999999998,0.3000009573996069,0.8725478964796436,0.1686287973235894,0.8274504511237569
2.08,-1.3105449999999998,-19.333275,0.12353072818916541,0.8117639096903485,0.12745238657282953,0.8176466181380694
2.1,0.00022500000000003073,-15.728735,0.13137398511901824,0.8235286391557537,0.12745244641030495,0.8274505707987221
2.12,-0.65513,-13.43495,0.1274524763290427,0.8294110038884563,0.1274524763290427,0.8352936491547686
2.14,-1.310495,-12.124215,0.1254916920153172,0.8352933387023612,0.12549172193405492,0.8372544337031508
2.16,-0.982815,-11.468354999999999,0.1274524763290427,0.8372570589887691,0.1254916920153172,0.8392152182515331
2.18,-0.65514,-11.79653,0.12745244641030495,0.8372541269465954,0.12745244641030495,0.8372544337031508
2.2,-0.65514,-11.468855000000001,0.12745244641030495,0.8372540970277979,0.12745244641030495,0.8392151883327919
2.22,-1.9658499999999999,-5.570575,0.12745244641030495,0.8490187068180123,0.11960948866782932,0.8627444234009315
2.24,-4.587275,-2.293745,0.1156880097965915,0.864704923015493,0.11568797987785377,0.8666659625789547
2.26,-3.93192,-2.293745,0.11764873427284155,0.864704923015493,0.11764873427284155,0.8666659625789547
2.28,-3.27656,-2.62143,0.11960948866782932,0.864704923015493,0.11960948866782932,0.8647051780305726
2.3,-2.62121,-2.621445,0.12157021314407937,0.8647048930966952,0.12157021314407937,0.8647051181930899
2.32,-1.63818,-2.62145,0.12353093762032943,0.8647048631778975,0.1254916920153172,0.8647051181930899
2.34,-0.98282,-2.62146,0.12745244641030495,0.8647048332590997,0.1254916920153172,0.8647050882743486
2.36,-1.3105,-3.2768249999999997,0.1254916920153172,0.8627440450148656,0.1254916920153172,0.8627443336447077
2.38,-1.63818,-3.2768249999999997,0.1254916920153172,0.8627440450148656,0.12353093762032943,0.8627443336447077
2.4,-1.63819,-3.60451,0.1254916920153172,0.860783286689429,0.123530877782854,0.8627443037259662
2.42,-2.293555,-3.9322,0.1235309077015917,0.8607832567706313,0.12157012338786621,0.860783519177584
2.44,2.949395,-1.966105,0.1235309077015917,0.8588224984451949,0.15294261256999864,0.8745088913412948
2.46,54.39581,8.51974,0.260785390800048,0.8941164175722313,0.3235304888392637,0.901959695506199
2.48,71.435435,11.141205,0.3431383319765186,0.9039202690370094,0.3431383618952563,0.9078420491513459
2.5,71.43543,12.124275,0.3431383319765186,0.9078419053630731,0.3431383319765186,0.9098028636184694
2.52,71.10774,12.45196,0.34117754766279307,0.9098026936073073,0.3431383020577809,0.9098028636184694
2.54,71.43541,12.451955,0.34313827213904313,0.9098026636885097,0.34313827213904313,0.9098028636184694
2.56,71.10772,12.451955,0.3431382422203054,0.9098026636885097,0.34117748782531765,0.9098028636184694
2.58,70.780035,12.124275,0.34117748782531765,0.9078419053630731,0.34117745790657994,0.9098028636184694
2.6,70.45234500000001,11.79659,0.34117745790657994,0.9078419053630731,0.3392166735928545,0.9078420790700872
2.62,70.12465,11.468910000000001,0.33921664367411675,0.9058811470376366,0.33921664367411675,0.9078420790700872
2.64,70.12465,11.468910000000001,0.33921664367411675,0.9078419053630731,0.33921664367411675,0.9058813244404462
2.66,78.31673,12.451965000000001,0.3490204455677933,0.9078419053630731,0.378432180354938,0.9117636780855931
2.68,91.42412,13.762705,0.4019615622009061,0.9137242700957757,0.40392237643336937,0.9137244626339754
2.7,91.09644,14.41808,0.4019615921196439,0.9156850583400099,0.4019615921196439,0.9156852771010989
2.72,90.76875,14.090395000000001,0.4019615622009061,0.9137243000145735,0.40000080780591835,0.9156852471823576
2.74,90.44106,14.74577,0.40000077788718064,0.9156851181776053,0.40000077788718064,0.9176460317307399
2.76,90.44106,14.41809,0.40000077788718064,0.9156851181776053,0.40000077788718064,0.9156852771010989
2.78,90.44106,14.74577,0.40000077788718064,0.9156851181776053,0.40000077788718064,0.9176460317307399
2.8,90.44105,14.41809,0.4000007479684429,0.9156851181776053,0.4000007479684429,0.9156852771010989
2.82,98.960825,16.05651,0.4039222866771562,0.9156851181776053,0.44705939198542843,0.9254891699242691
2.84,128.124715,18.35032,0.5000004487810658,0.9274498775618083,0.5254905850220217,0.927450014310134
2.86,131.401565,19.005695,0.5254905850220217,0.9274499074806059,0.5196082919183207,0.9313715834068985
2.88,131.07388,19.988745,0.5215690463133085,0.9313714540502767,0.5215690463133085,0.9333323679552809
2.9,131.07388,19.66107,0.5215690463133085,0.9313714839690743,0.5215690463133085,0.9313716133256398
2.92,131.07388,19.988745,0.5215690463133085,0.9313714839690743,0.5215690463133085,0.9333323380365395
2.94,131.401555,19.66106,0.5215690463133085,0.9313714540502767,0.5235297707895585,0.9313715834068985
2.96,131.72923,19.333375,0.5215690163945708,0.9294106957248401,0.5254905251845463,0.9313715534881571
2.98,133.367625,18.677995,0.5274512795795341,0.9274498775618083,0.5294120040557841,0.9294107390210337
3.0,133.6953,19.005665,0.5294120040557841,0.929410605968447,0.5294120040557841,0.9294107091022923
3.02,134.350645,18.02261,0.5313727285320342,0.9274497878054151,0.5313726986132965,0.9254891699242691
3.04,134.35064,17.694924999999998,0.5333334530082843,0.925488999561181,0.5294119442183087,0.9254891699242691
3.06,134.022955,18.022595000000003,0.5313726986132965,0.9254889696423833,0.5294119142995709,0.9274498946351687
3.08,134.67829999999998,17.36723,0.531372638775821,0.9235282113169468,0.5333333931708087,0.9254891100867865
3.1,148.441035,22.28249,0.5627450082830026,0.9352928809447566,0.5843137554089338,0.9431361411034858
3.12,154.994755,22.937865000000002,0.5921569225825735,0.9411752456774592,0.5941176470588235,0.9411753864738447
3.14,154.66706499999998,23.920915,0.592156862745098,0.9431360339216934,0.5921568926638358,0.9450969256518681
3.16,154.994735,24.576275000000003,0.5921568328263603,0.94509679224713,0.5941176171400858,0.9470576802815089
3.18,154.99473999999998,24.90396,0.5941176171400858,0.9470575804913641,0.592156862745098,0.9470576802815089
3.2,154.994725,25.23164,0.5921568328263603,0.9470575804913641,0.5941175573026104,0.94901843491115
3.22,155.32241,25.887,0.5941175872213481,0.9490183388168008,0.5941175872213481,0.950979189540791
3.24,154.33934499999998,24.576265,0.5960783416163359,0.9490183388168008,0.5862744200477085,0.9431360812660031
3.26,97.322315,10.813485,0.4921571619324752,0.9196063954780967,0.34902008654294076,0.890194958297164
3.28,14.745885,-14.41807,0.21372635783947222,0.8490185273052261,0.13333438048915341,0.8098034201070576
3.3,-1.638345,-20.316355,0.11960883045559954,0.8058814851200504,0.12941281186170242,0.8176465283818454
3.32,-0.982955,-16.71182,0.12745205746671465,0.8215677611551264,0.12549127315298916,0.8235289119457335
3.34,-1.310635,-15.073405000000001,0.12549127315298916,0.8254893376435949,0.12549130307172687,0.8294112057533978
3.36,-1.310625,-13.762665,0.12549130307172687,0.8294109141320634,0.1254913329904646,0.8333327748501624
3.38,-22.60981,-12.45194,0.12353060851421455,0.8352932190271706,3.0816299847985477e-06,0.8352935294798035
3.4,-1.3106149999999999,-12.12426,0.12549136290920232,0.8352932190271706,0.1254913329904646,0.8372542841094444
3.42,-1.638305,-11.14122,0.12549130307172687,0.8392147356780436,0.12353057859547682,0.8392150387390854
3.44,0.32781000000000005,-7.536709999999999,0.12745208738545238,0.8431362822477143,0.133334530082842,0.8568619799995607
3.46,1.31091,-5.242925,0.13333461983905515,0.8568617401197582,0.13333461983905515,0.8568619799995607
3.48,1.638585,-4.91525,0.1333345899203174,0.8568617102009607,0.13529537423404292,0.8588227346292017
3.5,1.96627,-4.91525,0.13529537423404292,0.8568617102009607,0.13529537423404292,0.8588227346292017
3.52,1.966275,-5.57062,0.13529537423404292,0.8549009219567264,0.13529540415278063,0.8568619500808196
3.54,2.6216350000000004,-5.570625,0.1372561286290307,0.8549008920379289,0.1372561585477684,0.8568619500808196
3.56,2.62164,-5.57062,0.1372561585477684,0.8549009219567264,0.1372561585477684,0.8568619500808196
3.58,2.29395,-5.898305000000001,0.1372561286290307,0.8549008920379289,0.13529537423404292,0.8549011954511785
3.6,7.536885,-4.587575,0.13529537423404292,0.8549008920379289,0.16862852805494996,0.8627442738072251
3.62,29.49172,-2.62147,0.21372647751442309,0.8627440450148656,0.22156961476932505,0.8666658129852483
3.64,30.147084999999997,-2.62147,0.21960883045559954,0.8647048033403021,0.21960880053686183,0.8647050583556073
3.66,31.130119999999998,-2.621475,0.2215695549318496,0.8647048033403021,0.22353030932683737,0.8647050284368659
3.68,31.785469999999997,-2.94916,0.22353027940809966,0.8627440150960679,0.22549103380308744,0.8647050284368659
3.7,32.44082,-2.94917,0.22745175827933747,0.8627439851772701,0.2254910038843497,0.8647049985181248
3.72,33.096180000000004,-3.27686,0.22941251267432528,0.8627439552584725,0.22745175827933747,0.8627442139697424
3.74,33.42385,-3.276865,0.22941248275558754,0.8627439552584725,0.22941248275558754,0.8627441840510012
3.76,13.435165000000001,-4.58763,0.19607935885341826,0.8607830772578453,0.1431383618952563,0.8568617705683717
3.78,2.94928,-7.53678,0.1352951947216166,0.8490183777112377,0.14117763741900624,0.8509794767607074
3.8,3.9323449999999998,-7.20908,0.14117763741900624,0.8509792257930674,0.14117760750026853,0.8509795066794488
3.82,4.58769,-6.8814,0.1431383319765186,0.8509792257930674,0.1431383319765186,0.8529402613090897
3.84,5.24305,-6.881405,0.14509908637150637,0.8509791958742695,0.14509908637150637,0.8529402613090897
3.86,4.91536,-7.209085,0.14509905645276863,0.8509791958742695,0.14313830205778086,0.8509795066794488
3.88,5.24304,-6.8814,0.14509905645276863,0.8509792257930674,0.14509905645276863,0.8529402613090897
3.9,-19.00528,-7.20908,3.231223673385955e-06,0.8509792257930674,0.14509905645276863,0.8509795066794488
3.92,5.57072,-7.20908,0.14509905645276863,0.8509792257930674,0.1470598108477564,0.8509795066794488
3.94,5.57072,-6.8814,0.1470598108477564,0.8509792257930674,0.14509905645276863,0.8529402613090897
3.96,5.8984,-7.20908,0.1470598108477564,0.8509792257930674,0.1470598108477564,0.8509795066794488
3.98,5.898395,-7.536765,0.14509902653403092,0.8490184674676308,0.14902056524274418,0.8509794767607074
4.0,33.75148,-3.27689,0.19411833518979102,0.8568615306881744,0.2666670855289947,0.868626447939924
4.02,75.36739,1.310675,0.3431375241706002,0.8745085351298892,0.3666669957727816,0.878430310844353
4.04,78.644265,2.9491050000000003,0.36470627129653155,0.8803908998625919,0.36470624137779384,0.8823519098598588
4.06,79.29963,3.27678,0.3666670256915192,0.8823516581880283,0.3666670256915192,0.8823518799411174
4.08,79.627305,3.27678,0.3666670256915192,0.8823516581880283,0.3686277501677694,0.8823518799411174
4.1,80.282655,2.62142,0.3686277501677694,0.8803908998625919,0.3705884746440194,0.8803911253114765
4.12,79.95496,1.63837,0.3686276903302939,0.8784301116183577,0.3686276903302939,0.8764695861334533
4.14,79.954955,1.31069,0.3686276903302939,0.8764693532929212,0.3686276604115562,0.8764695861334533
4.16,80.282635,0.65533,0.3705884447252817,0.8745085949674847,0.3686276604115562,0.8745088315038122
4.18,80.61031,0.32764000000000076,0.370588414806544,0.8725478067232504,0.370588414806544,0.874508801585071
4.2,80.93799,0.32764000000000076,0.370588414806544,0.8725478067232504,0.37254916920153175,0.874508801585071
4.22,80.61031,-4.4999999996520005e-05,0.370588414806544,0.8725477768044528,0.370588414806544,0.8725480469554299
4.24,80.6103,-0.32772499999999927,0.37058838488780627,0.8705870184790162,0.37058838488780627,0.8725480469554299
4.26,80.6103,-4.500000000001725e-05,0.37058838488780627,0.8705870184790162,0.37058838488780627,0.874508801585071
4.28,80.6103,-3.9999999998486e-05,0.37058838488780627,0.8725478067232504,0.37058838488780627,0.8725480469554299
4.3,80.28262,-3.9999999998486e-05,0.37058838488780627,0.8725478067232504,0.3686276304928185,0.8725480469554299
4.32,80.93798,-3.9999999998486e-05,0.37058838488780627,0.8725478067232504,0.37254913928279404,0.8725480469554299
4.34,80.937985,0.3276300000000027,0.37058838488780627,0.8725477768044528,0.37254916920153175,0.8745087716663296
4.36,81.26566,0.3276300000000027,0.37254913928279404,0.8725477768044528,0.37254913928279404,0.8745087716663296
4.38,80.937975,0.32762000000000113,0.37254913928279404,0.8725477468856551,0.3705883549690685,0.8745087417475884
4.4,19.006465,0.32762,0.3725491093640563,0.8705869586414208,5.86407259244354e-06,0.8764695262959706
4.42,111.084945,6.22593,0.43921565635577214,0.8901947513273698,0.4843136955714584,0.8921557727642877
4.44,118.949375,6.22594,0.4882352342801716,0.8901947812461676,0.4823528813389952,0.892155802683029
4.46,117.966325,6.88131,0.4823529112577329,0.8921555994091994,0.4823528813389952,0.8941165573126698
4.48,118.621655,7.53667,0.48431351605903206,0.8941163577346359,0.48431360581524524,0.8960773119423109
4.5,118.29398499999999,6.881304999999999,0.48431360581524524,0.8921555694904019,0.4823528215015197,0.8941165573126698
4.52,118.621655,6.55362,0.4843135758965075,0.8921555694904019,0.48431354597776977,0.8921557727642877
4.54,118.62165,6.55362,0.48431354597776977,0.8921555694904019,0.48431354597776977,0.8921557727642877
4.56,118.949315,5.89825,0.48627427045401983,0.8901947812461676,0.48431348614029435,0.8901949882159054
4.58,118.62163,5.57057,0.48431348614029435,0.8882340229207311,0.48431348614029435,0.8901949882159054
4.6,118.621625,5.898255,0.48431348614029435,0.8901947812461676,0.4843134562215566,0.8901950181346466
4.62,118.621625,6.225944999999999,0.48431348614029435,0.8901948111649652,0.4843134562215566,0.892155802683029
4.64,118.293945,6.881315,0.4823527317453065,0.8921555994091994,0.4843134562215566,0.8941165872314112
4.66,118.293945,7.536685,0.4843134562215566,0.8941163876534337,0.4823527317453065,0.8960773717797935
4.68,118.62163,8.192055,0.48431348614029435,0.8960771758976679,0.48431348614029435,0.8980381563281759
4.7,117.96626499999999,8.519735,0.4823527018265689,0.8980379342231043,0.4823527317453065,0.8980381563281759
4.72,117.31091,9.17511,0.48039197735031886,0.8999987523861364,0.48039197735031886,0.8999989408765581
4.74,116.98322,9.502790000000001,0.48039194743158115,0.8999987523861364,0.47843119303659337,0.901959695506199
4.76,116.65554,9.830475,0.47843119303659337,0.9019595107115728,0.47843119303659337,0.9019597254249404
4.78,116.32785,9.83048,0.47647040872286783,0.9019595406303705,0.4784311631178556,0.9019597254249404
4.8,116.65553,10.158169999999998,0.4784311631178556,0.9019595705491682,0.4784311631178556,0.9039205099733227
4.82,116.32785,10.158165,0.47647040872286783,0.9019595406303705,0.4784311631178556,0.9039205099733227
4.84,116.983215,10.48585,0.47843119303659337,0.9039203288746048,0.4803919175128434,0.9039205099733227
4.86,133.03972,15.7288,0.5019604252888729,0.9078419053630731,0.5529407576082602,0.931371433813192
4.88,163.51441,20.644085,0.6039211198463853,0.9352929108635544,0.6333329144710054,0.9333323081177982
4.9,169.08507,20.64411,0.6372544830984563,0.9333322123757132,0.6333329743084808,0.9352931525036632
4.92,169.74043,21.95485,0.6372544830984563,0.9372538187829792,0.6372544830984563,0.9392146916816864
4.94,169.74041499999998,21.95485,0.6372544531797186,0.9372538187829792,0.6372544232609809,0.9392146916816864
4.96,170.39577,21.95485,0.6392151776559687,0.9372538187829792,0.6392151776559687,0.9392146916816864
4.98,171.05111499999998,21.627164999999998,0.6411759021322188,0.9372538187829792,0.6411758722134809,0.937253907133304
5.0,171.70646499999998,21.29947,0.6431366266084687,0.9352930006199474,0.643136596689731,0.9372538772145629
5.02,171.70646,21.299464999999998,0.643136596689731,0.9352929707011498,0.643136596689731,0.9372538772145629
5.04,172.36182,21.62715,0.6450973510847188,0.937253758945384,0.6450973510847188,0.9372538772145629
5.06,173.01717,21.62714,0.6470580755609688,0.9372537290265862,0.6470580755609688,0.9372538472958215
5.08,173.01716499999998,20.64409,0.6470580755609688,0.9352929407823519,0.6470580456422311,0.9333323081177982
5.1,152.37303500000002,17.039524999999998,0.6137247422276355,0.9274497279678199,0.5568621168045472,0.9196066966041571
5.12,131.40123999999997,12.451935,0.5235288433086893,0.9098026038509143,0.5215680889137014,0.9098028037809868
5.14,131.72894,13.762675,0.5235289031461647,0.9137241803393827,0.5235289031461647,0.9137243728777514
5.16,132.711985,13.10732,0.5254896874598902,0.9117634519327439,0.5274504119361403,0.9117636182481105
5.18,133.03966,13.435005,0.5274504119361403,0.9117634519327439,0.5274504119361403,0.9137244027964928
5.2,133.367335,13.434999999999999,0.5274504119361403,0.9137242102581803,0.5294111364123903,0.9117636182481105
5.22,134.02269,12.45195,0.5294111364123903,0.9098026636885097,0.5313718908073781,0.9098028336997283
5.24,131.72887500000002,9.1751,0.5333326152836282,0.9078418455254776,0.513724802065111,0.892155802683029
5.26,79.627005,-8.5198,0.42156802907622604,0.8627438655020795,0.31372495165879954,0.8313718706268148
5.28,29.163645,-29.491455,0.23725466261088257,0.7941169052486337,0.19607831169759815,0.7745095974235894
5.3,19.333145000000002,-31.785224999999997,0.18627444996644615,0.7725484140748436,0.18823529411764706,0.7823527056983772
5.32,19.660845000000002,-27.525345,0.18823529411764706,0.7882346302723242,0.1882353240363848,0.7921565686028061
5.34,19.98853,-25.886935,0.19019607843137257,0.7941169351674313,0.1882353240363848,0.7960781077808293
5.36,20.64388,-25.23158,0.19215680290762263,0.7960776934928679,0.19019604851263483,0.798038832491729
5.38,20.97157,-24.576214999999998,0.1921568328263603,0.7980384518183044,0.1921568328263603,0.7999996170401114
5.4,20.97157,-23.593175,0.1921568328263603,0.799999210143741,0.1921568328263603,0.8039211262993933
5.42,20.31621,-22.93781,0.19019607843137257,0.8019599983879752,0.19019607843137257,0.8058818809290343
5.44,20.97158,-22.28245,0.19215686274509802,0.8058815150388482,0.19215686274509802,0.8058818809290343
5.46,20.97158,-22.28246,0.19215686274509802,0.8058814851200504,0.19215686274509802,0.805881851010293
5.48,20.97158,-22.93782,0.19215686274509802,0.803920726794614,0.19215686274509802,0.8039210963806521
5.5,20.97158,-23.59319,0.19215686274509802,0.8019599385503798,0.19215686274509802,0.8019603118322698
5.52,20.643900000000002,-24.24856,0.19215686274509802,0.7999991503061455,0.19019610835011028,0.7999995272838875
5.54,20.31622,-24.90393,0.19019610835011028,0.7980383620619114,0.19019610835011028,0.7980387427355051
5.56,20.31622,-25.559295,0.19019610835011028,0.796077603736475,0.19019610835011028,0.7960779581871229
5.58,20.31622,-26.21466,0.19019610835011028,0.7941168154922407,0.19019610835011028,0.7941172035574819
5.6,20.316215,-26.87003,0.19019607843137257,0.7921560272480065,0.19019610835011028,0.7921564190090997
5.62,20.64389,-27.19771,0.1921568328263603,0.7921560272480065,0.19019607843137257,0.7901956643794585
5.64,21.299245,-28.508445000000002,0.1941175872213481,0.784312934108665,0.19215680290762263,0.7901956344607174
5.66,21.954594999999998,-28.508454999999998,0.19411755730261035,0.788234450759538,0.19607828177886044,0.7862740653639527
5.68,22.28227,-29.163825000000003,0.19607828177886044,0.7843128742710695,0.19607828177886044,0.7862740653639527
5.7,23.592995000000002,-29.819195,0.19411752738387267,0.7823521159456331,0.20588208367253702,0.7843132508968292
5.72,54.06756,-22.282525,0.2647052540594491,0.7999989707933594,0.31764646044877504,0.8117639653055094
5.74,78.64390499999999,-20.644125000000003,0.356862027048334,0.8098027923393397,0.37254833147687566,0.8117639353867682
5.76,80.93769499999999,-20.316425000000002,0.37254830155813795,0.8117636105023716,0.37058751724441247,0.8117639952242508
5.78,81.265365,-20.31643,0.37254827163940024,0.8117636105023716,0.3725482417206625,0.8117639653055094
5.8,81.265355,-21.299480000000003,0.3725482417206625,0.8078420639327009,0.37254821180192477,0.8098031807571271
5.82,81.265345,-21.29949,0.37254821180192477,0.8078420340139032,0.37254818188318706,0.8098031508383859
5.84,81.26533,-21.62718,0.3725481519644494,0.8078420040951054,0.3725481519644494,0.8078423662900036
5.86,81.26533,-22.282545,0.3725481519644494,0.805881245769669,0.3725481519644494,0.8058815817416213
5.88,81.92068,-22.610235,0.37450887644069947,0.803920427606637,0.37450887644069947,0.8058815817416213
5.9,82.24836,-22.937925,0.37450887644069947,0.803920427606637,0.37646963083568724,0.8039207672744978
5.92,82.576035,-23.59329,0.37646960091694953,0.8019596393624028,0.37646963083568724,0.8019600126448567
5.94,82.57603,-24.248655,0.37646960091694953,0.7999988511181687,0.37646960091694953,0.7999992580152158
5.96,82.57603,-24.90402,0.37646960091694953,0.7980380927927321,0.37646960091694953,0.7980384734668335
5.98,82.57603,-24.576345,0.37646960091694953,0.7980380628739345,0.37646960091694953,0.7999992280964746
6.0,82.576025,-24.904024999999997,0.37646957099821177,0.7980380628739345,0.37646960091694953,0.7980384734668335
6.02,81.92067,-24.576345,0.37450884652196176,0.7980380628739345,0.37450884652196176,0.7999992280964746
6.04,82.248355,-24.576340000000002,0.37646963083568724,0.7980380927927321,0.37450884652196176,0.7999992280964746
6.06,81.920675,-24.248665,0.37450884652196176,0.7980380628739345,0.37450887644069947,0.8019599827261155
6.08,96.33879999999999,-18.678045,0.3999989827629177,0.8098027325017443,0.43529316024745185,0.8235285230020968
6.1,117.63835,-15.728875,0.47450890635943715,0.823528220292586,0.4882343666367779,0.8274501519363439
6.12,118.621415,-12.77971,0.48431285784680234,0.8313714031883205,0.4843128279280646,0.8372540447595141
6.14,117.96606,-11.468975,0.48235210345181456,0.8372537380022256,0.48235210345181456,0.8392148293078963
6.16,117.966055,-10.81361,0.48235210345181456,0.8392145262464596,0.48235207353307685,0.8411755839375373
6.18,117.966055,-10.48593,0.48235207353307685,0.8411752845718963,0.48235210345181456,0.8411755839375373
6.2,117.966055,-10.81361,0.48235207353307685,0.8392145262464596,0.48235210345181456,0.8411755839375373
6.22,117.638375,-11.14129,0.48235207353307685,0.8392145262464596,0.4803913490568268,0.8392148293078963
6.24,117.310685,-11.468979999999998,0.480391319138089,0.8372537380022256,0.4803912892193513,0.839214799389155
6.26,116.65532,-12.124345,0.47843053482436354,0.835292979676789,0.47843053482436354,0.8372540148407727
6.28,116.65531,-12.45203,0.47843050490562583,0.8352929497579914,0.47843050490562583,0.8352932602111318
6.3,115.99996,-12.124345,0.47646978042937577,0.8352929497579914,0.47646978042937577,0.8372540447595141
6.32,116.32763,-12.124345,0.47646975051063806,0.8352929497579914,0.47843050490562583,0.8372540447595141
6.34,116.65531,-12.12435,0.47843050490562583,0.8352929497579914,0.47843050490562583,0.8372540148407727
6.36,116.98298,-12.12436,0.4803912293818759,0.8352929198391936,0.47843047498688807,0.8372539849220315
6.38,127.468855,-9.830565,0.492155815589278,0.8372537080834278,0.5294107175500623,0.8490186922123251
6.4,146.80227000000002,-6.88139,0.5627440508833956,0.8509792257930674,0.5745087567657486,0.8529403211465724
6.42,148.11301500000002,-6.226015,0.5725480023707609,0.8529400439560991,0.572547972452023,0.8549011056949546
6.44,147.785335,-5.898325,0.5725480023707609,0.8549008322003334,0.5705872180570353,0.8549011356136959
6.46,148.76836,-5.89833,0.5745086969282731,0.8549008322003334,0.5745086969282731,0.8549011056949546
6.48,148.76836,-5.89834,0.5745086969282731,0.8549008022815356,0.5745086969282731,0.8549010757762132
6.5,149.096035,-5.57066,0.5764694513232609,0.8549008022815356,0.5745086670095354,0.8568618304058543
6.52,148.76835,-5.89834,0.5745086670095354,0.8549008022815356,0.5745086670095354,0.8549010757762132
6.54,148.440665,-5.570665,0.5745086370907977,0.854900772362738,0.5725479126145476,0.8568618304058543
6.56,148.76834,-5.57066,0.5745086370907977,0.8549008022815356,0.5745086370907977,0.8568618304058543
6.58,149.09602,-5.89834,0.5764693914857855,0.8549008022815356,0.5745086370907977,0.8549010757762132
6.6,149.4237,-5.898345,0.5764693914857855,0.854900772362738,0.5764693914857855,0.8549010757762132
6.62,149.4237,-5.57066,0.5764693914857855,0.8549008022815356,0.5764693914857855,0.8568618304058543
6.64,146.803505,-6.226039999999999,0.5764693914857855,0.854900772362738,0.5607908060915747,0.8529402313903485
6.66,137.299385,-7.8644750000000005,0.5431361179899276,0.8490183477924399,0.5372538248862265,0.8490186622935839
6.68,137.627075,-6.88142,0.5411753935136776,0.850979165955472,0.5411753635949398,0.8529402014716071
6.7,137.2994,-6.553735,0.5392146391186897,0.850979165955472,0.5411753935136776,0.8549009860199894
6.72,137.62708500000002,-6.226045,0.5411753935136776,0.8529399541997061,0.5411754234324153,0.8549010159387306
6.74,137.29941000000002,-6.55373,0.5392146690374275,0.8509791958742695,0.5411754234324153,0.8549009860199894
6.76,137.29941000000002,-6.226045,0.5411754234324153,0.8529399541997061,0.5392146690374275,0.8549010159387306
6.78,137.62709,-6.22605,0.5411754234324153,0.8529399541997061,0.5411754234324153,0.8549009860199894
6.8,156.632765,-2.621505,0.568626314068359,0.8588223488512065,0.6274496938864351,0.870587292325789
6.82,178.25997999999998,-0.6553849999999997,0.6627438713709694,0.8686263199911751,0.6627439312084448,0.8725481067929125
6.84,177.276935,0.983045,0.6588223625809938,0.8745086847238777,0.6607831468947193,0.8764697058084183
6.86,177.60462,1.31073,0.6607831468947193,0.8745087146426754,0.6607831468947193,0.8784304604380594
6.88,177.60462,1.63841,0.6607831468947193,0.8764694729681118,0.6607831468947193,0.8784304604380594
6.9,177.60462,1.63842,0.6607831468947193,0.8764695028869096,0.6607831468947193,0.8784304903568007
6.92,177.9323,1.310735,0.6627439012897071,0.8764694729681118,0.6607831468947193,0.8764697357271597
6.94,177.60461500000002,1.638415,0.6607831468947193,0.8764694729681118,0.6607831169759816,0.8784304903568007
6.96,177.27694000000002,1.966105,0.6607831468947193,0.8764695028869096,0.6588223924997315,0.880391274905183
6.98,176.94926,1.966105,0.6588223924997315,0.8784302612123461,0.6588223924997315,0.878430520275542
7.0,176.94926,1.63843,0.6588223924997315,0.8764695328057073,0.6588223924997315,0.878430520275542
7.02,176.62157000000002,1.31074,0.6588223625809938,0.8764695028869096,0.656861608186006,0.8764697357271597
7.04,177.60461,1.96611,0.6588223326622561,0.8745087445614731,0.6627439012897071,0.8823520594535652
7.06,183.50297,3.276835,0.6745086969282731,0.8862733842704854,0.682351834183175,0.8784304903568007
7.08,184.813695,2.949155,0.6823518042644374,0.8784302911311439,0.6823517743456997,0.8843128140832063
7.1,185.46905500000003,3.276835,0.6843125287406875,0.8823518377008145,0.6843125586594252,0.8823520295348241
7.12,185.46905,3.60451,0.6843125287406875,0.8823518077820169,0.6843125287406875,0.8843127841644649
7.14,185.46904,3.27683,0.6843124988219498,0.8823518077820169,0.6843124988219498,0.8823520295348241
7.16,186.12439,2.949135,0.6862732232981998,0.8803910195377828,0.6862732232981998,0.8823519696973414
7.18,186.12439,2.94913,0.6862732232981998,0.8803909896189849,0.6862732232981998,0.8823519696973414
7.2,186.452055,2.949125,0.6862731933794621,0.8823517479444215,0.6882339178557121,0.8803911851489591
7.22,150.079075,-8.84754,0.6411751840825135,0.8607830772578453,0.5156851974352462,0.8313715415206607
7.24,63.242675000000006,-27.19781,0.3803911097069251,0.8058811560132758,0.2568621766420226,0.7764699631095936
7.26,20.316164999999998,-34.7345,0.19215665331393403,0.7647049319911321,0.18823523428017164,0.7725484538503116
7.28,20.643875,-32.113015000000004,0.19411755730261035,0.7745088732123032,0.18823526419890935,0.7784308374141997
7.3,19.66084,-31.785330000000002,0.18823529411764706,0.7764696614565373,0.18823529411764706,0.7784308374141997
7.32,19.33315,-32.11302,0.18627450980392157,0.7764696315377396,0.18823526419890935,0.7764700528658175
7.34,19.005465,-32.76838,0.18627450980392157,0.7745088732123032,0.18627447988518386,0.7745092982361765
7.36,19.00546,-33.42375,0.18627447988518386,0.772548084968069,0.18627447988518386,0.7725485136877942
7.38,19.00546,-34.07912,0.18627447988518386,0.7705872967238347,0.18627447988518386,0.770587729139412
7.4,19.660815,-34.73449,0.18823520436143393,0.7686265084796006,0.18823523428017164,0.7686269445910296
7.42,19.00545,-36.04522,0.18627444996644615,0.7647049619099299,0.18627444996644615,0.7647054054130064
7.44,19.66081,-37.02827,0.18823520436143393,0.7627441736656956,0.18823520436143393,0.7607838662349831
7.46,23.265304999999998,-39.649739999999994,0.1882351744426962,0.7588226270960249,0.2098036223812503,0.7490191888634307
7.48,34.07885,-43.58194,0.23137216007601752,0.7411756226543101,0.23137216007601752,0.7431368651370251
7.5,34.078845,-43.58194,0.23137216007601752,0.7411756226543101,0.23137213015727978,0.7431368651370251
7.52,33.75116,-43.581945000000005,0.23137213015727978,0.7411755927355125,0.229411375762292,0.7431368651370251
7.54,34.07883,-44.23731,0.2313721002385421,0.7411755927355125,0.2313721002385421,0.7392153259590019
7.56,34.07883,-44.89267,0.2313721002385421,0.7372540760846394,0.2313721002385421,0.7392153259590019
7.58,34.07883,-44.892675,0.2313721002385421,0.7372540461658417,0.2313721002385421,0.7392153259590019
7.6,34.07883,-45.875725,0.2313721002385421,0.7352932579216075,0.2313721002385421,0.7352937867809786
7.62,34.07883,-45.87572,0.2313721002385421,0.7352932878404052,0.2313721002385421,0.7352937867809786
7.64,34.078825,-46.203405000000004,0.2313721002385421,0.733332499596171,0.2313720703198044,0.7352937867809786
7.66,33.75114,-46.858765000000005,0.2313720703198044,0.7313717412707345,0.22941131592481662,0.7333330321513376
7.68,33.42346,-46.85877,0.22941131592481662,0.7313717412707345,0.22941131592481662,0.7333330022325962
7.7,33.42345,-47.18645,0.22941128600607893,0.7313717412707345,0.22941128600607893,0.7313722476029553
7.72,34.07881,-47.51415,0.23137204040106665,0.7294109231077025,0.23137204040106665,0.7313721877654727
7.74,36.04489,-47.51415,0.23137201048232897,0.7294109231077025,0.243136596689731,0.7313721877654727
7.76,64.225685,-42.926595,0.2980382882054053,0.7392147745724805,0.34509708181607934,0.749019129025948
7.78,76.35006,-40.632814999999994,0.35882266176837097,0.7490186559560561,0.3568619073733832,0.7529406682039713
7.8,75.69469,-39.32208,0.35490112305965765,0.7529402324445246,0.3568618774546454,0.7568622073819946
7.82,75.69468499999999,-39.32208,0.3568618774546454,0.7549009907699611,0.35490109314091994,0.7549014527523537
7.84,75.367,-39.649770000000004,0.35490109314091994,0.7529402025257269,0.35490109314091994,0.7549014228336123
7.86,75.69467,-39.97745,0.35686181761717,0.7529402025257269,0.35490106322218223,0.7529406682039713
7.88,75.694665,-40.63282,0.35686181761717,0.7509794142814926,0.35490103330344447,0.750979883655589
7.9,75.694665,-41.288185,0.35686181761717,0.7490186260372586,0.35490103330344447,0.749019129025948
7.92,76.02234,-41.61587,0.3568617876984323,0.7470578677118219,0.3568617876984323,0.7490190991072068
7.94,76.02234,-41.615880000000004,0.3568617876984323,0.7470578377930244,0.3568617876984323,0.7490190691884654
7.96,76.02234,-41.615875,0.3568617876984323,0.7470578377930244,0.3568617876984323,0.7490190991072068
7.98,76.02234,-41.94356,0.3568617876984323,0.7470578377930244,0.3568617876984323,0.7470583145588245
8.0,76.02234,-42.598925,0.3568617876984323,0.7450970495487901,0.3568617876984323,0.7450975599291835
8.02,76.350015,-42.27125,0.35882254209342007,0.7450970495487901,0.35686175777969453,0.7470582846400832
8.04,75.69463999999999,-42.926615,0.3568617278609568,0.7431362912233536,0.3549009734659691,0.745097500091701
8.06,76.02232,-43.58198,0.3568617278609568,0.7411755029791194,0.3568617278609568,0.7431367454620599
8.08,76.02232,-43.58198,0.3568617278609568,0.7411755029791194,0.3568617278609568,0.7431367454620599
8.1,76.02233,-43.58198,0.35686175777969453,0.7411755029791194,0.35686175777969453,0.7431367454620599
8.12,77.66074,-43.90967,0.35686175777969453,0.7411754730603216,0.3666655895921089,0.7411759609136777
8.14,98.96025,-43.581965,0.4078420003428687,0.7450970794675877,0.4431362376648784,0.7392152661215192
8.16,106.16933,-43.254279999999994,0.4490185606873172,0.741175532897917,0.4450969920598662,0.7450975898479248
8.18,105.51396,-42.598905,0.4450969920598662,0.7450971093863855,0.4450969920598662,0.745097619766666
8.2,105.51395,-42.598915,0.4450969621411285,0.7450970794675877,0.4450969621411285,0.7450975898479248
8.22,105.51394,-42.598915,0.4450969322223908,0.7450970794675877,0.4450969322223908,0.7450975898479248
8.24,105.841615,-43.25428,0.44705768661737855,0.7431363211421512,0.44509690230365306,0.7431368052995425
8.26,105.8416,-43.909645,0.4470576267799031,0.741175532897917,0.4450968723849153,0.7411760506699016
8.28,105.84159,-43.90965,0.4450968424661776,0.741175532897917,0.44705759686116536,0.7411760207511602
8.3,105.84158500000001,-44.23733,0.44705759686116536,0.741175532897917,0.44509681254743994,0.7392152661215192
8.32,105.513895,-44.56501,0.44509681254743994,0.7392147745724805,0.4450967826287022,0.7392152661215192
8.34,105.84157,-44.565015,0.44705753702369,0.7372539863282463,0.4450967826287022,0.7411760207511602
8.36,106.169245,-44.237335,0.44705753702369,0.7392147446536829,0.4470575071049523,0.7411760207511602
8.38,106.8246,-44.892705,0.44901826149994006,0.7392147446536829,0.44901826149994006,0.7372544516543956
8.4,107.479955,-45.2204,0.45097901589492784,0.737253926490651,0.4509789859761901,0.7372544217356544
8.42,113.70591999999999,-45.220394999999996,0.4529397403711779,0.7352931382464167,0.48627286427334715,0.739215236202778
8.44,135.98847,-42.271225,0.5294100892565703,0.7431363211421512,0.5431356692088618,0.7490191589446893
8.46,137.95459,-40.30512,0.5431356392901242,0.7509794442002904,0.5411748848951364,0.752940728041454
8.48,137.95458000000002,-39.649755,0.5431356093713864,0.7529402324445246,0.5411748549763986,0.7549014826710949
8.5,138.28225500000002,-38.9944,0.5431356093713864,0.7549009907699611,0.5431355794526487,0.7568622073819946
8.52,138.93761,-39.322085,0.5450963338476364,0.7549009608511634,0.5450963338476364,0.7549014527523537
8.54,138.9376,-39.649770000000004,0.5450963039288987,0.7529402025257269,0.5450963039288987,0.7549014228336123
8.56,139.26527,-39.649770000000004,0.5470570284051488,0.7529402025257269,0.545096274010161,0.7549014228336123
8.58,138.93759,-39.32209,0.5470570284051488,0.7549009608511634,0.5431355196151733,0.7549014228336123
8.6,138.93758,-38.66673,0.5450962440914233,0.7568617191766,0.5450962440914233,0.7568621774632533
8.62,138.93758,-38.99441,0.5450962440914233,0.7568617191766,0.5450962440914233,0.7549014228336123
8.64,138.93758,-38.66673,0.5450962440914233,0.7568617191766,0.5450962440914233,0.7568621774632533
8.66,138.93757499999998,-38.666725,0.5450962141726856,0.7568617191766,0.5450962440914233,0.7568622073819946
8.68,138.28222,-38.33904,0.5431354896964355,0.7568617490953976,0.5431354896964355,0.7588229620116356
8.7,138.28222,-37.683675,0.5431354896964355,0.7588225074208341,0.5431354896964355,0.7607837465600179
8.72,137.95452999999998,-37.68367,0.5431354597776978,0.7588225373396319,0.5411747053827101,0.7607837465600179
8.74,137.62685,-37.35599,0.5411747053827101,0.7607832956650684,0.5411747053827101,0.7607837465600179
8.76,137.62685,-37.683675,0.5411747053827101,0.7588225373396319,0.5411747053827101,0.7607837166412766
8.78,127.46864000000001,-42.926625,0.5392139210689846,0.7529401726069292,0.48235132556463395,0.7352935773497895
8.8,65.86395,-59.638465,0.37254752367095734,0.709802980827765,0.2803908105195479,0.6784312443090814
8.82,35.38934,-68.158215,0.23921451944373884,0.6647052102359506,0.23137144202631235,0.6725488906639345
8.84,35.061685,-63.570645,0.23529304057250106,0.6784306381891971,0.23333231609625096,0.6862743525838693
8.86,33.750975,-59.63845,0.23137156170126322,0.6921560661424435,0.22941083722501313,0.6960782154882981
8.88,33.75098,-58.000035,0.2313715916200009,0.6980384009563484,0.22941083722501313,0.6999997546663214
8.9,33.09561,-57.344665,0.22941080730627544,0.6999991892005826,0.22745005291128764,0.7019605392147036
8.92,32.76792,-57.01699,0.22745002299254993,0.7019599475260191,0.22745002299254993,0.7019605092959623
8.94,32.767925,-57.344675,0.22745002299254993,0.7019599176072214,0.22745005291128764,0.6999997546663214
8.96,32.76792,-58.00004,0.22745002299254993,0.6980384009563484,0.22745002299254993,0.69999972474758
8.98,32.76792,-58.00004,0.22745002299254993,0.6980384009563484,0.22745002299254993,0.69999972474758
9.0,32.76792,-58.98309,0.22745002299254993,0.6960776127121141,0.22745002299254993,0.6960781855695567
9.02,32.767915,-58.98309,0.22745002299254993,0.6960776127121141,0.22744999307381225,0.6960781855695567
9.04,32.76792,-59.96613,0.22745002299254993,0.6921560960612411,0.22745002299254993,0.6941174309399157
9.06,32.76791,-59.63846,0.22744999307381225,0.6941168244678799,0.22744999307381225,0.6941174010211745
9.08,32.767905,-60.94918,0.22744999307381225,0.6901953078170069,0.2274499631550745,0.6901958917618924
9.1,33.42326,-61.27687,0.2294107175500623,0.6882345195727726,0.2294107175500623,0.6901958618431512
9.12,33.42326,-61.60457,0.2294107175500623,0.6882344597351773,0.2294107175500623,0.6882350473760276
9.14,34.078615,-62.259935,0.23137144202631235,0.6862737014097408,0.2313714719450501,0.6862742628276454
9.16,34.07861,-62.58762,0.23137144202631235,0.6843129131655066,0.23137144202631235,0.6862742628276454
9.18,34.07861,-62.587625,0.23137144202631235,0.6843128832467089,0.23137144202631235,0.6862742628276454
9.2,34.40629,-62.587630000000004,0.2313714719450501,0.6843128832467089,0.23333216650256242,0.686274232908904
9.22,34.733965,-63.24299,0.23333216650256242,0.6823521249212724,0.23333219642130013,0.684313478279263
9.24,34.733965,-63.24299,0.23333219642130013,0.6843128832467089,0.23333216650256242,0.6823527236496221
9.26,35.06164,-63.57067,0.23333216650256242,0.6823521249212724,0.2352929208975502,0.6823527236496221
9.28,35.061634999999995,-63.570675,0.2352929208975502,0.6823520950024746,0.23333213658382468,0.6823527236496221
9.3,35.06163,-63.570675,0.23529289097881245,0.6823520950024746,0.23333213658382468,0.6823527236496221
9.32,35.06163,-63.898354999999995,0.23529289097881245,0.6803913366770381,0.23333213658382468,0.6823527236496221
9.34,35.3893,-64.226035,0.23529286106007474,0.6803913665958359,0.23529286106007474,0.6803919391012397
9.36,35.3893,-64.8814,0.23529286106007474,0.6784305783516017,0.23529286106007474,0.6784311844715988
9.38,57.01638,-62.259945,0.26666511089230543,0.6823520950024746,0.3333315980465458,0.6901958020056687
9.4,84.86958,-60.29384,0.3764688529485065,0.6901952180606138,0.3901943730633227,0.6941173711024332
9.42,86.50801,-58.655415,0.3901943730633227,0.6941167945490823,0.3862728044358717,0.69999972474758
9.44,85.85264,-56.68932,0.3862728044358717,0.7019599176072214,0.3862728044358717,0.703921234006862
9.46,86.18032,-56.68932,0.3862728044358717,0.7019599176072214,0.38823355883085947,0.703921234006862
9.48,86.18031500000001,-56.689315,0.38823355883085947,0.7019599176072214,0.38627277451713404,0.7039212639256033
9.5,86.180305,-56.68932,0.38627277451713404,0.7019599176072214,0.3882334989933841,0.703921234006862
9.52,86.50798,-56.361635,0.3882334989933841,0.703920675932658,0.3882334989933841,0.7039212639256033
9.54,86.507975,-56.36163,0.3882334989933841,0.7039207058514556,0.3882334690746464,0.7039212639256033
9.56,86.18029,-56.689305000000004,0.3882334690746464,0.7019599475260191,0.3862727146796586,0.7039212938443445
9.58,86.180295,-56.36162,0.3882334989933841,0.7039207357702533,0.3862727146796586,0.7039212938443445
9.6,85.85261,-56.36162,0.3862727146796586,0.7039207357702533,0.3862727146796586,0.7039212938443445
9.62,89.129445,-55.05089,0.38431196028467085,0.7039207357702533,0.4078412224556881,0.7117643722003911
9.64,117.63804999999999,-47.841855,0.46470402739120276,0.7274500451070753,0.49803745048074927,0.7313721578467314
9.66,124.519445,-47.18646,0.5019590191082003,0.7294109231077025,0.5019589891894626,0.7333330022325962
9.68,124.519435,-46.858779999999996,0.5019589592707249,0.7313717113519368,0.5019589891894626,0.733332972313855
9.7,124.51943,-46.203424999999996,0.5019589592707249,0.7333324397585755,0.5019589592707249,0.7352937269434959
9.72,124.51943,-46.858779999999996,0.5019589592707249,0.7333324696773733,0.5019589592707249,0.7313722176842139
9.74,124.191745,-47.51415,0.5019589592707249,0.7294109231077025,0.49999817495699933,0.7313721877654727
9.76,124.519425,-48.16951,0.501958929351987,0.7274501647822661,0.5019589592707249,0.7294114331358317
9.78,123.86406,-48.49719,0.49999817495699933,0.7274501647822661,0.49999817495699933,0.7274506785061907
9.8,124.19173,-48.824884999999995,0.49999814503826157,0.7274501348634684,0.5019588994332493,0.7254898640390671
9.82,124.519405,-49.15257,0.49999814503826157,0.7254893466192341,0.5039196239094994,0.7254898640390671
9.84,128.1239,-49.152575,0.5039196239094994,0.723528558375,0.5215665331393402,0.7274506186687081
9.86,155.321695,-42.59889,0.5745075899349776,0.7411755927355125,0.6137233061282252,0.7490192187821719
9.88,165.807615,-40.63278,0.625488012010578,0.7490187457124492,0.6254879820918404,0.7529407878789366
9.9,165.152245,-39.97741,0.6235272276968526,0.7529403222009177,0.6235271977781149,0.7529407878789366
9.92,165.15223,-40.63278,0.6235271678593772,0.7509795339566835,0.6235271678593772,0.7509800033305543
9.94,165.15222,-40.305099999999996,0.6235271379406394,0.7509795339566835,0.6235271379406394,0.7529407579601952
9.96,165.15221,-40.632785,0.6235271080219017,0.7509795339566835,0.6235271080219017,0.750979973411813
9.98,165.1522,-41.28815,0.623527078103164,0.7490187457124492,0.623527078103164,0.7490192187821719
10.0,165.1522,-41.28816,0.623527078103164,0.7490187157936515,0.623527078103164,0.7490191888634307
10.02,165.1522,-41.94352,0.623527078103164,0.747057957468215,0.623527078103164,0.7470584342337897
10.04,164.82452,-42.59889,0.6215663237081762,0.745097169223981,0.623527078103164,0.7450976496854075
10.06,165.152195,-42.92657,0.6235270481844263,0.7431364108985443,0.623527078103164,0.7450976496854075
10.08,165.1522,-42.271204999999995,0.623527078103164,0.745097169223981,0.623527078103164,0.7470584342337897
10.1,164.82450999999998,-42.271204999999995,0.6235270481844263,0.745097169223981,0.6215662937894385,0.7470584342337897
10.12,164.49683,-42.271204999999995,0.6215662937894385,0.745097169223981,0.6215662937894385,0.7470584342337897
10.14,164.49683,-42.271204999999995,0.6215662937894385,0.745097169223981,0.6215662937894385,0.7470584342337897
10.16,164.49683499999998,-41.943525,0.6215663237081762,0.7470579275494174,0.6215662937894385,0.7470584342337897
10.18,164.49683499999998,-41.94352,0.6215663237081762,0.747057957468215,0.6215662937894385,0.7470584342337897
10.2,164.49683499999998,-42.598884999999996,0.6215662937894385,0.745097169223981,0.6215663237081762,0.7450976796041486
10.22,164.49684,-41.943524999999994,0.6215663237081762,0.745097169223981,0.6215663237081762,0.7490191888634307
10.24,164.49684,-41.94352,0.6215663237081762,0.747057957468215,0.6215663237081762,0.7470584342337897
10.26,163.84145999999998,-43.254255,0.6215662937894385,0.745097169223981,0.6176447251619875,0.7411761105073842
10.28,163.1861,-44.237309999999994,0.6176447550807254,0.7392148044912782,0.6176447550807254,0.7411761105073842
10.3,162.85842000000002,-43.25425,0.6156840006857375,0.7431364108985443,0.6176447550807254,0.7431368950557664
10.32,163.1861,-43.581935,0.6176447550807254,0.7411756226543101,0.6176447550807254,0.7431368950557664
10.34,163.1861,-43.581935,0.6176447550807254,0.7411756226543101,0.6176447550807254,0.7431368950557664
10.36,163.1861,-43.581935,0.6176447550807254,0.7411756226543101,0.6176447550807254,0.7431368950557664
10.38,163.1861,-43.25425,0.6176447550807254,0.7431364108985443,0.6176447550807254,0.7431368950557664
10.4,163.18609,-43.909615,0.6176447251619875,0.7411756226543101,0.6176447251619875,0.7411761404261255
10.42,162.85841,-43.909615,0.6176447251619875,0.7411756226543101,0.6156839707669998,0.7411761404261255
10.44,162.53073,-43.90961,0.6156839707669998,0.7411756525731078,0.6156839707669998,0.7411761404261255
10.46,170.39513,-42.598865,0.6215662638707009,0.7411756525731078,0.6568602618428088,0.7490193085383958
10.48,191.36696999999998,-39.649680000000004,0.6941151937223308,0.7529404418761084,0.7098015280696102,0.7549017220210253
10.5,194.316135,-38.66663,0.7117622824645979,0.7549012600391404,0.7098014981508725,0.7588232312803073
10.52,194.64381,-37.68359,0.7117622525458602,0.7588227766900134,0.7117622525458602,0.7607839859099482
10.54,194.6438,-38.011275,0.7117622226271225,0.7588227467712156,0.7117622226271225,0.7588232312803073
10.56,194.6438,-37.683595,0.7117622226271225,0.7588227467712156,0.7117622226271225,0.7607839859099482
10.58,194.64379,-38.01128,0.7117621927083848,0.7588227467712156,0.7117621927083848,0.758823201361566
10.6,194.64378499999998,-37.6836,0.7117621927083848,0.7588227467712156,0.7117621627896471,0.760783955991207
10.62,194.3161,-37.683605,0.7098014083946593,0.758822716852418,0.7117621627896471,0.760783955991207
10.64,194.97145999999998,-36.70056,0.7117621627896471,0.7627442634220887,0.7137229171846349,0.7627447106208479
10.66,195.62682,-37.355935,0.7137229171846349,0.7607834751778545,0.7156836715796226,0.7607838961537243
10.68,185.46860500000003,-38.666700000000006,0.7098013485571839,0.7588226570148225,0.6588210461565343,0.7549014228336123
10.7,158.92615,-43.909665000000004,0.6078406839184093,0.7431362613045559,0.6019583608959704,0.7392152062840366
10.72,160.236915,-43.254284999999996,0.6098015579883479,0.7411755029791194,0.6078407736746224,0.7450975898479248
10.74,160.564595,-41.943555,0.6098015280696102,0.7470578377930244,0.6098015579883479,0.7470583444775657
10.76,160.56459,-41.943555,0.6098015280696102,0.7450970794675877,0.6098015280696102,0.7490190991072068
10.78,160.56458,-41.94355,0.6098014981508725,0.7470578677118219,0.6098014981508725,0.7470583444775657
10.8,160.236905,-41.94355,0.6098015280696102,0.7470578677118219,0.6078407437558847,0.7470583444775657
10.82,160.56458,-41.94355,0.6098014981508725,0.7470578677118219,0.6098014981508725,0.7470583444775657
10.84,160.56458,-41.94355,0.6098014981508725,0.7470578677118219,0.6098014981508725,0.7470583444775657
10.86,160.56458500000002,-41.615875,0.6098014981508725,0.7470578377930244,0.6098015280696102,0.7490190991072068
10.88,161.21995,-41.94355,0.611762282464598,0.7470578677118219,0.611762282464598,0.7470583444775657
10.9,160.56458500000002,-41.94355,0.6098015280696102,0.7470578677118219,0.6098014981508725,0.7470583444775657
10.92,160.236905,-41.61587,0.6078407437558847,0.7470578677118219,0.6098015280696102,0.7490190991072068
10.94,160.236905,-41.615875,0.6098015280696102,0.7470578377930244,0.6078407437558847,0.7490190991072068
10.96,159.90922,-41.94355,0.6078407437558847,0.7470578677118219,0.6078407437558847,0.7470583444775657
10.98,167.77363000000003,-40.960494999999995,0.611762282464598,0.7450970794675877,0.6509778490641569,0.7549014826710949
11.0,194.643815,-36.372875,0.6960759481173185,0.762744233503291,0.7274485868931395,0.7647055250879715
11.02,200.54217,-34.079085000000006,0.7313701854393283,0.7686266281547913,0.7274486168118772,0.7725486034440181
11.04,199.8868,-33.75139,0.7274486168118772,0.7705874463178232,0.7274486168118772,0.7725486333627593
11.06,200.214475,-33.42371,0.7294093712068651,0.7705874463178232,0.7274485868931395,0.7745093879924003
11.08,199.88679,-33.096025,0.7274485868931395,0.7725482046432597,0.7274485868931395,0.7745094179111416
11.1,199.55910999999998,-33.423705,0.7274485868931395,0.7725482046432597,0.7254878324981517,0.7725486632815006
11.12,199.55910999999998,-33.4237,0.7274485868931395,0.7725482345620575,0.7254878324981517,0.7725486632815006
11.14,199.55910999999998,-33.423705,0.7274485868931395,0.7725482046432597,0.7254878324981517,0.7725486632815006
11.16,200.54215499999998,-33.75138,0.7254878324981517,0.7705874463178232,0.7333308799968407,0.7725486932002419
11.18,217.909425,-31.78523,0.768624937806424,0.7764699008069189,0.7941151338848554,0.7784311964390952
11.2,225.773835,-31.129845,0.8058797500109951,0.7784307788075461,0.8039189656972696,0.7803919809874775
11.22,225.44614,-29.819115,0.803918935778532,0.782352325377217,0.803918935778532,0.7843135201655009
11.24,226.1015,-29.163755000000002,0.8058796901735197,0.7843130837026534,0.8058796901735197,0.7862742747951418
11.26,226.10149,-28.508385,0.8058796602547821,0.7862738719468876,0.8058796602547821,0.7882350593435241
11.28,225.77381000000003,-28.50839,0.8039189058597942,0.7862738719468876,0.8058796602547821,0.788235029424783
11.3,226.75684,-27.52534,0.8078403847310321,0.7901954185165583,0.8078403847310321,0.7901958139731651
11.32,226.75684,-27.52534,0.8078403847310321,0.7901954185165583,0.8078403847310321,0.7901958139731651
11.34,227.412195,-27.52535,0.8098011391260198,0.7901953885977606,0.8098011092072822,0.7901957840544238
11.36,227.412195,-27.52535,0.8098011391260198,0.7901953885977606,0.8098011092072822,0.7901957840544238
11.38,227.08451000000002,-26.869985,0.8098011092072822,0.7921561469231971,0.8078403548122943,0.7921565686028061
11.4,226.756825,-26.5423,0.8078403548122943,0.7921561768419949,0.8078403248935566,0.794117323232447
11.42,226.75682,-26.21462,0.8078403248935566,0.7941169351674313,0.8078403248935566,0.794117323232447
11.44,226.75681500000002,-26.86998,0.8078403248935566,0.7921561768419949,0.8078402949748188,0.7921565686028061
11.46,224.135335,-28.836105,0.8098010493698067,0.7882346302723242,0.790193295988765,0.7843133107343119
11.48,161.21993500000002,-40.960485,0.682350368165027,0.7647049319911321,0.5411741070079558,0.7352937269434959
11.5,83.88638,-64.55366000000001,0.4235271379406394,0.6941169441430707,0.3372528674866196,0.6647059619015944
11.52,64.55304,-69.141215,0.3176450841868401,0.660783753422673,0.3274490955116807,0.6705883155467413
11.54,65.536115,-65.20901,0.3274490955116807,0.6745092412135147,0.3235275568029675,0.6803921784511702
11.56,65.53611,-63.242914999999996,0.3254883111979552,0.6823523343528561,0.3254883111979552,0.6843137176291934
11.58,66.191465,-62.91524,0.32744906559294296,0.6823523343528561,0.32744903567420536,0.686274442340093
11.6,66.19146,-62.914435,0.32744903567420536,0.6843179096047208,0.32744903567420536,0.6843136877104522
11.62,66.19145,-62.915245,0.3274490057554676,0.684313062759495,0.3274490057554676,0.6843136877104522
11.64,66.846805,-63.242925,0.32940976015045537,0.6823523044340586,0.32940973023171766,0.6843136877104522
11.66,67.50216,-63.24293,0.33137048462670543,0.6823523044340586,0.33137048462670543,0.6843136577917108
11.68,67.50216,-62.91525,0.33137048462670543,0.684313062759495,0.33137048462670543,0.6843136577917108
11.7,68.15752,-63.570615000000004,0.3333312390216932,0.6823523044340586,0.3333312390216932,0.6823528732433286
11.72,68.15752,-63.57062,0.3333312390216932,0.6823522745152608,0.3333312390216932,0.6823528732433286
11.74,68.15752,-64.22598,0.3333312390216932,0.6803915161898243,0.3333312390216932,0.6803921186136875
11.76,68.15752,-64.88135,0.3333312390216932,0.6784307279455901,0.3333312390216932,0.6784313340653053
11.78,67.82984,-64.88135,0.3333312390216932,0.6784307279455901,0.33137048462670543,0.6784313340653053
11.8,67.50215,-66.19207,0.3313704547079677,0.6745092112947171,0.3313704547079677,0.6745098248060233
11.82,83.55867,-64.553645,0.358821285506436,0.6764699995389513,0.39999778601340896,0.6823529629995524
11.84,95.027675,-62.587535,0.41568412036068836,0.6843131525158881,0.4117625816519751,0.686274532096317
11.86,94.3723,-61.932159999999996,0.4117625517332374,0.68627397067892,0.4117625517332374,0.6882353166446993
11.88,94.04462,-62.25984,0.4117625517332374,0.68627397067892,0.4098017973382496,0.6862745620150583
11.9,94.37229500000001,-62.9152,0.4117625517332374,0.6843132123534835,0.4117625218144996,0.6843138073854174
11.92,94.044605,-63.24288,0.40980176741951185,0.682352454028047,0.4117624918957619,0.6843138073854174
11.94,94.372275,-63.570565,0.4117624918957619,0.6823524241092492,0.4117624619770242,0.6823530527557763
11.96,95.35531,-64.22594,0.413723216372012,0.6803916358650152,0.41568397076699976,0.6803922382886528
11.98,95.68298,-65.20899,0.41568394084826205,0.6784308476207809,0.41568394084826205,0.6764706991106294
12.0,100.59821,-65.53667,0.41764466532451205,0.6745093010511101,0.4431347118092549,0.6784314836590117
12.02,124.191515,-63.242869999999996,0.4882327510249412,0.6823524839468447,0.5137230069408479,0.6843138373041586
12.04,131.07289500000002,-63.242864999999995,0.5215661142770123,0.6823524839468447,0.5215660843582746,0.6843138672228999
12.06,130.745205,-63.24286,0.5215660843582746,0.6823525138656423,0.519605300044549,0.6843138672228999
12.08,130.7452,-62.5875,0.519605300044549,0.6843132721910788,0.5215660544395369,0.686274621852541
12.1,131.07288,-62.587505,0.5215660544395369,0.6843132422722812,0.5215660544395369,0.686274621852541
12.12,131.072875,-62.91519,0.5215660544395369,0.6843132422722812,0.521566024520799,0.6843138373041586
12.14,131.07288,-62.58751,0.5215660544395369,0.6843132422722812,0.5215660544395369,0.6862745919337996
12.16,131.400555,-62.91519,0.5235268088345246,0.6843132422722812,0.521566024520799,0.6843138373041586
12.18,142.541805,-60.94908,0.5333306406469388,0.6843132422722812,0.5784286200251497,0.6960785445944523
12.2,167.44584,-57.67222,0.6235265994033605,0.6999995781449525,0.6372521195181767,0.7000001436099581
12.22,168.428905,-57.016845,0.6333305808094635,0.7019603663891867,0.6333305508907258,0.7019609580770818
12.24,169.08426,-57.01684,0.6352913052857135,0.7019603963079845,0.6352913052857135,0.7019609580770818
12.26,168.75657,-57.016845,0.6352912753669758,0.7019603663891867,0.633330520971988,0.7019609580770818
12.28,168.42888,-57.016845,0.635291245448238,0.7019603663891867,0.6313697366582625,0.7019609580770818
12.3,169.08424,-57.344525,0.635291245448238,0.7019603663891867,0.635291245448238,0.7000002034474407
12.32,168.428875,-57.67221,0.6333304611345125,0.6999996080637502,0.6333304910532502,0.7000001735286995
12.34,169.08423,-58.32757,0.6352912155295003,0.6980388497383136,0.6352912155295003,0.6980394188990585
12.36,169.084225,-58.32757,0.6352912155295003,0.6980388497383136,0.6352911856107626,0.6980394188990585
12.38,169.08422,-59.31062,0.6352911856107626,0.694117303168643,0.6352911856107626,0.6960786343506763
12.4,168.428855,-59.31062,0.6333304312157748,0.694117303168643,0.6333304012970372,0.6960786343506763
12.42,168.10117000000002,-59.310615,0.6313696469020494,0.694117303168643,0.6333304012970372,0.6960786642694174
12.44,168.10117000000002,-58.982935,0.6333304012970372,0.6960780914128771,0.6313696469020494,0.6960786343506763
12.46,167.77349,-59.6383,0.6313696469020494,0.694117303168643,0.6313696469020494,0.6941178797210352
12.48,168.10117000000002,-59.96598,0.6313696469020494,0.6921565448432065,0.6333304012970372,0.6941178797210352
12.5,163.841275,-62.259775000000005,0.6313696469020494,0.6901957565989723,0.6078402650560812,0.6823531724307416
12.52,131.728235,-66.84738999999999,0.543134592134304,0.6764701192141421,0.5039189956160074,0.6686276506733242
12.54,124.519195,-69.14117,0.49999745690729414,0.6647054495863322,0.5039190554534828,0.6666668960436832
12.56,124.84689,-67.83043,0.501958301058495,0.6686270559935983,0.5039190554534828,0.6705884352217065
12.58,125.502245,-68.15811,0.5039190554534828,0.6686270559935983,0.5058797799297329,0.6686276805920656
12.6,125.50224,-68.813475,0.5058797799297329,0.6666662677493641,0.5039190255347451,0.6666669259624245
12.62,125.17456,-68.813485,0.5039190255347451,0.6666662378305663,0.5039190255347451,0.6666668960436832
12.64,125.50224,-69.46885,0.5058797799297329,0.6647054795051298,0.5039190255347451,0.6647061114953009
12.66,125.82991,-69.46885,0.5058797500109952,0.6647054795051298,0.5058797500109952,0.6647061114953009
12.68,126.48528,-69.79654,0.5078405343247206,0.6627446912608957,0.5078405343247206,0.6647060815765596
12.7,127.14064,-69.79655,0.5098012887197084,0.662744661342098,0.5098012887197084,0.6647060516578184
12.72,126.485275,-68.813515,0.5078405044059829,0.6647053897487367,0.5078405343247206,0.6686275609171003
12.74,126.81296,-67.83047,0.5078405343247206,0.6686269363184075,0.5098012887197084,0.6705883155467413
12.76,126.81297,-66.847425,0.5098013186384461,0.670587694643844,0.5078405642434584,0.6745098547247645
12.78,126.48529,-66.84743,0.5078405642434584,0.6725484529692806,0.5078405642434584,0.6725490701763823
12.8,126.15761,-66.51975,0.5078405642434584,0.6745092112947171,0.5058798098484706,0.6725490701763823
12.82,127.468325,-67.5028,0.5078405343247206,0.6705876647250464,0.5137228274284217,0.6705882856280001
12.84,156.63219500000002,-63.5706,0.5647029802353828,0.6764699995389513,0.6313696169833117,0.6882352568072166
12.86,181.86391500000002,-62.259855,0.6686244890253583,0.6862739108413246,0.6784283507565103,0.686274532096317
12.88,182.1916,-60.621435000000005,0.6745068120477969,0.6901954873297931,0.6745068120477969,0.6921568558227226
12.9,182.191595,-60.621430000000004,0.6745068120477969,0.6901955172485907,0.6745067821290592,0.6921568558227226
12.92,182.19157,-60.29375,0.6745067222915839,0.6901955172485907,0.6745067222915839,0.6941176104523635
12.94,181.86388,-59.966065,0.6725459379778584,0.6921562755740273,0.6745066923728462,0.6941176403711049
12.96,181.86388,-59.63839,0.6745066923728462,0.6941170338994637,0.6725459379778584,0.6941176104523635
12.98,181.86387000000002,-59.96607,0.6725459080591206,0.6921562755740273,0.6745066624541084,0.6941176104523635
13.0,182.19155,-59.63839,0.6745066624541084,0.6941170338994637,0.6745066624541084,0.6941176104523635
13.02,181.86387000000002,-59.31071,0.6745066624541084,0.6941170338994637,0.6725459080591206,0.6960783650820046
13.04,181.53619,-58.983025,0.6725459080591206,0.6941170338994637,0.6725459080591206,0.6980391496303868
13.06,181.53619,-58.983025,0.6725459080591206,0.6960777922249003,0.6725459080591206,0.6960783950007458
13.08,181.53619,-8.520310000000002,0.6725459080591206,0.6941170338994637,0.6725459080591206,0.9999953326763575
13.1,185.14069,-60.621435000000005,0.6725458781403829,0.6901954873297931,0.6941143559976748,0.6921568558227226
13.12,212.33855499999999,-57.999915,0.7450948079920129,0.701960246713996,0.7843105840227359,0.6960786343506763
13.14,223.47984,-60.29367,0.7999967986950642,0.6901957266801746,0.7960752300676133,0.6941178797210352
13.16,222.169095,-58.655255,0.7941144158351501,0.6960780614940796,0.7941144457538878,0.6980394188990585
13.18,221.84141,-58.655255,0.7921536614401624,0.6960780614940796,0.7941144158351501,0.6980394188990585
13.2,222.16909,-57.99989,0.7941144158351501,0.6980388497383136,0.7941144158351501,0.7000001735286995
13.22,222.82444500000003,-58.32757,0.796075170230138,0.6980388497383136,0.7960751403114001,0.6980394188990585
13.24,222.82444500000003,-58.327574999999996,0.7960751403114001,0.698038819819516,0.796075170230138,0.6980394188990585
13.26,222.82444500000003,-58.65526,0.796075170230138,0.6960780614940796,0.7960751403114001,0.6980393889803171
13.28,222.49676,-58.98294,0.7960751403114001,0.6960780614940796,0.7941143859164125,0.6960786343506763
13.3,222.16907,-59.6383,0.7941143559976747,0.694117303168643,0.7941143559976747,0.6941178797210352
13.32,222.169065,-59.965985,0.7941143559976747,0.6921565149244088,0.7941143260789371,0.6941178797210352
13.34,221.186025,-57.344525000000004,0.7941143260789371,0.6960780614940796,0.7882320928127114,0.7058824972551051
13.36,220.53068000000002,-56.36147,0.788232122731449,0.7039211845522186,0.7901928771264369,0.703921742625464
13.38,221.18603000000002,-57.016845,0.7901928472076991,0.7019603963079845,0.792153601602687,0.7019609281583404
13.4,221.51371,-57.01685,0.792153601602687,0.7019603663891867,0.792153601602687,0.7019609281583404
13.42,221.5137,-57.9999,0.7921535716839492,0.6999995781449525,0.7921535716839492,0.6980393889803171
13.44,221.51369499999998,-58.327595,0.7921535716839492,0.6980387899007183,0.7921535417652116,0.6980393291428346
13.46,221.185995,-60.94907,0.7941142961601992,0.6921564550868133,0.7882319432190229,0.6882354064009232
13.48,171.37792000000002,-71.10732,0.7137221093787165,0.6725484529692806,0.5705851835828706,0.6470589608036365
13.5,86.8353,-96.011185,0.44117344879572595,0.6039213132030486,0.33725214943691445,0.5666675123697539
13.52,53.739205,-106.8247,0.28627187695500256,0.549019721065254,0.2941150441286422,0.5568636494653251
13.54,56.360695,-103.547865,0.2999973970698187,0.5607843906930637,0.2960758583611054,0.564706757740113
13.56,56.033015,-102.237135,0.2960758583611054,0.5647059372627345,0.2980366426748309,0.5686282969181362
13.58,56.688365,-101.254095,0.29999733723234323,0.5686274539136076,0.29803661275609317,0.5705890515477772
13.6,57.016035,-101.581775,0.29999733723234323,0.5686274539136076,0.2999973073136055,0.5686282969181362
13.62,56.68834,-101.90947,0.29803652299988004,0.5686274239948098,0.2999972773948678,0.5666674824510127
13.64,57.3437,-102.23716,0.2999972773948678,0.5666666357505756,0.3019580317898556,0.5666674525322714
13.66,58.32674,-102.89253,0.30391878618484336,0.5647058475063415,0.30391878618484336,0.5647066679838891
13.68,58.65442,-103.54788500000001,0.30391878618484336,0.5627450891809049,0.30587954057983113,0.5627459432729893
13.7,58.326735,-103.54789,0.30391878618484336,0.5627450891809049,0.30391875626610565,0.5627459133542481
13.72,58.9821,-103.875575,0.30587954057983113,0.5627450592621073,0.30587954057983113,0.5607851587246071
13.74,56.032934999999995,-106.824725,0.30391875626610565,0.556862754367,0.2901932660700272,0.5490204813530547
13.76,54.394504999999995,-108.46314000000001,0.2901932660700272,0.5470588430646267,0.29411480477874047,0.549020511271796
13.78,55.04987,-108.463135,0.29411480477874047,0.5470588729834244,0.29411480477874047,0.549020511271796
13.8,55.049875,-108.463135,0.29411483469747823,0.5470588729834244,0.29411480477874047,0.549020511271796
13.82,54.722195,-108.46313,0.29411483469747823,0.547058902902222,0.2921540503837527,0.549020511271796
13.84,55.70523,-109.11849,0.29607555917372824,0.5450981445767855,0.29607555917372824,0.547059756642155
13.86,55.37755,-108.46313,0.29607555917372824,0.547058902902222,0.29411480477874047,0.549020511271796
13.88,55.377539999999996,-108.79081,0.29607552925499053,0.547058902902222,0.29411477486000276,0.547059756642155
13.9,60.948164999999996,-107.80776499999999,0.29607552925499053,0.5450981146579879,0.3274479885183852,0.5549028349982015
13.92,86.17989,-103.547895,0.37254602773407147,0.5627450592621073,0.4019577625212161,0.5627459133542481
13.94,93.06128000000001,-103.547895,0.4098009296948558,0.5607843009366708,0.40587936106740485,0.5647066679838891
13.96,92.4059,-102.892525,0.40587933114866714,0.5647058475063415,0.40587933114866714,0.5647066979026304
13.98,92.078215,-102.89253,0.40587933114866714,0.5647058475063415,0.40391854683494166,0.5647066679838891
14.0,92.07821,-103.220215,0.40587930122992943,0.5647058175875438,0.40391854683494166,0.5627459133542481
14.02,92.0782,-103.87558,0.4039185169162039,0.5607843009366708,0.40587927131119167,0.5627458834355068
14.04,92.733555,-103.875585,0.40587927131119167,0.5607842710178731,0.40783999578744173,0.5627458834355068
14.06,92.73354499999999,-104.20327,0.40587924139245396,0.5607842710178731,0.407839965868704,0.5607850988871245
14.08,94.04426,-105.18633,0.41176147465867957,0.5588234528548411,0.4098007202636918,0.55686352979036
14.1,95.027285,-105.84171,0.41176144473994186,0.5568626346918093,0.4156829236111797,0.5549027153232363
14.12,112.066875,-102.564865,0.44901616718829984,0.5627449994245118,0.4803888059641208,0.5686281772431709
14.14,120.25901999999999,-101.909485,0.490192757451486,0.566666605831778,0.48823194321902286,0.5686282071619124
14.16,119.60364,-101.25413,0.4862711589052974,0.5686273641572145,0.48823191330028515,0.570588931872812
14.18,120.258995,-101.58181,0.48823191330028515,0.5686273641572145,0.49019263777653516,0.5686281772431709
14.2,38.338989999999995,-101.9095,0.4882318833815474,0.5666665759129803,4.039029591732444e-06,0.5686281473244298
14.22,120.25897499999999,-102.564865,0.4882318534628097,0.5647057876687461,0.49019257793905974,0.5666673926947887
14.24,120.58665,-101.909505,0.49019257793905974,0.5666665459941826,0.49019257793905974,0.5686281473244298
14.26,120.586645,-102.23719,0.490192548020322,0.5666665459941826,0.49019257793905974,0.5666673627760475
14.28,120.91432,-102.56487,0.4921533024153098,0.5647057876687461,0.490192548020322,0.5666673627760475
14.3,120.586635,-103.22024,0.490192548020322,0.5627449994245118,0.49019251810158426,0.5647065782276651
14.32,124.84651500000001,-103.220235,0.49019251810158426,0.5607842111802778,0.5156825945050648,0.5666673926947887
14.34,145.49066,-99.615695,0.5568590650933001,0.5725489705644806,0.5725453994405795,0.5764713154367002
14.36,146.801405,-98.63265,0.5705845852081163,0.5764705171341513,0.566663046499403,0.5784320700663412
14.38,147.456755,-98.96033,0.5705845552893786,0.5764705171341513,0.5705845253706409,0.5764713154367002
14.4,147.45675,-98.632655,0.5705845253706409,0.5764704872153537,0.5705845253706409,0.5784320700663412
14.42,147.12907,-98.96033,0.5686237709756531,0.5764705171341513,0.5705845253706409,0.5764713154367002
14.44,147.45675,-98.96034,0.5705845253706409,0.5764704872153537,0.5705845253706409,0.5764712855179589
14.46,147.456745,-99.28802,0.5705844954519032,0.5745097288899171,0.5705845253706409,0.5764712855179589
14.48,147.45675,-98.96034,0.5705845253706409,0.5764704872153537,0.5705845253706409,0.5764712855179589
14.5,147.78443,-99.615705,0.5705845253706409,0.5745096989711194,0.5725452797656286,0.5745105308883179
14.52,157.287295,-97.64958999999999,0.5921530929841458,0.5784313053783855,0.6078394572501629,0.582353669081847
14.54,161.547215,-96.666535,0.6137218101913393,0.582352881866854,0.6117610258776138,0.5843144536302294
14.56,161.21952,-95.355805,0.6117609959588761,0.5862744284365247,0.6117609959588761,0.5882359928082526
14.58,161.21952,-95.028125,0.6117609959588761,0.5882351867619612,0.6117609959588761,0.5882359928082526
14.6,161.219515,-95.3558,0.6117609660401384,0.5862744583553223,0.6117609959588761,0.5882359928082526
14.62,160.89184,-94.700435,0.6117609959588761,0.5882352166807588,0.6098002415638883,0.5901967773566349
14.64,160.89183000000003,-94.372755,0.6117609660401384,0.5901959750061954,0.6098002116451506,0.5901967773566349
14.66,160.56416,-94.70043,0.6098002415638883,0.5882352465995566,0.6098002415638883,0.5901967773566349
14.68,160.56416,-94.70043,0.6098002415638883,0.5882352465995566,0.6098002415638883,0.5901967773566349
14.7,160.23648,-94.37275,0.6098002415638883,0.5901960049249931,0.6078394871689006,0.5901967773566349
14.72,160.23648,-94.700445,0.6098002415638883,0.5882351867619612,0.6078394871689006,0.5901967474378936
14.74,159.9088,-94.372755,0.6078394871689006,0.5901959750061954,0.6078394871689006,0.5901967773566349
14.76,159.9088,-94.372755,0.6078394871689006,0.5901960049249931,0.6078394871689006,0.5901967474378936
14.78,159.908795,-94.37277,0.6078394871689006,0.5901959450873977,0.6078394572501629,0.5901967175191523
14.8,159.90879,-95.028125,0.6078394572501629,0.5882351867619612,0.6078394572501629,0.5882359928082526
14.82,159.90879,-95.02813,0.6078394572501629,0.5882351867619612,0.6078394572501629,0.5882359628895113
14.84,160.236465,-95.02814,0.6098002116451506,0.5882351568431634,0.6078394273314252,0.5882359329707699
14.86,159.90878500000002,-95.355825,0.6078394572501629,0.5882351568431634,0.6078394273314252,0.5862751484223877
14.88,159.25342,-95.683505,0.6058786729364374,0.5843136102734928,0.6058786729364374,0.5882359329707699
14.9,158.59806,-96.011185,0.6039179185414496,0.586274398517727,0.6039179185414496,0.5843143937927467
14.92,157.9427,-97.321915,0.6019571641464618,0.580392063703822,0.6019571641464618,0.5823536391631057
14.94,157.61502000000002,-97.6496,0.6019571641464618,0.580392063703822,0.5999964097514741,0.5803928546147233
14.96,157.28734,-100.27106,0.5999964097514741,0.5745097588087148,0.5999964097514741,0.5705889917102946
14.98,156.304295,-103.22021000000001,0.5980356553564863,0.5666666357505756,0.5960748710427608,0.5607851288058658
15.0,155.976605,-114.033725,0.5960748411240231,0.547058902902222,0.5960748710427608,0.5156874731367102
15.02,165.80755499999998,-220.53027500000002,0.5921539905462773,0.38823652114033813,0.6588216445312886,0.037261009842487834
15.04,226.75806,-291.637875,0.7647054036531378,3.0517173643666507e-06,0.8509826659809292,3.769761403259557e-06
15.06,283.77506,-291.637385,0.9568634033102691,2.5730166013387485e-06,1.0,7.1804979111811455e-06
15.08,290.98402,-291.63491999999997,1.0,9.364583677084098e-06,1.0,1.513888309616145e-05
15.1,290.656015,-291.63427,0.9999996409751475,1.325402737670706e-05,0.9980376599119133,1.513888309616145e-05
15.12,269.683985,-291.63427,0.954900135741313,1.325402737670706e-05,0.9176458321552832,1.513888309616145e-05
15.14,248.712425,-291.63427,0.8921559352642289,1.325402737670706e-05,0.854901512003248,1.513888309616145e-05
15.16,232.000595,-291.63427,0.8274505615298288,1.325402737670706e-05,0.81960751403114,1.513888309616145e-05
15.18,229.05157,-291.63427,0.8156862146723285,1.325402737670706e-05,0.813725639789767,1.513888309616145e-05
15.2,222.825645,-291.63427,0.8000002991873771,1.325402737670706e-05,0.7921571918512129,1.513888309616145e-05
15.22,217.25509,-291.63427,0.7862750184224627,1.325402737670706e-05,0.7725496778200729,1.513888309616145e-05
15.24,211.68457,-291.63427,0.760785181368884,1.325402737670706e-05,0.7647069295087613,1.513888309616145e-05
15.26,210.701665,-291.63427,0.7627464144636752,1.325402737670706e-05,0.7568642410349251,1.513888309616145e-05
15.28,207.097195,-291.63427,0.7549035464774128,1.325402737670706e-05,0.7431388705137975,1.513888309616145e-05
15.3,196.61122,-291.63427,0.7196093390741407,1.325402737670706e-05,0.7156876507717389,1.513888309616145e-05
15.32,203.16483,-291.63427,0.7313737756878542,1.325402737670706e-05,0.7431383618952564,1.513888309616145e-05
15.34,200.21562,-291.63427,0.7313736560129034,1.325402737670706e-05,0.7254911534780384,1.513888309616145e-05
15.36,194.97252,-291.63427,0.7176477768732347,1.325402737670706e-05,0.7078436458734432,1.513888309616145e-05
15.38,193.989325,-291.63427,0.7098041010810537,1.325402737670706e-05,0.7098041309997914,1.513888309616145e-05
15.4,194.97231499999998,-291.63427,0.7098040412435783,1.325402737670706e-05,0.7156861548348531,1.513888309616145e-05
15.42,189.40158,-291.63427,0.705882083672537,1.325402737670706e-05,0.6862742405352822,1.513888309616145e-05
15.44,181.53705000000002,-291.63427,0.6803916183254662,1.325402737670706e-05,0.6647053438156624,1.513888309616145e-05
15.46,171.05106999999998,-291.63427,0.6470581054797065,1.325402737670706e-05,0.6352933995973536,1.513888309616145e-05
15.48,169.41254,-291.63427,0.6372539744799152,1.325402737670706e-05,0.6352929807350256,1.513888309616145e-05
15.5,163.51417500000002,-291.63427,0.6215675503764226,1.325402737670706e-05,0.6156850777602954,1.513888309616145e-05
15.52,158.271145,-291.63427,0.6078418208304425,1.325402737670706e-05,0.5980378394243396,1.513888309616145e-05
15.54,168.75677000000002,-291.63427,0.5862730437857735,1.325402737670706e-05,0.682349949302699,1.513888309616145e-05
15.56,195.29892,-291.63427,0.6882325116750394,1.325402737670706e-05,0.7392120062697707,1.513888309616145e-05
15.58,129.76283,-291.63427,0.2588271196602907,1.325402737670706e-05,0.7764659807496858,1.513888309616145e-05
15.6,224.13458,-291.63427,0.8078379014758016,1.325402737670706e-05,0.7921519261533748,1.513888309616145e-05
15.62,208.078285,-291.63427,0.764701364623546,1.325402737670706e-05,0.7392116472449181,1.513888309616145e-05
15.64,181.863795,-291.63427,0.6941140867290353,1.325402737670706e-05,0.6529380350031281,1.513888309616145e-05
15.66,165.15214,-291.63427,0.6294091019382256,1.325402737670706e-05,0.6176446952432498,1.513888309616145e-05
15.68,164.49676,-291.63427,0.6196053898007622,1.325402737670706e-05,0.6235267789157868,1.513888309616145e-05
15.7,166.790425,-291.63427,0.6294088326695861,1.325402737670706e-05,0.6274480483558607,1.513888309616145e-05
15.72,170.06716,-291.63427,0.6333302217846108,1.325402737670706e-05,0.6431338142471235,1.513888309616145e-05
15.74,177.276075,-291.63427,0.6490160475133491,1.325402737670706e-05,0.6705843159394769,1.513888309616145e-05
15.76,196.609185,-291.63427,0.6999956617830312,1.325402737670706e-05,0.7352891511365979,1.513888309616145e-05
15.78,222.823555,-291.63427,0.7803865022213168,1.325402737670706e-05,0.8117584827849079,1.513888309616145e-05
15.8,238.87991499999998,-291.63427,0.8333269606421998,1.325402737670706e-05,0.8548952290683275,1.513888309616145e-05
15.82,265.749825,-291.63427,0.9058752023628622,1.325402737670706e-05,0.9431297452987939,1.513888309616145e-05
15.84,286.06601,-291.63427,0.970580276909885,1.325402737670706e-05,0.9999915928347016,1.513888309616145e-05
15.86,290.98117,-291.63427,0.9999914432410131,1.325402737670706e-05,0.9999915030784885,1.513888309616145e-05
15.88,290.98135,-291.63427,0.9999918321846034,1.325402737670706e-05,0.999992191209456,1.513888309616145e-05
15.9,290.98172,-291.63427,0.9999925801530464,1.325402737670706e-05,0.9999936572276041,1.513888309616145e-05
15.92,290.32713,-291.63427,0.9999948539771129,1.325402737670706e-05,0.9960744820991705,1.513888309616145e-05
15.94,278.20344,-291.63427,0.9901925779390598,1.325402737670706e-05,0.9333316578840212,1.513888309616145e-05
15.96,243.470195,-291.635695,0.8941179163274631,1.0621173179968566e-05,0.8215713500561126,9.24489106073501e-06
15.98,193.66306,-283.772895,0.7431411742566016,4.8468452256787656e-06,0.6745147704320297,0.04706403502216048
16.0,152.37489499999998,-203.49144,0.603926744569076,0.1941189337431171,0.5666712442335373,0.3333343306247098
16.02,127.797105,-109.119065,0.5294130512116042,0.47646935927668066,0.49411764705882355,0.6156849719299377
16.04,108.463235,-27.198459999999997,0.4666660682919123,0.735291373037353,0.4411756328635792,0.8470557235958281
16.06,94.372735,31.456735000000002,0.4215676999701112,0.9333294897651234,0.4019600064265449,0.9999959011324423
16.08,81.26558,42.59826,0.38235261207035576,0.9999965294194678,0.36274518779542886,0.9999970679633529
16.1,71.43529000000001,42.598575,0.3470593620666907,0.9999975466585893,0.33921646416169043,0.9999979356068505
16.12,66.84779,42.598775,0.3333342308954648,0.9999982048721385,0.3254911534780383,0.9999984741441937
16.14,60.949505,42.598845,0.31372656727063625,0.9999985339789131,0.3098049687244475,0.9999985639004176
16.16,58.000315,42.59886,0.30392261578327107,0.9999985938165086,0.3019617117945947,0.999998593819159
16.18,58.327920000000006,42.598845,0.30196162203838156,0.9999985638977108,0.30588301115340627,0.9999985339816764
16.2,65.86449999999999,42.598775,0.31764747768585744,0.9999984442225202,0.3352941475657965,0.9999982347942635
16.22,76.022505,42.598685,0.35098006305074786,0.9999980851969478,0.3627444996644613,0.9999980552818156
16.24,82.576055,42.59861,0.37254821180192477,0.9999979356029594,0.38039113962566273,0.9999977560944026
16.26,87.163505,42.598505,0.388234037530663,0.9999976064961847,0.3921554565644254,0.9999974569069897
16.28,90.76789,42.598275,0.3960767559232369,0.9999971577142195,0.40588046806070033,0.9999965294260095
16.3,114.36108999999999,42.597165000000004,0.4372525982179801,0.9999949138043925,0.5058803783044872,0.9999921313710388
16.32,220.20423499999998,-249.039875,0.6705878762692651,0.25490034751581075,0.9058837591218492,2.6627679753439036e-06
16.34,290.98391,-291.63684,1.0,3.6800121158088838e-06,0.9999993417877702,9.334647284569503e-06
16.36,290.98321999999996,-291.63545,0.9999967687763266,1.0381822798539648e-05,0.9999984442256388,1.0950259314610771e-05
16.38,270.995535,-276.89144,0.9999999700812624,6.1034347287333015e-06,0.8803939819057457,0.08823967281343201
16.4,165.48257,-147.786185,0.705886840751834,0.33529272536700855,0.5431441661303733,0.5254870277423922
16.42,90.11418,-25.88877,0.4372589409903761,0.7196020153661149,0.36078664738703214,0.8705819069523555
16.44,103.87569500000001,-26.543409999999998,0.4098037719749389,0.8254851789307158,0.470587247975773,0.760781742004351
16.46,108.13571,-58.00015,0.4607840444568508,0.699998560905831,0.4450978297845223,0.6980389102804564
16.48,100.271275,-60.29372,0.4254900764034805,0.7039209152830395,0.43333300422721843,0.6803924178011005
16.5,107.15256,-82.2484,0.44313680612089507,0.6431371977629236,0.4568621467232849,0.6098047425154229
16.52,121.57058,-130.417655,0.47646978042937577,0.5509809281726559,0.5098029641690206,0.41372814263915486
16.54,145.49211,-252.97073999999998,0.5450978297845223,0.23137525672946305,0.584315311183295,6.402610637552054e-06
16.56,227.74178,-291.636995,0.7039260863568463,3.500499329609645e-06,0.9176483154105136,8.586678752161886e-06
16.58,281.80879500000003,-291.63427,0.98235321044511,1.325402737670706e-05,0.9627445595019368,1.513888309616145e-05
16.6,245.107885,-291.63427,0.9098025752254302,1.325402737670706e-05,0.8156862146723285,1.513888309616145e-05
16.62,136.97367500000001,-291.63563,0.6470614563783309,1.0980198752367042e-05,0.4313795200854958,9.274809801956486e-06
16.64,16.715120000000002,-247.399895,0.2313842771647927,0.011770563630954847,0.12745986625725866,0.25294521585264845
16.66,-23.92096,-110.10136499999999,0.07647229360334395,0.4607855066642177,0.03921580594946067,0.6254909590649985
16.68,-43.254615,-28.83613,1.4959368858740723e-07,0.7450974085743624,2.3934990172284473e-07,0.8274503015300504
16.7,-43.25444,12.451965,5.385372788976592e-07,0.8862733543516876,8.975621315031848e-07,0.933332188442833
16.72,-43.254265000000004,36.372865000000004,1.1369120332260295e-06,0.968626101583952,1.346343197244148e-06,0.9941162401740121
16.74,-43.254185,42.598895,1.436099410400844e-06,0.9999986536541039,1.5258556235362815e-06,0.9999987434128654
16.76,-43.25413,42.59889,1.6156118366929775e-06,0.9999987134916993,1.6754493121236889e-06,0.9999986536566416
16.78,-43.254095,42.598825,1.7053680498496736e-06,0.9999985638977108,1.795124262985111e-06,0.9999984143067112
16.8,-43.254075,42.598715,1.795124262985111e-06,0.9999982347909363,1.825043000711096e-06,0.9999980852005569
16.82,-43.25403,39.97717,1.9147992138465335e-06,0.9980371772775228,1.9746366892985034e-06,0.9862724736869157
16.84,-42.27093,34.078845,2.064392902433941e-06,0.9784292948351808,0.005884447252816632,0.9705862272185988
16.86,-36.70031,27.852854999999998,0.017649093297694124,0.9568607438237952,0.021570602087669682,0.9548999807502819
16.88,-35.71728,23.592945,0.021570572168931955,0.9470567427650288,0.023531326563919736,0.9392137342819649
16.9,-36.700355,18.67769,0.02157048241271882,0.9294097383233141,0.01764894370400556,0.9274490569104125
16.92,-37.35574,15.073174999999999,0.017648913785267832,0.9215665853463771,0.017648853947792403,0.9137236847467016
16.94,-38.011134999999996,8.519515,0.01568806963406692,0.9058803990676944,0.01568797987785376,0.8901943898410795
16.96,-40.304965,4.259625,0.011766351412927341,0.8862726063817453,0.00588399847175087,0.8843120361959326
16.98,-43.254155,0.32743500000000003,1.6156118366929775e-06,0.8784295132424038,1.5258556235362815e-06,0.8686258794838395
17.0,-43.25423,-3.93245,1.406180672674859e-06,0.8607825088006891,1.2865057218134369e-06,0.8607827712090516
17.02,-43.25429,-6.55391,1.1967495086567408e-06,0.8549001739867842,1.1369120332260295e-06,0.850978938223364
17.04,-43.254335,-9.50305,1.0770745577953184e-06,0.8450963524408038,9.873183446386223e-07,0.8431358299485763
17.06,-43.254385,-9.175370000000001,9.274808692079112e-07,0.843135534277772,8.377246560724736e-07,0.8470573990453408
17.08,-43.254419999999996,-6.553905,8.078059183464888e-07,0.8509786573359112,7.479684429157776e-07,0.8549004774013873
17.1,-43.25444,-5.24318,7.180497051897927e-07,0.8549002039055817,7.180497051897927e-07,0.8588219866606692
17.12,-43.254445000000004,-3.60477,7.180497051897927e-07,0.8607825088006891,6.881309674850665e-07,0.8627435258386926
17.14,-43.25446,-5.243195,6.582122297590816e-07,0.8588216906376572,6.582122297590816e-07,0.8549004175639048
17.16,-43.25446,-9.503070000000001,6.582122297590816e-07,0.8470570210098473,6.582122297590816e-07,0.8411750454001939
17.18,-43.254455,-22.282725,6.881309674850665e-07,0.8235277116730254,6.582122297590816e-07,0.7882340720250612
17.2,-40.960499999999996,-90.44073499999999,8.078059183464888e-07,0.7137241982906612,0.01372698613296426,0.49019700473906874
17.22,21.629075,-280.168755,0.11176832604961665,0.06863049067157319,0.27647968353155994,4.786998607510786e-06
17.24,168.757375,-291.63529500000004,0.5509810503690925,7.120673850188851e-06,0.7176455628866436,1.513888309616145e-05
17.26,197.592815,-291.63427,0.719604671751057,1.325402737670706e-05,0.721565934764586,1.513888309616145e-05
17.28,168.75857000000002,-291.63482,0.6882358027361882,1.325402737670706e-05,0.5803979610978621,1.1847821553465896e-05
17.3,138.28514,-291.63679,0.5647125243127142,6.641973087160949e-06,0.5215759276229832,6.6718793092255986e-06
17.32,118.62433999999999,-263.45678999999996,0.4960861204881422,0.005886493526783885,0.4725570677482888,0.1627488573583917
17.34,106.17105000000001,-182.51961,0.45490764534447986,0.2764715613001907,0.439218199448478,0.3764720095514983
17.36,96.339265,-127.14135999999999,0.42353030932683733,0.4588231626425036,0.4117646161261398,0.5254902589664523
17.38,88.80213499999999,-93.717765,0.3999994315439834,0.5725478934877637,0.39019521078797875,0.6117641208829643
17.4,83.55906999999999,-73.401405,0.3823519239393882,0.6411750631727934,0.37646954107947406,0.6647050643393555
17.42,79.626825,-63.243195,0.3705871283008222,0.6784299201380525,0.3647047753596457,0.6882344490012017
17.44,75.03927,-57.34487,0.35686169794221917,0.6980377726615968,0.35097943475725585,0.70392072538826
17.46,71.434775,-52.757284999999996,0.34705789604854254,0.7098025320457998,0.33921484854985373,0.7196069419378356
17.48,66.84722,-50.463495,0.333332525527415,0.7215672016736095,0.3254894481099884,0.7215677564049592
17.5,65.536475,-60.949335,0.3254894181912507,0.7019594987440537,0.325489388272513,0.6784307955279619
17.52,67.174925,-90.44080500000001,0.32745023242371396,0.6372538756286948,0.33333264520236583,0.5666667644012215
17.54,77.9889,-179.57037,0.3470586739357232,0.4254903907852735,0.3784323000298888,0.24510097066569136
17.56,90.11417,-263.784575,0.39019847193038987,0.1568649145041932,0.40784705660954285,0.00980933803408602
17.58,123.53927999999999,-291.63764000000003,0.4529479680240499,2.752529387367919e-06,0.5451049803628365,5.475129657305386e-06
17.6,219.54958,-291.63511500000004,0.7411804198616139,8.197750567044148e-06,0.8313739252815429,1.513888309616145e-05
17.62,252.97199,-291.63427,0.8666655596733711,1.325402737670706e-05,0.9058800491983723,1.513888309616145e-05
17.64,258.542505,-291.63427,0.8980367025123063,1.325402737670706e-05,0.9078414618055898,1.513888309616145e-05
17.66,267.71838,-291.63427,0.9254897173786278,1.325402737670706e-05,0.9352945664281247,1.513888309616145e-05
17.68,283.77506,-291.63427,0.9941177368150368,1.325402737670706e-05,0.9627456664952323,1.513888309616145e-05
17.7,264.44194000000005,-291.63513,0.9274520873854525,1.2176950659851763e-05,0.9137268066205381,1.1069934279836806e-05
17.72,254.61154,-291.63675,0.9000015258556235,6.61205428954611e-06,0.8823547363007336,6.941147980899144e-06
17.74,237.57218,-291.63766499999997,0.852943420375917,3.829606104223215e-06,0.8274536132410759,4.248461264163697e-06
17.76,228.72482,-291.63824999999997,0.8176498412661369,1.5856962774980372e-06,0.8098068236861858,2.991874129630466e-06
17.78,227.08641999999998,-291.63838499999997,0.8078460692911982,9.574015260558038e-07,0.8098068236861858,2.812361681791413e-06
17.8,227.08641999999998,-291.63840000000005,0.8098068236861858,8.6764513287115e-07,0.8078460692911982,2.812361681791413e-06
17.82,226.75874,-291.638395,0.8078460692911982,8.975639306560575e-07,0.8078460692911982,2.812361681791413e-06
17.84,226.75874,-291.638395,0.8078460692911982,8.975639306560575e-07,0.8078460692911982,2.812361681791413e-06
17.86,227.4141,-291.63838499999997,0.8098068236861858,9.274827282708963e-07,0.8098068236861858,2.8422804231829563e-06
17.88,227.08641999999998,-291.63837,0.8078460692911982,9.873203236706428e-07,0.8098068236861858,2.872199164404431e-06
17.9,227.08641999999998,-291.63838499999997,0.8098068236861858,9.274827282708963e-07,0.8078460692911982,2.8422804231829563e-06
17.92,226.43106,-291.638375,0.8078460692911982,9.574015260558038e-07,0.8058853148962103,2.872199164404431e-06
17.94,226.10338,-291.637105,0.8058853148962103,8.586694937057464e-06,0.8058853148962103,2.8422804231829563e-06
17.96,233.9677,-291.63841,0.8235321044511004,8.6764513287115e-07,0.8352966308210271,2.752524199178396e-06
17.98,237.2445,-291.63840000000005,0.8392181396110024,8.6764513287115e-07,0.8392181396110024,2.812361681791413e-06
18.0,239.21058,-291.63839,0.843139648400978,9.274827282708963e-07,0.8470611571909535,2.812361681791413e-06
18.02,241.17666,-291.63838499999997,0.8509826659809292,9.274827282708963e-07,0.8509826659809292,2.8422804231829563e-06
18.04,242.48738,-291.63839,0.8549041747709047,9.274827282708963e-07,0.8549041747709047,2.812361681791413e-06
18.06,242.48738,-291.63838,0.8549041747709047,9.574015260558038e-07,0.8549041747709047,2.8422804231829563e-06
18.08,242.81506000000002,-291.63838,0.8549041747709047,9.574015260558038e-07,0.8568649291658925,2.8422804231829563e-06
18.1,243.470135,-291.63839,0.8568649291658925,9.873203236706428e-07,0.8588239781928305,2.752524199178396e-06
18.12,243.797455,-291.63842999999997,0.8588237986804041,8.377263352563112e-07,0.858823708924191,2.6627679753439036e-06
18.14,243.79747500000002,-291.63849500000003,0.8588235892492401,6.582135490570723e-07,0.8588240380303059,2.4533367862833767e-06
18.16,241.831535,-291.6385,0.8549027985089698,5.684571560424871e-07,0.8509811401253057,2.513174268896394e-06
18.18,238.226925,-291.638455,0.8450986974279161,6.881323468419797e-07,0.8392161649743133,2.6627679753439036e-06
18.2,234.29455000000002,-291.638395,0.8333335427644972,8.377263352563112e-07,0.8274509803921569,2.872199164404431e-06
18.22,232.656275,-291.63833,0.8254904653470708,1.1069955144701352e-06,0.8254910338030874,2.991874129630466e-06
18.24,232.6563,-291.638305,0.8235303093268374,1.1369143120849742e-06,0.8274513394170094,3.111549094856501e-06
18.26,235.27755000000002,-291.63829499999997,0.8313724592633946,1.226670705269628e-06,0.8352940877283211,3.0816303534649577e-06
18.28,237.24374,-291.638325,0.8392158657869362,1.1069955144701352e-06,0.8392158657869362,3.0217928708519404e-06
18.3,237.57131500000003,-291.638305,0.8392156862745098,1.1668331098698816e-06,0.8411761714008582,3.0816303534649577e-06
18.32,237.898835,-291.638285,0.8411759320509564,1.226670705269628e-06,0.8411757226197925,3.1414678360779754e-06
18.34,237.89875,-291.63828,0.8411756328635793,1.2565895028844667e-06,0.8411755131886284,3.1414678360779754e-06
18.36,238.22635000000002,-291.63827,0.8411753635949398,1.2865083006693743e-06,0.8431360581524521,3.1713865774695186e-06
18.38,226.757415,-291.638035,0.8294106277938492,1.5258586820982909e-06,0.7862735823230524,4.338217487998189e-06
18.4,192.35031,-262.80158,0.7313712325951484,0.023532540566972467,0.678429547506019,0.1490234552759396
18.42,173.99970000000002,-208.07869499999998,0.652938992402735,0.22745263308307553,0.6470563701929191,0.2725517149931129
18.44,172.36111,-191.039225,0.6450953166105541,0.29607959333652123,0.6450951370981278,0.3058847830469401
18.46,173.6718,-193.332985,0.6490166458881034,0.2941188948486801,0.6490166458881034,0.2941201954316116
18.48,173.671785,-194.643715,0.6490166159693656,0.2921580766856482,0.649016586050628,0.2882379315426886
18.5,174.327135,-199.88662499999998,0.650977310526878,0.2784327085699972,0.6509773404456157,0.27059102020095455
18.52,174.32713,-202.18040000000002,0.650977310526878,0.2686288571052192,0.650977310526878,0.26666948102293125
18.54,174.9825,-203.49113999999997,0.6529380948406034,0.26274652229131434,0.6529380948406034,0.2647086665558077
18.56,174.982505,-206.44028,0.6529380948406034,0.25686418747740936,0.6529381247593412,0.25294407894047916
18.58,175.63787,-209.06173,0.654898879154329,0.24706036593142905,0.654898879154329,0.24706178513281488
18.6,175.31018,-208.73405000000002,0.654898879154329,0.24706036593142905,0.6529380649218658,0.24902253976245586
18.62,175.31017,-210.04477,0.6529380649218658,0.2431388492805561,0.6548988193168535,0.2451010305031739
18.64,175.31016,-208.40635,0.6548987893981159,0.24706039585022677,0.6529380350031281,0.2509833841483208
18.66,174.982465,-204.80184,0.6529379751656527,0.25490351890836593,0.6529380050843904,0.26470875631203156
18.68,176.29321,-202.18039,0.6548987893981159,0.2647073404543462,0.6588203580255668,0.27059105011969586
18.7,176.94859,-197.265165,0.6588203879443045,0.2784327384887949,0.6588203879443045,0.28627714699430634
18.72,176.948595,-193.005295,0.6588204178630422,0.29019734827900934,0.6588203879443045,0.30000254907675844
18.74,176.29321499999998,-187.107015,0.6588203580255668,0.30784429288312876,0.6548988193168535,0.3176494604184925
18.76,175.310145,-181.20873,0.6548987594793781,0.3254912674060459,0.6529379751656527,0.3352963717602266
18.78,173.01634,-177.604215,0.6470556222244761,0.33725590711505804,0.6470555623870007,0.34510026458339677
18.8,171.050205,-173.34431,0.643133963840812,0.3529421532313363,0.6392123652946233,0.3549042471627908
18.82,168.428715,-169.084455,0.6352907966671724,0.36274600469611423,0.6313691981209836,0.37059031411865995
18.84,166.46259,-164.49688,0.6274476294935327,0.3784322508123925,0.6274475696560572,0.38235499149021235
18.86,164.82415,-161.547725,0.6235260010286062,0.3862754037893294,0.621565186796143,0.39215885439464115
18.88,163.51341000000002,-160.56468999999998,0.6196044024824175,0.39019692044020243,0.6176436480874298,0.39411957910554085
18.9,156.30438500000002,-145.819005,0.6176436780061675,0.40196144047402377,0.5764673869303585,0.4705895481988827
18.92,103.547505,-78.644,0.48823272110620347,0.5784312156219924,0.3901944927382736,0.6960784249194871
18.94,57.67225,-16.711895,0.3176465502049882,0.7921559075728156,0.2862747192350856,0.8529402613090897
18.96,49.48036999999999,9.83044,0.28039263556254856,0.8882339630831356,0.2745104920525361,0.9156850377511685
18.98,45.875945,17.69488,0.26862834854252365,0.9254888499671925,0.26470680983381034,0.9254890502493038
19.0,42.92679,17.3672,0.26078524120635943,0.923528091641756,0.25490291818392063,0.9254890502493038
19.02,38.011575,20.644,0.24705990060396954,0.931371124943502,0.2392168531052808,0.9372535780271498
19.04,34.079409999999996,22.610084999999998,0.23333458992031744,0.9392141881640458,0.2294130811303419,0.9411750872864317
19.06,31.457965,22.282404999999997,0.22549157234036632,0.9392141881640458,0.2215700336316531,0.9392143326567909
19.08,29.491875,21.299365,0.21960927923666532,0.9352926715131727,0.21568774052795203,0.9372535780271498
19.1,28.181135,20.316325,0.21568771060921435,0.9333319431065339,0.21176617190050107,0.9333320388491265
19.12,26.871675,20.316319999999997,0.21177377125988103,0.9313711548622997,0.20784463319178778,0.9352927934787675
19.14,25.55968,21.627045,0.2058838787968,0.9352926715131727,0.2058838787968,0.9392143326567909
19.16,24.576639999999998,21.29936,0.2039231244018122,0.9372534298386094,0.2019623700068245,0.9352927934787675
19.18,13.107575,20.31631,0.18823687981074602,0.931371124943502,0.1490206250802196,0.9352927635600262
19.2,-42.271285,16.71192,0.005884028390488596,0.9313713343750859,3.5902485260552566e-07,0.9137247917401295
19.22,-43.25468,14.418225,0.0,0.9098031723080703,0.0,0.9215680196898826
19.24,-43.25468,20.64422,0.0,0.9294109949128171,0.0,0.9392150207878407
19.26,-43.25468,23.921065,0.0,0.9411757243782223,0.0,0.9470581290626284
19.28,-43.25468,27.853275,0.0,0.9509796356805956,0.0,0.9607835909825632
19.3,-43.25468,34.40693,0.0,0.970587398447747,0.0,0.9803912868726795
19.32,-43.25468,38.01144,0.0,0.9843127964821956,0.0,0.9882343951474674
19.34,-43.25468,39.649834999999996,0.0,0.9901951013773028,0.0,0.9921558445692668
19.36,-43.25468,40.632845,0.0,0.9941165282717829,0.0,0.9941165094426838
19.38,-43.25468,38.66672,0.0,0.990194891945719,0.0,0.9862733413304133
19.4,-43.25466,37.683645,0.0,0.9843124972942188,1.1967495086142236e-07,0.9862732515741895
19.42,-43.254585,39.32203,2.692686394488296e-07,0.9862731957820597,2.9918737717481445e-07,0.9941162401740121
19.44,-43.25457,42.598805,3.291061148795408e-07,0.9999984741413177,3.291061148795408e-07,0.99999838438797
19.46,-43.254595,42.598785,2.692686394488296e-07,0.9999983843849247,2.3934990172284473e-07,0.9999983544692286
19.48,-43.254635,42.598749999999995,1.7951242629213355e-07,0.9999982946285315,8.975621315669604e-08,0.9999982347942635
19.5,-43.25468,42.59871,0.0,0.9999981450345431,0.0,0.9999981450380395
19.52,-43.25468,41.94333,0.0,0.9999981151157455,0.0,0.9960765460225337
19.54,-43.25468,39.649515,0.0,0.992154932220011,0.0,0.9901941026211629
19.56,-43.25468,35.717285,0.0,0.9823509311612445,0.0,0.976468610782487
19.58,-43.25468,31.457355,0.0,0.970586141858244,0.0,0.9627430291875871
19.6,-43.25468,23.265225,0.0,0.9490174412528699,0.0,0.935292045510235
19.62,-43.25468,13.107005000000001,0.0,0.9176448592639204,0.0,0.9058803371219833
19.64,-43.25468,4.9149,0.0,0.892154671926471,0.0,0.8823509823788785
19.66,-43.25468,-8.52012,0.0,0.8607822096127122,0.0,0.8333316080192519
19.68,-43.25468,-82.5764,0.0,0.7490178780673162,0.0,0.5019615923543972
19.7,-0.9823900000000023,-286.39470500000004,9.274808692079112e-07,0.03137638167625619,0.25294578395619655,4.308298746606646e-06
19.72,166.465345,-291.63763,0.5333388084623355,2.6627729943533337e-06,0.7215728759117361,5.624723363752895e-06
19.74,235.60610000000003,-291.63739,0.8039245605012226,3.919362497407869e-06,0.8647079467458437,5.804235811591947e-06
19.76,278.53218,-274.9255,0.9254913329904646,4.039037688037293e-06,1.0,0.10000542725967128
19.78,290.98374,-144.18043,1.0,0.34706047663098055,0.9999983245506878,0.535295228864309
19.8,278.53127,-58.00001999999999,0.9705861709012152,0.6549014485275658,0.954899716878985,0.7431367155433186
19.82,269.028365,-14.418245,0.9411741967641689,0.8058809765004898,0.9274487065680905,0.8529398424467116
19.84,259.525465,11.468655,0.9078407736746223,0.9019587627416306,0.9039191751284337,0.9117629301170606
19.86,257.23165,22.28219,0.9039190853722207,0.9294097084045163,0.8941152535598061,0.9490175074301698
19.88,253.627135,30.474245,0.8901936849323552,0.9568605044734138,0.886272146223642,0.9705859579499271
19.9,249.03958,36.37252,0.8784290688062154,0.9764682074029696,0.8705859913887889,0.986272084743279
19.92,243.1413,41.28774,0.8607821595763746,0.9941151220882914,0.852939082158948,0.9980366424398662
19.94,239.209135,42.270785000000004,0.8470568189739848,0.9980366387391645,0.8431353401027468,0.9999974269882485
19.96,237.24307499999998,42.59849,0.8411746156264968,0.9999974569021963,0.837253136755259,0.9999975167444723
19.98,234.94932999999997,42.59849,0.8333316578840211,0.9999974868209939,0.8313709034890334,0.999997486825731
20.0,234.621685,42.598495,0.8294102089315211,0.9999974868209939,0.8333318074777099,0.9999975167444723
20.02,237.24319,40.304734999999994,0.8372534359426361,0.9960760000889186,0.8411750045700871,0.9901937136775261
20.04,228.39577500000001,36.044755,0.8431358188025505,0.9803897539726404,0.7823519239393881,0.9803892823170126
20.06,128.124375,28.180194999999998,0.6039210001714344,0.9725458829445589,0.4215679991574883,0.941173591349367
20.08,7.2088899999999985,-1.3111550000000003,0.22549022599716909,0.8941150712263353,0.07647103701635986,0.8431354410049393
20.1,-43.254635,-19.00596,2.692686394488296e-07,0.8137236208578659,0.0,0.8176454812259001
20.12,-43.254675,-17.367535,2.991873772598486e-08,0.8196059556717707,0.0,0.8215670802414059
20.14,-43.25468,-19.33363,0.0,0.8156844091021,0.0,0.8137240018853593
20.16,-43.25468,-19.989,0.0,0.8137236208578659,0.0,0.811763217336977
20.18,-43.25468,-20.316685,0.0,0.8117628625324292,0.0,0.8117631874182358
20.2,-43.25468,-20.97207,0.0,0.8098020144505998,0.0,0.8098023729511122
20.22,-43.25468,-23.921225,0.0,0.8019588913924606,0.0,0.7999984801279421
20.24,-43.25468,-27.198059999999998,0.0,0.7941157683343214,0.0,0.788233832675131
20.26,-43.25468,-31.78562,0.0,0.7803903403810751,0.0,0.7745084305926789
20.28,-43.25468,-46.858965,0.0,0.7411749644407609,0.0,0.7235286307095654
20.3,-43.25468,-56.03408,0.0,0.7058811051513199,0.0,0.7039208450632252
20.32,-43.25468,-55.05106,0.0,0.7058810153949268,0.0,0.7098030790334068
20.34,-43.25468,-54.068020000000004,0.0,0.7098025320457998,0.0,0.7117638336630477
20.36,-43.25468,-53.740359999999995,0.0,0.7098024722082045,0.0,0.7137245284552062
20.38,-43.25468,-53.412684999999996,0.0,0.7137239888590774,0.0,0.711763743906824
20.4,-43.25468,-57.017205000000004,0.0,0.7058808658009383,0.0,0.6980383119056305
20.42,-43.25468,-60.949394999999996,0.0,0.6941161961731285,0.0,0.686273724290302
20.44,-43.25468,-68.158405,0.0,0.6725477049993384,0.0,0.6647052737705446
20.46,-43.25468,-72.74596500000001,0.0,0.6588223069648896,0.0,0.6509798417693512
20.48,-43.25468,-78.64427,0.0,0.6411752726043771,0.0,0.6333328705901347
20.5,-43.25468,-116.32781,0.0,0.5901950176046692,0.0,0.45882421261502176
20.52,-43.25426,-256.90355999999997,0.0,0.20784436169636347,2.5131739681961626e-06,4.248461264163697e-06
20.54,23.92216,-291.63816499999996,0.10784804392788747,1.4361022890837057e-06,0.2941212073886118,3.65008643820359e-06
20.56,123.207875,-291.637335,0.47058647008859233,3.7099309135937913e-06,0.5254834344437075,6.342773154939037e-06
20.58,88.80163999999999,-291.63763,0.4548957975243441,3.7996873066083765e-06,0.3352958828525841,4.487811194445699e-06
20.6,-1.9658200000000008,-291.63796,0.18823759786045124,2.184072231325432e-06,0.05882451673010935,4.128786298937662e-06
20.62,-43.254215,-257.88668,2.184067853295363e-06,0.025492521003669045,5.983747543283704e-07,0.17647300285370934
20.64,-43.25468,-172.68946499999998,0.0,0.2980390950724548,0.0,0.4137256294648859
20.66,-43.25468,-111.74054,0.0,0.4999985489383119,0.0,0.576469580149705
20.68,-43.25468,-70.12487,0.0,0.6392134671210215,0.0,0.6862726172968739
20.7,-43.25468,-46.531695,0.0,0.7176444882708289,0.0,0.7490173638202116
20.72,-43.25468,-30.475234999999998,0.0,0.770585441758378,0.0,0.7921543246972089
20.74,-43.25468,-20.97242,0.0,0.8039186324787757,0.0,0.8156836495215724
20.76,-43.25468,-14.09108,0.0,0.8254871834901611,0.0,0.8352913454116887
20.78,-43.25468,-11.14194,0.0,0.8372517932803757,0.0,0.8411736691380942
20.8,-43.25468,-11.469629999999999,0.0,0.8392125815246099,0.0,0.8372520701225884
20.82,-33.424135,9.50195,0.0,0.8705846848127965,0.058823499493026996,0.9313686812889928
20.84,64.881385,37.682585,0.2019613527697421,0.9705838979484173,0.44509756051588284,0.9999954822700642
20.86,176.94943999999998,42.598074999999994,0.6156854068664102,0.9999960207999072,0.7019604552076106,0.9999964695885268
20.88,191.04014,42.598315,0.7058824426973896,0.9999968286074449,0.6960786108849754,0.9999970978820942
20.9,188.74636,42.598415,0.6941178265712499,0.9999972474706125,0.6941178265712499,0.9999972773945419
20.92,188.418685,42.59844,0.6941178564899876,0.9999973073082079,0.6921570721762621,0.9999973671507659
20.94,188.09099500000002,42.598465000000004,0.6921570721762621,0.9999973970646009,0.6921570422575244,0.9999974269882485
20.96,188.09098,42.598475,0.6921570123387867,0.9999974269833987,0.6921570123387867,0.9999974569069897
20.98,189.07402000000002,42.598475,0.6941177667337745,0.9999974569021963,0.6960785211287622,0.9999974269882485
21.0,190.05706,42.598475,0.69803927552375,0.9999974569021963,0.69803927552375,0.9999974269882485
21.02,191.04012,42.598465000000004,0.7000000897562132,0.9999973970646009,0.701960844151201,0.9999974269882485
21.04,191.695485,42.59847,0.7019608740699387,0.9999974269833987,0.7039215985461887,0.9999974269882485
21.06,192.02317,42.59847,0.7039216284649265,0.9999974269833987,0.7039216284649265,0.9999974269882485
21.08,191.69549999999998,42.598475,0.7039216583836642,0.9999974269833987,0.7019609039886764,0.9999974569069897
21.1,191.36856,42.598485,0.7019609039886764,0.9999974569021963,0.7019653319618585,0.999997486825731
21.12,191.36784,42.5985,0.7019609638261518,0.9999974868209939,0.7019609638261518,0.9999975466632135
21.14,191.040165,42.598505,0.7019609638261518,0.9999975167397916,0.7000002393499017,0.9999975466632135
21.16,191.36785,42.59851,0.7019609937448895,0.9999975466585893,0.7019609937448895,0.9999975466632135
21.18,191.04018000000002,42.598505,0.7019610236636272,0.9999975466585893,0.7000002692686395,0.9999975167444723
21.2,191.36786,42.598505,0.7019610236636272,0.9999975466585893,0.7019610236636272,0.9999975167444723
21.22,193.989325,42.59846,0.701961053582365,0.9999974868209939,0.7176471784984804,0.9999973073132833
21.24,219.220795,38.011165000000005,0.7705878164317896,1.0,0.7999991622753438,0.9725455756673989
21.26,228.723415,25.558565,0.809802694900381,0.9470553066627396,0.8176455628866436,0.9509769456351937
21.28,231.01713999999998,27.524665,0.8196062873628936,0.9529376414766446,0.8215670417578813,0.9568592693615993
21.3,231.01715000000002,27.19699,0.8196063172816314,0.9529376713954423,0.8215670716766191,0.9548985147319583
21.32,232.00019,26.8693,0.8235278260716069,0.9529376414766446,0.8235278260716069,0.952937730183576
21.34,232.327865,26.8693,0.8235278260716069,0.9529376414766446,0.825488550547857,0.952937730183576
21.36,232.98322000000002,26.21392,0.825488550547857,0.9509768233136128,0.8274493049428447,0.9509769157164525
21.38,233.3109,24.575505,0.8274493049428447,0.947055276743942,0.8274493049428447,0.9450945919900469
21.4,233.96626,23.592444999999998,0.8294100593378325,0.9431337002554735,0.8294100593378325,0.9431337775229233
21.42,235.60467,16.05573,0.8313708137328203,0.9372513355227711,0.837253136755259,0.9039183259052079
21.44,241.502975,-4.91599,0.8470570583238864,0.8666633775935072,0.856860860217563,0.8490166577379169
21.46,245.43513000000002,-8.192834999999999,0.8627431234025265,0.8470555549887606,0.8647038179600387,0.8490166278191758
21.48,245.43511,-7.537465,0.8627430336463132,0.8490163432329948,0.864703788041301,0.8509774123675579
21.5,245.762785,-7.20978,0.864703788041301,0.8509771314772289,0.8647037581225633,0.8509774123675579
21.52,245.10742,-7.537465,0.8627430037275755,0.8490163731517925,0.8627430037275755,0.8509773824488166
21.54,245.43509,-7.20979,0.8647037282038256,0.8509771015584312,0.8627429738088377,0.8509773824488166
21.56,245.43508,-7.865155,0.8647036982850878,0.849016313314197,0.8627429438901001,0.8490166278191758
21.58,245.762755,-7.86515,0.8647036982850878,0.8490163432329948,0.8647036683663502,0.8490166278191758
21.6,245.10739,-7.537475000000001,0.8627429139713625,0.849016313314197,0.8627429139713625,0.8509773824488166
21.62,245.10738500000002,-7.86516,0.8627429139713625,0.849016313314197,0.8627428840526247,0.8490165979004344
21.64,245.10738,-8.19285,0.8627428840526247,0.8490162833953994,0.8627428840526247,0.847055813352052
21.66,245.76273500000002,-8.52053,0.8647036384476126,0.8470555250699628,0.8647036085288747,0.847055813352052
21.68,245.10737,-9.175895,0.862742854133887,0.8450947368257286,0.862742854133887,0.8450950587224111
21.7,245.10736500000002,-9.175895,0.862742854133887,0.8450947368257286,0.8627428242151491,0.8450950587224111
21.72,245.10736,-9.831255,0.8627428242151491,0.8431339785002921,0.8627428242151491,0.84313430409277
21.74,245.10735499999998,-10.15895,0.8627428242151491,0.8431339485814944,0.8627427942964115,0.8411734896256465
21.76,245.107345,-10.814309999999999,0.8627427942964115,0.8392124319306213,0.8627427643776737,0.8411734896256465
21.78,245.435015,-11.142005000000001,0.8627427643776737,0.8392124020118237,0.8647034888539238,0.8392126751585228
21.8,246.41805499999998,-11.79737,0.8666642432489117,0.8372516137675895,0.8666642731676493,0.837251920528882
21.82,247.07341,-12.45275,0.8686249976438993,0.8352907956045577,0.8686249976438993,0.8352911060617584
21.84,247.72876,-12.780435,0.8705857221201494,0.833330037279121,0.8705857221201494,0.835291076143017
21.86,248.05642999999998,-13.76348,0.8705856922014118,0.8313692490348868,0.8725464465963995,0.831369566883735
21.88,248.71179,-14.418855,0.8725464465963995,0.829408430871855,0.8745072009913873,0.8294087823353528
21.9,249.039465,-14.41886,0.8745072009913873,0.829408430871855,0.8745071710726495,0.8294087524166115
21.92,249.367145,-15.07422,0.8745072009913873,0.8274476725464184,0.8764679254676374,0.8274479977869704
21.94,244.451885,-15.07428,0.8784286798626251,0.8254868244645889,0.8431347716467303,0.8294084831479398
21.96,155.97729,-2.622459999999999,0.6882336485870727,0.8568587482399893,0.5039201624467783,0.8725451747562655
21.98,24.248335,5.569725,0.2999992520315571,0.8823490253338316,0.10392174813987728,0.896074918443007
22.0,-43.25468,6.5530100000000004,0.0,0.8999965982327026,0.0,0.8843111087149523
22.02,-43.25468,5.2424800000000005,0.0,0.8803896731918867,0.0,0.896076115192659
22.04,-43.25468,27.197135000000003,0.0,0.9999962601502886,0.0,0.9078408823204354
22.06,-43.25468,13.106915,0.0,0.909801466936602,0.0,0.9137231761280995
22.08,-43.25468,14.089960000000001,0.0,0.9137230135062726,0.0,0.9156839307577406
22.1,-43.25468,14.74532,0.0,0.9156837718317092,0.0,0.9176446853873815
22.12,-43.25468,14.08995,0.0,0.9137229835874751,0.0,0.9156839008389992
22.14,-43.25468,14.089939999999999,0.0,0.9137229835874751,0.0,0.9156838410015168
22.16,-43.25468,13.76225,0.0,0.9137229237498796,0.0,0.9137230863718757
22.18,-43.25468,13.10688,0.0,0.9117621355056454,0.0,0.9117623018234934
22.2,-43.25468,12.451505000000001,0.0,0.9098013472614112,0.0,0.9098014873563699
22.22,-43.25468,12.123815,0.0,0.9098013173426136,0.0,0.9078407028079876
22.24,-43.25468,12.123809999999999,0.0,0.9078405290983793,0.0,0.9098014574376284
22.26,-43.25468,10.485395,0.0,0.9058797408541451,0.0,0.901958379081582
22.28,-43.25468,-7.8649249999999995,0.0,0.8725464603773544,0.0,0.8254879013696381
22.3,-43.25468,-25.559955000000002,0.0,0.7980364173400615,0.0,0.794115199001815
22.32,-43.25468,-25.559965,0.0,0.7960755692582319,0.0,0.7960759835501974
22.34,-43.25468,-25.88766,0.0,0.7941147810139976,0.0,0.7960759237127147
22.36,-43.25468,-26.87071,0.0,0.7921539927697635,0.0,0.7921543845346916
22.38,-43.25468,-27.853749999999998,0.0,0.790193234444327,0.0,0.7882328752754095
22.4,-43.25468,-28.83681,0.0,0.7862716579558585,0.0,0.7862720608082858
22.42,-43.25468,-30.475225000000002,0.0,0.7823501113861878,0.0,0.7803897370818803
22.44,-43.25468,-31.78597,0.0,0.7784285049789218,0.0,0.7764681679851158
22.46,-43.25468,-33.096705,0.0,0.774506958409251,0.0,0.7725465988883511
22.48,-43.25468,-34.07976,0.0,0.7705853819207825,0.0,0.7705858143399689
22.5,-43.25468,-35.06281,0.0,0.7686245936765483,0.0,0.7666642751619456
22.52,-43.25468,-36.70123,0.0,0.7627422588626435,0.0,0.762742706065181
22.54,-43.25468,-38.339655,0.0,0.7588206823741751,0.0,0.7568603524200342
22.56,-43.25468,-46.204115,0.0,0.7450951347457379,0.0,0.7235269253413115
22.58,-43.254324999999994,-65.86514,6.881309674850665e-07,0.6862716669314979,1.436099410400844e-06,0.6647036581585146
22.6,-39.649739999999994,-71.763465,0.011765992388074758,0.6568598731867824,0.009805058480660687,0.6588213045133677
22.62,-39.6498,-71.763465,0.011765753038173014,0.6568598731867824,0.009804938805709804,0.6588213045133677
22.64,-39.32214999999999,-72.418845,0.011765663281959878,0.6548990849425482,0.011765603444484447,0.6568604601275029
22.66,-39.322175,-73.07421500000001,0.011765573525746722,0.6548990550237506,0.011765543607008995,0.6529389209494796
22.68,-39.322199999999995,-74.38495,0.01176551368827129,0.6509774785352821,0.01176545385079586,0.6490173817714563
22.7,-39.32222,-75.695695,0.011765423932058134,0.6470559020468137,0.011765423932058134,0.6450957827559505
22.72,-39.322235,-76.67874499999999,0.01176539401332043,0.6431343255583454,0.011765364094582703,0.6431350281263094
22.74,-39.32225,-77.989475,0.011765334175844999,0.6392128089074723,0.011765334175844999,0.6392134590295449
22.76,-39.32227,-79.62789000000001,0.011765304257107272,0.6352912623378015,0.011765244419631843,0.6333311353031393
22.78,-38.66692,-81.593995,0.013725998814619621,0.6294088976050989,0.013725998814619621,0.6274488115767338
22.8,-38.339245,-83.560095,0.013725998814619621,0.623526562791194,0.015686723290869675,0.6215664878503282
22.82,-38.33925,-84.870825,0.015686723290869675,0.6196050162215233,0.013725968895881895,0.6176449486723049
22.84,-38.339254999999994,-85.85388,0.015686723290869675,0.6156834397330548,0.01372593897714419,0.6156841641239227
22.86,-38.339255,-87.49229,0.01568669337213195,0.6117618931633841,0.013725968895881895,0.6098018703162583
22.88,-38.66694,-89.1307,0.01372593897714419,0.6058795882682769,0.01372593897714419,0.6058803311382351
22.9,-38.339259999999996,-90.11375,0.01372593897714419,0.6039188000240427,0.01568669337213195,0.6019587919602118
22.92,-38.01158,-92.07985,0.01568669337213195,0.5980364652101378,0.01568669337213195,0.5960764682338062
22.94,-38.339259999999996,-93.71826,0.01568669337213195,0.5921541603150305,0.01372593897714419,0.592154929055783
22.96,-38.01158,-95.028995,0.01568669337213195,0.5882326137453598,0.01568669337213195,0.5882333599590185
22.98,-38.01159,-96.66741,0.015686663453394242,0.5823502789314549,0.015686663453394242,0.5843118207809952
23.0,-37.683904999999996,-101.910325,0.015686663453394242,0.5784287024429864,0.017647447767119726,0.5568611063723149
23.02,0.9826800000000002,-144.181425,0.08823520436143391,0.47842922003818655,0.1764699898605398,0.4039207792419943
23.04,44.89215,-181.209655,0.2509792253260918,0.34313548939957544,0.27646915213588374,0.3176466480568106
23.06,51.77337,-188.091,0.2843119902034085,0.31176302708581655,0.2843118705284577,0.30784281507112304
23.08,51.773335,-190.384775,0.2843118406097199,0.30391996386527287,0.2843118106909822,0.30196049134471753
23.1,52.100995,-192.02319,0.2862725351672323,0.2980376290513679,0.2843117508535068,0.29803895216669424
23.12,52.42865,-193.33392,0.28627244541101915,0.2941160824816972,0.28627244541101915,0.29411741298867095
23.14,52.75631,-195.955375,0.28627241549228144,0.28823377758658997,0.2882331100497938,0.28431358000298346
23.16,53.411654999999996,-197.92147,0.2882331100497938,0.28235144277268504,0.2901938345260438,0.27843128619531915
23.18,54.394685,-200.870615,0.2901938345260438,0.272547591307907,0.29411531339728164,0.27058817792053136
23.2,55.37771,-204.475125,0.29411528347854393,0.2627437099243314,0.2960760378735317,0.2588235603864615
23.22,55.70538,-207.096585,0.296076007954794,0.25490061678499,0.296076007954794,0.250980482030415
23.24,55.377695,-207.75196,0.29803676234978177,0.24705749372685082,0.2921544692460807,0.254901991289697
23.26,42.27041,-195.300005,0.2647036982850879,0.2823514726914827,0.2470568488927225,0.29411744290741226
23.28,39.64895,-193.98927,0.2470568488927225,0.2921553540750583,0.24901754345023483,0.29215668827777125
23.3,39.976614999999995,-194.97232000000002,0.24901754345023483,0.29019456583082415,0.24901751353149712,0.28823514909974796
23.32,40.63196,-196.93842,0.25097823800774716,0.28431223101691927,0.25097823800774716,0.28235282537334244
23.34,40.631955000000005,-197.92147,0.25097823800774716,0.2803906844472485,0.25097820808900945,0.28039204082496016
23.36,40.631945,-199.88756,0.25097820808900945,0.27450837955214125,0.25097817817027174,0.27450974701729586
23.38,40.63194,-200.54293,0.25097817817027174,0.272547591307907,0.25097817817027174,0.2725489624689136
23.4,40.959615,-201.19829,0.2529389325652595,0.2705868329824706,0.250978148251534,0.2705882078392727
23.42,40.95961,-202.8367,0.250978148251534,0.26666528641279985,0.25293890264652175,0.26470591403160837
23.44,41.28729,-203.16439,0.25293890264652175,0.2627437398431291,0.25293890264652175,0.26666663874250807
23.46,41.287285,-203.81975,0.25293890264652175,0.2627437398431291,0.2529388727277841,0.2627451294832261
23.48,40.9596,-203.81975,0.2529388727277841,0.2627437398431291,0.2509781183327963,0.2627451294832261
23.5,41.287285,-204.47512,0.25293890264652175,0.26078295159889486,0.2529388727277841,0.26078434493484376
23.52,41.614959999999996,-204.8028,0.2529388727277841,0.26078295159889486,0.2548996271227718,0.2588235903052028
23.54,41.94263,-206.44121,0.25489959720403416,0.2549006467037876,0.25489959720403416,0.2549020511271795
23.56,42.270315,-206.76889,0.2568603815177596,0.2549006467037876,0.25489959720403416,0.2529412964975385
23.58,42.27031,-207.751935,0.25489959720403416,0.25097910013411695,0.25686035159902193,0.2509805418678976
23.6,42.59799,-207.75194,0.25686035159902193,0.25097910013411695,0.25686035159902193,0.25098051194915627
23.62,41.287255,-208.407305,0.25882110599400965,0.2470575535644462,0.24705648986786988,0.25098051194915627
23.64,35.06128,-206.11352,0.2352918438229924,0.2529398883783511,0.23333108942800462,0.2588236202239441
23.66,35.388965,-205.78583500000002,0.2352918737417301,0.2568614349480218,0.2352918438229924,0.2568628655943031
23.68,35.061274999999995,-205.78584,0.2352918438229924,0.2568614349480218,0.23333105950926689,0.2568628356755618
23.7,34.40591,-206.113515,0.2313703051142791,0.2549006766225853,0.23333105950926689,0.2568628655943031
23.72,34.4059,-206.76887,0.23137027519554138,0.254900706541383,0.23333102959052915,0.25294135633502113
23.74,34.73359,-208.73496999999998,0.23333105950926689,0.2470576134020416,0.23333105950926689,0.2490197872382566
23.76,35.061265,-208.73496999999998,0.23529178398551695,0.24901837172747812,0.23333105950926689,0.24705903260861561
23.78,34.733585000000005,-209.062655,0.23333105950926689,0.24705758348324391,0.23333102959052915,0.24705903260861561
23.8,35.061265000000006,-210.37338,0.23529181390425466,0.24313606683237088,0.23333102959052915,0.24313749343059232
23.82,35.06127,-213.65018500000002,0.23333105950926689,0.2372537918560613,0.23529181390425466,0.22941218110436407
23.84,35.061285,-219.54843499999998,0.23333108942800462,0.21960690708953728,0.2352918737417301,0.2117653894375952
23.86,37.02738,-227.08507,0.2372526580554556,0.20392087040484283,0.2431349212404189,0.1823540699929804
23.88,45.219415,-253.95487000000003,0.2529387530528332,0.14705881912958849,0.27646789554889967,0.0784338951095602
23.9,76.021465,-291.63822,0.31764388743733146,1.6455338728977836e-06,0.39607445218043275,3.111549094856501e-06
23.92,149.09441999999999,-291.639015,0.4803876989708253,0.0,0.6705807556096886,0.0
23.94,290.98296,-291.63637,1.0,1.1668331098698816e-06,0.9999936572276041,1.4660183235427379e-05
23.96,270.664365,-291.63427,0.999989348929373,1.325402737670706e-05,0.8784229653837213,1.513888309616145e-05
23.98,215.61423000000002,-291.63427,0.8039143582116614,1.325402737670706e-05,0.745091846036979,1.513888309616145e-05
24.0,182.51857,-291.63427,0.6882299386635958,1.325402737670706e-05,0.6627401913662302,1.513888309616145e-05
24.02,164.823755,-291.63427,0.641171653671463,1.325402737670706e-05,0.6039171705730068,1.513888309616145e-05
24.04,153.02704,-291.63427,0.5960737341307275,1.325402737670706e-05,0.5784265257135096,1.513888309616145e-05
24.06,146.145485,-291.63427,0.5725438137474804,1.325402737670706e-05,0.560778958271439,1.513888309616145e-05
24.08,133.36572999999999,-291.63427,0.5352887023555322,1.325402737670706e-05,0.5215632420781915,1.513888309616145e-05
24.1,120.91376,-291.63427,0.4980340397446496,1.325402737670706e-05,0.484308459792358,1.513888309616145e-05
24.12,113.04929999999999,-291.63427,0.47254369407252955,1.325402737670706e-05,0.4627398622601153,1.513888309616145e-05
24.14,96.665175,-291.63427,0.4392105701703603,1.325402737670706e-05,0.3980345184444531,1.513888309616145e-05
24.16,76.348815,-291.63427,0.3725444121222348,1.325402737670706e-05,0.3431327072538279,1.513888309616145e-05
24.18,64.5521,-291.63427,0.3294070973827986,1.325402737670706e-05,0.31568145759303157,1.513888309616145e-05
24.2,55.049319999999994,-291.63427,0.2980346680381416,1.325402737670706e-05,0.2901916504581905,1.513888309616145e-05
24.22,50.134119999999996,-291.63427,0.28627014166821496,1.325402737670706e-05,0.27254486090330055,1.513888309616145e-05
24.24,47.840360000000004,-291.63427,0.2705841065083128,1.325402737670706e-05,0.2745056152982883,1.513888309616145e-05
24.26,45.87428,-291.63427,0.2666625977183372,1.325402737670706e-05,0.2666625977183372,1.513888309616145e-05
24.28,45.5466,-291.63427,0.26862335211332505,1.325402737670706e-05,0.2627410889283617,1.513888309616145e-05
24.3,45.5466,-287.70211,0.2666625977183372,0.005895529003686356,0.26470184332334945,0.017661930549865014
24.32,42.59748,-276.88867,0.25685882574339836,0.04511069551241661,0.25685882574339836,0.04315174073519801
24.34,41.94212,-269.35203,0.2548980713484106,0.05883600379047217,0.2548980713484106,0.07452381480945372
24.36,44.23588,-271.31811,0.2627410889283617,0.06079676211590878,0.2607803345333739,0.06079853240196686
24.38,44.891239999999996,-270.33507,0.26862335211332505,0.05883600379047217,0.25881958013838613,0.06864155092053083
24.4,46.20196,-276.23331,0.25881958013838613,0.05883600379047217,0.2764663696932761,0.03334796758699295
24.42,53.738600000000005,-279.83779,0.28627014166821496,0.031385387234361045,0.29411315924816606,0.03923023147591602
24.44,55.377,-276.23330999999996,0.29411315924816606,0.04511069551241661,0.29607391364315383,0.04707324999447999
24.46,54.72164,-264.76451,0.29411315924816606,0.07648282871940096,0.2921524048531783,0.0843275879576586
24.48,58.653800000000004,-267.05827,0.303916931223105,0.07060055374309131,0.3058776856180927,0.0764845694390948
24.5,65.86276000000001,-271.97347,0.3196029663830071,0.06079676211590878,0.3333282471479216,0.05687702314268487
24.52,71.10564,-274.59491,0.33528900154290936,0.054914487139599136,0.3490142823078237,0.04707324999447999
24.54,77.98692,-274.59491,0.3568572998877748,0.04903221216328965,0.3686218262577015,0.05295551388340289
24.56,88.80036,-277.87171,0.39019012460256697,0.03922842053610713,0.3999938965775059,0.04315174073519801
24.58,106.1674,-291.63427,0.4254837037123469,1.325402737670706e-05,0.46862030040207797,1.513888309616145e-05
24.6,128.12196,-291.63427,0.4980316163268946,1.325402737670706e-05,0.5274429322517111,1.513888309616145e-05
24.62,147.1274,-291.63427,0.562736511361491,1.325402737670706e-05,0.5764617921264055,1.513888309616145e-05
24.64,149.74884,-291.63427,0.580383300916381,1.325402737670706e-05,0.5745010377314178,1.513888309616145e-05
24.66,153.68099999999998,-291.63427,0.5843048097063566,1.325402737670706e-05,0.5941085816812954,1.513888309616145e-05
24.68,159.90692,-291.63427,0.5921478272863077,1.325402737670706e-05,0.623519897606112,1.513888309616145e-05
24.7,172.68644,-291.63427,0.6392059327660143,1.325402737670706e-05,0.6529312135309286,1.513888309616145e-05
24.72,186.449,-291.63427,0.6784210206657697,1.325402737670706e-05,0.6960678102206597,1.513888309616145e-05
24.74,193.33028,-291.63427,0.7097930909855741,1.325402737670706e-05,0.7058715821955985,1.513888309616145e-05
24.76,195.29636,-291.63427,0.7137145997755496,1.325402737670706e-05,0.7137145997755496,1.513888309616145e-05
24.78,189.07044000000002,-291.63427,0.6980285646156476,1.325402737670706e-05,0.6921463014306841,1.513888309616145e-05
24.8,185.13828,-291.63427,0.6882247926407086,1.325402737670706e-05,0.6784210206657697,1.513888309616145e-05
24.82,173.01412,-291.63427,0.6666564942958432,1.325402737670706e-05,0.6274414063960876,1.513888309616145e-05
24.84,143.52292,-291.63427,0.5901870728913199,1.325402737670706e-05,0.5274429322517111,1.513888309616145e-05
24.86,120.25764,-291.63427,0.5058746339068456,1.325402737670706e-05,0.4725418091920534,1.513888309616145e-05
24.88,113.04868,-291.63427,0.47058105479706575,1.325402737670706e-05,0.4646987916121024,1.513888309616145e-05
24.9,110.42724,-291.63427,0.46273803721711465,1.325402737670706e-05,0.4568557740321513,1.513888309616145e-05
24.92,109.77188,-291.63427,0.45881652842713905,1.325402737670706e-05,0.4568557740321513,1.513888309616145e-05
24.94,113.37636,-291.63427,0.46273803721711465,1.325402737670706e-05,0.47450256358704124,1.513888309616145e-05
24.96,121.24068,-291.63427,0.48234558116699233,1.325402737670706e-05,0.5019531251168701,1.513888309616145e-05
24.98,136.96931999999998,-291.63427,0.5333251954366744,1.325402737670706e-05,0.5450897218066011,1.513888309616145e-05
25.0,144.17828,-291.63427,0.5588150025715155,1.325402737670706e-05,0.562736511361491,1.513888309616145e-05
25.02,145.489,-291.63427,0.5686187745464544,1.325402737670706e-05,0.5607757569665033,1.513888309616145e-05
25.04,139.91843999999998,-291.63427,0.5470504762015889,1.325402737670706e-05,0.5490112305965766,1.513888309616145e-05
25.06,127.13891999999998,-291.63427,0.5137176514867967,1.325402737670706e-05,0.5058746339068456,1.513888309616145e-05
25.08,112.39332,-291.63427,0.4862670899569679,1.325402737670706e-05,0.44509124766222463,1.513888309616145e-05
25.1,90.43876,-291.63427,0.4078369141574569,1.325402737670706e-05,0.39215087899755474,1.513888309616145e-05
25.12,82.24676,-291.63427,0.38430786141760365,1.325402737670706e-05,0.36666107186271374,1.513888309616145e-05
25.14,74.38245,-291.63427,0.3568572998877748,1.325402737670706e-05,0.34705358775031137,1.513888309616145e-05
25.16,74.38244,-291.63427,0.3490142823078237,1.325402737670706e-05,0.35489654549278704,1.513888309616145e-05
25.18,80.93603999999999,-291.63427,0.36077880867775036,1.325402737670706e-05,0.3823471070226159,1.513888309616145e-05
25.2,89.45572,-291.63427,0.3882293702075792,1.325402737670706e-05,0.4058761597624691,1.513888309616145e-05
25.22,93.71556000000001,-291.63427,0.40391540536748144,1.325402737670706e-05,0.415679931737408,1.513888309616145e-05
25.24,101.57988,-291.63427,0.4294052125023225,1.325402737670706e-05,0.4372482300822736,1.513888309616145e-05
25.26,103.87364,-291.63427,0.44313049326723686,1.325402737670706e-05,0.4372482300822736,1.513888309616145e-05
25.28,102.56291999999999,-291.63427,0.44509124766222463,1.325402737670706e-05,0.42744445810733467,1.513888309616145e-05
25.3,91.42179999999999,-291.63427,0.4117584229474325,1.325402737670706e-05,0.3941116333925425,1.513888309616145e-05
25.32,75.36547999999999,-291.63427,0.3686218262577015,1.325402737670706e-05,0.34117126472787257,1.513888309616145e-05
25.34,68.81188,-291.63427,0.3333282471479216,1.325402737670706e-05,0.33724975593789713,1.513888309616145e-05
25.36,76.34852000000001,-291.63427,0.34705352791283595,1.325402737670706e-05,0.3686218262577015,1.513888309616145e-05
25.38,99.94148,-291.63427,0.41371917734242025,1.325402737670706e-05,0.44313049326723686,1.513888309616145e-05
25.4,112.06564,-291.63427,0.4607772828221268,1.325402737670706e-05,0.46862030040207797,1.513888309616145e-05
25.42,126.48356,-291.63427,0.4960708619319068,1.325402737670706e-05,0.51959991467176,1.513888309616145e-05
25.44,143.19524,-291.63427,0.5431289674116134,1.325402737670706e-05,0.57254028333643,1.513888309616145e-05
25.46,152.0426,-291.63427,0.5784225465213932,1.325402737670706e-05,0.5901870728913199,1.513888309616145e-05
25.48,161.54659500000002,-291.63427,0.6058731080512222,1.325402737670706e-05,0.6196060180942543,1.513888309616145e-05
25.5,164.16676,-291.63427,0.6294021607910754,1.325402737670706e-05,0.6117553712361854,1.513888309616145e-05
25.52,164.82211999999998,-291.63427,0.6097946168411976,1.325402737670706e-05,0.6352844239760388,1.513888309616145e-05
25.54,172.68644,-291.63427,0.6470489503459653,1.325402737670706e-05,0.6450881959509775,1.513888309616145e-05
25.56,172.68644,-291.63427,0.633323669581051,1.325402737670706e-05,0.658813476715892,1.513888309616145e-05
25.58,177.27396,-291.63427,0.6627349855058675,1.325402737670706e-05,0.6568527223209042,1.513888309616145e-05
25.6,170.065,-291.63427,0.6372451783710266,1.325402737670706e-05,0.6392059327660143,1.513888309616145e-05
25.62,177.92932000000002,-291.63427,0.6607742311108797,1.325402737670706e-05,0.6627349855058675,1.513888309616145e-05
25.64,176.94628,-291.63427,0.6529312135309286,1.325402737670706e-05,0.6646957399008553,1.513888309616145e-05
25.66,183.17219999999998,-291.63427,0.6803817750607575,1.325402737670706e-05,0.6744995118757942,1.513888309616145e-05
25.68,175.30788,-291.63427,0.658813476715892,1.325402737670706e-05,0.6490097047409531,1.513888309616145e-05
25.7,189.07044,-291.63427,0.6784210206657697,1.325402737670706e-05,0.7117538453805619,1.513888309616145e-05
25.72,193.98564,-291.63427,0.7058715821955985,1.325402737670706e-05,0.7137145997755496,1.513888309616145e-05
25.74,196.93475999999998,-291.63427,0.7156753541705374,1.325402737670706e-05,0.7215576173555007,1.513888309616145e-05
25.76,189.7258,-291.63427,0.7117538453805619,1.325402737670706e-05,0.6823425294557453,1.513888309616145e-05
25.78,156.95780000000002,-291.63427,0.6352844239760388,1.325402737670706e-05,0.562736511361491,1.513888309616145e-05
25.8,130.08804,-291.63427,0.5254821778567234,1.325402737670706e-05,0.5117568970918089,1.513888309616145e-05
25.82,117.96387999999999,-291.63427,0.48822784435195565,1.325402737670706e-05,0.476463317982029,1.513888309616145e-05
25.84,121.56836,-291.63427,0.48038482677200456,1.325402737670706e-05,0.5058746339068456,1.513888309616145e-05
25.86,136.64164,-291.63427,0.5352859498316622,1.325402737670706e-05,0.5411682130166257,1.513888309616145e-05
25.88,139.91843999999998,-291.63427,0.5450897218066011,1.325402737670706e-05,0.5509719849915644,1.513888309616145e-05
25.9,147.12742500000002,-291.63427,0.5588150025715155,1.325402737670706e-05,0.5803834505100697,1.513888309616145e-05
25.92,157.94103,-291.63427,0.5999913235660622,1.325402737670706e-05,0.6039130118684641,1.513888309616145e-05
25.94,167.77148499999998,-291.63427,0.6254813700508051,1.325402737670706e-05,0.6372459263394694,1.513888309616145e-05
25.96,173.34206,-291.63427,0.6431282194431704,1.325402737670706e-05,0.6529319914181093,1.513888309616145e-05
25.98,176.618895,-291.63427,0.6548927757318348,1.325402737670706e-05,0.6607751885104867,1.513888309616145e-05
26.0,178.91271,-291.63427,0.6627360326616877,1.325402737670706e-05,0.6666575414516632,1.513888309616145e-05
26.02,178.58508,-291.63427,0.6666576312078762,1.325402737670706e-05,0.6607754876978639,1.513888309616145e-05
26.04,176.29139,-291.63427,0.6588148828965646,1.325402737670706e-05,0.6548933741065891,1.513888309616145e-05
26.06,178.91286000000002,-291.63427,0.6607756073728147,1.325402737670706e-05,0.6686188643026676,1.513888309616145e-05
26.08,172.686955,-291.63427,0.6588150324902532,1.325402737670706e-05,0.6333251954366744,1.513888309616145e-05
26.1,152.04313000000002,-291.63427,0.5960708918506445,1.325402737670706e-05,0.5725418989482667,1.513888309616145e-05
26.12,143.85117000000002,-291.63427,0.5627381868108032,1.325402737670706e-05,0.5568559834633153,1.513888309616145e-05
26.14,148.43876,-291.63427,0.566659875113205,1.325402737670706e-05,0.5803852755530703,1.513888309616145e-05
26.16,158.92453999999998,-291.63427,0.5901888680155829,1.325402737670706e-05,0.6196005429652521,1.513888309616145e-05
26.18,166.461265,-291.63427,0.6333259134863797,1.325402737670706e-05,0.6215613571977153,1.513888309616145e-05
26.2,161.218395,-291.63427,0.6156791239314897,1.325402737670706e-05,0.6078361362702763,1.513888309616145e-05
26.22,163.18451,-291.63427,0.6156792436064406,1.325402737670706e-05,0.6196007523964161,1.513888309616145e-05
26.24,157.61399,-291.63427,0.6117577647352027,1.325402737670706e-05,0.5901896459027635,1.513888309616145e-05
26.26,131.07197000000002,-291.63427,0.5490138634454957,1.325402737670706e-05,0.4941128002233135,1.513888309616145e-05
26.28,83.558455,-291.63427,0.41372207945997874,1.325402737670706e-05,0.34509570555414437,1.513888309616145e-05
26.3,53.739635,-291.63427,0.3039200128530897,1.325402737670706e-05,0.2764694812419986,1.513888309616145e-05
26.32,48.824465000000004,-291.63427,0.27843032539319956,1.325402737670706e-05,0.27254803228949853,1.513888309616145e-05
26.34,50.135265000000004,-291.63427,0.2784304450681504,1.325402737670706e-05,0.2803914088943022,1.513888309616145e-05
26.36,57.016635,-291.63427,0.29999907251913077,1.325402737670706e-05,0.29999916227534396,1.513888309616145e-05
26.38,53.41208,-291.63427,0.29215599510170426,1.325402737670706e-05,0.28627349256683926,1.513888309616145e-05
26.4,49.47986,-291.63427,0.27254809212697395,1.325402737670706e-05,0.28235198377686366,1.513888309616145e-05
26.42,52.429100000000005,-291.63427,0.28823448631172877,1.325402737670706e-05,0.28431309719670406,1.513888309616145e-05
26.44,48.49686,-291.63427,0.2764697804293758,1.325402737670706e-05,0.27254827163940026,1.513888309616145e-05
26.46,52.10144,-291.63427,0.2803914986505154,1.325402737670706e-05,0.2901954501378805,1.513888309616145e-05
26.48,54.72295,-291.63427,0.2921563242078191,1.325402737670706e-05,0.2941170786028069,1.513888309616145e-05
26.5,55.37836,-291.63427,0.2921563840452946,1.325402737670706e-05,0.29803882674268417,1.513888309616145e-05
26.52,56.68915,-291.63427,0.3019603654513975,1.325402737670706e-05,0.2960782817788604,1.513888309616145e-05
26.54,54.723079999999996,-291.63427,0.29019601859389715,1.325402737670706e-05,0.2960781621039096,1.513888309616145e-05
26.56,62.58753,-291.63427,0.30980374205620115,1.325402737670706e-05,0.32352932200849277,1.513888309616145e-05
26.58,72.09037000000001,-291.63427,0.34117623123833357,1.325402737670706e-05,0.349019428330711,1.513888309616145e-05
26.6,66.19207,-291.63427,0.3392155366808213,1.325402737670706e-05,0.31568618475359084,1.513888309616145e-05
26.62,58.65536,-291.63427,0.3078431970923774,1.325402737670706e-05,0.30196075439498776,1.513888309616145e-05
26.64,59.638345,-291.63427,0.3039213891150247,1.325402737670706e-05,0.3117644964511889,1.513888309616145e-05
26.66,66.19208,-291.63427,0.3294116450309315,1.325402737670706e-05,0.32549013624095596,1.513888309616145e-05
26.68,55.70622,-291.63427,0.30980386173115204,1.325402737670706e-05,0.2823531805263723,1.513888309616145e-05
26.7,43.58207,-291.63427,0.2666672351226833,1.325402737670706e-05,0.2529419543577689,1.513888309616145e-05
26.72,34.734655000000004,-291.63427,0.23529501520919033,1.325402737670706e-05,0.23137347650047704,1.513888309616145e-05
26.74,33.751705,-291.63427,0.2294129016179156,1.325402737670706e-05,0.2313738654440674,1.513888309616145e-05
26.76,30.80258,-291.63427,0.22353084786411628,1.325402737670706e-05,0.219609099724239,1.513888309616145e-05
26.78,33.096385,-291.63427,0.23137380560659193,1.325402737670706e-05,0.22549169201531724,1.513888309616145e-05
26.8,27.525785,-291.63427,0.21764852484167754,1.325402737670706e-05,0.20588390871553772,1.513888309616145e-05
26.82,20.644495,-291.63427,0.1941194421830865,1.325402737670706e-05,0.18823708924191004,1.513888309616145e-05
26.84,16.38459,-291.63427,0.1862762450907091,1.325402737670706e-05,0.17059009025585606,1.513888309616145e-05
26.86,11.469405,-291.63427,0.16666864130335596,1.325402737670706e-05,0.1607864678746058,1.513888309616145e-05
26.88,9.831,-291.63427,0.16078643795586808,1.325402737670706e-05,0.1568648693284171,1.513888309616145e-05
26.9,4.58812,-291.63427,0.14510028312101503,1.325402737670706e-05,0.14117895384346577,1.513888309616145e-05
26.92,2.622095,-291.63427,0.13725747497222793,1.325402737670706e-05,0.13725756472844108,1.513888309616145e-05
26.94,1.6390799999999999,-291.63427,0.13725759464717882,1.325402737670706e-05,0.13137533146221547,1.513888309616145e-05
26.96,-3.276135,-291.63427,0.12353231388226438,1.325402737670706e-05,0.11568920654610015,1.513888309616145e-05
26.98,-3.603865,-291.63427,0.115689116789887,1.325402737670706e-05,0.1215713500561126,1.513888309616145e-05
27.0,2.29446,-291.63427,0.1352968103334533,1.325402737670706e-05,0.13725774424086737,1.513888309616145e-05
27.02,5.89902,-291.63427,0.14117937270579378,1.325402737670706e-05,0.15294395891319587,1.513888309616145e-05
27.04,18.350875000000002,-291.63427,0.17843385580425009,1.325402737670706e-05,0.19019823258048815,1.513888309616145e-05
27.06,24.904435,-291.63427,0.19608049576545145,1.325402737670706e-05,0.2117664411691405,1.513888309616145e-05
27.08,39.649969999999996,-291.63427,0.23921688302401847,1.325402737670706e-05,0.256863612741433,1.513888309616145e-05
27.1,52.101775,-291.63427,0.27843188116756085,1.325402737670706e-05,0.2921570721762621,1.513888309616145e-05
27.12,70.12413,-291.63427,0.31568609499737765,1.325402737670706e-05,0.36274408080213333,1.513888309616145e-05
27.14,99.61522,-291.63427,0.4078412523744258,1.325402737670706e-05,0.44705616076175503,1.513888309616145e-05
27.16,121.241985,-291.63427,0.4803888059641208,1.325402737670706e-05,0.5039177091102855,1.513888309616145e-05
27.18,133.36604999999997,-291.63427,0.521564349071487,1.325402737670706e-05,0.5352895101614504,1.513888309616145e-05
27.2,143.196375,-291.63427,0.5509754256464018,1.325402737670706e-05,0.5647006166551031,1.513888309616145e-05
27.22,151.06065,-291.63427,0.5764650831875543,1.325402737670706e-05,0.5862687953250177,1.513888309616145e-05
27.24,158.92494,-291.63427,0.5980332917762067,1.325402737670706e-05,0.6117585127036457,1.513888309616145e-05
27.26,168.42764499999998,-291.63427,0.6254837934685601,1.325402737670706e-05,0.6411697987097246,1.513888309616145e-05
27.28,179.89643,-291.63427,0.6607773127408645,1.325402737670706e-05,0.674502593505779,1.513888309616145e-05
27.3,188.743785,-291.63427,0.6862671198757057,1.325402737670706e-05,0.7019531251168701,1.513888309616145e-05
27.32,199.229555,-291.63427,0.7176391602767723,1.325402737670706e-05,0.7333252851928876,1.513888309616145e-05
27.34,225.444295,-291.63427,0.7725409415486597,1.325402737670706e-05,0.8352858899941867,1.513888309616145e-05
27.36,238.87959,-291.63427,0.8666585586887454,1.325402737670706e-05,0.8215616863038302,1.513888309616145e-05
27.38,211.02810499999998,-291.63427,0.7686289768360157,1.325402737670706e-05,0.7529350132106186,1.513888309616145e-05
27.4,181.86289,-291.63427,0.6941118129049688,1.325402737670706e-05,0.6529348935356678,1.513888309616145e-05
27.42,148.439135,-291.63427,0.599993986333719,1.325402737670706e-05,0.5470534082378851,1.513888309616145e-05
27.44,124.84779,-291.63427,0.5176453833742173,1.325402737670706e-05,0.48823735851054945,1.513888309616145e-05
27.46,106.82711,-284.426675,0.4607880535677048,1.0381822798539648e-05,0.437263488638509,0.04314644511798837
27.48,97.32514,-259.196095,0.4254989622685823,0.07843763320409707,0.41569519029364344,0.1156927807214162
27.5,92.73722000000001,-239.86334,0.40981116190315486,0.1411804335969787,0.4039300356302248,0.16863243767193173
27.52,89.78770499999999,-224.462425,0.40000750960316683,0.19019915238251006,0.39608453479504313,0.2117690096052921
27.54,87.16587,-212.993585,0.39216386372972367,0.22745362040339928,0.38823978192830455,0.24314126319199575
27.56,85.52670499999999,-203.163095,0.3862783394023493,0.25882605279836046,0.38431695671386945,0.27059206735689995
27.58,85.198725,-197.59250500000002,0.38431653785154146,0.2764729974024798,0.38431620874542655,0.2862781642315104
27.6,85.19847,-193.66029,0.38431575996436085,0.2901984552745239,0.38431546077698364,0.2960821168921631
27.62,86.181345,-190.383465,0.38627597582206974,0.30000233665809956,0.38823652078589344,0.3058859498778507
27.64,86.50891,-188.74505,0.3882363711922049,0.3058846415532068,0.3882361916797786,0.3098075189746153
27.66,87.164165,-185.79591,0.39019679648107775,0.3117669763671117,0.3901966468873892,0.3215721065899438
27.68,86.50869,-179.897625,0.38823571297997506,0.32745316264579466,0.3882355334675488,0.34117980248006013
27.7,86.50857500000001,-173.671655,0.38823535395512254,0.3470608954941482,0.3882352043614339,0.3588267437405355
27.72,85.853095,-168.428725,0.38627424053528214,0.3666686283425018,0.3862740909415936,0.3705914211120879
27.74,85.85300000000001,-165.1519,0.38627394134790494,0.374511751400641,0.3862738216729541,0.38235600872741643
27.76,87.16364,-161.875055,0.388234456392991,0.38627642102845083,0.39215584550801563,0.39019917683968686
27.78,88.474295,-158.598225,0.39411651014679033,0.39411954408658995,0.39411642039057715,0.40196379437375673
27.8,88.80191500000001,-154.66604,0.39607708502935174,0.40784494212103867,0.3941162408781509,0.4117676273594442
27.82,88.80186,-153.027605,0.3941161511219377,0.413727336772539,0.39607684567945006,0.41568922637495015
27.84,89.78487,-152.044555,0.39803757015570007,0.4156881250167732,0.39803751031822465,0.41961076555297333
27.86,90.11252,-151.71687,0.398037480399487,0.41960967158644386,0.39999817495699935,0.4176500109233324
27.88,91.095535,-151.716855,0.40195889943324936,0.417648943179805,0.40195886951451165,0.41961082539045597
27.9,91.423205,-151.061485,0.4019588096770362,0.41960973142403923,0.40391965382823714,0.42157160993883824
27.92,91.750885,-151.38915500000002,0.4039196239094994,0.41960976134283695,0.4039195939907617,0.41961088522793855
27.94,92.07855,-151.38915500000002,0.4058803184670118,0.41960976134283695,0.403919564072024,0.41961088522793855
27.96,91.750845,-150.73378,0.40391950423454853,0.41960979126163467,0.4039194743158108,0.42353245432470316
27.98,92.07851,-150.078415,0.40588019879206083,0.42353133783130537,0.40391944439707306,0.42353245432470316
28.0,93.06153499999999,-149.42305,0.4078409232683109,0.4254921260755396,0.40784089334957324,0.42549320895434417
28.02,93.061515,-149.423045,0.40784086343083553,0.4235313677501031,0.4078408335120978,0.4274539935027264
28.04,94.044535,-149.423045,0.41176231238333566,0.4254921559943373,0.4098015280696101,0.42549320895434417
28.06,93.716845,-149.42305,0.4098015280696101,0.4235313677501031,0.4098014981508724,0.42745396358398513
28.08,93.71683,-149.09537,0.4098014682321347,0.4254921260755396,0.4098014682321347,0.42745396358398513
28.1,94.372175,-147.784645,0.41176219270838477,0.4274528844009761,0.411762162789647,0.4333362573916493
28.12,94.37216,-147.12929000000003,0.4117621328709093,0.4313744010518491,0.4117621328709093,0.43333622747290806
28.14,96.338265,-139.92028,0.41176210295217164,0.43529591770272213,0.42352683875326225,0.4725516192531408
28.16,103.219795,-114.03334000000001,0.43529187374173006,0.5176484555034027,0.4411744061953329,0.5451001688434245
28.18,103.21983,-105.51356000000001,0.4392136518003451,0.5529424943056299,0.43725283756788186,0.5607864153117416
28.2,102.564455,-102.8921,0.43725280764914415,0.5627463756892056,0.4352920831728941,0.5666687091194058
28.22,101.90909,-101.58137500000001,0.43529205325415643,0.5666678923400786,0.43333129885916866,0.570590248297429
28.24,101.25372,-100.92600999999999,0.43333126894043095,0.5686286506655152,0.4313705145454432,0.5725510328458113
28.26,100.27068,-99.287595,0.4294097601504554,0.5745109854794201,0.4294097601504554,0.5764725720238347
28.28,99.94299,-98.30454499999999,0.42940973023171763,0.5764717737236543,0.42744897583672986,0.5803941112018579
28.3,99.61531,-97.97686,0.42744897583672986,0.576471803642452,0.42744897583672986,0.5823548658314989
28.32,99.6153,-97.3215,0.42744894591799215,0.580393320293325,0.42744894591799215,0.5823548658314989
28.34,98.63226,-96.99382,0.4254881915230044,0.5823540786187615,0.4235274371280166,0.5823548658314989
28.36,98.632265,-97.32151,0.4254881915230044,0.5803932903745274,0.4235274670467543,0.5823548359127576
28.38,97.976915,-95.68309500000001,0.4235274670467543,0.5843148369441981,0.42156674257050425,0.5882371596391631
28.4,98.304595,-94.372365,0.4235274670467543,0.5901971418393054,0.423527496965492,0.5901979441875455
28.42,98.30459,-94.372365,0.4235274670467543,0.5882363835138688,0.4235274670467543,0.5921586988171865
28.44,102.56449,-87.49104,0.4235274670467543,0.5921579300835396,0.449017633206448,0.6294132761302955
28.46,136.97167,-42.92613,0.5039201325280406,0.7058829002791812,0.5745088465219617,0.7823537229355814
28.48,181.20931000000002,-2.293325,0.6568618475359077,0.843137568756015,0.6862740011853804,0.8882357893608117
28.5,182.84787,19.333840000000002,0.6803917978378925,0.9176473425241286,0.6725487802579414,0.9431376669592919
28.52,177.932715,33.096585,0.6647058524342035,0.9627454422227177,0.6588236790054534,0.9803924537035901
28.54,175.966655,39.97789,0.6568629246104656,0.9862746917219443,0.6549022001342155,0.9980392453703589
28.56,173.67292,42.59933,0.6509807511817154,1.0,0.6470592423917398,1.0
28.58,172.03455000000002,42.59933,0.6470593022292153,1.0,0.6411770988817274,1.0
28.6,170.39616,42.59933,0.6392163444867396,1.0,0.6392163444867396,1.0
28.62,169.41313000000002,42.59933,0.6372556200104895,1.0,0.6352948656155017,1.0
28.64,168.43009,42.59933,0.6352948656155017,1.0,0.6313733568255262,1.0
28.66,167.77473,42.59933,0.633334111220514,1.0,0.6294126024305384,1.0
28.68,165.80866,42.59933,0.6274518779542884,1.0,0.6235303691643128,1.0
28.7,164.825615,42.59933,0.6235303392455751,1.0,0.621569614769325,1.0
28.72,163.84258,42.59933,0.6196088603743373,1.0,0.6196088603743373,1.0
28.74,162.859535,42.59933,0.6176480760606118,1.0,0.6156873515843617,1.0
28.76,162.53186,42.59933,0.6156873515843617,1.0,0.6156873515843617,1.0
28.78,161.876505,42.59933,0.6156873815030994,1.0,0.6117658427943862,1.0
28.8,126.814265,42.59933,0.5588247560800111,1.0,0.458824875754962,1.0
28.82,50.136255,42.59933,0.33921742156129736,1.0,0.2196103563112231,1.0
28.84,10.81439,42.59933,0.16274811983172505,1.0,0.16078754494916359,1.0
28.86,11.14214,42.59933,0.16274841901910223,1.0,0.16274841901910223,1.0
28.88,11.14216,42.59933,0.16274844893783993,1.0,0.16274850877531538,1.0
28.9,11.797545,42.59933,0.16470929308904086,1.0,0.16470932300777857,1.0
28.92,12.125245,42.59933,0.16470935292651628,1.0,0.1666701372402418,1.0
28.94,12.45293,42.59933,0.1666701372402418,1.0,0.1666701372402418,1.0
28.96,13.108305,42.59933,0.16863092155396728,1.0,0.168630951472705,1.0
28.98,14.091345,42.59933,0.17059167594895505,1.0,0.17255246026268053,1.0
29.0,15.402080000000002,42.59933,0.17451324457640605,1.0,0.1764739989713938,1.0
29.02,16.712805,42.59933,0.17843475336638157,1.0,0.18039553768010705,1.0
29.04,18.02354,42.59933,0.18235632199383256,1.0,0.18431707638882033,1.0
29.06,19.006585,42.59933,0.1862778307838081,1.0,0.18627786070254582,1.0
29.08,19.66196,42.59933,0.1882386450162713,1.0,0.1882386450162713,1.0
29.1,20.645004999999998,42.59933,0.1901993994112591,1.0,0.19216018372498458,1.0
29.12,22.93878,42.59933,0.19608172243369784,1.0,0.2000032312236734,1.0
29.14,25.56023,42.599325,0.20588552432737442,1.0,0.20588552432737442,0.9999999700812586
29.16,27.526315,42.5993,0.20980703311734997,0.9999999401624046,0.21372857182606325,0.9999998803250347
29.18,34.735285000000005,37.02864,0.2254930981959899,0.9901959690224359,0.2411791632746298,0.9764704059069648
29.2,47.514845,31.457845,0.2627475214569707,0.9686269393102872,0.2803944007680738,0.9647051600793277
29.22,62.915875,26.5424,0.303923573182878,0.956861641387726,0.33137422446892,0.9470576503627677
29.24,78.31688,15.401029999999999,0.3490210439425476,0.9294103366992679,0.3784324795423152,0.9078417499639329
29.26,105.51433,-5.898454999999998,0.4254905850220217,0.872547567372869,0.4647056130843017,0.8372536558158772
29.28,123.86436,-38.994524999999996,0.4843131271154418,0.7882338523835842,0.5156850179228198,0.7235286606283067
29.3,136.31614,-79.62725499999999,0.5274495442927465,0.6686263379424537,0.5470569087301979,0.5999999222112726
29.32,149.750965,-120.259965,0.5705858118763626,0.5313719686535969,0.5843112422349657,0.4941181250547138
29.34,167.445735,-166.135515,0.6156834023109832,0.4215685749464236,0.6450946883170621,0.3294135693339603
29.36,177.93147,-208.73421000000002,0.656859184768251,0.2686284083232539,0.6666628969057145,0.22745358062409646
29.38,181.535915,-227.73978499999998,0.6745058546481901,0.19411905341830782,0.6705843159394769,0.1882382187626051
29.4,183.829625,-240.51941499999998,0.6745057648919769,0.16666819751181508,0.6843093872732272,0.13921893415920222
29.42,191.693875,-255.592835,0.6941130395732152,0.12157027732601215,0.7117597992093675,0.0941212186525639
29.44,203.490255,-278.85824,0.7254849303805933,0.06078647004950326,0.7509744682467949,0.015690584685805004
29.46,209.71607,-291.31016,0.7588173661517952,2.543097803553841e-06,0.7548957376868687,0.0019652424408355238
29.48,208.077595,-291.637855,0.7509740793032046,2.543097803553841e-06,0.7529348037794547,4.3980549706112065e-06
29.5,212.99274,-291.637855,0.7646992403931682,2.543097803553841e-06,0.7686206295081928,4.3980549706112065e-06
29.52,217.25254,-291.637855,0.7725421382981684,2.5131790059390024e-06,0.7862672993881318,4.4279737118326815e-06
29.54,222.167675,-291.63787,0.7960709516881199,2.483260208154095e-06,0.7921494129794067,4.368136229219663e-06
29.56,224.46148,-291.637885,0.7901888380968451,2.453341410539256e-06,0.8117570766042352,4.308298746606646e-06
29.58,230.359715,-291.63794,0.8196000642654485,2.333666219739763e-06,0.817639399626674,4.098867557546119e-06
29.6,228.393655,-291.63793,0.8137179207554361,2.243909826725178e-06,0.8117571364417107,4.248461264163697e-06
29.62,226.42756,-291.63786000000005,0.805874813419272,2.483260208154095e-06,0.8078356276517351,4.4279737118326815e-06
29.64,225.444565,-285.41186,0.8078356874892105,0.007845696074740439,0.7999927596654726,0.029416046605739706
29.66,227.08301999999998,-275.58133499999997,0.8078358670016368,0.03725745990065819,0.8097966812341001,0.058827725075250026
29.68,224.78929499999998,-263.457105,0.8039144479678745,0.07843362408520647,0.7999930289341121,0.09019997866195358
29.7,222.82325,-254.28203,0.798032304457862,0.10392357207227436,0.7941108555053619,0.11961141778153361
29.72,220.52955,-246.09001,0.7901894663903372,0.12941352005934206,0.7882287718328248,0.14314050325596675
29.74,217.908125,-236.91493,0.7823465086478615,0.15882504453487828,0.7803857841716115,0.16863040319752348
29.76,218.23585,-230.68898000000002,0.7843073827178001,0.1764719293014023,0.7803859337653,0.18823806916889857
29.78,212.009965,-219.547815,0.7686214672328489,0.20588339393934313,0.7588177251766477,0.2254925866445251
29.8,206.43941,-208.40663,0.7509747075966967,0.24117728314758194,0.7431316900167456,0.2568648103124874
29.82,204.473345,-201.85298,0.7411709655404956,0.26470653264680855,0.7411709954592333,0.2725509969433218
29.84,204.47336,-197.920795,0.741171025377971,0.2784319606000549,0.741171025377971,0.282354800010268
29.86,205.12872,-196.61007,0.7450925341679464,0.28235344733213025,0.741171025377971,0.2862763691070326
29.88,205.12872,-196.93775,0.7431317797729586,0.2823534772509279,0.7431317797729586,0.2843155845586503
29.9,193.004475,-190.71177999999998,0.7196025774394168,0.2980396336108132,0.6941125608734118,0.3058840949158903
29.92,187.761585,-187.10726,0.6941126207108872,0.3078435748319842,0.6882303874446616,0.31764871244996007
29.94,186.12319,-185.468835,0.6862696330496738,0.31764745621555984,0.6862696330496738,0.3176487722874427
29.96,190.05535500000002,-186.45186999999999,0.6901911717583871,0.31568672780892104,0.7058771769995515,0.31372726302816073
